"Date","Open","High","Low","Close","Volume"
"01-Jan-2019","137.20","138.00","136.30","137.70","4,059,229"
"02-Jan-2019","137.30","138.20","134.10","137.25","11,509,773"
"03-Jan-2019","137.20","137.20","132.15","132.65","13,059,163"
"04-Jan-2019","132.65","134.95","132.50","133.95","7,277,203"
"07-Jan-2019","134.50","134.75","132.50","133.45","10,623,470"
"08-Jan-2019","133.60","134.20","132.70","134.00","6,870,682"
"09-Jan-2019","133.75","134.30","131.60","132.00","8,349,450"
"10-Jan-2019","131.10","131.80","129.45","129.90","10,687,270"
"11-Jan-2019","130.50","131.55","130.35","131.20","7,589,370"
"14-Jan-2019","133.00","133.15","131.00","132.30","8,986,002"
"15-Jan-2019","132.60","134.75","132.55","134.55","6,386,411"
"16-Jan-2019","135.00","136.00","134.15","135.80","6,605,251"
"17-Jan-2019","136.00","138.30","135.30","137.65","11,644,105"
"18-Jan-2019","137.50","138.70","137.15","137.85","7,023,754"
"21-Jan-2019","137.00","137.80","135.45","135.65","5,191,531"
"22-Jan-2019","135.95","137.30","135.35","135.95","7,120,979"
"23-Jan-2019","136.50","136.80","135.10","136.10","5,367,900"
"24-Jan-2019","136.25","138.20","136.10","136.80","6,161,313"
"25-Jan-2019","136.80","138.80","136.80","137.75","6,255,229"
"28-Jan-2019","137.20","138.35","136.40","138.05","5,570,306"
"29-Jan-2019","138.00","139.55","136.50","137.35","8,366,609"
"30-Jan-2019","137.15","138.00","132.65","134.55","16,613,250"
"31-Jan-2019","133.00","138.30","132.25","136.85","32,332,758"
"01-Feb-2019","137.35","138.50","136.15","137.20","5,092,724"
"04-Feb-2019","136.50","138.25","135.10","135.90","4,992,704"
"05-Feb-2019","135.95","136.20","133.30","133.75","3,435,563"
"06-Feb-2019","133.50","138.25","133.50","137.85","4,483,438"
"07-Feb-2019","137.85","138.55","136.65","138.05","3,429,101"
"08-Feb-2019","138.15","138.20","133.10","133.80","3,582,567"
"11-Feb-2019","133.90","137.55","130.60","135.85","11,300,239"
"12-Feb-2019","137.00","137.90","133.90","134.75","9,587,846"
"13-Feb-2019","135.00","135.50","129.35","129.90","9,757,587"
"14-Feb-2019","129.50","129.65","123.55","124.65","24,830,679"
"15-Feb-2019","126.95","127.00","120.95","125.45","16,601,313"
"18-Feb-2019","125.85","126.75","124.20","124.95","5,920,366"
"19-Feb-2019","125.00","128.15","125.00","125.60","6,131,943"
"20-Feb-2019","126.50","130.70","125.90","129.30","7,962,818"
"21-Feb-2019","129.00","131.45","128.30","131.10","5,912,967"
"22-Feb-2019","131.75","138.00","131.70","137.20","24,995,422"
"25-Feb-2019","137.90","139.50","134.55","138.60","17,046,470"
"26-Feb-2019","137.00","143.25","136.65","142.25","18,210,608"
"27-Feb-2019","143.00","144.25","139.05","140.90","11,495,038"
"28-Feb-2019","142.50","146.80","141.55","144.60","66,681,103"
"01-Mar-2019","144.90","148.95","143.25","148.05","8,671,002"
"05-Mar-2019","146.80","154.25","146.70","153.65","13,842,965"
"06-Mar-2019","155.00","157.25","153.50","154.90","11,217,264"
"07-Mar-2019","155.45","157.20","149.15","150.20","11,340,915"
"08-Mar-2019","150.00","150.90","144.70","148.70","16,049,350"
"11-Mar-2019","150.00","155.35","149.35","153.70","12,346,239"
"12-Mar-2019","155.00","156.45","153.00","154.10","11,740,554"
"13-Mar-2019","152.00","152.70","146.85","148.75","20,116,619"
"14-Mar-2019","149.50","152.15","149.15","151.10","11,582,969"
"15-Mar-2019","152.70","159.20","150.70","157.35","29,634,224"
"18-Mar-2019","159.95","166.20","157.85","162.80","41,482,126"
"19-Mar-2019","166.00","166.00","161.75","162.70","30,403,832"
"20-Mar-2019","162.75","162.75","155.70","159.00","36,067,181"
"22-Mar-2019","158.80","161.25","155.10","157.05","31,011,781"
"25-Mar-2019","157.00","165.90","155.00","164.35","23,685,632"
"26-Mar-2019","165.10","169.75","160.50","161.80","26,397,138"
"27-Mar-2019","162.00","163.70","160.40","161.45","10,666,251"
"28-Mar-2019","162.00","164.10","160.35","161.30","29,432,533"
"29-Mar-2019","163.00","165.10","162.20","162.85","24,363,007"
"01-Apr-2019","163.10","163.80","156.80","158.70","20,174,629"
"02-Apr-2019","158.00","159.90","157.05","158.15","10,903,166"
"03-Apr-2019","158.00","159.65","153.00","153.45","10,570,399"
"04-Apr-2019","154.50","156.10","153.35","155.20","9,365,107"
"05-Apr-2019","155.75","159.00","155.40","158.45","8,951,614"
"08-Apr-2019","157.40","157.40","151.70","152.05","12,708,062"
"09-Apr-2019","149.00","156.00","148.80","155.40","15,095,801"
"10-Apr-2019","154.75","158.35","153.45","156.60","8,883,968"
"11-Apr-2019","156.60","161.80","156.15","157.95","15,119,968"
"12-Apr-2019","158.85","159.70","155.05","155.35","14,343,500"
"15-Apr-2019","156.80","158.00","153.30","154.00","9,738,383"
"16-Apr-2019","155.60","158.50","153.75","155.70","11,692,744"
"18-Apr-2019","157.45","157.45","154.15","156.10","9,175,855"
"22-Apr-2019","152.50","152.75","148.85","149.75","12,552,321"
"23-Apr-2019","149.40","150.90","146.85","149.40","8,417,128"
"24-Apr-2019","151.00","154.15","150.45","153.80","11,867,517"
"25-Apr-2019","153.60","155.45","151.85","152.70","28,773,110"
"26-Apr-2019","153.90","157.10","151.50","152.85","11,983,996"
"30-Apr-2019","155.00","159.00","153.65","158.05","14,156,261"
"02-May-2019","159.00","160.30","156.20","158.10","11,858,590"
"03-May-2019","159.95","160.00","155.70","156.15","6,920,322"
"06-May-2019","157.50","158.40","155.15","156.70","7,947,973"
"07-May-2019","156.70","156.70","152.20","153.45","8,413,961"
"08-May-2019","154.00","155.20","151.70","152.20","5,788,594"
"09-May-2019","152.20","152.95","150.00","150.60","4,834,865"
"10-May-2019","149.90","150.25","147.05","147.60","7,220,841"
"13-May-2019","146.20","147.85","142.00","142.60","9,712,869"
"14-May-2019","142.60","144.85","141.50","143.60","9,252,786"
"15-May-2019","145.00","147.15","143.80","145.75","12,492,965"
"16-May-2019","144.30","152.30","143.00","151.15","11,507,435"
"17-May-2019","150.00","152.65","146.85","149.60","22,762,517"
"20-May-2019","155.00","158.85","151.10","157.65","12,544,327"
"21-May-2019","158.00","159.25","152.40","153.50","8,646,559"
"22-May-2019","155.00","156.75","152.25","155.45","8,699,597"
"23-May-2019","158.50","160.20","153.40","154.20","14,440,150"
"24-May-2019","159.00","159.85","154.30","156.80","16,976,732"
"27-May-2019","156.00","162.85","155.40","162.20","12,472,892"
"28-May-2019","162.00","164.00","160.10","163.45","16,148,042"
"29-May-2019","164.60","164.90","159.40","160.35","8,732,638"
"30-May-2019","160.50","163.40","159.40","161.95","21,433,409"
"31-May-2019","164.00","168.80","162.95","165.55","21,171,057"
"03-Jun-2019","167.80","170.75","167.05","169.70","18,448,513"
"04-Jun-2019","170.00","170.00","164.70","165.35","9,515,155"
"06-Jun-2019","167.30","168.75","161.75","163.55","10,111,320"
"07-Jun-2019","163.00","164.75","161.65","163.80","6,316,945"
"10-Jun-2019","163.40","163.50","159.15","160.65","6,905,925"
"11-Jun-2019","161.10","162.95","159.30","162.50","5,443,668"
"12-Jun-2019","163.00","163.40","161.10","162.55","4,710,283"
"13-Jun-2019","163.20","163.50","158.05","160.70","7,870,399"
"14-Jun-2019","160.10","161.55","158.70","159.80","4,456,656"
"17-Jun-2019","159.65","159.70","154.55","155.30","4,676,014"
"18-Jun-2019","154.80","158.00","153.90","157.65","4,915,688"
"19-Jun-2019","155.95","157.55","152.80","154.40","4,788,995"
"20-Jun-2019","154.40","157.25","154.40","156.75","4,719,691"
"21-Jun-2019","153.95","156.35","153.30","153.85","12,256,650"
"24-Jun-2019","153.10","154.00","150.80","152.05","5,588,771"
"25-Jun-2019","152.05","155.00","151.75","154.60","5,768,459"
"26-Jun-2019","153.10","155.65","152.55","154.95","6,276,777"
"27-Jun-2019","154.75","157.35","154.50","156.60","17,955,015"
"28-Jun-2019","157.30","158.00","155.55","155.90","6,998,831"
"01-Jul-2019","155.90","156.20","149.30","151.65","12,534,939"
"02-Jul-2019","152.55","154.95","151.50","154.70","7,110,384"
"03-Jul-2019","155.95","157.20","155.20","156.15","7,300,662"
"04-Jul-2019","155.50","157.10","155.30","156.55","3,433,538"
"05-Jul-2019","157.50","157.50","148.95","152.20","13,934,319"
"08-Jul-2019","150.90","151.35","143.45","144.05","11,965,521"
"09-Jul-2019","144.00","152.70","143.80","151.40","32,532,552"
"10-Jul-2019","150.50","151.85","144.60","148.15","12,575,054"
"11-Jul-2019","147.50","148.80","145.75","147.90","11,238,050"
"12-Jul-2019","147.00","147.90","144.20","146.85","33,350,342"
"15-Jul-2019","145.85","147.35","144.50","145.40","8,158,174"
"16-Jul-2019","146.00","148.00","145.45","147.05","7,987,718"
"17-Jul-2019","149.25","149.25","145.70","146.85","7,908,922"
"18-Jul-2019","146.85","148.85","145.20","147.60","8,934,708"
"19-Jul-2019","148.60","149.95","144.60","146.50","14,030,710"
"22-Jul-2019","145.00","151.30","144.95","147.95","39,717,229"
"23-Jul-2019","147.65","148.70","145.10","147.35","46,671,319"
"24-Jul-2019","146.80","148.75","145.00","147.95","41,373,022"
"25-Jul-2019","148.00","148.00","145.35","146.65","49,924,633"
"26-Jul-2019","146.25","146.35","141.10","141.80","13,556,114"
"29-Jul-2019","143.00","143.00","136.45","138.25","21,413,290"
"30-Jul-2019","139.00","139.00","133.05","133.50","16,988,505"
"31-Jul-2019","132.00","140.40","132.00","139.30","20,572,104"
"01-Aug-2019","137.95","141.90","135.10","136.95","10,582,005"
"02-Aug-2019","137.80","139.00","133.35","135.25","12,930,441"
"05-Aug-2019","134.00","134.70","131.25","132.25","10,240,058"
"06-Aug-2019","131.85","133.85","130.45","132.40","12,555,118"
"07-Aug-2019","133.50","133.50","128.50","129.00","15,967,560"
"08-Aug-2019","130.40","131.20","127.65","130.85","10,341,685"
"09-Aug-2019","130.60","131.30","129.05","130.50","11,774,730"
"13-Aug-2019","130.30","131.85","125.05","125.90","12,546,335"
"14-Aug-2019","125.90","128.40","124.20","126.45","8,302,056"
"16-Aug-2019","127.00","127.40","125.25","126.25","8,055,593"
"19-Aug-2019","126.35","127.40","125.30","125.80","4,774,896"
"20-Aug-2019","126.00","126.10","123.40","124.20","6,521,249"
"21-Aug-2019","123.90","124.20","120.40","121.05","11,145,804"
"22-Aug-2019","121.05","121.50","116.40","117.80","9,252,625"
"23-Aug-2019","117.00","124.15","116.25","122.80","8,058,075"
"26-Aug-2019","124.10","126.20","119.65","125.50","12,876,902"
"27-Aug-2019","126.45","128.00","125.00","125.75","16,833,528"
"28-Aug-2019","125.90","126.90","121.70","122.90","12,405,115"
"29-Aug-2019","123.20","128.20","121.55","123.65","38,895,602"
"30-Aug-2019","124.20","124.45","120.00","122.45","10,241,556"
"03-Sep-2019","117.75","119.35","116.25","117.25","13,533,847"
"04-Sep-2019","118.40","120.95","116.80","120.35","9,544,996"
"05-Sep-2019","120.60","129.20","120.60","124.70","25,213,247"
"06-Sep-2019","125.15","127.75","123.50","126.95","12,641,145"
"09-Sep-2019","127.05","127.75","125.55","126.65","5,791,185"
"11-Sep-2019","126.00","128.40","125.30","126.05","7,651,186"
"12-Sep-2019","126.70","129.00","124.00","124.40","11,296,341"
"13-Sep-2019","125.30","131.00","123.75","130.10","25,526,748"
"16-Sep-2019","126.00","129.55","124.65","128.55","22,675,512"
"17-Sep-2019","127.75","128.30","124.75","125.20","11,912,112"
"18-Sep-2019","127.60","128.60","125.30","128.15","12,151,518"
"19-Sep-2019","128.30","128.75","125.40","126.20","7,291,236"
"20-Sep-2019","125.95","136.55","123.50","132.55","28,147,135"
"23-Sep-2019","134.50","144.55","134.50","142.65","22,725,150"
"24-Sep-2019","142.50","142.50","136.85","138.70","16,785,533"
"25-Sep-2019","138.25","142.80","137.00","140.70","15,364,520"
"26-Sep-2019","141.95","149.45","141.40","144.55","37,604,518"
"27-Sep-2019","146.60","147.80","144.15","145.55","13,782,651"
"30-Sep-2019","146.45","148.00","143.00","147.40","16,069,288"
"01-Oct-2019","149.80","156.00","145.15","148.55","27,392,972"
"03-Oct-2019","150.90","153.95","149.55","151.75","25,503,112"
"04-Oct-2019","153.25","153.80","147.30","151.05","18,259,486"
"07-Oct-2019","149.90","150.95","146.80","148.70","14,942,849"
"09-Oct-2019","147.55","150.00","147.00","148.20","16,990,515"
"10-Oct-2019","148.20","149.65","146.60","148.20","14,129,514"
"11-Oct-2019","147.20","147.85","140.65","143.40","11,999,248"
"14-Oct-2019","144.00","147.40","144.00","144.75","11,156,890"
"15-Oct-2019","145.00","148.35","145.00","146.45","9,841,005"
"16-Oct-2019","147.25","149.00","145.00","145.55","13,185,854"
"17-Oct-2019","145.90","147.00","143.75","146.40","9,554,558"
"18-Oct-2019","146.10","148.20","144.75","145.60","13,907,954"
"22-Oct-2019","147.10","148.10","145.55","146.45","11,908,068"
"23-Oct-2019","145.45","147.55","144.10","144.50","7,145,255"
"24-Oct-2019","144.65","144.95","141.00","141.30","7,913,928"
"25-Oct-2019","142.50","144.40","140.05","142.10","9,777,982"
"27-Oct-2019","143.40","143.45","142.15","142.70","628,497"
"29-Oct-2019","143.25","146.25","143.20","144.35","9,527,101"
"30-Oct-2019","146.50","148.95","145.55","147.15","11,020,054"
"31-Oct-2019","148.00","148.75","143.65","146.80","14,450,893"
"01-Nov-2019","141.00","144.00","140.25","142.65","18,291,841"
"04-Nov-2019","142.65","142.70","138.10","138.70","11,549,826"
"05-Nov-2019","138.00","139.50","136.20","137.00","8,989,792"
"06-Nov-2019","137.35","138.15","135.30","135.60","10,621,064"
"07-Nov-2019","136.70","136.80","135.10","135.85","6,545,946"
"08-Nov-2019","135.95","135.95","133.70","134.05","6,571,737"
"11-Nov-2019","134.30","135.95","133.70","135.60","6,224,647"
"13-Nov-2019","135.60","135.60","133.15","133.85","5,808,305"
"14-Nov-2019","133.20","140.00","131.40","136.85","15,719,623"
"15-Nov-2019","136.85","136.90","131.20","131.70","11,256,676"
"18-Nov-2019","132.00","133.20","131.20","132.55","7,987,701"
"19-Nov-2019","132.40","133.60","131.75","133.00","5,956,180"
"20-Nov-2019","133.70","134.25","129.80","130.90","18,009,295"
"21-Nov-2019","131.40","131.80","128.40","128.90","9,151,096"
"22-Nov-2019","128.65","130.40","128.35","129.80","6,729,096"
"25-Nov-2019","129.80","131.70","129.15","130.85","5,433,980"
"26-Nov-2019","130.70","132.70","128.75","129.30","13,821,749"
"27-Nov-2019","129.35","131.65","129.05","131.10","6,228,951"
"28-Nov-2019","130.95","132.90","130.10","132.55","9,785,746"
"29-Nov-2019","133.00","133.70","130.70","131.40","6,325,190"
"02-Dec-2019","131.50","131.60","128.00","128.65","6,852,070"
"03-Dec-2019","128.95","129.50","127.65","128.50","5,156,477"
"04-Dec-2019","127.95","129.40","126.50","126.85","5,662,088"
"05-Dec-2019","126.45","128.95","125.80","125.95","8,707,119"
"06-Dec-2019","125.90","126.90","123.85","124.40","6,177,505"
"09-Dec-2019","124.40","126.35","124.40","125.50","4,614,040"
"10-Dec-2019","125.50","126.50","121.85","122.55","5,361,196"
"11-Dec-2019","123.05","126.10","122.65","125.55","8,295,789"
"12-Dec-2019","126.50","128.40","125.30","128.10","5,822,460"
"13-Dec-2019","128.65","129.70","127.60","128.25","5,428,475"
"16-Dec-2019","128.45","128.45","125.80","126.15","3,777,025"
"17-Dec-2019","125.60","126.75","124.85","125.65","5,134,197"
"18-Dec-2019","125.00","126.35","124.55","126.05","4,645,660"
"19-Dec-2019","126.40","127.70","125.30","127.40","4,293,765"
"20-Dec-2019","127.05","129.10","127.00","127.40","6,729,124"
"23-Dec-2019","127.45","129.00","126.05","126.45","8,134,964"
"24-Dec-2019","127.00","128.60","126.20","127.40","6,255,705"
"26-Dec-2019","127.00","127.50","124.60","125.10","11,883,534"
"27-Dec-2019","125.90","127.60","125.05","127.30","5,251,041"
"30-Dec-2019","127.30","127.60","126.15","126.60","3,646,497"
"31-Dec-2019","126.55","127.50","125.00","125.55","5,049,594"
"01-Jan-2020","125.95","126.75","125.75","125.95","2,127,492"
"02-Jan-2020","126.20","127.20","126.00","127.00","2,559,180"
"03-Jan-2020","126.50","127.50","126.15","126.85","8,852,105"
"06-Jan-2020","126.50","126.50","124.50","124.90","12,631,499"
"07-Jan-2020","125.30","127.45","124.10","124.55","8,451,693"
"08-Jan-2020","123.05","123.90","121.50","121.85","8,885,759"
"09-Jan-2020","124.90","125.50","122.85","124.50","9,218,835"
"10-Jan-2020","125.00","125.75","124.05","125.45","8,377,343"
"13-Jan-2020","125.90","127.60","125.30","126.95","5,747,384"
"14-Jan-2020","127.60","128.20","126.65","126.90","4,488,135"
"15-Jan-2020","126.95","127.00","125.00","125.70","4,768,492"
"16-Jan-2020","126.05","126.50","124.00","124.15","7,051,795"
"17-Jan-2020","124.15","124.25","122.30","122.65","7,715,842"
"20-Jan-2020","117.95","119.70","113.70","117.50","45,262,474"
"21-Jan-2020","118.00","118.45","114.25","114.80","46,511,802"
"22-Jan-2020","116.65","116.90","111.95","113.65","71,728,557"
"23-Jan-2020","115.10","120.90","115.05","118.35","209,929,135"
"24-Jan-2020","121.50","121.65","119.10","119.65","26,158,995"
"27-Jan-2020","119.25","120.20","117.00","117.45","13,598,855"
"28-Jan-2020","118.15","119.60","116.35","117.90","21,276,548"
"29-Jan-2020","118.80","119.95","117.80","118.30","21,334,647"
"30-Jan-2020","119.90","119.95","116.20","117.15","28,004,675"
"31-Jan-2020","118.55","118.55","112.60","113.45","36,742,641"
"01-Feb-2020","113.35","114.70","108.15","108.90","19,289,087"
"03-Feb-2020","110.05","112.40","107.55","108.05","25,072,213"
"04-Feb-2020","110.00","114.20","109.50","113.80","21,018,948"
"05-Feb-2020","114.85","115.85","113.90","114.70","15,743,983"
"06-Feb-2020","115.50","117.50","115.40","117.05","13,080,297"
"07-Feb-2020","116.70","117.75","115.00","117.50","10,836,941"
"10-Feb-2020","117.40","118.35","115.25","115.80","13,771,283"
"11-Feb-2020","116.00","117.40","115.70","116.05","10,333,935"
"12-Feb-2020","116.05","116.95","114.65","115.10","11,943,767"
"13-Feb-2020","114.95","115.75","114.25","114.75","9,028,140"
"14-Feb-2020","114.70","115.70","113.70","115.10","11,808,749"
"17-Feb-2020","115.00","115.30","111.25","111.80","9,671,741"
"18-Feb-2020","111.90","115.10","110.45","112.65","14,517,328"
"19-Feb-2020","113.80","114.50","112.65","114.20","8,021,126"
"20-Feb-2020","113.55","114.45","112.00","112.30","10,958,877"
"24-Feb-2020","112.80","113.10","110.15","110.55","7,926,996"
"25-Feb-2020","111.90","112.95","110.10","110.45","11,212,323"
"26-Feb-2020","110.20","111.30","108.00","108.35","11,476,899"
"27-Feb-2020","108.35","108.35","105.00","105.65","17,657,965"
"28-Feb-2020","103.80","107.40","100.90","105.75","24,217,885"
"02-Mar-2020","108.45","112.90","103.10","103.95","14,580,876"
"03-Mar-2020","105.50","107.80","104.30","106.65","13,272,595"
"04-Mar-2020","106.80","108.75","105.75","106.60","13,611,167"
"05-Mar-2020","107.55","108.40","104.45","104.80","10,165,175"
"06-Mar-2020","101.80","101.80","99.30","100.80","24,683,806"
"09-Mar-2020","102.30","105.25","98.00","99.40","33,011,189"
"11-Mar-2020","100.05","100.10","95.05","96.90","20,255,316"
"12-Mar-2020","93.00","93.65","87.25","87.90","28,174,778"
"13-Mar-2020","80.30","93.25","76.00","92.25","41,589,406"
"16-Mar-2020","90.40","92.60","87.65","89.70","29,823,600"
"17-Mar-2020","90.00","93.50","88.95","89.40","17,242,692"
"18-Mar-2020","90.25","91.35","86.45","87.60","18,144,753"
"19-Mar-2020","84.45","90.80","82.40","87.95","21,202,946"
"20-Mar-2020","89.00","92.95","88.10","90.60","20,032,128"
"23-Mar-2020","82.00","87.25","80.00","80.75","14,024,553"
"24-Mar-2020","82.90","84.00","77.65","79.70","15,678,126"
"25-Mar-2020","77.80","80.95","77.00","77.85","18,088,609"
"26-Mar-2020","78.00","78.50","74.65","78.00","18,316,505"
"27-Mar-2020","78.50","80.15","76.05","76.90","13,442,836"
"30-Mar-2020","75.00","78.30","74.45","76.80","11,491,396"
"31-Mar-2020","78.00","82.50","77.05","81.65","24,278,037"
"01-Apr-2020","81.65","82.20","78.00","78.95","10,479,535"
"03-Apr-2020","81.00","82.10","76.60","79.50","17,006,294"
"07-Apr-2020","82.00","83.70","80.00","83.00","16,078,424"
"08-Apr-2020","82.85","86.00","81.10","81.75","20,433,621"
"09-Apr-2020","82.70","84.20","81.85","83.40","13,585,658"
"13-Apr-2020","84.50","84.50","81.80","83.15","9,679,851"
"15-Apr-2020","84.00","86.30","82.80","83.20","13,661,968"
"16-Apr-2020","83.25","85.80","82.55","84.70","11,993,071"
"17-Apr-2020","86.05","86.80","85.00","86.00","9,160,107"
"20-Apr-2020","87.75","89.50","85.75","87.55","17,688,009"
"21-Apr-2020","86.80","86.80","82.50","83.00","13,638,140"
"22-Apr-2020","82.95","83.75","79.15","83.00","15,316,400"
"23-Apr-2020","83.40","85.00","82.80","83.10","9,180,558"
"24-Apr-2020","82.25","84.40","81.10","81.50","10,417,195"
"27-Apr-2020","82.40","83.05","81.30","81.50","6,320,557"
"28-Apr-2020","82.10","82.50","79.30","79.65","18,484,160"
"29-Apr-2020","80.00","81.15","79.80","80.50","12,216,675"
"30-Apr-2020","81.55","84.50","81.30","84.20","21,193,860"
"04-May-2020","82.65","82.70","79.50","79.75","12,277,492"
"05-May-2020","81.00","82.00","78.40","78.70","13,552,151"
"06-May-2020","76.80","77.30","72.80","76.55","26,298,393"
"07-May-2020","76.85","77.00","75.60","75.75","13,425,918"
"08-May-2020","76.10","77.00","74.05","74.35","14,534,653"
"11-May-2020","75.55","76.30","74.80","75.35","12,903,300"
"12-May-2020","75.85","76.70","74.60","74.90","16,302,858"
"13-May-2020","77.90","77.90","75.75","76.00","18,240,702"
"14-May-2020","76.00","76.45","75.00","75.15","9,059,402"
"15-May-2020","75.75","76.40","75.20","75.50","15,818,086"
"18-May-2020","75.55","75.80","71.15","71.55","17,698,491"
"19-May-2020","72.85","73.40","71.80","72.05","12,402,582"
"20-May-2020","72.35","74.50","71.90","74.10","12,925,558"
"21-May-2020","74.10","74.95","73.00","74.45","10,240,766"
"22-May-2020","73.75","75.90","72.80","75.50","14,476,537"
"26-May-2020","76.60","77.85","76.15","77.15","15,486,146"
"27-May-2020","77.20","77.95","76.00","77.55","14,315,336"
"28-May-2020","77.40","78.80","77.20","77.70","9,978,005"
"29-May-2020","77.70","84.70","77.20","83.20","34,572,984"
"01-Jun-2020","85.30","87.25","84.50","86.15","29,796,065"
"02-Jun-2020","86.60","86.85","84.75","85.80","17,989,429"
"03-Jun-2020","86.30","88.90","86.10","87.00","19,472,942"
"04-Jun-2020","86.05","86.65","84.10","85.90","29,273,591"
"05-Jun-2020","86.60","90.05","86.20","89.40","24,128,677"
"08-Jun-2020","92.90","96.40","92.10","93.10","39,389,102"
"09-Jun-2020","93.35","93.60","90.10","90.65","16,781,255"
"10-Jun-2020","90.60","91.95","89.10","89.95","13,668,132"
"11-Jun-2020","90.10","93.35","87.90","88.35","29,700,148"
"12-Jun-2020","85.00","88.55","85.00","88.30","21,617,576"
"15-Jun-2020","88.15","88.20","85.90","86.20","35,101,481"
"16-Jun-2020","87.35","88.25","83.85","84.85","18,620,672"
"17-Jun-2020","84.50","85.85","83.85","84.35","12,560,184"
"18-Jun-2020","84.30","85.50","83.75","84.85","14,843,028"
"19-Jun-2020","86.00","86.10","84.70","85.30","21,537,953"
"22-Jun-2020","85.85","88.30","85.50","88.05","22,605,365"
"23-Jun-2020","88.80","90.50","88.15","89.35","31,797,103"
"24-Jun-2020","90.50","90.50","86.05","87.10","29,648,026"
"25-Jun-2020","85.20","88.10","84.70","85.05","25,734,149"
"26-Jun-2020","85.90","89.95","85.75","89.15","46,496,322"
"29-Jun-2020","89.50","90.70","86.50","87.10","21,451,435"
"30-Jun-2020","88.30","88.45","84.75","85.35","16,344,707"
"01-Jul-2020","85.65","86.15","84.30","85.65","14,331,346"
"02-Jul-2020","86.50","88.90","85.95","88.35","23,312,656"
"03-Jul-2020","88.40","89.10","87.20","87.85","9,989,790"
"06-Jul-2020","88.05","89.35","87.00","87.95","13,522,961"
"07-Jul-2020","88.00","88.05","85.90","86.15","12,790,857"
"08-Jul-2020","86.25","88.90","86.05","86.95","16,678,756"
"09-Jul-2020","87.45","88.45","86.00","86.50","15,305,046"
"10-Jul-2020","86.45","86.55","85.40","86.15","11,091,008"
"13-Jul-2020","87.00","87.75","86.20","87.40","16,659,178"
"14-Jul-2020","86.75","87.80","85.90","86.40","15,345,709"
"15-Jul-2020","86.80","87.00","85.10","85.65","16,532,721"
"16-Jul-2020","85.45","85.55","82.50","84.25","22,609,832"
"17-Jul-2020","84.65","87.70","83.55","86.90","51,152,122"
"20-Jul-2020","86.95","88.50","86.15","88.30","20,607,847"
"21-Jul-2020","88.30","94.70","87.70","93.45","93,905,218"
"22-Jul-2020","93.55","94.20","91.50","92.00","30,482,054"
"23-Jul-2020","91.75","95.45","91.20","94.30","44,920,975"
"24-Jul-2020","93.90","94.60","91.80","92.80","22,611,546"
"27-Jul-2020","93.60","95.65","91.40","93.75","39,139,215"
"28-Jul-2020","93.75","95.25","92.65","93.40","24,585,687"
"29-Jul-2020","92.30","93.70","92.05","92.60","14,883,656"
"30-Jul-2020","92.00","92.50","87.60","88.55","43,622,365"
"31-Jul-2020","89.30","89.95","87.25","88.45","41,414,494"
"03-Aug-2020","88.35","88.35","85.40","86.20","31,446,437"
"04-Aug-2020","86.30","87.45","85.80","86.95","25,498,635"
"05-Aug-2020","87.00","88.05","86.30","86.60","21,667,810"
"06-Aug-2020","86.80","88.20","86.30","87.20","19,663,459"
"07-Aug-2020","87.70","88.40","85.65","86.40","22,270,182"
"10-Aug-2020","86.60","87.70","86.20","87.10","16,255,605"
"11-Aug-2020","87.20","88.20","86.90","87.05","16,717,030"
"12-Aug-2020","87.05","87.25","85.70","85.85","21,486,470"
"13-Aug-2020","86.40","87.05","85.95","86.85","11,778,434"
"14-Aug-2020","87.50","87.50","84.55","84.80","19,898,132"
"17-Aug-2020","85.25","87.75","85.15","87.55","19,481,634"
"18-Aug-2020","87.10","87.90","86.65","87.00","13,545,170"
"19-Aug-2020","87.10","89.00","87.10","88.00","24,451,316"
"20-Aug-2020","87.90","89.70","87.10","89.05","32,146,698"
"21-Aug-2020","89.95","90.45","88.60","88.85","19,035,208"
"24-Aug-2020","88.95","89.40","88.10","88.35","9,740,352"
"25-Aug-2020","88.35","89.05","87.60","88.30","19,552,892"
"26-Aug-2020","88.80","88.85","87.60","87.90","16,122,996"
"27-Aug-2020","88.15","88.40","87.05","87.20","15,445,049"
"28-Aug-2020","87.80","89.00","87.40","87.80","17,611,779"
"31-Aug-2020","88.50","91.75","85.35","85.80","70,850,231"
"01-Sep-2020","85.80","86.60","83.50","84.65","27,777,356"
"02-Sep-2020","85.40","85.65","84.55","85.30","12,523,696"
"03-Sep-2020","85.70","86.55","84.45","85.10","14,027,426"
"04-Sep-2020","84.00","84.85","82.75","83.90","12,703,543"
"07-Sep-2020","84.50","84.95","81.80","83.80","14,902,298"
"08-Sep-2020","83.95","84.40","82.55","82.75","16,168,962"
"09-Sep-2020","82.70","82.85","79.30","80.55","24,388,612"
"10-Sep-2020","80.70","83.95","80.70","83.55","29,432,278"
"11-Sep-2020","83.30","84.00","82.05","83.10","17,860,255"
"14-Sep-2020","83.20","83.80","82.35","82.70","11,874,116"
"15-Sep-2020","82.70","83.40","81.80","82.25","11,709,315"
"16-Sep-2020","82.25","83.05","81.45","82.70","12,791,146"
"17-Sep-2020","82.40","82.80","81.40","81.80","12,883,226"
"18-Sep-2020","82.60","82.85","80.25","80.70","21,035,497"
"21-Sep-2020","80.80","81.00","77.00","77.70","22,523,202"
"22-Sep-2020","78.10","78.40","75.40","76.15","20,539,323"
"23-Sep-2020","76.50","77.20","75.35","75.95","19,123,948"
"24-Sep-2020","75.00","75.20","71.65","72.00","24,558,526"
"25-Sep-2020","72.35","74.40","71.85","74.10","24,753,598"
"28-Sep-2020","75.00","76.60","74.30","75.65","16,096,156"
"29-Sep-2020","76.00","76.25","74.05","74.85","14,878,350"
"30-Sep-2020","74.85","75.45","73.00","73.90","18,970,112"
"01-Oct-2020","73.95","75.00","73.45","74.10","14,256,817"
"05-Oct-2020","74.50","76.15","73.80","75.55","16,171,232"
"06-Oct-2020","76.15","76.25","74.70","75.35","16,092,167"
"07-Oct-2020","75.15","75.55","74.30","75.20","15,157,502"
"08-Oct-2020","75.10","75.80","74.30","75.50","13,210,777"
"09-Oct-2020","74.60","77.50","74.60","76.50","18,028,904"
"12-Oct-2020","76.50","77.45","75.10","75.70","11,846,163"
"13-Oct-2020","75.55","76.35","74.55","76.10","12,907,922"
"14-Oct-2020","75.20","75.90","73.75","74.65","19,604,295"
"15-Oct-2020","74.65","75.80","74.00","74.55","17,815,860"
"16-Oct-2020","74.60","75.20","73.85","74.20","23,227,741"
"19-Oct-2020","74.60","77.40","74.60","76.80","23,207,536"
"20-Oct-2020","76.60","76.70","74.90","75.05","18,691,246"
"21-Oct-2020","75.75","76.75","75.40","76.00","28,080,425"
"22-Oct-2020","75.85","78.25","75.50","77.70","21,947,260"
"23-Oct-2020","77.70","79.25","77.70","78.25","13,735,592"
"26-Oct-2020","78.25","79.20","78.00","78.10","12,517,768"
"27-Oct-2020","77.55","78.50","76.10","78.10","15,157,667"
"28-Oct-2020","78.10","78.35","77.10","78.05","11,414,392"
"29-Oct-2020","76.70","78.90","76.20","78.40","18,997,747"
"30-Oct-2020","80.00","81.90","79.00","79.55","54,768,803"
"02-Nov-2020","80.05","80.50","77.55","78.20","19,197,735"
"03-Nov-2020","78.05","79.10","77.40","78.00","15,275,353"
"04-Nov-2020","78.00","78.50","76.85","77.95","10,731,410"
"05-Nov-2020","78.70","80.20","78.25","79.80","19,673,077"
"06-Nov-2020","80.00","80.90","79.70","80.25","15,044,571"
"09-Nov-2020","80.45","81.45","80.10","81.20","15,987,537"
"10-Nov-2020","81.10","84.45","81.10","84.25","21,976,849"
"11-Nov-2020","84.25","85.20","83.15","85.00","18,399,868"
"12-Nov-2020","85.00","85.50","83.95","85.30","13,700,138"
"13-Nov-2020","84.00","85.15","83.70","84.75","11,108,758"
"14-Nov-2020","85.25","87.00","84.90","86.65","6,756,382"
"17-Nov-2020","87.00","87.00","84.50","84.95","25,035,014"
"18-Nov-2020","84.50","85.45","84.20","85.25","12,869,418"
"19-Nov-2020","85.25","86.60","84.50","84.70","15,420,472"
"20-Nov-2020","84.75","85.75","83.40","84.85","15,609,165"
"23-Nov-2020","85.50","86.65","84.05","86.45","21,750,853"
"24-Nov-2020","87.00","87.35","85.75","86.15","17,836,449"
"25-Nov-2020","86.50","87.10","85.50","85.75","17,102,078"
"26-Nov-2020","85.90","86.25","84.55","85.60","15,122,856"
"27-Nov-2020","85.60","86.20","84.00","84.60","31,877,290"
"01-Dec-2020","85.00","86.00","84.10","85.85","14,386,967"
"02-Dec-2020","85.85","89.35","85.60","88.40","44,728,000"
"03-Dec-2020","89.45","90.10","87.60","89.90","39,317,570"
"04-Dec-2020","90.30","91.45","89.00","90.40","24,856,327"
"07-Dec-2020","90.50","92.20","90.40","91.70","21,338,652"
"08-Dec-2020","92.00","92.30","90.05","91.05","17,122,770"
"09-Dec-2020","91.40","94.25","91.10","93.95","34,467,763"
"10-Dec-2020","93.90","93.90","91.15","92.45","22,243,189"
"11-Dec-2020","93.55","96.10","93.05","93.85","55,197,152"
"14-Dec-2020","95.00","96.80","94.60","96.20","34,961,172"
"15-Dec-2020","96.25","96.25","94.35","95.45","20,959,935"
"16-Dec-2020","96.50","97.50","95.80","96.35","22,630,689"
"17-Dec-2020","96.50","97.00","95.00","95.40","16,645,932"
"18-Dec-2020","95.40","95.75","93.30","93.95","24,364,590"
"21-Dec-2020","93.40","93.40","84.60","87.10","49,215,350"
"22-Dec-2020","86.00","88.50","84.20","87.95","34,029,323"
"23-Dec-2020","88.20","88.60","86.75","88.15","21,048,766"
"24-Dec-2020","88.25","91.25","88.25","90.25","21,997,837"
"28-Dec-2020","91.00","92.00","90.90","91.70","13,213,126"
"29-Dec-2020","92.00","92.50","90.40","91.20","14,705,538"
"30-Dec-2020","91.35","91.70","90.00","90.90","13,421,049"
"31-Dec-2020","90.50","91.65","90.20","90.95","15,177,511"
"01-Jan-2021","91.30","91.75","91.10","91.50","7,144,142"
"04-Jan-2021","92.00","94.05","92.00","93.85","20,940,906"
"05-Jan-2021","93.00","93.25","91.80","93.00","18,715,045"
"06-Jan-2021","93.35","95.60","93.20","94.10","24,710,986"
"07-Jan-2021","95.00","95.45","93.80","94.50","18,143,241"
"08-Jan-2021","95.10","96.40","94.65","96.15","22,542,041"
"11-Jan-2021","96.20","96.95","94.60","96.00","16,225,411"
"12-Jan-2021","95.60","99.35","95.20","97.95","31,941,540"
"13-Jan-2021","98.45","102.75","98.20","100.95","55,937,686"
"14-Jan-2021","101.75","103.60","100.30","103.20","30,720,438"
"15-Jan-2021","103.35","103.90","100.50","101.30","27,838,004"
"18-Jan-2021","101.55","101.85","97.50","98.30","28,599,856"
"19-Jan-2021","99.00","100.30","98.00","98.55","24,415,735"
"20-Jan-2021","98.90","99.80","97.75","98.30","18,930,532"
"21-Jan-2021","98.20","99.60","96.20","96.70","25,634,853"
"22-Jan-2021","96.50","97.35","95.25","95.70","22,504,208"
"25-Jan-2021","97.00","97.50","93.15","93.45","22,533,235"
"27-Jan-2021","93.00","93.80","90.25","91.40","27,493,562"
"28-Jan-2021","90.45","92.95","90.25","92.60","24,137,903"
"29-Jan-2021","93.80","96.30","92.80","93.25","74,195,476"
"01-Feb-2021","95.80","96.40","93.40","95.80","53,177,517"
"02-Feb-2021","97.55","99.20","96.75","98.80","38,641,408"
"03-Feb-2021","100.60","102.40","99.90","101.85","58,158,800"
"04-Feb-2021","102.80","104.35","102.50","103.60","51,171,418"
"05-Feb-2021","104.50","104.60","102.05","102.40","31,422,905"
"08-Feb-2021","104.00","104.40","102.45","104.10","37,924,977"
"09-Feb-2021","99.80","99.80","97.00","97.70","47,911,877"
"10-Feb-2021","98.10","98.75","96.10","96.75","22,672,022"
"11-Feb-2021","96.10","97.50","95.90","96.50","19,512,564"
"12-Feb-2021","96.55","97.10","94.60","95.10","19,038,734"
"15-Feb-2021","95.55","96.10","94.00","94.15","14,796,024"
"16-Feb-2021","94.15","96.50","94.00","95.60","24,869,144"
"17-Feb-2021","95.55","95.70","94.65","95.00","16,459,093"
"18-Feb-2021","95.30","99.85","95.30","99.00","54,055,390"
"19-Feb-2021","99.20","100.50","96.10","97.55","42,193,351"
"22-Feb-2021","97.50","98.50","95.10","95.65","19,487,082"
"23-Feb-2021","96.40","99.10","96.00","97.65","35,512,683"
"24-Feb-2021","98.40","99.90","97.00","97.95","19,784,111"
"25-Feb-2021","99.40","101.95","98.85","100.90","62,750,445"
"26-Feb-2021","99.50","101.95","97.20","98.05","45,723,160"
"01-Mar-2021","101.00","101.50","99.80","100.70","30,046,249"
"02-Mar-2021","102.25","104.10","101.75","102.20","45,720,247"
"03-Mar-2021","103.00","104.00","101.40","102.60","30,023,276"
"04-Mar-2021","101.50","103.10","101.15","101.45","16,870,409"
"05-Mar-2021","101.70","102.85","100.85","101.45","40,145,177"
"08-Mar-2021","102.25","105.00","102.10","103.60","49,732,782"
"09-Mar-2021","102.45","102.90","99.20","100.55","29,925,269"
"10-Mar-2021","101.90","101.90","98.70","98.85","21,160,710"
"12-Mar-2021","100.25","102.30","100.20","101.30","34,987,666"
"15-Mar-2021","101.65","102.70","100.00","101.05","21,098,400"
"16-Mar-2021","102.10","102.60","99.95","100.40","27,527,510"
"17-Mar-2021","101.25","101.25","98.00","98.20","20,922,333"
"18-Mar-2021","98.90","99.50","96.50","97.25","21,413,768"
"19-Mar-2021","96.95","99.60","95.40","98.75","34,445,364"
"22-Mar-2021","99.65","99.80","98.25","99.15","21,252,461"
"23-Mar-2021","97.20","97.50","96.40","96.75","22,153,320"
"24-Mar-2021","96.00","96.75","94.25","94.55","19,041,669"
"25-Mar-2021","94.35","94.70","90.45","90.90","27,910,375"
"26-Mar-2021","91.80","92.20","90.60","90.90","18,974,850"
"30-Mar-2021","91.00","91.95","90.10","91.55","20,591,828"
"31-Mar-2021","91.55","92.30","90.95","91.85","13,495,181"
"01-Apr-2021","92.00","93.35","91.20","93.15","14,843,941"
"05-Apr-2021","93.00","93.00","90.05","90.75","17,182,715"
"06-Apr-2021","90.90","91.85","90.45","91.15","11,040,294"
"07-Apr-2021","91.15","92.90","91.15","92.70","13,742,822"
"08-Apr-2021","93.00","93.70","92.50","92.95","12,783,404"
"09-Apr-2021","92.80","92.95","91.30","91.70","10,297,316"
"12-Apr-2021","90.10","90.45","86.75","87.00","19,962,491"
"13-Apr-2021","87.20","89.25","87.10","88.80","15,976,037"
"15-Apr-2021","88.20","90.35","88.10","90.10","15,727,499"
"16-Apr-2021","89.15","91.15","89.15","90.15","10,290,317"
"19-Apr-2021","87.95","88.80","86.85","88.10","15,268,241"
"20-Apr-2021","88.35","90.00","87.35","87.80","10,866,044"
"22-Apr-2021","88.00","88.30","87.35","87.85","9,490,190"
"23-Apr-2021","87.65","88.55","87.40","88.05","8,003,678"
"26-Apr-2021","88.70","88.80","87.75","88.20","7,066,681"
"27-Apr-2021","88.20","89.10","88.20","88.85","8,752,415"
"28-Apr-2021","89.20","89.55","89.00","89.40","6,336,704"
"29-Apr-2021","90.25","90.50","88.70","88.90","8,957,163"
"30-Apr-2021","88.60","93.10","88.00","90.85","29,815,698"
"03-May-2021","89.85","91.90","89.55","91.45","13,655,785"
"04-May-2021","92.50","93.50","91.10","91.40","14,855,641"
"05-May-2021","92.80","93.45","91.80","92.20","22,976,074"
"06-May-2021","92.85","93.15","92.00","92.60","14,722,752"
"07-May-2021","92.90","95.25","92.20","94.70","18,508,502"
"10-May-2021","95.30","99.55","95.20","99.15","36,970,751"
"11-May-2021","98.60","104.40","97.80","103.70","76,907,792"
"12-May-2021","103.90","106.60","102.30","102.80","39,084,460"
"14-May-2021","102.80","103.65","100.00","101.05","21,825,753"
"17-May-2021","101.65","102.25","100.10","102.00","19,693,910"
"18-May-2021","103.10","105.90","102.45","105.55","35,764,247"
"19-May-2021","104.50","108.95","104.10","107.20","74,174,684"
"20-May-2021","109.70","109.70","104.50","104.70","56,482,450"
"21-May-2021","105.80","106.90","103.55","104.30","38,579,179"
"24-May-2021","105.00","109.90","105.00","109.45","83,199,043"
"25-May-2021","110.40","111.90","109.60","110.30","40,720,179"
"26-May-2021","110.10","112.80","109.25","112.00","36,991,909"
"27-May-2021","112.70","113.70","109.95","110.25","34,323,489"
"28-May-2021","111.50","112.00","108.45","109.85","30,246,118"
"31-May-2021","110.00","110.50","108.35","109.25","18,219,003"
"01-Jun-2021","109.50","110.95","109.05","109.90","17,108,041"
"02-Jun-2021","109.80","111.40","109.55","110.85","17,386,308"
"03-Jun-2021","110.15","112.95","110.15","112.45","20,956,249"
"04-Jun-2021","112.50","114.95","112.40","114.60","28,329,820"
"07-Jun-2021","114.85","115.75","114.30","114.70","19,210,364"
"08-Jun-2021","115.15","117.50","113.35","116.70","22,786,086"
"09-Jun-2021","117.10","117.85","114.50","114.95","21,013,561"
"10-Jun-2021","115.50","116.50","115.20","115.95","12,975,319"
"11-Jun-2021","116.40","117.35","114.40","115.10","15,096,011"
"14-Jun-2021","115.25","115.70","112.50","114.75","10,651,393"
"15-Jun-2021","114.55","116.40","114.55","115.75","12,477,524"
"16-Jun-2021","115.75","117.15","115.50","115.90","11,893,517"
"17-Jun-2021","114.95","116.30","114.05","114.60","9,555,157"
"18-Jun-2021","115.20","115.60","111.00","112.30","16,211,302"
"21-Jun-2021","111.50","113.50","110.65","112.65","15,093,435"
"22-Jun-2021","113.60","114.85","113.00","113.85","12,121,307"
"23-Jun-2021","114.50","114.50","112.70","112.90","5,465,048"
"24-Jun-2021","113.00","113.60","111.05","111.45","7,991,737"
"25-Jun-2021","111.50","112.40","111.20","111.40","5,213,142"
"28-Jun-2021","111.90","111.95","110.70","110.85","6,517,463"
"29-Jun-2021","110.85","111.90","107.80","108.15","15,190,047"
"30-Jun-2021","108.25","109.90","107.60","107.90","11,404,351"
"01-Jul-2021","107.90","108.95","107.35","107.55","8,810,812"
"02-Jul-2021","107.75","109.75","107.75","108.45","11,938,563"
"05-Jul-2021","109.45","109.45","108.45","108.80","6,203,719"
"06-Jul-2021","108.70","109.40","108.20","108.40","6,200,880"
"07-Jul-2021","107.65","108.40","107.15","107.95","7,451,336"
"08-Jul-2021","107.95","109.10","107.35","107.55","9,531,909"
"09-Jul-2021","107.55","107.60","106.55","107.30","7,282,932"
"12-Jul-2021","107.35","108.30","106.85","107.20","6,292,486"
"13-Jul-2021","107.35","108.10","106.85","107.80","7,484,958"
"14-Jul-2021","107.55","108.15","106.65","107.10","6,079,860"
"15-Jul-2021","107.00","107.25","106.15","106.30","7,634,493"
"16-Jul-2021","106.05","107.40","105.45","106.10","7,862,388"
"19-Jul-2021","105.75","107.90","105.10","105.95","11,688,575"
"20-Jul-2021","106.10","106.80","104.55","105.60","12,829,211"
"22-Jul-2021","106.50","107.00","105.20","106.70","10,839,232"
"23-Jul-2021","106.70","107.20","105.45","106.00","7,331,144"
"26-Jul-2021","106.00","106.25","104.50","104.65","7,291,715"
"27-Jul-2021","104.75","105.35","103.25","103.95","7,727,582"
"28-Jul-2021","104.00","104.75","103.10","104.00","9,155,891"
"29-Jul-2021","104.25","104.50","103.20","103.90","10,093,200"
"30-Jul-2021","104.25","106.30","102.90","103.15","26,245,260"
"02-Aug-2021","104.50","105.85","103.65","105.50","13,312,605"
"03-Aug-2021","106.00","106.50","105.30","106.15","10,106,484"
"04-Aug-2021","106.50","107.50","104.90","105.30","11,584,493"
"05-Aug-2021","104.50","104.80","102.55","103.95","13,497,599"
"06-Aug-2021","103.95","106.25","103.80","105.90","9,202,543"
"09-Aug-2021","106.20","106.45","103.95","104.40","8,306,815"
"10-Aug-2021","104.90","104.90","101.90","102.25","8,212,403"
"11-Aug-2021","102.80","104.95","102.30","104.65","10,858,036"
"12-Aug-2021","104.65","105.50","103.75","104.10","8,961,763"
"13-Aug-2021","104.00","105.00","103.75","104.65","6,700,217"
"16-Aug-2021","104.75","107.45","104.30","107.20","21,879,419"
"17-Aug-2021","107.30","108.25","104.70","105.70","17,129,194"
"18-Aug-2021","106.40","106.50","104.70","106.20","12,592,530"
"20-Aug-2021","105.45","105.50","103.00","103.50","10,490,839"
"23-Aug-2021","104.90","104.90","102.20","103.00","6,954,749"
"24-Aug-2021","103.90","106.20","103.65","105.90","11,898,392"
"25-Aug-2021","106.50","106.95","105.40","106.10","7,541,658"
"26-Aug-2021","105.90","106.05","104.70","105.60","7,953,133"
"27-Aug-2021","105.75","106.45","105.30","105.95","5,570,805"
"30-Aug-2021","106.40","108.20","106.10","107.35","12,826,846"
"31-Aug-2021","108.00","111.30","107.40","110.85","22,323,605"
"01-Sep-2021","111.00","111.70","109.60","110.75","11,800,119"
"02-Sep-2021","109.80","110.35","109.00","110.15","11,510,399"
"03-Sep-2021","110.70","113.50","110.10","113.10","15,271,194"
"06-Sep-2021","113.75","113.80","111.25","111.60","7,535,291"
"07-Sep-2021","111.60","112.45","110.70","111.85","7,583,149"
"08-Sep-2021","111.10","112.90","111.10","112.60","8,331,481"
"09-Sep-2021","112.65","114.65","112.40","112.80","13,322,585"
"13-Sep-2021","112.80","114.25","112.50","114.00","8,755,616"
"14-Sep-2021","114.00","115.90","114.00","115.25","9,235,074"
"15-Sep-2021","115.45","116.85","115.20","116.40","12,683,906"
"16-Sep-2021","116.70","119.00","116.15","118.35","14,086,068"
"17-Sep-2021","118.70","119.45","116.10","118.25","34,694,650"
"20-Sep-2021","116.50","117.70","114.40","114.60","9,170,924"
"21-Sep-2021","114.55","115.65","113.35","115.00","9,380,594"
"22-Sep-2021","115.05","116.80","115.05","116.45","7,834,585"
"23-Sep-2021","117.00","118.65","116.80","118.00","8,928,265"
"24-Sep-2021","118.00","118.95","116.00","117.25","7,922,579"
"27-Sep-2021","118.15","118.85","117.50","118.65","9,939,220"
"28-Sep-2021","118.70","123.90","118.70","122.95","20,386,843"
"29-Sep-2021","122.25","128.00","122.00","127.45","19,848,536"
"30-Sep-2021","127.45","128.50","124.35","125.30","11,997,043"
"01-Oct-2021","125.65","128.85","125.00","127.40","13,390,167"
"04-Oct-2021","127.80","128.35","125.50","126.25","7,563,511"
"05-Oct-2021","126.25","130.60","126.25","129.90","20,207,254"
"06-Oct-2021","130.90","134.90","129.35","130.10","25,424,490"
"07-Oct-2021","130.50","132.90","129.85","132.25","12,699,622"
"08-Oct-2021","133.55","134.45","130.85","131.80","9,093,264"
"11-Oct-2021","132.15","133.95","131.20","131.55","6,307,813"
"12-Oct-2021","131.85","132.55","129.30","131.25","9,992,741"
"13-Oct-2021","131.95","132.35","130.30","131.25","9,164,815"
"14-Oct-2021","132.00","135.50","131.00","134.40","14,040,736"
"18-Oct-2021","140.00","140.00","135.70","136.35","14,763,816"
"19-Oct-2021","136.65","137.25","133.35","133.80","10,316,614"
"20-Oct-2021","133.20","134.30","129.65","130.55","10,755,221"
"21-Oct-2021","132.05","135.50","130.70","131.65","18,346,637"
"22-Oct-2021","132.55","133.65","130.00","130.70","10,917,937"
"25-Oct-2021","131.60","132.40","128.45","130.45","10,037,225"
"26-Oct-2021","131.00","132.40","130.05","131.50","10,132,403"
"27-Oct-2021","131.75","133.00","130.25","130.80","8,941,463"
"28-Oct-2021","130.80","131.40","127.75","128.65","9,267,487"
"29-Oct-2021","128.00","130.00","126.45","127.95","8,408,925"
"01-Nov-2021","132.10","132.85","126.60","131.65","17,879,133"
"02-Nov-2021","132.55","133.00","130.55","130.80","9,688,784"
"03-Nov-2021","130.80","135.00","130.40","132.55","20,760,692"
"04-Nov-2021","134.95","135.00","133.55","134.65","3,324,144"
"08-Nov-2021","135.00","140.90","134.25","140.45","24,833,133"
"09-Nov-2021","141.45","141.50","138.95","139.70","12,921,755"
"10-Nov-2021","139.40","141.30","138.70","139.45","10,244,603"
"11-Nov-2021","134.15","135.60","132.60","133.30","12,699,644"
"12-Nov-2021","134.00","134.80","132.05","132.95","9,503,361"
"15-Nov-2021","133.25","134.15","132.00","132.85","5,872,665"
"16-Nov-2021","133.40","133.50","130.65","131.00","6,492,595"
"17-Nov-2021","130.90","131.40","128.15","128.45","6,220,901"
"18-Nov-2021","128.45","130.25","127.60","129.35","7,260,896"
"22-Nov-2021","129.55","129.90","124.05","124.50","7,749,576"
"23-Nov-2021","124.00","126.85","123.75","126.15","12,297,812"
"24-Nov-2021","126.70","129.30","126.40","127.60","8,101,605"
"25-Nov-2021","127.60","128.00","124.50","125.65","6,387,962"
"26-Nov-2021","125.60","125.60","120.50","120.95","7,725,288"
"29-Nov-2021","119.55","120.95","117.85","118.80","10,535,707"
"30-Nov-2021","119.00","120.90","117.85","118.95","18,375,929"
"01-Dec-2021","119.65","119.95","116.50","117.70","13,247,777"
"02-Dec-2021","118.00","121.10","117.90","120.65","13,790,719"
"03-Dec-2021","121.00","122.85","120.75","122.20","9,910,726"
"06-Dec-2021","122.45","123.10","120.50","120.95","6,252,846"
"07-Dec-2021","121.80","123.35","120.25","120.60","9,643,120"
"08-Dec-2021","121.65","122.55","120.00","120.40","9,800,225"
"09-Dec-2021","121.00","121.50","119.45","119.70","12,864,956"
"10-Dec-2021","120.00","121.30","119.60","120.05","13,554,843"
"13-Dec-2021","121.00","121.30","117.85","118.30","13,574,697"
"14-Dec-2021","119.00","119.20","117.15","117.90","11,614,836"
"15-Dec-2021","117.70","118.40","115.50","115.70","11,957,959"
"16-Dec-2021","116.70","117.15","115.45","115.75","10,633,707"
"17-Dec-2021","115.95","116.00","112.35","112.85","11,765,814"
"20-Dec-2021","112.00","112.50","108.15","108.75","11,809,254"
"21-Dec-2021","109.50","110.30","108.65","109.50","8,388,306"
"22-Dec-2021","110.05","110.05","108.25","109.05","10,895,989"
"23-Dec-2021","109.90","112.45","109.70","112.15","10,285,091"
"24-Dec-2021","113.45","113.50","109.80","110.25","11,602,146"
"27-Dec-2021","110.20","111.00","109.05","110.75","4,459,963"
"28-Dec-2021","111.25","112.50","111.20","112.30","5,650,460"
"29-Dec-2021","112.40","112.50","111.00","111.50","4,221,956"
"30-Dec-2021","111.50","111.75","109.90","110.55","5,512,955"
"31-Dec-2021","110.60","112.60","110.60","111.50","5,811,981"
"03-Jan-2022","111.50","113.30","111.35","112.95","6,684,375"
"04-Jan-2022","113.70","114.90","113.25","114.05","5,548,059"
"05-Jan-2022","114.05","117.45","113.80","117.25","14,249,336"
"06-Jan-2022","117.30","117.65","113.05","117.25","7,197,038"
"07-Jan-2022","117.65","119.20","116.95","118.50","7,535,679"
"10-Jan-2022","119.00","120.15","118.30","119.70","6,615,734"
"11-Jan-2022","120.45","120.45","118.20","118.60","5,946,036"
"12-Jan-2022","119.20","120.00","118.35","119.15","7,165,590"
"13-Jan-2022","119.65","121.50","118.85","121.15","8,373,086"
"14-Jan-2022","121.50","124.40","121.35","123.30","14,954,005"
"17-Jan-2022","125.00","125.00","123.20","123.75","9,699,015"
"18-Jan-2022","124.20","125.55","123.35","123.95","14,263,853"
"19-Jan-2022","123.60","125.60","123.00","125.10","9,913,407"
"20-Jan-2022","125.10","125.95","124.35","125.50","6,671,672"
"21-Jan-2022","124.00","125.50","120.75","121.70","9,818,888"
"24-Jan-2022","121.00","122.45","119.90","120.35","13,110,559"
"25-Jan-2022","120.20","121.70","119.30","121.45","6,434,320"
"27-Jan-2022","120.90","123.75","119.80","122.70","8,593,559"
"28-Jan-2022","123.30","127.05","123.30","124.10","9,996,713"
"31-Jan-2022","126.70","128.00","124.20","125.20","13,191,388"
"01-Feb-2022","126.00","126.00","119.50","121.75","23,085,078"
"02-Feb-2022","122.50","124.95","122.20","124.45","9,832,796"
"03-Feb-2022","125.40","125.85","124.15","124.65","8,744,759"
"04-Feb-2022","124.90","125.35","123.70","124.15","7,149,068"
"07-Feb-2022","124.50","124.60","122.50","122.90","8,968,249"
"08-Feb-2022","123.10","123.55","120.00","121.35","15,697,108"
"09-Feb-2022","118.50","121.70","117.75","121.05","11,720,982"
"10-Feb-2022","121.10","121.45","119.65","119.95","12,080,112"
"11-Feb-2022","119.50","122.65","119.05","122.05","17,657,900"
"14-Feb-2022","121.00","121.00","116.15","116.55","10,975,847"
"15-Feb-2022","117.00","119.00","114.50","118.75","8,652,149"
"16-Feb-2022","119.25","122.20","119.25","121.50","11,782,127"
"17-Feb-2022","122.85","123.95","120.50","121.40","11,183,068"
"18-Feb-2022","121.40","122.30","120.60","121.15","5,319,044"
"21-Feb-2022","120.00","121.15","118.60","119.20","5,730,295"
"22-Feb-2022","117.00","118.65","116.50","117.10","7,606,407"
"23-Feb-2022","117.80","118.30","116.50","117.15","5,683,477"
"24-Feb-2022","114.95","116.20","109.30","110.00","13,232,094"
"25-Feb-2022","113.00","118.50","111.00","112.35","18,699,142"
"28-Feb-2022","112.80","116.20","110.60","115.00","16,521,199"
"02-Mar-2022","113.75","116.40","111.45","112.25","14,926,831"
"03-Mar-2022","115.00","116.50","113.00","114.65","18,861,056"
"04-Mar-2022","114.95","115.40","112.80","113.25","16,670,574"
"07-Mar-2022","113.95","113.95","111.20","112.25","16,928,369"
"08-Mar-2022","112.00","117.75","111.60","117.05","22,322,573"
"09-Mar-2022","118.90","118.90","115.80","116.95","15,650,703"
"10-Mar-2022","119.05","121.40","117.70","120.95","18,394,923"
"11-Mar-2022","120.80","124.40","120.40","123.70","12,398,829"
"14-Mar-2022","124.85","124.85","120.05","120.80","14,878,543"
"15-Mar-2022","120.80","121.05","118.20","119.00","11,001,228"
"16-Mar-2022","120.30","122.60","119.45","121.95","10,117,835"
"17-Mar-2022","122.40","122.90","120.10","121.35","27,800,074"
"21-Mar-2022","121.80","121.80","117.80","118.00","12,111,014"
"22-Mar-2022","119.00","121.85","118.50","120.65","20,619,526"
"23-Mar-2022","121.85","123.00","120.65","121.70","16,847,442"
"24-Mar-2022","121.80","122.15","120.35","120.60","8,251,754"
"25-Mar-2022","120.05","120.85","118.60","118.80","8,158,981"
"28-Mar-2022","119.40","120.70","117.70","119.95","10,228,584"
"29-Mar-2022","120.30","121.30","118.00","118.30","9,751,383"
"30-Mar-2022","119.70","119.70","116.10","117.20","106,426,898"
"31-Mar-2022","118.00","120.95","118.00","118.95","21,134,412"
"01-Apr-2022","119.10","122.45","119.00","122.10","10,701,784"
"04-Apr-2022","122.10","123.00","121.70","122.30","9,396,800"
"05-Apr-2022","122.80","123.50","122.35","122.65","8,714,130"
"06-Apr-2022","122.45","126.40","121.50","126.05","15,720,227"
"07-Apr-2022","124.30","126.75","123.25","123.55","20,159,190"
"08-Apr-2022","124.90","127.50","124.05","126.95","14,466,488"
"11-Apr-2022","126.90","129.45","126.60","128.85","12,758,301"
"12-Apr-2022","128.45","128.80","125.20","126.05","9,722,449"
"13-Apr-2022","126.05","129.00","125.65","127.90","11,783,874"
"18-Apr-2022","127.70","128.50","126.50","128.10","11,647,900"
"19-Apr-2022","129.30","133.00","128.50","130.30","20,122,110"
"20-Apr-2022","131.00","134.30","130.65","133.40","19,126,711"
"21-Apr-2022","134.45","135.40","133.40","135.05","14,769,541"
"22-Apr-2022","134.90","136.05","133.85","134.35","9,118,742"
"25-Apr-2022","132.80","132.95","127.40","127.75","11,069,540"
"26-Apr-2022","129.40","130.00","127.75","129.05","9,422,276"
"27-Apr-2022","127.60","129.00","125.10","127.35","9,978,492"
"28-Apr-2022","129.50","130.25","127.60","129.95","10,515,726"
"29-Apr-2022","131.40","131.40","125.60","126.00","8,675,536"
"02-May-2022","125.95","127.30","124.00","126.65","5,749,158"
"04-May-2022","126.85","128.70","125.10","125.85","5,412,290"
"05-May-2022","127.00","128.15","125.20","125.70","5,343,427"
"06-May-2022","125.00","127.75","122.60","126.25","9,120,449"
"09-May-2022","125.65","125.65","121.35","124.00","8,241,164"
"10-May-2022","124.40","126.30","121.25","122.00","10,375,582"
"11-May-2022","123.40","124.40","118.85","120.45","9,743,582"
"12-May-2022","120.45","124.00","119.55","122.10","20,411,762"
"13-May-2022","125.00","125.25","120.70","121.30","15,067,646"
"16-May-2022","124.00","124.00","120.65","122.10","8,377,926"
"17-May-2022","126.00","126.00","121.60","124.40","18,261,022"
"18-May-2022","124.00","124.40","117.75","118.05","43,268,313"
"19-May-2022","117.00","118.40","115.50","117.25","14,576,700"
"20-May-2022","119.00","119.20","116.15","116.95","16,158,630"
"23-May-2022","117.60","118.60","116.70","117.70","11,658,604"
"24-May-2022","117.70","119.60","117.20","118.70","12,302,782"
"25-May-2022","119.30","119.45","114.20","114.80","11,544,857"
"26-May-2022","115.00","115.80","111.85","114.20","15,855,279"
"27-May-2022","115.40","115.55","113.15","114.15","7,744,647"
"30-May-2022","115.25","116.25","114.05","116.10","8,148,419"
"31-May-2022","115.70","117.50","115.50","116.00","13,283,897"
"01-Jun-2022","117.00","119.05","116.75","118.20","11,124,014"
"02-Jun-2022","118.85","119.25","116.00","117.65","10,849,768"
"03-Jun-2022","118.05","119.00","117.85","118.30","9,043,106"
"06-Jun-2022","118.30","118.60","116.45","117.55","8,108,561"
"07-Jun-2022","117.35","119.50","116.65","118.20","9,867,341"
"08-Jun-2022","118.65","119.15","117.65","118.00","8,635,359"
"09-Jun-2022","118.00","120.70","116.90","118.30","21,408,262"
"10-Jun-2022","117.90","118.00","116.50","117.25","10,782,311"
"13-Jun-2022","116.30","116.30","113.05","113.60","10,082,086"
"14-Jun-2022","113.55","114.00","110.05","110.25","15,682,933"
"15-Jun-2022","111.00","111.00","108.30","109.20","9,591,153"
"16-Jun-2022","110.55","110.70","107.50","108.15","9,931,675"
"17-Jun-2022","108.00","108.00","103.55","104.20","15,767,609"
"20-Jun-2022","105.10","105.45","101.55","103.05","12,775,588"
"21-Jun-2022","104.05","106.25","103.55","105.75","9,446,372"
"22-Jun-2022","105.95","106.60","103.60","105.55","12,427,782"
"23-Jun-2022","106.00","107.60","105.15","107.30","11,052,835"
"24-Jun-2022","107.60","108.65","107.30","108.50","7,871,986"
"27-Jun-2022","110.00","110.85","108.80","109.55","11,887,157"
"28-Jun-2022","109.50","110.65","107.55","108.30","15,087,448"
"29-Jun-2022","108.60","110.05","108.00","109.80","12,602,600"
"30-Jun-2022","73.95","76.00","73.70","74.25","34,424,950"
"01-Jul-2022","75.00","75.15","72.85","74.55","22,029,311"
"04-Jul-2022","74.70","74.70","73.30","74.35","12,798,384"
"05-Jul-2022","74.50","74.50","73.40","73.60","17,464,685"
"06-Jul-2022","74.00","74.60","72.25","72.60","21,856,830"
"07-Jul-2022","73.30","73.30","72.15","72.70","17,846,046"
"08-Jul-2022","73.00","73.25","72.20","72.70","11,692,575"
"11-Jul-2022","72.70","72.85","72.05","72.55","11,548,617"
"12-Jul-2022","72.45","72.50","70.40","70.65","16,729,806"
"13-Jul-2022","70.65","70.95","70.25","70.40","13,704,386"
"14-Jul-2022","70.40","71.00","70.20","70.75","8,917,897"
"15-Jul-2022","70.70","71.10","70.00","70.35","7,310,057"
"18-Jul-2022","70.70","71.25","70.35","71.15","6,697,658"
"19-Jul-2022","71.25","72.15","71.00","72.00","7,585,011"
"20-Jul-2022","73.00","73.10","72.20","72.35","10,590,222"
"21-Jul-2022","72.35","72.75","71.35","72.55","9,537,111"
"22-Jul-2022","72.90","72.95","72.00","72.15","8,740,051"
"25-Jul-2022","72.20","72.35","71.25","72.10","10,124,538"
"26-Jul-2022","72.10","72.15","71.45","71.65","8,202,210"
"27-Jul-2022","71.75","72.30","71.40","72.10","8,726,504"
"28-Jul-2022","72.05","72.65","71.90","72.05","11,715,079"
"29-Jul-2022","72.50","73.25","72.25","72.95","16,983,013"
"01-Aug-2022","72.50","72.50","70.80","71.10","30,168,751"
"02-Aug-2022","71.40","72.10","71.25","71.95","15,655,719"
"03-Aug-2022","72.30","72.40","70.75","71.00","18,893,830"
"04-Aug-2022","71.50","71.60","70.55","71.20","25,024,630"
"05-Aug-2022","71.45","73.30","70.90","73.10","48,935,830"
"08-Aug-2022","73.10","73.75","72.40","73.35","16,091,607"
"10-Aug-2022","73.65","73.70","72.40","72.50","29,085,499"
"11-Aug-2022","71.35","71.35","70.60","70.95","16,670,568"
"12-Aug-2022","70.95","71.70","70.80","71.55","12,294,928"
"16-Aug-2022","71.75","73.25","71.25","73.15","26,772,067"
"17-Aug-2022","73.30","73.80","73.20","73.35","18,542,371"
"18-Aug-2022","73.50","73.65","72.45","72.65","18,850,835"
"19-Aug-2022","72.65","72.75","71.80","72.15","13,357,442"
"22-Aug-2022","72.10","72.15","70.90","71.30","13,714,233"
"23-Aug-2022","70.80","71.60","70.75","71.05","11,581,331"
"24-Aug-2022","71.25","71.45","70.25","70.55","19,584,234"
"25-Aug-2022","70.90","71.95","70.80","71.45","13,090,152"
"26-Aug-2022","71.85","72.30","71.70","71.90","10,546,886"
"29-Aug-2022","71.15","71.45","70.35","71.05","14,387,511"
"30-Aug-2022","71.45","71.85","71.35","71.50","14,284,488"
"01-Sep-2022","71.00","71.50","70.80","71.15","17,854,146"
"02-Sep-2022","71.45","71.55","70.85","71.30","13,349,456"
"05-Sep-2022","71.50","71.65","70.85","70.95","11,658,725"
"06-Sep-2022","71.15","71.20","70.60","70.70","10,545,363"
"07-Sep-2022","70.80","71.55","70.70","71.40","19,254,652"
"08-Sep-2022","71.90","73.75","71.80","73.05","24,401,527"
"09-Sep-2022","73.30","73.40","72.35","72.55","9,906,299"
"12-Sep-2022","72.85","72.95","71.95","72.65","21,463,828"
"13-Sep-2022","73.05","73.10","72.00","72.25","11,555,561"
"14-Sep-2022","71.95","72.25","71.60","71.80","9,024,753"
"15-Sep-2022","72.00","72.20","71.30","71.55","9,985,561"
"16-Sep-2022","71.55","71.70","69.50","69.95","25,993,505"
"19-Sep-2022","70.25","70.40","69.60","69.65","13,595,148"
"20-Sep-2022","70.00","70.15","69.05","69.10","20,693,245"
"21-Sep-2022","69.30","69.30","68.20","68.45","24,710,729"
"22-Sep-2022","68.20","68.25","67.50","67.80","15,775,504"
"23-Sep-2022","67.80","67.95","67.20","67.45","13,578,280"
"26-Sep-2022","67.20","67.40","65.90","66.05","19,194,238"
"27-Sep-2022","66.40","67.10","66.10","66.75","14,140,070"
"28-Sep-2022","66.40","66.40","65.55","65.75","15,974,881"
"29-Sep-2022","66.10","67.30","65.20","65.90","24,560,255"
"30-Sep-2022","65.95","67.20","65.50","66.95","16,041,026"
"03-Oct-2022","67.25","68.05","66.55","66.70","13,288,633"
"04-Oct-2022","68.00","68.00","67.10","67.30","10,513,995"
"06-Oct-2022","67.95","68.10","67.35","67.75","13,000,167"
"07-Oct-2022","67.65","67.85","67.05","67.45","14,879,891"
"10-Oct-2022","67.00","67.70","66.85","67.55","9,042,660"
"11-Oct-2022","67.70","67.70","65.80","65.95","14,905,741"
"12-Oct-2022","66.00","67.85","65.95","67.25","14,459,865"
"13-Oct-2022","67.30","67.75","66.45","66.85","9,890,714"
"14-Oct-2022","68.00","68.00","66.20","66.30","10,119,406"
"17-Oct-2022","66.50","66.70","65.55","66.05","10,841,451"
"18-Oct-2022","66.40","66.80","66.10","66.70","8,153,819"
"19-Oct-2022","66.80","67.25","66.45","67.00","7,157,066"
"20-Oct-2022","66.65","68.20","66.55","67.85","19,426,605"
"21-Oct-2022","67.40","68.05","67.20","67.50","9,542,021"
"24-Oct-2022","68.25","68.45","67.95","68.05","3,745,316"
"25-Oct-2022","67.85","68.25","67.20","67.90","12,609,170"
"27-Oct-2022","67.90","68.50","67.85","68.30","10,404,151"
"28-Oct-2022","68.50","69.20","68.05","68.45","9,586,976"
"31-Oct-2022","68.50","68.80","68.10","68.25","10,549,071"
"01-Nov-2022","68.40","68.65","68.15","68.50","7,840,600"
"02-Nov-2022","68.55","69.05","68.35","68.60","6,785,578"
"03-Nov-2022","68.50","69.15","68.50","68.70","6,466,688"
"04-Nov-2022","68.65","69.00","68.30","68.50","8,971,834"
"07-Nov-2022","68.85","70.30","68.70","70.10","13,032,194"
"09-Nov-2022","70.35","70.50","69.40","69.55","10,410,493"
"10-Nov-2022","69.45","69.85","69.40","69.60","5,974,147"
"11-Nov-2022","69.95","70.00","69.40","69.75","8,792,244"
"14-Nov-2022","70.00","70.15","68.85","69.45","10,222,979"
"15-Nov-2022","69.80","69.80","69.15","69.60","6,477,425"
"16-Nov-2022","69.65","69.70","69.05","69.30","5,638,631"
"17-Nov-2022","69.45","69.70","69.00","69.10","5,264,089"
"18-Nov-2022","69.35","69.50","68.75","69.25","6,231,903"
"21-Nov-2022","69.35","70.40","69.15","70.05","14,820,946"
"22-Nov-2022","70.05","70.20","69.45","70.00","13,456,815"
"23-Nov-2022","70.05","70.30","69.70","69.90","7,949,141"
"24-Nov-2022","70.15","72.70","70.15","72.05","29,444,796"
"25-Nov-2022","72.20","73.95","71.65","73.35","22,422,462"
"28-Nov-2022","73.90","76.45","73.90","76.20","40,695,313"
"29-Nov-2022","76.45","76.70","75.00","75.30","17,421,133"
"30-Nov-2022","74.50","77.00","74.45","76.65","29,122,442"
"01-Dec-2022","77.00","77.15","76.00","76.20","15,072,561"
"02-Dec-2022","76.20","77.20","76.00","77.00","18,220,281"
"05-Dec-2022","77.05","77.70","76.70","77.05","10,947,250"
"06-Dec-2022","77.00","77.40","75.65","75.80","10,369,691"
"07-Dec-2022","76.75","77.80","76.15","76.70","20,909,569"
"08-Dec-2022","77.45","77.50","76.50","76.75","11,996,025"
"09-Dec-2022","77.50","78.35","76.70","77.00","24,702,723"
"12-Dec-2022","77.00","79.05","76.80","78.90","20,455,051"
"13-Dec-2022","79.20","79.25","77.45","77.75","16,409,283"
"14-Dec-2022","77.90","78.70","77.55","78.15","16,268,873"
"15-Dec-2022","78.15","78.50","77.80","78.10","9,555,282"
"16-Dec-2022","78.25","78.95","76.65","76.95","18,672,807"
"19-Dec-2022","77.20","78.15","76.60","77.95","12,681,354"
"20-Dec-2022","77.95","78.15","77.05","77.80","9,368,946"
"21-Dec-2022","77.80","78.15","76.15","76.40","8,618,706"
"22-Dec-2022","76.40","76.75","74.65","75.10","15,215,404"
"23-Dec-2022","74.60","75.10","72.80","73.00","15,286,836"
"26-Dec-2022","73.00","74.60","72.35","74.40","9,571,856"
"27-Dec-2022","74.90","75.20","74.35","75.10","5,815,217"
"28-Dec-2022","74.85","75.15","74.45","74.80","6,599,386"
"29-Dec-2022","74.80","75.15","74.10","74.75","10,191,269"
"30-Dec-2022","75.20","77.50","75.20","76.50","15,567,911"
"02-Jan-2023","77.00","78.55","76.45","78.00","16,878,293"
"03-Jan-2023","78.00","78.90","77.70","78.50","11,509,540"
"04-Jan-2023","78.90","79.50","77.40","78.10","11,974,831"
"05-Jan-2023","78.75","79.25","78.35","79.10","14,449,439"
"06-Jan-2023","79.30","80.80","79.00","80.05","19,075,518"
"09-Jan-2023","80.85","81.00","79.65","80.10","16,438,468"
"10-Jan-2023","80.55","80.80","79.70","80.60","11,953,196"
"11-Jan-2023","80.85","84.05","80.60","83.55","44,099,830"
"12-Jan-2023","83.75","83.90","81.20","81.60","16,440,461"
"13-Jan-2023","81.55","82.45","81.10","82.30","8,018,070"
"16-Jan-2023","82.45","82.70","81.75","82.25","9,367,702"
"17-Jan-2023","82.30","82.70","81.00","81.60","8,776,414"
"18-Jan-2023","81.45","82.90","81.25","82.15","7,980,164"
"19-Jan-2023","82.15","83.40","81.90","83.25","9,857,262"
"20-Jan-2023","83.20","83.55","82.75","82.90","9,411,562"
"23-Jan-2023","83.15","83.60","82.60","83.45","6,972,772"
"24-Jan-2023","83.80","83.80","82.70","83.15","7,069,973"
"25-Jan-2023","82.90","83.40","82.30","82.50","8,188,678"
"27-Jan-2023","82.55","83.05","80.00","81.00","10,838,959"
"30-Jan-2023","81.00","82.50","80.40","81.75","10,783,051"
"31-Jan-2023","82.50","83.30","81.15","81.75","21,752,061"
"01-Feb-2023","81.70","81.95","78.35","79.80","20,031,377"
"02-Feb-2023","79.60","80.00","78.15","78.55","10,817,457"
"03-Feb-2023","78.90","78.90","76.90","78.45","11,116,563"
"06-Feb-2023","78.50","79.60","78.10","79.25","9,507,602"
"07-Feb-2023","79.25","79.75","78.65","79.05","6,876,198"
"08-Feb-2023","79.00","79.40","78.30","79.25","6,093,832"
"09-Feb-2023","79.20","80.70","78.90","79.60","8,609,974"
"10-Feb-2023","79.65","80.45","79.50","79.80","6,286,269"
"13-Feb-2023","80.00","80.25","79.25","79.50","6,470,826"
"14-Feb-2023","79.45","79.85","78.65","79.15","5,013,825"
"15-Feb-2023","78.45","79.75","78.45","79.50","3,686,045"
"16-Feb-2023","79.85","80.05","79.20","79.80","8,603,036"
"17-Feb-2023","79.90","81.05","79.60","80.55","9,145,422"
"20-Feb-2023","80.70","80.95","79.30","79.55","6,867,570"
"21-Feb-2023","80.00","80.25","79.00","79.20","4,633,296"
"22-Feb-2023","78.65","78.80","77.10","77.30","9,878,001"
"23-Feb-2023","77.70","77.90","76.75","77.20","6,290,065"
"24-Feb-2023","77.50","77.65","77.10","77.35","6,103,178"
"27-Feb-2023","77.35","77.40","76.20","76.85","6,945,215"
"28-Feb-2023","76.90","77.05","75.80","76.05","10,000,095"
"01-Mar-2023","76.00","77.20","75.85","76.95","6,694,749"
"02-Mar-2023","77.00","78.15","76.80","77.90","5,273,986"
"03-Mar-2023","78.15","78.45","77.70","78.20","5,522,499"
"06-Mar-2023","78.30","79.80","78.05","79.25","8,582,554"
"08-Mar-2023","78.75","79.35","78.50","79.20","5,969,771"
"09-Mar-2023","79.30","79.45","78.55","78.70","6,135,751"
"10-Mar-2023","78.50","79.25","77.50","78.90","6,305,111"
"13-Mar-2023","78.50","78.90","77.65","77.80","7,151,999"
"14-Mar-2023","77.85","78.10","77.25","77.70","8,316,642"
"15-Mar-2023","78.25","79.05","78.00","78.60","8,183,051"
"16-Mar-2023","79.00","80.45","78.75","79.90","27,348,566"
"17-Mar-2023","80.60","80.85","78.85","79.30","22,904,016"
"20-Mar-2023","79.20","80.70","78.70","80.60","18,090,005"
"21-Mar-2023","80.80","81.15","79.30","79.55","9,942,587"
"22-Mar-2023","79.80","79.95","79.10","79.60","8,162,089"
"23-Mar-2023","79.35","79.60","78.80","79.00","7,065,528"
"24-Mar-2023","78.85","79.20","78.00","78.40","10,269,895"
"27-Mar-2023","78.00","78.40","76.75","77.10","4,845,906"
"28-Mar-2023","76.90","77.40","75.75","76.90","7,446,988"
"29-Mar-2023","76.85","77.55","76.65","76.90","9,921,198"
"31-Mar-2023","77.30","78.35","77.20","77.90","9,748,505"
"03-Apr-2023","77.25","78.25","76.90","77.50","11,416,090"
"05-Apr-2023","78.05","78.25","77.00","77.15","6,867,318"
"06-Apr-2023","77.15","77.85","76.90","77.70","5,063,531"
"10-Apr-2023","77.70","78.20","77.40","77.80","5,706,517"
"11-Apr-2023","77.80","78.10","77.65","77.90","2,998,570"
"12-Apr-2023","77.90","78.20","77.55","78.00","4,182,972"
"13-Apr-2023","78.00","78.15","77.00","77.20","6,411,454"
"17-Apr-2023","77.20","77.45","76.80","77.25","7,736,935"
"18-Apr-2023","77.20","78.10","77.20","78.00","5,096,362"
"19-Apr-2023","77.95","78.75","77.70","78.55","7,940,271"
"20-Apr-2023","78.90","79.10","78.10","78.20","7,789,377"
"21-Apr-2023","78.75","78.75","77.85","78.25","5,001,767"
"24-Apr-2023","78.30","78.60","77.95","78.25","7,060,879"
"25-Apr-2023","78.25","78.85","78.05","78.45","4,656,411"
"26-Apr-2023","78.35","78.85","78.15","78.45","5,090,493"
"27-Apr-2023","78.55","80.75","78.55","80.45","17,036,886"
"28-Apr-2023","80.95","81.55","80.40","81.40","11,996,476"
"02-May-2023","81.75","82.70","81.40","82.15","11,768,608"
"03-May-2023","82.45","83.60","82.45","82.70","12,067,736"
"04-May-2023","83.10","84.50","82.90","83.30","15,811,123"
"05-May-2023","83.30","83.45","82.40","82.80","5,895,640"
"08-May-2023","83.00","83.45","82.40","83.25","6,051,050"
"09-May-2023","83.75","84.30","83.50","84.00","7,286,472"
"10-May-2023","84.50","84.60","83.85","84.25","7,349,573"
"11-May-2023","84.30","84.45","83.80","83.95","4,455,253"
"12-May-2023","83.85","84.15","83.35","83.55","4,700,410"
"15-May-2023","83.80","84.55","83.55","84.20","7,167,177"
"16-May-2023","85.40","87.65","85.00","87.00","44,298,431"
"17-May-2023","87.80","88.60","87.30","87.55","20,861,152"
"18-May-2023","87.60","87.75","85.80","86.00","16,119,484"
"19-May-2023","86.00","86.25","84.80","86.05","11,201,198"
"22-May-2023","86.05","87.30","85.30","87.15","9,226,502"
"23-May-2023","87.45","89.90","86.75","89.00","27,392,800"
"24-May-2023","89.10","89.90","88.75","89.65","19,866,440"
"25-May-2023","89.85","89.85","88.60","89.15","9,684,940"
"26-May-2023","89.20","90.30","89.00","90.20","9,846,321"
"29-May-2023","90.30","90.45","89.40","90.05","6,891,927"
"30-May-2023","90.00","90.95","89.80","90.30","9,269,698"
"31-May-2023","90.40","91.40","89.55","90.00","17,157,711"
"01-Jun-2023","90.50","91.15","89.90","90.50","11,770,478"
"02-Jun-2023","90.50","90.90","89.70","89.80","7,123,634"
"05-Jun-2023","89.90","90.00","88.65","89.25","9,227,005"
"06-Jun-2023","89.40","89.80","88.85","89.40","5,740,801"
"07-Jun-2023","89.55","91.10","89.50","90.85","11,403,972"
"08-Jun-2023","90.75","90.85","89.70","90.05","10,809,055"
"09-Jun-2023","90.20","91.65","90.15","90.30","9,921,823"
"12-Jun-2023","90.70","92.00","90.20","91.85","10,813,997"
"13-Jun-2023","92.85","93.10","91.70","91.90","19,796,495"
"14-Jun-2023","92.20","93.50","92.00","93.15","19,246,845"
"15-Jun-2023","93.30","93.70","92.60","92.90","8,742,159"
"16-Jun-2023","93.00","93.20","91.90","92.15","15,146,569"
"19-Jun-2023","92.15","92.85","91.65","91.90","6,800,507"
"20-Jun-2023","91.90","92.60","91.30","91.90","9,394,894"
"21-Jun-2023","91.95","92.85","91.70","92.00","9,499,893"
"22-Jun-2023","92.00","92.85","91.75","92.00","9,694,937"
"23-Jun-2023","92.30","92.40","88.85","89.30","18,134,295"
"26-Jun-2023","89.30","89.95","88.70","89.55","10,963,542"
"27-Jun-2023","89.75","90.50","88.90","89.35","10,668,117"
"28-Jun-2023","89.70","91.15","89.00","90.65","14,388,441"
"30-Jun-2023","90.95","91.95","90.65","91.30","12,595,671"
"03-Jul-2023","91.60","96.10","91.30","95.25","32,972,732"
"04-Jul-2023","96.00","96.40","94.35","94.65","11,918,401"
"05-Jul-2023","95.15","95.70","93.40","95.50","14,283,796"
"06-Jul-2023","96.00","98.80","96.00","98.60","32,778,334"
"07-Jul-2023","99.45","101.25","98.80","99.20","37,546,405"
"10-Jul-2023","101.00","101.45","97.10","97.40","24,042,759"
"11-Jul-2023","97.80","98.90","96.90","98.10","17,508,261"
"12-Jul-2023","98.25","99.35","97.70","97.90","14,979,586"
"13-Jul-2023","98.40","98.70","96.00","96.20","11,491,737"
"14-Jul-2023","96.50","97.65","95.80","96.60","24,048,036"
"17-Jul-2023","97.40","97.90","96.90","97.35","19,126,927"
"18-Jul-2023","98.05","98.40","97.20","97.60","9,527,821"
"19-Jul-2023","98.00","99.05","97.70","98.25","15,283,446"
"20-Jul-2023","98.70","99.30","98.45","98.75","8,940,131"
"21-Jul-2023","98.85","99.85","98.60","99.35","18,598,910"
"24-Jul-2023","99.80","100.70","99.50","99.85","19,073,238"
"25-Jul-2023","99.95","100.25","98.70","99.00","11,983,867"
"26-Jul-2023","99.85","100.20","98.85","99.60","14,912,431"
"27-Jul-2023","100.40","100.45","98.10","98.60","16,349,608"
"28-Jul-2023","96.20","96.60","94.25","95.25","27,278,447"
"31-Jul-2023","96.00","96.20","93.00","93.75","25,418,124"
"01-Aug-2023","93.80","94.75","93.30","94.00","16,132,927"
"02-Aug-2023","94.40","94.65","93.00","93.85","16,780,965"
"03-Aug-2023","93.90","94.20","93.15","93.50","8,703,991"
"04-Aug-2023","93.55","93.90","92.05","92.30","10,743,670"
"07-Aug-2023","92.45","93.00","92.00","92.85","6,947,500"
"08-Aug-2023","93.00","93.45","91.95","92.35","14,652,588"
"09-Aug-2023","92.45","94.05","92.20","93.90","9,339,961"
"10-Aug-2023","93.90","94.30","93.50","93.85","6,480,305"
"11-Aug-2023","94.00","94.30","93.35","93.50","9,294,868"
"14-Aug-2023","93.50","93.55","91.50","92.60","6,762,888"
"16-Aug-2023","92.60","93.45","92.05","93.30","7,026,509"
"17-Aug-2023","93.30","93.50","92.00","92.25","6,856,243"
"18-Aug-2023","92.15","92.35","91.10","91.40","7,603,578"
"21-Aug-2023","91.30","92.15","90.75","92.00","7,450,923"
"22-Aug-2023","92.40","92.40","91.65","91.85","5,274,379"
"23-Aug-2023","91.85","92.00","91.20","91.30","6,805,550"
"24-Aug-2023","91.70","93.25","91.55","92.25","9,936,618"
"25-Aug-2023","91.95","93.20","91.65","91.80","7,021,529"
"28-Aug-2023","92.25","92.50","91.70","91.90","6,866,040"
"29-Aug-2023","92.05","92.40","91.60","91.90","6,510,089"
"30-Aug-2023","91.50","91.50","90.60","90.75","10,926,964"
"31-Aug-2023","90.75","91.55","88.95","89.10","15,918,998"
"01-Sep-2023","89.35","90.00","88.75","89.05","14,735,373"
"04-Sep-2023","89.30","90.50","89.30","90.05","13,063,008"
"05-Sep-2023","90.55","91.70","90.40","91.35","12,849,665"
"06-Sep-2023","91.45","91.70","90.50","91.35","8,805,552"
"07-Sep-2023","91.45","91.90","91.05","91.70","7,697,172"
"08-Sep-2023","92.20","94.95","91.55","94.00","29,294,769"
"11-Sep-2023","95.50","96.00","94.10","95.20","23,997,873"
"12-Sep-2023","95.90","95.90","91.35","91.55","21,373,206"
"13-Sep-2023","91.90","93.50","91.35","93.10","11,716,054"
"14-Sep-2023","93.60","95.10","93.15","94.65","16,430,876"
"15-Sep-2023","94.35","94.55","91.75","91.95","35,184,771"
"18-Sep-2023","92.80","93.40","91.80","92.60","17,302,409"
"20-Sep-2023","92.45","92.95","91.40","91.85","18,228,395"
"21-Sep-2023","91.90","93.15","91.80","92.75","15,173,388"
"22-Sep-2023","92.80","93.35","92.00","92.25","10,983,768"
"25-Sep-2023","92.50","92.60","91.80","91.95","10,885,789"
"26-Sep-2023","92.20","92.80","91.90","92.00","8,786,944"
"27-Sep-2023","92.05","92.40","90.10","90.40","17,576,586"
"28-Sep-2023","90.80","91.40","89.50","89.80","17,116,633"
"29-Sep-2023","90.60","91.15","90.25","90.95","7,353,379"
"03-Oct-2023","91.40","91.40","89.80","90.00","12,491,467"
"04-Oct-2023","90.00","90.15","88.70","89.10","10,554,372"
"05-Oct-2023","90.45","90.75","89.20","89.65","9,293,183"
"06-Oct-2023","90.00","90.00","89.35","89.75","8,500,414"
"09-Oct-2023","88.45","88.60","87.00","87.45","10,345,543"
"10-Oct-2023","87.45","88.55","87.30","88.35","9,460,129"
"11-Oct-2023","89.00","90.25","88.65","89.70","12,124,613"
"12-Oct-2023","89.85","90.70","89.85","90.30","9,922,340"
"13-Oct-2023","90.30","91.25","90.05","90.85","12,881,848"
"16-Oct-2023","91.00","91.15","90.20","90.90","8,631,278"
"17-Oct-2023","91.00","92.30","90.75","91.85","13,355,267"
"18-Oct-2023","92.50","92.50","90.50","90.75","11,466,227"
"19-Oct-2023","90.15","90.90","90.10","90.65","6,724,121"
"20-Oct-2023","90.55","90.85","89.50","90.30","8,772,287"
"23-Oct-2023","90.30","90.30","87.65","87.95","9,592,121"
"25-Oct-2023","88.45","89.20","86.80","87.60","9,057,651"
"26-Oct-2023","87.55","87.80","85.50","86.20","10,108,394"
"27-Oct-2023","86.55","87.50","86.55","86.90","6,454,064"
"30-Oct-2023","87.45","88.60","86.75","88.25","10,175,983"
"31-Oct-2023","89.00","90.00","87.65","89.70","29,025,469"
"01-Nov-2023","92.00","93.00","90.45","92.45","54,027,867"
"02-Nov-2023","93.85","96.50","93.30","95.05","63,995,437"
"03-Nov-2023","96.50","96.75","95.40","95.90","34,490,201"
"06-Nov-2023","97.00","100.50","96.60","99.00","63,500,708"
"07-Nov-2023","100.00","104.30","98.75","104.05","79,534,919"
"08-Nov-2023","105.40","106.90","103.05","103.45","69,412,828"
"09-Nov-2023","104.10","104.50","102.50","102.95","32,091,128"
"10-Nov-2023","97.85","98.85","97.40","98.05","28,403,392"
"12-Nov-2023","98.05","98.90","98.05","98.35","6,002,882"
"13-Nov-2023","98.30","99.25","97.55","99.00","23,502,134"
"15-Nov-2023","100.00","102.00","99.15","101.70","35,721,107"
"16-Nov-2023","102.00","105.15","101.70","104.10","43,421,272"
"17-Nov-2023","105.00","106.30","101.50","102.70","50,796,419"
"20-Nov-2023","103.00","103.95","102.00","102.85","16,980,763"
"21-Nov-2023","103.00","103.20","100.85","101.05","20,429,383"
"22-Nov-2023","101.00","102.70","100.35","101.25","16,652,996"
"23-Nov-2023","102.00","104.20","100.75","103.80","18,589,035"
"24-Nov-2023","104.10","105.30","103.00","103.45","26,009,963"
"28-Nov-2023","104.70","108.60","104.10","108.20","61,127,565"
"29-Nov-2023","108.70","109.75","107.45","108.55","36,828,919"
"30-Nov-2023","108.55","112.50","107.10","111.75","46,269,884"
"01-Dec-2023","112.85","113.95","110.60","111.25","24,131,009"
"04-Dec-2023","114.50","118.15","113.10","115.90","50,645,500"
"05-Dec-2023","120.00","120.00","115.60","117.70","47,272,168"
"06-Dec-2023","118.80","119.95","117.40","119.30","31,094,949"
"07-Dec-2023","120.30","122.50","119.55","121.35","38,173,544"
"08-Dec-2023","122.15","122.45","117.35","118.80","22,610,433"
"11-Dec-2023","119.90","121.00","116.60","117.50","28,917,089"
"12-Dec-2023","118.00","118.90","116.90","117.55","15,735,665"
"13-Dec-2023","118.50","119.85","118.05","119.65","23,660,687"
"14-Dec-2023","120.50","120.50","119.35","120.10","20,038,925"
"15-Dec-2023","120.30","124.95","119.65","123.80","43,200,717"
"18-Dec-2023","124.45","125.80","123.20","124.35","19,345,644"
"19-Dec-2023","125.00","125.95","124.20","124.70","22,074,723"
"20-Dec-2023","125.60","126.40","119.00","120.05","27,660,494"
"21-Dec-2023","118.00","124.50","117.35","124.15","20,805,929"
"22-Dec-2023","124.25","125.00","122.10","123.70","12,915,880"
"26-Dec-2023","123.90","128.50","123.60","128.05","30,770,511"
"27-Dec-2023","128.40","128.90","125.45","126.60","16,455,934"
"28-Dec-2023","127.00","133.95","126.50","133.25","54,672,874"
"29-Dec-2023","129.70","132.05","128.30","129.85","30,650,133"
"01-Jan-2024","132.10","132.50","130.00","130.30","18,629,028"
"02-Jan-2024","131.00","131.45","128.60","130.55","17,271,309"
"03-Jan-2024","130.55","133.85","130.30","132.70","24,221,613"
"04-Jan-2024","132.00","132.00","128.80","131.20","23,880,980"
"05-Jan-2024","132.80","134.60","131.55","132.70","21,903,222"
"08-Jan-2024","134.00","136.10","132.25","132.65","26,199,907"
"09-Jan-2024","134.90","134.90","131.55","131.90","15,051,378"
"10-Jan-2024","130.95","131.00","128.50","130.55","17,547,639"
"11-Jan-2024","131.35","133.90","131.10","133.25","21,653,666"
"12-Jan-2024","133.45","135.85","132.75","135.30","24,471,509"
"15-Jan-2024","136.45","138.00","135.20","137.65","22,824,583"
"16-Jan-2024","138.25","144.35","137.50","143.60","54,350,562"
"17-Jan-2024","143.00","145.40","141.55","144.10","43,031,636"
"18-Jan-2024","143.80","145.65","139.90","144.50","26,958,686"
"19-Jan-2024","145.10","149.30","143.80","148.65","23,970,656"
"20-Jan-2024","149.90","150.40","147.60","148.05","16,429,974"
"23-Jan-2024","151.50","151.80","137.85","138.95","38,167,576"
"24-Jan-2024","138.95","145.25","138.05","143.45","40,122,151"
"25-Jan-2024","145.90","145.90","142.00","143.70","38,252,600"
"29-Jan-2024","143.70","148.40","143.50","146.70","28,420,760"
"30-Jan-2024","148.40","152.20","146.50","147.70","41,378,967"
"31-Jan-2024","147.80","150.10","146.10","146.95","27,393,172"
"01-Feb-2024","148.50","150.70","147.05","149.75","27,883,335"
"02-Feb-2024","151.90","166.80","151.05","162.90","94,675,914"
"05-Feb-2024","167.95","177.20","164.70","173.95","101,043,319"
"06-Feb-2024","176.55","186.00","171.35","184.50","97,077,698"
"07-Feb-2024","188.20","192.65","185.05","186.45","82,890,137"
"08-Feb-2024","187.90","196.80","186.75","192.40","83,103,687"
"09-Feb-2024","193.40","193.85","177.75","182.50","84,137,345"
"12-Feb-2024","182.50","184.35","173.15","175.40","54,071,070"
"13-Feb-2024","174.95","177.45","172.35","174.45","37,121,416"
"14-Feb-2024","173.00","184.35","170.90","183.55","52,764,452"
"15-Feb-2024","185.00","191.35","183.50","189.85","70,678,699"
"16-Feb-2024","190.00","194.10","186.15","187.00","54,056,644"
"19-Feb-2024","188.60","190.90","186.40","188.50","30,664,067"
"20-Feb-2024","187.50","189.70","183.80","188.75","34,936,800"
"21-Feb-2024","189.60","190.70","181.10","182.30","22,131,487"
"22-Feb-2024","181.50","181.50","175.40","179.70","39,618,423"
"23-Feb-2024","179.70","180.70","175.05","175.85","31,342,100"
"26-Feb-2024","175.90","178.80","172.55","177.50","36,264,939"
"27-Feb-2024","177.50","178.35","172.10","173.25","27,603,342"
"28-Feb-2024","172.50","173.45","166.70","167.40","35,971,734"
"29-Feb-2024","167.40","168.45","164.35","165.55","52,797,150"
"01-Mar-2024","167.95","171.80","167.40","169.40","33,401,242"
"02-Mar-2024","169.95","172.75","169.40","172.20","3,151,390"
"04-Mar-2024","172.20","176.45","170.50","175.25","28,643,745"
"05-Mar-2024","176.45","177.30","174.55","175.85","21,719,198"
"06-Mar-2024","176.20","178.20","172.10","177.35","37,730,619"
"07-Mar-2024","177.35","178.35","174.00","174.60","17,880,714"
"11-Mar-2024","173.95","177.50","172.10","174.25","22,843,402"
"12-Mar-2024","175.00","175.90","171.45","172.90","20,208,400"
"13-Mar-2024","173.00","173.90","161.75","163.35","26,725,350"
"14-Mar-2024","161.25","171.40","160.60","170.35","25,912,125"
"15-Mar-2024","166.00","168.70","153.60","161.00","108,719,847"
"18-Mar-2024","162.55","163.25","160.15","160.80","22,670,787"
"19-Mar-2024","158.90","158.90","154.25","155.25","50,547,948"
"20-Mar-2024","156.00","158.55","155.00","158.25","23,956,154"
"21-Mar-2024","161.00","164.75","159.80","164.50","26,756,447"
"22-Mar-2024","165.70","167.15","163.55","165.15","25,141,774"
"26-Mar-2024","164.35","168.75","163.55","167.45","21,189,137"
"27-Mar-2024","169.00","171.45","165.35","166.20","31,466,480"
"28-Mar-2024","166.75","169.50","166.70","167.75","17,007,401"
"01-Apr-2024","169.95","171.25","168.75","169.25","14,548,989"
"02-Apr-2024","169.40","174.50","169.30","174.20","29,081,495"
"03-Apr-2024","174.20","175.20","173.15","173.70","18,996,701"
"04-Apr-2024","174.00","174.95","169.05","169.65","17,913,673"
"05-Apr-2024","168.80","168.85","164.60","168.00","26,551,221"
"08-Apr-2024","169.00","171.85","168.75","170.30","14,541,348"
"09-Apr-2024","170.50","170.85","168.00","168.90","10,074,537"
"10-Apr-2024","169.00","174.20","168.90","173.05","26,458,888"
"12-Apr-2024","172.95","173.45","169.75","170.15","23,635,268"
"15-Apr-2024","166.80","169.95","162.65","166.40","30,165,832"
"16-Apr-2024","166.40","170.80","165.50","169.00","19,347,109"
"18-Apr-2024","172.30","175.10","168.05","169.00","29,756,025"
"19-Apr-2024","163.50","167.50","162.20","166.65","28,613,815"
"22-Apr-2024","169.95","172.20","168.50","170.90","19,022,799"
"23-Apr-2024","173.70","173.70","167.95","168.10","19,730,937"
"24-Apr-2024","169.40","170.60","167.55","168.75","17,496,649"
"25-Apr-2024","169.45","171.00","168.75","170.20","14,757,776"
"26-Apr-2024","170.70","172.60","169.85","171.55","17,306,072"
"29-Apr-2024","173.00","178.00","172.20","176.75","40,527,426"
"30-Apr-2024","179.50","179.80","167.85","168.85","67,530,236"
"02-May-2024","172.00","174.60","168.25","173.40","60,555,113"
"03-May-2024","174.80","174.90","169.40","170.75","30,968,452"
"06-May-2024","171.85","172.00","165.10","166.25","28,686,100"
"07-May-2024","167.50","168.20","159.50","160.00","40,995,072"
"08-May-2024","161.50","164.30","159.65","163.15","28,458,714"
"09-May-2024","163.00","163.00","156.05","156.60","27,225,782"
"10-May-2024","158.50","160.15","155.55","158.95","24,021,566"
"13-May-2024","159.85","160.70","154.75","158.20","28,720,880"
"14-May-2024","158.20","160.70","157.05","159.35","17,592,865"
"15-May-2024","160.60","162.60","159.75","161.80","17,906,679"
"16-May-2024","163.05","164.40","161.15","162.85","23,017,120"
"17-May-2024","162.85","164.60","162.65","164.05","13,305,287"
"18-May-2024","164.40","165.40","164.20","164.90","2,610,681"
"21-May-2024","165.00","168.40","163.55","166.90","26,148,240"
"22-May-2024","168.20","168.20","164.25","166.95","20,053,145"
"23-May-2024","167.50","169.35","166.70","167.95","17,423,296"
"24-May-2024","167.90","170.45","167.30","168.80","17,579,600"
"27-May-2024","169.10","170.45","166.80","168.90","14,367,479"
"28-May-2024","169.10","169.80","165.80","167.05","12,934,677"
"29-May-2024","166.00","166.90","164.50","165.05","12,374,782"
"30-May-2024","164.70","165.25","161.35","161.95","13,980,050"
"31-May-2024","163.40","163.75","161.05","162.40","34,520,338"
"03-Jun-2024","170.80","176.40","168.00","175.30","62,214,295"
"04-Jun-2024","177.00","177.00","149.00","154.50","88,989,411"
"05-Jun-2024","158.50","159.90","147.80","159.25","36,919,071"
"06-Jun-2024","164.00","168.10","162.15","163.60","35,722,401"
"07-Jun-2024","163.70","164.55","161.40","164.20","33,444,357"
"10-Jun-2024","165.70","166.40","164.10","165.21","19,825,323"
"11-Jun-2024","165.90","169.00","164.30","167.68","28,559,865"
"12-Jun-2024","169.00","171.24","168.51","168.84","28,047,986"
"13-Jun-2024","170.00","170.20","168.05","168.95","17,279,580"
"14-Jun-2024","169.20","172.10","169.16","170.36","22,000,973"
"18-Jun-2024","171.90","171.90","169.00","169.59","17,723,479"
"19-Jun-2024","170.00","170.30","166.05","166.75","18,053,095"
"20-Jun-2024","167.35","169.72","166.10","168.97","15,794,096"
"21-Jun-2024","169.19","169.50","166.26","166.62","19,269,862"
"24-Jun-2024","166.62","167.69","164.71","166.30","13,445,384"
"25-Jun-2024","166.98","167.14","164.05","164.37","14,775,324"
"26-Jun-2024","165.15","165.24","164.00","164.27","10,441,389"
"27-Jun-2024","164.50","164.88","162.18","163.58","24,654,739"
"28-Jun-2024","163.90","166.64","163.80","165.63","15,335,579"
"01-Jul-2024","166.00","167.95","165.62","167.66","19,014,104"
"02-Jul-2024","168.00","169.71","167.01","168.30","31,012,683"
"03-Jul-2024","169.40","169.80","167.75","169.31","20,184,032"
"04-Jul-2024","170.10","171.30","169.18","170.17","26,156,046"
"05-Jul-2024","170.90","171.94","169.71","171.28","26,431,264"
"08-Jul-2024","172.21","172.81","169.75","170.07","30,322,381"
"09-Jul-2024","171.29","172.70","170.50","171.67","28,600,182"
"10-Jul-2024","172.30","172.49","167.20","171.90","34,673,112"
"11-Jul-2024","172.90","175.80","172.25","174.44","55,143,055"
"12-Jul-2024","168.49","169.25","166.11","167.04","35,355,791"
"15-Jul-2024","167.50","170.32","166.40","169.70","32,915,517"
"16-Jul-2024","169.50","172.30","169.25","170.74","33,837,471"
"18-Jul-2024","170.00","171.66","168.66","169.61","22,673,600"
"19-Jul-2024","170.90","170.90","165.15","165.49","26,361,146"
"22-Jul-2024","165.49","169.00","163.88","168.19","17,140,562"
"23-Jul-2024","169.35","169.35","160.66","165.82","21,714,840"
"24-Jul-2024","165.82","169.25","165.56","168.79","16,076,455"
"25-Jul-2024","166.89","177.56","166.54","176.85","75,894,556"
"26-Jul-2024","178.34","178.92","175.55","176.55","27,261,949"
"29-Jul-2024","178.00","181.70","178.00","180.39","42,913,186"
"30-Jul-2024","180.00","185.97","178.31","182.95","75,819,147"
"31-Jul-2024","183.50","184.85","180.08","181.67","32,726,809"
"01-Aug-2024","182.00","182.49","177.87","179.73","26,184,112"
"02-Aug-2024","178.00","179.29","174.64","177.29","27,097,002"
"05-Aug-2024","172.00","174.88","166.99","170.59","37,579,908"
"06-Aug-2024","172.00","174.40","166.28","167.01","18,084,781"
"07-Aug-2024","171.24","172.50","169.07","172.22","15,591,095"
"08-Aug-2024","171.99","172.12","169.20","170.23","14,932,165"
"09-Aug-2024","172.10","173.00","168.80","169.09","14,137,851"
"12-Aug-2024","168.00","171.00","167.79","169.16","11,563,339"
"13-Aug-2024","168.31","168.69","163.01","164.12","16,620,160"
"14-Aug-2024","165.01","165.64","163.10","163.74","14,369,897"
"16-Aug-2024","165.25","167.45","164.85","167.17","10,622,879"
"19-Aug-2024","170.00","170.81","169.32","170.08","11,457,875"
"20-Aug-2024","171.99","173.40","171.03","172.23","15,526,789"
"21-Aug-2024","173.00","174.85","172.11","173.89","15,640,289"
"22-Aug-2024","174.88","175.49","173.40","173.79","11,809,546"
"23-Aug-2024","173.60","175.49","172.67","173.13","13,815,705"
"26-Aug-2024","174.00","174.37","172.40","173.46","8,952,470"
"27-Aug-2024","172.80","174.63","171.75","173.25","11,132,430"
"28-Aug-2024","173.25","176.50","173.23","173.75","14,449,023"
"29-Aug-2024","173.89","177.30","173.16","176.84","21,375,638"
"30-Aug-2024","178.00","178.78","176.12","176.97","22,288,432"
"02-Sep-2024","179.25","181.20","177.01","178.73","26,940,504"
"03-Sep-2024","178.60","178.91","175.60","176.13","11,874,065"
"04-Sep-2024","177.00","179.70","176.11","177.03","23,923,887"
"05-Sep-2024","178.65","184.00","177.91","181.34","46,162,315"
"06-Sep-2024","181.09","181.29","174.70","176.64","31,875,186"
"09-Sep-2024","175.50","177.21","173.65","175.34","15,121,584"
"10-Sep-2024","176.11","176.74","174.55","175.55","14,875,095"
"11-Sep-2024","176.99","177.89","169.09","169.74","29,731,172"
"12-Sep-2024","171.49","173.70","170.07","173.26","18,368,650"
"13-Sep-2024","173.25","176.00","172.45","173.19","15,061,240"
"16-Sep-2024","173.80","174.11","171.59","171.82","8,492,383"
"17-Sep-2024","171.32","171.95","170.05","170.51","6,417,946"
"18-Sep-2024","170.60","171.06","167.60","168.45","10,726,650"
"19-Sep-2024","168.89","169.94","162.19","165.04","19,197,503"
"20-Sep-2024","165.40","167.75","165.00","167.05","20,652,037"
"23-Sep-2024","167.55","170.20","167.00","169.73","9,393,577"
"24-Sep-2024","169.17","170.95","168.80","169.89","10,027,795"
"25-Sep-2024","169.60","170.94","168.50","169.82","8,749,024"
"26-Sep-2024","170.21","171.90","168.61","171.36","11,349,547"
"27-Sep-2024","171.60","180.75","171.50","180.01","52,095,985"
"30-Sep-2024","179.71","182.46","176.17","180.15","33,375,167"
"01-Oct-2024","180.00","181.34","177.27","179.06","17,390,545"
"03-Oct-2024","173.22","176.20","170.73","171.33","25,392,543"
"04-Oct-2024","169.50","170.49","165.60","168.65","25,223,563"
"07-Oct-2024","170.79","170.79","162.10","162.74","19,798,152"
"08-Oct-2024","162.05","165.00","160.76","164.24","14,948,163"
"09-Oct-2024","167.79","169.24","164.46","164.74","20,278,252"
"10-Oct-2024","165.17","167.20","164.01","164.39","10,145,184"
"11-Oct-2024","164.39","164.74","162.60","163.15","8,750,905"
"14-Oct-2024","164.15","166.01","162.85","165.47","14,345,120"
"15-Oct-2024","168.00","169.65","166.50","167.93","22,551,022"
"16-Oct-2024","168.25","171.65","167.61","168.39","21,433,632"
"17-Oct-2024","168.00","168.60","164.00","164.28","13,215,492"
"18-Oct-2024","163.30","165.97","161.74","165.35","11,701,011"
"21-Oct-2024","165.10","166.68","159.75","160.12","20,627,025"
"22-Oct-2024","160.00","160.74","154.86","155.31","15,190,259"
"23-Oct-2024","154.90","155.54","150.15","152.94","16,503,290"
"24-Oct-2024","152.94","154.34","152.52","153.27","8,648,491"
"25-Oct-2024","153.50","153.95","145.45","146.31","20,505,003"
"28-Oct-2024","148.60","149.73","145.00","147.02","21,349,891"
"29-Oct-2024","141.01","145.10","140.56","144.12","35,275,184"
"30-Oct-2024","143.60","145.44","142.25","143.40","17,388,536"
"31-Oct-2024","143.40","144.40","141.60","142.62","18,657,930"
"01-Nov-2024","144.30","145.50","143.00","144.99","4,076,745"
"04-Nov-2024","144.58","144.58","136.36","138.93","46,651,179"
"05-Nov-2024","137.99","141.10","137.67","140.80","18,594,095"
"06-Nov-2024","141.61","145.14","141.37","144.61","18,107,864"
"07-Nov-2024","144.66","145.74","143.12","144.15","14,637,973"
"08-Nov-2024","143.81","144.39","140.00","140.34","15,316,464"
"11-Nov-2024","138.80","140.70","137.67","139.43","17,669,364"
"12-Nov-2024","139.60","141.96","138.50","138.79","10,561,738"
"13-Nov-2024","138.24","139.30","135.50","135.99","12,503,679"
"14-Nov-2024","135.50","136.84","133.75","134.76","17,425,507"
"18-Nov-2024","135.13","135.82","133.33","134.14","12,693,551"
"19-Nov-2024","134.86","136.68","132.65","133.12","12,696,762"
"21-Nov-2024","133.12","133.40","129.50","130.71","15,787,410"
"22-Nov-2024","131.49","133.10","130.73","132.61","12,070,416"
"25-Nov-2024","135.77","137.96","135.18","136.40","22,201,129"
"26-Nov-2024","137.30","137.75","136.14","136.96","9,265,539"
"27-Nov-2024","138.14","139.75","135.25","139.00","18,242,345"
"28-Nov-2024","139.20","141.10","137.25","137.75","17,331,637"
"29-Nov-2024","137.00","139.26","136.87","138.63","14,012,364"
"02-Dec-2024","138.22","138.65","136.88","137.65","16,069,119"
"03-Dec-2024","138.00","139.75","137.92","139.51","13,089,770"
"04-Dec-2024","139.51","141.10","139.15","139.86","12,745,610"
"05-Dec-2024","140.39","140.39","138.06","139.44","14,056,789"
"06-Dec-2024","140.65","143.54","140.30","141.96","20,687,458"
"09-Dec-2024","141.96","143.15","141.31","142.33","16,119,047"
"10-Dec-2024","142.10","144.44","141.93","143.54","13,694,082"
"11-Dec-2024","143.49","144.44","142.94","143.19","9,714,837"
"12-Dec-2024","142.25","143.19","140.87","141.48","14,929,334"
"13-Dec-2024","144.74","145.10","140.88","144.24","36,825,429"
"16-Dec-2024","144.32","144.95","142.20","143.16","12,428,446"
"17-Dec-2024","143.00","143.20","140.00","140.32","11,896,291"
"18-Dec-2024","139.15","140.69","136.33","136.71","12,013,629"
"19-Dec-2024","134.00","140.30","133.54","139.62","18,879,012"
"20-Dec-2024","139.68","141.65","136.60","137.08","19,545,043"
"23-Dec-2024","138.08","139.80","137.27","137.78","12,517,478"
"24-Dec-2024","137.91","139.46","137.41","138.27","7,802,858"
"26-Dec-2024","138.30","139.62","137.11","137.85","8,620,779"
"27-Dec-2024","138.05","138.79","136.10","136.25","6,146,307"
"30-Dec-2024","136.25","136.83","134.10","134.61","29,229,520"
"31-Dec-2024","134.52","137.24","134.22","136.41","8,243,910"
"01-Jan-2025","135.80","137.36","135.70","137.04","4,144,374"
"02-Jan-2025","136.41","138.21","135.65","137.96","10,625,223"
"03-Jan-2025","137.72","139.83","137.13","138.14","14,567,050"
"06-Jan-2025","138.14","138.48","132.05","132.88","19,711,596"
"07-Jan-2025","133.49","136.28","133.20","134.33","13,658,286"
"08-Jan-2025","134.15","135.50","133.09","134.60","14,259,056"
"09-Jan-2025","134.64","134.80","132.00","132.20","9,734,279"
"10-Jan-2025","132.20","133.00","129.75","130.28","12,948,066"
"13-Jan-2025","128.03","128.39","121.16","121.99","30,291,583"
"14-Jan-2025","123.00","127.20","122.72","126.63","17,430,438"
"15-Jan-2025","128.26","128.87","126.22","126.95","11,472,116"
"16-Jan-2025","127.95","128.27","126.55","127.10","11,843,193"
"17-Jan-2025","127.00","128.49","126.30","128.07","24,617,689"
"20-Jan-2025","128.85","131.18","126.81","130.50","8,234,561"
"21-Jan-2025","131.70","133.66","130.65","131.08","20,272,605"
"22-Jan-2025","132.20","132.60","128.44","130.52","9,202,153"
"23-Jan-2025","130.40","130.69","128.84","129.83","7,058,477"
"24-Jan-2025","130.99","132.75","127.90","128.26","12,630,632"
"27-Jan-2025","127.97","127.97","122.50","124.17","18,934,026"
"28-Jan-2025","124.17","125.85","121.84","122.58","19,861,475"
"29-Jan-2025","123.19","124.39","122.90","123.64","12,017,314"
"30-Jan-2025","124.40","128.50","123.86","127.12","17,776,744"
"31-Jan-2025","127.12","128.85","126.15","128.49","9,686,000"
"01-Feb-2025","128.85","129.75","124.61","125.42","10,535,114"
"03-Feb-2025","124.11","124.20","120.10","120.96","26,047,332"
"04-Feb-2025","122.70","124.68","122.50","124.46","14,405,748"
"05-Feb-2025","125.49","128.48","125.46","126.43","11,469,878"
"06-Feb-2025","128.05","128.22","125.32","126.02","9,804,040"
"07-Feb-2025","126.03","126.75","124.43","125.11","8,892,600"
"10-Feb-2025","125.00","126.62","122.86","123.18","12,773,729"
"11-Feb-2025","123.18","123.74","120.00","120.47","14,532,810"
"12-Feb-2025","120.69","121.20","117.28","120.42","14,799,271"
"13-Feb-2025","121.00","122.00","119.95","120.08","10,136,689"
"14-Feb-2025","120.50","121.24","116.00","117.25","12,351,973"
"17-Feb-2025","117.25","118.80","114.40","118.45","12,518,983"
"18-Feb-2025","118.45","119.25","116.31","119.00","8,678,689"
"19-Feb-2025","118.11","120.17","117.90","119.87","9,158,990"
"20-Feb-2025","119.84","122.95","118.98","122.79","9,940,851"
"21-Feb-2025","122.00","123.71","120.83","121.33","9,657,933"
"24-Feb-2025","120.25","121.31","119.40","120.22","8,764,985"
"25-Feb-2025","120.22","120.71","118.40","118.65","7,607,411"
"27-Feb-2025","118.26","119.00","116.09","116.42","10,709,253"
"28-Feb-2025","116.00","116.21","112.92","113.49","24,161,878"
"03-Mar-2025","114.70","115.35","110.72","114.56","18,881,646"
"04-Mar-2025","113.10","118.45","111.91","118.04","14,145,658"
"05-Mar-2025","118.04","122.58","117.75","122.25","19,577,861"
"06-Mar-2025","124.60","126.88","123.95","125.84","19,384,187"
"07-Mar-2025","125.75","126.30","123.70","124.84","14,763,396"
"10-Mar-2025","124.00","125.44","121.10","121.59","12,727,300"
"11-Mar-2025","121.19","125.25","120.34","124.82","18,090,217"
"12-Mar-2025","125.00","127.80","124.18","125.29","14,079,943"
"13-Mar-2025","125.00","126.47","124.33","125.67","10,882,226"
"17-Mar-2025","125.43","126.00","123.15","124.11","13,126,163"
"18-Mar-2025","124.50","125.50","123.68","125.15","8,940,367"
"19-Mar-2025","125.31","127.90","125.31","127.75","11,273,526"
"20-Mar-2025","128.40","131.00","127.42","129.21","13,947,925"
"21-Mar-2025","129.26","133.45","128.75","131.51","42,928,510"
"24-Mar-2025","133.00","134.33","131.37","133.67","13,965,745"
"25-Mar-2025","134.00","134.23","130.45","131.03","12,380,949"
"26-Mar-2025","130.90","133.30","128.90","129.09","16,379,725"
"27-Mar-2025","129.05","130.95","128.52","130.36","13,141,045"
"28-Mar-2025","130.00","131.27","127.50","127.70","15,396,398"
"01-Apr-2025","128.00","131.50","127.25","131.24","12,740,476"
"02-Apr-2025","130.82","131.50","128.00","131.31","8,531,198"
"03-Apr-2025","130.10","133.20","129.88","131.06","9,909,642"
"04-Apr-2025","132.91","134.25","128.88","130.14","21,497,796"
"07-Apr-2025","122.45","129.61","122.35","128.09","24,739,154"
"08-Apr-2025","129.48","131.72","128.20","130.98","12,634,136"
"09-Apr-2025","132.00","132.50","128.78","131.62","14,769,184"
"11-Apr-2025","132.50","132.60","131.06","131.83","10,020,795"
"15-Apr-2025","133.40","133.40","132.00","132.87","10,142,685"
"16-Apr-2025","132.99","134.15","132.31","133.83","9,200,167"
"17-Apr-2025","133.50","134.80","132.90","134.30","10,404,917"
"21-Apr-2025","135.17","139.70","134.31","138.68","20,249,817"
"22-Apr-2025","139.15","139.43","137.20","138.31","12,648,948"
"23-Apr-2025","138.95","139.18","135.77","137.65","12,689,457"
"24-Apr-2025","137.65","139.33","137.31","138.39","8,177,419"
"25-Apr-2025","138.40","139.50","132.82","134.65","14,663,542"
"28-Apr-2025","133.81","137.35","133.65","136.49","10,943,944"
"29-Apr-2025","137.30","138.25","135.53","135.78","15,222,917"
"30-Apr-2025","136.50","139.90","136.45","137.86","39,902,398"
"02-May-2025","139.79","144.09","138.11","143.28","51,965,473"
"05-May-2025","145.00","149.74","144.75","148.56","47,549,493"
"06-May-2025","149.30","149.80","143.63","144.08","18,018,626"
"07-May-2025","140.00","145.14","140.00","144.49","19,316,740"
"08-May-2025","144.54","146.39","139.50","140.99","12,047,287"
"09-May-2025","138.00","140.85","137.61","139.99","15,348,575"
"12-May-2025","144.00","144.45","141.71","142.35","13,526,883"
"13-May-2025","142.35","142.98","141.00","141.69","9,484,801"
"14-May-2025","141.99","143.91","141.95","143.47","9,987,794"
"15-May-2025","144.00","146.00","143.57","145.00","10,181,275"
"16-May-2025","145.00","146.85","144.43","144.72","14,529,013"
"19-May-2025","145.00","145.82","144.10","144.69","6,802,870"
"20-May-2025","145.00","145.81","141.39","141.92","11,330,045"
"21-May-2025","141.60","143.63","140.55","143.39","8,705,960"
"22-May-2025","142.59","144.20","141.87","143.29","7,157,328"
"23-May-2025","143.28","145.43","143.00","144.06","9,699,995"
"26-May-2025","144.06","144.72","142.90","143.58","5,996,548"
"27-May-2025","143.58","144.12","142.50","143.41","4,970,656"
"28-May-2025","143.39","144.45","142.71","144.20","6,390,053"
"29-May-2025","144.25","144.83","142.62","143.70","7,054,326"
"30-May-2025","143.70","144.40","141.21","141.97","28,315,951"
"02-Jun-2025","141.97","143.50","141.46","143.38","7,051,525"
"03-Jun-2025","143.90","144.00","140.60","141.04","7,002,799"
"04-Jun-2025","141.00","141.40","139.10","140.67","11,904,779"
"05-Jun-2025","140.66","141.66","139.03","139.24","9,478,214"
"06-Jun-2025","139.24","141.08","139.24","140.78","5,702,365"
"09-Jun-2025","141.00","143.49","140.83","143.32","9,972,191"
"10-Jun-2025","143.15","143.40","142.00","142.19","7,906,157"
"11-Jun-2025","142.40","147.20","142.19","145.15","28,652,440"
"12-Jun-2025","144.68","144.77","141.50","142.99","30,425,949"
"13-Jun-2025","139.00","143.19","137.01","140.34","23,705,826"
"16-Jun-2025","140.00","142.20","138.90","141.85","15,176,810"
"17-Jun-2025","141.30","143.47","141.20","141.68","9,983,651"
"18-Jun-2025","141.02","142.09","139.50","140.82","9,045,315"
"19-Jun-2025","140.76","141.19","138.33","138.67","5,943,647"
"20-Jun-2025","138.29","139.16","137.00","138.65","33,690,253"
"23-Jun-2025","137.00","140.17","136.40","139.92","14,001,242"
"24-Jun-2025","144.40","145.30","142.16","142.84","25,393,037"
"25-Jun-2025","143.31","144.00","141.67","141.98","15,297,425"
"26-Jun-2025","142.10","146.95","142.01","146.28","24,194,161"
"27-Jun-2025","146.28","148.30","146.00","147.22","19,189,378"
"30-Jun-2025","147.26","149.50","146.42","146.96","10,645,295"
"01-Jul-2025","146.51","148.20","146.19","147.14","9,899,904"
"02-Jul-2025","148.00","148.95","147.02","147.91","7,881,728"
"03-Jul-2025","147.99","148.75","147.50","147.87","8,006,482"
"04-Jul-2025","149.70","151.99","147.86","151.62","22,612,766"
"07-Jul-2025","152.02","154.90","151.81","153.75","24,354,631"
"08-Jul-2025","154.80","154.97","152.83","153.82","13,876,094"
"09-Jul-2025","153.46","153.73","150.09","150.25","12,440,150"
"10-Jul-2025","150.75","152.65","150.00","152.33","14,545,796"
"11-Jul-2025","155.00","155.00","150.26","150.65","12,767,735"
"14-Jul-2025","150.65","151.60","149.62","150.10","8,021,902"
"15-Jul-2025","150.55","151.90","150.54","151.40","4,853,043"
"16-Jul-2025","151.20","152.68","150.63","152.04","7,218,210"
"17-Jul-2025","152.37","152.47","150.62","150.96","6,727,858"
"18-Jul-2025","150.51","151.61","148.60","150.06","9,017,783"
"21-Jul-2025","149.52","151.20","149.07","151.07","5,030,900"
"22-Jul-2025","151.30","152.44","150.65","151.98","11,381,024"
"23-Jul-2025","152.01","152.60","150.72","152.35","7,597,121"
"24-Jul-2025","152.02","152.75","150.71","151.22","5,879,844"
"25-Jul-2025","151.00","151.74","146.58","146.96","11,646,131"
"28-Jul-2025","146.96","148.64","146.70","147.56","6,023,438"
"29-Jul-2025","146.50","148.20","146.50","147.94","4,240,012"
"30-Jul-2025","147.50","150.19","146.25","149.04","9,331,773"
"31-Jul-2025","146.55","147.20","144.32","145.62","11,960,546"
"01-Aug-2025","145.33","146.29","140.66","141.03","8,981,850"
"04-Aug-2025","141.72","142.90","139.72","142.38","8,163,596"
"05-Aug-2025","142.52","143.00","139.40","141.27","11,034,758"
"06-Aug-2025","142.49","143.28","141.71","142.27","7,574,568"
"07-Aug-2025","141.01","143.00","140.00","141.67","8,365,458"
"08-Aug-2025","139.99","142.00","139.31","139.91","9,551,412"
"11-Aug-2025","141.60","142.95","139.35","141.41","11,260,944"
"12-Aug-2025","141.11","143.85","140.86","142.65","12,858,483"
"13-Aug-2025","142.65","143.40","141.70","142.43","4,990,372"
"14-Aug-2025","143.00","143.16","139.86","140.13","11,453,732"
"18-Aug-2025","142.00","142.60","139.25","140.31","11,766,741"
"19-Aug-2025","140.40","142.13","138.80","142.01","8,913,748"
"20-Aug-2025","142.01","142.70","141.21","141.44","5,531,826"
"21-Aug-2025","141.65","142.90","141.28","141.44","8,746,473"
"22-Aug-2025","141.40","141.80","139.45","139.95","5,874,783"
"25-Aug-2025","139.95","140.37","139.19","139.96","8,282,860"
"26-Aug-2025","139.50","140.42","138.55","138.96","10,846,493"
"28-Aug-2025","139.00","139.93","138.10","138.49","8,420,916"
"29-Aug-2025","138.49","139.49","136.46","136.62","10,577,763"
"01-Sep-2025","137.00","139.74","136.76","139.56","6,229,505"
"02-Sep-2025","139.56","140.66","139.10","139.62","3,714,758"
"03-Sep-2025","139.60","141.40","139.51","140.49","4,902,101"
"04-Sep-2025","141.18","141.70","139.35","139.68","4,768,126"
"05-Sep-2025","139.45","140.70","138.47","139.65","4,533,550"
"08-Sep-2025","140.00","141.89","140.00","140.90","5,069,174"
"09-Sep-2025","141.14","142.10","140.50","140.94","3,636,766"
"10-Sep-2025","141.26","141.71","140.81","141.14","4,302,236"
"11-Sep-2025","141.05","145.39","140.87","143.93","15,031,791"
"12-Sep-2025","144.98","145.20","142.42","142.61","9,001,678"
"15-Sep-2025","142.74","144.19","142.31","143.99","8,158,591"
"16-Sep-2025","144.05","145.14","143.82","144.98","6,389,632"
"17-Sep-2025","145.04","147.24","144.92","145.94","9,549,049"
"18-Sep-2025","146.05","147.27","145.51","147.15","8,002,633"
"19-Sep-2025","146.99","149.95","146.73","148.50","14,995,288"
"22-Sep-2025","148.50","149.10","147.26","148.30","9,720,233"
"23-Sep-2025","148.09","149.14","147.55","148.24","7,296,186"
"24-Sep-2025","148.03","148.89","146.51","146.77","6,288,775"
"25-Sep-2025","146.02","148.13","145.74","146.22","8,605,676"
"26-Sep-2025","146.02","146.22","143.80","145.04","11,925,305"
"29-Sep-2025","145.04","149.95","145.04","149.31","16,918,652"
"30-Sep-2025","150.04","151.25","149.00","149.79","13,201,863"
"01-Oct-2025","150.40","151.98","149.01","149.70","7,658,596"
"03-Oct-2025","150.00","150.84","148.64","150.39","5,989,839"
"06-Oct-2025","150.98","155.29","150.52","154.84","18,473,741"
"07-Oct-2025","154.76","155.75","153.80","154.37","11,389,659"
"08-Oct-2025","154.00","156.28","153.38","153.57","9,953,844"
"09-Oct-2025","154.02","157.20","153.33","155.25","13,999,206"
"10-Oct-2025","155.51","156.99","153.70","154.11","7,992,863"
"13-Oct-2025","153.71","155.70","152.12","155.26","11,375,913"
"14-Oct-2025","155.74","156.78","152.60","152.81","5,976,061"
"15-Oct-2025","153.24","154.95","152.83","153.69","19,147,599"
"16-Oct-2025","153.90","154.50","152.10","153.67","7,119,984"
"17-Oct-2025","153.75","154.60","152.03","152.91","7,126,668"
"20-Oct-2025","153.30","154.35","152.71","153.85","5,564,426"
"21-Oct-2025","153.90","155.00","153.70","154.13","1,188,949"
"23-Oct-2025","154.00","154.00","149.81","150.12","13,612,250"
"24-Oct-2025","150.00","151.29","149.15","150.37","8,519,673"
"27-Oct-2025","151.30","155.37","151.13","155.20","16,809,115"
"28-Oct-2025","156.40","157.48","153.45","154.52","22,709,449"
"29-Oct-2025","155.00","163.73","155.00","163.09","58,449,093"
"30-Oct-2025","163.09","167.10","162.15","163.51","33,405,636"
"31-Oct-2025","163.51","166.91","163.09","165.90","25,385,134"
"03-Nov-2025","167.00","168.70","165.90","167.73","19,190,570"
"04-Nov-2025","168.00","170.15","167.13","169.25","23,469,790"
"06-Nov-2025","170.02","170.03","167.35","168.37","19,729,771"
"07-Nov-2025","167.21","169.55","166.10","169.16","12,104,934"
"10-Nov-2025","169.14","171.39","168.50","169.39","12,402,893"
"11-Nov-2025","168.90","173.49","167.32","172.44","20,113,006"
"12-Nov-2025","172.70","174.50","171.51","172.30","16,003,745"
"13-Nov-2025","172.69","174.45","171.45","172.45","11,618,468"
"14-Nov-2025","172.40","174.21","170.40","171.25","11,051,895"
"17-Nov-2025","171.16","174.40","171.16","173.12","13,233,156"
"18-Nov-2025","173.50","174.00","169.80","171.59","17,543,851"
"19-Nov-2025","171.51","172.23","168.85","169.33","10,315,121"
"20-Nov-2025","170.10","170.70","168.14","168.70","9,529,662"
"21-Nov-2025","168.00","168.61","166.20","167.35","9,261,908"
"24-Nov-2025","167.00","167.81","165.05","165.69","16,397,744"
"25-Nov-2025","164.90","165.40","163.09","164.12","9,625,540"
"26-Nov-2025","164.12","166.00","163.57","165.59","5,855,993"
"27-Nov-2025","165.59","166.00","162.55","163.81","4,631,417"
"28-Nov-2025","163.50","163.70","161.50","161.75","5,937,318"
"01-Dec-2025","162.03","164.44","162.03","162.97","10,208,196"
"02-Dec-2025","163.51","165.12","161.73","162.34","13,247,668"
"03-Dec-2025","162.20","164.56","161.00","164.11","11,250,522"
"04-Dec-2025","164.00","164.70","162.01","162.76","6,382,061"
"05-Dec-2025","162.71","163.84","161.90","163.66","6,124,074"
"08-Dec-2025","163.66","164.42","161.00","162.10","8,744,916"
"09-Dec-2025","162.20","163.33","160.33","163.01","10,272,407"
"10-Dec-2025","163.25","166.49","162.45","163.07","12,155,035"
"11-Dec-2025","163.27","164.00","160.50","161.75","8,829,634"
"12-Dec-2025","162.35","164.90","162.06","163.67","13,492,656"
"15-Dec-2025","165.17","169.00","162.45","168.55","33,661,881"
"16-Dec-2025","169.51","169.71","166.01","167.74","26,675,256"
"17-Dec-2025","168.64","169.40","167.25","168.16","17,416,464"
"18-Dec-2025","162.00","163.80","161.28","161.75","10,014,354"
"19-Dec-2025","161.20","162.90","160.41","162.60","14,335,462"
"22-Dec-2025","162.60","164.40","162.12","163.66","9,224,512"
"23-Dec-2025","163.65","165.50","162.66","163.27","8,439,146"
"24-Dec-2025","163.30","163.41","161.00","161.17","7,879,339"
"26-Dec-2025","161.10","161.94","159.61","160.30","7,762,050"
"29-Dec-2025","159.56","162.80","159.53","161.98","8,219,066"
"30-Dec-2025","162.00","162.89","160.98","161.57","8,132,881"
"31-Dec-2025","161.57","167.33","161.43","166.46","24,383,706"
"26-Feb-2026","183.50","186.80","182.43","186.27","2,802,962"
