"Date","Open","High","Low","Close","Volume"
"01-Jan-2019","150.00","150.10","148.00","148.50","4,496,586"
"02-Jan-2019","148.00","148.35","145.75","147.05","17,436,694"
"03-Jan-2019","145.00","145.65","141.60","142.40","26,599,483"
"04-Jan-2019","142.05","146.20","142.05","145.70","7,395,898"
"07-Jan-2019","147.55","148.40","145.75","147.85","12,700,566"
"08-Jan-2019","149.10","149.10","146.30","147.45","6,163,846"
"09-Jan-2019","147.90","148.20","144.85","145.30","4,951,441"
"10-Jan-2019","145.90","147.00","143.00","143.25","7,131,028"
"11-Jan-2019","144.00","145.50","143.65","144.65","7,665,486"
"14-Jan-2019","145.00","145.20","142.50","143.45","6,028,078"
"15-Jan-2019","144.70","145.50","144.05","145.15","3,680,774"
"16-Jan-2019","145.20","147.25","145.20","146.35","3,667,241"
"17-Jan-2019","146.50","147.45","144.45","145.00","5,142,302"
"18-Jan-2019","145.10","147.70","145.10","146.75","4,904,282"
"21-Jan-2019","147.00","147.20","144.10","144.70","4,087,312"
"22-Jan-2019","145.50","146.00","144.05","144.35","4,113,351"
"23-Jan-2019","144.70","145.55","143.00","143.30","4,946,218"
"24-Jan-2019","143.40","143.95","141.05","141.70","3,820,645"
"25-Jan-2019","142.10","144.45","141.65","142.00","3,871,762"
"28-Jan-2019","142.50","142.95","139.65","141.65","2,910,523"
"29-Jan-2019","142.30","143.70","140.10","141.05","7,282,910"
"30-Jan-2019","141.45","141.50","138.50","139.70","8,511,453"
"31-Jan-2019","140.20","142.80","139.25","141.25","28,107,358"
"01-Feb-2019","141.00","143.30","139.80","141.80","5,260,578"
"04-Feb-2019","142.50","147.45","142.45","146.25","9,532,350"
"05-Feb-2019","146.00","148.20","142.30","142.95","5,413,425"
"06-Feb-2019","143.40","147.75","142.50","146.70","5,075,180"
"07-Feb-2019","146.90","148.30","145.50","147.90","6,080,631"
"08-Feb-2019","146.30","148.30","143.15","144.15","4,510,762"
"11-Feb-2019","143.25","143.65","137.10","138.20","6,424,512"
"12-Feb-2019","138.50","140.95","136.55","137.45","6,816,203"
"13-Feb-2019","138.75","139.50","133.10","133.40","8,709,694"
"14-Feb-2019","133.50","134.20","127.60","132.15","25,346,334"
"15-Feb-2019","138.00","140.90","133.40","135.00","37,975,666"
"18-Feb-2019","136.80","138.90","135.80","137.10","10,614,715"
"19-Feb-2019","137.20","140.35","137.20","139.15","9,077,045"
"20-Feb-2019","141.60","145.35","140.00","144.05","14,236,359"
"21-Feb-2019","145.00","148.60","144.20","146.95","13,876,243"
"22-Feb-2019","148.60","150.50","147.10","148.60","18,273,813"
"25-Feb-2019","149.00","149.35","145.70","147.75","20,216,077"
"26-Feb-2019","147.50","149.20","146.00","147.50","12,458,860"
"27-Feb-2019","148.75","149.75","146.50","148.00","11,868,751"
"28-Feb-2019","144.40","150.75","143.10","148.65","48,854,712"
"01-Mar-2019","149.90","150.20","147.85","149.10","9,764,801"
"05-Mar-2019","148.75","155.65","147.85","155.00","11,194,669"
"06-Mar-2019","155.10","157.00","152.80","154.80","15,648,948"
"07-Mar-2019","154.80","155.50","151.50","152.05","30,210,637"
"08-Mar-2019","152.10","152.60","147.00","150.40","17,986,042"
"11-Mar-2019","151.55","154.30","151.10","153.00","15,880,368"
"12-Mar-2019","154.00","155.60","151.10","151.85","10,818,012"
"13-Mar-2019","151.25","151.25","145.70","149.75","21,001,041"
"14-Mar-2019","150.00","152.50","149.50","151.05","6,328,309"
"15-Mar-2019","151.90","157.45","151.20","156.00","15,483,879"
"18-Mar-2019","155.00","157.30","153.60","154.65","7,575,127"
"19-Mar-2019","155.95","163.20","154.80","157.00","18,289,779"
"20-Mar-2019","156.65","157.05","150.60","151.85","28,675,956"
"22-Mar-2019","152.95","153.45","148.45","152.35","26,751,005"
"25-Mar-2019","152.00","160.55","150.70","158.65","22,638,399"
"26-Mar-2019","159.00","163.05","158.70","160.05","16,694,599"
"27-Mar-2019","160.15","161.40","157.50","160.10","10,063,152"
"28-Mar-2019","160.00","160.25","155.20","155.90","25,492,224"
"29-Mar-2019","157.00","162.30","155.50","159.75","28,968,721"
"01-Apr-2019","160.50","160.95","155.80","157.25","20,605,152"
"02-Apr-2019","159.20","159.70","156.40","157.50","10,435,568"
"03-Apr-2019","158.55","159.10","154.60","155.45","8,283,863"
"04-Apr-2019","155.25","156.35","153.30","155.25","10,752,094"
"05-Apr-2019","156.00","157.15","153.95","156.55","6,797,106"
"08-Apr-2019","157.80","160.25","156.55","158.10","13,120,469"
"09-Apr-2019","158.60","158.90","157.05","157.55","8,487,177"
"10-Apr-2019","156.95","159.95","156.80","158.00","9,363,447"
"11-Apr-2019","158.00","159.40","155.90","158.60","5,279,154"
"12-Apr-2019","159.00","159.65","157.25","157.60","5,631,030"
"15-Apr-2019","158.30","158.30","156.10","156.45","3,902,646"
"16-Apr-2019","156.50","161.00","155.85","160.45","8,394,765"
"18-Apr-2019","160.85","162.20","159.05","160.60","9,606,055"
"22-Apr-2019","160.70","161.50","156.90","157.90","5,543,020"
"23-Apr-2019","158.00","165.00","157.60","163.75","10,137,024"
"24-Apr-2019","165.70","170.45","165.70","168.65","33,596,281"
"25-Apr-2019","168.35","170.00","166.55","168.85","134,264,338"
"26-Apr-2019","169.50","169.95","167.90","168.40","8,708,111"
"30-Apr-2019","168.00","171.15","166.15","169.20","9,844,317"
"02-May-2019","169.30","172.00","168.40","168.90","22,056,708"
"03-May-2019","168.85","171.90","168.70","170.25","12,720,120"
"06-May-2019","170.00","171.70","168.15","170.15","18,962,836"
"07-May-2019","170.40","172.50","168.60","171.70","9,042,790"
"08-May-2019","171.40","171.40","167.75","168.90","8,603,091"
"09-May-2019","167.40","170.10","167.40","169.40","6,869,953"
"10-May-2019","168.40","169.40","165.70","166.30","6,195,094"
"13-May-2019","167.20","167.90","163.00","164.10","7,792,358"
"14-May-2019","162.00","165.40","160.85","164.15","7,268,915"
"15-May-2019","164.60","165.20","161.80","162.75","5,412,275"
"16-May-2019","163.40","166.90","162.00","165.95","5,197,438"
"17-May-2019","166.50","168.00","162.10","167.35","5,532,072"
"20-May-2019","170.00","176.60","169.10","176.00","7,103,649"
"21-May-2019","175.10","176.50","173.80","174.75","7,135,887"
"22-May-2019","174.85","178.00","174.15","177.00","10,347,293"
"23-May-2019","178.50","178.90","173.00","174.15","9,247,879"
"24-May-2019","174.00","175.90","168.80","174.40","9,263,195"
"27-May-2019","174.00","175.20","172.55","173.65","7,461,458"
"28-May-2019","173.15","176.40","171.60","175.30","16,628,505"
"29-May-2019","173.90","174.65","170.35","171.55","7,205,487"
"30-May-2019","172.00","172.00","167.55","169.45","21,945,960"
"31-May-2019","168.00","173.95","166.55","171.95","17,113,729"
"03-Jun-2019","173.00","173.20","167.50","172.15","17,756,361"
"04-Jun-2019","172.90","173.50","170.05","170.60","8,578,302"
"06-Jun-2019","170.50","172.10","168.85","169.40","14,152,285"
"07-Jun-2019","169.60","170.10","166.55","167.50","5,052,519"
"10-Jun-2019","168.10","169.00","163.20","164.65","10,866,149"
"11-Jun-2019","164.85","170.35","164.85","169.25","11,282,418"
"12-Jun-2019","168.05","171.45","166.00","170.85","9,478,876"
"13-Jun-2019","168.80","170.20","167.00","168.95","6,678,516"
"14-Jun-2019","168.95","171.00","168.45","169.30","7,153,585"
"17-Jun-2019","169.50","169.95","162.95","164.40","4,603,627"
"18-Jun-2019","164.00","166.95","163.25","166.15","5,808,715"
"19-Jun-2019","166.80","169.10","164.60","167.35","4,625,698"
"20-Jun-2019","166.30","172.75","166.30","172.00","5,793,816"
"21-Jun-2019","171.75","173.45","169.80","170.95","11,402,911"
"24-Jun-2019","171.15","171.85","164.85","165.20","6,585,159"
"25-Jun-2019","165.50","168.45","165.50","166.20","6,697,367"
"26-Jun-2019","166.10","169.15","166.10","167.55","5,978,575"
"27-Jun-2019","167.55","171.80","167.25","170.60","36,738,164"
"28-Jun-2019","170.30","171.30","166.65","167.75","5,325,984"
"01-Jul-2019","168.20","170.40","159.25","161.00","15,160,240"
"02-Jul-2019","163.00","166.25","161.50","165.65","10,975,678"
"03-Jul-2019","165.80","167.95","163.50","166.30","8,253,849"
"04-Jul-2019","166.40","168.90","166.10","167.10","8,827,834"
"05-Jul-2019","167.10","168.05","160.00","161.50","14,509,056"
"08-Jul-2019","161.45","161.50","151.05","152.40","10,273,814"
"09-Jul-2019","152.40","155.45","150.65","153.40","15,033,604"
"10-Jul-2019","153.05","154.40","149.65","151.65","5,310,646"
"11-Jul-2019","153.00","154.10","152.00","153.10","6,576,542"
"12-Jul-2019","153.00","153.35","148.00","149.70","13,015,538"
"15-Jul-2019","150.00","151.70","148.80","150.70","8,465,078"
"16-Jul-2019","151.00","154.40","150.70","152.25","12,865,346"
"17-Jul-2019","152.40","153.65","149.00","149.90","8,046,201"
"18-Jul-2019","149.95","150.80","143.05","143.40","15,971,004"
"19-Jul-2019","144.50","145.80","140.40","143.90","25,660,025"
"22-Jul-2019","144.00","147.40","140.65","146.65","12,077,069"
"23-Jul-2019","146.50","147.75","144.15","144.60","5,519,598"
"24-Jul-2019","145.40","145.85","142.90","143.60","9,202,665"
"25-Jul-2019","144.30","144.80","141.40","143.85","28,004,780"
"26-Jul-2019","144.40","144.40","141.40","141.90","10,055,490"
"29-Jul-2019","142.00","142.40","138.35","140.35","19,155,260"
"30-Jul-2019","141.40","141.80","138.10","138.75","11,943,745"
"31-Jul-2019","137.70","139.70","136.25","138.85","9,857,785"
"01-Aug-2019","138.50","139.75","135.10","136.90","9,105,690"
"02-Aug-2019","136.00","136.35","132.75","134.35","9,912,972"
"05-Aug-2019","132.80","132.90","130.10","131.30","9,551,686"
"06-Aug-2019","130.85","132.50","129.35","131.45","11,765,339"
"07-Aug-2019","131.45","131.85","128.40","130.50","13,083,927"
"08-Aug-2019","130.50","132.70","127.90","130.85","10,164,125"
"09-Aug-2019","131.65","132.40","129.65","130.95","8,847,432"
"13-Aug-2019","130.95","133.50","125.50","127.75","12,944,927"
"14-Aug-2019","129.00","129.80","125.75","126.85","14,449,993"
"16-Aug-2019","127.70","129.10","126.40","127.90","12,017,531"
"19-Aug-2019","128.00","128.50","126.05","126.30","5,695,238"
"20-Aug-2019","126.60","126.85","124.35","125.05","6,214,250"
"21-Aug-2019","125.00","125.55","119.65","121.20","9,765,538"
"22-Aug-2019","121.20","121.50","116.20","116.95","8,867,462"
"23-Aug-2019","116.35","123.45","115.75","122.25","10,008,179"
"26-Aug-2019","124.00","125.05","119.60","123.75","11,056,410"
"27-Aug-2019","124.10","126.40","123.15","125.60","18,829,260"
"28-Aug-2019","125.05","125.95","120.40","121.20","11,763,326"
"29-Aug-2019","120.00","124.25","119.50","123.25","30,777,971"
"30-Aug-2019","123.50","125.75","119.50","121.20","9,910,931"
"03-Sep-2019","120.50","120.50","116.50","117.15","8,243,808"
"04-Sep-2019","117.50","119.40","115.55","119.00","8,873,226"
"05-Sep-2019","119.45","129.90","119.45","125.15","32,226,347"
"06-Sep-2019","126.40","128.55","124.50","127.95","15,759,526"
"09-Sep-2019","127.30","129.95","126.00","129.40","9,454,697"
"11-Sep-2019","129.20","130.90","125.15","125.75","11,398,745"
"12-Sep-2019","126.25","128.35","125.25","125.90","8,659,474"
"13-Sep-2019","126.25","129.30","125.35","128.85","13,251,256"
"16-Sep-2019","130.95","133.25","128.50","130.70","18,224,041"
"17-Sep-2019","130.75","132.00","129.05","129.70","11,879,210"
"18-Sep-2019","129.70","129.95","125.95","127.00","12,238,136"
"19-Sep-2019","127.00","127.25","123.65","124.30","8,680,319"
"20-Sep-2019","124.40","134.95","121.60","133.60","30,270,009"
"23-Sep-2019","137.45","140.85","134.95","136.30","17,685,955"
"24-Sep-2019","136.25","139.80","132.80","133.50","16,012,272"
"25-Sep-2019","132.00","133.65","130.70","131.45","5,824,582"
"26-Sep-2019","131.80","138.05","131.20","137.05","19,764,328"
"27-Sep-2019","135.90","136.10","130.45","131.50","11,359,611"
"30-Sep-2019","131.10","132.90","128.55","131.80","11,625,597"
"01-Oct-2019","131.50","133.35","126.75","128.20","10,259,184"
"03-Oct-2019","128.20","129.85","125.40","128.10","7,082,143"
"04-Oct-2019","129.95","132.75","127.30","129.55","20,137,433"
"07-Oct-2019","129.55","129.75","125.40","126.55","9,194,007"
"09-Oct-2019","126.45","127.15","123.95","125.85","15,309,757"
"10-Oct-2019","125.85","127.10","125.10","125.50","6,169,256"
"11-Oct-2019","126.30","129.90","126.10","129.00","11,840,486"
"14-Oct-2019","129.45","136.45","129.00","135.25","19,460,416"
"15-Oct-2019","137.00","139.15","135.35","138.65","17,145,941"
"16-Oct-2019","140.00","143.20","138.30","141.65","15,149,481"
"17-Oct-2019","141.10","141.90","139.15","141.40","9,372,042"
"18-Oct-2019","140.10","144.50","139.90","143.50","17,597,233"
"22-Oct-2019","143.50","146.15","142.20","144.25","11,582,273"
"23-Oct-2019","144.25","144.95","141.25","141.90","7,500,868"
"24-Oct-2019","141.90","142.20","139.05","140.70","6,919,238"
"25-Oct-2019","141.60","141.60","138.10","139.55","6,636,201"
"27-Oct-2019","140.35","140.85","139.00","139.85","698,557"
"29-Oct-2019","140.55","143.85","138.20","142.15","8,236,221"
"30-Oct-2019","144.00","144.00","139.80","140.55","7,064,774"
"31-Oct-2019","140.60","142.20","139.65","141.70","22,281,969"
"01-Nov-2019","140.55","144.75","140.10","144.15","8,049,866"
"04-Nov-2019","144.15","149.65","144.15","147.40","11,733,406"
"05-Nov-2019","148.20","148.75","145.00","146.35","7,883,507"
"06-Nov-2019","146.35","148.00","143.85","144.65","6,207,456"
"07-Nov-2019","144.95","145.05","140.40","142.05","7,332,352"
"08-Nov-2019","141.95","143.50","137.60","138.30","8,252,930"
"11-Nov-2019","138.40","139.75","136.65","139.10","7,032,172"
"13-Nov-2019","139.10","140.40","137.50","138.20","7,969,923"
"14-Nov-2019","138.20","139.25","135.65","136.20","8,178,628"
"15-Nov-2019","137.30","138.80","135.15","135.55","8,390,855"
"18-Nov-2019","135.45","136.10","133.20","133.90","6,851,414"
"19-Nov-2019","135.00","135.10","132.80","133.25","5,821,375"
"20-Nov-2019","132.85","135.25","132.25","133.70","7,657,346"
"21-Nov-2019","133.70","134.50","130.60","131.15","7,946,555"
"22-Nov-2019","131.00","134.65","130.80","133.85","6,323,556"
"25-Nov-2019","133.85","134.55","130.50","130.95","11,930,938"
"26-Nov-2019","131.85","133.40","129.25","130.25","16,115,025"
"27-Nov-2019","130.40","133.05","129.55","132.65","5,343,104"
"28-Nov-2019","132.40","133.55","131.10","133.15","6,663,638"
"29-Nov-2019","133.05","133.45","130.50","131.75","9,434,148"
"02-Dec-2019","131.05","131.45","127.55","128.10","15,010,167"
"03-Dec-2019","128.10","128.40","126.00","127.65","7,809,967"
"04-Dec-2019","126.90","130.65","126.85","130.05","5,821,599"
"05-Dec-2019","129.30","130.40","128.45","128.90","4,185,400"
"06-Dec-2019","129.50","129.50","126.30","126.55","5,097,809"
"09-Dec-2019","126.90","127.80","125.60","126.30","3,841,176"
"10-Dec-2019","126.40","128.30","124.90","125.20","6,125,011"
"11-Dec-2019","126.10","128.50","125.00","128.00","6,878,932"
"12-Dec-2019","128.10","128.30","125.35","125.90","9,804,404"
"13-Dec-2019","126.45","127.45","126.00","126.50","6,663,052"
"16-Dec-2019","126.50","126.95","125.00","125.60","6,241,723"
"17-Dec-2019","125.15","126.00","124.30","125.30","8,062,616"
"18-Dec-2019","125.60","125.65","124.15","125.10","6,687,482"
"19-Dec-2019","125.10","126.85","124.20","125.70","6,223,102"
"20-Dec-2019","126.00","126.80","124.85","125.15","8,515,990"
"23-Dec-2019","124.90","126.30","124.05","124.65","10,466,423"
"24-Dec-2019","124.90","126.60","124.70","126.00","9,979,742"
"26-Dec-2019","126.00","129.55","124.50","128.00","23,164,167"
"27-Dec-2019","129.50","129.90","127.20","128.40","8,435,235"
"30-Dec-2019","128.40","129.25","127.10","127.95","4,023,932"
"31-Dec-2019","127.20","129.25","127.20","128.80","5,102,473"
"01-Jan-2020","128.75","128.90","126.85","127.45","2,574,894"
"02-Jan-2020","127.65","128.65","127.10","128.05","4,759,843"
"03-Jan-2020","131.00","133.40","128.05","128.45","31,381,588"
"06-Jan-2020","129.70","129.80","125.10","126.25","14,611,204"
"07-Jan-2020","125.60","127.70","125.40","125.75","7,193,304"
"08-Jan-2020","125.00","125.45","123.20","123.45","6,236,192"
"09-Jan-2020","124.95","125.10","122.80","123.70","10,135,017"
"10-Jan-2020","124.45","125.20","123.70","124.15","6,550,218"
"13-Jan-2020","124.25","125.70","124.25","125.45","5,737,187"
"14-Jan-2020","125.45","125.65","123.80","125.05","12,432,511"
"15-Jan-2020","125.05","125.50","124.25","124.65","5,714,614"
"16-Jan-2020","125.00","125.20","124.05","124.50","7,322,878"
"17-Jan-2020","124.55","125.55","124.00","125.40","8,561,603"
"20-Jan-2020","126.00","126.75","120.00","122.90","16,106,541"
"21-Jan-2020","123.05","124.50","122.40","122.75","6,497,799"
"22-Jan-2020","122.00","122.00","116.00","116.40","23,639,592"
"23-Jan-2020","117.25","118.95","116.40","117.80","21,105,999"
"24-Jan-2020","118.00","119.80","117.30","118.35","11,172,364"
"27-Jan-2020","118.35","118.50","116.80","117.25","12,078,165"
"28-Jan-2020","117.55","117.70","115.60","116.60","11,611,352"
"29-Jan-2020","117.35","118.15","116.45","117.65","15,562,740"
"30-Jan-2020","117.55","117.55","115.00","115.60","21,142,714"
"31-Jan-2020","115.80","116.00","106.75","108.95","83,360,147"
"01-Feb-2020","109.00","109.55","102.70","104.35","31,282,518"
"03-Feb-2020","104.35","104.95","101.55","103.45","18,445,537"
"04-Feb-2020","104.10","106.90","103.80","106.15","16,896,688"
"05-Feb-2020","106.40","107.40","105.10","106.80","11,348,275"
"06-Feb-2020","106.80","107.80","106.30","107.25","10,750,236"
"07-Feb-2020","107.30","109.75","106.55","109.25","21,415,595"
"10-Feb-2020","109.15","109.15","105.75","106.20","32,081,049"
"11-Feb-2020","107.15","107.65","106.30","106.80","20,946,852"
"12-Feb-2020","107.00","107.80","106.50","106.70","13,053,367"
"13-Feb-2020","107.00","108.20","104.25","105.35","17,702,073"
"14-Feb-2020","105.55","106.30","103.00","103.30","26,644,685"
"17-Feb-2020","101.50","102.90","98.80","99.95","36,666,416"
"18-Feb-2020","99.95","100.25","96.55","99.30","35,575,369"
"19-Feb-2020","100.30","102.20","98.80","101.70","21,806,183"
"20-Feb-2020","102.00","104.10","101.70","102.80","28,378,025"
"24-Feb-2020","102.50","102.50","97.20","98.05","20,167,769"
"25-Feb-2020","98.70","100.25","97.25","97.55","18,255,196"
"26-Feb-2020","97.40","98.50","95.50","95.80","16,192,058"
"27-Feb-2020","95.70","96.20","92.05","93.35","29,616,674"
"28-Feb-2020","90.30","92.70","89.50","91.95","30,416,954"
"02-Mar-2020","94.00","95.00","88.25","89.10","24,442,896"
"03-Mar-2020","90.90","94.00","89.65","93.35","24,098,468"
"04-Mar-2020","94.20","94.90","90.70","92.80","22,998,427"
"05-Mar-2020","93.35","94.40","92.00","92.60","16,357,817"
"06-Mar-2020","89.50","91.50","87.65","88.50","17,823,038"
"09-Mar-2020","82.15","82.50","74.00","74.55","86,674,325"
"11-Mar-2020","76.75","77.40","71.05","71.70","63,570,122"
"12-Mar-2020","66.60","68.40","62.00","62.50","76,138,489"
"13-Mar-2020","59.40","67.00","50.00","65.90","73,052,306"
"16-Mar-2020","63.50","65.20","60.00","60.15","49,834,392"
"17-Mar-2020","61.10","63.00","59.65","60.00","46,722,526"
"18-Mar-2020","61.60","86.80","57.50","68.15","178,593,486"
"19-Mar-2020","62.15","64.00","58.10","61.05","61,261,160"
"20-Mar-2020","63.05","74.40","62.75","72.35","128,784,781"
"23-Mar-2020","60.65","65.50","60.00","60.40","36,059,063"
"24-Mar-2020","63.50","64.70","60.10","62.50","38,810,910"
"25-Mar-2020","61.20","63.00","60.00","61.55","28,639,667"
"26-Mar-2020","61.85","65.60","59.65","64.75","46,474,998"
"27-Mar-2020","66.00","66.00","62.80","64.45","33,298,960"
"30-Mar-2020","61.05","65.65","60.10","63.35","32,935,523"
"31-Mar-2020","65.00","69.65","63.55","68.30","45,892,788"
"01-Apr-2020","67.00","67.25","65.10","65.75","21,883,464"
"03-Apr-2020","69.00","71.00","66.50","69.85","39,761,221"
"07-Apr-2020","71.20","74.40","70.20","72.90","30,983,247"
"08-Apr-2020","72.40","76.35","71.00","74.45","30,556,746"
"09-Apr-2020","76.00","77.65","76.00","77.30","19,210,693"
"13-Apr-2020","78.80","78.80","72.65","75.05","22,316,547"
"15-Apr-2020","75.10","76.45","73.50","74.35","22,311,692"
"16-Apr-2020","74.00","76.50","73.40","75.45","24,473,642"
"17-Apr-2020","77.80","77.80","75.15","76.30","14,565,447"
"20-Apr-2020","75.35","75.65","73.80","74.00","15,699,082"
"21-Apr-2020","69.70","70.75","67.20","69.35","27,607,651"
"22-Apr-2020","65.90","66.35","60.80","65.35","73,847,573"
"23-Apr-2020","67.50","69.05","66.55","67.35","38,208,748"
"24-Apr-2020","67.15","69.50","66.60","67.60","31,588,406"
"27-Apr-2020","68.00","69.50","67.65","68.45","16,723,890"
"28-Apr-2020","67.80","69.70","67.10","69.20","20,423,140"
"29-Apr-2020","69.40","70.95","68.70","70.50","18,028,576"
"30-Apr-2020","72.60","81.05","71.50","79.90","54,295,139"
"04-May-2020","76.00","77.85","74.05","76.55","28,642,245"
"05-May-2020","78.90","81.90","78.15","78.45","61,865,518"
"06-May-2020","81.35","81.35","77.45","79.25","38,948,341"
"07-May-2020","78.30","78.30","75.10","75.60","20,806,305"
"08-May-2020","76.40","77.20","74.75","76.00","18,523,906"
"11-May-2020","76.00","78.15","74.50","77.05","15,701,778"
"12-May-2020","76.95","77.35","74.50","76.30","14,186,808"
"13-May-2020","79.00","79.05","76.25","78.20","20,494,837"
"14-May-2020","77.00","77.35","75.20","76.15","13,346,163"
"15-May-2020","77.25","78.50","75.90","76.15","16,836,413"
"18-May-2020","76.95","76.95","72.40","72.90","13,015,452"
"19-May-2020","74.40","78.70","74.10","77.15","42,316,096"
"20-May-2020","77.20","78.50","76.30","78.00","12,969,876"
"21-May-2020","78.75","79.00","76.40","77.00","17,999,916"
"22-May-2020","76.95","76.95","75.40","76.15","12,443,833"
"26-May-2020","77.00","78.20","76.60","77.00","11,840,048"
"27-May-2020","77.20","78.20","75.90","77.95","11,656,180"
"28-May-2020","77.50","80.95","77.40","78.85","18,646,208"
"29-May-2020","78.05","83.75","77.40","83.20","40,559,737"
"01-Jun-2020","85.00","86.50","83.65","83.95","25,048,603"
"02-Jun-2020","84.45","84.90","82.60","84.30","15,368,224"
"03-Jun-2020","86.05","87.45","85.30","86.30","23,937,209"
"04-Jun-2020","85.00","86.05","84.00","84.90","15,121,039"
"05-Jun-2020","85.10","88.80","85.00","86.95","18,203,733"
"08-Jun-2020","90.00","93.10","89.20","90.95","32,511,412"
"09-Jun-2020","91.95","92.40","89.35","90.00","16,702,416"
"10-Jun-2020","90.60","91.50","87.70","88.25","17,382,524"
"11-Jun-2020","88.30","89.55","86.50","86.90","14,276,814"
"12-Jun-2020","81.55","84.20","81.55","83.90","20,601,082"
"15-Jun-2020","84.00","85.90","83.00","84.10","17,275,091"
"16-Jun-2020","85.50","85.75","82.35","83.90","13,467,650"
"17-Jun-2020","83.60","84.75","83.20","84.20","15,440,386"
"18-Jun-2020","83.00","83.95","81.80","83.60","18,460,702"
"19-Jun-2020","85.50","86.30","84.30","85.75","21,920,952"
"22-Jun-2020","86.10","86.20","84.10","84.85","19,229,487"
"23-Jun-2020","85.50","86.50","84.40","85.65","23,442,659"
"24-Jun-2020","86.25","86.65","82.55","83.10","33,082,696"
"25-Jun-2020","82.25","84.00","80.00","81.60","121,278,403"
"26-Jun-2020","83.10","84.80","82.50","84.15","23,684,918"
"29-Jun-2020","83.95","84.10","81.60","82.40","14,299,404"
"30-Jun-2020","83.50","83.55","80.65","81.35","25,762,628"
"01-Jul-2020","79.00","80.95","78.30","80.45","35,344,809"
"02-Jul-2020","81.35","84.15","81.10","81.85","35,154,233"
"03-Jul-2020","82.45","83.35","81.60","82.40","16,793,161"
"06-Jul-2020","83.05","84.90","82.80","83.75","17,511,379"
"07-Jul-2020","83.75","83.80","81.80","81.95","20,124,675"
"08-Jul-2020","82.00","82.90","81.00","81.30","18,626,982"
"09-Jul-2020","81.60","82.25","79.90","80.20","17,348,338"
"10-Jul-2020","80.00","80.15","77.70","78.55","17,773,267"
"13-Jul-2020","79.20","79.55","78.40","78.90","9,361,006"
"14-Jul-2020","78.50","78.95","77.15","77.35","9,303,884"
"15-Jul-2020","78.00","78.20","75.85","76.25","14,377,120"
"16-Jul-2020","76.40","76.70","75.00","76.15","10,605,125"
"17-Jul-2020","76.30","80.65","76.30","80.35","24,934,073"
"20-Jul-2020","81.00","81.25","79.20","80.30","15,570,377"
"21-Jul-2020","80.60","82.90","80.35","82.45","20,976,714"
"22-Jul-2020","82.75","83.50","81.70","82.60","17,884,327"
"23-Jul-2020","82.50","83.85","82.05","82.65","14,674,735"
"24-Jul-2020","82.10","82.40","80.25","81.00","10,000,517"
"27-Jul-2020","81.40","82.00","80.10","80.80","8,511,120"
"28-Jul-2020","81.00","81.25","79.30","79.90","10,618,186"
"29-Jul-2020","79.80","80.70","79.30","79.50","9,906,214"
"30-Jul-2020","80.00","80.40","77.50","77.70","9,671,441"
"31-Jul-2020","77.95","78.85","77.15","78.30","10,965,340"
"03-Aug-2020","78.35","78.50","75.55","75.90","11,874,519"
"04-Aug-2020","76.30","77.70","75.90","76.10","13,370,396"
"05-Aug-2020","76.50","77.50","76.30","76.95","9,078,922"
"06-Aug-2020","77.85","79.95","77.05","78.05","26,386,804"
"07-Aug-2020","78.15","79.40","78.10","78.65","11,787,233"
"10-Aug-2020","79.50","79.75","78.90","79.05","7,067,873"
"11-Aug-2020","79.55","80.00","78.20","78.45","10,835,770"
"12-Aug-2020","78.45","79.10","77.70","78.10","10,482,298"
"13-Aug-2020","78.55","79.45","78.40","78.60","7,316,685"
"14-Aug-2020","78.70","78.95","76.95","77.10","11,637,195"
"17-Aug-2020","77.50","79.80","77.40","79.30","13,612,342"
"18-Aug-2020","79.75","81.90","79.15","80.65","28,330,266"
"19-Aug-2020","80.85","81.70","79.10","79.55","12,081,506"
"20-Aug-2020","79.00","83.25","77.90","82.15","37,457,741"
"21-Aug-2020","82.95","83.45","80.65","81.05","17,027,759"
"24-Aug-2020","81.30","81.85","80.60","81.25","9,798,867"
"25-Aug-2020","81.40","82.50","80.20","80.50","22,481,154"
"26-Aug-2020","81.20","82.10","80.75","81.40","15,968,479"
"27-Aug-2020","81.80","81.95","80.00","80.15","16,309,200"
"28-Aug-2020","80.35","81.80","80.00","80.35","14,667,141"
"31-Aug-2020","81.00","85.50","80.90","81.95","93,193,563"
"01-Sep-2020","82.75","82.80","78.00","79.35","38,005,572"
"02-Sep-2020","81.15","81.75","79.50","80.30","31,155,170"
"03-Sep-2020","80.50","81.30","78.80","79.05","19,976,183"
"04-Sep-2020","78.55","79.10","77.35","77.90","12,855,872"
"07-Sep-2020","78.20","78.35","75.95","76.45","16,574,103"
"08-Sep-2020","76.55","76.65","74.00","74.45","17,905,760"
"09-Sep-2020","73.95","73.95","70.90","72.70","28,166,431"
"10-Sep-2020","73.50","74.40","72.65","73.65","18,646,453"
"11-Sep-2020","73.45","73.70","72.60","73.30","11,511,957"
"14-Sep-2020","73.85","74.75","73.25","73.65","11,990,117"
"15-Sep-2020","73.75","74.35","73.25","73.80","8,883,209"
"16-Sep-2020","74.25","74.45","72.55","73.05","10,285,753"
"17-Sep-2020","73.05","74.30","72.85","73.15","16,070,908"
"18-Sep-2020","73.80","74.80","72.95","74.30","25,692,290"
"21-Sep-2020","74.00","74.10","70.90","71.15","13,686,791"
"22-Sep-2020","71.00","71.30","68.75","69.50","18,043,170"
"23-Sep-2020","69.70","70.15","67.40","67.65","17,014,241"
"24-Sep-2020","66.05","67.35","65.50","66.65","32,950,980"
"25-Sep-2020","68.00","69.25","66.15","68.90","20,235,948"
"28-Sep-2020","69.45","73.70","69.25","71.85","28,336,618"
"29-Sep-2020","72.50","72.70","68.90","69.15","20,798,564"
"30-Sep-2020","69.40","70.45","67.60","69.25","20,069,463"
"01-Oct-2020","67.50","69.40","66.65","69.15","20,869,336"
"05-Oct-2020","69.00","69.70","68.40","69.20","12,608,190"
"06-Oct-2020","70.00","70.20","69.00","69.35","10,028,722"
"07-Oct-2020","69.30","73.35","69.10","70.50","50,074,521"
"08-Oct-2020","70.90","71.00","68.25","68.45","21,348,290"
"09-Oct-2020","69.00","70.60","68.25","70.30","25,747,434"
"12-Oct-2020","70.30","70.60","68.80","69.15","10,564,969"
"13-Oct-2020","69.10","69.75","68.80","69.10","9,070,869"
"14-Oct-2020","68.50","68.80","66.65","67.00","24,828,155"
"15-Oct-2020","67.00","68.50","65.70","66.05","17,334,497"
"16-Oct-2020","66.65","67.55","66.00","67.25","18,591,533"
"19-Oct-2020","67.35","70.45","67.35","69.30","25,987,839"
"20-Oct-2020","69.50","69.75","67.25","67.40","18,530,440"
"21-Oct-2020","68.00","68.60","67.00","67.80","19,590,729"
"22-Oct-2020","67.40","69.10","67.30","68.85","26,356,513"
"23-Oct-2020","69.20","69.60","68.60","69.00","13,180,165"
"26-Oct-2020","69.50","69.50","67.65","68.20","14,225,064"
"27-Oct-2020","68.10","68.45","66.50","66.85","17,088,935"
"28-Oct-2020","67.25","67.40","66.10","66.35","15,025,734"
"29-Oct-2020","66.05","66.35","64.10","64.40","29,901,827"
"30-Oct-2020","65.00","65.90","64.20","64.90","25,857,851"
"02-Nov-2020","65.40","66.05","64.20","65.70","12,847,852"
"03-Nov-2020","66.00","66.75","65.70","66.30","10,809,489"
"04-Nov-2020","66.30","66.90","65.60","66.45","12,479,581"
"05-Nov-2020","66.90","68.10","66.20","67.60","17,947,631"
"06-Nov-2020","67.70","68.20","67.20","68.00","10,496,588"
"09-Nov-2020","68.65","68.65","67.80","68.45","8,473,527"
"10-Nov-2020","69.05","71.00","68.50","70.75","33,795,453"
"11-Nov-2020","71.45","72.70","70.55","72.35","23,531,793"
"12-Nov-2020","72.50","72.90","70.75","71.55","16,446,681"
"13-Nov-2020","71.20","72.50","70.05","72.15","16,264,536"
"14-Nov-2020","74.00","74.00","72.50","72.65","5,387,569"
"17-Nov-2020","72.70","73.30","71.00","71.30","18,852,045"
"18-Nov-2020","71.65","72.10","70.90","71.95","14,032,869"
"19-Nov-2020","71.50","74.20","71.45","72.15","27,903,903"
"20-Nov-2020","72.45","72.70","70.70","71.65","14,790,440"
"23-Nov-2020","72.00","77.80","71.80","76.50","44,111,534"
"24-Nov-2020","76.75","78.05","75.40","76.10","31,379,070"
"25-Nov-2020","77.20","81.80","77.15","80.80","87,040,163"
"26-Nov-2020","81.15","81.50","79.45","80.20","30,469,713"
"27-Nov-2020","80.80","81.15","78.00","78.50","44,245,938"
"01-Dec-2020","78.50","82.00","77.05","81.55","42,923,229"
"02-Dec-2020","81.50","85.05","80.95","84.85","52,652,362"
"03-Dec-2020","85.40","89.00","85.00","88.70","53,618,786"
"04-Dec-2020","89.75","91.00","87.25","89.85","44,126,894"
"07-Dec-2020","91.15","94.00","90.75","91.55","46,638,129"
"08-Dec-2020","93.00","93.45","90.05","90.75","34,326,971"
"09-Dec-2020","91.50","92.85","90.90","91.20","25,763,702"
"10-Dec-2020","91.00","92.20","88.70","91.65","25,329,334"
"11-Dec-2020","92.60","104.40","92.60","96.80","146,821,189"
"14-Dec-2020","98.25","102.55","97.45","101.50","75,021,883"
"15-Dec-2020","102.50","102.50","99.20","100.45","33,553,433"
"16-Dec-2020","101.90","103.60","100.65","102.90","34,618,175"
"17-Dec-2020","105.10","105.60","100.70","101.50","41,881,430"
"18-Dec-2020","101.50","102.30","98.15","99.00","36,480,527"
"21-Dec-2020","98.90","98.95","88.95","89.85","58,724,337"
"22-Dec-2020","89.05","92.30","86.60","90.55","58,602,960"
"23-Dec-2020","90.50","91.30","88.30","90.80","29,216,106"
"24-Dec-2020","92.50","95.50","92.15","93.15","46,351,620"
"28-Dec-2020","94.00","95.15","93.30","93.80","17,759,262"
"29-Dec-2020","94.20","94.65","92.00","93.15","17,678,810"
"30-Dec-2020","93.50","94.50","92.75","93.25","15,960,705"
"31-Dec-2020","93.30","95.55","92.55","93.05","43,701,316"
"01-Jan-2021","93.75","94.45","93.00","93.20","15,130,377"
"04-Jan-2021","94.05","97.30","93.70","96.95","39,545,073"
"05-Jan-2021","96.50","96.50","94.35","94.95","26,998,014"
"06-Jan-2021","98.90","99.30","96.25","96.95","50,306,161"
"07-Jan-2021","98.00","99.05","97.10","97.90","25,285,200"
"08-Jan-2021","98.95","101.30","98.55","100.65","36,022,114"
"11-Jan-2021","101.50","102.90","98.05","102.55","36,301,647"
"12-Jan-2021","102.00","104.50","100.75","103.45","28,353,142"
"13-Jan-2021","104.95","107.90","104.10","105.25","42,401,579"
"14-Jan-2021","107.00","107.45","104.20","105.05","24,455,634"
"15-Jan-2021","105.25","106.10","100.65","101.40","28,185,982"
"18-Jan-2021","101.40","101.85","96.05","96.65","33,623,461"
"19-Jan-2021","97.75","99.00","97.50","98.10","26,085,121"
"20-Jan-2021","99.00","99.80","97.85","98.85","18,486,566"
"21-Jan-2021","99.05","100.20","93.90","94.70","26,939,349"
"22-Jan-2021","94.60","95.45","92.50","92.75","27,311,961"
"25-Jan-2021","93.05","93.75","90.00","91.35","28,522,112"
"27-Jan-2021","91.40","91.75","88.90","89.70","34,022,621"
"28-Jan-2021","89.00","91.40","88.80","90.65","26,810,222"
"29-Jan-2021","90.75","92.95","87.75","88.30","33,858,273"
"01-Feb-2021","89.00","91.20","88.45","90.85","24,228,098"
"02-Feb-2021","92.50","93.95","91.20","92.85","22,141,489"
"03-Feb-2021","94.60","95.30","93.00","93.35","25,912,911"
"04-Feb-2021","94.25","98.60","94.00","97.65","49,670,027"
"05-Feb-2021","98.95","99.95","96.80","97.65","30,514,219"
"08-Feb-2021","99.50","100.80","99.10","99.65","29,096,831"
"09-Feb-2021","99.80","103.35","99.80","101.00","39,638,657"
"10-Feb-2021","102.00","102.50","98.60","100.00","21,467,230"
"11-Feb-2021","100.00","100.35","98.90","99.45","11,287,104"
"12-Feb-2021","98.90","99.40","96.55","97.00","18,187,705"
"15-Feb-2021","97.00","99.25","95.60","98.45","26,118,576"
"16-Feb-2021","99.25","104.85","99.25","103.75","76,236,798"
"17-Feb-2021","102.00","103.50","100.80","102.25","21,014,091"
"18-Feb-2021","103.70","115.50","103.35","110.70","110,000,964"
"19-Feb-2021","110.70","112.20","103.85","105.10","48,225,988"
"22-Feb-2021","105.90","108.55","105.30","106.30","36,592,043"
"23-Feb-2021","109.75","114.40","109.45","112.20","90,860,972"
"24-Feb-2021","114.00","115.35","111.00","113.60","26,071,364"
"25-Feb-2021","116.00","120.50","115.35","119.05","62,038,881"
"26-Feb-2021","115.50","118.40","110.05","111.00","55,154,985"
"01-Mar-2021","114.30","117.65","113.50","117.05","41,672,980"
"02-Mar-2021","115.90","116.65","112.75","113.50","36,303,917"
"03-Mar-2021","114.05","115.80","113.20","114.00","19,434,630"
"04-Mar-2021","113.95","117.00","112.30","112.70","38,272,786"
"05-Mar-2021","116.25","118.25","113.50","114.95","57,756,103"
"08-Mar-2021","118.95","122.35","117.20","118.25","63,866,178"
"09-Mar-2021","119.40","119.55","114.20","116.75","26,817,643"
"10-Mar-2021","116.90","117.00","113.60","114.40","23,841,269"
"12-Mar-2021","116.75","117.40","114.00","115.05","20,691,698"
"15-Mar-2021","116.00","116.85","112.80","114.35","19,679,958"
"16-Mar-2021","113.80","116.30","113.45","115.10","20,680,669"
"17-Mar-2021","114.80","114.85","108.75","109.35","31,017,863"
"18-Mar-2021","110.00","112.20","107.50","110.20","26,710,696"
"19-Mar-2021","106.25","113.25","104.45","110.50","50,386,785"
"22-Mar-2021","110.50","111.25","108.55","109.60","15,825,065"
"23-Mar-2021","109.60","110.30","106.60","107.15","15,815,643"
"24-Mar-2021","105.00","106.00","102.85","104.80","31,083,656"
"25-Mar-2021","106.00","107.70","101.30","102.00","37,295,495"
"26-Mar-2021","103.00","104.00","100.25","102.40","26,637,085"
"30-Mar-2021","104.05","106.30","102.60","103.50","31,843,605"
"31-Mar-2021","102.80","104.20","101.90","102.15","19,587,582"
"01-Apr-2021","103.00","105.25","101.15","104.35","22,299,747"
"05-Apr-2021","102.15","104.50","99.40","103.45","24,878,516"
"06-Apr-2021","102.65","104.40","101.30","103.95","15,156,974"
"07-Apr-2021","103.90","105.35","103.45","104.65","10,330,347"
"08-Apr-2021","103.80","105.70","103.30","103.60","26,105,970"
"09-Apr-2021","103.00","104.90","103.00","103.80","17,645,822"
"12-Apr-2021","100.85","102.25","97.45","98.05","27,005,598"
"13-Apr-2021","98.05","102.50","98.05","102.05","25,505,623"
"15-Apr-2021","104.25","106.75","103.80","105.10","28,659,714"
"16-Apr-2021","104.60","107.85","104.20","107.30","21,627,285"
"19-Apr-2021","103.95","105.95","101.90","103.05","19,166,492"
"20-Apr-2021","103.30","105.00","102.20","102.85","23,082,015"
"22-Apr-2021","102.40","104.45","101.65","103.10","14,844,968"
"23-Apr-2021","102.00","103.65","101.60","102.40","12,790,334"
"26-Apr-2021","105.25","105.70","102.50","102.80","11,797,791"
"27-Apr-2021","102.80","104.00","102.80","103.20","8,886,250"
"28-Apr-2021","103.75","104.40","103.30","103.90","6,887,787"
"29-Apr-2021","104.90","105.90","103.55","104.05","14,990,087"
"30-Apr-2021","104.15","112.70","103.30","108.15","81,358,264"
"03-May-2021","108.15","110.70","106.00","107.70","33,975,507"
"04-May-2021","108.00","110.30","107.70","109.65","30,811,922"
"05-May-2021","112.40","114.00","110.50","111.10","47,588,366"
"06-May-2021","112.30","112.85","109.45","110.25","26,083,818"
"07-May-2021","110.85","112.35","109.65","111.45","28,016,564"
"10-May-2021","113.85","114.95","112.50","113.90","33,477,142"
"11-May-2021","112.55","118.70","110.75","118.10","48,355,326"
"12-May-2021","118.70","121.15","113.70","115.10","49,718,697"
"14-May-2021","116.00","116.00","111.55","112.95","23,626,454"
"17-May-2021","113.95","115.40","112.25","114.25","19,960,145"
"18-May-2021","115.00","117.50","114.30","116.10","29,395,737"
"19-May-2021","114.50","115.80","113.40","114.90","25,295,575"
"20-May-2021","113.45","114.70","111.20","111.80","21,131,045"
"21-May-2021","111.05","114.05","111.05","112.75","20,562,816"
"24-May-2021","113.25","113.95","110.85","113.05","24,785,960"
"25-May-2021","114.40","117.10","113.70","114.60","25,820,379"
"26-May-2021","115.40","115.40","113.00","113.35","12,045,621"
"27-May-2021","113.00","113.65","111.30","111.85","22,821,449"
"28-May-2021","113.20","115.55","111.85","112.35","19,331,994"
"31-May-2021","112.50","114.35","111.40","113.65","16,430,926"
"01-Jun-2021","114.35","118.45","114.20","117.60","51,620,011"
"02-Jun-2021","118.00","119.40","116.00","117.75","27,162,991"
"03-Jun-2021","118.80","123.80","118.45","122.50","64,241,347"
"04-Jun-2021","124.60","126.70","123.35","125.45","72,354,379"
"07-Jun-2021","126.95","127.50","124.90","125.15","28,709,907"
"08-Jun-2021","125.75","125.90","122.65","124.80","15,261,479"
"09-Jun-2021","127.00","128.00","123.05","124.05","29,718,157"
"10-Jun-2021","123.75","124.80","122.45","123.95","12,245,640"
"11-Jun-2021","123.95","126.60","122.50","123.55","18,360,366"
"14-Jun-2021","124.40","125.80","121.25","124.80","19,547,491"
"15-Jun-2021","125.60","128.50","124.85","125.35","32,779,493"
"16-Jun-2021","127.00","128.25","126.10","126.70","31,654,780"
"17-Jun-2021","125.60","127.00","123.50","125.10","18,124,616"
"18-Jun-2021","124.55","124.55","118.90","120.25","87,912,730"
"21-Jun-2021","119.40","122.00","118.95","120.95","15,669,821"
"22-Jun-2021","122.70","124.20","121.50","122.05","23,629,008"
"23-Jun-2021","123.50","124.40","121.75","123.35","21,978,870"
"24-Jun-2021","124.45","124.45","121.35","122.00","24,358,397"
"25-Jun-2021","122.95","124.95","120.35","120.90","34,557,609"
"28-Jun-2021","122.55","124.50","121.80","122.35","23,728,169"
"29-Jun-2021","121.80","122.45","119.10","119.40","20,857,415"
"30-Jun-2021","120.35","120.95","117.05","117.70","19,094,044"
"01-Jul-2021","117.75","119.75","117.30","118.85","16,012,542"
"02-Jul-2021","120.00","120.85","118.00","118.45","20,014,124"
"05-Jul-2021","119.15","121.45","118.90","120.95","12,050,022"
"06-Jul-2021","123.00","125.00","121.05","121.50","30,193,164"
"07-Jul-2021","119.90","120.40","117.80","119.90","18,479,814"
"08-Jul-2021","119.40","119.40","116.85","117.05","17,151,883"
"09-Jul-2021","117.10","118.65","116.60","117.90","11,240,925"
"12-Jul-2021","119.00","119.35","118.00","118.55","8,420,962"
"13-Jul-2021","119.00","120.80","118.60","120.40","8,580,799"
"14-Jul-2021","120.30","121.75","120.10","120.80","12,709,481"
"15-Jul-2021","119.20","119.40","116.20","116.90","28,589,465"
"16-Jul-2021","117.20","117.40","115.75","116.80","19,691,248"
"19-Jul-2021","114.80","116.55","114.20","114.60","14,395,883"
"20-Jul-2021","112.05","113.25","111.60","112.60","18,634,406"
"22-Jul-2021","114.40","115.80","113.95","115.50","11,710,140"
"23-Jul-2021","115.50","116.75","114.75","115.30","7,841,690"
"26-Jul-2021","114.85","115.60","114.10","114.55","8,149,770"
"27-Jul-2021","115.35","115.90","114.00","114.65","9,704,729"
"28-Jul-2021","114.90","115.20","113.45","114.35","11,020,097"
"29-Jul-2021","114.30","115.80","113.30","114.75","14,142,749"
"30-Jul-2021","114.30","116.75","113.80","115.30","12,236,156"
"02-Aug-2021","114.95","117.50","114.80","117.10","10,895,726"
"03-Aug-2021","116.15","118.20","115.15","117.90","15,163,353"
"04-Aug-2021","117.70","118.50","116.60","117.35","14,304,543"
"05-Aug-2021","116.20","117.25","114.70","116.85","11,033,147"
"06-Aug-2021","116.15","118.20","116.15","116.65","6,606,584"
"09-Aug-2021","116.00","117.00","114.30","115.00","8,294,214"
"10-Aug-2021","115.10","115.70","113.90","114.85","14,300,982"
"11-Aug-2021","115.50","117.30","114.85","117.00","11,308,648"
"12-Aug-2021","116.10","117.90","115.30","116.25","13,519,139"
"13-Aug-2021","116.80","116.95","115.35","116.10","10,342,014"
"16-Aug-2021","116.90","118.35","114.70","115.50","14,771,886"
"17-Aug-2021","116.00","116.00","112.70","113.85","16,025,745"
"18-Aug-2021","113.90","115.25","112.90","113.20","10,074,307"
"20-Aug-2021","110.65","111.75","108.50","110.20","23,878,081"
"23-Aug-2021","110.35","112.00","108.50","111.75","16,886,027"
"24-Aug-2021","113.15","115.20","112.10","113.20","17,368,602"
"25-Aug-2021","113.50","117.20","113.30","115.65","18,637,317"
"26-Aug-2021","115.60","116.25","114.40","115.55","8,779,246"
"27-Aug-2021","115.50","117.00","114.95","116.65","9,706,825"
"30-Aug-2021","116.75","120.40","116.75","120.15","15,933,414"
"31-Aug-2021","120.00","121.00","119.05","120.55","13,376,290"
"01-Sep-2021","121.80","122.25","119.40","119.70","10,964,080"
"02-Sep-2021","118.90","120.15","118.00","118.65","13,031,666"
"03-Sep-2021","119.95","123.50","118.80","123.10","21,326,802"
"06-Sep-2021","123.80","124.35","121.15","121.65","12,505,630"
"07-Sep-2021","122.50","122.75","119.55","119.95","8,530,847"
"08-Sep-2021","119.00","119.50","117.50","118.95","7,801,721"
"09-Sep-2021","119.10","123.80","118.20","122.15","27,242,637"
"13-Sep-2021","122.20","123.40","121.10","123.05","9,921,031"
"14-Sep-2021","123.30","125.40","122.80","123.95","16,593,684"
"15-Sep-2021","124.25","130.70","124.25","128.45","42,437,332"
"16-Sep-2021","129.65","131.25","127.40","128.70","22,431,820"
"17-Sep-2021","128.70","129.70","124.75","127.75","25,968,166"
"20-Sep-2021","125.05","129.40","125.05","128.50","29,857,432"
"21-Sep-2021","129.60","136.00","129.10","135.20","51,537,119"
"22-Sep-2021","134.50","135.25","132.45","133.65","16,424,387"
"23-Sep-2021","134.80","138.35","134.40","137.75","18,688,982"
"24-Sep-2021","138.90","139.90","134.50","136.10","33,667,173"
"27-Sep-2021","138.05","140.75","137.50","140.00","34,196,564"
"28-Sep-2021","141.80","143.60","141.00","142.20","46,109,879"
"29-Sep-2021","140.85","148.80","139.35","144.75","68,003,697"
"30-Sep-2021","144.75","146.05","141.35","144.50","26,714,630"
"01-Oct-2021","145.20","149.65","144.10","146.25","42,893,182"
"04-Oct-2021","147.80","148.50","147.00","147.60","16,099,471"
"05-Oct-2021","150.00","164.60","149.00","163.65","131,238,378"
"06-Oct-2021","166.00","172.75","165.80","168.10","101,221,817"
"07-Oct-2021","170.15","170.15","159.50","160.40","59,769,140"
"08-Oct-2021","163.90","166.60","160.50","160.95","30,561,341"
"11-Oct-2021","163.75","166.20","162.70","165.00","18,143,592"
"12-Oct-2021","165.10","165.85","162.75","163.55","11,619,888"
"13-Oct-2021","163.65","163.80","159.70","160.00","16,690,451"
"14-Oct-2021","161.00","161.75","158.65","159.05","14,821,875"
"18-Oct-2021","163.75","165.50","161.20","162.10","22,899,876"
"19-Oct-2021","163.50","163.50","158.00","158.60","10,331,930"
"20-Oct-2021","159.25","159.35","153.65","154.90","17,118,996"
"21-Oct-2021","157.60","160.30","154.55","155.00","31,555,789"
"22-Oct-2021","157.00","158.35","154.50","157.05","27,317,028"
"25-Oct-2021","159.00","162.95","158.90","161.40","34,568,006"
"26-Oct-2021","163.55","163.95","160.30","163.10","33,022,684"
"27-Oct-2021","163.10","163.60","157.00","157.90","21,652,522"
"28-Oct-2021","150.00","156.85","148.70","150.20","24,815,027"
"29-Oct-2021","149.90","151.85","146.00","149.05","18,736,450"
"01-Nov-2021","150.00","153.60","148.40","153.15","11,444,653"
"02-Nov-2021","153.95","154.80","151.35","152.95","20,609,479"
"03-Nov-2021","151.20","154.20","149.80","152.00","11,591,857"
"04-Nov-2021","152.00","152.85","151.25","152.05","1,114,216"
"08-Nov-2021","152.95","155.55","151.70","154.90","16,568,525"
"09-Nov-2021","156.50","158.15","155.00","156.65","13,601,954"
"10-Nov-2021","156.70","158.70","156.45","157.70","13,900,618"
"11-Nov-2021","156.60","156.85","153.05","153.50","14,158,749"
"12-Nov-2021","154.00","155.60","153.30","154.65","10,552,485"
"15-Nov-2021","156.45","162.25","156.00","157.80","45,750,584"
"16-Nov-2021","159.40","159.70","156.80","157.15","12,956,283"
"17-Nov-2021","157.00","159.25","156.60","157.40","11,420,415"
"18-Nov-2021","157.00","157.00","153.70","154.30","18,351,511"
"22-Nov-2021","151.25","153.70","146.00","146.55","21,558,590"
"23-Nov-2021","145.80","147.70","143.40","146.70","21,216,047"
"24-Nov-2021","149.00","155.85","149.00","153.45","36,294,271"
"25-Nov-2021","154.00","156.00","152.55","155.10","11,554,142"
"26-Nov-2021","152.25","152.25","146.25","147.10","23,135,841"
"29-Nov-2021","145.00","146.05","141.90","144.10","18,736,522"
"30-Nov-2021","143.35","147.75","141.10","142.10","22,980,651"
"01-Dec-2021","142.40","143.65","139.65","142.25","14,278,744"
"02-Dec-2021","140.50","144.65","140.40","144.00","8,561,767"
"03-Dec-2021","144.00","146.85","143.15","145.90","10,690,334"
"06-Dec-2021","145.80","145.85","142.75","143.35","7,749,262"
"07-Dec-2021","145.00","146.25","144.50","145.90","10,253,663"
"08-Dec-2021","147.00","150.35","146.80","148.40","12,266,948"
"09-Dec-2021","149.50","149.90","146.35","147.35","7,989,291"
"10-Dec-2021","146.25","148.00","145.55","147.55","10,324,085"
"13-Dec-2021","148.95","150.50","145.35","145.95","13,595,587"
"14-Dec-2021","144.25","147.45","143.95","146.90","12,331,999"
"15-Dec-2021","146.30","147.70","143.60","143.95","10,361,033"
"16-Dec-2021","145.30","146.25","144.55","145.35","12,156,709"
"17-Dec-2021","144.20","145.10","138.50","139.40","17,667,617"
"20-Dec-2021","137.50","137.65","131.65","134.00","17,238,729"
"21-Dec-2021","135.05","136.85","133.80","136.05","8,615,570"
"22-Dec-2021","137.40","137.95","135.30","136.80","4,968,143"
"23-Dec-2021","138.50","141.00","137.15","140.50","6,324,169"
"24-Dec-2021","141.55","141.60","137.20","138.50","5,657,495"
"27-Dec-2021","136.55","138.05","136.00","137.35","4,404,298"
"28-Dec-2021","139.15","140.50","138.50","139.50","8,738,089"
"29-Dec-2021","140.20","140.85","137.45","138.90","6,571,286"
"30-Dec-2021","138.75","141.20","138.50","140.50","11,556,524"
"31-Dec-2021","140.45","142.95","139.45","142.40","6,393,760"
"03-Jan-2022","142.35","143.45","141.20","143.05","3,765,911"
"04-Jan-2022","143.10","148.60","143.10","147.80","16,351,836"
"05-Jan-2022","148.50","151.10","147.40","150.35","12,977,680"
"06-Jan-2022","150.60","151.40","148.35","150.80","9,012,777"
"07-Jan-2022","151.50","157.50","151.35","157.05","30,889,365"
"10-Jan-2022","158.25","159.40","156.40","158.35","16,418,985"
"11-Jan-2022","158.80","161.65","157.60","160.95","14,457,548"
"12-Jan-2022","162.70","165.70","161.40","164.95","21,220,614"
"13-Jan-2022","164.95","165.50","163.05","163.95","7,445,346"
"14-Jan-2022","162.95","163.30","160.20","161.05","11,646,259"
"17-Jan-2022","162.50","168.20","162.30","165.85","32,577,835"
"18-Jan-2022","168.30","168.40","163.40","163.85","11,175,409"
"19-Jan-2022","165.30","171.00","164.90","170.25","36,648,534"
"20-Jan-2022","170.90","170.90","166.50","166.85","14,474,454"
"21-Jan-2022","165.30","166.40","162.30","163.65","8,625,926"
"24-Jan-2022","165.20","168.30","163.75","165.70","28,783,449"
"25-Jan-2022","163.00","166.70","163.00","165.15","14,249,846"
"27-Jan-2022","165.10","168.75","164.50","165.70","25,936,832"
"28-Jan-2022","167.55","174.70","166.25","168.80","32,790,065"
"31-Jan-2022","171.60","174.85","169.55","172.60","24,031,034"
"01-Feb-2022","174.00","174.90","168.50","170.95","14,220,953"
"02-Feb-2022","170.55","174.05","170.50","171.30","12,478,192"
"03-Feb-2022","170.00","171.25","166.00","167.50","12,529,302"
"04-Feb-2022","170.00","172.70","169.05","169.60","17,434,362"
"07-Feb-2022","170.70","173.30","169.20","172.10","11,723,574"
"08-Feb-2022","172.00","173.00","166.50","166.95","13,231,599"
"09-Feb-2022","167.90","169.60","163.10","163.95","17,938,632"
"10-Feb-2022","165.85","170.40","165.15","169.10","26,763,203"
"11-Feb-2022","167.95","170.50","167.10","168.15","12,884,995"
"14-Feb-2022","168.90","176.35","165.20","166.20","44,604,164"
"15-Feb-2022","170.00","170.00","156.40","164.15","31,146,458"
"16-Feb-2022","164.50","168.90","164.50","168.55","15,960,268"
"17-Feb-2022","168.55","172.40","168.50","171.75","24,640,791"
"18-Feb-2022","171.20","171.75","166.70","167.90","11,829,998"
"21-Feb-2022","167.40","167.55","163.05","163.40","14,222,260"
"22-Feb-2022","166.50","166.50","163.25","164.95","29,399,172"
"23-Feb-2022","166.25","166.40","159.65","160.75","21,301,826"
"24-Feb-2022","160.75","162.40","156.00","156.65","28,766,189"
"25-Feb-2022","159.40","160.40","156.80","159.50","20,225,258"
"28-Feb-2022","160.50","161.85","155.80","160.65","20,210,070"
"02-Mar-2022","165.65","168.35","161.90","162.95","41,103,406"
"03-Mar-2022","168.30","171.80","162.90","170.30","42,345,653"
"04-Mar-2022","170.10","171.00","163.85","165.25","32,658,756"
"07-Mar-2022","167.10","189.80","167.10","186.95","132,538,155"
"08-Mar-2022","190.00","194.95","177.80","179.10","73,127,816"
"09-Mar-2022","183.00","183.80","173.85","175.40","51,977,091"
"10-Mar-2022","168.25","176.90","165.00","174.35","62,112,814"
"11-Mar-2022","172.50","176.40","171.70","175.70","26,187,452"
"14-Mar-2022","174.00","175.50","170.60","171.80","20,214,021"
"15-Mar-2022","168.30","169.50","161.65","163.75","42,333,127"
"16-Mar-2022","166.00","167.85","161.85","167.30","25,545,119"
"17-Mar-2022","166.60","171.50","164.60","170.30","66,314,748"
"21-Mar-2022","171.70","175.00","170.30","172.55","20,614,652"
"22-Mar-2022","176.20","181.25","173.80","175.45","39,742,745"
"23-Mar-2022","176.50","177.70","174.85","175.60","10,994,784"
"24-Mar-2022","178.90","180.40","176.50","177.45","20,332,589"
"25-Mar-2022","178.50","179.25","175.10","175.80","13,608,989"
"28-Mar-2022","175.50","177.90","174.65","176.35","15,253,027"
"29-Mar-2022","174.95","175.20","170.55","171.00","14,210,783"
"30-Mar-2022","163.00","164.85","161.15","162.00","95,239,532"
"31-Mar-2022","161.85","165.25","161.15","163.90","33,523,683"
"01-Apr-2022","163.90","168.25","163.55","167.95","28,335,224"
"04-Apr-2022","166.95","169.05","165.35","168.05","17,745,513"
"05-Apr-2022","170.25","172.75","169.30","171.85","20,054,934"
"06-Apr-2022","170.60","173.50","170.30","172.80","12,969,222"
"07-Apr-2022","170.60","173.80","168.20","168.85","24,550,313"
"08-Apr-2022","169.00","171.30","168.70","170.90","9,529,874"
"11-Apr-2022","171.00","172.75","169.55","171.20","9,724,979"
"12-Apr-2022","171.00","172.20","168.20","168.90","13,184,429"
"13-Apr-2022","171.40","174.85","170.70","174.25","23,458,303"
"18-Apr-2022","176.00","179.00","175.10","175.80","23,916,912"
"19-Apr-2022","177.30","179.80","176.00","177.15","17,880,666"
"20-Apr-2022","176.90","177.35","174.80","175.50","10,076,403"
"21-Apr-2022","175.70","176.70","173.90","174.15","12,246,720"
"22-Apr-2022","174.15","176.30","173.70","174.00","10,267,952"
"25-Apr-2022","171.00","173.00","168.30","169.65","12,583,497"
"26-Apr-2022","171.10","171.70","165.70","166.95","20,086,229"
"27-Apr-2022","167.95","168.90","163.35","164.85","13,981,957"
"28-Apr-2022","166.00","166.00","162.45","164.80","13,030,499"
"29-Apr-2022","166.50","167.45","159.50","160.45","15,964,743"
"02-May-2022","158.15","159.25","155.90","156.35","23,405,519"
"04-May-2022","159.00","162.80","157.95","162.25","23,661,920"
"05-May-2022","164.20","168.40","163.40","164.85","26,878,516"
"06-May-2022","163.90","167.40","161.10","166.95","16,768,573"
"09-May-2022","165.25","167.30","162.75","164.75","9,952,775"
"10-May-2022","160.45","161.65","152.90","154.45","22,602,956"
"11-May-2022","154.00","160.00","153.75","158.60","15,084,514"
"12-May-2022","159.00","161.00","154.00","156.50","21,459,069"
"13-May-2022","160.00","160.30","152.95","153.55","12,934,346"
"16-May-2022","154.20","156.25","151.80","153.50","13,205,775"
"17-May-2022","156.00","163.70","155.55","163.15","17,843,200"
"18-May-2022","162.00","164.50","160.20","163.20","12,616,832"
"19-May-2022","158.55","162.05","157.80","160.00","8,932,407"
"20-May-2022","161.65","163.80","160.10","161.90","7,235,654"
"23-May-2022","161.75","164.20","154.65","155.10","18,029,557"
"24-May-2022","157.40","157.75","150.15","150.65","19,141,394"
"25-May-2022","152.90","153.25","147.60","152.60","19,366,472"
"26-May-2022","152.80","153.30","148.10","151.90","12,824,105"
"27-May-2022","155.00","155.50","141.10","143.80","52,469,252"
"30-May-2022","145.65","147.30","141.15","144.05","40,261,336"
"31-May-2022","145.40","153.00","145.40","151.25","57,675,204"
"01-Jun-2022","151.20","152.90","148.75","149.75","22,780,094"
"02-Jun-2022","147.80","152.90","146.00","152.45","25,429,955"
"03-Jun-2022","153.95","154.20","151.15","151.60","16,747,177"
"06-Jun-2022","153.10","156.00","152.80","153.95","30,327,268"
"07-Jun-2022","154.80","162.95","154.20","161.85","61,411,715"
"08-Jun-2022","163.50","166.40","162.10","163.40","45,994,327"
"09-Jun-2022","166.00","167.35","164.50","165.55","31,122,996"
"10-Jun-2022","164.00","166.65","163.35","164.65","17,812,698"
"13-Jun-2022","162.00","163.95","158.45","159.55","12,237,777"
"14-Jun-2022","159.55","160.55","155.30","155.95","12,844,437"
"15-Jun-2022","156.95","157.25","150.80","151.40","16,223,385"
"16-Jun-2022","149.15","151.55","142.60","143.55","25,130,676"
"17-Jun-2022","142.45","145.15","140.65","141.45","22,922,034"
"20-Jun-2022","138.60","138.90","130.00","134.40","28,656,582"
"21-Jun-2022","136.10","140.20","135.00","139.10","20,581,784"
"22-Jun-2022","136.95","136.95","131.00","134.85","31,824,106"
"23-Jun-2022","134.00","136.40","132.20","134.80","26,829,020"
"24-Jun-2022","137.00","141.00","135.20","137.35","25,461,812"
"27-Jun-2022","140.00","142.60","137.25","141.50","24,188,349"
"28-Jun-2022","142.80","151.75","142.15","149.35","54,387,675"
"29-Jun-2022","149.35","157.40","146.20","154.15","165,860,322"
"30-Jun-2022","153.00","154.45","149.25","151.55","38,725,546"
"01-Jul-2022","148.95","151.15","130.00","131.05","125,788,305"
"04-Jul-2022","129.95","129.95","124.10","126.00","85,993,413"
"05-Jul-2022","127.00","128.60","126.00","127.40","44,595,740"
"06-Jul-2022","123.00","123.50","119.85","120.95","59,092,334"
"07-Jul-2022","121.25","124.15","121.25","123.50","36,229,792"
"08-Jul-2022","126.35","126.35","121.00","121.50","42,778,692"
"11-Jul-2022","121.50","125.90","121.05","125.50","31,522,017"
"12-Jul-2022","124.90","126.75","123.50","124.10","25,216,226"
"13-Jul-2022","122.45","124.90","121.40","124.45","27,166,975"
"14-Jul-2022","124.40","132.60","123.80","127.15","38,464,081"
"15-Jul-2022","127.60","128.40","124.60","126.55","18,088,858"
"18-Jul-2022","127.05","130.70","126.95","129.90","21,010,247"
"19-Jul-2022","130.50","133.20","124.45","127.90","33,778,758"
"20-Jul-2022","135.00","136.60","132.20","132.55","60,317,150"
"21-Jul-2022","133.00","133.50","131.80","133.10","20,853,780"
"22-Jul-2022","133.80","133.80","131.55","132.45","11,630,255"
"25-Jul-2022","132.00","132.45","128.40","129.80","21,705,935"
"26-Jul-2022","130.85","131.60","127.75","128.20","22,172,845"
"27-Jul-2022","129.10","130.20","127.80","128.60","20,187,969"
"28-Jul-2022","130.40","130.50","128.25","130.25","25,736,737"
"29-Jul-2022","130.45","134.50","129.90","134.15","19,738,642"
"01-Aug-2022","134.10","139.00","133.20","138.40","20,592,826"
"02-Aug-2022","136.70","137.05","134.60","136.70","15,037,928"
"03-Aug-2022","136.00","138.45","133.80","135.65","15,853,543"
"04-Aug-2022","134.35","137.15","134.00","136.25","14,311,959"
"05-Aug-2022","135.10","138.50","133.60","136.50","66,480,753"
"08-Aug-2022","136.30","137.50","135.05","136.50","12,451,233"
"10-Aug-2022","136.40","136.75","133.45","133.80","15,829,467"
"11-Aug-2022","134.50","136.00","132.05","132.80","19,479,706"
"12-Aug-2022","133.90","139.70","133.50","139.20","40,876,891"
"16-Aug-2022","139.50","141.90","136.10","139.95","31,230,003"
"17-Aug-2022","139.95","140.80","138.70","139.65","15,694,770"
"18-Aug-2022","138.25","138.30","134.70","135.55","42,597,708"
"19-Aug-2022","137.50","138.50","134.05","134.60","35,382,493"
"22-Aug-2022","134.50","134.50","129.80","131.90","31,231,393"
"23-Aug-2022","131.90","134.20","130.10","133.75","24,268,146"
"24-Aug-2022","134.70","137.40","134.50","136.00","22,730,039"
"25-Aug-2022","137.00","138.15","136.15","136.55","14,620,592"
"26-Aug-2022","136.50","138.25","136.10","136.65","12,105,053"
"29-Aug-2022","134.20","136.60","133.75","135.90","9,198,908"
"30-Aug-2022","137.90","139.85","137.55","138.60","21,720,398"
"01-Sep-2022","135.00","136.25","134.15","134.70","20,349,294"
"02-Sep-2022","134.70","135.75","132.30","132.75","17,495,310"
"05-Sep-2022","132.90","133.90","132.65","133.40","14,865,879"
"06-Sep-2022","134.10","134.15","131.70","132.10","10,870,488"
"07-Sep-2022","131.00","132.95","130.05","132.50","12,042,788"
"08-Sep-2022","131.65","134.15","131.50","131.85","14,629,497"
"09-Sep-2022","132.50","134.20","131.95","134.00","12,327,341"
"12-Sep-2022","135.00","135.40","133.60","134.00","13,500,202"
"13-Sep-2022","134.20","135.15","133.50","133.90","10,846,178"
"14-Sep-2022","132.45","134.10","132.00","133.20","8,597,956"
"15-Sep-2022","133.60","134.40","132.00","132.60","10,810,473"
"16-Sep-2022","131.10","132.00","130.00","131.25","20,909,579"
"19-Sep-2022","132.10","134.35","129.70","130.55","19,411,428"
"20-Sep-2022","131.40","133.60","131.30","133.20","13,080,582"
"21-Sep-2022","132.20","133.20","130.05","130.90","11,156,865"
"22-Sep-2022","130.40","130.85","128.10","128.65","11,366,882"
"23-Sep-2022","128.25","129.10","127.50","128.60","10,407,849"
"26-Sep-2022","127.30","128.80","122.65","123.45","12,848,954"
"27-Sep-2022","124.35","127.90","123.85","124.45","14,465,123"
"28-Sep-2022","123.95","123.95","121.50","122.55","15,267,018"
"29-Sep-2022","123.50","128.20","123.50","126.65","20,597,761"
"30-Sep-2022","125.50","132.40","125.50","126.80","33,530,494"
"03-Oct-2022","131.70","135.00","130.60","132.40","50,966,493"
"04-Oct-2022","134.90","135.00","131.80","133.90","14,137,567"
"06-Oct-2022","136.50","136.55","132.40","132.65","14,570,735"
"07-Oct-2022","132.05","134.25","131.20","134.05","13,532,236"
"10-Oct-2022","133.00","134.00","132.20","133.25","10,183,057"
"11-Oct-2022","133.25","133.50","130.25","131.10","13,176,461"
"12-Oct-2022","131.10","132.00","129.10","131.35","9,401,804"
"13-Oct-2022","131.20","131.85","127.65","129.85","13,320,136"
"14-Oct-2022","132.00","132.80","127.05","127.60","13,205,955"
"17-Oct-2022","127.00","128.20","126.00","127.80","9,320,940"
"18-Oct-2022","128.45","129.10","127.60","128.70","6,490,293"
"19-Oct-2022","128.70","128.70","127.40","127.80","7,381,712"
"20-Oct-2022","127.00","131.00","125.80","129.60","18,748,363"
"21-Oct-2022","129.35","133.40","128.75","131.55","11,945,173"
"24-Oct-2022","133.00","134.00","132.40","132.80","2,154,912"
"25-Oct-2022","132.45","132.90","129.85","130.75","10,232,002"
"27-Oct-2022","130.75","132.20","130.30","131.80","13,865,026"
"28-Oct-2022","132.10","135.60","131.80","133.70","22,918,037"
"31-Oct-2022","134.40","135.20","132.80","134.05","8,753,855"
"01-Nov-2022","134.10","135.70","134.10","135.15","11,630,848"
"02-Nov-2022","135.85","139.20","135.35","136.45","21,117,499"
"03-Nov-2022","136.40","136.70","135.25","136.40","7,561,534"
"04-Nov-2022","136.40","138.40","136.05","137.85","7,498,344"
"07-Nov-2022","138.55","139.00","136.75","138.55","9,987,481"
"09-Nov-2022","138.95","139.00","137.00","138.65","12,033,732"
"10-Nov-2022","137.50","140.85","137.40","139.85","15,908,521"
"11-Nov-2022","140.60","141.30","139.20","140.45","18,492,513"
"14-Nov-2022","140.60","141.00","138.60","139.25","12,743,505"
"15-Nov-2022","140.00","143.35","140.00","142.35","24,636,519"
"16-Nov-2022","142.80","143.30","141.20","142.90","11,460,200"
"17-Nov-2022","141.95","143.80","141.70","143.20","13,368,536"
"18-Nov-2022","143.15","143.25","140.20","141.75","19,958,908"
"21-Nov-2022","136.00","136.35","134.40","135.45","16,348,881"
"22-Nov-2022","134.95","135.90","132.90","135.20","11,198,874"
"23-Nov-2022","135.55","136.65","134.55","136.50","9,010,911"
"24-Nov-2022","136.50","140.00","135.50","139.45","11,803,087"
"25-Nov-2022","139.00","141.30","137.75","140.55","9,789,098"
"28-Nov-2022","139.50","141.20","139.05","139.60","8,925,344"
"29-Nov-2022","140.05","141.10","139.50","140.25","13,558,920"
"30-Nov-2022","139.60","141.80","139.60","141.10","17,720,938"
"01-Dec-2022","141.45","142.00","139.80","140.05","27,727,625"
"02-Dec-2022","141.85","144.80","140.55","140.90","24,518,337"
"05-Dec-2022","141.50","143.95","140.60","143.75","18,440,387"
"06-Dec-2022","142.85","143.15","141.15","142.45","10,977,472"
"07-Dec-2022","140.80","141.75","140.10","140.65","9,731,670"
"08-Dec-2022","141.25","143.00","140.35","142.65","10,150,945"
"09-Dec-2022","142.50","142.95","140.30","140.70","9,438,307"
"12-Dec-2022","140.00","142.50","139.20","142.35","8,946,335"
"13-Dec-2022","143.05","144.65","142.55","144.35","12,593,054"
"14-Dec-2022","144.35","148.60","144.10","147.60","17,692,988"
"15-Dec-2022","147.65","148.85","146.65","147.45","11,426,194"
"16-Dec-2022","148.35","150.50","147.00","147.20","20,540,447"
"19-Dec-2022","147.05","147.55","145.00","145.80","10,635,055"
"20-Dec-2022","145.50","146.20","143.10","145.85","6,714,207"
"21-Dec-2022","146.50","146.80","142.70","143.50","10,011,408"
"22-Dec-2022","145.00","145.15","141.55","142.25","9,123,323"
"23-Dec-2022","140.60","143.50","139.30","139.80","8,007,752"
"26-Dec-2022","140.50","142.85","139.50","141.30","7,150,680"
"27-Dec-2022","142.10","145.40","142.10","144.80","8,765,357"
"28-Dec-2022","143.45","144.65","142.70","143.90","9,534,858"
"29-Dec-2022","142.75","146.00","142.50","144.65","36,752,195"
"30-Dec-2022","145.45","148.75","144.55","146.75","9,644,998"
"02-Jan-2023","147.30","150.80","147.25","150.45","9,631,496"
"03-Jan-2023","149.70","150.60","148.00","149.55","14,991,139"
"04-Jan-2023","148.80","148.85","145.00","146.25","13,535,874"
"05-Jan-2023","145.85","147.00","144.15","146.50","16,320,559"
"06-Jan-2023","146.70","148.10","146.30","147.35","16,804,116"
"09-Jan-2023","149.30","150.20","147.80","148.15","18,660,445"
"10-Jan-2023","148.60","150.30","148.60","149.35","18,490,715"
"11-Jan-2023","149.50","150.00","146.25","146.80","12,538,238"
"12-Jan-2023","147.70","148.25","145.75","146.15","13,270,422"
"13-Jan-2023","146.40","147.50","145.90","146.95","8,854,484"
"16-Jan-2023","147.70","147.80","146.00","147.60","9,696,320"
"17-Jan-2023","148.30","149.00","146.65","147.85","18,484,595"
"18-Jan-2023","148.25","149.75","148.20","149.25","12,139,643"
"19-Jan-2023","148.05","152.10","148.05","151.75","18,437,610"
"20-Jan-2023","152.00","152.50","150.55","151.60","17,512,691"
"23-Jan-2023","152.55","153.10","151.35","152.35","16,742,252"
"24-Jan-2023","152.35","153.20","151.60","152.15","8,276,792"
"25-Jan-2023","151.25","153.40","151.15","152.45","9,827,342"
"27-Jan-2023","152.45","154.15","146.60","147.65","13,052,535"
"30-Jan-2023","147.50","148.85","143.25","144.90","12,688,399"
"31-Jan-2023","145.15","147.90","144.25","144.90","19,050,398"
"01-Feb-2023","145.80","146.00","142.35","144.25","11,526,089"
"02-Feb-2023","143.00","145.00","140.65","143.45","11,886,667"
"03-Feb-2023","143.50","145.35","140.10","144.30","9,250,428"
"06-Feb-2023","141.70","144.20","141.60","143.50","6,436,143"
"07-Feb-2023","143.90","144.95","142.20","144.65","8,681,511"
"08-Feb-2023","145.40","145.90","143.15","143.90","10,325,869"
"09-Feb-2023","144.65","146.40","143.20","146.20","8,078,404"
"10-Feb-2023","146.15","147.00","144.80","146.70","6,396,208"
"13-Feb-2023","147.45","148.80","146.60","148.15","6,563,018"
"14-Feb-2023","148.65","149.20","147.00","148.45","6,991,500"
"15-Feb-2023","149.00","149.40","145.50","147.50","12,631,259"
"16-Feb-2023","150.00","156.45","148.40","155.90","30,949,761"
"17-Feb-2023","155.50","158.80","154.40","156.60","19,874,561"
"20-Feb-2023","157.20","157.80","154.40","154.85","8,348,393"
"21-Feb-2023","154.90","155.90","153.45","154.10","7,599,927"
"22-Feb-2023","154.25","154.50","151.70","153.60","9,599,697"
"23-Feb-2023","153.70","156.20","153.25","154.65","18,675,946"
"24-Feb-2023","151.75","155.35","149.75","155.00","14,648,507"
"27-Feb-2023","154.00","156.05","153.00","155.25","11,904,749"
"28-Feb-2023","154.15","155.45","151.20","152.05","17,607,584"
"01-Mar-2023","152.00","155.10","151.85","154.80","7,707,977"
"02-Mar-2023","154.50","155.05","152.65","154.05","8,219,892"
"03-Mar-2023","154.00","155.70","153.45","154.25","8,260,104"
"06-Mar-2023","154.70","159.70","153.55","158.20","14,491,522"
"08-Mar-2023","156.55","158.85","156.40","158.25","7,339,476"
"09-Mar-2023","159.05","159.15","156.05","156.30","5,314,022"
"10-Mar-2023","155.60","156.70","154.20","155.80","4,689,681"
"13-Mar-2023","156.20","158.00","155.20","155.80","8,785,721"
"14-Mar-2023","155.80","156.85","153.05","153.30","7,177,342"
"15-Mar-2023","154.00","154.45","151.80","152.55","9,832,270"
"16-Mar-2023","151.20","153.40","148.00","152.20","18,551,936"
"17-Mar-2023","153.50","154.90","151.95","153.15","16,593,429"
"20-Mar-2023","153.00","154.15","151.60","152.30","8,749,355"
"21-Mar-2023","153.15","153.75","150.95","151.55","6,148,489"
"22-Mar-2023","152.40","152.80","150.85","151.55","4,329,409"
"23-Mar-2023","151.10","153.15","150.30","152.80","4,484,564"
"24-Mar-2023","152.70","153.20","148.80","149.40","8,301,726"
"27-Mar-2023","149.55","152.45","149.25","150.25","7,437,261"
"28-Mar-2023","150.25","150.25","146.65","147.20","8,964,539"
"29-Mar-2023","147.25","150.85","146.50","149.35","24,012,834"
"31-Mar-2023","150.10","153.00","150.05","151.05","7,998,472"
"03-Apr-2023","154.50","157.85","153.10","153.65","20,016,785"
"05-Apr-2023","156.75","157.35","152.55","152.90","15,880,397"
"06-Apr-2023","153.20","153.45","150.40","150.60","10,670,936"
"10-Apr-2023","150.70","157.50","150.00","157.15","17,431,401"
"11-Apr-2023","157.10","159.30","156.40","159.05","13,305,621"
"12-Apr-2023","159.00","159.05","156.60","157.65","7,333,339"
"13-Apr-2023","158.15","160.50","158.00","158.75","11,610,851"
"17-Apr-2023","159.10","160.45","158.00","160.15","9,358,885"
"18-Apr-2023","160.15","160.55","159.40","160.10","8,008,560"
"19-Apr-2023","158.30","160.45","158.05","160.10","11,374,283"
"20-Apr-2023","159.60","160.10","158.50","159.15","5,733,670"
"21-Apr-2023","158.90","159.85","158.70","159.60","3,512,214"
"24-Apr-2023","159.60","160.75","159.30","160.25","7,028,440"
"25-Apr-2023","160.20","161.80","160.00","160.65","10,169,778"
"26-Apr-2023","160.00","161.60","159.75","161.15","9,177,783"
"27-Apr-2023","160.20","160.90","159.60","160.05","6,456,825"
"28-Apr-2023","159.80","159.80","154.85","158.95","12,656,744"
"02-May-2023","159.50","164.80","159.35","164.25","16,612,560"
"03-May-2023","162.90","163.35","160.85","161.15","8,029,435"
"04-May-2023","160.80","161.20","159.20","161.00","9,929,482"
"05-May-2023","161.05","161.95","159.70","160.30","5,488,707"
"08-May-2023","160.30","165.35","160.00","165.00","9,699,470"
"09-May-2023","165.00","166.50","164.40","165.25","7,600,834"
"10-May-2023","165.25","167.65","165.00","166.95","10,901,429"
"11-May-2023","166.10","168.65","166.10","167.05","7,877,677"
"12-May-2023","168.15","169.00","165.00","165.50","16,373,574"
"15-May-2023","165.50","166.60","164.40","165.60","8,559,162"
"16-May-2023","168.30","168.50","166.75","168.00","12,249,266"
"17-May-2023","168.00","168.00","166.10","167.25","7,360,259"
"18-May-2023","167.50","168.45","166.00","166.35","7,433,090"
"19-May-2023","166.20","166.75","164.00","164.90","5,969,632"
"22-May-2023","164.10","166.40","164.10","165.60","7,331,865"
"23-May-2023","165.60","167.05","164.45","165.00","10,119,254"
"24-May-2023","165.00","166.45","164.65","166.25","6,107,980"
"25-May-2023","166.25","167.40","165.25","166.00","8,077,606"
"26-May-2023","166.05","167.40","162.30","163.75","14,873,707"
"29-May-2023","160.00","160.25","156.50","159.00","43,253,971"
"30-May-2023","159.70","161.70","157.25","158.85","16,117,505"
"31-May-2023","159.00","159.40","150.05","154.90","83,741,017"
"01-Jun-2023","154.70","156.00","153.20","153.65","13,982,606"
"02-Jun-2023","155.00","155.00","153.40","154.70","9,851,058"
"05-Jun-2023","155.50","156.00","154.45","155.40","11,850,547"
"06-Jun-2023","155.50","155.90","153.20","153.65","8,118,800"
"07-Jun-2023","153.60","154.50","152.55","153.85","12,180,164"
"08-Jun-2023","154.50","156.65","154.20","156.10","13,850,599"
"09-Jun-2023","156.70","156.90","153.80","154.25","11,764,248"
"12-Jun-2023","154.85","155.25","152.60","155.05","11,017,643"
"13-Jun-2023","155.20","156.20","154.25","155.65","10,073,644"
"14-Jun-2023","156.10","158.40","155.85","157.85","9,695,952"
"15-Jun-2023","157.50","157.90","156.20","157.65","7,426,254"
"16-Jun-2023","158.25","158.65","156.35","157.00","11,466,647"
"19-Jun-2023","157.90","158.45","156.50","157.80","4,718,221"
"20-Jun-2023","157.55","157.80","156.55","157.25","6,059,738"
"21-Jun-2023","157.00","160.55","156.60","160.20","8,284,206"
"22-Jun-2023","160.20","160.95","157.50","158.95","10,629,027"
"23-Jun-2023","159.00","159.00","155.40","156.90","8,722,650"
"26-Jun-2023","157.00","158.25","155.85","156.90","4,273,205"
"27-Jun-2023","158.85","158.85","157.35","157.85","9,730,174"
"28-Jun-2023","157.85","160.15","156.55","158.55","40,243,993"
"30-Jun-2023","161.00","161.00","158.95","160.30","7,840,112"
"03-Jul-2023","160.30","163.25","160.00","162.90","9,548,822"
"04-Jul-2023","162.50","162.90","160.00","161.20","5,394,282"
"05-Jul-2023","162.00","164.40","161.35","162.80","8,795,342"
"06-Jul-2023","162.80","165.80","162.55","165.40","9,845,699"
"07-Jul-2023","165.50","166.00","162.80","163.50","7,597,171"
"10-Jul-2023","163.90","165.40","162.50","162.75","5,437,687"
"11-Jul-2023","163.25","165.10","162.90","164.60","6,343,183"
"12-Jul-2023","165.95","169.00","165.25","167.65","15,614,026"
"13-Jul-2023","168.65","169.30","167.20","167.80","11,350,009"
"14-Jul-2023","169.00","169.75","168.20","169.25","9,448,062"
"17-Jul-2023","167.80","168.40","166.15","166.40","4,968,847"
"18-Jul-2023","166.40","168.15","166.05","166.90","4,322,257"
"19-Jul-2023","167.20","167.95","166.10","166.75","5,968,174"
"20-Jul-2023","167.00","168.10","166.00","167.20","5,217,131"
"21-Jul-2023","167.35","171.00","166.50","170.55","7,842,863"
"24-Jul-2023","171.65","172.25","170.25","171.00","8,451,631"
"25-Jul-2023","172.00","173.35","171.30","173.00","10,480,578"
"26-Jul-2023","173.85","174.30","172.00","172.95","9,103,949"
"27-Jul-2023","173.45","173.65","170.70","171.00","7,731,146"
"28-Jul-2023","170.70","174.95","168.90","171.80","9,004,252"
"31-Jul-2023","172.80","177.50","171.40","177.05","9,277,749"
"01-Aug-2023","175.30","177.00","174.30","176.70","5,584,773"
"02-Aug-2023","177.00","178.65","174.00","175.95","8,975,495"
"03-Aug-2023","175.25","175.80","171.50","172.10","6,152,393"
"04-Aug-2023","173.35","174.45","172.10","173.35","4,605,271"
"07-Aug-2023","174.30","174.50","172.10","172.95","2,240,015"
"08-Aug-2023","172.90","173.80","172.60","173.35","3,631,238"
"09-Aug-2023","173.35","177.25","173.30","176.90","4,852,294"
"10-Aug-2023","178.10","179.75","176.90","178.65","10,430,692"
"11-Aug-2023","178.90","179.70","176.70","177.20","4,112,277"
"14-Aug-2023","180.00","180.45","177.35","178.00","12,876,956"
"16-Aug-2023","176.30","179.45","175.80","179.05","8,371,665"
"17-Aug-2023","178.70","179.10","177.10","177.75","5,199,363"
"18-Aug-2023","177.65","177.65","174.15","175.30","6,734,650"
"21-Aug-2023","175.30","176.30","174.30","176.05","3,599,820"
"22-Aug-2023","176.05","177.90","175.60","176.15","5,348,036"
"23-Aug-2023","177.00","177.20","175.00","175.50","6,379,611"
"24-Aug-2023","175.50","176.70","172.80","173.10","7,976,333"
"25-Aug-2023","173.10","175.25","172.85","174.70","4,757,915"
"28-Aug-2023","175.10","175.80","174.55","175.20","4,354,221"
"29-Aug-2023","175.60","176.10","174.95","175.70","4,596,468"
"30-Aug-2023","175.70","176.90","175.00","175.75","5,937,955"
"31-Aug-2023","175.80","176.00","173.05","174.15","15,823,452"
"01-Sep-2023","174.40","184.75","174.40","181.75","22,460,960"
"04-Sep-2023","183.85","184.45","181.80","182.95","10,998,180"
"05-Sep-2023","183.50","186.00","182.40","183.10","13,506,519"
"06-Sep-2023","184.90","186.75","182.35","183.05","11,954,407"
"07-Sep-2023","185.00","185.20","181.00","181.75","11,137,801"
"08-Sep-2023","182.50","184.95","182.00","184.45","9,737,214"
"11-Sep-2023","185.45","185.95","182.30","183.40","10,845,871"
"12-Sep-2023","184.85","184.90","180.20","180.90","15,524,470"
"13-Sep-2023","181.90","184.70","180.90","183.90","10,578,786"
"14-Sep-2023","184.75","188.90","184.20","187.90","17,746,404"
"15-Sep-2023","191.70","191.70","185.60","186.65","19,924,829"
"18-Sep-2023","185.80","187.50","185.10","186.75","5,022,956"
"20-Sep-2023","186.45","189.50","186.20","188.20","12,687,099"
"21-Sep-2023","188.40","188.45","186.05","186.70","7,814,108"
"22-Sep-2023","186.60","187.70","185.00","185.10","7,814,821"
"25-Sep-2023","186.00","186.70","185.25","185.50","5,540,062"
"26-Sep-2023","186.00","188.15","185.25","187.75","12,446,655"
"27-Sep-2023","189.30","189.30","186.30","187.25","5,630,907"
"28-Sep-2023","188.90","189.50","186.50","187.45","14,890,642"
"29-Sep-2023","188.50","192.25","188.15","191.85","10,085,766"
"03-Oct-2023","189.30","189.30","183.65","184.60","22,118,500"
"04-Oct-2023","184.45","184.60","182.10","182.75","9,360,058"
"05-Oct-2023","181.25","184.00","181.00","182.20","11,128,340"
"06-Oct-2023","183.50","183.50","180.60","181.45","5,759,904"
"09-Oct-2023","182.90","184.70","181.25","181.70","14,622,727"
"10-Oct-2023","182.30","184.50","182.05","183.50","11,819,690"
"11-Oct-2023","184.40","184.70","182.75","183.25","8,499,601"
"12-Oct-2023","183.20","184.85","183.00","184.45","8,677,885"
"13-Oct-2023","184.50","186.25","184.05","184.90","7,435,899"
"16-Oct-2023","187.95","188.20","186.25","186.55","12,376,549"
"17-Oct-2023","187.00","187.05","185.55","186.25","4,381,065"
"18-Oct-2023","188.00","188.05","186.05","186.95","10,181,113"
"19-Oct-2023","186.00","186.65","185.05","186.30","9,148,124"
"20-Oct-2023","187.00","187.30","185.15","186.20","7,912,216"
"23-Oct-2023","185.95","185.95","184.20","184.85","4,723,090"
"25-Oct-2023","184.85","185.85","183.00","184.35","6,812,004"
"26-Oct-2023","183.50","184.15","179.90","180.90","8,474,867"
"27-Oct-2023","181.00","185.80","180.30","184.75","6,422,123"
"30-Oct-2023","185.00","189.20","184.60","188.80","7,352,638"
"31-Oct-2023","189.20","189.80","184.20","186.15","9,404,675"
"01-Nov-2023","186.15","188.80","185.05","186.70","9,167,869"
"02-Nov-2023","187.00","187.65","185.75","186.20","11,471,209"
"03-Nov-2023","186.65","190.65","185.80","190.00","7,464,912"
"06-Nov-2023","190.20","194.20","189.55","193.30","8,962,124"
"07-Nov-2023","193.40","198.00","192.35","193.20","13,921,916"
"08-Nov-2023","193.70","196.55","192.30","195.35","10,186,886"
"09-Nov-2023","196.50","196.70","192.20","192.70","5,303,833"
"10-Nov-2023","192.70","196.50","192.70","195.90","6,025,889"
"12-Nov-2023","198.80","198.80","195.90","196.75","2,988,611"
"13-Nov-2023","195.90","197.30","194.10","195.80","11,181,086"
"15-Nov-2023","198.50","203.00","197.65","199.50","19,769,385"
"16-Nov-2023","202.50","203.40","201.00","201.80","18,629,240"
"17-Nov-2023","200.85","201.25","195.55","196.35","13,199,928"
"20-Nov-2023","198.00","198.50","197.00","197.85","6,423,265"
"21-Nov-2023","193.00","193.95","191.00","191.20","10,720,353"
"22-Nov-2023","191.20","191.85","189.75","191.00","7,538,825"
"23-Nov-2023","191.00","191.75","189.60","190.65","6,541,617"
"24-Nov-2023","190.85","191.85","188.15","188.85","5,751,331"
"28-Nov-2023","188.85","194.45","188.40","193.95","9,277,764"
"29-Nov-2023","195.50","195.50","191.70","192.00","8,791,333"
"30-Nov-2023","192.65","195.65","192.05","194.95","14,965,403"
"01-Dec-2023","195.25","198.25","194.25","194.55","9,935,740"
"04-Dec-2023","196.50","205.90","196.05","202.05","28,615,290"
"05-Dec-2023","202.20","203.95","199.15","202.05","14,557,746"
"06-Dec-2023","203.75","203.75","199.10","201.95","12,662,213"
"07-Dec-2023","200.90","200.90","196.05","198.90","16,425,880"
"08-Dec-2023","199.85","200.30","194.10","195.95","10,414,387"
"11-Dec-2023","197.05","200.85","194.25","197.80","10,108,266"
"12-Dec-2023","196.95","197.80","194.55","195.40","10,719,911"
"13-Dec-2023","195.40","195.40","192.05","193.15","10,892,122"
"14-Dec-2023","195.90","196.30","193.25","195.95","15,257,294"
"15-Dec-2023","197.25","201.95","196.85","201.05","22,863,981"
"18-Dec-2023","201.05","201.65","197.35","199.00","8,061,011"
"19-Dec-2023","202.00","203.55","199.30","200.30","16,739,742"
"20-Dec-2023","201.75","212.00","200.95","203.20","57,762,576"
"21-Dec-2023","203.95","206.75","201.20","202.65","22,823,936"
"22-Dec-2023","204.00","204.50","201.80","203.95","9,910,694"
"26-Dec-2023","204.50","208.50","203.65","207.35","17,052,969"
"27-Dec-2023","209.50","209.90","204.50","205.55","20,361,303"
"28-Dec-2023","206.50","208.90","205.35","208.30","22,010,872"
"29-Dec-2023","208.00","208.00","204.25","205.05","12,171,663"
"01-Jan-2024","206.00","207.10","204.75","205.35","4,820,168"
"02-Jan-2024","205.35","210.75","203.65","207.05","21,141,219"
"03-Jan-2024","205.50","210.45","204.50","208.25","11,650,902"
"04-Jan-2024","210.50","215.40","209.30","214.65","31,054,419"
"05-Jan-2024","215.45","217.50","213.05","216.45","20,743,811"
"08-Jan-2024","218.00","220.80","217.10","217.95","19,310,595"
"09-Jan-2024","221.00","221.45","215.95","216.65","11,951,525"
"10-Jan-2024","215.00","215.00","209.70","212.10","16,500,666"
"11-Jan-2024","214.00","214.00","210.85","211.85","12,586,419"
"12-Jan-2024","213.80","224.75","212.35","223.40","39,228,118"
"15-Jan-2024","228.50","235.45","224.65","233.50","57,884,916"
"16-Jan-2024","234.95","238.95","231.10","235.10","34,505,065"
"17-Jan-2024","232.20","237.25","230.70","232.05","26,010,955"
"18-Jan-2024","230.05","234.50","224.65","233.55","19,232,183"
"19-Jan-2024","236.00","242.55","235.00","242.05","26,391,844"
"20-Jan-2024","243.00","245.45","240.45","242.05","15,133,785"
"23-Jan-2024","245.00","245.65","228.00","229.90","20,282,617"
"24-Jan-2024","231.00","235.00","228.10","234.35","14,458,601"
"25-Jan-2024","235.00","237.50","232.80","234.05","18,291,957"
"29-Jan-2024","241.00","254.95","239.10","252.50","54,127,939"
"30-Jan-2024","256.50","263.30","248.65","249.20","51,491,099"
"31-Jan-2024","250.45","254.35","246.30","252.25","33,293,192"
"01-Feb-2024","254.65","254.65","245.45","247.65","29,758,133"
"02-Feb-2024","250.00","260.00","249.00","257.25","30,482,663"
"05-Feb-2024","260.05","268.05","255.10","262.95","34,001,868"
"06-Feb-2024","265.35","273.40","260.20","272.30","36,708,949"
"07-Feb-2024","275.00","275.65","267.55","271.90","23,756,939"
"08-Feb-2024","273.05","275.65","269.10","273.15","25,252,940"
"09-Feb-2024","275.00","275.65","259.15","267.55","26,743,792"
"12-Feb-2024","261.95","266.60","256.80","257.90","30,906,374"
"13-Feb-2024","258.00","262.40","254.70","259.50","20,711,842"
"14-Feb-2024","258.00","269.65","256.00","268.85","36,168,962"
"15-Feb-2024","271.65","279.85","269.00","277.30","32,831,246"
"16-Feb-2024","275.15","278.00","270.35","274.70","27,044,984"
"19-Feb-2024","274.70","279.05","272.40","274.65","15,322,964"
"20-Feb-2024","274.80","281.15","274.05","276.60","18,968,785"
"21-Feb-2024","276.00","281.10","271.60","272.95","16,340,579"
"22-Feb-2024","273.85","276.00","268.50","274.70","16,791,453"
"23-Feb-2024","274.90","276.00","271.10","272.20","9,464,646"
"26-Feb-2024","271.90","271.90","267.80","269.85","8,661,999"
"27-Feb-2024","268.05","270.20","264.95","269.35","19,582,774"
"28-Feb-2024","270.00","270.30","264.60","265.75","9,118,196"
"29-Feb-2024","265.00","266.35","261.50","264.60","17,179,832"
"01-Mar-2024","266.50","272.95","266.50","270.55","12,930,057"
"02-Mar-2024","272.00","272.90","271.35","271.90","864,693"
"04-Mar-2024","272.75","280.55","272.50","279.20","22,280,353"
"05-Mar-2024","280.00","284.95","276.65","283.75","18,544,484"
"06-Mar-2024","284.30","284.30","273.55","280.25","16,807,149"
"07-Mar-2024","280.25","284.35","277.25","278.10","11,386,963"
"11-Mar-2024","278.10","280.50","273.20","274.00","10,684,598"
"12-Mar-2024","274.00","275.60","269.05","270.40","13,780,189"
"13-Mar-2024","270.80","271.00","252.75","255.35","20,079,496"
"14-Mar-2024","252.50","264.35","251.20","263.25","21,404,057"
"15-Mar-2024","263.95","266.40","248.90","258.75","34,961,065"
"18-Mar-2024","258.95","263.05","257.55","261.60","9,246,173"
"19-Mar-2024","262.00","263.95","256.65","259.25","8,758,348"
"20-Mar-2024","259.45","264.60","257.20","263.85","10,484,778"
"21-Mar-2024","264.70","266.95","262.35","262.95","12,163,200"
"22-Mar-2024","262.95","265.25","258.45","263.25","13,025,089"
"26-Mar-2024","261.65","267.90","259.30","265.50","10,830,926"
"27-Mar-2024","265.00","268.20","259.65","261.75","28,563,001"
"28-Mar-2024","262.45","271.00","261.95","268.05","18,888,942"
"01-Apr-2024","268.05","271.50","267.80","269.90","6,440,401"
"02-Apr-2024","270.10","274.05","269.45","272.50","14,439,120"
"03-Apr-2024","275.05","279.00","273.85","275.35","22,600,929"
"04-Apr-2024","278.65","278.65","265.35","269.00","24,624,383"
"05-Apr-2024","267.85","271.90","266.50","267.95","13,029,904"
"08-Apr-2024","267.55","272.00","266.60","270.40","13,011,300"
"09-Apr-2024","270.00","272.65","268.00","268.95","13,173,933"
"10-Apr-2024","269.95","273.20","269.15","272.00","11,137,195"
"12-Apr-2024","271.90","272.50","265.00","265.70","21,894,584"
"15-Apr-2024","269.10","282.95","267.10","279.85","75,063,828"
"16-Apr-2024","277.00","292.55","275.25","283.15","79,082,544"
"18-Apr-2024","286.00","287.70","273.35","274.15","34,136,482"
"19-Apr-2024","276.75","280.80","274.10","275.25","32,658,724"
"22-Apr-2024","277.30","278.00","273.75","276.80","14,184,019"
"23-Apr-2024","276.85","278.75","275.55","276.80","8,799,147"
"24-Apr-2024","277.60","280.40","276.30","279.35","9,253,985"
"25-Apr-2024","279.35","282.60","278.00","281.95","17,050,557"
"26-Apr-2024","283.00","286.15","282.20","282.90","11,070,290"
"29-Apr-2024","283.95","285.25","282.15","283.20","8,952,420"
"30-Apr-2024","284.50","286.35","281.45","282.85","10,658,906"
"02-May-2024","281.00","284.60","279.05","282.80","15,677,336"
"03-May-2024","284.00","292.95","284.00","286.10","28,913,016"
"06-May-2024","288.70","288.75","275.25","282.15","15,491,865"
"07-May-2024","283.90","285.00","272.00","273.60","13,179,001"
"08-May-2024","273.50","280.25","272.35","276.85","12,797,721"
"09-May-2024","277.25","278.55","263.20","265.25","14,869,187"
"10-May-2024","267.00","271.20","264.45","270.25","9,530,738"
"13-May-2024","271.90","271.90","262.05","266.90","7,163,239"
"14-May-2024","267.95","274.65","266.45","272.90","9,123,849"
"15-May-2024","274.50","276.00","272.50","273.45","6,368,662"
"16-May-2024","276.00","279.35","273.80","277.65","23,757,779"
"17-May-2024","278.80","283.40","276.60","277.45","11,529,157"
"18-May-2024","280.30","281.70","278.45","279.00","2,010,993"
"21-May-2024","281.10","284.00","278.35","280.10","17,559,555"
"22-May-2024","284.00","284.00","276.90","278.00","17,935,064"
"23-May-2024","279.95","284.55","279.10","283.45","17,719,819"
"24-May-2024","284.00","285.95","281.85","283.25","11,041,667"
"27-May-2024","284.00","284.20","275.70","277.65","13,719,808"
"28-May-2024","279.30","279.30","273.05","274.30","6,927,361"
"29-May-2024","273.80","273.80","270.25","271.85","8,327,205"
"30-May-2024","273.00","275.10","265.00","266.70","15,390,964"
"31-May-2024","268.45","268.45","263.00","264.35","24,167,379"
"03-Jun-2024","277.95","286.55","273.20","284.10","30,195,397"
"04-Jun-2024","285.00","285.00","223.00","236.30","72,779,900"
"05-Jun-2024","247.00","249.75","230.45","247.50","37,078,551"
"06-Jun-2024","254.00","259.50","249.25","252.30","30,881,233"
"07-Jun-2024","253.50","260.80","251.80","260.40","22,010,688"
"10-Jun-2024","264.00","264.00","258.05","259.15","14,138,524"
"11-Jun-2024","266.85","275.00","265.25","273.55","47,270,206"
"12-Jun-2024","278.00","279.10","274.60","275.50","20,560,662"
"13-Jun-2024","278.00","278.00","272.50","276.55","16,013,386"
"14-Jun-2024","277.00","278.20","274.60","275.40","10,642,648"
"18-Jun-2024","278.95","279.00","274.00","275.80","17,044,769"
"19-Jun-2024","275.90","276.60","271.10","271.55","13,361,607"
"20-Jun-2024","271.80","274.00","269.10","271.85","12,826,509"
"21-Jun-2024","271.45","274.75","268.90","269.65","17,406,416"
"24-Jun-2024","269.65","271.25","266.60","269.90","7,282,347"
"25-Jun-2024","270.10","270.80","265.00","267.00","14,425,434"
"26-Jun-2024","266.90","269.15","264.10","267.75","10,650,910"
"27-Jun-2024","267.40","268.10","263.50","267.50","22,830,930"
"28-Jun-2024","269.00","275.45","268.35","274.20","19,532,912"
"01-Jul-2024","275.00","275.80","271.60","272.95","11,750,972"
"02-Jul-2024","273.20","279.80","271.50","274.85","24,470,518"
"03-Jul-2024","276.00","277.70","274.00","274.70","9,125,400"
"04-Jul-2024","275.00","278.90","273.05","277.05","13,444,669"
"05-Jul-2024","277.25","289.30","276.50","288.20","39,781,962"
"08-Jul-2024","290.00","303.00","287.35","299.15","53,136,198"
"09-Jul-2024","300.80","301.85","293.35","297.45","18,686,252"
"10-Jul-2024","299.70","299.80","288.85","298.15","19,278,800"
"11-Jul-2024","300.00","307.20","295.15","304.75","36,020,507"
"12-Jul-2024","306.80","311.75","304.20","307.10","31,788,101"
"15-Jul-2024","311.80","323.65","308.65","322.50","51,435,537"
"16-Jul-2024","323.60","327.60","319.75","322.65","37,468,292"
"18-Jul-2024","325.10","333.30","321.65","331.70","48,189,915"
"19-Jul-2024","333.00","333.20","318.05","319.65","26,579,496"
"22-Jul-2024","320.00","323.35","314.50","320.80","22,234,557"
"23-Jul-2024","320.05","321.40","297.40","314.15","37,871,058"
"24-Jul-2024","313.05","325.75","312.10","319.55","28,259,305"
"25-Jul-2024","318.05","337.55","316.10","335.80","42,054,664"
"26-Jul-2024","336.50","338.50","330.10","331.60","25,703,985"
"29-Jul-2024","333.80","339.55","330.75","332.90","26,721,790"
"30-Jul-2024","332.00","338.25","331.00","331.90","19,792,253"
"31-Jul-2024","332.05","337.45","329.75","334.20","21,393,361"
"01-Aug-2024","337.80","344.70","337.15","341.75","36,044,960"
"02-Aug-2024","338.00","338.00","328.65","330.10","22,939,377"
"05-Aug-2024","320.35","323.30","306.00","310.25","37,986,023"
"06-Aug-2024","314.80","322.45","305.15","306.10","28,386,636"
"07-Aug-2024","312.40","330.95","312.00","329.10","66,110,716"
"08-Aug-2024","329.00","329.00","321.70","322.70","23,478,224"
"09-Aug-2024","333.95","335.85","328.20","332.55","29,814,474"
"12-Aug-2024","332.75","344.70","329.90","341.30","34,754,596"
"13-Aug-2024","344.10","345.00","332.95","335.90","28,943,385"
"14-Aug-2024","335.85","336.50","326.80","328.15","17,812,763"
"16-Aug-2024","332.55","335.75","328.65","329.60","16,584,396"
"19-Aug-2024","335.00","338.75","333.55","335.30","19,636,518"
"20-Aug-2024","335.85","336.00","328.05","330.10","14,972,714"
"21-Aug-2024","330.65","331.50","326.50","327.70","11,835,143"
"22-Aug-2024","328.55","330.50","323.60","324.35","13,387,819"
"23-Aug-2024","324.40","324.80","317.55","318.90","13,229,612"
"26-Aug-2024","323.50","329.10","322.80","327.85","21,346,682"
"27-Aug-2024","329.40","332.55","326.00","328.85","20,165,503"
"28-Aug-2024","328.65","330.30","324.65","327.80","12,446,738"
"29-Aug-2024","326.10","330.15","324.95","329.60","13,799,961"
"30-Aug-2024","330.45","334.40","329.55","330.75","19,666,466"
"02-Sep-2024","330.00","331.95","325.80","326.20","8,975,511"
"03-Sep-2024","327.00","328.00","321.65","322.20","10,321,111"
"04-Sep-2024","315.00","316.20","308.40","314.40","25,397,204"
"05-Sep-2024","316.95","316.95","310.15","311.40","15,571,640"
"06-Sep-2024","311.50","313.15","303.70","308.80","27,946,491"
"09-Sep-2024","308.70","308.70","294.65","298.90","30,369,085"
"10-Sep-2024","300.10","301.50","295.00","295.60","15,618,589"
"11-Sep-2024","292.40","292.40","283.25","285.30","44,826,300"
"12-Sep-2024","288.00","294.75","286.50","294.05","21,964,895"
"13-Sep-2024","295.70","297.25","291.05","291.45","13,672,371"
"16-Sep-2024","294.80","295.40","291.35","292.50","10,971,110"
"17-Sep-2024","293.70","296.60","292.15","294.65","11,873,436"
"18-Sep-2024","297.60","297.80","287.90","290.40","13,421,760"
"19-Sep-2024","287.40","289.20","282.50","285.25","17,067,311"
"20-Sep-2024","287.00","289.05","285.20","286.25","16,585,530"
"23-Sep-2024","288.40","296.40","287.55","295.45","14,621,229"
"24-Sep-2024","296.30","302.00","294.70","299.45","16,986,759"
"25-Sep-2024","299.45","301.20","296.70","298.70","10,609,614"
"26-Sep-2024","297.05","298.70","291.50","295.20","27,812,412"
"27-Sep-2024","292.70","298.45","289.70","297.20","35,706,130"
"30-Sep-2024","297.00","301.80","293.75","297.60","16,294,341"
"01-Oct-2024","297.00","299.15","290.70","291.95","10,919,818"
"03-Oct-2024","295.00","298.00","290.55","292.05","28,124,665"
"04-Oct-2024","297.00","299.70","293.20","295.25","23,104,209"
"07-Oct-2024","296.00","296.30","281.50","289.45","20,917,962"
"08-Oct-2024","288.15","293.90","280.55","293.45","10,572,360"
"09-Oct-2024","291.25","291.90","286.85","288.50","13,147,475"
"10-Oct-2024","288.70","292.15","287.55","288.75","7,237,212"
"11-Oct-2024","291.30","293.65","289.50","292.55","7,011,704"
"14-Oct-2024","292.70","292.90","285.15","286.50","12,690,951"
"15-Oct-2024","286.40","286.40","280.85","283.70","15,087,155"
"16-Oct-2024","283.00","287.25","280.65","285.40","18,188,885"
"17-Oct-2024","285.00","287.60","280.95","281.60","13,343,303"
"18-Oct-2024","282.00","284.50","279.20","283.30","14,028,398"
"21-Oct-2024","281.15","284.00","274.55","276.60","10,299,773"
"22-Oct-2024","278.00","278.15","270.00","270.80","10,028,511"
"23-Oct-2024","270.00","274.40","265.05","270.85","18,823,321"
"24-Oct-2024","271.90","272.45","268.35","269.10","7,488,521"
"25-Oct-2024","270.00","270.30","261.60","264.05","12,961,181"
"28-Oct-2024","260.65","265.05","255.30","263.35","13,835,091"
"29-Oct-2024","263.35","265.55","259.40","265.00","9,122,757"
"30-Oct-2024","265.00","266.20","261.05","261.65","11,166,643"
"31-Oct-2024","263.40","268.30","261.15","266.15","16,173,656"
"01-Nov-2024","269.80","274.00","268.65","271.75","2,955,757"
"04-Nov-2024","274.00","274.35","260.15","265.30","14,355,959"
"05-Nov-2024","265.20","268.60","263.60","267.40","11,676,017"
"06-Nov-2024","267.70","270.60","264.40","269.05","19,244,545"
"07-Nov-2024","270.50","270.50","264.80","265.20","6,766,663"
"08-Nov-2024","265.95","266.50","259.65","262.55","7,836,093"
"11-Nov-2024","262.35","262.35","256.00","256.90","8,450,657"
"12-Nov-2024","260.85","263.20","255.40","256.15","22,445,400"
"13-Nov-2024","256.15","256.95","249.00","252.55","17,483,332"
"14-Nov-2024","252.55","254.30","249.00","250.80","12,454,540"
"18-Nov-2024","251.10","252.10","247.10","250.65","14,636,541"
"19-Nov-2024","250.00","255.40","247.10","248.00","17,397,559"
"21-Nov-2024","248.00","248.00","240.80","242.15","16,189,440"
"22-Nov-2024","244.80","246.95","243.50","245.60","9,637,581"
"25-Nov-2024","248.50","260.50","247.95","257.90","31,973,671"
"26-Nov-2024","256.95","258.25","252.55","254.25","9,242,451"
"27-Nov-2024","255.00","255.50","250.55","254.30","11,689,970"
"28-Nov-2024","255.00","257.40","251.20","252.20","14,202,863"
"29-Nov-2024","253.80","258.65","252.25","256.70","11,476,347"
"02-Dec-2024","255.50","258.30","252.70","257.55","13,677,959"
"03-Dec-2024","260.40","264.70","258.85","262.35","15,345,326"
"04-Dec-2024","263.85","264.30","260.00","260.70","10,713,838"
"05-Dec-2024","260.70","263.25","256.90","261.30","12,896,743"
"06-Dec-2024","260.80","263.00","259.55","260.05","8,783,386"
"09-Dec-2024","260.05","261.35","257.70","258.90","6,800,856"
"10-Dec-2024","257.65","258.75","254.50","256.90","11,318,782"
"11-Dec-2024","257.50","258.70","255.65","256.60","5,353,032"
"12-Dec-2024","258.00","258.60","253.60","254.05","7,123,877"
"13-Dec-2024","253.00","256.80","249.50","254.25","11,143,128"
"16-Dec-2024","254.00","256.30","251.20","251.80","7,283,872"
"17-Dec-2024","251.75","252.45","246.50","247.40","10,066,884"
"18-Dec-2024","247.40","247.50","243.40","244.15","8,430,930"
"19-Dec-2024","240.00","243.95","238.55","241.85","9,518,542"
"20-Dec-2024","241.50","244.15","235.30","237.10","15,556,528"
"23-Dec-2024","238.25","242.30","236.85","240.85","7,722,901"
"24-Dec-2024","241.00","243.25","238.60","238.95","3,577,400"
"26-Dec-2024","240.00","242.00","239.00","240.25","6,330,006"
"27-Dec-2024","240.00","241.00","236.30","236.90","6,487,888"
"30-Dec-2024","236.05","237.00","231.15","232.65","19,401,112"
"31-Dec-2024","232.65","239.90","232.35","239.25","12,004,845"
"01-Jan-2025","237.81","239.24","236.35","236.95","9,418,453"
"02-Jan-2025","237.05","246.78","237.00","246.07","19,745,810"
"03-Jan-2025","248.45","262.75","247.99","258.89","49,760,410"
"06-Jan-2025","259.11","259.50","251.45","254.36","19,265,884"
"07-Jan-2025","259.15","267.40","258.05","263.49","52,956,766"
"08-Jan-2025","266.45","273.50","265.75","271.33","42,237,794"
"09-Jan-2025","272.03","272.59","261.71","263.18","14,706,472"
"10-Jan-2025","264.00","266.50","258.47","263.02","13,053,552"
"13-Jan-2025","266.03","268.60","254.61","255.73","20,416,370"
"14-Jan-2025","257.52","262.00","256.82","260.37","8,470,150"
"15-Jan-2025","260.90","264.47","257.69","258.18","9,344,731"
"16-Jan-2025","260.00","265.63","260.00","263.18","14,195,450"
"17-Jan-2025","262.00","267.00","261.30","266.57","12,148,143"
"20-Jan-2025","268.10","270.47","265.01","269.36","9,676,264"
"21-Jan-2025","268.05","269.35","264.81","265.80","8,989,218"
"22-Jan-2025","266.00","266.39","261.71","264.05","7,919,682"
"23-Jan-2025","263.00","263.83","261.17","263.05","5,026,675"
"24-Jan-2025","262.99","265.64","255.75","256.51","6,306,281"
"27-Jan-2025","255.00","256.44","249.51","250.78","6,944,911"
"28-Jan-2025","250.00","252.40","246.71","248.68","8,029,472"
"29-Jan-2025","248.90","252.00","247.00","251.40","5,651,586"
"30-Jan-2025","252.00","259.40","250.94","256.72","12,588,155"
"31-Jan-2025","257.01","263.49","255.21","262.61","8,850,307"
"01-Feb-2025","259.55","262.50","253.75","257.55","10,921,673"
"03-Feb-2025","255.60","256.35","244.85","249.00","25,719,512"
"04-Feb-2025","252.40","257.50","252.00","254.10","8,402,532"
"05-Feb-2025","259.00","263.00","257.75","261.65","11,590,755"
"06-Feb-2025","262.65","262.95","254.30","256.15","12,327,998"
"07-Feb-2025","252.95","253.85","247.50","248.90","10,098,454"
"10-Feb-2025","248.95","249.60","241.80","242.45","7,582,536"
"11-Feb-2025","242.45","242.45","236.80","238.95","6,711,630"
"12-Feb-2025","239.00","241.25","234.15","237.40","5,985,956"
"13-Feb-2025","238.50","239.45","234.20","234.95","10,079,210"
"14-Feb-2025","235.00","237.95","226.75","230.50","8,065,352"
"17-Feb-2025","230.20","234.30","225.05","233.65","6,692,422"
"18-Feb-2025","232.20","237.15","229.55","236.60","6,170,974"
"19-Feb-2025","236.00","238.80","234.50","238.30","6,168,581"
"20-Feb-2025","236.80","242.65","236.50","241.90","8,929,816"
"21-Feb-2025","241.90","243.05","238.10","239.90","5,697,387"
"24-Feb-2025","236.30","237.95","234.00","234.35","6,883,143"
"25-Feb-2025","235.00","236.70","232.55","233.00","5,519,036"
"27-Feb-2025","233.50","233.85","228.50","231.00","9,664,032"
"28-Feb-2025","230.00","230.50","223.15","225.25","17,237,276"
"03-Mar-2025","224.75","226.00","218.36","225.13","11,928,529"
"04-Mar-2025","220.10","227.75","215.48","226.76","12,428,265"
"05-Mar-2025","227.12","231.25","226.76","228.94","7,466,729"
"06-Mar-2025","231.49","233.57","226.71","232.60","10,439,208"
"07-Mar-2025","232.60","236.47","231.17","232.89","9,079,049"
"10-Mar-2025","232.89","235.00","222.48","223.19","16,489,167"
"11-Mar-2025","220.90","227.26","220.10","226.72","10,941,588"
"12-Mar-2025","227.10","228.84","222.36","224.40","6,994,310"
"13-Mar-2025","228.15","230.40","224.87","225.43","16,105,085"
"17-Mar-2025","226.52","230.45","226.24","229.74","8,789,001"
"18-Mar-2025","230.84","232.50","228.52","232.12","9,647,391"
"19-Mar-2025","232.50","235.14","231.60","232.57","8,626,593"
"20-Mar-2025","233.48","237.04","232.01","235.59","18,955,995"
"21-Mar-2025","235.80","248.00","235.80","242.42","29,285,333"
"24-Mar-2025","244.19","246.40","242.75","243.83","10,566,066"
"25-Mar-2025","244.01","245.37","240.55","242.25","8,915,800"
"26-Mar-2025","243.35","244.50","239.37","239.72","7,543,985"
"27-Mar-2025","238.87","243.40","238.65","242.17","9,935,664"
"28-Mar-2025","243.44","254.90","243.26","246.38","32,905,564"
"01-Apr-2025","247.00","252.20","246.70","248.07","11,258,957"
"02-Apr-2025","250.05","251.50","248.00","250.64","15,337,906"
"03-Apr-2025","248.00","249.62","242.51","243.31","11,141,370"
"04-Apr-2025","240.56","241.21","224.20","226.01","38,336,194"
"07-Apr-2025","208.00","220.80","205.00","219.84","27,024,128"
"08-Apr-2025","223.00","227.24","219.18","226.66","11,309,092"
"09-Apr-2025","222.00","224.06","220.26","221.94","16,889,575"
"11-Apr-2025","228.30","231.40","225.25","230.37","13,886,447"
"15-Apr-2025","234.00","234.00","230.10","232.69","12,102,239"
"16-Apr-2025","232.69","242.00","231.72","241.22","18,748,952"
"17-Apr-2025","241.00","244.61","239.26","243.49","12,891,813"
"21-Apr-2025","244.01","250.55","241.75","249.78","11,698,653"
"22-Apr-2025","248.97","250.60","247.26","247.78","9,896,443"
"23-Apr-2025","248.74","252.75","244.92","252.17","16,555,874"
"24-Apr-2025","250.00","251.37","248.00","249.37","6,538,518"
"25-Apr-2025","249.00","250.68","244.40","246.33","15,616,265"
"28-Apr-2025","246.00","251.95","244.38","250.60","7,669,983"
"29-Apr-2025","251.24","252.10","245.10","245.68","8,030,552"
"30-Apr-2025","245.50","247.44","242.22","244.45","9,822,483"
"02-May-2025","241.00","246.27","239.00","243.42","12,347,590"
"05-May-2025","240.00","241.15","234.50","239.20","20,086,323"
"06-May-2025","241.13","242.99","236.00","237.00","11,350,559"
"07-May-2025","232.30","240.09","232.07","238.67","16,689,539"
"08-May-2025","237.66","239.34","231.40","233.22","15,026,122"
"09-May-2025","229.10","235.30","228.45","234.96","11,184,507"
"12-May-2025","239.00","244.60","238.11","244.02","11,374,237"
"13-May-2025","244.15","245.29","240.29","241.16","9,336,026"
"14-May-2025","241.16","246.90","241.16","246.01","8,234,859"
"15-May-2025","244.95","248.92","242.30","247.61","16,812,750"
"16-May-2025","247.06","249.39","246.20","247.27","8,030,229"
"19-May-2025","248.00","249.45","244.91","246.58","8,043,270"
"20-May-2025","246.79","252.70","246.79","249.26","13,183,059"
"21-May-2025","251.50","251.95","247.76","248.68","7,158,307"
"22-May-2025","248.68","250.48","239.61","241.67","18,502,235"
"23-May-2025","242.50","244.68","240.15","244.24","8,725,218"
"26-May-2025","245.30","247.13","244.81","245.94","7,159,571"
"27-May-2025","246.85","246.85","242.92","244.54","9,712,093"
"28-May-2025","244.64","245.34","241.30","242.67","7,385,958"
"29-May-2025","243.60","244.60","241.35","243.04","12,938,112"
"30-May-2025","243.04","245.19","238.89","239.40","10,108,840"
"02-Jun-2025","239.00","240.09","237.66","238.31","6,278,145"
"03-Jun-2025","240.50","241.05","236.60","237.27","9,515,918"
"04-Jun-2025","238.00","238.50","235.50","238.05","6,733,580"
"05-Jun-2025","238.05","239.62","236.22","237.77","8,941,808"
"06-Jun-2025","237.79","240.47","237.51","240.06","5,985,346"
"09-Jun-2025","241.78","244.12","240.50","242.80","7,719,525"
"10-Jun-2025","244.25","245.00","242.59","244.68","7,659,657"
"11-Jun-2025","244.50","250.40","243.55","247.32","20,842,417"
"12-Jun-2025","251.50","255.20","246.75","247.88","35,613,271"
"13-Jun-2025","255.55","255.95","249.12","251.51","39,320,377"
"16-Jun-2025","253.99","257.50","252.19","256.79","41,444,122"
"17-Jun-2025","256.94","257.09","251.55","252.31","18,781,097"
"18-Jun-2025","254.03","255.89","249.77","250.36","12,691,905"
"19-Jun-2025","250.50","253.00","248.20","251.56","10,790,997"
"20-Jun-2025","252.26","253.25","249.35","251.89","15,907,673"
"23-Jun-2025","253.01","255.49","250.33","251.38","16,776,881"
"24-Jun-2025","247.50","248.00","243.49","243.92","22,215,004"
"25-Jun-2025","244.00","245.30","241.50","241.91","13,056,178"
"26-Jun-2025","242.00","245.37","241.54","244.73","15,769,123"
"27-Jun-2025","245.01","246.22","242.00","242.83","21,691,960"
"30-Jun-2025","244.00","245.70","243.00","244.21","8,783,448"
"01-Jul-2025","245.30","245.30","241.30","243.37","8,470,489"
"02-Jul-2025","242.90","243.75","240.20","241.07","10,419,419"
"03-Jul-2025","242.00","246.20","241.80","244.05","13,891,239"
"04-Jul-2025","245.20","245.45","242.51","245.24","7,717,259"
"07-Jul-2025","245.50","245.50","240.83","241.52","9,222,263"
"08-Jul-2025","242.41","243.70","240.65","243.24","7,537,067"
"09-Jul-2025","243.35","244.59","242.27","243.35","9,590,680"
"10-Jul-2025","243.51","244.69","242.33","243.09","8,012,201"
"11-Jul-2025","243.05","243.09","240.80","241.76","5,608,382"
"14-Jul-2025","242.90","244.89","241.14","244.22","7,568,906"
"15-Jul-2025","244.48","245.37","242.70","243.67","7,843,083"
"16-Jul-2025","244.00","244.15","242.30","242.85","5,656,962"
"17-Jul-2025","243.00","244.56","242.82","243.87","7,006,298"
"18-Jul-2025","244.74","247.35","243.46","246.31","10,293,817"
"21-Jul-2025","246.00","246.30","244.43","245.04","5,424,455"
"22-Jul-2025","245.04","246.87","244.07","246.41","5,869,862"
"23-Jul-2025","246.00","247.20","244.26","245.55","7,357,753"
"24-Jul-2025","245.56","246.20","243.76","244.83","4,590,999"
"25-Jul-2025","244.00","244.80","239.25","240.29","7,427,827"
"28-Jul-2025","240.29","241.56","237.80","240.02","6,865,890"
"29-Jul-2025","240.02","242.51","239.82","241.44","6,157,824"
"30-Jul-2025","242.54","243.71","240.10","241.81","8,767,763"
"31-Jul-2025","240.20","242.81","239.66","241.00","10,254,214"
"01-Aug-2025","240.10","240.71","234.05","236.79","12,629,251"
"04-Aug-2025","236.50","238.39","234.00","234.83","16,174,972"
"05-Aug-2025","235.50","236.00","233.05","234.48","9,562,689"
"06-Aug-2025","234.55","235.37","232.91","233.77","7,568,954"
"07-Aug-2025","233.15","234.20","231.31","233.93","5,560,413"
"08-Aug-2025","233.90","235.12","232.68","233.44","5,249,568"
"11-Aug-2025","233.44","235.00","231.58","233.79","4,699,743"
"12-Aug-2025","233.80","236.36","233.61","235.52","7,036,778"
"13-Aug-2025","237.74","239.95","236.30","238.67","8,501,906"
"14-Aug-2025","238.51","238.67","234.43","236.94","7,258,450"
"18-Aug-2025","237.25","238.59","235.50","238.16","8,501,972"
"19-Aug-2025","237.50","238.54","236.68","237.94","5,538,059"
"20-Aug-2025","237.00","239.09","237.00","237.93","7,438,061"
"21-Aug-2025","238.00","240.99","237.23","238.29","8,111,371"
"22-Aug-2025","238.00","238.63","235.89","236.29","5,423,818"
"25-Aug-2025","236.30","237.49","235.65","236.76","8,854,258"
"26-Aug-2025","236.66","237.30","233.80","234.19","14,671,897"
"28-Aug-2025","234.30","235.28","232.38","233.39","13,870,643"
"29-Aug-2025","233.39","235.37","231.33","233.71","9,928,988"
"01-Sep-2025","234.00","239.19","233.07","238.72","4,366,396"
"02-Sep-2025","238.75","242.50","237.40","239.49","5,921,193"
"03-Sep-2025","239.50","241.94","238.46","239.07","4,364,007"
"04-Sep-2025","239.07","239.35","235.43","235.72","8,778,730"
"05-Sep-2025","235.75","237.16","233.01","234.13","7,210,683"
"08-Sep-2025","234.13","234.98","232.06","232.53","8,418,326"
"09-Sep-2025","232.53","234.59","230.76","231.33","11,665,314"
"10-Sep-2025","233.00","233.04","231.00","231.74","11,775,053"
"11-Sep-2025","232.10","235.22","232.10","233.76","11,047,708"
"12-Sep-2025","234.51","235.41","232.70","233.25","6,073,522"
"15-Sep-2025","233.15","234.19","232.00","232.26","6,153,784"
"16-Sep-2025","232.48","235.27","232.42","235.09","7,319,921"
"17-Sep-2025","236.00","237.96","235.18","236.88","7,628,371"
"18-Sep-2025","237.70","237.70","234.50","235.59","6,497,852"
"19-Sep-2025","235.11","237.40","234.75","236.69","16,484,017"
"22-Sep-2025","236.00","238.45","235.65","237.47","9,962,796"
"23-Sep-2025","237.25","237.59","235.15","236.66","7,014,239"
"24-Sep-2025","236.66","240.13","236.26","238.52","8,299,331"
"25-Sep-2025","238.92","242.14","238.52","239.67","10,150,654"
"26-Sep-2025","240.00","240.26","236.84","238.02","6,349,466"
"29-Sep-2025","239.00","241.16","238.17","239.98","10,631,271"
"30-Sep-2025","240.00","240.89","238.50","239.50","7,167,687"
"01-Oct-2025","238.60","246.29","238.47","243.04","10,375,310"
"03-Oct-2025","242.50","244.20","239.70","243.66","10,702,610"
"06-Oct-2025","242.73","247.50","242.73","245.86","9,465,503"
"07-Oct-2025","245.86","249.50","244.66","245.32","12,498,420"
"08-Oct-2025","246.55","246.80","241.14","241.81","5,073,558"
"09-Oct-2025","241.84","244.50","240.56","243.39","9,292,031"
"10-Oct-2025","244.05","247.08","243.60","246.34","9,050,771"
"13-Oct-2025","245.00","245.68","241.38","244.09","12,607,116"
"14-Oct-2025","245.30","248.74","243.90","244.69","13,865,005"
"15-Oct-2025","244.69","248.19","244.29","247.72","8,520,238"
"16-Oct-2025","248.00","248.70","246.00","248.35","6,083,826"
"17-Oct-2025","248.55","248.55","244.77","247.69","14,250,215"
"20-Oct-2025","247.69","249.20","244.99","248.74","10,920,554"
"21-Oct-2025","248.74","249.30","247.39","248.12","569,979"
"23-Oct-2025","250.00","253.24","249.08","252.31","13,879,042"
"24-Oct-2025","254.00","257.40","252.85","254.96","17,882,209"
"27-Oct-2025","255.42","256.09","251.91","253.27","7,889,080"
"28-Oct-2025","253.10","253.79","249.86","250.54","8,529,692"
"29-Oct-2025","250.95","257.34","250.55","255.64","8,806,213"
"30-Oct-2025","256.50","256.50","253.41","254.53","5,266,883"
"31-Oct-2025","254.70","257.90","253.32","255.37","7,199,008"
"03-Nov-2025","255.00","258.50","254.30","257.55","5,450,040"
"04-Nov-2025","256.10","257.50","252.00","252.35","6,006,851"
"06-Nov-2025","253.55","255.50","250.45","251.50","6,987,258"
"07-Nov-2025","250.00","253.60","250.00","252.20","4,449,104"
"10-Nov-2025","252.00","255.50","249.50","251.40","7,418,162"
"11-Nov-2025","254.20","254.20","246.00","249.45","16,183,880"
"12-Nov-2025","252.60","255.60","249.90","253.85","11,917,811"
"13-Nov-2025","253.70","253.70","247.30","250.85","13,057,927"
"14-Nov-2025","245.50","249.65","245.10","247.60","9,185,042"
"17-Nov-2025","247.60","249.70","247.45","248.05","6,281,588"
"18-Nov-2025","247.00","249.45","246.30","246.95","7,708,871"
"19-Nov-2025","246.95","250.30","245.40","249.00","7,075,882"
"20-Nov-2025","249.00","251.10","247.60","248.05","6,918,642"
"21-Nov-2025","247.05","248.30","246.20","246.95","7,589,240"
"24-Nov-2025","246.95","247.45","244.30","245.75","15,875,282"
"25-Nov-2025","245.75","247.50","244.60","245.35","8,983,620"
"26-Nov-2025","245.35","248.00","245.05","247.70","7,232,643"
"27-Nov-2025","248.00","248.80","242.80","244.00","5,600,832"
"28-Nov-2025","245.00","245.35","242.55","243.25","3,804,191"
"01-Dec-2025","244.05","245.85","243.01","244.83","6,307,936"
"02-Dec-2025","243.50","246.26","242.50","243.54","5,413,988"
"03-Dec-2025","244.05","244.36","239.56","240.02","11,829,802"
"04-Dec-2025","240.50","242.70","239.69","242.23","10,825,420"
"05-Dec-2025","242.70","243.20","240.91","241.23","7,645,591"
"08-Dec-2025","241.23","242.00","237.70","238.52","5,285,903"
"09-Dec-2025","237.70","240.20","236.83","239.84","9,026,401"
"10-Dec-2025","239.32","240.35","238.42","239.29","3,492,031"
"11-Dec-2025","239.29","241.30","238.14","238.41","8,868,641"
"12-Dec-2025","238.50","239.40","237.02","238.02","4,252,781"
"15-Dec-2025","238.00","238.79","229.94","235.35","12,334,408"
"16-Dec-2025","234.17","235.30","230.75","232.21","7,238,404"
"17-Dec-2025","231.75","233.42","228.61","232.91","5,848,233"
"18-Dec-2025","233.00","234.13","231.21","232.00","3,964,839"
"19-Dec-2025","232.00","233.50","231.50","232.89","5,070,902"
"22-Dec-2025","233.79","235.28","232.77","234.18","4,614,185"
"23-Dec-2025","234.60","237.90","234.60","235.49","5,810,236"
"24-Dec-2025","235.54","236.57","233.14","233.77","4,114,036"
"26-Dec-2025","233.84","235.28","233.05","234.53","3,710,774"
"29-Dec-2025","234.53","239.02","234.00","234.82","12,621,499"
"30-Dec-2025","234.95","235.60","233.31","234.68","6,236,729"
"31-Dec-2025","234.69","241.00","234.61","240.38","11,514,802"
"26-Feb-2026","277.40","281.05","275.60","280.00","1,334,718"
