"Date","Open","High","Low","Close","Volume"
"01-Jan-2019","1,125.25","1,127.30","1,110.10","1,121.00","4,455,850"
"02-Jan-2019","1,114.50","1,127.00","1,101.00","1,106.40","7,144,970"
"03-Jan-2019","1,107.50","1,114.60","1,090.10","1,092.75","7,446,457"
"04-Jan-2019","1,097.40","1,104.45","1,081.10","1,098.65","8,465,141"
"07-Jan-2019","1,107.00","1,118.45","1,101.00","1,104.75","5,513,559"
"08-Jan-2019","1,105.10","1,109.95","1,096.00","1,104.65","5,625,153"
"09-Jan-2019","1,112.00","1,117.00","1,098.70","1,110.75","5,766,805"
"10-Jan-2019","1,107.75","1,111.00","1,103.00","1,107.50","4,080,283"
"11-Jan-2019","1,107.60","1,113.80","1,088.60","1,098.05","6,463,903"
"14-Jan-2019","1,095.00","1,100.50","1,086.40","1,096.80","4,111,782"
"15-Jan-2019","1,105.00","1,132.00","1,105.00","1,129.65","10,062,875"
"16-Jan-2019","1,135.00","1,145.00","1,130.35","1,135.90","6,382,777"
"17-Jan-2019","1,144.45","1,147.90","1,130.00","1,134.45","7,487,963"
"18-Jan-2019","1,148.80","1,189.90","1,135.25","1,184.35","25,684,142"
"21-Jan-2019","1,194.00","1,239.95","1,188.65","1,237.70","22,038,534"
"22-Jan-2019","1,232.85","1,246.95","1,219.60","1,235.15","16,552,819"
"23-Jan-2019","1,233.30","1,244.20","1,222.00","1,226.30","8,829,502"
"24-Jan-2019","1,225.00","1,253.20","1,220.10","1,247.45","13,155,185"
"25-Jan-2019","1,250.45","1,264.70","1,235.40","1,246.00","8,550,836"
"28-Jan-2019","1,250.50","1,255.95","1,222.40","1,229.55","8,569,265"
"29-Jan-2019","1,231.00","1,231.65","1,201.35","1,210.65","9,328,866"
"30-Jan-2019","1,215.00","1,225.00","1,191.10","1,195.70","7,846,940"
"31-Jan-2019","1,202.00","1,229.70","1,201.00","1,227.15","10,185,347"
"01-Feb-2019","1,234.00","1,255.00","1,227.05","1,249.95","9,228,965"
"04-Feb-2019","1,247.00","1,296.95","1,242.05","1,290.90","11,670,570"
"05-Feb-2019","1,292.00","1,304.40","1,278.60","1,291.55","9,362,406"
"06-Feb-2019","1,296.25","1,317.65","1,294.25","1,310.25","9,411,585"
"07-Feb-2019","1,310.25","1,321.20","1,286.10","1,290.40","9,212,227"
"08-Feb-2019","1,284.80","1,300.50","1,272.25","1,277.70","6,505,502"
"11-Feb-2019","1,275.90","1,276.00","1,251.00","1,253.25","7,523,999"
"12-Feb-2019","1,251.50","1,272.35","1,251.50","1,256.40","6,399,485"
"13-Feb-2019","1,261.00","1,273.95","1,235.75","1,245.95","6,964,042"
"14-Feb-2019","1,241.00","1,241.00","1,218.00","1,224.20","6,627,360"
"15-Feb-2019","1,229.75","1,249.90","1,214.00","1,244.45","9,597,961"
"18-Feb-2019","1,250.00","1,252.50","1,215.00","1,220.10","9,649,017"
"19-Feb-2019","1,218.00","1,239.70","1,211.20","1,216.10","6,244,189"
"20-Feb-2019","1,223.85","1,240.00","1,219.00","1,234.35","6,298,179"
"21-Feb-2019","1,236.00","1,257.80","1,229.35","1,246.90","10,580,178"
"22-Feb-2019","1,244.60","1,245.30","1,226.00","1,232.35","8,755,865"
"25-Feb-2019","1,236.00","1,243.00","1,220.65","1,232.30","7,852,528"
"26-Feb-2019","1,209.50","1,234.80","1,206.00","1,220.25","10,131,050"
"27-Feb-2019","1,228.05","1,244.90","1,209.00","1,223.50","11,113,182"
"28-Feb-2019","1,233.75","1,239.85","1,226.55","1,231.05","11,286,916"
"01-Mar-2019","1,237.00","1,242.35","1,222.25","1,226.05","7,922,513"
"05-Mar-2019","1,223.40","1,239.80","1,218.60","1,237.65","7,121,509"
"06-Mar-2019","1,239.80","1,273.10","1,235.10","1,264.80","12,038,231"
"07-Mar-2019","1,264.00","1,279.80","1,258.15","1,270.25","8,109,259"
"08-Mar-2019","1,266.05","1,274.45","1,262.00","1,267.10","6,040,052"
"11-Mar-2019","1,270.05","1,312.00","1,268.00","1,304.10","9,718,840"
"12-Mar-2019","1,316.90","1,334.00","1,314.25","1,331.35","11,228,736"
"13-Mar-2019","1,337.00","1,360.00","1,328.10","1,347.30","11,236,048"
"14-Mar-2019","1,349.75","1,362.00","1,336.10","1,341.55","10,402,048"
"15-Mar-2019","1,345.00","1,358.80","1,311.20","1,321.65","15,893,093"
"18-Mar-2019","1,331.00","1,357.95","1,329.00","1,350.05","10,105,234"
"19-Mar-2019","1,360.00","1,380.00","1,343.10","1,376.55","9,805,318"
"20-Mar-2019","1,377.80","1,388.00","1,364.00","1,375.45","9,892,823"
"22-Mar-2019","1,372.50","1,380.90","1,336.70","1,341.75","11,465,112"
"25-Mar-2019","1,330.60","1,336.85","1,316.70","1,324.45","7,951,992"
"26-Mar-2019","1,330.30","1,371.60","1,330.00","1,367.25","9,479,288"
"27-Mar-2019","1,377.95","1,377.95","1,344.25","1,349.25","10,094,174"
"28-Mar-2019","1,350.25","1,369.80","1,342.80","1,360.00","10,482,938"
"29-Mar-2019","1,370.05","1,376.85","1,355.10","1,363.25","7,699,271"
"01-Apr-2019","1,370.00","1,406.80","1,362.55","1,391.85","10,098,281"
"02-Apr-2019","1,398.00","1,403.10","1,380.10","1,389.70","8,012,636"
"03-Apr-2019","1,392.75","1,403.00","1,372.00","1,375.20","7,849,461"
"04-Apr-2019","1,379.00","1,383.70","1,347.25","1,353.05","8,375,674"
"05-Apr-2019","1,360.95","1,363.90","1,343.00","1,353.90","6,728,239"
"08-Apr-2019","1,356.00","1,357.50","1,323.70","1,329.25","8,723,577"
"09-Apr-2019","1,328.90","1,340.70","1,321.00","1,334.45","9,497,621"
"10-Apr-2019","1,337.95","1,348.00","1,326.50","1,331.40","7,612,711"
"11-Apr-2019","1,332.95","1,353.00","1,329.00","1,346.80","5,741,333"
"12-Apr-2019","1,350.00","1,356.90","1,336.65","1,343.10","5,919,742"
"15-Apr-2019","1,345.00","1,348.95","1,335.00","1,340.15","4,245,127"
"16-Apr-2019","1,345.00","1,360.00","1,340.00","1,343.75","7,936,553"
"18-Apr-2019","1,375.00","1,389.75","1,365.00","1,385.95","17,960,482"
"22-Apr-2019","1,360.00","1,367.00","1,341.30","1,345.35","10,792,748"
"23-Apr-2019","1,348.00","1,373.00","1,346.00","1,363.85","9,055,300"
"24-Apr-2019","1,370.30","1,394.80","1,366.25","1,389.50","7,360,887"
"25-Apr-2019","1,389.10","1,412.40","1,362.60","1,372.40","13,929,820"
"26-Apr-2019","1,375.00","1,395.95","1,370.70","1,392.80","6,889,444"
"30-Apr-2019","1,396.40","1,396.40","1,366.80","1,392.80","10,217,019"
"02-May-2019","1,392.00","1,413.90","1,382.10","1,405.05","8,682,505"
"03-May-2019","1,407.95","1,417.50","1,402.65","1,408.85","6,510,169"
"06-May-2019","1,398.00","1,402.80","1,378.10","1,384.90","7,237,910"
"07-May-2019","1,394.80","1,395.00","1,340.20","1,343.50","8,877,095"
"08-May-2019","1,340.00","1,340.00","1,292.20","1,299.45","14,610,543"
"09-May-2019","1,288.80","1,288.80","1,251.75","1,256.45","19,507,368"
"10-May-2019","1,265.00","1,277.70","1,245.00","1,251.15","11,226,831"
"13-May-2019","1,247.90","1,260.80","1,227.50","1,232.05","8,047,801"
"14-May-2019","1,236.50","1,269.35","1,231.50","1,260.45","13,001,004"
"15-May-2019","1,273.00","1,278.00","1,250.60","1,256.90","11,163,801"
"16-May-2019","1,259.95","1,271.90","1,258.10","1,265.35","6,606,652"
"17-May-2019","1,267.00","1,276.95","1,252.00","1,267.40","7,898,440"
"20-May-2019","1,313.60","1,337.70","1,303.50","1,325.90","12,333,937"
"21-May-2019","1,332.20","1,367.00","1,330.05","1,339.80","13,872,055"
"22-May-2019","1,345.65","1,359.70","1,335.10","1,340.40","11,287,400"
"23-May-2019","1,372.00","1,392.00","1,325.00","1,333.90","17,722,514"
"24-May-2019","1,348.00","1,353.80","1,316.50","1,336.85","10,180,759"
"27-May-2019","1,337.10","1,337.50","1,307.00","1,310.65","7,349,720"
"28-May-2019","1,319.80","1,334.80","1,313.35","1,323.75","19,472,659"
"29-May-2019","1,321.00","1,333.30","1,304.15","1,313.05","7,112,830"
"30-May-2019","1,316.25","1,342.00","1,316.25","1,329.75","10,740,841"
"31-May-2019","1,337.90","1,341.90","1,320.20","1,330.15","11,760,178"
"03-Jun-2019","1,335.00","1,367.25","1,321.20","1,360.20","8,483,610"
"04-Jun-2019","1,357.45","1,374.25","1,348.10","1,351.65","7,059,911"
"06-Jun-2019","1,361.90","1,361.90","1,321.10","1,327.35","7,664,319"
"07-Jun-2019","1,325.95","1,327.25","1,305.60","1,314.90","6,730,595"
"10-Jun-2019","1,320.90","1,327.00","1,310.10","1,319.15","5,380,148"
"11-Jun-2019","1,321.85","1,334.50","1,318.00","1,329.15","5,253,790"
"12-Jun-2019","1,334.70","1,338.40","1,325.00","1,332.15","4,707,716"
"13-Jun-2019","1,330.00","1,334.70","1,308.65","1,327.25","7,171,189"
"14-Jun-2019","1,321.90","1,325.00","1,309.40","1,317.55","6,831,331"
"17-Jun-2019","1,320.00","1,320.00","1,278.50","1,282.30","6,815,554"
"18-Jun-2019","1,278.90","1,287.95","1,269.10","1,281.00","7,679,193"
"19-Jun-2019","1,286.90","1,302.00","1,262.60","1,277.35","6,625,604"
"20-Jun-2019","1,280.00","1,300.00","1,278.00","1,296.75","4,914,012"
"21-Jun-2019","1,295.95","1,296.00","1,275.55","1,279.50","10,623,098"
"24-Jun-2019","1,272.15","1,276.45","1,257.10","1,262.40","5,150,998"
"25-Jun-2019","1,258.90","1,298.00","1,254.25","1,295.85","6,842,363"
"26-Jun-2019","1,291.00","1,304.60","1,286.35","1,294.15","5,299,942"
"27-Jun-2019","1,293.15","1,296.90","1,271.00","1,274.15","11,385,972"
"28-Jun-2019","1,277.10","1,282.85","1,248.65","1,253.10","8,659,721"
"01-Jul-2019","1,258.05","1,272.65","1,246.45","1,268.85","6,162,080"
"02-Jul-2019","1,273.95","1,281.00","1,263.30","1,278.50","4,638,751"
"03-Jul-2019","1,282.90","1,286.50","1,275.05","1,282.55","4,026,032"
"04-Jul-2019","1,281.40","1,291.00","1,280.00","1,284.00","4,275,148"
"05-Jul-2019","1,285.10","1,290.50","1,260.00","1,263.35","4,995,344"
"08-Jul-2019","1,258.00","1,268.10","1,248.20","1,252.05","6,404,544"
"09-Jul-2019","1,248.95","1,283.50","1,245.50","1,280.10","8,016,757"
"10-Jul-2019","1,280.05","1,289.35","1,268.70","1,278.85","5,494,315"
"11-Jul-2019","1,287.00","1,289.80","1,279.30","1,281.55","3,935,460"
"12-Jul-2019","1,283.00","1,300.00","1,278.05","1,280.50","7,174,054"
"15-Jul-2019","1,285.00","1,289.50","1,270.35","1,276.10","4,873,164"
"16-Jul-2019","1,279.95","1,294.90","1,277.05","1,293.00","4,604,019"
"17-Jul-2019","1,294.30","1,297.00","1,280.00","1,281.85","4,334,958"
"18-Jul-2019","1,282.00","1,286.40","1,258.00","1,261.85","5,459,896"
"19-Jul-2019","1,268.20","1,272.95","1,242.70","1,249.00","7,468,515"
"22-Jul-2019","1,251.00","1,284.50","1,227.30","1,280.50","13,300,153"
"23-Jul-2019","1,285.00","1,293.90","1,260.40","1,273.55","9,287,951"
"24-Jul-2019","1,273.50","1,278.80","1,253.55","1,259.10","6,943,982"
"25-Jul-2019","1,264.00","1,269.05","1,227.00","1,231.50","9,968,545"
"26-Jul-2019","1,231.50","1,242.50","1,210.00","1,213.80","9,320,481"
"29-Jul-2019","1,216.90","1,222.00","1,205.10","1,210.95","8,058,035"
"30-Jul-2019","1,213.95","1,220.00","1,175.95","1,180.90","9,533,344"
"31-Jul-2019","1,175.75","1,185.00","1,162.40","1,166.25","9,705,619"
"01-Aug-2019","1,163.40","1,188.20","1,150.35","1,180.25","10,344,862"
"02-Aug-2019","1,175.70","1,198.25","1,162.10","1,184.35","10,865,385"
"05-Aug-2019","1,167.00","1,167.00","1,128.00","1,143.35","13,897,461"
"06-Aug-2019","1,134.75","1,149.60","1,122.00","1,128.30","13,288,909"
"07-Aug-2019","1,126.50","1,138.55","1,103.10","1,109.40","11,588,879"
"08-Aug-2019","1,108.35","1,158.00","1,095.30","1,152.35","14,262,936"
"09-Aug-2019","1,161.85","1,175.50","1,152.30","1,162.10","10,043,949"
"13-Aug-2019","1,233.15","1,302.80","1,226.00","1,274.75","47,923,444"
"14-Aug-2019","1,304.00","1,304.45","1,280.35","1,288.25","14,487,137"
"16-Aug-2019","1,291.20","1,291.80","1,273.00","1,278.00","10,047,496"
"19-Aug-2019","1,281.05","1,296.80","1,280.00","1,292.60","7,459,859"
"20-Aug-2019","1,289.80","1,292.60","1,272.60","1,275.95","6,843,460"
"21-Aug-2019","1,275.65","1,278.65","1,266.50","1,270.95","4,881,553"
"22-Aug-2019","1,270.95","1,271.00","1,238.90","1,246.75","6,414,937"
"23-Aug-2019","1,239.00","1,284.00","1,226.50","1,275.85","9,741,262"
"26-Aug-2019","1,294.00","1,294.00","1,259.00","1,266.80","8,778,739"
"27-Aug-2019","1,285.00","1,285.00","1,261.20","1,274.85","12,984,396"
"28-Aug-2019","1,273.75","1,281.00","1,256.05","1,263.30","5,305,639"
"29-Aug-2019","1,256.45","1,260.25","1,235.30","1,241.75","8,635,974"
"30-Aug-2019","1,245.50","1,254.40","1,221.00","1,248.55","11,308,120"
"03-Sep-2019","1,242.25","1,243.00","1,200.00","1,206.40","8,563,009"
"04-Sep-2019","1,200.55","1,205.25","1,186.05","1,201.15","15,063,355"
"05-Sep-2019","1,206.80","1,213.20","1,193.30","1,198.60","10,512,763"
"06-Sep-2019","1,203.00","1,229.00","1,195.25","1,222.50","10,600,234"
"09-Sep-2019","1,220.65","1,233.00","1,213.15","1,222.20","5,370,758"
"11-Sep-2019","1,222.50","1,240.00","1,222.50","1,234.40","5,544,468"
"12-Sep-2019","1,235.00","1,240.45","1,205.70","1,210.35","5,431,139"
"13-Sep-2019","1,212.00","1,228.50","1,206.90","1,225.60","5,919,260"
"16-Sep-2019","1,189.00","1,219.10","1,186.10","1,210.75","9,393,731"
"17-Sep-2019","1,211.00","1,211.00","1,193.50","1,197.45","7,150,435"
"18-Sep-2019","1,204.95","1,216.30","1,197.20","1,205.70","6,827,281"
"19-Sep-2019","1,207.85","1,209.70","1,172.65","1,179.05","6,293,454"
"20-Sep-2019","1,187.95","1,269.90","1,174.30","1,254.35","22,019,674"
"23-Sep-2019","1,274.15","1,281.00","1,235.00","1,239.20","9,879,751"
"24-Sep-2019","1,243.60","1,298.80","1,242.75","1,278.70","15,982,067"
"25-Sep-2019","1,284.00","1,295.00","1,268.85","1,279.55","8,316,894"
"26-Sep-2019","1,292.00","1,298.80","1,283.50","1,296.80","8,389,212"
"27-Sep-2019","1,292.50","1,315.00","1,284.00","1,309.05","8,712,980"
"30-Sep-2019","1,310.00","1,335.75","1,305.55","1,332.25","11,549,746"
"01-Oct-2019","1,337.00","1,342.00","1,293.30","1,304.90","8,192,597"
"03-Oct-2019","1,286.00","1,314.70","1,281.30","1,311.05","6,183,107"
"04-Oct-2019","1,319.90","1,328.60","1,303.85","1,308.10","6,853,954"
"07-Oct-2019","1,308.10","1,320.80","1,301.70","1,310.10","4,599,818"
"09-Oct-2019","1,308.70","1,329.95","1,292.50","1,324.75","8,040,938"
"10-Oct-2019","1,325.00","1,369.00","1,321.00","1,362.75","16,003,744"
"11-Oct-2019","1,363.70","1,365.60","1,336.55","1,352.60","7,587,648"
"14-Oct-2019","1,364.95","1,364.95","1,350.85","1,358.00","6,123,412"
"15-Oct-2019","1,362.50","1,370.00","1,354.30","1,364.15","4,422,075"
"16-Oct-2019","1,369.90","1,379.65","1,363.70","1,372.35","8,870,701"
"17-Oct-2019","1,375.00","1,399.00","1,372.00","1,396.50","7,332,464"
"18-Oct-2019","1,404.00","1,427.90","1,398.70","1,416.35","12,856,410"
"22-Oct-2019","1,425.00","1,436.85","1,403.35","1,414.15","12,703,054"
"23-Oct-2019","1,416.30","1,425.95","1,383.15","1,392.40","8,432,964"
"24-Oct-2019","1,401.00","1,441.40","1,386.55","1,436.45","10,351,384"
"25-Oct-2019","1,441.10","1,441.45","1,411.25","1,431.20","6,190,013"
"27-Oct-2019","1,441.00","1,445.00","1,430.00","1,434.25","1,378,313"
"29-Oct-2019","1,445.50","1,480.00","1,442.10","1,467.05","11,780,494"
"30-Oct-2019","1,480.00","1,484.55","1,460.30","1,479.10","7,470,723"
"31-Oct-2019","1,484.00","1,489.65","1,461.70","1,464.35","8,898,168"
"01-Nov-2019","1,455.00","1,461.80","1,441.00","1,456.90","6,356,579"
"04-Nov-2019","1,465.90","1,471.00","1,445.10","1,457.65","6,429,329"
"05-Nov-2019","1,463.10","1,468.95","1,441.00","1,447.30","5,799,318"
"06-Nov-2019","1,442.70","1,446.45","1,428.50","1,434.90","6,686,289"
"07-Nov-2019","1,435.00","1,463.00","1,432.20","1,458.60","6,438,749"
"08-Nov-2019","1,449.00","1,459.65","1,441.30","1,445.50","5,494,844"
"11-Nov-2019","1,439.10","1,444.25","1,422.55","1,427.80","5,192,423"
"13-Nov-2019","1,430.00","1,475.90","1,430.00","1,472.30","11,532,364"
"14-Nov-2019","1,476.00","1,481.60","1,455.80","1,462.75","6,518,339"
"15-Nov-2019","1,465.65","1,486.80","1,463.15","1,470.85","7,173,674"
"18-Nov-2019","1,472.65","1,486.00","1,455.40","1,459.20","6,435,097"
"19-Nov-2019","1,467.00","1,514.90","1,465.00","1,509.75","13,795,569"
"20-Nov-2019","1,555.05","1,572.40","1,543.20","1,547.65","19,904,164"
"21-Nov-2019","1,545.00","1,556.00","1,528.55","1,537.60","6,810,577"
"22-Nov-2019","1,542.10","1,569.50","1,537.60","1,546.50","10,218,978"
"25-Nov-2019","1,551.15","1,564.80","1,551.00","1,561.55","6,924,313"
"26-Nov-2019","1,568.10","1,576.35","1,556.00","1,560.25","16,152,137"
"27-Nov-2019","1,559.95","1,575.50","1,556.10","1,569.85","4,408,336"
"28-Nov-2019","1,572.65","1,584.15","1,563.95","1,580.30","6,284,885"
"29-Nov-2019","1,581.95","1,581.95","1,547.85","1,551.15","8,484,822"
"02-Dec-2019","1,600.00","1,614.45","1,577.00","1,586.50","14,275,186"
"03-Dec-2019","1,592.75","1,594.00","1,572.60","1,578.90","5,938,786"
"04-Dec-2019","1,573.00","1,577.50","1,533.75","1,552.70","9,594,828"
"05-Dec-2019","1,574.00","1,579.75","1,544.00","1,550.85","9,117,022"
"06-Dec-2019","1,553.00","1,568.00","1,541.10","1,554.90","5,982,129"
"09-Dec-2019","1,556.15","1,577.40","1,546.50","1,572.60","5,779,807"
"10-Dec-2019","1,572.05","1,573.60","1,554.15","1,561.95","4,650,906"
"11-Dec-2019","1,555.60","1,574.50","1,550.60","1,562.40","5,652,698"
"12-Dec-2019","1,570.25","1,573.85","1,556.65","1,568.20","4,720,977"
"13-Dec-2019","1,580.00","1,590.00","1,572.40","1,582.90","5,791,522"
"16-Dec-2019","1,592.00","1,593.90","1,564.35","1,566.60","5,436,951"
"17-Dec-2019","1,566.75","1,579.00","1,555.55","1,562.70","9,291,724"
"18-Dec-2019","1,563.00","1,580.00","1,562.00","1,575.85","6,739,582"
"19-Dec-2019","1,573.70","1,614.90","1,571.80","1,609.95","9,375,484"
"20-Dec-2019","1,615.00","1,617.55","1,596.10","1,599.10","9,724,619"
"23-Dec-2019","1,560.10","1,577.55","1,557.80","1,571.40","11,478,429"
"24-Dec-2019","1,568.90","1,572.05","1,542.50","1,546.45","8,251,144"
"26-Dec-2019","1,541.65","1,552.95","1,510.15","1,515.40","13,605,737"
"27-Dec-2019","1,527.00","1,546.20","1,521.30","1,542.35","8,081,591"
"30-Dec-2019","1,545.95","1,547.65","1,528.05","1,544.20","7,828,402"
"31-Dec-2019","1,542.00","1,543.70","1,508.05","1,514.05","10,150,467"
"01-Jan-2020","1,518.00","1,527.10","1,505.50","1,509.60","6,402,372"
"02-Jan-2020","1,512.00","1,540.95","1,512.00","1,535.30","8,096,561"
"03-Jan-2020","1,533.00","1,541.65","1,523.00","1,537.15","9,593,498"
"06-Jan-2020","1,520.00","1,527.90","1,498.00","1,501.50","11,209,343"
"07-Jan-2020","1,519.00","1,534.50","1,513.50","1,524.60","7,627,191"
"08-Jan-2020","1,515.00","1,534.45","1,510.00","1,513.15","7,336,561"
"09-Jan-2020","1,538.60","1,550.00","1,531.25","1,548.00","6,849,606"
"10-Jan-2020","1,551.90","1,557.95","1,539.65","1,547.65","5,704,686"
"13-Jan-2020","1,545.05","1,558.70","1,538.40","1,543.70","8,358,090"
"14-Jan-2020","1,540.00","1,550.00","1,521.85","1,529.40","7,230,788"
"15-Jan-2020","1,535.85","1,539.90","1,518.25","1,523.85","7,231,393"
"16-Jan-2020","1,529.00","1,543.35","1,528.00","1,537.90","5,873,662"
"17-Jan-2020","1,553.50","1,584.95","1,553.20","1,581.00","13,469,708"
"20-Jan-2020","1,609.00","1,609.00","1,526.40","1,532.35","14,878,868"
"21-Jan-2020","1,528.60","1,545.85","1,522.00","1,533.90","8,650,831"
"22-Jan-2020","1,544.00","1,546.75","1,531.10","1,533.35","4,719,245"
"23-Jan-2020","1,536.50","1,541.95","1,520.70","1,526.85","5,142,088"
"24-Jan-2020","1,527.00","1,536.35","1,518.55","1,521.55","6,687,633"
"27-Jan-2020","1,514.90","1,524.45","1,505.00","1,506.55","6,120,429"
"28-Jan-2020","1,508.60","1,510.00","1,463.60","1,471.75","11,215,313"
"29-Jan-2020","1,474.05","1,494.40","1,464.05","1,479.85","11,313,297"
"30-Jan-2020","1,479.00","1,479.70","1,440.00","1,443.75","10,241,756"
"31-Jan-2020","1,453.00","1,453.25","1,407.20","1,411.65","15,886,673"
"01-Feb-2020","1,405.30","1,426.95","1,371.10","1,383.35","11,022,901"
"03-Feb-2020","1,369.90","1,399.95","1,363.05","1,385.50","14,040,626"
"04-Feb-2020","1,400.00","1,432.50","1,397.80","1,426.40","11,604,666"
"05-Feb-2020","1,434.90","1,452.80","1,430.30","1,448.50","8,444,823"
"06-Feb-2020","1,454.10","1,467.00","1,440.10","1,457.80","7,103,715"
"07-Feb-2020","1,451.00","1,452.35","1,428.30","1,433.65","5,581,641"
"10-Feb-2020","1,428.00","1,445.50","1,410.45","1,435.60","6,922,631"
"11-Feb-2020","1,447.40","1,466.20","1,445.05","1,452.75","6,400,245"
"12-Feb-2020","1,456.15","1,474.85","1,455.00","1,470.30","6,187,091"
"13-Feb-2020","1,477.75","1,477.75","1,462.60","1,474.15","6,201,763"
"14-Feb-2020","1,477.25","1,501.45","1,453.10","1,487.60","9,704,655"
"17-Feb-2020","1,489.00","1,506.15","1,474.30","1,478.25","6,011,340"
"18-Feb-2020","1,475.90","1,475.90","1,457.40","1,467.40","5,086,964"
"19-Feb-2020","1,479.35","1,506.45","1,475.10","1,503.80","6,438,918"
"20-Feb-2020","1,497.00","1,508.00","1,483.80","1,485.95","7,722,577"
"24-Feb-2020","1,469.75","1,477.00","1,439.55","1,444.95","9,769,743"
"25-Feb-2020","1,451.40","1,451.40","1,410.00","1,416.40","12,684,109"
"26-Feb-2020","1,410.00","1,412.35","1,387.35","1,392.00","13,423,661"
"27-Feb-2020","1,388.00","1,393.80","1,369.00","1,386.25","11,454,300"
"28-Feb-2020","1,354.90","1,357.00","1,325.00","1,328.65","17,973,847"
"02-Mar-2020","1,355.10","1,369.00","1,301.10","1,316.15","13,486,634"
"03-Mar-2020","1,329.70","1,353.90","1,322.00","1,342.85","12,525,809"
"04-Mar-2020","1,352.00","1,353.80","1,307.90","1,339.70","10,105,782"
"05-Mar-2020","1,352.20","1,357.95","1,306.00","1,311.15","13,948,324"
"06-Mar-2020","1,270.00","1,288.15","1,241.10","1,271.00","15,422,068"
"09-Mar-2020","1,240.05","1,241.00","1,095.00","1,114.15","40,317,808"
"11-Mar-2020","1,108.00","1,178.45","1,108.00","1,153.55","27,237,627"
"12-Mar-2020","1,085.00","1,101.00","1,048.70","1,063.00","25,588,170"
"13-Mar-2020","998.00","1,140.00","942.40","1,105.30","33,509,757"
"16-Mar-2020","1,060.55","1,079.70","1,005.00","1,015.70","17,594,729"
"17-Mar-2020","1,047.25","1,060.00","1,003.20","1,008.00","20,777,442"
"18-Mar-2020","1,025.30","1,035.90","961.00","968.50","20,450,497"
"19-Mar-2020","920.10","967.00","892.20","917.70","28,072,062"
"20-Mar-2020","939.50","1,034.90","930.00","1,017.95","28,967,526"
"23-Mar-2020","916.20","950.00","875.65","884.05","18,593,713"
"24-Mar-2020","930.00","970.00","895.80","943.40","20,919,322"
"25-Mar-2020","963.80","1,151.55","963.25","1,082.25","33,433,126"
"26-Mar-2020","1,095.80","1,116.90","1,042.35","1,066.20","20,912,934"
"27-Mar-2020","1,095.00","1,107.30","1,046.20","1,065.60","19,044,644"
"30-Mar-2020","1,040.60","1,074.80","1,020.00","1,030.45","13,820,286"
"31-Mar-2020","1,073.95","1,129.80","1,048.00","1,113.75","20,249,909"
"01-Apr-2020","1,122.25","1,124.60","1,045.20","1,080.45","19,017,099"
"03-Apr-2020","1,134.45","1,134.45","1,056.30","1,077.45","18,912,044"
"07-Apr-2020","1,102.10","1,214.00","1,100.00","1,206.10","24,859,057"
"08-Apr-2020","1,180.00","1,229.00","1,160.00","1,192.15","22,803,774"
"09-Apr-2020","1,214.00","1,232.80","1,193.00","1,219.95","15,101,711"
"13-Apr-2020","1,203.95","1,215.00","1,180.00","1,189.15","10,822,871"
"15-Apr-2020","1,197.05","1,236.00","1,143.00","1,149.85","16,147,959"
"16-Apr-2020","1,149.85","1,187.45","1,145.00","1,168.05","17,123,533"
"17-Apr-2020","1,216.00","1,230.00","1,192.65","1,224.00","15,209,707"
"20-Apr-2020","1,226.00","1,257.00","1,202.00","1,243.80","16,472,339"
"21-Apr-2020","1,210.00","1,252.00","1,164.00","1,237.35","28,057,706"
"22-Apr-2020","1,320.00","1,384.90","1,300.00","1,363.60","65,230,894"
"23-Apr-2020","1,367.35","1,385.85","1,353.30","1,370.90","29,928,331"
"24-Apr-2020","1,350.15","1,494.95","1,347.20","1,417.00","61,711,388"
"27-Apr-2020","1,434.00","1,475.00","1,423.00","1,429.75","26,736,512"
"28-Apr-2020","1,450.00","1,455.45","1,392.15","1,428.15","35,866,381"
"29-Apr-2020","1,444.90","1,453.65","1,420.00","1,426.95","17,141,540"
"30-Apr-2020","1,453.95","1,494.95","1,438.05","1,466.00","32,617,901"
"04-May-2020","1,440.00","1,465.00","1,417.45","1,435.20","24,439,240"
"05-May-2020","1,453.70","1,479.00","1,447.20","1,460.65","20,528,706"
"06-May-2020","1,464.00","1,484.95","1,445.50","1,460.75","18,510,304"
"07-May-2020","1,455.00","1,513.65","1,445.00","1,506.95","22,871,529"
"08-May-2020","1,545.00","1,579.90","1,537.10","1,561.80","38,522,385"
"11-May-2020","1,580.00","1,615.00","1,572.30","1,576.80","30,670,404"
"12-May-2020","1,564.80","1,568.35","1,465.00","1,479.25","46,029,119"
"13-May-2020","1,527.00","1,527.00","1,454.00","1,496.45","30,658,051"
"14-May-2020","1,469.00","1,496.70","1,430.05","1,435.95","22,736,714"
"15-May-2020","1,444.00","1,466.70","1,415.10","1,459.40","28,683,432"
"18-May-2020","1,470.00","1,482.00","1,428.00","1,440.75","28,981,620"
"19-May-2020","1,457.00","1,461.70","1,403.25","1,408.90","19,529,216"
"20-May-2020","1,410.00","1,446.85","1,393.00","1,433.70","25,530,692"
"21-May-2020","1,435.00","1,461.45","1,425.00","1,441.25","18,077,196"
"22-May-2020","1,451.80","1,458.00","1,426.50","1,431.55","17,458,503"
"26-May-2020","1,448.15","1,449.70","1,416.30","1,424.05","15,330,793"
"27-May-2020","1,431.00","1,454.00","1,412.00","1,445.55","16,460,764"
"28-May-2020","1,455.00","1,479.75","1,449.00","1,472.25","18,519,252"
"29-May-2020","1,468.00","1,472.00","1,452.65","1,464.40","18,471,770"
"01-Jun-2020","1,480.00","1,538.35","1,475.95","1,520.35","18,434,065"
"02-Jun-2020","1,526.00","1,540.00","1,520.80","1,535.70","10,224,102"
"03-Jun-2020","1,545.00","1,560.00","1,533.35","1,541.65","11,713,666"
"04-Jun-2020","1,544.00","1,589.50","1,541.00","1,579.80","15,784,612"
"05-Jun-2020","1,595.00","1,618.00","1,573.70","1,581.70","15,270,435"
"08-Jun-2020","1,618.40","1,618.40","1,565.00","1,569.50","14,498,055"
"09-Jun-2020","1,560.30","1,583.00","1,533.00","1,537.15","11,934,073"
"10-Jun-2020","1,543.10","1,579.55","1,540.05","1,572.15","10,214,426"
"11-Jun-2020","1,566.00","1,567.95","1,531.00","1,537.70","9,408,283"
"12-Jun-2020","1,500.00","1,593.00","1,497.00","1,588.80","17,790,565"
"15-Jun-2020","1,565.00","1,626.95","1,561.10","1,614.55","24,509,162"
"16-Jun-2020","1,643.00","1,648.55","1,585.30","1,617.70","23,623,299"
"17-Jun-2020","1,608.25","1,635.45","1,602.10","1,615.35","19,282,519"
"18-Jun-2020","1,607.00","1,665.00","1,605.60","1,655.90","18,677,694"
"19-Jun-2020","1,670.00","1,788.80","1,662.00","1,759.40","48,828,852"
"22-Jun-2020","1,773.40","1,804.20","1,735.00","1,746.15","27,781,772"
"23-Jun-2020","1,750.00","1,763.75","1,716.10","1,720.90","17,521,196"
"24-Jun-2020","1,735.90","1,772.70","1,711.70","1,727.85","23,808,524"
"25-Jun-2020","1,727.00","1,749.00","1,713.05","1,717.90","18,312,705"
"26-Jun-2020","1,728.80","1,752.00","1,717.00","1,741.65","14,270,695"
"29-Jun-2020","1,728.05","1,739.75","1,715.55","1,723.15","11,825,126"
"30-Jun-2020","1,737.00","1,741.00","1,695.55","1,704.10","13,973,038"
"01-Jul-2020","1,720.00","1,749.00","1,708.05","1,737.60","13,136,706"
"02-Jul-2020","1,743.00","1,767.60","1,735.05","1,760.35","13,286,760"
"03-Jul-2020","1,779.80","1,793.00","1,768.00","1,787.90","13,584,004"
"06-Jul-2020","1,805.00","1,858.00","1,792.10","1,851.80","21,698,149"
"07-Jul-2020","1,860.00","1,864.35","1,806.30","1,823.45","16,240,102"
"08-Jul-2020","1,824.05","1,834.95","1,790.00","1,798.00","12,093,523"
"09-Jul-2020","1,809.00","1,835.00","1,786.25","1,824.25","16,807,403"
"10-Jul-2020","1,828.50","1,884.60","1,824.25","1,878.05","20,195,490"
"13-Jul-2020","1,903.35","1,947.70","1,900.00","1,935.00","32,124,397"
"14-Jul-2020","1,934.00","1,941.70","1,887.30","1,917.00","31,073,591"
"15-Jul-2020","1,937.95","1,978.80","1,798.00","1,844.00","64,458,598"
"16-Jul-2020","1,847.00","1,869.00","1,812.45","1,843.40","28,133,993"
"17-Jul-2020","1,845.00","1,920.00","1,838.00","1,911.70","22,949,535"
"20-Jul-2020","1,917.80","1,932.00","1,899.65","1,919.90","16,887,752"
"21-Jul-2020","1,939.00","1,977.00","1,936.50","1,971.55","19,463,498"
"22-Jul-2020","1,983.00","2,010.00","1,960.70","2,004.00","27,584,769"
"23-Jul-2020","2,003.95","2,079.70","1,991.35","2,057.80","26,921,058"
"24-Jul-2020","2,058.00","2,163.00","2,057.80","2,146.15","55,656,793"
"27-Jul-2020","2,178.80","2,198.80","2,127.90","2,156.20","37,060,949"
"28-Jul-2020","2,156.20","2,194.00","2,150.65","2,177.70","25,435,618"
"29-Jul-2020","2,177.90","2,182.80","2,070.45","2,096.65","33,536,361"
"30-Jul-2020","2,099.00","2,139.70","2,072.00","2,108.85","33,624,516"
"31-Jul-2020","2,114.50","2,129.00","2,052.80","2,067.10","34,593,375"
"03-Aug-2020","2,051.30","2,057.00","2,003.10","2,009.00","21,560,137"
"04-Aug-2020","2,020.60","2,167.00","2,000.25","2,150.60","42,477,225"
"05-Aug-2020","2,169.00","2,196.00","2,118.30","2,126.45","34,405,886"
"06-Aug-2020","2,157.00","2,167.70","2,107.80","2,134.10","22,762,726"
"07-Aug-2020","2,129.80","2,157.80","2,120.20","2,146.45","15,222,384"
"10-Aug-2020","2,159.10","2,165.00","2,108.10","2,119.85","12,441,939"
"11-Aug-2020","2,134.80","2,160.00","2,100.35","2,133.80","21,611,359"
"12-Aug-2020","2,121.00","2,145.00","2,106.80","2,127.60","13,967,529"
"13-Aug-2020","2,128.00","2,138.90","2,110.00","2,122.05","11,459,251"
"14-Aug-2020","2,122.55","2,157.00","2,089.25","2,113.80","15,333,759"
"17-Aug-2020","2,105.00","2,105.00","2,070.10","2,091.35","14,297,224"
"18-Aug-2020","2,085.00","2,134.30","2,082.35","2,118.55","14,097,932"
"19-Aug-2020","2,141.00","2,154.00","2,121.35","2,131.55","15,731,409"
"20-Aug-2020","2,120.00","2,123.90","2,088.00","2,097.05","10,402,292"
"21-Aug-2020","2,118.00","2,122.00","2,077.00","2,081.85","11,667,281"
"24-Aug-2020","2,091.40","2,104.50","2,070.50","2,095.75","15,099,030"
"25-Aug-2020","2,106.00","2,111.30","2,078.00","2,082.10","8,947,709"
"26-Aug-2020","2,085.00","2,147.95","2,047.00","2,137.30","27,631,028"
"27-Aug-2020","2,148.00","2,150.00","2,103.25","2,110.60","12,962,139"
"28-Aug-2020","2,120.00","2,132.90","2,106.25","2,116.15","12,537,684"
"31-Aug-2020","2,174.00","2,174.00","2,060.35","2,080.70","28,649,141"
"01-Sep-2020","2,100.00","2,122.40","2,062.40","2,087.25","17,821,488"
"02-Sep-2020","2,092.00","2,138.00","2,085.00","2,128.20","12,437,209"
"03-Sep-2020","2,128.00","2,138.75","2,103.00","2,112.10","8,577,741"
"04-Sep-2020","2,083.55","2,096.95","2,072.20","2,077.25","13,141,705"
"07-Sep-2020","2,084.00","2,105.75","2,044.25","2,082.65","10,119,099"
"08-Sep-2020","2,092.00","2,121.00","2,080.50","2,107.10","12,643,762"
"09-Sep-2020","2,085.00","2,167.80","2,081.45","2,161.35","25,526,055"
"10-Sep-2020","2,183.10","2,344.95","2,175.35","2,314.00","64,751,766"
"11-Sep-2020","2,312.00","2,337.85","2,287.10","2,319.75","27,445,883"
"14-Sep-2020","2,325.00","2,360.00","2,282.00","2,302.55","20,335,480"
"15-Sep-2020","2,311.95","2,325.75","2,288.15","2,318.85","12,543,161"
"16-Sep-2020","2,320.00","2,369.35","2,310.55","2,324.55","15,669,133"
"17-Sep-2020","2,320.00","2,333.70","2,291.85","2,298.75","11,919,991"
"18-Sep-2020","2,314.25","2,319.45","2,276.55","2,305.70","15,264,101"
"21-Sep-2020","2,300.00","2,336.00","2,247.35","2,255.85","15,519,433"
"22-Sep-2020","2,277.00","2,277.00","2,201.55","2,211.15","16,056,621"
"23-Sep-2020","2,260.00","2,276.75","2,205.30","2,230.80","19,839,809"
"24-Sep-2020","2,207.90","2,226.00","2,176.05","2,181.20","13,765,321"
"25-Sep-2020","2,189.00","2,212.80","2,167.30","2,201.70","13,095,950"
"28-Sep-2020","2,227.00","2,238.00","2,207.05","2,216.25","9,076,787"
"29-Sep-2020","2,225.00","2,264.00","2,216.25","2,245.05","11,927,459"
"30-Sep-2020","2,260.00","2,267.00","2,225.00","2,234.35","11,291,280"
"01-Oct-2020","2,263.80","2,263.80","2,214.00","2,225.25","9,591,467"
"05-Oct-2020","2,244.00","2,249.15","2,206.00","2,212.20","8,732,890"
"06-Oct-2020","2,225.25","2,233.90","2,201.65","2,210.35","8,497,352"
"07-Oct-2020","2,235.00","2,309.00","2,220.00","2,257.50","24,538,620"
"08-Oct-2020","2,259.00","2,268.00","2,222.10","2,239.25","9,727,508"
"09-Oct-2020","2,235.00","2,253.00","2,217.10","2,233.45","8,558,747"
"12-Oct-2020","2,235.00","2,255.75","2,226.25","2,237.05","6,565,525"
"13-Oct-2020","2,230.60","2,285.75","2,225.85","2,280.70","10,666,280"
"14-Oct-2020","2,278.90","2,304.00","2,268.50","2,287.50","12,341,487"
"15-Oct-2020","2,290.00","2,290.00","2,195.00","2,206.50","9,246,893"
"16-Oct-2020","2,215.00","2,232.50","2,172.65","2,175.80","9,961,080"
"19-Oct-2020","2,190.05","2,228.70","2,155.15","2,176.20","14,399,062"
"20-Oct-2020","2,179.00","2,193.00","2,152.25","2,155.90","8,529,621"
"21-Oct-2020","2,168.00","2,192.00","2,097.75","2,124.60","15,729,989"
"22-Oct-2020","2,127.40","2,132.50","2,091.00","2,106.95","14,215,255"
"23-Oct-2020","2,106.00","2,135.00","2,096.40","2,113.05","10,809,383"
"26-Oct-2020","2,101.95","2,101.95","2,018.50","2,029.10","17,225,340"
"27-Oct-2020","2,034.90","2,059.85","2,005.00","2,034.50","16,835,011"
"28-Oct-2020","2,041.80","2,057.70","2,007.40","2,011.45","13,810,054"
"29-Oct-2020","1,997.00","2,042.00","1,991.00","2,026.90","14,147,681"
"30-Oct-2020","2,033.50","2,065.10","2,021.80","2,054.50","15,701,123"
"02-Nov-2020","2,027.00","2,027.00","1,859.15","1,877.45","45,857,806"
"03-Nov-2020","1,890.00","1,909.00","1,835.10","1,850.40","40,931,170"
"04-Nov-2020","1,837.00","1,929.00","1,837.00","1,913.20","37,003,111"
"05-Nov-2020","1,954.95","1,960.95","1,932.00","1,955.00","17,170,274"
"06-Nov-2020","1,990.00","2,040.00","1,978.15","2,029.15","30,770,080"
"09-Nov-2020","2,062.10","2,069.00","2,036.00","2,050.70","16,539,467"
"10-Nov-2020","2,077.00","2,090.00","2,041.20","2,084.55","17,045,147"
"11-Nov-2020","2,089.00","2,095.00","1,978.10","1,997.20","26,178,477"
"12-Nov-2020","1,981.00","2,008.45","1,965.00","1,980.00","18,481,466"
"13-Nov-2020","1,982.00","2,036.65","1,981.75","1,996.40","20,946,864"
"14-Nov-2020","2,014.90","2,015.30","1,995.35","2,002.30","2,411,900"
"17-Nov-2020","2,085.00","2,085.00","1,985.00","1,993.25","21,479,385"
"18-Nov-2020","1,993.25","2,006.50","1,960.10","1,987.20","14,030,652"
"19-Nov-2020","1,987.20","2,010.45","1,968.20","1,973.15","12,828,008"
"20-Nov-2020","1,975.00","1,983.80","1,895.00","1,899.50","26,522,972"
"23-Nov-2020","1,951.00","1,970.00","1,926.25","1,950.70","20,918,665"
"24-Nov-2020","1,964.00","1,974.00","1,932.00","1,964.05","14,277,083"
"25-Nov-2020","1,980.00","1,992.95","1,942.20","1,947.80","15,062,376"
"26-Nov-2020","1,953.05","1,965.00","1,930.05","1,952.60","11,924,527"
"27-Nov-2020","1,940.50","1,956.10","1,921.40","1,929.80","21,845,931"
"01-Dec-2020","1,940.35","1,966.25","1,930.05","1,954.90","9,114,939"
"02-Dec-2020","1,958.50","1,962.00","1,935.00","1,958.15","10,240,168"
"03-Dec-2020","1,972.00","1,981.10","1,958.65","1,964.05","12,822,945"
"04-Dec-2020","1,969.00","1,969.00","1,940.00","1,946.75","8,521,388"
"07-Dec-2020","1,940.60","1,965.00","1,940.60","1,958.20","8,418,767"
"08-Dec-2020","1,961.15","2,014.25","1,950.00","1,993.75","20,030,506"
"09-Dec-2020","2,009.95","2,033.80","1,999.25","2,026.95","13,464,375"
"10-Dec-2020","2,021.60","2,028.50","2,001.00","2,007.00","7,414,229"
"11-Dec-2020","2,013.00","2,038.00","1,974.25","2,005.80","12,434,745"
"14-Dec-2020","2,007.95","2,015.00","1,986.35","1,991.30","7,989,830"
"15-Dec-2020","1,989.70","1,989.70","1,961.10","1,974.35","8,561,406"
"16-Dec-2020","1,988.00","1,994.95","1,965.70","1,976.55","8,565,904"
"17-Dec-2020","1,984.50","2,005.00","1,977.15","1,985.60","9,346,460"
"18-Dec-2020","1,980.10","2,004.90","1,965.00","1,991.55","8,522,215"
"21-Dec-2020","2,010.00","2,022.00","1,855.25","1,939.70","20,368,545"
"22-Dec-2020","1,949.00","1,958.90","1,888.45","1,936.70","12,986,606"
"23-Dec-2020","1,930.00","1,951.45","1,920.65","1,943.85","8,999,898"
"24-Dec-2020","1,947.00","1,998.80","1,945.90","1,994.15","9,588,577"
"28-Dec-2020","2,006.70","2,018.00","1,995.30","2,003.30","7,947,719"
"29-Dec-2020","2,009.00","2,012.30","1,982.55","1,990.05","8,589,407"
"30-Dec-2020","1,995.25","2,007.20","1,975.55","1,995.50","10,173,132"
"31-Dec-2020","1,993.50","2,011.90","1,978.60","1,985.30","8,667,516"
"01-Jan-2021","1,988.00","1,997.00","1,982.00","1,987.50","4,622,002"
"04-Jan-2021","1,995.10","1,998.90","1,968.00","1,990.85","11,312,992"
"05-Jan-2021","1,969.00","1,983.60","1,956.00","1,966.10","11,132,803"
"06-Jan-2021","1,965.90","1,966.00","1,905.15","1,914.25","21,414,270"
"07-Jan-2021","1,920.50","1,945.00","1,905.15","1,911.15","14,918,406"
"08-Jan-2021","1,918.00","1,938.40","1,912.10","1,933.70","12,709,792"
"11-Jan-2021","1,938.80","1,938.80","1,892.50","1,897.25","15,371,556"
"12-Jan-2021","1,903.00","1,960.00","1,899.90","1,957.05","18,996,047"
"13-Jan-2021","1,963.55","1,974.95","1,918.45","1,938.80","12,284,876"
"14-Jan-2021","1,945.00","1,966.90","1,939.05","1,960.60","9,946,818"
"15-Jan-2021","1,960.60","1,973.80","1,920.05","1,937.45","9,503,790"
"18-Jan-2021","1,949.10","1,997.00","1,923.35","1,983.95","16,198,856"
"19-Jan-2021","1,994.65","2,031.00","1,994.65","2,016.40","14,771,048"
"20-Jan-2021","2,021.40","2,058.00","2,001.40","2,054.70","14,271,669"
"21-Jan-2021","2,082.00","2,120.00","2,075.00","2,099.40","18,038,987"
"22-Jan-2021","2,111.00","2,115.35","2,035.15","2,049.60","14,090,818"
"25-Jan-2021","2,034.95","2,034.95","1,932.00","1,941.00","25,016,570"
"27-Jan-2021","1,925.00","1,925.00","1,888.00","1,895.00","19,553,809"
"28-Jan-2021","1,880.15","1,923.30","1,870.00","1,876.55","15,722,291"
"29-Jan-2021","1,894.30","1,913.10","1,830.00","1,841.95","20,173,258"
"01-Feb-2021","1,859.40","1,905.00","1,848.00","1,895.30","15,774,504"
"02-Feb-2021","1,914.25","1,940.00","1,854.95","1,925.80","19,138,414"
"03-Feb-2021","1,928.30","1,952.00","1,900.00","1,930.65","13,984,228"
"04-Feb-2021","1,924.00","1,940.00","1,905.00","1,924.30","11,826,848"
"05-Feb-2021","1,930.05","1,944.65","1,920.00","1,923.75","9,344,470"
"08-Feb-2021","1,933.05","1,969.00","1,929.05","1,951.45","9,776,136"
"09-Feb-2021","1,961.95","1,989.60","1,952.30","1,956.15","9,047,308"
"10-Feb-2021","1,953.75","1,984.75","1,927.30","1,974.30","9,799,560"
"11-Feb-2021","1,980.00","2,064.20","1,972.25","2,055.70","19,631,870"
"12-Feb-2021","2,055.50","2,078.00","2,015.40","2,041.60","14,074,374"
"15-Feb-2021","2,048.05","2,061.30","2,025.00","2,032.60","7,287,590"
"16-Feb-2021","2,039.75","2,079.40","2,035.00","2,059.50","9,886,093"
"17-Feb-2021","2,060.00","2,095.95","2,050.60","2,083.25","10,957,388"
"18-Feb-2021","2,085.00","2,108.40","2,059.10","2,067.70","8,605,531"
"19-Feb-2021","2,057.00","2,104.95","2,053.30","2,080.30","10,800,704"
"22-Feb-2021","2,080.00","2,089.90","1,994.95","2,008.10","10,985,697"
"23-Feb-2021","2,048.00","2,052.90","2,013.60","2,023.45","11,834,752"
"24-Feb-2021","2,030.00","2,065.25","2,026.15","2,061.00","4,987,735"
"25-Feb-2021","2,076.00","2,152.00","2,073.00","2,144.35","16,085,897"
"26-Feb-2021","2,117.00","2,133.90","2,070.70","2,085.80","17,297,575"
"01-Mar-2021","2,110.20","2,112.00","2,062.50","2,101.70","8,159,670"
"02-Mar-2021","2,122.00","2,130.00","2,089.10","2,106.00","7,915,073"
"03-Mar-2021","2,121.05","2,219.90","2,107.20","2,202.10","14,733,134"
"04-Mar-2021","2,180.00","2,189.95","2,157.70","2,175.85","9,892,597"
"05-Mar-2021","2,156.00","2,211.95","2,153.05","2,178.70","11,773,630"
"08-Mar-2021","2,168.50","2,231.90","2,168.00","2,191.10","9,002,404"
"09-Mar-2021","2,200.00","2,213.80","2,146.60","2,191.05","6,993,792"
"10-Mar-2021","2,207.00","2,215.10","2,170.25","2,181.95","5,316,182"
"12-Mar-2021","2,195.00","2,206.40","2,123.90","2,137.60","7,783,173"
"15-Mar-2021","2,140.05","2,148.90","2,080.50","2,108.90","7,706,302"
"16-Mar-2021","2,114.00","2,126.00","2,095.50","2,100.60","6,402,757"
"17-Mar-2021","2,098.05","2,103.00","2,035.10","2,055.35","8,865,521"
"18-Mar-2021","2,072.90","2,084.80","2,001.00","2,009.10","9,528,809"
"19-Mar-2021","1,991.00","2,095.85","1,982.80","2,082.00","19,284,892"
"22-Mar-2021","2,071.00","2,074.00","2,033.20","2,062.40","8,571,196"
"23-Mar-2021","2,061.95","2,109.70","2,056.00","2,087.50","8,039,865"
"24-Mar-2021","2,079.75","2,079.75","2,040.40","2,047.30","7,763,726"
"25-Mar-2021","2,054.00","2,054.00","1,985.00","1,991.45","10,153,757"
"26-Mar-2021","2,012.00","2,013.70","1,973.70","1,994.65","9,313,160"
"30-Mar-2021","2,008.00","2,048.90","1,991.55","2,029.30","9,433,850"
"31-Mar-2021","2,018.00","2,049.90","1,999.00","2,003.10","7,499,740"
"01-Apr-2021","2,018.00","2,030.00","2,003.15","2,021.85","5,410,307"
"05-Apr-2021","2,024.95","2,025.00","1,962.10","1,992.60","6,864,856"
"06-Apr-2021","2,004.00","2,004.95","1,969.00","1,984.30","6,465,241"
"07-Apr-2021","2,000.00","2,046.90","1,993.30","2,002.85","11,198,918"
"08-Apr-2021","2,011.00","2,022.00","1,993.00","2,005.35","7,092,878"
"09-Apr-2021","1,998.45","2,006.35","1,980.00","1,982.05","6,478,482"
"12-Apr-2021","1,959.00","1,961.40","1,900.25","1,911.15","9,646,031"
"13-Apr-2021","1,924.00","1,940.60","1,917.85","1,931.80","8,958,261"
"15-Apr-2021","1,926.30","1,961.00","1,913.00","1,944.30","9,102,492"
"16-Apr-2021","1,936.60","1,949.90","1,926.45","1,932.10","7,225,679"
"19-Apr-2021","1,904.00","1,916.40","1,890.00","1,901.70","8,527,967"
"20-Apr-2021","1,910.50","1,919.00","1,890.45","1,901.15","7,939,490"
"22-Apr-2021","1,892.25","1,914.45","1,876.70","1,906.40","6,687,573"
"23-Apr-2021","1,906.00","1,918.90","1,895.35","1,904.35","5,459,016"
"26-Apr-2021","1,920.00","1,962.00","1,911.50","1,937.85","9,620,785"
"27-Apr-2021","1,940.00","1,997.20","1,938.25","1,988.65","9,226,547"
"28-Apr-2021","1,997.85","2,008.00","1,980.15","1,997.30","7,902,002"
"29-Apr-2021","2,022.90","2,044.50","2,007.30","2,024.05","8,035,915"
"30-Apr-2021","2,008.50","2,036.00","1,987.55","1,994.50","9,150,974"
"03-May-2021","1,966.00","1,979.00","1,943.10","1,959.05","10,909,942"
"04-May-2021","1,950.00","1,967.80","1,911.00","1,916.60","10,083,693"
"05-May-2021","1,923.35","1,938.50","1,908.05","1,920.10","5,719,649"
"06-May-2021","1,921.85","1,935.00","1,906.60","1,931.00","6,749,281"
"07-May-2021","1,937.75","1,955.65","1,926.00","1,931.75","5,671,163"
"10-May-2021","1,939.00","1,946.80","1,920.95","1,926.20","6,433,879"
"11-May-2021","1,915.00","1,938.55","1,910.00","1,933.15","6,220,217"
"12-May-2021","1,930.10","1,932.90","1,907.00","1,913.15","6,081,627"
"14-May-2021","1,928.05","1,942.00","1,906.00","1,937.30","6,134,079"
"17-May-2021","1,937.30","1,963.45","1,930.40","1,960.35","5,479,424"
"18-May-2021","1,981.00","2,002.60","1,972.50","1,987.95","5,567,958"
"19-May-2021","1,980.00","2,016.45","1,972.00","1,997.05","7,530,294"
"20-May-2021","1,997.90","2,010.90","1,981.00","1,985.40","5,271,497"
"21-May-2021","1,992.00","2,009.60","1,986.00","2,002.55","4,977,555"
"24-May-2021","2,008.00","2,009.80","1,982.00","1,985.65","3,946,636"
"25-May-2021","1,996.40","1,997.00","1,960.00","1,963.15","6,821,015"
"26-May-2021","1,975.00","1,979.50","1,965.30","1,970.05","3,452,113"
"27-May-2021","1,970.30","1,993.00","1,962.25","1,976.10","12,377,100"
"28-May-2021","1,990.00","2,105.00","1,990.00","2,094.80","26,060,864"
"31-May-2021","2,102.00","2,191.70","2,085.05","2,160.30","27,285,782"
"01-Jun-2021","2,166.00","2,202.00","2,146.50","2,168.90","12,928,379"
"02-Jun-2021","2,157.00","2,209.50","2,157.00","2,201.25","11,366,816"
"03-Jun-2021","2,221.00","2,250.00","2,196.10","2,209.65","11,064,116"
"04-Jun-2021","2,214.80","2,216.45","2,184.25","2,190.50","6,677,278"
"07-Jun-2021","2,202.00","2,242.00","2,185.00","2,227.40","7,539,326"
"08-Jun-2021","2,226.60","2,227.15","2,198.15","2,214.60","4,464,889"
"09-Jun-2021","2,219.00","2,221.00","2,157.95","2,175.00","5,265,326"
"10-Jun-2021","2,193.40","2,230.00","2,177.55","2,183.00","6,532,832"
"11-Jun-2021","2,182.90","2,228.00","2,180.10","2,213.15","6,351,520"
"14-Jun-2021","2,215.00","2,258.25","2,195.05","2,244.90","9,383,416"
"15-Jun-2021","2,261.00","2,274.90","2,240.30","2,250.00","7,002,898"
"16-Jun-2021","2,244.90","2,247.05","2,205.85","2,211.60","4,982,975"
"17-Jun-2021","2,200.00","2,235.00","2,179.90","2,215.65","7,266,765"
"18-Jun-2021","2,225.50","2,235.00","2,184.35","2,225.65","13,553,801"
"21-Jun-2021","2,203.50","2,247.50","2,200.15","2,237.25","5,624,044"
"22-Jun-2021","2,254.00","2,261.00","2,219.35","2,225.75","5,940,386"
"23-Jun-2021","2,250.00","2,250.60","2,201.70","2,205.35","7,685,796"
"24-Jun-2021","2,206.85","2,214.60","2,140.00","2,153.50","42,209,687"
"25-Jun-2021","2,153.50","2,153.50","2,081.10","2,104.45","25,546,334"
"28-Jun-2021","2,122.00","2,126.50","2,081.00","2,086.00","9,357,852"
"29-Jun-2021","2,089.50","2,109.00","2,084.10","2,087.80","12,526,981"
"30-Jun-2021","2,096.25","2,122.65","2,091.05","2,110.65","9,120,556"
"01-Jul-2021","2,118.00","2,123.15","2,095.00","2,097.95","5,784,627"
"02-Jul-2021","2,097.00","2,132.90","2,092.95","2,129.05","6,500,973"
"05-Jul-2021","2,136.45","2,153.55","2,131.50","2,150.20","5,400,604"
"06-Jul-2021","2,144.95","2,148.90","2,120.20","2,124.80","4,647,361"
"07-Jul-2021","2,127.75","2,127.75","2,098.00","2,110.05","4,824,931"
"08-Jul-2021","2,116.95","2,116.95","2,081.00","2,092.60","5,162,088"
"09-Jul-2021","2,088.00","2,091.70","2,066.10","2,071.20","4,170,886"
"12-Jul-2021","2,079.75","2,101.50","2,074.50","2,084.10","3,962,111"
"13-Jul-2021","2,100.00","2,103.05","2,088.05","2,099.70","3,099,956"
"14-Jul-2021","2,100.35","2,106.85","2,081.25","2,086.00","3,937,768"
"15-Jul-2021","2,095.00","2,095.00","2,078.50","2,082.35","4,360,415"
"16-Jul-2021","2,087.75","2,114.75","2,087.60","2,112.40","4,074,206"
"19-Jul-2021","2,100.00","2,124.00","2,092.25","2,098.95","3,855,577"
"20-Jul-2021","2,099.50","2,108.00","2,084.00","2,093.80","3,111,185"
"22-Jul-2021","2,119.00","2,123.90","2,098.15","2,120.70","3,679,260"
"23-Jul-2021","2,134.45","2,134.45","2,102.05","2,105.70","4,585,938"
"26-Jul-2021","2,108.00","2,121.00","2,071.10","2,076.85","5,717,830"
"27-Jul-2021","2,076.80","2,083.70","2,042.00","2,055.00","4,995,516"
"28-Jul-2021","2,058.00","2,058.00","2,016.25","2,037.35","5,952,355"
"29-Jul-2021","2,054.00","2,074.40","2,043.40","2,053.25","6,352,886"
"30-Jul-2021","2,058.00","2,067.95","2,031.10","2,035.30","5,238,304"
"02-Aug-2021","2,054.30","2,079.40","2,041.15","2,072.50","5,041,934"
"03-Aug-2021","2,090.00","2,091.00","2,064.20","2,087.75","5,453,682"
"04-Aug-2021","2,094.40","2,114.00","2,087.00","2,103.75","6,077,861"
"05-Aug-2021","2,114.30","2,154.80","2,104.25","2,134.25","9,807,831"
"06-Aug-2021","2,129.95","2,146.95","2,078.75","2,089.05","7,670,583"
"09-Aug-2021","2,081.00","2,089.80","2,066.50","2,077.15","3,458,546"
"10-Aug-2021","2,082.00","2,113.00","2,073.75","2,088.05","5,500,708"
"11-Aug-2021","2,096.95","2,120.00","2,083.40","2,117.30","4,238,859"
"12-Aug-2021","2,124.90","2,126.20","2,105.00","2,110.50","3,755,507"
"13-Aug-2021","2,117.30","2,149.90","2,108.95","2,145.65","5,898,384"
"16-Aug-2021","2,149.35","2,203.00","2,128.15","2,173.50","10,123,204"
"17-Aug-2021","2,168.85","2,185.20","2,147.85","2,164.25","5,841,743"
"18-Aug-2021","2,174.00","2,186.80","2,152.60","2,172.65","4,650,008"
"20-Aug-2021","2,143.00","2,172.00","2,137.00","2,148.25","4,350,228"
"23-Aug-2021","2,174.00","2,174.00","2,132.30","2,162.35","4,547,802"
"24-Aug-2021","2,165.05","2,192.00","2,155.60","2,183.70","5,475,452"
"25-Aug-2021","2,185.40","2,220.00","2,180.10","2,202.60","6,175,126"
"26-Aug-2021","2,208.00","2,244.90","2,205.00","2,230.45","8,579,105"
"27-Aug-2021","2,237.00","2,242.75","2,216.05","2,227.40","4,836,812"
"30-Aug-2021","2,250.00","2,275.85","2,236.80","2,270.25","6,473,487"
"31-Aug-2021","2,276.90","2,283.75","2,242.25","2,258.15","12,223,037"
"01-Sep-2021","2,273.00","2,292.90","2,263.00","2,267.10","5,143,640"
"02-Sep-2021","2,255.00","2,307.80","2,255.00","2,294.40","4,595,048"
"03-Sep-2021","2,310.00","2,395.00","2,302.50","2,388.50","14,151,629"
"06-Sep-2021","2,413.00","2,480.00","2,412.00","2,425.60","15,525,644"
"07-Sep-2021","2,430.00","2,458.00","2,412.00","2,440.90","8,006,968"
"08-Sep-2021","2,452.00","2,454.00","2,406.65","2,431.35","6,600,210"
"09-Sep-2021","2,427.90","2,437.85","2,416.10","2,425.60","4,136,538"
"13-Sep-2021","2,433.00","2,433.00","2,368.05","2,371.55","7,527,598"
"14-Sep-2021","2,375.00","2,394.00","2,366.00","2,368.45","4,111,205"
"15-Sep-2021","2,368.50","2,395.75","2,368.50","2,378.30","4,186,300"
"16-Sep-2021","2,381.55","2,436.75","2,367.00","2,428.20","6,206,657"
"17-Sep-2021","2,446.00","2,455.85","2,375.60","2,390.55","16,098,099"
"20-Sep-2021","2,372.10","2,418.35","2,370.00","2,394.35","5,436,385"
"21-Sep-2021","2,405.00","2,416.60","2,384.00","2,404.70","4,576,111"
"22-Sep-2021","2,408.00","2,442.00","2,398.25","2,430.50","5,074,612"
"23-Sep-2021","2,447.40","2,497.00","2,445.50","2,489.90","7,267,883"
"24-Sep-2021","2,503.55","2,505.45","2,472.00","2,482.70","7,011,181"
"27-Sep-2021","2,487.00","2,529.90","2,475.30","2,524.45","7,095,022"
"28-Sep-2021","2,534.00","2,564.90","2,512.80","2,548.05","8,323,269"
"29-Sep-2021","2,570.00","2,570.00","2,520.05","2,527.85","4,485,721"
"30-Sep-2021","2,525.00","2,534.60","2,500.35","2,519.25","6,272,085"
"01-Oct-2021","2,501.95","2,539.80","2,495.00","2,523.70","4,134,544"
"04-Oct-2021","2,553.00","2,574.85","2,537.05","2,556.15","5,038,910"
"05-Oct-2021","2,555.10","2,612.00","2,547.35","2,609.20","6,245,770"
"06-Oct-2021","2,619.95","2,619.95","2,551.10","2,559.85","4,734,472"
"07-Oct-2021","2,595.00","2,598.75","2,567.70","2,572.40","2,924,370"
"08-Oct-2021","2,585.25","2,684.40","2,581.50","2,671.25","7,279,003"
"11-Oct-2021","2,701.40","2,720.00","2,645.35","2,652.65","6,815,737"
"12-Oct-2021","2,645.00","2,683.00","2,641.25","2,667.80","3,083,747"
"13-Oct-2021","2,679.00","2,719.50","2,669.30","2,694.95","4,596,429"
"14-Oct-2021","2,700.35","2,717.45","2,687.20","2,700.40","3,979,730"
"18-Oct-2021","2,668.60","2,745.00","2,662.30","2,707.60","6,273,850"
"19-Oct-2021","2,723.80","2,751.35","2,708.00","2,731.85","4,076,617"
"20-Oct-2021","2,742.75","2,742.75","2,691.50","2,700.40","5,865,926"
"21-Oct-2021","2,727.40","2,728.00","2,603.20","2,622.50","9,613,812"
"22-Oct-2021","2,620.00","2,664.90","2,611.50","2,627.40","5,089,178"
"25-Oct-2021","2,680.00","2,680.00","2,570.00","2,601.80","7,937,067"
"26-Oct-2021","2,617.10","2,668.90","2,603.15","2,661.05","4,499,706"
"27-Oct-2021","2,652.00","2,676.80","2,619.95","2,627.40","4,567,140"
"28-Oct-2021","2,620.00","2,637.95","2,590.50","2,598.60","4,562,471"
"29-Oct-2021","2,596.15","2,596.15","2,501.70","2,536.25","6,568,539"
"01-Nov-2021","2,536.25","2,556.00","2,494.10","2,537.80","7,144,532"
"02-Nov-2021","2,545.00","2,548.00","2,495.25","2,500.80","4,877,652"
"03-Nov-2021","2,506.05","2,520.00","2,461.00","2,483.60","5,533,120"
"04-Nov-2021","2,492.95","2,504.90","2,490.00","2,498.85","787,160"
"08-Nov-2021","2,519.40","2,520.00","2,456.40","2,501.95","9,385,607"
"09-Nov-2021","2,505.00","2,528.90","2,487.05","2,521.70","7,237,470"
"10-Nov-2021","2,516.70","2,558.00","2,503.65","2,549.90","4,731,975"
"11-Nov-2021","2,540.05","2,570.50","2,535.55","2,554.55","4,948,422"
"12-Nov-2021","2,562.90","2,598.75","2,557.00","2,593.10","4,020,744"
"15-Nov-2021","2,600.00","2,602.20","2,570.00","2,577.80","2,216,708"
"16-Nov-2021","2,572.05","2,575.00","2,495.00","2,517.90","5,232,292"
"17-Nov-2021","2,498.95","2,498.95","2,461.00","2,464.00","4,708,235"
"18-Nov-2021","2,460.00","2,489.00","2,450.05","2,473.30","3,925,345"
"22-Nov-2021","2,436.10","2,449.00","2,351.00","2,363.75","11,133,364"
"23-Nov-2021","2,333.05","2,401.25","2,309.00","2,385.85","11,688,406"
"24-Nov-2021","2,380.00","2,409.90","2,343.55","2,351.40","7,762,564"
"25-Nov-2021","2,373.00","2,502.00","2,357.15","2,492.95","19,568,487"
"26-Nov-2021","2,467.80","2,477.60","2,401.50","2,412.60","7,274,686"
"29-Nov-2021","2,439.10","2,500.00","2,399.10","2,441.50","11,226,147"
"30-Nov-2021","2,468.00","2,475.90","2,388.85","2,405.40","14,847,511"
"01-Dec-2021","2,433.00","2,474.00","2,425.10","2,467.00","4,663,276"
"02-Dec-2021","2,469.70","2,496.20","2,461.60","2,482.85","5,870,468"
"03-Dec-2021","2,498.40","2,498.50","2,400.00","2,408.25","8,871,172"
"06-Dec-2021","2,416.00","2,425.00","2,357.15","2,362.60","4,768,334"
"07-Dec-2021","2,376.15","2,404.00","2,360.00","2,381.85","5,185,007"
"08-Dec-2021","2,424.10","2,431.80","2,406.30","2,418.10","4,035,437"
"09-Dec-2021","2,435.00","2,474.90","2,425.00","2,456.45","6,098,050"
"10-Dec-2021","2,440.25","2,466.00","2,430.35","2,458.95","3,860,176"
"13-Dec-2021","2,473.50","2,474.10","2,404.00","2,409.65","5,954,148"
"14-Dec-2021","2,380.00","2,406.00","2,373.40","2,380.15","5,995,586"
"15-Dec-2021","2,384.00","2,405.00","2,361.10","2,373.20","4,322,855"
"16-Dec-2021","2,405.70","2,415.50","2,368.65","2,403.90","4,504,829"
"17-Dec-2021","2,398.05","2,408.00","2,320.00","2,340.45","9,714,489"
"20-Dec-2021","2,317.85","2,317.85","2,247.10","2,277.35","6,611,376"
"21-Dec-2021","2,311.35","2,346.00","2,292.20","2,311.25","5,924,071"
"22-Dec-2021","2,324.90","2,371.90","2,322.00","2,366.10","8,149,415"
"23-Dec-2021","2,374.00","2,380.00","2,358.05","2,365.25","4,186,912"
"24-Dec-2021","2,370.00","2,392.00","2,337.55","2,372.80","3,639,616"
"27-Dec-2021","2,361.55","2,378.00","2,348.10","2,370.25","1,853,948"
"28-Dec-2021","2,375.60","2,404.85","2,373.05","2,398.40","2,941,883"
"29-Dec-2021","2,391.00","2,419.00","2,382.10","2,402.50","7,118,779"
"30-Dec-2021","2,400.00","2,404.95","2,345.60","2,359.10","13,537,254"
"31-Dec-2021","2,373.00","2,383.90","2,360.00","2,368.15","4,373,768"
"03-Jan-2022","2,365.00","2,407.95","2,363.55","2,403.85","2,502,073"
"04-Jan-2022","2,415.90","2,461.00","2,404.00","2,458.10","5,006,225"
"05-Jan-2022","2,462.00","2,477.00","2,432.95","2,469.60","5,373,618"
"06-Jan-2022","2,451.20","2,454.00","2,409.00","2,416.50","6,667,483"
"07-Jan-2022","2,430.95","2,458.05","2,411.55","2,436.00","6,051,239"
"10-Jan-2022","2,452.00","2,457.00","2,416.05","2,438.00","4,267,365"
"11-Jan-2022","2,436.00","2,474.95","2,435.00","2,455.55","7,478,681"
"12-Jan-2022","2,471.30","2,524.95","2,465.00","2,521.10","6,830,402"
"13-Jan-2022","2,521.25","2,541.00","2,508.40","2,535.30","5,471,871"
"14-Jan-2022","2,535.00","2,567.30","2,525.85","2,539.00","9,197,773"
"17-Jan-2022","2,538.00","2,565.00","2,537.00","2,552.25","3,708,822"
"18-Jan-2022","2,554.75","2,562.35","2,515.75","2,521.80","2,868,235"
"19-Jan-2022","2,530.00","2,542.00","2,509.00","2,521.60","4,502,155"
"20-Jan-2022","2,500.05","2,509.95","2,455.00","2,477.45","7,612,203"
"21-Jan-2022","2,452.00","2,502.25","2,452.00","2,477.85","6,155,759"
"24-Jan-2022","2,475.00","2,504.75","2,355.10","2,377.90","10,092,511"
"25-Jan-2022","2,349.55","2,388.65","2,305.00","2,373.25","11,311,456"
"27-Jan-2022","2,336.00","2,356.10","2,311.05","2,338.10","9,239,426"
"28-Jan-2022","2,365.00","2,375.90","2,328.40","2,335.85","6,769,154"
"31-Jan-2022","2,360.20","2,406.40","2,356.20","2,386.60","5,604,308"
"01-Feb-2022","2,408.00","2,420.60","2,347.10","2,378.70","6,092,033"
"02-Feb-2022","2,407.00","2,407.00","2,375.10","2,383.55","4,623,163"
"03-Feb-2022","2,392.00","2,401.45","2,347.20","2,352.75","4,417,864"
"04-Feb-2022","2,341.00","2,348.45","2,321.10","2,331.30","5,104,761"
"07-Feb-2022","2,342.00","2,356.80","2,305.00","2,317.10","4,944,725"
"08-Feb-2022","2,330.65","2,360.00","2,310.00","2,356.05","5,566,080"
"09-Feb-2022","2,371.15","2,387.20","2,358.00","2,383.50","5,300,891"
"10-Feb-2022","2,395.70","2,395.70","2,365.10","2,381.05","5,752,361"
"11-Feb-2022","2,373.25","2,384.50","2,344.10","2,376.40","7,357,863"
"14-Feb-2022","2,340.25","2,354.95","2,313.00","2,338.55","4,947,109"
"15-Feb-2022","2,351.20","2,423.90","2,335.70","2,417.95","5,174,646"
"16-Feb-2022","2,430.00","2,433.00","2,395.95","2,412.95","4,796,294"
"17-Feb-2022","2,420.10","2,454.90","2,410.00","2,443.50","5,931,774"
"18-Feb-2022","2,444.40","2,456.40","2,420.15","2,424.40","3,126,873"
"21-Feb-2022","2,412.00","2,437.50","2,384.60","2,399.90","5,125,968"
"22-Feb-2022","2,352.90","2,395.90","2,347.15","2,389.00","6,227,901"
"23-Feb-2022","2,401.10","2,406.55","2,368.00","2,374.05","3,373,615"
"24-Feb-2022","2,305.00","2,339.90","2,243.40","2,255.75","11,466,725"
"25-Feb-2022","2,280.10","2,307.95","2,276.25","2,283.95","6,724,094"
"28-Feb-2022","2,243.00","2,367.35","2,243.00","2,359.55","9,828,768"
"02-Mar-2022","2,334.45","2,401.00","2,329.20","2,398.55","9,909,226"
"03-Mar-2022","2,400.00","2,414.85","2,370.05","2,378.30","4,701,183"
"04-Mar-2022","2,353.00","2,364.30","2,320.35","2,325.55","4,986,814"
"07-Mar-2022","2,278.70","2,312.10","2,222.00","2,239.55","8,299,295"
"08-Mar-2022","2,211.50","2,246.00","2,180.00","2,235.50","9,825,043"
"09-Mar-2022","2,236.00","2,367.00","2,234.15","2,354.10","9,421,163"
"10-Mar-2022","2,400.00","2,405.00","2,360.00","2,392.25","8,297,995"
"11-Mar-2022","2,376.05","2,411.00","2,376.05","2,399.15","5,656,799"
"14-Mar-2022","2,386.90","2,424.40","2,374.00","2,418.85","3,849,222"
"15-Mar-2022","2,427.95","2,427.95","2,340.85","2,363.45","7,349,740"
"16-Mar-2022","2,382.00","2,407.90","2,377.10","2,403.35","5,145,644"
"17-Mar-2022","2,432.75","2,497.40","2,415.10","2,481.70","9,886,295"
"21-Mar-2022","2,444.00","2,484.00","2,439.00","2,467.40","5,537,752"
"22-Mar-2022","2,460.10","2,534.95","2,453.60","2,531.15","10,410,082"
"23-Mar-2022","2,523.00","2,564.85","2,523.00","2,539.20","7,135,797"
"24-Mar-2022","2,510.00","2,584.15","2,510.00","2,578.65","6,077,153"
"25-Mar-2022","2,582.50","2,616.00","2,577.00","2,595.85","6,563,676"
"28-Mar-2022","2,610.00","2,629.75","2,586.50","2,621.95","4,564,891"
"29-Mar-2022","2,638.00","2,638.00","2,607.40","2,622.55","4,007,695"
"30-Mar-2022","2,639.90","2,688.00","2,617.10","2,672.95","7,297,028"
"31-Mar-2022","2,664.95","2,669.70","2,628.60","2,634.75","6,102,744"
"01-Apr-2022","2,636.00","2,665.15","2,622.00","2,655.85","3,656,408"
"04-Apr-2022","2,655.45","2,675.00","2,641.65","2,663.70","3,659,307"
"05-Apr-2022","2,651.10","2,669.90","2,620.70","2,626.05","6,068,663"
"06-Apr-2022","2,587.10","2,634.50","2,587.10","2,619.05","5,656,703"
"07-Apr-2022","2,595.10","2,606.00","2,567.00","2,572.85","7,151,632"
"08-Apr-2022","2,560.00","2,625.00","2,560.00","2,615.65","6,992,874"
"11-Apr-2022","2,600.00","2,638.55","2,583.00","2,610.20","4,270,816"
"12-Apr-2022","2,587.00","2,602.60","2,555.40","2,561.05","6,099,986"
"13-Apr-2022","2,574.50","2,592.60","2,545.50","2,551.65","4,778,478"
"18-Apr-2022","2,533.00","2,559.80","2,521.80","2,543.85","4,603,103"
"19-Apr-2022","2,558.00","2,668.00","2,551.05","2,640.80","12,064,446"
"20-Apr-2022","2,657.10","2,734.00","2,649.10","2,718.45","11,570,835"
"21-Apr-2022","2,750.90","2,789.00","2,732.00","2,782.10","10,018,531"
"22-Apr-2022","2,758.90","2,802.00","2,744.20","2,758.80","6,947,490"
"25-Apr-2022","2,742.40","2,758.40","2,663.65","2,695.00","7,874,671"
"26-Apr-2022","2,710.00","2,795.00","2,707.70","2,775.65","5,643,066"
"27-Apr-2022","2,755.85","2,828.00","2,755.05","2,778.35","8,924,920"
"28-Apr-2022","2,809.95","2,851.00","2,786.10","2,819.85","11,820,892"
"29-Apr-2022","2,856.15","2,856.15","2,777.30","2,790.25","8,406,156"
"02-May-2022","2,762.00","2,805.50","2,758.05","2,780.45","4,369,022"
"04-May-2022","2,785.00","2,790.00","2,676.30","2,693.65","8,882,792"
"05-May-2022","2,723.50","2,730.00","2,632.00","2,640.90","7,942,721"
"06-May-2022","2,612.20","2,659.00","2,593.55","2,620.65","9,068,448"
"09-May-2022","2,574.95","2,597.10","2,507.00","2,518.30","8,345,649"
"10-May-2022","2,495.00","2,526.60","2,458.00","2,474.65","9,004,636"
"11-May-2022","2,472.65","2,484.95","2,421.95","2,449.30","7,681,157"
"12-May-2022","2,427.50","2,434.85","2,370.00","2,399.40","9,456,280"
"13-May-2022","2,426.00","2,478.00","2,415.35","2,426.60","8,910,998"
"16-May-2022","2,434.45","2,481.00","2,416.65","2,427.20","6,201,594"
"17-May-2022","2,435.10","2,539.90","2,432.00","2,529.15","7,638,666"
"18-May-2022","2,539.65","2,570.00","2,508.25","2,538.35","7,973,235"
"19-May-2022","2,484.00","2,512.50","2,466.05","2,479.85","6,783,641"
"20-May-2022","2,512.50","2,644.40","2,502.00","2,624.45","10,057,508"
"23-May-2022","2,631.50","2,653.55","2,593.00","2,606.90","7,039,144"
"24-May-2022","2,607.00","2,638.00","2,597.70","2,615.85","6,243,086"
"25-May-2022","2,635.00","2,656.70","2,601.50","2,612.00","5,867,760"
"26-May-2022","2,624.40","2,634.90","2,548.00","2,587.10","8,252,551"
"27-May-2022","2,593.05","2,605.15","2,540.10","2,575.10","7,624,888"
"30-May-2022","2,615.00","2,674.00","2,594.20","2,664.80","6,393,341"
"31-May-2022","2,641.40","2,678.80","2,615.70","2,632.65","32,591,420"
"01-Jun-2022","2,634.30","2,655.20","2,616.20","2,633.50","4,512,079"
"02-Jun-2022","2,634.00","2,732.45","2,634.00","2,724.30","10,211,408"
"03-Jun-2022","2,744.00","2,817.35","2,742.00","2,779.50","11,048,210"
"06-Jun-2022","2,780.00","2,814.00","2,751.80","2,767.55","5,119,488"
"07-Jun-2022","2,769.90","2,791.10","2,752.05","2,772.75","5,703,333"
"08-Jun-2022","2,772.75","2,781.00","2,716.30","2,724.05","5,759,172"
"09-Jun-2022","2,710.00","2,803.00","2,710.00","2,798.75","7,973,935"
"10-Jun-2022","2,771.90","2,789.90","2,701.50","2,714.25","8,349,943"
"13-Jun-2022","2,650.00","2,672.80","2,616.30","2,662.90","8,131,998"
"14-Jun-2022","2,650.05","2,671.85","2,613.45","2,628.10","6,790,653"
"15-Jun-2022","2,617.55","2,637.30","2,584.40","2,596.30","5,166,738"
"16-Jun-2022","2,623.00","2,659.05","2,554.00","2,560.00","7,896,943"
"17-Jun-2022","2,560.00","2,624.85","2,556.10","2,590.00","11,286,988"
"20-Jun-2022","2,605.00","2,617.10","2,521.10","2,543.05","5,568,825"
"21-Jun-2022","2,560.00","2,593.40","2,528.30","2,584.10","5,408,801"
"22-Jun-2022","2,558.10","2,558.30","2,501.00","2,505.60","4,899,839"
"23-Jun-2022","2,515.05","2,525.00","2,445.00","2,464.95","8,974,475"
"24-Jun-2022","2,480.00","2,511.00","2,468.00","2,500.05","6,571,866"
"27-Jun-2022","2,544.95","2,544.95","2,481.55","2,492.65","7,141,493"
"28-Jun-2022","2,482.10","2,533.95","2,482.10","2,527.70","6,263,867"
"29-Jun-2022","2,507.20","2,597.00","2,501.00","2,580.15","8,863,172"
"30-Jun-2022","2,580.00","2,615.90","2,566.00","2,595.65","10,666,627"
"01-Jul-2022","2,574.90","2,592.00","2,365.00","2,408.70","37,841,671"
"04-Jul-2022","2,378.95","2,442.00","2,366.10","2,413.70","19,317,335"
"05-Jul-2022","2,423.00","2,464.90","2,417.10","2,433.25","8,144,239"
"06-Jul-2022","2,420.10","2,441.95","2,388.00","2,411.85","11,050,026"
"07-Jul-2022","2,425.90","2,433.25","2,375.00","2,388.10","10,753,423"
"08-Jul-2022","2,418.00","2,418.00","2,382.55","2,391.40","8,773,162"
"11-Jul-2022","2,376.50","2,428.80","2,370.00","2,423.90","6,390,604"
"12-Jul-2022","2,404.00","2,439.70","2,404.00","2,420.45","4,974,502"
"13-Jul-2022","2,427.30","2,434.00","2,373.00","2,377.55","6,564,435"
"14-Jul-2022","2,388.00","2,433.95","2,376.95","2,397.15","7,831,798"
"15-Jul-2022","2,415.00","2,415.00","2,383.10","2,401.80","4,431,880"
"18-Jul-2022","2,421.00","2,425.00","2,392.30","2,422.25","6,996,757"
"19-Jul-2022","2,400.30","2,447.00","2,400.30","2,437.10","7,587,006"
"20-Jul-2022","2,540.00","2,542.50","2,486.25","2,503.00","11,041,036"
"21-Jul-2022","2,494.00","2,500.00","2,467.30","2,486.30","7,625,468"
"22-Jul-2022","2,500.00","2,516.30","2,495.00","2,503.10","5,062,651"
"25-Jul-2022","2,467.45","2,467.45","2,403.00","2,420.40","10,665,470"
"26-Jul-2022","2,421.10","2,443.90","2,411.35","2,421.50","5,216,466"
"27-Jul-2022","2,419.95","2,427.00","2,402.00","2,419.20","3,994,321"
"28-Jul-2022","2,436.00","2,467.95","2,421.00","2,457.10","5,766,936"
"29-Jul-2022","2,474.70","2,517.10","2,464.00","2,509.45","6,982,808"
"01-Aug-2022","2,519.15","2,587.75","2,507.60","2,574.85","7,245,568"
"02-Aug-2022","2,572.50","2,607.80","2,561.55","2,584.65","6,423,115"
"03-Aug-2022","2,600.00","2,610.00","2,567.45","2,606.35","6,576,824"
"04-Aug-2022","2,610.00","2,617.75","2,535.00","2,571.90","6,676,577"
"05-Aug-2022","2,576.00","2,578.80","2,526.95","2,534.00","6,434,433"
"08-Aug-2022","2,531.00","2,583.55","2,531.00","2,567.15","4,691,228"
"10-Aug-2022","2,576.90","2,589.90","2,557.05","2,582.50","4,949,442"
"11-Aug-2022","2,603.10","2,609.90","2,580.20","2,591.10","3,783,480"
"12-Aug-2022","2,590.30","2,641.35","2,582.20","2,633.00","5,838,244"
"16-Aug-2022","2,646.20","2,657.30","2,627.30","2,651.30","3,049,304"
"17-Aug-2022","2,665.00","2,676.90","2,655.55","2,665.15","3,044,037"
"18-Aug-2022","2,660.00","2,669.00","2,640.20","2,661.30","3,419,730"
"19-Aug-2022","2,650.00","2,661.70","2,604.95","2,613.85","4,366,123"
"22-Aug-2022","2,617.00","2,631.30","2,586.00","2,606.60","4,371,179"
"23-Aug-2022","2,594.00","2,653.20","2,591.35","2,646.80","4,466,619"
"24-Aug-2022","2,640.10","2,670.00","2,635.35","2,639.75","4,785,579"
"25-Aug-2022","2,648.95","2,662.90","2,622.60","2,632.05","3,632,902"
"26-Aug-2022","2,633.00","2,650.00","2,607.00","2,618.00","4,957,449"
"29-Aug-2022","2,585.00","2,655.00","2,578.05","2,597.65","9,155,684"
"30-Aug-2022","2,614.00","2,645.25","2,576.60","2,637.95","10,678,670"
"01-Sep-2022","2,582.65","2,604.95","2,550.70","2,560.40","9,188,434"
"02-Sep-2022","2,560.40","2,575.35","2,525.70","2,530.50","5,999,196"
"05-Sep-2022","2,531.00","2,581.50","2,531.00","2,569.80","5,227,785"
"06-Sep-2022","2,573.00","2,606.00","2,572.00","2,596.85","5,030,172"
"07-Sep-2022","2,575.00","2,594.90","2,570.00","2,581.75","3,455,942"
"08-Sep-2022","2,588.25","2,598.00","2,571.00","2,585.40","3,256,840"
"09-Sep-2022","2,610.00","2,610.00","2,564.00","2,569.30","3,837,302"
"12-Sep-2022","2,570.55","2,612.00","2,570.55","2,598.05","3,431,445"
"13-Sep-2022","2,618.00","2,629.70","2,601.00","2,619.75","4,102,114"
"14-Sep-2022","2,575.00","2,610.00","2,572.75","2,588.35","4,004,997"
"15-Sep-2022","2,583.00","2,603.55","2,556.75","2,562.70","4,783,723"
"16-Sep-2022","2,543.75","2,553.00","2,491.00","2,499.20","9,330,469"
"19-Sep-2022","2,499.20","2,522.70","2,481.35","2,502.45","3,498,286"
"20-Sep-2022","2,522.45","2,537.70","2,494.70","2,502.85","3,881,882"
"21-Sep-2022","2,496.75","2,533.00","2,495.00","2,509.75","4,249,172"
"22-Sep-2022","2,486.00","2,503.00","2,472.10","2,486.10","4,757,219"
"23-Sep-2022","2,485.00","2,495.95","2,436.10","2,439.50","4,397,194"
"26-Sep-2022","2,394.05","2,417.80","2,375.15","2,377.35","5,759,298"
"27-Sep-2022","2,394.00","2,426.00","2,360.10","2,396.25","7,455,448"
"28-Sep-2022","2,360.35","2,378.00","2,327.10","2,332.45","7,844,140"
"29-Sep-2022","2,360.00","2,367.50","2,313.00","2,325.30","6,771,046"
"30-Sep-2022","2,311.00","2,402.00","2,311.00","2,377.75","8,589,908"
"03-Oct-2022","2,391.50","2,416.95","2,363.00","2,369.50","5,470,030"
"04-Oct-2022","2,397.80","2,418.00","2,390.15","2,413.20","4,129,893"
"06-Oct-2022","2,429.00","2,450.00","2,418.15","2,422.10","6,162,021"
"07-Oct-2022","2,414.65","2,443.90","2,414.65","2,432.35","3,560,167"
"10-Oct-2022","2,405.00","2,417.60","2,388.00","2,405.80","2,921,076"
"11-Oct-2022","2,414.00","2,414.00","2,351.10","2,357.90","4,252,803"
"12-Oct-2022","2,352.00","2,381.70","2,343.10","2,375.25","3,422,992"
"13-Oct-2022","2,371.40","2,394.00","2,360.10","2,382.80","3,382,098"
"14-Oct-2022","2,415.00","2,416.35","2,369.10","2,370.70","4,202,459"
"17-Oct-2022","2,355.00","2,414.00","2,343.60","2,408.75","7,720,595"
"18-Oct-2022","2,422.00","2,463.00","2,420.15","2,451.25","5,729,899"
"19-Oct-2022","2,454.50","2,527.85","2,441.70","2,493.90","8,882,553"
"20-Oct-2022","2,485.00","2,519.00","2,485.00","2,500.60","4,022,919"
"21-Oct-2022","2,507.70","2,516.80","2,467.00","2,471.60","3,804,352"
"24-Oct-2022","2,460.00","2,502.50","2,455.30","2,479.85","1,555,270"
"25-Oct-2022","2,499.00","2,499.00","2,438.00","2,441.55","5,645,639"
"27-Oct-2022","2,458.00","2,468.45","2,432.80","2,451.15","5,774,775"
"28-Oct-2022","2,465.00","2,535.00","2,459.45","2,526.15","8,126,824"
"31-Oct-2022","2,541.00","2,560.95","2,532.20","2,549.60","5,731,802"
"01-Nov-2022","2,600.00","2,600.00","2,508.00","2,529.85","6,443,999"
"02-Nov-2022","2,532.30","2,550.20","2,515.00","2,545.65","4,145,144"
"03-Nov-2022","2,529.85","2,559.55","2,525.05","2,555.15","3,089,026"
"04-Nov-2022","2,553.90","2,600.00","2,551.10","2,592.75","5,803,737"
"07-Nov-2022","2,591.00","2,610.30","2,574.00","2,606.60","5,440,967"
"09-Nov-2022","2,610.30","2,621.95","2,590.05","2,604.00","5,193,814"
"10-Nov-2022","2,590.00","2,596.55","2,563.00","2,572.50","2,753,420"
"11-Nov-2022","2,600.00","2,636.00","2,588.00","2,631.80","5,681,124"
"14-Nov-2022","2,630.75","2,642.00","2,605.15","2,619.05","4,173,395"
"15-Nov-2022","2,622.30","2,626.40","2,590.00","2,607.30","3,270,388"
"16-Nov-2022","2,610.00","2,615.95","2,581.35","2,592.35","4,484,007"
"17-Nov-2022","2,584.95","2,613.00","2,580.00","2,599.05","3,074,259"
"18-Nov-2022","2,606.75","2,609.00","2,571.10","2,597.65","2,447,425"
"21-Nov-2022","2,588.00","2,588.00","2,543.10","2,550.90","2,949,108"
"22-Nov-2022","2,545.00","2,568.50","2,536.50","2,565.05","3,051,201"
"23-Nov-2022","2,575.00","2,577.90","2,552.25","2,557.05","2,959,787"
"24-Nov-2022","2,566.00","2,594.00","2,548.20","2,579.10","4,333,225"
"25-Nov-2022","2,589.00","2,624.90","2,582.10","2,617.60","3,391,988"
"28-Nov-2022","2,608.90","2,721.05","2,502.00","2,707.55","14,549,929"
"29-Nov-2022","2,703.95","2,731.65","2,694.00","2,712.20","5,103,687"
"30-Nov-2022","2,712.50","2,745.45","2,698.20","2,731.35","12,075,137"
"01-Dec-2022","2,741.80","2,755.00","2,716.00","2,723.30","4,377,696"
"02-Dec-2022","2,730.00","2,748.00","2,700.60","2,722.15","5,348,595"
"05-Dec-2022","2,712.00","2,716.75","2,678.00","2,682.45","6,843,367"
"06-Dec-2022","2,665.10","2,697.00","2,661.00","2,690.20","3,966,243"
"07-Dec-2022","2,685.00","2,695.00","2,642.15","2,650.50","3,905,263"
"08-Dec-2022","2,660.00","2,665.00","2,640.10","2,649.25","3,579,858"
"09-Dec-2022","2,646.00","2,660.00","2,601.85","2,609.10","5,840,633"
"12-Dec-2022","2,585.50","2,623.00","2,585.00","2,613.10","4,374,946"
"13-Dec-2022","2,613.10","2,633.00","2,606.70","2,625.00","3,845,839"
"14-Dec-2022","2,637.65","2,638.95","2,611.00","2,615.50","3,354,618"
"15-Dec-2022","2,602.50","2,615.00","2,571.00","2,578.35","4,009,765"
"16-Dec-2022","2,571.00","2,618.80","2,558.15","2,565.60","7,308,934"
"19-Dec-2022","2,581.00","2,604.00","2,566.70","2,599.30","3,567,363"
"20-Dec-2022","2,583.90","2,626.00","2,566.00","2,621.80","3,446,291"
"21-Dec-2022","2,621.00","2,633.00","2,576.10","2,584.50","3,935,463"
"22-Dec-2022","2,598.00","2,604.65","2,566.75","2,577.80","3,438,692"
"23-Dec-2022","2,563.30","2,590.50","2,492.25","2,502.20","4,733,657"
"26-Dec-2022","2,514.75","2,542.00","2,492.40","2,524.05","2,764,496"
"27-Dec-2022","2,530.00","2,548.80","2,515.25","2,544.70","2,659,749"
"28-Dec-2022","2,538.00","2,549.80","2,521.50","2,544.45","3,442,509"
"29-Dec-2022","2,527.00","2,548.90","2,525.50","2,543.30","3,198,493"
"30-Dec-2022","2,545.10","2,577.00","2,541.10","2,547.20","3,364,092"
"02-Jan-2023","2,550.00","2,579.00","2,548.20","2,575.90","2,453,414"
"03-Jan-2023","2,565.05","2,573.00","2,547.80","2,557.05","3,534,596"
"04-Jan-2023","2,557.00","2,561.05","2,514.00","2,518.55","4,275,746"
"05-Jan-2023","2,523.50","2,536.40","2,504.00","2,514.05","6,293,519"
"06-Jan-2023","2,526.65","2,547.95","2,518.30","2,536.90","2,930,338"
"09-Jan-2023","2,545.30","2,602.00","2,543.35","2,596.80","4,948,549"
"10-Jan-2023","2,606.00","2,606.00","2,546.00","2,558.40","3,713,755"
"11-Jan-2023","2,552.50","2,558.00","2,521.10","2,526.15","5,311,657"
"12-Jan-2023","2,524.85","2,532.50","2,465.00","2,471.60","8,163,366"
"13-Jan-2023","2,458.40","2,472.90","2,434.60","2,467.60","9,515,473"
"16-Jan-2023","2,472.70","2,479.65","2,427.00","2,444.10","6,287,407"
"17-Jan-2023","2,458.00","2,483.00","2,450.60","2,478.80","4,961,585"
"18-Jan-2023","2,473.50","2,491.10","2,460.35","2,474.70","6,206,382"
"19-Jan-2023","2,472.90","2,481.15","2,456.65","2,472.05","5,510,333"
"20-Jan-2023","2,475.00","2,475.00","2,437.25","2,442.65","6,890,325"
"23-Jan-2023","2,449.00","2,466.20","2,425.00","2,430.30","5,055,324"
"24-Jan-2023","2,440.00","2,443.65","2,387.35","2,415.95","7,609,558"
"25-Jan-2023","2,412.45","2,414.70","2,380.00","2,382.55","5,715,684"
"27-Jan-2023","2,384.40","2,387.35","2,311.65","2,337.35","11,920,991"
"30-Jan-2023","2,331.70","2,371.90","2,301.00","2,359.75","10,047,822"
"31-Jan-2023","2,382.00","2,387.65","2,341.00","2,353.85","10,472,167"
"01-Feb-2023","2,379.95","2,379.95","2,305.00","2,339.90","8,929,007"
"02-Feb-2023","2,318.00","2,348.00","2,311.00","2,326.95","6,305,317"
"03-Feb-2023","2,349.00","2,349.00","2,293.00","2,329.00","11,398,850"
"06-Feb-2023","2,315.00","2,321.00","2,305.80","2,311.45","6,847,679"
"07-Feb-2023","2,312.00","2,327.40","2,293.00","2,305.90","6,985,001"
"08-Feb-2023","2,313.00","2,359.90","2,307.00","2,351.95","9,765,490"
"09-Feb-2023","2,353.45","2,370.85","2,334.00","2,356.05","6,079,228"
"10-Feb-2023","2,354.90","2,354.90","2,321.30","2,336.65","4,979,789"
"13-Feb-2023","2,340.20","2,350.00","2,313.55","2,323.35","4,777,674"
"14-Feb-2023","2,329.95","2,381.90","2,323.65","2,378.10","6,609,564"
"15-Feb-2023","2,376.00","2,437.20","2,373.00","2,431.95","15,461,902"
"16-Feb-2023","2,449.45","2,463.80","2,425.05","2,430.05","7,967,558"
"17-Feb-2023","2,420.00","2,447.50","2,410.60","2,440.20","5,450,092"
"20-Feb-2023","2,445.00","2,449.75","2,410.10","2,414.40","4,078,245"
"21-Feb-2023","2,424.00","2,446.80","2,412.35","2,434.10","6,143,298"
"22-Feb-2023","2,425.95","2,430.00","2,375.05","2,378.90","5,087,729"
"23-Feb-2023","2,378.00","2,394.75","2,361.35","2,367.50","4,546,655"
"24-Feb-2023","2,372.00","2,396.15","2,368.00","2,383.70","4,353,814"
"27-Feb-2023","2,382.00","2,389.65","2,351.70","2,367.85","5,168,667"
"28-Feb-2023","2,356.10","2,367.00","2,313.65","2,322.55","10,150,245"
"01-Mar-2023","2,344.00","2,345.50","2,323.25","2,343.90","5,330,852"
"02-Mar-2023","2,337.00","2,351.65","2,321.60","2,326.05","4,307,425"
"03-Mar-2023","2,349.15","2,393.45","2,341.55","2,385.40","6,758,115"
"06-Mar-2023","2,400.00","2,424.60","2,400.00","2,408.70","4,694,338"
"08-Mar-2023","2,408.70","2,419.00","2,385.00","2,417.35","7,283,694"
"09-Mar-2023","2,416.00","2,416.90","2,355.10","2,359.25","7,492,509"
"10-Mar-2023","2,341.50","2,344.00","2,315.05","2,322.70","6,153,681"
"13-Mar-2023","2,329.00","2,344.00","2,275.00","2,284.50","5,894,088"
"14-Mar-2023","2,280.00","2,304.95","2,269.05","2,275.95","7,396,699"
"15-Mar-2023","2,284.10","2,298.30","2,227.40","2,237.05","10,027,725"
"16-Mar-2023","2,243.00","2,254.00","2,202.20","2,225.90","8,474,595"
"17-Mar-2023","2,244.75","2,251.95","2,212.70","2,223.10","15,697,554"
"20-Mar-2023","2,215.00","2,220.00","2,180.00","2,201.25","9,010,595"
"21-Mar-2023","2,218.95","2,274.00","2,217.00","2,269.70","9,876,263"
"22-Mar-2023","2,285.00","2,291.45","2,270.00","2,276.60","5,039,622"
"23-Mar-2023","2,268.00","2,269.90","2,243.05","2,247.80","7,499,082"
"24-Mar-2023","2,245.25","2,250.00","2,198.00","2,203.30","5,711,497"
"27-Mar-2023","2,217.50","2,254.00","2,200.20","2,237.55","6,486,068"
"28-Mar-2023","2,245.00","2,256.50","2,237.00","2,248.00","5,804,018"
"29-Mar-2023","2,239.00","2,244.80","2,211.10","2,234.70","8,678,073"
"31-Mar-2023","2,255.00","2,343.45","2,254.70","2,331.05","13,001,005"
"03-Apr-2023","2,345.00","2,349.00","2,315.00","2,331.45","4,750,238"
"05-Apr-2023","2,348.00","2,348.00","2,308.55","2,325.85","7,505,339"
"06-Apr-2023","2,318.15","2,354.00","2,318.15","2,341.45","8,507,771"
"10-Apr-2023","2,350.00","2,350.40","2,321.55","2,324.85","5,981,688"
"11-Apr-2023","2,334.00","2,341.00","2,324.05","2,336.35","4,865,301"
"12-Apr-2023","2,336.35","2,367.80","2,330.05","2,346.65","8,389,646"
"13-Apr-2023","2,353.00","2,365.80","2,342.00","2,355.50","5,712,541"
"17-Apr-2023","2,424.95","2,424.95","2,349.05","2,367.45","8,274,452"
"18-Apr-2023","2,377.00","2,377.00","2,326.00","2,340.35","4,802,172"
"19-Apr-2023","2,339.05","2,357.90","2,332.20","2,352.00","5,664,207"
"20-Apr-2023","2,354.10","2,359.00","2,332.10","2,346.05","3,233,882"
"21-Apr-2023","2,350.65","2,361.00","2,336.40","2,349.00","3,529,236"
"24-Apr-2023","2,375.00","2,380.90","2,348.00","2,358.00","5,970,048"
"25-Apr-2023","2,366.00","2,380.60","2,350.50","2,376.05","4,262,471"
"26-Apr-2023","2,379.00","2,386.10","2,354.05","2,362.10","3,977,129"
"27-Apr-2023","2,375.00","2,384.00","2,364.00","2,377.05","4,230,627"
"28-Apr-2023","2,382.00","2,423.90","2,381.75","2,420.50","7,183,342"
"02-May-2023","2,436.20","2,445.80","2,428.10","2,441.05","5,991,101"
"03-May-2023","2,445.00","2,445.00","2,413.05","2,420.10","3,259,053"
"04-May-2023","2,421.15","2,452.85","2,414.60","2,448.00","3,985,159"
"05-May-2023","2,441.00","2,461.35","2,436.00","2,441.75","4,036,548"
"08-May-2023","2,450.00","2,483.65","2,444.15","2,471.90","4,224,469"
"09-May-2023","2,475.00","2,486.80","2,463.25","2,479.55","2,983,468"
"10-May-2023","2,490.00","2,499.85","2,481.20","2,496.60","5,017,544"
"11-May-2023","2,498.95","2,509.50","2,476.55","2,480.30","4,872,451"
"12-May-2023","2,469.80","2,487.40","2,456.50","2,484.35","3,209,889"
"15-May-2023","2,489.90","2,504.55","2,473.15","2,489.25","3,153,587"
"16-May-2023","2,494.00","2,499.60","2,450.15","2,453.80","4,023,000"
"17-May-2023","2,463.00","2,465.00","2,429.00","2,439.30","4,060,722"
"18-May-2023","2,449.55","2,457.00","2,427.15","2,434.05","4,857,531"
"19-May-2023","2,434.05","2,445.95","2,418.85","2,441.95","3,715,280"
"22-May-2023","2,435.00","2,466.00","2,432.35","2,455.00","3,431,208"
"23-May-2023","2,460.65","2,468.00","2,451.45","2,454.55","2,811,473"
"24-May-2023","2,445.90","2,464.00","2,433.45","2,440.25","3,743,804"
"25-May-2023","2,433.90","2,449.00","2,416.05","2,439.95","5,301,647"
"26-May-2023","2,458.00","2,509.00","2,450.75","2,506.50","5,827,017"
"29-May-2023","2,521.00","2,530.00","2,507.20","2,520.60","4,619,754"
"30-May-2023","2,520.60","2,537.70","2,514.35","2,519.95","5,234,564"
"31-May-2023","2,500.00","2,509.85","2,461.00","2,469.90","12,510,304"
"01-Jun-2023","2,480.15","2,484.90","2,458.00","2,463.25","6,734,525"
"02-Jun-2023","2,471.00","2,482.85","2,451.00","2,455.20","7,291,995"
"05-Jun-2023","2,467.20","2,483.75","2,458.45","2,477.25","5,034,355"
"06-Jun-2023","2,483.45","2,487.70","2,462.00","2,479.35","3,458,161"
"07-Jun-2023","2,487.00","2,500.00","2,472.60","2,498.15","4,759,238"
"08-Jun-2023","2,506.00","2,516.85","2,491.00","2,499.65","5,570,815"
"09-Jun-2023","2,507.00","2,508.55","2,478.00","2,481.95","2,712,243"
"12-Jun-2023","2,475.50","2,489.20","2,465.00","2,484.15","2,949,893"
"13-Jun-2023","2,495.00","2,523.45","2,486.25","2,520.85","5,190,958"
"14-Jun-2023","2,521.00","2,555.00","2,517.00","2,551.85","6,127,509"
"15-Jun-2023","2,551.80","2,562.55","2,535.50","2,552.55","5,451,926"
"16-Jun-2023","2,560.20","2,582.40","2,560.20","2,577.40","11,155,180"
"19-Jun-2023","2,584.00","2,584.00","2,542.65","2,551.80","3,137,532"
"20-Jun-2023","2,547.55","2,564.00","2,535.00","2,557.10","3,194,085"
"21-Jun-2023","2,557.00","2,569.85","2,548.00","2,564.30","3,212,779"
"22-Jun-2023","2,556.00","2,573.30","2,532.00","2,535.50","3,516,244"
"23-Jun-2023","2,528.90","2,533.40","2,512.00","2,514.75","3,059,084"
"26-Jun-2023","2,507.00","2,515.40","2,488.70","2,495.55","5,833,893"
"27-Jun-2023","2,496.55","2,509.50","2,486.65","2,496.45","4,471,687"
"28-Jun-2023","2,513.00","2,537.85","2,497.85","2,529.50","5,239,872"
"30-Jun-2023","2,546.40","2,556.65","2,533.45","2,550.25","5,146,441"
"03-Jul-2023","2,558.05","2,622.00","2,555.35","2,615.70","5,609,248"
"04-Jul-2023","2,625.00","2,625.00","2,573.25","2,588.75","3,720,447"
"05-Jul-2023","2,609.00","2,609.00","2,575.80","2,584.50","4,729,479"
"06-Jul-2023","2,576.05","2,644.45","2,576.05","2,638.75","8,822,948"
"07-Jul-2023","2,635.00","2,664.95","2,628.00","2,633.60","6,172,684"
"10-Jul-2023","2,688.90","2,756.00","2,675.00","2,735.05","15,340,262"
"11-Jul-2023","2,752.90","2,770.00","2,737.60","2,764.70","9,262,001"
"12-Jul-2023","2,766.30","2,802.00","2,761.65","2,767.75","8,645,662"
"13-Jul-2023","2,783.90","2,799.00","2,737.25","2,743.00","6,776,172"
"14-Jul-2023","2,750.00","2,760.90","2,725.10","2,740.70","6,979,790"
"17-Jul-2023","2,747.00","2,815.05","2,728.00","2,796.70","10,254,545"
"18-Jul-2023","2,817.00","2,837.45","2,793.00","2,820.45","11,937,761"
"19-Jul-2023","2,830.00","2,856.00","2,797.00","2,841.85","18,054,869"
"20-Jul-2023","2,580.00","2,630.95","2,580.00","2,619.85","19,358,812"
"21-Jul-2023","2,609.00","2,614.90","2,523.60","2,538.75","15,124,619"
"24-Jul-2023","2,481.00","2,514.95","2,469.30","2,487.40","11,863,933"
"25-Jul-2023","2,494.00","2,505.20","2,480.00","2,485.80","6,013,010"
"26-Jul-2023","2,485.00","2,547.00","2,485.00","2,526.20","6,455,506"
"27-Jul-2023","2,534.05","2,537.65","2,490.35","2,502.70","8,613,449"
"28-Jul-2023","2,512.05","2,542.85","2,500.55","2,527.85","10,413,926"
"31-Jul-2023","2,527.85","2,553.90","2,517.95","2,549.25","4,275,587"
"01-Aug-2023","2,555.00","2,559.00","2,505.30","2,513.20","4,768,316"
"02-Aug-2023","2,509.20","2,512.00","2,463.60","2,486.35","6,374,107"
"03-Aug-2023","2,475.30","2,500.90","2,458.05","2,475.90","5,084,175"
"04-Aug-2023","2,498.80","2,516.00","2,471.60","2,509.55","11,442,805"
"07-Aug-2023","2,521.00","2,528.40","2,505.00","2,523.85","2,991,435"
"08-Aug-2023","2,528.00","2,534.45","2,499.55","2,508.65","4,922,036"
"09-Aug-2023","2,504.85","2,529.00","2,481.10","2,525.20","5,743,293"
"10-Aug-2023","2,524.95","2,550.00","2,508.45","2,536.45","7,735,299"
"11-Aug-2023","2,532.45","2,558.85","2,512.35","2,547.15","11,089,665"
"14-Aug-2023","2,539.00","2,582.30","2,525.00","2,577.25","4,787,906"
"16-Aug-2023","2,551.00","2,582.80","2,551.00","2,575.15","5,101,556"
"17-Aug-2023","2,567.10","2,578.10","2,532.85","2,538.00","6,836,872"
"18-Aug-2023","2,531.25","2,577.60","2,508.55","2,556.80","9,319,989"
"21-Aug-2023","2,539.95","2,555.45","2,515.65","2,520.00","4,610,873"
"22-Aug-2023","2,516.90","2,537.95","2,499.00","2,519.40","3,856,522"
"23-Aug-2023","2,524.20","2,542.85","2,516.95","2,522.20","4,758,976"
"24-Aug-2023","2,539.90","2,539.90","2,471.00","2,479.80","7,070,010"
"25-Aug-2023","2,456.00","2,505.00","2,442.60","2,468.35","11,111,200"
"28-Aug-2023","2,472.00","2,484.00","2,431.10","2,443.75","6,290,413"
"29-Aug-2023","2,452.05","2,453.45","2,408.15","2,420.35","8,438,322"
"30-Aug-2023","2,432.00","2,443.00","2,415.00","2,418.05","6,084,473"
"31-Aug-2023","2,423.00","2,425.00","2,399.90","2,407.00","10,819,300"
"01-Sep-2023","2,406.55","2,425.65","2,401.65","2,412.65","9,056,421"
"04-Sep-2023","2,412.65","2,423.65","2,405.30","2,410.70","4,673,813"
"05-Sep-2023","2,420.00","2,433.95","2,412.45","2,423.60","4,337,938"
"06-Sep-2023","2,421.10","2,436.15","2,417.25","2,428.70","4,100,185"
"07-Sep-2023","2,421.70","2,438.25","2,411.00","2,432.00","6,826,286"
"08-Sep-2023","2,440.00","2,456.00","2,422.95","2,448.20","11,554,644"
"11-Sep-2023","2,452.00","2,476.85","2,452.00","2,474.60","6,635,537"
"12-Sep-2023","2,483.00","2,483.00","2,435.95","2,438.85","8,127,833"
"13-Sep-2023","2,440.00","2,462.65","2,426.25","2,451.05","6,401,669"
"14-Sep-2023","2,460.00","2,465.80","2,445.00","2,453.30","4,604,818"
"15-Sep-2023","2,468.00","2,468.00","2,449.50","2,457.85","12,734,296"
"18-Sep-2023","2,440.05","2,451.00","2,432.05","2,436.45","3,758,150"
"20-Sep-2023","2,423.05","2,427.60","2,355.00","2,382.15","28,540,942"
"21-Sep-2023","2,374.95","2,390.10","2,360.00","2,364.80","6,113,091"
"22-Sep-2023","2,376.00","2,382.45","2,350.00","2,354.95","9,588,393"
"25-Sep-2023","2,350.40","2,360.70","2,335.10","2,340.45","7,127,442"
"26-Sep-2023","2,338.55","2,350.20","2,335.60","2,342.50","5,043,891"
"27-Sep-2023","2,343.50","2,371.80","2,338.50","2,368.90","5,861,389"
"28-Sep-2023","2,383.00","2,383.00","2,325.00","2,334.10","7,259,173"
"29-Sep-2023","2,341.80","2,369.10","2,334.10","2,345.00","6,171,007"
"03-Oct-2023","2,329.95","2,335.60","2,316.00","2,318.15","4,429,528"
"04-Oct-2023","2,309.00","2,319.00","2,295.10","2,314.15","5,143,193"
"05-Oct-2023","2,319.25","2,329.40","2,309.00","2,314.10","5,476,841"
"06-Oct-2023","2,317.05","2,324.80","2,312.05","2,318.00","2,715,513"
"09-Oct-2023","2,308.10","2,311.95","2,295.00","2,298.25","3,788,439"
"10-Oct-2023","2,306.55","2,317.90","2,303.75","2,308.40","5,118,016"
"11-Oct-2023","2,314.45","2,349.70","2,313.00","2,345.05","4,907,059"
"12-Oct-2023","2,343.85","2,359.35","2,338.15","2,349.40","6,277,225"
"13-Oct-2023","2,340.00","2,357.50","2,329.15","2,349.30","5,075,158"
"16-Oct-2023","2,345.00","2,354.55","2,336.00","2,344.05","2,964,518"
"17-Oct-2023","2,356.00","2,359.70","2,341.30","2,355.25","3,964,090"
"18-Oct-2023","2,355.25","2,367.00","2,321.00","2,324.00","4,459,160"
"19-Oct-2023","2,312.00","2,321.80","2,301.00","2,306.15","6,016,278"
"20-Oct-2023","2,300.00","2,314.70","2,296.30","2,299.10","4,456,656"
"23-Oct-2023","2,290.00","2,306.25","2,255.25","2,263.20","3,926,981"
"25-Oct-2023","2,250.05","2,281.20","2,243.00","2,257.95","5,810,344"
"26-Oct-2023","2,251.00","2,258.00","2,220.30","2,226.50","7,611,267"
"27-Oct-2023","2,240.00","2,273.50","2,235.95","2,265.80","5,885,542"
"30-Oct-2023","2,274.00","2,325.00","2,269.95","2,312.50","8,406,652"
"31-Oct-2023","2,328.00","2,328.00","2,282.90","2,287.90","6,404,219"
"01-Nov-2023","2,289.15","2,317.50","2,275.20","2,297.40","5,154,595"
"02-Nov-2023","2,313.95","2,324.30","2,307.95","2,320.20","5,281,052"
"03-Nov-2023","2,327.20","2,334.95","2,315.75","2,319.70","4,425,078"
"06-Nov-2023","2,332.30","2,340.00","2,325.60","2,339.00","5,323,652"
"07-Nov-2023","2,334.05","2,339.10","2,319.55","2,323.80","3,480,102"
"08-Nov-2023","2,332.00","2,341.00","2,321.75","2,335.90","3,942,247"
"09-Nov-2023","2,335.85","2,335.90","2,304.20","2,310.55","7,256,805"
"10-Nov-2023","2,305.55","2,316.35","2,298.05","2,314.90","3,867,477"
"12-Nov-2023","2,326.05","2,332.00","2,322.50","2,330.65","709,922"
"13-Nov-2023","2,322.90","2,324.60","2,311.70","2,314.60","1,927,405"
"15-Nov-2023","2,340.00","2,361.95","2,327.00","2,356.45","6,110,324"
"16-Nov-2023","2,351.10","2,374.15","2,346.95","2,360.70","6,567,455"
"17-Nov-2023","2,352.90","2,373.25","2,352.05","2,355.55","3,879,317"
"20-Nov-2023","2,348.55","2,358.40","2,336.40","2,349.35","2,245,093"
"21-Nov-2023","2,366.00","2,388.00","2,360.20","2,378.90","4,107,225"
"22-Nov-2023","2,375.00","2,394.45","2,372.20","2,388.20","4,267,407"
"23-Nov-2023","2,388.20","2,400.00","2,388.20","2,395.50","4,265,771"
"24-Nov-2023","2,391.60","2,402.60","2,391.05","2,393.90","3,374,743"
"28-Nov-2023","2,393.90","2,399.70","2,375.25","2,394.40","6,896,087"
"29-Nov-2023","2,408.00","2,411.95","2,398.05","2,400.70","6,265,653"
"30-Nov-2023","2,394.70","2,400.70","2,369.90","2,377.45","14,219,992"
"01-Dec-2023","2,378.00","2,396.40","2,377.60","2,394.30","7,171,421"
"04-Dec-2023","2,450.00","2,450.00","2,398.60","2,420.20","7,795,495"
"05-Dec-2023","2,439.00","2,440.85","2,421.65","2,437.75","6,346,812"
"06-Dec-2023","2,447.10","2,472.95","2,435.00","2,461.10","8,211,221"
"07-Dec-2023","2,460.00","2,460.95","2,442.00","2,457.05","4,071,048"
"08-Dec-2023","2,463.85","2,476.70","2,445.00","2,455.75","5,102,447"
"11-Dec-2023","2,456.00","2,467.60","2,452.40","2,459.35","3,533,069"
"12-Dec-2023","2,460.00","2,464.95","2,420.15","2,424.05","4,598,562"
"13-Dec-2023","2,422.00","2,438.35","2,406.30","2,433.95","5,015,591"
"14-Dec-2023","2,454.00","2,474.95","2,442.65","2,464.15","8,486,177"
"15-Dec-2023","2,478.00","2,500.00","2,470.05","2,495.60","7,966,076"
"18-Dec-2023","2,495.60","2,534.90","2,490.95","2,521.00","7,082,594"
"19-Dec-2023","2,555.00","2,573.90","2,525.20","2,558.10","8,410,302"
"20-Dec-2023","2,571.05","2,598.85","2,520.00","2,527.15","8,868,361"
"21-Dec-2023","2,527.00","2,573.50","2,518.25","2,562.55","6,882,727"
"22-Dec-2023","2,559.60","2,580.90","2,547.65","2,565.05","8,270,892"
"26-Dec-2023","2,568.00","2,591.95","2,562.70","2,578.05","3,732,832"
"27-Dec-2023","2,582.00","2,599.90","2,573.10","2,586.85","4,602,078"
"28-Dec-2023","2,589.80","2,612.00","2,586.85","2,605.55","6,151,318"
"29-Dec-2023","2,611.10","2,614.00","2,579.30","2,584.95","5,432,292"
"01-Jan-2024","2,580.55","2,606.85","2,573.15","2,590.25","2,015,270"
"02-Jan-2024","2,585.00","2,615.00","2,573.00","2,611.70","3,724,400"
"03-Jan-2024","2,610.00","2,634.00","2,577.20","2,583.30","4,518,768"
"04-Jan-2024","2,588.00","2,609.85","2,579.10","2,596.65","4,806,389"
"05-Jan-2024","2,602.90","2,619.85","2,598.00","2,607.70","4,043,203"
"08-Jan-2024","2,610.00","2,631.95","2,568.95","2,587.35","3,867,326"
"09-Jan-2024","2,600.00","2,606.80","2,577.20","2,580.50","2,701,537"
"10-Jan-2024","2,577.00","2,659.00","2,575.05","2,650.10","5,551,370"
"11-Jan-2024","2,659.00","2,725.00","2,657.00","2,719.80","11,862,926"
"12-Jan-2024","2,719.80","2,746.65","2,691.50","2,741.45","7,506,082"
"15-Jan-2024","2,750.00","2,792.90","2,732.00","2,788.25","4,305,297"
"16-Jan-2024","2,779.95","2,792.60","2,741.00","2,749.25","4,534,512"
"17-Jan-2024","2,719.00","2,772.55","2,710.05","2,723.15","6,098,691"
"18-Jan-2024","2,702.80","2,742.00","2,702.50","2,735.90","5,139,719"
"19-Jan-2024","2,752.00","2,752.00","2,718.00","2,734.90","5,211,352"
"20-Jan-2024","2,730.00","2,766.95","2,700.00","2,713.30","3,641,697"
"23-Jan-2024","2,743.50","2,743.50","2,645.10","2,657.15","10,027,710"
"24-Jan-2024","2,670.45","2,699.00","2,647.85","2,687.75","10,959,564"
"25-Jan-2024","2,685.90","2,728.30","2,670.40","2,706.15","5,904,436"
"29-Jan-2024","2,729.00","2,905.00","2,720.35","2,896.10","11,946,719"
"30-Jan-2024","2,919.90","2,919.95","2,808.85","2,815.25","7,046,989"
"31-Jan-2024","2,808.00","2,868.50","2,805.00","2,853.25","7,565,113"
"01-Feb-2024","2,870.00","2,886.70","2,836.10","2,853.30","6,674,681"
"02-Feb-2024","2,866.35","2,949.80","2,866.35","2,915.40","9,826,294"
"05-Feb-2024","2,921.50","2,941.00","2,863.05","2,878.05","4,407,216"
"06-Feb-2024","2,883.70","2,883.70","2,839.65","2,855.60","4,523,992"
"07-Feb-2024","2,871.85","2,899.00","2,858.50","2,884.30","4,648,284"
"08-Feb-2024","2,900.00","2,918.95","2,855.05","2,900.25","7,347,317"
"09-Feb-2024","2,908.00","2,943.95","2,901.90","2,921.50","6,278,399"
"12-Feb-2024","2,921.50","2,922.00","2,884.70","2,904.70","3,337,215"
"13-Feb-2024","2,911.00","2,958.00","2,908.00","2,930.20","3,857,797"
"14-Feb-2024","2,915.00","2,967.30","2,915.00","2,962.75","3,558,944"
"15-Feb-2024","2,966.70","2,969.45","2,933.05","2,941.20","5,003,391"
"16-Feb-2024","2,952.95","2,954.00","2,917.10","2,921.15","4,883,749"
"19-Feb-2024","2,924.10","2,959.00","2,907.05","2,948.00","3,364,914"
"20-Feb-2024","2,950.05","2,951.00","2,923.60","2,942.05","3,558,748"
"21-Feb-2024","2,948.00","2,977.05","2,915.10","2,935.40","6,360,146"
"22-Feb-2024","2,936.30","2,969.90","2,916.00","2,963.50","9,246,864"
"23-Feb-2024","2,979.00","2,995.10","2,966.70","2,987.25","7,219,292"
"26-Feb-2024","2,987.10","2,989.05","2,965.00","2,974.65","3,756,553"
"27-Feb-2024","2,966.05","2,999.90","2,956.10","2,971.30","5,413,022"
"28-Feb-2024","2,966.00","2,982.55","2,900.35","2,911.25","4,323,975"
"29-Feb-2024","2,930.00","2,957.95","2,909.05","2,921.60","11,814,488"
"01-Mar-2024","2,927.00","3,000.00","2,925.00","2,984.25","6,066,463"
"02-Mar-2024","2,984.00","3,000.90","2,976.00","2,982.15","358,150"
"04-Mar-2024","2,980.95","3,024.90","2,974.45","3,014.80","5,012,210"
"05-Mar-2024","3,011.55","3,014.80","2,972.10","3,000.40","3,553,834"
"06-Mar-2024","2,986.90","3,018.00","2,957.00","3,006.00","3,902,838"
"07-Mar-2024","3,005.95","3,006.20","2,951.10","2,957.85","4,157,863"
"11-Mar-2024","2,978.00","2,978.00","2,927.00","2,933.20","5,638,565"
"12-Mar-2024","2,933.20","2,976.00","2,930.05","2,950.85","4,716,339"
"13-Mar-2024","2,959.55","2,966.20","2,855.55","2,864.35","6,761,067"
"14-Mar-2024","2,879.40","2,897.05","2,851.00","2,862.95","9,285,551"
"15-Mar-2024","2,851.90","2,866.45","2,825.80","2,836.45","9,611,909"
"18-Mar-2024","2,840.00","2,883.45","2,833.05","2,878.95","4,584,696"
"19-Mar-2024","2,857.50","2,875.20","2,834.50","2,850.50","4,137,882"
"20-Mar-2024","2,855.90","2,890.00","2,848.05","2,887.50","4,244,403"
"21-Mar-2024","2,905.05","2,915.80","2,889.35","2,901.95","6,503,468"
"22-Mar-2024","2,899.95","2,920.00","2,894.70","2,910.05","9,763,804"
"26-Mar-2024","2,890.00","2,904.80","2,878.00","2,883.15","5,707,953"
"27-Mar-2024","2,896.00","3,000.00","2,894.00","2,985.70","8,163,322"
"28-Mar-2024","2,985.75","3,011.90","2,957.30","2,971.70","10,927,182"
"01-Apr-2024","2,984.95","2,987.95","2,965.00","2,969.55","2,506,940"
"02-Apr-2024","2,968.00","2,988.00","2,950.00","2,973.90","4,455,083"
"03-Apr-2024","2,964.15","2,968.90","2,937.80","2,943.20","3,504,146"
"04-Apr-2024","2,959.50","2,959.50","2,900.00","2,925.85","7,245,136"
"05-Apr-2024","2,921.75","2,941.60","2,912.00","2,920.20","3,721,149"
"08-Apr-2024","2,925.95","2,981.95","2,922.00","2,971.95","4,178,559"
"09-Apr-2024","2,978.00","2,979.60","2,925.00","2,927.30","3,535,707"
"10-Apr-2024","2,932.70","2,974.00","2,932.70","2,959.15","4,569,165"
"12-Apr-2024","2,951.75","2,972.95","2,926.15","2,934.30","7,775,506"
"15-Apr-2024","2,922.00","2,964.25","2,892.65","2,929.65","6,451,031"
"16-Apr-2024","2,906.70","2,942.35","2,901.85","2,931.50","4,683,092"
"18-Apr-2024","2,927.00","2,972.00","2,918.70","2,928.65","9,502,846"
"19-Apr-2024","2,913.55","2,948.00","2,886.05","2,940.25","7,870,889"
"22-Apr-2024","2,944.90","2,965.65","2,935.60","2,959.70","5,175,181"
"23-Apr-2024","2,958.00","2,987.00","2,911.10","2,918.65","7,302,777"
"24-Apr-2024","2,927.00","2,937.10","2,899.00","2,900.35","5,231,388"
"25-Apr-2024","2,885.00","2,935.95","2,883.00","2,919.95","7,971,963"
"26-Apr-2024","2,927.90","2,930.00","2,900.00","2,905.10","4,706,924"
"29-Apr-2024","2,900.00","2,935.80","2,900.00","2,930.05","3,623,987"
"30-Apr-2024","2,936.00","2,966.15","2,925.75","2,934.00","5,737,131"
"02-May-2024","2,944.00","2,954.65","2,928.25","2,933.10","7,256,323"
"03-May-2024","2,942.00","2,949.90","2,832.30","2,868.00","8,613,479"
"06-May-2024","2,871.00","2,880.00","2,836.00","2,839.05","3,697,104"
"07-May-2024","2,831.95","2,841.50","2,784.00","2,802.95","7,258,736"
"08-May-2024","2,795.00","2,865.90","2,795.00","2,837.10","4,719,501"
"09-May-2024","2,826.00","2,847.50","2,780.00","2,788.25","5,504,806"
"10-May-2024","2,793.50","2,820.00","2,776.15","2,814.85","5,252,548"
"13-May-2024","2,799.80","2,813.95","2,768.00","2,805.40","4,228,310"
"14-May-2024","2,801.95","2,854.15","2,800.05","2,840.15","3,594,150"
"15-May-2024","2,841.00","2,859.95","2,826.05","2,832.55","2,523,267"
"16-May-2024","2,837.10","2,855.00","2,796.05","2,850.70","7,355,887"
"17-May-2024","2,846.10","2,874.40","2,826.50","2,871.40","5,458,238"
"18-May-2024","2,875.00","2,879.00","2,865.40","2,869.65","213,020"
"21-May-2024","2,851.20","2,883.65","2,851.20","2,872.25","5,588,064"
"22-May-2024","2,872.55","2,937.55","2,872.55","2,921.30","5,140,802"
"23-May-2024","2,917.10","2,984.45","2,910.00","2,972.10","7,304,130"
"24-May-2024","2,967.25","2,977.00","2,952.20","2,960.50","3,547,388"
"27-May-2024","2,960.45","2,969.80","2,923.10","2,932.50","3,314,505"
"28-May-2024","2,936.00","2,957.00","2,905.50","2,912.40","3,910,081"
"29-May-2024","2,893.00","2,916.00","2,876.90","2,881.55","3,691,778"
"30-May-2024","2,871.00","2,880.80","2,840.20","2,849.70","6,603,429"
"31-May-2024","2,862.60","2,884.50","2,844.50","2,860.80","15,534,916"
"03-Jun-2024","2,966.00","3,029.00","2,918.00","3,020.65","10,763,971"
"04-Jun-2024","2,996.10","2,996.10","2,718.60","2,794.55","18,354,549"
"05-Jun-2024","2,844.00","2,862.30","2,768.20","2,841.50","8,732,445"
"06-Jun-2024","2,870.00","2,887.40","2,842.70","2,863.20","8,927,861"
"07-Jun-2024","2,857.00","2,944.00","2,853.00","2,939.90","9,279,348"
"10-Jun-2024","2,939.90","2,986.70","2,936.15","2,942.80","4,625,880"
"11-Jun-2024","2,938.00","2,947.35","2,909.35","2,913.35","5,887,451"
"12-Jun-2024","2,915.00","2,952.00","2,910.35","2,926.65","5,040,871"
"13-Jun-2024","2,944.00","2,944.50","2,920.20","2,930.50","4,590,580"
"14-Jun-2024","2,940.00","2,959.35","2,914.45","2,955.10","4,078,999"
"18-Jun-2024","2,974.70","2,974.80","2,942.70","2,962.05","3,598,383"
"19-Jun-2024","2,975.00","2,975.00","2,912.00","2,917.30","4,362,937"
"20-Jun-2024","2,918.00","2,965.70","2,900.20","2,947.40","8,056,888"
"21-Jun-2024","2,947.25","2,949.40","2,881.15","2,908.40","15,585,180"
"24-Jun-2024","2,891.05","2,899.00","2,875.00","2,882.95","4,439,193"
"25-Jun-2024","2,886.00","2,911.85","2,882.00","2,908.30","3,522,693"
"26-Jun-2024","2,892.10","3,037.95","2,890.25","3,028.05","11,007,441"
"27-Jun-2024","3,027.50","3,075.00","3,012.00","3,061.10","14,191,515"
"28-Jun-2024","3,062.05","3,162.00","3,062.05","3,130.80","14,478,668"
"01-Jul-2024","3,125.05","3,158.80","3,111.35","3,120.30","3,862,153"
"02-Jul-2024","3,139.00","3,147.00","3,114.00","3,130.35","3,874,623"
"03-Jul-2024","3,132.65","3,150.00","3,085.55","3,104.85","4,524,810"
"04-Jul-2024","3,114.00","3,135.00","3,101.60","3,108.05","3,418,588"
"05-Jul-2024","3,107.65","3,197.00","3,096.00","3,177.25","6,134,855"
"08-Jul-2024","3,178.00","3,217.60","3,165.05","3,201.80","4,750,403"
"09-Jul-2024","3,195.20","3,201.00","3,161.00","3,180.55","3,480,001"
"10-Jul-2024","3,190.00","3,195.00","3,126.30","3,168.45","3,567,289"
"11-Jul-2024","3,175.00","3,208.50","3,141.00","3,161.30","5,970,473"
"12-Jul-2024","3,169.00","3,210.30","3,149.00","3,193.45","6,462,392"
"15-Jul-2024","3,208.90","3,211.70","3,171.00","3,194.45","2,664,844"
"16-Jul-2024","3,187.00","3,200.00","3,138.25","3,152.50","4,693,419"
"18-Jul-2024","3,152.00","3,187.80","3,115.65","3,173.35","6,149,187"
"19-Jul-2024","3,172.00","3,179.95","3,105.60","3,110.30","6,570,195"
"22-Jul-2024","3,074.50","3,075.00","2,998.55","3,001.35","9,837,188"
"23-Jul-2024","3,002.00","3,011.50","2,926.00","2,975.80","9,026,022"
"24-Jul-2024","2,970.00","3,019.00","2,952.80","2,991.40","5,956,681"
"25-Jul-2024","2,962.00","3,000.95","2,954.15","2,984.80","6,259,938"
"26-Jul-2024","2,984.80","3,024.85","2,980.70","3,018.05","4,929,970"
"29-Jul-2024","3,023.90","3,055.00","3,023.55","3,040.20","3,769,275"
"30-Jul-2024","3,034.05","3,050.00","3,020.00","3,026.30","4,114,104"
"31-Jul-2024","3,008.00","3,020.90","3,002.30","3,010.85","5,028,673"
"01-Aug-2024","3,024.00","3,036.00","3,008.60","3,030.60","5,382,111"
"02-Aug-2024","3,010.00","3,018.65","2,986.55","2,998.65","5,134,124"
"05-Aug-2024","2,960.00","2,967.80","2,866.50","2,894.65","8,523,352"
"06-Aug-2024","2,910.30","2,955.00","2,902.65","2,912.10","5,118,093"
"07-Aug-2024","2,938.00","2,945.00","2,923.00","2,929.65","4,087,284"
"08-Aug-2024","2,915.05","2,930.00","2,891.85","2,898.25","6,193,596"
"09-Aug-2024","2,920.00","2,953.00","2,912.00","2,948.60","3,124,888"
"12-Aug-2024","2,940.00","2,946.00","2,915.50","2,921.25","4,092,292"
"13-Aug-2024","2,921.50","2,940.15","2,916.00","2,927.25","3,132,532"
"14-Aug-2024","2,927.10","2,944.00","2,907.40","2,923.70","3,133,733"
"16-Aug-2024","2,937.30","2,960.80","2,916.10","2,956.40","4,708,451"
"19-Aug-2024","2,965.00","2,996.60","2,961.00","2,976.80","6,898,871"
"20-Aug-2024","2,994.45","3,007.85","2,980.05","2,991.90","4,205,904"
"21-Aug-2024","2,986.50","3,015.75","2,980.00","2,997.35","3,884,998"
"22-Aug-2024","3,006.00","3,013.00","2,981.30","2,996.25","5,222,891"
"23-Aug-2024","3,007.50","3,022.65","2,996.85","2,999.95","4,624,827"
"26-Aug-2024","3,013.95","3,046.00","3,006.00","3,025.20","4,408,057"
"27-Aug-2024","3,021.00","3,026.95","2,998.90","3,000.90","3,125,578"
"28-Aug-2024","3,010.00","3,014.95","2,986.00","2,996.60","4,805,143"
"29-Aug-2024","3,006.20","3,074.00","2,988.00","3,041.85","19,167,679"
"30-Aug-2024","3,068.00","3,079.45","3,006.65","3,019.25","20,810,365"
"02-Sep-2024","3,021.75","3,053.60","3,013.25","3,032.50","5,620,426"
"03-Sep-2024","3,042.50","3,046.00","3,015.00","3,018.25","5,461,900"
"04-Sep-2024","3,001.40","3,035.00","2,999.00","3,029.10","5,991,652"
"05-Sep-2024","3,038.10","3,051.55","2,974.10","2,985.95","8,132,084"
"06-Sep-2024","2,985.00","2,994.00","2,923.25","2,929.65","9,697,114"
"09-Sep-2024","2,933.00","2,939.85","2,911.20","2,924.90","4,505,149"
"10-Sep-2024","2,921.00","2,944.10","2,915.15","2,923.05","5,384,130"
"11-Sep-2024","2,926.10","2,937.50","2,895.10","2,903.00","4,880,101"
"12-Sep-2024","2,914.00","2,972.00","2,891.75","2,959.60","11,174,688"
"13-Sep-2024","2,952.80","2,966.30","2,939.00","2,945.25","4,355,664"
"16-Sep-2024","2,955.10","2,961.80","2,929.50","2,942.70","2,740,887"
"17-Sep-2024","2,948.00","2,954.95","2,933.25","2,944.60","2,967,664"
"18-Sep-2024","2,940.00","2,964.00","2,921.10","2,926.90","4,287,357"
"19-Sep-2024","2,932.50","2,953.00","2,911.10","2,939.35","8,477,951"
"20-Sep-2024","2,948.00","2,990.00","2,942.75","2,971.85","15,448,660"
"23-Sep-2024","2,982.00","3,003.00","2,977.90","2,986.75","4,416,157"
"24-Sep-2024","2,977.00","3,001.00","2,975.75","2,978.75","8,568,722"
"25-Sep-2024","2,967.80","2,993.00","2,960.40","2,987.90","3,534,501"
"26-Sep-2024","2,981.30","3,008.00","2,976.10","2,995.90","9,409,499"
"27-Sep-2024","2,998.00","3,066.95","2,984.00","3,052.35","10,298,739"
"30-Sep-2024","3,038.80","3,049.95","2,948.80","2,953.15","13,504,407"
"01-Oct-2024","2,961.30","2,975.90","2,925.65","2,929.65","8,215,821"
"03-Oct-2024","2,873.15","2,898.80","2,804.15","2,813.95","18,878,647"
"04-Oct-2024","2,807.85","2,834.70","2,763.55","2,773.05","18,536,438"
"07-Oct-2024","2,787.00","2,793.00","2,722.75","2,741.45","11,090,670"
"08-Oct-2024","2,745.95","2,802.00","2,730.20","2,794.70","8,510,404"
"09-Oct-2024","2,795.05","2,801.95","2,745.00","2,749.20","7,155,305"
"10-Oct-2024","2,760.05","2,772.00","2,738.85","2,742.10","11,179,323"
"11-Oct-2024","2,740.00","2,766.55","2,737.65","2,744.20","3,990,061"
"14-Oct-2024","2,758.90","2,760.15","2,736.50","2,745.05","6,110,716"
"15-Oct-2024","2,717.05","2,743.40","2,681.40","2,688.05","16,881,397"
"16-Oct-2024","2,680.00","2,728.00","2,675.25","2,708.15","10,017,219"
"17-Oct-2024","2,731.40","2,736.90","2,704.10","2,712.85","7,771,830"
"18-Oct-2024","2,704.35","2,736.85","2,682.65","2,718.60","6,041,226"
"21-Oct-2024","2,734.25","2,748.00","2,715.45","2,738.40","7,033,704"
"22-Oct-2024","2,738.40","2,752.00","2,680.45","2,686.70","7,915,980"
"23-Oct-2024","2,675.00","2,714.95","2,670.00","2,677.05","8,607,371"
"24-Oct-2024","2,670.55","2,687.40","2,646.25","2,679.60","11,077,967"
"25-Oct-2024","2,687.00","2,688.70","2,644.00","2,655.70","9,298,748"
"28-Oct-2024","1,337.00","1,353.00","1,322.10","1,334.35","10,824,350"
"29-Oct-2024","1,328.10","1,343.20","1,320.30","1,340.00","12,008,361"
"30-Oct-2024","1,335.00","1,350.00","1,325.35","1,343.90","11,984,423"
"31-Oct-2024","1,340.00","1,343.00","1,326.15","1,332.05","9,331,650"
"01-Nov-2024","1,333.05","1,341.95","1,333.00","1,338.65","2,127,335"
"04-Nov-2024","1,337.85","1,340.00","1,285.10","1,302.15","19,796,890"
"05-Nov-2024","1,293.00","1,309.55","1,286.15","1,305.30","16,267,479"
"06-Nov-2024","1,310.00","1,328.30","1,300.20","1,325.35","21,625,209"
"07-Nov-2024","1,324.00","1,324.00","1,302.60","1,305.65","9,611,974"
"08-Nov-2024","1,297.65","1,301.65","1,275.00","1,283.75","19,814,406"
"11-Nov-2024","1,278.95","1,286.00","1,267.00","1,272.70","9,056,552"
"12-Nov-2024","1,275.55","1,289.30","1,267.50","1,274.25","10,671,091"
"13-Nov-2024","1,270.25","1,275.45","1,249.50","1,252.05","14,633,633"
"14-Nov-2024","1,253.60","1,272.60","1,251.10","1,267.60","12,612,633"
"18-Nov-2024","1,267.60","1,272.90","1,243.90","1,260.75","13,620,611"
"19-Nov-2024","1,260.75","1,281.50","1,235.15","1,241.65","14,183,746"
"21-Nov-2024","1,241.65","1,243.95","1,217.25","1,223.00","19,433,843"
"22-Nov-2024","1,229.40","1,268.85","1,222.45","1,265.40","20,471,957"
"25-Nov-2024","1,290.00","1,304.45","1,282.45","1,287.00","28,923,341"
"26-Nov-2024","1,294.95","1,297.85","1,284.20","1,295.70","9,247,557"
"27-Nov-2024","1,293.50","1,303.85","1,286.00","1,293.20","9,572,746"
"28-Nov-2024","1,289.95","1,296.60","1,269.05","1,270.80","15,027,412"
"29-Nov-2024","1,280.00","1,299.50","1,275.25","1,292.20","13,202,307"
"02-Dec-2024","1,288.00","1,311.35","1,277.05","1,309.15","11,024,152"
"03-Dec-2024","1,317.00","1,326.80","1,307.00","1,323.30","16,869,482"
"04-Dec-2024","1,326.00","1,328.40","1,304.05","1,308.95","19,608,540"
"05-Dec-2024","1,314.35","1,329.95","1,306.15","1,322.05","16,858,723"
"06-Dec-2024","1,323.90","1,323.90","1,310.00","1,311.55","9,037,514"
"09-Dec-2024","1,303.00","1,315.00","1,293.10","1,295.15","14,650,002"
"10-Dec-2024","1,289.25","1,294.90","1,280.20","1,284.85","16,043,729"
"11-Dec-2024","1,285.00","1,290.00","1,276.05","1,278.20","11,724,373"
"12-Dec-2024","1,270.00","1,278.20","1,260.60","1,262.90","20,906,813"
"13-Dec-2024","1,260.00","1,275.20","1,239.60","1,272.85","28,630,222"
"16-Dec-2024","1,275.00","1,281.00","1,266.55","1,268.30","9,486,781"
"17-Dec-2024","1,261.05","1,263.90","1,242.80","1,245.30","17,462,791"
"18-Dec-2024","1,240.65","1,259.95","1,240.65","1,253.25","12,670,179"
"19-Dec-2024","1,239.00","1,244.90","1,229.00","1,230.45","14,244,653"
"20-Dec-2024","1,224.00","1,239.50","1,201.50","1,205.30","20,312,896"
"23-Dec-2024","1,215.00","1,227.20","1,213.20","1,222.30","10,052,824"
"24-Dec-2024","1,222.30","1,233.55","1,221.00","1,222.75","6,734,917"
"26-Dec-2024","1,224.25","1,227.70","1,214.25","1,216.55","10,016,178"
"27-Dec-2024","1,218.30","1,227.90","1,217.00","1,221.05","7,000,397"
"30-Dec-2024","1,216.40","1,223.20","1,208.10","1,210.70","8,818,766"
"31-Dec-2024","1,208.00","1,219.10","1,206.15","1,215.45","6,405,475"
"01-Jan-2025","1,214.85","1,226.30","1,211.60","1,221.25","5,892,590"
"02-Jan-2025","1,221.25","1,244.45","1,220.00","1,241.80","15,486,276"
"03-Jan-2025","1,243.90","1,262.05","1,235.50","1,251.15","15,521,102"
"06-Jan-2025","1,253.95","1,262.00","1,215.00","1,218.00","14,816,766"
"07-Jan-2025","1,222.00","1,244.50","1,221.25","1,240.85","10,070,505"
"08-Jan-2025","1,249.00","1,271.05","1,245.35","1,265.50","19,346,579"
"09-Jan-2025","1,267.00","1,269.75","1,248.05","1,254.75","12,794,704"
"10-Jan-2025","1,253.85","1,256.75","1,236.00","1,241.90","8,120,332"
"13-Jan-2025","1,230.00","1,245.25","1,226.40","1,239.85","13,764,861"
"14-Jan-2025","1,244.10","1,253.35","1,227.25","1,238.75","13,095,266"
"15-Jan-2025","1,244.95","1,257.00","1,241.85","1,252.20","9,578,856"
"16-Jan-2025","1,258.90","1,275.00","1,251.30","1,266.45","14,117,603"
"17-Jan-2025","1,322.25","1,326.00","1,285.00","1,302.35","29,366,277"
"20-Jan-2025","1,316.00","1,316.00","1,300.25","1,305.45","14,040,244"
"21-Jan-2025","1,310.50","1,313.00","1,270.20","1,273.70","14,562,976"
"22-Jan-2025","1,278.30","1,282.90","1,268.70","1,277.10","10,273,590"
"23-Jan-2025","1,270.00","1,277.35","1,261.60","1,263.65","8,720,682"
"24-Jan-2025","1,266.00","1,273.00","1,243.50","1,246.30","14,235,970"
"27-Jan-2025","1,239.10","1,240.45","1,220.00","1,229.35","9,536,019"
"28-Jan-2025","1,238.00","1,244.75","1,218.50","1,234.40","10,568,025"
"29-Jan-2025","1,236.00","1,242.75","1,228.05","1,235.50","5,928,156"
"30-Jan-2025","1,235.55","1,257.00","1,232.40","1,253.05","9,269,259"
"31-Jan-2025","1,255.85","1,267.00","1,249.00","1,265.10","6,584,612"
"01-Feb-2025","1,265.10","1,270.55","1,241.00","1,264.60","7,118,453"
"03-Feb-2025","1,251.00","1,256.00","1,237.55","1,245.90","9,252,345"
"04-Feb-2025","1,248.05","1,288.80","1,246.60","1,285.20","16,691,069"
"05-Feb-2025","1,282.65","1,290.50","1,276.70","1,278.20","10,112,028"
"06-Feb-2025","1,273.70","1,288.00","1,270.35","1,281.55","9,956,001"
"07-Feb-2025","1,276.15","1,283.70","1,262.00","1,266.70","8,764,283"
"10-Feb-2025","1,264.50","1,266.50","1,245.55","1,253.65","6,970,972"
"11-Feb-2025","1,264.55","1,264.55","1,230.10","1,234.85","8,859,714"
"12-Feb-2025","1,219.45","1,226.90","1,193.35","1,216.55","21,131,654"
"13-Feb-2025","1,217.05","1,228.00","1,212.00","1,216.10","8,511,216"
"14-Feb-2025","1,219.00","1,224.00","1,205.45","1,217.25","10,298,145"
"17-Feb-2025","1,211.10","1,227.50","1,204.50","1,224.90","8,166,683"
"18-Feb-2025","1,224.85","1,229.90","1,216.10","1,225.40","6,673,250"
"19-Feb-2025","1,219.50","1,232.75","1,217.55","1,227.45","6,217,338"
"20-Feb-2025","1,223.95","1,239.35","1,222.00","1,233.00","7,795,582"
"21-Feb-2025","1,228.70","1,240.00","1,222.15","1,228.15","6,904,025"
"24-Feb-2025","1,216.55","1,223.25","1,210.50","1,214.55","7,172,498"
"25-Feb-2025","1,211.00","1,221.00","1,201.50","1,204.00","11,552,182"
"27-Feb-2025","1,212.80","1,215.00","1,200.65","1,207.10","11,509,215"
"28-Feb-2025","1,202.00","1,217.35","1,193.30","1,200.10","23,007,298"
"03-Mar-2025","1,204.00","1,206.45","1,156.00","1,171.25","17,944,938"
"04-Mar-2025","1,162.20","1,174.00","1,159.55","1,161.90","11,377,373"
"05-Mar-2025","1,161.00","1,183.00","1,157.00","1,175.60","8,664,095"
"06-Mar-2025","1,197.00","1,213.95","1,185.15","1,209.60","14,468,014"
"07-Mar-2025","1,216.00","1,254.80","1,212.00","1,249.80","16,474,965"
"10-Mar-2025","1,245.00","1,258.00","1,235.40","1,238.40","11,931,051"
"11-Mar-2025","1,240.00","1,249.50","1,229.75","1,247.30","10,089,838"
"12-Mar-2025","1,258.00","1,263.00","1,244.00","1,257.05","11,977,555"
"13-Mar-2025","1,260.05","1,264.15","1,243.85","1,247.90","9,505,270"
"17-Mar-2025","1,242.15","1,257.40","1,233.10","1,238.85","16,640,952"
"18-Mar-2025","1,244.70","1,248.35","1,235.00","1,238.80","15,745,877"
"19-Mar-2025","1,241.05","1,253.25","1,238.80","1,247.15","16,162,399"
"20-Mar-2025","1,251.85","1,273.00","1,250.05","1,269.15","15,971,477"
"21-Mar-2025","1,275.00","1,281.00","1,270.10","1,276.35","21,780,769"
"24-Mar-2025","1,291.00","1,306.00","1,284.25","1,302.10","20,299,319"
"25-Mar-2025","1,307.70","1,307.70","1,282.60","1,285.45","13,713,899"
"26-Mar-2025","1,291.00","1,293.80","1,268.75","1,273.05","12,074,747"
"27-Mar-2025","1,278.15","1,285.00","1,271.30","1,278.20","15,028,056"
"28-Mar-2025","1,280.00","1,295.75","1,269.00","1,275.10","18,147,129"
"01-Apr-2025","1,264.60","1,277.90","1,249.30","1,252.60","12,099,648"
"02-Apr-2025","1,247.55","1,255.55","1,243.90","1,251.15","10,142,590"
"03-Apr-2025","1,233.05","1,251.80","1,233.05","1,248.70","7,434,366"
"04-Apr-2025","1,241.10","1,245.45","1,193.15","1,204.70","17,908,652"
"07-Apr-2025","1,132.20","1,171.25","1,114.85","1,165.70","22,156,106"
"08-Apr-2025","1,172.00","1,196.60","1,163.30","1,182.20","19,555,040"
"09-Apr-2025","1,169.50","1,189.80","1,168.00","1,185.35","10,223,104"
"11-Apr-2025","1,195.15","1,222.65","1,195.15","1,218.95","11,224,242"
"15-Apr-2025","1,251.00","1,251.00","1,237.10","1,240.10","13,378,535"
"16-Apr-2025","1,234.10","1,240.90","1,229.00","1,239.30","8,248,464"
"17-Apr-2025","1,240.20","1,280.20","1,227.60","1,274.50","15,398,401"
"21-Apr-2025","1,270.00","1,300.90","1,267.00","1,295.50","10,429,964"
"22-Apr-2025","1,300.00","1,303.90","1,286.30","1,291.20","13,051,707"
"23-Apr-2025","1,297.00","1,306.00","1,285.40","1,300.00","10,480,888"
"24-Apr-2025","1,292.40","1,304.50","1,290.30","1,301.60","10,468,940"
"25-Apr-2025","1,303.50","1,325.20","1,288.10","1,300.40","14,431,012"
"28-Apr-2025","1,340.00","1,374.60","1,320.20","1,368.80","31,104,496"
"29-Apr-2025","1,371.00","1,410.90","1,370.00","1,399.70","32,538,970"
"30-Apr-2025","1,402.00","1,412.40","1,369.00","1,405.00","25,480,745"
"02-May-2025","1,414.00","1,426.70","1,409.10","1,422.40","17,535,402"
"05-May-2025","1,431.00","1,439.50","1,426.90","1,431.30","12,685,649"
"06-May-2025","1,431.00","1,432.00","1,410.60","1,420.90","14,084,117"
"07-May-2025","1,420.90","1,424.40","1,402.70","1,406.00","13,440,169"
"08-May-2025","1,404.10","1,420.80","1,398.00","1,407.00","16,106,175"
"09-May-2025","1,385.50","1,394.80","1,374.50","1,377.20","13,668,904"
"12-May-2025","1,400.00","1,439.00","1,400.00","1,436.50","10,674,081"
"13-May-2025","1,433.50","1,447.70","1,412.40","1,415.70","11,407,896"
"14-May-2025","1,420.00","1,429.90","1,415.50","1,424.40","5,570,160"
"15-May-2025","1,425.00","1,461.40","1,412.70","1,454.20","20,177,211"
"16-May-2025","1,453.20","1,461.00","1,447.30","1,456.40","9,036,695"
"19-May-2025","1,452.10","1,454.60","1,438.20","1,440.80","6,195,791"
"20-May-2025","1,438.20","1,445.00","1,421.80","1,424.60","11,270,560"
"21-May-2025","1,423.90","1,436.20","1,418.10","1,429.20","6,136,364"
"22-May-2025","1,421.20","1,423.80","1,396.90","1,409.40","12,134,466"
"23-May-2025","1,406.60","1,433.80","1,406.60","1,426.80","6,474,883"
"26-May-2025","1,432.00","1,441.00","1,425.10","1,434.80","4,842,944"
"27-May-2025","1,426.10","1,437.00","1,413.90","1,422.10","12,640,414"
"28-May-2025","1,420.10","1,422.60","1,410.70","1,412.90","5,944,611"
"29-May-2025","1,412.10","1,420.00","1,408.60","1,417.80","13,771,917"
"30-May-2025","1,418.00","1,430.60","1,409.70","1,420.90","13,788,484"
"02-Jun-2025","1,412.10","1,417.50","1,395.60","1,413.70","8,098,668"
"03-Jun-2025","1,422.30","1,426.50","1,403.40","1,405.50","11,252,626"
"04-Jun-2025","1,414.70","1,425.70","1,406.10","1,423.50","8,126,827"
"05-Jun-2025","1,428.00","1,454.70","1,423.60","1,442.40","13,716,817"
"06-Jun-2025","1,441.00","1,451.50","1,437.00","1,443.50","8,182,161"
"09-Jun-2025","1,457.00","1,457.50","1,445.30","1,448.80","7,885,125"
"10-Jun-2025","1,450.00","1,453.90","1,436.00","1,438.50","7,913,181"
"11-Jun-2025","1,445.80","1,468.60","1,443.10","1,448.90","8,195,700"
"12-Jun-2025","1,453.50","1,457.00","1,434.40","1,441.60","8,828,114"
"13-Jun-2025","1,424.00","1,435.50","1,414.30","1,427.90","9,757,276"
"16-Jun-2025","1,426.90","1,442.40","1,424.40","1,437.80","8,458,093"
"17-Jun-2025","1,448.00","1,448.00","1,425.80","1,431.20","10,366,599"
"18-Jun-2025","1,430.00","1,442.80","1,425.70","1,430.10","6,681,735"
"19-Jun-2025","1,430.10","1,439.90","1,425.70","1,433.30","10,007,230"
"20-Jun-2025","1,431.00","1,471.00","1,428.10","1,466.20","29,010,635"
"23-Jun-2025","1,453.00","1,463.80","1,442.00","1,456.80","5,989,078"
"24-Jun-2025","1,465.00","1,475.00","1,443.10","1,450.80","16,402,744"
"25-Jun-2025","1,464.00","1,472.40","1,460.50","1,467.30","7,525,851"
"26-Jun-2025","1,469.10","1,498.80","1,465.10","1,495.30","14,657,893"
"27-Jun-2025","1,499.40","1,522.00","1,496.90","1,515.40","11,117,052"
"30-Jun-2025","1,513.80","1,524.80","1,496.00","1,500.60","8,409,527"
"01-Jul-2025","1,500.60","1,531.40","1,500.10","1,528.40","10,368,523"
"02-Jul-2025","1,528.40","1,530.00","1,508.70","1,518.80","6,361,002"
"03-Jul-2025","1,520.80","1,531.90","1,513.00","1,517.80","11,283,291"
"04-Jul-2025","1,524.00","1,530.00","1,517.20","1,527.30","6,603,501"
"07-Jul-2025","1,526.60","1,544.80","1,525.00","1,541.50","7,251,074"
"08-Jul-2025","1,536.00","1,544.90","1,530.20","1,537.60","7,171,261"
"09-Jul-2025","1,536.70","1,551.00","1,510.10","1,519.00","8,870,660"
"10-Jul-2025","1,519.70","1,524.70","1,507.50","1,517.20","10,047,129"
"11-Jul-2025","1,512.00","1,515.00","1,490.30","1,495.20","7,234,991"
"14-Jul-2025","1,492.20","1,500.00","1,479.10","1,483.70","10,311,846"
"15-Jul-2025","1,486.20","1,496.50","1,482.40","1,485.40","8,132,454"
"16-Jul-2025","1,473.00","1,491.00","1,471.50","1,485.60","10,409,983"
"17-Jul-2025","1,487.40","1,489.60","1,473.90","1,476.40","11,854,613"
"18-Jul-2025","1,484.80","1,484.80","1,469.10","1,476.00","10,296,318"
"21-Jul-2025","1,465.00","1,476.00","1,423.10","1,428.60","22,442,744"
"22-Jul-2025","1,427.40","1,431.90","1,410.70","1,412.80","20,396,320"
"23-Jul-2025","1,426.00","1,426.00","1,414.40","1,424.60","8,354,596"
"24-Jul-2025","1,419.20","1,423.00","1,396.00","1,402.90","14,740,507"
"25-Jul-2025","1,398.90","1,401.00","1,384.10","1,391.70","11,854,722"
"28-Jul-2025","1,392.30","1,407.80","1,385.00","1,387.60","7,748,361"
"29-Jul-2025","1,383.00","1,420.20","1,383.00","1,417.10","10,750,072"
"30-Jul-2025","1,418.10","1,423.30","1,401.30","1,410.10","7,209,849"
"31-Jul-2025","1,388.10","1,402.60","1,382.20","1,390.20","17,065,827"
"01-Aug-2025","1,386.90","1,405.90","1,384.30","1,393.70","10,321,171"
"04-Aug-2025","1,395.10","1,416.10","1,391.70","1,411.50","6,312,820"
"05-Aug-2025","1,411.00","1,411.00","1,388.10","1,391.70","9,315,972"
"06-Aug-2025","1,391.90","1,395.90","1,383.30","1,392.80","5,834,312"
"07-Aug-2025","1,387.70","1,393.70","1,366.00","1,389.40","9,976,705"
"08-Aug-2025","1,385.00","1,397.20","1,365.00","1,367.80","8,793,606"
"11-Aug-2025","1,370.00","1,388.00","1,361.20","1,386.20","9,997,486"
"12-Aug-2025","1,381.90","1,401.90","1,375.20","1,380.40","12,244,664"
"13-Aug-2025","1,388.00","1,391.80","1,377.50","1,382.60","7,457,021"
"14-Aug-2025","1,377.30","1,380.70","1,370.10","1,373.80","7,126,128"
"18-Aug-2025","1,390.00","1,394.90","1,377.00","1,381.70","11,785,109"
"19-Aug-2025","1,390.00","1,421.00","1,389.10","1,420.10","14,384,719"
"20-Aug-2025","1,413.00","1,424.90","1,410.00","1,413.00","8,725,641"
"21-Aug-2025","1,425.00","1,431.90","1,420.30","1,424.80","11,021,323"
"22-Aug-2025","1,420.00","1,423.40","1,407.90","1,409.20","5,818,868"
"25-Aug-2025","1,414.70","1,419.50","1,405.70","1,412.60","5,979,407"
"26-Aug-2025","1,408.00","1,410.00","1,381.60","1,384.90","12,145,259"
"28-Aug-2025","1,389.90","1,392.20","1,366.50","1,385.90","13,161,813"
"29-Aug-2025","1,381.10","1,403.50","1,350.00","1,357.20","18,758,842"
"01-Sep-2025","1,356.00","1,363.20","1,340.60","1,353.90","11,232,238"
"02-Sep-2025","1,354.80","1,384.50","1,354.50","1,366.50","11,517,006"
"03-Sep-2025","1,369.70","1,376.50","1,360.50","1,372.60","7,847,563"
"04-Sep-2025","1,371.80","1,374.00","1,357.10","1,359.30","13,223,177"
"05-Sep-2025","1,363.00","1,381.00","1,359.30","1,375.00","5,777,575"
"08-Sep-2025","1,380.00","1,386.00","1,372.40","1,378.50","6,986,720"
"09-Sep-2025","1,376.60","1,381.20","1,368.70","1,376.20","9,754,452"
"10-Sep-2025","1,383.90","1,388.50","1,374.10","1,377.00","7,790,815"
"11-Sep-2025","1,376.00","1,385.50","1,375.00","1,383.30","9,766,072"
"12-Sep-2025","1,383.30","1,396.30","1,380.50","1,395.00","7,403,368"
"15-Sep-2025","1,393.00","1,400.80","1,388.60","1,399.30","5,396,697"
"16-Sep-2025","1,404.70","1,408.00","1,398.20","1,405.30","8,686,961"
"17-Sep-2025","1,407.00","1,416.20","1,406.90","1,413.80","7,519,417"
"18-Sep-2025","1,420.40","1,422.00","1,410.70","1,415.00","9,332,642"
"19-Sep-2025","1,414.90","1,417.00","1,403.60","1,407.40","13,461,373"
"22-Sep-2025","1,403.90","1,410.70","1,388.00","1,390.60","7,757,970"
"23-Sep-2025","1,391.00","1,395.00","1,376.80","1,389.80","14,014,702"
"24-Sep-2025","1,385.30","1,396.00","1,380.40","1,383.00","5,922,759"
"25-Sep-2025","1,381.30","1,384.50","1,369.00","1,372.40","11,411,143"
"26-Sep-2025","1,372.00","1,382.70","1,366.00","1,377.60","9,879,109"
"29-Sep-2025","1,381.60","1,389.00","1,368.00","1,372.80","14,231,999"
"30-Sep-2025","1,377.10","1,377.10","1,362.80","1,364.00","14,604,684"
"01-Oct-2025","1,367.00","1,378.60","1,362.70","1,368.70","12,045,916"
"03-Oct-2025","1,363.20","1,371.60","1,356.90","1,363.40","12,842,347"
"06-Oct-2025","1,360.00","1,377.40","1,359.00","1,375.00","12,396,580"
"07-Oct-2025","1,376.00","1,395.90","1,375.90","1,384.80","11,244,040"
"08-Oct-2025","1,384.80","1,389.00","1,364.50","1,367.40","8,525,081"
"09-Oct-2025","1,374.00","1,380.00","1,369.10","1,377.80","8,826,633"
"10-Oct-2025","1,377.80","1,388.00","1,375.10","1,381.70","6,373,084"
"13-Oct-2025","1,376.90","1,377.70","1,367.80","1,375.00","7,600,682"
"14-Oct-2025","1,380.00","1,388.00","1,370.10","1,375.90","9,768,174"
"15-Oct-2025","1,383.00","1,384.00","1,372.70","1,374.30","10,882,743"
"16-Oct-2025","1,375.10","1,400.50","1,375.00","1,398.30","12,315,932"
"17-Oct-2025","1,401.00","1,423.30","1,399.10","1,416.80","19,335,561"
"20-Oct-2025","1,440.00","1,473.80","1,433.30","1,466.80","24,721,978"
"21-Oct-2025","1,468.00","1,474.00","1,460.00","1,465.20","2,066,169"
"23-Oct-2025","1,475.00","1,482.90","1,444.60","1,448.40","18,707,090"
"24-Oct-2025","1,450.00","1,459.80","1,441.00","1,451.60","9,700,837"
"27-Oct-2025","1,463.00","1,485.00","1,458.00","1,484.10","14,113,867"
"28-Oct-2025","1,484.10","1,492.00","1,477.60","1,486.90","17,631,577"
"29-Oct-2025","1,490.00","1,508.30","1,488.10","1,504.20","11,884,745"
"30-Oct-2025","1,500.00","1,503.10","1,484.00","1,488.50","9,318,663"
"31-Oct-2025","1,490.40","1,497.50","1,482.30","1,486.40","8,758,053"
"03-Nov-2025","1,486.00","1,495.00","1,479.30","1,484.70","8,452,085"
"04-Nov-2025","1,483.90","1,492.80","1,470.10","1,473.10","10,007,806"
"06-Nov-2025","1,484.00","1,501.60","1,476.20","1,496.10","16,772,678"
"07-Nov-2025","1,494.60","1,498.40","1,475.90","1,478.00","7,821,765"
"10-Nov-2025","1,477.90","1,501.00","1,475.50","1,489.30","7,068,438"
"11-Nov-2025","1,497.00","1,498.80","1,480.20","1,493.40","7,127,506"
"12-Nov-2025","1,505.00","1,524.70","1,500.00","1,511.50","12,384,459"
"13-Nov-2025","1,515.00","1,522.10","1,506.80","1,510.90","7,196,443"
"14-Nov-2025","1,505.50","1,520.90","1,505.50","1,518.90","7,682,823"
"17-Nov-2025","1,520.90","1,523.70","1,511.50","1,518.30","5,871,416"
"18-Nov-2025","1,521.70","1,527.80","1,510.50","1,519.40","11,045,042"
"19-Nov-2025","1,517.40","1,522.30","1,512.00","1,518.90","5,692,366"
"20-Nov-2025","1,530.00","1,550.90","1,526.70","1,549.10","18,171,724"
"21-Nov-2025","1,541.00","1,557.80","1,540.10","1,546.60","9,615,271"
"24-Nov-2025","1,550.00","1,550.00","1,531.80","1,535.90","18,433,951"
"25-Nov-2025","1,535.90","1,559.60","1,525.10","1,539.70","15,033,482"
"26-Nov-2025","1,542.30","1,571.60","1,540.50","1,569.90","14,054,299"
"27-Nov-2025","1,575.00","1,575.50","1,556.00","1,563.40","9,794,643"
"28-Nov-2025","1,568.00","1,581.30","1,563.00","1,567.50","8,959,508"
"01-Dec-2025","1,575.00","1,577.50","1,563.60","1,566.10","8,920,233"
"02-Dec-2025","1,561.10","1,567.50","1,542.00","1,546.30","11,389,150"
"03-Dec-2025","1,545.20","1,552.40","1,533.00","1,538.80","6,090,883"
"04-Dec-2025","1,536.00","1,560.50","1,517.60","1,535.60","11,867,930"
"05-Dec-2025","1,530.40","1,545.80","1,520.60","1,540.60","10,183,266"
"08-Dec-2025","1,539.20","1,551.00","1,535.00","1,543.00","11,301,491"
"09-Dec-2025","1,540.30","1,542.50","1,520.10","1,529.40","11,503,971"
"10-Dec-2025","1,534.00","1,547.50","1,531.40","1,536.90","7,991,629"
"11-Dec-2025","1,536.90","1,550.00","1,524.00","1,545.00","4,706,197"
"12-Dec-2025","1,550.80","1,559.80","1,546.10","1,556.50","5,106,655"
"15-Dec-2025","1,551.20","1,558.60","1,546.50","1,556.20","5,774,543"
"16-Dec-2025","1,545.00","1,551.70","1,538.80","1,542.30","11,731,856"
"17-Dec-2025","1,550.00","1,550.00","1,539.30","1,544.40","7,116,649"
"18-Dec-2025","1,535.20","1,551.50","1,535.20","1,544.40","6,580,829"
"19-Dec-2025","1,554.40","1,574.20","1,551.00","1,565.10","13,937,275"
"22-Dec-2025","1,573.50","1,577.50","1,565.30","1,575.40","10,184,852"
"23-Dec-2025","1,580.90","1,580.90","1,568.10","1,570.70","7,506,564"
"24-Dec-2025","1,572.70","1,575.70","1,553.60","1,558.20","8,815,745"
"26-Dec-2025","1,554.70","1,561.00","1,554.30","1,559.20","2,311,495"
"29-Dec-2025","1,554.90","1,558.10","1,543.60","1,545.60","5,972,105"
"30-Dec-2025","1,547.00","1,553.60","1,537.80","1,539.80","8,815,884"
"31-Dec-2025","1,541.00","1,577.00","1,541.00","1,570.40","5,771,830"
"26-Feb-2026","1,398.50","1,412.90","1,391.90","1,409.00","1,072,888"
"27-Feb-2026","1,398.00","1,410.40","1,388.10","1,394.90","1,277,762"
