"Date","Open","High","Low","Close","Volume"
"01-Jan-2019","2,735.00","2,743.40","2,705.00","2,726.65","304,150"
"02-Jan-2019","2,720.00","2,747.25","2,677.00","2,692.00","599,274"
"03-Jan-2019","2,690.10","2,723.85","2,682.10","2,701.35","310,511"
"04-Jan-2019","2,714.00","2,742.00","2,702.10","2,734.20","362,393"
"07-Jan-2019","2,739.90","2,740.00","2,645.00","2,658.55","462,215"
"08-Jan-2019","2,667.00","2,700.00","2,635.50","2,694.85","486,654"
"09-Jan-2019","2,702.50","2,710.00","2,672.50","2,696.90","285,560"
"10-Jan-2019","2,700.00","2,729.00","2,680.00","2,725.30","277,585"
"11-Jan-2019","2,728.00","2,738.70","2,700.85","2,720.95","259,834"
"14-Jan-2019","2,718.00","2,747.20","2,676.45","2,699.15","170,937"
"15-Jan-2019","2,705.00","2,734.80","2,705.00","2,725.85","169,721"
"16-Jan-2019","2,736.00","2,736.00","2,706.00","2,717.45","218,357"
"17-Jan-2019","2,722.00","2,739.80","2,700.80","2,729.65","230,784"
"18-Jan-2019","2,741.00","2,746.50","2,696.65","2,720.75","269,686"
"21-Jan-2019","2,724.75","2,724.75","2,670.00","2,684.60","303,893"
"22-Jan-2019","2,685.00","2,695.00","2,650.10","2,688.35","273,441"
"23-Jan-2019","2,699.00","2,699.00","2,665.10","2,674.10","205,104"
"24-Jan-2019","2,684.00","2,684.00","2,635.00","2,651.65","183,566"
"25-Jan-2019","2,622.30","2,672.00","2,614.05","2,626.35","304,062"
"28-Jan-2019","2,629.95","2,634.00","2,545.00","2,565.55","332,409"
"29-Jan-2019","2,563.00","2,597.15","2,522.45","2,567.65","424,856"
"30-Jan-2019","2,571.00","2,653.35","2,485.00","2,499.70","2,450,943"
"31-Jan-2019","2,501.15","2,570.00","2,461.10","2,554.55","1,102,133"
"01-Feb-2019","2,560.00","2,670.00","2,543.00","2,602.75","1,028,186"
"04-Feb-2019","2,610.00","2,672.40","2,565.45","2,642.50","817,279"
"05-Feb-2019","2,647.00","2,720.00","2,645.00","2,710.65","469,089"
"06-Feb-2019","2,715.00","2,785.00","2,714.15","2,770.15","495,030"
"07-Feb-2019","2,785.00","2,872.00","2,772.15","2,853.60","983,573"
"08-Feb-2019","2,852.00","2,879.10","2,831.20","2,851.40","1,004,870"
"11-Feb-2019","2,850.00","2,870.00","2,819.05","2,853.60","712,787"
"12-Feb-2019","2,845.60","2,854.00","2,819.50","2,832.35","280,913"
"13-Feb-2019","2,835.00","2,845.00","2,815.00","2,823.95","377,437"
"14-Feb-2019","2,820.00","2,875.00","2,811.25","2,823.10","372,416"
"15-Feb-2019","2,825.15","2,850.00","2,805.05","2,825.95","867,192"
"18-Feb-2019","2,830.00","2,835.00","2,767.80","2,793.50","296,237"
"19-Feb-2019","2,801.00","2,825.00","2,777.50","2,787.85","185,862"
"20-Feb-2019","2,788.00","2,798.00","2,737.25","2,774.70","428,139"
"21-Feb-2019","2,770.00","2,829.90","2,751.70","2,813.95","281,964"
"22-Feb-2019","2,825.00","2,847.00","2,801.85","2,816.85","431,535"
"25-Feb-2019","2,817.00","2,854.70","2,816.90","2,847.55","322,524"
"26-Feb-2019","2,834.00","2,870.00","2,812.00","2,859.30","369,292"
"27-Feb-2019","2,870.00","2,941.00","2,870.00","2,914.70","861,033"
"28-Feb-2019","2,930.00","2,933.80","2,864.00","2,900.60","1,246,854"
"01-Mar-2019","2,914.00","2,943.00","2,856.20","2,863.50","1,008,494"
"05-Mar-2019","2,835.05","2,917.40","2,814.80","2,903.75","632,301"
"06-Mar-2019","2,895.65","2,942.00","2,876.25","2,927.60","748,391"
"07-Mar-2019","2,927.00","2,927.00","2,900.00","2,919.90","392,086"
"08-Mar-2019","2,910.00","2,964.60","2,900.05","2,955.70","754,427"
"11-Mar-2019","2,970.00","3,012.00","2,936.90","3,000.55","1,147,194"
"12-Mar-2019","3,012.00","3,020.80","2,981.35","2,996.10","503,545"
"13-Mar-2019","3,002.00","3,047.20","2,990.00","3,010.00","565,499"
"14-Mar-2019","3,012.00","3,025.00","2,970.00","3,016.85","985,558"
"15-Mar-2019","3,002.10","3,032.20","2,980.00","3,023.80","538,508"
"18-Mar-2019","3,026.90","3,047.80","2,992.10","3,005.15","341,148"
"19-Mar-2019","3,008.00","3,008.00","2,945.00","2,974.70","545,621"
"20-Mar-2019","2,969.80","2,969.80","2,920.05","2,949.65","834,351"
"22-Mar-2019","2,960.00","2,998.85","2,930.05","2,949.75","622,630"
"25-Mar-2019","2,934.80","2,965.60","2,915.25","2,957.95","319,510"
"26-Mar-2019","2,961.05","2,968.00","2,939.00","2,952.80","322,020"
"27-Mar-2019","2,965.00","2,995.00","2,950.00","2,980.10","402,423"
"28-Mar-2019","2,989.00","3,020.45","2,915.00","2,948.80","1,800,550"
"29-Mar-2019","2,953.00","2,953.00","2,891.55","2,911.10","739,326"
"01-Apr-2019","2,947.95","2,950.00","2,901.50","2,915.65","679,984"
"02-Apr-2019","2,918.00","2,938.35","2,842.00","2,853.10","938,624"
"03-Apr-2019","2,860.00","2,877.10","2,831.00","2,847.30","484,790"
"04-Apr-2019","2,862.00","2,884.05","2,850.00","2,859.10","662,281"
"05-Apr-2019","2,869.65","2,880.00","2,852.25","2,861.65","272,382"
"08-Apr-2019","2,876.00","2,876.00","2,842.00","2,853.35","213,351"
"09-Apr-2019","2,860.00","2,929.85","2,838.00","2,924.80","492,843"
"10-Apr-2019","2,917.95","2,952.00","2,910.35","2,942.90","530,788"
"11-Apr-2019","2,940.90","3,000.00","2,939.00","2,993.70","400,118"
"12-Apr-2019","2,991.80","3,025.95","2,975.25","3,008.15","438,822"
"15-Apr-2019","3,013.00","3,046.00","2,992.00","3,035.05","271,376"
"16-Apr-2019","3,045.00","3,074.90","3,032.20","3,068.45","371,767"
"18-Apr-2019","3,069.00","3,089.90","3,041.20","3,069.50","365,773"
"22-Apr-2019","3,055.50","3,079.00","3,041.50","3,051.20","186,563"
"23-Apr-2019","3,050.00","3,070.00","3,010.70","3,039.15","360,759"
"24-Apr-2019","3,035.00","3,082.85","3,025.20","3,075.80","524,013"
"25-Apr-2019","3,073.95","3,110.00","3,027.60","3,088.05","509,586"
"26-Apr-2019","3,080.00","3,095.00","3,030.00","3,044.65","268,298"
"30-Apr-2019","3,045.00","3,050.00","2,942.90","2,984.10","654,107"
"02-May-2019","2,989.00","3,040.00","2,958.70","3,030.55","670,855"
"03-May-2019","3,028.00","3,066.00","3,020.00","3,059.75","446,730"
"06-May-2019","3,054.00","3,054.00","3,013.00","3,026.20","259,117"
"07-May-2019","3,026.00","3,053.00","3,021.30","3,033.05","244,684"
"08-May-2019","3,032.00","3,033.00","2,951.80","2,957.75","427,476"
"09-May-2019","2,950.00","2,993.50","2,932.30","2,982.90","348,293"
"10-May-2019","2,980.50","3,008.00","2,954.35","2,966.20","241,374"
"13-May-2019","2,970.35","2,999.00","2,947.25","2,972.75","233,316"
"14-May-2019","2,960.00","2,969.00","2,901.00","2,937.20","309,971"
"15-May-2019","2,937.25","2,949.45","2,901.35","2,914.45","320,831"
"16-May-2019","2,928.00","2,958.45","2,908.00","2,942.65","218,733"
"17-May-2019","2,950.00","3,149.95","2,935.15","3,040.05","1,993,105"
"20-May-2019","3,087.95","3,087.95","2,951.00","3,006.30","1,022,048"
"21-May-2019","3,014.00","3,043.90","2,969.05","2,979.30","447,168"
"22-May-2019","2,980.05","3,054.00","2,973.15","3,047.20","493,470"
"23-May-2019","3,075.00","3,085.00","3,028.70","3,065.00","576,440"
"24-May-2019","3,065.00","3,098.90","3,005.00","3,077.90","529,984"
"27-May-2019","3,085.10","3,090.00","3,031.00","3,066.90","341,393"
"28-May-2019","3,067.00","3,108.35","2,962.40","2,988.00","921,394"
"29-May-2019","2,990.00","2,990.00","2,920.00","2,925.50","531,761"
"30-May-2019","2,942.00","2,980.00","2,920.65","2,945.00","938,395"
"31-May-2019","2,953.00","2,978.75","2,915.30","2,925.90","376,941"
"03-Jun-2019","2,945.00","3,077.95","2,904.60","3,034.60","1,302,391"
"04-Jun-2019","3,026.20","3,029.30","2,970.40","2,983.90","450,220"
"06-Jun-2019","3,002.00","3,027.90","2,960.00","2,991.65","481,570"
"07-Jun-2019","2,999.95","3,006.65","2,953.45","2,961.40","212,676"
"10-Jun-2019","2,976.00","2,999.00","2,963.60","2,989.80","155,660"
"11-Jun-2019","3,003.80","3,025.00","2,981.00","2,987.15","355,284"
"12-Jun-2019","2,991.00","2,997.05","2,931.30","2,944.50","273,834"
"13-Jun-2019","2,951.00","2,955.00","2,901.25","2,922.65","224,615"
"14-Jun-2019","2,927.00","2,935.00","2,865.00","2,872.55","353,978"
"17-Jun-2019","2,865.05","2,870.00","2,827.80","2,836.20","314,402"
"18-Jun-2019","2,837.00","2,882.05","2,837.00","2,855.60","308,511"
"19-Jun-2019","2,870.00","2,884.00","2,803.00","2,822.90","294,638"
"20-Jun-2019","2,837.90","2,906.90","2,806.15","2,897.30","301,774"
"21-Jun-2019","2,894.90","2,910.90","2,844.10","2,875.55","529,699"
"24-Jun-2019","2,855.00","2,877.10","2,801.20","2,816.90","434,882"
"25-Jun-2019","2,814.00","2,853.95","2,786.00","2,843.70","424,591"
"26-Jun-2019","2,839.95","2,881.35","2,814.00","2,868.70","265,442"
"27-Jun-2019","2,867.25","2,909.90","2,851.00","2,865.85","621,516"
"28-Jun-2019","2,865.00","2,869.00","2,817.30","2,827.05","303,973"
"01-Jul-2019","2,838.40","2,920.15","2,836.20","2,911.95","628,760"
"02-Jul-2019","2,919.00","2,927.95","2,864.00","2,883.55","334,846"
"03-Jul-2019","2,900.00","2,910.00","2,872.00","2,897.75","274,468"
"04-Jul-2019","2,900.00","2,909.00","2,877.00","2,894.80","249,409"
"05-Jul-2019","2,898.00","2,918.00","2,826.95","2,842.55","324,849"
"08-Jul-2019","2,827.55","2,827.55","2,746.60","2,777.80","363,327"
"09-Jul-2019","2,774.00","2,796.50","2,755.00","2,786.40","253,454"
"10-Jul-2019","2,790.00","2,793.95","2,720.55","2,740.40","378,373"
"11-Jul-2019","2,720.00","2,724.50","2,660.25","2,711.70","653,802"
"12-Jul-2019","2,720.00","2,751.90","2,693.35","2,722.55","298,498"
"15-Jul-2019","2,728.00","2,754.00","2,705.70","2,714.00","299,859"
"16-Jul-2019","2,710.00","2,745.00","2,678.00","2,732.45","315,367"
"17-Jul-2019","2,725.00","2,735.75","2,691.35","2,696.90","267,305"
"18-Jul-2019","2,700.00","2,711.85","2,621.10","2,630.80","365,949"
"19-Jul-2019","2,640.00","2,654.95","2,550.00","2,558.25","456,542"
"22-Jul-2019","2,560.00","2,609.95","2,514.45","2,562.90","407,638"
"23-Jul-2019","2,569.00","2,570.00","2,515.20","2,523.85","602,971"
"24-Jul-2019","2,523.85","2,543.00","2,482.00","2,522.60","481,139"
"25-Jul-2019","2,526.45","2,567.90","2,513.00","2,547.00","549,808"
"26-Jul-2019","2,547.00","2,679.95","2,506.25","2,618.65","2,105,536"
"29-Jul-2019","2,590.00","2,590.00","2,451.00","2,487.65","1,009,207"
"30-Jul-2019","2,490.00","2,515.00","2,445.45","2,463.85","784,779"
"31-Jul-2019","2,463.00","2,536.00","2,442.20","2,516.50","651,778"
"01-Aug-2019","2,485.05","2,552.60","2,473.60","2,537.65","625,372"
"02-Aug-2019","2,517.10","2,618.00","2,478.15","2,600.55","1,021,098"
"05-Aug-2019","2,565.00","2,642.65","2,545.50","2,619.75","906,097"
"06-Aug-2019","2,600.00","2,649.00","2,592.90","2,609.80","765,470"
"07-Aug-2019","2,635.50","2,635.50","2,585.00","2,605.10","459,833"
"08-Aug-2019","2,612.00","2,721.55","2,602.05","2,703.75","592,914"
"09-Aug-2019","2,710.55","2,741.50","2,685.00","2,707.60","673,080"
"13-Aug-2019","2,699.95","2,742.85","2,642.60","2,670.55","706,218"
"14-Aug-2019","2,672.00","2,757.00","2,672.00","2,713.90","522,580"
"16-Aug-2019","2,712.05","2,760.00","2,661.35","2,750.95","600,082"
"19-Aug-2019","2,764.75","2,773.00","2,713.80","2,725.50","461,203"
"20-Aug-2019","2,730.00","2,768.70","2,718.55","2,742.95","537,366"
"21-Aug-2019","2,745.95","2,771.50","2,735.00","2,764.80","429,633"
"22-Aug-2019","2,762.00","2,775.00","2,731.30","2,744.25","428,855"
"23-Aug-2019","2,743.95","2,765.00","2,714.15","2,749.15","332,505"
"26-Aug-2019","2,794.70","2,794.70","2,686.00","2,736.80","577,286"
"27-Aug-2019","2,754.00","2,798.40","2,745.10","2,766.50","514,940"
"28-Aug-2019","2,760.00","2,813.95","2,750.55","2,766.75","479,960"
"29-Aug-2019","2,762.00","2,786.75","2,738.40","2,757.80","438,739"
"30-Aug-2019","2,766.10","2,796.90","2,726.15","2,788.30","391,007"
"03-Sep-2019","2,775.30","2,805.10","2,757.60","2,764.20","493,182"
"04-Sep-2019","2,774.40","2,788.45","2,725.00","2,735.70","340,167"
"05-Sep-2019","2,740.05","2,775.45","2,740.05","2,759.20","383,992"
"06-Sep-2019","2,772.90","2,864.80","2,745.50","2,839.35","1,005,180"
"09-Sep-2019","2,809.00","2,838.55","2,797.00","2,817.80","471,251"
"11-Sep-2019","2,838.90","2,920.45","2,812.00","2,908.40","1,253,636"
"12-Sep-2019","2,911.00","2,911.40","2,846.70","2,852.20","314,580"
"13-Sep-2019","2,860.00","2,889.00","2,855.00","2,878.20","355,911"
"16-Sep-2019","2,859.00","2,887.70","2,850.00","2,874.45","305,963"
"17-Sep-2019","2,874.80","2,875.85","2,762.55","2,773.15","439,334"
"18-Sep-2019","2,798.00","2,819.00","2,750.10","2,777.05","524,048"
"19-Sep-2019","2,773.00","2,776.00","2,721.45","2,738.85","228,796"
"20-Sep-2019","2,730.00","3,020.10","2,725.00","2,929.25","1,423,536"
"23-Sep-2019","2,956.10","3,027.15","2,929.00","2,995.15","807,027"
"24-Sep-2019","3,001.00","3,005.00","2,929.20","2,958.15","479,273"
"25-Sep-2019","2,940.00","2,965.00","2,910.00","2,941.00","439,376"
"26-Sep-2019","2,942.00","2,993.00","2,935.00","2,970.30","647,497"
"27-Sep-2019","2,964.00","2,989.55","2,936.15","2,957.50","326,785"
"30-Sep-2019","2,960.10","2,974.95","2,902.50","2,941.80","384,245"
"01-Oct-2019","2,945.00","2,977.70","2,888.05","2,910.00","546,876"
"03-Oct-2019","2,915.00","2,939.70","2,882.50","2,897.90","292,132"
"04-Oct-2019","2,915.00","2,935.00","2,855.00","2,863.55","342,652"
"07-Oct-2019","2,859.90","2,900.05","2,854.95","2,892.30","276,023"
"09-Oct-2019","2,889.00","2,915.00","2,877.75","2,891.85","355,878"
"10-Oct-2019","2,881.00","2,932.00","2,865.00","2,886.25","313,632"
"11-Oct-2019","2,898.00","2,925.00","2,883.55","2,898.80","198,610"
"14-Oct-2019","2,889.10","2,975.00","2,888.00","2,958.05","367,105"
"15-Oct-2019","2,964.00","3,029.90","2,953.45","3,011.95","636,441"
"16-Oct-2019","3,035.00","3,050.00","3,015.25","3,023.70","572,575"
"17-Oct-2019","3,009.00","3,140.00","2,995.00","3,111.50","707,480"
"18-Oct-2019","3,119.00","3,119.95","3,075.00","3,087.05","398,223"
"22-Oct-2019","3,090.05","3,154.40","3,089.65","3,122.30","379,635"
"23-Oct-2019","3,122.40","3,237.35","3,095.00","3,162.65","2,111,842"
"24-Oct-2019","3,165.00","3,201.00","3,143.45","3,167.85","656,713"
"25-Oct-2019","3,187.15","3,187.15","3,110.00","3,129.65","369,730"
"27-Oct-2019","3,159.00","3,173.30","3,135.15","3,143.35","72,198"
"29-Oct-2019","3,145.00","3,198.65","3,137.35","3,180.75","383,452"
"30-Oct-2019","3,199.40","3,229.40","3,173.10","3,222.90","572,787"
"31-Oct-2019","3,229.70","3,255.00","3,213.00","3,247.35","446,046"
"01-Nov-2019","3,250.00","3,289.00","3,190.00","3,232.65","748,062"
"04-Nov-2019","3,236.00","3,248.25","3,181.30","3,212.05","330,025"
"05-Nov-2019","3,225.00","3,255.70","3,191.15","3,246.30","305,513"
"06-Nov-2019","3,244.00","3,271.50","3,214.75","3,248.30","348,652"
"07-Nov-2019","3,244.00","3,277.00","3,222.95","3,265.85","326,912"
"08-Nov-2019","3,257.80","3,288.80","3,235.55","3,245.55","483,871"
"11-Nov-2019","3,238.00","3,254.00","3,221.00","3,237.35","278,347"
"13-Nov-2019","3,230.00","3,245.00","3,190.80","3,206.00","305,804"
"14-Nov-2019","3,205.00","3,244.55","3,191.10","3,233.30","310,906"
"15-Nov-2019","3,240.00","3,252.45","3,200.00","3,215.35","311,463"
"18-Nov-2019","3,225.00","3,225.00","3,146.75","3,156.90","441,118"
"19-Nov-2019","3,156.00","3,171.50","3,122.10","3,161.05","285,669"
"20-Nov-2019","3,145.55","3,168.90","3,130.50","3,162.40","238,889"
"21-Nov-2019","3,152.40","3,209.00","3,144.00","3,188.35","347,577"
"22-Nov-2019","3,180.00","3,186.00","3,133.50","3,152.35","285,777"
"25-Nov-2019","3,152.35","3,206.30","3,105.20","3,195.65","332,892"
"26-Nov-2019","3,199.90","3,228.00","3,168.75","3,178.15","628,851"
"27-Nov-2019","3,188.15","3,217.25","3,180.00","3,212.05","308,282"
"28-Nov-2019","3,210.00","3,216.75","3,182.80","3,196.40","194,094"
"29-Nov-2019","3,186.00","3,196.00","3,147.10","3,176.00","203,765"
"02-Dec-2019","3,163.10","3,217.40","3,142.05","3,159.25","474,666"
"03-Dec-2019","3,167.00","3,270.00","3,167.00","3,259.75","864,612"
"04-Dec-2019","3,259.75","3,278.00","3,228.00","3,251.15","458,892"
"05-Dec-2019","3,240.00","3,286.40","3,225.85","3,243.10","692,533"
"06-Dec-2019","3,243.10","3,258.00","3,193.10","3,206.10","275,871"
"09-Dec-2019","3,223.90","3,239.85","3,202.30","3,225.55","217,098"
"10-Dec-2019","3,230.00","3,240.00","3,211.25","3,232.50","278,890"
"11-Dec-2019","3,240.15","3,274.85","3,220.05","3,268.65","327,568"
"12-Dec-2019","3,276.30","3,283.30","3,256.60","3,261.45","263,581"
"13-Dec-2019","3,274.90","3,274.90","3,220.25","3,232.90","360,095"
"16-Dec-2019","3,234.50","3,280.00","3,213.15","3,220.40","376,835"
"17-Dec-2019","3,225.00","3,231.70","3,194.40","3,199.10","336,920"
"18-Dec-2019","3,199.05","3,220.00","3,192.20","3,213.65","315,871"
"19-Dec-2019","3,206.00","3,232.00","3,182.00","3,218.40","409,369"
"20-Dec-2019","3,232.00","3,239.80","3,197.60","3,203.75","304,173"
"23-Dec-2019","3,205.00","3,225.00","3,184.50","3,219.50","242,195"
"24-Dec-2019","3,220.00","3,235.00","3,210.00","3,226.75","172,853"
"26-Dec-2019","3,226.00","3,239.00","3,204.00","3,230.05","241,386"
"27-Dec-2019","3,221.25","3,258.00","3,220.50","3,241.95","211,224"
"30-Dec-2019","3,240.00","3,260.00","3,229.05","3,251.95","332,557"
"31-Dec-2019","3,251.00","3,251.00","3,175.55","3,185.00","526,252"
"01-Jan-2020","3,183.00","3,193.75","3,142.10","3,150.10","320,021"
"02-Jan-2020","3,154.95","3,172.50","3,112.05","3,121.00","452,413"
"03-Jan-2020","3,125.50","3,128.25","3,065.00","3,072.05","424,311"
"06-Jan-2020","3,070.00","3,071.60","3,028.05","3,037.65","355,754"
"07-Jan-2020","3,045.50","3,072.00","3,030.10","3,037.95","225,535"
"08-Jan-2020","3,000.00","3,073.40","3,000.00","3,059.25","393,614"
"09-Jan-2020","3,076.00","3,110.00","3,066.05","3,085.70","333,029"
"10-Jan-2020","3,098.00","3,117.00","3,085.75","3,101.20","455,081"
"13-Jan-2020","3,106.00","3,119.95","3,080.20","3,094.05","154,993"
"14-Jan-2020","3,091.10","3,118.00","3,074.00","3,101.60","278,534"
"15-Jan-2020","3,101.00","3,138.00","3,092.00","3,123.55","553,613"
"16-Jan-2020","3,129.80","3,150.00","3,101.50","3,112.10","287,553"
"17-Jan-2020","3,112.00","3,138.00","3,098.00","3,118.10","272,072"
"20-Jan-2020","3,130.00","3,144.65","3,083.15","3,103.70","365,554"
"21-Jan-2020","3,096.00","3,119.00","3,085.50","3,097.05","215,722"
"22-Jan-2020","3,105.00","3,110.00","3,070.10","3,076.40","269,339"
"23-Jan-2020","3,072.00","3,089.95","3,051.10","3,065.20","256,329"
"24-Jan-2020","3,068.00","3,092.95","3,064.00","3,074.15","209,961"
"27-Jan-2020","3,069.80","3,122.95","3,044.05","3,082.60","308,445"
"28-Jan-2020","3,089.80","3,109.60","3,048.00","3,060.90","239,986"
"29-Jan-2020","3,079.00","3,099.00","3,060.00","3,091.85","243,945"
"30-Jan-2020","3,108.50","3,185.00","3,041.10","3,145.50","2,400,831"
"31-Jan-2020","3,150.00","3,239.95","3,150.00","3,180.05","1,141,144"
"01-Feb-2020","3,173.60","3,215.60","3,124.80","3,143.30","477,309"
"03-Feb-2020","3,143.00","3,315.15","3,115.10","3,284.50","921,166"
"04-Feb-2020","3,270.00","3,313.00","3,151.00","3,162.80","1,546,450"
"05-Feb-2020","3,185.00","3,220.90","3,150.00","3,161.50","646,723"
"06-Feb-2020","3,170.00","3,211.00","3,141.40","3,149.80","514,236"
"07-Feb-2020","3,164.80","3,189.00","3,106.60","3,134.85","454,698"
"10-Feb-2020","3,138.00","3,150.85","3,091.70","3,103.30","386,072"
"11-Feb-2020","3,125.00","3,150.00","3,100.00","3,145.45","274,244"
"12-Feb-2020","3,164.70","3,184.65","3,136.85","3,146.30","345,354"
"13-Feb-2020","3,149.00","3,172.20","3,120.40","3,136.40","268,031"
"14-Feb-2020","3,145.00","3,205.00","3,136.80","3,146.40","381,580"
"17-Feb-2020","3,152.55","3,159.45","3,070.00","3,075.60","269,986"
"18-Feb-2020","3,064.70","3,090.55","3,033.50","3,082.50","337,054"
"19-Feb-2020","3,092.00","3,111.95","3,072.40","3,090.90","220,584"
"20-Feb-2020","3,091.00","3,100.05","3,057.65","3,065.50","256,115"
"24-Feb-2020","3,077.00","3,084.65","2,970.05","2,980.50","499,562"
"25-Feb-2020","2,992.00","3,007.00","2,931.00","2,947.40","527,499"
"26-Feb-2020","2,937.00","2,974.00","2,920.00","2,946.60","445,577"
"27-Feb-2020","2,944.80","2,969.95","2,913.50","2,936.60","416,726"
"28-Feb-2020","2,890.00","2,915.00","2,850.45","2,890.00","925,702"
"02-Mar-2020","2,920.00","2,944.50","2,772.00","2,792.20","1,281,846"
"03-Mar-2020","2,700.00","2,730.00","2,653.00","2,692.25","1,459,848"
"04-Mar-2020","2,720.00","2,764.50","2,653.50","2,711.50","954,038"
"05-Mar-2020","2,719.95","2,749.00","2,696.20","2,703.65","384,427"
"06-Mar-2020","2,640.00","2,758.00","2,620.00","2,735.05","658,891"
"09-Mar-2020","2,675.00","2,690.00","2,558.60","2,573.35","706,898"
"11-Mar-2020","2,580.00","2,630.00","2,562.70","2,591.55","641,982"
"12-Mar-2020","2,519.95","2,535.00","2,319.05","2,338.90","799,317"
"13-Mar-2020","2,249.00","2,432.45","2,040.00","2,357.10","883,265"
"16-Mar-2020","2,315.00","2,389.00","2,290.00","2,339.55","963,321"
"17-Mar-2020","2,345.20","2,372.70","2,250.05","2,270.45","659,035"
"18-Mar-2020","2,290.00","2,309.90","2,157.15","2,169.00","593,993"
"19-Mar-2020","2,119.75","2,377.40","2,032.35","2,166.60","1,010,352"
"20-Mar-2020","2,189.90","2,298.90","2,153.95","2,242.30","718,412"
"23-Mar-2020","2,052.00","2,389.00","1,900.00","1,935.55","797,174"
"24-Mar-2020","2,000.00","2,057.90","1,788.65","1,937.15","1,210,613"
"25-Mar-2020","1,917.00","1,989.00","1,866.60","1,946.75","606,235"
"26-Mar-2020","1,998.20","2,133.90","1,934.00","2,106.85","989,242"
"27-Mar-2020","2,149.00","2,167.00","2,007.15","2,053.45","938,567"
"30-Mar-2020","2,016.00","2,020.80","1,945.05","1,986.70","462,909"
"31-Mar-2020","2,037.35","2,048.40","1,930.30","2,022.35","762,791"
"01-Apr-2020","2,000.00","2,095.80","1,990.00","2,051.10","869,738"
"03-Apr-2020","2,051.10","2,056.30","1,957.55","2,033.75","692,220"
"07-Apr-2020","2,065.00","2,303.55","2,065.00","2,280.05","1,069,884"
"08-Apr-2020","2,180.00","2,383.45","2,168.55","2,241.70","840,875"
"09-Apr-2020","2,290.00","2,524.95","2,289.90","2,435.95","1,788,928"
"13-Apr-2020","2,430.15","2,430.15","2,321.75","2,397.55","654,478"
"15-Apr-2020","2,410.00","2,483.60","2,320.05","2,335.15","986,750"
"16-Apr-2020","2,330.00","2,365.00","2,264.50","2,333.55","944,581"
"17-Apr-2020","2,380.00","2,425.05","2,347.05","2,379.15","690,554"
"20-Apr-2020","2,410.00","2,415.00","2,351.70","2,378.30","427,669"
"21-Apr-2020","2,344.00","2,354.45","2,295.00","2,323.25","702,627"
"22-Apr-2020","2,323.25","2,412.10","2,296.10","2,379.70","712,534"
"23-Apr-2020","2,379.70","2,446.95","2,368.00","2,430.65","1,179,212"
"24-Apr-2020","2,410.00","2,472.00","2,381.00","2,445.35","669,287"
"27-Apr-2020","2,470.00","2,551.85","2,453.25","2,505.75","1,128,657"
"28-Apr-2020","2,510.85","2,546.40","2,431.35","2,463.70","646,908"
"29-Apr-2020","2,474.00","2,520.00","2,450.00","2,499.15","525,271"
"30-Apr-2020","2,525.10","2,654.00","2,510.15","2,623.30","1,118,713"
"04-May-2020","2,550.00","2,554.95","2,415.40","2,442.15","574,562"
"05-May-2020","2,475.00","2,488.90","2,400.80","2,422.80","663,761"
"06-May-2020","2,425.00","2,495.00","2,361.30","2,471.85","778,603"
"07-May-2020","2,470.00","2,485.75","2,400.00","2,406.55","422,146"
"08-May-2020","2,446.05","2,450.00","2,401.05","2,419.05","455,836"
"11-May-2020","2,430.00","2,624.95","2,428.00","2,566.30","1,627,649"
"12-May-2020","2,531.00","2,655.90","2,494.25","2,628.85","1,335,103"
"13-May-2020","2,774.00","2,774.00","2,671.35","2,696.00","1,257,856"
"14-May-2020","2,601.50","2,730.00","2,601.50","2,702.65","893,108"
"15-May-2020","2,705.00","2,710.00","2,650.00","2,663.60","645,549"
"18-May-2020","2,650.00","2,653.35","2,461.00","2,477.45","1,172,814"
"19-May-2020","2,518.00","2,555.00","2,486.90","2,509.30","641,588"
"20-May-2020","2,496.00","2,580.45","2,477.45","2,557.75","947,445"
"21-May-2020","2,634.50","2,724.20","2,621.25","2,640.35","3,481,431"
"22-May-2020","2,623.00","2,634.50","2,542.80","2,553.75","1,328,369"
"26-May-2020","2,580.00","2,597.95","2,533.60","2,564.85","686,476"
"27-May-2020","2,569.00","2,605.00","2,540.30","2,580.55","563,893"
"28-May-2020","2,588.00","2,619.50","2,450.00","2,600.00","1,087,116"
"29-May-2020","2,603.00","2,741.00","2,591.25","2,710.50","2,057,709"
"01-Jun-2020","2,730.00","2,790.00","2,725.45","2,758.30","1,008,599"
"02-Jun-2020","2,759.90","2,814.25","2,726.20","2,796.10","1,283,508"
"03-Jun-2020","2,825.00","2,876.50","2,770.10","2,783.40","750,002"
"04-Jun-2020","2,778.00","2,833.20","2,756.00","2,817.25","709,467"
"05-Jun-2020","2,842.00","2,842.90","2,762.00","2,776.30","723,898"
"08-Jun-2020","2,800.00","2,814.00","2,745.00","2,801.05","727,119"
"09-Jun-2020","2,805.10","2,814.60","2,766.00","2,791.15","619,517"
"10-Jun-2020","2,790.20","2,803.95","2,703.35","2,717.20","687,956"
"11-Jun-2020","2,717.20","2,758.00","2,703.40","2,718.55","661,183"
"12-Jun-2020","2,610.25","2,799.05","2,610.25","2,782.15","895,713"
"15-Jun-2020","2,774.00","2,774.00","2,707.95","2,728.55","517,426"
"16-Jun-2020","2,764.00","2,786.95","2,702.85","2,718.45","611,383"
"17-Jun-2020","2,718.45","2,737.80","2,674.20","2,689.45","600,389"
"18-Jun-2020","2,689.45","2,697.15","2,646.15","2,678.35","579,581"
"19-Jun-2020","2,690.00","2,710.00","2,655.00","2,674.35","929,101"
"22-Jun-2020","2,690.00","2,873.95","2,659.55","2,855.75","1,872,879"
"23-Jun-2020","2,890.00","2,910.10","2,844.95","2,862.15","1,089,948"
"24-Jun-2020","2,899.80","2,979.90","2,805.65","2,817.25","1,617,177"
"25-Jun-2020","2,789.80","2,890.00","2,772.70","2,820.45","1,341,923"
"26-Jun-2020","2,853.70","2,900.00","2,825.00","2,867.60","1,227,666"
"29-Jun-2020","2,825.00","2,870.00","2,815.00","2,859.50","680,242"
"30-Jun-2020","2,902.40","2,913.45","2,815.00","2,826.05","751,691"
"01-Jul-2020","2,838.05","2,872.00","2,828.60","2,842.05","525,801"
"02-Jul-2020","2,857.90","2,903.45","2,837.10","2,879.35","754,915"
"03-Jul-2020","2,899.00","2,960.00","2,887.60","2,932.40","1,394,994"
"06-Jul-2020","2,942.05","2,946.00","2,884.00","2,897.10","1,126,391"
"07-Jul-2020","2,901.00","2,974.00","2,826.55","2,847.15","2,168,031"
"08-Jul-2020","2,882.00","2,899.00","2,811.60","2,852.45","1,348,820"
"09-Jul-2020","2,878.00","2,895.00","2,840.20","2,882.00","700,527"
"10-Jul-2020","2,875.00","2,915.00","2,856.40","2,894.70","688,374"
"13-Jul-2020","2,898.90","2,910.00","2,876.80","2,900.00","481,614"
"14-Jul-2020","2,898.00","2,909.90","2,847.00","2,899.50","612,986"
"15-Jul-2020","2,915.00","2,955.00","2,900.00","2,942.05","905,351"
"16-Jul-2020","2,944.00","2,950.00","2,898.90","2,942.30","525,135"
"17-Jul-2020","2,950.00","3,000.00","2,925.00","2,995.00","687,105"
"20-Jul-2020","3,001.00","3,020.00","2,974.00","3,002.55","766,793"
"21-Jul-2020","3,015.00","3,057.00","2,990.00","3,004.30","834,568"
"22-Jul-2020","3,011.00","3,030.15","2,906.55","2,985.40","2,050,820"
"23-Jul-2020","2,965.00","3,050.00","2,939.65","3,032.10","1,057,191"
"24-Jul-2020","3,030.00","3,030.00","2,978.00","2,985.50","543,609"
"27-Jul-2020","2,990.00","3,035.00","2,934.05","3,020.50","621,962"
"28-Jul-2020","3,021.00","3,130.00","3,018.00","3,119.35","1,263,659"
"29-Jul-2020","3,127.05","3,149.00","3,080.85","3,099.30","582,910"
"30-Jul-2020","3,110.00","3,129.95","3,039.35","3,048.95","570,178"
"31-Jul-2020","3,068.85","3,077.90","2,991.60","3,004.95","561,196"
"03-Aug-2020","2,990.00","3,069.90","2,910.00","2,917.45","1,246,031"
"04-Aug-2020","2,939.00","2,999.00","2,922.05","2,969.95","706,322"
"05-Aug-2020","2,986.20","3,035.45","2,972.00","3,009.00","678,315"
"06-Aug-2020","3,024.80","3,075.00","2,976.40","2,991.80","853,222"
"07-Aug-2020","2,991.80","3,019.00","2,975.00","3,001.70","515,513"
"10-Aug-2020","3,001.70","3,025.00","2,971.00","2,993.80","442,147"
"11-Aug-2020","3,020.80","3,060.00","2,995.75","3,007.45","696,792"
"12-Aug-2020","3,007.45","3,035.00","2,982.50","3,023.00","489,281"
"13-Aug-2020","3,040.00","3,040.00","3,000.00","3,017.95","462,333"
"14-Aug-2020","3,022.00","3,028.25","2,976.00","2,987.55","542,458"
"17-Aug-2020","3,014.00","3,126.00","2,992.00","3,115.60","1,577,193"
"18-Aug-2020","3,124.00","3,147.00","3,093.00","3,104.80","825,812"
"19-Aug-2020","3,110.00","3,159.00","3,048.75","3,059.80","953,142"
"20-Aug-2020","3,059.00","3,065.00","3,025.35","3,036.95","563,069"
"21-Aug-2020","3,062.00","3,075.00","3,038.00","3,053.15","395,723"
"24-Aug-2020","3,062.90","3,096.00","3,026.75","3,039.35","562,548"
"25-Aug-2020","3,054.40","3,054.40","2,991.70","3,009.40","652,358"
"26-Aug-2020","3,080.05","3,138.00","3,071.30","3,082.20","2,026,051"
"27-Aug-2020","3,082.20","3,088.75","3,025.20","3,043.00","711,504"
"28-Aug-2020","3,044.00","3,062.45","3,002.00","3,014.15","679,405"
"31-Aug-2020","3,025.00","3,029.00","2,946.10","2,967.00","2,787,056"
"01-Sep-2020","2,947.00","3,004.00","2,930.00","2,958.40","755,670"
"02-Sep-2020","2,950.00","2,969.70","2,847.05","2,880.55","1,946,354"
"03-Sep-2020","2,909.05","2,923.70","2,886.05","2,896.40","785,731"
"04-Sep-2020","2,880.00","2,926.10","2,840.00","2,883.20","1,499,418"
"07-Sep-2020","2,898.35","2,906.85","2,830.05","2,898.20","807,657"
"08-Sep-2020","2,899.95","2,918.00","2,866.25","2,901.75","798,195"
"09-Sep-2020","2,875.00","2,921.70","2,852.00","2,910.15","677,328"
"10-Sep-2020","2,917.10","2,924.35","2,871.50","2,914.70","686,071"
"11-Sep-2020","2,914.00","2,941.95","2,903.90","2,916.35","683,992"
"14-Sep-2020","2,922.00","2,988.00","2,895.00","2,957.70","1,185,693"
"15-Sep-2020","2,957.40","2,960.00","2,921.05","2,937.35","632,578"
"16-Sep-2020","2,942.50","3,049.00","2,937.40","3,037.95","1,865,979"
"17-Sep-2020","3,015.00","3,029.95","2,985.25","3,019.20","687,069"
"18-Sep-2020","3,023.10","3,070.00","2,996.00","3,050.95","937,014"
"21-Sep-2020","3,045.95","3,045.95","2,960.10","2,986.70","779,499"
"22-Sep-2020","2,984.20","3,009.45","2,942.10","2,985.85","690,801"
"23-Sep-2020","2,993.00","3,047.60","2,955.00","2,986.20","949,255"
"24-Sep-2020","2,964.90","3,001.90","2,912.80","2,931.85","736,921"
"25-Sep-2020","2,954.95","2,998.50","2,926.05","2,957.40","559,314"
"28-Sep-2020","2,976.90","3,022.30","2,952.85","2,966.35","902,239"
"29-Sep-2020","2,992.70","3,011.00","2,890.00","2,897.50","1,189,292"
"30-Sep-2020","2,897.55","2,939.00","2,870.00","2,881.10","1,095,715"
"01-Oct-2020","2,940.00","3,113.95","2,940.00","2,985.40","4,741,959"
"05-Oct-2020","3,016.40","3,020.00","2,930.05","2,952.30","904,981"
"06-Oct-2020","2,985.00","2,993.00","2,951.00","2,972.25","678,723"
"07-Oct-2020","2,975.00","3,097.95","2,954.55","3,077.40","2,126,267"
"08-Oct-2020","3,070.00","3,110.80","3,051.00","3,074.55","1,009,344"
"09-Oct-2020","3,080.00","3,097.65","3,027.60","3,059.80","698,670"
"12-Oct-2020","3,051.00","3,074.65","3,011.10","3,022.75","632,718"
"13-Oct-2020","3,025.00","3,051.10","2,996.20","3,034.45","456,767"
"14-Oct-2020","3,037.95","3,075.00","3,020.00","3,054.15","822,555"
"15-Oct-2020","3,059.95","3,130.00","3,019.45","3,027.40","1,076,100"
"16-Oct-2020","3,030.00","3,092.00","3,029.00","3,044.75","548,793"
"19-Oct-2020","3,070.00","3,071.95","2,970.20","2,980.00","598,292"
"20-Oct-2020","2,980.00","3,018.55","2,957.00","3,004.20","899,774"
"21-Oct-2020","3,030.00","3,039.15","2,992.05","3,018.00","982,020"
"22-Oct-2020","3,009.80","3,039.45","2,977.00","3,006.20","1,701,072"
"23-Oct-2020","3,030.00","3,095.50","2,997.15","3,082.25","1,217,666"
"26-Oct-2020","3,097.95","3,113.75","2,885.00","2,895.15","2,140,237"
"27-Oct-2020","2,910.00","2,972.25","2,853.05","2,947.35","1,812,330"
"28-Oct-2020","2,947.00","2,967.00","2,890.20","2,944.05","1,197,897"
"29-Oct-2020","2,918.95","2,934.00","2,885.00","2,925.35","714,821"
"30-Oct-2020","2,940.00","2,963.20","2,880.10","2,886.90","722,940"
"02-Nov-2020","2,918.00","2,934.85","2,822.45","2,843.70","926,407"
"03-Nov-2020","2,855.20","2,929.95","2,855.20","2,914.85","951,287"
"04-Nov-2020","2,905.00","2,947.75","2,882.40","2,926.10","710,858"
"05-Nov-2020","2,951.00","2,970.00","2,927.00","2,949.30","507,235"
"06-Nov-2020","2,960.00","3,000.00","2,955.00","2,977.40","889,565"
"09-Nov-2020","2,990.00","3,022.00","2,980.00","3,001.95","550,477"
"10-Nov-2020","3,015.00","3,022.50","2,967.00","2,997.50","664,054"
"11-Nov-2020","3,017.70","3,040.00","2,986.55","3,023.10","782,511"
"12-Nov-2020","3,025.00","3,040.90","2,996.25","3,017.45","646,257"
"13-Nov-2020","3,010.00","3,048.00","2,995.60","3,040.75","557,563"
"14-Nov-2020","3,055.65","3,065.00","3,030.00","3,041.90","59,697"
"17-Nov-2020","3,034.00","3,048.90","2,996.45","3,045.15","501,135"
"18-Nov-2020","3,055.80","3,055.80","3,003.90","3,037.90","455,293"
"19-Nov-2020","3,033.00","3,056.50","3,010.00","3,034.25","888,406"
"20-Nov-2020","3,033.00","3,085.00","3,022.00","3,058.55","820,220"
"23-Nov-2020","3,068.00","3,085.00","3,030.60","3,077.75","493,600"
"24-Nov-2020","3,077.00","3,122.00","3,053.00","3,095.70","858,928"
"25-Nov-2020","3,100.00","3,160.00","3,041.00","3,051.25","1,219,151"
"26-Nov-2020","3,053.00","3,150.00","3,053.00","3,129.20","1,264,680"
"27-Nov-2020","3,144.90","3,249.00","3,135.70","3,173.55","2,548,347"
"01-Dec-2020","3,175.10","3,248.95","3,161.00","3,243.65","1,400,851"
"02-Dec-2020","3,243.65","3,348.00","3,221.50","3,338.15","1,707,284"
"03-Dec-2020","3,368.70","3,371.20","3,281.00","3,294.40","965,142"
"04-Dec-2020","3,298.30","3,344.55","3,288.20","3,311.40","739,106"
"07-Dec-2020","3,311.40","3,335.00","3,267.80","3,319.55","481,597"
"08-Dec-2020","3,320.00","3,384.75","3,300.55","3,326.20","823,352"
"09-Dec-2020","3,335.00","3,353.65","3,300.00","3,306.55","397,850"
"10-Dec-2020","3,306.20","3,319.95","3,272.05","3,290.85","469,288"
"11-Dec-2020","3,295.60","3,337.15","3,285.55","3,327.65","611,154"
"14-Dec-2020","3,327.65","3,334.55","3,265.00","3,289.00","425,416"
"15-Dec-2020","3,284.00","3,347.20","3,262.00","3,271.65","746,643"
"16-Dec-2020","3,289.00","3,308.45","3,252.00","3,303.50","616,704"
"17-Dec-2020","3,307.10","3,330.00","3,258.00","3,270.45","678,073"
"18-Dec-2020","3,275.90","3,363.00","3,270.90","3,347.55","1,362,381"
"21-Dec-2020","3,352.50","3,355.00","3,198.50","3,238.25","797,760"
"22-Dec-2020","3,245.00","3,285.00","3,172.00","3,265.30","825,331"
"23-Dec-2020","3,281.00","3,318.95","3,261.00","3,309.65","816,586"
"24-Dec-2020","3,318.00","3,423.55","3,316.05","3,374.75","1,567,636"
"28-Dec-2020","3,388.00","3,422.00","3,374.00","3,414.70","536,954"
"29-Dec-2020","3,433.00","3,459.90","3,420.05","3,431.55","682,613"
"30-Dec-2020","3,437.20","3,472.85","3,405.25","3,448.15","639,180"
"31-Dec-2020","3,464.95","3,464.95","3,426.85","3,444.05","410,959"
"01-Jan-2021","3,446.00","3,494.00","3,446.00","3,481.25","421,643"
"04-Jan-2021","3,490.00","3,528.00","3,465.00","3,522.45","647,829"
"05-Jan-2021","3,500.25","3,505.00","3,475.00","3,492.65","561,562"
"06-Jan-2021","3,492.65","3,527.00","3,435.90","3,462.70","591,620"
"07-Jan-2021","3,500.00","3,507.35","3,428.25","3,437.95","531,361"
"08-Jan-2021","3,469.00","3,544.60","3,438.05","3,529.15","675,643"
"11-Jan-2021","3,531.00","3,634.55","3,521.00","3,617.35","788,461"
"12-Jan-2021","3,611.95","3,642.80","3,558.10","3,624.25","863,270"
"13-Jan-2021","3,624.25","3,633.00","3,577.00","3,600.90","515,154"
"14-Jan-2021","3,600.00","3,658.65","3,545.00","3,576.05","743,848"
"15-Jan-2021","3,588.00","3,623.00","3,541.00","3,580.30","684,649"
"18-Jan-2021","3,552.00","3,618.05","3,505.00","3,563.75","602,004"
"19-Jan-2021","3,565.75","3,664.00","3,561.10","3,641.00","586,410"
"20-Jan-2021","3,640.00","3,692.80","3,629.35","3,643.95","549,040"
"21-Jan-2021","3,672.00","3,807.00","3,655.20","3,703.30","1,533,886"
"22-Jan-2021","3,749.95","4,130.00","3,740.05","4,089.50","8,537,143"
"25-Jan-2021","4,150.00","4,210.00","4,060.00","4,168.95","2,368,224"
"27-Jan-2021","4,133.40","4,236.65","4,108.10","4,146.35","2,062,088"
"28-Jan-2021","4,080.00","4,190.00","4,076.60","4,135.80","1,262,871"
"29-Jan-2021","4,168.00","4,205.35","3,990.00","4,005.80","1,406,268"
"01-Feb-2021","4,064.00","4,141.00","3,975.05","4,114.70","745,011"
"02-Feb-2021","4,155.80","4,271.15","4,117.25","4,201.45","1,167,922"
"03-Feb-2021","4,205.00","4,259.15","4,160.10","4,236.35","681,937"
"04-Feb-2021","4,236.35","4,361.40","4,200.00","4,223.50","1,163,598"
"05-Feb-2021","4,260.00","4,272.80","4,161.00","4,231.25","729,191"
"08-Feb-2021","4,231.45","4,258.50","4,195.00","4,237.45","616,236"
"09-Feb-2021","4,228.40","4,238.00","4,145.00","4,154.90","721,336"
"10-Feb-2021","4,160.00","4,215.00","4,100.10","4,151.55","989,105"
"11-Feb-2021","4,155.00","4,202.40","4,126.45","4,181.90","546,983"
"12-Feb-2021","4,179.00","4,195.80","4,117.00","4,136.05","360,063"
"15-Feb-2021","4,152.20","4,194.65","4,111.65","4,122.30","287,922"
"16-Feb-2021","4,130.00","4,177.60","4,124.00","4,132.85","318,280"
"17-Feb-2021","4,117.00","4,205.00","4,111.00","4,165.70","554,383"
"18-Feb-2021","4,200.00","4,200.00","4,102.10","4,115.45","440,460"
"19-Feb-2021","4,106.00","4,106.70","3,977.20","4,001.10","762,200"
"22-Feb-2021","4,010.00","4,040.00","3,926.85","3,971.55","762,310"
"23-Feb-2021","3,952.00","3,998.70","3,890.20","3,912.25","802,871"
"24-Feb-2021","3,927.00","3,950.00","3,855.35","3,931.85","399,843"
"25-Feb-2021","3,936.00","3,980.00","3,910.05","3,944.80","632,973"
"26-Feb-2021","3,910.50","3,943.10","3,773.05","3,798.70","732,210"
"01-Mar-2021","3,798.70","3,858.80","3,751.00","3,814.05","724,589"
"02-Mar-2021","3,822.00","3,962.15","3,781.50","3,944.05","735,847"
"03-Mar-2021","3,985.00","3,985.00","3,863.60","3,901.10","615,104"
"04-Mar-2021","3,875.00","3,927.60","3,841.00","3,879.05","611,769"
"05-Mar-2021","3,852.10","3,913.25","3,821.75","3,852.85","719,936"
"08-Mar-2021","3,848.00","3,848.00","3,770.00","3,798.75","818,275"
"09-Mar-2021","3,802.20","3,829.70","3,776.00","3,798.75","526,071"
"10-Mar-2021","3,820.00","3,879.00","3,802.00","3,867.55","545,219"
"12-Mar-2021","3,878.00","3,878.00","3,734.80","3,746.40","1,119,478"
"15-Mar-2021","3,775.00","3,775.00","3,621.05","3,664.65","1,024,258"
"16-Mar-2021","3,673.15","3,690.00","3,635.00","3,654.45","858,553"
"17-Mar-2021","3,650.00","3,678.00","3,555.80","3,569.60","773,240"
"18-Mar-2021","3,598.00","3,692.95","3,565.00","3,664.50","1,285,600"
"19-Mar-2021","3,653.95","3,673.00","3,570.20","3,650.05","1,132,705"
"22-Mar-2021","3,650.20","3,685.00","3,634.30","3,664.75","502,724"
"23-Mar-2021","3,665.55","3,709.95","3,641.25","3,678.35","581,531"
"24-Mar-2021","3,661.00","3,698.00","3,590.95","3,603.55","507,559"
"25-Mar-2021","3,615.00","3,615.00","3,497.00","3,501.60","808,505"
"26-Mar-2021","3,517.10","3,619.25","3,517.10","3,600.05","691,000"
"30-Mar-2021","3,604.25","3,674.75","3,581.35","3,666.70","749,230"
"31-Mar-2021","3,650.00","3,683.60","3,612.05","3,670.60","694,645"
"01-Apr-2021","3,704.00","3,764.30","3,690.20","3,743.05","861,229"
"05-Apr-2021","3,700.05","3,740.00","3,576.05","3,598.50","723,573"
"06-Apr-2021","3,639.95","3,640.00","3,602.25","3,615.50","501,882"
"07-Apr-2021","3,605.00","3,693.45","3,596.25","3,680.20","346,982"
"08-Apr-2021","3,698.95","3,698.95","3,645.00","3,649.80","414,020"
"09-Apr-2021","3,640.00","3,694.00","3,625.00","3,651.30","484,807"
"12-Apr-2021","3,579.50","3,599.00","3,480.05","3,541.00","724,230"
"13-Apr-2021","3,569.00","3,623.70","3,515.20","3,602.45","412,122"
"15-Apr-2021","3,602.45","3,655.55","3,526.10","3,597.50","614,450"
"16-Apr-2021","3,580.00","3,657.50","3,569.95","3,634.65","526,787"
"19-Apr-2021","3,525.20","3,562.00","3,447.00","3,515.55","601,819"
"20-Apr-2021","3,585.35","3,624.30","3,555.10","3,600.90","676,558"
"22-Apr-2021","3,594.80","3,694.00","3,573.00","3,681.40","1,005,711"
"23-Apr-2021","3,680.00","3,709.60","3,640.00","3,672.50","631,762"
"26-Apr-2021","3,682.20","3,749.00","3,676.00","3,738.85","480,016"
"27-Apr-2021","3,738.85","3,798.00","3,727.20","3,785.50","518,487"
"28-Apr-2021","3,810.05","3,954.00","3,807.00","3,889.75","1,252,958"
"29-Apr-2021","3,943.00","3,954.30","3,807.10","3,836.45","1,335,444"
"30-Apr-2021","3,805.00","3,966.35","3,800.00","3,833.75","1,340,273"
"03-May-2021","3,815.00","3,906.80","3,785.00","3,851.85","796,444"
"04-May-2021","3,877.00","3,888.00","3,815.05","3,830.35","408,324"
"05-May-2021","3,842.20","3,852.60","3,784.10","3,843.80","371,452"
"06-May-2021","3,852.00","3,970.00","3,852.00","3,941.20","938,078"
"07-May-2021","3,954.50","3,967.80","3,853.95","3,866.75","486,456"
"10-May-2021","3,900.00","3,903.85","3,844.50","3,868.65","306,598"
"11-May-2021","3,860.00","3,894.70","3,811.25","3,879.30","453,808"
"12-May-2021","3,866.00","3,900.00","3,847.20","3,875.25","499,840"
"14-May-2021","3,880.30","3,894.15","3,814.00","3,848.80","481,619"
"17-May-2021","3,845.00","3,924.40","3,833.20","3,864.40","427,552"
"18-May-2021","3,898.70","4,078.00","3,867.40","4,067.20","1,371,585"
"19-May-2021","4,075.00","4,112.00","4,047.80","4,095.95","788,882"
"20-May-2021","4,095.95","4,129.00","4,062.10","4,071.20","465,579"
"21-May-2021","4,082.20","4,132.00","4,055.10","4,125.55","378,016"
"24-May-2021","4,125.00","4,184.85","4,107.40","4,142.30","500,267"
"25-May-2021","4,165.55","4,187.00","4,141.00","4,150.10","297,915"
"26-May-2021","4,150.10","4,180.00","4,142.00","4,166.30","261,524"
"27-May-2021","4,170.00","4,274.00","4,152.75","4,246.10","878,610"
"28-May-2021","4,240.20","4,256.00","4,187.65","4,199.50","285,520"
"31-May-2021","4,190.00","4,228.70","4,167.00","4,192.80","321,021"
"01-Jun-2021","4,204.90","4,347.00","4,204.90","4,238.95","1,248,169"
"02-Jun-2021","4,227.90","4,305.90","4,200.00","4,295.05","351,583"
"03-Jun-2021","4,294.30","4,300.00","4,242.00","4,273.35","323,999"
"04-Jun-2021","4,264.40","4,295.45","4,240.00","4,250.05","374,317"
"07-Jun-2021","4,258.55","4,284.90","4,240.00","4,249.75","159,646"
"08-Jun-2021","4,250.00","4,275.00","4,234.00","4,269.90","150,816"
"09-Jun-2021","4,268.00","4,272.50","4,201.00","4,224.50","262,617"
"10-Jun-2021","4,229.00","4,233.50","4,166.00","4,179.90","332,571"
"11-Jun-2021","4,185.00","4,216.85","4,162.00","4,172.50","188,155"
"14-Jun-2021","4,173.00","4,195.50","4,127.15","4,146.50","200,657"
"15-Jun-2021","4,155.00","4,171.80","4,131.10","4,138.10","138,010"
"16-Jun-2021","4,138.10","4,158.05","4,102.00","4,110.45","216,236"
"17-Jun-2021","4,120.00","4,120.00","4,042.05","4,053.90","357,704"
"18-Jun-2021","4,055.00","4,193.35","4,030.00","4,167.10","701,993"
"21-Jun-2021","4,153.00","4,196.00","4,106.45","4,182.65","374,649"
"22-Jun-2021","4,183.30","4,230.60","4,155.30","4,221.60","591,793"
"23-Jun-2021","4,230.00","4,259.65","4,191.25","4,198.60","418,053"
"24-Jun-2021","4,190.00","4,236.20","4,156.75","4,226.90","314,542"
"25-Jun-2021","4,220.00","4,249.00","4,178.00","4,196.15","175,051"
"28-Jun-2021","4,196.15","4,205.25","4,166.00","4,183.45","158,954"
"29-Jun-2021","4,185.00","4,188.85","4,117.00","4,124.65","332,405"
"30-Jun-2021","4,130.00","4,164.00","4,119.80","4,133.85","331,122"
"01-Jul-2021","4,141.00","4,250.00","4,141.00","4,204.55","755,502"
"02-Jul-2021","4,229.50","4,229.50","4,171.00","4,175.35","375,525"
"05-Jul-2021","4,191.60","4,249.90","4,186.85","4,201.50","375,703"
"06-Jul-2021","4,203.50","4,249.00","4,172.00","4,195.40","515,181"
"07-Jul-2021","4,200.00","4,224.00","4,170.00","4,188.25","392,794"
"08-Jul-2021","4,068.70","4,118.40","4,030.55","4,077.30","625,491"
"09-Jul-2021","4,077.00","4,079.95","3,990.00","3,995.90","656,635"
"12-Jul-2021","4,018.00","4,030.00","3,946.90","3,956.15","512,870"
"13-Jul-2021","3,985.00","4,019.70","3,954.55","3,966.10","614,101"
"14-Jul-2021","3,969.00","4,003.10","3,940.00","3,953.85","527,932"
"15-Jul-2021","3,954.00","3,969.95","3,930.30","3,940.00","310,788"
"16-Jul-2021","3,958.00","3,960.60","3,925.00","3,931.95","323,569"
"19-Jul-2021","3,922.00","3,939.00","3,875.00","3,882.85","408,067"
"20-Jul-2021","3,887.90","3,932.45","3,881.90","3,905.40","467,908"
"22-Jul-2021","3,920.00","4,013.65","3,781.60","3,853.20","1,707,977"
"23-Jul-2021","3,873.00","3,925.00","3,825.05","3,841.90","709,478"
"26-Jul-2021","3,852.00","3,871.30","3,830.00","3,836.35","408,134"
"27-Jul-2021","3,850.00","3,859.00","3,812.00","3,821.40","391,373"
"28-Jul-2021","3,834.00","3,841.45","3,781.00","3,818.50","235,770"
"29-Jul-2021","3,827.80","3,827.80","3,750.00","3,763.75","355,185"
"30-Jul-2021","3,776.00","3,858.00","3,753.15","3,829.60","511,767"
"02-Aug-2021","3,874.00","3,880.00","3,813.20","3,841.55","351,187"
"03-Aug-2021","3,830.00","3,838.00","3,805.65","3,828.20","408,981"
"04-Aug-2021","3,835.00","3,864.85","3,816.00","3,832.00","363,955"
"05-Aug-2021","3,842.00","3,858.00","3,813.60","3,818.75","333,818"
"06-Aug-2021","3,833.00","3,872.35","3,797.25","3,847.85","504,011"
"09-Aug-2021","3,858.15","3,898.90","3,837.05","3,855.15","396,098"
"10-Aug-2021","3,857.00","3,861.75","3,785.10","3,797.95","253,258"
"11-Aug-2021","3,800.00","3,806.25","3,695.20","3,727.15","497,724"
"12-Aug-2021","3,746.80","3,777.00","3,736.00","3,769.35","316,454"
"13-Aug-2021","3,780.00","3,860.00","3,760.00","3,825.75","581,862"
"16-Aug-2021","3,826.00","3,829.00","3,744.00","3,748.45","294,567"
"17-Aug-2021","3,749.00","3,819.50","3,741.55","3,807.45","319,770"
"18-Aug-2021","3,810.00","3,856.05","3,775.00","3,833.05","493,285"
"20-Aug-2021","3,780.00","3,825.00","3,725.80","3,751.50","301,943"
"23-Aug-2021","3,787.90","3,787.90","3,647.15","3,668.25","455,643"
"24-Aug-2021","3,690.00","3,722.00","3,653.70","3,714.75","276,602"
"25-Aug-2021","3,731.45","3,759.95","3,680.00","3,689.65","398,715"
"26-Aug-2021","3,689.65","3,719.65","3,670.00","3,691.40","283,891"
"27-Aug-2021","3,707.40","3,749.90","3,679.00","3,699.45","274,822"
"30-Aug-2021","3,717.90","3,756.60","3,705.00","3,720.40","561,903"
"31-Aug-2021","3,732.95","3,739.00","3,705.60","3,727.85","693,952"
"01-Sep-2021","3,754.00","3,810.00","3,730.10","3,758.30","585,605"
"02-Sep-2021","3,789.00","3,789.00","3,717.00","3,720.95","474,397"
"03-Sep-2021","3,726.00","3,809.50","3,725.00","3,757.50","740,269"
"06-Sep-2021","3,784.45","3,829.00","3,770.00","3,781.10","779,715"
"07-Sep-2021","3,796.80","3,800.65","3,762.15","3,770.70","450,262"
"08-Sep-2021","3,769.75","3,769.75","3,718.00","3,725.35","396,710"
"09-Sep-2021","3,724.90","3,728.95","3,695.00","3,700.60","479,537"
"13-Sep-2021","3,699.00","3,720.00","3,680.00","3,699.55","342,427"
"14-Sep-2021","3,717.40","3,767.00","3,690.00","3,751.05","741,880"
"15-Sep-2021","3,762.60","3,801.60","3,758.05","3,779.10","510,406"
"16-Sep-2021","3,798.00","3,834.00","3,780.05","3,813.50","558,125"
"17-Sep-2021","3,840.00","3,879.40","3,810.45","3,822.20","1,304,667"
"20-Sep-2021","3,813.40","3,813.40","3,735.00","3,776.05","399,648"
"21-Sep-2021","3,777.00","3,793.85","3,696.00","3,728.80","354,217"
"22-Sep-2021","3,732.00","3,770.00","3,722.05","3,757.15","245,919"
"23-Sep-2021","3,757.15","3,820.00","3,757.15","3,799.20","228,970"
"24-Sep-2021","3,800.00","3,849.10","3,787.05","3,809.80","363,519"
"27-Sep-2021","3,831.00","3,924.80","3,822.80","3,913.40","962,801"
"28-Sep-2021","3,929.00","3,944.80","3,875.40","3,908.70","478,682"
"29-Sep-2021","3,900.00","3,935.90","3,850.00","3,899.25","379,896"
"30-Sep-2021","3,892.25","3,896.40","3,812.00","3,832.65","576,711"
"01-Oct-2021","3,820.00","3,880.75","3,802.65","3,852.60","407,091"
"04-Oct-2021","3,856.45","3,884.60","3,821.25","3,825.95","237,249"
"05-Oct-2021","3,824.45","3,873.90","3,820.00","3,864.00","287,612"
"06-Oct-2021","3,876.00","3,884.00","3,760.00","3,770.05","383,507"
"07-Oct-2021","3,815.00","3,868.65","3,785.00","3,828.55","343,916"
"08-Oct-2021","3,843.55","3,878.55","3,806.10","3,815.55","215,542"
"11-Oct-2021","3,845.00","3,879.90","3,830.35","3,852.10","239,321"
"12-Oct-2021","3,860.00","3,994.50","3,858.00","3,978.75","1,353,877"
"13-Oct-2021","3,994.95","4,050.00","3,956.60","3,967.65","648,769"
"14-Oct-2021","3,970.00","4,009.05","3,954.20","3,965.90","272,066"
"18-Oct-2021","3,861.00","3,969.70","3,861.00","3,915.95","463,126"
"19-Oct-2021","3,930.20","3,955.00","3,892.25","3,911.55","275,481"
"20-Oct-2021","3,903.75","3,909.90","3,828.00","3,848.65","321,450"
"21-Oct-2021","3,870.00","3,875.15","3,769.50","3,804.00","373,336"
"22-Oct-2021","3,839.45","3,910.00","3,813.05","3,866.50","408,499"
"25-Oct-2021","3,854.00","3,884.75","3,735.00","3,763.75","306,195"
"26-Oct-2021","3,779.85","3,811.80","3,762.25","3,791.75","170,050"
"27-Oct-2021","3,795.00","3,815.00","3,760.00","3,776.50","251,226"
"28-Oct-2021","3,854.95","3,860.00","3,688.85","3,700.70","706,705"
"29-Oct-2021","3,720.00","3,754.85","3,665.00","3,707.25","316,325"
"01-Nov-2021","3,721.80","3,750.00","3,681.60","3,726.15","228,051"
"02-Nov-2021","3,735.00","3,790.00","3,727.05","3,741.85","250,053"
"03-Nov-2021","3,726.20","3,763.95","3,689.05","3,698.40","261,709"
"04-Nov-2021","3,718.50","3,764.90","3,718.50","3,759.35","65,679"
"08-Nov-2021","3,791.00","3,800.00","3,743.60","3,777.30","261,609"
"09-Nov-2021","3,780.00","3,845.00","3,772.00","3,794.45","521,920"
"10-Nov-2021","3,790.00","3,801.60","3,744.00","3,771.70","373,526"
"11-Nov-2021","3,774.50","3,781.85","3,726.00","3,749.95","446,382"
"12-Nov-2021","3,782.00","3,782.00","3,615.70","3,635.05","745,428"
"15-Nov-2021","3,651.00","3,673.90","3,580.05","3,601.15","551,238"
"16-Nov-2021","3,612.90","3,651.80","3,583.10","3,608.70","473,529"
"17-Nov-2021","3,610.00","3,644.00","3,576.40","3,583.80","348,752"
"18-Nov-2021","3,590.50","3,594.90","3,525.00","3,547.55","384,426"
"22-Nov-2021","3,570.00","3,570.00","3,426.00","3,444.20","422,572"
"23-Nov-2021","3,440.00","3,448.50","3,376.05","3,434.85","713,102"
"24-Nov-2021","3,459.00","3,459.00","3,385.65","3,407.10","287,005"
"25-Nov-2021","3,402.00","3,413.90","3,377.05","3,391.70","264,226"
"26-Nov-2021","3,370.00","3,383.50","3,320.00","3,334.60","341,506"
"29-Nov-2021","3,321.00","3,354.35","3,246.20","3,298.20","403,739"
"30-Nov-2021","3,296.00","3,322.95","3,223.05","3,240.30","682,518"
"01-Dec-2021","3,280.00","3,294.20","3,227.30","3,249.55","551,434"
"02-Dec-2021","3,259.95","3,337.35","3,236.50","3,328.40","502,905"
"03-Dec-2021","3,335.00","3,343.15","3,280.60","3,287.85","315,536"
"06-Dec-2021","3,297.80","3,300.00","3,242.70","3,249.75","251,407"
"07-Dec-2021","3,284.95","3,317.00","3,261.00","3,286.45","286,908"
"08-Dec-2021","3,302.85","3,337.95","3,297.00","3,332.05","334,037"
"09-Dec-2021","3,350.00","3,350.00","3,306.00","3,341.00","237,723"
"10-Dec-2021","3,320.20","3,364.20","3,320.00","3,344.75","220,039"
"13-Dec-2021","3,367.00","3,372.45","3,295.00","3,305.45","214,515"
"14-Dec-2021","3,300.00","3,305.00","3,268.00","3,291.65","181,626"
"15-Dec-2021","3,289.65","3,329.85","3,275.00","3,294.50","295,667"
"16-Dec-2021","3,327.75","3,327.75","3,227.35","3,253.15","324,140"
"17-Dec-2021","3,248.05","3,261.80","3,149.10","3,179.15","3,170,631"
"20-Dec-2021","3,149.90","3,171.10","3,027.05","3,105.20","595,625"
"21-Dec-2021","3,112.00","3,160.05","3,092.00","3,130.80","326,850"
"22-Dec-2021","3,132.00","3,173.55","3,126.00","3,135.85","294,578"
"23-Dec-2021","3,150.00","3,190.95","3,138.00","3,174.10","224,147"
"24-Dec-2021","3,181.30","3,195.00","3,135.00","3,152.05","123,753"
"27-Dec-2021","3,145.00","3,174.15","3,122.00","3,154.10","94,069"
"28-Dec-2021","3,161.20","3,187.55","3,150.00","3,176.05","214,640"
"29-Dec-2021","3,188.75","3,269.00","3,152.05","3,262.50","563,709"
"30-Dec-2021","3,278.00","3,279.15","3,187.00","3,200.80","594,987"
"31-Dec-2021","3,230.00","3,264.70","3,217.00","3,249.25","248,103"
"03-Jan-2022","3,258.70","3,292.60","3,251.50","3,277.10","266,680"
"04-Jan-2022","3,284.00","3,316.00","3,270.65","3,289.15","244,503"
"05-Jan-2022","3,289.15","3,365.00","3,281.00","3,358.55","312,215"
"06-Jan-2022","3,344.80","3,429.00","3,333.00","3,418.20","410,181"
"07-Jan-2022","3,437.50","3,437.50","3,377.00","3,392.50","263,996"
"10-Jan-2022","3,414.80","3,451.25","3,404.45","3,435.10","318,473"
"11-Jan-2022","3,413.00","3,445.95","3,413.00","3,436.75","225,782"
"12-Jan-2022","3,446.10","3,452.00","3,414.25","3,440.10","198,452"
"13-Jan-2022","3,445.90","3,474.30","3,430.00","3,451.00","291,271"
"14-Jan-2022","3,451.00","3,462.20","3,425.00","3,432.80","127,752"
"17-Jan-2022","3,450.00","3,527.00","3,434.05","3,489.75","646,271"
"18-Jan-2022","3,488.95","3,497.20","3,392.60","3,400.95","656,590"
"19-Jan-2022","3,400.95","3,462.30","3,383.05","3,436.80","694,189"
"20-Jan-2022","3,398.90","3,448.00","3,295.00","3,308.75","874,508"
"21-Jan-2022","3,308.75","3,473.95","3,270.00","3,419.80","1,609,260"
"24-Jan-2022","3,421.00","3,454.20","3,350.00","3,382.30","788,137"
"25-Jan-2022","3,359.00","3,490.00","3,328.75","3,469.10","571,406"
"27-Jan-2022","3,445.00","3,536.80","3,394.20","3,501.10","664,333"
"28-Jan-2022","3,505.00","3,562.30","3,485.10","3,497.20","575,466"
"31-Jan-2022","3,520.00","3,585.65","3,487.00","3,564.65","470,500"
"01-Feb-2022","3,577.00","3,592.35","3,511.55","3,534.45","487,464"
"02-Feb-2022","3,540.00","3,585.00","3,521.45","3,535.00","212,256"
"03-Feb-2022","3,550.00","3,650.95","3,521.00","3,621.10","760,774"
"04-Feb-2022","3,621.10","3,621.10","3,550.00","3,565.35","296,588"
"07-Feb-2022","3,570.00","3,570.00","3,468.00","3,476.00","286,849"
"08-Feb-2022","3,476.10","3,512.95","3,445.90","3,458.65","397,493"
"09-Feb-2022","3,452.00","3,570.00","3,452.00","3,563.55","352,729"
"10-Feb-2022","3,563.35","3,581.55","3,545.65","3,569.35","239,918"
"11-Feb-2022","3,530.00","3,575.00","3,508.00","3,566.65","339,577"
"14-Feb-2022","3,465.00","3,538.00","3,461.35","3,487.95","282,645"
"15-Feb-2022","3,490.00","3,601.00","3,473.75","3,589.20","357,052"
"16-Feb-2022","3,599.00","3,640.00","3,571.10","3,586.90","244,587"
"17-Feb-2022","3,590.10","3,660.00","3,590.10","3,597.30","513,917"
"18-Feb-2022","3,597.00","3,642.50","3,563.60","3,632.15","277,299"
"21-Feb-2022","3,624.15","3,637.95","3,567.35","3,579.50","344,326"
"22-Feb-2022","3,520.00","3,615.00","3,515.00","3,600.70","432,562"
"23-Feb-2022","3,615.10","3,639.90","3,570.00","3,580.30","209,392"
"24-Feb-2022","3,485.50","3,559.30","3,435.00","3,478.90","628,362"
"25-Feb-2022","3,490.10","3,560.00","3,490.10","3,508.40","327,777"
"28-Feb-2022","3,497.70","3,561.00","3,448.05","3,530.35","387,040"
"02-Mar-2022","3,498.30","3,498.30","3,333.00","3,372.30","982,580"
"03-Mar-2022","3,399.00","3,404.80","3,279.00","3,297.10","536,758"
"04-Mar-2022","3,251.00","3,285.95","3,151.00","3,242.10","509,620"
"07-Mar-2022","3,185.00","3,279.00","3,125.00","3,234.65","335,205"
"08-Mar-2022","3,229.00","3,354.45","3,175.70","3,317.10","557,492"
"09-Mar-2022","3,320.00","3,360.00","3,293.00","3,339.00","508,262"
"10-Mar-2022","3,399.00","3,440.00","3,385.40","3,422.35","350,154"
"11-Mar-2022","3,400.00","3,445.50","3,386.45","3,423.00","156,038"
"14-Mar-2022","3,402.00","3,464.95","3,368.00","3,452.55","245,299"
"15-Mar-2022","3,441.00","3,494.00","3,426.35","3,454.05","229,544"
"16-Mar-2022","3,490.05","3,592.20","3,481.00","3,569.80","262,987"
"17-Mar-2022","3,580.00","3,664.85","3,575.65","3,650.45","429,272"
"21-Mar-2022","3,650.45","3,718.00","3,580.25","3,589.05","432,309"
"22-Mar-2022","3,580.00","3,662.00","3,564.50","3,656.45","213,667"
"23-Mar-2022","3,664.95","3,683.35","3,590.00","3,601.50","281,347"
"24-Mar-2022","3,590.30","3,637.90","3,569.70","3,583.90","385,957"
"25-Mar-2022","3,592.00","3,659.15","3,592.00","3,654.35","492,945"
"28-Mar-2022","3,654.35","3,737.00","3,645.05","3,687.75","688,267"
"29-Mar-2022","3,697.80","3,735.00","3,660.85","3,689.10","376,929"
"30-Mar-2022","3,729.65","3,729.65","3,665.25","3,674.10","343,930"
"31-Mar-2022","3,680.00","3,715.15","3,636.10","3,653.00","511,249"
"01-Apr-2022","3,636.00","3,746.00","3,636.00","3,739.90","391,985"
"04-Apr-2022","3,750.00","3,772.00","3,716.40","3,763.65","419,517"
"05-Apr-2022","3,765.00","3,819.95","3,765.00","3,809.70","339,228"
"06-Apr-2022","3,801.00","3,810.00","3,741.60","3,801.80","240,470"
"07-Apr-2022","3,801.85","3,819.60","3,771.05","3,802.25","224,527"
"08-Apr-2022","3,812.30","3,836.00","3,767.00","3,810.35","229,962"
"11-Apr-2022","3,820.00","3,825.00","3,768.15","3,787.15","135,225"
"12-Apr-2022","3,768.50","3,776.70","3,676.05","3,712.05","266,145"
"13-Apr-2022","3,712.05","3,747.50","3,669.10","3,697.30","198,206"
"18-Apr-2022","3,690.00","3,758.25","3,645.25","3,714.60","373,718"
"19-Apr-2022","3,740.00","3,774.60","3,618.35","3,657.15","211,918"
"20-Apr-2022","3,666.00","3,734.95","3,652.30","3,720.75","174,080"
"21-Apr-2022","3,705.00","3,739.50","3,680.10","3,702.35","216,475"
"22-Apr-2022","3,670.00","3,694.75","3,622.85","3,642.50","228,316"
"25-Apr-2022","3,602.00","3,724.75","3,600.00","3,682.95","444,222"
"26-Apr-2022","3,704.95","3,905.00","3,704.95","3,892.10","1,107,122"
"27-Apr-2022","3,870.00","3,919.00","3,846.00","3,905.65","541,564"
"28-Apr-2022","4,000.00","4,000.00","3,805.00","3,834.40","1,628,318"
"29-Apr-2022","3,805.00","3,840.00","3,711.35","3,729.55","594,650"
"02-May-2022","3,720.00","3,720.00","3,606.00","3,623.45","376,660"
"04-May-2022","3,625.00","3,683.00","3,485.40","3,496.90","575,428"
"05-May-2022","3,538.80","3,595.00","3,510.40","3,523.90","323,081"
"06-May-2022","3,488.30","3,555.00","3,460.00","3,499.75","436,366"
"09-May-2022","3,490.00","3,584.70","3,480.00","3,568.75","502,719"
"10-May-2022","3,564.95","3,646.70","3,540.00","3,593.05","507,087"
"11-May-2022","3,600.00","3,627.95","3,537.30","3,612.85","437,746"
"12-May-2022","3,585.00","3,654.00","3,539.20","3,585.00","777,332"
"13-May-2022","3,618.05","3,736.00","3,618.05","3,642.10","633,218"
"16-May-2022","3,650.00","3,725.00","3,650.00","3,715.85","401,803"
"17-May-2022","3,725.10","3,787.00","3,725.10","3,742.90","402,398"
"18-May-2022","3,743.00","3,829.50","3,736.20","3,791.20","507,061"
"19-May-2022","3,691.90","3,778.00","3,680.05","3,698.55","261,026"
"20-May-2022","3,760.00","3,849.00","3,735.00","3,787.80","396,832"
"23-May-2022","3,836.00","3,874.50","3,770.00","3,786.15","339,483"
"24-May-2022","3,817.40","3,842.00","3,771.05","3,783.30","369,304"
"25-May-2022","3,814.55","3,819.00","3,742.25","3,791.80","225,253"
"26-May-2022","3,801.10","3,870.00","3,754.05","3,857.35","419,826"
"27-May-2022","3,875.00","3,890.00","3,823.05","3,833.05","422,591"
"30-May-2022","3,860.00","3,903.15","3,843.05","3,856.70","271,827"
"31-May-2022","3,876.00","3,958.00","3,839.00","3,864.10","1,154,256"
"01-Jun-2022","3,877.20","3,904.00","3,707.30","3,720.10","784,215"
"02-Jun-2022","3,720.10","3,749.90","3,666.35","3,688.70","346,754"
"03-Jun-2022","3,719.00","3,733.90","3,650.00","3,672.70","409,815"
"06-Jun-2022","3,660.00","3,869.75","3,650.50","3,817.00","1,136,609"
"07-Jun-2022","3,765.00","3,853.65","3,765.00","3,834.10","561,644"
"08-Jun-2022","3,833.50","3,850.00","3,768.05","3,794.15","346,603"
"09-Jun-2022","3,794.15","3,895.00","3,779.40","3,878.65","627,869"
"10-Jun-2022","3,956.30","3,971.00","3,850.00","3,881.00","1,412,838"
"13-Jun-2022","3,825.00","3,895.05","3,794.45","3,881.25","519,745"
"14-Jun-2022","3,885.00","3,915.75","3,602.95","3,681.75","1,733,394"
"15-Jun-2022","3,700.00","3,742.65","3,645.00","3,698.10","753,821"
"16-Jun-2022","3,736.80","3,736.80","3,633.00","3,658.20","438,590"
"17-Jun-2022","3,670.00","3,713.95","3,615.60","3,628.95","727,356"
"20-Jun-2022","3,620.25","3,638.80","3,574.80","3,615.95","268,242"
"21-Jun-2022","3,631.00","3,675.00","3,616.05","3,645.25","424,763"
"22-Jun-2022","3,645.00","3,721.50","3,614.15","3,635.65","585,483"
"23-Jun-2022","3,680.10","3,796.00","3,665.25","3,784.80","1,186,420"
"24-Jun-2022","3,800.80","3,841.35","3,781.95","3,813.35","558,798"
"27-Jun-2022","3,870.00","3,958.45","3,817.00","3,861.20","1,819,576"
"28-Jun-2022","3,839.95","3,907.20","3,783.05","3,889.00","799,053"
"29-Jun-2022","3,880.00","3,900.00","3,856.05","3,867.55","524,392"
"30-Jun-2022","3,750.00","3,768.35","3,692.00","3,706.60","715,926"
"01-Jul-2022","3,667.95","3,678.70","3,601.10","3,624.60","756,589"
"04-Jul-2022","3,644.40","3,695.15","3,608.00","3,679.75","536,505"
"05-Jul-2022","3,700.00","3,700.00","3,663.00","3,682.75","294,980"
"06-Jul-2022","3,682.00","3,777.30","3,675.15","3,773.05","333,226"
"07-Jul-2022","3,786.30","3,836.10","3,785.00","3,795.50","534,547"
"08-Jul-2022","3,830.00","3,830.00","3,792.70","3,825.00","326,804"
"11-Jul-2022","3,820.00","3,858.00","3,795.00","3,848.55","372,417"
"12-Jul-2022","3,853.00","3,863.00","3,832.05","3,847.85","244,636"
"13-Jul-2022","3,858.00","3,878.95","3,848.00","3,860.75","308,508"
"14-Jul-2022","3,858.90","3,885.95","3,841.00","3,863.20","377,688"
"15-Jul-2022","3,863.00","3,919.00","3,861.00","3,913.35","281,730"
"18-Jul-2022","3,930.00","3,990.00","3,925.10","3,984.05","513,318"
"19-Jul-2022","3,977.05","4,036.00","3,966.00","4,002.00","512,451"
"20-Jul-2022","4,018.00","4,055.00","3,999.00","4,002.05","377,717"
"21-Jul-2022","4,004.65","4,070.60","3,993.45","4,057.05","371,547"
"22-Jul-2022","4,065.00","4,091.00","4,045.25","4,054.50","280,291"
"25-Jul-2022","4,054.50","4,073.95","3,998.30","4,021.15","372,987"
"26-Jul-2022","4,014.00","4,030.00","3,917.00","3,925.60","882,407"
"27-Jul-2022","3,933.00","3,960.00","3,845.15","3,883.85","514,997"
"28-Jul-2022","3,884.00","3,913.70","3,847.00","3,858.25","423,758"
"29-Jul-2022","3,899.00","3,952.25","3,878.00","3,914.45","412,805"
"01-Aug-2022","3,919.95","3,988.25","3,915.00","3,973.30","459,482"
"02-Aug-2022","3,973.30","4,005.00","3,941.35","3,996.20","398,168"
"03-Aug-2022","3,999.00","4,010.00","3,963.05","4,003.45","312,355"
"04-Aug-2022","4,011.00","4,035.00","3,976.00","4,011.70","310,996"
"05-Aug-2022","4,025.00","4,038.25","3,993.05","4,013.10","287,542"
"08-Aug-2022","4,013.00","4,039.90","4,000.00","4,022.65","238,574"
"10-Aug-2022","4,014.00","4,066.00","4,014.00","4,034.85","218,912"
"11-Aug-2022","4,050.10","4,058.25","4,022.35","4,033.50","277,432"
"12-Aug-2022","4,033.50","4,060.00","4,013.75","4,038.00","217,139"
"16-Aug-2022","4,038.00","4,100.00","4,038.00","4,091.15","302,627"
"17-Aug-2022","4,095.10","4,120.45","4,060.00","4,067.90","313,179"
"18-Aug-2022","4,079.00","4,079.00","4,040.50","4,060.65","451,908"
"19-Aug-2022","4,052.00","4,088.45","4,050.00","4,074.55","223,883"
"22-Aug-2022","4,030.00","4,073.40","4,008.80","4,041.60","388,178"
"23-Aug-2022","4,025.00","4,072.85","4,016.05","4,064.45","172,256"
"24-Aug-2022","4,050.45","4,083.95","4,050.45","4,065.75","245,586"
"25-Aug-2022","4,073.00","4,095.65","4,051.10","4,062.95","374,693"
"26-Aug-2022","4,075.00","4,124.35","4,041.45","4,054.40","453,561"
"29-Aug-2022","4,024.95","4,050.00","3,985.50","4,030.05","608,621"
"30-Aug-2022","4,050.25","4,128.95","4,011.55","4,084.85","740,581"
"01-Sep-2022","4,010.00","4,131.75","4,010.00","4,076.30","510,034"
"02-Sep-2022","4,080.00","4,102.80","4,025.40","4,030.90","556,543"
"05-Sep-2022","4,050.00","4,055.85","3,944.30","3,956.65","799,837"
"06-Sep-2022","3,962.00","3,990.00","3,919.50","3,929.40","508,096"
"07-Sep-2022","3,915.00","3,937.50","3,811.20","3,845.65","724,097"
"08-Sep-2022","3,864.90","3,879.95","3,840.00","3,846.60","493,973"
"09-Sep-2022","3,865.85","3,880.00","3,835.00","3,848.60","485,613"
"12-Sep-2022","3,840.00","3,889.80","3,825.00","3,870.30","369,281"
"13-Sep-2022","3,865.00","3,890.00","3,855.00","3,866.50","507,487"
"14-Sep-2022","3,815.00","3,918.95","3,811.60","3,850.25","576,311"
"15-Sep-2022","3,865.00","3,884.60","3,751.35","3,768.00","351,737"
"16-Sep-2022","3,800.00","3,800.00","3,676.10","3,689.55","579,176"
"19-Sep-2022","3,700.00","3,731.85","3,661.10","3,708.25","454,942"
"20-Sep-2022","3,726.80","3,807.90","3,725.00","3,768.60","268,923"
"21-Sep-2022","3,773.85","3,807.45","3,724.00","3,730.60","197,924"
"22-Sep-2022","3,720.00","3,760.00","3,700.00","3,728.90","149,651"
"23-Sep-2022","3,730.00","3,770.00","3,683.00","3,698.90","158,122"
"26-Sep-2022","3,668.90","3,686.75","3,566.00","3,574.50","517,637"
"27-Sep-2022","3,590.00","3,594.95","3,510.10","3,541.90","344,198"
"28-Sep-2022","3,525.00","3,573.90","3,505.00","3,545.90","181,128"
"29-Sep-2022","3,563.00","3,563.85","3,465.05","3,476.70","350,931"
"30-Sep-2022","3,486.50","3,553.95","3,461.25","3,527.75","276,996"
"03-Oct-2022","3,527.75","3,559.90","3,475.00","3,515.35","442,640"
"04-Oct-2022","3,550.50","3,599.90","3,539.20","3,579.60","317,554"
"06-Oct-2022","3,597.50","3,617.15","3,570.00","3,594.65","353,529"
"07-Oct-2022","3,580.05","3,668.90","3,580.00","3,603.55","591,544"
"10-Oct-2022","3,557.35","3,624.90","3,529.05","3,616.95","240,975"
"11-Oct-2022","3,635.05","3,635.05","3,519.60","3,528.75","258,827"
"12-Oct-2022","3,546.40","3,653.00","3,515.85","3,624.50","496,229"
"13-Oct-2022","3,616.85","3,648.80","3,590.00","3,604.80","336,605"
"14-Oct-2022","3,659.95","3,663.00","3,552.15","3,570.50","499,983"
"17-Oct-2022","3,580.00","3,674.80","3,578.00","3,629.00","921,084"
"18-Oct-2022","3,647.15","3,664.85","3,602.10","3,611.30","496,519"
"19-Oct-2022","3,629.40","3,716.95","3,623.75","3,655.85","456,361"
"20-Oct-2022","3,629.35","3,703.90","3,586.00","3,691.85","310,251"
"21-Oct-2022","3,699.00","3,720.35","3,641.75","3,668.60","207,556"
"24-Oct-2022","3,715.00","3,720.00","3,680.00","3,699.80","29,986"
"25-Oct-2022","3,699.00","3,727.00","3,644.00","3,654.10","351,456"
"27-Oct-2022","3,690.60","3,690.60","3,606.15","3,622.30","333,703"
"28-Oct-2022","3,640.45","3,719.00","3,631.00","3,670.70","500,485"
"31-Oct-2022","3,689.10","3,706.35","3,659.10","3,671.85","314,769"
"01-Nov-2022","3,686.55","3,744.20","3,663.00","3,732.70","514,106"
"02-Nov-2022","3,746.00","3,746.00","3,693.60","3,736.80","317,571"
"03-Nov-2022","3,754.00","3,814.00","3,731.05","3,773.50","637,882"
"04-Nov-2022","3,779.45","3,809.90","3,762.90","3,771.10","230,932"
"07-Nov-2022","3,790.00","3,818.65","3,758.50","3,769.85","272,013"
"09-Nov-2022","3,790.00","3,794.00","3,717.85","3,739.55","249,436"
"10-Nov-2022","3,739.55","3,770.00","3,717.00","3,724.60","291,055"
"11-Nov-2022","3,743.25","3,783.95","3,708.50","3,727.65","268,871"
"14-Nov-2022","3,746.30","3,768.00","3,710.45","3,726.00","200,313"
"15-Nov-2022","3,726.05","3,789.00","3,726.05","3,764.15","296,104"
"16-Nov-2022","3,757.00","3,798.50","3,739.65","3,747.45","329,588"
"17-Nov-2022","3,749.00","3,767.35","3,678.40","3,694.15","185,433"
"18-Nov-2022","3,694.15","3,706.85","3,621.00","3,632.95","327,528"
"21-Nov-2022","3,615.00","3,645.80","3,606.40","3,619.50","226,673"
"22-Nov-2022","3,636.00","3,643.00","3,585.00","3,619.10","322,261"
"23-Nov-2022","3,622.20","3,654.15","3,595.00","3,607.85","340,707"
"24-Nov-2022","3,617.20","3,629.65","3,598.45","3,620.15","397,640"
"25-Nov-2022","3,632.25","3,652.70","3,601.00","3,640.25","224,797"
"28-Nov-2022","3,630.20","3,710.00","3,630.20","3,676.70","185,431"
"29-Nov-2022","3,680.35","3,697.00","3,652.00","3,660.10","134,922"
"30-Nov-2022","3,674.95","3,772.90","3,671.00","3,750.70","1,267,676"
"01-Dec-2022","3,744.05","3,744.05","3,594.35","3,707.60","514,227"
"02-Dec-2022","3,707.00","3,712.35","3,640.80","3,659.35","349,992"
"05-Dec-2022","3,672.00","3,672.00","3,638.00","3,659.90","163,476"
"06-Dec-2022","3,652.00","3,699.80","3,642.10","3,694.80","251,515"
"07-Dec-2022","3,694.80","3,708.55","3,629.55","3,634.65","167,024"
"08-Dec-2022","3,635.05","3,658.55","3,618.00","3,636.15","141,912"
"09-Dec-2022","3,650.00","3,669.30","3,601.00","3,616.95","166,035"
"12-Dec-2022","3,616.95","3,624.60","3,573.55","3,596.75","171,844"
"13-Dec-2022","3,614.75","3,642.00","3,591.30","3,636.75","126,272"
"14-Dec-2022","3,650.00","3,667.95","3,641.00","3,652.05","132,320"
"15-Dec-2022","3,635.00","3,656.00","3,610.00","3,619.30","161,541"
"16-Dec-2022","3,613.75","3,627.90","3,539.00","3,549.60","228,381"
"19-Dec-2022","3,567.35","3,636.35","3,550.00","3,629.75","238,078"
"20-Dec-2022","3,634.00","3,634.00","3,581.40","3,613.60","152,284"
"21-Dec-2022","3,615.00","3,657.15","3,592.60","3,611.05","149,348"
"22-Dec-2022","3,629.15","3,647.90","3,581.55","3,600.85","158,182"
"23-Dec-2022","3,580.00","3,600.00","3,533.00","3,541.80","122,024"
"26-Dec-2022","3,542.00","3,574.80","3,524.05","3,552.20","140,091"
"27-Dec-2022","3,555.00","3,600.00","3,550.00","3,590.95","115,917"
"28-Dec-2022","3,580.00","3,604.95","3,550.00","3,586.85","229,748"
"29-Dec-2022","3,579.00","3,600.00","3,540.00","3,568.80","748,244"
"30-Dec-2022","3,580.00","3,643.10","3,567.65","3,616.05","287,867"
"02-Jan-2023","3,617.00","3,620.00","3,520.45","3,573.95","471,328"
"03-Jan-2023","3,562.50","3,620.00","3,562.50","3,601.70","218,996"
"04-Jan-2023","3,588.00","3,602.55","3,543.50","3,552.85","250,071"
"05-Jan-2023","3,568.00","3,632.50","3,558.35","3,621.15","294,998"
"06-Jan-2023","3,618.00","3,648.00","3,598.00","3,642.25","173,591"
"09-Jan-2023","3,660.50","3,669.00","3,606.00","3,620.75","200,031"
"10-Jan-2023","3,630.60","3,636.00","3,563.30","3,574.20","247,609"
"11-Jan-2023","3,585.00","3,589.95","3,531.05","3,538.05","308,958"
"12-Jan-2023","3,538.05","3,580.00","3,520.05","3,570.30","182,941"
"13-Jan-2023","3,580.00","3,617.85","3,555.15","3,605.30","180,876"
"16-Jan-2023","3,609.95","3,620.95","3,560.00","3,583.15","226,147"
"17-Jan-2023","3,590.00","3,612.70","3,568.15","3,606.95","106,465"
"18-Jan-2023","3,625.00","3,638.75","3,579.00","3,609.90","306,275"
"19-Jan-2023","3,599.95","3,628.95","3,572.00","3,575.95","226,186"
"20-Jan-2023","3,583.05","3,586.60","3,551.25","3,572.75","191,361"
"23-Jan-2023","3,583.50","3,627.00","3,571.00","3,623.55","173,482"
"24-Jan-2023","3,626.00","3,696.10","3,611.45","3,686.50","212,778"
"25-Jan-2023","3,689.00","3,740.00","3,673.70","3,717.40","375,571"
"27-Jan-2023","3,850.00","3,995.00","3,830.00","3,936.75","2,375,899"
"30-Jan-2023","3,940.00","3,948.95","3,818.85","3,841.15","654,472"
"31-Jan-2023","3,878.00","3,878.00","3,801.00","3,818.25","359,118"
"01-Feb-2023","3,829.45","3,886.40","3,760.10","3,811.30","328,212"
"02-Feb-2023","3,799.00","3,859.10","3,740.00","3,790.70","309,024"
"03-Feb-2023","3,785.00","3,858.00","3,769.20","3,852.55","242,350"
"06-Feb-2023","3,846.55","3,869.70","3,804.10","3,849.10","205,412"
"07-Feb-2023","3,873.00","3,895.00","3,818.20","3,879.45","246,673"
"08-Feb-2023","3,898.85","3,898.85","3,835.50","3,880.30","309,039"
"09-Feb-2023","3,879.90","3,890.50","3,832.25","3,845.75","249,061"
"10-Feb-2023","3,845.00","3,848.95","3,800.10","3,831.65","170,034"
"13-Feb-2023","3,850.85","3,912.60","3,824.00","3,883.50","372,862"
"14-Feb-2023","3,894.95","3,906.95","3,862.55","3,876.10","251,160"
"15-Feb-2023","3,866.60","3,911.90","3,850.00","3,905.40","214,072"
"16-Feb-2023","3,910.00","3,930.95","3,892.00","3,906.60","166,844"
"17-Feb-2023","3,890.00","3,920.00","3,872.00","3,894.30","167,844"
"20-Feb-2023","3,894.95","3,934.95","3,893.35","3,903.80","169,828"
"21-Feb-2023","3,927.00","3,927.00","3,824.70","3,837.10","177,954"
"22-Feb-2023","3,837.10","3,890.25","3,814.95","3,840.70","477,992"
"23-Feb-2023","3,847.50","3,872.75","3,815.20","3,831.90","299,446"
"24-Feb-2023","3,833.55","3,874.90","3,833.55","3,849.95","263,732"
"27-Feb-2023","3,799.95","3,799.95","3,626.05","3,639.85","822,866"
"28-Feb-2023","3,647.00","3,743.00","3,625.60","3,661.20","723,245"
"01-Mar-2023","3,670.00","3,748.35","3,636.90","3,731.65","432,887"
"02-Mar-2023","3,731.05","3,757.35","3,680.00","3,715.25","276,614"
"03-Mar-2023","3,720.05","3,748.00","3,697.45","3,732.00","281,411"
"06-Mar-2023","3,721.70","3,774.00","3,718.15","3,723.05","186,747"
"08-Mar-2023","3,723.80","3,817.80","3,711.05","3,811.20","478,922"
"09-Mar-2023","3,811.20","3,838.75","3,801.00","3,813.50","295,897"
"10-Mar-2023","3,830.00","3,845.40","3,798.00","3,821.90","530,973"
"13-Mar-2023","3,822.95","3,838.00","3,768.30","3,778.45","247,745"
"14-Mar-2023","3,778.45","3,794.45","3,735.90","3,752.90","278,919"
"15-Mar-2023","3,774.90","3,787.50","3,720.55","3,730.00","317,890"
"16-Mar-2023","3,740.95","3,811.00","3,740.95","3,800.20","377,544"
"17-Mar-2023","3,817.80","3,827.95","3,792.05","3,814.40","396,793"
"20-Mar-2023","3,790.00","3,834.95","3,785.10","3,805.00","331,370"
"21-Mar-2023","3,806.50","3,922.00","3,796.75","3,905.70","803,886"
"22-Mar-2023","3,921.75","3,945.50","3,888.60","3,923.95","311,063"
"23-Mar-2023","3,902.50","3,912.40","3,853.05","3,862.95","256,313"
"24-Mar-2023","3,845.10","3,882.90","3,812.00","3,827.90","281,359"
"27-Mar-2023","3,834.95","3,844.30","3,800.00","3,807.55","198,811"
"28-Mar-2023","3,821.00","3,833.80","3,769.55","3,791.60","144,400"
"29-Mar-2023","3,810.50","3,894.00","3,800.15","3,879.30","429,300"
"31-Mar-2023","3,875.65","3,907.85","3,860.00","3,884.75","248,433"
"03-Apr-2023","3,904.80","3,995.00","3,888.20","3,993.75","497,915"
"05-Apr-2023","3,994.00","4,026.95","3,960.05","4,023.15","584,697"
"06-Apr-2023","4,028.00","4,065.00","4,020.05","4,033.60","321,813"
"10-Apr-2023","4,035.05","4,072.00","4,030.10","4,061.60","218,632"
"11-Apr-2023","4,080.00","4,183.55","4,070.55","4,177.40","685,931"
"12-Apr-2023","4,177.40","4,307.35","4,170.50","4,286.00","992,142"
"13-Apr-2023","4,270.00","4,305.95","4,260.05","4,288.35","371,608"
"17-Apr-2023","4,311.00","4,311.00","4,221.05","4,254.35","718,984"
"18-Apr-2023","4,254.25","4,266.10","4,175.05","4,209.25","235,015"
"19-Apr-2023","4,184.10","4,296.90","4,180.05","4,265.80","406,755"
"20-Apr-2023","4,265.00","4,330.50","4,252.05","4,314.35","409,146"
"21-Apr-2023","4,323.00","4,337.00","4,283.05","4,308.30","237,639"
"24-Apr-2023","4,308.30","4,354.95","4,282.70","4,332.10","279,716"
"25-Apr-2023","4,340.00","4,375.00","4,316.10","4,342.55","367,525"
"26-Apr-2023","4,345.00","4,362.65","4,281.00","4,299.00","964,051"
"27-Apr-2023","4,300.00","4,422.55","4,294.00","4,408.20","667,011"
"28-Apr-2023","4,397.35","4,439.70","4,390.05","4,431.95","457,064"
"02-May-2023","4,439.95","4,506.50","4,424.05","4,498.00","522,701"
"03-May-2023","4,484.50","4,489.95","4,435.00","4,447.85","351,550"
"04-May-2023","4,446.80","4,470.00","4,437.25","4,457.70","191,019"
"05-May-2023","4,463.10","4,504.30","4,427.40","4,463.10","180,033"
"08-May-2023","4,475.00","4,558.00","4,465.20","4,549.25","365,732"
"09-May-2023","4,572.85","4,577.00","4,519.65","4,528.85","329,083"
"10-May-2023","4,555.00","4,576.50","4,529.35","4,555.95","229,527"
"11-May-2023","4,594.00","4,594.00","4,535.10","4,547.90","293,197"
"12-May-2023","4,545.00","4,628.85","4,517.00","4,538.90","620,213"
"15-May-2023","4,569.00","4,608.50","4,542.05","4,564.55","534,604"
"16-May-2023","4,583.50","4,595.00","4,530.00","4,538.35","321,308"
"17-May-2023","4,550.00","4,600.00","4,509.00","4,529.35","346,510"
"18-May-2023","4,539.95","4,572.45","4,513.25","4,518.65","194,233"
"19-May-2023","4,534.00","4,550.15","4,464.05","4,483.20","398,571"
"22-May-2023","4,494.95","4,566.65","4,494.95","4,523.25","368,479"
"23-May-2023","4,534.95","4,553.40","4,491.10","4,498.10","239,196"
"24-May-2023","4,505.55","4,552.20","4,492.05","4,517.60","395,343"
"25-May-2023","4,505.65","4,651.40","4,504.60","4,644.00","1,016,606"
"26-May-2023","4,612.35","4,664.55","4,605.30","4,615.95","484,972"
"29-May-2023","4,659.95","4,663.15","4,608.10","4,618.50","301,343"
"30-May-2023","4,615.10","4,635.35","4,586.70","4,591.90","229,574"
"31-May-2023","4,589.80","4,628.95","4,552.65","4,567.15","719,613"
"01-Jun-2023","4,587.00","4,669.80","4,567.25","4,643.60","698,733"
"02-Jun-2023","4,674.20","4,707.00","4,647.25","4,669.10","606,833"
"05-Jun-2023","4,688.00","4,716.95","4,669.00","4,710.05","234,925"
"06-Jun-2023","4,717.50","4,744.95","4,710.05","4,726.25","353,149"
"07-Jun-2023","4,736.95","4,787.90","4,736.95","4,780.75","239,491"
"08-Jun-2023","4,800.85","4,829.90","4,776.80","4,800.65","295,499"
"09-Jun-2023","4,800.65","4,821.80","4,735.00","4,743.40","208,197"
"12-Jun-2023","4,749.95","4,790.00","4,733.35","4,769.65","137,778"
"13-Jun-2023","4,770.00","4,795.00","4,746.45","4,755.95","247,078"
"14-Jun-2023","4,751.10","4,768.45","4,712.00","4,730.20","191,238"
"15-Jun-2023","4,741.90","4,764.65","4,702.50","4,721.55","178,304"
"16-Jun-2023","4,695.00","4,714.75","4,620.00","4,641.95","658,995"
"19-Jun-2023","4,645.00","4,655.00","4,586.65","4,597.35","193,043"
"20-Jun-2023","4,585.00","4,670.00","4,569.05","4,662.00","453,523"
"21-Jun-2023","4,678.00","4,703.65","4,637.00","4,650.15","274,821"
"22-Jun-2023","4,664.05","4,669.00","4,601.60","4,612.10","180,102"
"23-Jun-2023","4,613.10","4,655.00","4,605.40","4,622.60","348,409"
"26-Jun-2023","4,624.75","4,657.95","4,600.55","4,606.90","298,624"
"27-Jun-2023","4,633.90","4,678.65","4,610.00","4,618.05","444,793"
"28-Jun-2023","4,630.00","4,740.00","4,620.10","4,716.30","769,406"
"30-Jun-2023","4,636.00","4,735.00","4,635.00","4,691.55","587,936"
"03-Jul-2023","4,685.20","4,688.00","4,588.05","4,610.65","457,367"
"04-Jul-2023","4,611.95","4,674.80","4,611.95","4,625.40","286,373"
"05-Jul-2023","4,647.95","4,900.00","4,633.00","4,890.05","891,033"
"06-Jul-2023","4,890.00","4,938.00","4,832.00","4,917.70","888,595"
"07-Jul-2023","4,875.50","4,913.15","4,820.55","4,834.00","405,959"
"10-Jul-2023","4,849.00","4,951.00","4,845.05","4,897.95","659,388"
"11-Jul-2023","4,938.50","4,954.45","4,905.00","4,917.65","400,593"
"12-Jul-2023","4,929.00","4,947.50","4,867.00","4,878.45","295,827"
"13-Jul-2023","4,921.00","4,990.00","4,849.85","4,866.45","501,038"
"14-Jul-2023","4,894.95","4,906.30","4,850.00","4,859.60","419,873"
"17-Jul-2023","4,883.95","4,906.40","4,821.10","4,833.15","250,127"
"18-Jul-2023","4,845.55","4,995.10","4,830.00","4,860.60","270,028"
"19-Jul-2023","4,881.00","4,909.15","4,818.20","4,823.65","247,325"
"20-Jul-2023","4,828.00","4,889.00","4,782.05","4,868.70","450,566"
"21-Jul-2023","4,842.10","4,879.40","4,835.25","4,862.70","367,833"
"24-Jul-2023","4,862.00","4,919.00","4,851.15","4,882.75","288,534"
"25-Jul-2023","4,884.50","4,909.90","4,777.35","4,848.95","743,269"
"26-Jul-2023","4,890.00","4,903.50","4,840.95","4,870.45","387,130"
"27-Jul-2023","4,899.00","4,908.00","4,824.30","4,851.00","321,326"
"28-Jul-2023","4,855.00","4,900.00","4,829.65","4,892.50","255,158"
"31-Jul-2023","4,895.50","4,938.40","4,866.05","4,931.40","325,463"
"01-Aug-2023","4,941.75","4,978.65","4,899.15","4,923.95","391,794"
"02-Aug-2023","4,913.40","4,937.95","4,821.25","4,832.10","249,850"
"03-Aug-2023","4,837.00","4,913.65","4,806.00","4,826.30","418,377"
"04-Aug-2023","4,830.00","4,864.20","4,700.00","4,712.00","451,353"
"07-Aug-2023","4,743.55","4,743.55","4,665.00","4,670.10","436,583"
"08-Aug-2023","4,670.10","4,698.00","4,637.10","4,650.15","487,053"
"09-Aug-2023","4,650.50","4,689.80","4,616.10","4,666.55","282,034"
"10-Aug-2023","4,670.00","4,708.40","4,628.80","4,636.60","330,123"
"11-Aug-2023","4,636.60","4,650.00","4,581.60","4,599.05","274,197"
"14-Aug-2023","4,576.00","4,633.70","4,541.00","4,616.70","154,258"
"16-Aug-2023","4,577.00","4,615.00","4,559.75","4,600.60","188,763"
"17-Aug-2023","4,576.05","4,668.45","4,576.05","4,657.85","311,184"
"18-Aug-2023","4,649.55","4,649.55","4,595.30","4,615.55","243,546"
"21-Aug-2023","4,603.00","4,629.95","4,592.80","4,610.85","118,491"
"22-Aug-2023","4,617.95","4,636.55","4,601.65","4,628.40","96,290"
"23-Aug-2023","4,640.00","4,666.35","4,619.00","4,660.75","263,771"
"24-Aug-2023","4,689.00","4,727.10","4,574.45","4,630.15","433,867"
"25-Aug-2023","4,624.00","4,646.90","4,569.75","4,584.05","293,384"
"28-Aug-2023","4,586.50","4,620.00","4,586.00","4,600.45","283,469"
"29-Aug-2023","4,615.00","4,671.00","4,605.05","4,664.55","320,941"
"30-Aug-2023","4,688.95","4,720.80","4,661.60","4,675.00","370,694"
"31-Aug-2023","4,675.00","4,703.05","4,602.20","4,613.80","479,472"
"01-Sep-2023","4,622.40","4,699.00","4,619.00","4,668.45","456,071"
"04-Sep-2023","4,683.00","4,689.40","4,622.40","4,637.15","328,037"
"05-Sep-2023","4,639.00","4,735.00","4,635.35","4,701.60","353,620"
"06-Sep-2023","4,701.50","4,710.00","4,666.70","4,683.80","224,928"
"07-Sep-2023","4,679.00","4,725.00","4,655.00","4,717.20","319,934"
"08-Sep-2023","4,717.20","4,784.60","4,702.70","4,759.55","209,769"
"11-Sep-2023","4,779.00","4,810.00","4,763.00","4,806.40","151,600"
"12-Sep-2023","4,843.95","4,849.85","4,762.60","4,820.60","305,478"
"13-Sep-2023","4,820.00","4,843.00","4,800.25","4,808.30","207,142"
"14-Sep-2023","4,814.95","4,858.00","4,787.55","4,844.50","249,498"
"15-Sep-2023","4,894.90","5,149.00","4,893.00","5,130.50","1,689,829"
"18-Sep-2023","5,124.00","5,274.90","5,094.25","5,176.65","804,973"
"20-Sep-2023","5,176.00","5,263.35","5,166.10","5,182.95","622,924"
"21-Sep-2023","5,168.00","5,185.55","5,073.10","5,085.20","640,829"
"22-Sep-2023","5,051.00","5,084.15","4,996.20","5,001.05","498,375"
"25-Sep-2023","5,000.00","5,060.15","4,992.85","5,005.45","539,731"
"26-Sep-2023","5,011.00","5,102.95","5,000.15","5,069.20","450,923"
"27-Sep-2023","5,065.20","5,067.55","5,018.00","5,032.95","257,406"
"28-Sep-2023","5,047.80","5,128.85","4,980.15","5,006.60","580,065"
"29-Sep-2023","5,029.00","5,082.50","5,004.90","5,063.70","248,079"
"03-Oct-2023","5,065.00","5,073.00","4,997.10","5,016.45","464,531"
"04-Oct-2023","5,011.25","5,019.20","4,903.05","4,918.60","256,544"
"05-Oct-2023","4,935.00","5,039.30","4,925.10","5,011.05","657,876"
"06-Oct-2023","5,120.00","5,120.00","4,997.50","5,014.60","279,352"
"09-Oct-2023","4,957.05","5,068.70","4,957.05","5,007.30","244,083"
"10-Oct-2023","5,007.30","5,064.00","5,002.20","5,037.50","307,502"
"11-Oct-2023","5,055.00","5,095.00","5,050.00","5,064.40","575,680"
"12-Oct-2023","5,085.00","5,151.00","5,051.10","5,106.60","472,168"
"13-Oct-2023","5,089.95","5,123.45","5,040.00","5,052.40","387,366"
"16-Oct-2023","5,035.00","5,099.40","5,032.00","5,076.70","158,560"
"17-Oct-2023","5,083.00","5,150.00","5,070.00","5,141.25","318,565"
"18-Oct-2023","5,150.00","5,198.75","5,125.65","5,137.35","360,985"
"19-Oct-2023","5,300.00","5,495.00","5,245.00","5,482.60","2,838,352"
"20-Oct-2023","5,450.00","5,510.00","5,436.90","5,489.30","763,919"
"23-Oct-2023","5,453.05","5,493.40","5,395.05","5,405.40","451,167"
"25-Oct-2023","5,385.00","5,423.95","5,332.30","5,347.30","620,266"
"26-Oct-2023","5,333.85","5,347.45","5,236.00","5,259.35","746,266"
"27-Oct-2023","5,265.00","5,423.70","5,265.00","5,373.55","843,465"
"30-Oct-2023","5,388.00","5,397.75","5,275.00","5,308.90","360,967"
"31-Oct-2023","5,340.00","5,366.15","5,292.60","5,314.05","400,987"
"01-Nov-2023","5,305.00","5,449.50","5,305.00","5,344.35","619,765"
"02-Nov-2023","5,383.90","5,392.85","5,285.00","5,318.40","304,362"
"03-Nov-2023","5,357.00","5,377.05","5,316.60","5,368.95","448,715"
"06-Nov-2023","5,380.00","5,427.50","5,377.10","5,406.85","394,137"
"07-Nov-2023","5,406.85","5,445.00","5,405.30","5,419.00","202,689"
"08-Nov-2023","5,434.00","5,435.25","5,381.25","5,397.60","202,145"
"09-Nov-2023","5,421.80","5,455.00","5,382.15","5,418.90","232,773"
"10-Nov-2023","5,409.95","5,427.05","5,349.05","5,392.05","149,325"
"12-Nov-2023","5,425.00","5,455.00","5,358.60","5,442.55","29,055"
"13-Nov-2023","5,435.00","5,439.80","5,395.55","5,425.20","93,497"
"15-Nov-2023","5,525.00","5,555.00","5,461.10","5,536.70","640,468"
"16-Nov-2023","5,520.00","5,583.30","5,496.95","5,550.90","324,712"
"17-Nov-2023","5,556.90","5,674.95","5,479.35","5,631.50","531,539"
"20-Nov-2023","5,610.05","5,675.95","5,606.00","5,650.15","679,425"
"21-Nov-2023","5,640.50","5,707.35","5,640.00","5,685.95","746,193"
"22-Nov-2023","5,680.00","5,764.90","5,661.30","5,751.55","497,403"
"23-Nov-2023","5,800.00","5,945.00","5,783.10","5,925.25","1,118,718"
"24-Nov-2023","5,940.00","5,960.00","5,900.00","5,930.30","297,211"
"28-Nov-2023","5,969.80","6,039.65","5,912.00","5,998.15","380,535"
"29-Nov-2023","6,010.00","6,096.40","5,973.30","6,069.95","406,974"
"30-Nov-2023","6,095.00","6,128.90","6,031.00","6,090.55","501,833"
"01-Dec-2023","6,050.00","6,090.00","6,003.30","6,046.05","439,023"
"04-Dec-2023","6,090.55","6,217.70","6,087.45","6,201.70","359,158"
"05-Dec-2023","6,194.05","6,194.05","6,111.10","6,140.10","565,826"
"06-Dec-2023","6,089.05","6,096.00","5,987.85","6,069.95","699,201"
"07-Dec-2023","6,069.95","6,154.45","6,063.10","6,093.60","427,407"
"08-Dec-2023","6,115.00","6,120.00","6,048.05","6,075.70","233,266"
"11-Dec-2023","6,085.00","6,145.00","6,018.30","6,138.40","175,955"
"12-Dec-2023","6,164.00","6,299.95","6,149.95","6,254.20","810,900"
"13-Dec-2023","6,259.90","6,329.00","6,224.35","6,316.10","373,989"
"14-Dec-2023","6,325.00","6,360.00","6,284.20","6,334.85","419,212"
"15-Dec-2023","6,368.95","6,402.10","6,256.15","6,275.20","553,522"
"18-Dec-2023","6,275.20","6,486.75","6,262.15","6,465.70","851,061"
"19-Dec-2023","6,470.00","6,470.25","6,395.90","6,419.00","377,109"
"20-Dec-2023","6,434.00","6,466.00","6,350.00","6,364.45","385,863"
"21-Dec-2023","6,333.20","6,345.00","6,232.00","6,246.35","397,717"
"22-Dec-2023","6,288.00","6,395.00","6,264.25","6,372.10","237,213"
"26-Dec-2023","6,379.85","6,475.00","6,370.05","6,464.55","302,139"
"27-Dec-2023","6,470.00","6,740.25","6,465.20","6,709.65","1,017,894"
"28-Dec-2023","6,709.65","6,738.65","6,666.00","6,703.30","406,228"
"29-Dec-2023","6,729.95","6,833.95","6,666.00","6,797.25","345,626"
"01-Jan-2024","6,770.00","6,795.50","6,682.05","6,701.10","253,274"
"02-Jan-2024","6,711.00","6,736.80","6,560.95","6,665.05","361,379"
"03-Jan-2024","6,644.05","7,059.85","6,604.00","6,986.50","1,256,275"
"04-Jan-2024","7,025.00","7,028.95","6,887.00","6,922.15","619,987"
"05-Jan-2024","6,950.00","7,084.00","6,920.50","6,978.50","659,306"
"08-Jan-2024","7,018.95","7,049.85","6,961.50","6,983.85","312,733"
"09-Jan-2024","7,341.00","7,399.00","7,075.90","7,093.90","2,125,908"
"10-Jan-2024","7,125.00","7,139.95","7,020.00","7,053.75","721,432"
"11-Jan-2024","7,090.00","7,324.90","7,075.00","7,298.85","1,031,594"
"12-Jan-2024","7,360.00","7,360.95","7,252.00","7,301.95","434,753"
"15-Jan-2024","7,364.00","7,419.00","7,304.05","7,332.10","440,410"
"16-Jan-2024","7,339.00","7,356.15","7,244.00","7,293.95","272,181"
"17-Jan-2024","7,112.00","7,210.00","7,081.00","7,165.95","619,338"
"18-Jan-2024","7,148.00","7,189.25","7,071.15","7,083.60","557,084"
"19-Jan-2024","7,138.80","7,180.00","7,105.00","7,136.55","327,976"
"20-Jan-2024","7,170.00","7,189.00","7,050.00","7,095.15","91,479"
"23-Jan-2024","7,075.00","7,210.00","6,936.55","7,095.90","953,921"
"24-Jan-2024","7,075.10","7,237.00","7,028.20","7,212.85","467,134"
"25-Jan-2024","7,360.00","7,625.15","7,210.00","7,597.50","2,065,788"
"29-Jan-2024","7,594.00","7,640.00","7,480.00","7,548.80","457,853"
"30-Jan-2024","7,574.90","7,660.00","7,543.65","7,566.40","266,287"
"31-Jan-2024","7,566.40","7,686.00","7,515.10","7,667.55","336,874"
"01-Feb-2024","7,680.00","7,765.00","7,636.35","7,655.75","394,564"
"02-Feb-2024","7,675.00","7,797.50","7,665.60","7,738.20","197,720"
"05-Feb-2024","7,800.00","7,838.00","7,633.50","7,658.25","252,401"
"06-Feb-2024","7,675.00","7,747.70","7,670.60","7,720.40","131,992"
"07-Feb-2024","7,745.00","7,777.80","7,665.60","7,701.90","159,783"
"08-Feb-2024","7,729.00","7,783.45","7,668.15","7,757.25","282,537"
"09-Feb-2024","7,778.80","7,790.50","7,669.00","7,784.85","173,555"
"12-Feb-2024","7,775.00","7,874.20","7,766.05","7,829.95","219,911"
"13-Feb-2024","7,830.00","7,935.15","7,811.95","7,917.40","258,767"
"14-Feb-2024","7,899.00","8,136.85","7,880.00","8,083.30","513,900"
"15-Feb-2024","8,120.60","8,156.85","8,045.30","8,123.05","394,525"
"16-Feb-2024","8,185.85","8,455.45","8,137.10","8,325.05","938,756"
"19-Feb-2024","8,400.00","8,650.00","8,361.10","8,509.70","1,044,959"
"20-Feb-2024","8,505.00","8,505.00","8,238.70","8,295.20","547,082"
"21-Feb-2024","8,300.00","8,376.85","8,205.00","8,232.25","439,817"
"22-Feb-2024","8,260.00","8,550.00","8,220.00","8,498.45","548,486"
"23-Feb-2024","8,497.50","8,531.00","8,401.05","8,436.95","340,749"
"26-Feb-2024","8,458.80","8,547.95","8,375.00","8,448.00","345,968"
"27-Feb-2024","8,460.00","8,490.00","8,383.50","8,463.50","392,445"
"28-Feb-2024","8,470.00","8,486.65","8,071.85","8,188.65","537,728"
"29-Feb-2024","7,997.40","8,143.50","7,890.00","7,909.35","1,042,536"
"01-Mar-2024","7,955.00","8,094.00","7,945.30","8,040.05","399,007"
"02-Mar-2024","8,079.90","8,150.10","7,989.15","8,041.30","14,968"
"04-Mar-2024","8,068.75","8,225.00","8,046.65","8,207.30","410,053"
"05-Mar-2024","8,160.05","8,388.00","8,160.05","8,351.75","615,117"
"06-Mar-2024","8,369.70","8,681.15","8,364.00","8,605.80","959,543"
"07-Mar-2024","8,638.00","8,972.85","8,500.05","8,879.05","1,243,547"
"11-Mar-2024","9,023.45","9,025.00","8,630.00","8,659.40","631,957"
"12-Mar-2024","8,636.95","8,699.95","8,475.25","8,527.70","324,864"
"13-Mar-2024","8,527.70","8,617.20","8,296.95","8,384.90","430,048"
"14-Mar-2024","8,330.50","8,400.00","8,202.05","8,383.55","392,634"
"15-Mar-2024","8,384.80","8,432.10","8,110.00","8,350.70","676,870"
"18-Mar-2024","8,343.00","8,547.15","8,294.20","8,521.80","367,524"
"19-Mar-2024","8,500.00","8,687.90","8,442.55","8,640.20","673,456"
"20-Mar-2024","8,640.00","8,784.00","8,562.00","8,635.60","790,885"
"21-Mar-2024","8,608.20","8,770.00","8,585.00","8,750.60","720,691"
"22-Mar-2024","8,700.05","9,050.00","8,682.00","8,945.25","851,210"
"26-Mar-2024","8,945.25","9,020.00","8,851.05","8,960.55","534,067"
"27-Mar-2024","8,959.00","9,287.80","8,926.70","9,162.50","1,034,030"
"28-Mar-2024","9,162.50","9,243.60","8,980.05","9,148.15","847,202"
"01-Apr-2024","9,194.80","9,211.60","9,013.10","9,042.15","419,820"
"02-Apr-2024","9,150.00","9,357.95","9,139.50","9,276.10","803,845"
"03-Apr-2024","9,248.95","9,248.95","9,065.20","9,080.45","453,210"
"04-Apr-2024","9,139.00","9,181.75","8,988.05","9,146.15","617,929"
"05-Apr-2024","9,130.00","9,130.00","9,000.50","9,009.50","356,305"
"08-Apr-2024","9,049.00","9,090.00","8,951.30","9,030.50","376,197"
"09-Apr-2024","9,090.00","9,132.70","8,936.40","8,978.90","237,944"
"10-Apr-2024","9,034.80","9,049.80","8,901.35","9,005.55","319,824"
"12-Apr-2024","8,949.05","9,119.00","8,930.00","9,064.85","480,474"
"15-Apr-2024","9,059.10","9,177.70","8,945.00","8,997.05","386,707"
"16-Apr-2024","8,948.00","9,029.45","8,784.10","8,919.15","487,529"
"18-Apr-2024","8,967.90","9,129.00","8,950.00","9,021.30","819,240"
"19-Apr-2024","9,075.05","9,090.00","8,700.05","8,804.50","1,385,007"
"22-Apr-2024","8,884.00","8,884.00","8,745.00","8,795.75","323,734"
"23-Apr-2024","8,845.00","8,861.50","8,761.00","8,795.80","295,346"
"24-Apr-2024","8,819.90","8,869.00","8,680.00","8,697.10","319,824"
"25-Apr-2024","8,697.00","8,770.00","8,641.40","8,734.90","524,667"
"26-Apr-2024","8,747.30","8,994.95","8,734.55","8,974.30","521,344"
"29-Apr-2024","8,974.30","8,989.80","8,729.00","8,760.10","299,443"
"30-Apr-2024","8,799.40","8,966.00","8,795.00","8,903.65","360,403"
"02-May-2024","8,944.00","9,146.45","8,826.10","9,110.65","638,239"
"03-May-2024","9,170.00","9,258.60","9,064.35","9,105.60","396,042"
"06-May-2024","9,120.00","9,185.75","8,810.55","9,052.55","458,431"
"07-May-2024","9,055.15","9,074.95","8,642.55","8,677.90","588,285"
"08-May-2024","8,651.00","8,785.35","8,592.80","8,749.40","451,581"
"09-May-2024","8,800.00","9,007.45","8,786.35","8,846.85","645,689"
"10-May-2024","8,950.00","9,047.95","8,906.50","8,981.80","482,797"
"13-May-2024","9,022.90","9,025.00","8,870.50","8,992.30","435,605"
"14-May-2024","8,952.25","9,089.00","8,882.75","9,065.25","408,162"
"15-May-2024","9,069.00","9,125.00","8,877.35","8,903.15","274,392"
"16-May-2024","8,950.00","8,955.55","8,710.00","8,871.85","680,474"
"17-May-2024","8,891.00","8,958.35","8,765.50","8,780.70","323,961"
"18-May-2024","8,815.00","8,841.50","8,780.00","8,813.85","20,151"
"21-May-2024","8,775.00","8,860.00","8,775.00","8,820.70","417,798"
"22-May-2024","8,850.00","8,850.00","8,736.00","8,805.55","302,838"
"23-May-2024","8,850.00","8,985.00","8,751.20","8,963.45","731,514"
"24-May-2024","8,980.00","9,024.00","8,870.10","8,948.20","455,920"
"27-May-2024","9,002.00","9,069.45","8,881.70","8,998.70","301,747"
"28-May-2024","8,998.70","9,022.25","8,916.20","8,989.75","259,094"
"29-May-2024","8,950.00","9,139.45","8,902.75","9,070.20","339,934"
"30-May-2024","9,068.00","9,128.90","8,927.60","8,968.50","305,109"
"31-May-2024","8,990.00","9,125.50","8,923.00","9,084.75","560,005"
"03-Jun-2024","9,180.00","9,444.00","9,122.55","9,335.45","438,422"
"04-Jun-2024","9,227.00","9,372.85","8,808.00","9,246.75","738,601"
"05-Jun-2024","9,241.00","9,679.00","9,176.00","9,602.25","489,543"
"06-Jun-2024","9,595.30","9,740.00","9,454.00","9,701.45","570,095"
"07-Jun-2024","9,643.60","9,740.10","9,615.00","9,725.55","246,783"
"10-Jun-2024","9,779.00","9,924.00","9,681.50","9,733.05","201,452"
"11-Jun-2024","9,740.00","9,900.00","9,700.10","9,812.70","457,442"
"12-Jun-2024","9,854.00","9,944.00","9,795.70","9,904.25","277,175"
"13-Jun-2024","9,904.00","9,940.00","9,825.25","9,923.40","277,783"
"14-Jun-2024","9,826.00","9,995.00","9,813.05","9,961.75","320,933"
"18-Jun-2024","9,922.00","10,038.80","9,908.00","9,918.20","206,100"
"19-Jun-2024","9,939.50","9,948.00","9,670.00","9,685.80","279,789"
"20-Jun-2024","9,692.00","9,735.90","9,565.00","9,632.00","324,597"
"21-Jun-2024","9,675.00","9,728.95","9,571.10","9,602.25","334,018"
"24-Jun-2024","9,580.00","9,758.95","9,510.55","9,745.25","283,754"
"25-Jun-2024","9,755.00","9,825.00","9,645.00","9,659.95","282,048"
"26-Jun-2024","9,659.90","9,660.30","9,441.50","9,474.65","431,217"
"27-Jun-2024","9,564.65","9,564.65","9,365.65","9,417.45","637,626"
"28-Jun-2024","9,465.00","9,523.70","9,382.25","9,501.65","237,516"
"01-Jul-2024","9,505.00","9,693.95","9,505.00","9,532.40","289,355"
"02-Jul-2024","9,520.00","9,532.40","9,381.10","9,401.25","287,884"
"03-Jul-2024","9,474.00","9,554.95","9,384.60","9,422.40","318,120"
"04-Jul-2024","9,479.90","9,499.00","9,420.35","9,460.85","234,656"
"05-Jul-2024","9,522.00","9,660.00","9,493.30","9,635.80","608,628"
"08-Jul-2024","9,640.00","9,666.15","9,470.00","9,529.40","316,215"
"09-Jul-2024","9,565.00","9,565.00","9,481.20","9,534.10","262,913"
"10-Jul-2024","9,550.00","9,650.00","9,451.95","9,542.45","239,607"
"11-Jul-2024","9,542.45","9,569.50","9,383.00","9,466.80","294,900"
"12-Jul-2024","9,499.95","9,554.35","9,412.00","9,430.75","171,581"
"15-Jul-2024","9,430.75","9,738.50","9,403.95","9,673.35","504,086"
"16-Jul-2024","9,715.00","9,909.95","9,633.65","9,718.35","1,041,123"
"18-Jul-2024","9,745.00","9,745.00","9,291.50","9,626.20","1,055,384"
"19-Jul-2024","9,635.00","9,675.00","9,340.00","9,386.05","380,782"
"22-Jul-2024","9,350.00","9,435.00","9,263.20","9,409.70","247,040"
"23-Jul-2024","9,435.00","9,508.00","8,744.60","9,382.50","431,989"
"24-Jul-2024","9,360.00","9,372.70","9,250.00","9,260.20","283,213"
"25-Jul-2024","9,260.00","9,309.95","9,171.00","9,278.25","262,328"
"26-Jul-2024","9,319.00","9,505.00","9,268.45","9,492.90","250,956"
"29-Jul-2024","9,549.20","9,621.05","9,509.00","9,557.65","302,363"
"30-Jul-2024","9,550.65","9,654.00","9,512.00","9,564.35","301,885"
"31-Jul-2024","9,600.00","9,680.00","9,580.05","9,664.20","315,292"
"01-Aug-2024","9,844.00","9,844.00","9,662.00","9,730.50","308,658"
"02-Aug-2024","9,714.80","9,730.00","9,581.75","9,616.20","230,615"
"05-Aug-2024","9,396.20","9,520.00","9,369.30","9,485.05","310,757"
"06-Aug-2024","9,515.25","9,620.00","9,400.00","9,427.40","246,541"
"07-Aug-2024","9,570.00","9,725.00","9,497.50","9,708.20","270,583"
"08-Aug-2024","9,735.00","9,777.70","9,610.15","9,641.30","365,016"
"09-Aug-2024","9,761.00","9,775.00","9,614.00","9,765.95","161,640"
"12-Aug-2024","9,741.00","9,750.95","9,615.00","9,710.85","307,698"
"13-Aug-2024","9,700.00","9,789.85","9,650.00","9,671.60","161,706"
"14-Aug-2024","9,704.00","9,785.00","9,671.60","9,749.60","282,934"
"16-Aug-2024","9,788.00","9,925.00","9,693.95","9,888.15","240,190"
"19-Aug-2024","9,926.95","9,944.00","9,759.30","9,770.65","148,301"
"20-Aug-2024","9,772.20","9,876.65","9,755.05","9,779.70","132,844"
"21-Aug-2024","9,779.10","9,869.00","9,735.00","9,852.00","134,985"
"22-Aug-2024","9,900.00","10,011.00","9,841.10","9,914.20","388,874"
"23-Aug-2024","9,970.00","10,444.35","9,930.00","10,406.45","1,229,549"
"26-Aug-2024","10,375.10","10,517.15","10,339.65","10,432.55","309,223"
"27-Aug-2024","10,401.00","10,568.45","10,350.00","10,501.60","262,396"
"28-Aug-2024","10,500.00","10,715.00","10,461.30","10,656.75","338,792"
"29-Aug-2024","10,582.05","10,850.00","10,555.40","10,807.85","693,506"
"30-Aug-2024","10,835.00","10,921.35","10,705.00","10,891.55","498,560"
"02-Sep-2024","10,926.00","11,154.10","10,912.15","11,126.10","787,108"
"03-Sep-2024","11,105.95","11,118.70","11,015.00","11,043.65","217,394"
"04-Sep-2024","11,012.00","11,029.85","10,908.90","10,963.70","324,246"
"05-Sep-2024","10,964.00","11,015.85","10,825.55","10,855.75","297,298"
"06-Sep-2024","10,855.75","10,913.95","10,796.25","10,830.10","216,847"
"09-Sep-2024","10,830.10","10,902.40","10,780.00","10,847.60","193,055"
"10-Sep-2024","10,793.40","11,035.70","10,780.05","10,987.75","466,892"
"11-Sep-2024","11,067.75","11,501.30","10,986.60","11,420.75","1,283,385"
"12-Sep-2024","11,480.75","11,779.25","11,443.35","11,723.50","1,409,151"
"13-Sep-2024","11,723.50","11,893.95","11,688.40","11,737.15","417,878"
"16-Sep-2024","11,734.00","11,751.80","11,640.05","11,688.35","172,602"
"17-Sep-2024","11,680.00","11,972.85","11,643.10","11,950.30","444,755"
"18-Sep-2024","11,840.50","12,054.00","11,740.00","11,764.65","446,416"
"19-Sep-2024","11,811.20","12,040.25","11,811.20","11,868.00","500,633"
"20-Sep-2024","11,925.00","12,015.00","11,868.25","11,941.70","772,831"
"23-Sep-2024","12,000.00","12,380.00","12,000.00","12,338.95","735,579"
"24-Sep-2024","12,230.55","12,477.50","12,230.55","12,443.65","503,848"
"25-Sep-2024","12,390.00","12,430.70","12,310.00","12,397.25","262,012"
"26-Sep-2024","12,460.00","12,676.50","12,391.05","12,621.65","641,805"
"27-Sep-2024","12,621.65","12,774.00","12,551.60","12,666.40","480,852"
"30-Sep-2024","12,553.60","12,651.15","12,281.65","12,345.95","479,000"
"01-Oct-2024","12,414.25","12,500.00","12,112.10","12,157.45","670,828"
"03-Oct-2024","11,732.00","12,018.85","11,700.00","11,806.45","670,365"
"04-Oct-2024","11,661.20","11,948.30","11,639.00","11,774.40","650,553"
"07-Oct-2024","11,774.40","11,817.00","11,525.00","11,617.05","341,323"
"08-Oct-2024","11,585.00","11,936.85","11,562.20","11,889.10","359,432"
"09-Oct-2024","11,944.00","11,988.80","11,802.00","11,818.10","193,883"
"10-Oct-2024","11,821.50","12,030.95","11,803.10","11,832.00","251,378"
"11-Oct-2024","11,890.00","11,930.65","11,705.60","11,876.95","200,855"
"14-Oct-2024","11,928.80","11,990.10","11,861.60","11,899.30","177,045"
"15-Oct-2024","11,950.00","11,950.00","11,467.00","11,521.50","476,945"
"16-Oct-2024","11,537.90","11,680.00","11,381.15","11,616.95","504,602"
"17-Oct-2024","11,222.20","11,287.35","10,071.00","10,119.45","3,668,914"
"18-Oct-2024","10,049.55","10,149.10","9,841.10","10,063.95","1,543,331"
"21-Oct-2024","10,063.00","10,829.85","9,881.40","10,500.50","2,110,278"
"22-Oct-2024","10,500.50","10,614.95","10,320.00","10,368.35","1,191,148"
"23-Oct-2024","10,368.00","10,735.10","10,342.45","10,586.75","1,323,887"
"24-Oct-2024","10,504.00","10,593.45","10,210.00","10,302.50","653,421"
"25-Oct-2024","10,300.00","10,368.20","9,925.00","10,206.10","644,769"
"28-Oct-2024","10,206.10","10,292.75","9,985.00","10,011.25","340,768"
"29-Oct-2024","10,073.95","10,073.95","9,640.00","9,850.85","1,100,706"
"30-Oct-2024","9,820.00","10,057.75","9,770.00","9,940.65","604,822"
"31-Oct-2024","9,940.00","10,030.90","9,805.00","9,836.30","361,801"
"01-Nov-2024","9,905.00","9,950.00","9,838.80","9,875.95","53,757"
"04-Nov-2024","9,896.50","9,896.50","9,365.00","9,525.55","1,125,992"
"05-Nov-2024","9,530.00","10,007.30","9,500.20","9,874.85","1,019,901"
"06-Nov-2024","9,883.40","10,054.00","9,848.80","10,020.50","514,045"
"07-Nov-2024","10,070.60","10,079.80","9,789.95","9,856.65","473,407"
"08-Nov-2024","9,856.65","9,991.05","9,777.25","9,910.40","273,163"
"11-Nov-2024","9,850.05","10,032.90","9,800.00","9,919.35","359,768"
"12-Nov-2024","9,900.00","9,999.00","9,662.00","9,678.70","316,606"
"13-Nov-2024","9,678.70","9,710.00","9,416.10","9,452.15","494,123"
"14-Nov-2024","9,410.00","9,516.95","9,400.00","9,482.95","275,791"
"18-Nov-2024","9,459.05","9,603.00","9,435.85","9,516.50","292,519"
"19-Nov-2024","9,560.00","9,698.60","9,500.45","9,545.70","365,397"
"21-Nov-2024","9,473.50","9,554.00","9,414.35","9,505.00","282,212"
"22-Nov-2024","9,545.00","9,602.90","9,444.10","9,481.65","619,823"
"25-Nov-2024","9,560.00","9,636.35","9,392.00","9,420.95","1,090,141"
"26-Nov-2024","9,465.00","9,484.00","9,120.10","9,137.45","750,430"
"27-Nov-2024","9,175.00","9,256.95","9,103.00","9,190.35","461,513"
"28-Nov-2024","9,165.10","9,272.40","8,992.25","9,013.50","687,966"
"29-Nov-2024","9,059.10","9,090.90","8,993.00","9,033.65","423,101"
"02-Dec-2024","9,078.80","9,175.00","9,056.95","9,130.35","298,320"
"03-Dec-2024","9,105.00","9,225.05","9,105.00","9,161.80","398,985"
"04-Dec-2024","9,161.80","9,240.00","8,951.00","8,999.15","456,462"
"05-Dec-2024","9,044.15","9,044.15","8,746.50","8,891.95","1,803,653"
"06-Dec-2024","8,953.90","9,148.95","8,930.10","9,099.90","746,013"
"09-Dec-2024","9,096.00","9,171.00","9,026.40","9,077.45","304,202"
"10-Dec-2024","9,075.10","9,094.90","8,980.00","9,013.30","393,944"
"11-Dec-2024","9,045.05","9,108.40","9,013.65","9,069.85","254,311"
"12-Dec-2024","9,095.00","9,095.00","8,944.00","8,963.25","599,056"
"13-Dec-2024","8,964.15","9,051.00","8,903.75","9,021.40","243,931"
"16-Dec-2024","9,064.00","9,078.75","8,970.00","8,998.35","228,470"
"17-Dec-2024","8,989.80","8,990.00","8,851.40","8,895.00","456,493"
"18-Dec-2024","8,825.00","9,006.25","8,800.00","8,956.75","303,382"
"19-Dec-2024","8,823.00","9,003.00","8,762.55","8,982.65","516,640"
"20-Dec-2024","8,950.00","9,066.75","8,759.40","8,787.25","316,335"
"23-Dec-2024","8,849.95","8,874.95","8,719.90","8,768.45","514,460"
"24-Dec-2024","8,745.00","8,854.00","8,731.00","8,778.05","297,827"
"26-Dec-2024","8,810.00","8,898.65","8,797.60","8,878.50","240,675"
"27-Dec-2024","8,896.25","9,179.15","8,896.25","8,928.30","713,799"
"30-Dec-2024","8,928.00","8,962.45","8,737.55","8,779.90","1,065,253"
"31-Dec-2024","8,770.00","8,839.75","8,740.15","8,798.60","294,554"
"01-Jan-2025","8,754.05","8,767.00","8,551.00","8,740.55","558,535"
"02-Jan-2025","8,740.50","9,107.30","8,677.55","9,079.50","734,590"
"03-Jan-2025","9,100.00","9,109.95","8,945.00","8,965.70","337,802"
"06-Jan-2025","9,004.95","9,093.90","8,795.00","8,823.85","238,306"
"07-Jan-2025","8,870.00","8,887.95","8,735.10","8,810.30","270,785"
"08-Jan-2025","8,776.00","8,830.95","8,612.00","8,642.25","415,288"
"09-Jan-2025","8,719.95","8,898.00","8,692.10","8,835.85","612,457"
"10-Jan-2025","8,832.45","8,855.00","8,642.10","8,764.00","350,859"
"13-Jan-2025","8,704.50","8,749.90","8,551.00","8,596.25","341,577"
"14-Jan-2025","8,620.00","8,698.00","8,525.00","8,611.20","355,464"
"15-Jan-2025","8,623.90","8,799.00","8,561.30","8,578.00","347,402"
"16-Jan-2025","8,621.00","8,639.90","8,549.70","8,581.95","290,855"
"17-Jan-2025","8,565.85","8,666.60","8,531.30","8,581.40","183,057"
"20-Jan-2025","8,600.00","8,609.60","8,462.70","8,544.40","294,136"
"21-Jan-2025","8,582.45","8,608.80","8,412.10","8,468.55","343,149"
"22-Jan-2025","8,480.80","8,534.95","8,395.00","8,460.85","344,305"
"23-Jan-2025","8,439.15","8,502.20","8,375.65","8,399.95","347,894"
"24-Jan-2025","8,414.40","8,489.95","8,360.00","8,401.50","232,317"
"27-Jan-2025","8,378.05","8,418.95","8,290.35","8,384.60","324,406"
"28-Jan-2025","8,426.45","8,489.00","8,361.35","8,398.40","651,069"
"29-Jan-2025","8,420.15","8,807.00","8,420.15","8,625.85","802,600"
"30-Jan-2025","8,659.95","8,824.30","8,602.50","8,747.80","322,587"
"31-Jan-2025","8,800.00","8,959.90","8,744.05","8,847.80","315,913"
"01-Feb-2025","8,887.90","9,178.00","8,806.30","9,155.60","418,755"
"03-Feb-2025","9,150.00","9,150.00","8,886.55","8,926.55","667,412"
"04-Feb-2025","8,950.00","9,059.65","8,877.60","8,911.40","440,468"
"05-Feb-2025","8,930.00","8,968.00","8,895.00","8,927.80","329,075"
"06-Feb-2025","8,922.00","8,961.65","8,811.00","8,846.35","580,590"
"07-Feb-2025","8,890.55","9,026.00","8,851.05","8,989.40","244,178"
"10-Feb-2025","8,989.40","9,069.80","8,845.85","8,880.55","192,650"
"11-Feb-2025","8,830.00","8,877.45","8,732.55","8,762.00","282,926"
"12-Feb-2025","8,732.00","8,819.40","8,647.00","8,711.60","411,042"
"13-Feb-2025","8,715.05","8,777.05","8,651.45","8,691.35","206,920"
"14-Feb-2025","8,700.00","8,722.70","8,419.90","8,506.50","369,356"
"17-Feb-2025","8,494.00","8,552.05","8,382.65","8,537.15","224,417"
"18-Feb-2025","8,510.10","8,550.00","8,390.45","8,446.60","206,278"
"19-Feb-2025","8,440.05","8,527.70","8,405.05","8,479.50","200,819"
"20-Feb-2025","8,459.95","8,640.00","8,459.90","8,630.20","188,845"
"21-Feb-2025","8,550.00","8,614.00","8,450.00","8,506.05","222,132"
"24-Feb-2025","8,450.50","8,488.45","8,341.60","8,446.95","275,998"
"25-Feb-2025","8,450.00","8,468.10","8,365.05","8,417.90","237,383"
"27-Feb-2025","8,360.10","8,413.95","8,183.40","8,232.35","350,992"
"28-Feb-2025","8,234.75","8,234.75","7,886.30","7,902.90","580,155"
"03-Mar-2025","7,934.95","7,998.30","7,679.60","7,714.80","497,052"
"04-Mar-2025","7,652.10","7,680.00","7,317.05","7,333.30","1,078,953"
"05-Mar-2025","7,332.20","7,443.30","7,301.00","7,420.30","749,464"
"06-Mar-2025","7,481.00","7,500.00","7,376.95","7,462.25","917,093"
"07-Mar-2025","7,462.25","7,624.00","7,451.10","7,574.75","942,308"
"10-Mar-2025","7,573.00","7,573.00","7,352.00","7,383.40","495,241"
"11-Mar-2025","7,355.50","7,515.95","7,328.00","7,499.95","412,703"
"12-Mar-2025","7,499.95","7,569.00","7,429.85","7,515.05","529,286"
"13-Mar-2025","7,545.25","7,545.25","7,415.00","7,504.70","454,776"
"17-Mar-2025","7,500.00","7,611.00","7,433.00","7,486.05","286,388"
"18-Mar-2025","7,523.40","7,642.10","7,512.85","7,613.40","354,990"
"19-Mar-2025","7,674.00","7,767.65","7,619.25","7,721.85","409,356"
"20-Mar-2025","7,734.95","7,951.95","7,722.00","7,920.00","606,109"
"21-Mar-2025","7,969.00","8,151.00","7,938.00","8,067.85","703,280"
"24-Mar-2025","8,117.80","8,213.95","8,070.00","8,125.55","453,508"
"25-Mar-2025","8,160.00","8,167.95","7,952.00","8,006.00","824,076"
"26-Mar-2025","8,014.35","8,047.45","7,910.00","7,977.10","391,366"
"27-Mar-2025","7,901.00","8,039.10","7,852.25","7,974.30","651,971"
"28-Mar-2025","7,970.40","8,024.90","7,810.75","7,878.85","392,400"
"01-Apr-2025","7,631.00","8,048.00","7,631.00","7,993.05","283,618"
"02-Apr-2025","7,962.00","8,083.80","7,945.00","8,072.95","237,191"
"03-Apr-2025","7,940.05","7,940.05","7,840.00","7,912.20","470,005"
"04-Apr-2025","7,880.00","7,889.85","7,652.25","7,685.10","461,228"
"07-Apr-2025","7,300.00","7,357.55","7,089.35","7,306.80","469,629"
"08-Apr-2025","7,384.50","7,529.85","7,345.75","7,498.05","259,199"
"09-Apr-2025","7,525.45","7,631.30","7,460.50","7,572.30","261,256"
"11-Apr-2025","7,719.50","7,779.95","7,636.35","7,768.85","290,737"
"15-Apr-2025","8,000.00","8,040.00","7,828.50","7,995.50","387,999"
"16-Apr-2025","7,999.00","7,999.50","7,864.50","7,961.50","294,161"
"17-Apr-2025","7,994.00","8,055.00","7,864.50","8,018.00","274,331"
"21-Apr-2025","8,010.00","8,275.00","7,950.00","8,247.50","285,132"
"22-Apr-2025","8,186.00","8,186.50","8,075.00","8,141.00","394,636"
"23-Apr-2025","8,111.00","8,294.50","8,051.00","8,261.50","598,686"
"24-Apr-2025","8,260.00","8,328.00","8,169.00","8,201.50","322,100"
"25-Apr-2025","8,225.00","8,259.50","7,965.00","8,034.00","508,224"
"28-Apr-2025","8,034.00","8,134.50","7,971.00","8,096.00","282,481"
"29-Apr-2025","8,136.50","8,169.50","8,020.00","8,078.50","228,383"
"30-Apr-2025","8,060.00","8,077.50","7,977.50","8,030.00","447,067"
"02-May-2025","8,000.00","8,086.00","7,803.00","7,836.50","455,898"
"05-May-2025","7,869.50","7,964.50","7,850.00","7,920.50","250,175"
"06-May-2025","7,930.00","8,044.00","7,910.00","7,945.50","270,568"
"07-May-2025","7,915.50","7,978.00","7,811.50","7,849.00","459,640"
"08-May-2025","7,850.50","7,869.50","7,670.00","7,724.50","461,725"
"09-May-2025","7,620.00","7,743.50","7,612.00","7,682.50","248,982"
"12-May-2025","7,800.00","8,048.50","7,778.00","8,039.50","296,774"
"13-May-2025","8,039.50","8,109.00","7,950.00","8,063.00","407,395"
"14-May-2025","8,090.00","8,208.00","8,032.00","8,102.50","225,717"
"15-May-2025","8,135.00","8,366.00","8,077.00","8,326.00","497,959"
"16-May-2025","8,350.00","8,495.00","8,280.00","8,482.50","483,122"
"19-May-2025","8,500.00","8,861.50","8,492.00","8,851.00","858,221"
"20-May-2025","8,850.00","8,850.00","8,526.50","8,565.00","449,936"
"21-May-2025","8,608.00","8,765.00","8,535.50","8,687.50","572,628"
"22-May-2025","8,660.00","8,775.50","8,512.50","8,733.50","916,615"
"23-May-2025","8,765.00","8,838.00","8,714.00","8,741.00","321,989"
"26-May-2025","8,784.50","8,978.50","8,770.00","8,958.50","440,577"
"27-May-2025","8,945.00","9,004.50","8,900.50","8,963.00","401,273"
"28-May-2025","8,990.00","9,007.00","8,775.00","8,849.00","312,080"
"29-May-2025","8,907.00","8,940.00","8,802.00","8,874.50","330,341"
"30-May-2025","8,787.00","8,865.00","8,585.00","8,607.00","1,434,828"
"02-Jun-2025","8,621.50","8,621.50","8,415.00","8,513.50","457,251"
"03-Jun-2025","8,513.00","8,600.00","8,490.00","8,563.00","566,074"
"04-Jun-2025","8,550.50","8,640.50","8,527.00","8,563.50","431,009"
"05-Jun-2025","8,614.00","8,614.00","8,509.50","8,557.50","381,642"
"06-Jun-2025","8,608.00","8,685.00","8,541.00","8,637.00","435,024"
"09-Jun-2025","8,680.00","8,705.00","8,599.50","8,641.00","443,544"
"10-Jun-2025","8,645.00","8,664.00","8,574.00","8,626.00","350,288"
"11-Jun-2025","8,635.50","8,770.00","8,610.00","8,719.00","462,124"
"12-Jun-2025","8,732.50","8,756.00","8,540.00","8,567.00","368,162"
"13-Jun-2025","8,460.00","8,485.50","8,350.00","8,463.50","250,910"
"16-Jun-2025","8,486.50","8,595.00","8,451.00","8,529.50","203,598"
"17-Jun-2025","8,490.00","8,554.00","8,455.00","8,494.50","286,217"
"18-Jun-2025","8,505.00","8,657.50","8,440.50","8,468.00","561,114"
"19-Jun-2025","8,480.00","8,555.00","8,451.50","8,496.00","332,303"
"20-Jun-2025","8,315.00","8,403.00","8,250.00","8,371.00","567,646"
"23-Jun-2025","8,275.00","8,328.50","8,255.00","8,286.50","271,619"
"24-Jun-2025","8,363.00","8,424.50","8,331.50","8,377.00","214,129"
"25-Jun-2025","8,407.00","8,437.00","8,371.00","8,389.50","276,176"
"26-Jun-2025","8,370.00","8,465.00","8,361.00","8,433.00","371,685"
"27-Jun-2025","8,468.00","8,507.00","8,414.00","8,436.00","504,248"
"30-Jun-2025","8,470.00","8,496.00","8,360.00","8,376.00","303,799"
"01-Jul-2025","8,370.00","8,409.00","8,300.00","8,399.00","363,782"
"02-Jul-2025","8,350.00","8,409.50","8,314.50","8,356.50","267,604"
"03-Jul-2025","8,378.00","8,464.50","8,350.00","8,382.50","175,619"
"04-Jul-2025","8,382.00","8,450.00","8,364.50","8,433.00","183,720"
"07-Jul-2025","8,433.00","8,484.00","8,404.00","8,463.50","123,117"
"08-Jul-2025","8,463.00","8,474.00","8,291.00","8,339.50","253,579"
"09-Jul-2025","8,350.00","8,376.00","8,310.50","8,361.00","157,280"
"10-Jul-2025","8,394.00","8,394.00","8,268.00","8,285.00","229,552"
"11-Jul-2025","8,285.50","8,300.00","8,045.50","8,067.00","539,579"
"14-Jul-2025","8,090.00","8,120.00","8,035.50","8,087.50","248,351"
"15-Jul-2025","8,128.00","8,326.00","8,090.00","8,311.00","366,546"
"16-Jul-2025","8,311.00","8,345.00","8,184.50","8,302.50","275,493"
"17-Jul-2025","8,278.50","8,355.00","8,262.50","8,330.00","249,880"
"18-Jul-2025","8,305.00","8,365.00","8,305.00","8,347.50","268,313"
"21-Jul-2025","8,306.00","8,450.00","8,306.00","8,438.50","253,964"
"22-Jul-2025","8,470.00","8,470.00","8,277.00","8,295.00","302,466"
"23-Jul-2025","8,313.50","8,405.00","8,290.50","8,397.00","194,644"
"24-Jul-2025","8,409.50","8,435.00","8,276.00","8,288.50","298,692"
"25-Jul-2025","8,275.00","8,280.00","8,044.50","8,075.50","554,118"
"28-Jul-2025","8,075.50","8,158.00","8,075.00","8,089.50","232,171"
"29-Jul-2025","8,089.50","8,146.00","8,056.00","8,127.50","209,998"
"30-Jul-2025","8,090.50","8,132.50","8,025.00","8,043.50","222,804"
"31-Jul-2025","7,990.00","8,094.00","7,930.50","8,008.00","297,025"
"01-Aug-2025","8,008.00","8,091.00","7,951.50","8,044.50","329,818"
"04-Aug-2025","8,044.50","8,205.00","8,044.50","8,187.50","221,221"
"05-Aug-2025","8,176.00","8,236.50","8,130.00","8,230.50","194,083"
"06-Aug-2025","8,269.00","8,269.00","8,120.00","8,178.50","515,934"
"07-Aug-2025","8,070.00","8,249.00","7,858.50","8,229.00","456,168"
"08-Aug-2025","8,229.00","8,277.00","8,185.00","8,224.00","282,679"
"11-Aug-2025","8,235.00","8,300.00","8,132.50","8,275.00","180,274"
"12-Aug-2025","8,275.50","8,321.50","8,180.00","8,196.50","184,529"
"13-Aug-2025","8,214.50","8,309.50","8,189.00","8,248.50","367,519"
"14-Aug-2025","8,250.00","8,280.00","8,198.00","8,213.50","364,270"
"18-Aug-2025","8,400.00","8,629.50","8,400.00","8,588.50","995,976"
"19-Aug-2025","8,609.00","8,856.00","8,586.00","8,795.50","1,052,384"
"20-Aug-2025","8,794.50","8,872.50","8,763.50","8,827.50","490,202"
"21-Aug-2025","8,835.00","8,869.00","8,630.00","8,684.50","510,564"
"22-Aug-2025","8,684.50","8,715.00","8,581.00","8,679.50","369,875"
"25-Aug-2025","8,750.00","8,764.00","8,633.50","8,750.50","360,880"
"26-Aug-2025","8,730.00","8,825.00","8,646.00","8,691.50","778,390"
"28-Aug-2025","8,798.00","8,798.00","8,661.00","8,689.50","394,657"
"29-Aug-2025","8,714.00","8,730.00","8,571.50","8,631.50","344,340"
"01-Sep-2025","8,665.00","9,037.50","8,665.00","8,967.00","658,701"
"02-Sep-2025","8,970.00","9,109.50","8,926.00","9,030.50","548,186"
"03-Sep-2025","9,052.00","9,129.50","8,992.00","9,116.00","322,758"
"04-Sep-2025","9,350.00","9,353.50","9,046.50","9,071.00","652,617"
"05-Sep-2025","9,117.00","9,172.00","9,053.00","9,084.50","231,190"
"08-Sep-2025","9,102.00","9,490.00","9,073.00","9,433.50","713,087"
"09-Sep-2025","9,390.50","9,428.50","9,236.50","9,383.00","505,482"
"10-Sep-2025","9,425.00","9,440.00","9,180.00","9,244.00","454,231"
"11-Sep-2025","9,243.50","9,243.50","9,075.00","9,113.50","472,941"
"12-Sep-2025","9,115.00","9,205.00","8,979.50","8,999.50","481,492"
"15-Sep-2025","9,026.50","9,091.50","8,964.00","9,025.00","325,549"
"16-Sep-2025","9,032.00","9,099.00","9,020.00","9,072.50","219,134"
"17-Sep-2025","9,076.50","9,136.00","9,070.00","9,084.00","172,732"
"18-Sep-2025","9,099.50","9,115.00","9,025.00","9,075.00","183,574"
"19-Sep-2025","9,050.00","9,063.50","8,950.50","8,971.50","467,648"
"22-Sep-2025","8,971.50","9,195.00","8,959.50","9,054.50","525,239"
"23-Sep-2025","9,079.00","9,225.00","8,950.00","8,984.50","451,186"
"24-Sep-2025","8,990.00","8,999.00","8,804.00","8,839.00","240,914"
"25-Sep-2025","8,821.00","8,910.00","8,758.00","8,842.50","441,002"
"26-Sep-2025","8,830.00","8,880.00","8,668.00","8,702.00","335,841"
"29-Sep-2025","8,745.00","8,829.00","8,675.50","8,717.50","394,174"
"30-Sep-2025","8,721.00","8,769.00","8,640.00","8,678.50","285,609"
"01-Oct-2025","8,720.00","8,846.50","8,586.50","8,626.50","551,282"
"03-Oct-2025","8,626.50","8,698.50","8,491.50","8,679.50","915,075"
"06-Oct-2025","8,698.00","8,803.50","8,651.00","8,792.00","300,715"
"07-Oct-2025","8,800.00","8,915.00","8,785.50","8,904.00","490,577"
"08-Oct-2025","8,903.00","8,903.00","8,750.50","8,792.00","408,647"
"09-Oct-2025","8,775.00","8,817.50","8,701.50","8,810.00","217,161"
"10-Oct-2025","8,816.00","8,955.00","8,781.50","8,946.50","228,686"
"13-Oct-2025","8,947.00","9,084.00","8,917.00","9,066.00","374,531"
"14-Oct-2025","9,100.00","9,120.00","9,032.50","9,102.50","297,332"
"15-Oct-2025","9,106.50","9,180.00","8,955.50","8,998.00","300,055"
"16-Oct-2025","9,030.00","9,177.00","9,022.00","9,151.50","334,619"
"17-Oct-2025","9,150.00","9,194.50","9,090.50","9,150.50","466,036"
"20-Oct-2025","9,194.50","9,236.50","9,100.50","9,124.50","303,686"
"21-Oct-2025","9,159.50","9,165.00","9,081.00","9,118.00","27,642"
"23-Oct-2025","9,136.00","9,157.00","9,017.00","9,047.00","249,420"
"24-Oct-2025","9,070.00","9,099.00","9,012.00","9,076.50","332,130"
"27-Oct-2025","9,099.50","9,115.00","9,055.00","9,095.50","310,061"
"28-Oct-2025","9,100.00","9,130.00","9,019.00","9,057.50","459,991"
"29-Oct-2025","9,090.00","9,090.00","8,960.00","9,034.00","226,605"
"30-Oct-2025","9,034.00","9,065.00","8,904.50","8,923.00","250,532"
"31-Oct-2025","8,939.50","9,051.00","8,802.00","8,892.50","261,013"
"03-Nov-2025","8,900.00","8,957.50","8,855.00","8,922.50","206,987"
"04-Nov-2025","8,920.00","8,920.00","8,713.00","8,751.00","517,334"
"06-Nov-2025","8,755.00","8,820.50","8,702.50","8,720.50","326,774"
"07-Nov-2025","8,720.00","8,749.50","8,605.00","8,721.50","290,120"
"10-Nov-2025","8,795.00","8,838.00","8,685.50","8,772.00","992,874"
"11-Nov-2025","8,819.00","8,945.00","8,726.00","8,895.00","380,748"
"12-Nov-2025","8,935.00","8,935.00","8,800.00","8,868.00","439,922"
"13-Nov-2025","8,888.00","8,895.50","8,842.00","8,867.50","276,001"
"14-Nov-2025","8,867.50","8,867.50","8,781.50","8,843.00","550,371"
"17-Nov-2025","8,850.00","9,025.00","8,850.00","8,945.50","457,995"
"18-Nov-2025","8,975.50","8,999.00","8,900.00","8,921.00","276,172"
"19-Nov-2025","8,950.00","8,975.00","8,863.50","8,884.50","326,292"
"20-Nov-2025","8,924.00","9,005.00","8,890.00","8,979.50","189,991"
"21-Nov-2025","8,950.00","8,957.50","8,862.00","8,892.00","320,271"
"24-Nov-2025","8,905.00","9,049.00","8,857.50","9,007.50","466,198"
"25-Nov-2025","9,025.00","9,145.00","9,001.00","9,048.00","482,151"
"26-Nov-2025","9,054.00","9,180.00","9,028.00","9,164.00","354,143"
"27-Nov-2025","9,194.00","9,254.50","8,996.00","9,022.50","602,295"
"28-Nov-2025","9,031.00","9,106.00","8,922.00","9,073.50","432,445"
"01-Dec-2025","9,129.00","9,189.50","9,055.50","9,096.00","449,503"
"02-Dec-2025","9,100.00","9,142.00","8,988.00","9,085.50","319,833"
"03-Dec-2025","9,085.50","9,105.00","8,950.00","9,000.50","412,081"
"04-Dec-2025","9,005.00","9,095.00","8,988.00","9,085.00","275,604"
"05-Dec-2025","9,054.00","9,130.00","9,045.50","9,109.00","279,893"
"08-Dec-2025","9,115.00","9,124.50","8,956.50","9,026.00","299,426"
"09-Dec-2025","8,990.00","9,034.50","8,880.00","8,961.00","373,015"
"10-Dec-2025","8,961.00","9,001.50","8,904.00","8,991.00","307,300"
"11-Dec-2025","8,991.00","9,084.00","8,961.00","9,053.50","136,142"
"12-Dec-2025","9,065.00","9,089.50","8,960.00","9,015.00","356,060"
"15-Dec-2025","9,040.00","9,042.50","8,884.00","8,940.00","507,849"
"16-Dec-2025","8,940.00","9,028.00","8,891.00","9,008.00","278,902"
"17-Dec-2025","9,008.00","9,009.00","8,859.00","8,895.00","256,364"
"18-Dec-2025","8,891.00","8,891.00","8,735.00","8,831.00","338,487"
"19-Dec-2025","8,830.50","9,011.00","8,827.00","9,002.00","215,196"
"22-Dec-2025","9,010.00","9,185.00","8,997.50","9,164.00","377,385"
"23-Dec-2025","9,184.00","9,184.00","9,080.00","9,099.00","215,559"
"24-Dec-2025","9,100.00","9,194.50","9,070.00","9,170.00","167,717"
"26-Dec-2025","9,182.50","9,185.50","9,052.00","9,064.50","105,815"
"29-Dec-2025","9,069.50","9,127.00","9,055.50","9,087.00","263,943"
"30-Dec-2025","9,087.00","9,299.00","9,025.50","9,282.00","464,922"
"31-Dec-2025","9,320.00","9,398.00","9,296.50","9,343.00","319,864"
"26-Feb-2026","10,146.50","10,187.00","10,029.50","10,119.50","1,528,535"
