"Date","Open","High","Low","Close","Volume"
"01-Jan-2019","23,162.25","23,293.00","22,905.00","23,195.10","44,434"
"02-Jan-2019","22,340.00","22,340.00","20,950.25","21,162.30","481,497"
"03-Jan-2019","21,040.00","21,040.00","20,151.00","20,211.45","468,301"
"04-Jan-2019","20,325.00","20,648.05","20,001.00","20,103.60","341,833"
"07-Jan-2019","20,450.00","20,477.00","19,755.00","19,830.40","215,668"
"08-Jan-2019","19,855.00","20,630.00","19,785.00","20,044.65","366,429"
"09-Jan-2019","19,890.00","20,397.75","19,850.00","20,291.05","163,752"
"10-Jan-2019","20,360.00","20,600.00","20,345.05","20,556.10","102,143"
"11-Jan-2019","20,600.00","20,767.30","20,387.00","20,507.60","112,220"
"14-Jan-2019","20,628.00","20,629.20","20,222.00","20,480.40","70,121"
"15-Jan-2019","20,540.00","20,670.00","20,480.00","20,638.15","63,319"
"16-Jan-2019","20,626.00","20,783.95","20,626.00","20,735.70","67,468"
"17-Jan-2019","20,800.00","20,847.75","20,160.45","20,369.95","103,777"
"18-Jan-2019","20,400.00","20,425.00","19,950.00","20,122.75","108,140"
"21-Jan-2019","20,151.00","20,297.95","19,949.75","20,028.00","95,038"
"22-Jan-2019","20,001.00","20,350.00","19,900.00","20,023.60","137,830"
"23-Jan-2019","20,077.00","20,223.00","19,991.00","20,089.15","53,595"
"24-Jan-2019","20,150.00","20,330.00","20,075.00","20,115.60","45,723"
"25-Jan-2019","20,200.00","20,337.75","19,835.10","20,049.95","67,189"
"28-Jan-2019","20,061.00","20,241.00","19,871.60","19,987.40","101,907"
"29-Jan-2019","19,999.00","20,000.00","18,800.00","18,877.25","193,198"
"30-Jan-2019","18,900.00","19,094.90","18,800.00","18,919.15","102,632"
"31-Jan-2019","19,120.00","19,178.95","18,836.10","19,005.75","67,511"
"01-Feb-2019","19,090.00","20,144.70","19,076.05","19,663.40","185,717"
"04-Feb-2019","19,720.00","20,431.95","19,435.00","20,128.30","162,129"
"05-Feb-2019","20,161.00","20,584.90","20,160.00","20,479.65","101,870"
"06-Feb-2019","20,529.65","21,200.00","20,529.65","21,104.25","129,716"
"07-Feb-2019","21,234.90","21,965.00","21,150.70","21,904.20","135,294"
"08-Feb-2019","21,855.00","21,904.20","20,750.00","20,847.40","123,403"
"11-Feb-2019","20,434.00","21,459.55","20,331.00","20,753.15","261,982"
"12-Feb-2019","20,470.00","21,300.00","20,070.00","21,137.50","259,036"
"13-Feb-2019","21,250.00","21,350.00","20,001.00","20,158.70","150,490"
"14-Feb-2019","20,160.00","20,588.10","19,900.00","20,016.40","140,341"
"15-Feb-2019","20,147.30","20,377.20","19,932.05","20,234.10","123,595"
"18-Feb-2019","20,433.00","20,450.00","20,047.70","20,155.20","85,097"
"19-Feb-2019","20,200.00","20,464.55","20,121.00","20,409.80","65,474"
"20-Feb-2019","20,415.00","20,650.00","20,380.00","20,528.55","69,858"
"21-Feb-2019","20,450.00","20,634.70","20,250.00","20,447.45","67,021"
"22-Feb-2019","20,577.00","20,700.00","20,300.00","20,595.45","74,001"
"25-Feb-2019","20,699.90","20,780.95","20,500.00","20,704.80","46,260"
"26-Feb-2019","20,670.00","20,874.95","20,400.10","20,620.00","87,877"
"27-Feb-2019","20,780.85","20,780.85","20,302.05","20,407.75","62,401"
"28-Feb-2019","20,649.00","20,649.00","19,800.00","19,869.10","187,027"
"01-Mar-2019","19,904.00","20,031.95","19,720.00","19,948.65","98,433"
"05-Mar-2019","19,500.00","21,877.00","19,320.00","21,505.40","452,363"
"06-Mar-2019","21,510.00","21,800.00","21,405.00","21,503.95","126,586"
"07-Mar-2019","21,549.00","21,700.00","21,411.25","21,521.50","83,115"
"08-Mar-2019","21,520.00","22,093.45","21,400.05","21,871.05","195,792"
"11-Mar-2019","21,948.55","23,145.20","21,895.00","22,972.45","248,559"
"12-Mar-2019","23,001.00","23,355.00","22,272.90","22,461.95","199,248"
"13-Mar-2019","22,488.80","22,898.00","22,462.00","22,777.25","146,168"
"14-Mar-2019","22,800.00","22,986.95","22,501.00","22,619.90","96,875"
"15-Mar-2019","22,838.00","22,838.00","22,426.00","22,612.35","98,190"
"18-Mar-2019","22,600.00","22,799.90","22,102.00","22,251.40","99,314"
"19-Mar-2019","22,240.00","22,240.00","21,579.55","21,759.10","201,175"
"20-Mar-2019","21,660.00","21,850.00","21,190.00","21,338.00","137,103"
"22-Mar-2019","21,338.00","21,674.60","21,275.00","21,446.85","216,882"
"25-Mar-2019","21,390.00","21,390.00","21,050.95","21,151.35","99,423"
"26-Mar-2019","21,275.00","21,444.20","21,005.00","21,382.00","109,883"
"27-Mar-2019","21,401.00","21,485.00","20,855.65","20,974.15","117,588"
"28-Mar-2019","21,024.00","21,300.00","20,781.05","20,899.00","125,561"
"29-Mar-2019","20,795.00","20,800.00","20,498.00","20,547.70","114,105"
"01-Apr-2019","20,788.70","20,788.70","19,985.50","20,048.40","195,397"
"02-Apr-2019","20,310.00","21,191.05","20,301.00","20,583.50","314,645"
"03-Apr-2019","20,400.00","20,476.00","20,112.20","20,202.70","123,265"
"04-Apr-2019","20,240.00","20,600.00","19,921.00","20,489.55","167,558"
"05-Apr-2019","20,605.00","21,029.35","20,600.10","20,980.30","127,688"
"08-Apr-2019","21,124.00","21,189.00","20,543.60","20,612.65","86,524"
"09-Apr-2019","20,699.00","21,024.00","20,355.00","20,947.10","80,256"
"10-Apr-2019","20,840.00","21,080.00","20,650.00","20,973.75","83,550"
"11-Apr-2019","20,900.00","21,073.90","20,810.40","20,998.15","97,645"
"12-Apr-2019","21,027.30","21,430.00","20,905.05","21,361.15","130,351"
"15-Apr-2019","21,362.00","21,560.00","21,251.00","21,331.95","64,604"
"16-Apr-2019","21,530.00","21,541.80","21,200.00","21,270.55","61,719"
"18-Apr-2019","21,378.00","21,469.95","20,949.55","21,023.90","69,461"
"22-Apr-2019","20,850.00","20,994.80","20,345.00","20,400.85","61,522"
"23-Apr-2019","20,549.00","20,549.00","20,204.55","20,314.90","73,172"
"24-Apr-2019","20,400.00","20,580.00","20,140.00","20,531.55","80,461"
"25-Apr-2019","20,510.45","20,639.00","20,300.00","20,340.20","91,066"
"26-Apr-2019","20,351.00","20,452.55","20,175.00","20,330.65","63,786"
"30-Apr-2019","20,270.00","20,400.00","20,150.00","20,368.30","65,090"
"02-May-2019","19,990.00","20,630.00","19,860.00","20,565.10","109,534"
"03-May-2019","20,571.00","20,600.00","20,340.00","20,352.35","52,328"
"06-May-2019","20,200.00","20,485.75","20,199.00","20,349.90","55,068"
"07-May-2019","20,470.00","20,579.90","20,270.05","20,353.20","48,978"
"08-May-2019","20,280.00","20,470.00","20,250.00","20,336.55","43,021"
"09-May-2019","20,315.00","20,490.85","20,227.60","20,360.90","43,718"
"10-May-2019","20,390.00","20,417.55","20,301.00","20,354.00","54,755"
"13-May-2019","20,050.00","20,121.00","18,600.00","18,751.75","342,973"
"14-May-2019","18,310.00","19,366.40","18,205.00","19,230.90","374,511"
"15-May-2019","19,275.00","20,168.95","19,231.00","19,997.75","217,165"
"16-May-2019","20,050.00","20,380.10","19,525.00","20,305.25","126,653"
"17-May-2019","20,200.00","21,000.00","20,054.20","20,937.00","131,099"
"20-May-2019","21,450.00","21,610.00","21,073.65","21,297.20","111,710"
"21-May-2019","21,240.05","21,375.00","20,812.05","20,901.75","60,326"
"22-May-2019","20,950.00","21,300.00","20,746.50","21,224.65","74,468"
"23-May-2019","21,361.00","21,649.00","20,149.25","20,321.15","147,040"
"24-May-2019","20,550.00","21,047.50","20,350.00","20,850.65","109,494"
"27-May-2019","20,910.00","21,149.60","20,765.00","20,887.35","66,295"
"28-May-2019","21,050.00","21,050.00","20,700.00","20,790.10","91,732"
"29-May-2019","20,880.00","20,927.25","20,360.65","20,423.75","68,932"
"30-May-2019","20,420.00","20,499.90","19,820.00","19,891.50","134,727"
"31-May-2019","20,100.00","20,263.25","19,800.00","19,947.75","111,855"
"03-Jun-2019","19,860.00","20,070.00","19,560.05","19,948.15","157,756"
"04-Jun-2019","19,994.00","20,360.00","19,783.50","20,043.45","127,955"
"06-Jun-2019","20,190.00","20,360.00","19,955.95","20,083.80","126,296"
"07-Jun-2019","20,143.90","20,219.90","19,850.00","19,997.75","72,271"
"10-Jun-2019","20,195.00","20,320.75","20,025.05","20,131.45","42,626"
"11-Jun-2019","20,176.55","20,220.95","20,000.40","20,132.00","42,939"
"12-Jun-2019","20,152.00","20,200.00","19,972.95","20,105.95","41,876"
"13-Jun-2019","20,048.00","20,200.00","19,900.00","20,162.05","59,765"
"14-Jun-2019","20,000.00","20,149.95","19,600.00","19,767.05","48,061"
"17-Jun-2019","19,750.05","19,990.00","19,638.00","19,727.85","48,634"
"18-Jun-2019","19,750.00","19,938.00","19,565.80","19,731.85","55,087"
"19-Jun-2019","19,830.00","20,099.00","19,700.00","19,790.70","84,759"
"20-Jun-2019","19,899.00","19,899.00","19,620.00","19,793.15","71,615"
"21-Jun-2019","19,790.00","19,899.00","19,653.25","19,719.20","54,662"
"24-Jun-2019","19,771.00","19,830.95","18,912.10","19,098.20","124,036"
"25-Jun-2019","19,100.55","19,248.90","18,831.05","19,116.85","129,656"
"26-Jun-2019","19,050.10","19,325.00","19,050.10","19,151.85","81,692"
"27-Jun-2019","19,151.85","19,669.00","19,151.85","19,479.30","118,394"
"28-Jun-2019","19,549.50","19,634.80","19,080.00","19,138.80","76,046"
"01-Jul-2019","19,290.00","19,749.90","19,200.00","19,625.30","102,153"
"02-Jul-2019","19,300.00","20,288.80","19,299.00","20,137.45","143,186"
"03-Jul-2019","20,100.00","20,150.00","19,580.60","19,650.10","92,273"
"04-Jul-2019","19,754.65","20,095.00","19,636.00","19,825.40","105,134"
"05-Jul-2019","19,949.30","20,045.00","19,581.85","19,645.10","75,386"
"08-Jul-2019","19,680.00","19,753.60","18,851.00","19,032.90","99,141"
"09-Jul-2019","19,180.00","19,295.40","18,730.05","19,038.60","129,564"
"10-Jul-2019","18,990.00","19,270.95","18,650.00","18,751.00","83,121"
"11-Jul-2019","18,914.95","19,066.65","18,820.00","19,034.15","69,500"
"12-Jul-2019","18,984.15","19,100.00","18,860.00","18,955.30","83,310"
"15-Jul-2019","19,100.00","19,198.00","18,787.50","18,833.85","50,053"
"16-Jul-2019","18,870.00","19,100.00","18,654.05","19,041.25","60,294"
"17-Jul-2019","19,050.00","19,050.00","18,310.05","18,433.70","94,084"
"18-Jul-2019","18,530.00","18,581.20","18,350.00","18,406.00","68,383"
"19-Jul-2019","18,527.00","18,540.00","17,500.00","17,664.00","184,141"
"22-Jul-2019","17,725.00","17,794.10","16,974.95","17,072.00","233,448"
"23-Jul-2019","17,200.00","17,381.35","17,041.60","17,098.45","113,140"
"24-Jul-2019","17,100.50","17,154.90","16,175.00","16,381.05","245,025"
"25-Jul-2019","16,200.00","16,719.85","16,187.75","16,436.85","205,968"
"26-Jul-2019","16,443.90","17,476.90","16,327.20","17,186.55","230,056"
"29-Jul-2019","17,000.00","17,000.00","16,340.00","16,388.10","153,107"
"30-Jul-2019","16,490.00","16,725.00","16,009.25","16,163.55","182,198"
"31-Jul-2019","16,252.00","16,451.70","15,976.60","16,348.05","154,864"
"01-Aug-2019","15,950.00","16,760.00","15,786.00","16,562.80","256,828"
"02-Aug-2019","16,150.00","17,111.85","16,133.30","16,905.00","300,344"
"05-Aug-2019","16,872.00","16,872.00","16,340.05","16,504.00","143,439"
"06-Aug-2019","16,410.00","17,144.55","16,410.00","17,010.75","132,160"
"07-Aug-2019","16,816.00","17,174.75","16,340.00","16,456.65","154,054"
"08-Aug-2019","16,660.00","16,900.00","16,293.20","16,811.65","134,147"
"09-Aug-2019","16,730.15","17,787.95","16,730.15","17,587.25","182,889"
"13-Aug-2019","17,600.00","17,649.85","16,547.75","16,645.00","147,466"
"14-Aug-2019","16,995.00","16,995.00","16,401.15","16,574.65","216,106"
"16-Aug-2019","16,600.00","16,720.00","16,183.40","16,600.45","172,899"
"19-Aug-2019","16,800.00","16,800.00","16,292.60","16,337.70","135,047"
"20-Aug-2019","16,437.70","16,570.00","15,830.00","15,895.75","241,464"
"21-Aug-2019","16,060.00","16,280.00","15,909.40","16,000.50","179,743"
"22-Aug-2019","16,005.00","16,052.00","15,480.05","15,523.35","159,623"
"23-Aug-2019","15,530.00","15,574.75","15,265.15","15,383.45","208,325"
"26-Aug-2019","16,099.00","16,099.00","15,200.00","15,548.20","270,132"
"27-Aug-2019","15,580.05","16,215.70","15,511.00","15,995.40","288,433"
"28-Aug-2019","15,999.80","16,342.35","15,825.25","16,297.45","193,318"
"29-Aug-2019","16,299.00","16,700.00","16,137.65","16,538.00","181,398"
"30-Aug-2019","16,563.80","16,666.00","15,967.05","16,258.45","177,460"
"03-Sep-2019","15,971.00","15,975.20","15,681.60","15,775.80","192,668"
"04-Sep-2019","15,805.00","15,932.85","15,530.00","15,642.40","184,477"
"05-Sep-2019","15,749.00","15,879.95","15,541.15","15,754.20","122,640"
"06-Sep-2019","15,815.65","16,499.00","15,731.70","16,407.25","247,513"
"09-Sep-2019","16,198.60","16,470.00","16,026.50","16,206.75","192,593"
"11-Sep-2019","16,211.30","17,090.00","16,211.30","17,013.65","259,782"
"12-Sep-2019","17,040.00","17,188.20","16,521.50","16,680.55","191,955"
"13-Sep-2019","16,750.00","16,880.00","16,450.00","16,689.40","165,514"
"16-Sep-2019","16,580.00","16,834.35","16,351.00","16,764.30","111,996"
"17-Sep-2019","16,800.00","16,859.95","16,071.95","16,284.95","149,879"
"18-Sep-2019","16,500.00","16,554.95","15,842.00","16,030.40","167,775"
"19-Sep-2019","16,100.00","16,180.00","15,630.00","15,752.50","156,027"
"20-Sep-2019","15,875.90","19,488.00","15,760.00","17,860.20","495,416"
"23-Sep-2019","18,400.00","19,500.00","18,400.00","19,239.35","330,720"
"24-Sep-2019","19,490.00","19,565.00","17,955.00","18,434.25","286,010"
"25-Sep-2019","18,350.00","18,524.00","17,405.00","17,600.10","208,549"
"26-Sep-2019","17,710.10","18,125.00","17,530.55","17,911.55","187,046"
"27-Sep-2019","17,701.00","18,184.30","17,550.00","17,792.40","148,012"
"30-Sep-2019","17,800.00","18,000.00","17,366.45","17,765.20","149,957"
"01-Oct-2019","17,960.00","18,280.00","17,594.00","17,826.85","200,842"
"03-Oct-2019","17,825.00","18,340.00","17,723.10","18,284.65","122,882"
"04-Oct-2019","18,450.00","18,508.95","17,857.45","17,999.00","143,155"
"07-Oct-2019","17,934.95","18,153.30","17,654.65","18,000.60","79,460"
"09-Oct-2019","17,950.05","18,300.00","17,833.10","18,239.35","111,285"
"10-Oct-2019","18,195.00","18,195.00","17,851.75","18,052.50","82,354"
"11-Oct-2019","18,091.00","18,349.00","17,900.00","18,201.15","94,699"
"14-Oct-2019","18,100.00","18,450.00","18,080.00","18,327.95","77,467"
"15-Oct-2019","18,310.00","19,300.00","18,285.00","19,199.10","230,411"
"16-Oct-2019","19,188.00","19,300.00","18,902.60","19,220.60","108,475"
"17-Oct-2019","19,500.00","20,789.00","19,455.00","20,491.85","398,637"
"18-Oct-2019","20,600.00","20,680.00","20,065.10","20,275.90","295,066"
"22-Oct-2019","20,276.00","20,513.25","19,855.00","19,978.85","161,392"
"23-Oct-2019","19,976.00","20,740.90","19,779.00","20,521.20","185,473"
"24-Oct-2019","20,640.00","21,188.55","20,521.15","21,032.35","224,848"
"25-Oct-2019","21,150.00","21,415.00","20,950.05","21,321.75","150,522"
"27-Oct-2019","21,500.00","21,688.60","21,100.15","21,323.65","24,888"
"29-Oct-2019","21,323.65","22,150.00","21,323.65","22,049.40","191,047"
"30-Oct-2019","22,250.00","22,599.00","21,600.00","22,511.50","202,269"
"31-Oct-2019","22,545.00","22,680.20","22,301.00","22,538.10","137,654"
"01-Nov-2019","22,587.00","22,888.00","21,900.05","21,976.15","187,025"
"04-Nov-2019","22,240.00","22,280.00","21,560.00","21,740.70","157,014"
"05-Nov-2019","21,750.00","21,947.30","21,230.50","21,287.15","149,412"
"06-Nov-2019","21,370.00","21,750.00","21,034.15","21,605.55","144,445"
"07-Nov-2019","21,670.00","21,700.00","21,171.15","21,423.95","105,586"
"08-Nov-2019","21,250.00","22,055.70","21,200.00","21,689.65","187,411"
"11-Nov-2019","21,640.00","21,817.65","21,310.05","21,376.90","94,416"
"13-Nov-2019","21,370.00","21,824.00","21,200.00","21,352.20","158,907"
"14-Nov-2019","21,500.00","21,725.00","21,355.00","21,558.15","98,083"
"15-Nov-2019","21,850.00","21,900.00","21,241.30","21,324.05","119,533"
"18-Nov-2019","21,429.00","21,580.00","21,250.00","21,477.40","69,466"
"19-Nov-2019","21,600.00","21,799.95","21,424.20","21,747.35","90,606"
"20-Nov-2019","21,747.00","21,747.00","21,395.00","21,489.80","73,575"
"21-Nov-2019","21,550.00","21,998.00","21,450.00","21,954.60","130,374"
"22-Nov-2019","21,766.30","22,965.00","21,600.00","22,753.20","251,227"
"25-Nov-2019","22,760.00","23,416.00","22,760.00","23,261.30","197,138"
"26-Nov-2019","23,349.80","23,450.00","22,727.00","22,805.70","199,734"
"27-Nov-2019","22,990.80","23,400.00","22,872.40","23,021.65","134,019"
"28-Nov-2019","23,165.50","23,165.50","22,905.00","23,091.60","94,321"
"29-Nov-2019","23,052.00","23,079.95","22,650.00","22,881.40","111,578"
"02-Dec-2019","22,715.00","22,750.00","21,640.45","21,713.10","239,978"
"03-Dec-2019","21,713.00","21,991.95","21,222.00","21,372.75","205,408"
"04-Dec-2019","21,325.75","21,768.95","21,135.00","21,408.00","159,741"
"05-Dec-2019","21,690.00","21,690.00","21,325.00","21,417.05","91,191"
"06-Dec-2019","21,500.00","21,634.65","20,665.00","20,920.00","143,206"
"09-Dec-2019","21,000.00","21,199.00","20,869.10","20,997.15","98,482"
"10-Dec-2019","21,128.00","21,365.50","20,952.95","21,259.20","97,976"
"11-Dec-2019","21,258.95","21,624.45","21,002.20","21,541.80","107,518"
"12-Dec-2019","21,581.70","22,101.00","21,581.70","21,953.55","125,476"
"13-Dec-2019","22,008.45","22,459.00","21,836.75","22,034.75","140,133"
"16-Dec-2019","22,172.45","22,172.45","21,600.00","21,651.00","89,030"
"17-Dec-2019","21,666.00","21,927.90","21,626.05","21,704.95","116,065"
"18-Dec-2019","21,750.00","21,972.45","21,416.00","21,735.85","101,443"
"19-Dec-2019","21,760.10","22,505.95","21,709.05","22,427.15","180,976"
"20-Dec-2019","22,351.00","22,599.00","22,090.75","22,221.15","132,679"
"23-Dec-2019","22,120.10","22,440.00","22,000.00","22,176.15","93,994"
"24-Dec-2019","22,199.60","22,430.00","21,764.45","21,868.65","116,227"
"26-Dec-2019","21,990.00","22,200.00","21,901.10","22,045.70","96,481"
"27-Dec-2019","22,183.45","22,320.20","21,902.00","22,222.35","79,756"
"30-Dec-2019","22,270.05","22,876.60","22,180.45","22,784.50","115,846"
"31-Dec-2019","22,780.00","22,780.00","22,386.75","22,515.25","114,268"
"01-Jan-2020","22,515.25","22,594.75","22,001.00","22,075.80","108,648"
"02-Jan-2020","22,090.00","22,341.85","21,471.10","21,600.85","228,582"
"03-Jan-2020","21,650.00","21,665.95","21,110.00","21,189.25","157,297"
"06-Jan-2020","21,100.00","21,100.00","20,739.50","20,860.45","125,871"
"07-Jan-2020","20,950.00","21,349.80","20,713.80","20,803.80","137,152"
"08-Jan-2020","20,700.00","20,700.00","19,800.10","19,892.20","289,286"
"09-Jan-2020","20,238.00","20,500.00","19,860.00","20,328.90","259,287"
"10-Jan-2020","20,330.00","20,740.00","20,250.20","20,432.75","216,926"
"13-Jan-2020","20,600.00","20,600.10","20,063.20","20,280.00","132,092"
"14-Jan-2020","20,270.00","20,579.30","20,255.00","20,489.70","116,226"
"15-Jan-2020","20,440.00","20,650.00","20,300.00","20,624.80","107,956"
"16-Jan-2020","20,699.00","21,600.00","20,650.00","21,536.25","292,195"
"17-Jan-2020","21,509.05","21,770.00","21,103.55","21,292.20","183,485"
"20-Jan-2020","21,380.00","21,549.90","21,005.00","21,365.10","100,593"
"21-Jan-2020","21,358.00","21,475.00","20,970.30","21,056.55","103,236"
"22-Jan-2020","21,160.00","21,280.00","20,944.00","21,100.00","78,681"
"23-Jan-2020","21,070.00","21,196.00","20,780.50","20,915.75","105,958"
"24-Jan-2020","20,980.00","21,175.00","20,800.00","20,930.80","77,075"
"27-Jan-2020","20,850.00","21,160.80","20,775.00","21,095.20","97,108"
"28-Jan-2020","21,227.00","21,227.00","20,875.00","21,086.65","97,277"
"29-Jan-2020","21,236.00","21,236.00","20,100.00","20,192.25","286,925"
"30-Jan-2020","20,200.00","20,580.00","20,200.00","20,340.30","138,559"
"31-Jan-2020","20,450.00","20,641.70","20,211.00","20,289.30","102,123"
"01-Feb-2020","20,290.00","20,598.00","19,910.25","20,059.25","101,381"
"03-Feb-2020","19,547.30","20,375.60","19,511.65","19,883.45","148,637"
"04-Feb-2020","20,000.00","20,139.95","19,450.00","19,512.65","150,092"
"05-Feb-2020","19,712.00","19,800.00","19,356.10","19,487.05","128,333"
"06-Feb-2020","19,625.00","20,641.60","19,261.00","20,391.20","394,575"
"07-Feb-2020","20,500.00","20,516.95","19,666.70","19,736.30","222,415"
"10-Feb-2020","19,855.00","19,855.00","18,790.00","19,057.25","243,747"
"11-Feb-2020","19,250.00","19,368.95","18,945.00","19,009.25","129,553"
"12-Feb-2020","19,000.00","19,360.00","18,925.80","19,277.85","152,837"
"13-Feb-2020","19,271.00","19,490.00","19,170.80","19,355.30","91,963"
"14-Feb-2020","19,270.00","19,350.00","18,505.00","18,703.55","231,872"
"17-Feb-2020","18,900.00","18,948.75","18,450.10","18,535.90","129,268"
"18-Feb-2020","18,500.00","18,791.95","18,339.60","18,760.35","180,650"
"19-Feb-2020","18,905.00","19,038.95","18,710.60","18,875.20","132,267"
"20-Feb-2020","18,869.90","19,030.00","18,544.50","18,848.65","124,982"
"24-Feb-2020","18,700.00","18,700.00","17,800.10","17,949.95","192,821"
"25-Feb-2020","18,135.00","18,230.00","17,321.00","17,532.30","256,831"
"26-Feb-2020","17,430.00","17,600.00","17,035.40","17,156.95","215,113"
"27-Feb-2020","17,167.80","17,248.00","16,906.10","17,053.40","255,481"
"28-Feb-2020","16,697.00","16,848.00","16,317.05","16,602.35","326,455"
"02-Mar-2020","16,666.00","17,782.90","16,643.00","17,013.40","348,370"
"03-Mar-2020","17,500.00","18,041.00","17,400.00","17,888.45","274,740"
"04-Mar-2020","17,954.00","18,280.00","16,870.00","17,254.20","418,609"
"05-Mar-2020","17,450.00","17,888.00","17,161.80","17,775.35","231,375"
"06-Mar-2020","17,350.00","17,871.50","16,822.00","17,743.55","170,791"
"09-Mar-2020","17,099.00","17,999.00","17,045.15","17,885.80","193,226"
"11-Mar-2020","17,885.80","18,266.95","17,517.00","17,753.60","221,910"
"12-Mar-2020","16,999.80","17,281.50","16,700.00","16,877.75","363,555"
"13-Mar-2020","15,900.00","18,528.65","15,202.00","17,672.15","279,403"
"16-Mar-2020","16,874.90","17,356.75","16,360.00","16,493.70","192,498"
"17-Mar-2020","16,710.00","17,460.00","16,600.05","17,061.10","167,538"
"18-Mar-2020","17,110.10","17,450.00","15,828.15","15,954.15","158,921"
"19-Mar-2020","15,150.00","16,070.00","14,853.05","15,046.45","161,182"
"20-Mar-2020","15,394.50","15,999.00","14,465.65","15,678.45","211,335"
"23-Mar-2020","14,351.00","17,240.00","13,326.70","13,705.90","144,338"
"24-Mar-2020","14,000.00","14,555.00","13,880.00","14,208.50","112,701"
"25-Mar-2020","13,705.00","14,800.00","13,705.00","14,516.60","76,118"
"26-Mar-2020","14,630.00","15,166.00","14,500.00","14,757.95","204,893"
"27-Mar-2020","15,243.00","15,396.00","14,000.00","14,319.80","110,635"
"30-Mar-2020","14,098.00","14,098.00","13,100.00","13,333.10","226,309"
"31-Mar-2020","13,659.00","13,676.15","12,950.00","13,095.90","167,266"
"01-Apr-2020","13,095.90","13,319.00","12,725.00","13,001.60","138,722"
"03-Apr-2020","13,060.00","13,099.90","12,600.00","12,680.05","180,698"
"07-Apr-2020","13,070.80","13,212.00","12,450.10","13,096.05","240,565"
"08-Apr-2020","13,000.00","13,650.00","12,800.00","13,158.50","279,999"
"09-Apr-2020","13,400.00","14,046.15","13,162.60","13,742.30","361,881"
"13-Apr-2020","13,730.00","13,730.00","13,305.00","13,400.55","126,622"
"15-Apr-2020","13,600.00","13,871.95","13,122.70","13,314.90","275,594"
"16-Apr-2020","13,315.00","13,533.85","13,042.00","13,371.35","250,147"
"17-Apr-2020","13,760.00","14,977.95","13,619.00","14,770.35","565,684"
"20-Apr-2020","14,770.35","14,800.35","14,060.30","14,214.45","299,977"
"21-Apr-2020","13,955.15","13,985.00","13,450.00","13,495.00","165,660"
"22-Apr-2020","13,495.00","13,944.95","13,200.00","13,703.30","276,577"
"23-Apr-2020","13,800.00","14,250.00","13,710.00","14,068.35","207,269"
"24-Apr-2020","14,068.00","14,091.00","13,505.10","13,589.20","179,944"
"27-Apr-2020","13,902.00","14,200.00","13,814.90","13,999.50","183,617"
"28-Apr-2020","14,110.00","14,385.00","14,100.50","14,326.85","184,694"
"29-Apr-2020","14,409.90","14,450.00","14,125.55","14,315.75","147,741"
"30-Apr-2020","14,580.20","14,900.00","14,402.00","14,707.95","347,244"
"04-May-2020","14,390.00","14,390.00","13,614.35","13,748.80","192,447"
"05-May-2020","14,000.00","14,162.90","13,666.00","13,810.95","152,490"
"06-May-2020","13,825.00","14,175.40","13,600.00","13,859.95","187,127"
"07-May-2020","13,859.95","14,105.00","13,712.90","14,010.50","127,050"
"08-May-2020","14,230.80","14,330.80","13,571.00","13,858.85","164,334"
"11-May-2020","14,059.95","14,550.00","14,000.00","14,288.95","195,825"
"12-May-2020","14,240.00","14,269.45","13,789.00","14,167.05","147,905"
"13-May-2020","14,970.00","14,970.00","14,184.70","14,271.65","252,967"
"14-May-2020","14,120.00","14,270.15","13,980.00","14,031.85","148,178"
"15-May-2020","14,080.00","14,199.00","13,650.00","14,099.60","235,025"
"18-May-2020","14,050.20","14,050.20","12,855.45","12,988.20","275,273"
"19-May-2020","13,300.00","13,346.30","12,875.05","12,966.20","250,697"
"20-May-2020","12,966.20","13,800.00","12,868.00","13,675.10","266,549"
"21-May-2020","13,477.00","14,199.00","13,356.10","14,087.60","322,204"
"22-May-2020","13,901.00","14,097.95","13,700.00","13,922.40","183,699"
"26-May-2020","14,105.00","14,875.00","14,065.00","14,805.10","319,135"
"27-May-2020","14,880.00","15,120.00","14,505.00","14,966.95","301,788"
"28-May-2020","15,120.00","16,430.00","15,048.00","16,236.50","815,427"
"29-May-2020","15,903.00","16,996.95","15,801.00","16,548.45","850,407"
"01-Jun-2020","16,900.00","17,380.00","16,801.30","16,985.75","464,314"
"02-Jun-2020","17,200.00","17,500.00","17,000.00","17,396.25","396,819"
"03-Jun-2020","17,900.00","17,900.00","17,400.05","17,542.85","285,094"
"04-Jun-2020","17,475.00","17,700.00","17,054.80","17,272.95","303,786"
"05-Jun-2020","17,450.00","17,620.00","17,310.10","17,495.35","195,071"
"08-Jun-2020","17,850.00","17,865.45","16,790.00","16,894.85","273,538"
"09-Jun-2020","16,950.00","17,348.10","16,652.80","17,026.85","325,275"
"10-Jun-2020","17,026.85","17,269.60","16,927.10","17,090.05","162,649"
"11-Jun-2020","17,090.05","17,250.00","16,286.75","16,442.80","219,010"
"12-Jun-2020","15,600.00","16,989.75","15,591.10","16,857.30","379,668"
"15-Jun-2020","16,599.95","17,351.00","16,276.10","16,481.95","536,518"
"16-Jun-2020","17,000.00","17,000.00","16,382.10","16,709.05","357,786"
"17-Jun-2020","16,800.00","16,960.00","16,550.00","16,796.85","252,212"
"18-Jun-2020","16,788.50","17,180.00","16,610.10","17,116.05","208,953"
"19-Jun-2020","17,200.00","17,550.00","16,880.00","17,349.35","311,932"
"22-Jun-2020","17,349.35","17,794.75","17,217.25","17,588.95","234,247"
"23-Jun-2020","17,610.00","18,000.00","17,610.00","17,891.15","206,418"
"24-Jun-2020","18,100.00","18,490.00","17,850.05","18,436.85","338,392"
"25-Jun-2020","18,374.95","18,374.95","17,920.00","18,090.70","276,829"
"26-Jun-2020","18,290.00","18,551.10","18,097.00","18,473.40","224,886"
"29-Jun-2020","18,377.45","18,470.00","18,020.00","18,113.50","194,842"
"30-Jun-2020","18,250.00","18,530.00","18,201.00","18,334.30","200,946"
"01-Jul-2020","18,540.00","18,649.55","18,301.00","18,401.95","233,486"
"02-Jul-2020","18,401.95","18,548.95","17,970.00","18,353.60","276,568"
"03-Jul-2020","18,353.60","19,249.00","18,353.60","18,983.50","250,716"
"06-Jul-2020","19,670.00","19,670.00","19,071.80","19,250.95","283,394"
"07-Jul-2020","19,250.95","20,055.50","19,250.00","19,930.65","287,280"
"08-Jul-2020","19,930.65","20,100.00","19,311.35","19,391.70","356,865"
"09-Jul-2020","19,570.00","19,650.00","19,298.65","19,483.25","274,201"
"10-Jul-2020","19,500.00","19,745.00","19,350.00","19,447.85","204,423"
"13-Jul-2020","19,610.00","19,729.00","19,450.00","19,655.00","133,183"
"14-Jul-2020","19,655.00","19,659.60","18,694.55","18,850.15","247,507"
"15-Jul-2020","19,010.00","19,199.00","18,465.00","18,562.55","282,360"
"16-Jul-2020","18,600.00","19,039.00","18,325.00","18,639.55","265,455"
"17-Jul-2020","18,710.00","19,123.00","18,651.45","18,810.80","167,217"
"20-Jul-2020","18,950.00","19,280.00","18,767.00","19,187.65","160,448"
"21-Jul-2020","19,292.05","20,287.00","19,292.05","20,116.65","368,707"
"22-Jul-2020","20,240.00","20,300.00","19,742.00","19,890.55","335,787"
"23-Jul-2020","19,880.00","21,045.35","19,760.15","20,882.45","446,062"
"24-Jul-2020","20,200.00","20,871.00","20,200.00","20,800.35","394,791"
"27-Jul-2020","20,800.35","20,850.00","20,400.00","20,537.70","192,291"
"28-Jul-2020","20,559.70","21,168.20","20,550.00","21,053.25","262,289"
"29-Jul-2020","20,999.00","21,550.00","20,900.25","21,400.95","226,482"
"30-Jul-2020","21,450.00","21,725.00","21,031.40","21,201.35","246,443"
"31-Jul-2020","21,441.35","21,486.60","20,567.00","20,638.70","219,061"
"03-Aug-2020","20,725.00","21,294.00","20,653.20","20,782.15","201,858"
"04-Aug-2020","21,045.00","21,274.95","20,800.00","21,015.65","155,761"
"05-Aug-2020","21,210.85","22,268.30","21,160.00","21,958.75","238,092"
"06-Aug-2020","21,959.55","22,099.95","21,558.75","21,681.30","203,524"
"07-Aug-2020","21,700.00","22,142.85","21,560.00","21,807.35","195,290"
"10-Aug-2020","21,898.00","21,999.00","21,240.00","21,353.10","168,209"
"11-Aug-2020","21,580.00","21,670.00","21,250.00","21,442.65","161,910"
"12-Aug-2020","21,699.95","22,339.95","21,500.00","22,116.65","298,667"
"13-Aug-2020","22,116.65","22,299.95","21,555.15","21,672.95","220,374"
"14-Aug-2020","21,698.00","21,750.15","20,066.65","20,144.15","591,945"
"17-Aug-2020","20,472.00","21,340.10","20,144.15","21,134.70","653,394"
"18-Aug-2020","21,115.70","21,669.60","21,071.35","21,404.70","339,691"
"19-Aug-2020","21,550.00","21,781.00","21,165.00","21,261.35","285,484"
"20-Aug-2020","21,200.00","21,530.00","20,900.00","21,371.35","224,320"
"21-Aug-2020","21,700.00","21,844.00","21,480.00","21,702.40","261,318"
"24-Aug-2020","2,199.45","2,387.25","2,151.70","2,176.45","11,491,732"
"25-Aug-2020","2,214.00","2,250.00","2,182.15","2,217.25","4,757,114"
"26-Aug-2020","2,280.05","2,288.00","2,235.00","2,248.85","2,439,450"
"27-Aug-2020","2,249.75","2,255.00","2,215.00","2,236.35","1,370,440"
"28-Aug-2020","2,240.00","2,256.00","2,200.00","2,213.60","1,470,743"
"31-Aug-2020","2,225.00","2,229.00","2,072.75","2,092.00","3,087,539"
"01-Sep-2020","2,110.00","2,174.00","2,106.00","2,131.10","2,255,678"
"02-Sep-2020","2,131.10","2,187.65","2,101.40","2,169.85","1,972,535"
"03-Sep-2020","2,175.00","2,260.00","2,162.50","2,231.15","2,577,069"
"04-Sep-2020","2,167.00","2,226.00","2,165.00","2,180.85","1,516,060"
"07-Sep-2020","2,205.00","2,215.00","2,156.00","2,192.90","1,354,394"
"08-Sep-2020","2,203.90","2,217.00","2,150.00","2,161.50","1,180,325"
"09-Sep-2020","2,139.90","2,190.80","2,125.65","2,176.95","1,357,709"
"10-Sep-2020","2,196.95","2,198.00","2,152.60","2,175.60","948,270"
"11-Sep-2020","2,165.00","2,178.70","2,140.10","2,160.30","1,143,870"
"14-Sep-2020","2,165.00","2,198.00","2,148.30","2,159.40","1,180,377"
"15-Sep-2020","2,159.40","2,170.30","2,120.00","2,140.60","1,264,201"
"16-Sep-2020","2,155.00","2,187.85","2,145.00","2,163.75","1,031,516"
"17-Sep-2020","2,146.00","2,161.95","2,125.00","2,145.45","768,952"
"18-Sep-2020","2,160.00","2,203.80","2,135.20","2,152.95","1,310,103"
"21-Sep-2020","2,153.05","2,160.90","2,088.10","2,102.95","1,944,478"
"22-Sep-2020","2,104.00","2,122.15","2,033.65","2,064.35","1,519,039"
"23-Sep-2020","2,084.95","2,126.85","2,050.00","2,076.80","1,353,997"
"24-Sep-2020","2,052.45","2,079.00","2,023.00","2,034.45","1,346,278"
"25-Sep-2020","2,063.90","2,135.00","2,050.00","2,117.50","1,532,715"
"28-Sep-2020","2,135.00","2,209.00","2,128.00","2,180.95","1,138,015"
"29-Sep-2020","2,190.00","2,218.50","2,180.00","2,198.50","1,337,341"
"30-Sep-2020","2,204.90","2,221.00","2,185.65","2,202.80","925,938"
"01-Oct-2020","2,190.00","2,230.00","2,180.85","2,197.65","999,891"
"05-Oct-2020","2,210.65","2,225.00","2,182.20","2,210.15","930,509"
"06-Oct-2020","2,223.80","2,235.00","2,176.10","2,197.60","2,754,316"
"07-Oct-2020","2,208.00","2,255.00","2,170.00","2,238.00","1,517,302"
"08-Oct-2020","2,253.00","2,256.80","2,175.00","2,208.80","1,515,393"
"09-Oct-2020","2,211.20","2,234.70","2,196.65","2,217.95","1,207,911"
"12-Oct-2020","2,233.00","2,233.00","2,171.15","2,181.35","1,098,858"
"13-Oct-2020","2,184.25","2,235.00","2,178.35","2,219.55","1,587,482"
"14-Oct-2020","2,201.20","2,266.90","2,190.00","2,253.90","1,358,100"
"15-Oct-2020","2,252.05","2,303.00","2,226.05","2,248.60","1,900,931"
"16-Oct-2020","2,244.00","2,285.00","2,244.00","2,269.90","816,001"
"19-Oct-2020","2,280.00","2,280.00","2,185.20","2,198.15","1,263,185"
"20-Oct-2020","2,210.00","2,235.00","2,190.00","2,194.45","976,231"
"21-Oct-2020","2,212.30","2,222.50","2,143.10","2,181.35","1,308,299"
"22-Oct-2020","2,178.90","2,178.90","2,140.00","2,159.45","1,021,353"
"23-Oct-2020","2,162.00","2,198.50","2,160.00","2,181.90","1,153,578"
"26-Oct-2020","2,188.00","2,214.65","2,091.15","2,108.10","1,551,460"
"27-Oct-2020","2,115.00","2,134.90","2,081.00","2,118.25","1,019,769"
"28-Oct-2020","2,125.45","2,146.35","2,100.50","2,135.00","1,041,016"
"29-Oct-2020","2,130.00","2,145.00","2,100.05","2,136.85","834,125"
"30-Oct-2020","2,123.20","2,147.40","2,070.55","2,085.60","1,013,513"
"02-Nov-2020","2,079.80","2,096.10","2,015.20","2,029.65","1,131,510"
"03-Nov-2020","2,038.00","2,115.00","2,038.00","2,095.00","1,939,408"
"04-Nov-2020","2,093.00","2,124.95","2,070.00","2,097.40","1,114,904"
"05-Nov-2020","2,122.00","2,142.20","2,103.00","2,119.80","828,400"
"06-Nov-2020","2,128.00","2,153.95","2,112.00","2,139.05","996,379"
"09-Nov-2020","2,153.00","2,201.95","2,142.00","2,192.85","1,129,889"
"10-Nov-2020","2,212.00","2,257.45","2,192.20","2,234.85","986,762"
"11-Nov-2020","2,234.85","2,333.00","2,221.70","2,326.70","2,127,849"
"12-Nov-2020","2,326.00","2,368.50","2,302.00","2,350.75","1,905,794"
"13-Nov-2020","2,318.00","2,574.40","2,317.50","2,514.60","9,475,210"
"14-Nov-2020","2,540.00","2,588.00","2,502.75","2,540.55","1,043,101"
"17-Nov-2020","2,540.55","2,564.00","2,491.15","2,541.70","2,112,263"
"18-Nov-2020","2,526.00","2,630.00","2,513.70","2,614.15","1,880,217"
"19-Nov-2020","2,566.10","2,658.00","2,538.50","2,551.25","2,433,481"
"20-Nov-2020","2,565.00","2,600.00","2,542.30","2,590.65","1,394,396"
"23-Nov-2020","2,595.55","2,606.55","2,560.00","2,597.35","823,238"
"24-Nov-2020","2,596.00","2,715.00","2,590.10","2,693.30","2,418,981"
"25-Nov-2020","2,696.00","2,727.00","2,581.25","2,595.10","1,758,420"
"26-Nov-2020","2,610.00","2,613.00","2,522.50","2,549.20","2,083,338"
"27-Nov-2020","2,566.00","2,618.00","2,515.10","2,534.65","2,597,507"
"01-Dec-2020","2,559.95","2,584.90","2,525.00","2,532.70","1,227,343"
"02-Dec-2020","2,528.00","2,549.90","2,507.00","2,532.50","1,293,136"
"03-Dec-2020","2,555.00","2,580.00","2,535.00","2,549.50","1,073,359"
"04-Dec-2020","2,564.80","2,597.70","2,532.50","2,553.50","1,140,298"
"07-Dec-2020","2,553.50","2,573.55","2,540.00","2,561.15","723,083"
"08-Dec-2020","2,561.15","2,609.00","2,515.35","2,548.20","1,303,426"
"09-Dec-2020","2,551.10","2,560.65","2,530.10","2,547.25","954,150"
"10-Dec-2020","2,558.00","2,558.00","2,487.10","2,492.65","1,106,304"
"11-Dec-2020","2,492.65","2,507.95","2,451.85","2,470.80","1,488,286"
"14-Dec-2020","2,465.00","2,465.00","2,392.30","2,400.45","2,480,823"
"15-Dec-2020","2,410.80","2,488.00","2,409.50","2,475.20","2,907,490"
"16-Dec-2020","2,500.00","2,506.45","2,446.00","2,470.10","1,462,297"
"17-Dec-2020","2,471.70","2,495.00","2,440.00","2,466.60","1,059,879"
"18-Dec-2020","2,459.00","2,490.00","2,425.20","2,480.95","849,960"
"21-Dec-2020","2,460.00","2,497.35","2,340.60","2,396.40","1,194,154"
"22-Dec-2020","2,400.00","2,464.00","2,382.45","2,446.70","1,197,777"
"23-Dec-2020","2,446.00","2,474.95","2,417.00","2,446.70","954,704"
"24-Dec-2020","2,459.00","2,474.00","2,427.50","2,436.75","599,386"
"28-Dec-2020","2,441.10","2,462.00","2,425.55","2,451.35","711,668"
"29-Dec-2020","2,455.00","2,503.00","2,435.85","2,460.55","1,955,329"
"30-Dec-2020","2,479.00","2,525.00","2,454.35","2,517.35","2,429,452"
"31-Dec-2020","2,530.00","2,547.35","2,485.10","2,530.90","1,763,710"
"01-Jan-2021","2,531.00","2,555.00","2,515.80","2,542.70","914,818"
"04-Jan-2021","2,591.00","2,670.00","2,580.00","2,655.70","3,287,511"
"05-Jan-2021","2,630.00","2,685.00","2,616.00","2,674.90","1,494,362"
"06-Jan-2021","2,668.00","2,672.00","2,610.00","2,645.35","949,386"
"07-Jan-2021","2,660.00","2,715.65","2,640.75","2,649.80","1,250,528"
"08-Jan-2021","2,661.00","2,771.30","2,661.00","2,760.85","2,585,123"
"11-Jan-2021","2,767.00","2,808.65","2,726.70","2,777.15","1,616,318"
"12-Jan-2021","2,777.20","2,949.00","2,777.20","2,881.65","4,829,997"
"13-Jan-2021","2,869.50","2,910.40","2,836.65","2,868.65","1,878,124"
"14-Jan-2021","2,880.00","2,906.95","2,841.00","2,886.60","1,159,961"
"15-Jan-2021","2,880.00","2,902.00","2,840.00","2,857.30","882,692"
"18-Jan-2021","2,853.15","2,912.70","2,815.00","2,873.00","2,069,601"
"19-Jan-2021","2,888.00","2,929.00","2,852.15","2,883.50","1,447,495"
"20-Jan-2021","2,887.20","2,964.00","2,865.65","2,881.55","1,760,329"
"21-Jan-2021","2,896.00","2,955.00","2,895.05","2,926.60","1,451,173"
"22-Jan-2021","2,900.00","3,037.00","2,900.00","2,972.60","3,091,826"
"25-Jan-2021","3,029.95","3,029.95","2,851.25","2,869.55","2,024,082"
"27-Jan-2021","2,899.95","2,932.40","2,769.50","2,789.90","2,574,644"
"28-Jan-2021","2,780.00","2,830.00","2,738.35","2,798.45","1,430,646"
"29-Jan-2021","2,812.40","2,870.45","2,726.95","2,744.30","2,067,268"
"01-Feb-2021","2,777.00","2,868.05","2,698.55","2,842.85","1,847,361"
"02-Feb-2021","2,920.00","2,920.00","2,825.95","2,904.85","2,125,895"
"03-Feb-2021","2,904.85","2,948.00","2,871.50","2,916.90","1,349,528"
"04-Feb-2021","2,900.90","2,978.00","2,881.00","2,963.45","1,259,327"
"05-Feb-2021","2,973.20","2,990.00","2,905.20","2,932.15","915,838"
"08-Feb-2021","2,934.00","2,986.00","2,930.10","2,970.40","654,484"
"09-Feb-2021","2,993.30","3,018.00","2,936.05","2,947.65","1,127,584"
"10-Feb-2021","2,968.00","2,998.90","2,876.75","2,901.30","2,160,932"
"11-Feb-2021","2,750.00","2,840.80","2,701.30","2,818.15","4,481,414"
"12-Feb-2021","2,840.00","2,844.95","2,765.05","2,781.25","1,907,486"
"15-Feb-2021","2,796.00","2,809.00","2,758.00","2,770.05","930,514"
"16-Feb-2021","2,770.05","2,778.15","2,692.45","2,726.95","1,525,475"
"17-Feb-2021","2,720.00","2,745.00","2,685.00","2,695.50","1,491,311"
"18-Feb-2021","2,701.10","2,712.85","2,625.00","2,650.20","1,924,724"
"19-Feb-2021","2,646.00","2,647.90","2,570.00","2,584.65","1,588,781"
"22-Feb-2021","2,586.10","2,590.00","2,450.00","2,482.35","2,189,183"
"23-Feb-2021","2,476.20","2,549.80","2,456.85","2,514.70","1,821,712"
"24-Feb-2021","2,530.05","2,562.85","2,500.00","2,535.80","807,585"
"25-Feb-2021","2,555.00","2,558.95","2,517.00","2,551.95","1,351,820"
"26-Feb-2021","2,529.70","2,546.95","2,463.65","2,498.60","1,695,786"
"01-Mar-2021","2,523.00","2,568.90","2,497.15","2,556.15","1,283,153"
"02-Mar-2021","2,584.00","2,611.00","2,530.00","2,602.30","1,491,743"
"03-Mar-2021","2,605.80","2,626.85","2,571.10","2,599.05","1,289,447"
"04-Mar-2021","2,570.00","2,633.00","2,545.35","2,593.20","1,353,079"
"05-Mar-2021","2,584.80","2,634.20","2,560.00","2,587.75","1,153,319"
"08-Mar-2021","2,600.65","2,643.50","2,575.00","2,583.25","950,809"
"09-Mar-2021","2,600.00","2,618.30","2,573.00","2,592.70","677,915"
"10-Mar-2021","2,600.00","2,687.00","2,598.90","2,672.30","1,977,416"
"12-Mar-2021","2,699.00","2,699.00","2,610.10","2,637.50","1,109,504"
"15-Mar-2021","2,640.60","2,683.50","2,585.35","2,669.45","839,738"
"16-Mar-2021","2,652.45","2,683.65","2,626.00","2,661.05","654,829"
"17-Mar-2021","2,667.05","2,668.90","2,630.05","2,647.00","634,977"
"18-Mar-2021","2,665.60","2,697.95","2,635.00","2,664.60","1,066,000"
"19-Mar-2021","2,644.00","2,677.00","2,600.00","2,661.50","906,718"
"22-Mar-2021","2,668.00","2,692.00","2,650.05","2,676.85","694,227"
"23-Mar-2021","2,679.00","2,716.00","2,666.00","2,702.75","1,134,037"
"24-Mar-2021","2,700.00","2,706.50","2,629.05","2,660.65","1,149,589"
"25-Mar-2021","2,635.55","2,651.00","2,548.00","2,580.45","1,119,611"
"26-Mar-2021","2,620.00","2,620.95","2,551.05","2,560.55","676,278"
"30-Mar-2021","2,574.00","2,653.70","2,561.35","2,639.95","980,341"
"31-Mar-2021","2,635.00","2,648.70","2,580.10","2,603.95","829,495"
"01-Apr-2021","2,610.80","2,649.00","2,588.85","2,631.15","744,423"
"05-Apr-2021","2,596.00","2,603.00","2,507.00","2,517.20","1,205,767"
"06-Apr-2021","2,534.80","2,553.00","2,478.05","2,486.60","916,830"
"07-Apr-2021","2,500.00","2,547.20","2,490.00","2,538.20","684,434"
"08-Apr-2021","2,558.50","2,595.00","2,548.00","2,553.00","760,845"
"09-Apr-2021","2,550.00","2,575.00","2,515.00","2,521.60","719,036"
"12-Apr-2021","2,490.00","2,510.00","2,395.15","2,427.20","1,050,225"
"13-Apr-2021","2,427.20","2,504.95","2,420.20","2,493.85","720,904"
"15-Apr-2021","2,475.00","2,489.90","2,378.00","2,412.60","1,979,939"
"16-Apr-2021","2,415.00","2,469.90","2,415.00","2,434.85","789,681"
"19-Apr-2021","2,375.00","2,386.00","2,318.10","2,370.35","882,318"
"20-Apr-2021","2,399.85","2,404.45","2,318.90","2,340.00","1,040,931"
"22-Apr-2021","2,326.80","2,348.10","2,303.70","2,337.85","834,721"
"23-Apr-2021","2,310.00","2,357.15","2,304.10","2,317.30","962,271"
"26-Apr-2021","2,329.50","2,376.15","2,329.50","2,369.85","1,330,072"
"27-Apr-2021","2,369.85","2,407.00","2,366.70","2,400.10","523,800"
"28-Apr-2021","2,428.00","2,540.00","2,410.15","2,521.20","1,681,975"
"29-Apr-2021","2,526.00","2,547.25","2,452.90","2,462.90","1,170,842"
"30-Apr-2021","2,442.00","2,470.25","2,414.00","2,421.65","646,257"
"03-May-2021","2,382.50","2,416.25","2,367.50","2,396.25","461,085"
"04-May-2021","2,398.40","2,416.85","2,356.10","2,368.00","623,484"
"05-May-2021","2,377.00","2,387.20","2,356.55","2,372.40","382,620"
"06-May-2021","2,384.80","2,447.95","2,377.00","2,443.25","628,779"
"07-May-2021","2,450.00","2,457.05","2,403.10","2,417.15","464,237"
"10-May-2021","2,427.15","2,450.00","2,417.55","2,447.25","350,564"
"11-May-2021","2,410.50","2,477.90","2,410.50","2,471.20","500,446"
"12-May-2021","2,464.00","2,485.00","2,438.15","2,456.45","334,233"
"14-May-2021","2,455.20","2,457.60","2,400.00","2,415.20","429,170"
"17-May-2021","2,417.00","2,489.95","2,410.05","2,484.35","577,279"
"18-May-2021","2,500.00","2,583.90","2,492.60","2,571.85","1,022,419"
"19-May-2021","2,550.00","2,615.00","2,540.35","2,564.70","1,086,010"
"20-May-2021","2,565.00","2,582.00","2,521.20","2,530.60","509,274"
"21-May-2021","2,550.00","2,559.50","2,513.55","2,522.30","743,110"
"24-May-2021","2,541.00","2,579.00","2,526.60","2,551.20","850,202"
"25-May-2021","2,565.00","2,634.00","2,565.00","2,625.05","1,018,896"
"26-May-2021","2,640.00","2,656.15","2,607.05","2,633.50","1,026,040"
"27-May-2021","2,649.00","2,677.00","2,589.15","2,604.05","1,507,004"
"28-May-2021","2,630.00","2,710.00","2,626.10","2,638.45","2,284,342"
"31-May-2021","2,638.45","2,686.00","2,615.40","2,676.15","838,679"
"01-Jun-2021","2,610.00","2,704.00","2,610.00","2,665.80","1,126,551"
"02-Jun-2021","2,645.55","2,694.00","2,638.10","2,677.75","659,428"
"03-Jun-2021","2,680.20","2,774.50","2,678.05","2,767.75","1,265,747"
"04-Jun-2021","2,767.45","2,775.00","2,724.10","2,744.60","621,362"
"07-Jun-2021","2,750.25","2,797.90","2,745.10","2,754.45","602,326"
"08-Jun-2021","2,765.00","2,779.00","2,745.00","2,763.80","441,932"
"09-Jun-2021","2,766.20","2,774.45","2,718.10","2,729.05","471,760"
"10-Jun-2021","2,729.05","2,755.00","2,691.00","2,705.05","571,287"
"11-Jun-2021","2,721.40","2,752.55","2,710.85","2,746.40","596,669"
"14-Jun-2021","2,740.00","2,771.85","2,711.00","2,744.95","525,550"
"15-Jun-2021","2,745.00","2,787.05","2,740.65","2,763.50","646,742"
"16-Jun-2021","2,751.00","2,777.65","2,724.30","2,741.05","312,868"
"17-Jun-2021","2,720.00","2,772.90","2,664.70","2,673.75","701,970"
"18-Jun-2021","2,673.90","2,715.00","2,644.20","2,707.55","649,498"
"21-Jun-2021","2,662.00","2,742.00","2,662.00","2,698.45","528,922"
"22-Jun-2021","2,700.00","2,759.35","2,698.00","2,718.20","477,522"
"23-Jun-2021","2,721.00","2,763.00","2,708.60","2,728.60","432,919"
"24-Jun-2021","2,728.60","2,735.00","2,694.00","2,706.75","402,741"
"25-Jun-2021","2,701.00","2,725.00","2,683.00","2,720.80","455,803"
"28-Jun-2021","2,723.50","2,752.95","2,712.60","2,740.45","243,077"
"29-Jun-2021","2,740.00","2,749.00","2,700.00","2,705.10","290,136"
"30-Jun-2021","2,707.55","2,725.00","2,665.15","2,671.15","391,735"
"01-Jul-2021","2,680.00","2,709.00","2,667.90","2,675.30","463,026"
"02-Jul-2021","2,674.00","2,691.10","2,642.00","2,661.00","621,222"
"05-Jul-2021","2,675.65","2,720.00","2,671.15","2,701.05","489,159"
"06-Jul-2021","2,704.00","2,731.15","2,693.45","2,711.15","331,769"
"07-Jul-2021","2,716.55","2,738.90","2,696.80","2,710.85","517,132"
"08-Jul-2021","2,705.10","2,737.00","2,705.10","2,729.30","509,968"
"09-Jul-2021","2,740.00","2,765.00","2,686.05","2,712.15","971,880"
"12-Jul-2021","2,720.00","2,743.95","2,705.00","2,709.50","273,843"
"13-Jul-2021","2,725.00","2,744.85","2,700.00","2,706.70","488,409"
"14-Jul-2021","2,709.45","2,714.00","2,687.60","2,700.00","830,881"
"15-Jul-2021","2,710.00","2,711.35","2,652.00","2,667.50","730,937"
"16-Jul-2021","2,667.50","2,671.30","2,607.80","2,617.25","1,037,591"
"19-Jul-2021","2,609.00","2,617.25","2,571.00","2,579.75","561,172"
"20-Jul-2021","2,580.00","2,601.00","2,537.65","2,554.85","890,122"
"22-Jul-2021","2,584.95","2,584.95","2,529.00","2,560.10","1,321,161"
"23-Jul-2021","2,565.95","2,578.00","2,542.00","2,549.65","379,798"
"26-Jul-2021","2,544.80","2,585.00","2,540.00","2,563.20","309,303"
"27-Jul-2021","2,566.10","2,598.00","2,542.65","2,571.35","492,846"
"28-Jul-2021","2,576.50","2,576.50","2,523.00","2,550.40","383,896"
"29-Jul-2021","2,550.00","2,559.95","2,518.00","2,528.15","341,346"
"30-Jul-2021","2,528.15","2,563.70","2,509.00","2,530.25","606,230"
"02-Aug-2021","2,558.80","2,615.00","2,535.30","2,602.60","691,444"
"03-Aug-2021","2,609.80","2,654.90","2,587.10","2,649.30","678,468"
"04-Aug-2021","2,658.00","2,679.70","2,635.50","2,641.80","548,192"
"05-Aug-2021","2,650.00","2,757.00","2,642.00","2,732.15","2,173,169"
"06-Aug-2021","2,734.70","2,759.35","2,734.70","2,747.35","799,082"
"09-Aug-2021","2,746.00","2,768.75","2,717.00","2,729.00","516,622"
"10-Aug-2021","2,729.05","2,754.00","2,709.10","2,734.35","733,892"
"11-Aug-2021","2,735.55","2,750.00","2,698.00","2,718.25","361,517"
"12-Aug-2021","2,734.00","2,739.90","2,601.00","2,616.55","2,248,827"
"13-Aug-2021","2,575.00","2,628.90","2,523.25","2,546.80","4,134,045"
"16-Aug-2021","2,554.00","2,556.55","2,482.00","2,495.85","1,022,752"
"17-Aug-2021","2,494.00","2,540.00","2,471.20","2,515.65","1,298,630"
"18-Aug-2021","2,526.00","2,599.00","2,526.00","2,589.65","1,901,521"
"20-Aug-2021","2,540.00","2,631.80","2,521.25","2,601.65","2,187,864"
"23-Aug-2021","2,620.00","2,622.45","2,535.00","2,544.00","1,271,399"
"24-Aug-2021","2,557.40","2,575.00","2,518.00","2,547.90","1,277,071"
"25-Aug-2021","2,559.00","2,583.25","2,541.20","2,579.50","721,584"
"26-Aug-2021","2,564.50","2,585.00","2,546.50","2,578.75","440,543"
"27-Aug-2021","2,570.20","2,586.60","2,547.60","2,576.10","541,875"
"30-Aug-2021","2,580.70","2,608.20","2,545.80","2,553.95","926,194"
"31-Aug-2021","2,554.00","2,697.90","2,545.00","2,679.25","2,381,821"
"01-Sep-2021","2,680.00","2,767.00","2,662.05","2,703.15","1,997,385"
"02-Sep-2021","2,703.00","2,747.80","2,686.55","2,733.20","898,434"
"03-Sep-2021","2,738.65","2,857.00","2,713.00","2,802.60","2,305,890"
"06-Sep-2021","2,802.60","2,888.00","2,802.60","2,844.90","1,197,932"
"07-Sep-2021","2,844.90","2,880.00","2,806.00","2,823.15","545,226"
"08-Sep-2021","2,803.10","2,823.15","2,762.25","2,800.00","616,049"
"09-Sep-2021","2,798.00","2,832.95","2,772.00","2,818.20","456,149"
"13-Sep-2021","2,815.00","2,815.00","2,777.05","2,805.00","287,427"
"14-Sep-2021","2,818.80","2,870.00","2,809.65","2,820.30","672,701"
"15-Sep-2021","2,820.30","2,851.95","2,801.20","2,841.95","412,751"
"16-Sep-2021","2,868.00","2,883.40","2,843.55","2,860.20","570,872"
"17-Sep-2021","2,865.30","2,934.95","2,864.30","2,898.55","1,375,879"
"20-Sep-2021","2,856.10","2,858.55","2,756.65","2,813.00","1,190,719"
"21-Sep-2021","2,810.00","2,859.90","2,788.80","2,854.40","595,121"
"22-Sep-2021","2,860.00","2,879.50","2,825.00","2,842.85","424,342"
"23-Sep-2021","2,851.60","2,876.70","2,843.40","2,857.05","452,680"
"24-Sep-2021","2,861.50","2,948.05","2,861.50","2,931.00","806,905"
"27-Sep-2021","2,965.00","2,994.00","2,868.35","2,879.35","1,331,462"
"28-Sep-2021","2,882.00","2,944.65","2,864.50","2,883.05","838,118"
"29-Sep-2021","2,870.00","2,890.00","2,835.00","2,843.25","386,614"
"30-Sep-2021","2,843.00","2,846.85","2,771.55","2,790.20","861,344"
"01-Oct-2021","2,787.00","2,794.10","2,752.20","2,772.45","411,006"
"04-Oct-2021","2,760.00","2,771.00","2,708.00","2,745.90","874,865"
"05-Oct-2021","2,730.00","2,789.00","2,729.05","2,760.10","452,282"
"06-Oct-2021","2,770.00","2,783.50","2,713.60","2,728.95","589,264"
"07-Oct-2021","2,755.00","2,858.90","2,746.10","2,820.95","897,524"
"08-Oct-2021","2,840.00","2,872.95","2,814.50","2,817.95","572,893"
"11-Oct-2021","2,830.00","2,898.65","2,828.25","2,851.75","622,401"
"12-Oct-2021","2,860.00","2,933.40","2,852.05","2,909.60","786,357"
"13-Oct-2021","2,911.00","2,959.75","2,855.25","2,905.75","687,451"
"14-Oct-2021","2,905.00","2,923.55","2,845.00","2,853.20","497,012"
"18-Oct-2021","2,881.00","2,881.00","2,812.85","2,826.35","360,160"
"19-Oct-2021","2,842.70","2,842.70","2,687.25","2,703.70","999,095"
"20-Oct-2021","2,705.00","2,711.00","2,616.30","2,651.20","1,159,620"
"21-Oct-2021","2,677.00","2,698.00","2,596.40","2,663.35","816,204"
"22-Oct-2021","2,692.00","2,692.00","2,600.80","2,612.55","519,029"
"25-Oct-2021","2,602.50","2,624.15","2,532.00","2,561.75","457,696"
"26-Oct-2021","2,579.90","2,613.00","2,571.95","2,590.25","677,512"
"27-Oct-2021","2,592.00","2,611.50","2,572.15","2,583.90","430,370"
"28-Oct-2021","2,583.90","2,589.95","2,518.75","2,527.50","1,332,301"
"29-Oct-2021","2,530.00","2,530.00","2,471.55","2,484.80","1,628,906"
"01-Nov-2021","2,490.00","2,567.05","2,478.10","2,560.00","1,071,806"
"02-Nov-2021","2,559.00","2,573.00","2,526.00","2,542.45","657,518"
"03-Nov-2021","2,540.30","2,560.00","2,505.20","2,521.85","930,846"
"04-Nov-2021","2,580.00","2,696.25","2,551.00","2,661.60","1,389,327"
"08-Nov-2021","2,724.75","2,777.00","2,680.95","2,711.25","3,081,804"
"09-Nov-2021","2,701.20","2,743.55","2,700.70","2,724.25","726,392"
"10-Nov-2021","2,720.00","2,765.55","2,710.00","2,746.75","861,635"
"11-Nov-2021","2,730.00","2,742.90","2,686.45","2,704.35","533,140"
"12-Nov-2021","2,725.00","2,741.35","2,697.55","2,723.00","879,209"
"15-Nov-2021","2,715.00","2,770.00","2,679.35","2,684.35","686,532"
"16-Nov-2021","2,684.40","2,739.15","2,650.05","2,710.30","1,233,796"
"17-Nov-2021","2,729.95","2,749.55","2,662.95","2,674.20","848,875"
"18-Nov-2021","2,675.00","2,698.65","2,575.00","2,603.30","823,299"
"22-Nov-2021","2,600.00","2,603.00","2,516.90","2,548.05","1,013,413"
"23-Nov-2021","2,536.00","2,610.95","2,505.70","2,599.20","611,137"
"24-Nov-2021","2,599.20","2,617.95","2,525.00","2,536.95","455,215"
"25-Nov-2021","2,545.00","2,545.00","2,497.05","2,520.40","525,539"
"26-Nov-2021","2,495.00","2,506.10","2,421.50","2,433.90","554,629"
"29-Nov-2021","2,433.90","2,447.60","2,365.30","2,413.40","342,547"
"30-Nov-2021","2,415.80","2,447.00","2,360.00","2,370.45","1,101,715"
"01-Dec-2021","2,410.00","2,482.45","2,385.05","2,438.30","1,691,658"
"02-Dec-2021","2,440.00","2,463.55","2,426.80","2,451.55","363,180"
"03-Dec-2021","2,450.00","2,497.15","2,445.05","2,455.55","659,154"
"06-Dec-2021","2,460.00","2,471.85","2,424.05","2,444.10","537,938"
"07-Dec-2021","2,455.10","2,488.75","2,441.20","2,471.80","262,328"
"08-Dec-2021","2,465.00","2,516.95","2,465.00","2,505.55","404,128"
"09-Dec-2021","2,505.55","2,550.10","2,475.00","2,542.95","831,115"
"10-Dec-2021","2,532.20","2,552.00","2,516.50","2,527.65","325,670"
"13-Dec-2021","2,554.90","2,557.60","2,481.00","2,496.70","403,776"
"14-Dec-2021","2,477.00","2,492.35","2,451.00","2,487.45","395,362"
"15-Dec-2021","2,480.00","2,508.15","2,475.00","2,493.35","314,822"
"16-Dec-2021","2,502.00","2,509.55","2,431.20","2,471.15","680,394"
"17-Dec-2021","2,466.00","2,491.00","2,415.05","2,459.00","670,901"
"20-Dec-2021","2,420.00","2,438.35","2,360.40","2,406.45","475,319"
"21-Dec-2021","2,417.00","2,437.85","2,390.15","2,416.65","333,858"
"22-Dec-2021","2,425.00","2,495.00","2,425.00","2,486.85","625,661"
"23-Dec-2021","2,500.00","2,503.95","2,470.25","2,480.25","326,496"
"24-Dec-2021","2,485.20","2,504.75","2,432.25","2,437.90","265,892"
"27-Dec-2021","2,446.00","2,448.25","2,390.65","2,438.95","345,113"
"28-Dec-2021","2,456.65","2,519.35","2,452.00","2,480.40","632,949"
"29-Dec-2021","2,471.00","2,571.70","2,470.00","2,562.25","693,263"
"30-Dec-2021","2,562.25","2,591.80","2,540.20","2,557.00","797,282"
"31-Dec-2021","2,558.00","2,604.20","2,548.55","2,591.90","406,763"
"03-Jan-2022","2,620.10","2,733.60","2,620.10","2,718.80","2,457,647"
"04-Jan-2022","2,715.00","2,724.90","2,685.50","2,705.00","736,616"
"05-Jan-2022","2,691.00","2,790.00","2,691.00","2,778.60","1,040,082"
"06-Jan-2022","2,748.00","2,828.45","2,720.00","2,817.15","1,056,323"
"07-Jan-2022","2,825.00","2,833.60","2,784.75","2,824.40","572,036"
"10-Jan-2022","2,820.05","2,851.00","2,798.75","2,815.50","493,242"
"11-Jan-2022","2,814.00","2,829.00","2,781.40","2,794.35","334,700"
"12-Jan-2022","2,802.00","2,828.90","2,790.05","2,815.90","440,995"
"13-Jan-2022","2,810.15","2,838.00","2,794.50","2,832.70","266,122"
"14-Jan-2022","2,838.00","2,845.00","2,798.75","2,819.70","324,014"
"17-Jan-2022","2,804.00","2,880.00","2,804.00","2,844.30","680,219"
"18-Jan-2022","2,859.30","2,859.30","2,725.00","2,736.25","1,221,493"
"19-Jan-2022","2,736.25","2,746.80","2,685.45","2,718.70","769,880"
"20-Jan-2022","2,725.00","2,756.00","2,712.10","2,733.80","521,734"
"21-Jan-2022","2,723.50","2,754.00","2,668.20","2,711.10","459,191"
"24-Jan-2022","2,695.20","2,729.15","2,621.50","2,656.40","465,912"
"25-Jan-2022","2,622.10","2,708.95","2,593.65","2,692.00","687,092"
"27-Jan-2022","2,690.00","2,690.00","2,570.25","2,643.85","985,827"
"28-Jan-2022","2,655.20","2,747.00","2,598.90","2,610.95","871,638"
"31-Jan-2022","2,644.90","2,681.00","2,632.90","2,645.50","416,447"
"01-Feb-2022","2,658.70","2,684.50","2,596.65","2,622.20","671,852"
"02-Feb-2022","2,622.20","2,722.55","2,622.20","2,669.75","1,042,951"
"03-Feb-2022","2,675.10","2,709.85","2,640.00","2,670.85","664,625"
"04-Feb-2022","2,676.15","2,677.90","2,616.00","2,631.40","380,540"
"07-Feb-2022","2,631.50","2,646.10","2,561.70","2,601.35","448,637"
"08-Feb-2022","2,615.00","2,645.00","2,581.70","2,589.15","386,391"
"09-Feb-2022","2,598.95","2,636.90","2,587.35","2,625.65","677,550"
"10-Feb-2022","2,625.80","2,664.00","2,615.55","2,640.35","558,179"
"11-Feb-2022","2,625.00","2,625.40","2,582.35","2,598.15","731,373"
"14-Feb-2022","2,565.00","2,597.70","2,500.35","2,570.80","675,126"
"15-Feb-2022","2,540.00","2,738.00","2,488.45","2,724.00","2,216,629"
"16-Feb-2022","2,708.00","2,738.40","2,680.10","2,706.45","804,882"
"17-Feb-2022","2,729.95","2,762.75","2,700.10","2,722.75","572,432"
"18-Feb-2022","2,703.20","2,739.70","2,688.00","2,699.25","311,304"
"21-Feb-2022","2,688.00","2,718.85","2,668.50","2,699.00","273,281"
"22-Feb-2022","2,630.00","2,730.00","2,620.05","2,725.50","575,201"
"23-Feb-2022","2,733.90","2,748.50","2,697.90","2,706.65","479,284"
"24-Feb-2022","2,630.30","2,691.25","2,587.55","2,617.15","775,965"
"25-Feb-2022","2,635.20","2,675.00","2,612.50","2,628.40","515,028"
"28-Feb-2022","2,600.00","2,614.95","2,542.75","2,589.80","815,191"
"02-Mar-2022","2,574.80","2,579.00","2,496.25","2,508.10","630,235"
"03-Mar-2022","2,539.00","2,539.00","2,401.35","2,409.50","558,686"
"04-Mar-2022","2,400.00","2,400.90","2,300.00","2,339.25","862,528"
"07-Mar-2022","2,230.00","2,297.25","2,191.05","2,259.65","1,513,430"
"08-Mar-2022","2,251.00","2,264.45","2,159.55","2,256.05","1,533,255"
"09-Mar-2022","2,275.00","2,308.35","2,219.00","2,293.05","1,577,642"
"10-Mar-2022","2,375.00","2,393.45","2,291.75","2,303.00","1,021,481"
"11-Mar-2022","2,290.00","2,315.00","2,255.15","2,290.75","621,070"
"14-Mar-2022","2,290.00","2,320.75","2,235.80","2,313.55","681,806"
"15-Mar-2022","2,320.00","2,354.95","2,280.10","2,305.25","611,025"
"16-Mar-2022","2,338.70","2,373.85","2,322.40","2,357.90","758,341"
"17-Mar-2022","2,378.90","2,463.00","2,375.30","2,436.95","1,229,513"
"21-Mar-2022","2,448.95","2,448.95","2,372.00","2,378.75","480,116"
"22-Mar-2022","2,378.75","2,404.80","2,329.00","2,380.40","661,123"
"23-Mar-2022","2,393.00","2,413.70","2,363.00","2,394.10","439,287"
"24-Mar-2022","2,385.00","2,388.20","2,350.00","2,369.65","568,611"
"25-Mar-2022","2,385.00","2,389.85","2,325.05","2,336.85","446,420"
"28-Mar-2022","2,350.00","2,386.65","2,315.20","2,380.00","690,955"
"29-Mar-2022","2,378.50","2,492.95","2,360.05","2,480.50","1,317,033"
"30-Mar-2022","2,488.10","2,518.20","2,444.45","2,486.55","1,198,770"
"31-Mar-2022","2,483.85","2,495.00","2,436.35","2,457.15","840,572"
"01-Apr-2022","2,457.15","2,494.75","2,422.00","2,481.20","745,769"
"04-Apr-2022","2,495.00","2,518.10","2,455.55","2,508.95","660,191"
"05-Apr-2022","2,525.00","2,600.00","2,510.00","2,543.45","1,240,010"
"06-Apr-2022","2,531.00","2,555.45","2,522.05","2,530.70","469,837"
"07-Apr-2022","2,523.00","2,577.90","2,512.00","2,538.40","451,071"
"08-Apr-2022","2,548.00","2,573.85","2,515.60","2,555.20","800,707"
"11-Apr-2022","2,549.90","2,565.00","2,540.00","2,545.60","332,108"
"12-Apr-2022","2,534.00","2,537.60","2,496.05","2,521.80","359,805"
"13-Apr-2022","2,530.00","2,555.00","2,479.55","2,491.45","383,935"
"18-Apr-2022","2,480.00","2,531.10","2,456.15","2,511.00","322,926"
"19-Apr-2022","2,516.00","2,574.90","2,421.10","2,454.85","636,517"
"20-Apr-2022","2,480.00","2,578.50","2,465.40","2,536.80","1,193,877"
"21-Apr-2022","2,550.00","2,674.45","2,541.70","2,651.50","1,090,334"
"22-Apr-2022","2,630.95","2,637.00","2,582.00","2,631.50","829,575"
"25-Apr-2022","2,610.00","2,650.00","2,580.00","2,594.15","630,796"
"26-Apr-2022","2,613.00","2,665.55","2,613.00","2,649.30","616,251"
"27-Apr-2022","2,625.00","2,672.95","2,605.00","2,655.45","499,338"
"28-Apr-2022","2,683.95","2,704.00","2,666.00","2,679.95","739,026"
"29-Apr-2022","2,684.00","2,707.65","2,620.00","2,630.35","479,794"
"02-May-2022","2,624.90","2,626.75","2,521.55","2,552.50","497,152"
"04-May-2022","2,523.00","2,562.00","2,455.60","2,483.20","515,077"
"05-May-2022","2,494.05","2,529.20","2,419.95","2,433.55","477,759"
"06-May-2022","2,410.00","2,418.20","2,351.35","2,362.45","407,390"
"09-May-2022","2,344.95","2,370.45","2,310.00","2,344.30","403,218"
"10-May-2022","2,344.30","2,441.70","2,334.95","2,415.55","841,473"
"11-May-2022","2,396.25","2,433.60","2,353.00","2,389.15","459,255"
"12-May-2022","2,369.00","2,401.00","2,332.15","2,384.65","419,477"
"13-May-2022","2,400.00","2,483.00","2,397.85","2,432.65","650,616"
"16-May-2022","2,519.90","2,628.40","2,494.65","2,617.95","2,801,368"
"17-May-2022","2,610.00","2,714.70","2,600.15","2,706.70","1,462,487"
"18-May-2022","2,699.00","2,769.90","2,683.40","2,696.00","1,173,271"
"19-May-2022","2,622.00","2,738.00","2,622.00","2,650.50","1,592,952"
"20-May-2022","2,693.95","2,720.00","2,652.15","2,707.80","687,007"
"23-May-2022","2,721.00","2,767.50","2,715.05","2,741.30","892,535"
"24-May-2022","2,745.95","2,769.90","2,702.10","2,719.30","481,731"
"25-May-2022","2,734.00","2,749.85","2,673.00","2,686.15","556,605"
"26-May-2022","2,700.10","2,738.90","2,663.95","2,725.10","854,405"
"27-May-2022","2,736.20","2,765.00","2,729.70","2,742.10","404,877"
"30-May-2022","2,755.30","2,796.00","2,742.85","2,758.45","589,423"
"31-May-2022","2,770.00","2,818.65","2,717.20","2,780.75","1,766,731"
"01-Jun-2022","2,770.15","2,818.00","2,752.00","2,771.70","358,924"
"02-Jun-2022","2,777.40","2,785.35","2,715.05","2,723.55","558,032"
"03-Jun-2022","2,741.00","2,766.65","2,661.50","2,685.25","808,873"
"06-Jun-2022","2,683.00","2,696.00","2,638.05","2,653.10","906,875"
"07-Jun-2022","2,629.40","2,656.80","2,610.60","2,647.90","453,936"
"08-Jun-2022","2,661.10","2,674.80","2,619.15","2,649.15","260,633"
"09-Jun-2022","2,640.00","2,724.45","2,621.00","2,716.00","531,562"
"10-Jun-2022","2,672.25","2,736.95","2,672.25","2,712.85","666,106"
"13-Jun-2022","2,685.00","2,724.55","2,666.20","2,700.80","556,912"
"14-Jun-2022","2,689.40","2,752.15","2,676.20","2,722.75","739,832"
"15-Jun-2022","2,744.00","2,751.10","2,703.95","2,720.10","339,705"
"16-Jun-2022","2,736.50","2,749.00","2,631.25","2,652.50","542,478"
"17-Jun-2022","2,629.50","2,666.70","2,585.05","2,604.80","836,170"
"20-Jun-2022","2,600.00","2,661.90","2,599.95","2,623.25","717,655"
"21-Jun-2022","2,642.20","2,711.00","2,632.15","2,702.80","1,177,839"
"22-Jun-2022","2,699.00","2,713.00","2,642.10","2,662.75","273,509"
"23-Jun-2022","2,665.10","2,825.00","2,665.10","2,819.05","1,338,537"
"24-Jun-2022","2,837.85","2,909.55","2,831.95","2,877.90","1,078,547"
"27-Jun-2022","2,909.00","2,909.95","2,836.00","2,848.30","532,402"
"28-Jun-2022","2,827.70","2,886.10","2,818.75","2,863.80","770,778"
"29-Jun-2022","2,849.10","2,922.95","2,830.00","2,886.60","856,258"
"30-Jun-2022","2,879.95","2,910.00","2,784.05","2,794.35","928,852"
"01-Jul-2022","2,775.00","2,809.80","2,750.40","2,782.80","367,512"
"04-Jul-2022","2,793.80","2,805.50","2,745.75","2,796.40","443,843"
"05-Jul-2022","2,815.00","2,843.90","2,790.00","2,805.60","616,329"
"06-Jul-2022","2,810.00","2,920.00","2,807.00","2,907.95","1,058,465"
"07-Jul-2022","2,943.00","2,958.00","2,917.40","2,944.20","650,305"
"08-Jul-2022","2,952.00","2,982.85","2,895.00","2,931.60","617,742"
"11-Jul-2022","2,929.00","3,053.05","2,907.90","3,046.85","1,346,337"
"12-Jul-2022","3,038.50","3,038.50","2,941.50","2,954.05","1,069,397"
"13-Jul-2022","2,955.50","2,994.95","2,942.00","2,967.40","768,270"
"14-Jul-2022","2,977.90","3,006.85","2,900.85","2,955.10","901,976"
"15-Jul-2022","2,969.40","3,045.30","2,945.70","3,034.00","536,541"
"18-Jul-2022","3,055.85","3,078.00","3,012.00","3,036.50","568,164"
"19-Jul-2022","3,020.00","3,089.00","3,015.00","3,077.70","728,004"
"20-Jul-2022","3,088.00","3,111.00","3,028.00","3,045.00","432,912"
"21-Jul-2022","3,053.00","3,092.10","3,031.00","3,081.20","469,152"
"22-Jul-2022","3,085.15","3,179.00","3,077.60","3,147.60","1,461,794"
"25-Jul-2022","3,140.00","3,153.90","3,068.10","3,086.70","623,585"
"26-Jul-2022","3,090.00","3,098.90","3,007.95","3,023.30","676,813"
"27-Jul-2022","3,023.30","3,063.05","3,013.50","3,057.40","527,215"
"28-Jul-2022","3,065.10","3,080.00","3,031.10","3,054.00","486,390"
"29-Jul-2022","3,083.00","3,145.00","3,066.40","3,093.45","570,564"
"01-Aug-2022","3,109.90","3,175.55","3,072.40","3,088.40","891,876"
"02-Aug-2022","3,055.00","3,148.00","2,913.05","3,120.95","1,843,785"
"03-Aug-2022","3,129.00","3,170.00","3,070.55","3,138.20","1,218,915"
"04-Aug-2022","3,151.00","3,196.50","3,101.00","3,145.80","928,111"
"05-Aug-2022","3,152.00","3,179.80","3,066.00","3,089.60","518,285"
"08-Aug-2022","3,090.00","3,145.10","3,072.15","3,116.75","595,708"
"10-Aug-2022","3,132.00","3,169.35","3,117.35","3,154.55","814,819"
"11-Aug-2022","3,256.00","3,265.95","3,139.20","3,176.45","2,187,872"
"12-Aug-2022","3,178.00","3,221.40","3,131.00","3,210.15","1,327,610"
"16-Aug-2022","3,218.00","3,342.00","3,211.00","3,338.05","1,700,743"
"17-Aug-2022","3,339.00","3,433.30","3,335.10","3,397.60","1,654,567"
"18-Aug-2022","3,400.00","3,438.00","3,374.70","3,411.40","591,901"
"19-Aug-2022","3,412.05","3,460.00","3,394.30","3,424.10","1,151,041"
"22-Aug-2022","3,401.00","3,415.05","3,330.10","3,363.25","928,071"
"23-Aug-2022","3,361.00","3,480.00","3,338.15","3,464.75","1,604,447"
"24-Aug-2022","3,456.05","3,473.50","3,393.05","3,450.70","856,684"
"25-Aug-2022","3,455.00","3,513.70","3,408.80","3,481.45","1,244,869"
"26-Aug-2022","3,440.00","3,453.80","3,341.10","3,355.10","1,742,915"
"29-Aug-2022","3,289.00","3,338.80","3,242.65","3,291.60","1,436,918"
"30-Aug-2022","3,321.80","3,397.60","3,317.00","3,358.75","1,236,651"
"01-Sep-2022","3,241.00","3,434.90","3,241.00","3,411.60","1,592,544"
"02-Sep-2022","3,451.00","3,469.00","3,415.00","3,422.10","1,038,097"
"05-Sep-2022","3,444.95","3,447.00","3,379.05","3,400.50","561,306"
"06-Sep-2022","3,412.00","3,424.10","3,400.00","3,410.35","355,149"
"07-Sep-2022","3,360.70","3,419.00","3,360.70","3,383.65","662,832"
"08-Sep-2022","3,400.60","3,463.50","3,400.60","3,425.75","640,524"
"09-Sep-2022","3,460.00","3,483.00","3,427.05","3,473.15","567,370"
"12-Sep-2022","3,484.00","3,553.00","3,465.10","3,538.95","761,569"
"13-Sep-2022","3,555.00","3,582.10","3,510.50","3,522.00","528,699"
"14-Sep-2022","3,452.00","3,563.95","3,452.00","3,541.80","508,971"
"15-Sep-2022","3,559.55","3,672.00","3,553.35","3,622.25","1,625,125"
"16-Sep-2022","3,635.00","3,640.40","3,530.20","3,549.00","957,393"
"19-Sep-2022","3,549.95","3,633.70","3,493.45","3,590.25","517,408"
"20-Sep-2022","3,624.65","3,738.25","3,620.00","3,711.55","854,400"
"21-Sep-2022","3,720.00","3,787.25","3,671.35","3,682.05","883,098"
"22-Sep-2022","3,680.00","3,759.90","3,670.40","3,748.75","659,825"
"23-Sep-2022","3,764.00","3,774.45","3,651.40","3,688.45","436,539"
"26-Sep-2022","3,669.85","3,669.95","3,472.20","3,515.55","979,894"
"27-Sep-2022","3,543.80","3,615.00","3,487.30","3,570.55","651,919"
"28-Sep-2022","3,529.00","3,665.70","3,529.00","3,628.30","670,814"
"29-Sep-2022","3,646.70","3,678.25","3,605.00","3,624.10","578,779"
"30-Sep-2022","3,623.95","3,693.80","3,583.85","3,671.60","517,861"
"03-Oct-2022","3,781.00","3,781.90","3,444.95","3,463.35","2,180,504"
"04-Oct-2022","3,524.00","3,579.90","3,516.65","3,555.00","961,129"
"06-Oct-2022","3,560.00","3,596.85","3,520.00","3,531.35","530,684"
"07-Oct-2022","3,531.35","3,550.00","3,467.55","3,498.55","458,833"
"10-Oct-2022","3,461.00","3,542.00","3,451.30","3,531.60","412,736"
"11-Oct-2022","3,549.15","3,550.65","3,392.50","3,408.00","661,794"
"12-Oct-2022","3,425.05","3,468.65","3,377.00","3,458.20","660,964"
"13-Oct-2022","3,467.80","3,554.95","3,445.00","3,471.20","753,969"
"14-Oct-2022","3,544.65","3,554.90","3,469.80","3,477.20","387,253"
"17-Oct-2022","3,470.00","3,525.00","3,465.30","3,514.70","492,114"
"18-Oct-2022","3,532.30","3,622.00","3,529.95","3,612.50","522,357"
"19-Oct-2022","3,629.90","3,685.00","3,600.15","3,612.30","645,494"
"20-Oct-2022","3,597.00","3,660.00","3,560.00","3,651.15","515,240"
"21-Oct-2022","3,651.15","3,684.70","3,568.00","3,629.50","532,326"
"24-Oct-2022","3,684.90","3,684.90","3,630.60","3,641.20","63,729"
"25-Oct-2022","3,677.00","3,724.00","3,650.00","3,710.65","571,186"
"27-Oct-2022","3,741.05","3,741.05","3,661.00","3,710.65","583,285"
"28-Oct-2022","3,721.00","3,773.10","3,697.15","3,745.75","478,514"
"31-Oct-2022","3,764.50","3,864.10","3,758.00","3,850.45","678,149"
"01-Nov-2022","3,889.65","3,889.65","3,751.95","3,798.40","746,053"
"02-Nov-2022","3,849.80","3,849.80","3,695.00","3,729.20","1,177,767"
"03-Nov-2022","3,698.00","3,747.00","3,648.35","3,675.25","738,117"
"04-Nov-2022","3,695.00","3,729.00","3,645.00","3,666.90","631,943"
"07-Nov-2022","3,680.20","3,765.00","3,680.00","3,755.15","505,944"
"09-Nov-2022","3,791.95","3,791.95","3,696.30","3,732.95","490,411"
"10-Nov-2022","3,739.40","3,739.40","3,636.10","3,700.85","442,138"
"11-Nov-2022","3,730.00","3,739.00","3,501.00","3,519.65","2,463,500"
"14-Nov-2022","3,537.25","3,565.00","3,498.00","3,516.60","659,139"
"15-Nov-2022","3,520.00","3,557.90","3,500.00","3,507.95","552,511"
"16-Nov-2022","3,515.05","3,583.80","3,458.80","3,503.05","1,048,177"
"17-Nov-2022","3,500.00","3,500.00","3,421.05","3,441.85","889,808"
"18-Nov-2022","3,449.90","3,457.55","3,376.05","3,390.25","868,754"
"21-Nov-2022","3,390.45","3,411.00","3,365.00","3,378.60","631,291"
"22-Nov-2022","3,380.45","3,407.95","3,354.00","3,375.05","461,525"
"23-Nov-2022","3,391.95","3,418.95","3,375.00","3,380.90","738,556"
"24-Nov-2022","3,397.85","3,402.90","3,346.30","3,377.35","407,602"
"25-Nov-2022","3,394.25","3,422.25","3,350.00","3,414.10","512,690"
"28-Nov-2022","3,413.70","3,449.50","3,402.10","3,441.40","435,882"
"29-Nov-2022","3,450.40","3,464.75","3,405.00","3,416.10","456,872"
"30-Nov-2022","3,419.80","3,504.50","3,417.05","3,484.50","1,151,772"
"01-Dec-2022","3,489.60","3,500.00","3,430.00","3,437.45","518,865"
"02-Dec-2022","3,435.00","3,435.00","3,325.00","3,331.85","1,453,049"
"05-Dec-2022","3,328.10","3,360.00","3,326.10","3,344.40","518,257"
"06-Dec-2022","3,335.00","3,338.00","3,278.20","3,299.70","944,559"
"07-Dec-2022","3,299.75","3,324.90","3,254.00","3,259.85","943,407"
"08-Dec-2022","3,284.90","3,330.00","3,276.00","3,322.30","862,490"
"09-Dec-2022","3,335.00","3,363.00","3,326.15","3,358.20","660,249"
"12-Dec-2022","3,341.00","3,352.95","3,287.00","3,320.45","541,993"
"13-Dec-2022","3,306.00","3,342.15","3,301.05","3,313.00","584,450"
"14-Dec-2022","3,329.00","3,385.00","3,325.00","3,369.40","676,995"
"15-Dec-2022","3,368.00","3,382.35","3,296.55","3,303.50","338,209"
"16-Dec-2022","3,290.00","3,347.30","3,280.00","3,291.45","771,552"
"19-Dec-2022","3,292.00","3,409.50","3,282.15","3,388.90","890,120"
"20-Dec-2022","3,370.00","3,378.40","3,291.00","3,313.45","711,013"
"21-Dec-2022","3,330.00","3,350.00","3,262.00","3,273.25","485,199"
"22-Dec-2022","3,274.00","3,296.15","3,196.55","3,206.05","613,152"
"23-Dec-2022","3,190.10","3,200.00","3,105.05","3,113.65","581,956"
"26-Dec-2022","3,115.00","3,228.65","3,088.20","3,161.25","530,294"
"27-Dec-2022","3,174.95","3,213.15","3,150.00","3,201.80","422,130"
"28-Dec-2022","3,188.15","3,233.60","3,175.60","3,211.55","318,724"
"29-Dec-2022","3,181.05","3,490.75","3,163.25","3,281.20","881,072"
"30-Dec-2022","3,290.00","3,298.00","3,217.25","3,227.75","663,451"
"02-Jan-2023","3,227.00","3,249.95","3,203.30","3,228.85","381,581"
"03-Jan-2023","3,228.85","3,240.00","3,206.00","3,213.45","323,237"
"04-Jan-2023","3,224.00","3,242.85","3,188.10","3,215.25","372,617"
"05-Jan-2023","3,229.00","3,266.90","3,202.55","3,257.70","383,751"
"06-Jan-2023","3,260.00","3,278.85","3,237.05","3,250.60","242,107"
"09-Jan-2023","3,266.90","3,275.10","3,229.20","3,262.55","391,801"
"10-Jan-2023","3,262.00","3,265.80","3,144.15","3,167.55","607,830"
"11-Jan-2023","3,167.55","3,174.50","3,096.70","3,137.25","856,148"
"12-Jan-2023","3,150.00","3,152.95","3,095.00","3,103.25","690,116"
"13-Jan-2023","3,105.00","3,196.00","3,060.00","3,162.05","964,656"
"16-Jan-2023","3,155.55","3,179.90","3,100.00","3,139.05","653,373"
"17-Jan-2023","3,152.00","3,192.00","3,125.00","3,179.95","495,809"
"18-Jan-2023","3,171.00","3,192.00","3,150.00","3,177.60","330,814"
"19-Jan-2023","3,163.05","3,180.05","3,135.05","3,166.70","320,900"
"20-Jan-2023","3,175.00","3,194.90","3,141.10","3,150.50","389,881"
"23-Jan-2023","3,166.30","3,224.60","3,145.75","3,203.35","424,691"
"24-Jan-2023","3,219.40","3,234.85","3,178.35","3,226.55","367,438"
"25-Jan-2023","3,226.55","3,235.00","3,183.35","3,213.85","353,061"
"27-Jan-2023","3,229.95","3,264.95","3,128.00","3,169.75","627,913"
"30-Jan-2023","3,160.10","3,210.00","3,099.05","3,191.45","656,403"
"31-Jan-2023","3,201.05","3,277.00","3,177.00","3,263.35","612,164"
"01-Feb-2023","3,280.00","3,354.95","3,240.00","3,303.10","885,327"
"02-Feb-2023","3,265.00","3,320.70","3,185.00","3,217.30","613,267"
"03-Feb-2023","3,233.40","3,325.00","3,199.55","3,316.70","500,037"
"06-Feb-2023","3,295.00","3,300.05","3,220.65","3,260.70","346,025"
"07-Feb-2023","3,277.05","3,299.00","3,240.05","3,274.70","447,240"
"08-Feb-2023","3,275.00","3,277.95","3,203.00","3,228.00","378,309"
"09-Feb-2023","3,236.05","3,249.55","3,195.00","3,237.15","265,006"
"10-Feb-2023","3,225.05","3,242.30","3,198.15","3,212.35","328,745"
"13-Feb-2023","3,225.00","3,272.00","3,217.20","3,252.65","405,135"
"14-Feb-2023","3,261.95","3,300.00","3,145.00","3,175.70","1,519,235"
"15-Feb-2023","3,203.00","3,341.95","3,203.00","3,311.15","2,093,492"
"16-Feb-2023","3,329.95","3,344.00","3,268.05","3,289.10","679,170"
"17-Feb-2023","3,287.05","3,297.00","3,240.20","3,285.00","491,317"
"20-Feb-2023","3,300.00","3,335.00","3,280.45","3,290.50","515,895"
"21-Feb-2023","3,290.00","3,298.10","3,265.05","3,274.15","494,115"
"22-Feb-2023","3,270.00","3,270.15","3,215.10","3,249.70","570,379"
"23-Feb-2023","3,265.00","3,274.85","3,220.90","3,241.95","527,729"
"24-Feb-2023","3,249.90","3,249.90","3,165.00","3,205.60","684,029"
"27-Feb-2023","3,200.00","3,205.40","3,102.05","3,131.05","482,530"
"28-Feb-2023","3,132.00","3,181.00","3,091.15","3,105.90","974,100"
"01-Mar-2023","3,106.00","3,143.90","3,086.70","3,138.80","522,394"
"02-Mar-2023","3,155.10","3,158.95","3,097.30","3,125.50","970,565"
"03-Mar-2023","3,141.15","3,150.90","3,113.85","3,127.30","337,278"
"06-Mar-2023","3,138.00","3,169.10","3,132.40","3,166.20","362,693"
"08-Mar-2023","3,166.00","3,211.55","3,150.10","3,204.40","657,256"
"09-Mar-2023","3,211.00","3,219.95","3,142.10","3,146.70","419,727"
"10-Mar-2023","3,134.95","3,147.20","3,095.15","3,116.10","362,000"
"13-Mar-2023","3,117.00","3,122.95","3,025.00","3,033.40","351,244"
"14-Mar-2023","3,033.40","3,050.00","2,985.50","3,016.90","727,498"
"15-Mar-2023","3,044.80","3,059.75","3,002.00","3,006.90","288,927"
"16-Mar-2023","3,021.70","3,081.00","2,996.00","3,035.45","439,612"
"17-Mar-2023","3,052.00","3,058.00","2,942.25","2,974.60","692,626"
"20-Mar-2023","2,974.60","2,989.90","2,909.25","2,952.00","561,183"
"21-Mar-2023","2,966.80","2,975.00","2,927.00","2,934.80","490,092"
"22-Mar-2023","2,949.50","2,968.90","2,931.85","2,946.55","222,875"
"23-Mar-2023","2,942.20","2,950.00","2,912.85","2,927.70","379,191"
"24-Mar-2023","2,925.00","2,931.00","2,886.65","2,909.60","542,971"
"27-Mar-2023","2,913.60","2,929.00","2,871.00","2,885.55","375,285"
"28-Mar-2023","2,894.80","2,894.80","2,836.00","2,852.40","1,079,359"
"29-Mar-2023","2,858.50","2,947.80","2,850.00","2,933.70","765,293"
"31-Mar-2023","2,923.10","2,963.35","2,921.00","2,948.85","546,110"
"03-Apr-2023","3,050.00","3,050.00","2,981.10","3,004.30","1,170,652"
"05-Apr-2023","2,982.00","3,009.00","2,922.20","2,933.75","1,033,837"
"06-Apr-2023","2,948.70","2,970.00","2,926.00","2,961.70","586,845"
"10-Apr-2023","2,980.00","2,987.00","2,951.15","2,970.45","416,883"
"11-Apr-2023","2,970.45","3,059.00","2,970.45","3,054.20","618,391"
"12-Apr-2023","3,035.00","3,145.00","3,035.00","3,128.35","746,284"
"13-Apr-2023","3,140.00","3,231.45","3,132.00","3,213.05","1,337,741"
"17-Apr-2023","3,235.00","3,254.00","3,206.00","3,229.00","539,975"
"18-Apr-2023","3,228.65","3,278.00","3,215.85","3,263.55","577,513"
"19-Apr-2023","3,263.95","3,300.00","3,258.10","3,289.60","646,164"
"20-Apr-2023","3,308.70","3,308.70","3,220.05","3,246.95","483,671"
"21-Apr-2023","3,240.00","3,259.95","3,194.10","3,200.70","443,737"
"24-Apr-2023","3,204.00","3,217.45","3,158.10","3,182.80","379,317"
"25-Apr-2023","3,175.00","3,246.50","3,156.15","3,217.95","574,542"
"26-Apr-2023","3,230.00","3,280.00","3,225.55","3,248.35","881,684"
"27-Apr-2023","3,248.30","3,270.40","3,236.25","3,263.55","464,406"
"28-Apr-2023","3,275.00","3,305.00","3,265.35","3,301.10","416,242"
"02-May-2023","3,326.95","3,383.80","3,325.00","3,356.15","838,718"
"03-May-2023","3,367.90","3,367.90","3,321.20","3,348.35","577,763"
"04-May-2023","3,341.00","3,382.45","3,321.00","3,339.30","325,535"
"05-May-2023","3,339.30","3,392.05","3,324.75","3,355.10","518,154"
"08-May-2023","3,371.00","3,407.40","3,360.10","3,392.90","322,909"
"09-May-2023","3,410.00","3,410.00","3,371.35","3,381.90","347,387"
"10-May-2023","3,396.60","3,422.80","3,354.80","3,416.75","386,746"
"11-May-2023","3,424.85","3,424.85","3,387.05","3,405.30","408,412"
"12-May-2023","3,520.00","3,647.50","3,514.95","3,626.35","3,665,298"
"15-May-2023","3,630.00","3,705.00","3,630.00","3,658.50","1,269,701"
"16-May-2023","3,669.00","3,685.00","3,610.00","3,633.20","1,035,562"
"17-May-2023","3,624.00","3,636.30","3,584.20","3,628.75","755,786"
"18-May-2023","3,636.00","3,649.95","3,570.45","3,576.15","1,235,091"
"19-May-2023","3,566.15","3,579.00","3,511.50","3,570.90","762,689"
"22-May-2023","3,569.95","3,576.80","3,527.00","3,545.45","303,121"
"23-May-2023","3,545.45","3,607.70","3,530.05","3,601.60","374,270"
"24-May-2023","3,600.00","3,624.00","3,578.90","3,610.90","374,043"
"25-May-2023","3,610.90","3,682.25","3,606.90","3,651.50","725,887"
"26-May-2023","3,649.00","3,697.50","3,610.00","3,690.35","394,991"
"29-May-2023","3,700.00","3,718.20","3,670.00","3,711.45","516,724"
"30-May-2023","3,711.45","3,722.80","3,670.40","3,678.35","598,100"
"31-May-2023","3,678.35","3,727.00","3,656.25","3,671.95","1,188,672"
"01-Jun-2023","3,713.70","3,733.00","3,687.00","3,716.05","622,442"
"02-Jun-2023","3,720.00","3,748.00","3,657.00","3,699.40","987,424"
"05-Jun-2023","3,713.15","3,717.50","3,665.10","3,673.25","340,655"
"06-Jun-2023","3,680.10","3,722.00","3,680.00","3,705.10","385,907"
"07-Jun-2023","3,705.10","3,740.00","3,697.20","3,727.40","342,012"
"08-Jun-2023","3,727.10","3,727.10","3,644.40","3,657.40","511,175"
"09-Jun-2023","3,652.00","3,667.20","3,576.10","3,581.30","447,350"
"12-Jun-2023","3,595.00","3,616.50","3,556.00","3,590.60","358,856"
"13-Jun-2023","3,599.95","3,640.75","3,583.00","3,592.65","612,123"
"14-Jun-2023","3,615.00","3,642.30","3,563.15","3,572.05","456,603"
"15-Jun-2023","3,588.90","3,608.80","3,530.00","3,534.70","428,887"
"16-Jun-2023","3,550.00","3,563.90","3,490.00","3,538.90","610,093"
"19-Jun-2023","3,567.80","3,569.15","3,493.00","3,496.65","336,012"
"20-Jun-2023","3,504.80","3,570.00","3,465.05","3,562.10","378,562"
"21-Jun-2023","3,576.00","3,585.55","3,535.05","3,570.45","538,051"
"22-Jun-2023","3,587.85","3,630.00","3,545.00","3,558.60","559,681"
"23-Jun-2023","3,564.70","3,564.70","3,509.80","3,539.20","281,640"
"26-Jun-2023","3,549.95","3,572.30","3,521.00","3,551.65","346,202"
"27-Jun-2023","3,545.10","3,582.20","3,519.00","3,535.75","336,518"
"28-Jun-2023","3,545.00","3,569.90","3,537.90","3,544.85","657,118"
"30-Jun-2023","3,540.10","3,600.00","3,505.30","3,580.10","712,382"
"03-Jul-2023","3,590.95","3,666.00","3,585.55","3,630.85","734,331"
"04-Jul-2023","3,555.05","3,558.85","3,387.05","3,401.80","4,118,019"
"05-Jul-2023","3,410.80","3,423.40","3,280.00","3,309.75","2,931,606"
"06-Jul-2023","3,250.00","3,289.15","3,208.00","3,222.20","3,837,528"
"07-Jul-2023","3,210.55","3,248.00","3,176.00","3,184.80","2,099,192"
"10-Jul-2023","3,210.00","3,232.00","3,160.00","3,173.90","1,778,576"
"11-Jul-2023","3,197.95","3,262.00","3,184.05","3,253.05","1,425,815"
"12-Jul-2023","3,272.00","3,307.00","3,235.00","3,291.65","1,573,745"
"13-Jul-2023","3,305.00","3,305.00","3,245.00","3,257.15","1,050,165"
"14-Jul-2023","3,275.00","3,365.00","3,256.00","3,347.10","1,577,337"
"17-Jul-2023","3,350.00","3,374.00","3,325.05","3,349.90","1,556,115"
"18-Jul-2023","3,355.00","3,369.00","3,317.50","3,349.25","743,048"
"19-Jul-2023","3,349.00","3,356.55","3,320.05","3,330.15","658,755"
"20-Jul-2023","3,343.00","3,343.00","3,297.00","3,317.10","684,856"
"21-Jul-2023","3,314.80","3,336.00","3,293.05","3,315.50","536,479"
"24-Jul-2023","3,318.00","3,321.85","3,282.00","3,307.85","517,007"
"25-Jul-2023","3,325.55","3,365.00","3,312.75","3,326.20","865,631"
"26-Jul-2023","3,347.45","3,360.00","3,326.40","3,353.65","552,958"
"27-Jul-2023","3,360.00","3,367.25","3,320.40","3,327.90","748,689"
"28-Jul-2023","3,349.80","3,358.50","3,329.65","3,355.20","338,430"
"31-Jul-2023","3,350.00","3,375.95","3,318.45","3,365.50","485,771"
"01-Aug-2023","3,375.00","3,435.00","3,367.05","3,415.90","1,039,321"
"02-Aug-2023","3,430.00","3,430.00","3,280.00","3,332.70","1,174,483"
"03-Aug-2023","3,332.30","3,385.00","3,301.35","3,379.70","601,722"
"04-Aug-2023","3,420.00","3,478.85","3,350.00","3,359.55","1,235,134"
"07-Aug-2023","3,359.95","3,377.15","3,339.70","3,355.85","438,968"
"08-Aug-2023","3,344.00","3,385.05","3,291.00","3,372.00","881,723"
"09-Aug-2023","3,375.00","3,415.00","3,332.00","3,412.60","1,096,303"
"10-Aug-2023","3,412.00","3,434.80","3,380.10","3,414.70","640,761"
"11-Aug-2023","3,420.00","3,420.00","3,376.45","3,389.20","366,412"
"14-Aug-2023","3,372.00","3,372.00","3,286.35","3,338.70","650,028"
"16-Aug-2023","3,346.95","3,346.95","3,286.10","3,327.20","502,272"
"17-Aug-2023","3,319.00","3,323.00","3,291.75","3,298.45","484,577"
"18-Aug-2023","3,298.00","3,369.00","3,274.90","3,349.60","680,218"
"21-Aug-2023","3,344.95","3,372.00","3,315.50","3,365.55","407,887"
"22-Aug-2023","3,361.20","3,369.00","3,329.00","3,343.40","343,014"
"23-Aug-2023","3,343.40","3,380.00","3,330.30","3,358.00","347,738"
"24-Aug-2023","3,365.00","3,375.00","3,320.00","3,341.65","840,229"
"25-Aug-2023","3,341.00","3,362.15","3,323.60","3,341.15","463,506"
"28-Aug-2023","3,349.95","3,364.95","3,334.00","3,348.35","329,661"
"29-Aug-2023","3,360.00","3,370.00","3,348.45","3,355.35","271,577"
"30-Aug-2023","3,368.00","3,412.00","3,356.50","3,405.75","903,102"
"31-Aug-2023","3,410.00","3,410.00","3,322.00","3,336.60","835,737"
"01-Sep-2023","3,350.00","3,406.45","3,322.10","3,400.40","691,510"
"04-Sep-2023","3,430.00","3,461.00","3,410.25","3,434.15","661,736"
"05-Sep-2023","3,434.15","3,444.00","3,396.50","3,403.45","374,902"
"06-Sep-2023","3,415.00","3,417.10","3,375.00","3,391.30","431,090"
"07-Sep-2023","3,390.00","3,411.95","3,375.00","3,402.45","334,700"
"08-Sep-2023","3,403.00","3,406.35","3,366.10","3,370.90","448,502"
"11-Sep-2023","3,377.00","3,409.90","3,363.00","3,404.50","544,361"
"12-Sep-2023","3,410.00","3,414.95","3,320.70","3,341.25","446,513"
"13-Sep-2023","3,349.95","3,369.90","3,308.00","3,320.30","820,181"
"14-Sep-2023","3,335.00","3,385.00","3,325.10","3,381.40","436,335"
"15-Sep-2023","3,380.05","3,447.90","3,371.55","3,427.20","1,169,429"
"18-Sep-2023","3,432.05","3,452.85","3,412.00","3,431.75","596,376"
"20-Sep-2023","3,427.00","3,450.00","3,376.80","3,441.20","547,812"
"21-Sep-2023","3,429.80","3,440.05","3,404.00","3,435.85","477,582"
"22-Sep-2023","3,425.00","3,431.80","3,392.00","3,409.45","393,516"
"25-Sep-2023","3,417.85","3,429.90","3,381.05","3,386.65","309,695"
"26-Sep-2023","3,405.05","3,539.20","3,405.00","3,472.15","2,178,639"
"27-Sep-2023","3,490.00","3,496.90","3,426.80","3,479.70","552,573"
"28-Sep-2023","3,480.00","3,500.00","3,425.00","3,440.25","608,162"
"29-Sep-2023","3,444.95","3,480.50","3,426.30","3,446.95","515,006"
"03-Oct-2023","3,426.90","3,434.95","3,302.90","3,351.40","1,354,075"
"04-Oct-2023","3,350.00","3,408.95","3,323.75","3,400.90","566,983"
"05-Oct-2023","3,405.50","3,453.90","3,387.05","3,443.60","394,665"
"06-Oct-2023","3,443.60","3,464.45","3,438.35","3,450.40","249,258"
"09-Oct-2023","3,420.20","3,476.00","3,401.00","3,445.60","471,285"
"10-Oct-2023","3,450.45","3,474.00","3,449.05","3,458.75","206,646"
"11-Oct-2023","3,482.00","3,494.10","3,461.40","3,486.60","343,468"
"12-Oct-2023","3,490.00","3,534.95","3,476.45","3,494.20","644,992"
"13-Oct-2023","3,481.00","3,500.00","3,441.00","3,476.40","280,442"
"16-Oct-2023","3,462.10","3,503.00","3,462.10","3,486.60","147,663"
"17-Oct-2023","3,505.00","3,522.80","3,487.00","3,500.85","260,333"
"18-Oct-2023","3,500.85","3,546.85","3,482.10","3,496.10","368,551"
"19-Oct-2023","3,480.00","3,534.00","3,460.35","3,501.20","353,664"
"20-Oct-2023","3,500.00","3,500.15","3,465.60","3,480.90","216,268"
"23-Oct-2023","3,467.10","3,492.90","3,425.85","3,446.35","211,293"
"25-Oct-2023","3,435.10","3,446.25","3,368.80","3,384.40","354,128"
"26-Oct-2023","3,370.00","3,375.00","3,310.00","3,326.80","428,619"
"27-Oct-2023","3,326.80","3,410.00","3,326.80","3,394.85","293,097"
"30-Oct-2023","3,403.00","3,426.00","3,336.20","3,357.65","257,392"
"31-Oct-2023","3,366.55","3,367.00","3,287.20","3,295.55","409,346"
"01-Nov-2023","3,309.80","3,315.10","3,275.00","3,282.25","325,630"
"02-Nov-2023","3,285.00","3,345.00","3,284.20","3,338.30","493,381"
"03-Nov-2023","3,360.00","3,458.15","3,353.00","3,428.00","568,463"
"06-Nov-2023","3,454.90","3,543.45","3,437.45","3,510.95","722,080"
"07-Nov-2023","3,480.10","3,538.95","3,480.10","3,509.05","335,436"
"08-Nov-2023","3,510.00","3,565.00","3,505.85","3,550.30","393,482"
"09-Nov-2023","3,545.30","3,596.40","3,526.10","3,541.90","538,782"
"10-Nov-2023","3,540.00","3,565.00","3,502.10","3,540.75","259,237"
"12-Nov-2023","3,590.00","3,611.55","3,570.00","3,579.30","113,586"
"13-Nov-2023","3,590.00","3,675.00","3,586.00","3,645.40","875,885"
"15-Nov-2023","3,689.00","3,860.00","3,672.10","3,848.30","1,914,550"
"16-Nov-2023","3,848.05","3,873.00","3,813.15","3,836.75","755,583"
"17-Nov-2023","3,824.90","3,898.00","3,816.90","3,865.30","476,357"
"20-Nov-2023","3,850.55","3,898.90","3,824.00","3,846.45","249,897"
"21-Nov-2023","3,865.00","3,865.60","3,826.05","3,844.20","260,475"
"22-Nov-2023","3,830.10","3,854.40","3,805.00","3,833.80","286,194"
"23-Nov-2023","3,836.55","3,915.00","3,833.00","3,883.80","764,501"
"24-Nov-2023","3,895.70","3,920.00","3,842.05","3,849.05","266,314"
"28-Nov-2023","3,855.95","3,892.15","3,777.75","3,826.70","505,274"
"29-Nov-2023","3,852.00","3,852.00","3,791.00","3,812.25","414,180"
"30-Nov-2023","3,857.95","3,920.00","3,828.05","3,896.90","1,338,711"
"01-Dec-2023","3,922.00","3,950.00","3,882.05","3,891.20","683,211"
"04-Dec-2023","3,950.00","4,200.00","3,916.00","4,180.35","2,824,695"
"05-Dec-2023","4,181.00","4,195.25","4,100.00","4,136.50","1,045,885"
"06-Dec-2023","4,088.05","4,127.95","4,025.00","4,047.00","941,566"
"07-Dec-2023","4,050.00","4,135.00","4,048.00","4,091.00","699,553"
"08-Dec-2023","4,100.00","4,112.40","4,028.80","4,055.00","334,252"
"11-Dec-2023","4,055.00","4,068.90","4,010.00","4,025.65","534,584"
"12-Dec-2023","4,047.45","4,047.45","3,936.15","3,951.75","981,121"
"13-Dec-2023","3,969.00","4,044.95","3,957.95","4,032.75","707,209"
"14-Dec-2023","4,058.00","4,100.00","4,045.00","4,086.15","922,658"
"15-Dec-2023","4,099.70","4,135.30","4,045.00","4,059.90","954,933"
"18-Dec-2023","4,076.00","4,165.00","4,068.50","4,085.50","886,620"
"19-Dec-2023","4,094.80","4,109.55","4,022.40","4,039.65","328,368"
"20-Dec-2023","4,074.75","4,132.45","3,891.70","3,912.40","557,214"
"21-Dec-2023","3,900.00","4,007.90","3,847.55","3,957.95","445,648"
"22-Dec-2023","3,983.00","4,016.95","3,948.20","4,006.05","309,907"
"26-Dec-2023","4,024.80","4,069.65","4,012.00","4,040.40","475,107"
"27-Dec-2023","4,068.00","4,134.95","4,042.10","4,120.00","385,941"
"28-Dec-2023","4,120.00","4,130.00","4,080.90","4,091.90","450,475"
"29-Dec-2023","4,099.95","4,178.00","4,094.00","4,143.50","673,952"
"01-Jan-2024","4,145.00","4,145.00","4,030.00","4,038.35","763,454"
"02-Jan-2024","4,010.10","4,010.75","3,882.35","3,892.50","1,221,148"
"03-Jan-2024","3,894.05","3,928.95","3,878.45","3,887.60","435,449"
"04-Jan-2024","3,887.50","3,915.00","3,848.50","3,861.00","425,702"
"05-Jan-2024","3,864.05","3,918.70","3,860.00","3,877.05","402,103"
"08-Jan-2024","3,890.00","3,960.40","3,877.50","3,884.25","401,263"
"09-Jan-2024","3,909.25","3,923.95","3,850.60","3,870.45","411,462"
"10-Jan-2024","3,870.45","3,873.00","3,790.65","3,842.55","577,499"
"11-Jan-2024","3,868.80","3,924.70","3,852.45","3,888.80","378,237"
"12-Jan-2024","3,890.20","3,899.00","3,850.00","3,870.85","220,410"
"15-Jan-2024","3,875.00","3,884.65","3,811.00","3,832.10","364,325"
"16-Jan-2024","3,790.00","3,828.10","3,741.50","3,792.30","519,197"
"17-Jan-2024","3,731.00","3,772.00","3,720.00","3,751.10","585,284"
"18-Jan-2024","3,751.10","3,761.55","3,661.00","3,691.15","583,931"
"19-Jan-2024","3,700.00","3,787.85","3,658.00","3,699.45","894,473"
"20-Jan-2024","3,709.90","3,737.90","3,675.10","3,697.60","122,046"
"23-Jan-2024","3,702.05","3,744.00","3,606.05","3,616.70","823,427"
"24-Jan-2024","3,629.00","3,648.95","3,562.45","3,635.00","1,318,897"
"25-Jan-2024","3,680.00","3,680.00","3,597.05","3,616.45","699,432"
"29-Jan-2024","3,621.10","3,681.00","3,590.05","3,669.05","936,432"
"30-Jan-2024","3,675.00","3,729.90","3,673.90","3,704.75","612,064"
"31-Jan-2024","3,716.00","3,852.15","3,701.10","3,839.60","759,817"
"01-Feb-2024","3,843.00","3,965.85","3,843.00","3,933.20","1,313,981"
"02-Feb-2024","3,900.00","3,900.00","3,811.25","3,825.55","872,011"
"05-Feb-2024","3,850.00","3,918.40","3,837.00","3,889.95","592,181"
"06-Feb-2024","3,900.00","3,950.75","3,890.00","3,944.60","470,713"
"07-Feb-2024","3,975.00","3,990.00","3,907.95","3,927.65","416,774"
"08-Feb-2024","3,953.00","3,957.30","3,791.75","3,807.30","404,899"
"09-Feb-2024","3,820.00","3,847.95","3,761.60","3,840.95","396,729"
"12-Feb-2024","3,869.90","3,903.05","3,817.20","3,871.85","237,343"
"13-Feb-2024","3,894.65","3,936.15","3,765.45","3,854.20","633,019"
"14-Feb-2024","3,833.00","3,932.35","3,726.60","3,901.55","919,714"
"15-Feb-2024","3,905.00","3,928.50","3,876.20","3,916.55","405,632"
"16-Feb-2024","3,925.05","4,003.00","3,916.30","3,928.65","634,008"
"19-Feb-2024","3,934.95","3,954.70","3,894.75","3,902.85","267,834"
"20-Feb-2024","3,894.00","3,898.90","3,784.20","3,828.10","1,324,518"
"21-Feb-2024","3,828.10","3,895.75","3,821.00","3,836.35","575,380"
"22-Feb-2024","3,864.80","3,970.00","3,841.85","3,951.40","1,130,600"
"23-Feb-2024","3,970.40","3,972.00","3,913.65","3,927.05","571,998"
"26-Feb-2024","3,927.05","3,991.45","3,895.00","3,952.95","474,465"
"27-Feb-2024","3,950.00","4,012.55","3,940.00","4,002.75","579,400"
"28-Feb-2024","4,002.75","4,018.95","3,851.00","3,863.75","658,953"
"29-Feb-2024","3,862.95","3,890.00","3,760.05","3,792.40","1,021,336"
"01-Mar-2024","3,790.20","3,868.80","3,776.05","3,843.55","665,946"
"02-Mar-2024","3,855.00","3,877.85","3,837.05","3,860.35","17,701"
"04-Mar-2024","3,858.60","3,883.30","3,744.00","3,751.45","641,251"
"05-Mar-2024","3,751.45","3,801.95","3,742.55","3,791.90","591,293"
"06-Mar-2024","3,800.00","3,806.85","3,734.05","3,793.20","315,398"
"07-Mar-2024","3,793.20","3,810.00","3,759.05","3,785.25","734,239"
"11-Mar-2024","3,795.45","3,814.95","3,770.00","3,783.90","373,335"
"12-Mar-2024","3,804.40","3,855.80","3,771.00","3,810.75","528,035"
"13-Mar-2024","3,811.55","3,852.40","3,715.00","3,735.55","428,324"
"14-Mar-2024","3,717.00","3,803.75","3,686.25","3,772.65","720,948"
"15-Mar-2024","3,772.65","3,779.95","3,707.05","3,745.65","487,749"
"18-Mar-2024","3,745.00","3,745.00","3,681.70","3,699.70","533,167"
"19-Mar-2024","3,699.70","3,730.00","3,672.00","3,716.85","559,402"
"20-Mar-2024","3,821.00","3,940.00","3,821.00","3,873.60","3,045,475"
"21-Mar-2024","3,881.35","3,949.00","3,881.00","3,918.95","838,929"
"22-Mar-2024","3,945.00","4,013.95","3,863.20","3,988.40","1,033,237"
"26-Mar-2024","4,001.45","4,042.50","3,907.10","3,911.10","772,158"
"27-Mar-2024","3,934.80","3,987.00","3,905.80","3,913.80","510,950"
"28-Mar-2024","3,915.30","4,075.00","3,891.75","4,019.30","1,307,106"
"01-Apr-2024","4,060.80","4,070.00","3,936.50","3,946.65","532,524"
"02-Apr-2024","3,990.00","3,990.00","3,914.30","3,922.20","485,047"
"03-Apr-2024","3,923.00","3,943.10","3,886.10","3,934.20","392,460"
"04-Apr-2024","3,957.00","4,030.00","3,892.05","4,014.30","932,478"
"05-Apr-2024","4,013.00","4,046.55","3,967.55","4,031.25","537,212"
"08-Apr-2024","4,024.95","4,303.45","4,011.60","4,205.75","2,165,986"
"09-Apr-2024","4,247.80","4,267.90","4,137.50","4,248.65","970,657"
"10-Apr-2024","4,250.00","4,335.00","4,222.05","4,315.10","1,018,246"
"12-Apr-2024","4,310.00","4,382.80","4,267.80","4,302.25","1,133,493"
"15-Apr-2024","4,250.00","4,317.85","4,193.75","4,219.35","860,133"
"16-Apr-2024","4,217.40","4,404.00","4,206.30","4,355.70","1,467,677"
"18-Apr-2024","4,356.00","4,444.00","4,338.05","4,351.20","1,316,876"
"19-Apr-2024","4,345.00","4,369.45","4,261.30","4,344.15","719,002"
"22-Apr-2024","4,394.00","4,485.00","4,370.40","4,466.95","781,218"
"23-Apr-2024","4,472.05","4,534.90","4,445.00","4,520.15","740,619"
"24-Apr-2024","4,545.00","4,571.65","4,514.80","4,530.70","919,636"
"25-Apr-2024","4,568.00","4,629.50","4,486.00","4,615.20","1,260,511"
"26-Apr-2024","4,591.00","4,632.85","4,572.00","4,601.00","364,193"
"29-Apr-2024","4,589.00","4,603.55","4,532.60","4,571.85","465,907"
"30-Apr-2024","4,578.00","4,689.95","4,578.00","4,597.40","663,752"
"02-May-2024","4,598.00","4,634.10","4,546.40","4,602.40","908,139"
"03-May-2024","4,623.00","4,655.60","4,580.00","4,599.25","562,484"
"06-May-2024","4,613.00","4,668.80","4,581.25","4,599.00","716,536"
"07-May-2024","4,605.00","4,655.00","4,570.00","4,622.40","505,027"
"08-May-2024","4,585.00","4,634.00","4,560.95","4,600.10","613,158"
"09-May-2024","4,580.00","4,708.00","4,541.50","4,568.05","980,283"
"10-May-2024","4,590.00","4,689.05","4,556.40","4,657.85","471,148"
"13-May-2024","4,679.00","4,733.80","4,528.30","4,657.45","1,738,770"
"14-May-2024","4,667.40","4,742.95","4,651.10","4,730.55","870,035"
"15-May-2024","4,730.55","4,730.55","4,598.10","4,649.35","1,082,300"
"16-May-2024","4,650.00","4,697.95","4,543.10","4,681.75","845,652"
"17-May-2024","4,660.00","4,700.00","4,622.00","4,693.90","287,570"
"18-May-2024","4,717.90","4,717.90","4,667.00","4,684.40","23,597"
"21-May-2024","4,650.00","4,728.85","4,650.00","4,672.95","500,742"
"22-May-2024","4,673.00","4,707.65","4,665.50","4,695.45","201,187"
"23-May-2024","4,696.65","4,867.85","4,682.55","4,852.85","922,926"
"24-May-2024","4,822.50","4,908.00","4,807.40","4,880.95","545,727"
"27-May-2024","4,861.05","4,907.00","4,770.00","4,793.30","655,641"
"28-May-2024","4,793.30","4,825.50","4,760.00","4,770.95","333,511"
"29-May-2024","4,746.00","4,808.85","4,724.25","4,745.40","548,865"
"30-May-2024","4,709.75","4,770.00","4,704.70","4,742.95","431,385"
"31-May-2024","4,742.20","4,790.00","4,668.25","4,733.45","1,137,018"
"03-Jun-2024","4,800.00","4,800.00","4,640.00","4,670.85","1,070,710"
"04-Jun-2024","4,679.90","4,706.85","4,253.85","4,495.40","920,927"
"05-Jun-2024","4,539.10","4,647.45","4,495.00","4,579.00","468,061"
"06-Jun-2024","4,579.00","4,727.00","4,538.30","4,719.75","748,915"
"07-Jun-2024","4,700.00","4,769.00","4,670.10","4,762.00","419,417"
"10-Jun-2024","4,769.60","4,800.00","4,757.00","4,782.75","301,649"
"11-Jun-2024","4,810.00","4,811.95","4,744.05","4,758.65","733,966"
"12-Jun-2024","4,765.00","4,873.45","4,745.00","4,850.65","523,152"
"13-Jun-2024","4,886.95","4,889.60","4,768.00","4,801.50","840,780"
"14-Jun-2024","4,817.50","4,945.00","4,801.50","4,935.10","549,131"
"18-Jun-2024","4,940.00","4,976.00","4,912.55","4,936.10","706,641"
"19-Jun-2024","4,940.00","4,963.70","4,850.00","4,880.75","652,617"
"20-Jun-2024","4,885.35","4,924.90","4,843.05","4,876.90","637,364"
"21-Jun-2024","4,876.90","4,925.30","4,820.00","4,845.50","414,677"
"24-Jun-2024","4,838.00","4,888.70","4,794.20","4,870.90","302,473"
"25-Jun-2024","4,870.90","4,896.00","4,762.05","4,775.05","660,144"
"26-Jun-2024","4,775.05","4,807.40","4,720.00","4,739.70","600,784"
"27-Jun-2024","4,722.00","4,766.45","4,682.05","4,713.80","1,087,487"
"28-Jun-2024","4,713.80","4,733.95","4,655.30","4,672.95","939,279"
"01-Jul-2024","4,640.00","4,729.45","4,626.00","4,635.55","1,364,796"
"02-Jul-2024","4,635.90","4,699.10","4,592.90","4,625.75","865,321"
"03-Jul-2024","4,643.65","4,703.75","4,638.10","4,692.30","257,361"
"04-Jul-2024","4,692.30","4,725.00","4,662.00","4,689.50","313,153"
"05-Jul-2024","4,700.05","4,748.80","4,698.60","4,737.30","258,687"
"08-Jul-2024","4,758.95","4,775.00","4,716.00","4,754.45","542,470"
"09-Jul-2024","4,757.60","4,838.00","4,742.00","4,828.70","631,367"
"10-Jul-2024","4,842.00","4,955.00","4,795.00","4,849.15","832,007"
"11-Jul-2024","4,878.95","4,885.00","4,805.85","4,828.65","308,708"
"12-Jul-2024","4,828.55","4,879.20","4,815.00","4,860.70","290,823"
"15-Jul-2024","4,851.05","4,917.00","4,825.60","4,881.35","223,485"
"16-Jul-2024","4,881.40","4,935.65","4,861.00","4,916.10","664,540"
"18-Jul-2024","4,818.00","4,965.00","4,784.95","4,941.10","773,064"
"19-Jul-2024","4,905.00","4,925.00","4,820.20","4,850.70","662,969"
"22-Jul-2024","4,767.00","4,869.90","4,759.60","4,857.35","377,893"
"23-Jul-2024","4,857.05","4,975.00","4,785.95","4,919.55","1,128,441"
"24-Jul-2024","4,918.00","4,942.30","4,879.00","4,915.35","400,075"
"25-Jul-2024","4,900.00","4,923.45","4,872.35","4,900.65","413,861"
"26-Jul-2024","4,896.80","5,058.90","4,863.75","5,012.50","625,674"
"29-Jul-2024","5,034.00","5,047.95","4,931.15","4,962.25","338,482"
"30-Jul-2024","4,950.05","4,978.65","4,904.15","4,951.85","683,440"
"31-Jul-2024","4,951.85","4,992.80","4,939.95","4,962.70","567,283"
"01-Aug-2024","4,970.50","5,023.00","4,903.50","4,968.80","654,655"
"02-Aug-2024","4,884.00","4,884.00","4,691.55","4,726.70","2,120,560"
"05-Aug-2024","4,612.15","4,693.35","4,555.00","4,675.75","946,316"
"06-Aug-2024","4,687.00","4,752.00","4,638.05","4,653.90","594,238"
"07-Aug-2024","4,664.95","4,690.00","4,579.40","4,597.15","1,093,582"
"08-Aug-2024","4,624.00","4,641.95","4,548.00","4,576.90","979,435"
"09-Aug-2024","4,805.65","4,853.00","4,716.95","4,830.60","1,697,560"
"12-Aug-2024","4,799.00","4,852.05","4,793.35","4,808.80","738,630"
"13-Aug-2024","4,810.20","4,834.90","4,790.10","4,802.25","194,849"
"14-Aug-2024","4,810.95","4,820.00","4,716.00","4,733.25","328,795"
"16-Aug-2024","4,735.10","4,825.00","4,735.10","4,818.00","259,101"
"19-Aug-2024","4,848.00","4,848.00","4,780.00","4,813.30","280,722"
"20-Aug-2024","4,848.90","4,898.00","4,824.30","4,883.25","523,506"
"21-Aug-2024","4,890.00","4,925.00","4,867.00","4,913.55","221,438"
"22-Aug-2024","4,932.20","4,949.00","4,905.60","4,933.55","536,373"
"23-Aug-2024","4,920.00","4,967.85","4,882.30","4,898.10","208,413"
"26-Aug-2024","4,902.00","4,915.95","4,865.05","4,875.20","314,431"
"27-Aug-2024","4,866.05","4,887.25","4,836.70","4,868.85","382,109"
"28-Aug-2024","4,870.00","4,975.75","4,840.00","4,946.85","424,484"
"29-Aug-2024","4,946.85","4,994.40","4,880.00","4,915.90","571,335"
"30-Aug-2024","4,901.05","4,979.50","4,896.00","4,960.50","465,200"
"02-Sep-2024","4,949.75","5,011.00","4,887.75","4,911.95","310,778"
"03-Sep-2024","4,923.95","4,940.00","4,856.05","4,865.80","263,404"
"04-Sep-2024","4,830.00","4,877.45","4,821.20","4,833.55","476,838"
"05-Sep-2024","4,850.00","4,863.10","4,787.15","4,800.10","398,344"
"06-Sep-2024","4,794.70","4,830.00","4,740.20","4,752.50","291,111"
"09-Sep-2024","4,752.50","4,780.00","4,716.10","4,747.35","272,444"
"10-Sep-2024","4,749.00","4,767.50","4,689.35","4,737.20","404,100"
"11-Sep-2024","4,730.00","4,779.50","4,702.00","4,726.65","384,214"
"12-Sep-2024","4,744.90","4,895.00","4,717.70","4,875.00","757,317"
"13-Sep-2024","4,857.90","4,881.40","4,828.00","4,858.30","315,869"
"16-Sep-2024","4,884.95","4,938.75","4,860.00","4,899.20","453,831"
"17-Sep-2024","4,898.50","4,898.50","4,816.65","4,850.20","356,442"
"18-Sep-2024","4,864.00","4,878.70","4,812.25","4,850.35","295,359"
"19-Sep-2024","4,875.00","4,923.80","4,845.10","4,864.90","357,206"
"20-Sep-2024","4,866.80","5,062.20","4,854.40","4,963.15","1,332,877"
"23-Sep-2024","4,990.00","4,991.40","4,854.65","4,879.55","899,953"
"24-Sep-2024","4,887.50","4,894.95","4,855.00","4,876.90","481,696"
"25-Sep-2024","4,851.00","4,920.00","4,851.00","4,895.25","665,986"
"26-Sep-2024","4,915.00","4,999.90","4,890.00","4,994.25","790,345"
"27-Sep-2024","4,990.00","5,105.00","4,953.35","5,062.60","1,040,624"
"30-Sep-2024","5,062.00","5,085.00","4,998.50","5,026.25","516,973"
"01-Oct-2024","5,026.30","5,045.95","4,952.00","4,972.65","449,002"
"03-Oct-2024","4,930.00","4,950.00","4,711.00","4,782.50","1,337,657"
"04-Oct-2024","4,782.00","4,802.80","4,690.85","4,706.80","466,001"
"07-Oct-2024","4,748.80","4,748.80","4,650.00","4,667.95","447,523"
"08-Oct-2024","4,650.00","4,738.50","4,586.20","4,693.45","661,110"
"09-Oct-2024","4,698.90","4,737.90","4,660.00","4,708.90","930,717"
"10-Oct-2024","4,737.80","4,769.00","4,690.00","4,697.90","305,739"
"11-Oct-2024","4,704.00","4,808.15","4,660.00","4,728.05","844,931"
"14-Oct-2024","4,749.00","4,810.00","4,730.65","4,779.80","346,430"
"15-Oct-2024","4,779.75","4,799.90","4,695.90","4,722.10","370,224"
"16-Oct-2024","4,724.00","4,734.00","4,641.00","4,678.25","380,474"
"17-Oct-2024","4,645.00","4,654.95","4,521.00","4,623.85","514,244"
"18-Oct-2024","4,613.90","4,799.90","4,612.05","4,765.65","778,795"
"21-Oct-2024","4,765.00","4,852.85","4,743.00","4,810.45","745,473"
"22-Oct-2024","4,810.45","4,826.20","4,749.65","4,759.05","528,037"
"23-Oct-2024","4,722.55","4,725.45","4,653.15","4,677.75","655,987"
"24-Oct-2024","4,665.00","4,684.65","4,630.15","4,668.50","288,778"
"25-Oct-2024","4,650.00","4,672.65","4,508.75","4,591.60","446,738"
"28-Oct-2024","4,591.60","4,765.00","4,533.65","4,720.65","989,928"
"29-Oct-2024","4,688.00","4,918.55","4,685.45","4,898.15","1,065,819"
"30-Oct-2024","4,850.10","4,947.75","4,850.10","4,869.25","842,334"
"31-Oct-2024","4,869.00","4,915.00","4,820.70","4,894.65","510,074"
"01-Nov-2024","4,984.85","4,990.00","4,930.00","4,953.60","79,729"
"04-Nov-2024","5,002.45","5,015.00","4,791.05","4,831.85","719,165"
"05-Nov-2024","4,831.85","4,910.00","4,808.00","4,899.80","499,976"
"06-Nov-2024","4,910.95","4,960.40","4,906.95","4,917.15","370,356"
"07-Nov-2024","4,917.15","4,920.95","4,817.65","4,878.00","221,554"
"08-Nov-2024","4,875.00","4,877.95","4,755.35","4,785.25","194,765"
"11-Nov-2024","4,762.00","4,832.60","4,750.30","4,793.45","209,237"
"12-Nov-2024","4,788.00","4,807.25","4,705.55","4,738.20","326,018"
"13-Nov-2024","4,700.00","4,719.95","4,536.05","4,588.70","656,931"
"14-Nov-2024","4,725.45","4,973.00","4,705.30","4,883.70","2,874,648"
"18-Nov-2024","4,879.95","4,914.00","4,863.00","4,875.65","494,329"
"19-Nov-2024","4,880.00","5,014.05","4,880.00","4,965.45","452,273"
"21-Nov-2024","4,890.30","4,958.00","4,867.40","4,882.10","593,722"
"22-Nov-2024","4,913.00","5,005.00","4,882.00","4,986.20","339,941"
"25-Nov-2024","4,999.00","5,067.00","4,988.00","5,002.35","945,466"
"26-Nov-2024","5,009.00","5,014.35","4,875.00","4,931.75","564,637"
"27-Nov-2024","4,933.00","4,971.90","4,890.10","4,917.50","189,349"
"28-Nov-2024","4,920.00","4,920.00","4,793.80","4,815.70","954,250"
"29-Nov-2024","4,838.00","4,864.30","4,808.00","4,831.85","407,774"
"02-Dec-2024","4,838.05","4,845.50","4,693.55","4,820.70","250,521"
"03-Dec-2024","4,820.75","4,870.00","4,820.75","4,844.35","351,449"
"04-Dec-2024","4,836.05","4,878.80","4,751.00","4,797.05","349,544"
"05-Dec-2024","4,797.05","4,880.00","4,760.00","4,837.55","525,957"
"06-Dec-2024","4,851.00","4,928.70","4,827.55","4,877.05","327,806"
"09-Dec-2024","4,886.60","4,888.00","4,815.00","4,842.10","377,043"
"10-Dec-2024","4,840.00","4,874.90","4,797.50","4,813.05","342,297"
"11-Dec-2024","4,822.00","4,833.60","4,795.10","4,801.95","240,736"
"12-Dec-2024","4,801.95","4,820.00","4,775.00","4,807.65","236,847"
"13-Dec-2024","4,788.00","4,858.45","4,754.20","4,825.90","404,369"
"16-Dec-2024","4,820.00","4,865.00","4,800.00","4,838.50","404,180"
"17-Dec-2024","4,808.10","4,830.00","4,726.95","4,742.65","402,231"
"18-Dec-2024","4,724.00","4,799.35","4,716.35","4,749.85","331,577"
"19-Dec-2024","4,710.00","4,780.00","4,673.60","4,771.95","500,287"
"20-Dec-2024","4,748.00","4,822.45","4,720.00","4,734.50","386,086"
"23-Dec-2024","4,750.00","4,776.20","4,698.00","4,750.55","371,318"
"24-Dec-2024","4,750.55","4,808.00","4,738.65","4,792.90","227,611"
"26-Dec-2024","4,792.90","4,824.35","4,772.00","4,801.35","328,172"
"27-Dec-2024","4,820.00","4,954.95","4,789.55","4,876.90","408,992"
"30-Dec-2024","4,890.00","4,904.95","4,832.30","4,855.80","242,799"
"31-Dec-2024","4,827.00","4,872.40","4,810.00","4,821.90","313,948"
"01-Jan-2025","4,829.00","4,906.45","4,742.45","4,885.30","290,234"
"02-Jan-2025","4,885.00","5,330.00","4,867.25","5,308.10","2,863,478"
"03-Jan-2025","5,325.00","5,385.70","5,270.75","5,310.75","836,689"
"06-Jan-2025","5,310.75","5,350.00","5,188.45","5,250.10","419,050"
"07-Jan-2025","5,250.10","5,292.00","5,166.50","5,177.30","439,721"
"08-Jan-2025","5,212.20","5,237.85","5,134.30","5,163.20","343,162"
"09-Jan-2025","5,186.30","5,195.85","5,105.00","5,139.90","239,408"
"10-Jan-2025","5,150.00","5,162.70","5,040.00","5,058.45","316,803"
"13-Jan-2025","5,010.00","5,024.20","4,925.60","4,939.10","213,093"
"14-Jan-2025","4,950.05","5,041.35","4,950.05","5,029.55","448,429"
"15-Jan-2025","5,037.90","5,093.40","5,004.20","5,081.90","497,259"
"16-Jan-2025","5,112.05","5,134.10","5,034.90","5,047.80","435,315"
"17-Jan-2025","5,005.00","5,075.40","4,998.05","5,012.30","197,564"
"20-Jan-2025","5,012.35","5,038.45","4,930.00","5,016.75","255,315"
"21-Jan-2025","5,032.35","5,080.00","4,960.00","4,969.95","416,551"
"22-Jan-2025","4,980.00","5,025.00","4,953.20","5,009.70","494,734"
"23-Jan-2025","4,996.60","5,158.00","4,977.80","5,116.20","442,186"
"24-Jan-2025","5,134.00","5,224.50","5,115.05","5,206.30","730,641"
"27-Jan-2025","5,190.00","5,208.00","5,115.60","5,144.50","418,597"
"28-Jan-2025","5,160.00","5,194.00","5,090.00","5,105.40","603,950"
"29-Jan-2025","5,080.55","5,235.00","5,080.55","5,182.90","357,310"
"30-Jan-2025","5,182.90","5,268.00","5,140.05","5,164.35","480,830"
"31-Jan-2025","5,165.00","5,244.00","5,145.00","5,194.30","394,118"
"01-Feb-2025","5,214.80","5,423.05","5,130.10","5,390.15","609,534"
"03-Feb-2025","5,575.00","5,575.50","5,406.90","5,485.25","1,330,533"
"04-Feb-2025","5,536.55","5,554.15","5,442.00","5,450.10","591,631"
"05-Feb-2025","5,450.00","5,470.00","5,351.00","5,417.20","442,234"
"06-Feb-2025","5,428.10","5,445.05","5,330.90","5,342.00","361,000"
"07-Feb-2025","5,368.65","5,399.00","5,320.05","5,372.55","604,384"
"10-Feb-2025","5,400.00","5,444.90","5,307.40","5,335.35","631,815"
"11-Feb-2025","5,138.85","5,139.50","4,954.95","4,972.35","2,272,410"
"12-Feb-2025","4,950.00","5,000.00","4,834.40","4,849.45","813,864"
"13-Feb-2025","4,850.65","4,907.05","4,790.00","4,820.40","571,526"
"14-Feb-2025","4,831.10","4,850.00","4,686.05","4,703.35","476,473"
"17-Feb-2025","4,700.00","4,755.00","4,646.00","4,745.20","232,211"
"18-Feb-2025","4,769.00","4,772.50","4,684.45","4,719.40","254,026"
"19-Feb-2025","4,700.00","4,821.00","4,677.05","4,810.60","275,722"
"20-Feb-2025","4,780.00","4,899.00","4,777.00","4,888.40","277,284"
"21-Feb-2025","4,888.00","4,982.90","4,855.00","4,962.45","324,027"
"24-Feb-2025","4,936.00","5,049.90","4,915.55","5,010.80","410,180"
"25-Feb-2025","5,028.00","5,075.00","4,978.05","4,989.80","402,917"
"27-Feb-2025","4,960.50","5,000.00","4,889.85","4,935.50","561,804"
"28-Feb-2025","4,910.05","4,931.95","4,755.00","4,773.60","1,076,243"
"03-Mar-2025","4,827.00","4,928.00","4,827.00","4,906.60","503,560"
"04-Mar-2025","4,887.00","4,887.00","4,788.30","4,815.10","638,281"
"05-Mar-2025","4,808.00","5,004.00","4,780.90","4,988.30","551,830"
"06-Mar-2025","4,995.60","5,107.10","4,995.60","5,094.40","648,307"
"07-Mar-2025","5,094.40","5,131.40","5,073.00","5,100.70","590,548"
"10-Mar-2025","5,123.00","5,130.00","4,970.65","4,990.55","316,750"
"11-Mar-2025","4,950.00","5,010.00","4,912.05","4,985.55","228,128"
"12-Mar-2025","4,985.00","5,039.90","4,960.50","5,017.45","235,018"
"13-Mar-2025","5,030.50","5,047.50","4,965.05","5,015.25","265,867"
"17-Mar-2025","4,935.00","5,076.95","4,935.00","5,050.25","287,729"
"18-Mar-2025","5,066.20","5,145.00","5,065.70","5,127.40","328,246"
"19-Mar-2025","5,131.00","5,139.60","5,054.60","5,100.90","417,978"
"20-Mar-2025","5,129.00","5,258.95","5,113.30","5,229.35","491,655"
"21-Mar-2025","5,249.15","5,327.95","5,230.35","5,305.95","414,691"
"24-Mar-2025","5,325.50","5,456.00","5,312.90","5,424.20","316,612"
"25-Mar-2025","5,460.00","5,499.85","5,401.20","5,431.25","324,007"
"26-Mar-2025","5,433.90","5,495.00","5,390.00","5,403.30","384,678"
"27-Mar-2025","5,329.45","5,405.00","5,300.00","5,345.75","603,145"
"28-Mar-2025","5,363.00","5,408.35","5,322.45","5,347.70","286,609"
"01-Apr-2025","5,365.55","5,525.00","5,266.10","5,307.20","562,006"
"02-Apr-2025","5,361.70","5,393.95","5,311.25","5,355.50","365,908"
"03-Apr-2025","5,265.00","5,408.30","5,265.00","5,379.15","224,286"
"04-Apr-2025","5,350.95","5,355.10","5,230.00","5,247.90","261,887"
"07-Apr-2025","5,000.00","5,167.40","4,999.95","5,065.25","519,173"
"08-Apr-2025","5,165.55","5,269.00","5,109.80","5,231.35","355,195"
"09-Apr-2025","5,270.55","5,324.00","5,182.35","5,258.30","472,302"
"11-Apr-2025","5,290.00","5,409.00","5,290.00","5,350.90","500,528"
"15-Apr-2025","5,464.00","5,557.00","5,399.00","5,529.00","542,322"
"16-Apr-2025","5,549.00","5,630.00","5,539.00","5,615.50","734,279"
"17-Apr-2025","5,615.50","5,715.50","5,576.00","5,678.50","564,357"
"21-Apr-2025","5,695.50","5,857.50","5,643.50","5,810.50","551,547"
"22-Apr-2025","5,811.00","5,906.50","5,766.50","5,784.00","459,537"
"23-Apr-2025","5,789.00","5,816.50","5,605.50","5,740.00","582,611"
"24-Apr-2025","5,736.00","5,774.50","5,620.00","5,650.50","503,663"
"25-Apr-2025","5,662.50","5,668.00","5,517.50","5,575.50","457,510"
"28-Apr-2025","5,580.50","5,658.00","5,550.50","5,622.00","403,569"
"29-Apr-2025","5,626.50","5,691.50","5,508.00","5,579.00","309,552"
"30-Apr-2025","5,605.00","5,605.00","5,505.50","5,567.00","509,786"
"02-May-2025","5,560.00","5,560.00","5,376.00","5,437.50","695,557"
"05-May-2025","5,469.50","5,480.00","5,411.00","5,460.50","320,466"
"06-May-2025","5,460.50","5,597.00","5,440.50","5,515.00","514,699"
"07-May-2025","5,460.50","5,571.00","5,452.50","5,489.00","349,955"
"08-May-2025","5,463.50","5,488.50","5,339.50","5,372.50","609,858"
"09-May-2025","5,295.00","5,340.50","5,260.50","5,324.00","412,056"
"12-May-2025","5,505.00","5,541.00","5,414.00","5,520.00","327,631"
"13-May-2025","5,506.50","5,553.50","5,392.50","5,419.00","416,275"
"14-May-2025","5,430.00","5,477.50","5,360.00","5,446.50","315,866"
"15-May-2025","5,500.00","5,548.00","5,360.00","5,466.00","1,930,277"
"16-May-2025","5,504.00","5,585.50","5,491.00","5,509.50","638,327"
"19-May-2025","5,510.00","5,628.00","5,509.50","5,530.00","654,074"
"20-May-2025","5,550.00","5,557.50","5,380.00","5,387.50","402,780"
"21-May-2025","5,410.00","5,477.50","5,385.00","5,409.00","300,888"
"22-May-2025","5,382.00","5,410.00","5,320.00","5,387.00","461,736"
"23-May-2025","5,390.00","5,437.50","5,376.00","5,400.00","282,287"
"26-May-2025","5,403.00","5,473.00","5,400.50","5,427.50","337,099"
"27-May-2025","5,420.00","5,445.00","5,376.00","5,389.50","452,769"
"28-May-2025","5,405.00","5,409.50","5,314.00","5,326.50","380,066"
"29-May-2025","5,328.50","5,396.50","5,287.00","5,379.00","704,795"
"30-May-2025","5,378.00","5,403.00","5,319.50","5,333.50","915,804"
"02-Jun-2025","5,340.00","5,385.00","5,316.50","5,361.00","475,698"
"03-Jun-2025","5,414.00","5,414.00","5,296.00","5,354.00","479,572"
"04-Jun-2025","5,340.00","5,385.50","5,296.50","5,319.50","321,913"
"05-Jun-2025","5,331.50","5,338.00","5,284.00","5,308.50","459,910"
"06-Jun-2025","5,290.50","5,405.00","5,261.50","5,394.00","538,092"
"09-Jun-2025","5,422.00","5,444.00","5,377.50","5,391.00","270,949"
"10-Jun-2025","5,426.00","5,426.00","5,370.50","5,377.50","330,659"
"11-Jun-2025","5,370.00","5,434.50","5,342.50","5,352.00","366,787"
"12-Jun-2025","5,351.00","5,375.00","5,302.00","5,315.50","337,217"
"13-Jun-2025","5,280.00","5,333.50","5,219.50","5,319.00","414,671"
"16-Jun-2025","5,305.00","5,381.50","5,305.00","5,365.00","294,926"
"17-Jun-2025","5,381.00","5,391.00","5,311.00","5,341.00","710,729"
"18-Jun-2025","5,334.00","5,463.00","5,307.50","5,393.00","774,670"
"19-Jun-2025","5,410.00","5,506.50","5,405.00","5,493.50","923,400"
"20-Jun-2025","5,530.00","5,542.00","5,495.00","5,525.00","776,879"
"23-Jun-2025","5,495.00","5,560.00","5,479.50","5,552.50","247,519"
"24-Jun-2025","5,589.00","5,639.50","5,560.00","5,629.00","579,369"
"25-Jun-2025","5,632.00","5,652.50","5,567.50","5,576.00","449,222"
"26-Jun-2025","5,576.50","5,622.50","5,512.00","5,611.50","788,150"
"27-Jun-2025","5,615.00","5,685.00","5,595.00","5,660.00","413,724"
"30-Jun-2025","5,660.00","5,683.50","5,613.00","5,656.50","340,049"
"01-Jul-2025","5,656.50","5,749.00","5,632.50","5,715.50","534,027"
"02-Jul-2025","5,687.00","5,745.00","5,687.00","5,722.50","299,925"
"03-Jul-2025","5,710.00","5,774.50","5,700.00","5,716.00","335,537"
"04-Jul-2025","5,715.50","5,715.50","5,620.00","5,629.00","185,006"
"07-Jul-2025","5,630.00","5,700.00","5,625.00","5,682.50","227,078"
"08-Jul-2025","5,705.00","5,705.00","5,648.50","5,679.50","180,630"
"09-Jul-2025","5,671.00","5,718.50","5,669.50","5,695.00","177,978"
"10-Jul-2025","5,692.00","5,705.00","5,635.00","5,652.00","189,074"
"11-Jul-2025","5,632.00","5,683.50","5,589.00","5,612.50","522,930"
"14-Jul-2025","5,606.50","5,615.50","5,520.50","5,540.50","503,684"
"15-Jul-2025","5,590.00","5,642.50","5,568.50","5,591.00","715,066"
"16-Jul-2025","5,600.00","5,633.50","5,540.00","5,626.50","226,544"
"17-Jul-2025","5,668.00","5,683.00","5,628.00","5,650.00","391,603"
"18-Jul-2025","5,664.00","5,681.50","5,611.50","5,627.50","254,828"
"21-Jul-2025","5,597.00","5,627.00","5,540.50","5,558.00","190,717"
"22-Jul-2025","5,470.00","5,539.00","5,433.50","5,439.50","517,944"
"23-Jul-2025","5,432.00","5,462.00","5,422.00","5,441.50","344,237"
"24-Jul-2025","5,440.00","5,502.00","5,434.00","5,469.00","284,450"
"25-Jul-2025","5,480.00","5,480.00","5,372.50","5,433.00","292,877"
"28-Jul-2025","5,433.00","5,456.00","5,357.00","5,386.00","322,292"
"29-Jul-2025","5,390.00","5,484.00","5,353.00","5,470.50","217,256"
"30-Jul-2025","5,465.00","5,556.50","5,440.00","5,481.00","266,223"
"31-Jul-2025","5,450.00","5,510.00","5,386.50","5,468.50","307,018"
"01-Aug-2025","5,551.00","5,670.00","5,475.00","5,528.00","1,408,773"
"04-Aug-2025","5,527.50","5,670.00","5,520.00","5,621.00","505,407"
"05-Aug-2025","5,625.00","5,690.00","5,584.50","5,681.00","458,305"
"06-Aug-2025","5,684.50","5,712.50","5,651.00","5,668.00","202,535"
"07-Aug-2025","5,660.00","5,694.50","5,588.00","5,681.50","266,900"
"08-Aug-2025","5,681.50","5,711.50","5,655.50","5,663.00","373,874"
"11-Aug-2025","5,677.00","5,708.50","5,652.50","5,671.50","475,811"
"12-Aug-2025","5,679.50","5,694.00","5,643.00","5,658.00","429,572"
"13-Aug-2025","5,658.00","5,757.50","5,648.50","5,714.50","427,562"
"14-Aug-2025","5,710.00","5,785.50","5,710.00","5,764.00","415,010"
"18-Aug-2025","5,880.00","6,024.50","5,825.50","5,912.00","1,288,582"
"19-Aug-2025","5,918.00","5,995.00","5,891.50","5,938.50","843,617"
"20-Aug-2025","5,964.00","5,969.50","5,905.00","5,937.50","510,626"
"21-Aug-2025","5,990.00","5,992.50","5,898.00","5,975.00","499,089"
"22-Aug-2025","5,970.00","5,973.00","5,913.50","5,924.50","273,421"
"25-Aug-2025","5,945.00","6,009.00","5,880.00","5,990.50","822,944"
"26-Aug-2025","5,980.00","6,210.00","5,960.00","6,151.00","1,474,805"
"28-Aug-2025","6,269.50","6,269.50","6,121.00","6,133.00","719,052"
"29-Aug-2025","6,149.00","6,174.50","6,070.00","6,103.00","496,302"
"01-Sep-2025","6,085.00","6,292.00","6,085.00","6,280.00","698,178"
"02-Sep-2025","6,310.50","6,388.00","6,282.50","6,349.00","701,158"
"03-Sep-2025","6,349.00","6,379.00","6,308.00","6,371.50","536,107"
"04-Sep-2025","6,690.00","6,713.00","6,411.50","6,425.00","1,181,698"
"05-Sep-2025","6,449.00","6,598.50","6,440.50","6,580.50","610,721"
"08-Sep-2025","6,570.50","6,848.00","6,569.00","6,815.00","968,116"
"09-Sep-2025","6,782.00","6,937.00","6,779.00","6,874.50","983,283"
"10-Sep-2025","6,900.00","6,924.50","6,802.50","6,836.50","740,607"
"11-Sep-2025","6,805.00","6,828.50","6,750.00","6,758.00","719,575"
"12-Sep-2025","6,765.00","6,899.00","6,762.50","6,875.00","731,798"
"15-Sep-2025","6,875.00","6,900.50","6,787.50","6,801.00","380,686"
"16-Sep-2025","6,823.00","6,954.50","6,800.50","6,927.50","579,275"
"17-Sep-2025","6,921.00","6,938.00","6,879.50","6,890.50","310,534"
"18-Sep-2025","6,895.50","6,935.00","6,868.50","6,924.50","224,356"
"19-Sep-2025","6,947.00","7,018.00","6,925.00","6,973.50","550,551"
"22-Sep-2025","7,000.00","7,005.50","6,925.00","6,946.00","332,786"
"23-Sep-2025","7,015.00","7,122.50","6,978.50","6,990.50","679,055"
"24-Sep-2025","6,950.00","7,060.50","6,927.50","7,011.50","323,002"
"25-Sep-2025","7,009.50","7,044.50","6,932.00","6,986.00","375,861"
"26-Sep-2025","6,980.00","7,091.00","6,965.50","7,047.00","679,362"
"29-Sep-2025","7,049.00","7,073.50","6,969.00","6,985.00","612,976"
"30-Sep-2025","6,984.50","7,032.50","6,951.50","7,005.50","363,934"
"01-Oct-2025","7,000.00","7,063.00","6,950.00","7,021.50","313,734"
"03-Oct-2025","7,000.00","7,008.50","6,850.00","6,941.00","669,742"
"06-Oct-2025","6,941.00","6,955.50","6,865.00","6,880.00","218,200"
"07-Oct-2025","6,880.00","6,999.00","6,880.00","6,957.00","286,586"
"08-Oct-2025","6,957.00","7,007.00","6,889.50","6,902.50","476,286"
"09-Oct-2025","6,925.00","6,958.00","6,818.00","6,896.50","405,889"
"10-Oct-2025","6,895.50","6,984.00","6,876.50","6,965.00","282,882"
"13-Oct-2025","6,999.50","7,047.00","6,896.50","6,912.00","342,990"
"14-Oct-2025","6,939.50","6,942.00","6,815.00","6,887.00","309,415"
"15-Oct-2025","6,893.50","6,940.00","6,865.00","6,895.00","237,366"
"16-Oct-2025","6,893.00","7,016.50","6,892.00","6,988.00","319,047"
"17-Oct-2025","6,990.00","7,099.00","6,988.00","7,042.50","402,013"
"20-Oct-2025","7,049.00","7,104.50","7,007.50","7,013.50","326,177"
"21-Oct-2025","7,037.00","7,058.00","7,005.00","7,018.50","14,379"
"23-Oct-2025","7,100.00","7,100.00","6,869.00","6,884.50","419,750"
"24-Oct-2025","6,894.00","6,909.50","6,792.00","6,840.00","243,740"
"27-Oct-2025","6,868.00","6,927.50","6,838.50","6,906.50","228,141"
"28-Oct-2025","6,905.00","7,022.00","6,905.00","7,002.50","485,231"
"29-Oct-2025","7,007.50","7,007.50","6,889.00","6,952.00","343,504"
"30-Oct-2025","6,952.00","6,988.50","6,869.00","6,889.00","412,184"
"31-Oct-2025","6,929.00","7,099.00","6,902.50","7,007.00","670,785"
"03-Nov-2025","7,030.00","7,070.00","6,996.50","7,023.50","334,962"
"04-Nov-2025","7,050.00","7,060.00","6,906.50","6,930.00","494,329"
"06-Nov-2025","6,945.00","6,975.00","6,793.50","6,806.50","435,650"
"07-Nov-2025","6,806.50","6,897.00","6,720.50","6,886.00","465,149"
"10-Nov-2025","6,870.00","6,915.50","6,800.50","6,866.50","514,365"
"11-Nov-2025","6,871.50","6,890.00","6,754.00","6,873.00","409,676"
"12-Nov-2025","6,906.50","6,925.00","6,838.50","6,879.00","300,606"
"13-Nov-2025","6,875.00","6,946.50","6,758.50","6,855.00","842,032"
"14-Nov-2025","6,799.00","6,850.00","6,670.00","6,695.00","739,163"
"17-Nov-2025","6,730.00","6,809.00","6,675.00","6,799.00","789,635"
"18-Nov-2025","6,835.00","6,854.00","6,754.00","6,814.50","517,129"
"19-Nov-2025","6,800.00","6,911.50","6,760.00","6,896.50","416,170"
"20-Nov-2025","6,906.00","7,138.00","6,886.50","7,125.50","857,232"
"21-Nov-2025","7,125.50","7,205.00","7,088.50","7,134.50","654,156"
"24-Nov-2025","7,151.50","7,284.50","7,135.00","7,258.50","1,229,296"
"25-Nov-2025","7,258.50","7,274.50","7,180.00","7,218.50","521,990"
"26-Nov-2025","7,258.00","7,273.00","7,180.00","7,198.50","313,545"
"27-Nov-2025","7,210.00","7,210.50","6,981.00","6,999.00","480,102"
"28-Nov-2025","6,999.00","7,065.00","6,956.00","7,053.50","449,709"
"01-Dec-2025","7,061.50","7,250.00","7,025.00","7,125.50","974,710"
"02-Dec-2025","7,125.00","7,196.00","7,091.50","7,112.50","448,174"
"03-Dec-2025","7,090.00","7,105.00","7,042.00","7,081.50","333,674"
"04-Dec-2025","7,098.00","7,167.50","7,066.50","7,100.00","364,672"
"05-Dec-2025","7,120.00","7,218.00","7,070.50","7,208.00","501,035"
"08-Dec-2025","7,230.00","7,234.00","7,115.00","7,142.00","273,509"
"09-Dec-2025","7,142.00","7,196.00","7,052.00","7,123.00","436,443"
"10-Dec-2025","7,129.50","7,294.00","7,129.50","7,228.50","626,505"
"11-Dec-2025","7,250.00","7,328.50","7,220.50","7,256.00","502,052"
"12-Dec-2025","7,235.00","7,274.50","7,188.00","7,229.00","324,682"
"15-Dec-2025","7,200.00","7,210.50","7,094.50","7,121.50","391,821"
"16-Dec-2025","7,120.00","7,121.50","7,035.50","7,061.50","505,906"
"17-Dec-2025","7,104.00","7,176.50","7,080.50","7,134.50","594,264"
"18-Dec-2025","7,135.00","7,144.00","7,013.50","7,106.50","327,756"
"19-Dec-2025","7,075.00","7,242.00","7,075.00","7,217.00","423,435"
"22-Dec-2025","7,238.00","7,310.00","7,213.00","7,291.50","233,966"
"23-Dec-2025","7,338.00","7,338.00","7,280.00","7,303.00","249,187"
"24-Dec-2025","7,300.00","7,349.50","7,240.50","7,312.50","205,296"
"26-Dec-2025","7,300.00","7,360.00","7,274.00","7,324.00","157,706"
"29-Dec-2025","7,324.00","7,374.50","7,232.50","7,272.00","282,572"
"30-Dec-2025","7,272.00","7,312.00","7,132.50","7,192.50","1,976,062"
"31-Dec-2025","7,189.00","7,322.50","7,140.00","7,312.50","357,381"
"26-Feb-2026","8,040.00","8,225.00","8,024.50","8,224.00","2,278,225"
"27-Feb-2026","8,220.00","8,230.00","7,987.00","8,014.00","2,459,683"
