"Date","Open","High","Low","Close","Volume"
"01-Jan-2019","3,089.00","3,135.00","3,073.30","3,127.60","344,239"
"02-Jan-2019","3,115.00","3,117.30","3,023.80","3,046.55","597,712"
"03-Jan-2019","3,032.00","3,078.00","3,006.30","3,014.65","368,413"
"04-Jan-2019","3,030.00","3,045.00","2,972.05","2,987.85","405,667"
"07-Jan-2019","3,020.00","3,023.00","2,952.00","2,957.95","361,881"
"08-Jan-2019","2,974.00","2,994.50","2,930.25","2,970.30","354,130"
"09-Jan-2019","2,985.10","2,985.10","2,907.00","2,937.45","388,001"
"10-Jan-2019","2,932.00","2,949.95","2,912.55","2,919.50","452,293"
"11-Jan-2019","2,923.00","2,940.95","2,885.00","2,899.25","258,996"
"14-Jan-2019","2,901.00","2,910.30","2,856.05","2,867.00","267,722"
"15-Jan-2019","2,879.70","2,918.35","2,867.35","2,910.95","371,767"
"16-Jan-2019","2,909.00","2,914.95","2,870.30","2,879.85","261,721"
"17-Jan-2019","2,878.50","2,936.90","2,864.00","2,903.60","515,341"
"18-Jan-2019","2,916.40","2,929.95","2,863.00","2,898.75","389,524"
"21-Jan-2019","2,901.00","2,909.85","2,780.00","2,794.25","628,463"
"22-Jan-2019","2,795.00","2,835.00","2,742.50","2,824.90","842,837"
"23-Jan-2019","2,832.00","2,851.45","2,785.10","2,795.95","326,454"
"24-Jan-2019","2,795.00","2,828.00","2,780.05","2,790.20","240,737"
"25-Jan-2019","2,755.00","2,788.75","2,652.70","2,670.15","775,065"
"28-Jan-2019","2,680.00","2,685.00","2,586.75","2,598.60","576,248"
"29-Jan-2019","2,601.05","2,656.85","2,574.30","2,633.30","666,747"
"30-Jan-2019","2,627.00","2,650.00","2,591.60","2,611.00","696,557"
"31-Jan-2019","2,612.10","2,634.70","2,561.00","2,613.95","1,901,346"
"01-Feb-2019","2,629.45","2,839.35","2,625.00","2,807.25","3,296,513"
"04-Feb-2019","2,800.00","2,844.95","2,718.20","2,780.15","991,486"
"05-Feb-2019","2,804.00","2,873.35","2,800.00","2,854.55","767,865"
"06-Feb-2019","2,870.00","2,892.00","2,850.00","2,880.05","445,829"
"07-Feb-2019","2,885.00","2,949.15","2,885.00","2,939.05","546,196"
"08-Feb-2019","2,915.00","2,960.00","2,912.65","2,938.85","544,587"
"11-Feb-2019","2,915.00","2,915.95","2,804.55","2,889.05","478,111"
"12-Feb-2019","2,896.85","2,896.85","2,785.00","2,799.55","627,923"
"13-Feb-2019","2,800.00","2,800.00","2,725.00","2,751.45","1,667,830"
"14-Feb-2019","2,755.20","2,891.65","2,725.10","2,776.20","661,406"
"15-Feb-2019","2,785.40","2,785.40","2,678.00","2,696.45","700,634"
"18-Feb-2019","2,690.00","2,704.90","2,660.45","2,683.55","433,854"
"19-Feb-2019","2,687.00","2,713.20","2,628.90","2,636.85","684,524"
"20-Feb-2019","2,646.05","2,661.75","2,606.60","2,623.75","605,830"
"21-Feb-2019","2,632.00","2,657.00","2,581.50","2,641.25","736,959"
"22-Feb-2019","2,652.90","2,697.90","2,620.00","2,679.85","720,407"
"25-Feb-2019","2,690.00","2,723.60","2,690.00","2,712.50","443,819"
"26-Feb-2019","2,706.55","2,713.00","2,614.00","2,689.05","751,767"
"27-Feb-2019","2,695.00","2,743.00","2,661.00","2,678.55","581,837"
"28-Feb-2019","2,700.10","2,707.60","2,620.00","2,628.10","870,312"
"01-Mar-2019","2,649.90","2,690.60","2,640.05","2,675.60","918,224"
"05-Mar-2019","2,669.95","2,822.00","2,652.05","2,795.65","1,107,587"
"06-Mar-2019","2,795.00","2,815.00","2,742.00","2,765.85","631,138"
"07-Mar-2019","2,770.00","2,779.00","2,721.00","2,730.10","394,045"
"08-Mar-2019","2,731.00","2,758.45","2,699.95","2,740.35","674,840"
"11-Mar-2019","2,745.00","2,828.40","2,745.00","2,814.75","857,601"
"12-Mar-2019","2,840.00","2,849.40","2,790.10","2,808.45","840,207"
"13-Mar-2019","2,814.00","2,828.00","2,790.60","2,803.65","380,361"
"14-Mar-2019","2,813.00","2,818.00","2,744.10","2,751.70","497,697"
"15-Mar-2019","2,771.00","2,771.00","2,717.10","2,735.85","916,870"
"18-Mar-2019","2,745.00","2,763.15","2,662.00","2,669.50","830,642"
"19-Mar-2019","2,659.00","2,659.00","2,601.00","2,614.05","978,189"
"20-Mar-2019","2,614.05","2,645.00","2,593.05","2,609.15","877,100"
"22-Mar-2019","2,624.45","2,637.95","2,594.05","2,603.30","566,228"
"25-Mar-2019","2,594.00","2,608.80","2,537.05","2,575.70","854,446"
"26-Mar-2019","2,586.00","2,604.70","2,546.80","2,574.45","555,742"
"27-Mar-2019","2,593.80","2,594.00","2,535.00","2,543.20","760,530"
"28-Mar-2019","2,550.00","2,558.00","2,515.00","2,525.75","1,147,361"
"29-Mar-2019","2,540.00","2,577.75","2,526.20","2,553.15","1,164,408"
"01-Apr-2019","2,573.00","2,593.40","2,545.00","2,558.50","832,495"
"02-Apr-2019","2,550.40","2,599.00","2,545.00","2,569.95","1,063,757"
"03-Apr-2019","2,586.95","2,594.00","2,567.00","2,580.45","1,427,316"
"04-Apr-2019","2,599.95","2,648.70","2,595.00","2,637.20","2,007,440"
"05-Apr-2019","2,652.00","2,664.00","2,605.10","2,618.40","722,753"
"08-Apr-2019","2,628.00","2,643.95","2,581.00","2,586.85","723,035"
"09-Apr-2019","2,590.00","2,631.95","2,568.80","2,623.65","769,508"
"10-Apr-2019","2,619.00","2,619.00","2,586.80","2,594.40","672,025"
"11-Apr-2019","2,600.00","2,612.00","2,589.65","2,601.10","608,414"
"12-Apr-2019","2,597.00","2,644.80","2,591.15","2,639.90","925,046"
"15-Apr-2019","2,653.00","2,710.90","2,646.05","2,700.70","958,245"
"16-Apr-2019","2,723.75","2,749.90","2,715.00","2,739.65","741,047"
"18-Apr-2019","2,742.90","2,759.90","2,732.55","2,741.55","563,893"
"22-Apr-2019","2,741.55","2,749.95","2,685.00","2,689.50","453,998"
"23-Apr-2019","2,689.00","2,727.35","2,615.00","2,638.05","395,502"
"24-Apr-2019","2,650.00","2,661.60","2,582.15","2,611.90","940,782"
"25-Apr-2019","2,618.00","2,638.00","2,597.65","2,612.25","690,718"
"26-Apr-2019","2,610.00","2,616.75","2,573.70","2,604.00","727,578"
"30-Apr-2019","2,573.00","2,574.00","2,477.00","2,511.85","1,634,120"
"02-May-2019","2,510.00","2,569.40","2,492.50","2,551.70","937,946"
"03-May-2019","2,550.00","2,587.00","2,537.40","2,565.40","674,666"
"06-May-2019","2,540.00","2,563.00","2,525.10","2,531.30","463,670"
"07-May-2019","2,567.90","2,568.00","2,521.50","2,527.35","347,427"
"08-May-2019","2,525.80","2,540.85","2,481.60","2,499.70","406,025"
"09-May-2019","2,499.00","2,555.00","2,490.60","2,537.75","585,480"
"10-May-2019","2,535.00","2,560.00","2,500.05","2,507.30","332,771"
"13-May-2019","2,507.30","2,537.50","2,500.00","2,510.75","313,902"
"14-May-2019","2,508.00","2,534.80","2,475.00","2,509.75","396,304"
"15-May-2019","2,525.00","2,538.60","2,483.00","2,493.40","438,740"
"16-May-2019","2,495.00","2,561.00","2,488.00","2,520.30","283,127"
"17-May-2019","2,523.00","2,637.00","2,521.80","2,622.55","962,165"
"20-May-2019","2,690.00","2,742.00","2,633.55","2,713.45","722,330"
"21-May-2019","2,725.00","2,726.95","2,648.00","2,657.20","445,944"
"22-May-2019","2,657.40","2,714.70","2,638.00","2,699.65","463,923"
"23-May-2019","2,740.00","2,800.15","2,707.90","2,743.50","1,177,415"
"24-May-2019","2,753.00","2,845.00","2,750.00","2,828.45","756,746"
"27-May-2019","2,840.00","2,850.00","2,800.35","2,821.20","422,121"
"28-May-2019","2,828.00","2,828.00","2,735.00","2,743.10","842,709"
"29-May-2019","2,757.95","2,757.95","2,702.80","2,725.50","528,550"
"30-May-2019","2,730.00","2,743.95","2,701.20","2,715.20","406,544"
"31-May-2019","2,737.70","2,763.15","2,665.00","2,680.25","683,661"
"03-Jun-2019","2,712.00","2,859.15","2,712.00","2,840.25","1,911,409"
"04-Jun-2019","2,833.00","2,835.00","2,745.00","2,752.70","1,051,402"
"06-Jun-2019","2,765.00","2,796.00","2,716.10","2,788.75","1,231,094"
"07-Jun-2019","2,790.00","2,812.00","2,731.90","2,762.80","841,021"
"10-Jun-2019","2,794.00","2,794.00","2,717.20","2,745.00","493,407"
"11-Jun-2019","2,760.00","2,793.00","2,745.30","2,776.15","465,376"
"12-Jun-2019","2,767.00","2,769.90","2,720.05","2,728.05","521,559"
"13-Jun-2019","2,730.00","2,772.00","2,685.35","2,705.10","480,205"
"14-Jun-2019","2,700.00","2,719.50","2,660.10","2,670.30","320,455"
"17-Jun-2019","2,665.00","2,684.20","2,636.00","2,648.25","484,673"
"18-Jun-2019","2,650.05","2,683.00","2,635.00","2,667.80","469,539"
"19-Jun-2019","2,680.00","2,680.00","2,572.55","2,606.15","552,137"
"20-Jun-2019","2,610.00","2,669.70","2,600.00","2,665.70","692,167"
"21-Jun-2019","2,659.95","2,699.00","2,592.90","2,606.00","903,440"
"24-Jun-2019","2,606.00","2,606.00","2,540.70","2,586.25","725,058"
"25-Jun-2019","2,571.00","2,603.50","2,550.00","2,584.65","412,936"
"26-Jun-2019","2,577.00","2,603.95","2,557.80","2,573.60","470,716"
"27-Jun-2019","2,585.00","2,617.80","2,571.05","2,598.40","1,174,382"
"28-Jun-2019","2,598.55","2,600.60","2,572.05","2,581.50","265,726"
"01-Jul-2019","2,596.00","2,639.50","2,590.00","2,616.50","728,762"
"02-Jul-2019","2,596.50","2,618.80","2,571.05","2,597.05","532,893"
"03-Jul-2019","2,601.00","2,613.80","2,582.40","2,587.50","419,366"
"04-Jul-2019","2,590.25","2,618.00","2,585.00","2,606.15","446,710"
"05-Jul-2019","2,618.00","2,620.00","2,500.00","2,512.30","501,715"
"08-Jul-2019","2,499.00","2,499.00","2,360.00","2,380.15","1,256,185"
"09-Jul-2019","2,380.00","2,458.50","2,373.60","2,444.10","763,513"
"10-Jul-2019","2,450.00","2,459.00","2,392.00","2,400.00","458,641"
"11-Jul-2019","2,428.00","2,520.00","2,385.25","2,507.80","1,163,266"
"12-Jul-2019","2,502.00","2,584.40","2,472.40","2,569.80","1,397,898"
"15-Jul-2019","2,552.00","2,579.90","2,514.20","2,545.55","769,562"
"16-Jul-2019","2,515.00","2,569.45","2,487.15","2,544.35","632,082"
"17-Jul-2019","2,521.00","2,556.60","2,505.05","2,522.95","497,857"
"18-Jul-2019","2,519.90","2,555.00","2,466.65","2,479.45","977,841"
"19-Jul-2019","2,480.05","2,507.35","2,378.95","2,387.40","1,059,276"
"22-Jul-2019","2,387.40","2,454.00","2,360.65","2,403.70","1,136,002"
"23-Jul-2019","2,415.55","2,480.00","2,401.70","2,469.30","812,373"
"24-Jul-2019","2,452.55","2,492.65","2,396.30","2,403.40","619,043"
"25-Jul-2019","2,416.00","2,448.00","2,380.10","2,386.50","812,832"
"26-Jul-2019","2,397.80","2,487.55","2,366.50","2,467.30","1,085,566"
"29-Jul-2019","2,430.10","2,451.00","2,331.05","2,404.55","936,006"
"30-Jul-2019","2,408.00","2,424.65","2,245.30","2,258.80","1,582,385"
"31-Jul-2019","2,270.00","2,369.90","2,225.60","2,356.10","2,930,738"
"01-Aug-2019","2,335.00","2,381.00","2,301.40","2,368.55","968,967"
"02-Aug-2019","2,337.00","2,430.00","2,288.55","2,401.95","2,090,929"
"05-Aug-2019","2,389.95","2,435.00","2,346.00","2,399.25","1,093,274"
"06-Aug-2019","2,399.25","2,484.00","2,380.05","2,468.55","1,169,931"
"07-Aug-2019","2,475.00","2,528.80","2,468.60","2,505.25","1,079,213"
"08-Aug-2019","2,500.50","2,629.00","2,495.00","2,587.90","1,692,331"
"09-Aug-2019","2,613.85","2,641.90","2,600.00","2,622.25","1,091,395"
"13-Aug-2019","2,615.60","2,651.05","2,546.85","2,566.80","1,179,168"
"14-Aug-2019","2,588.95","2,647.70","2,580.00","2,634.15","998,006"
"16-Aug-2019","2,561.55","2,680.00","2,547.05","2,669.00","1,373,556"
"19-Aug-2019","2,672.00","2,699.95","2,616.20","2,631.50","1,215,957"
"20-Aug-2019","2,655.00","2,677.80","2,631.60","2,669.25","1,017,915"
"21-Aug-2019","2,663.80","2,722.00","2,663.55","2,714.25","1,398,096"
"22-Aug-2019","2,713.00","2,714.25","2,606.00","2,626.25","1,102,826"
"23-Aug-2019","2,625.00","2,670.00","2,612.60","2,640.20","1,202,938"
"26-Aug-2019","2,695.00","2,695.00","2,557.35","2,590.95","1,195,915"
"27-Aug-2019","2,638.00","2,638.00","2,581.40","2,614.45","5,531,848"
"28-Aug-2019","2,597.75","2,626.00","2,555.00","2,568.50","631,760"
"29-Aug-2019","2,564.90","2,577.80","2,533.30","2,547.75","547,796"
"30-Aug-2019","2,559.85","2,579.00","2,520.55","2,572.05","544,092"
"03-Sep-2019","2,571.85","2,619.95","2,548.95","2,557.45","867,231"
"04-Sep-2019","2,562.10","2,589.25","2,530.25","2,566.10","532,877"
"05-Sep-2019","2,574.95","2,614.00","2,567.15","2,605.90","577,091"
"06-Sep-2019","2,612.40","2,670.00","2,590.10","2,659.95","1,021,359"
"09-Sep-2019","2,637.95","2,697.70","2,621.00","2,691.60","619,224"
"11-Sep-2019","2,687.00","2,770.00","2,680.00","2,760.15","1,063,773"
"12-Sep-2019","2,747.00","2,766.00","2,720.00","2,740.75","701,793"
"13-Sep-2019","2,742.00","2,785.00","2,718.00","2,776.60","855,456"
"16-Sep-2019","2,755.00","2,794.00","2,722.40","2,738.65","858,330"
"17-Sep-2019","2,744.90","2,762.00","2,555.00","2,568.95","1,327,205"
"18-Sep-2019","2,590.00","2,617.00","2,517.00","2,576.10","1,207,661"
"19-Sep-2019","2,561.00","2,595.00","2,513.45","2,532.25","706,524"
"20-Sep-2019","2,535.00","3,016.55","2,532.85","2,862.90","4,283,092"
"23-Sep-2019","2,875.00","3,022.90","2,770.70","2,820.35","1,380,382"
"24-Sep-2019","2,845.00","2,845.30","2,724.65","2,755.95","1,064,290"
"25-Sep-2019","2,750.00","2,750.00","2,646.60","2,704.25","1,063,692"
"26-Sep-2019","2,695.00","2,775.00","2,684.85","2,760.10","1,046,239"
"27-Sep-2019","2,756.40","2,778.45","2,707.00","2,729.15","679,062"
"30-Sep-2019","2,734.00","2,758.75","2,668.20","2,704.75","837,786"
"01-Oct-2019","2,715.70","2,738.90","2,637.00","2,688.35","865,901"
"03-Oct-2019","2,710.00","2,734.00","2,655.00","2,667.45","937,439"
"04-Oct-2019","2,681.80","2,715.00","2,659.00","2,668.30","689,443"
"07-Oct-2019","2,649.00","2,684.00","2,606.30","2,674.00","581,314"
"09-Oct-2019","2,680.00","2,690.00","2,583.00","2,604.35","1,065,595"
"10-Oct-2019","2,604.35","2,635.00","2,581.15","2,601.85","654,085"
"11-Oct-2019","2,614.85","2,635.00","2,567.90","2,597.85","594,047"
"14-Oct-2019","2,590.00","2,628.45","2,571.85","2,609.20","708,591"
"15-Oct-2019","2,620.15","2,699.95","2,610.00","2,675.70","1,011,239"
"16-Oct-2019","2,692.40","2,692.40","2,592.30","2,602.35","926,034"
"17-Oct-2019","2,609.00","2,644.00","2,582.00","2,629.20","1,107,128"
"18-Oct-2019","2,629.00","2,662.05","2,605.85","2,646.15","1,179,162"
"22-Oct-2019","2,660.00","2,713.45","2,641.20","2,674.65","799,030"
"23-Oct-2019","2,670.05","2,738.00","2,634.00","2,712.90","1,119,172"
"24-Oct-2019","2,730.00","2,749.75","2,650.00","2,696.00","1,427,292"
"25-Oct-2019","2,705.00","2,708.00","2,630.00","2,657.55","799,469"
"27-Oct-2019","2,662.00","2,691.95","2,650.00","2,668.90","69,656"
"29-Oct-2019","2,684.50","2,720.00","2,665.75","2,701.55","1,088,620"
"30-Oct-2019","2,717.00","2,717.00","2,677.00","2,684.50","739,316"
"31-Oct-2019","2,695.00","2,716.00","2,689.45","2,704.20","673,886"
"01-Nov-2019","2,708.00","2,759.00","2,671.10","2,707.15","1,427,332"
"04-Nov-2019","2,712.00","2,714.95","2,638.00","2,643.50","760,461"
"05-Nov-2019","2,659.00","2,679.00","2,638.05","2,665.00","508,321"
"06-Nov-2019","2,660.00","2,696.90","2,641.00","2,678.35","601,239"
"07-Nov-2019","2,670.00","2,673.50","2,643.00","2,660.85","440,308"
"08-Nov-2019","2,660.80","2,692.00","2,640.65","2,646.95","444,717"
"11-Nov-2019","2,635.00","2,656.95","2,585.65","2,594.00","570,373"
"13-Nov-2019","2,585.00","2,627.70","2,575.40","2,589.10","692,298"
"14-Nov-2019","2,595.00","2,608.15","2,577.00","2,591.65","461,170"
"15-Nov-2019","2,600.00","2,614.95","2,530.25","2,543.20","682,624"
"18-Nov-2019","2,546.00","2,552.50","2,496.75","2,502.90","808,951"
"19-Nov-2019","2,520.00","2,520.00","2,463.10","2,468.95","1,011,599"
"20-Nov-2019","2,478.00","2,485.00","2,436.30","2,470.50","918,063"
"21-Nov-2019","2,477.00","2,499.90","2,436.55","2,443.45","677,663"
"22-Nov-2019","2,449.95","2,458.40","2,426.00","2,441.60","471,953"
"25-Nov-2019","2,458.00","2,499.00","2,427.70","2,479.00","1,144,301"
"26-Nov-2019","2,489.00","2,514.75","2,471.50","2,494.60","1,342,442"
"27-Nov-2019","2,495.90","2,534.00","2,491.55","2,523.25","1,008,253"
"28-Nov-2019","2,517.00","2,520.00","2,460.00","2,466.30","544,359"
"29-Nov-2019","2,476.75","2,483.75","2,424.00","2,433.55","757,233"
"02-Dec-2019","2,431.00","2,447.00","2,400.00","2,406.95","671,750"
"03-Dec-2019","2,402.00","2,434.90","2,400.00","2,422.40","506,622"
"04-Dec-2019","2,420.00","2,458.75","2,412.00","2,439.00","457,308"
"05-Dec-2019","2,445.00","2,475.00","2,391.00","2,396.60","948,025"
"06-Dec-2019","2,411.00","2,416.60","2,351.00","2,362.20","750,661"
"09-Dec-2019","2,376.70","2,395.00","2,359.60","2,381.75","428,294"
"10-Dec-2019","2,400.00","2,406.10","2,322.00","2,330.00","805,888"
"11-Dec-2019","2,337.00","2,343.95","2,263.00","2,296.30","1,264,067"
"12-Dec-2019","2,312.00","2,344.40","2,307.35","2,334.05","871,422"
"13-Dec-2019","2,348.00","2,359.00","2,320.20","2,338.15","924,706"
"16-Dec-2019","2,340.25","2,347.95","2,304.15","2,308.45","593,867"
"17-Dec-2019","2,318.00","2,328.25","2,297.00","2,304.95","810,022"
"18-Dec-2019","2,314.95","2,320.00","2,290.05","2,311.95","952,321"
"19-Dec-2019","2,311.10","2,376.60","2,295.75","2,363.70","1,767,354"
"20-Dec-2019","2,369.00","2,425.00","2,365.00","2,393.20","1,615,264"
"23-Dec-2019","2,400.00","2,435.35","2,381.40","2,420.10","1,192,490"
"24-Dec-2019","2,419.95","2,448.55","2,419.05","2,432.65","1,173,285"
"26-Dec-2019","2,432.65","2,454.95","2,425.05","2,438.65","754,276"
"27-Dec-2019","2,450.00","2,458.00","2,421.50","2,442.45","599,490"
"30-Dec-2019","2,446.00","2,485.00","2,441.00","2,479.05","699,880"
"31-Dec-2019","2,466.50","2,474.00","2,433.45","2,443.05","443,409"
"01-Jan-2020","2,454.90","2,462.55","2,427.35","2,432.55","314,519"
"02-Jan-2020","2,447.80","2,452.00","2,417.05","2,429.45","546,945"
"03-Jan-2020","2,420.00","2,449.00","2,415.00","2,432.35","544,720"
"06-Jan-2020","2,428.95","2,428.95","2,360.05","2,368.15","624,665"
"07-Jan-2020","2,378.00","2,399.90","2,337.00","2,348.05","620,687"
"08-Jan-2020","2,322.00","2,345.05","2,310.55","2,317.55","595,883"
"09-Jan-2020","2,341.00","2,365.00","2,326.10","2,354.55","732,115"
"10-Jan-2020","2,357.00","2,387.70","2,351.00","2,363.45","578,287"
"13-Jan-2020","2,382.90","2,382.90","2,352.35","2,366.75","434,063"
"14-Jan-2020","2,367.00","2,418.80","2,361.05","2,411.40","787,340"
"15-Jan-2020","2,419.95","2,480.55","2,414.00","2,476.30","1,051,367"
"16-Jan-2020","2,474.95","2,474.95","2,427.00","2,434.50","590,255"
"17-Jan-2020","2,445.00","2,474.90","2,421.60","2,454.00","457,663"
"20-Jan-2020","2,454.00","2,459.65","2,410.10","2,415.60","320,280"
"21-Jan-2020","2,410.00","2,412.65","2,375.00","2,398.70","568,473"
"22-Jan-2020","2,408.70","2,410.00","2,379.00","2,399.05","346,888"
"23-Jan-2020","2,397.00","2,434.85","2,380.00","2,429.75","315,469"
"24-Jan-2020","2,440.00","2,474.80","2,427.10","2,468.65","519,690"
"27-Jan-2020","2,456.00","2,498.50","2,425.05","2,455.75","897,656"
"28-Jan-2020","2,456.75","2,508.95","2,440.00","2,468.85","904,634"
"29-Jan-2020","2,484.00","2,510.00","2,470.00","2,486.35","787,135"
"30-Jan-2020","2,486.95","2,522.00","2,464.00","2,482.30","797,868"
"31-Jan-2020","2,508.00","2,521.90","2,492.05","2,501.85","574,957"
"01-Feb-2020","2,489.85","2,531.00","2,380.15","2,446.90","791,944"
"03-Feb-2020","2,391.00","2,469.00","2,358.00","2,376.15","1,507,692"
"04-Feb-2020","2,412.00","2,484.60","2,400.80","2,462.05","1,187,298"
"05-Feb-2020","2,472.00","2,478.90","2,345.55","2,373.25","2,176,980"
"06-Feb-2020","2,395.00","2,427.00","2,355.00","2,411.30","1,632,634"
"07-Feb-2020","2,480.00","2,496.00","2,421.35","2,443.45","2,709,754"
"10-Feb-2020","2,449.50","2,457.45","2,375.15","2,385.70","949,025"
"11-Feb-2020","2,415.00","2,443.35","2,390.00","2,396.45","680,119"
"12-Feb-2020","2,410.00","2,430.00","2,400.00","2,423.05","467,714"
"13-Feb-2020","2,419.00","2,441.30","2,401.00","2,408.95","514,501"
"14-Feb-2020","2,424.00","2,437.80","2,351.10","2,356.50","798,770"
"17-Feb-2020","2,335.00","2,335.00","2,269.55","2,283.35","818,134"
"18-Feb-2020","2,283.20","2,283.20","2,225.00","2,252.65","839,607"
"19-Feb-2020","2,274.00","2,278.00","2,227.05","2,251.60","729,471"
"20-Feb-2020","2,267.00","2,276.00","2,235.45","2,240.25","886,179"
"24-Feb-2020","2,220.00","2,220.00","2,175.00","2,184.20","808,263"
"25-Feb-2020","2,190.20","2,214.00","2,164.05","2,184.15","861,921"
"26-Feb-2020","2,180.00","2,195.00","2,136.00","2,142.55","972,076"
"27-Feb-2020","2,147.90","2,158.65","2,101.00","2,110.25","1,093,297"
"28-Feb-2020","2,080.00","2,110.00","2,033.95","2,051.75","1,879,071"
"02-Mar-2020","2,100.00","2,110.00","1,961.00","1,975.45","1,207,967"
"03-Mar-2020","1,976.00","2,063.85","1,976.00","2,054.85","1,689,926"
"04-Mar-2020","2,070.00","2,073.35","2,000.50","2,046.35","976,550"
"05-Mar-2020","2,061.70","2,093.10","2,052.30","2,063.90","899,516"
"06-Mar-2020","1,971.00","2,053.45","1,971.00","2,038.30","606,826"
"09-Mar-2020","1,995.00","2,011.50","1,915.30","1,956.05","844,134"
"11-Mar-2020","1,968.00","2,049.80","1,948.90","2,036.05","1,848,135"
"12-Mar-2020","1,956.00","1,978.95","1,793.75","1,907.20","2,248,848"
"13-Mar-2020","1,761.00","1,943.00","1,535.00","1,883.95","1,184,616"
"16-Mar-2020","1,818.00","1,845.00","1,775.30","1,783.50","883,109"
"17-Mar-2020","1,783.00","1,903.60","1,756.35","1,841.15","1,236,906"
"18-Mar-2020","1,841.00","1,860.00","1,666.00","1,681.15","1,118,514"
"19-Mar-2020","1,648.00","1,789.00","1,561.95","1,712.45","1,276,787"
"20-Mar-2020","1,725.00","1,845.70","1,675.00","1,815.70","1,244,977"
"23-Mar-2020","1,634.15","1,673.15","1,520.00","1,616.00","750,843"
"24-Mar-2020","1,650.00","1,754.10","1,475.00","1,627.05","1,489,165"
"25-Mar-2020","1,560.00","1,683.50","1,525.30","1,667.65","1,027,512"
"26-Mar-2020","1,689.90","1,827.95","1,645.60","1,801.90","1,448,405"
"27-Mar-2020","1,815.00","1,830.35","1,640.60","1,661.20","1,515,015"
"30-Mar-2020","1,635.00","1,640.00","1,542.30","1,553.50","1,250,949"
"31-Mar-2020","1,593.00","1,633.75","1,565.00","1,596.45","1,456,426"
"01-Apr-2020","1,590.10","1,647.35","1,565.00","1,639.65","1,641,556"
"03-Apr-2020","1,610.05","1,623.00","1,543.15","1,582.05","1,592,848"
"07-Apr-2020","1,630.00","1,789.00","1,623.65","1,769.20","1,374,511"
"08-Apr-2020","1,702.00","1,883.80","1,700.00","1,821.65","1,376,706"
"09-Apr-2020","1,879.15","2,013.40","1,853.00","1,990.90","2,416,795"
"13-Apr-2020","1,952.00","2,023.50","1,888.05","1,919.05","1,561,005"
"15-Apr-2020","1,940.00","1,974.00","1,811.70","1,824.10","1,537,630"
"16-Apr-2020","1,800.00","1,807.45","1,752.55","1,782.65","1,453,650"
"17-Apr-2020","1,839.95","1,875.00","1,812.00","1,835.90","1,327,772"
"20-Apr-2020","1,874.95","1,879.95","1,787.05","1,805.85","2,291,195"
"21-Apr-2020","1,785.10","1,838.90","1,758.00","1,827.55","1,650,673"
"22-Apr-2020","1,800.00","1,905.00","1,796.90","1,887.65","2,737,381"
"23-Apr-2020","1,900.00","1,923.45","1,855.00","1,865.00","1,882,834"
"24-Apr-2020","1,842.50","1,939.40","1,840.00","1,894.80","1,711,725"
"27-Apr-2020","1,909.00","1,949.00","1,897.45","1,935.20","1,322,270"
"28-Apr-2020","1,950.30","1,972.80","1,915.60","1,943.10","1,057,093"
"29-Apr-2020","1,966.25","2,018.50","1,941.00","1,970.25","1,836,009"
"30-Apr-2020","2,017.10","2,198.10","1,975.00","2,166.70","2,786,594"
"04-May-2020","2,051.00","2,074.95","1,985.00","2,000.70","1,328,872"
"05-May-2020","2,034.00","2,051.00","1,945.15","1,965.35","1,318,956"
"06-May-2020","1,981.00","2,058.90","1,933.25","2,026.75","1,881,161"
"07-May-2020","2,000.00","2,051.40","1,983.40","2,000.30","1,112,940"
"08-May-2020","2,040.00","2,040.00","1,955.00","1,962.60","1,139,469"
"11-May-2020","2,015.00","2,134.80","1,990.00","2,088.65","4,445,500"
"12-May-2020","2,093.00","2,134.00","2,020.00","2,114.30","2,919,975"
"13-May-2020","2,199.85","2,265.00","2,148.00","2,187.60","3,253,846"
"14-May-2020","2,135.95","2,255.00","2,118.70","2,241.35","2,570,484"
"15-May-2020","2,249.00","2,249.00","2,170.00","2,193.55","2,080,652"
"18-May-2020","2,197.00","2,218.50","2,060.15","2,070.55","1,803,992"
"19-May-2020","2,119.00","2,127.95","2,062.80","2,073.50","1,389,753"
"20-May-2020","2,059.00","2,067.80","1,991.35","2,023.60","2,782,633"
"21-May-2020","2,043.00","2,130.00","2,020.00","2,119.50","2,636,698"
"22-May-2020","2,119.00","2,159.90","2,083.85","2,150.60","2,241,444"
"26-May-2020","2,158.00","2,169.90","2,101.00","2,113.65","1,513,569"
"27-May-2020","2,125.00","2,187.00","2,115.25","2,175.65","1,403,621"
"28-May-2020","2,197.60","2,335.00","2,166.15","2,298.10","3,727,630"
"29-May-2020","2,275.00","2,391.90","2,250.00","2,360.85","3,368,797"
"01-Jun-2020","2,360.75","2,399.00","2,312.35","2,326.30","2,028,902"
"02-Jun-2020","2,359.90","2,391.55","2,281.90","2,318.25","2,408,345"
"03-Jun-2020","2,348.80","2,371.00","2,290.80","2,300.20","1,562,886"
"04-Jun-2020","2,280.00","2,341.65","2,263.05","2,329.25","1,532,356"
"05-Jun-2020","2,343.90","2,363.95","2,308.00","2,340.65","1,138,282"
"08-Jun-2020","2,359.00","2,439.80","2,355.00","2,384.30","2,354,820"
"09-Jun-2020","2,385.00","2,429.50","2,370.00","2,387.30","1,980,625"
"10-Jun-2020","2,387.00","2,393.15","2,282.20","2,292.25","3,106,340"
"11-Jun-2020","2,316.00","2,345.00","2,300.00","2,309.95","2,056,461"
"12-Jun-2020","2,242.00","2,415.00","2,230.70","2,401.85","3,296,739"
"15-Jun-2020","2,394.95","2,394.95","2,316.00","2,348.15","1,416,149"
"16-Jun-2020","2,380.00","2,435.70","2,360.00","2,395.95","2,145,404"
"17-Jun-2020","2,377.25","2,390.00","2,341.00","2,363.30","1,731,511"
"18-Jun-2020","2,360.25","2,380.00","2,342.20","2,364.95","1,087,905"
"19-Jun-2020","2,375.00","2,382.80","2,332.25","2,355.85","3,602,756"
"22-Jun-2020","2,371.15","2,447.10","2,361.00","2,412.60","3,042,802"
"23-Jun-2020","2,444.95","2,444.95","2,405.60","2,418.85","996,774"
"24-Jun-2020","2,450.00","2,545.00","2,439.75","2,493.80","3,354,530"
"25-Jun-2020","2,472.95","2,585.00","2,454.15","2,559.70","3,281,309"
"26-Jun-2020","2,580.00","2,590.65","2,530.80","2,540.45","1,351,765"
"29-Jun-2020","2,530.00","2,530.00","2,468.00","2,504.05","1,131,628"
"30-Jun-2020","2,549.00","2,568.35","2,512.00","2,546.95","1,441,648"
"01-Jul-2020","2,556.00","2,575.05","2,530.00","2,547.45","1,336,769"
"02-Jul-2020","2,550.00","2,685.00","2,550.00","2,671.40","3,353,345"
"03-Jul-2020","2,680.00","2,750.00","2,677.60","2,738.25","2,637,811"
"06-Jul-2020","2,750.30","2,779.05","2,715.00","2,770.95","1,716,059"
"07-Jul-2020","2,762.00","2,788.50","2,727.60","2,749.30","1,223,507"
"08-Jul-2020","2,760.00","2,777.95","2,710.00","2,719.20","974,918"
"09-Jul-2020","2,725.00","2,727.70","2,666.55","2,691.45","1,383,578"
"10-Jul-2020","2,690.00","2,734.50","2,671.60","2,681.25","1,205,528"
"13-Jul-2020","2,701.95","2,714.35","2,670.35","2,689.70","713,590"
"14-Jul-2020","2,672.00","2,681.65","2,604.00","2,611.85","921,721"
"15-Jul-2020","2,606.15","2,680.00","2,606.15","2,648.05","1,188,299"
"16-Jul-2020","2,650.00","2,725.00","2,613.05","2,714.80","1,607,516"
"17-Jul-2020","2,715.30","2,775.00","2,703.00","2,764.05","969,122"
"20-Jul-2020","2,764.05","2,873.45","2,742.20","2,860.15","1,674,948"
"21-Jul-2020","2,860.20","2,885.70","2,847.00","2,869.15","1,289,304"
"22-Jul-2020","2,860.00","2,860.00","2,753.05","2,768.00","1,349,352"
"23-Jul-2020","2,775.00","2,792.95","2,745.35","2,771.20","1,117,663"
"24-Jul-2020","2,753.00","2,795.00","2,728.10","2,740.70","701,473"
"27-Jul-2020","2,759.00","2,759.00","2,688.40","2,743.60","662,841"
"28-Jul-2020","2,752.60","2,850.00","2,745.05","2,841.25","1,836,165"
"29-Jul-2020","2,859.25","2,880.45","2,768.40","2,780.00","1,092,469"
"30-Jul-2020","2,773.00","2,789.95","2,688.00","2,703.95","1,497,970"
"31-Jul-2020","2,705.00","2,709.70","2,646.45","2,676.50","1,260,570"
"03-Aug-2020","2,700.00","2,769.80","2,620.75","2,631.30","2,282,040"
"04-Aug-2020","2,663.75","2,732.80","2,640.05","2,706.10","2,033,677"
"05-Aug-2020","2,719.20","2,740.00","2,672.00","2,695.75","997,244"
"06-Aug-2020","2,717.00","2,733.00","2,675.00","2,704.45","859,485"
"07-Aug-2020","2,710.00","2,720.00","2,670.10","2,706.20","854,162"
"10-Aug-2020","2,718.00","2,718.00","2,674.15","2,702.15","684,596"
"11-Aug-2020","2,725.00","2,775.00","2,704.00","2,712.85","1,617,217"
"12-Aug-2020","2,721.00","2,796.00","2,705.30","2,774.00","1,798,999"
"13-Aug-2020","2,790.00","2,820.00","2,746.30","2,809.65","1,299,064"
"14-Aug-2020","2,800.50","2,843.50","2,756.05","2,803.80","2,158,769"
"17-Aug-2020","2,812.80","2,934.10","2,810.00","2,927.20","2,723,658"
"18-Aug-2020","2,927.00","2,964.00","2,905.30","2,924.15","1,531,031"
"19-Aug-2020","2,945.95","2,998.80","2,921.45","2,933.05","2,016,737"
"20-Aug-2020","2,912.00","2,964.90","2,892.65","2,956.05","1,185,242"
"21-Aug-2020","2,978.70","3,049.75","2,957.05","3,033.45","2,013,011"
"24-Aug-2020","3,037.00","3,075.50","3,001.05","3,015.05","1,706,117"
"25-Aug-2020","3,044.00","3,052.95","2,957.85","2,969.75","1,324,090"
"26-Aug-2020","3,110.00","3,181.35","3,070.00","3,160.75","4,651,111"
"27-Aug-2020","3,159.00","3,170.00","3,107.50","3,141.75","1,431,518"
"28-Aug-2020","3,119.05","3,164.00","3,050.65","3,059.30","1,838,010"
"31-Aug-2020","3,070.00","3,088.90","2,966.10","3,006.05","1,808,598"
"01-Sep-2020","3,030.05","3,074.30","2,975.50","2,995.60","1,357,860"
"02-Sep-2020","3,034.95","3,039.80","2,876.15","2,943.55","2,809,547"
"03-Sep-2020","2,975.00","3,006.15","2,930.95","2,941.40","1,512,725"
"04-Sep-2020","2,918.85","2,976.50","2,867.60","2,915.20","1,508,210"
"07-Sep-2020","2,930.00","2,934.90","2,852.00","2,860.15","1,476,040"
"08-Sep-2020","2,871.00","2,903.20","2,852.00","2,863.20","1,263,519"
"09-Sep-2020","2,847.00","2,920.00","2,830.20","2,904.00","1,995,625"
"10-Sep-2020","2,920.00","2,957.40","2,888.25","2,948.75","1,629,594"
"11-Sep-2020","2,949.15","3,007.70","2,948.75","2,992.25","1,525,239"
"14-Sep-2020","3,014.95","3,039.00","2,956.00","3,028.50","1,537,248"
"15-Sep-2020","3,028.50","3,051.70","3,005.05","3,037.15","915,383"
"16-Sep-2020","3,033.00","3,105.00","3,024.65","3,056.20","1,603,514"
"17-Sep-2020","3,042.80","3,098.00","3,030.05","3,061.00","914,287"
"18-Sep-2020","3,080.00","3,121.85","3,075.10","3,112.65","1,362,768"
"21-Sep-2020","3,122.00","3,124.45","3,033.05","3,055.35","826,282"
"22-Sep-2020","3,040.00","3,052.00","2,960.00","3,000.15","1,099,376"
"23-Sep-2020","3,000.50","3,043.00","2,924.95","2,956.75","1,256,822"
"24-Sep-2020","2,911.35","2,949.00","2,900.00","2,918.30","1,020,090"
"25-Sep-2020","2,934.55","3,015.15","2,925.10","3,002.00","1,263,899"
"28-Sep-2020","3,047.00","3,095.75","2,992.50","3,088.90","1,422,074"
"29-Sep-2020","3,105.00","3,222.05","3,104.50","3,174.95","3,394,236"
"30-Sep-2020","3,198.00","3,198.00","3,135.00","3,147.30","1,175,374"
"01-Oct-2020","3,165.00","3,199.00","3,111.70","3,151.45","1,459,005"
"05-Oct-2020","3,225.00","3,230.00","3,094.20","3,129.20","1,375,208"
"06-Oct-2020","3,142.60","3,177.90","3,117.00","3,136.35","849,217"
"07-Oct-2020","3,140.00","3,249.95","3,138.05","3,233.65","2,071,160"
"08-Oct-2020","3,250.00","3,292.80","3,235.65","3,279.15","1,414,051"
"09-Oct-2020","3,300.00","3,340.00","3,267.05","3,327.40","1,358,012"
"12-Oct-2020","3,350.80","3,355.55","3,273.75","3,284.70","1,438,745"
"13-Oct-2020","3,283.50","3,303.00","3,256.20","3,288.05","847,392"
"14-Oct-2020","3,303.00","3,332.95","3,270.00","3,310.80","1,188,612"
"15-Oct-2020","3,312.00","3,379.55","3,290.10","3,314.30","1,817,340"
"16-Oct-2020","3,315.00","3,394.90","3,301.00","3,346.45","1,461,911"
"19-Oct-2020","3,352.05","3,358.50","3,230.55","3,248.70","1,056,738"
"20-Oct-2020","3,249.00","3,292.50","3,230.45","3,237.60","1,198,126"
"21-Oct-2020","3,250.00","3,280.00","3,132.15","3,178.35","2,045,834"
"22-Oct-2020","3,176.90","3,176.90","3,062.40","3,081.50","1,640,345"
"23-Oct-2020","3,100.00","3,152.95","3,089.90","3,111.05","1,707,977"
"26-Oct-2020","3,120.00","3,120.00","2,875.00","2,897.95","4,182,680"
"27-Oct-2020","2,925.00","2,977.90","2,855.55","2,911.95","3,089,587"
"28-Oct-2020","2,995.00","3,035.00","2,930.35","2,946.20","5,321,204"
"29-Oct-2020","2,935.00","2,962.35","2,885.00","2,894.00","2,345,572"
"30-Oct-2020","2,913.90","2,928.50","2,787.00","2,799.80","3,110,794"
"02-Nov-2020","2,888.00","2,888.00","2,812.00","2,835.65","2,671,709"
"03-Nov-2020","2,860.00","2,949.45","2,847.00","2,937.40","2,352,020"
"04-Nov-2020","2,940.00","2,978.00","2,910.10","2,968.00","1,868,196"
"05-Nov-2020","2,990.00","2,995.90","2,926.80","2,944.35","1,195,194"
"06-Nov-2020","2,943.00","2,983.00","2,925.20","2,945.45","1,182,126"
"09-Nov-2020","2,970.00","2,989.00","2,930.00","2,954.25","1,175,877"
"10-Nov-2020","2,987.00","2,987.00","2,922.95","2,951.25","1,352,612"
"11-Nov-2020","2,980.00","3,075.00","2,953.20","3,060.15","2,829,916"
"12-Nov-2020","3,060.00","3,100.00","3,037.00","3,085.80","2,093,558"
"13-Nov-2020","3,089.00","3,134.90","3,071.10","3,128.90","1,274,593"
"14-Nov-2020","3,156.95","3,156.95","3,098.00","3,115.70","199,281"
"17-Nov-2020","3,146.40","3,148.00","3,001.00","3,031.30","1,933,560"
"18-Nov-2020","3,041.85","3,048.95","2,943.70","2,983.00","1,956,934"
"19-Nov-2020","3,029.00","3,136.75","2,975.15","2,988.50","4,282,399"
"20-Nov-2020","2,999.00","3,018.95","2,965.65","2,998.65","1,531,471"
"23-Nov-2020","3,024.60","3,074.00","2,982.00","3,059.75","1,653,325"
"24-Nov-2020","3,056.00","3,109.65","3,041.65","3,074.15","1,517,541"
"25-Nov-2020","3,079.50","3,094.85","3,001.00","3,008.75","1,110,258"
"26-Nov-2020","3,008.00","3,049.65","2,976.10","3,024.55","859,782"
"27-Nov-2020","3,049.00","3,118.55","3,032.00","3,108.85","3,266,924"
"01-Dec-2020","3,120.00","3,129.90","3,075.05","3,110.25","1,503,427"
"02-Dec-2020","3,113.00","3,177.10","3,091.00","3,126.20","1,748,207"
"03-Dec-2020","3,156.00","3,167.00","3,125.50","3,139.85","974,736"
"04-Dec-2020","3,151.00","3,202.00","3,150.00","3,180.45","1,089,915"
"07-Dec-2020","3,179.90","3,217.95","3,135.60","3,174.05","991,744"
"08-Dec-2020","3,175.00","3,204.80","3,154.65","3,167.95","644,753"
"09-Dec-2020","3,174.95","3,204.00","3,156.15","3,190.70","669,455"
"10-Dec-2020","3,180.00","3,207.75","3,166.00","3,194.30","559,968"
"11-Dec-2020","3,200.00","3,239.50","3,169.00","3,185.30","1,276,394"
"14-Dec-2020","3,214.00","3,214.00","3,105.00","3,113.65","1,421,591"
"15-Dec-2020","3,082.55","3,135.00","3,081.10","3,112.35","1,058,918"
"16-Dec-2020","3,130.10","3,145.00","3,105.00","3,117.50","1,025,407"
"17-Dec-2020","3,135.00","3,157.50","3,101.05","3,112.65","969,196"
"18-Dec-2020","3,101.00","3,144.00","3,101.00","3,135.30","1,109,264"
"21-Dec-2020","3,148.00","3,152.85","2,944.95","2,994.10","1,397,172"
"22-Dec-2020","3,020.00","3,060.00","2,900.60","3,049.10","1,073,505"
"23-Dec-2020","3,046.60","3,073.50","3,012.00","3,040.05","711,716"
"24-Dec-2020","3,045.00","3,083.70","3,030.00","3,073.10","640,601"
"28-Dec-2020","3,096.00","3,124.00","3,062.70","3,082.60","742,559"
"29-Dec-2020","3,096.00","3,106.00","3,061.00","3,074.00","478,502"
"30-Dec-2020","3,080.00","3,107.95","3,065.60","3,101.40","505,754"
"31-Dec-2020","3,107.00","3,117.80","3,085.00","3,110.00","605,742"
"01-Jan-2021","3,115.00","3,120.80","3,093.00","3,102.65","408,952"
"04-Jan-2021","3,112.00","3,123.95","3,037.25","3,043.85","1,599,835"
"05-Jan-2021","3,052.00","3,074.35","3,031.00","3,067.20","1,150,326"
"06-Jan-2021","3,081.30","3,123.60","3,046.00","3,083.55","1,370,394"
"07-Jan-2021","3,094.00","3,114.75","3,034.00","3,055.25","880,259"
"08-Jan-2021","3,070.00","3,165.95","3,063.10","3,161.10","1,576,465"
"11-Jan-2021","3,161.00","3,224.90","3,147.05","3,197.70","1,596,027"
"12-Jan-2021","3,190.00","3,295.00","3,180.45","3,248.25","1,586,336"
"13-Jan-2021","3,260.00","3,318.00","3,216.70","3,256.80","1,424,073"
"14-Jan-2021","3,265.00","3,295.00","3,238.05","3,266.60","803,208"
"15-Jan-2021","3,250.00","3,270.85","3,174.00","3,203.00","1,199,320"
"18-Jan-2021","3,200.00","3,217.55","3,082.25","3,163.15","1,280,163"
"19-Jan-2021","3,170.50","3,240.75","3,170.50","3,232.90","770,832"
"20-Jan-2021","3,239.00","3,292.50","3,230.30","3,275.60","841,752"
"21-Jan-2021","3,275.60","3,346.00","3,219.70","3,247.30","1,300,181"
"22-Jan-2021","3,265.00","3,483.95","3,258.90","3,374.90","3,813,020"
"25-Jan-2021","3,417.95","3,520.15","3,357.05","3,474.95","2,266,967"
"27-Jan-2021","3,450.00","3,484.00","3,329.95","3,358.55","1,333,633"
"28-Jan-2021","3,338.95","3,464.10","3,325.15","3,397.40","1,986,409"
"29-Jan-2021","3,419.90","3,485.00","3,226.40","3,256.05","1,718,833"
"01-Feb-2021","3,300.00","3,360.80","3,217.25","3,340.65","1,285,163"
"02-Feb-2021","3,400.00","3,400.00","3,261.00","3,293.85","1,751,516"
"03-Feb-2021","3,296.55","3,422.00","3,268.00","3,380.80","1,077,971"
"04-Feb-2021","3,441.00","3,515.00","3,404.10","3,440.70","2,425,660"
"05-Feb-2021","3,500.00","3,560.00","3,366.00","3,429.20","2,719,249"
"08-Feb-2021","3,478.00","3,506.90","3,415.40","3,495.00","1,004,959"
"09-Feb-2021","3,461.00","3,538.00","3,456.35","3,499.45","1,543,021"
"10-Feb-2021","3,490.00","3,568.75","3,485.25","3,538.95","1,477,082"
"11-Feb-2021","3,524.00","3,554.00","3,473.55","3,541.50","757,116"
"12-Feb-2021","3,535.95","3,580.00","3,502.90","3,515.75","566,161"
"15-Feb-2021","3,488.95","3,506.15","3,452.00","3,465.40","809,861"
"16-Feb-2021","3,470.00","3,485.30","3,432.00","3,461.55","759,332"
"17-Feb-2021","3,463.45","3,595.00","3,457.25","3,584.00","1,946,207"
"18-Feb-2021","3,579.65","3,629.05","3,506.00","3,522.85","1,701,157"
"19-Feb-2021","3,522.85","3,522.85","3,370.00","3,389.70","995,322"
"22-Feb-2021","3,400.00","3,432.95","3,350.15","3,414.15","921,345"
"23-Feb-2021","3,414.15","3,479.55","3,377.05","3,405.45","1,069,537"
"24-Feb-2021","3,440.00","3,500.00","3,351.10","3,441.60","823,330"
"25-Feb-2021","3,450.00","3,460.00","3,402.25","3,434.40","897,962"
"26-Feb-2021","3,405.00","3,423.65","3,199.80","3,224.00","1,880,371"
"01-Mar-2021","3,255.00","3,363.05","3,250.00","3,350.20","1,176,879"
"02-Mar-2021","3,352.00","3,490.00","3,351.50","3,476.40","1,402,320"
"03-Mar-2021","3,510.00","3,510.90","3,394.00","3,424.35","965,062"
"04-Mar-2021","3,398.00","3,460.00","3,368.25","3,419.85","934,953"
"05-Mar-2021","3,415.00","3,491.50","3,394.00","3,461.70","1,017,875"
"08-Mar-2021","3,461.65","3,489.50","3,422.70","3,463.95","749,107"
"09-Mar-2021","3,465.05","3,490.00","3,416.50","3,448.85","564,852"
"10-Mar-2021","3,449.00","3,475.00","3,407.85","3,419.35","787,897"
"12-Mar-2021","3,355.00","3,419.00","3,310.00","3,350.55","1,098,158"
"15-Mar-2021","3,360.00","3,369.40","3,243.00","3,264.15","781,236"
"16-Mar-2021","3,298.95","3,300.00","3,248.00","3,255.05","523,881"
"17-Mar-2021","3,257.00","3,278.90","3,175.00","3,190.55","991,815"
"18-Mar-2021","3,217.70","3,217.70","3,072.30","3,107.20","1,472,097"
"19-Mar-2021","3,085.00","3,132.05","3,036.00","3,119.15","1,554,560"
"22-Mar-2021","3,131.60","3,143.95","3,081.15","3,095.85","619,756"
"23-Mar-2021","3,107.90","3,132.00","3,060.55","3,067.45","944,310"
"24-Mar-2021","3,068.00","3,085.95","3,023.00","3,033.85","975,533"
"25-Mar-2021","3,033.10","3,049.60","2,927.10","2,941.65","1,075,251"
"26-Mar-2021","2,972.00","2,982.80","2,931.00","2,937.80","611,318"
"30-Mar-2021","2,934.95","2,976.35","2,916.60","2,963.85","899,494"
"31-Mar-2021","2,955.60","2,962.00","2,902.00","2,913.60","1,212,659"
"01-Apr-2021","2,949.00","3,004.95","2,933.00","2,956.10","1,067,722"
"05-Apr-2021","2,961.00","2,972.95","2,866.60","2,886.90","1,152,927"
"06-Apr-2021","2,900.00","2,928.00","2,868.00","2,887.95","788,062"
"07-Apr-2021","2,880.00","2,948.90","2,875.05","2,941.60","649,751"
"08-Apr-2021","2,969.00","2,990.35","2,913.40","2,928.00","953,450"
"09-Apr-2021","2,928.00","2,948.00","2,901.15","2,912.90","557,093"
"12-Apr-2021","2,874.00","2,889.95","2,741.10","2,786.10","859,305"
"13-Apr-2021","2,799.00","2,879.00","2,773.25","2,865.35","714,921"
"15-Apr-2021","2,852.00","2,890.00","2,820.00","2,862.55","683,426"
"16-Apr-2021","2,838.25","2,924.95","2,838.25","2,894.85","709,663"
"19-Apr-2021","2,761.35","2,822.55","2,743.10","2,785.55","740,714"
"20-Apr-2021","2,841.25","2,848.85","2,800.85","2,823.70","740,095"
"22-Apr-2021","2,753.30","2,882.55","2,750.00","2,851.15","1,436,707"
"23-Apr-2021","2,818.00","2,873.80","2,812.05","2,864.05","682,515"
"26-Apr-2021","2,860.05","2,878.40","2,830.00","2,864.55","831,133"
"27-Apr-2021","2,875.00","2,939.00","2,870.25","2,905.50","811,184"
"28-Apr-2021","2,928.00","3,009.00","2,915.05","2,926.25","1,389,833"
"29-Apr-2021","2,963.80","2,963.80","2,850.05","2,860.10","1,009,327"
"30-Apr-2021","2,834.80","2,860.00","2,805.00","2,819.15","670,258"
"03-May-2021","2,779.95","2,848.00","2,766.65","2,793.25","668,727"
"04-May-2021","2,794.00","2,819.75","2,766.75","2,776.75","642,256"
"05-May-2021","2,786.90","2,800.00","2,768.00","2,788.20","365,152"
"06-May-2021","2,818.00","2,922.00","2,802.15","2,913.30","2,249,529"
"07-May-2021","2,948.95","2,995.00","2,820.00","2,860.80","2,287,493"
"10-May-2021","2,860.80","2,879.00","2,830.00","2,836.30","781,259"
"11-May-2021","2,830.50","2,843.65","2,801.10","2,838.35","684,120"
"12-May-2021","2,839.80","2,858.00","2,815.00","2,840.15","486,996"
"14-May-2021","2,840.15","2,851.90","2,802.75","2,812.35","518,143"
"17-May-2021","2,835.00","2,884.40","2,813.00","2,854.75","926,624"
"18-May-2021","2,876.20","2,919.70","2,856.55","2,906.95","1,288,013"
"19-May-2021","2,915.00","2,943.95","2,894.00","2,915.00","717,841"
"20-May-2021","2,911.35","2,916.80","2,861.75","2,865.10","637,388"
"21-May-2021","2,874.00","2,890.10","2,835.00","2,884.40","1,658,538"
"24-May-2021","2,920.00","2,963.70","2,892.00","2,900.45","1,587,246"
"25-May-2021","2,924.90","2,944.85","2,907.40","2,929.70","501,532"
"26-May-2021","2,942.00","2,986.75","2,920.50","2,964.70","817,054"
"27-May-2021","2,970.00","3,028.45","2,935.15","2,991.30","2,097,924"
"28-May-2021","3,025.00","3,033.40","2,956.55","2,991.55","1,077,246"
"31-May-2021","2,989.00","3,015.00","2,960.00","3,007.50","662,303"
"01-Jun-2021","3,016.50","3,055.00","2,966.00","2,976.75","971,553"
"02-Jun-2021","2,972.00","2,993.00","2,942.10","2,972.60","793,261"
"03-Jun-2021","2,984.00","3,014.00","2,962.00","3,008.35","851,280"
"04-Jun-2021","3,005.00","3,055.00","3,004.85","3,048.40","1,023,321"
"07-Jun-2021","3,065.25","3,076.60","3,040.75","3,052.25","612,460"
"08-Jun-2021","3,058.00","3,078.00","3,040.35","3,055.95","555,729"
"09-Jun-2021","3,055.95","3,090.00","3,010.60","3,023.50","845,692"
"10-Jun-2021","3,038.95","3,043.90","2,999.00","3,009.00","567,660"
"11-Jun-2021","3,019.00","3,038.00","2,995.00","3,004.35","467,264"
"14-Jun-2021","3,010.00","3,016.95","2,943.00","2,985.65","489,598"
"15-Jun-2021","2,985.00","3,025.00","2,972.30","3,007.05","454,939"
"16-Jun-2021","3,008.00","3,014.85","2,970.00","2,975.40","444,814"
"17-Jun-2021","2,947.00","2,958.95","2,902.00","2,914.10","782,315"
"18-Jun-2021","2,914.10","2,945.00","2,852.00","2,891.35","904,203"
"21-Jun-2021","2,870.00","2,913.00","2,865.00","2,894.85","577,938"
"22-Jun-2021","2,901.00","2,942.05","2,896.55","2,907.05","522,538"
"23-Jun-2021","2,958.95","2,995.00","2,921.00","2,928.35","1,911,546"
"24-Jun-2021","2,940.00","2,940.00","2,893.50","2,906.95","844,653"
"25-Jun-2021","2,908.00","2,949.30","2,901.95","2,939.20","631,005"
"28-Jun-2021","2,957.00","2,958.40","2,929.40","2,943.65","407,079"
"29-Jun-2021","2,943.65","2,957.55","2,915.00","2,927.50","470,337"
"30-Jun-2021","2,925.00","2,930.00","2,897.40","2,902.60","758,083"
"01-Jul-2021","2,905.00","2,947.00","2,905.00","2,922.50","634,751"
"02-Jul-2021","2,960.00","2,968.95","2,907.15","2,919.85","928,741"
"05-Jul-2021","2,936.90","2,951.90","2,925.10","2,938.05","480,881"
"06-Jul-2021","2,937.00","2,954.00","2,912.40","2,919.25","452,807"
"07-Jul-2021","2,919.00","2,922.00","2,891.20","2,913.35","668,763"
"08-Jul-2021","2,911.00","2,934.85","2,890.15","2,900.40","524,837"
"09-Jul-2021","2,900.40","2,919.65","2,876.05","2,896.80","328,728"
"12-Jul-2021","2,914.00","2,926.00","2,895.10","2,898.20","392,467"
"13-Jul-2021","2,919.00","2,919.00","2,896.30","2,904.10","317,264"
"14-Jul-2021","2,920.00","2,920.00","2,896.00","2,900.70","429,264"
"15-Jul-2021","2,910.00","2,913.40","2,882.05","2,884.65","349,469"
"16-Jul-2021","2,887.00","2,908.65","2,880.00","2,904.70","459,445"
"19-Jul-2021","2,886.00","2,894.40","2,870.10","2,887.10","338,468"
"20-Jul-2021","2,888.00","2,899.00","2,828.00","2,839.00","481,836"
"22-Jul-2021","2,835.05","2,847.00","2,806.20","2,838.25","613,062"
"23-Jul-2021","2,850.05","2,864.00","2,821.00","2,835.00","430,659"
"26-Jul-2021","2,830.00","2,833.85","2,808.00","2,810.25","313,614"
"27-Jul-2021","2,821.80","2,826.25","2,790.50","2,793.85","427,442"
"28-Jul-2021","2,796.30","2,805.95","2,761.00","2,777.70","415,048"
"29-Jul-2021","2,784.80","2,784.80","2,740.00","2,745.70","611,448"
"30-Jul-2021","2,764.00","2,802.00","2,745.70","2,763.30","745,920"
"02-Aug-2021","2,770.10","2,796.80","2,765.25","2,782.20","464,874"
"03-Aug-2021","2,784.30","2,822.00","2,784.30","2,819.10","530,085"
"04-Aug-2021","2,831.80","2,834.30","2,801.00","2,805.50","308,031"
"05-Aug-2021","2,806.00","2,831.70","2,785.00","2,818.80","316,844"
"06-Aug-2021","2,830.00","2,851.05","2,811.70","2,833.80","445,529"
"09-Aug-2021","2,850.00","2,865.90","2,825.00","2,836.30","422,204"
"10-Aug-2021","2,843.85","2,843.85","2,790.00","2,797.05","574,570"
"11-Aug-2021","2,810.00","2,814.85","2,751.25","2,781.60","551,805"
"12-Aug-2021","2,800.00","2,801.25","2,775.00","2,782.95","410,605"
"13-Aug-2021","2,796.85","2,814.40","2,752.00","2,772.20","1,083,905"
"16-Aug-2021","2,775.00","2,777.90","2,741.80","2,747.35","396,756"
"17-Aug-2021","2,754.00","2,790.00","2,713.00","2,782.60","877,329"
"18-Aug-2021","2,790.50","2,795.00","2,752.50","2,763.60","613,650"
"20-Aug-2021","2,681.20","2,741.00","2,681.20","2,697.50","809,463"
"23-Aug-2021","2,701.00","2,710.90","2,656.50","2,680.60","758,426"
"24-Aug-2021","2,681.00","2,695.00","2,652.00","2,675.85","567,946"
"25-Aug-2021","2,683.00","2,708.00","2,670.00","2,673.95","407,780"
"26-Aug-2021","2,675.00","2,680.00","2,642.50","2,647.55","445,529"
"27-Aug-2021","2,648.00","2,679.90","2,636.00","2,674.05","517,155"
"30-Aug-2021","2,680.00","2,729.00","2,680.00","2,726.25","518,747"
"31-Aug-2021","2,727.00","2,746.00","2,701.10","2,741.85","708,031"
"01-Sep-2021","2,759.00","2,764.00","2,730.60","2,740.85","442,282"
"02-Sep-2021","2,725.00","2,738.85","2,702.60","2,730.35","422,436"
"03-Sep-2021","2,732.00","2,813.95","2,732.00","2,799.45","981,491"
"06-Sep-2021","2,824.80","2,830.00","2,801.00","2,817.20","580,935"
"07-Sep-2021","2,818.25","2,825.00","2,791.00","2,797.75","311,022"
"08-Sep-2021","2,799.00","2,809.80","2,780.00","2,798.35","341,207"
"09-Sep-2021","2,783.00","2,806.30","2,763.00","2,796.70","403,669"
"13-Sep-2021","2,770.00","2,812.90","2,770.00","2,789.80","279,930"
"14-Sep-2021","2,800.00","2,861.00","2,800.00","2,851.70","880,592"
"15-Sep-2021","2,860.00","2,885.00","2,860.00","2,874.95","681,873"
"16-Sep-2021","2,889.00","2,926.00","2,881.90","2,920.40","1,118,060"
"17-Sep-2021","2,941.00","2,954.45","2,896.65","2,932.10","1,024,040"
"20-Sep-2021","2,920.00","2,920.00","2,873.55","2,889.50","442,234"
"21-Sep-2021","2,890.00","2,895.00","2,814.40","2,850.45","580,932"
"22-Sep-2021","2,850.00","2,860.00","2,825.10","2,847.20","561,230"
"23-Sep-2021","2,850.00","2,882.00","2,847.25","2,853.05","448,036"
"24-Sep-2021","2,850.00","2,862.30","2,817.35","2,833.45","603,710"
"27-Sep-2021","2,841.00","2,928.00","2,841.00","2,912.95","1,187,306"
"28-Sep-2021","2,927.95","2,939.00","2,891.00","2,920.55","788,979"
"29-Sep-2021","2,915.00","2,920.55","2,865.50","2,886.15","613,787"
"30-Sep-2021","2,857.30","2,878.85","2,827.20","2,832.50","920,513"
"01-Oct-2021","2,827.20","2,851.00","2,802.25","2,847.95","329,726"
"04-Oct-2021","2,861.55","2,870.00","2,850.00","2,855.55","386,779"
"05-Oct-2021","2,853.00","2,859.65","2,840.00","2,844.55","316,991"
"06-Oct-2021","2,840.00","2,850.00","2,781.00","2,798.15","468,624"
"07-Oct-2021","2,820.00","2,859.35","2,810.00","2,841.65","552,458"
"08-Oct-2021","2,867.75","2,872.00","2,840.00","2,842.10","300,133"
"11-Oct-2021","2,845.00","2,878.55","2,843.20","2,857.80","658,779"
"12-Oct-2021","2,873.90","2,927.50","2,855.25","2,916.65","956,819"
"13-Oct-2021","2,926.00","2,946.85","2,907.05","2,925.20","754,779"
"14-Oct-2021","2,934.00","2,944.15","2,900.00","2,927.80","572,466"
"18-Oct-2021","2,939.00","2,950.00","2,896.20","2,904.10","440,831"
"19-Oct-2021","2,904.10","2,930.00","2,865.50","2,876.05","447,221"
"20-Oct-2021","2,863.00","2,876.00","2,802.00","2,816.00","424,722"
"21-Oct-2021","2,835.00","2,835.00","2,725.00","2,756.90","737,326"
"22-Oct-2021","2,774.00","2,800.00","2,727.45","2,744.15","387,942"
"25-Oct-2021","2,743.95","2,754.85","2,679.05","2,686.80","326,076"
"26-Oct-2021","2,696.90","2,708.00","2,685.00","2,700.50","282,346"
"27-Oct-2021","2,713.95","2,729.35","2,682.00","2,690.15","444,512"
"28-Oct-2021","2,713.80","2,713.80","2,660.00","2,667.75","366,561"
"29-Oct-2021","2,681.00","2,702.85","2,639.00","2,657.10","614,962"
"01-Nov-2021","2,675.00","2,692.80","2,642.00","2,680.70","502,481"
"02-Nov-2021","2,695.00","2,701.55","2,676.55","2,684.30","813,089"
"03-Nov-2021","2,697.00","2,697.00","2,640.00","2,641.45","504,184"
"04-Nov-2021","2,650.00","2,685.00","2,650.00","2,677.50","93,301"
"08-Nov-2021","2,707.70","2,709.70","2,670.50","2,682.90","644,351"
"09-Nov-2021","2,694.95","2,750.00","2,683.60","2,714.35","723,569"
"10-Nov-2021","2,714.00","2,731.95","2,701.85","2,718.80","390,217"
"11-Nov-2021","2,725.00","2,725.00","2,685.60","2,700.90","264,937"
"12-Nov-2021","2,720.00","2,720.00","2,680.00","2,683.05","352,693"
"15-Nov-2021","2,735.00","2,784.80","2,686.00","2,693.25","2,023,708"
"16-Nov-2021","2,712.20","2,769.00","2,701.00","2,750.90","1,246,961"
"17-Nov-2021","2,750.90","2,773.65","2,731.85","2,749.35","570,038"
"18-Nov-2021","2,760.00","2,763.00","2,667.15","2,684.85","559,569"
"22-Nov-2021","2,685.00","2,698.20","2,618.70","2,634.60","636,253"
"23-Nov-2021","2,624.95","2,646.90","2,600.00","2,632.20","626,376"
"24-Nov-2021","2,646.50","2,657.90","2,613.00","2,621.05","564,230"
"25-Nov-2021","2,640.00","2,640.00","2,581.10","2,594.70","625,134"
"26-Nov-2021","2,580.00","2,589.70","2,505.15","2,529.40","685,448"
"29-Nov-2021","2,525.00","2,528.95","2,446.15","2,490.80","594,113"
"30-Nov-2021","2,476.00","2,512.65","2,424.05","2,449.30","1,527,406"
"01-Dec-2021","2,480.00","2,480.00","2,437.05","2,448.20","769,987"
"02-Dec-2021","2,428.00","2,483.20","2,408.90","2,472.70","921,229"
"03-Dec-2021","2,485.00","2,497.45","2,451.05","2,462.45","499,760"
"06-Dec-2021","2,474.75","2,475.40","2,411.65","2,420.00","347,297"
"07-Dec-2021","2,435.00","2,475.00","2,430.10","2,461.80","347,226"
"08-Dec-2021","2,460.15","2,500.00","2,460.15","2,490.65","308,181"
"09-Dec-2021","2,510.00","2,528.90","2,481.40","2,520.95","402,958"
"10-Dec-2021","2,520.70","2,544.80","2,512.90","2,526.85","327,197"
"13-Dec-2021","2,550.00","2,552.00","2,490.00","2,495.00","332,491"
"14-Dec-2021","2,480.00","2,488.00","2,460.00","2,483.80","365,318"
"15-Dec-2021","2,484.10","2,524.00","2,476.15","2,507.15","470,021"
"16-Dec-2021","2,513.00","2,525.00","2,459.30","2,471.10","496,003"
"17-Dec-2021","2,469.00","2,469.00","2,421.00","2,444.65","492,339"
"20-Dec-2021","2,435.00","2,435.00","2,310.00","2,356.65","687,713"
"21-Dec-2021","2,390.00","2,390.00","2,333.05","2,347.40","401,977"
"22-Dec-2021","2,355.00","2,366.00","2,337.30","2,348.80","367,785"
"23-Dec-2021","2,365.00","2,403.00","2,352.50","2,392.70","472,868"
"24-Dec-2021","2,413.00","2,413.00","2,376.60","2,392.45","343,453"
"27-Dec-2021","2,390.00","2,410.20","2,371.00","2,402.00","223,494"
"28-Dec-2021","2,404.00","2,425.00","2,395.90","2,417.80","265,463"
"29-Dec-2021","2,421.00","2,442.80","2,410.00","2,433.25","270,407"
"30-Dec-2021","2,425.00","2,437.85","2,412.35","2,431.90","366,389"
"31-Dec-2021","2,432.00","2,483.60","2,432.00","2,462.10","253,608"
"03-Jan-2022","2,463.00","2,496.50","2,463.00","2,476.60","234,912"
"04-Jan-2022","2,492.00","2,496.60","2,468.40","2,484.90","181,575"
"05-Jan-2022","2,484.95","2,512.95","2,477.95","2,506.00","294,097"
"06-Jan-2022","2,490.00","2,509.00","2,464.00","2,496.00","406,402"
"07-Jan-2022","2,509.00","2,515.50","2,482.00","2,499.10","308,537"
"10-Jan-2022","2,489.30","2,584.00","2,489.30","2,578.10","783,876"
"11-Jan-2022","2,584.65","2,592.15","2,560.80","2,568.25","372,092"
"12-Jan-2022","2,575.00","2,595.00","2,562.00","2,590.50","410,716"
"13-Jan-2022","2,599.00","2,600.00","2,570.00","2,593.60","243,121"
"14-Jan-2022","2,590.00","2,594.80","2,555.00","2,569.70","267,065"
"17-Jan-2022","2,599.00","2,724.45","2,591.45","2,701.50","2,357,848"
"18-Jan-2022","2,703.00","2,727.00","2,655.20","2,692.85","1,082,632"
"19-Jan-2022","2,695.00","2,740.00","2,675.05","2,699.80","763,040"
"20-Jan-2022","2,700.00","2,759.25","2,696.05","2,709.45","1,022,978"
"21-Jan-2022","2,703.70","2,777.00","2,657.25","2,750.10","1,170,753"
"24-Jan-2022","2,740.00","2,769.40","2,667.55","2,706.20","593,277"
"25-Jan-2022","2,704.10","2,789.00","2,652.85","2,782.05","971,148"
"27-Jan-2022","2,733.00","2,770.00","2,689.00","2,715.00","559,824"
"28-Jan-2022","2,720.20","2,755.00","2,663.05","2,672.15","466,238"
"31-Jan-2022","2,680.15","2,734.05","2,680.15","2,724.30","442,531"
"01-Feb-2022","2,748.00","2,769.80","2,678.00","2,726.75","414,159"
"02-Feb-2022","2,703.00","2,743.40","2,698.00","2,702.40","283,071"
"03-Feb-2022","2,704.30","2,817.95","2,684.00","2,781.50","1,436,881"
"04-Feb-2022","2,765.00","2,780.00","2,712.75","2,721.75","585,251"
"07-Feb-2022","2,721.75","2,734.00","2,625.00","2,648.05","688,838"
"08-Feb-2022","2,660.55","2,691.65","2,650.00","2,671.95","625,615"
"09-Feb-2022","2,680.40","2,736.60","2,673.05","2,728.85","359,950"
"10-Feb-2022","2,745.40","2,751.00","2,701.05","2,734.10","448,648"
"11-Feb-2022","2,670.00","2,747.00","2,655.00","2,718.60","1,235,994"
"14-Feb-2022","2,681.00","2,703.15","2,630.75","2,648.50","576,694"
"15-Feb-2022","2,650.00","2,787.85","2,630.00","2,778.65","1,131,545"
"16-Feb-2022","2,766.20","2,844.60","2,766.20","2,786.80","1,127,829"
"17-Feb-2022","2,800.00","2,872.30","2,780.55","2,793.45","1,166,885"
"18-Feb-2022","2,780.00","2,818.00","2,748.95","2,774.05","662,754"
"21-Feb-2022","2,719.95","2,748.00","2,685.00","2,713.35","522,214"
"22-Feb-2022","2,674.95","2,752.00","2,646.05","2,731.00","644,900"
"23-Feb-2022","2,745.00","2,762.45","2,665.00","2,670.65","631,227"
"24-Feb-2022","2,618.60","2,624.60","2,440.00","2,490.40","1,934,361"
"25-Feb-2022","2,584.70","2,592.00","2,504.70","2,558.40","715,496"
"28-Feb-2022","2,527.00","2,546.95","2,489.05","2,535.45","1,008,620"
"02-Mar-2022","2,498.00","2,498.50","2,421.00","2,426.30","855,090"
"03-Mar-2022","2,441.00","2,468.00","2,405.00","2,417.40","831,912"
"04-Mar-2022","2,400.00","2,403.60","2,301.10","2,311.30","1,266,961"
"07-Mar-2022","2,289.80","2,289.80","2,170.10","2,198.70","1,284,637"
"08-Mar-2022","2,181.00","2,259.25","2,146.85","2,251.65","1,081,826"
"09-Mar-2022","2,266.00","2,310.60","2,235.15","2,290.50","670,764"
"10-Mar-2022","2,350.00","2,410.45","2,312.05","2,320.75","716,132"
"11-Mar-2022","2,318.00","2,345.00","2,287.10","2,331.20","467,988"
"14-Mar-2022","2,330.00","2,351.00","2,282.30","2,341.90","382,149"
"15-Mar-2022","2,345.00","2,380.00","2,300.00","2,318.40","612,285"
"16-Mar-2022","2,350.20","2,376.50","2,335.00","2,369.50","493,507"
"17-Mar-2022","2,383.00","2,429.25","2,375.00","2,419.90","781,757"
"21-Mar-2022","2,434.75","2,447.95","2,380.00","2,391.55","516,893"
"22-Mar-2022","2,405.00","2,435.00","2,345.05","2,423.65","470,208"
"23-Mar-2022","2,423.00","2,439.80","2,327.20","2,394.65","1,137,046"
"24-Mar-2022","2,361.00","2,427.25","2,333.00","2,412.15","692,836"
"25-Mar-2022","2,420.00","2,438.00","2,366.75","2,378.40","467,568"
"28-Mar-2022","2,370.00","2,397.85","2,349.00","2,377.95","493,636"
"29-Mar-2022","2,385.00","2,401.00","2,154.05","2,210.65","2,475,877"
"30-Mar-2022","2,250.00","2,281.00","2,226.40","2,271.65","3,115,035"
"31-Mar-2022","2,280.00","2,316.90","2,280.00","2,294.15","1,338,490"
"01-Apr-2022","2,185.00","2,246.00","2,150.00","2,240.15","3,541,517"
"04-Apr-2022","2,250.00","2,319.00","2,250.00","2,311.75","1,417,392"
"05-Apr-2022","2,329.90","2,352.65","2,315.00","2,332.25","715,666"
"06-Apr-2022","2,328.00","2,349.15","2,306.55","2,346.90","812,337"
"07-Apr-2022","2,350.00","2,368.20","2,336.85","2,350.60","853,476"
"08-Apr-2022","2,355.00","2,380.00","2,330.55","2,362.45","694,946"
"11-Apr-2022","2,357.95","2,361.75","2,331.15","2,335.40","408,871"
"12-Apr-2022","2,324.95","2,325.95","2,285.50","2,297.90","502,227"
"13-Apr-2022","2,291.55","2,311.15","2,268.90","2,274.40","426,929"
"18-Apr-2022","2,269.90","2,294.95","2,249.15","2,285.40","422,209"
"19-Apr-2022","2,308.00","2,327.50","2,242.40","2,263.25","484,466"
"20-Apr-2022","2,270.00","2,315.00","2,261.65","2,274.85","424,461"
"21-Apr-2022","2,282.00","2,321.75","2,277.00","2,317.65","341,987"
"22-Apr-2022","2,295.00","2,305.00","2,273.65","2,294.25","598,737"
"25-Apr-2022","2,268.30","2,332.95","2,266.00","2,288.60","596,296"
"26-Apr-2022","2,311.00","2,413.00","2,301.30","2,407.25","1,311,255"
"27-Apr-2022","2,390.00","2,528.60","2,370.00","2,500.00","2,082,863"
"28-Apr-2022","2,539.80","2,541.95","2,498.05","2,517.30","1,182,758"
"29-Apr-2022","2,508.60","2,552.00","2,491.45","2,506.65","839,920"
"02-May-2022","2,460.20","2,505.60","2,448.10","2,487.30","667,551"
"04-May-2022","2,440.00","2,520.00","2,398.80","2,409.50","1,263,034"
"05-May-2022","2,430.10","2,538.15","2,430.10","2,501.65","1,675,043"
"06-May-2022","2,410.00","2,599.00","2,407.25","2,563.35","2,491,483"
"09-May-2022","2,555.00","2,560.00","2,486.00","2,492.75","996,952"
"10-May-2022","2,485.00","2,519.35","2,458.60","2,469.75","644,415"
"11-May-2022","2,465.50","2,519.40","2,407.90","2,470.30","575,504"
"12-May-2022","2,459.00","2,459.00","2,371.00","2,401.20","966,472"
"13-May-2022","2,414.95","2,500.00","2,414.95","2,449.15","691,344"
"16-May-2022","2,450.05","2,511.95","2,440.00","2,495.90","473,407"
"17-May-2022","2,515.00","2,538.85","2,502.05","2,523.50","517,525"
"18-May-2022","2,525.35","2,554.20","2,511.80","2,539.00","332,168"
"19-May-2022","2,510.10","2,549.00","2,500.55","2,515.50","556,405"
"20-May-2022","2,545.00","2,613.40","2,545.00","2,590.15","751,633"
"23-May-2022","2,615.05","2,699.95","2,610.55","2,624.70","744,827"
"24-May-2022","2,629.95","2,654.00","2,613.40","2,637.00","616,849"
"25-May-2022","2,640.20","2,669.25","2,583.65","2,594.70","525,893"
"26-May-2022","2,608.00","2,647.35","2,575.00","2,636.45","362,813"
"27-May-2022","2,645.15","2,726.90","2,638.00","2,719.80","654,718"
"30-May-2022","2,724.00","2,787.45","2,724.00","2,770.55","924,244"
"31-May-2022","2,774.90","2,809.95","2,752.15","2,773.90","1,859,231"
"01-Jun-2022","2,799.90","2,799.90","2,731.50","2,757.60","430,807"
"02-Jun-2022","2,730.60","2,733.00","2,640.40","2,663.10","1,093,645"
"03-Jun-2022","2,675.00","2,688.70","2,575.15","2,583.75","753,558"
"06-Jun-2022","2,565.00","2,594.45","2,525.10","2,540.75","965,347"
"07-Jun-2022","2,525.00","2,578.05","2,500.00","2,570.85","550,257"
"08-Jun-2022","2,584.00","2,617.05","2,553.35","2,585.95","539,786"
"09-Jun-2022","2,579.95","2,603.55","2,560.00","2,598.10","327,503"
"10-Jun-2022","2,580.00","2,614.40","2,575.45","2,601.95","324,452"
"13-Jun-2022","2,560.00","2,612.30","2,536.55","2,598.80","625,967"
"14-Jun-2022","2,595.95","2,614.90","2,530.00","2,557.60","509,259"
"15-Jun-2022","2,567.00","2,628.00","2,557.60","2,605.30","673,444"
"16-Jun-2022","2,620.50","2,624.25","2,511.05","2,519.05","493,824"
"17-Jun-2022","2,518.00","2,518.00","2,455.65","2,467.40","725,864"
"20-Jun-2022","2,455.10","2,501.45","2,433.90","2,452.55","377,385"
"21-Jun-2022","2,465.00","2,524.85","2,465.00","2,499.20","381,831"
"22-Jun-2022","2,495.00","2,553.50","2,480.00","2,524.45","873,408"
"23-Jun-2022","2,572.55","2,686.65","2,572.55","2,674.10","1,846,048"
"24-Jun-2022","2,715.00","2,767.70","2,690.20","2,759.95","1,354,569"
"27-Jun-2022","2,787.55","2,809.00","2,730.60","2,755.50","1,005,184"
"28-Jun-2022","2,748.00","2,792.70","2,730.00","2,766.70","714,029"
"29-Jun-2022","2,740.05","2,784.75","2,730.00","2,752.40","653,929"
"30-Jun-2022","2,745.00","2,773.00","2,714.00","2,719.70","643,735"
"01-Jul-2022","2,715.00","2,770.00","2,683.35","2,763.80","393,346"
"04-Jul-2022","2,750.00","2,799.00","2,738.90","2,760.45","499,627"
"05-Jul-2022","2,763.30","2,770.85","2,730.00","2,737.25","401,190"
"06-Jul-2022","2,737.50","2,842.00","2,734.10","2,831.80","739,745"
"07-Jul-2022","2,857.00","2,868.75","2,825.15","2,839.45","382,303"
"08-Jul-2022","2,848.40","2,879.95","2,819.05","2,849.30","532,145"
"11-Jul-2022","2,815.00","2,875.40","2,808.05","2,868.10","428,940"
"12-Jul-2022","2,854.50","2,884.55","2,834.00","2,875.50","422,887"
"13-Jul-2022","2,885.00","2,891.80","2,835.00","2,843.35","539,917"
"14-Jul-2022","2,838.00","2,866.00","2,772.05","2,792.80","620,757"
"15-Jul-2022","2,799.95","2,816.45","2,782.75","2,800.05","816,619"
"18-Jul-2022","2,829.95","2,835.85","2,805.25","2,817.95","369,313"
"19-Jul-2022","2,815.00","2,846.85","2,783.45","2,801.20","661,056"
"20-Jul-2022","2,820.00","2,838.75","2,810.00","2,826.75","201,509"
"21-Jul-2022","2,820.00","2,854.00","2,815.05","2,847.80","314,132"
"22-Jul-2022","2,851.05","2,883.40","2,840.30","2,871.60","576,270"
"25-Jul-2022","2,875.00","2,875.80","2,831.45","2,838.85","421,977"
"26-Jul-2022","2,840.00","2,847.70","2,785.65","2,800.75","347,002"
"27-Jul-2022","2,765.00","2,787.95","2,730.35","2,782.55","498,259"
"28-Jul-2022","2,798.00","2,812.00","2,754.40","2,780.70","294,368"
"29-Jul-2022","2,800.00","2,846.80","2,789.60","2,818.05","400,652"
"01-Aug-2022","2,834.95","2,908.00","2,820.00","2,840.80","961,562"
"02-Aug-2022","2,826.10","2,828.95","2,742.05","2,771.45","1,137,765"
"03-Aug-2022","2,786.00","2,807.80","2,749.40","2,801.90","600,314"
"04-Aug-2022","2,819.90","2,827.95","2,779.15","2,807.00","396,416"
"05-Aug-2022","2,808.00","2,809.90","2,761.00","2,770.70","512,072"
"08-Aug-2022","2,770.00","2,793.30","2,730.00","2,738.05","675,310"
"10-Aug-2022","2,785.00","2,785.00","2,732.90","2,775.45","895,054"
"11-Aug-2022","2,790.35","2,818.00","2,767.40","2,785.30","422,152"
"12-Aug-2022","2,789.95","2,795.00","2,751.85","2,761.90","435,760"
"16-Aug-2022","2,805.00","2,845.65","2,781.50","2,817.00","1,213,957"
"17-Aug-2022","2,815.00","2,929.00","2,808.05","2,913.45","2,510,869"
"18-Aug-2022","2,927.95","2,938.60","2,903.15","2,908.20","805,655"
"19-Aug-2022","2,912.00","2,936.90","2,832.85","2,838.65","510,610"
"22-Aug-2022","2,835.00","2,835.65","2,765.55","2,780.55","570,304"
"23-Aug-2022","2,775.00","2,810.00","2,756.15","2,803.40","396,875"
"24-Aug-2022","2,781.35","2,824.00","2,780.00","2,806.35","324,008"
"25-Aug-2022","2,808.10","2,821.05","2,791.90","2,799.80","363,945"
"26-Aug-2022","2,835.00","2,840.90","2,817.05","2,826.75","475,372"
"29-Aug-2022","2,788.90","2,831.95","2,761.10","2,827.05","339,203"
"30-Aug-2022","2,842.00","2,864.00","2,831.55","2,837.70","918,526"
"01-Sep-2022","2,820.00","2,882.20","2,792.90","2,876.65","838,699"
"02-Sep-2022","2,888.30","2,889.00","2,820.10","2,825.15","776,170"
"05-Sep-2022","2,828.00","2,848.00","2,808.05","2,842.05","930,716"
"06-Sep-2022","2,842.05","2,869.75","2,827.80","2,866.55","481,401"
"07-Sep-2022","2,840.00","2,875.00","2,831.00","2,854.75","551,689"
"08-Sep-2022","2,869.05","2,873.50","2,846.00","2,857.30","519,141"
"09-Sep-2022","2,871.60","2,878.25","2,832.70","2,838.45","522,672"
"12-Sep-2022","2,847.00","2,869.90","2,841.35","2,857.90","313,906"
"13-Sep-2022","2,836.00","2,903.00","2,832.00","2,870.00","766,550"
"14-Sep-2022","2,830.00","2,869.70","2,830.00","2,851.50","519,643"
"15-Sep-2022","2,855.00","2,855.00","2,766.55","2,790.30","1,010,823"
"16-Sep-2022","2,804.30","2,804.30","2,670.00","2,685.20","1,906,557"
"19-Sep-2022","2,698.65","2,724.95","2,664.85","2,704.40","534,862"
"20-Sep-2022","2,717.95","2,823.25","2,714.65","2,771.55","1,009,201"
"21-Sep-2022","2,785.00","2,807.95","2,767.60","2,776.65","447,919"
"22-Sep-2022","2,776.65","2,799.35","2,733.00","2,776.95","328,914"
"23-Sep-2022","2,790.90","2,812.25","2,742.40","2,762.05","408,930"
"26-Sep-2022","2,740.00","2,754.85","2,670.20","2,721.35","610,918"
"27-Sep-2022","2,735.00","2,735.00","2,630.00","2,638.25","740,040"
"28-Sep-2022","2,600.00","2,625.00","2,575.10","2,591.35","923,391"
"29-Sep-2022","2,600.05","2,604.35","2,525.00","2,536.30","1,057,406"
"30-Sep-2022","2,549.00","2,592.15","2,510.00","2,549.20","706,844"
"03-Oct-2022","2,538.50","2,573.95","2,520.45","2,525.55","658,511"
"04-Oct-2022","2,580.00","2,627.90","2,561.10","2,621.80","391,128"
"06-Oct-2022","2,654.00","2,663.65","2,630.25","2,646.10","463,669"
"07-Oct-2022","2,684.90","2,734.90","2,609.90","2,624.95","1,065,099"
"10-Oct-2022","2,599.80","2,599.80","2,531.40","2,570.50","1,076,512"
"11-Oct-2022","2,575.00","2,575.50","2,533.80","2,548.15","407,068"
"12-Oct-2022","2,550.00","2,564.45","2,516.10","2,550.05","401,910"
"13-Oct-2022","2,553.00","2,574.30","2,532.00","2,546.45","239,037"
"14-Oct-2022","2,575.50","2,585.00","2,529.05","2,535.90","250,851"
"17-Oct-2022","2,524.00","2,570.00","2,521.55","2,553.70","257,635"
"18-Oct-2022","2,566.50","2,596.75","2,534.70","2,562.00","454,003"
"19-Oct-2022","2,574.00","2,574.00","2,532.20","2,541.20","375,698"
"20-Oct-2022","2,536.45","2,570.00","2,502.75","2,565.55","364,460"
"21-Oct-2022","2,571.00","2,577.00","2,547.95","2,569.85","360,297"
"24-Oct-2022","2,586.00","2,590.00","2,575.00","2,581.90","35,097"
"25-Oct-2022","2,586.10","2,602.00","2,566.05","2,585.60","410,336"
"27-Oct-2022","2,598.00","2,620.00","2,577.05","2,610.75","473,043"
"28-Oct-2022","2,623.85","2,674.35","2,619.00","2,649.85","717,856"
"31-Oct-2022","2,668.00","2,694.15","2,656.50","2,676.85","511,816"
"01-Nov-2022","2,690.25","2,690.85","2,639.30","2,673.15","368,266"
"02-Nov-2022","2,649.95","2,657.20","2,630.35","2,643.95","565,598"
"03-Nov-2022","2,639.00","2,668.40","2,628.00","2,646.35","311,401"
"04-Nov-2022","2,621.00","2,637.20","2,573.45","2,588.90","855,256"
"07-Nov-2022","2,599.00","2,625.00","2,590.00","2,621.05","314,060"
"09-Nov-2022","2,630.00","2,656.55","2,622.05","2,651.50","459,177"
"10-Nov-2022","2,651.45","2,722.00","2,626.35","2,712.50","706,321"
"11-Nov-2022","2,726.10","2,731.95","2,660.05","2,668.50","474,615"
"14-Nov-2022","2,670.50","2,708.00","2,655.90","2,688.40","352,558"
"15-Nov-2022","2,694.50","2,754.05","2,692.00","2,730.75","1,012,827"
"16-Nov-2022","2,730.55","2,755.00","2,709.05","2,739.45","647,740"
"17-Nov-2022","2,741.00","2,765.10","2,727.20","2,744.00","517,393"
"18-Nov-2022","2,735.00","2,739.10","2,702.60","2,723.15","469,583"
"21-Nov-2022","2,715.00","2,722.50","2,665.00","2,677.45","467,604"
"22-Nov-2022","2,669.80","2,690.85","2,667.00","2,685.45","361,527"
"23-Nov-2022","2,691.00","2,697.50","2,648.75","2,658.85","264,132"
"24-Nov-2022","2,665.00","2,680.65","2,645.80","2,673.10","498,023"
"25-Nov-2022","2,673.00","2,716.75","2,663.50","2,708.15","423,634"
"28-Nov-2022","2,719.95","2,804.00","2,712.05","2,783.50","1,223,958"
"29-Nov-2022","2,783.15","2,837.95","2,773.10","2,828.25","731,879"
"30-Nov-2022","2,831.95","2,861.00","2,820.10","2,851.90","1,379,225"
"01-Dec-2022","2,855.00","2,884.00","2,826.60","2,871.80","782,249"
"02-Dec-2022","2,865.00","2,865.00","2,813.00","2,820.45","526,214"
"05-Dec-2022","2,810.00","2,832.90","2,785.65","2,827.65","397,713"
"06-Dec-2022","2,822.00","2,825.00","2,778.05","2,798.80","339,117"
"07-Dec-2022","2,793.05","2,802.00","2,751.00","2,759.55","340,800"
"08-Dec-2022","2,750.00","2,778.80","2,745.25","2,758.20","190,468"
"09-Dec-2022","2,762.00","2,782.25","2,731.15","2,751.50","254,995"
"12-Dec-2022","2,751.00","2,774.90","2,736.05","2,771.45","166,357"
"13-Dec-2022","2,783.90","2,815.05","2,747.90","2,759.45","440,848"
"14-Dec-2022","2,762.45","2,782.90","2,727.60","2,747.35","438,317"
"15-Dec-2022","2,738.50","2,783.80","2,734.60","2,770.85","299,314"
"16-Dec-2022","2,745.10","2,767.65","2,717.15","2,724.85","271,086"
"19-Dec-2022","2,724.85","2,785.00","2,709.05","2,780.60","276,490"
"20-Dec-2022","2,770.00","2,790.60","2,743.40","2,772.55","234,062"
"21-Dec-2022","2,772.55","2,798.05","2,737.00","2,757.45","328,455"
"22-Dec-2022","2,757.20","2,796.55","2,717.30","2,727.70","483,991"
"23-Dec-2022","2,715.00","2,720.00","2,628.65","2,636.85","328,855"
"26-Dec-2022","2,645.00","2,698.00","2,611.60","2,686.30","175,951"
"27-Dec-2022","2,694.95","2,718.25","2,685.50","2,702.35","181,947"
"28-Dec-2022","2,687.60","2,726.75","2,685.00","2,696.60","225,857"
"29-Dec-2022","2,691.60","2,745.00","2,671.45","2,722.20","243,791"
"30-Dec-2022","2,735.85","2,764.85","2,722.90","2,738.85","211,762"
"02-Jan-2023","2,738.85","2,749.60","2,710.00","2,715.90","131,296"
"03-Jan-2023","2,702.20","2,739.90","2,702.00","2,720.40","136,701"
"04-Jan-2023","2,707.00","2,728.00","2,697.75","2,709.30","178,937"
"05-Jan-2023","2,707.90","2,771.10","2,702.00","2,767.15","258,988"
"06-Jan-2023","2,767.00","2,775.35","2,733.75","2,742.55","162,618"
"09-Jan-2023","2,757.00","2,772.40","2,740.25","2,752.35","110,658"
"10-Jan-2023","2,750.00","2,758.05","2,687.70","2,712.05","206,381"
"11-Jan-2023","2,712.10","2,720.00","2,684.05","2,693.75","150,551"
"12-Jan-2023","2,690.00","2,700.30","2,663.00","2,694.25","163,626"
"13-Jan-2023","2,683.30","2,744.90","2,683.30","2,728.45","196,440"
"16-Jan-2023","2,732.00","2,765.00","2,710.00","2,758.60","362,194"
"17-Jan-2023","2,765.00","2,769.00","2,729.70","2,766.85","254,062"
"18-Jan-2023","2,766.90","2,786.35","2,747.45","2,769.95","159,791"
"19-Jan-2023","2,762.00","2,779.75","2,751.60","2,769.55","140,565"
"20-Jan-2023","2,767.50","2,767.50","2,729.35","2,746.45","300,399"
"23-Jan-2023","2,751.45","2,812.00","2,750.05","2,774.60","434,312"
"24-Jan-2023","2,777.00","2,787.00","2,762.25","2,771.90","129,633"
"25-Jan-2023","2,779.00","2,793.00","2,766.00","2,785.00","356,744"
"27-Jan-2023","2,788.00","2,810.10","2,714.60","2,736.15","464,092"
"30-Jan-2023","2,723.05","2,764.95","2,681.10","2,702.30","459,196"
"31-Jan-2023","2,724.45","2,772.00","2,684.60","2,763.25","579,601"
"01-Feb-2023","2,775.55","2,822.85","2,675.05","2,727.25","408,279"
"02-Feb-2023","2,689.00","2,713.20","2,634.60","2,660.95","453,723"
"03-Feb-2023","2,674.30","2,684.15","2,621.05","2,654.25","328,028"
"06-Feb-2023","2,652.05","2,704.80","2,645.10","2,695.00","252,416"
"07-Feb-2023","2,686.00","2,694.80","2,615.05","2,652.60","421,543"
"08-Feb-2023","2,659.05","2,686.95","2,592.05","2,614.65","793,670"
"09-Feb-2023","2,614.00","2,614.00","2,549.10","2,559.20","1,266,011"
"10-Feb-2023","2,559.20","2,589.65","2,550.30","2,583.30","283,858"
"13-Feb-2023","2,593.95","2,602.00","2,555.05","2,561.55","327,921"
"14-Feb-2023","2,574.40","2,577.10","2,536.05","2,542.50","409,279"
"15-Feb-2023","2,545.00","2,575.00","2,537.00","2,572.00","643,367"
"16-Feb-2023","2,590.00","2,590.00","2,546.50","2,556.70","433,077"
"17-Feb-2023","2,492.95","2,539.10","2,492.95","2,535.55","705,628"
"20-Feb-2023","2,540.00","2,544.50","2,513.75","2,527.45","182,493"
"21-Feb-2023","2,540.00","2,545.00","2,516.50","2,520.55","203,273"
"22-Feb-2023","2,507.00","2,534.65","2,495.00","2,499.45","310,260"
"23-Feb-2023","2,500.55","2,512.60","2,482.80","2,495.50","294,710"
"24-Feb-2023","2,496.00","2,508.55","2,481.40","2,485.65","255,112"
"27-Feb-2023","2,485.65","2,488.00","2,430.00","2,437.55","293,892"
"28-Feb-2023","2,447.95","2,472.00","2,410.35","2,419.10","542,868"
"01-Mar-2023","2,415.00","2,443.95","2,414.30","2,431.10","293,122"
"02-Mar-2023","2,443.50","2,483.30","2,440.90","2,463.35","525,446"
"03-Mar-2023","2,475.70","2,478.80","2,457.00","2,461.55","197,868"
"06-Mar-2023","2,472.00","2,491.75","2,461.20","2,479.70","203,422"
"08-Mar-2023","2,457.00","2,481.00","2,440.60","2,478.05","286,894"
"09-Mar-2023","2,486.00","2,491.05","2,440.00","2,443.80","244,591"
"10-Mar-2023","2,417.00","2,443.80","2,405.30","2,440.30","224,485"
"13-Mar-2023","2,441.90","2,441.90","2,380.00","2,387.05","249,618"
"14-Mar-2023","2,394.95","2,411.50","2,368.40","2,373.45","302,570"
"15-Mar-2023","2,400.00","2,407.85","2,370.05","2,379.45","217,071"
"16-Mar-2023","2,369.40","2,394.00","2,365.00","2,370.95","577,586"
"17-Mar-2023","2,375.00","2,375.55","2,328.80","2,355.15","628,419"
"20-Mar-2023","2,355.15","2,356.45","2,304.00","2,339.35","352,432"
"21-Mar-2023","2,344.95","2,356.35","2,331.00","2,349.05","291,142"
"22-Mar-2023","2,349.05","2,369.25","2,346.00","2,353.20","166,790"
"23-Mar-2023","2,365.00","2,383.85","2,357.00","2,362.50","371,585"
"24-Mar-2023","2,363.00","2,378.70","2,304.10","2,313.35","272,040"
"27-Mar-2023","2,319.95","2,330.90","2,296.55","2,308.60","238,881"
"28-Mar-2023","2,301.00","2,308.60","2,246.00","2,249.50","456,838"
"29-Mar-2023","2,250.00","2,315.50","2,250.00","2,304.15","712,847"
"31-Mar-2023","2,314.75","2,356.90","2,314.75","2,347.35","302,919"
"03-Apr-2023","2,385.00","2,434.50","2,372.05","2,431.10","787,785"
"05-Apr-2023","2,440.80","2,441.55","2,419.10","2,432.20","289,012"
"06-Apr-2023","2,432.20","2,438.20","2,410.30","2,426.45","211,340"
"10-Apr-2023","2,430.00","2,467.85","2,417.15","2,460.65","261,131"
"11-Apr-2023","2,474.00","2,478.85","2,448.05","2,469.85","575,155"
"12-Apr-2023","2,475.00","2,485.00","2,449.20","2,477.30","464,883"
"13-Apr-2023","2,477.30","2,477.30","2,438.00","2,447.05","458,472"
"17-Apr-2023","2,430.00","2,469.00","2,419.50","2,465.95","656,224"
"18-Apr-2023","2,470.95","2,474.95","2,425.00","2,439.70","397,381"
"19-Apr-2023","2,435.00","2,452.10","2,421.10","2,445.95","247,426"
"20-Apr-2023","2,450.00","2,462.25","2,431.85","2,448.55","315,314"
"21-Apr-2023","2,450.95","2,476.40","2,448.55","2,459.35","699,932"
"24-Apr-2023","2,459.95","2,524.00","2,443.40","2,501.05","686,216"
"25-Apr-2023","2,504.90","2,534.00","2,493.85","2,497.75","538,138"
"26-Apr-2023","2,510.00","2,524.00","2,492.05","2,505.15","560,280"
"27-Apr-2023","2,500.00","2,526.85","2,497.05","2,508.65","685,268"
"28-Apr-2023","2,520.00","2,567.00","2,515.15","2,558.60","721,370"
"02-May-2023","2,539.95","2,539.95","2,466.00","2,495.90","997,629"
"03-May-2023","2,490.00","2,518.00","2,478.90","2,502.65","863,935"
"04-May-2023","2,507.95","2,532.75","2,504.30","2,514.50","684,323"
"05-May-2023","2,537.00","2,562.00","2,512.55","2,547.25","1,527,593"
"08-May-2023","2,566.00","2,592.00","2,566.00","2,576.35","855,245"
"09-May-2023","2,587.45","2,604.00","2,575.25","2,591.55","556,418"
"10-May-2023","2,600.00","2,604.15","2,572.10","2,586.05","549,062"
"11-May-2023","2,600.00","2,604.00","2,575.05","2,585.45","506,829"
"12-May-2023","2,595.00","2,614.00","2,586.20","2,605.90","718,178"
"15-May-2023","2,627.00","2,720.00","2,606.00","2,691.90","1,383,562"
"16-May-2023","2,699.95","2,717.55","2,680.55","2,686.00","602,177"
"17-May-2023","2,688.95","2,766.40","2,682.40","2,722.95","1,169,727"
"18-May-2023","2,745.05","2,759.15","2,724.25","2,735.15","610,410"
"19-May-2023","2,740.65","2,744.05","2,667.20","2,713.00","458,137"
"22-May-2023","2,710.55","2,722.00","2,681.10","2,692.15","241,924"
"23-May-2023","2,692.15","2,718.15","2,674.05","2,710.45","224,454"
"24-May-2023","2,711.00","2,744.75","2,706.00","2,738.70","402,069"
"25-May-2023","2,738.95","2,759.00","2,709.05","2,732.80","208,718"
"26-May-2023","2,734.45","2,749.90","2,713.60","2,745.15","167,210"
"29-May-2023","2,760.00","2,794.80","2,736.05","2,776.90","462,628"
"30-May-2023","2,776.85","2,795.00","2,760.20","2,779.15","399,817"
"31-May-2023","2,779.05","2,787.00","2,739.05","2,759.90","773,286"
"01-Jun-2023","2,758.85","2,812.65","2,746.85","2,800.40","552,629"
"02-Jun-2023","2,836.00","2,912.65","2,836.00","2,892.65","2,090,599"
"05-Jun-2023","2,910.05","2,919.80","2,865.00","2,870.60","620,625"
"06-Jun-2023","2,870.00","2,912.00","2,860.95","2,904.80","729,992"
"07-Jun-2023","2,917.95","2,979.00","2,907.10","2,958.00","996,180"
"08-Jun-2023","2,977.55","3,026.00","2,948.20","2,964.80","1,150,017"
"09-Jun-2023","2,987.90","3,025.00","2,887.30","2,899.30","826,404"
"12-Jun-2023","2,906.30","2,938.25","2,878.10","2,930.40","617,327"
"13-Jun-2023","2,917.00","2,955.90","2,904.05","2,952.45","973,087"
"14-Jun-2023","2,952.45","2,967.55","2,923.65","2,931.60","304,861"
"15-Jun-2023","2,939.90","2,961.40","2,810.00","2,843.05","951,322"
"16-Jun-2023","2,843.00","2,844.90","2,805.00","2,832.05","1,029,235"
"19-Jun-2023","2,820.00","2,827.70","2,777.05","2,782.60","671,364"
"20-Jun-2023","2,775.00","2,809.60","2,745.05","2,800.70","872,568"
"21-Jun-2023","2,801.00","2,830.00","2,800.00","2,823.55","407,191"
"22-Jun-2023","2,830.00","2,862.00","2,816.80","2,825.05","578,572"
"23-Jun-2023","2,825.25","2,839.75","2,765.00","2,776.40","381,689"
"26-Jun-2023","2,776.40","2,859.00","2,775.00","2,851.25","583,691"
"27-Jun-2023","2,858.00","2,866.90","2,827.45","2,844.10","415,101"
"28-Jun-2023","2,850.00","2,861.35","2,795.00","2,828.75","781,032"
"30-Jun-2023","2,839.95","2,920.00","2,835.00","2,910.10","962,194"
"03-Jul-2023","2,875.00","2,911.85","2,862.40","2,898.75","818,522"
"04-Jul-2023","2,951.10","3,039.90","2,915.70","3,029.80","2,177,103"
"05-Jul-2023","3,050.00","3,172.00","3,030.20","3,158.20","3,069,147"
"06-Jul-2023","3,139.00","3,206.85","3,118.70","3,172.10","1,676,341"
"07-Jul-2023","3,150.00","3,172.00","3,126.00","3,148.20","931,135"
"10-Jul-2023","3,156.45","3,186.35","3,085.90","3,123.70","570,281"
"11-Jul-2023","3,099.00","3,128.00","3,084.20","3,102.60","663,715"
"12-Jul-2023","3,099.90","3,113.30","3,057.45","3,078.85","739,038"
"13-Jul-2023","3,078.85","3,130.95","3,055.50","3,073.10","665,215"
"14-Jul-2023","3,078.90","3,142.50","3,073.10","3,136.30","811,153"
"17-Jul-2023","3,144.65","3,157.40","3,067.00","3,091.60","909,246"
"18-Jul-2023","3,099.00","3,120.00","3,085.90","3,116.40","578,275"
"19-Jul-2023","3,125.00","3,143.65","3,082.50","3,096.65","486,164"
"20-Jul-2023","3,095.95","3,100.20","3,051.00","3,087.15","735,511"
"21-Jul-2023","3,079.05","3,124.60","3,049.50","3,102.05","749,722"
"24-Jul-2023","3,129.90","3,155.00","3,090.05","3,134.05","784,541"
"25-Jul-2023","3,179.00","3,179.00","3,128.15","3,140.30","748,386"
"26-Jul-2023","3,164.95","3,189.90","3,126.10","3,145.70","509,747"
"27-Jul-2023","3,107.55","3,158.95","3,097.80","3,136.95","524,436"
"28-Jul-2023","3,146.95","3,175.00","3,131.45","3,172.50","445,865"
"31-Jul-2023","3,189.75","3,230.00","3,173.00","3,203.70","933,273"
"01-Aug-2023","3,224.95","3,244.00","3,032.25","3,102.10","3,043,469"
"02-Aug-2023","3,061.00","3,073.00","2,971.85","2,993.45","2,692,656"
"03-Aug-2023","2,972.00","3,021.55","2,933.05","2,952.40","1,250,490"
"04-Aug-2023","2,977.00","2,985.00","2,921.45","2,944.70","642,027"
"07-Aug-2023","2,950.00","2,964.95","2,929.65","2,954.05","444,210"
"08-Aug-2023","3,005.00","3,088.75","2,980.00","3,066.90","2,020,469"
"09-Aug-2023","3,079.85","3,081.35","3,004.10","3,059.70","548,711"
"10-Aug-2023","3,051.40","3,062.90","3,013.00","3,035.90","476,401"
"11-Aug-2023","3,044.90","3,073.35","2,980.00","2,998.20","816,082"
"14-Aug-2023","3,009.90","3,025.00","2,952.20","3,010.65","526,850"
"16-Aug-2023","3,005.00","3,016.85","2,956.00","2,981.75","753,515"
"17-Aug-2023","2,997.40","2,997.40","2,960.75","2,991.05","565,973"
"18-Aug-2023","2,989.70","2,989.70","2,920.00","2,927.05","560,922"
"21-Aug-2023","2,929.00","2,944.35","2,912.40","2,931.50","328,451"
"22-Aug-2023","2,940.00","2,965.60","2,920.00","2,956.75","255,764"
"23-Aug-2023","2,969.00","2,975.00","2,934.80","2,951.75","325,912"
"24-Aug-2023","2,955.00","2,971.45","2,920.00","2,927.75","273,751"
"25-Aug-2023","2,931.80","2,945.00","2,890.00","2,910.90","429,528"
"28-Aug-2023","2,925.00","2,951.20","2,911.85","2,931.75","303,029"
"29-Aug-2023","2,948.00","2,993.00","2,938.05","2,988.15","590,653"
"30-Aug-2023","3,008.00","3,008.00","2,942.15","2,951.85","415,898"
"31-Aug-2023","2,965.00","2,965.00","2,890.05","2,915.95","920,121"
"01-Sep-2023","2,932.95","2,947.15","2,908.00","2,927.40","331,811"
"04-Sep-2023","2,950.00","2,964.95","2,922.75","2,942.85","643,279"
"05-Sep-2023","2,965.00","2,973.90","2,928.20","2,935.35","306,742"
"06-Sep-2023","2,955.00","2,955.00","2,916.85","2,938.00","275,916"
"07-Sep-2023","2,940.00","2,968.45","2,930.60","2,960.90","242,002"
"08-Sep-2023","2,969.80","3,027.00","2,960.15","3,008.75","569,352"
"11-Sep-2023","3,028.90","3,059.00","3,019.05","3,054.35","486,566"
"12-Sep-2023","3,069.30","3,069.30","3,010.00","3,020.05","429,664"
"13-Sep-2023","3,020.05","3,034.90","2,985.10","2,994.40","290,774"
"14-Sep-2023","3,006.80","3,028.95","2,976.00","2,998.40","311,245"
"15-Sep-2023","3,014.60","3,103.00","3,004.95","3,064.85","949,607"
"18-Sep-2023","3,066.75","3,128.00","3,038.00","3,114.65","897,322"
"20-Sep-2023","3,114.60","3,132.85","3,048.25","3,061.85","575,906"
"21-Sep-2023","3,057.00","3,062.95","2,990.00","3,000.95","585,566"
"22-Sep-2023","3,010.00","3,040.00","2,990.15","3,022.70","323,540"
"25-Sep-2023","3,015.20","3,022.70","2,968.40","2,974.70","408,884"
"26-Sep-2023","2,975.00","3,039.00","2,970.05","3,034.35","372,568"
"27-Sep-2023","3,034.00","3,034.00","3,000.00","3,006.35","222,370"
"28-Sep-2023","3,006.50","3,018.20","2,960.05","2,970.00","331,995"
"29-Sep-2023","2,985.05","3,070.00","2,972.15","3,057.25","375,842"
"03-Oct-2023","3,058.00","3,064.90","2,991.50","3,015.60","387,906"
"04-Oct-2023","3,015.95","3,020.00","2,976.05","2,989.05","307,263"
"05-Oct-2023","3,020.00","3,048.85","2,993.40","3,016.65","537,209"
"06-Oct-2023","3,040.00","3,045.00","3,022.50","3,038.00","180,660"
"09-Oct-2023","3,021.10","3,049.95","2,923.95","2,955.10","976,306"
"10-Oct-2023","2,975.00","3,003.10","2,966.00","2,976.80","467,743"
"11-Oct-2023","3,000.00","3,111.00","2,987.55","3,100.85","1,048,795"
"12-Oct-2023","3,116.95","3,132.10","3,064.95","3,088.25","927,642"
"13-Oct-2023","3,084.00","3,119.00","3,080.05","3,098.45","374,642"
"16-Oct-2023","3,104.00","3,174.30","3,099.85","3,161.00","966,651"
"17-Oct-2023","3,182.10","3,187.55","3,166.50","3,172.95","416,816"
"18-Oct-2023","3,170.00","3,184.00","3,149.00","3,153.15","344,063"
"19-Oct-2023","3,149.50","3,275.00","3,138.05","3,265.85","1,129,769"
"20-Oct-2023","3,260.00","3,265.00","3,203.55","3,211.25","458,086"
"23-Oct-2023","3,205.55","3,232.75","3,139.45","3,149.85","313,646"
"25-Oct-2023","3,150.00","3,171.00","3,090.00","3,140.85","391,029"
"26-Oct-2023","3,129.00","3,130.05","3,085.00","3,111.95","461,475"
"27-Oct-2023","3,125.20","3,152.90","3,104.05","3,112.20","314,423"
"30-Oct-2023","3,112.25","3,128.55","3,055.00","3,110.35","265,215"
"31-Oct-2023","3,115.05","3,139.60","3,080.15","3,088.35","207,132"
"01-Nov-2023","3,095.95","3,144.65","3,075.55","3,092.45","473,455"
"02-Nov-2023","3,139.00","3,149.95","3,041.50","3,052.10","1,268,028"
"03-Nov-2023","3,085.00","3,110.20","3,072.05","3,089.40","411,691"
"06-Nov-2023","3,110.00","3,175.25","3,095.70","3,166.90","850,503"
"07-Nov-2023","3,174.95","3,181.20","3,121.30","3,130.25","355,269"
"08-Nov-2023","3,160.30","3,166.40","3,126.85","3,132.10","459,324"
"09-Nov-2023","3,145.00","3,196.00","3,135.00","3,173.90","604,807"
"10-Nov-2023","3,173.85","3,179.05","3,095.15","3,105.20","820,659"
"12-Nov-2023","3,140.00","3,140.00","3,110.10","3,115.20","40,616"
"13-Nov-2023","3,102.10","3,136.95","3,102.10","3,118.80","386,501"
"15-Nov-2023","3,144.95","3,181.60","3,130.10","3,177.85","570,652"
"16-Nov-2023","3,186.00","3,299.00","3,178.10","3,280.05","963,718"
"17-Nov-2023","3,289.70","3,368.80","3,280.05","3,334.75","947,293"
"20-Nov-2023","3,357.00","3,368.00","3,315.60","3,346.35","677,714"
"21-Nov-2023","3,354.95","3,395.00","3,330.05","3,376.50","742,294"
"22-Nov-2023","3,387.00","3,427.70","3,368.80","3,413.60","775,145"
"23-Nov-2023","3,419.95","3,576.00","3,419.95","3,568.00","1,726,414"
"24-Nov-2023","3,568.00","3,579.80","3,532.75","3,548.60","514,405"
"28-Nov-2023","3,560.00","3,628.00","3,555.05","3,622.00","659,645"
"29-Nov-2023","3,635.00","3,788.15","3,625.70","3,746.90","1,561,256"
"30-Nov-2023","3,800.00","3,884.50","3,782.20","3,819.05","2,909,100"
"01-Dec-2023","3,860.00","3,865.00","3,740.35","3,760.00","1,060,628"
"04-Dec-2023","3,880.00","3,880.00","3,784.00","3,797.10","1,018,705"
"05-Dec-2023","3,798.00","3,825.00","3,779.10","3,806.75","713,163"
"06-Dec-2023","3,785.20","3,825.00","3,729.55","3,761.05","672,675"
"07-Dec-2023","3,780.00","3,811.95","3,761.30","3,772.65","500,651"
"08-Dec-2023","3,788.00","3,802.10","3,692.40","3,715.75","779,332"
"11-Dec-2023","3,715.75","3,728.65","3,683.00","3,704.65","451,738"
"12-Dec-2023","3,728.00","3,793.95","3,715.25","3,747.15","598,126"
"13-Dec-2023","3,740.00","3,870.00","3,734.80","3,863.30","1,355,603"
"14-Dec-2023","3,878.00","3,905.90","3,838.50","3,883.65","1,067,427"
"15-Dec-2023","3,939.00","3,940.00","3,886.15","3,896.55","924,599"
"18-Dec-2023","3,900.00","3,948.60","3,884.35","3,889.75","725,829"
"19-Dec-2023","3,912.80","3,914.80","3,799.95","3,821.85","560,186"
"20-Dec-2023","3,854.45","3,905.90","3,788.75","3,815.50","595,832"
"21-Dec-2023","3,775.05","3,867.90","3,752.05","3,850.15","410,786"
"22-Dec-2023","3,870.00","3,944.00","3,850.15","3,935.70","573,168"
"26-Dec-2023","3,949.95","4,079.00","3,935.10","4,067.45","1,149,831"
"27-Dec-2023","4,064.00","4,096.95","4,022.00","4,064.30","683,058"
"28-Dec-2023","4,064.30","4,189.00","4,054.15","4,173.25","1,714,818"
"29-Dec-2023","4,176.00","4,193.40","4,111.55","4,139.55","383,687"
"01-Jan-2024","4,139.55","4,181.40","4,085.00","4,118.55","392,408"
"02-Jan-2024","4,114.05","4,118.95","4,025.20","4,088.20","507,848"
"03-Jan-2024","4,000.00","4,061.95","3,971.70","3,989.85","896,596"
"04-Jan-2024","3,997.50","4,006.15","3,929.85","3,946.95","630,734"
"05-Jan-2024","3,960.00","4,037.00","3,953.75","3,990.30","593,042"
"08-Jan-2024","4,014.90","4,050.00","3,993.55","4,009.50","508,360"
"09-Jan-2024","4,047.95","4,148.75","4,031.10","4,112.50","1,043,602"
"10-Jan-2024","4,094.20","4,177.00","4,086.10","4,138.05","511,944"
"11-Jan-2024","4,175.00","4,395.00","4,162.00","4,342.20","2,133,475"
"12-Jan-2024","4,242.65","4,395.00","4,242.65","4,383.15","905,401"
"15-Jan-2024","4,383.15","4,413.55","4,337.15","4,372.40","490,217"
"16-Jan-2024","4,340.10","4,450.00","4,340.10","4,384.65","972,808"
"17-Jan-2024","4,346.00","4,430.00","4,341.00","4,370.85","443,836"
"18-Jan-2024","4,334.00","4,411.65","4,296.90","4,394.00","570,816"
"19-Jan-2024","4,395.00","4,440.85","4,374.00","4,399.75","383,901"
"20-Jan-2024","4,410.00","4,425.70","4,385.00","4,401.65","111,872"
"23-Jan-2024","4,401.65","4,560.00","4,401.65","4,444.20","1,399,043"
"24-Jan-2024","4,429.00","4,453.60","4,310.90","4,433.65","596,736"
"25-Jan-2024","4,448.85","4,480.05","4,378.50","4,442.15","664,356"
"29-Jan-2024","4,448.00","4,625.00","4,426.35","4,593.50","418,127"
"30-Jan-2024","4,627.00","4,662.00","4,580.05","4,588.35","709,726"
"31-Jan-2024","4,567.50","4,636.90","4,518.15","4,621.55","645,505"
"01-Feb-2024","4,621.70","4,717.85","4,575.00","4,586.70","660,378"
"02-Feb-2024","4,598.00","4,769.30","4,590.05","4,717.30","994,506"
"05-Feb-2024","4,720.00","4,774.35","4,700.00","4,746.65","425,966"
"06-Feb-2024","4,746.55","4,792.00","4,733.00","4,783.45","261,001"
"07-Feb-2024","4,790.00","4,817.25","4,730.15","4,793.35","265,821"
"08-Feb-2024","4,795.95","4,824.70","4,764.40","4,807.90","444,060"
"09-Feb-2024","4,840.00","4,924.00","4,792.10","4,908.85","718,094"
"12-Feb-2024","4,949.05","4,949.05","4,627.55","4,687.50","1,321,957"
"13-Feb-2024","4,728.00","4,829.85","4,706.30","4,744.80","938,269"
"14-Feb-2024","4,707.00","4,825.00","4,661.10","4,814.05","735,284"
"15-Feb-2024","4,830.20","4,854.80","4,787.05","4,816.95","530,347"
"16-Feb-2024","4,830.00","4,920.00","4,830.00","4,894.30","848,705"
"19-Feb-2024","4,928.95","4,944.00","4,843.85","4,852.60","524,294"
"20-Feb-2024","4,852.60","4,882.00","4,653.00","4,663.35","1,153,742"
"21-Feb-2024","4,594.65","4,619.95","4,508.00","4,534.85","1,112,050"
"22-Feb-2024","4,559.95","4,578.80","4,440.65","4,495.15","1,441,798"
"23-Feb-2024","4,535.00","4,604.95","4,485.10","4,519.25","819,122"
"26-Feb-2024","4,523.95","4,530.00","4,470.15","4,496.10","605,090"
"27-Feb-2024","4,501.80","4,519.00","4,408.00","4,430.05","830,187"
"28-Feb-2024","4,440.00","4,459.20","4,349.05","4,375.05","569,688"
"29-Feb-2024","4,379.00","4,454.00","4,350.00","4,426.50","1,548,190"
"01-Mar-2024","4,459.90","4,525.00","4,450.00","4,507.10","510,674"
"02-Mar-2024","4,570.05","4,595.00","4,552.35","4,581.45","156,722"
"04-Mar-2024","4,589.95","4,630.00","4,563.00","4,611.70","570,306"
"05-Mar-2024","4,611.65","4,644.75","4,571.85","4,590.00","442,519"
"06-Mar-2024","4,580.00","4,649.00","4,536.10","4,635.30","353,334"
"07-Mar-2024","4,650.00","4,704.00","4,620.80","4,652.90","684,934"
"11-Mar-2024","4,700.00","4,725.00","4,600.55","4,671.70","644,170"
"12-Mar-2024","4,666.30","4,697.00","4,633.00","4,658.90","312,738"
"13-Mar-2024","4,646.00","4,686.75","4,476.55","4,512.10","700,123"
"14-Mar-2024","4,455.00","4,682.15","4,455.00","4,675.30","708,629"
"15-Mar-2024","4,655.00","4,680.85","4,500.65","4,585.30","1,278,695"
"18-Mar-2024","4,560.50","4,582.50","4,527.55","4,554.20","232,124"
"19-Mar-2024","4,554.00","4,597.60","4,509.60","4,541.75","388,757"
"20-Mar-2024","4,542.00","4,588.95","4,480.00","4,510.45","418,716"
"21-Mar-2024","4,527.80","4,545.00","4,445.20","4,519.90","633,619"
"22-Mar-2024","4,538.80","4,736.35","4,517.60","4,684.00","902,115"
"26-Mar-2024","4,684.00","4,724.55","4,633.55","4,671.15","551,123"
"27-Mar-2024","4,692.00","4,698.00","4,560.00","4,572.55","693,528"
"28-Mar-2024","4,604.00","4,750.00","4,583.20","4,722.30","1,086,607"
"01-Apr-2024","4,740.00","4,779.75","4,662.10","4,680.75","664,163"
"02-Apr-2024","4,650.00","4,685.45","4,522.00","4,560.80","1,342,779"
"03-Apr-2024","4,584.90","4,603.25","4,526.50","4,557.20","681,469"
"04-Apr-2024","4,585.00","4,590.00","4,462.75","4,522.95","1,378,250"
"05-Apr-2024","4,480.50","4,565.60","4,468.35","4,524.90","605,460"
"08-Apr-2024","4,540.00","4,608.85","4,525.10","4,595.10","711,580"
"09-Apr-2024","4,615.00","4,673.25","4,505.00","4,521.70","945,922"
"10-Apr-2024","4,551.70","4,551.70","4,475.90","4,494.90","515,061"
"12-Apr-2024","4,509.00","4,522.80","4,431.00","4,440.80","438,331"
"15-Apr-2024","4,430.00","4,440.55","4,368.95","4,381.20","645,166"
"16-Apr-2024","4,344.00","4,446.45","4,288.05","4,322.90","719,918"
"18-Apr-2024","4,358.00","4,398.65","4,231.60","4,251.30","1,103,254"
"19-Apr-2024","4,251.25","4,251.25","4,168.15","4,213.70","674,079"
"22-Apr-2024","4,239.85","4,335.00","4,206.90","4,311.90","619,635"
"23-Apr-2024","4,338.00","4,368.90","4,286.90","4,345.05","547,228"
"24-Apr-2024","4,360.00","4,405.35","4,335.10","4,393.35","658,601"
"25-Apr-2024","4,401.00","4,515.00","4,366.90","4,498.30","1,103,462"
"26-Apr-2024","4,510.25","4,540.80","4,466.45","4,491.60","497,777"
"29-Apr-2024","4,530.00","4,530.00","4,445.60","4,457.70","590,104"
"30-Apr-2024","4,465.00","4,588.20","4,465.00","4,543.05","828,084"
"02-May-2024","4,625.00","4,625.00","4,551.30","4,561.50","808,478"
"03-May-2024","4,577.50","4,579.95","4,516.85","4,552.75","347,594"
"06-May-2024","4,571.95","4,582.70","4,465.50","4,509.75","241,049"
"07-May-2024","4,528.95","4,534.45","4,432.20","4,476.75","456,294"
"08-May-2024","4,492.65","4,662.00","4,414.65","4,613.90","1,313,834"
"09-May-2024","4,655.00","4,922.00","4,633.85","4,764.90","3,589,872"
"10-May-2024","4,788.60","4,954.35","4,774.80","4,877.40","1,520,297"
"13-May-2024","4,908.00","4,909.95","4,730.60","4,885.55","624,906"
"14-May-2024","4,914.90","5,051.00","4,905.05","5,043.45","1,335,266"
"15-May-2024","5,058.00","5,103.00","5,020.75","5,057.30","882,851"
"16-May-2024","5,064.95","5,154.95","5,041.70","5,141.35","1,296,732"
"17-May-2024","5,135.00","5,168.60","5,072.85","5,089.20","609,690"
"18-May-2024","5,118.00","5,135.50","5,095.00","5,109.85","21,635"
"21-May-2024","5,075.00","5,122.80","5,029.25","5,053.85","480,490"
"22-May-2024","5,050.00","5,067.95","4,965.00","4,995.95","422,368"
"23-May-2024","5,000.00","5,155.45","4,963.05","5,145.20","644,911"
"24-May-2024","5,105.10","5,198.15","5,080.05","5,118.30","458,258"
"27-May-2024","5,126.00","5,128.80","5,050.00","5,083.90","380,940"
"28-May-2024","5,084.95","5,225.00","5,045.00","5,183.95","727,224"
"29-May-2024","5,171.05","5,202.15","5,106.05","5,143.75","409,279"
"30-May-2024","5,129.00","5,186.95","5,094.70","5,136.00","457,454"
"31-May-2024","5,175.00","5,189.95","5,003.50","5,119.60","1,905,070"
"03-Jun-2024","5,280.00","5,314.00","5,154.60","5,160.60","962,485"
"04-Jun-2024","5,165.00","5,349.00","4,920.25","5,310.70","1,945,233"
"05-Jun-2024","5,315.00","5,775.20","5,315.00","5,658.50","2,058,534"
"06-Jun-2024","5,655.10","5,735.45","5,472.35","5,534.25","1,498,100"
"07-Jun-2024","5,583.90","5,637.40","5,538.00","5,581.85","637,134"
"10-Jun-2024","5,585.00","5,785.00","5,581.05","5,722.20","1,018,162"
"11-Jun-2024","5,730.00","5,846.40","5,705.00","5,786.60","1,015,127"
"12-Jun-2024","5,800.00","5,859.00","5,776.60","5,790.20","668,529"
"13-Jun-2024","5,820.20","5,840.00","5,731.00","5,816.00","547,596"
"14-Jun-2024","5,823.00","5,864.75","5,761.60","5,804.20","573,273"
"18-Jun-2024","5,824.00","5,894.55","5,736.70","5,754.85","527,069"
"19-Jun-2024","5,774.80","5,779.80","5,625.00","5,647.70","447,054"
"20-Jun-2024","5,669.00","5,669.00","5,496.00","5,504.60","840,321"
"21-Jun-2024","5,481.00","5,615.00","5,432.00","5,452.00","669,719"
"24-Jun-2024","5,390.00","5,534.00","5,390.00","5,524.45","464,982"
"25-Jun-2024","5,565.90","5,579.85","5,473.45","5,510.00","1,118,588"
"26-Jun-2024","5,529.00","5,544.00","5,428.00","5,453.00","384,494"
"27-Jun-2024","5,459.90","5,510.00","5,421.00","5,485.20","874,237"
"28-Jun-2024","5,500.00","5,605.25","5,452.10","5,579.60","539,635"
"01-Jul-2024","5,595.00","5,728.30","5,585.00","5,603.10","1,018,344"
"02-Jul-2024","5,670.00","5,674.00","5,500.00","5,567.10","689,851"
"03-Jul-2024","5,599.90","5,627.95","5,553.05","5,579.75","329,072"
"04-Jul-2024","5,594.00","5,603.95","5,530.60","5,558.35","676,316"
"05-Jul-2024","5,558.35","5,597.00","5,382.60","5,558.05","613,329"
"08-Jul-2024","5,565.65","5,630.00","5,487.55","5,501.90","478,557"
"09-Jul-2024","5,525.05","5,599.45","5,505.05","5,589.15","570,084"
"10-Jul-2024","5,595.00","5,650.00","5,470.60","5,508.75","354,244"
"11-Jul-2024","5,530.00","5,560.50","5,503.00","5,526.25","491,353"
"12-Jul-2024","5,533.90","5,600.00","5,505.15","5,546.90","265,681"
"15-Jul-2024","5,547.00","5,639.00","5,528.60","5,606.35","249,438"
"16-Jul-2024","5,617.00","5,659.00","5,562.00","5,578.10","336,317"
"18-Jul-2024","5,545.50","5,578.00","5,417.10","5,502.20","841,644"
"19-Jul-2024","5,519.95","5,527.75","5,371.00","5,427.70","370,397"
"22-Jul-2024","5,422.00","5,490.00","5,390.00","5,463.15","415,035"
"23-Jul-2024","5,485.00","5,659.85","5,329.70","5,513.55","908,996"
"24-Jul-2024","5,513.00","5,513.00","5,405.00","5,417.75","723,617"
"25-Jul-2024","5,401.00","5,450.30","5,353.00","5,403.20","438,831"
"26-Jul-2024","5,410.00","5,546.20","5,397.35","5,478.90","517,306"
"29-Jul-2024","5,505.25","5,532.65","5,397.30","5,424.35","418,301"
"30-Jul-2024","5,455.00","5,548.00","5,410.60","5,444.30","412,385"
"31-Jul-2024","5,452.90","5,536.15","5,405.20","5,488.45","870,466"
"01-Aug-2024","5,487.45","5,487.45","5,325.40","5,371.85","868,140"
"02-Aug-2024","5,325.00","5,374.10","5,236.45","5,274.20","402,666"
"05-Aug-2024","5,180.05","5,247.00","5,123.00","5,183.90","439,371"
"06-Aug-2024","5,200.25","5,255.10","5,158.00","5,173.80","552,856"
"07-Aug-2024","5,230.00","5,314.75","5,223.20","5,241.15","515,480"
"08-Aug-2024","5,235.00","5,252.00","5,146.90","5,158.90","243,559"
"09-Aug-2024","5,204.95","5,246.65","5,190.75","5,207.20","333,635"
"12-Aug-2024","5,214.80","5,325.00","5,185.00","5,311.85","569,618"
"13-Aug-2024","5,350.00","5,407.30","5,216.00","5,245.50","1,042,924"
"14-Aug-2024","5,280.00","5,297.60","4,991.00","5,072.45","2,185,163"
"16-Aug-2024","5,120.00","5,138.95","5,020.05","5,128.10","679,493"
"19-Aug-2024","5,149.00","5,224.00","5,107.55","5,188.90","714,915"
"20-Aug-2024","5,199.00","5,350.00","5,190.00","5,244.40","962,948"
"21-Aug-2024","5,244.40","5,305.20","5,215.00","5,284.70","612,911"
"22-Aug-2024","5,285.00","5,383.00","5,263.45","5,329.95","761,731"
"23-Aug-2024","5,330.00","5,443.80","5,315.00","5,384.90","757,678"
"26-Aug-2024","5,410.00","5,425.00","5,327.00","5,343.75","553,070"
"27-Aug-2024","5,354.00","5,396.95","5,326.00","5,356.55","672,259"
"28-Aug-2024","5,365.00","5,383.20","5,266.00","5,311.40","688,591"
"29-Aug-2024","5,300.00","5,387.30","5,290.90","5,374.50","516,725"
"30-Aug-2024","5,400.00","5,518.00","5,385.85","5,455.40","1,569,946"
"02-Sep-2024","5,535.00","5,629.05","5,517.00","5,578.20","1,054,947"
"03-Sep-2024","5,602.00","5,699.00","5,549.90","5,646.50","805,935"
"04-Sep-2024","5,605.00","5,689.30","5,605.00","5,683.75","532,554"
"05-Sep-2024","5,690.00","5,799.00","5,650.00","5,734.20","817,503"
"06-Sep-2024","5,720.00","5,770.30","5,649.70","5,743.75","683,920"
"09-Sep-2024","5,743.80","5,770.35","5,686.15","5,745.30","469,914"
"10-Sep-2024","5,797.00","5,864.15","5,658.25","5,669.70","775,935"
"11-Sep-2024","5,698.00","5,708.70","5,602.35","5,654.45","592,210"
"12-Sep-2024","5,700.00","5,818.00","5,655.00","5,803.15","855,863"
"13-Sep-2024","5,826.90","5,847.10","5,770.00","5,795.80","332,581"
"16-Sep-2024","5,780.00","5,822.50","5,727.00","5,779.45","333,195"
"17-Sep-2024","5,800.00","5,984.95","5,763.60","5,961.20","1,250,736"
"18-Sep-2024","5,985.30","6,145.95","5,928.10","5,964.75","1,446,956"
"19-Sep-2024","6,000.00","6,060.00","5,980.10","6,006.05","532,623"
"20-Sep-2024","6,048.75","6,092.00","5,985.75","6,013.25","993,542"
"23-Sep-2024","6,050.00","6,210.00","6,004.30","6,190.55","887,240"
"24-Sep-2024","6,191.00","6,246.25","6,110.30","6,126.30","631,130"
"25-Sep-2024","6,144.00","6,168.40","6,033.85","6,088.30","341,785"
"26-Sep-2024","6,005.60","6,065.00","5,904.10","6,051.45","1,255,943"
"27-Sep-2024","6,068.10","6,089.30","5,940.50","5,957.35","718,197"
"30-Sep-2024","5,890.00","5,890.00","5,690.50","5,712.40","1,346,723"
"01-Oct-2024","5,712.40","5,794.00","5,665.00","5,750.10","742,940"
"03-Oct-2024","5,733.35","5,733.35","5,622.00","5,662.75","1,219,791"
"04-Oct-2024","5,647.05","5,649.95","5,484.00","5,520.85","943,922"
"07-Oct-2024","5,569.95","5,608.45","5,436.10","5,501.55","682,783"
"08-Oct-2024","5,462.00","5,545.00","5,411.00","5,529.85","473,756"
"09-Oct-2024","5,541.05","5,588.00","5,530.00","5,554.60","439,340"
"10-Oct-2024","5,588.00","5,594.95","5,445.00","5,456.10","579,335"
"11-Oct-2024","5,460.50","5,488.35","5,440.00","5,476.30","303,034"
"14-Oct-2024","5,504.00","5,575.00","5,499.85","5,555.35","407,147"
"15-Oct-2024","5,565.00","5,587.65","5,464.00","5,505.65","302,887"
"16-Oct-2024","5,505.65","5,519.00","5,387.00","5,398.20","504,211"
"17-Oct-2024","5,363.05","5,363.05","5,100.00","5,217.45","1,947,589"
"18-Oct-2024","5,217.45","5,288.65","5,146.05","5,216.20","427,617"
"21-Oct-2024","5,216.20","5,253.85","5,085.05","5,242.25","740,720"
"22-Oct-2024","5,263.00","5,274.40","5,155.00","5,175.80","531,833"
"23-Oct-2024","5,175.80","5,280.00","5,120.55","5,145.70","411,524"
"24-Oct-2024","5,160.05","5,231.20","5,093.60","5,113.60","349,453"
"25-Oct-2024","5,120.00","5,144.70","4,875.00","4,973.30","709,797"
"28-Oct-2024","4,973.30","5,015.85","4,896.05","4,927.80","419,927"
"29-Oct-2024","4,927.85","4,959.95","4,745.00","4,787.45","953,917"
"30-Oct-2024","4,745.00","5,037.50","4,740.10","4,909.30","1,039,340"
"31-Oct-2024","4,937.00","5,027.50","4,919.95","4,989.55","897,452"
"01-Nov-2024","5,039.70","5,043.00","5,010.15","5,020.50","49,631"
"04-Nov-2024","5,127.50","5,127.50","4,726.50","4,806.05","1,676,556"
"05-Nov-2024","4,818.00","4,878.30","4,760.90","4,820.70","673,746"
"06-Nov-2024","4,858.00","4,920.00","4,841.00","4,892.80","602,657"
"07-Nov-2024","4,916.95","4,916.95","4,788.05","4,816.00","373,373"
"08-Nov-2024","4,830.00","4,832.00","4,735.95","4,768.90","333,494"
"11-Nov-2024","4,763.00","4,786.15","4,717.55","4,757.50","424,955"
"12-Nov-2024","4,757.50","4,796.20","4,702.80","4,724.20","310,558"
"13-Nov-2024","4,691.65","4,696.75","4,492.00","4,519.60","1,304,908"
"14-Nov-2024","4,519.60","4,630.00","4,467.00","4,604.00","889,483"
"18-Nov-2024","4,834.15","4,839.95","4,714.10","4,733.00","1,783,519"
"19-Nov-2024","4,759.95","4,853.95","4,734.50","4,775.80","704,072"
"21-Nov-2024","4,799.95","4,820.00","4,741.20","4,767.85","572,418"
"22-Nov-2024","4,778.40","4,808.40","4,742.00","4,794.10","394,712"
"25-Nov-2024","4,850.00","4,908.65","4,815.00","4,858.30","1,174,601"
"26-Nov-2024","4,860.00","4,881.25","4,801.05","4,838.70","384,827"
"27-Nov-2024","4,842.00","4,893.40","4,810.60","4,871.25","296,689"
"28-Nov-2024","4,894.00","4,909.95","4,760.10","4,783.50","778,790"
"29-Nov-2024","4,798.80","4,804.45","4,732.10","4,761.70","462,448"
"02-Dec-2024","4,733.50","4,779.00","4,694.60","4,748.45","510,429"
"03-Dec-2024","4,750.00","4,784.00","4,690.00","4,697.00","664,696"
"04-Dec-2024","4,705.05","4,725.00","4,615.50","4,635.85","586,762"
"05-Dec-2024","4,656.00","4,678.05","4,588.40","4,644.35","796,988"
"06-Dec-2024","4,656.95","4,720.00","4,615.00","4,629.60","733,835"
"09-Dec-2024","4,638.95","4,659.60","4,590.00","4,595.95","329,145"
"10-Dec-2024","4,600.00","4,614.95","4,561.70","4,588.30","384,707"
"11-Dec-2024","4,586.25","4,654.35","4,586.25","4,650.45","571,443"
"12-Dec-2024","4,650.45","4,660.15","4,542.00","4,556.75","821,540"
"13-Dec-2024","4,556.75","4,583.00","4,500.00","4,575.45","552,194"
"16-Dec-2024","4,590.00","4,590.00","4,515.70","4,539.00","835,965"
"17-Dec-2024","4,513.30","4,558.55","4,395.60","4,415.10","778,939"
"18-Dec-2024","4,398.45","4,429.90","4,372.20","4,389.45","738,092"
"19-Dec-2024","4,329.55","4,458.10","4,325.00","4,406.95","691,740"
"20-Dec-2024","4,406.95","4,461.55","4,325.00","4,339.95","800,108"
"23-Dec-2024","4,365.00","4,375.50","4,258.35","4,272.60","931,177"
"24-Dec-2024","4,272.60","4,315.00","4,250.00","4,259.10","561,434"
"26-Dec-2024","4,270.00","4,307.85","4,255.60","4,275.00","375,676"
"27-Dec-2024","4,280.50","4,348.65","4,228.55","4,237.95","744,900"
"30-Dec-2024","4,252.75","4,274.00","4,168.25","4,187.60","1,819,173"
"31-Dec-2024","4,162.40","4,217.45","4,150.00","4,160.60","492,605"
"01-Jan-2025","4,174.80","4,197.00","4,130.00","4,184.35","329,310"
"02-Jan-2025","4,185.00","4,322.15","4,146.00","4,311.50","1,062,633"
"03-Jan-2025","4,265.45","4,299.80","4,162.45","4,243.10","1,269,643"
"06-Jan-2025","4,259.00","4,300.00","4,187.75","4,202.80","813,031"
"07-Jan-2025","4,200.10","4,224.85","4,155.30","4,162.05","396,158"
"08-Jan-2025","4,197.00","4,197.00","4,100.00","4,138.10","438,731"
"09-Jan-2025","4,149.35","4,164.40","4,112.35","4,141.25","340,998"
"10-Jan-2025","4,145.00","4,164.00","4,086.40","4,122.20","355,269"
"13-Jan-2025","4,100.00","4,121.95","3,997.50","4,043.65","801,718"
"14-Jan-2025","4,067.00","4,134.25","4,057.75","4,102.65","242,769"
"15-Jan-2025","4,123.20","4,157.20","4,083.15","4,111.90","281,045"
"16-Jan-2025","4,170.00","4,175.00","4,057.95","4,074.10","349,664"
"17-Jan-2025","4,076.00","4,125.00","4,050.00","4,098.00","211,342"
"20-Jan-2025","4,117.50","4,117.50","4,045.55","4,092.10","254,936"
"21-Jan-2025","4,092.90","4,119.00","4,010.00","4,024.80","287,082"
"22-Jan-2025","4,027.00","4,072.00","4,027.00","4,055.70","272,889"
"23-Jan-2025","4,055.70","4,115.00","4,025.00","4,100.35","282,745"
"24-Jan-2025","4,105.05","4,125.00","4,041.10","4,051.90","216,273"
"27-Jan-2025","4,045.00","4,074.80","4,000.00","4,015.95","328,160"
"28-Jan-2025","4,020.00","4,062.30","4,000.00","4,026.35","444,089"
"29-Jan-2025","4,036.00","4,114.80","4,033.05","4,072.45","479,893"
"30-Jan-2025","4,079.20","4,187.00","4,060.05","4,177.80","807,120"
"31-Jan-2025","4,188.00","4,372.80","4,176.00","4,339.15","1,056,018"
"01-Feb-2025","4,330.00","4,522.95","4,236.05","4,402.15","1,141,242"
"03-Feb-2025","4,420.00","4,430.00","4,228.20","4,286.65","846,135"
"04-Feb-2025","4,324.00","4,350.00","4,220.00","4,237.10","554,233"
"05-Feb-2025","4,238.00","4,290.00","4,212.60","4,270.40","408,928"
"06-Feb-2025","4,289.00","4,334.65","4,216.90","4,230.05","576,470"
"07-Feb-2025","4,319.95","4,319.95","4,215.60","4,274.65","1,344,288"
"10-Feb-2025","4,306.30","4,320.95","4,170.10","4,196.45","779,450"
"11-Feb-2025","4,200.00","4,239.00","4,071.00","4,085.55","593,081"
"12-Feb-2025","4,007.00","4,066.60","3,955.05","4,015.75","619,474"
"13-Feb-2025","4,005.00","4,025.10","3,945.10","3,956.55","557,075"
"14-Feb-2025","3,960.05","3,981.10","3,850.00","3,862.40","475,952"
"17-Feb-2025","3,845.05","3,886.15","3,757.65","3,876.45","913,565"
"18-Feb-2025","3,880.00","3,891.90","3,810.00","3,840.50","482,022"
"19-Feb-2025","3,840.90","3,898.90","3,815.00","3,879.15","453,662"
"20-Feb-2025","3,864.50","3,938.00","3,855.50","3,909.10","438,563"
"21-Feb-2025","3,900.00","3,916.85","3,828.65","3,852.60","426,337"
"24-Feb-2025","3,839.85","3,891.10","3,800.10","3,884.85","272,543"
"25-Feb-2025","3,877.00","3,883.30","3,817.10","3,828.25","661,184"
"27-Feb-2025","3,808.15","3,810.30","3,725.25","3,759.55","877,741"
"28-Feb-2025","3,745.60","3,746.95","3,662.15","3,681.10","995,134"
"03-Mar-2025","3,644.05","3,715.00","3,617.00","3,630.75","691,809"
"04-Mar-2025","3,625.00","3,639.90","3,495.00","3,514.85","946,922"
"05-Mar-2025","3,515.00","3,609.60","3,513.50","3,588.75","611,959"
"06-Mar-2025","3,629.50","3,658.00","3,582.70","3,648.75","654,829"
"07-Mar-2025","3,664.00","3,733.70","3,625.00","3,652.50","621,576"
"10-Mar-2025","3,653.00","3,665.75","3,575.70","3,582.85","675,889"
"11-Mar-2025","3,579.00","3,663.50","3,552.75","3,650.65","618,870"
"12-Mar-2025","3,650.65","3,669.45","3,597.00","3,610.25","385,877"
"13-Mar-2025","3,625.00","3,625.55","3,524.35","3,529.15","359,751"
"17-Mar-2025","3,486.00","3,549.00","3,461.60","3,493.10","673,556"
"18-Mar-2025","3,500.00","3,571.70","3,500.00","3,564.65","533,589"
"19-Mar-2025","3,585.00","3,588.85","3,514.15","3,537.00","674,188"
"20-Mar-2025","3,579.00","3,634.00","3,561.25","3,597.15","771,668"
"21-Mar-2025","3,629.00","3,711.90","3,611.75","3,629.00","1,195,882"
"24-Mar-2025","3,658.00","3,687.35","3,582.85","3,626.35","663,262"
"25-Mar-2025","3,652.50","3,675.70","3,615.00","3,627.95","544,164"
"26-Mar-2025","3,650.00","3,669.30","3,605.40","3,645.95","755,658"
"27-Mar-2025","3,634.00","3,789.00","3,610.35","3,772.05","1,525,094"
"28-Mar-2025","3,779.00","3,808.75","3,707.35","3,722.95","509,889"
"01-Apr-2025","3,707.35","3,816.60","3,707.35","3,762.05","506,307"
"02-Apr-2025","3,770.00","3,789.80","3,732.90","3,783.95","321,687"
"03-Apr-2025","3,780.00","3,807.10","3,735.65","3,753.35","339,509"
"04-Apr-2025","3,744.95","3,744.95","3,632.55","3,659.20","330,498"
"07-Apr-2025","3,478.95","3,545.00","3,344.00","3,526.90","605,866"
"08-Apr-2025","3,600.00","3,622.90","3,510.25","3,574.15","450,859"
"09-Apr-2025","3,590.00","3,678.75","3,538.00","3,610.90","584,571"
"11-Apr-2025","3,620.45","3,704.10","3,620.45","3,666.00","436,704"
"15-Apr-2025","3,749.00","3,816.00","3,686.50","3,803.90","604,277"
"16-Apr-2025","3,809.00","3,816.60","3,742.00","3,781.90","491,227"
"17-Apr-2025","3,781.90","3,797.60","3,664.30","3,771.80","970,749"
"21-Apr-2025","3,794.00","3,932.50","3,756.00","3,917.00","1,031,160"
"22-Apr-2025","3,901.00","3,902.90","3,821.20","3,833.60","927,543"
"23-Apr-2025","3,862.10","3,954.20","3,822.60","3,940.50","800,615"
"24-Apr-2025","3,940.60","3,988.00","3,924.90","3,954.50","1,227,984"
"25-Apr-2025","3,960.00","3,994.10","3,839.90","3,895.50","652,719"
"28-Apr-2025","3,895.00","3,935.00","3,846.50","3,911.70","521,342"
"29-Apr-2025","3,935.50","3,953.90","3,846.40","3,852.70","428,581"
"30-Apr-2025","3,852.70","3,867.50","3,806.50","3,827.40","892,342"
"02-May-2025","3,803.60","3,914.00","3,725.00","3,740.50","1,042,867"
"05-May-2025","3,769.00","3,794.50","3,742.30","3,767.60","640,182"
"06-May-2025","3,785.00","3,908.00","3,781.00","3,872.60","1,210,118"
"07-May-2025","3,820.00","3,894.80","3,813.60","3,868.00","448,141"
"08-May-2025","3,869.00","3,875.00","3,775.70","3,800.50","739,365"
"09-May-2025","3,735.00","3,896.10","3,735.00","3,853.90","859,973"
"12-May-2025","3,929.90","3,999.50","3,910.00","3,984.90","547,435"
"13-May-2025","3,999.00","4,098.40","3,957.50","4,063.60","1,197,629"
"14-May-2025","4,070.00","4,107.80","3,933.00","4,067.20","1,199,813"
"15-May-2025","4,083.00","4,347.00","4,067.20","4,325.00","2,629,014"
"16-May-2025","4,330.00","4,363.00","4,294.30","4,345.30","765,257"
"19-May-2025","4,323.10","4,454.60","4,323.10","4,387.70","753,807"
"20-May-2025","4,409.00","4,437.20","4,231.40","4,241.60","842,529"
"21-May-2025","4,241.00","4,288.90","4,212.00","4,263.80","396,931"
"22-May-2025","4,250.00","4,284.00","4,202.90","4,276.30","394,809"
"23-May-2025","4,288.90","4,335.00","4,276.40","4,308.80","461,297"
"26-May-2025","4,309.90","4,418.30","4,300.00","4,359.40","765,160"
"27-May-2025","4,370.50","4,374.90","4,300.00","4,338.20","411,809"
"28-May-2025","4,368.00","4,383.40","4,310.50","4,362.20","424,160"
"29-May-2025","4,384.00","4,384.00","4,332.10","4,356.60","369,150"
"30-May-2025","4,341.60","4,380.00","4,289.30","4,309.30","914,311"
"02-Jun-2025","4,310.10","4,318.70","4,196.00","4,232.30","771,163"
"03-Jun-2025","4,250.00","4,280.50","4,201.00","4,208.60","417,447"
"04-Jun-2025","4,213.00","4,240.70","4,191.30","4,200.60","353,642"
"05-Jun-2025","4,227.80","4,227.80","4,172.80","4,178.90","394,746"
"06-Jun-2025","4,189.00","4,296.90","4,158.10","4,268.00","551,467"
"09-Jun-2025","4,304.90","4,360.00","4,275.00","4,349.40","495,256"
"10-Jun-2025","4,370.10","4,392.00","4,329.70","4,379.00","469,185"
"11-Jun-2025","4,375.00","4,486.70","4,365.90","4,410.30","1,241,569"
"12-Jun-2025","4,410.30","4,425.00","4,340.00","4,362.80","813,687"
"13-Jun-2025","4,266.10","4,347.00","4,251.40","4,333.80","521,000"
"16-Jun-2025","4,316.00","4,414.10","4,312.50","4,364.50","360,242"
"17-Jun-2025","4,369.00","4,390.00","4,333.80","4,371.00","331,648"
"18-Jun-2025","4,352.00","4,432.00","4,350.00","4,357.90","370,443"
"19-Jun-2025","4,374.90","4,404.00","4,350.30","4,384.30","425,692"
"20-Jun-2025","4,380.50","4,382.40","4,204.90","4,338.50","1,159,015"
"23-Jun-2025","4,320.00","4,324.70","4,245.00","4,253.10","580,717"
"24-Jun-2025","4,283.10","4,330.00","4,262.00","4,292.50","469,217"
"25-Jun-2025","4,301.50","4,357.90","4,290.00","4,300.80","412,213"
"26-Jun-2025","4,305.90","4,324.90","4,248.10","4,278.00","795,726"
"27-Jun-2025","4,299.00","4,349.90","4,285.00","4,320.30","543,489"
"30-Jun-2025","4,344.00","4,344.00","4,211.00","4,237.10","871,009"
"01-Jul-2025","4,258.30","4,264.00","4,190.10","4,226.00","480,538"
"02-Jul-2025","4,284.40","4,324.60","4,230.10","4,243.70","808,159"
"03-Jul-2025","4,244.00","4,350.00","4,238.00","4,310.60","650,625"
"04-Jul-2025","4,325.00","4,374.70","4,307.10","4,345.00","437,195"
"07-Jul-2025","4,340.00","4,359.60","4,293.00","4,307.00","353,771"
"08-Jul-2025","4,305.10","4,329.00","4,240.00","4,300.40","467,771"
"09-Jul-2025","4,300.00","4,344.00","4,290.20","4,333.10","276,485"
"10-Jul-2025","4,330.10","4,348.90","4,310.00","4,321.30","368,728"
"11-Jul-2025","4,300.10","4,340.00","4,190.00","4,218.70","556,464"
"14-Jul-2025","4,219.00","4,259.00","4,197.20","4,251.70","293,675"
"15-Jul-2025","4,275.80","4,465.00","4,260.10","4,454.00","1,756,329"
"16-Jul-2025","4,454.00","4,470.00","4,371.00","4,424.50","791,606"
"17-Jul-2025","4,437.00","4,463.90","4,412.00","4,443.60","414,759"
"18-Jul-2025","4,450.00","4,484.00","4,387.20","4,396.70","370,997"
"21-Jul-2025","4,410.00","4,422.00","4,346.20","4,408.20","269,975"
"22-Jul-2025","4,418.00","4,431.70","4,318.80","4,342.40","463,290"
"23-Jul-2025","4,360.00","4,377.00","4,325.90","4,363.70","376,802"
"24-Jul-2025","4,310.00","4,320.00","4,255.10","4,301.90","584,473"
"25-Jul-2025","4,278.00","4,290.80","4,195.00","4,230.70","630,896"
"28-Jul-2025","4,215.50","4,307.00","4,215.50","4,291.10","462,891"
"29-Jul-2025","4,290.00","4,334.40","4,265.60","4,325.20","422,393"
"30-Jul-2025","4,311.00","4,325.80","4,215.70","4,251.30","547,169"
"31-Jul-2025","4,210.00","4,303.00","4,201.00","4,260.70","446,590"
"01-Aug-2025","4,255.10","4,322.00","4,240.00","4,311.60","473,918"
"04-Aug-2025","4,315.90","4,550.00","4,310.10","4,535.90","1,454,995"
"05-Aug-2025","4,536.00","4,581.50","4,515.90","4,546.80","803,505"
"06-Aug-2025","4,549.60","4,549.90","4,462.10","4,474.90","574,216"
"07-Aug-2025","4,430.00","4,674.90","4,422.30","4,660.70","2,121,194"
"08-Aug-2025","4,660.00","4,712.00","4,588.10","4,599.80","972,461"
"11-Aug-2025","4,603.00","4,624.70","4,539.00","4,562.20","455,558"
"12-Aug-2025","4,589.00","4,669.60","4,571.00","4,645.20","723,767"
"13-Aug-2025","4,668.30","4,793.50","4,650.20","4,768.70","1,342,794"
"14-Aug-2025","4,770.00","4,773.50","4,690.50","4,708.10","373,862"
"18-Aug-2025","4,900.00","5,119.00","4,900.00","4,984.00","3,698,091"
"19-Aug-2025","4,984.00","5,139.00","4,984.00","5,118.20","1,509,894"
"20-Aug-2025","5,120.00","5,165.00","5,111.10","5,136.00","916,240"
"21-Aug-2025","5,136.00","5,158.90","5,040.00","5,097.10","819,430"
"22-Aug-2025","5,097.10","5,123.30","4,982.00","4,997.90","1,357,460"
"25-Aug-2025","5,010.00","5,079.90","4,976.00","5,063.80","693,190"
"26-Aug-2025","5,063.80","5,143.00","5,041.00","5,073.40","1,662,083"
"28-Aug-2025","5,230.00","5,246.00","5,078.40","5,091.70","1,584,393"
"29-Aug-2025","5,099.50","5,148.30","5,061.40","5,087.70","783,364"
"01-Sep-2025","5,113.50","5,259.50","5,109.50","5,244.00","659,443"
"02-Sep-2025","5,290.00","5,348.00","5,208.00","5,312.00","962,257"
"03-Sep-2025","5,325.00","5,363.50","5,256.50","5,349.00","659,989"
"04-Sep-2025","5,505.00","5,519.00","5,341.00","5,351.00","1,187,848"
"05-Sep-2025","5,360.00","5,419.50","5,348.50","5,363.00","517,415"
"08-Sep-2025","5,370.00","5,524.50","5,335.00","5,443.00","726,543"
"09-Sep-2025","5,465.50","5,488.00","5,391.00","5,423.50","608,443"
"10-Sep-2025","5,450.00","5,458.00","5,317.50","5,350.50","536,616"
"11-Sep-2025","5,350.50","5,363.00","5,286.00","5,302.00","765,635"
"12-Sep-2025","5,306.00","5,389.50","5,286.00","5,301.50","537,933"
"15-Sep-2025","5,324.00","5,356.00","5,268.00","5,288.50","588,879"
"16-Sep-2025","5,307.00","5,349.00","5,284.00","5,316.00","925,160"
"17-Sep-2025","5,344.00","5,388.00","5,310.50","5,350.00","616,629"
"18-Sep-2025","5,360.00","5,387.00","5,340.00","5,370.00","420,977"
"19-Sep-2025","5,390.00","5,435.00","5,372.00","5,408.00","579,031"
"22-Sep-2025","5,409.00","5,499.00","5,400.00","5,429.50","672,445"
"23-Sep-2025","5,450.00","5,514.00","5,351.00","5,370.50","507,377"
"24-Sep-2025","5,370.00","5,376.00","5,265.00","5,277.00","410,267"
"25-Sep-2025","5,270.00","5,374.00","5,231.00","5,354.50","640,474"
"26-Sep-2025","5,354.50","5,454.00","5,308.50","5,328.00","689,941"
"29-Sep-2025","5,328.00","5,429.00","5,269.00","5,300.50","8,318,930"
"30-Sep-2025","5,323.00","5,483.50","5,323.00","5,472.50","1,141,788"
"01-Oct-2025","5,472.50","5,519.00","5,410.00","5,432.50","701,001"
"03-Oct-2025","5,465.00","5,584.00","5,370.50","5,550.50","1,634,394"
"06-Oct-2025","5,527.00","5,595.00","5,527.00","5,581.50","844,413"
"07-Oct-2025","5,581.50","5,649.00","5,572.50","5,615.00","858,678"
"08-Oct-2025","5,612.00","5,659.00","5,492.50","5,512.50","789,561"
"09-Oct-2025","5,515.00","5,537.00","5,466.00","5,512.00","872,880"
"10-Oct-2025","5,512.00","5,567.50","5,476.50","5,500.00","835,407"
"13-Oct-2025","5,500.00","5,581.00","5,484.50","5,559.00","417,645"
"14-Oct-2025","5,582.50","5,591.00","5,540.00","5,571.50","375,269"
"15-Oct-2025","5,580.00","5,609.00","5,447.00","5,537.50","484,777"
"16-Oct-2025","5,577.00","5,612.00","5,551.50","5,579.50","294,066"
"17-Oct-2025","5,582.00","5,625.00","5,550.50","5,592.50","435,204"
"20-Oct-2025","5,620.00","5,694.00","5,606.50","5,641.00","368,799"
"21-Oct-2025","5,667.00","5,668.00","5,631.00","5,646.50","40,575"
"23-Oct-2025","5,715.00","5,717.00","5,561.50","5,588.50","489,097"
"24-Oct-2025","5,615.00","5,625.00","5,484.50","5,540.50","546,761"
"27-Oct-2025","5,570.00","5,662.00","5,550.00","5,646.50","424,721"
"28-Oct-2025","5,640.00","5,665.00","5,575.00","5,609.50","539,781"
"29-Oct-2025","5,637.50","5,638.50","5,527.00","5,551.50","432,099"
"30-Oct-2025","5,570.50","5,587.50","5,493.00","5,515.00","402,078"
"31-Oct-2025","5,514.50","5,625.00","5,501.00","5,544.00","424,188"
"03-Nov-2025","5,579.50","5,579.50","5,482.00","5,539.00","223,771"
"04-Nov-2025","5,475.00","5,475.00","5,252.50","5,309.00","2,003,141"
"06-Nov-2025","5,352.50","5,408.50","5,305.00","5,326.00","815,323"
"07-Nov-2025","5,305.00","5,324.00","5,258.00","5,296.00","436,406"
"10-Nov-2025","5,310.00","5,410.00","5,300.50","5,359.50","347,961"
"11-Nov-2025","5,375.50","5,430.00","5,331.00","5,417.50","348,232"
"12-Nov-2025","5,440.00","5,557.00","5,421.50","5,534.00","534,031"
"13-Nov-2025","5,554.00","5,594.50","5,485.50","5,508.50","585,663"
"14-Nov-2025","5,521.50","5,629.50","5,462.50","5,538.50","938,647"
"17-Nov-2025","5,589.00","5,810.00","5,571.00","5,798.50","1,770,568"
"18-Nov-2025","5,820.00","5,882.00","5,789.50","5,799.50","1,182,455"
"19-Nov-2025","5,851.00","5,916.50","5,835.00","5,876.50","935,374"
"20-Nov-2025","5,950.00","6,042.00","5,921.50","5,999.50","1,276,202"
"21-Nov-2025","5,970.00","6,038.00","5,957.50","6,002.50","703,572"
"24-Nov-2025","6,003.00","6,049.00","5,972.00","5,982.00","1,349,305"
"25-Nov-2025","6,000.00","6,087.50","5,969.50","6,081.50","707,293"
"26-Nov-2025","6,083.50","6,146.00","6,052.00","6,136.50","452,071"
"27-Nov-2025","6,137.00","6,200.00","6,097.00","6,151.00","352,120"
"28-Nov-2025","6,152.00","6,239.00","6,128.00","6,174.50","504,441"
"01-Dec-2025","6,230.00","6,333.50","6,210.50","6,295.50","912,454"
"02-Dec-2025","6,330.00","6,340.00","6,231.00","6,270.50","809,216"
"03-Dec-2025","6,294.00","6,294.00","6,191.00","6,211.50","543,787"
"04-Dec-2025","6,248.00","6,351.00","6,239.50","6,340.00","883,433"
"05-Dec-2025","6,335.00","6,388.50","6,305.00","6,350.50","651,633"
"08-Dec-2025","6,310.00","6,351.00","6,144.50","6,167.00","707,514"
"09-Dec-2025","6,164.00","6,164.00","5,966.00","6,001.00","1,186,776"
"10-Dec-2025","6,028.00","6,044.50","5,915.50","5,945.50","820,197"
"11-Dec-2025","5,945.50","6,019.50","5,905.50","5,979.50","695,094"
"12-Dec-2025","6,003.50","6,037.50","5,950.50","5,960.00","679,186"
"15-Dec-2025","5,939.50","5,976.50","5,876.50","5,959.50","652,031"
"16-Dec-2025","5,960.50","5,986.00","5,932.50","5,946.50","388,048"
"17-Dec-2025","5,970.00","5,971.00","5,782.00","5,817.00","538,205"
"18-Dec-2025","5,785.00","5,785.00","5,513.00","5,748.50","1,016,539"
"19-Dec-2025","5,725.00","5,797.50","5,725.00","5,781.00","769,295"
"22-Dec-2025","5,793.50","5,793.50","5,681.00","5,699.50","1,213,460"
"23-Dec-2025","5,710.00","5,752.50","5,695.00","5,744.00","351,302"
"24-Dec-2025","5,744.00","5,750.00","5,690.00","5,698.50","313,655"
"26-Dec-2025","5,698.50","5,720.00","5,611.00","5,637.00","249,826"
"29-Dec-2025","5,637.00","5,651.00","5,550.50","5,566.00","572,147"
"30-Dec-2025","5,570.00","5,742.50","5,566.50","5,711.00","2,980,473"
"31-Dec-2025","5,709.50","5,785.50","5,684.50","5,771.00","473,265"
"26-Feb-2026","5,760.00","5,829.00","5,718.50","5,781.00","2,032,267"
"27-Feb-2026","5,775.00","5,800.00","5,689.00","5,715.00","2,559,650"
