"Date","Open","High","Low","Close","Volume"
"01-Jan-2019","7,449.75","7,494.00","7,395.00","7,476.80","625,360"
"02-Jan-2019","7,445.00","7,460.00","7,244.00","7,267.85","891,844"
"03-Jan-2019","7,280.00","7,350.00","7,185.60","7,203.95","715,168"
"04-Jan-2019","7,239.00","7,309.00","7,161.20","7,234.50","774,445"
"07-Jan-2019","7,310.00","7,407.00","7,300.00","7,362.05","687,845"
"08-Jan-2019","7,380.00","7,454.80","7,322.10","7,439.50","516,841"
"09-Jan-2019","7,460.50","7,529.00","7,414.00","7,492.90","740,580"
"10-Jan-2019","7,500.00","7,511.00","7,360.15","7,391.60","452,699"
"11-Jan-2019","7,382.70","7,400.00","7,282.00","7,320.50","488,399"
"14-Jan-2019","7,330.00","7,433.35","7,257.00","7,408.70","424,152"
"15-Jan-2019","7,430.00","7,470.00","7,317.00","7,355.15","491,196"
"16-Jan-2019","7,349.50","7,384.00","7,291.10","7,310.25","424,769"
"17-Jan-2019","7,339.00","7,398.95","7,307.50","7,336.25","462,725"
"18-Jan-2019","7,345.00","7,379.95","7,318.00","7,357.95","334,555"
"21-Jan-2019","7,358.00","7,380.00","7,161.00","7,208.40","654,537"
"22-Jan-2019","7,180.00","7,180.00","7,054.50","7,068.85","896,521"
"23-Jan-2019","7,050.00","7,132.25","7,025.00","7,045.40","702,474"
"24-Jan-2019","7,059.90","7,098.00","7,014.40","7,040.60","520,703"
"25-Jan-2019","7,054.00","7,133.00","6,410.00","6,513.40","3,062,762"
"28-Jan-2019","6,512.50","6,610.00","6,317.70","6,511.05","2,398,091"
"29-Jan-2019","6,480.00","6,619.15","6,447.40","6,526.95","1,101,399"
"30-Jan-2019","6,559.00","6,588.00","6,508.00","6,548.25","583,773"
"31-Jan-2019","6,575.00","6,660.05","6,460.05","6,641.15","926,270"
"01-Feb-2019","6,679.00","7,204.00","6,652.55","6,962.30","2,545,419"
"04-Feb-2019","6,975.00","7,039.00","6,851.65","6,988.20","658,776"
"05-Feb-2019","6,995.00","7,125.00","6,985.40","7,093.60","681,498"
"06-Feb-2019","7,120.00","7,220.00","7,067.00","7,183.40","567,827"
"07-Feb-2019","7,201.00","7,320.00","7,185.10","7,302.55","690,174"
"08-Feb-2019","7,270.00","7,300.00","7,100.00","7,134.25","576,159"
"11-Feb-2019","7,150.00","7,209.95","7,051.10","7,177.90","502,244"
"12-Feb-2019","7,193.00","7,230.00","7,127.95","7,162.50","494,592"
"13-Feb-2019","7,157.00","7,165.00","6,994.35","7,028.25","563,690"
"14-Feb-2019","7,036.70","7,111.20","6,990.00","7,017.50","622,311"
"15-Feb-2019","7,027.40","7,058.70","6,900.00","6,930.05","768,798"
"18-Feb-2019","6,964.70","6,997.80","6,817.00","6,842.70","509,963"
"19-Feb-2019","6,855.00","6,915.90","6,771.00","6,804.55","493,861"
"20-Feb-2019","6,842.00","6,888.00","6,804.40","6,849.90","534,284"
"21-Feb-2019","6,868.95","6,879.65","6,715.00","6,801.55","722,938"
"22-Feb-2019","6,827.00","6,939.00","6,819.05","6,912.40","764,535"
"25-Feb-2019","6,948.00","6,984.90","6,870.05","6,924.90","495,728"
"26-Feb-2019","6,885.00","6,975.00","6,812.60","6,904.30","673,415"
"27-Feb-2019","6,943.00","7,048.00","6,853.20","6,968.50","961,829"
"28-Feb-2019","7,010.00","7,040.00","6,801.00","6,829.70","1,031,563"
"01-Mar-2019","6,876.80","6,950.00","6,827.25","6,935.15","768,822"
"05-Mar-2019","6,950.00","7,158.15","6,894.45","7,117.75","838,538"
"06-Mar-2019","7,137.85","7,144.90","7,010.00","7,056.90","557,197"
"07-Mar-2019","7,078.00","7,092.50","7,002.00","7,029.05","396,771"
"08-Mar-2019","6,975.00","7,025.00","6,951.00","6,967.70","486,432"
"11-Mar-2019","6,980.00","7,121.60","6,975.00","7,081.90","720,905"
"12-Mar-2019","7,097.00","7,232.00","7,096.00","7,157.20","828,847"
"13-Mar-2019","7,177.00","7,202.95","7,050.00","7,091.05","534,982"
"14-Mar-2019","7,103.00","7,148.00","7,047.25","7,086.30","584,482"
"15-Mar-2019","7,109.00","7,157.00","7,060.00","7,084.00","861,945"
"18-Mar-2019","7,077.45","7,077.45","6,776.60","6,909.10","1,525,653"
"19-Mar-2019","6,900.00","6,901.95","6,809.25","6,825.20","816,763"
"20-Mar-2019","6,860.00","6,860.00","6,650.00","6,673.55","1,017,560"
"22-Mar-2019","6,567.00","6,716.30","6,532.35","6,552.70","1,715,983"
"25-Mar-2019","6,515.00","6,621.00","6,491.20","6,522.60","1,093,184"
"26-Mar-2019","6,558.00","6,600.00","6,480.00","6,585.70","909,087"
"27-Mar-2019","6,628.00","6,640.00","6,500.00","6,518.00","887,601"
"28-Mar-2019","6,535.00","6,625.00","6,501.20","6,596.25","949,713"
"29-Mar-2019","6,610.00","6,775.00","6,565.10","6,672.55","1,458,092"
"01-Apr-2019","6,730.80","6,870.00","6,700.00","6,840.70","1,142,386"
"02-Apr-2019","6,859.45","6,900.70","6,785.50","6,889.70","866,805"
"03-Apr-2019","6,896.00","7,098.00","6,896.00","7,072.90","1,491,021"
"04-Apr-2019","7,120.00","7,170.00","7,061.65","7,113.10","1,388,375"
"05-Apr-2019","7,095.00","7,143.95","7,050.00","7,107.70","729,603"
"08-Apr-2019","7,107.00","7,150.00","7,044.70","7,129.45","498,374"
"09-Apr-2019","7,134.00","7,235.00","7,080.00","7,216.55","741,669"
"10-Apr-2019","7,218.95","7,218.95","7,144.60","7,186.35","590,107"
"11-Apr-2019","7,186.95","7,220.00","7,150.00","7,187.85","609,539"
"12-Apr-2019","7,188.90","7,357.00","7,161.05","7,342.85","929,935"
"15-Apr-2019","7,351.05","7,389.95","7,295.00","7,352.50","585,205"
"16-Apr-2019","7,369.90","7,475.00","7,350.00","7,458.55","707,823"
"18-Apr-2019","7,533.10","7,539.35","7,434.05","7,447.45","713,163"
"22-Apr-2019","7,422.00","7,424.90","7,300.00","7,321.25","479,609"
"23-Apr-2019","7,327.00","7,388.90","7,006.00","7,048.90","952,628"
"24-Apr-2019","7,065.00","7,101.95","6,910.00","7,016.70","1,063,510"
"25-Apr-2019","7,014.75","7,144.95","6,865.00","6,905.25","3,075,510"
"26-Apr-2019","6,805.00","6,886.85","6,750.00","6,842.85","1,999,920"
"30-Apr-2019","6,700.00","6,750.00","6,630.00","6,666.40","1,640,025"
"02-May-2019","6,550.00","6,709.95","6,525.00","6,683.25","1,337,101"
"03-May-2019","6,675.00","6,780.00","6,675.00","6,710.00","795,679"
"06-May-2019","6,659.00","6,732.00","6,639.30","6,709.65","480,317"
"07-May-2019","6,744.90","6,785.25","6,680.00","6,702.00","586,684"
"08-May-2019","6,679.00","6,693.00","6,616.00","6,650.15","552,749"
"09-May-2019","6,637.00","6,678.00","6,600.00","6,624.95","570,000"
"10-May-2019","6,623.00","6,664.90","6,575.00","6,631.60","608,669"
"13-May-2019","6,626.00","6,659.30","6,500.00","6,543.75","555,672"
"14-May-2019","6,511.00","6,612.00","6,450.00","6,576.20","843,313"
"15-May-2019","6,590.00","6,640.00","6,463.30","6,493.75","612,357"
"16-May-2019","6,506.00","6,527.30","6,441.40","6,479.65","555,991"
"17-May-2019","6,497.00","6,790.00","6,485.00","6,706.85","782,196"
"20-May-2019","6,875.00","7,150.00","6,860.00","7,084.60","1,286,198"
"21-May-2019","7,105.00","7,137.75","6,818.00","6,875.35","973,836"
"22-May-2019","6,877.20","6,930.55","6,841.00","6,899.80","645,280"
"23-May-2019","6,996.00","7,049.10","6,830.00","6,929.25","1,364,516"
"24-May-2019","6,964.95","7,120.00","6,886.75","7,093.15","1,002,742"
"27-May-2019","7,095.00","7,193.90","6,900.05","7,068.45","1,022,289"
"28-May-2019","7,067.00","7,130.00","7,031.50","7,054.65","915,732"
"29-May-2019","7,001.00","7,009.00","6,870.00","6,891.45","768,022"
"30-May-2019","6,890.00","6,921.00","6,825.00","6,867.70","850,456"
"31-May-2019","6,891.00","6,961.30","6,825.00","6,869.85","1,084,204"
"03-Jun-2019","6,760.00","7,055.00","6,760.00","7,022.90","1,157,809"
"04-Jun-2019","7,000.00","7,099.00","6,971.75","7,051.80","575,281"
"06-Jun-2019","7,060.20","7,099.00","6,928.00","6,988.70","720,856"
"07-Jun-2019","6,990.00","6,990.00","6,862.65","6,948.25","470,376"
"10-Jun-2019","6,980.00","7,043.30","6,922.00","6,969.95","395,116"
"11-Jun-2019","6,989.95","7,018.20","6,930.00","6,978.30","387,309"
"12-Jun-2019","6,963.80","6,967.95","6,825.05","6,852.00","494,886"
"13-Jun-2019","6,843.00","6,863.70","6,766.30","6,784.70","561,159"
"14-Jun-2019","6,775.00","6,839.00","6,727.35","6,747.40","449,930"
"17-Jun-2019","6,749.40","6,768.05","6,560.50","6,581.65","567,397"
"18-Jun-2019","6,604.50","6,649.00","6,390.00","6,439.00","1,048,826"
"19-Jun-2019","6,485.00","6,560.65","6,380.00","6,424.65","715,496"
"20-Jun-2019","6,390.00","6,649.00","6,340.25","6,616.75","992,450"
"21-Jun-2019","6,549.00","6,549.00","6,370.20","6,417.25","1,345,890"
"24-Jun-2019","6,411.00","6,497.10","6,322.85","6,459.90","911,826"
"25-Jun-2019","6,459.00","6,540.00","6,427.35","6,522.50","580,392"
"26-Jun-2019","6,519.00","6,557.80","6,460.10","6,480.30","572,239"
"27-Jun-2019","6,496.20","6,575.00","6,475.00","6,486.70","1,022,011"
"28-Jun-2019","6,500.00","6,550.00","6,475.00","6,534.65","618,701"
"01-Jul-2019","6,600.00","6,618.00","6,490.00","6,507.85","754,667"
"02-Jul-2019","6,510.05","6,588.80","6,482.00","6,560.00","518,084"
"03-Jul-2019","6,582.00","6,590.00","6,515.05","6,533.80","517,709"
"04-Jul-2019","6,540.00","6,588.00","6,510.20","6,544.45","576,449"
"05-Jul-2019","6,547.20","6,579.00","6,300.00","6,360.00","866,460"
"08-Jul-2019","6,280.10","6,283.15","5,985.65","6,038.70","1,927,495"
"09-Jul-2019","6,060.00","6,070.00","5,910.00","5,945.45","1,337,999"
"10-Jul-2019","5,959.00","5,995.00","5,900.00","5,927.90","809,385"
"11-Jul-2019","5,974.00","6,050.00","5,930.00","6,031.20","779,113"
"12-Jul-2019","6,017.70","6,090.00","5,951.95","5,971.45","719,883"
"15-Jul-2019","5,980.00","6,096.00","5,955.00","6,079.70","675,004"
"16-Jul-2019","6,079.95","6,172.00","6,056.00","6,158.05","627,259"
"17-Jul-2019","6,168.00","6,174.00","6,050.00","6,075.70","598,778"
"18-Jul-2019","6,054.40","6,055.70","5,857.50","5,882.35","1,097,857"
"19-Jul-2019","5,885.00","5,910.95","5,710.10","5,769.10","1,228,672"
"22-Jul-2019","5,780.00","5,940.00","5,745.05","5,912.50","897,510"
"23-Jul-2019","5,910.00","5,972.40","5,820.20","5,873.75","841,517"
"24-Jul-2019","5,865.00","5,865.00","5,725.30","5,768.00","800,687"
"25-Jul-2019","5,789.10","5,844.95","5,701.05","5,756.75","990,461"
"26-Jul-2019","5,728.00","5,955.00","5,683.90","5,805.65","2,346,714"
"29-Jul-2019","5,770.00","5,770.00","5,540.00","5,561.25","1,548,125"
"30-Jul-2019","5,562.00","5,644.85","5,492.00","5,507.15","1,189,163"
"31-Jul-2019","5,525.80","5,582.30","5,446.05","5,469.70","1,053,202"
"01-Aug-2019","5,469.70","5,615.00","5,450.00","5,572.60","1,134,178"
"02-Aug-2019","5,539.60","5,724.00","5,485.00","5,689.35","1,391,678"
"05-Aug-2019","5,600.00","5,695.00","5,452.00","5,670.35","1,122,496"
"06-Aug-2019","5,640.00","5,849.00","5,640.00","5,833.30","1,125,521"
"07-Aug-2019","5,833.95","5,867.00","5,735.70","5,775.00","955,090"
"08-Aug-2019","5,725.00","5,947.00","5,725.00","5,902.25","831,725"
"09-Aug-2019","5,937.65","6,155.00","5,927.20","6,099.90","1,445,079"
"13-Aug-2019","6,099.70","6,123.00","5,791.55","5,815.45","909,354"
"14-Aug-2019","5,792.00","5,933.40","5,710.00","5,816.00","1,030,939"
"16-Aug-2019","5,805.00","5,995.00","5,590.00","5,975.05","1,207,075"
"19-Aug-2019","5,999.00","6,024.40","5,911.60","5,982.55","902,389"
"20-Aug-2019","6,003.00","6,233.00","5,959.05","6,190.95","2,198,337"
"21-Aug-2019","6,223.00","6,276.00","6,141.00","6,228.90","2,128,640"
"22-Aug-2019","6,200.00","6,298.50","6,168.00","6,208.55","1,551,394"
"23-Aug-2019","6,160.00","6,279.60","6,040.00","6,254.35","1,232,405"
"26-Aug-2019","6,460.00","6,466.70","6,116.15","6,255.55","1,552,155"
"27-Aug-2019","6,297.50","6,340.00","6,256.00","6,277.75","1,078,065"
"28-Aug-2019","6,248.00","6,248.00","6,070.00","6,103.40","1,242,304"
"29-Aug-2019","6,103.40","6,198.00","6,065.00","6,110.20","1,006,756"
"30-Aug-2019","6,144.00","6,159.25","6,052.90","6,123.75","794,518"
"03-Sep-2019","6,035.00","6,130.00","6,002.25","6,049.70","1,173,373"
"04-Sep-2019","6,062.00","6,076.20","5,800.00","5,830.75","1,964,992"
"05-Sep-2019","5,805.00","5,998.00","5,791.25","5,968.65","1,149,196"
"06-Sep-2019","5,997.70","6,220.00","5,962.10","6,186.95","1,524,051"
"09-Sep-2019","6,085.00","6,366.95","6,040.00","6,335.50","2,061,193"
"11-Sep-2019","6,330.00","6,630.00","6,285.10","6,597.30","2,492,039"
"12-Sep-2019","6,565.00","6,640.00","6,370.00","6,392.05","1,892,862"
"13-Sep-2019","6,434.00","6,512.80","6,340.00","6,450.30","1,929,801"
"16-Sep-2019","6,349.90","6,489.00","6,340.10","6,412.75","1,377,371"
"17-Sep-2019","6,410.00","6,445.85","6,110.00","6,130.40","1,706,567"
"18-Sep-2019","6,165.00","6,211.80","5,986.60","6,095.05","1,955,137"
"19-Sep-2019","6,139.00","6,175.00","5,942.40","5,971.75","1,721,431"
"20-Sep-2019","6,015.00","6,949.80","5,982.45","6,591.95","4,892,962"
"23-Sep-2019","6,676.10","7,000.00","6,676.10","6,897.85","3,140,286"
"24-Sep-2019","6,935.00","7,177.90","6,855.00","7,009.10","2,354,230"
"25-Sep-2019","7,000.00","7,000.00","6,602.00","6,638.50","2,296,343"
"26-Sep-2019","6,700.00","6,899.90","6,681.05","6,857.45","1,893,865"
"27-Sep-2019","6,860.00","6,915.00","6,735.00","6,773.70","1,457,894"
"30-Sep-2019","6,773.00","6,809.60","6,640.00","6,715.80","1,264,165"
"01-Oct-2019","6,720.00","6,850.00","6,650.00","6,782.00","1,473,158"
"03-Oct-2019","6,786.60","6,794.95","6,680.00","6,754.05","850,852"
"04-Oct-2019","6,793.00","6,845.90","6,618.40","6,649.60","1,065,056"
"07-Oct-2019","6,674.70","6,699.00","6,558.15","6,629.85","696,713"
"09-Oct-2019","6,628.00","6,743.80","6,590.00","6,719.55","1,017,731"
"10-Oct-2019","6,700.00","6,742.10","6,558.25","6,605.45","985,523"
"11-Oct-2019","6,626.30","6,720.00","6,626.30","6,698.90","835,065"
"14-Oct-2019","6,697.95","6,874.55","6,696.05","6,821.10","963,217"
"15-Oct-2019","6,811.00","7,019.00","6,809.00","6,985.75","1,276,061"
"16-Oct-2019","7,003.45","7,013.90","6,895.00","6,975.00","876,844"
"17-Oct-2019","6,977.00","7,155.55","6,940.00","7,123.90","1,248,295"
"18-Oct-2019","7,081.30","7,450.00","7,061.65","7,302.30","1,463,126"
"22-Oct-2019","7,333.00","7,392.00","7,232.00","7,256.25","959,552"
"23-Oct-2019","7,201.05","7,472.00","7,200.00","7,440.25","1,278,695"
"24-Oct-2019","7,460.00","7,475.00","7,271.00","7,391.40","1,658,859"
"25-Oct-2019","7,396.50","7,509.00","7,353.85","7,471.15","1,353,615"
"27-Oct-2019","7,477.00","7,500.00","7,392.05","7,422.10","128,352"
"29-Oct-2019","7,416.00","7,758.70","7,381.85","7,721.30","1,396,732"
"30-Oct-2019","7,744.00","7,753.65","7,539.70","7,556.95","1,243,366"
"31-Oct-2019","7,612.90","7,645.00","7,502.00","7,559.40","1,067,275"
"01-Nov-2019","7,599.95","7,649.00","7,545.10","7,618.65","1,151,035"
"04-Nov-2019","7,550.00","7,625.00","7,407.45","7,424.00","824,953"
"05-Nov-2019","7,429.95","7,541.95","7,325.00","7,389.00","1,207,089"
"06-Nov-2019","7,395.00","7,415.00","7,295.00","7,311.15","923,041"
"07-Nov-2019","7,357.00","7,357.00","7,241.00","7,287.15","877,885"
"08-Nov-2019","7,286.45","7,370.00","7,178.05","7,200.55","983,936"
"11-Nov-2019","7,160.00","7,237.45","7,074.00","7,137.30","864,507"
"13-Nov-2019","7,130.00","7,169.85","7,095.00","7,154.60","687,017"
"14-Nov-2019","7,160.00","7,270.00","7,160.00","7,247.15","802,462"
"15-Nov-2019","7,300.00","7,359.00","7,116.20","7,147.20","1,049,492"
"18-Nov-2019","7,150.00","7,177.00","7,075.00","7,098.45","537,228"
"19-Nov-2019","7,146.00","7,155.00","7,032.00","7,045.45","755,114"
"20-Nov-2019","7,120.00","7,218.00","7,044.00","7,152.75","1,289,948"
"21-Nov-2019","7,150.00","7,200.00","7,004.80","7,019.05","763,454"
"22-Nov-2019","7,034.00","7,077.45","7,000.00","7,060.45","685,503"
"25-Nov-2019","7,075.20","7,263.50","7,040.30","7,236.10","952,419"
"26-Nov-2019","7,238.00","7,274.00","7,084.00","7,125.00","1,249,810"
"27-Nov-2019","7,166.60","7,300.00","7,166.60","7,294.40","1,070,680"
"28-Nov-2019","7,299.80","7,321.10","7,220.95","7,261.25","602,077"
"29-Nov-2019","7,254.00","7,293.85","7,132.00","7,245.85","792,083"
"02-Dec-2019","7,291.00","7,294.85","7,106.75","7,139.35","703,838"
"03-Dec-2019","7,142.65","7,240.00","7,060.00","7,138.80","668,269"
"04-Dec-2019","7,129.80","7,170.00","7,052.00","7,076.10","737,723"
"05-Dec-2019","7,090.00","7,125.15","6,990.55","7,012.85","602,894"
"06-Dec-2019","7,012.85","7,050.00","6,864.10","6,886.70","770,911"
"09-Dec-2019","7,007.00","7,108.00","6,952.35","6,994.75","1,479,832"
"10-Dec-2019","7,019.00","7,048.95","6,905.00","6,963.65","790,378"
"11-Dec-2019","7,000.00","7,035.00","6,955.20","6,993.20","603,048"
"12-Dec-2019","7,030.40","7,045.95","6,975.50","6,999.80","932,863"
"13-Dec-2019","7,043.95","7,249.00","7,030.15","7,214.95","1,199,360"
"16-Dec-2019","7,240.00","7,257.70","7,125.00","7,140.05","727,854"
"17-Dec-2019","7,209.90","7,276.50","7,166.00","7,195.15","939,918"
"18-Dec-2019","7,220.00","7,254.95","7,164.00","7,240.65","841,740"
"19-Dec-2019","7,248.95","7,310.00","7,166.00","7,240.65","1,001,697"
"20-Dec-2019","7,240.65","7,304.35","7,227.50","7,261.50","679,779"
"23-Dec-2019","7,275.00","7,378.60","7,250.10","7,360.90","914,067"
"24-Dec-2019","7,397.00","7,423.70","7,302.00","7,327.80","850,537"
"26-Dec-2019","7,334.00","7,343.45","7,222.00","7,240.90","556,360"
"27-Dec-2019","7,268.00","7,368.50","7,251.40","7,344.90","665,383"
"30-Dec-2019","7,378.00","7,431.95","7,341.60","7,416.25","739,631"
"31-Dec-2019","7,412.50","7,412.50","7,355.25","7,368.60","560,622"
"01-Jan-2020","7,377.00","7,409.95","7,282.05","7,311.70","634,725"
"02-Jan-2020","7,327.60","7,368.00","7,312.00","7,329.85","616,838"
"03-Jan-2020","7,328.95","7,332.00","7,226.00","7,254.25","571,967"
"06-Jan-2020","7,200.00","7,210.00","7,026.50","7,042.40","748,516"
"07-Jan-2020","7,100.00","7,165.60","7,026.40","7,073.60","590,500"
"08-Jan-2020","7,060.00","7,116.65","6,980.45","7,035.20","793,313"
"09-Jan-2020","7,140.00","7,240.00","7,102.00","7,227.90","798,184"
"10-Jan-2020","7,261.40","7,349.90","7,234.40","7,330.50","747,847"
"13-Jan-2020","7,332.00","7,370.00","7,279.80","7,352.70","537,399"
"14-Jan-2020","7,355.00","7,412.40","7,325.60","7,386.80","548,522"
"15-Jan-2020","7,388.95","7,505.00","7,353.00","7,482.95","692,726"
"16-Jan-2020","7,456.50","7,521.00","7,421.20","7,462.65","640,207"
"17-Jan-2020","7,469.00","7,569.90","7,432.55","7,520.15","750,738"
"20-Jan-2020","7,521.25","7,529.50","7,421.05","7,449.60","407,828"
"21-Jan-2020","7,411.50","7,434.65","7,287.80","7,302.65","442,561"
"22-Jan-2020","7,340.00","7,374.95","7,107.95","7,135.60","1,048,435"
"23-Jan-2020","7,145.40","7,220.00","7,123.15","7,147.10","589,326"
"24-Jan-2020","7,148.80","7,210.00","7,111.25","7,128.45","645,723"
"27-Jan-2020","7,101.50","7,225.00","7,061.00","7,148.80","573,149"
"28-Jan-2020","7,179.95","7,219.95","6,963.00","6,997.05","1,614,448"
"29-Jan-2020","7,010.00","7,116.25","6,975.00","7,010.30","1,001,252"
"30-Jan-2020","7,020.00","7,049.00","6,981.00","7,020.45","579,174"
"31-Jan-2020","7,035.00","7,064.00","6,895.55","6,913.50","868,935"
"01-Feb-2020","6,915.00","7,109.80","6,740.30","6,812.65","1,412,932"
"03-Feb-2020","6,780.00","7,044.85","6,780.00","7,011.30","1,010,531"
"04-Feb-2020","7,020.00","7,215.00","7,001.00","7,199.60","973,311"
"05-Feb-2020","7,215.00","7,231.60","7,025.60","7,040.90","718,489"
"06-Feb-2020","7,075.00","7,120.35","6,976.80","7,021.60","875,714"
"07-Feb-2020","7,039.00","7,050.00","6,935.00","6,971.75","645,814"
"10-Feb-2020","6,975.00","6,989.10","6,851.10","6,892.90","593,773"
"11-Feb-2020","6,950.00","7,089.00","6,912.30","7,033.75","743,160"
"12-Feb-2020","7,056.10","7,110.00","7,007.95","7,043.30","599,364"
"13-Feb-2020","7,050.00","7,056.00","6,925.00","7,005.05","723,169"
"14-Feb-2020","7,000.05","7,088.95","6,901.00","6,913.80","614,859"
"17-Feb-2020","6,920.00","6,980.00","6,880.00","6,906.75","463,548"
"18-Feb-2020","6,925.00","6,930.00","6,735.80","6,781.10","830,678"
"19-Feb-2020","6,850.00","6,854.95","6,624.60","6,756.60","1,033,939"
"20-Feb-2020","6,761.00","6,807.55","6,720.00","6,757.60","682,513"
"24-Feb-2020","6,710.00","6,710.00","6,439.80","6,470.40","1,091,346"
"25-Feb-2020","6,505.40","6,510.00","6,376.55","6,414.55","964,897"
"26-Feb-2020","6,350.00","6,368.85","6,186.05","6,234.85","1,580,738"
"27-Feb-2020","6,230.00","6,338.05","6,166.80","6,289.80","1,492,657"
"28-Feb-2020","6,163.05","6,367.35","6,103.20","6,283.10","1,468,843"
"02-Mar-2020","6,400.95","6,439.55","6,250.00","6,285.15","1,219,764"
"03-Mar-2020","6,318.00","6,422.15","6,280.50","6,386.05","849,199"
"04-Mar-2020","6,390.00","6,424.00","6,209.00","6,384.35","904,360"
"05-Mar-2020","6,411.90","6,464.00","6,330.20","6,365.95","645,853"
"06-Mar-2020","6,196.40","6,480.00","6,100.15","6,445.95","1,140,899"
"09-Mar-2020","6,301.00","6,374.00","6,079.40","6,201.10","1,082,031"
"11-Mar-2020","6,160.00","6,310.95","6,105.00","6,146.30","937,029"
"12-Mar-2020","5,939.30","5,939.30","5,555.55","5,643.15","1,345,986"
"13-Mar-2020","5,325.20","6,063.50","4,803.05","5,838.60","1,480,275"
"16-Mar-2020","5,638.60","5,688.00","5,400.00","5,480.25","933,424"
"17-Mar-2020","5,502.00","5,746.95","5,502.00","5,603.95","1,238,640"
"18-Mar-2020","5,671.00","5,688.80","5,312.55","5,352.65","973,406"
"19-Mar-2020","4,870.00","5,096.60","4,652.55","4,819.55","2,554,586"
"20-Mar-2020","4,869.00","5,225.00","4,812.60","5,079.20","1,614,608"
"23-Mar-2020","4,575.00","4,790.00","4,141.00","4,220.35","1,531,989"
"24-Mar-2020","4,341.00","4,570.00","4,030.00","4,486.45","1,746,713"
"25-Mar-2020","4,439.00","5,159.40","4,310.10","5,005.95","1,728,820"
"26-Mar-2020","5,024.45","5,120.00","4,750.00","4,878.00","1,338,798"
"27-Mar-2020","5,100.00","5,136.50","4,555.00","4,646.10","1,339,446"
"30-Mar-2020","4,587.45","4,639.95","4,270.00","4,328.45","1,528,083"
"31-Mar-2020","4,450.00","4,468.05","4,210.00","4,288.30","2,140,288"
"01-Apr-2020","4,290.00","4,424.85","4,190.10","4,246.35","1,323,857"
"03-Apr-2020","4,250.00","4,267.00","4,001.10","4,011.50","1,724,863"
"07-Apr-2020","4,150.00","4,612.90","4,120.00","4,553.65","2,688,425"
"08-Apr-2020","4,406.50","4,925.00","4,406.50","4,698.10","2,798,838"
"09-Apr-2020","4,794.45","5,399.00","4,736.20","5,326.65","3,786,661"
"13-Apr-2020","5,285.00","5,343.40","5,001.00","5,283.15","2,192,269"
"15-Apr-2020","5,307.50","5,350.00","5,041.00","5,094.30","2,094,529"
"16-Apr-2020","5,017.00","5,228.00","4,970.00","5,130.80","1,752,170"
"17-Apr-2020","5,325.00","5,602.95","5,211.70","5,505.00","2,192,907"
"20-Apr-2020","5,512.00","5,573.95","5,280.00","5,331.35","1,555,313"
"21-Apr-2020","5,131.30","5,131.30","4,884.50","5,001.10","1,843,174"
"22-Apr-2020","5,009.00","5,248.25","4,991.00","5,180.85","1,991,789"
"23-Apr-2020","5,169.00","5,244.60","5,045.00","5,156.35","1,454,065"
"24-Apr-2020","5,100.00","5,140.00","5,030.00","5,045.65","1,070,905"
"27-Apr-2020","5,150.10","5,225.00","4,991.55","5,056.35","1,432,342"
"28-Apr-2020","5,090.00","5,120.00","4,990.25","5,052.70","1,172,062"
"29-Apr-2020","5,100.00","5,100.00","5,011.05","5,068.45","1,038,100"
"30-Apr-2020","5,122.00","5,425.00","5,122.00","5,358.80","2,341,400"
"04-May-2020","5,096.00","5,130.25","4,840.00","4,886.30","1,742,871"
"05-May-2020","4,995.00","5,029.55","4,800.00","4,829.85","1,570,620"
"06-May-2020","4,841.20","5,000.00","4,710.00","4,843.25","2,214,534"
"07-May-2020","4,899.50","4,935.35","4,735.00","4,749.30","1,530,824"
"08-May-2020","4,874.00","4,879.00","4,637.50","4,654.15","1,828,146"
"11-May-2020","4,750.00","5,014.60","4,730.15","4,937.80","3,176,498"
"12-May-2020","4,914.00","4,985.00","4,690.05","4,951.30","3,124,772"
"13-May-2020","5,250.00","5,317.45","4,986.25","5,036.10","3,304,851"
"14-May-2020","4,905.00","5,145.00","4,852.15","5,114.05","2,590,715"
"15-May-2020","5,110.00","5,123.20","4,961.15","5,100.40","2,182,575"
"18-May-2020","5,080.40","5,095.00","4,680.55","4,720.95","3,164,147"
"19-May-2020","4,842.00","4,900.00","4,755.75","4,805.30","2,108,189"
"20-May-2020","4,754.00","4,920.00","4,745.50","4,891.95","1,518,297"
"21-May-2020","4,890.00","5,073.80","4,851.05","5,050.10","1,868,172"
"22-May-2020","5,010.00","5,150.00","4,930.75","5,134.30","1,935,877"
"26-May-2020","5,200.00","5,285.80","5,160.65","5,246.15","1,508,804"
"27-May-2020","5,270.00","5,291.00","5,135.40","5,244.40","1,534,657"
"28-May-2020","5,267.00","5,495.00","5,220.00","5,468.35","2,325,387"
"29-May-2020","5,375.00","5,666.75","5,375.00","5,610.80","3,386,741"
"01-Jun-2020","5,690.00","5,864.65","5,666.90","5,793.60","2,341,043"
"02-Jun-2020","5,797.75","5,849.00","5,625.10","5,690.10","2,110,720"
"03-Jun-2020","5,730.00","5,832.00","5,606.00","5,624.00","1,652,859"
"04-Jun-2020","5,658.00","5,719.95","5,572.00","5,690.20","1,642,052"
"05-Jun-2020","5,728.30","5,785.00","5,671.10","5,746.20","1,236,660"
"08-Jun-2020","5,850.00","5,850.00","5,701.50","5,734.80","1,176,769"
"09-Jun-2020","5,754.00","5,787.00","5,620.00","5,662.30","1,336,815"
"10-Jun-2020","5,655.00","5,740.00","5,615.00","5,675.60","1,432,292"
"11-Jun-2020","5,637.00","5,689.00","5,400.30","5,426.15","1,766,482"
"12-Jun-2020","5,201.00","5,608.30","5,201.00","5,561.75","2,064,628"
"15-Jun-2020","5,520.00","5,585.00","5,391.05","5,475.75","1,530,606"
"16-Jun-2020","5,590.00","5,612.55","5,400.00","5,502.20","1,184,933"
"17-Jun-2020","5,445.00","5,813.45","5,445.00","5,726.20","3,454,869"
"18-Jun-2020","5,695.00","5,758.00","5,641.00","5,714.40","1,580,217"
"19-Jun-2020","5,751.00","5,935.00","5,707.00","5,897.35","1,854,591"
"22-Jun-2020","5,900.00","5,975.00","5,806.35","5,896.00","1,497,825"
"23-Jun-2020","5,900.00","6,007.20","5,862.55","5,886.50","1,398,189"
"24-Jun-2020","5,938.00","5,938.00","5,730.00","5,755.35","1,268,492"
"25-Jun-2020","5,677.00","5,846.80","5,651.00","5,762.30","1,266,213"
"26-Jun-2020","5,800.00","5,810.00","5,695.00","5,754.90","1,063,059"
"29-Jun-2020","5,730.00","5,800.00","5,650.00","5,678.70","1,102,655"
"30-Jun-2020","5,750.00","5,874.50","5,681.45","5,838.30","2,015,839"
"01-Jul-2020","5,838.30","5,885.00","5,775.00","5,803.10","1,284,965"
"02-Jul-2020","5,850.00","5,960.00","5,762.80","5,948.45","1,470,951"
"03-Jul-2020","5,948.45","5,988.60","5,883.05","5,932.10","1,059,779"
"06-Jul-2020","5,963.45","6,147.70","5,925.00","6,123.60","1,385,087"
"07-Jul-2020","6,140.00","6,250.00","6,092.65","6,226.75","1,799,721"
"08-Jul-2020","6,226.75","6,235.00","6,022.60","6,044.40","1,204,104"
"09-Jul-2020","6,080.00","6,096.00","5,931.35","6,002.35","1,043,433"
"10-Jul-2020","5,980.00","6,085.10","5,921.00","5,955.65","1,168,905"
"13-Jul-2020","6,000.00","6,059.25","5,927.80","5,988.85","1,035,124"
"14-Jul-2020","5,951.00","5,958.75","5,750.00","5,771.75","1,602,939"
"15-Jul-2020","5,810.00","5,879.80","5,755.00","5,801.30","1,246,712"
"16-Jul-2020","5,809.00","5,920.00","5,752.00","5,875.35","1,018,659"
"17-Jul-2020","5,898.00","5,956.00","5,851.00","5,919.50","810,164"
"20-Jul-2020","5,935.00","5,936.00","5,812.00","5,867.50","912,611"
"21-Jul-2020","5,919.50","6,150.00","5,900.00","6,130.85","1,854,694"
"22-Jul-2020","6,117.00","6,129.00","5,939.70","6,003.40","1,140,094"
"23-Jul-2020","6,013.00","6,090.00","5,967.95","6,065.95","701,702"
"24-Jul-2020","6,010.00","6,047.35","5,932.10","6,000.70","793,324"
"27-Jul-2020","6,008.00","6,062.85","5,928.05","6,043.30","902,597"
"28-Jul-2020","6,050.00","6,320.35","6,031.15","6,282.80","1,774,866"
"29-Jul-2020","6,269.95","6,295.00","6,118.95","6,185.15","2,057,207"
"30-Jul-2020","6,184.05","6,393.65","6,170.05","6,265.40","2,217,867"
"31-Jul-2020","6,265.00","6,379.85","6,209.00","6,262.75","1,613,555"
"03-Aug-2020","6,380.00","6,437.45","6,125.05","6,165.20","1,836,582"
"04-Aug-2020","6,199.00","6,376.85","6,185.00","6,358.95","1,223,516"
"05-Aug-2020","6,388.90","6,597.70","6,380.00","6,526.25","2,278,683"
"06-Aug-2020","6,534.95","6,585.85","6,434.40","6,555.75","1,233,253"
"07-Aug-2020","6,498.00","6,749.50","6,481.85","6,679.00","1,568,000"
"10-Aug-2020","6,690.00","6,728.70","6,576.00","6,608.90","1,601,753"
"11-Aug-2020","6,665.00","6,713.50","6,611.00","6,649.20","880,811"
"12-Aug-2020","6,609.95","6,778.05","6,592.10","6,730.30","1,114,994"
"13-Aug-2020","6,729.95","6,772.00","6,655.00","6,731.65","1,087,096"
"14-Aug-2020","6,740.00","6,745.15","6,552.05","6,588.20","905,798"
"17-Aug-2020","6,660.00","6,789.95","6,588.20","6,768.40","1,028,545"
"18-Aug-2020","6,768.40","6,924.90","6,760.90","6,893.10","1,322,542"
"19-Aug-2020","6,924.00","7,014.70","6,885.05","6,990.30","1,326,450"
"20-Aug-2020","6,891.10","6,999.00","6,880.05","6,974.70","958,233"
"21-Aug-2020","7,048.00","7,065.00","6,951.00","6,973.00","971,836"
"24-Aug-2020","6,985.00","7,100.00","6,955.00","7,082.50","961,178"
"25-Aug-2020","7,100.00","7,175.70","7,075.65","7,109.95","1,047,628"
"26-Aug-2020","7,110.00","7,158.00","6,972.00","7,008.65","992,395"
"27-Aug-2020","7,043.00","7,127.70","6,960.80","7,098.00","1,158,982"
"28-Aug-2020","7,125.00","7,156.00","7,028.45","7,104.10","1,019,984"
"31-Aug-2020","7,138.00","7,160.00","6,790.45","6,839.95","1,580,778"
"01-Sep-2020","6,860.45","7,018.70","6,802.00","6,905.65","1,117,127"
"02-Sep-2020","6,905.50","6,980.00","6,852.40","6,920.75","776,393"
"03-Sep-2020","6,925.00","7,116.90","6,920.75","7,072.60","947,751"
"04-Sep-2020","6,985.00","7,324.00","6,965.05","7,190.10","2,185,296"
"07-Sep-2020","7,225.00","7,300.00","7,129.25","7,209.15","1,348,919"
"08-Sep-2020","7,220.00","7,278.00","7,137.65","7,224.00","1,145,075"
"09-Sep-2020","7,200.00","7,256.35","7,121.20","7,215.25","1,273,303"
"10-Sep-2020","7,264.00","7,299.40","7,168.00","7,231.65","978,701"
"11-Sep-2020","7,279.95","7,349.90","7,175.00","7,193.60","1,383,019"
"14-Sep-2020","7,219.00","7,239.60","7,085.00","7,128.85","1,003,493"
"15-Sep-2020","7,164.00","7,175.00","7,005.00","7,052.80","894,418"
"16-Sep-2020","7,074.00","7,169.00","7,041.00","7,057.95","920,587"
"17-Sep-2020","7,049.50","7,112.90","6,941.00","7,085.85","1,133,421"
"18-Sep-2020","7,148.00","7,149.00","6,931.60","6,964.75","1,143,560"
"21-Sep-2020","6,964.75","6,986.90","6,590.00","6,626.95","1,290,483"
"22-Sep-2020","6,675.00","6,685.95","6,312.35","6,440.55","2,666,025"
"23-Sep-2020","6,462.00","6,549.95","6,380.00","6,501.30","1,456,257"
"24-Sep-2020","6,435.00","6,486.80","6,270.15","6,297.70","1,237,679"
"25-Sep-2020","6,395.00","6,518.55","6,331.00","6,497.70","1,316,469"
"28-Sep-2020","6,579.00","6,720.00","6,542.30","6,703.00","1,099,630"
"29-Sep-2020","6,749.00","6,813.30","6,671.00","6,742.75","1,199,391"
"30-Sep-2020","6,710.00","6,779.95","6,671.00","6,743.45","812,841"
"01-Oct-2020","6,838.20","6,909.00","6,775.40","6,796.30","1,256,003"
"05-Oct-2020","6,865.00","6,877.60","6,745.00","6,818.85","833,481"
"06-Oct-2020","6,858.00","6,939.80","6,830.00","6,892.40","756,215"
"07-Oct-2020","6,920.00","7,070.00","6,865.55","7,046.90","1,101,957"
"08-Oct-2020","7,090.00","7,140.00","7,021.00","7,079.85","851,205"
"09-Oct-2020","7,060.00","7,159.00","7,001.00","7,062.40","839,682"
"12-Oct-2020","7,110.00","7,155.00","7,005.00","7,136.65","799,713"
"13-Oct-2020","7,135.00","7,185.00","7,022.00","7,032.90","819,418"
"14-Oct-2020","7,040.00","7,075.00","6,927.45","7,002.35","779,634"
"15-Oct-2020","7,029.00","7,049.90","6,857.70","6,892.60","681,321"
"16-Oct-2020","6,895.00","6,980.00","6,863.00","6,894.90","657,914"
"19-Oct-2020","6,975.00","6,980.00","6,825.00","6,851.95","548,472"
"20-Oct-2020","6,817.00","6,949.00","6,810.00","6,844.60","659,864"
"21-Oct-2020","6,904.00","6,947.60","6,764.65","6,861.85","911,969"
"22-Oct-2020","6,828.00","6,860.00","6,775.20","6,811.55","584,542"
"23-Oct-2020","6,858.00","7,124.70","6,832.00","7,103.25","1,758,999"
"26-Oct-2020","7,100.00","7,161.30","6,935.05","7,054.80","1,559,361"
"27-Oct-2020","7,067.00","7,209.75","7,053.00","7,158.40","1,461,819"
"28-Oct-2020","7,194.95","7,332.00","7,110.00","7,186.05","1,645,177"
"29-Oct-2020","7,114.00","7,199.00","6,986.70","7,117.70","1,434,853"
"30-Oct-2020","7,079.05","7,110.00","6,881.00","6,965.15","1,360,249"
"02-Nov-2020","7,044.90","7,053.40","6,850.00","6,868.35","1,059,351"
"03-Nov-2020","6,940.00","6,963.25","6,852.45","6,913.35","926,491"
"04-Nov-2020","6,913.35","7,054.00","6,909.50","6,954.05","901,404"
"05-Nov-2020","7,020.00","7,104.90","6,979.65","7,092.80","843,221"
"06-Nov-2020","7,092.00","7,135.00","6,890.00","6,907.60","1,378,439"
"09-Nov-2020","6,989.95","7,032.60","6,815.00","6,872.15","1,479,540"
"10-Nov-2020","6,973.10","6,974.00","6,761.45","6,793.45","1,695,413"
"11-Nov-2020","6,859.00","6,904.00","6,753.10","6,857.35","1,481,918"
"12-Nov-2020","6,857.00","6,930.00","6,792.00","6,836.85","1,418,041"
"13-Nov-2020","6,880.00","6,880.00","6,786.00","6,809.25","970,632"
"14-Nov-2020","6,850.00","6,859.90","6,835.00","6,852.25","128,193"
"17-Nov-2020","6,865.00","6,996.90","6,863.00","6,981.45","1,243,068"
"18-Nov-2020","6,979.95","7,070.00","6,948.00","7,054.30","1,400,300"
"19-Nov-2020","7,031.00","7,130.00","6,915.20","6,963.30","1,305,695"
"20-Nov-2020","6,959.55","7,020.00","6,904.00","6,965.85","923,474"
"23-Nov-2020","7,040.00","7,044.00","6,932.60","6,987.75","735,755"
"24-Nov-2020","7,050.00","7,209.00","7,050.00","7,158.40","1,910,670"
"25-Nov-2020","7,250.00","7,252.35","7,017.00","7,055.70","947,742"
"26-Nov-2020","7,080.00","7,098.00","6,903.00","6,994.25","1,068,945"
"27-Nov-2020","7,040.30","7,111.00","6,930.00","7,035.80","2,123,905"
"01-Dec-2020","7,141.80","7,141.80","6,975.20","7,101.70","1,076,695"
"02-Dec-2020","7,110.00","7,220.00","7,105.00","7,206.50","1,106,734"
"03-Dec-2020","7,250.00","7,782.85","7,249.60","7,739.10","3,846,792"
"04-Dec-2020","7,798.00","7,882.65","7,641.25","7,803.15","2,393,536"
"07-Dec-2020","7,828.80","7,835.00","7,690.00","7,743.40","1,037,296"
"08-Dec-2020","7,748.00","8,013.15","7,700.00","7,762.70","1,885,285"
"09-Dec-2020","7,775.00","7,799.95","7,692.00","7,709.25","822,760"
"10-Dec-2020","7,760.00","7,850.00","7,710.00","7,736.00","1,186,739"
"11-Dec-2020","7,779.95","7,795.70","7,700.00","7,733.55","706,875"
"14-Dec-2020","7,810.00","7,825.00","7,655.00","7,696.80","1,038,032"
"15-Dec-2020","7,696.80","7,790.00","7,640.55","7,765.25","891,801"
"16-Dec-2020","7,820.00","7,899.00","7,770.00","7,796.35","963,504"
"17-Dec-2020","7,799.90","7,831.90","7,625.00","7,694.00","734,075"
"18-Dec-2020","7,714.00","7,727.00","7,541.75","7,559.75","1,078,328"
"21-Dec-2020","7,560.00","7,599.00","7,278.10","7,376.10","970,306"
"22-Dec-2020","7,380.00","7,438.00","7,205.10","7,395.40","1,138,240"
"23-Dec-2020","7,400.40","7,555.60","7,394.00","7,449.95","951,805"
"24-Dec-2020","7,507.25","7,532.75","7,414.20","7,446.05","589,281"
"28-Dec-2020","7,465.00","7,543.00","7,454.00","7,483.00","521,320"
"29-Dec-2020","7,520.00","7,545.00","7,418.30","7,452.35","538,719"
"30-Dec-2020","7,497.00","7,635.00","7,430.00","7,612.90","1,029,800"
"31-Dec-2020","7,614.65","7,697.00","7,580.00","7,649.60","908,515"
"01-Jan-2021","7,654.00","7,748.50","7,650.00","7,691.30","767,574"
"04-Jan-2021","7,739.00","7,755.20","7,642.60","7,702.30","598,645"
"05-Jan-2021","7,660.00","7,673.00","7,586.00","7,655.45","562,668"
"06-Jan-2021","7,654.00","7,749.00","7,555.50","7,628.60","840,678"
"07-Jan-2021","7,676.00","7,704.40","7,552.10","7,566.05","642,968"
"08-Jan-2021","7,600.00","8,060.00","7,600.00","8,014.90","2,557,157"
"11-Jan-2021","8,099.00","8,288.00","7,882.40","8,232.75","2,182,019"
"12-Jan-2021","8,161.00","8,329.00","8,140.00","8,188.05","1,514,072"
"13-Jan-2021","8,188.00","8,250.00","8,111.00","8,139.85","877,225"
"14-Jan-2021","8,164.80","8,180.00","8,023.45","8,149.45","718,274"
"15-Jan-2021","8,157.15","8,219.50","8,000.05","8,024.75","751,177"
"18-Jan-2021","8,011.00","8,023.95","7,745.00","7,830.65","771,183"
"19-Jan-2021","7,900.00","7,990.30","7,835.00","7,922.60","779,892"
"20-Jan-2021","7,882.00","8,170.00","7,860.25","8,144.95","999,226"
"21-Jan-2021","8,205.00","8,267.00","8,021.45","8,076.75","769,494"
"22-Jan-2021","8,085.00","8,308.00","8,000.00","8,048.85","1,172,914"
"25-Jan-2021","8,117.00","8,164.70","7,950.10","7,981.50","753,043"
"27-Jan-2021","7,992.95","8,090.00","7,820.50","7,870.90","1,080,785"
"28-Jan-2021","7,840.00","7,984.55","7,562.00","7,588.50","2,085,637"
"29-Jan-2021","7,685.00","7,685.00","7,170.00","7,206.65","3,069,968"
"01-Feb-2021","7,265.20","7,475.00","7,152.00","7,399.80","1,611,478"
"02-Feb-2021","7,534.90","7,769.75","7,490.15","7,654.70","1,700,845"
"03-Feb-2021","7,680.00","7,716.45","7,475.85","7,589.20","1,491,567"
"04-Feb-2021","7,600.00","7,765.00","7,529.05","7,640.00","1,198,036"
"05-Feb-2021","7,680.00","7,736.00","7,461.00","7,494.15","1,128,089"
"08-Feb-2021","7,515.00","7,638.00","7,474.50","7,574.60","912,372"
"09-Feb-2021","7,581.00","7,680.00","7,574.00","7,627.05","925,127"
"10-Feb-2021","7,605.20","7,674.90","7,506.05","7,621.70","1,015,600"
"11-Feb-2021","7,600.00","7,744.00","7,567.65","7,667.35","818,869"
"12-Feb-2021","7,620.10","7,675.00","7,525.90","7,568.50","756,833"
"15-Feb-2021","7,600.00","7,649.10","7,580.00","7,596.65","470,093"
"16-Feb-2021","7,639.00","7,799.00","7,625.25","7,697.05","1,321,126"
"17-Feb-2021","7,679.95","7,691.50","7,471.30","7,503.20","1,023,548"
"18-Feb-2021","7,574.85","7,579.05","7,460.00","7,497.55","821,462"
"19-Feb-2021","7,448.00","7,486.40","7,285.00","7,323.00","1,013,887"
"22-Feb-2021","7,323.00","7,325.00","7,056.00","7,086.45","1,502,068"
"23-Feb-2021","7,118.80","7,122.35","6,938.00","6,970.50","1,589,884"
"24-Feb-2021","6,905.00","7,036.00","6,877.50","6,952.95","1,225,254"
"25-Feb-2021","7,065.00","7,069.00","6,915.00","6,930.35","1,740,066"
"26-Feb-2021","6,900.00","7,075.00","6,822.20","6,866.15","2,687,534"
"01-Mar-2021","6,977.00","7,032.85","6,917.05","7,015.00","1,417,600"
"02-Mar-2021","7,060.00","7,235.00","7,030.00","7,214.10","1,395,296"
"03-Mar-2021","7,245.60","7,262.30","7,101.20","7,124.70","796,258"
"04-Mar-2021","7,080.00","7,175.20","7,011.00","7,131.60","906,310"
"05-Mar-2021","7,130.00","7,315.00","7,070.00","7,249.00","1,821,165"
"08-Mar-2021","7,264.90","7,338.80","7,216.00","7,259.50","977,572"
"09-Mar-2021","7,329.40","7,329.40","7,256.00","7,301.55","678,485"
"10-Mar-2021","7,320.00","7,387.00","7,251.00","7,272.10","659,270"
"12-Mar-2021","7,300.00","7,313.00","7,061.40","7,096.20","946,720"
"15-Mar-2021","7,145.00","7,162.95","7,011.00","7,089.30","700,309"
"16-Mar-2021","7,100.00","7,200.00","7,100.00","7,150.30","796,357"
"17-Mar-2021","7,160.00","7,169.95","7,043.50","7,064.65","688,581"
"18-Mar-2021","7,125.00","7,242.00","7,060.00","7,113.75","984,545"
"19-Mar-2021","7,059.95","7,149.95","6,905.50","7,113.55","838,756"
"22-Mar-2021","7,104.00","7,142.50","7,050.20","7,101.25","533,767"
"23-Mar-2021","7,138.00","7,225.00","7,130.00","7,186.25","757,590"
"24-Mar-2021","7,136.00","7,158.40","7,049.95","7,066.20","457,147"
"25-Mar-2021","7,050.00","7,059.00","6,755.25","6,786.85","1,338,767"
"26-Mar-2021","6,889.00","6,898.95","6,771.00","6,784.45","911,299"
"30-Mar-2021","6,811.00","6,875.00","6,740.00","6,851.80","1,088,917"
"31-Mar-2021","6,852.30","6,939.90","6,795.20","6,859.20","735,382"
"01-Apr-2021","6,950.00","6,991.50","6,855.00","6,923.90","660,759"
"05-Apr-2021","6,908.50","6,908.50","6,724.60","6,768.55","668,129"
"06-Apr-2021","6,818.25","6,846.95","6,720.00","6,751.30","628,262"
"07-Apr-2021","6,790.00","6,885.00","6,775.05","6,865.00","598,115"
"08-Apr-2021","6,881.00","6,939.30","6,806.85","6,826.85","604,553"
"09-Apr-2021","6,850.00","6,875.25","6,778.00","6,827.10","641,327"
"12-Apr-2021","6,739.85","6,739.85","6,502.15","6,520.60","1,020,746"
"13-Apr-2021","6,520.00","6,845.40","6,468.80","6,815.80","995,718"
"15-Apr-2021","6,846.60","6,846.85","6,551.00","6,644.25","1,267,365"
"16-Apr-2021","6,675.00","6,784.85","6,606.05","6,648.10","1,000,325"
"19-Apr-2021","6,500.35","6,530.00","6,415.00","6,511.75","772,219"
"20-Apr-2021","6,615.00","6,678.70","6,558.55","6,646.65","914,142"
"22-Apr-2021","6,625.95","6,674.90","6,545.00","6,650.10","667,911"
"23-Apr-2021","6,560.00","6,714.70","6,560.00","6,676.10","709,306"
"26-Apr-2021","6,690.20","6,789.00","6,600.00","6,638.90","937,344"
"27-Apr-2021","6,669.95","6,709.00","6,542.00","6,568.75","1,610,651"
"28-Apr-2021","6,568.75","6,650.00","6,545.00","6,573.80","1,406,270"
"29-Apr-2021","6,635.00","6,647.45","6,552.00","6,565.65","757,075"
"30-Apr-2021","6,537.10","6,559.60","6,421.00","6,455.65","849,997"
"03-May-2021","6,430.00","6,622.00","6,400.00","6,597.85","834,923"
"04-May-2021","6,639.95","6,648.50","6,482.00","6,508.25","507,170"
"05-May-2021","6,557.70","6,599.00","6,483.00","6,590.10","499,160"
"06-May-2021","6,590.00","6,709.00","6,575.70","6,666.65","520,125"
"07-May-2021","6,679.00","6,754.55","6,640.00","6,703.05","605,050"
"10-May-2021","6,675.20","6,773.15","6,660.10","6,764.00","541,534"
"11-May-2021","6,680.15","6,749.00","6,660.25","6,736.65","406,046"
"12-May-2021","6,730.00","6,840.00","6,685.00","6,817.55","770,204"
"14-May-2021","6,840.00","6,842.15","6,700.20","6,736.40","647,029"
"17-May-2021","6,716.50","6,838.40","6,697.55","6,717.85","995,827"
"18-May-2021","6,788.00","6,864.00","6,715.45","6,811.10","805,827"
"19-May-2021","6,799.00","6,854.95","6,760.00","6,775.90","432,774"
"20-May-2021","6,780.80","6,814.70","6,729.50","6,737.85","470,476"
"21-May-2021","6,780.00","6,835.50","6,744.25","6,814.65","434,363"
"24-May-2021","6,802.00","6,965.00","6,802.00","6,871.60","1,027,484"
"25-May-2021","6,939.95","6,948.00","6,888.00","6,911.80","438,736"
"26-May-2021","6,926.00","7,051.00","6,912.00","7,034.30","691,574"
"27-May-2021","7,022.00","7,069.00","6,951.15","6,968.90","922,091"
"28-May-2021","6,988.60","7,047.00","6,940.50","6,970.00","393,809"
"31-May-2021","6,955.00","7,100.00","6,924.05","7,086.30","718,277"
"01-Jun-2021","7,107.55","7,143.00","7,047.05","7,091.15","642,841"
"02-Jun-2021","7,063.45","7,197.70","7,063.45","7,184.70","598,862"
"03-Jun-2021","7,200.00","7,230.00","7,165.05","7,209.50","401,590"
"04-Jun-2021","7,200.00","7,272.00","7,151.10","7,214.70","575,591"
"07-Jun-2021","7,221.00","7,328.85","7,211.10","7,275.65","520,482"
"08-Jun-2021","7,317.50","7,366.45","7,295.20","7,336.75","538,816"
"09-Jun-2021","7,310.20","7,339.20","7,200.00","7,239.00","443,778"
"10-Jun-2021","7,258.00","7,279.45","7,174.05","7,199.90","278,027"
"11-Jun-2021","7,244.00","7,244.00","7,186.40","7,223.80","253,689"
"14-Jun-2021","7,195.00","7,212.95","7,095.05","7,177.85","322,353"
"15-Jun-2021","7,181.15","7,228.85","7,156.30","7,166.25","207,625"
"16-Jun-2021","7,166.00","7,193.75","7,070.00","7,114.25","283,007"
"17-Jun-2021","7,060.00","7,099.10","6,931.10","6,969.35","595,255"
"18-Jun-2021","6,989.85","6,989.85","6,821.00","6,959.35","797,389"
"21-Jun-2021","6,870.00","6,925.00","6,842.00","6,899.90","443,795"
"22-Jun-2021","6,940.00","7,299.95","6,930.00","7,265.40","1,757,310"
"23-Jun-2021","7,266.10","7,479.00","7,240.05","7,432.70","2,227,399"
"24-Jun-2021","7,448.80","7,550.00","7,410.10","7,527.45","1,041,762"
"25-Jun-2021","7,540.00","7,665.00","7,540.00","7,649.00","1,216,123"
"28-Jun-2021","7,698.00","7,698.00","7,571.40","7,596.25","433,364"
"29-Jun-2021","7,596.00","7,601.00","7,452.55","7,487.50","480,219"
"30-Jun-2021","7,505.50","7,646.60","7,492.60","7,515.90","729,267"
"01-Jul-2021","7,500.00","7,605.00","7,495.05","7,584.40","584,331"
"02-Jul-2021","7,625.00","7,634.50","7,546.55","7,573.85","434,905"
"05-Jul-2021","7,596.30","7,690.00","7,583.00","7,599.45","484,183"
"06-Jul-2021","7,600.00","7,657.95","7,487.45","7,514.95","425,103"
"07-Jul-2021","7,528.00","7,581.00","7,433.65","7,449.40","395,336"
"08-Jul-2021","7,455.00","7,498.00","7,385.00","7,401.20","391,940"
"09-Jul-2021","7,381.00","7,447.90","7,343.40","7,425.70","400,686"
"12-Jul-2021","7,500.00","7,589.80","7,451.05","7,470.10","496,478"
"13-Jul-2021","7,520.00","7,529.20","7,404.00","7,430.35","350,032"
"14-Jul-2021","7,436.00","7,449.00","7,310.00","7,326.75","460,178"
"15-Jul-2021","7,357.00","7,358.00","7,268.00","7,307.00","430,055"
"16-Jul-2021","7,333.00","7,333.00","7,272.80","7,303.55","281,552"
"19-Jul-2021","7,251.70","7,297.00","7,151.10","7,165.55","386,598"
"20-Jul-2021","7,180.00","7,265.00","7,144.45","7,232.70","413,816"
"22-Jul-2021","7,302.00","7,325.00","7,246.30","7,299.55","439,934"
"23-Jul-2021","7,300.00","7,375.00","7,277.00","7,293.85","436,330"
"26-Jul-2021","7,307.00","7,360.00","7,180.00","7,235.80","431,758"
"27-Jul-2021","7,241.30","7,320.00","7,160.85","7,240.25","417,171"
"28-Jul-2021","7,280.00","7,312.00","7,063.00","7,165.05","739,427"
"29-Jul-2021","7,130.00","7,130.00","6,936.00","6,993.50","1,519,226"
"30-Jul-2021","7,000.00","7,095.00","6,964.90","6,977.70","715,546"
"02-Aug-2021","7,100.00","7,107.45","7,031.00","7,076.95","433,760"
"03-Aug-2021","7,124.95","7,221.00","7,086.10","7,199.40","470,570"
"04-Aug-2021","7,220.00","7,248.60","7,003.50","7,102.90","484,122"
"05-Aug-2021","7,072.00","7,079.95","7,006.00","7,027.55","495,133"
"06-Aug-2021","7,054.80","7,168.50","7,042.55","7,100.80","517,575"
"09-Aug-2021","7,135.00","7,165.00","7,038.00","7,081.75","264,983"
"10-Aug-2021","7,045.20","7,104.90","6,995.00","7,001.95","356,726"
"11-Aug-2021","7,002.00","7,095.00","6,925.15","7,021.50","414,311"
"12-Aug-2021","7,022.00","7,084.80","6,985.00","7,012.00","330,283"
"13-Aug-2021","7,030.00","7,049.90","6,973.85","7,002.20","431,784"
"16-Aug-2021","6,982.50","7,018.00","6,810.00","6,826.85","750,966"
"17-Aug-2021","6,800.00","6,943.00","6,746.40","6,885.40","752,517"
"18-Aug-2021","6,943.75","6,943.75","6,820.00","6,840.10","434,144"
"20-Aug-2021","6,815.00","6,914.65","6,780.00","6,850.90","657,982"
"23-Aug-2021","6,905.00","6,918.00","6,801.00","6,825.90","537,302"
"24-Aug-2021","6,789.50","6,852.00","6,740.60","6,803.20","646,993"
"25-Aug-2021","6,838.00","6,838.00","6,700.00","6,711.45","722,194"
"26-Aug-2021","6,700.00","6,701.35","6,591.00","6,608.60","1,199,429"
"27-Aug-2021","6,629.75","6,694.60","6,600.00","6,624.85","1,428,388"
"30-Aug-2021","6,690.00","6,810.00","6,653.85","6,796.90","819,447"
"31-Aug-2021","6,820.00","6,872.00","6,763.55","6,846.10","938,326"
"01-Sep-2021","6,799.95","6,820.00","6,702.35","6,784.90","1,108,476"
"02-Sep-2021","6,852.70","6,858.95","6,708.20","6,792.90","741,052"
"03-Sep-2021","6,770.00","6,958.00","6,751.60","6,863.10","1,196,077"
"06-Sep-2021","6,925.00","6,954.00","6,838.00","6,846.90","897,444"
"07-Sep-2021","6,879.90","6,929.90","6,853.70","6,877.15","743,783"
"08-Sep-2021","6,852.10","6,858.35","6,756.00","6,781.25","847,767"
"09-Sep-2021","6,750.00","6,818.45","6,740.00","6,802.25","515,702"
"13-Sep-2021","6,835.50","6,895.45","6,813.30","6,873.70","508,397"
"14-Sep-2021","6,910.00","6,955.00","6,851.10","6,894.45","817,280"
"15-Sep-2021","6,938.00","6,938.00","6,880.00","6,909.00","310,138"
"16-Sep-2021","6,913.30","6,949.00","6,870.00","6,930.95","556,648"
"17-Sep-2021","6,955.00","7,064.75","6,950.00","7,014.45","980,793"
"20-Sep-2021","6,979.90","7,015.45","6,906.20","6,950.40","550,405"
"21-Sep-2021","6,912.50","6,939.70","6,741.00","6,777.00","1,085,249"
"22-Sep-2021","6,820.00","6,846.00","6,785.00","6,831.00","548,623"
"23-Sep-2021","6,868.00","6,879.90","6,821.00","6,846.70","432,740"
"24-Sep-2021","6,850.00","7,037.80","6,848.00","6,952.25","1,649,962"
"27-Sep-2021","6,974.00","7,448.00","6,974.00","7,403.45","2,646,138"
"28-Sep-2021","7,448.00","7,521.55","7,333.50","7,423.85","1,346,961"
"29-Sep-2021","7,390.50","7,465.00","7,291.00","7,384.05","643,556"
"30-Sep-2021","7,384.75","7,408.05","7,301.05","7,338.05","625,717"
"01-Oct-2021","7,220.00","7,220.00","7,090.00","7,162.30","901,588"
"04-Oct-2021","7,180.00","7,214.95","7,131.80","7,170.30","466,994"
"05-Oct-2021","7,164.80","7,300.00","7,155.65","7,258.25","546,004"
"06-Oct-2021","7,270.90","7,281.50","7,164.25","7,199.25","726,695"
"07-Oct-2021","7,234.95","7,555.00","7,225.25","7,492.50","1,646,727"
"08-Oct-2021","7,548.70","7,571.95","7,401.15","7,430.00","630,622"
"11-Oct-2021","7,420.20","7,814.80","7,419.80","7,700.80","1,069,536"
"12-Oct-2021","7,687.90","7,750.00","7,630.05","7,693.80","406,814"
"13-Oct-2021","7,740.00","7,749.95","7,436.55","7,482.15","1,084,436"
"14-Oct-2021","7,540.00","7,560.00","7,445.00","7,496.90","831,546"
"18-Oct-2021","7,405.00","7,705.30","7,405.00","7,657.00","913,963"
"19-Oct-2021","7,670.20","7,768.60","7,585.00","7,655.65","658,869"
"20-Oct-2021","7,615.00","7,667.35","7,515.00","7,590.75","488,082"
"21-Oct-2021","7,650.00","7,650.00","7,485.00","7,575.25","563,128"
"22-Oct-2021","7,600.00","7,625.00","7,386.55","7,408.90","224,520"
"25-Oct-2021","7,355.00","7,396.05","7,219.65","7,260.60","248,058"
"26-Oct-2021","7,265.00","7,337.95","7,210.20","7,297.35","292,203"
"27-Oct-2021","7,285.00","7,461.25","7,244.00","7,356.25","1,218,064"
"28-Oct-2021","7,250.00","7,529.70","7,235.05","7,369.70","961,511"
"29-Oct-2021","7,350.00","7,550.00","7,294.85","7,482.40","819,875"
"01-Nov-2021","7,401.00","7,666.00","7,401.00","7,615.55","1,005,690"
"02-Nov-2021","7,647.95","7,910.00","7,630.80","7,791.75","1,302,733"
"03-Nov-2021","7,791.75","7,842.25","7,711.60","7,734.25","656,492"
"04-Nov-2021","7,774.70","7,819.95","7,735.50","7,747.40","53,365"
"08-Nov-2021","7,759.95","7,882.60","7,672.00","7,684.60","428,433"
"09-Nov-2021","7,709.00","7,764.50","7,538.70","7,577.55","632,879"
"10-Nov-2021","7,570.00","7,580.00","7,460.00","7,511.65","562,432"
"11-Nov-2021","7,512.00","7,567.50","7,442.00","7,453.45","486,991"
"12-Nov-2021","7,530.00","7,544.00","7,442.00","7,479.85","349,666"
"15-Nov-2021","7,452.00","7,579.85","7,452.00","7,503.10","314,414"
"16-Nov-2021","7,545.00","8,128.75","7,535.05","8,050.35","2,619,355"
"17-Nov-2021","8,035.00","8,350.00","8,015.05","8,274.75","2,377,268"
"18-Nov-2021","8,234.00","8,368.00","8,001.10","8,117.15","1,337,493"
"22-Nov-2021","8,158.00","8,187.85","7,806.55","7,864.40","672,298"
"23-Nov-2021","7,849.10","7,953.95","7,805.00","7,854.00","567,198"
"24-Nov-2021","7,865.50","7,897.95","7,636.60","7,669.45","571,078"
"25-Nov-2021","7,640.00","7,719.40","7,435.00","7,572.50","1,007,618"
"26-Nov-2021","7,520.00","7,520.00","7,130.00","7,170.50","1,154,876"
"29-Nov-2021","7,166.00","7,210.00","6,990.70","7,149.50","733,010"
"30-Nov-2021","7,149.50","7,250.00","7,015.55","7,067.80","1,287,938"
"01-Dec-2021","7,191.00","7,380.00","7,130.05","7,273.25","1,669,583"
"02-Dec-2021","7,285.00","7,355.45","7,245.65","7,324.95","618,573"
"03-Dec-2021","7,305.00","7,329.00","7,148.75","7,208.70","603,798"
"06-Dec-2021","7,193.00","7,200.00","7,021.00","7,042.85","609,507"
"07-Dec-2021","7,129.00","7,261.80","7,091.20","7,186.60","637,151"
"08-Dec-2021","7,225.00","7,497.85","7,151.10","7,434.90","930,339"
"09-Dec-2021","7,469.00","7,469.00","7,325.00","7,421.75","615,037"
"10-Dec-2021","7,380.00","7,475.00","7,357.95","7,425.65","431,682"
"13-Dec-2021","7,485.00","7,575.90","7,425.00","7,516.40","883,009"
"14-Dec-2021","7,516.80","7,556.30","7,457.80","7,493.15","749,704"
"15-Dec-2021","7,476.00","7,640.00","7,453.05","7,567.95","529,018"
"16-Dec-2021","7,591.50","7,621.00","7,406.00","7,450.80","595,582"
"17-Dec-2021","7,480.00","7,480.00","7,241.00","7,296.60","1,081,907"
"20-Dec-2021","7,200.00","7,321.55","7,035.85","7,286.60","867,425"
"21-Dec-2021","7,306.50","7,404.95","7,284.00","7,315.15","415,744"
"22-Dec-2021","7,305.50","7,454.00","7,305.50","7,423.75","368,978"
"23-Dec-2021","7,481.00","7,500.00","7,355.00","7,387.15","249,919"
"24-Dec-2021","7,441.00","7,449.85","7,252.15","7,317.10","357,447"
"27-Dec-2021","7,277.10","7,330.00","7,186.20","7,289.50","190,180"
"28-Dec-2021","7,320.00","7,359.00","7,255.10","7,297.45","214,533"
"29-Dec-2021","7,297.70","7,365.00","7,240.45","7,350.05","287,776"
"30-Dec-2021","7,350.00","7,395.15","7,255.40","7,282.25","296,041"
"31-Dec-2021","7,290.05","7,449.50","7,290.05","7,426.45","313,398"
"03-Jan-2022","7,420.00","7,605.95","7,420.00","7,523.90","456,599"
"04-Jan-2022","7,600.00","7,649.00","7,520.00","7,630.10","495,182"
"05-Jan-2022","7,624.85","7,808.00","7,605.60","7,775.35","710,043"
"06-Jan-2022","7,782.00","7,899.45","7,683.95","7,882.10","739,981"
"07-Jan-2022","7,882.10","7,944.80","7,835.50","7,906.00","523,116"
"10-Jan-2022","7,950.00","8,232.00","7,924.15","8,125.60","827,930"
"11-Jan-2022","8,100.00","8,162.45","8,069.30","8,143.85","688,923"
"12-Jan-2022","8,200.00","8,200.00","8,115.00","8,170.75","288,174"
"13-Jan-2022","8,175.00","8,260.00","7,952.00","8,077.05","684,931"
"14-Jan-2022","7,951.00","8,145.00","7,951.00","8,084.20","299,536"
"17-Jan-2022","8,124.80","8,368.90","8,100.10","8,265.50","862,249"
"18-Jan-2022","8,248.95","8,248.95","7,891.50","7,915.15","785,199"
"19-Jan-2022","7,929.00","8,060.00","7,860.00","8,015.70","681,632"
"20-Jan-2022","8,000.00","8,140.00","7,997.55","8,036.35","522,850"
"21-Jan-2022","7,970.00","8,244.00","7,856.05","8,189.60","1,041,476"
"24-Jan-2022","8,189.00","8,332.80","7,952.80","8,052.30","1,153,538"
"25-Jan-2022","7,990.00","8,664.00","7,887.90","8,602.60","2,162,832"
"27-Jan-2022","8,656.00","8,971.65","8,400.05","8,820.20","2,899,559"
"28-Jan-2022","8,795.00","8,930.00","8,522.35","8,550.95","1,045,088"
"31-Jan-2022","8,625.00","8,720.00","8,552.80","8,597.30","561,419"
"01-Feb-2022","8,693.00","8,790.80","8,351.00","8,559.40","819,689"
"02-Feb-2022","8,579.70","8,683.00","8,440.25","8,515.25","580,433"
"03-Feb-2022","8,550.00","8,798.00","8,522.70","8,593.65","810,019"
"04-Feb-2022","8,639.90","8,680.00","8,492.10","8,550.55","404,421"
"07-Feb-2022","8,545.00","8,615.00","8,400.00","8,511.65","446,099"
"08-Feb-2022","8,616.70","8,789.10","8,436.05","8,599.45","998,182"
"09-Feb-2022","8,622.00","8,989.80","8,622.00","8,949.45","1,403,525"
"10-Feb-2022","9,050.00","9,050.00","8,789.90","8,805.45","811,887"
"11-Feb-2022","8,738.00","8,865.00","8,673.30","8,737.15","671,572"
"14-Feb-2022","8,500.00","8,615.05","8,325.00","8,366.40","995,540"
"15-Feb-2022","8,410.00","8,664.25","8,356.50","8,622.70","682,766"
"16-Feb-2022","8,720.00","8,736.40","8,544.00","8,582.95","422,704"
"17-Feb-2022","8,575.00","8,658.30","8,525.00","8,552.45","305,313"
"18-Feb-2022","8,550.00","8,645.95","8,520.05","8,569.10","385,273"
"21-Feb-2022","8,544.05","8,724.25","8,443.60","8,612.70","626,049"
"22-Feb-2022","8,495.00","8,659.80","8,384.85","8,622.80","620,828"
"23-Feb-2022","8,690.00","8,789.95","8,655.20","8,698.85","557,954"
"24-Feb-2022","8,402.00","8,587.25","8,155.00","8,210.15","947,351"
"25-Feb-2022","8,260.00","8,466.00","8,209.55","8,356.10","1,344,343"
"28-Feb-2022","8,300.00","8,339.95","8,114.10","8,314.15","961,303"
"02-Mar-2022","8,197.70","8,199.00","7,764.00","7,814.20","1,783,011"
"03-Mar-2022","7,924.00","7,939.95","7,558.50","7,595.55","1,050,154"
"04-Mar-2022","7,482.00","7,519.20","7,130.00","7,247.30","2,511,658"
"07-Mar-2022","6,992.00","7,029.85","6,730.00","6,769.05","2,469,925"
"08-Mar-2022","6,705.00","6,855.00","6,536.55","6,806.30","2,840,376"
"09-Mar-2022","6,874.00","7,078.10","6,777.00","7,026.85","1,827,539"
"10-Mar-2022","7,255.00","7,399.85","7,177.30","7,211.80","1,535,070"
"11-Mar-2022","7,200.00","7,200.00","7,080.00","7,102.55","1,024,452"
"14-Mar-2022","7,050.00","7,335.00","7,012.00","7,316.75","1,023,874"
"15-Mar-2022","7,321.00","7,620.00","7,318.00","7,420.10","1,586,111"
"16-Mar-2022","7,570.00","7,595.75","7,440.00","7,485.80","584,457"
"17-Mar-2022","7,574.00","7,741.95","7,530.00","7,693.00","1,133,271"
"21-Mar-2022","7,844.00","7,940.00","7,650.00","7,705.55","1,354,525"
"22-Mar-2022","7,714.95","7,809.00","7,536.65","7,766.65","1,093,502"
"23-Mar-2022","7,800.00","7,862.80","7,611.00","7,644.85","808,597"
"24-Mar-2022","7,599.30","7,655.00","7,526.35","7,556.95","565,485"
"25-Mar-2022","7,515.00","7,542.30","7,385.00","7,415.45","686,637"
"28-Mar-2022","7,425.00","7,539.00","7,413.00","7,477.35","599,515"
"29-Mar-2022","7,535.00","7,563.10","7,401.00","7,439.15","446,257"
"30-Mar-2022","7,521.00","7,629.95","7,490.00","7,598.60","589,206"
"31-Mar-2022","7,598.55","7,652.75","7,528.00","7,561.30","434,317"
"01-Apr-2022","7,574.00","7,729.00","7,517.35","7,700.05","449,386"
"04-Apr-2022","7,650.00","7,794.00","7,631.65","7,774.80","491,029"
"05-Apr-2022","7,781.00","7,900.00","7,730.00","7,761.85","488,132"
"06-Apr-2022","7,739.00","7,849.00","7,675.00","7,744.20","393,628"
"07-Apr-2022","7,659.75","7,748.00","7,621.05","7,640.50","458,566"
"08-Apr-2022","7,708.80","7,730.50","7,515.40","7,557.95","849,846"
"11-Apr-2022","7,614.85","7,616.55","7,485.00","7,565.40","496,254"
"12-Apr-2022","7,540.00","7,711.50","7,500.00","7,618.35","598,047"
"13-Apr-2022","7,618.35","7,704.95","7,440.00","7,469.50","527,991"
"18-Apr-2022","7,374.50","7,599.00","7,355.00","7,573.50","551,783"
"19-Apr-2022","7,580.00","7,678.00","7,350.00","7,435.10","425,990"
"20-Apr-2022","7,499.00","7,699.00","7,472.60","7,666.70","542,622"
"21-Apr-2022","7,709.80","7,899.80","7,686.05","7,879.20","772,708"
"22-Apr-2022","7,789.00","8,016.65","7,731.00","7,904.50","960,818"
"25-Apr-2022","7,810.00","7,998.00","7,810.00","7,912.35","701,521"
"26-Apr-2022","8,000.00","8,067.50","7,830.00","7,906.75","801,963"
"27-Apr-2022","7,851.00","7,865.00","7,720.00","7,788.40","570,519"
"28-Apr-2022","7,844.00","7,940.00","7,766.70","7,888.15","561,932"
"29-Apr-2022","7,918.00","7,946.50","7,626.00","7,717.80","1,162,749"
"02-May-2022","7,665.00","7,750.00","7,544.30","7,634.75","544,053"
"04-May-2022","7,650.00","7,747.00","7,356.50","7,397.90","599,211"
"05-May-2022","7,450.00","7,538.00","7,380.15","7,407.65","524,174"
"06-May-2022","7,314.00","7,359.90","7,156.65","7,279.25","650,559"
"09-May-2022","7,201.50","7,424.50","7,130.00","7,360.30","570,578"
"10-May-2022","7,350.15","7,575.00","7,350.15","7,515.90","663,616"
"11-May-2022","7,519.00","7,559.55","7,346.60","7,396.45","605,312"
"12-May-2022","7,221.50","7,323.95","7,210.80","7,253.65","571,754"
"13-May-2022","7,340.00","7,340.00","7,062.35","7,101.95","703,097"
"16-May-2022","7,157.00","7,305.35","7,150.00","7,247.60","369,545"
"17-May-2022","7,280.00","7,584.65","7,255.05","7,532.80","811,448"
"18-May-2022","7,566.00","7,640.15","7,509.60","7,566.55","576,970"
"19-May-2022","7,450.00","7,525.00","7,385.05","7,404.55","363,255"
"20-May-2022","7,520.55","7,648.90","7,450.00","7,586.60","742,204"
"23-May-2022","7,800.10","7,954.85","7,776.10","7,897.45","1,161,175"
"24-May-2022","7,919.00","7,941.95","7,791.30","7,802.65","581,609"
"25-May-2022","7,840.00","7,859.50","7,696.05","7,787.25","454,335"
"26-May-2022","7,800.00","7,839.95","7,620.00","7,805.00","476,799"
"27-May-2022","7,925.00","7,965.90","7,833.00","7,942.95","431,411"
"30-May-2022","7,980.20","8,060.00","7,951.00","8,013.90","389,517"
"31-May-2022","8,013.90","8,100.00","7,900.00","7,966.35","2,494,005"
"01-Jun-2022","7,975.05","8,068.90","7,880.10","7,939.40","522,004"
"02-Jun-2022","7,925.00","7,972.00","7,855.60","7,925.40","352,848"
"03-Jun-2022","7,950.00","7,995.00","7,681.00","7,705.05","591,905"
"06-Jun-2022","7,690.00","7,776.90","7,591.45","7,710.55","606,990"
"07-Jun-2022","7,615.05","7,820.00","7,555.00","7,809.40","991,192"
"08-Jun-2022","7,824.00","7,921.00","7,720.70","7,892.45","813,596"
"09-Jun-2022","7,848.00","8,010.00","7,830.10","7,929.85","687,937"
"10-Jun-2022","7,826.00","7,988.20","7,826.00","7,935.10","442,921"
"13-Jun-2022","7,849.95","7,967.35","7,793.75","7,901.60","565,826"
"14-Jun-2022","7,805.00","7,901.40","7,750.00","7,811.65","553,462"
"15-Jun-2022","7,816.00","7,929.00","7,816.00","7,853.45","604,566"
"16-Jun-2022","7,938.00","8,025.00","7,805.00","7,833.60","1,319,566"
"17-Jun-2022","7,805.00","7,849.70","7,646.15","7,688.15","1,317,656"
"20-Jun-2022","7,699.80","7,784.10","7,626.00","7,660.95","1,043,423"
"21-Jun-2022","7,714.95","7,840.00","7,625.15","7,780.60","954,884"
"22-Jun-2022","7,750.00","7,869.00","7,716.60","7,782.75","796,824"
"23-Jun-2022","7,810.00","8,317.80","7,803.00","8,271.00","1,676,430"
"24-Jun-2022","8,310.00","8,390.00","8,238.30","8,363.20","1,156,788"
"27-Jun-2022","8,444.00","8,546.70","8,391.25","8,448.75","921,090"
"28-Jun-2022","8,415.25","8,539.90","8,381.05","8,489.70","691,242"
"29-Jun-2022","8,389.95","8,530.00","8,370.00","8,508.90","655,413"
"30-Jun-2022","8,500.00","8,634.60","8,435.60","8,470.75","1,130,302"
"01-Jul-2022","8,440.00","8,450.00","8,305.60","8,402.60","530,569"
"04-Jul-2022","8,402.60","8,467.60","8,320.00","8,443.35","625,431"
"05-Jul-2022","8,498.50","8,508.55","8,335.00","8,348.70","610,290"
"06-Jul-2022","8,377.00","8,652.45","8,370.00","8,630.05","976,098"
"07-Jul-2022","8,695.00","8,700.00","8,576.20","8,606.40","547,662"
"08-Jul-2022","8,620.00","8,656.95","8,445.00","8,475.95","686,327"
"11-Jul-2022","8,451.70","8,525.00","8,416.10","8,507.65","536,114"
"12-Jul-2022","8,495.00","8,497.45","8,376.25","8,419.70","424,358"
"13-Jul-2022","8,454.00","8,488.15","8,381.00","8,440.20","413,855"
"14-Jul-2022","8,464.95","8,587.35","8,450.00","8,567.75","606,496"
"15-Jul-2022","8,596.00","8,799.00","8,576.20","8,778.05","631,246"
"18-Jul-2022","8,802.00","8,843.00","8,684.00","8,704.80","478,682"
"19-Jul-2022","8,699.95","8,798.90","8,667.45","8,715.85","478,458"
"20-Jul-2022","8,775.50","8,865.45","8,720.20","8,749.05","398,132"
"21-Jul-2022","8,793.00","8,831.90","8,722.05","8,797.00","421,090"
"22-Jul-2022","8,850.00","8,889.00","8,791.00","8,830.95","415,294"
"25-Jul-2022","8,828.50","8,858.60","8,490.00","8,621.60","623,462"
"26-Jul-2022","8,622.00","8,625.40","8,471.35","8,525.85","429,454"
"27-Jul-2022","8,555.55","8,707.45","8,460.00","8,658.10","1,298,855"
"28-Jul-2022","8,700.00","8,770.15","8,628.80","8,721.05","725,196"
"29-Jul-2022","8,764.70","8,943.00","8,730.00","8,773.55","821,432"
"01-Aug-2022","8,850.00","9,085.00","8,822.60","9,003.40","1,009,408"
"02-Aug-2022","8,985.00","9,196.85","8,954.00","9,173.05","848,311"
"03-Aug-2022","9,144.75","9,144.75","8,855.60","8,959.45","753,729"
"04-Aug-2022","9,024.00","9,048.00","8,830.00","8,966.70","643,264"
"05-Aug-2022","8,966.80","8,985.20","8,810.00","8,841.20","558,385"
"08-Aug-2022","8,841.20","8,998.00","8,841.00","8,921.95","520,993"
"10-Aug-2022","8,938.60","8,999.50","8,826.00","8,879.70","445,375"
"11-Aug-2022","8,955.70","8,998.00","8,724.00","8,813.85","508,318"
"12-Aug-2022","8,815.00","8,815.00","8,675.00","8,699.20","712,782"
"16-Aug-2022","8,737.15","9,040.00","8,705.05","9,003.70","963,726"
"17-Aug-2022","9,010.00","9,070.00","8,920.00","8,944.35","623,749"
"18-Aug-2022","8,925.00","9,012.40","8,877.00","8,947.70","442,229"
"19-Aug-2022","8,955.45","8,968.00","8,715.00","8,778.95","572,597"
"22-Aug-2022","8,751.00","8,767.45","8,602.20","8,628.00","488,485"
"23-Aug-2022","8,607.00","8,757.00","8,564.00","8,720.50","558,231"
"24-Aug-2022","8,660.00","8,772.00","8,594.00","8,704.00","442,582"
"25-Aug-2022","8,721.00","8,835.00","8,680.00","8,735.90","525,721"
"26-Aug-2022","8,800.00","8,832.75","8,706.20","8,720.60","398,063"
"29-Aug-2022","8,602.60","8,859.90","8,590.00","8,834.20","459,057"
"30-Aug-2022","8,884.80","9,164.00","8,870.00","9,082.25","1,016,312"
"01-Sep-2022","8,949.95","9,233.65","8,941.00","9,024.50","888,864"
"02-Sep-2022","9,026.50","9,149.90","8,902.10","8,919.60","632,909"
"05-Sep-2022","8,900.00","9,016.80","8,875.00","8,950.05","386,455"
"06-Sep-2022","8,984.30","9,022.75","8,870.00","8,888.75","397,902"
"07-Sep-2022","8,864.00","8,873.55","8,760.00","8,784.90","496,785"
"08-Sep-2022","8,829.00","8,885.10","8,780.00","8,790.65","428,924"
"09-Sep-2022","8,834.65","8,989.00","8,730.00","8,946.00","632,296"
"12-Sep-2022","8,969.90","9,012.30","8,904.00","8,927.65","383,641"
"13-Sep-2022","8,972.30","8,989.05","8,910.90","8,926.50","405,093"
"14-Sep-2022","8,859.85","9,000.00","8,825.70","8,967.20","509,547"
"15-Sep-2022","9,030.05","9,325.00","9,030.00","9,209.75","1,392,132"
"16-Sep-2022","9,209.50","9,315.90","9,020.05","9,189.65","1,056,382"
"19-Sep-2022","9,175.30","9,343.45","9,070.00","9,280.85","727,024"
"20-Sep-2022","9,339.00","9,430.00","9,250.00","9,300.85","747,257"
"21-Sep-2022","9,300.00","9,398.00","9,211.45","9,247.90","440,725"
"22-Sep-2022","9,199.00","9,435.00","9,186.00","9,401.85","511,112"
"23-Sep-2022","9,397.95","9,451.00","9,277.35","9,343.45","574,213"
"26-Sep-2022","9,270.30","9,270.30","8,800.00","8,834.95","865,432"
"27-Sep-2022","8,890.00","8,908.95","8,670.50","8,774.05","686,285"
"28-Sep-2022","8,720.00","8,850.00","8,660.05","8,726.75","663,740"
"29-Sep-2022","8,770.40","8,800.00","8,604.10","8,624.85","817,007"
"30-Sep-2022","8,668.00","8,872.00","8,558.20","8,828.15","658,982"
"03-Oct-2022","8,970.00","8,970.00","8,510.00","8,547.00","1,123,076"
"04-Oct-2022","8,699.00","8,758.55","8,630.00","8,690.50","503,140"
"06-Oct-2022","8,734.00","8,825.00","8,690.50","8,703.00","474,445"
"07-Oct-2022","8,750.00","8,845.60","8,711.00","8,779.10","428,616"
"10-Oct-2022","8,675.00","8,876.45","8,658.00","8,862.40","411,218"
"11-Oct-2022","8,811.00","8,850.00","8,665.00","8,684.15","422,610"
"12-Oct-2022","8,698.00","8,720.00","8,590.60","8,686.60","380,365"
"13-Oct-2022","8,665.00","8,785.45","8,592.00","8,649.55","355,605"
"14-Oct-2022","8,760.00","8,766.60","8,606.30","8,617.30","274,160"
"17-Oct-2022","8,610.00","8,749.70","8,567.05","8,723.80","304,671"
"18-Oct-2022","8,765.05","8,888.25","8,752.05","8,807.35","369,973"
"19-Oct-2022","8,851.40","8,855.00","8,695.00","8,719.35","385,416"
"20-Oct-2022","8,700.00","8,739.20","8,611.00","8,707.40","328,270"
"21-Oct-2022","8,730.00","8,794.00","8,641.00","8,703.30","356,203"
"24-Oct-2022","8,788.80","8,788.80","8,745.85","8,765.45","30,052"
"25-Oct-2022","8,820.00","9,017.00","8,797.40","9,005.00","727,441"
"27-Oct-2022","9,050.00","9,076.95","8,902.00","9,041.95","849,108"
"28-Oct-2022","9,095.00","9,549.95","9,051.00","9,492.55","1,873,029"
"31-Oct-2022","9,650.00","9,769.00","9,451.10","9,527.60","1,932,020"
"01-Nov-2022","9,635.00","9,636.90","9,375.00","9,454.60","805,517"
"02-Nov-2022","9,445.00","9,454.60","9,210.00","9,229.40","788,679"
"03-Nov-2022","9,210.00","9,310.00","9,164.40","9,239.10","616,860"
"04-Nov-2022","9,257.90","9,324.00","9,191.05","9,229.50","465,775"
"07-Nov-2022","9,277.00","9,352.80","9,254.30","9,333.30","469,017"
"09-Nov-2022","9,480.35","9,480.85","9,220.00","9,253.50","617,256"
"10-Nov-2022","9,201.00","9,250.75","9,071.00","9,097.25","445,700"
"11-Nov-2022","9,200.00","9,240.00","9,050.00","9,087.55","461,074"
"14-Nov-2022","9,100.00","9,163.05","8,992.55","9,152.35","282,822"
"15-Nov-2022","9,190.00","9,203.55","9,130.00","9,162.20","359,888"
"16-Nov-2022","9,160.00","9,252.50","9,099.85","9,134.95","350,737"
"17-Nov-2022","9,101.00","9,169.60","8,970.00","8,986.45","409,572"
"18-Nov-2022","9,010.00","9,023.95","8,836.00","8,848.05","515,615"
"21-Nov-2022","8,825.00","8,929.20","8,786.00","8,865.20","520,644"
"22-Nov-2022","8,875.00","8,934.95","8,859.05","8,873.75","455,948"
"23-Nov-2022","8,940.00","8,989.00","8,902.00","8,934.50","621,006"
"24-Nov-2022","8,968.90","8,994.90","8,921.00","8,967.10","455,343"
"25-Nov-2022","9,000.00","9,080.00","8,947.50","9,019.50","545,439"
"28-Nov-2022","9,028.00","9,104.10","8,950.00","8,985.40","439,956"
"29-Nov-2022","8,985.00","9,024.75","8,888.00","8,910.20","606,692"
"30-Nov-2022","8,924.00","9,020.00","8,870.00","8,974.15","1,087,650"
"01-Dec-2022","9,019.05","9,025.00","8,930.00","8,958.15","694,489"
"02-Dec-2022","8,820.00","8,928.90","8,754.75","8,815.85","971,612"
"05-Dec-2022","8,844.00","8,853.20","8,765.00","8,792.05","519,621"
"06-Dec-2022","8,777.20","8,800.00","8,694.95","8,717.35","551,379"
"07-Dec-2022","8,720.00","8,747.85","8,641.00","8,659.15","546,450"
"08-Dec-2022","8,665.00","8,711.00","8,606.05","8,682.70","476,001"
"09-Dec-2022","8,707.00","8,763.75","8,545.45","8,613.35","790,406"
"12-Dec-2022","8,609.00","8,693.30","8,515.30","8,659.75","445,039"
"13-Dec-2022","8,662.00","8,697.35","8,610.00","8,620.70","330,236"
"14-Dec-2022","8,650.00","8,677.70","8,596.05","8,641.60","343,670"
"15-Dec-2022","8,641.00","8,673.60","8,575.00","8,584.15","472,176"
"16-Dec-2022","8,559.50","8,588.00","8,446.00","8,485.80","624,222"
"19-Dec-2022","8,498.80","8,621.45","8,451.00","8,603.85","464,106"
"20-Dec-2022","8,584.40","8,584.40","8,432.05","8,524.35","694,906"
"21-Dec-2022","8,524.35","8,566.95","8,288.30","8,350.40","800,720"
"22-Dec-2022","8,356.65","8,384.00","8,288.00","8,334.35","580,858"
"23-Dec-2022","8,299.70","8,329.95","8,122.85","8,141.60","503,012"
"26-Dec-2022","8,147.00","8,346.00","8,076.05","8,256.80","315,102"
"27-Dec-2022","8,298.95","8,315.00","8,230.80","8,305.45","423,308"
"28-Dec-2022","8,315.00","8,453.50","8,287.60","8,421.05","538,632"
"29-Dec-2022","8,370.00","8,449.00","8,333.00","8,435.80","452,134"
"30-Dec-2022","8,470.00","8,490.00","8,362.25","8,394.60","433,976"
"02-Jan-2023","8,365.00","8,454.00","8,337.60","8,403.30","398,159"
"03-Jan-2023","8,380.00","8,402.00","8,304.15","8,382.75","493,207"
"04-Jan-2023","8,376.00","8,537.05","8,311.05","8,422.80","566,744"
"05-Jan-2023","8,444.95","8,475.00","8,390.05","8,461.10","417,716"
"06-Jan-2023","8,460.00","8,483.95","8,350.00","8,383.05","368,978"
"09-Jan-2023","8,424.85","8,446.95","8,325.10","8,377.00","613,406"
"10-Jan-2023","8,380.00","8,410.00","8,262.90","8,293.15","493,677"
"11-Jan-2023","8,334.65","8,334.65","8,249.15","8,284.45","327,536"
"12-Jan-2023","8,315.00","8,377.00","8,260.00","8,369.20","283,772"
"13-Jan-2023","8,397.00","8,500.05","8,351.00","8,453.40","705,220"
"16-Jan-2023","8,480.00","8,514.30","8,343.60","8,380.10","500,575"
"17-Jan-2023","8,409.85","8,493.30","8,342.15","8,479.35","409,248"
"18-Jan-2023","8,473.00","8,537.40","8,464.30","8,494.05","402,883"
"19-Jan-2023","8,479.00","8,519.00","8,456.50","8,501.65","184,776"
"20-Jan-2023","8,462.05","8,500.00","8,412.00","8,439.80","346,337"
"23-Jan-2023","8,480.00","8,482.00","8,377.90","8,417.10","410,827"
"24-Jan-2023","8,450.00","8,718.00","8,417.00","8,698.80","1,039,571"
"25-Jan-2023","8,747.90","8,833.00","8,680.30","8,784.10","1,131,883"
"27-Jan-2023","8,828.45","8,889.00","8,620.10","8,737.50","743,546"
"30-Jan-2023","8,779.00","8,865.00","8,718.00","8,817.00","1,036,998"
"31-Jan-2023","8,856.90","8,943.85","8,830.20","8,895.30","643,670"
"01-Feb-2023","8,937.00","9,030.45","8,673.90","8,768.85","707,460"
"02-Feb-2023","8,765.00","8,940.00","8,751.10","8,870.15","456,995"
"03-Feb-2023","8,940.00","8,963.00","8,845.15","8,942.30","351,157"
"06-Feb-2023","8,926.95","8,936.00","8,820.00","8,908.00","205,161"
"07-Feb-2023","8,908.00","8,920.00","8,752.55","8,762.45","318,669"
"08-Feb-2023","8,773.00","8,854.50","8,673.05","8,834.70","391,645"
"09-Feb-2023","8,802.30","8,833.00","8,700.00","8,801.20","392,186"
"10-Feb-2023","8,797.80","8,875.00","8,772.95","8,811.35","276,298"
"13-Feb-2023","8,787.00","8,864.40","8,755.70","8,809.45","253,037"
"14-Feb-2023","8,815.00","8,847.00","8,765.00","8,774.45","227,030"
"15-Feb-2023","8,774.45","8,895.70","8,742.00","8,845.35","452,568"
"16-Feb-2023","8,880.00","8,880.00","8,790.00","8,805.10","247,514"
"17-Feb-2023","8,787.00","8,874.00","8,749.75","8,807.75","214,587"
"20-Feb-2023","8,807.75","8,849.00","8,675.25","8,693.65","298,434"
"21-Feb-2023","8,694.00","8,720.00","8,638.45","8,669.85","323,478"
"22-Feb-2023","8,675.50","8,719.00","8,585.00","8,658.95","363,931"
"23-Feb-2023","8,693.45","8,747.45","8,616.00","8,696.25","317,544"
"24-Feb-2023","8,711.00","8,740.00","8,609.30","8,660.50","242,982"
"27-Feb-2023","8,630.00","8,643.05","8,530.00","8,632.20","220,225"
"28-Feb-2023","8,650.00","8,709.00","8,605.30","8,624.35","370,998"
"01-Mar-2023","8,620.00","8,776.25","8,620.00","8,764.15","333,441"
"02-Mar-2023","8,771.00","8,771.00","8,509.10","8,548.75","603,893"
"03-Mar-2023","8,592.05","8,629.00","8,550.00","8,601.25","437,977"
"06-Mar-2023","8,640.00","8,663.00","8,590.95","8,631.45","275,417"
"08-Mar-2023","8,625.00","8,712.05","8,610.05","8,693.90","348,171"
"09-Mar-2023","8,725.00","8,737.00","8,534.05","8,541.95","431,466"
"10-Mar-2023","8,530.00","8,628.00","8,480.10","8,601.55","516,128"
"13-Mar-2023","8,601.55","8,637.30","8,481.10","8,518.40","479,314"
"14-Mar-2023","8,544.95","8,544.95","8,445.00","8,512.15","349,510"
"15-Mar-2023","8,650.00","8,704.95","8,440.00","8,474.95","509,229"
"16-Mar-2023","8,460.10","8,533.40","8,411.00","8,437.45","340,261"
"17-Mar-2023","8,503.00","8,510.95","8,293.55","8,316.85","471,602"
"20-Mar-2023","8,316.85","8,316.85","8,130.00","8,219.60","488,199"
"21-Mar-2023","8,245.00","8,275.00","8,215.00","8,228.40","287,497"
"22-Mar-2023","8,236.00","8,289.60","8,217.00","8,252.40","218,120"
"23-Mar-2023","8,264.00","8,375.00","8,232.60","8,353.20","540,553"
"24-Mar-2023","8,353.20","8,386.50","8,211.00","8,242.90","391,840"
"27-Mar-2023","8,250.00","8,316.80","8,229.55","8,278.35","364,326"
"28-Mar-2023","8,305.90","8,355.60","8,140.00","8,208.80","360,349"
"29-Mar-2023","8,249.85","8,319.10","8,187.50","8,295.30","339,851"
"31-Mar-2023","8,325.95","8,370.00","8,257.05","8,292.15","478,757"
"03-Apr-2023","8,412.85","8,579.00","8,390.35","8,503.05","627,265"
"05-Apr-2023","8,521.95","8,548.00","8,430.00","8,447.05","272,888"
"06-Apr-2023","8,464.00","8,535.00","8,377.10","8,516.65","309,551"
"10-Apr-2023","8,456.60","8,555.80","8,403.05","8,535.15","308,275"
"11-Apr-2023","8,580.00","8,670.95","8,545.00","8,659.55","409,240"
"12-Apr-2023","8,672.00","8,709.95","8,591.00","8,621.05","408,458"
"13-Apr-2023","8,628.05","8,704.00","8,620.00","8,670.80","480,202"
"17-Apr-2023","8,850.00","8,850.00","8,650.00","8,674.65","489,356"
"18-Apr-2023","8,692.95","8,748.80","8,690.00","8,732.65","276,111"
"19-Apr-2023","8,690.05","8,741.80","8,662.45","8,679.95","280,819"
"20-Apr-2023","8,670.00","8,739.90","8,665.15","8,714.65","369,060"
"21-Apr-2023","8,679.40","8,704.00","8,550.00","8,558.45","424,157"
"24-Apr-2023","8,577.00","8,577.00","8,444.75","8,466.15","543,745"
"25-Apr-2023","8,510.00","8,525.00","8,420.00","8,468.90","906,406"
"26-Apr-2023","8,527.00","8,550.00","8,434.90","8,506.90","959,058"
"27-Apr-2023","8,570.00","8,570.00","8,471.25","8,542.95","536,521"
"28-Apr-2023","8,593.00","8,612.45","8,535.10","8,589.55","387,567"
"02-May-2023","8,622.70","8,827.00","8,606.00","8,776.85","865,562"
"03-May-2023","8,770.00","8,828.00","8,715.05","8,797.30","537,008"
"04-May-2023","8,796.65","8,822.95","8,743.00","8,800.60","271,926"
"05-May-2023","8,800.60","8,988.00","8,790.00","8,948.65","951,591"
"08-May-2023","9,046.00","9,120.95","8,960.00","9,076.25","678,780"
"09-May-2023","9,083.00","9,140.00","9,051.85","9,111.55","415,394"
"10-May-2023","9,128.80","9,180.00","9,060.00","9,168.15","366,827"
"11-May-2023","9,242.95","9,315.00","9,142.05","9,260.90","644,550"
"12-May-2023","9,260.95","9,329.80","9,232.65","9,295.40","403,028"
"15-May-2023","9,242.00","9,307.50","9,185.40","9,207.30","259,316"
"16-May-2023","9,219.10","9,229.30","9,057.10","9,071.35","448,981"
"17-May-2023","9,080.35","9,132.00","9,032.05","9,119.40","290,482"
"18-May-2023","9,144.95","9,150.00","9,044.10","9,053.30","272,497"
"19-May-2023","9,060.00","9,118.20","8,960.55","9,105.95","543,472"
"22-May-2023","9,090.00","9,169.70","9,073.85","9,156.65","182,115"
"23-May-2023","9,169.00","9,235.00","9,156.75","9,200.70","269,008"
"24-May-2023","9,168.00","9,318.20","9,159.00","9,270.75","470,365"
"25-May-2023","9,220.75","9,293.40","9,216.05","9,281.85","218,979"
"26-May-2023","9,333.00","9,415.00","9,311.25","9,399.95","346,760"
"29-May-2023","9,435.00","9,488.80","9,312.05","9,333.50","236,834"
"30-May-2023","9,380.00","9,402.90","9,300.00","9,383.35","372,004"
"31-May-2023","9,449.95","9,449.95","9,267.60","9,367.70","1,614,766"
"01-Jun-2023","9,337.50","9,377.55","9,222.00","9,328.30","378,706"
"02-Jun-2023","9,389.00","9,525.15","9,312.70","9,485.35","445,105"
"05-Jun-2023","9,552.50","9,640.00","9,488.55","9,582.10","434,649"
"06-Jun-2023","9,629.00","9,770.00","9,611.00","9,736.20","542,318"
"07-Jun-2023","9,788.00","9,800.00","9,650.50","9,707.50","453,747"
"08-Jun-2023","9,733.00","9,765.00","9,625.50","9,658.60","273,746"
"09-Jun-2023","9,675.50","9,713.90","9,611.10","9,627.80","161,389"
"12-Jun-2023","9,625.00","9,700.00","9,537.65","9,550.45","316,879"
"13-Jun-2023","9,588.00","9,618.05","9,505.65","9,517.50","561,014"
"14-Jun-2023","9,520.00","9,599.00","9,490.50","9,532.50","328,167"
"15-Jun-2023","9,555.00","9,697.80","9,543.00","9,594.85","459,978"
"16-Jun-2023","9,595.05","9,643.40","9,552.00","9,603.70","682,099"
"19-Jun-2023","9,638.00","9,642.15","9,510.00","9,532.00","395,006"
"20-Jun-2023","9,530.00","9,538.90","9,420.00","9,492.10","612,713"
"21-Jun-2023","9,502.00","9,537.00","9,396.05","9,440.85","356,331"
"22-Jun-2023","9,439.05","9,494.35","9,373.80","9,403.05","288,487"
"23-Jun-2023","9,420.00","9,427.00","9,305.00","9,327.30","309,138"
"26-Jun-2023","9,327.30","9,520.00","9,300.00","9,470.20","405,168"
"27-Jun-2023","9,490.00","9,500.00","9,395.05","9,461.00","339,375"
"28-Jun-2023","9,475.45","9,575.00","9,432.55","9,540.65","482,586"
"30-Jun-2023","9,569.00","9,853.50","9,541.00","9,789.05","845,006"
"03-Jul-2023","9,742.05","9,785.85","9,656.55","9,673.00","398,066"
"04-Jul-2023","9,700.00","9,716.50","9,620.05","9,647.40","247,673"
"05-Jul-2023","9,697.00","10,036.95","9,675.00","9,992.30","815,044"
"06-Jul-2023","9,999.95","10,016.30","9,815.20","9,859.40","652,120"
"07-Jul-2023","9,854.00","9,945.00","9,815.00","9,850.25","457,050"
"10-Jul-2023","9,854.00","9,933.35","9,719.75","9,736.30","272,008"
"11-Jul-2023","9,796.00","9,956.85","9,736.30","9,900.15","568,772"
"12-Jul-2023","9,895.00","9,950.00","9,805.00","9,835.80","552,967"
"13-Jul-2023","9,852.95","9,898.95","9,612.00","9,647.55","519,564"
"14-Jul-2023","9,701.95","9,727.30","9,591.00","9,603.65","498,441"
"17-Jul-2023","9,647.00","9,699.00","9,555.00","9,689.55","444,583"
"18-Jul-2023","9,710.20","9,766.30","9,601.70","9,665.65","320,985"
"19-Jul-2023","9,651.00","9,666.00","9,525.65","9,607.55","450,254"
"20-Jul-2023","9,620.00","9,785.00","9,575.45","9,772.50","466,813"
"21-Jul-2023","9,720.00","9,845.00","9,703.00","9,770.05","328,483"
"24-Jul-2023","9,770.05","9,815.00","9,680.00","9,694.80","358,506"
"25-Jul-2023","9,624.00","9,774.95","9,616.80","9,758.60","240,998"
"26-Jul-2023","9,761.50","9,810.00","9,725.25","9,756.35","209,861"
"27-Jul-2023","9,770.00","9,827.15","9,691.65","9,753.60","256,672"
"28-Jul-2023","9,739.00","9,750.00","9,546.40","9,670.30","381,151"
"31-Jul-2023","9,670.30","9,837.70","9,606.00","9,820.75","600,060"
"01-Aug-2023","9,760.00","9,892.00","9,650.05","9,716.75","1,394,528"
"02-Aug-2023","9,715.00","9,793.45","9,520.35","9,653.80","672,815"
"03-Aug-2023","9,598.85","9,659.95","9,515.60","9,543.70","614,897"
"04-Aug-2023","9,560.00","9,616.00","9,427.00","9,470.40","540,470"
"07-Aug-2023","9,490.00","9,539.80","9,422.00","9,523.80","366,329"
"08-Aug-2023","9,539.95","9,623.00","9,505.00","9,542.55","430,636"
"09-Aug-2023","9,540.00","9,540.05","9,417.50","9,463.10","404,602"
"10-Aug-2023","9,463.10","9,500.00","9,342.05","9,397.60","523,490"
"11-Aug-2023","9,397.60","9,469.00","9,344.00","9,356.85","498,504"
"14-Aug-2023","9,360.00","9,364.00","9,257.90","9,321.65","336,864"
"16-Aug-2023","9,334.00","9,437.75","9,254.15","9,419.55","336,363"
"17-Aug-2023","9,414.90","9,474.75","9,350.00","9,375.30","402,798"
"18-Aug-2023","9,350.00","9,470.00","9,336.65","9,456.05","400,745"
"21-Aug-2023","9,455.55","9,469.00","9,413.25","9,438.80","375,347"
"22-Aug-2023","9,420.20","9,508.05","9,409.70","9,491.90","435,930"
"23-Aug-2023","9,519.00","9,640.00","9,446.00","9,600.95","546,842"
"24-Aug-2023","9,661.65","9,661.65","9,555.00","9,573.70","385,559"
"25-Aug-2023","9,554.00","9,624.75","9,485.00","9,505.70","346,449"
"28-Aug-2023","9,514.95","9,670.00","9,510.00","9,597.70","325,938"
"29-Aug-2023","9,600.00","9,684.75","9,506.00","9,621.25","317,224"
"30-Aug-2023","9,660.00","9,817.95","9,610.00","9,796.40","543,634"
"31-Aug-2023","9,770.10","10,065.00","9,770.10","10,003.80","1,581,818"
"01-Sep-2023","9,999.00","10,397.95","9,951.35","10,331.25","1,193,178"
"04-Sep-2023","10,401.00","10,467.95","10,286.30","10,362.45","819,552"
"05-Sep-2023","10,350.00","10,412.70","10,245.80","10,262.10","507,107"
"06-Sep-2023","10,260.00","10,260.00","10,130.15","10,178.85","663,758"
"07-Sep-2023","10,150.00","10,300.90","10,150.00","10,280.75","445,805"
"08-Sep-2023","10,399.00","10,400.00","10,300.00","10,332.00","439,721"
"11-Sep-2023","10,345.00","10,550.00","10,344.00","10,533.85","598,050"
"12-Sep-2023","10,544.00","10,568.40","10,405.00","10,503.60","568,773"
"13-Sep-2023","10,500.00","10,536.40","10,440.00","10,473.40","301,707"
"14-Sep-2023","10,465.05","10,580.00","10,431.05","10,488.15","501,196"
"15-Sep-2023","10,489.30","10,550.00","10,477.40","10,525.25","544,616"
"18-Sep-2023","10,500.05","10,623.65","10,494.05","10,522.10","430,213"
"20-Sep-2023","10,494.05","10,494.05","10,337.55","10,346.75","545,106"
"21-Sep-2023","10,343.05","10,345.00","10,206.50","10,284.30","577,252"
"22-Sep-2023","10,378.00","10,566.75","10,308.45","10,535.15","986,206"
"25-Sep-2023","10,535.15","10,720.00","10,530.00","10,588.20","756,801"
"26-Sep-2023","10,631.90","10,633.95","10,526.55","10,556.65","452,503"
"27-Sep-2023","10,550.00","10,706.00","10,525.00","10,680.75","458,359"
"28-Sep-2023","10,650.50","10,705.00","10,532.05","10,565.35","598,144"
"29-Sep-2023","10,541.00","10,705.50","10,510.55","10,610.60","481,725"
"03-Oct-2023","10,709.80","10,709.80","10,303.30","10,346.90","623,006"
"04-Oct-2023","10,283.90","10,283.90","10,090.00","10,129.85","407,793"
"05-Oct-2023","10,181.95","10,270.95","10,109.00","10,210.15","377,196"
"06-Oct-2023","10,283.00","10,332.95","10,260.00","10,302.05","335,700"
"09-Oct-2023","10,250.00","10,334.40","10,183.95","10,244.80","230,083"
"10-Oct-2023","10,290.00","10,417.00","10,270.10","10,375.00","348,342"
"11-Oct-2023","10,349.95","10,440.00","10,340.05","10,412.10","193,526"
"12-Oct-2023","10,460.00","10,624.55","10,420.20","10,580.90","569,237"
"13-Oct-2023","10,534.05","10,745.05","10,529.80","10,727.55","625,954"
"16-Oct-2023","10,729.95","10,810.85","10,665.00","10,704.50","304,196"
"17-Oct-2023","10,730.00","10,797.85","10,565.30","10,750.80","474,718"
"18-Oct-2023","10,755.00","10,809.85","10,711.05","10,788.45","267,435"
"19-Oct-2023","10,700.00","10,798.70","10,700.00","10,771.70","286,284"
"20-Oct-2023","10,763.10","10,799.00","10,695.70","10,725.65","232,512"
"23-Oct-2023","10,681.00","10,724.65","10,530.45","10,553.65","227,925"
"25-Oct-2023","10,520.00","10,647.45","10,501.60","10,588.85","401,105"
"26-Oct-2023","10,539.00","10,594.00","10,392.50","10,424.15","506,129"
"27-Oct-2023","10,440.05","10,845.00","10,440.00","10,560.70","1,116,713"
"30-Oct-2023","10,700.00","10,700.00","10,245.00","10,397.70","991,168"
"31-Oct-2023","10,490.00","10,490.00","10,321.00","10,392.30","439,996"
"01-Nov-2023","10,390.10","10,422.20","10,188.65","10,227.75","699,116"
"02-Nov-2023","10,290.30","10,345.00","10,201.00","10,303.60","569,194"
"03-Nov-2023","10,318.00","10,370.00","10,241.00","10,276.30","517,582"
"06-Nov-2023","10,338.95","10,338.95","10,252.00","10,284.85","490,459"
"07-Nov-2023","10,300.00","10,326.00","10,235.85","10,253.30","264,935"
"08-Nov-2023","10,320.00","10,340.45","10,260.60","10,322.30","287,006"
"09-Nov-2023","10,349.95","10,449.60","10,316.75","10,400.35","310,536"
"10-Nov-2023","10,375.00","10,416.40","10,320.00","10,388.80","206,395"
"12-Nov-2023","10,450.00","10,495.00","10,415.15","10,431.40","27,259"
"13-Nov-2023","10,429.00","10,429.00","10,363.65","10,398.40","261,891"
"15-Nov-2023","10,497.00","10,497.00","10,375.05","10,456.05","436,538"
"16-Nov-2023","10,480.00","10,543.70","10,409.20","10,484.50","488,715"
"17-Nov-2023","10,500.00","10,606.80","10,499.15","10,523.50","403,772"
"20-Nov-2023","10,500.00","10,593.35","10,500.00","10,566.25","234,246"
"21-Nov-2023","10,619.00","10,619.00","10,500.00","10,535.15","312,242"
"22-Nov-2023","10,550.00","10,551.25","10,420.00","10,494.55","378,891"
"23-Nov-2023","10,487.80","10,525.00","10,394.05","10,488.50","453,820"
"24-Nov-2023","10,505.95","10,566.50","10,462.00","10,515.65","380,306"
"28-Nov-2023","10,539.95","10,556.40","10,506.00","10,537.55","268,026"
"29-Nov-2023","10,570.00","10,634.55","10,525.70","10,599.25","343,341"
"30-Nov-2023","10,581.00","10,649.00","10,546.10","10,608.70","665,660"
"01-Dec-2023","10,608.00","10,759.00","10,533.05","10,585.70","591,519"
"04-Dec-2023","10,695.00","10,695.10","10,425.00","10,599.45","625,235"
"05-Dec-2023","10,650.90","10,770.00","10,563.40","10,721.90","580,996"
"06-Dec-2023","10,721.90","10,748.95","10,590.00","10,625.75","464,163"
"07-Dec-2023","10,790.00","10,932.85","10,635.00","10,696.65","704,413"
"08-Dec-2023","10,730.00","10,748.00","10,551.00","10,618.55","548,373"
"11-Dec-2023","10,630.00","10,638.00","10,500.05","10,541.75","579,749"
"12-Dec-2023","10,620.00","10,624.00","10,301.10","10,338.40","1,088,687"
"13-Dec-2023","10,360.00","10,412.90","10,260.00","10,380.05","603,469"
"14-Dec-2023","10,440.00","10,495.00","10,312.30","10,353.20","635,475"
"15-Dec-2023","10,459.00","10,476.75","9,832.60","10,286.40","1,244,681"
"18-Dec-2023","10,295.00","10,350.90","10,226.20","10,319.60","652,498"
"19-Dec-2023","10,319.60","10,377.00","10,206.20","10,233.60","585,734"
"20-Dec-2023","10,240.00","10,309.05","9,990.00","10,081.25","964,051"
"21-Dec-2023","10,000.00","10,099.25","9,900.00","10,012.85","739,806"
"22-Dec-2023","10,050.00","10,318.30","10,030.00","10,217.15","652,545"
"26-Dec-2023","10,270.00","10,281.20","10,114.70","10,270.65","395,273"
"27-Dec-2023","10,286.00","10,305.35","10,230.00","10,288.50","397,675"
"28-Dec-2023","10,310.95","10,310.95","10,187.00","10,271.60","584,234"
"29-Dec-2023","10,280.45","10,396.65","10,273.00","10,302.35","705,227"
"01-Jan-2024","10,345.00","10,345.00","10,214.65","10,283.30","411,724"
"02-Jan-2024","10,283.30","10,294.70","10,151.05","10,197.75","776,837"
"03-Jan-2024","10,200.00","10,210.00","10,065.00","10,077.65","521,046"
"04-Jan-2024","10,100.00","10,120.00","9,985.55","10,015.30","711,733"
"05-Jan-2024","10,010.65","10,075.00","9,970.00","10,017.00","673,131"
"08-Jan-2024","10,005.00","10,128.95","9,911.90","9,946.70","600,153"
"09-Jan-2024","9,975.00","10,042.65","9,890.00","10,024.10","666,469"
"10-Jan-2024","10,049.95","10,050.75","9,950.00","10,010.20","481,699"
"11-Jan-2024","10,025.10","10,124.10","10,000.00","10,011.10","1,024,815"
"12-Jan-2024","10,025.00","10,044.95","9,935.95","9,965.65","850,190"
"15-Jan-2024","9,985.10","10,098.80","9,948.00","10,086.90","463,380"
"16-Jan-2024","10,086.85","10,240.00","10,060.00","10,183.55","536,823"
"17-Jan-2024","10,124.00","10,161.80","9,996.45","10,051.70","610,250"
"18-Jan-2024","9,946.05","10,050.00","9,737.65","9,924.50","614,860"
"19-Jan-2024","9,960.00","10,051.65","9,949.05","10,037.70","377,018"
"20-Jan-2024","10,037.70","10,067.00","9,938.95","9,972.55","92,601"
"23-Jan-2024","9,862.00","9,973.00","9,832.10","9,860.45","956,269"
"24-Jan-2024","9,860.00","10,000.00","9,755.00","9,988.20","459,092"
"25-Jan-2024","9,988.20","9,999.80","9,816.55","9,881.00","718,817"
"29-Jan-2024","9,931.15","10,035.00","9,875.05","9,991.40","446,516"
"30-Jan-2024","10,010.85","10,033.50","9,931.50","9,951.65","399,869"
"31-Jan-2024","9,959.30","10,235.60","9,913.00","10,186.90","997,024"
"01-Feb-2024","10,210.00","10,699.80","10,204.00","10,637.95","1,869,594"
"02-Feb-2024","10,598.00","10,711.60","10,540.40","10,655.45","814,940"
"05-Feb-2024","10,602.00","10,759.95","10,400.00","10,428.55","365,105"
"06-Feb-2024","10,499.95","10,856.75","10,458.00","10,844.85","829,040"
"07-Feb-2024","10,860.00","10,973.50","10,786.80","10,935.70","560,808"
"08-Feb-2024","10,951.00","10,951.00","10,689.95","10,743.90","557,082"
"09-Feb-2024","10,711.25","10,770.00","10,611.10","10,732.85","645,489"
"12-Feb-2024","10,700.00","10,748.95","10,650.05","10,709.70","190,655"
"13-Feb-2024","10,730.00","10,830.00","10,640.15","10,794.50","397,979"
"14-Feb-2024","10,705.00","11,050.00","10,703.40","11,027.95","354,676"
"15-Feb-2024","11,040.00","11,133.00","10,980.00","11,090.25","447,248"
"16-Feb-2024","11,120.00","11,480.00","11,098.00","11,380.40","716,486"
"19-Feb-2024","11,380.40","11,613.05","11,333.05","11,483.35","581,383"
"20-Feb-2024","11,440.00","11,479.95","11,315.85","11,446.45","355,044"
"21-Feb-2024","11,456.00","11,521.00","11,370.00","11,465.85","348,461"
"22-Feb-2024","11,500.00","11,695.00","11,391.25","11,657.80","584,406"
"23-Feb-2024","11,704.95","11,720.00","11,475.20","11,535.60","472,884"
"26-Feb-2024","11,505.00","11,533.95","11,416.45","11,467.00","277,700"
"27-Feb-2024","11,415.00","11,562.90","11,384.25","11,500.65","307,585"
"28-Feb-2024","11,471.00","11,498.95","11,130.00","11,152.80","358,812"
"29-Feb-2024","11,155.00","11,349.00","11,129.50","11,288.35","943,841"
"01-Mar-2024","11,295.00","11,675.00","11,295.00","11,620.95","487,355"
"02-Mar-2024","11,650.00","11,679.95","11,530.70","11,567.20","16,113"
"04-Mar-2024","11,600.00","11,677.30","11,544.15","11,594.15","369,936"
"05-Mar-2024","11,596.05","11,730.00","11,561.80","11,670.60","320,702"
"06-Mar-2024","11,670.60","11,679.00","11,518.40","11,567.05","639,542"
"07-Mar-2024","11,571.05","11,633.50","11,421.15","11,510.05","255,325"
"11-Mar-2024","11,515.15","11,555.90","11,350.05","11,395.55","525,344"
"12-Mar-2024","11,400.00","11,575.90","11,381.00","11,509.90","283,816"
"13-Mar-2024","11,510.00","11,554.85","11,267.60","11,390.15","385,204"
"14-Mar-2024","11,401.75","11,460.00","11,302.05","11,404.60","523,058"
"15-Mar-2024","11,380.00","11,521.05","11,314.05","11,476.65","972,333"
"18-Mar-2024","11,436.65","11,665.40","11,366.30","11,636.30","311,049"
"19-Mar-2024","11,542.10","11,679.95","11,456.15","11,597.05","409,259"
"20-Mar-2024","11,651.15","12,025.00","11,651.15","11,941.15","1,031,037"
"21-Mar-2024","11,999.00","12,000.00","11,825.35","11,908.15","544,311"
"22-Mar-2024","11,890.05","12,427.30","11,890.05","12,337.70","1,062,263"
"26-Mar-2024","12,285.55","12,321.90","12,141.20","12,250.55","507,568"
"27-Mar-2024","12,290.00","12,722.70","12,285.70","12,510.35","878,986"
"28-Mar-2024","12,569.95","12,726.80","12,385.50","12,600.35","860,324"
"01-Apr-2024","12,613.35","12,689.00","12,506.15","12,569.60","314,676"
"02-Apr-2024","12,624.95","12,648.00","12,462.25","12,552.45","333,508"
"03-Apr-2024","12,450.00","12,525.50","12,412.55","12,427.85","271,935"
"04-Apr-2024","12,490.00","12,649.00","12,318.05","12,567.25","491,166"
"05-Apr-2024","12,492.00","12,557.90","12,384.50","12,421.60","231,600"
"08-Apr-2024","12,450.00","12,927.65","12,450.00","12,865.10","570,422"
"09-Apr-2024","12,865.10","12,985.70","12,780.00","12,888.00","314,466"
"10-Apr-2024","12,933.00","12,958.00","12,600.90","12,682.75","464,239"
"12-Apr-2024","12,660.00","12,660.00","12,225.00","12,266.55","973,366"
"15-Apr-2024","12,199.50","12,510.00","12,032.95","12,422.85","831,257"
"16-Apr-2024","12,308.00","12,549.90","12,275.35","12,502.70","579,183"
"18-Apr-2024","12,570.00","12,602.00","12,320.05","12,405.00","679,117"
"19-Apr-2024","12,399.90","12,759.40","12,225.00","12,710.95","635,535"
"22-Apr-2024","12,783.15","12,879.15","12,659.00","12,785.50","342,212"
"23-Apr-2024","12,845.00","13,024.50","12,776.30","12,996.25","397,281"
"24-Apr-2024","13,000.00","13,073.95","12,900.00","12,944.05","296,364"
"25-Apr-2024","12,964.00","12,980.70","12,740.35","12,922.50","640,725"
"26-Apr-2024","12,922.00","13,045.00","12,660.00","12,703.35","704,626"
"29-Apr-2024","12,800.05","12,994.80","12,603.00","12,689.85","613,937"
"30-Apr-2024","12,786.00","12,996.00","12,740.20","12,817.50","528,776"
"02-May-2024","12,750.00","12,844.15","12,514.80","12,805.35","814,923"
"03-May-2024","12,817.95","12,830.00","12,411.40","12,492.15","834,990"
"06-May-2024","12,550.00","12,646.40","12,372.50","12,439.30","342,231"
"07-May-2024","12,472.40","12,508.50","12,239.00","12,364.05","604,375"
"08-May-2024","12,392.00","12,559.95","12,325.00","12,543.55","399,669"
"09-May-2024","12,540.00","12,739.80","12,436.75","12,504.65","504,590"
"10-May-2024","12,505.00","12,696.95","12,501.00","12,675.50","328,670"
"13-May-2024","12,660.00","12,708.40","12,477.55","12,673.85","281,421"
"14-May-2024","12,673.85","12,840.00","12,651.40","12,814.20","331,037"
"15-May-2024","12,820.00","12,872.40","12,700.00","12,767.30","232,030"
"16-May-2024","12,848.00","12,848.00","12,300.00","12,497.65","914,201"
"17-May-2024","12,515.15","12,665.90","12,322.30","12,641.50","809,226"
"18-May-2024","12,647.95","12,693.45","12,565.40","12,600.15","17,550"
"21-May-2024","12,600.15","12,678.90","12,441.80","12,473.30","443,136"
"22-May-2024","12,427.80","12,563.00","12,363.10","12,531.35","280,015"
"23-May-2024","12,566.05","12,975.10","12,473.05","12,934.90","768,732"
"24-May-2024","12,865.00","13,034.00","12,811.00","13,000.45","624,801"
"27-May-2024","13,023.45","13,058.50","12,777.00","12,906.10","464,953"
"28-May-2024","12,890.00","12,985.95","12,800.25","12,818.60","333,806"
"29-May-2024","12,818.00","12,850.05","12,750.00","12,788.65","353,706"
"30-May-2024","12,721.00","12,810.00","12,550.00","12,598.00","524,559"
"31-May-2024","12,598.00","12,633.35","12,330.00","12,399.30","908,304"
"03-Jun-2024","12,825.00","12,825.00","12,402.55","12,476.15","485,936"
"04-Jun-2024","12,596.60","12,597.20","11,561.45","12,176.05","825,928"
"05-Jun-2024","12,180.00","12,614.10","12,125.10","12,502.60","447,581"
"06-Jun-2024","12,511.55","12,690.00","12,468.00","12,673.50","447,536"
"07-Jun-2024","12,582.35","12,828.00","12,582.35","12,810.90","532,480"
"10-Jun-2024","12,765.15","12,920.00","12,627.90","12,717.55","293,471"
"11-Jun-2024","12,743.50","12,939.55","12,655.20","12,863.65","358,807"
"12-Jun-2024","12,863.65","12,951.60","12,802.00","12,849.35","302,719"
"13-Jun-2024","12,940.00","12,940.00","12,739.60","12,846.85","297,240"
"14-Jun-2024","12,831.50","12,895.00","12,778.80","12,845.20","216,967"
"18-Jun-2024","12,878.40","12,880.00","12,542.05","12,560.95","823,306"
"19-Jun-2024","12,610.00","12,625.00","12,200.00","12,242.10","694,871"
"20-Jun-2024","12,246.00","12,305.50","12,135.00","12,149.50","907,751"
"21-Jun-2024","12,220.00","12,366.25","12,083.50","12,201.50","947,800"
"24-Jun-2024","12,181.00","12,289.00","12,041.00","12,183.40","550,862"
"25-Jun-2024","12,201.40","12,237.80","12,072.05","12,116.60","594,272"
"26-Jun-2024","12,117.00","12,323.85","12,067.70","12,198.25","447,931"
"27-Jun-2024","12,200.00","12,227.30","12,010.00","12,178.75","1,230,852"
"28-Jun-2024","12,184.95","12,201.50","12,004.15","12,033.85","1,160,395"
"01-Jul-2024","12,045.00","12,260.00","12,005.55","12,108.65","1,134,926"
"02-Jul-2024","12,149.95","12,149.95","11,995.00","12,042.60","687,181"
"03-Jul-2024","12,115.00","12,150.00","11,960.00","12,123.65","467,532"
"04-Jul-2024","12,135.00","12,210.00","12,071.80","12,089.60","299,684"
"05-Jul-2024","12,069.15","12,137.45","12,021.90","12,104.05","406,926"
"08-Jul-2024","12,104.00","12,112.00","11,966.00","12,023.60","496,933"
"09-Jul-2024","12,325.00","12,959.95","12,264.05","12,827.70","2,114,130"
"10-Jul-2024","12,950.05","13,300.00","12,732.65","12,772.80","2,070,520"
"11-Jul-2024","12,800.00","12,923.80","12,695.05","12,715.20","608,983"
"12-Jul-2024","12,620.00","12,669.90","12,475.00","12,562.50","674,746"
"15-Jul-2024","12,600.00","12,768.50","12,590.00","12,643.95","697,192"
"16-Jul-2024","12,643.00","12,798.00","12,581.75","12,639.55","347,810"
"18-Jul-2024","12,633.00","12,680.00","12,463.00","12,644.05","391,216"
"19-Jul-2024","12,650.00","12,710.00","12,496.45","12,524.30","351,955"
"22-Jul-2024","12,500.00","12,658.95","12,400.05","12,641.25","249,631"
"23-Jul-2024","12,720.00","12,734.95","12,360.00","12,629.05","332,258"
"24-Jul-2024","12,634.00","12,663.20","12,458.20","12,487.25","285,860"
"25-Jul-2024","12,388.05","12,525.00","12,388.05","12,509.20","396,789"
"26-Jul-2024","12,470.00","12,743.10","12,389.20","12,663.70","537,693"
"29-Jul-2024","12,709.00","12,773.70","12,603.00","12,751.55","388,263"
"30-Jul-2024","12,760.00","12,968.80","12,709.90","12,873.65","526,539"
"31-Jul-2024","12,980.00","13,375.00","12,895.15","13,115.80","836,405"
"01-Aug-2024","13,393.00","13,680.00","13,112.00","13,359.05","2,040,384"
"02-Aug-2024","13,126.00","13,174.90","12,673.05","12,726.40","1,333,355"
"05-Aug-2024","12,490.00","12,490.00","12,027.65","12,200.85","1,131,415"
"06-Aug-2024","12,390.00","12,554.90","12,110.00","12,131.10","623,565"
"07-Aug-2024","12,399.00","12,450.00","12,265.90","12,371.50","433,514"
"08-Aug-2024","12,371.00","12,392.70","12,152.15","12,218.85","358,577"
"09-Aug-2024","12,390.00","12,390.00","12,195.10","12,224.20","320,211"
"12-Aug-2024","12,200.00","12,370.00","12,100.00","12,273.25","291,212"
"13-Aug-2024","12,337.00","12,340.05","12,122.00","12,176.25","464,483"
"14-Aug-2024","12,239.00","12,239.00","12,130.00","12,205.65","449,827"
"16-Aug-2024","12,314.95","12,343.95","12,111.00","12,213.30","552,732"
"19-Aug-2024","12,195.00","12,244.05","12,126.80","12,149.80","277,319"
"20-Aug-2024","12,160.50","12,310.00","12,150.10","12,214.95","471,927"
"21-Aug-2024","12,214.95","12,248.95","12,177.05","12,220.95","295,984"
"22-Aug-2024","12,280.00","12,325.00","12,181.00","12,276.35","501,316"
"23-Aug-2024","12,300.00","12,375.05","12,254.40","12,302.30","440,809"
"26-Aug-2024","12,325.00","12,334.50","12,222.00","12,243.80","232,805"
"27-Aug-2024","12,245.00","12,530.00","12,225.10","12,496.90","477,609"
"28-Aug-2024","12,500.00","12,519.95","12,330.00","12,357.50","313,227"
"29-Aug-2024","12,343.00","12,480.00","12,250.00","12,453.80","608,598"
"30-Aug-2024","12,460.00","12,570.00","12,316.20","12,403.00","2,271,179"
"02-Sep-2024","12,373.00","12,525.00","12,350.40","12,427.40","331,514"
"03-Sep-2024","12,474.00","12,474.30","12,359.90","12,397.10","445,514"
"04-Sep-2024","12,325.05","12,398.00","12,234.10","12,336.25","735,076"
"05-Sep-2024","12,337.00","12,370.00","12,230.00","12,298.60","595,865"
"06-Sep-2024","12,250.00","12,304.85","12,094.70","12,186.15","733,354"
"09-Sep-2024","12,197.50","12,219.85","12,102.00","12,145.75","415,790"
"10-Sep-2024","12,150.10","12,288.05","12,098.00","12,263.40","285,122"
"11-Sep-2024","12,260.00","12,334.00","12,165.00","12,242.60","349,799"
"12-Sep-2024","12,262.10","12,427.00","12,151.35","12,400.85","547,830"
"13-Sep-2024","12,365.00","12,395.00","12,291.05","12,316.05","361,093"
"16-Sep-2024","12,321.95","12,364.00","12,256.00","12,289.00","170,114"
"17-Sep-2024","12,285.00","12,285.00","12,151.65","12,245.75","568,161"
"18-Sep-2024","12,240.05","12,337.95","12,170.00","12,204.10","182,282"
"19-Sep-2024","12,259.95","12,410.00","12,206.40","12,351.50","465,608"
"20-Sep-2024","12,360.40","12,705.15","12,360.05","12,614.50","875,654"
"23-Sep-2024","12,625.00","12,749.00","12,625.00","12,683.10","235,586"
"24-Sep-2024","12,583.10","12,778.95","12,583.10","12,738.60","425,916"
"25-Sep-2024","12,727.25","12,816.20","12,611.00","12,785.30","341,172"
"26-Sep-2024","12,835.00","13,411.00","12,830.00","13,383.80","1,471,069"
"27-Sep-2024","13,383.00","13,541.65","13,274.45","13,495.60","865,698"
"30-Sep-2024","13,343.55","13,500.00","13,208.70","13,238.00","415,743"
"01-Oct-2024","13,238.00","13,300.45","13,000.05","13,166.00","388,888"
"03-Oct-2024","12,941.05","13,148.00","12,592.30","12,647.35","863,520"
"04-Oct-2024","12,689.90","12,877.85","12,512.50","12,605.75","679,362"
"07-Oct-2024","12,626.05","12,648.00","12,378.00","12,527.50","465,500"
"08-Oct-2024","12,502.25","12,630.10","12,462.05","12,531.95","387,060"
"09-Oct-2024","12,554.95","12,850.00","12,540.50","12,760.70","465,231"
"10-Oct-2024","12,798.90","12,965.00","12,711.50","12,944.10","492,698"
"11-Oct-2024","12,944.10","12,980.00","12,725.00","12,776.65","274,243"
"14-Oct-2024","12,775.00","12,799.00","12,462.30","12,537.85","488,067"
"15-Oct-2024","12,709.00","12,709.00","12,355.00","12,446.75","532,135"
"16-Oct-2024","12,414.05","12,454.95","12,231.00","12,383.90","418,138"
"17-Oct-2024","12,400.00","12,420.10","12,070.00","12,143.75","875,937"
"18-Oct-2024","12,070.00","12,141.25","11,844.45","12,105.10","506,871"
"21-Oct-2024","12,145.55","12,250.00","11,944.55","12,175.90","375,275"
"22-Oct-2024","12,215.95","12,289.80","11,840.00","11,923.30","904,901"
"23-Oct-2024","11,923.30","12,119.90","11,753.45","11,956.20","412,638"
"24-Oct-2024","11,998.95","11,998.95","11,636.90","11,763.70","552,495"
"25-Oct-2024","11,763.60","11,794.30","11,440.00","11,502.85","624,582"
"28-Oct-2024","11,504.80","11,632.65","11,440.00","11,483.25","613,830"
"29-Oct-2024","11,450.00","11,483.00","10,742.45","11,046.00","2,268,683"
"30-Oct-2024","10,979.00","11,520.00","10,945.00","11,256.45","1,672,966"
"31-Oct-2024","11,225.00","11,247.55","11,050.00","11,076.45","838,211"
"01-Nov-2024","11,150.00","11,209.55","11,080.00","11,110.00","65,670"
"04-Nov-2024","11,295.00","11,295.00","10,860.00","11,052.45","444,462"
"05-Nov-2024","11,042.00","11,275.00","11,011.90","11,170.10","321,159"
"06-Nov-2024","11,219.00","11,430.00","11,172.60","11,354.25","416,027"
"07-Nov-2024","11,305.15","11,385.00","11,186.60","11,300.15","530,194"
"08-Nov-2024","11,260.50","11,344.00","11,125.60","11,303.00","269,993"
"11-Nov-2024","11,331.50","11,518.15","11,310.00","11,399.70","450,681"
"12-Nov-2024","11,392.05","11,516.90","11,107.25","11,143.10","549,747"
"13-Nov-2024","11,140.00","11,142.85","10,864.30","11,049.60","507,710"
"14-Nov-2024","11,055.00","11,117.70","10,892.10","11,006.05","431,348"
"18-Nov-2024","10,950.00","11,182.95","10,915.00","11,093.95","333,440"
"19-Nov-2024","11,090.00","11,195.25","10,896.40","10,959.30","864,067"
"21-Nov-2024","10,921.15","10,958.20","10,770.00","10,861.45","540,201"
"22-Nov-2024","10,905.00","11,106.65","10,827.25","11,063.60","493,678"
"25-Nov-2024","11,202.00","11,247.95","10,990.05","11,025.15","635,726"
"26-Nov-2024","11,025.15","11,077.95","10,891.45","10,943.95","406,586"
"27-Nov-2024","10,936.00","11,116.90","10,870.00","11,058.35","343,332"
"28-Nov-2024","11,060.40","11,080.60","10,888.00","10,949.85","607,669"
"29-Nov-2024","10,949.95","11,130.10","10,920.00","11,074.20","338,207"
"02-Dec-2024","11,151.00","11,330.00","11,151.00","11,239.30","446,880"
"03-Dec-2024","11,250.00","11,309.00","11,203.00","11,279.25","258,644"
"04-Dec-2024","11,281.00","11,300.00","11,106.00","11,129.85","554,674"
"05-Dec-2024","11,134.95","11,270.00","11,031.00","11,182.25","545,501"
"06-Dec-2024","11,200.00","11,375.95","11,121.00","11,317.95","417,214"
"09-Dec-2024","11,322.00","11,368.90","11,252.55","11,279.80","254,485"
"10-Dec-2024","11,275.00","11,314.35","11,170.00","11,198.20","410,569"
"11-Dec-2024","11,229.90","11,320.85","11,220.60","11,277.75","226,584"
"12-Dec-2024","11,299.35","11,299.35","11,078.25","11,167.40","396,561"
"13-Dec-2024","11,137.40","11,290.00","11,033.60","11,272.55","263,579"
"16-Dec-2024","11,255.55","11,329.45","11,205.00","11,277.00","223,389"
"17-Dec-2024","11,263.00","11,272.45","11,059.70","11,108.55","295,445"
"18-Dec-2024","11,085.00","11,098.05","10,970.10","11,002.45","497,103"
"19-Dec-2024","10,888.00","11,035.40","10,852.45","10,955.35","435,360"
"20-Dec-2024","10,940.00","11,077.00","10,865.95","10,901.05","404,608"
"23-Dec-2024","10,928.00","10,989.80","10,755.40","10,822.00","237,165"
"24-Dec-2024","10,822.00","10,887.45","10,725.00","10,736.60","151,149"
"26-Dec-2024","10,770.50","10,974.80","10,770.00","10,896.00","349,811"
"27-Dec-2024","10,929.50","11,133.00","10,912.60","10,941.05","257,973"
"30-Dec-2024","10,941.05","10,950.00","10,750.10","10,798.95","335,481"
"31-Dec-2024","10,765.00","10,893.70","10,750.60","10,858.40","198,997"
"01-Jan-2025","10,858.00","11,273.95","10,800.20","11,208.30","383,202"
"02-Jan-2025","11,285.00","11,859.15","11,226.00","11,841.30","1,417,042"
"03-Jan-2025","11,849.95","12,049.80","11,787.95","11,934.25","701,315"
"06-Jan-2025","11,929.00","11,979.90","11,690.70","11,755.65","383,268"
"07-Jan-2025","11,755.65","11,825.95","11,673.70","11,721.30","308,104"
"08-Jan-2025","11,726.00","11,859.95","11,725.30","11,822.00","303,100"
"09-Jan-2025","11,822.00","11,850.00","11,659.65","11,740.55","266,413"
"10-Jan-2025","11,690.00","11,760.00","11,570.00","11,631.10","218,246"
"13-Jan-2025","11,468.50","11,654.45","11,468.00","11,497.70","253,524"
"14-Jan-2025","11,533.95","11,785.55","11,531.00","11,741.15","627,463"
"15-Jan-2025","11,890.55","12,192.40","11,861.00","11,947.40","692,822"
"16-Jan-2025","11,981.45","12,134.00","11,956.20","12,092.30","551,211"
"17-Jan-2025","12,101.90","12,189.90","12,004.30","12,136.35","285,370"
"20-Jan-2025","12,147.05","12,147.05","11,984.05","12,020.05","251,731"
"21-Jan-2025","12,017.05","12,139.80","11,862.05","11,883.70","300,038"
"22-Jan-2025","11,900.05","12,078.85","11,900.05","12,020.35","396,590"
"23-Jan-2025","12,005.00","12,106.30","11,961.30","12,045.75","480,876"
"24-Jan-2025","11,930.00","12,093.00","11,914.10","11,967.90","310,343"
"27-Jan-2025","11,901.90","12,046.90","11,811.05","11,993.85","251,783"
"28-Jan-2025","12,018.35","12,164.70","11,884.95","12,123.75","533,451"
"29-Jan-2025","12,120.00","12,320.70","11,885.05","11,977.90","817,549"
"30-Jan-2025","12,021.00","12,110.85","11,923.10","12,000.00","418,442"
"31-Jan-2025","12,000.00","12,390.00","12,000.00","12,310.65","709,009"
"01-Feb-2025","12,320.00","13,150.00","12,228.65","12,916.50","1,101,170"
"03-Feb-2025","12,990.00","13,461.20","12,921.65","13,139.95","926,127"
"04-Feb-2025","13,250.00","13,259.95","12,971.50","13,109.95","530,749"
"05-Feb-2025","13,110.00","13,150.00","13,003.50","13,086.80","271,633"
"06-Feb-2025","13,060.00","13,130.00","13,006.80","13,074.00","414,134"
"07-Feb-2025","13,060.00","13,108.50","13,012.00","13,049.50","355,223"
"10-Feb-2025","13,050.00","13,060.00","12,886.65","12,900.75","294,142"
"11-Feb-2025","12,899.95","13,017.25","12,699.45","12,724.35","354,195"
"12-Feb-2025","12,700.00","12,765.35","12,608.05","12,655.55","425,735"
"13-Feb-2025","12,675.00","12,744.95","12,614.75","12,671.30","186,742"
"14-Feb-2025","12,700.00","12,780.00","12,584.10","12,680.25","233,454"
"17-Feb-2025","12,601.60","12,774.00","12,578.10","12,762.90","192,210"
"18-Feb-2025","12,764.95","12,884.95","12,735.15","12,786.20","267,936"
"19-Feb-2025","12,727.00","12,769.15","12,651.00","12,686.15","288,694"
"20-Feb-2025","12,650.00","12,650.00","12,380.00","12,440.65","423,739"
"21-Feb-2025","12,420.00","12,438.60","12,245.00","12,323.45","477,013"
"24-Feb-2025","12,248.35","12,432.50","12,220.10","12,345.20","399,571"
"25-Feb-2025","12,388.75","12,507.40","12,350.00","12,476.35","363,355"
"27-Feb-2025","12,531.70","12,550.00","12,312.00","12,380.60","236,805"
"28-Feb-2025","12,338.50","12,338.50","11,811.70","11,945.85","605,149"
"03-Mar-2025","11,886.00","12,059.45","11,757.75","11,775.60","186,884"
"04-Mar-2025","11,690.00","11,724.25","11,591.00","11,616.25","255,726"
"05-Mar-2025","11,605.00","11,830.00","11,568.35","11,617.35","349,730"
"06-Mar-2025","11,701.00","11,729.50","11,480.00","11,666.40","315,309"
"07-Mar-2025","11,650.00","11,742.30","11,601.00","11,664.15","259,055"
"10-Mar-2025","11,600.00","11,697.90","11,533.65","11,586.05","153,894"
"11-Mar-2025","11,579.50","11,692.00","11,510.00","11,646.95","245,822"
"12-Mar-2025","11,620.80","11,723.95","11,522.00","11,640.10","249,361"
"13-Mar-2025","11,634.80","11,685.00","11,489.75","11,513.80","260,736"
"17-Mar-2025","11,513.80","11,752.95","11,456.35","11,553.70","275,581"
"18-Mar-2025","11,560.05","11,755.45","11,501.00","11,714.55","373,219"
"19-Mar-2025","11,700.00","11,714.45","11,547.00","11,615.55","476,555"
"20-Mar-2025","11,699.90","11,765.00","11,588.00","11,730.20","379,421"
"21-Mar-2025","11,780.00","11,921.70","11,705.80","11,732.80","560,565"
"24-Mar-2025","11,779.95","11,990.00","11,742.05","11,922.25","359,033"
"25-Mar-2025","11,951.40","12,075.25","11,800.00","11,868.90","514,283"
"26-Mar-2025","11,807.00","11,868.90","11,710.00","11,734.30","478,517"
"27-Mar-2025","11,773.15","11,898.00","11,638.00","11,721.95","645,787"
"28-Mar-2025","11,699.05","11,745.95","11,400.10","11,522.15","541,795"
"01-Apr-2025","11,480.00","11,545.80","11,290.00","11,481.10","498,244"
"02-Apr-2025","11,481.10","11,732.00","11,410.05","11,716.10","452,994"
"03-Apr-2025","11,630.50","11,802.95","11,611.05","11,688.10","326,624"
"04-Apr-2025","11,600.00","11,630.00","11,330.00","11,482.00","355,785"
"07-Apr-2025","11,105.60","11,358.50","11,059.45","11,329.75","602,353"
"08-Apr-2025","11,530.00","11,550.35","11,290.05","11,458.90","629,968"
"09-Apr-2025","11,460.10","11,538.70","11,425.00","11,457.40","255,114"
"11-Apr-2025","11,480.35","11,678.75","11,480.00","11,599.05","231,420"
"15-Apr-2025","11,790.00","11,940.00","11,680.00","11,855.00","458,593"
"16-Apr-2025","11,768.00","11,768.00","11,615.00","11,664.00","470,494"
"17-Apr-2025","11,664.00","11,728.00","11,525.00","11,695.00","302,146"
"21-Apr-2025","11,695.00","11,769.00","11,588.00","11,745.00","318,493"
"22-Apr-2025","11,770.00","11,788.00","11,615.00","11,734.00","516,753"
"23-Apr-2025","11,799.00","11,971.00","11,729.00","11,907.00","493,839"
"24-Apr-2025","11,940.00","12,040.00","11,858.00","11,894.00","387,863"
"25-Apr-2025","11,902.00","12,046.00","11,598.00","11,698.00","906,266"
"28-Apr-2025","11,428.00","11,896.00","11,289.00","11,846.00","457,303"
"29-Apr-2025","11,812.00","11,940.00","11,741.00","11,841.00","455,596"
"30-Apr-2025","11,825.00","12,325.00","11,800.00","12,257.00","967,250"
"02-May-2025","12,257.00","12,727.00","12,250.00","12,406.00","786,089"
"05-May-2025","12,490.00","12,490.00","12,362.00","12,458.00","270,014"
"06-May-2025","12,438.00","12,599.00","12,371.00","12,581.00","414,921"
"07-May-2025","12,355.00","12,669.00","12,355.00","12,633.00","303,619"
"08-May-2025","12,560.00","12,597.00","12,330.00","12,392.00","485,326"
"09-May-2025","12,135.00","12,360.00","12,115.00","12,250.00","278,112"
"12-May-2025","12,426.00","12,630.00","12,426.00","12,616.00","185,165"
"13-May-2025","12,600.00","12,700.00","12,430.00","12,482.00","378,269"
"14-May-2025","12,485.00","12,718.00","12,411.00","12,670.00","306,050"
"15-May-2025","12,600.00","13,023.00","12,548.00","12,952.00","561,496"
"16-May-2025","12,950.00","13,086.00","12,912.00","12,995.00","425,275"
"19-May-2025","12,990.00","13,046.00","12,930.00","12,989.00","244,277"
"20-May-2025","13,005.00","13,010.00","12,610.00","12,638.00","361,111"
"21-May-2025","12,675.00","12,808.00","12,594.00","12,615.00","209,104"
"22-May-2025","12,611.00","12,611.00","12,395.00","12,445.00","434,848"
"23-May-2025","12,450.00","12,495.00","12,423.00","12,453.00","169,465"
"26-May-2025","12,455.00","12,539.00","12,391.00","12,421.00","214,703"
"27-May-2025","12,421.00","12,479.00","12,290.00","12,414.00","344,679"
"28-May-2025","12,414.00","12,415.00","12,305.00","12,331.00","178,181"
"29-May-2025","12,340.00","12,428.00","12,266.00","12,392.00","191,097"
"30-May-2025","12,392.00","12,490.00","12,251.00","12,319.00","351,353"
"02-Jun-2025","12,161.00","12,319.00","12,132.00","12,290.00","264,972"
"03-Jun-2025","12,273.00","12,350.00","12,060.00","12,128.00","369,114"
"04-Jun-2025","12,128.00","12,245.00","12,128.00","12,163.00","205,846"
"05-Jun-2025","12,200.00","12,257.00","12,016.00","12,126.00","319,783"
"06-Jun-2025","12,139.00","12,535.00","12,100.00","12,462.00","456,129"
"09-Jun-2025","12,505.00","12,660.00","12,466.00","12,637.00","323,443"
"10-Jun-2025","12,660.00","12,744.00","12,461.00","12,520.00","325,292"
"11-Jun-2025","12,470.00","12,560.00","12,427.00","12,452.00","306,061"
"12-Jun-2025","12,459.00","12,490.00","12,307.00","12,390.00","347,339"
"13-Jun-2025","12,200.00","12,425.00","12,176.00","12,408.00","385,493"
"16-Jun-2025","12,404.00","12,567.00","12,336.00","12,530.00","184,242"
"17-Jun-2025","12,529.00","12,615.00","12,470.00","12,595.00","226,597"
"18-Jun-2025","12,620.00","12,880.00","12,550.00","12,748.00","467,738"
"19-Jun-2025","12,750.00","12,825.00","12,714.00","12,806.00","339,117"
"20-Jun-2025","12,809.00","12,890.00","12,728.00","12,791.00","652,128"
"23-Jun-2025","12,771.00","12,786.00","12,666.00","12,699.00","192,037"
"24-Jun-2025","12,830.00","12,855.00","12,553.00","12,611.00","332,717"
"25-Jun-2025","12,684.00","12,807.00","12,617.00","12,767.00","316,536"
"26-Jun-2025","12,780.00","12,848.00","12,689.00","12,715.00","354,735"
"27-Jun-2025","12,750.00","12,799.00","12,621.00","12,642.00","346,403"
"30-Jun-2025","12,667.00","12,675.00","12,332.00","12,400.00","448,956"
"01-Jul-2025","12,450.00","12,459.00","12,320.00","12,442.00","283,481"
"02-Jul-2025","12,380.00","12,643.00","12,359.00","12,622.00","609,735"
"03-Jul-2025","12,630.00","12,820.00","12,590.00","12,752.00","606,221"
"04-Jul-2025","12,715.00","12,748.00","12,608.00","12,646.00","225,607"
"07-Jul-2025","12,647.00","12,670.00","12,471.00","12,520.00","220,116"
"08-Jul-2025","12,525.00","12,555.00","12,359.00","12,414.00","241,050"
"09-Jul-2025","12,435.00","12,540.00","12,430.00","12,470.00","174,203"
"10-Jul-2025","12,500.00","12,670.00","12,401.00","12,650.00","277,325"
"11-Jul-2025","12,640.00","12,685.00","12,521.00","12,574.00","194,420"
"14-Jul-2025","12,590.00","12,616.00","12,431.00","12,514.00","246,737"
"15-Jul-2025","12,481.00","12,598.00","12,481.00","12,536.00","147,377"
"16-Jul-2025","12,536.00","12,571.00","12,439.00","12,564.00","204,480"
"17-Jul-2025","12,569.00","12,627.00","12,463.00","12,476.00","189,207"
"18-Jul-2025","12,525.00","12,527.00","12,370.00","12,419.00","124,068"
"21-Jul-2025","12,431.00","12,478.00","12,342.00","12,405.00","232,066"
"22-Jul-2025","12,449.00","12,530.00","12,319.00","12,492.00","169,006"
"23-Jul-2025","12,540.00","12,719.00","12,540.00","12,627.00","342,005"
"24-Jul-2025","12,648.00","12,661.00","12,519.00","12,557.00","157,163"
"25-Jul-2025","12,545.00","12,557.00","12,357.00","12,404.00","260,700"
"28-Jul-2025","12,371.00","12,535.00","12,302.00","12,340.00","292,879"
"29-Jul-2025","12,340.00","12,507.00","12,268.00","12,469.00","285,115"
"30-Jul-2025","12,431.00","12,643.00","12,420.00","12,618.00","203,847"
"31-Jul-2025","12,506.00","12,760.00","12,464.00","12,608.00","709,783"
"01-Aug-2025","12,521.00","12,779.00","12,273.00","12,302.00","346,024"
"04-Aug-2025","12,326.00","12,425.00","12,225.00","12,365.00","255,693"
"05-Aug-2025","12,400.00","12,577.00","12,370.00","12,537.00","233,560"
"06-Aug-2025","12,570.00","12,619.00","12,483.00","12,524.00","151,608"
"07-Aug-2025","12,525.00","12,654.00","12,429.00","12,632.00","173,393"
"08-Aug-2025","12,630.00","12,725.00","12,564.00","12,590.00","247,048"
"11-Aug-2025","12,585.00","12,734.00","12,482.00","12,597.00","187,230"
"12-Aug-2025","12,620.00","12,959.00","12,606.00","12,840.00","504,476"
"13-Aug-2025","12,840.00","12,925.00","12,752.00","12,834.00","252,065"
"14-Aug-2025","12,864.00","12,956.00","12,825.00","12,936.00","318,580"
"18-Aug-2025","13,703.00","14,125.00","13,664.00","14,068.00","2,154,781"
"19-Aug-2025","14,070.00","14,270.00","13,979.00","14,250.00","906,623"
"20-Aug-2025","14,362.00","14,362.00","14,200.00","14,221.00","391,425"
"21-Aug-2025","14,219.00","14,401.00","14,156.00","14,280.00","513,460"
"22-Aug-2025","14,349.00","14,370.00","14,230.00","14,349.00","458,935"
"25-Aug-2025","14,401.00","14,478.00","14,280.00","14,452.00","357,110"
"26-Aug-2025","14,452.00","14,825.00","14,391.00","14,714.00","962,974"
"28-Aug-2025","14,895.00","14,895.00","14,625.00","14,752.00","666,635"
"29-Aug-2025","14,750.00","14,850.00","14,692.00","14,791.00","621,560"
"01-Sep-2025","14,790.00","14,938.00","14,654.00","14,887.00","572,927"
"02-Sep-2025","14,859.00","14,934.00","14,783.00","14,842.00","379,167"
"03-Sep-2025","14,875.00","14,991.00","14,750.00","14,927.00","561,656"
"04-Sep-2025","15,240.00","15,240.00","14,630.00","14,662.00","784,369"
"05-Sep-2025","14,740.00","14,957.00","14,701.00","14,895.00","473,806"
"08-Sep-2025","14,921.00","15,319.00","14,850.00","15,258.00","691,077"
"09-Sep-2025","15,249.00","15,384.00","15,201.00","15,365.00","605,860"
"10-Sep-2025","15,366.00","15,384.00","15,072.00","15,108.00","489,062"
"11-Sep-2025","15,111.00","15,191.00","15,038.00","15,095.00","657,161"
"12-Sep-2025","15,160.00","15,373.00","15,153.00","15,325.00","420,101"
"15-Sep-2025","15,350.00","15,378.00","15,249.00","15,265.00","170,587"
"16-Sep-2025","15,300.00","15,594.00","15,284.00","15,573.00","381,944"
"17-Sep-2025","15,592.00","15,818.00","15,570.00","15,801.00","624,986"
"18-Sep-2025","15,916.00","15,939.00","15,703.00","15,817.00","642,175"
"19-Sep-2025","16,000.00","16,060.00","15,811.00","15,864.00","652,443"
"22-Sep-2025","15,879.00","16,000.00","15,779.00","15,816.00","302,234"
"23-Sep-2025","16,120.00","16,325.00","16,031.00","16,097.00","873,114"
"24-Sep-2025","16,188.00","16,375.00","16,063.00","16,249.00","663,647"
"25-Sep-2025","16,249.00","16,370.00","16,067.00","16,269.00","490,262"
"26-Sep-2025","16,235.00","16,435.00","16,202.00","16,286.00","490,957"
"29-Sep-2025","16,300.00","16,340.00","15,950.00","15,984.00","627,326"
"30-Sep-2025","15,985.00","16,054.00","15,921.00","16,029.00","390,006"
"01-Oct-2025","16,026.00","16,109.00","15,850.00","15,965.00","426,075"
"03-Oct-2025","15,949.00","16,025.00","15,736.00","15,806.00","470,216"
"06-Oct-2025","15,840.00","16,057.00","15,708.00","15,998.00","268,497"
"07-Oct-2025","16,014.00","16,159.00","15,977.00","16,108.00","330,326"
"08-Oct-2025","16,108.00","16,236.00","15,979.00","16,012.00","306,518"
"09-Oct-2025","16,070.00","16,075.00","15,853.00","15,985.00","300,499"
"10-Oct-2025","15,980.00","16,315.00","15,911.00","16,265.00","423,031"
"13-Oct-2025","16,264.00","16,432.00","16,218.00","16,323.00","337,617"
"14-Oct-2025","16,350.00","16,350.00","16,121.00","16,261.00","307,925"
"15-Oct-2025","16,300.00","16,380.00","16,200.00","16,212.00","266,435"
"16-Oct-2025","16,246.00","16,332.00","16,200.00","16,298.00","265,727"
"17-Oct-2025","16,298.00","16,549.00","16,298.00","16,401.00","411,608"
"20-Oct-2025","16,500.00","16,518.00","16,380.00","16,424.00","374,246"
"21-Oct-2025","16,453.00","16,476.00","16,330.00","16,396.00","28,990"
"23-Oct-2025","16,660.00","16,660.00","16,340.00","16,393.00","481,753"
"24-Oct-2025","16,392.00","16,423.00","16,200.00","16,274.00","208,520"
"27-Oct-2025","16,350.00","16,410.00","16,275.00","16,388.00","209,829"
"28-Oct-2025","16,399.00","16,495.00","16,261.00","16,311.00","383,383"
"29-Oct-2025","16,360.00","16,428.00","16,046.00","16,138.00","232,815"
"30-Oct-2025","16,190.00","16,275.00","16,077.00","16,206.00","230,383"
"31-Oct-2025","16,204.00","16,516.00","15,949.00","16,186.00","719,402"
"03-Nov-2025","16,016.00","16,100.00","15,530.00","15,651.00","942,850"
"04-Nov-2025","15,607.00","15,633.00","15,355.00","15,374.00","748,848"
"06-Nov-2025","15,534.00","15,534.00","15,309.00","15,452.00","429,800"
"07-Nov-2025","15,459.00","15,499.00","15,260.00","15,479.00","227,247"
"10-Nov-2025","15,380.00","15,647.00","15,380.00","15,583.00","274,191"
"11-Nov-2025","15,640.00","15,680.00","15,512.00","15,645.00","181,524"
"12-Nov-2025","15,674.00","15,731.00","15,555.00","15,696.00","244,015"
"13-Nov-2025","15,661.00","15,800.00","15,660.00","15,749.00","250,711"
"14-Nov-2025","15,725.00","15,735.00","15,572.00","15,684.00","253,698"
"17-Nov-2025","15,689.00","15,892.00","15,655.00","15,878.00","301,069"
"18-Nov-2025","15,878.00","15,999.00","15,750.00","15,930.00","392,903"
"19-Nov-2025","15,950.00","15,950.00","15,715.00","15,768.00","286,434"
"20-Nov-2025","15,810.00","15,823.00","15,618.00","15,801.00","249,492"
"21-Nov-2025","15,790.00","16,150.00","15,737.00","15,977.00","586,351"
"24-Nov-2025","16,005.00","16,085.00","15,911.00","15,958.00","525,788"
"25-Nov-2025","15,958.00","16,050.00","15,842.00","15,889.00","214,525"
"26-Nov-2025","15,950.00","16,210.00","15,950.00","16,156.00","314,946"
"27-Nov-2025","16,166.00","16,171.00","15,875.00","15,903.00","339,986"
"28-Nov-2025","15,906.00","16,049.00","15,850.00","15,900.00","352,340"
"01-Dec-2025","15,975.00","16,177.00","15,851.00","16,097.00","434,052"
"02-Dec-2025","16,127.00","16,261.00","16,095.00","16,239.00","383,165"
"03-Dec-2025","16,219.00","16,248.00","16,010.00","16,082.00","264,397"
"04-Dec-2025","16,058.00","16,135.00","15,887.00","15,994.00","248,812"
"05-Dec-2025","16,000.00","16,338.00","15,979.00","16,282.00","332,032"
"08-Dec-2025","16,200.00","16,256.00","16,094.00","16,187.00","220,513"
"09-Dec-2025","16,051.00","16,226.00","15,985.00","16,020.00","276,388"
"10-Dec-2025","16,090.00","16,125.00","15,925.00","16,019.00","293,374"
"11-Dec-2025","16,049.00","16,296.00","15,983.00","16,248.00","268,701"
"12-Dec-2025","16,248.00","16,536.00","16,247.00","16,522.00","404,711"
"15-Dec-2025","16,500.00","16,500.00","16,360.00","16,415.00","225,221"
"16-Dec-2025","16,400.00","16,451.00","16,320.00","16,354.00","156,134"
"17-Dec-2025","16,389.00","16,490.00","16,357.00","16,398.00","257,406"
"18-Dec-2025","16,440.00","16,486.00","16,221.00","16,329.00","213,981"
"19-Dec-2025","16,329.00","16,475.00","16,329.00","16,414.00","360,190"
"22-Dec-2025","16,464.00","16,693.00","16,414.00","16,649.00","271,590"
"23-Dec-2025","16,709.00","16,720.00","16,558.00","16,585.00","215,650"
"24-Dec-2025","16,640.00","16,720.00","16,542.00","16,703.00","258,486"
"26-Dec-2025","16,703.00","16,703.00","16,516.00","16,596.00","212,925"
"29-Dec-2025","16,600.00","16,682.00","16,499.00","16,542.00","251,796"
"30-Dec-2025","16,575.00","16,818.00","16,482.00","16,647.00","1,055,843"
"31-Dec-2025","16,581.00","16,776.00","16,581.00","16,697.00","314,427"
"26-Feb-2026","15,145.00","15,224.00","15,046.00","15,201.00","1,825,402"
