"Date","Open","High","Low","Close","Volume"
"01-Jan-2019","962.00","965.00","952.85","959.85","358,734"
"02-Jan-2019","959.00","962.00","939.15","946.35","1,135,048"
"03-Jan-2019","950.00","960.00","945.00","948.35","1,404,612"
"04-Jan-2019","946.00","950.55","925.00","932.35","1,538,639"
"07-Jan-2019","939.90","950.00","935.90","941.55","1,172,376"
"08-Jan-2019","948.00","948.00","933.10","945.15","1,515,788"
"09-Jan-2019","947.00","948.55","932.30","938.40","1,235,860"
"10-Jan-2019","943.00","943.00","932.00","935.85","916,048"
"11-Jan-2019","935.00","941.00","920.00","940.05","2,165,684"
"14-Jan-2019","941.00","944.00","928.00","937.20","978,404"
"15-Jan-2019","929.00","955.90","929.00","947.70","1,846,946"
"16-Jan-2019","948.00","954.20","936.75","938.25","850,621"
"17-Jan-2019","935.10","957.00","933.10","954.70","1,845,117"
"18-Jan-2019","948.60","968.75","946.35","966.30","2,342,528"
"21-Jan-2019","969.05","981.50","962.05","965.75","1,632,709"
"22-Jan-2019","962.00","964.55","937.00","940.75","2,395,796"
"23-Jan-2019","947.50","949.95","938.70","944.45","2,820,793"
"24-Jan-2019","944.90","953.70","939.25","946.45","1,477,391"
"25-Jan-2019","949.00","975.70","946.10","969.40","2,155,004"
"28-Jan-2019","973.00","980.00","963.90","977.80","1,514,965"
"29-Jan-2019","978.00","994.85","961.10","988.45","2,366,569"
"30-Jan-2019","1,018.00","1,035.00","1,001.50","1,018.40","7,026,674"
"31-Jan-2019","1,019.60","1,023.15","986.75","1,005.20","4,529,214"
"01-Feb-2019","1,010.60","1,050.00","1,010.50","1,043.85","3,230,111"
"04-Feb-2019","1,045.00","1,057.80","1,040.30","1,044.80","2,066,972"
"05-Feb-2019","1,046.50","1,055.00","1,041.50","1,047.75","1,184,282"
"06-Feb-2019","1,051.00","1,064.95","1,045.10","1,055.20","1,165,500"
"07-Feb-2019","1,056.00","1,077.80","1,056.00","1,062.90","1,625,544"
"08-Feb-2019","1,060.00","1,076.00","1,058.05","1,068.45","1,866,901"
"11-Feb-2019","1,068.10","1,084.00","1,063.00","1,079.35","1,578,943"
"12-Feb-2019","1,076.00","1,078.40","1,052.75","1,058.80","1,394,441"
"13-Feb-2019","1,060.00","1,073.00","1,047.05","1,070.15","1,321,888"
"14-Feb-2019","1,070.00","1,070.00","1,057.05","1,061.30","985,360"
"15-Feb-2019","1,066.20","1,067.35","1,041.50","1,057.25","1,246,060"
"18-Feb-2019","1,060.80","1,072.00","1,032.50","1,046.30","1,275,349"
"19-Feb-2019","1,048.00","1,051.20","1,036.35","1,039.05","918,720"
"20-Feb-2019","1,042.35","1,061.50","1,026.00","1,057.95","1,279,177"
"21-Feb-2019","1,060.00","1,061.50","1,042.60","1,053.40","1,301,577"
"22-Feb-2019","1,044.20","1,070.50","1,044.00","1,066.15","1,422,246"
"25-Feb-2019","1,070.60","1,085.00","1,062.95","1,082.25","1,170,470"
"26-Feb-2019","1,080.60","1,095.95","1,054.95","1,058.85","1,863,185"
"27-Feb-2019","1,060.00","1,066.00","1,038.00","1,060.35","1,662,555"
"28-Feb-2019","1,069.95","1,069.95","1,047.70","1,053.90","3,330,830"
"01-Mar-2019","1,055.00","1,061.40","1,043.75","1,052.60","1,147,955"
"05-Mar-2019","1,057.70","1,059.80","1,045.20","1,052.55","1,058,779"
"06-Mar-2019","1,060.60","1,062.00","1,038.60","1,043.25","1,403,626"
"07-Mar-2019","1,047.60","1,050.50","1,032.00","1,034.55","1,036,807"
"08-Mar-2019","1,029.40","1,029.95","1,006.00","1,009.05","1,588,047"
"11-Mar-2019","1,007.00","1,021.75","1,001.00","1,004.40","2,273,794"
"12-Mar-2019","1,007.10","1,019.50","1,000.05","1,013.35","2,451,094"
"13-Mar-2019","1,018.70","1,043.00","1,014.10","1,028.35","3,401,670"
"14-Mar-2019","1,035.00","1,040.55","1,004.10","1,006.75","1,896,916"
"15-Mar-2019","1,012.00","1,033.85","1,008.80","1,029.30","2,603,844"
"18-Mar-2019","1,032.10","1,039.95","1,008.35","1,012.00","1,175,027"
"19-Mar-2019","1,020.10","1,042.00","1,013.10","1,036.20","1,621,276"
"20-Mar-2019","1,042.00","1,054.50","1,031.50","1,037.95","2,204,401"
"22-Mar-2019","1,038.00","1,048.00","1,018.00","1,024.85","2,618,545"
"25-Mar-2019","1,029.00","1,029.00","1,011.85","1,017.65","1,527,955"
"26-Mar-2019","1,013.35","1,043.80","1,011.50","1,034.60","1,655,723"
"27-Mar-2019","1,020.00","1,056.35","1,020.00","1,043.15","1,455,845"
"28-Mar-2019","1,051.40","1,088.35","1,050.00","1,082.90","4,313,807"
"29-Mar-2019","1,090.00","1,098.45","1,067.65","1,087.45","2,827,220"
"01-Apr-2019","1,090.00","1,120.00","1,082.05","1,110.75","2,308,865"
"02-Apr-2019","1,110.00","1,120.00","1,092.50","1,102.60","1,393,922"
"03-Apr-2019","1,102.60","1,133.30","1,091.55","1,120.60","2,648,314"
"04-Apr-2019","1,118.00","1,118.05","1,081.50","1,098.05","4,222,104"
"05-Apr-2019","1,090.35","1,104.65","1,085.50","1,092.80","1,704,522"
"08-Apr-2019","1,095.00","1,101.00","1,080.95","1,096.35","2,013,924"
"09-Apr-2019","1,096.35","1,128.85","1,096.20","1,118.15","3,250,491"
"10-Apr-2019","1,120.00","1,125.30","1,096.20","1,098.70","2,413,433"
"11-Apr-2019","1,092.30","1,101.10","1,085.00","1,088.85","1,517,790"
"12-Apr-2019","1,088.80","1,100.85","1,076.60","1,083.45","1,419,742"
"15-Apr-2019","1,089.00","1,108.00","1,085.00","1,103.25","1,934,151"
"16-Apr-2019","1,109.50","1,116.25","1,102.35","1,107.05","1,200,591"
"18-Apr-2019","1,108.00","1,123.90","1,090.50","1,102.65","2,027,619"
"22-Apr-2019","1,103.50","1,114.30","1,095.00","1,101.10","1,115,258"
"23-Apr-2019","1,102.60","1,111.95","1,096.60","1,102.00","1,067,764"
"24-Apr-2019","1,103.00","1,142.10","1,096.85","1,138.95","2,840,823"
"25-Apr-2019","1,141.00","1,151.40","1,129.05","1,133.70","2,680,549"
"26-Apr-2019","1,140.00","1,169.85","1,135.00","1,139.75","1,732,967"
"30-Apr-2019","1,140.05","1,187.60","1,140.00","1,183.35","4,155,200"
"02-May-2019","1,170.00","1,180.50","1,156.50","1,160.05","2,113,097"
"03-May-2019","1,144.00","1,149.15","1,126.25","1,143.05","2,855,158"
"06-May-2019","1,139.90","1,144.40","1,128.05","1,136.05","1,413,565"
"07-May-2019","1,137.35","1,150.00","1,116.00","1,131.75","2,344,602"
"08-May-2019","1,132.00","1,140.00","1,122.40","1,132.60","1,493,911"
"09-May-2019","1,124.50","1,145.00","1,110.10","1,136.60","2,481,345"
"10-May-2019","1,111.00","1,111.00","1,072.80","1,086.65","7,767,725"
"13-May-2019","1,088.30","1,100.75","1,078.00","1,083.65","1,684,031"
"14-May-2019","1,083.65","1,083.65","1,057.00","1,067.85","2,194,007"
"15-May-2019","1,072.95","1,086.50","1,062.85","1,067.45","1,620,299"
"16-May-2019","1,079.90","1,080.45","1,056.05","1,072.25","1,113,451"
"17-May-2019","1,075.05","1,077.00","1,059.75","1,062.70","1,390,023"
"20-May-2019","1,065.00","1,083.80","1,051.25","1,073.55","1,190,237"
"21-May-2019","1,071.40","1,074.00","1,052.65","1,056.10","806,713"
"22-May-2019","1,057.00","1,075.00","1,053.70","1,061.00","1,712,432"
"23-May-2019","1,064.00","1,071.00","1,050.25","1,066.40","1,942,100"
"24-May-2019","1,071.00","1,074.00","1,054.10","1,065.95","2,170,234"
"27-May-2019","1,072.00","1,081.00","1,058.20","1,064.20","1,582,207"
"28-May-2019","1,071.00","1,089.95","1,055.25","1,071.30","5,315,844"
"29-May-2019","1,071.40","1,095.00","1,068.20","1,085.00","2,177,406"
"30-May-2019","1,088.00","1,098.35","1,068.00","1,078.20","2,372,724"
"31-May-2019","1,085.00","1,099.40","1,080.05","1,092.55","2,127,547"
"03-Jun-2019","1,098.85","1,119.00","1,087.15","1,115.20","1,700,197"
"04-Jun-2019","1,112.40","1,113.40","1,081.00","1,085.85","2,064,485"
"06-Jun-2019","1,090.00","1,101.15","1,075.55","1,079.20","2,350,903"
"07-Jun-2019","1,083.00","1,087.20","1,071.25","1,079.60","1,636,403"
"10-Jun-2019","1,086.90","1,101.80","1,081.40","1,091.20","1,028,004"
"11-Jun-2019","1,100.00","1,116.95","1,093.90","1,107.90","3,242,539"
"12-Jun-2019","1,107.00","1,110.00","1,091.30","1,108.10","1,568,101"
"13-Jun-2019","1,103.00","1,106.10","1,093.00","1,100.90","1,975,925"
"14-Jun-2019","1,093.10","1,102.35","1,084.00","1,087.00","1,733,936"
"17-Jun-2019","1,084.00","1,087.70","1,071.50","1,074.90","1,243,674"
"18-Jun-2019","1,074.90","1,094.15","1,074.65","1,089.60","706,081"
"19-Jun-2019","1,090.10","1,096.60","1,077.80","1,084.10","1,218,939"
"20-Jun-2019","1,070.00","1,091.00","1,065.65","1,087.35","947,544"
"21-Jun-2019","1,092.50","1,092.65","1,071.15","1,076.25","2,347,555"
"24-Jun-2019","1,079.00","1,084.05","1,068.10","1,077.90","675,052"
"25-Jun-2019","1,077.90","1,081.10","1,060.15","1,079.00","1,101,967"
"26-Jun-2019","1,072.20","1,092.65","1,072.20","1,078.75","1,638,867"
"27-Jun-2019","1,074.30","1,084.05","1,059.95","1,062.75","1,388,025"
"28-Jun-2019","1,070.70","1,075.95","1,058.70","1,064.65","1,414,937"
"01-Jul-2019","1,067.25","1,069.90","1,047.35","1,049.10","1,233,848"
"02-Jul-2019","1,053.00","1,064.65","1,043.00","1,060.00","1,007,025"
"03-Jul-2019","1,061.00","1,064.75","1,047.60","1,051.20","606,670"
"04-Jul-2019","1,048.70","1,051.20","1,033.80","1,040.75","1,276,519"
"05-Jul-2019","1,043.90","1,049.00","1,012.65","1,016.40","1,257,176"
"08-Jul-2019","1,011.00","1,045.80","1,010.05","1,039.05","2,004,112"
"09-Jul-2019","1,033.45","1,047.80","1,008.00","1,020.75","1,602,967"
"10-Jul-2019","1,014.00","1,035.00","1,013.10","1,018.90","865,800"
"11-Jul-2019","1,027.80","1,027.80","1,015.05","1,020.80","775,353"
"12-Jul-2019","1,016.05","1,029.70","1,009.00","1,023.90","1,451,643"
"15-Jul-2019","1,034.45","1,038.00","1,020.00","1,027.50","1,316,603"
"16-Jul-2019","1,031.90","1,032.15","1,013.45","1,019.65","1,725,251"
"17-Jul-2019","1,024.40","1,043.00","1,020.90","1,040.75","1,145,555"
"18-Jul-2019","1,033.40","1,037.00","1,016.00","1,018.55","1,304,150"
"19-Jul-2019","1,024.00","1,030.80","1,009.20","1,015.60","1,069,812"
"22-Jul-2019","1,015.60","1,027.25","1,003.25","1,018.95","951,078"
"23-Jul-2019","1,020.65","1,025.95","1,007.15","1,010.95","1,005,829"
"24-Jul-2019","1,009.95","1,024.85","1,001.50","1,021.30","1,192,280"
"25-Jul-2019","1,021.10","1,027.65","1,003.00","1,011.30","3,021,020"
"26-Jul-2019","1,007.70","1,012.10","997.40","1,001.45","1,166,192"
"29-Jul-2019","1,005.00","1,024.00","1,004.00","1,015.45","912,913"
"30-Jul-2019","1,015.00","1,027.35","1,010.80","1,023.60","1,067,237"
"31-Jul-2019","1,022.50","1,037.90","1,002.95","1,034.55","1,857,018"
"01-Aug-2019","1,029.15","1,042.45","1,015.10","1,021.55","1,745,006"
"02-Aug-2019","1,017.00","1,017.90","993.00","1,010.50","1,772,429"
"05-Aug-2019","1,003.40","1,017.00","997.10","1,011.10","1,343,640"
"06-Aug-2019","1,011.10","1,037.00","1,003.20","1,024.20","1,587,416"
"07-Aug-2019","1,025.15","1,045.90","1,016.45","1,022.65","1,983,922"
"08-Aug-2019","1,035.95","1,095.00","1,028.05","1,088.25","6,246,649"
"09-Aug-2019","1,084.80","1,102.45","1,077.80","1,086.30","2,822,849"
"13-Aug-2019","1,091.90","1,091.90","1,067.35","1,072.50","1,253,805"
"14-Aug-2019","1,069.15","1,083.40","1,057.45","1,076.15","1,401,960"
"16-Aug-2019","1,076.90","1,076.90","1,050.50","1,062.75","1,554,110"
"19-Aug-2019","1,065.60","1,077.95","1,057.65","1,064.05","841,106"
"20-Aug-2019","1,067.90","1,090.80","1,065.10","1,084.00","2,141,154"
"21-Aug-2019","1,082.95","1,083.55","1,066.05","1,070.15","1,277,623"
"22-Aug-2019","1,070.50","1,086.35","1,056.05","1,078.90","1,290,490"
"23-Aug-2019","1,079.00","1,097.45","1,077.60","1,087.00","1,659,577"
"26-Aug-2019","1,091.60","1,096.00","1,063.65","1,092.85","1,157,442"
"27-Aug-2019","1,099.00","1,100.00","1,063.80","1,093.10","3,302,194"
"28-Aug-2019","1,097.00","1,130.00","1,092.30","1,123.95","3,492,642"
"29-Aug-2019","1,113.00","1,125.70","1,110.00","1,117.75","1,474,019"
"30-Aug-2019","1,115.70","1,115.80","1,083.20","1,100.35","3,369,035"
"03-Sep-2019","1,107.00","1,130.60","1,102.85","1,108.35","2,043,447"
"04-Sep-2019","1,112.35","1,128.50","1,103.90","1,125.65","1,212,845"
"05-Sep-2019","1,125.45","1,125.45","1,103.75","1,111.95","1,387,647"
"06-Sep-2019","1,115.50","1,121.15","1,096.95","1,100.40","1,037,843"
"09-Sep-2019","1,102.00","1,102.00","1,081.00","1,084.40","1,760,864"
"11-Sep-2019","1,088.00","1,094.00","1,052.60","1,057.70","2,662,753"
"12-Sep-2019","1,057.00","1,064.45","1,048.00","1,054.90","2,032,367"
"13-Sep-2019","1,054.90","1,070.00","1,053.90","1,068.50","1,545,794"
"16-Sep-2019","1,070.00","1,078.95","1,057.00","1,069.90","1,944,434"
"17-Sep-2019","1,069.00","1,069.00","1,046.55","1,055.85","1,907,554"
"18-Sep-2019","1,059.65","1,066.95","1,050.65","1,058.45","1,286,336"
"19-Sep-2019","1,058.00","1,058.00","1,032.25","1,049.55","1,881,136"
"20-Sep-2019","1,052.00","1,063.55","1,037.30","1,049.10","2,868,041"
"23-Sep-2019","1,063.00","1,063.00","1,017.00","1,032.90","2,366,746"
"24-Sep-2019","1,023.20","1,051.70","1,023.00","1,047.40","2,807,226"
"25-Sep-2019","1,049.50","1,062.00","1,044.20","1,053.85","2,156,410"
"26-Sep-2019","1,054.00","1,055.55","1,033.25","1,045.15","3,031,038"
"27-Sep-2019","1,045.50","1,053.60","1,034.10","1,041.05","2,229,167"
"30-Sep-2019","1,044.00","1,096.50","1,043.05","1,080.60","4,279,793"
"01-Oct-2019","1,081.00","1,081.00","1,053.20","1,059.55","2,095,348"
"03-Oct-2019","1,058.00","1,090.00","1,054.15","1,076.80","1,717,651"
"04-Oct-2019","1,076.00","1,081.80","1,064.65","1,079.10","1,347,094"
"07-Oct-2019","1,085.75","1,091.00","1,068.90","1,074.40","955,249"
"09-Oct-2019","1,070.05","1,073.95","1,040.15","1,051.10","1,875,270"
"10-Oct-2019","1,051.05","1,066.10","1,041.40","1,063.50","1,353,776"
"11-Oct-2019","1,050.00","1,090.00","1,048.00","1,079.50","2,156,390"
"14-Oct-2019","1,082.40","1,099.80","1,074.00","1,086.80","1,390,602"
"15-Oct-2019","1,089.10","1,099.15","1,079.45","1,084.50","1,501,035"
"16-Oct-2019","1,089.00","1,107.00","1,083.10","1,100.90","1,509,394"
"17-Oct-2019","1,100.00","1,102.20","1,084.55","1,093.05","776,139"
"18-Oct-2019","1,094.95","1,105.45","1,088.40","1,095.50","823,815"
"22-Oct-2019","1,090.20","1,095.90","1,051.50","1,064.45","2,751,243"
"23-Oct-2019","1,070.00","1,103.95","1,068.00","1,095.15","3,914,537"
"24-Oct-2019","1,155.10","1,159.00","1,110.50","1,119.05","6,751,080"
"25-Oct-2019","1,121.00","1,137.25","1,098.10","1,134.05","2,293,610"
"27-Oct-2019","1,138.00","1,139.65","1,125.10","1,130.50","151,960"
"29-Oct-2019","1,130.90","1,145.85","1,127.95","1,139.75","1,609,103"
"30-Oct-2019","1,150.00","1,150.00","1,138.20","1,146.75","1,220,876"
"31-Oct-2019","1,145.75","1,170.00","1,138.55","1,162.75","2,924,499"
"01-Nov-2019","1,158.90","1,167.00","1,143.40","1,152.00","1,065,855"
"04-Nov-2019","1,160.05","1,166.30","1,152.05","1,155.90","1,511,084"
"05-Nov-2019","1,156.10","1,160.60","1,143.35","1,158.70","1,439,050"
"06-Nov-2019","1,160.00","1,160.05","1,141.20","1,148.35","2,288,329"
"07-Nov-2019","1,149.00","1,154.20","1,136.10","1,148.45","1,269,319"
"08-Nov-2019","1,148.35","1,164.40","1,146.10","1,150.10","2,013,290"
"11-Nov-2019","1,150.00","1,153.70","1,130.20","1,145.95","953,320"
"13-Nov-2019","1,150.00","1,156.10","1,134.70","1,138.60","1,689,175"
"14-Nov-2019","1,141.50","1,157.40","1,135.10","1,147.80","1,270,462"
"15-Nov-2019","1,150.95","1,159.80","1,140.00","1,142.30","1,530,856"
"18-Nov-2019","1,148.00","1,149.70","1,138.80","1,141.10","1,242,157"
"19-Nov-2019","1,139.00","1,143.50","1,128.65","1,134.65","1,182,510"
"20-Nov-2019","1,135.00","1,137.70","1,125.50","1,132.80","1,112,518"
"21-Nov-2019","1,138.60","1,148.50","1,131.55","1,136.60","1,938,092"
"22-Nov-2019","1,130.45","1,134.95","1,108.95","1,114.75","1,298,964"
"25-Nov-2019","1,117.00","1,126.10","1,106.05","1,124.75","846,601"
"26-Nov-2019","1,126.50","1,134.50","1,098.45","1,108.05","3,229,962"
"27-Nov-2019","1,109.00","1,134.40","1,109.00","1,128.25","1,677,156"
"28-Nov-2019","1,139.00","1,143.40","1,125.50","1,132.65","1,206,558"
"29-Nov-2019","1,136.00","1,136.85","1,125.10","1,127.65","1,193,851"
"02-Dec-2019","1,139.00","1,139.00","1,123.50","1,125.30","1,497,958"
"03-Dec-2019","1,129.95","1,131.00","1,121.00","1,124.55","1,783,831"
"04-Dec-2019","1,127.00","1,130.00","1,116.45","1,125.50","2,951,568"
"05-Dec-2019","563.80","567.65","557.15","560.90","2,683,884"
"06-Dec-2019","563.90","567.05","558.65","560.30","1,659,752"
"09-Dec-2019","562.55","563.20","547.00","552.05","2,192,234"
"10-Dec-2019","552.05","554.90","541.80","544.45","1,628,853"
"11-Dec-2019","545.00","549.90","539.45","543.80","2,387,958"
"12-Dec-2019","547.30","547.80","535.05","536.35","2,061,911"
"13-Dec-2019","538.00","545.00","536.80","543.15","2,889,796"
"16-Dec-2019","546.00","554.95","545.05","552.20","4,590,144"
"17-Dec-2019","555.50","559.00","552.50","557.75","3,852,266"
"18-Dec-2019","560.00","566.95","559.00","564.70","4,618,387"
"19-Dec-2019","565.50","574.00","564.75","569.50","3,465,644"
"20-Dec-2019","573.50","573.75","565.50","569.90","3,135,806"
"23-Dec-2019","567.50","575.55","566.55","570.95","1,591,463"
"24-Dec-2019","572.00","572.65","559.30","560.55","2,354,963"
"26-Dec-2019","561.65","565.00","559.55","560.50","1,848,547"
"27-Dec-2019","562.95","569.00","557.00","567.55","2,786,795"
"30-Dec-2019","567.00","577.50","564.25","569.30","1,800,754"
"31-Dec-2019","569.10","571.50","565.05","568.10","1,838,808"
"01-Jan-2020","569.40","572.90","566.85","571.95","918,373"
"02-Jan-2020","572.55","575.00","570.50","573.55","1,075,642"
"03-Jan-2020","574.00","588.50","572.85","585.05","3,269,446"
"06-Jan-2020","585.00","592.20","579.45","582.00","3,589,985"
"07-Jan-2020","582.00","587.75","579.05","584.25","3,179,728"
"08-Jan-2020","583.00","593.00","578.00","585.75","3,593,096"
"09-Jan-2020","586.00","588.15","579.25","580.30","2,313,648"
"10-Jan-2020","582.00","589.80","577.40","580.35","2,049,636"
"13-Jan-2020","583.95","590.00","581.00","586.50","4,096,054"
"14-Jan-2020","587.20","597.40","587.15","594.30","3,395,378"
"15-Jan-2020","597.00","598.30","591.70","595.75","2,348,102"
"16-Jan-2020","597.00","598.30","586.75","593.25","2,107,442"
"17-Jan-2020","585.00","602.00","585.00","598.80","4,555,694"
"20-Jan-2020","618.00","618.00","584.10","589.25","10,272,118"
"21-Jan-2020","589.30","593.25","582.35","584.05","2,640,668"
"22-Jan-2020","585.20","595.00","581.50","590.65","4,402,650"
"23-Jan-2020","590.10","599.95","587.00","598.95","6,089,397"
"24-Jan-2020","599.00","609.00","595.50","607.70","3,551,260"
"27-Jan-2020","607.70","608.00","601.75","604.35","2,450,421"
"28-Jan-2020","607.30","607.35","592.60","601.45","5,330,709"
"29-Jan-2020","605.00","611.50","602.20","608.85","4,281,329"
"30-Jan-2020","612.00","613.85","603.65","607.85","3,334,901"
"31-Jan-2020","607.85","608.90","589.60","591.40","3,590,768"
"01-Feb-2020","591.40","597.70","580.75","590.90","941,425"
"03-Feb-2020","591.40","593.65","577.50","579.10","4,024,193"
"04-Feb-2020","583.00","589.25","582.50","586.50","3,246,094"
"05-Feb-2020","589.40","598.50","586.00","595.60","3,006,324"
"06-Feb-2020","598.95","613.00","598.00","599.70","4,704,968"
"07-Feb-2020","601.65","609.20","599.15","607.70","2,865,379"
"10-Feb-2020","608.90","611.55","601.65","604.90","2,286,213"
"11-Feb-2020","606.00","613.75","605.70","610.65","2,458,748"
"12-Feb-2020","613.00","620.50","610.30","614.10","4,873,027"
"13-Feb-2020","612.00","613.95","604.05","612.45","2,090,363"
"14-Feb-2020","612.45","623.25","612.25","621.65","3,650,630"
"17-Feb-2020","623.00","623.50","612.35","613.45","2,190,578"
"18-Feb-2020","613.45","615.80","605.15","607.05","5,237,465"
"19-Feb-2020","614.45","618.25","604.00","605.75","3,799,862"
"20-Feb-2020","611.00","612.95","605.15","608.05","4,820,313"
"24-Feb-2020","608.00","609.00","591.50","595.15","4,070,143"
"25-Feb-2020","595.50","595.70","575.00","582.45","5,525,575"
"26-Feb-2020","576.90","589.05","575.50","583.60","5,460,070"
"27-Feb-2020","582.10","582.40","568.00","573.05","4,078,174"
"28-Feb-2020","560.00","564.00","531.20","534.35","7,894,806"
"02-Mar-2020","541.05","565.85","537.85","549.70","8,175,982"
"03-Mar-2020","556.00","568.75","555.00","565.05","4,682,284"
"04-Mar-2020","569.00","575.40","561.00","563.10","5,175,180"
"05-Mar-2020","568.00","581.90","563.15","576.40","6,061,347"
"06-Mar-2020","570.00","573.95","559.55","566.20","3,288,548"
"09-Mar-2020","555.00","558.00","536.45","540.45","3,699,831"
"11-Mar-2020","526.75","542.65","514.00","536.80","4,850,036"
"12-Mar-2020","521.00","527.80","486.35","493.35","5,321,420"
"13-Mar-2020","460.00","517.25","395.95","492.90","6,859,998"
"16-Mar-2020","469.00","479.80","446.85","450.70","5,281,596"
"17-Mar-2020","450.00","478.60","443.35","450.65","5,148,569"
"18-Mar-2020","455.00","464.80","429.05","434.25","4,936,460"
"19-Mar-2020","418.90","434.60","375.25","413.45","9,270,054"
"20-Mar-2020","413.50","461.95","411.85","444.90","11,916,337"
"23-Mar-2020","415.00","444.00","400.45","417.15","9,525,670"
"24-Mar-2020","413.00","458.85","411.85","442.05","9,915,954"
"25-Mar-2020","432.00","468.00","417.75","457.60","11,976,272"
"26-Mar-2020","461.10","466.75","441.10","447.70","9,504,717"
"27-Mar-2020","450.25","457.45","420.50","430.65","9,151,132"
"30-Mar-2020","410.00","438.65","410.00","419.00","6,325,701"
"31-Mar-2020","433.20","449.40","425.30","436.40","6,381,824"
"01-Apr-2020","433.00","433.20","408.20","413.55","8,136,746"
"03-Apr-2020","418.90","428.60","399.30","405.80","8,166,456"
"07-Apr-2020","425.00","457.95","425.00","451.15","5,972,948"
"08-Apr-2020","451.00","476.80","449.00","463.10","7,991,062"
"09-Apr-2020","480.70","481.00","462.00","469.05","5,069,246"
"13-Apr-2020","470.00","471.00","454.00","458.25","2,236,731"
"15-Apr-2020","470.00","482.00","462.70","478.75","6,333,192"
"16-Apr-2020","473.00","476.00","456.70","459.75","10,484,847"
"17-Apr-2020","470.00","475.00","453.65","455.25","4,706,460"
"20-Apr-2020","458.00","473.60","453.50","470.00","4,801,120"
"21-Apr-2020","458.00","464.95","447.85","455.70","3,405,204"
"22-Apr-2020","453.00","469.45","450.00","462.40","3,768,051"
"23-Apr-2020","465.00","480.75","462.40","477.70","3,054,988"
"24-Apr-2020","480.00","496.90","465.15","468.10","6,738,441"
"27-Apr-2020","473.10","485.70","467.25","483.10","2,914,600"
"28-Apr-2020","489.00","489.00","469.45","471.10","4,262,239"
"29-Apr-2020","474.80","501.00","470.20","491.75","3,849,156"
"30-Apr-2020","506.50","565.50","501.00","543.55","8,035,698"
"04-May-2020","527.50","527.50","508.20","514.25","7,032,553"
"05-May-2020","526.00","529.90","515.65","520.40","4,592,833"
"06-May-2020","512.20","526.70","506.20","519.10","6,921,536"
"07-May-2020","530.00","541.80","507.55","511.75","19,998,942"
"08-May-2020","520.85","522.50","502.40","518.40","10,120,968"
"11-May-2020","526.00","534.90","521.20","527.55","4,425,560"
"12-May-2020","525.45","540.00","520.00","527.40","6,440,027"
"13-May-2020","539.85","539.85","521.55","528.75","3,503,019"
"14-May-2020","519.40","527.55","514.35","517.45","3,741,679"
"15-May-2020","517.95","517.95","505.25","511.25","4,895,771"
"18-May-2020","514.70","518.65","507.50","510.75","5,159,670"
"19-May-2020","512.00","520.50","506.20","518.25","3,967,055"
"20-May-2020","515.05","528.65","515.00","526.75","3,138,733"
"21-May-2020","529.80","537.50","523.40","534.85","4,523,685"
"22-May-2020","533.65","535.00","523.00","530.40","6,410,485"
"26-May-2020","530.00","536.50","520.25","524.00","4,055,697"
"27-May-2020","529.70","533.90","516.00","530.95","4,828,848"
"28-May-2020","531.00","546.00","523.00","542.65","4,492,817"
"29-May-2020","540.00","555.00","536.70","550.25","7,853,814"
"01-Jun-2020","557.00","573.40","555.50","559.75","4,503,607"
"02-Jun-2020","559.30","567.75","550.00","560.20","2,930,073"
"03-Jun-2020","564.00","568.40","557.00","562.80","4,202,273"
"04-Jun-2020","565.00","583.70","559.00","578.95","5,315,354"
"05-Jun-2020","585.00","587.15","572.50","575.95","3,995,825"
"08-Jun-2020","579.15","583.50","571.05","578.25","3,772,143"
"09-Jun-2020","574.15","583.60","570.00","572.85","3,812,757"
"10-Jun-2020","575.00","587.50","573.60","578.70","6,491,758"
"11-Jun-2020","580.00","584.90","574.10","578.05","4,975,680"
"12-Jun-2020","555.20","578.70","555.20","570.75","6,624,056"
"15-Jun-2020","574.80","581.00","563.70","578.95","3,787,100"
"16-Jun-2020","585.00","593.50","578.40","580.90","4,728,409"
"17-Jun-2020","580.00","581.85","573.00","575.85","3,572,362"
"18-Jun-2020","571.20","583.80","570.10","578.95","1,918,329"
"19-Jun-2020","574.00","578.00","567.20","569.60","6,182,630"
"22-Jun-2020","575.00","576.65","565.40","569.60","2,666,303"
"23-Jun-2020","569.70","583.50","563.75","580.25","4,522,086"
"24-Jun-2020","575.00","579.80","554.40","559.60","5,339,903"
"25-Jun-2020","557.60","560.70","548.00","550.05","6,353,508"
"26-Jun-2020","550.05","573.90","545.00","562.40","7,034,881"
"29-Jun-2020","562.00","565.90","550.30","553.70","3,857,756"
"30-Jun-2020","558.00","560.80","553.25","556.85","3,110,587"
"01-Jul-2020","557.95","559.60","551.00","551.75","3,004,728"
"02-Jul-2020","555.00","572.40","552.90","569.20","5,243,654"
"03-Jul-2020","572.00","580.55","570.60","579.15","3,735,600"
"06-Jul-2020","579.15","589.00","577.25","578.70","3,288,423"
"07-Jul-2020","582.00","594.45","575.15","592.05","7,255,520"
"08-Jul-2020","594.75","594.75","573.00","574.90","4,625,061"
"09-Jul-2020","575.65","591.60","575.00","588.25","4,807,935"
"10-Jul-2020","588.25","588.55","579.85","582.25","2,376,908"
"13-Jul-2020","585.00","605.00","583.35","602.60","5,443,995"
"14-Jul-2020","604.60","613.75","588.10","591.35","6,212,718"
"15-Jul-2020","593.65","627.95","592.50","615.20","9,928,037"
"16-Jul-2020","630.00","652.20","607.15","627.75","20,771,278"
"17-Jul-2020","629.50","644.65","613.40","623.15","26,830,689"
"20-Jul-2020","633.00","652.00","626.85","648.60","10,543,170"
"21-Jul-2020","652.00","662.35","643.30","652.35","8,801,064"
"22-Jul-2020","657.00","658.00","643.10","650.15","3,837,969"
"23-Jul-2020","650.00","656.95","643.55","652.85","3,173,126"
"24-Jul-2020","641.00","684.80","640.90","679.95","12,365,729"
"27-Jul-2020","684.00","704.40","676.50","701.10","11,349,061"
"28-Jul-2020","702.00","716.05","695.70","712.45","8,469,643"
"29-Jul-2020","710.00","710.75","692.50","694.40","7,142,688"
"30-Jul-2020","698.00","712.55","692.65","695.45","7,966,921"
"31-Jul-2020","701.85","716.70","696.00","705.20","6,322,672"
"03-Aug-2020","709.10","718.00","700.55","705.95","5,546,348"
"04-Aug-2020","709.50","711.00","687.05","692.65","6,683,186"
"05-Aug-2020","692.65","702.40","681.00","688.40","6,052,234"
"06-Aug-2020","692.00","707.60","686.40","704.90","5,133,012"
"07-Aug-2020","699.90","699.90","685.00","690.30","7,371,589"
"10-Aug-2020","694.95","694.95","685.10","692.05","3,769,575"
"11-Aug-2020","694.00","700.95","681.50","683.80","3,956,472"
"12-Aug-2020","680.60","719.00","677.05","717.10","13,085,422"
"13-Aug-2020","717.00","729.00","713.05","724.60","8,850,424"
"14-Aug-2020","727.90","727.90","707.25","709.10","3,887,303"
"17-Aug-2020","711.10","720.80","709.25","718.85","3,344,102"
"18-Aug-2020","718.95","721.70","712.40","714.45","3,634,311"
"19-Aug-2020","713.80","714.20","705.00","709.85","4,858,027"
"20-Aug-2020","708.50","715.85","706.05","710.10","3,025,769"
"21-Aug-2020","715.00","715.00","702.70","705.90","4,164,686"
"24-Aug-2020","706.05","708.45","695.60","705.70","4,066,936"
"25-Aug-2020","705.00","711.55","694.70","701.60","3,982,510"
"26-Aug-2020","704.70","717.75","697.00","712.80","4,511,551"
"27-Aug-2020","713.55","720.00","706.50","710.15","3,917,059"
"28-Aug-2020","713.70","716.65","703.20","706.45","5,416,682"
"31-Aug-2020","705.00","725.00","686.00","694.40","7,787,176"
"01-Sep-2020","695.00","704.00","682.40","689.60","6,377,322"
"02-Sep-2020","689.90","704.80","689.10","701.95","4,090,511"
"03-Sep-2020","704.80","716.40","697.60","706.75","5,468,161"
"04-Sep-2020","695.15","704.50","692.05","700.80","3,354,844"
"07-Sep-2020","696.35","712.40","689.05","708.80","4,238,823"
"08-Sep-2020","708.80","738.90","703.20","725.90","11,522,742"
"09-Sep-2020","712.10","730.90","710.20","721.95","5,514,179"
"10-Sep-2020","728.65","728.95","713.80","722.40","3,366,359"
"11-Sep-2020","712.00","734.00","710.15","721.65","7,221,687"
"14-Sep-2020","745.00","825.10","744.15","794.95","32,312,531"
"15-Sep-2020","791.05","809.85","783.05","792.70","14,024,787"
"16-Sep-2020","790.05","796.30","779.25","789.25","7,471,542"
"17-Sep-2020","794.95","817.50","789.50","808.30","19,972,987"
"18-Sep-2020","808.30","824.00","804.00","810.60","8,847,758"
"21-Sep-2020","823.00","849.90","793.45","802.60","24,911,675"
"22-Sep-2020","813.95","831.50","790.55","821.00","21,882,919"
"23-Sep-2020","832.00","844.80","810.15","814.10","18,070,371"
"24-Sep-2020","811.00","811.45","784.00","788.30","10,553,632"
"25-Sep-2020","795.25","836.00","792.60","827.70","19,813,372"
"28-Sep-2020","838.40","844.75","820.80","835.25","11,146,342"
"29-Sep-2020","837.40","841.10","810.20","812.75","10,554,255"
"30-Sep-2020","818.00","820.50","807.10","811.60","9,470,277"
"01-Oct-2020","819.90","820.95","811.20","812.95","4,321,350"
"05-Oct-2020","828.80","839.20","815.10","824.20","11,890,211"
"06-Oct-2020","830.00","834.50","822.70","829.15","7,848,520"
"07-Oct-2020","830.00","830.60","823.00","828.05","6,980,002"
"08-Oct-2020","857.50","879.00","844.50","849.55","25,860,578"
"09-Oct-2020","852.90","862.50","849.30","855.75","7,286,954"
"12-Oct-2020","860.80","871.95","857.15","865.80","8,717,565"
"13-Oct-2020","866.30","906.60","863.30","900.40","18,948,688"
"14-Oct-2020","904.00","910.70","882.00","890.45","15,441,223"
"15-Oct-2020","899.95","903.70","833.45","860.00","15,648,849"
"16-Oct-2020","859.00","877.00","820.60","827.15","28,983,265"
"19-Oct-2020","839.80","861.70","833.00","844.75","15,671,737"
"20-Oct-2020","846.95","886.00","843.60","879.65","21,564,064"
"21-Oct-2020","881.00","891.65","860.00","871.05","11,162,084"
"22-Oct-2020","858.90","878.00","851.55","866.25","9,607,800"
"23-Oct-2020","871.00","875.45","850.60","852.45","5,447,502"
"26-Oct-2020","853.00","860.90","842.05","847.80","6,614,014"
"27-Oct-2020","848.95","857.45","838.70","847.25","5,807,905"
"28-Oct-2020","852.00","852.00","821.60","829.60","6,853,043"
"29-Oct-2020","825.00","842.50","818.95","840.05","6,691,023"
"30-Oct-2020","842.80","859.70","833.00","841.95","8,727,295"
"02-Nov-2020","841.95","843.85","819.20","822.40","5,953,172"
"03-Nov-2020","828.00","832.00","812.35","814.05","7,011,687"
"04-Nov-2020","812.20","841.75","810.60","815.15","10,077,502"
"05-Nov-2020","834.00","851.10","830.05","842.90","8,903,859"
"06-Nov-2020","846.00","855.80","836.40","850.10","5,871,913"
"09-Nov-2020","866.80","872.80","847.10","855.00","7,505,062"
"10-Nov-2020","848.50","848.50","805.75","809.70","10,397,497"
"11-Nov-2020","813.00","829.00","805.35","826.05","9,779,484"
"12-Nov-2020","827.15","837.00","822.00","824.70","4,699,639"
"13-Nov-2020","822.90","831.45","818.15","828.10","3,918,289"
"14-Nov-2020","834.00","834.00","829.00","830.50","475,390"
"17-Nov-2020","837.95","837.95","814.00","815.00","5,977,903"
"18-Nov-2020","819.00","819.90","800.25","814.30","5,816,221"
"19-Nov-2020","815.00","820.45","803.00","804.55","7,170,339"
"20-Nov-2020","813.95","823.50","804.00","819.25","7,455,575"
"23-Nov-2020","825.00","842.00","816.25","839.20","7,116,516"
"24-Nov-2020","843.90","857.40","835.35","840.50","8,465,615"
"25-Nov-2020","840.50","846.00","822.50","824.70","5,610,232"
"26-Nov-2020","824.10","845.00","819.60","842.05","8,414,555"
"27-Nov-2020","842.00","847.80","814.35","822.10","11,723,771"
"01-Dec-2020","824.00","835.70","815.10","834.10","8,078,785"
"02-Dec-2020","836.15","847.45","831.30","843.15","7,062,229"
"03-Dec-2020","848.50","864.00","843.30","862.20","9,633,229"
"04-Dec-2020","866.00","867.85","854.45","858.50","5,577,388"
"07-Dec-2020","858.00","859.95","850.40","855.30","5,314,265"
"08-Dec-2020","859.00","875.70","856.00","863.80","8,722,526"
"09-Dec-2020","866.10","880.00","864.10","870.55","5,952,003"
"10-Dec-2020","870.55","877.80","865.00","866.75","4,641,898"
"11-Dec-2020","871.00","881.80","855.20","862.25","5,637,035"
"14-Dec-2020","866.10","875.65","858.10","873.00","5,143,894"
"15-Dec-2020","874.70","889.00","870.00","886.00","7,527,270"
"16-Dec-2020","886.25","892.00","878.45","885.05","4,378,179"
"17-Dec-2020","887.00","887.00","877.00","879.35","4,863,371"
"18-Dec-2020","894.75","905.00","886.65","890.65","11,568,187"
"21-Dec-2020","886.65","910.50","850.00","870.45","8,875,855"
"22-Dec-2020","879.15","919.25","872.00","913.80","10,251,896"
"23-Dec-2020","920.00","935.00","914.80","922.60","10,723,068"
"24-Dec-2020","927.95","928.25","910.70","919.35","4,390,561"
"28-Dec-2020","925.00","927.50","913.50","921.80","3,884,750"
"29-Dec-2020","929.00","945.00","925.25","935.90","6,760,167"
"30-Dec-2020","938.00","950.00","931.00","940.70","6,382,809"
"31-Dec-2020","939.05","949.85","935.00","946.15","3,468,390"
"01-Jan-2021","942.00","955.50","942.00","950.50","3,142,822"
"04-Jan-2021","959.00","984.70","952.65","980.40","5,259,092"
"05-Jan-2021","967.20","995.80","967.20","991.35","7,150,252"
"06-Jan-2021","997.90","998.00","966.10","978.20","5,995,748"
"07-Jan-2021","988.00","988.20","959.40","962.55","5,261,000"
"08-Jan-2021","974.90","1,003.50","970.00","994.65","8,034,775"
"11-Jan-2021","1,015.00","1,059.05","1,008.00","1,055.10","13,384,331"
"12-Jan-2021","1,052.00","1,065.05","1,038.70","1,062.10","6,700,542"
"13-Jan-2021","1,064.00","1,067.00","1,041.00","1,055.95","6,691,409"
"14-Jan-2021","1,049.00","1,049.00","1,006.60","1,027.70","15,021,108"
"15-Jan-2021","1,047.65","1,052.85","984.00","989.80","23,769,415"
"18-Jan-2021","1,000.00","1,004.95","976.90","981.50","12,947,569"
"19-Jan-2021","988.00","997.00","979.35","983.85","6,387,923"
"20-Jan-2021","991.75","1,009.65","987.55","999.25","7,444,118"
"21-Jan-2021","1,009.00","1,020.00","982.95","993.30","8,857,975"
"22-Jan-2021","991.70","1,004.00","981.40","985.80","5,379,466"
"25-Jan-2021","997.00","997.00","941.00","947.50","7,731,883"
"27-Jan-2021","952.10","963.25","942.50","955.50","7,531,736"
"28-Jan-2021","948.80","952.40","930.10","933.95","6,960,905"
"29-Jan-2021","941.00","949.50","909.50","914.00","7,692,663"
"01-Feb-2021","919.00","933.75","896.35","928.35","8,651,478"
"02-Feb-2021","947.00","963.00","935.55","954.65","7,690,178"
"03-Feb-2021","966.00","973.30","952.55","959.90","6,354,619"
"04-Feb-2021","964.70","970.45","950.15","957.65","4,623,148"
"05-Feb-2021","960.80","963.90","940.05","946.15","4,631,703"
"08-Feb-2021","955.00","964.40","941.35","957.75","6,509,526"
"09-Feb-2021","965.00","981.90","946.60","951.60","7,557,977"
"10-Feb-2021","955.05","965.10","946.15","959.45","4,896,963"
"11-Feb-2021","959.45","972.50","953.05","970.40","3,745,595"
"12-Feb-2021","975.00","986.50","957.60","960.40","8,045,740"
"15-Feb-2021","970.00","971.25","950.10","954.65","4,643,228"
"16-Feb-2021","957.00","962.25","944.10","952.30","3,277,086"
"17-Feb-2021","952.00","958.40","941.00","943.20","3,643,176"
"18-Feb-2021","944.00","956.75","938.35","948.10","5,133,094"
"19-Feb-2021","950.00","958.00","944.45","950.15","5,494,816"
"22-Feb-2021","949.50","951.45","916.05","920.15","5,043,203"
"23-Feb-2021","924.00","930.00","906.55","909.95","5,916,942"
"24-Feb-2021","918.00","919.45","905.50","916.00","3,435,827"
"25-Feb-2021","925.90","934.05","922.15","929.25","6,234,947"
"26-Feb-2021","908.00","925.00","905.10","909.45","9,198,218"
"01-Mar-2021","916.00","934.45","915.65","930.35","5,397,960"
"02-Mar-2021","933.85","957.90","928.60","953.75","6,715,548"
"03-Mar-2021","965.00","968.00","947.00","965.25","5,742,015"
"04-Mar-2021","952.00","969.90","951.35","958.00","6,268,541"
"05-Mar-2021","956.10","972.00","936.30","941.50","5,992,152"
"08-Mar-2021","952.50","973.00","944.00","961.90","5,621,823"
"09-Mar-2021","964.10","976.90","949.10","973.15","5,440,319"
"10-Mar-2021","985.70","995.10","979.70","988.50","7,694,950"
"12-Mar-2021","988.50","1,002.80","973.60","979.25","6,447,010"
"15-Mar-2021","977.50","994.35","967.35","992.35","5,321,081"
"16-Mar-2021","993.00","1,018.80","990.45","1,007.25","8,094,575"
"17-Mar-2021","1,012.00","1,023.90","982.70","987.45","6,758,901"
"18-Mar-2021","995.00","999.75","932.40","947.75","8,269,566"
"19-Mar-2021","950.00","969.00","937.70","960.45","9,004,154"
"22-Mar-2021","960.45","982.45","944.60","978.75","4,745,254"
"23-Mar-2021","983.65","992.90","971.80","980.85","5,158,305"
"24-Mar-2021","971.05","984.75","965.80","975.65","3,874,331"
"25-Mar-2021","970.00","974.50","950.00","957.05","4,879,437"
"26-Mar-2021","965.00","975.00","953.80","958.55","4,271,178"
"30-Mar-2021","965.00","1,000.80","964.45","995.80","5,475,051"
"31-Mar-2021","1,000.00","1,000.00","978.65","982.65","4,445,140"
"01-Apr-2021","992.00","1,013.50","990.60","1,002.60","5,269,079"
"05-Apr-2021","1,007.00","1,040.00","1,002.60","1,033.50","9,452,833"
"06-Apr-2021","1,039.00","1,040.60","1,020.25","1,028.40","4,260,257"
"07-Apr-2021","1,031.00","1,045.00","1,024.70","1,037.20","3,551,106"
"08-Apr-2021","1,044.00","1,054.40","1,031.65","1,037.50","4,852,068"
"09-Apr-2021","1,042.10","1,054.80","1,034.15","1,045.40","3,708,082"
"12-Apr-2021","1,042.95","1,042.95","1,001.20","1,009.40","5,976,427"
"13-Apr-2021","1,012.50","1,020.80","972.20","983.40","7,773,994"
"15-Apr-2021","968.00","994.70","958.75","991.90","7,430,279"
"16-Apr-2021","1,000.00","1,016.80","994.50","1,012.75","4,677,808"
"19-Apr-2021","996.00","1,028.45","987.85","994.60","6,239,343"
"20-Apr-2021","1,006.00","1,006.00","957.00","961.30","9,742,418"
"22-Apr-2021","966.00","971.90","955.30","961.90","4,970,596"
"23-Apr-2021","964.00","974.85","950.20","955.65","6,023,490"
"26-Apr-2021","940.00","954.50","923.05","928.80","19,619,972"
"27-Apr-2021","931.00","938.55","923.40","928.85","6,406,825"
"28-Apr-2021","931.20","935.85","921.75","923.80","6,845,677"
"29-Apr-2021","929.70","929.70","907.10","909.55","8,588,734"
"30-Apr-2021","905.00","915.00","895.40","898.95","10,921,664"
"03-May-2021","898.75","910.45","891.00","907.70","6,871,176"
"04-May-2021","910.00","915.00","899.25","900.95","6,217,026"
"05-May-2021","903.95","910.80","900.60","909.40","2,696,835"
"06-May-2021","912.00","923.90","901.25","916.00","6,319,104"
"07-May-2021","918.00","921.40","913.70","916.40","3,651,558"
"10-May-2021","918.05","921.60","910.20","913.95","4,029,147"
"11-May-2021","908.50","912.45","905.10","907.30","3,818,154"
"12-May-2021","906.15","908.95","895.00","906.10","4,076,940"
"14-May-2021","909.00","912.00","896.50","910.35","5,184,569"
"17-May-2021","914.60","927.20","910.10","922.15","7,956,551"
"18-May-2021","928.00","939.50","924.50","931.60","5,913,426"
"19-May-2021","928.00","941.00","925.15","931.40","4,178,834"
"20-May-2021","932.00","934.80","922.05","924.40","4,753,782"
"21-May-2021","925.50","934.65","923.00","930.65","4,161,547"
"24-May-2021","931.50","939.00","927.70","932.80","4,191,877"
"25-May-2021","938.00","943.80","935.15","940.60","5,032,874"
"26-May-2021","940.00","948.95","932.55","945.80","5,017,674"
"27-May-2021","949.00","956.90","938.10","942.40","9,078,274"
"28-May-2021","940.05","949.75","937.40","942.55","4,098,094"
"31-May-2021","941.55","947.85","932.60","945.20","4,171,524"
"01-Jun-2021","948.00","952.00","942.05","950.70","2,944,472"
"02-Jun-2021","947.00","950.70","937.60","943.75","3,657,189"
"03-Jun-2021","945.00","949.80","937.00","939.45","4,164,240"
"04-Jun-2021","940.10","944.20","934.75","936.55","3,550,303"
"07-Jun-2021","939.00","951.95","937.10","949.60","3,282,517"
"08-Jun-2021","952.00","972.00","951.45","967.20","6,385,642"
"09-Jun-2021","973.90","985.00","965.10","971.30","5,521,459"
"10-Jun-2021","979.50","981.65","966.55","968.55","3,878,256"
"11-Jun-2021","976.00","990.00","970.50","983.35","4,777,035"
"14-Jun-2021","983.00","988.45","976.00","984.20","2,236,373"
"15-Jun-2021","985.10","993.00","983.20","985.45","2,559,001"
"16-Jun-2021","984.05","986.00","974.00","979.40","3,138,753"
"17-Jun-2021","980.00","988.95","978.55","986.40","3,609,989"
"18-Jun-2021","990.00","996.70","970.10","975.25","5,622,783"
"21-Jun-2021","968.00","983.45","961.25","982.00","1,639,495"
"22-Jun-2021","982.10","988.20","976.25","980.10","2,529,648"
"23-Jun-2021","985.00","985.00","971.00","972.90","2,395,543"
"24-Jun-2021","972.00","994.60","969.10","989.70","4,686,567"
"25-Jun-2021","995.00","1,010.00","989.25","995.65","5,196,000"
"28-Jun-2021","1,000.00","1,000.00","984.20","985.30","1,844,159"
"29-Jun-2021","986.95","993.90","980.50","983.60","1,895,170"
"30-Jun-2021","981.00","991.45","981.00","983.50","2,682,591"
"01-Jul-2021","987.00","988.00","975.15","985.50","2,861,509"
"02-Jul-2021","983.55","987.60","977.25","984.65","1,646,631"
"05-Jul-2021","991.70","995.90","978.00","979.75","2,598,033"
"06-Jul-2021","980.00","982.20","970.20","972.05","2,486,069"
"07-Jul-2021","970.00","977.60","960.30","975.35","3,014,899"
"08-Jul-2021","975.00","982.00","970.00","976.80","2,555,624"
"09-Jul-2021","972.00","979.50","966.60","976.85","3,218,471"
"12-Jul-2021","980.00","983.05","975.00","979.45","2,037,878"
"13-Jul-2021","983.00","983.00","964.00","967.95","2,997,764"
"14-Jul-2021","968.25","992.95","968.10","989.45","4,371,180"
"15-Jul-2021","993.00","1,052.50","990.80","1,039.75","12,701,032"
"16-Jul-2021","1,044.90","1,048.75","998.05","1,005.00","8,665,827"
"19-Jul-2021","1,005.00","1,018.30","992.50","1,000.20","4,644,600"
"20-Jul-2021","999.00","1,012.20","969.35","977.20","10,216,774"
"22-Jul-2021","970.00","981.50","970.00","978.60","6,156,400"
"23-Jul-2021","984.70","1,003.90","982.60","994.00","5,265,839"
"26-Jul-2021","994.00","1,004.00","987.25","1,000.30","2,477,027"
"27-Jul-2021","1,000.00","1,002.20","983.85","992.00","2,883,514"
"28-Jul-2021","995.00","995.95","977.30","983.10","2,952,249"
"29-Jul-2021","985.55","1,009.00","985.55","1,007.60","4,732,101"
"30-Jul-2021","1,013.00","1,049.95","1,009.90","1,024.95","9,330,054"
"02-Aug-2021","1,034.00","1,039.00","1,023.05","1,035.40","2,536,478"
"03-Aug-2021","1,030.00","1,042.95","1,024.00","1,039.45","3,359,006"
"04-Aug-2021","1,041.10","1,047.75","1,034.60","1,039.95","3,122,161"
"05-Aug-2021","1,040.00","1,073.00","1,033.70","1,061.15","7,896,314"
"06-Aug-2021","1,061.15","1,070.00","1,043.00","1,049.95","11,584,782"
"09-Aug-2021","1,057.80","1,066.75","1,043.50","1,050.55","6,321,578"
"10-Aug-2021","1,052.50","1,072.30","1,048.00","1,063.70","5,871,606"
"11-Aug-2021","1,070.95","1,079.00","1,057.15","1,066.95","5,011,239"
"12-Aug-2021","1,071.00","1,101.15","1,068.00","1,096.50","6,540,144"
"13-Aug-2021","1,099.00","1,123.95","1,090.20","1,119.45","7,270,809"
"16-Aug-2021","1,120.95","1,129.35","1,114.35","1,123.65","3,159,376"
"17-Aug-2021","1,119.25","1,151.95","1,112.55","1,142.95","5,295,838"
"18-Aug-2021","1,157.90","1,157.90","1,131.60","1,134.25","4,871,006"
"20-Aug-2021","1,107.50","1,140.75","1,107.20","1,117.35","3,467,046"
"23-Aug-2021","1,129.00","1,178.20","1,126.05","1,163.10","9,383,780"
"24-Aug-2021","1,167.95","1,173.00","1,150.00","1,152.90","3,947,317"
"25-Aug-2021","1,159.90","1,169.90","1,140.30","1,154.35","3,447,912"
"26-Aug-2021","1,159.90","1,172.00","1,155.00","1,167.45","4,654,833"
"27-Aug-2021","1,167.45","1,169.75","1,159.50","1,162.95","3,050,466"
"30-Aug-2021","1,164.00","1,170.35","1,154.55","1,163.40","2,956,868"
"31-Aug-2021","1,166.00","1,193.40","1,162.05","1,182.30","7,199,002"
"01-Sep-2021","1,190.00","1,190.50","1,161.75","1,164.65","3,200,410"
"02-Sep-2021","1,172.00","1,182.00","1,154.00","1,172.75","5,224,479"
"03-Sep-2021","1,173.50","1,180.60","1,158.25","1,174.75","4,533,364"
"06-Sep-2021","1,175.00","1,210.10","1,174.00","1,200.15","4,331,916"
"07-Sep-2021","1,214.00","1,214.95","1,180.10","1,182.20","3,721,585"
"08-Sep-2021","1,185.00","1,191.15","1,167.05","1,188.80","3,118,518"
"09-Sep-2021","1,192.00","1,204.95","1,183.00","1,198.55","3,388,292"
"13-Sep-2021","1,192.00","1,215.00","1,176.45","1,208.40","3,723,138"
"14-Sep-2021","1,216.00","1,240.60","1,207.00","1,238.65","5,593,286"
"15-Sep-2021","1,238.65","1,288.95","1,230.25","1,273.25","6,063,895"
"16-Sep-2021","1,287.20","1,295.30","1,255.20","1,263.10","3,616,292"
"17-Sep-2021","1,265.00","1,281.00","1,258.50","1,263.30","4,817,180"
"20-Sep-2021","1,258.00","1,298.80","1,250.00","1,276.15","5,453,683"
"21-Sep-2021","1,289.00","1,315.00","1,277.00","1,299.50","4,645,597"
"22-Sep-2021","1,300.00","1,328.65","1,299.60","1,315.50","5,367,303"
"23-Sep-2021","1,326.85","1,336.45","1,313.90","1,328.30","3,037,295"
"24-Sep-2021","1,340.00","1,377.75","1,337.00","1,358.20","7,951,730"
"27-Sep-2021","1,366.00","1,367.95","1,290.05","1,295.20","7,653,504"
"28-Sep-2021","1,304.95","1,304.95","1,254.00","1,269.00","8,572,321"
"29-Sep-2021","1,270.00","1,301.45","1,258.80","1,281.20","4,639,821"
"30-Sep-2021","1,291.45","1,291.45","1,268.85","1,279.55","3,589,722"
"01-Oct-2021","1,274.00","1,284.00","1,260.65","1,273.75","3,372,796"
"04-Oct-2021","1,281.50","1,293.60","1,273.75","1,278.65","2,706,626"
"05-Oct-2021","1,270.00","1,313.60","1,262.20","1,305.15","3,710,314"
"06-Oct-2021","1,312.00","1,319.85","1,271.80","1,275.45","2,861,608"
"07-Oct-2021","1,284.05","1,317.85","1,284.05","1,306.30","2,421,641"
"08-Oct-2021","1,306.30","1,338.00","1,294.05","1,322.15","5,197,831"
"11-Oct-2021","1,300.00","1,324.90","1,235.65","1,302.90","5,264,998"
"12-Oct-2021","1,306.95","1,309.00","1,236.30","1,250.35","12,811,641"
"13-Oct-2021","1,263.00","1,270.80","1,243.45","1,265.35","5,705,730"
"14-Oct-2021","1,289.40","1,293.25","1,244.05","1,251.15","10,360,519"
"18-Oct-2021","1,240.00","1,272.50","1,215.00","1,221.40","23,861,603"
"19-Oct-2021","1,230.00","1,253.00","1,225.00","1,232.10","10,189,780"
"20-Oct-2021","1,239.00","1,263.40","1,220.40","1,232.90","8,222,562"
"21-Oct-2021","1,238.90","1,238.90","1,189.00","1,210.70","5,998,795"
"22-Oct-2021","1,203.25","1,223.35","1,186.00","1,194.00","3,812,305"
"25-Oct-2021","1,184.05","1,190.00","1,157.15","1,165.40","6,690,819"
"26-Oct-2021","1,170.00","1,182.00","1,153.25","1,166.80","5,126,660"
"27-Oct-2021","1,170.00","1,181.35","1,161.50","1,177.15","3,536,653"
"28-Oct-2021","1,183.30","1,185.00","1,146.80","1,152.00","4,096,585"
"29-Oct-2021","1,152.00","1,173.00","1,138.00","1,143.75","3,558,520"
"01-Nov-2021","1,143.50","1,191.45","1,143.50","1,189.20","4,511,112"
"02-Nov-2021","1,191.00","1,195.10","1,168.85","1,170.65","3,016,082"
"03-Nov-2021","1,175.00","1,187.70","1,171.70","1,176.35","2,063,067"
"04-Nov-2021","1,185.00","1,187.15","1,178.00","1,183.10","256,369"
"08-Nov-2021","1,187.45","1,192.80","1,168.55","1,182.85","3,808,317"
"09-Nov-2021","1,188.00","1,191.00","1,170.45","1,172.80","3,565,461"
"10-Nov-2021","1,164.00","1,175.00","1,162.10","1,169.15","2,401,325"
"11-Nov-2021","1,166.00","1,167.80","1,152.25","1,160.70","2,861,259"
"12-Nov-2021","1,168.90","1,178.15","1,163.00","1,172.35","3,812,518"
"15-Nov-2021","1,171.00","1,181.60","1,163.50","1,170.85","3,619,915"
"16-Nov-2021","1,170.90","1,175.50","1,160.45","1,163.40","3,141,207"
"17-Nov-2021","1,160.50","1,164.75","1,150.00","1,152.45","3,172,985"
"18-Nov-2021","1,148.00","1,155.00","1,113.50","1,120.20","5,384,530"
"22-Nov-2021","1,120.20","1,125.85","1,102.00","1,110.10","3,961,223"
"23-Nov-2021","1,105.00","1,120.00","1,090.00","1,112.60","4,545,069"
"24-Nov-2021","1,120.00","1,132.65","1,112.95","1,119.45","2,675,632"
"25-Nov-2021","1,116.50","1,131.00","1,111.00","1,124.80","3,106,454"
"26-Nov-2021","1,120.00","1,126.00","1,103.30","1,110.05","2,207,274"
"29-Nov-2021","1,101.10","1,145.00","1,100.10","1,133.15","3,661,152"
"30-Nov-2021","1,133.00","1,157.90","1,133.00","1,138.65","7,421,904"
"01-Dec-2021","1,146.00","1,163.00","1,145.20","1,156.70","2,918,586"
"02-Dec-2021","1,161.90","1,186.40","1,153.00","1,184.70","4,011,279"
"03-Dec-2021","1,188.00","1,189.70","1,169.65","1,171.40","2,571,036"
"06-Dec-2021","1,169.90","1,172.65","1,134.85","1,136.55","2,493,755"
"07-Dec-2021","1,150.00","1,155.00","1,131.40","1,149.65","2,299,958"
"08-Dec-2021","1,157.40","1,181.60","1,157.05","1,171.60","2,525,711"
"09-Dec-2021","1,179.80","1,179.80","1,155.00","1,168.55","1,734,844"
"10-Dec-2021","1,155.20","1,167.00","1,155.20","1,162.20","957,733"
"13-Dec-2021","1,166.00","1,173.45","1,153.25","1,159.10","2,225,682"
"14-Dec-2021","1,156.00","1,165.90","1,145.50","1,162.35","1,972,685"
"15-Dec-2021","1,158.25","1,161.95","1,142.30","1,148.90","1,604,301"
"16-Dec-2021","1,156.00","1,167.90","1,149.55","1,159.75","2,121,810"
"17-Dec-2021","1,172.00","1,182.90","1,165.00","1,171.40","6,373,455"
"20-Dec-2021","1,160.00","1,172.35","1,145.50","1,159.90","3,091,768"
"21-Dec-2021","1,168.90","1,214.95","1,165.05","1,205.00","6,217,986"
"22-Dec-2021","1,218.00","1,226.00","1,210.10","1,222.80","3,809,814"
"23-Dec-2021","1,229.90","1,230.70","1,215.60","1,227.45","2,814,281"
"24-Dec-2021","1,262.15","1,283.80","1,246.15","1,265.20","15,952,929"
"27-Dec-2021","1,268.00","1,277.00","1,254.05","1,267.20","3,372,907"
"28-Dec-2021","1,270.00","1,289.00","1,270.00","1,283.90","3,446,067"
"29-Dec-2021","1,283.00","1,299.00","1,277.10","1,291.90","2,254,162"
"30-Dec-2021","1,291.90","1,326.45","1,282.70","1,317.05","4,518,139"
"31-Dec-2021","1,320.00","1,329.45","1,308.95","1,319.10","2,231,508"
"03-Jan-2022","1,316.35","1,339.90","1,314.10","1,326.15","2,661,272"
"04-Jan-2022","1,329.50","1,336.70","1,307.25","1,333.45","3,367,100"
"05-Jan-2022","1,329.00","1,330.00","1,302.00","1,310.75","3,510,253"
"06-Jan-2022","1,290.00","1,297.80","1,277.00","1,284.90","4,409,632"
"07-Jan-2022","1,297.55","1,298.50","1,282.20","1,290.55","3,898,684"
"10-Jan-2022","1,304.85","1,304.85","1,280.00","1,288.10","2,529,949"
"11-Jan-2022","1,288.65","1,348.00","1,280.00","1,343.65","6,772,189"
"12-Jan-2022","1,354.00","1,357.10","1,331.40","1,352.15","3,162,044"
"13-Jan-2022","1,340.00","1,359.40","1,321.15","1,334.25","4,598,005"
"14-Jan-2022","1,320.00","1,342.95","1,293.00","1,337.20","5,636,243"
"17-Jan-2022","1,273.00","1,273.00","1,243.40","1,258.75","11,973,283"
"18-Jan-2022","1,269.95","1,269.95","1,217.00","1,219.75","7,799,487"
"19-Jan-2022","1,220.00","1,220.50","1,191.00","1,199.20","8,464,215"
"20-Jan-2022","1,200.00","1,201.40","1,170.00","1,175.35","6,172,404"
"21-Jan-2022","1,175.35","1,179.85","1,155.00","1,167.95","5,514,748"
"24-Jan-2022","1,162.50","1,164.50","1,111.00","1,124.90","5,878,438"
"25-Jan-2022","1,115.00","1,139.65","1,088.40","1,123.70","4,725,254"
"27-Jan-2022","1,115.00","1,115.95","1,070.20","1,077.75","8,304,735"
"28-Jan-2022","1,079.00","1,102.20","1,077.25","1,080.45","7,654,724"
"31-Jan-2022","1,100.65","1,113.95","1,092.85","1,099.40","7,572,995"
"01-Feb-2022","1,116.70","1,136.50","1,101.25","1,132.80","6,783,774"
"02-Feb-2022","1,142.90","1,173.85","1,133.30","1,170.95","6,982,539"
"03-Feb-2022","1,162.00","1,170.85","1,151.00","1,156.75","4,169,794"
"04-Feb-2022","1,160.00","1,167.10","1,137.35","1,163.80","3,625,482"
"07-Feb-2022","1,157.00","1,171.35","1,146.00","1,157.35","3,824,483"
"08-Feb-2022","1,158.95","1,169.85","1,148.55","1,161.95","3,267,641"
"09-Feb-2022","1,172.00","1,189.00","1,166.00","1,180.90","3,772,972"
"10-Feb-2022","1,184.95","1,191.90","1,174.10","1,190.35","2,053,245"
"11-Feb-2022","1,179.00","1,179.00","1,158.05","1,163.70","3,912,397"
"14-Feb-2022","1,135.35","1,164.35","1,133.60","1,146.45","3,243,813"
"15-Feb-2022","1,153.50","1,174.00","1,148.10","1,168.55","3,000,492"
"16-Feb-2022","1,178.00","1,182.65","1,160.00","1,167.80","1,885,868"
"17-Feb-2022","1,174.00","1,174.00","1,160.00","1,163.05","1,644,055"
"18-Feb-2022","1,152.85","1,170.10","1,150.10","1,165.00","2,166,690"
"21-Feb-2022","1,153.10","1,169.50","1,150.20","1,164.75","1,706,058"
"22-Feb-2022","1,132.00","1,154.15","1,132.00","1,149.55","3,254,855"
"23-Feb-2022","1,156.00","1,159.00","1,148.05","1,153.00","1,937,649"
"24-Feb-2022","1,106.00","1,134.95","1,092.00","1,098.55","5,469,084"
"25-Feb-2022","1,115.60","1,141.00","1,115.00","1,129.70","3,213,276"
"28-Feb-2022","1,119.60","1,133.30","1,107.00","1,126.95","4,571,884"
"02-Mar-2022","1,124.65","1,124.65","1,109.00","1,115.55","3,867,328"
"03-Mar-2022","1,125.00","1,152.00","1,120.50","1,139.70","3,969,380"
"04-Mar-2022","1,128.00","1,154.85","1,122.65","1,138.45","3,522,375"
"07-Mar-2022","1,111.00","1,161.40","1,110.50","1,154.20","5,249,845"
"08-Mar-2022","1,156.00","1,179.60","1,155.00","1,175.30","3,805,165"
"09-Mar-2022","1,180.00","1,195.00","1,161.10","1,182.70","3,781,326"
"10-Mar-2022","1,198.20","1,198.20","1,175.00","1,192.15","3,834,327"
"11-Mar-2022","1,180.00","1,207.15","1,176.30","1,193.45","2,770,879"
"14-Mar-2022","1,193.45","1,214.80","1,177.65","1,202.85","5,740,660"
"15-Mar-2022","1,207.00","1,214.30","1,168.10","1,176.85","3,003,066"
"16-Mar-2022","1,190.15","1,202.95","1,185.00","1,199.50","1,894,018"
"17-Mar-2022","1,215.00","1,215.00","1,190.80","1,196.90","6,987,787"
"21-Mar-2022","1,199.90","1,209.90","1,165.10","1,168.05","4,046,440"
"22-Mar-2022","1,170.00","1,181.75","1,162.30","1,176.40","4,516,870"
"23-Mar-2022","1,190.00","1,190.85","1,170.00","1,180.70","2,338,886"
"24-Mar-2022","1,169.00","1,194.00","1,169.00","1,192.10","2,351,703"
"25-Mar-2022","1,199.00","1,199.00","1,175.40","1,179.35","2,489,854"
"28-Mar-2022","1,184.90","1,187.60","1,158.20","1,163.95","3,406,258"
"29-Mar-2022","1,167.00","1,175.00","1,163.65","1,167.70","2,443,230"
"30-Mar-2022","1,177.35","1,181.95","1,162.10","1,165.20","3,073,672"
"31-Mar-2022","1,174.80","1,174.80","1,161.00","1,163.75","3,006,639"
"01-Apr-2022","1,161.00","1,174.00","1,152.05","1,169.65","2,479,745"
"04-Apr-2022","1,173.20","1,188.95","1,168.00","1,187.05","2,282,137"
"05-Apr-2022","1,190.00","1,203.00","1,184.10","1,195.45","2,634,464"
"06-Apr-2022","1,190.00","1,194.90","1,167.50","1,170.50","2,838,968"
"07-Apr-2022","1,165.60","1,180.75","1,163.00","1,173.30","3,391,918"
"08-Apr-2022","1,179.00","1,180.00","1,162.55","1,165.35","2,656,091"
"11-Apr-2022","1,164.00","1,164.00","1,131.75","1,133.50","5,679,058"
"12-Apr-2022","1,129.80","1,141.70","1,119.55","1,131.15","2,906,617"
"13-Apr-2022","1,135.00","1,143.10","1,123.00","1,125.10","1,971,580"
"18-Apr-2022","1,110.00","1,112.75","1,084.60","1,101.75","4,391,701"
"19-Apr-2022","1,115.90","1,115.95","1,058.75","1,070.25","3,422,431"
"20-Apr-2022","1,075.00","1,094.80","1,064.70","1,089.40","2,573,318"
"21-Apr-2022","1,095.00","1,105.05","1,081.10","1,099.20","2,547,848"
"22-Apr-2022","1,086.60","1,134.95","1,081.10","1,102.05","9,567,571"
"25-Apr-2022","1,096.90","1,098.00","1,077.30","1,089.85","3,565,801"
"26-Apr-2022","1,104.00","1,107.00","1,085.05","1,094.30","3,213,714"
"27-Apr-2022","1,087.00","1,099.90","1,074.60","1,095.60","3,288,792"
"28-Apr-2022","1,092.00","1,102.30","1,073.30","1,092.50","5,202,061"
"29-Apr-2022","1,094.00","1,100.50","1,074.35","1,079.25","2,988,180"
"02-May-2022","1,073.00","1,082.00","1,062.00","1,066.90","2,584,604"
"04-May-2022","1,075.90","1,076.00","1,035.80","1,044.95","3,385,725"
"05-May-2022","1,059.00","1,075.20","1,047.10","1,072.05","2,982,126"
"06-May-2022","1,049.90","1,056.65","1,028.95","1,050.20","4,075,606"
"09-May-2022","1,044.00","1,082.90","1,034.10","1,076.10","4,207,192"
"10-May-2022","1,073.00","1,085.00","1,066.60","1,072.55","2,473,518"
"11-May-2022","1,069.00","1,079.30","1,054.05","1,060.90","2,895,668"
"12-May-2022","1,050.10","1,070.95","1,043.75","1,059.40","3,195,189"
"13-May-2022","1,070.00","1,078.00","1,045.10","1,052.15","2,496,626"
"16-May-2022","1,054.00","1,066.95","1,040.20","1,044.55","1,415,370"
"17-May-2022","1,058.20","1,086.00","1,045.35","1,082.90","2,620,776"
"18-May-2022","1,083.55","1,097.35","1,070.80","1,073.70","2,865,869"
"19-May-2022","1,055.10","1,058.30","1,004.60","1,009.40","4,729,354"
"20-May-2022","1,029.00","1,034.50","1,016.80","1,028.85","2,005,622"
"23-May-2022","1,023.00","1,037.00","1,014.75","1,018.30","2,285,466"
"24-May-2022","1,022.05","1,022.40","987.00","991.75","3,418,456"
"25-May-2022","992.00","992.80","963.00","974.45","3,904,551"
"26-May-2022","977.00","986.00","969.05","980.70","4,278,059"
"27-May-2022","989.00","1,010.45","989.00","1,003.90","2,795,530"
"30-May-2022","1,019.00","1,053.35","1,015.65","1,039.90","3,562,969"
"31-May-2022","1,045.00","1,045.80","1,020.45","1,040.75","5,185,485"
"01-Jun-2022","1,040.75","1,045.45","1,011.55","1,017.90","2,554,081"
"02-Jun-2022","1,011.40","1,048.90","1,007.30","1,039.70","3,560,227"
"03-Jun-2022","1,053.95","1,069.65","1,040.20","1,043.00","3,556,955"
"06-Jun-2022","1,038.00","1,047.35","1,021.15","1,037.30","1,997,494"
"07-Jun-2022","1,030.00","1,033.75","1,013.15","1,022.90","1,839,248"
"08-Jun-2022","1,023.10","1,033.80","1,016.00","1,030.20","1,665,512"
"09-Jun-2022","1,024.95","1,031.70","1,011.70","1,028.65","1,654,005"
"10-Jun-2022","1,012.00","1,023.75","1,008.20","1,015.35","2,260,855"
"13-Jun-2022","996.00","1,002.00","982.50","991.80","1,738,804"
"14-Jun-2022","988.00","1,000.95","978.15","996.90","2,461,791"
"15-Jun-2022","989.00","1,007.00","988.00","989.90","2,408,630"
"16-Jun-2022","1,007.00","1,007.00","961.65","964.95","3,198,618"
"17-Jun-2022","952.40","963.15","944.05","958.75","4,302,066"
"20-Jun-2022","965.00","966.00","952.10","960.05","1,305,407"
"21-Jun-2022","971.70","999.90","963.65","986.60","2,128,325"
"22-Jun-2022","977.95","979.00","959.15","961.30","2,575,065"
"23-Jun-2022","962.10","977.50","958.60","971.25","2,169,033"
"24-Jun-2022","984.00","984.55","960.00","966.70","1,922,313"
"27-Jun-2022","986.15","1,006.80","984.20","992.35","3,626,024"
"28-Jun-2022","989.90","1,007.00","983.25","1,001.95","2,702,471"
"29-Jun-2022","985.10","1,000.25","985.00","987.55","3,150,015"
"30-Jun-2022","990.00","996.55","969.95","973.25","3,741,119"
"01-Jul-2022","964.50","981.45","964.20","975.35","2,827,579"
"04-Jul-2022","975.35","989.50","973.45","984.60","2,738,846"
"05-Jul-2022","987.40","1,002.65","978.45","982.15","2,476,050"
"06-Jul-2022","982.00","999.00","980.05","986.60","2,998,254"
"07-Jul-2022","997.00","1,000.90","984.95","989.85","2,985,141"
"08-Jul-2022","999.00","999.00","979.15","983.55","3,141,642"
"11-Jul-2022","975.00","979.15","940.00","943.55","5,787,815"
"12-Jul-2022","935.00","948.55","924.40","927.80","5,305,354"
"13-Jul-2022","930.00","936.00","905.00","917.75","12,874,342"
"14-Jul-2022","926.15","927.55","892.30","903.00","4,916,497"
"15-Jul-2022","896.00","905.00","877.35","883.15","5,591,590"
"18-Jul-2022","895.00","907.50","888.85","900.30","5,156,225"
"19-Jul-2022","890.00","897.50","885.00","889.70","4,636,293"
"20-Jul-2022","904.60","918.80","895.10","917.40","4,827,089"
"21-Jul-2022","921.00","926.95","913.55","924.45","3,498,709"
"22-Jul-2022","929.40","931.90","909.00","920.25","3,514,659"
"25-Jul-2022","920.25","932.00","914.00","930.65","2,120,224"
"26-Jul-2022","928.50","929.65","911.10","913.50","2,780,103"
"27-Jul-2022","912.10","929.35","911.10","928.45","1,742,497"
"28-Jul-2022","935.90","949.00","932.70","946.10","2,843,497"
"29-Jul-2022","957.00","965.70","947.15","948.40","3,617,725"
"01-Aug-2022","954.00","956.50","945.20","952.15","2,489,519"
"02-Aug-2022","952.15","953.85","941.05","951.05","2,545,241"
"03-Aug-2022","951.00","961.80","950.05","957.20","4,119,614"
"04-Aug-2022","965.00","969.95","945.80","958.10","3,513,266"
"05-Aug-2022","962.90","964.95","955.00","957.75","2,565,683"
"08-Aug-2022","957.75","968.00","950.05","966.05","1,746,911"
"10-Aug-2022","966.05","967.00","948.10","952.05","3,271,939"
"11-Aug-2022","965.00","968.50","958.75","962.35","3,594,584"
"12-Aug-2022","964.00","964.00","954.00","956.40","3,022,304"
"16-Aug-2022","969.00","969.00","952.65","958.20","2,784,861"
"17-Aug-2022","963.00","982.90","955.00","980.60","4,649,125"
"18-Aug-2022","983.45","983.45","968.10","973.50","2,829,269"
"19-Aug-2022","974.50","987.05","966.80","970.05","2,880,969"
"22-Aug-2022","965.00","970.00","955.20","959.45","3,616,799"
"23-Aug-2022","949.95","951.00","939.00","946.90","3,753,715"
"24-Aug-2022","949.90","953.80","944.15","949.15","1,494,361"
"25-Aug-2022","953.90","953.90","942.65","943.80","3,316,314"
"26-Aug-2022","948.55","956.00","943.75","945.65","2,195,046"
"29-Aug-2022","912.60","922.00","900.10","917.50","4,974,880"
"30-Aug-2022","926.90","945.25","923.70","938.95","2,998,417"
"01-Sep-2022","917.30","931.00","916.25","926.05","2,953,921"
"02-Sep-2022","931.20","937.00","919.00","924.45","1,750,283"
"05-Sep-2022","926.00","942.30","922.50","936.00","2,279,812"
"06-Sep-2022","936.00","942.90","927.05","937.80","2,108,615"
"07-Sep-2022","927.00","932.55","923.10","931.70","2,709,547"
"08-Sep-2022","936.40","940.90","928.00","931.05","3,214,686"
"09-Sep-2022","939.00","953.00","934.30","948.50","2,206,526"
"12-Sep-2022","955.15","963.50","953.50","955.55","2,517,615"
"13-Sep-2022","955.00","959.80","950.45","955.40","2,442,828"
"14-Sep-2022","933.30","938.45","926.55","932.00","6,761,712"
"15-Sep-2022","936.50","936.70","916.30","919.90","2,995,215"
"16-Sep-2022","915.10","918.00","893.40","896.90","5,095,937"
"19-Sep-2022","897.95","907.15","887.50","897.80","2,686,561"
"20-Sep-2022","902.30","920.85","902.00","914.00","1,836,721"
"21-Sep-2022","909.00","913.75","898.85","900.95","1,819,649"
"22-Sep-2022","897.60","904.90","889.75","897.65","2,315,711"
"23-Sep-2022","896.50","912.60","892.00","895.85","2,569,608"
"26-Sep-2022","891.25","917.40","882.00","906.70","4,182,702"
"27-Sep-2022","911.25","921.45","907.60","918.75","3,545,337"
"28-Sep-2022","913.00","926.95","911.85","920.80","4,154,139"
"29-Sep-2022","927.00","931.00","916.60","923.05","2,928,360"
"30-Sep-2022","921.90","935.55","910.05","932.35","3,229,901"
"03-Oct-2022","932.35","932.85","916.00","930.25","1,598,950"
"04-Oct-2022","942.50","951.00","937.05","946.00","2,331,351"
"06-Oct-2022","955.50","967.95","955.50","964.55","3,713,623"
"07-Oct-2022","965.00","972.95","955.00","957.70","2,174,327"
"10-Oct-2022","942.20","967.15","942.20","963.25","2,758,812"
"11-Oct-2022","968.10","972.00","936.00","938.60","3,134,969"
"12-Oct-2022","943.30","963.90","943.30","952.00","3,502,390"
"13-Oct-2022","972.05","989.05","969.30","982.10","9,698,562"
"14-Oct-2022","1,005.00","1,023.00","994.00","1,002.55","7,424,383"
"17-Oct-2022","1,005.70","1,006.80","991.10","994.60","2,136,170"
"18-Oct-2022","1,000.00","1,013.65","999.10","1,009.20","2,487,826"
"19-Oct-2022","1,006.50","1,006.50","994.00","995.65","2,517,099"
"20-Oct-2022","990.00","1,019.30","988.00","1,017.40","3,931,399"
"21-Oct-2022","1,022.50","1,029.90","1,011.60","1,027.20","2,071,897"
"24-Oct-2022","1,035.00","1,038.85","1,030.00","1,031.60","398,105"
"25-Oct-2022","1,036.00","1,037.25","1,020.90","1,026.50","3,068,136"
"27-Oct-2022","1,031.00","1,037.45","1,019.60","1,032.05","3,313,674"
"28-Oct-2022","1,031.95","1,039.75","1,025.50","1,030.00","2,423,629"
"31-Oct-2022","1,039.00","1,052.50","1,036.40","1,041.15","2,418,565"
"01-Nov-2022","1,049.00","1,061.85","1,045.00","1,060.05","2,275,488"
"02-Nov-2022","1,064.95","1,066.35","1,042.50","1,045.20","2,799,322"
"03-Nov-2022","1,034.00","1,049.20","1,033.10","1,045.15","2,396,164"
"04-Nov-2022","1,045.15","1,049.00","1,033.45","1,045.35","1,709,158"
"07-Nov-2022","1,048.10","1,055.70","1,038.65","1,047.15","2,213,508"
"09-Nov-2022","1,060.90","1,061.45","1,049.20","1,053.45","2,307,691"
"10-Nov-2022","1,050.00","1,062.40","1,047.05","1,052.45","2,321,667"
"11-Nov-2022","1,071.00","1,098.70","1,069.10","1,090.65","3,923,101"
"14-Nov-2022","1,095.00","1,102.95","1,090.05","1,099.00","2,170,007"
"15-Nov-2022","1,093.50","1,106.10","1,088.90","1,103.90","2,172,420"
"16-Nov-2022","1,107.50","1,112.45","1,099.35","1,105.20","2,213,697"
"17-Nov-2022","1,095.10","1,100.60","1,089.10","1,092.55","2,460,883"
"18-Nov-2022","1,098.05","1,106.00","1,084.00","1,103.15","2,623,894"
"21-Nov-2022","1,098.90","1,106.35","1,092.60","1,095.50","1,733,741"
"22-Nov-2022","1,091.10","1,105.90","1,088.00","1,103.40","2,529,146"
"23-Nov-2022","1,108.95","1,111.50","1,099.75","1,103.40","2,217,599"
"24-Nov-2022","1,106.00","1,135.00","1,103.50","1,129.60","3,295,202"
"25-Nov-2022","1,135.20","1,137.55","1,120.65","1,128.20","1,977,441"
"28-Nov-2022","1,125.00","1,132.75","1,117.00","1,118.80","2,368,293"
"29-Nov-2022","1,118.80","1,138.75","1,118.05","1,128.95","1,785,948"
"30-Nov-2022","1,127.00","1,129.90","1,117.00","1,120.80","6,053,488"
"01-Dec-2022","1,130.00","1,150.65","1,128.40","1,136.40","3,919,684"
"02-Dec-2022","1,136.40","1,140.40","1,123.85","1,135.55","2,944,923"
"05-Dec-2022","1,133.25","1,141.95","1,127.20","1,130.85","2,646,466"
"06-Dec-2022","1,121.60","1,125.00","1,107.00","1,120.95","2,807,894"
"07-Dec-2022","1,114.00","1,116.60","1,102.00","1,105.90","2,399,879"
"08-Dec-2022","1,113.75","1,113.75","1,098.80","1,101.35","1,752,350"
"09-Dec-2022","1,075.00","1,075.00","1,020.70","1,027.50","12,415,478"
"12-Dec-2022","1,025.00","1,039.15","1,012.45","1,028.40","4,275,785"
"13-Dec-2022","1,032.10","1,046.90","1,031.10","1,044.70","2,284,909"
"14-Dec-2022","1,045.00","1,057.30","1,045.00","1,056.20","2,425,507"
"15-Dec-2022","1,051.55","1,051.80","1,037.10","1,042.35","1,906,369"
"16-Dec-2022","1,030.00","1,046.45","1,022.35","1,029.65","5,159,215"
"19-Dec-2022","1,029.65","1,037.50","1,023.35","1,033.25","3,328,172"
"20-Dec-2022","1,027.00","1,033.35","1,011.50","1,029.70","2,629,849"
"21-Dec-2022","1,035.00","1,053.25","1,035.00","1,040.35","2,878,658"
"22-Dec-2022","1,046.00","1,054.65","1,033.60","1,039.10","2,623,451"
"23-Dec-2022","1,029.50","1,044.10","1,027.10","1,030.60","2,177,675"
"26-Dec-2022","1,031.00","1,041.75","1,029.00","1,031.70","1,680,715"
"27-Dec-2022","1,039.00","1,040.75","1,030.35","1,036.35","554,319"
"28-Dec-2022","1,030.00","1,038.30","1,026.50","1,035.45","1,397,806"
"29-Dec-2022","1,030.00","1,046.00","1,028.10","1,044.45","1,277,244"
"30-Dec-2022","1,050.00","1,055.25","1,034.30","1,039.30","1,860,560"
"02-Jan-2023","1,039.10","1,042.50","1,031.50","1,039.45","701,880"
"03-Jan-2023","1,039.00","1,045.80","1,033.50","1,041.35","2,484,372"
"04-Jan-2023","1,036.20","1,042.00","1,031.50","1,036.60","1,219,170"
"05-Jan-2023","1,041.80","1,049.80","1,033.10","1,044.10","2,294,943"
"06-Jan-2023","1,044.00","1,047.90","1,025.25","1,032.80","1,887,689"
"09-Jan-2023","1,044.95","1,071.00","1,040.05","1,067.45","4,562,242"
"10-Jan-2023","1,061.00","1,072.60","1,056.30","1,063.85","2,297,082"
"11-Jan-2023","1,069.00","1,079.60","1,050.55","1,054.80","3,594,167"
"12-Jan-2023","1,061.00","1,074.50","1,061.00","1,071.65","4,748,542"
"13-Jan-2023","1,043.90","1,084.00","1,041.00","1,077.80","8,253,765"
"16-Jan-2023","1,087.00","1,100.45","1,078.55","1,093.70","4,508,538"
"17-Jan-2023","1,097.90","1,113.95","1,095.00","1,111.05","4,390,338"
"18-Jan-2023","1,118.95","1,125.85","1,114.10","1,115.15","6,905,092"
"19-Jan-2023","1,102.35","1,113.35","1,098.75","1,111.40","2,298,287"
"20-Jan-2023","1,111.05","1,121.40","1,107.05","1,107.80","4,747,128"
"23-Jan-2023","1,111.00","1,122.90","1,108.15","1,121.20","1,696,834"
"24-Jan-2023","1,125.90","1,143.70","1,121.20","1,137.85","4,861,107"
"25-Jan-2023","1,134.85","1,134.85","1,116.75","1,122.75","2,692,236"
"27-Jan-2023","1,122.75","1,134.30","1,105.00","1,115.60","3,864,525"
"30-Jan-2023","1,115.60","1,139.95","1,105.80","1,134.75","3,508,427"
"31-Jan-2023","1,136.00","1,137.70","1,113.00","1,122.20","4,582,858"
"01-Feb-2023","1,137.00","1,137.00","1,114.45","1,132.10","2,393,911"
"02-Feb-2023","1,137.80","1,155.50","1,135.00","1,149.60","3,048,359"
"03-Feb-2023","1,154.00","1,156.65","1,138.60","1,146.15","1,814,055"
"06-Feb-2023","1,135.20","1,149.85","1,128.00","1,145.70","2,070,175"
"07-Feb-2023","1,147.85","1,153.00","1,125.90","1,128.25","1,931,191"
"08-Feb-2023","1,133.90","1,149.00","1,132.70","1,145.00","2,848,255"
"09-Feb-2023","1,144.00","1,152.00","1,138.00","1,146.35","1,501,083"
"10-Feb-2023","1,125.80","1,130.00","1,100.00","1,115.65","3,185,163"
"13-Feb-2023","1,121.25","1,121.25","1,105.00","1,113.00","2,009,185"
"14-Feb-2023","1,121.00","1,142.40","1,118.00","1,125.45","3,938,046"
"15-Feb-2023","1,125.00","1,134.60","1,119.60","1,132.90","1,648,954"
"16-Feb-2023","1,138.60","1,152.15","1,124.00","1,128.15","2,369,355"
"17-Feb-2023","1,121.70","1,121.70","1,107.55","1,109.55","1,958,807"
"20-Feb-2023","1,109.55","1,134.70","1,107.60","1,115.70","1,706,036"
"21-Feb-2023","1,121.00","1,122.05","1,103.10","1,105.20","1,313,278"
"22-Feb-2023","1,095.00","1,105.55","1,090.05","1,092.60","2,212,194"
"23-Feb-2023","1,104.80","1,111.95","1,092.50","1,094.35","2,139,983"
"24-Feb-2023","1,097.00","1,104.50","1,082.00","1,094.85","1,684,570"
"27-Feb-2023","1,090.00","1,090.00","1,076.00","1,083.95","1,834,553"
"28-Feb-2023","1,083.50","1,096.90","1,068.10","1,077.60","20,793,703"
"01-Mar-2023","1,077.35","1,104.00","1,077.35","1,101.10","1,655,100"
"02-Mar-2023","1,090.30","1,117.00","1,090.30","1,105.95","4,074,162"
"03-Mar-2023","1,115.00","1,129.70","1,111.05","1,119.00","3,253,621"
"06-Mar-2023","1,129.00","1,148.00","1,123.30","1,126.70","4,091,674"
"08-Mar-2023","1,112.00","1,124.00","1,107.30","1,120.65","3,209,393"
"09-Mar-2023","1,121.95","1,126.70","1,114.05","1,116.65","1,834,324"
"10-Mar-2023","1,105.00","1,118.15","1,105.00","1,116.30","1,193,681"
"13-Mar-2023","1,120.95","1,133.60","1,095.00","1,098.60","3,028,387"
"14-Mar-2023","1,098.55","1,103.40","1,066.00","1,084.05","3,683,544"
"15-Mar-2023","1,095.05","1,097.90","1,075.50","1,079.65","1,528,510"
"16-Mar-2023","1,083.95","1,087.55","1,069.65","1,072.40","1,812,907"
"17-Mar-2023","1,088.20","1,117.10","1,084.05","1,108.45","5,350,523"
"20-Mar-2023","1,105.00","1,108.30","1,086.25","1,090.85","2,066,169"
"21-Mar-2023","1,099.00","1,102.40","1,077.10","1,083.90","2,421,127"
"22-Mar-2023","1,091.95","1,105.75","1,079.05","1,081.45","1,382,329"
"23-Mar-2023","1,077.00","1,080.40","1,061.00","1,065.90","2,178,855"
"24-Mar-2023","1,073.00","1,090.00","1,047.05","1,051.75","2,688,253"
"27-Mar-2023","1,053.30","1,065.50","1,044.80","1,051.50","1,459,887"
"28-Mar-2023","1,056.80","1,063.80","1,039.35","1,041.10","2,965,015"
"29-Mar-2023","1,046.00","1,070.00","1,042.10","1,067.50","2,478,745"
"31-Mar-2023","1,083.40","1,096.90","1,069.40","1,085.25","3,131,614"
"03-Apr-2023","1,089.95","1,099.25","1,088.00","1,098.15","1,540,702"
"05-Apr-2023","1,085.35","1,113.00","1,066.15","1,111.20","3,342,291"
"06-Apr-2023","1,109.05","1,109.05","1,085.45","1,091.85","2,378,264"
"10-Apr-2023","1,091.85","1,105.00","1,091.50","1,103.10","711,625"
"11-Apr-2023","1,104.00","1,109.90","1,085.00","1,087.00","2,318,905"
"12-Apr-2023","1,092.00","1,097.45","1,080.10","1,094.50","2,715,967"
"13-Apr-2023","1,089.00","1,089.00","1,063.00","1,071.85","3,071,057"
"17-Apr-2023","1,055.00","1,055.00","1,016.25","1,042.20","9,509,446"
"18-Apr-2023","1,049.55","1,066.40","1,045.20","1,063.85","3,686,404"
"19-Apr-2023","1,073.95","1,073.95","1,036.45","1,038.70","4,322,881"
"20-Apr-2023","1,040.00","1,047.20","1,031.85","1,037.50","3,057,560"
"21-Apr-2023","1,054.00","1,074.00","1,037.75","1,048.95","7,708,194"
"24-Apr-2023","1,057.00","1,058.90","1,046.00","1,054.05","2,033,625"
"25-Apr-2023","1,050.45","1,058.80","1,044.40","1,053.45","1,237,595"
"26-Apr-2023","1,055.00","1,067.00","1,048.00","1,065.55","1,647,101"
"27-Apr-2023","1,065.55","1,075.00","1,061.00","1,071.25","1,654,910"
"28-Apr-2023","1,059.95","1,068.75","1,053.75","1,064.10","2,629,188"
"02-May-2023","1,064.10","1,074.80","1,064.00","1,067.55","1,905,168"
"03-May-2023","1,062.00","1,064.00","1,055.00","1,058.95","1,649,820"
"04-May-2023","1,056.05","1,067.95","1,048.30","1,066.80","1,403,672"
"05-May-2023","1,066.80","1,069.95","1,052.10","1,055.55","1,641,673"
"08-May-2023","1,058.00","1,077.50","1,055.00","1,075.75","1,389,075"
"09-May-2023","1,071.00","1,082.60","1,066.05","1,079.00","2,981,949"
"10-May-2023","1,084.15","1,088.80","1,072.10","1,078.30","2,091,411"
"11-May-2023","1,082.15","1,092.60","1,080.05","1,088.10","2,653,108"
"12-May-2023","1,086.00","1,103.40","1,077.45","1,095.50","1,585,037"
"15-May-2023","1,098.95","1,105.95","1,092.80","1,099.75","1,523,466"
"16-May-2023","1,100.20","1,105.30","1,088.10","1,090.70","1,166,324"
"17-May-2023","1,090.50","1,093.95","1,062.70","1,074.55","3,602,382"
"18-May-2023","1,081.95","1,085.00","1,073.00","1,079.90","1,515,743"
"19-May-2023","1,088.60","1,104.00","1,082.45","1,095.35","1,984,436"
"22-May-2023","1,095.35","1,121.90","1,088.95","1,119.85","1,864,932"
"23-May-2023","1,120.00","1,131.35","1,104.00","1,107.35","2,138,096"
"24-May-2023","1,099.05","1,115.00","1,098.00","1,111.95","1,302,744"
"25-May-2023","1,109.20","1,118.25","1,103.05","1,116.00","1,124,803"
"26-May-2023","1,115.00","1,140.35","1,114.00","1,139.20","1,635,167"
"29-May-2023","1,146.00","1,147.95","1,124.40","1,126.20","1,288,914"
"30-May-2023","1,129.00","1,144.00","1,128.05","1,135.85","1,983,735"
"31-May-2023","1,134.80","1,153.35","1,132.10","1,145.10","5,967,930"
"01-Jun-2023","1,148.00","1,155.15","1,137.65","1,141.90","1,445,692"
"02-Jun-2023","1,148.00","1,151.10","1,131.60","1,137.05","1,336,554"
"05-Jun-2023","1,144.00","1,148.50","1,136.00","1,138.30","1,435,758"
"06-Jun-2023","1,130.00","1,132.30","1,113.75","1,128.60","1,943,605"
"07-Jun-2023","1,133.80","1,133.80","1,116.20","1,129.05","2,459,039"
"08-Jun-2023","1,129.05","1,131.25","1,118.30","1,126.75","1,385,218"
"09-Jun-2023","1,129.10","1,131.00","1,105.95","1,109.75","1,824,218"
"12-Jun-2023","1,112.95","1,140.95","1,111.50","1,139.65","1,670,970"
"13-Jun-2023","1,144.95","1,144.95","1,129.30","1,131.30","2,014,656"
"14-Jun-2023","1,138.00","1,138.40","1,126.05","1,135.85","836,964"
"15-Jun-2023","1,140.00","1,147.00","1,136.55","1,143.60","2,109,652"
"16-Jun-2023","1,150.00","1,154.25","1,132.45","1,148.20","2,909,817"
"19-Jun-2023","1,148.20","1,153.90","1,135.45","1,137.55","1,278,608"
"20-Jun-2023","1,133.00","1,170.75","1,132.50","1,168.65","3,504,867"
"21-Jun-2023","1,175.00","1,175.70","1,161.65","1,170.45","2,019,683"
"22-Jun-2023","1,170.15","1,170.45","1,158.85","1,163.40","972,005"
"23-Jun-2023","1,161.90","1,170.55","1,151.00","1,165.15","1,699,790"
"26-Jun-2023","1,167.25","1,175.95","1,163.05","1,167.50","1,190,307"
"27-Jun-2023","1,167.00","1,174.45","1,160.20","1,170.00","1,504,039"
"28-Jun-2023","1,173.45","1,173.95","1,166.50","1,170.25","1,424,076"
"30-Jun-2023","1,170.35","1,194.00","1,165.00","1,187.95","3,036,648"
"03-Jul-2023","1,190.00","1,195.00","1,174.50","1,181.60","1,749,952"
"04-Jul-2023","1,182.00","1,193.00","1,178.55","1,190.60","1,094,468"
"05-Jul-2023","1,194.00","1,202.60","1,187.60","1,194.80","1,653,610"
"06-Jul-2023","1,194.80","1,198.00","1,174.95","1,180.65","2,334,220"
"07-Jul-2023","1,178.15","1,182.95","1,153.80","1,157.60","2,159,585"
"10-Jul-2023","1,160.00","1,161.90","1,120.00","1,124.50","3,960,400"
"11-Jul-2023","1,131.75","1,131.75","1,112.00","1,114.90","4,982,603"
"12-Jul-2023","1,119.70","1,124.50","1,102.45","1,110.55","3,824,027"
"13-Jul-2023","1,100.00","1,124.40","1,087.05","1,108.80","12,294,227"
"14-Jul-2023","1,114.20","1,157.10","1,111.55","1,150.95","6,605,038"
"17-Jul-2023","1,151.95","1,172.00","1,143.65","1,153.75","3,159,479"
"18-Jul-2023","1,158.95","1,170.00","1,146.40","1,167.20","2,431,478"
"19-Jul-2023","1,165.00","1,174.90","1,157.00","1,169.05","2,242,397"
"20-Jul-2023","1,160.00","1,162.80","1,148.00","1,155.80","1,990,001"
"21-Jul-2023","1,110.00","1,139.90","1,095.00","1,115.45","5,259,150"
"24-Jul-2023","1,120.00","1,127.70","1,111.00","1,112.90","2,672,505"
"25-Jul-2023","1,118.50","1,119.00","1,105.10","1,111.55","2,506,726"
"26-Jul-2023","1,110.20","1,120.85","1,110.10","1,115.00","1,969,964"
"27-Jul-2023","1,115.00","1,122.70","1,108.95","1,117.35","1,769,815"
"28-Jul-2023","1,114.05","1,118.50","1,097.45","1,103.55","2,031,899"
"31-Jul-2023","1,108.00","1,119.50","1,096.00","1,116.70","2,526,624"
"01-Aug-2023","1,120.00","1,142.00","1,111.90","1,138.50","2,710,536"
"02-Aug-2023","1,137.00","1,137.00","1,121.50","1,130.90","2,701,150"
"03-Aug-2023","1,126.00","1,135.55","1,115.05","1,125.50","1,608,187"
"04-Aug-2023","1,130.45","1,152.35","1,126.00","1,144.35","3,315,303"
"07-Aug-2023","1,154.55","1,155.75","1,143.15","1,150.80","1,655,404"
"08-Aug-2023","1,154.90","1,156.90","1,137.00","1,141.35","1,667,697"
"09-Aug-2023","1,140.95","1,146.00","1,125.00","1,144.15","1,559,337"
"10-Aug-2023","1,140.00","1,144.80","1,128.65","1,134.30","1,676,669"
"11-Aug-2023","1,160.00","1,186.95","1,154.30","1,171.45","7,391,806"
"14-Aug-2023","1,170.65","1,177.00","1,154.00","1,171.00","1,720,940"
"16-Aug-2023","1,175.75","1,186.25","1,170.10","1,177.15","2,567,226"
"17-Aug-2023","1,176.85","1,180.95","1,163.95","1,176.70","2,331,256"
"18-Aug-2023","1,173.00","1,177.85","1,158.65","1,173.70","3,406,088"
"21-Aug-2023","1,172.95","1,188.90","1,168.95","1,179.25","1,661,946"
"22-Aug-2023","1,182.00","1,187.00","1,176.15","1,179.50","1,805,887"
"23-Aug-2023","1,192.95","1,195.00","1,178.65","1,182.50","2,347,850"
"24-Aug-2023","1,188.95","1,189.00","1,169.00","1,171.25","2,464,221"
"25-Aug-2023","1,165.00","1,170.80","1,150.00","1,153.95","2,105,159"
"28-Aug-2023","1,155.00","1,159.70","1,139.30","1,146.45","2,571,967"
"29-Aug-2023","1,153.90","1,163.30","1,148.30","1,157.55","1,794,652"
"30-Aug-2023","1,166.00","1,175.15","1,161.65","1,170.50","1,497,356"
"31-Aug-2023","1,179.50","1,188.10","1,165.90","1,172.15","4,483,967"
"01-Sep-2023","1,173.00","1,188.00","1,171.10","1,185.80","1,669,640"
"04-Sep-2023","1,186.00","1,235.00","1,185.00","1,232.50","4,517,935"
"05-Sep-2023","1,236.75","1,241.70","1,225.20","1,235.55","2,842,400"
"06-Sep-2023","1,239.85","1,242.40","1,222.70","1,235.85","1,767,709"
"07-Sep-2023","1,238.00","1,257.00","1,230.30","1,254.00","2,582,004"
"08-Sep-2023","1,259.00","1,269.55","1,254.30","1,262.05","2,280,777"
"11-Sep-2023","1,276.55","1,284.30","1,270.40","1,281.55","2,691,836"
"12-Sep-2023","1,285.00","1,291.75","1,265.50","1,282.40","2,140,769"
"13-Sep-2023","1,282.00","1,282.40","1,266.10","1,275.25","2,275,523"
"14-Sep-2023","1,280.85","1,290.70","1,275.60","1,283.60","2,655,172"
"15-Sep-2023","1,294.00","1,310.00","1,291.05","1,304.60","4,286,280"
"18-Sep-2023","1,302.00","1,311.30","1,289.70","1,305.00","2,761,885"
"20-Sep-2023","1,281.50","1,304.00","1,281.50","1,293.40","2,220,756"
"21-Sep-2023","1,284.00","1,285.00","1,259.30","1,278.00","3,112,700"
"22-Sep-2023","1,272.45","1,283.60","1,265.10","1,273.70","1,321,467"
"25-Sep-2023","1,270.00","1,280.00","1,256.60","1,263.45","1,246,703"
"26-Sep-2023","1,264.00","1,268.95","1,257.10","1,261.45","903,152"
"27-Sep-2023","1,258.50","1,267.65","1,253.30","1,261.10","1,670,373"
"28-Sep-2023","1,261.10","1,266.00","1,238.55","1,241.90","1,807,072"
"29-Sep-2023","1,235.10","1,249.70","1,227.25","1,234.80","2,338,327"
"03-Oct-2023","1,232.50","1,256.70","1,222.70","1,238.70","2,162,636"
"04-Oct-2023","1,234.00","1,244.80","1,225.00","1,239.55","2,253,785"
"05-Oct-2023","1,249.00","1,253.95","1,227.80","1,235.45","2,995,200"
"06-Oct-2023","1,252.00","1,256.00","1,230.10","1,237.70","2,497,711"
"09-Oct-2023","1,236.00","1,266.65","1,231.15","1,249.60","3,430,211"
"10-Oct-2023","1,255.55","1,264.75","1,248.20","1,261.80","1,532,394"
"11-Oct-2023","1,266.00","1,274.45","1,241.00","1,245.60","2,186,131"
"12-Oct-2023","1,245.00","1,248.55","1,215.15","1,223.75","3,921,609"
"13-Oct-2023","1,211.00","1,266.50","1,208.55","1,255.90","5,740,821"
"16-Oct-2023","1,263.00","1,279.30","1,260.30","1,270.65","2,527,113"
"17-Oct-2023","1,278.90","1,279.00","1,271.00","1,277.15","1,687,345"
"18-Oct-2023","1,278.00","1,281.50","1,267.40","1,269.45","1,743,126"
"19-Oct-2023","1,266.80","1,274.75","1,264.90","1,267.35","2,279,726"
"20-Oct-2023","1,252.00","1,261.35","1,245.45","1,258.60","1,625,449"
"23-Oct-2023","1,248.00","1,260.50","1,232.30","1,236.65","1,646,367"
"25-Oct-2023","1,231.20","1,252.90","1,225.30","1,229.00","1,420,065"
"26-Oct-2023","1,215.00","1,238.20","1,212.05","1,231.80","4,617,424"
"27-Oct-2023","1,237.00","1,270.00","1,233.45","1,268.70","2,675,348"
"30-Oct-2023","1,270.00","1,274.80","1,256.00","1,264.75","1,158,770"
"31-Oct-2023","1,272.00","1,279.85","1,256.70","1,276.00","2,525,870"
"01-Nov-2023","1,280.00","1,285.95","1,255.30","1,258.95","1,572,719"
"02-Nov-2023","1,266.00","1,275.00","1,265.00","1,273.40","1,368,604"
"03-Nov-2023","1,282.60","1,287.30","1,263.00","1,266.25","2,052,536"
"06-Nov-2023","1,276.25","1,279.50","1,265.15","1,269.70","1,175,823"
"07-Nov-2023","1,269.00","1,277.70","1,267.10","1,273.95","1,385,282"
"08-Nov-2023","1,280.00","1,280.80","1,265.90","1,267.65","937,671"
"09-Nov-2023","1,267.65","1,275.80","1,261.80","1,267.50","1,483,749"
"10-Nov-2023","1,262.30","1,271.00","1,250.65","1,255.45","1,469,902"
"12-Nov-2023","1,265.00","1,265.45","1,256.35","1,260.20","132,650"
"13-Nov-2023","1,260.00","1,263.60","1,253.30","1,261.00","730,991"
"15-Nov-2023","1,275.00","1,283.00","1,268.40","1,276.65","2,410,620"
"16-Nov-2023","1,283.80","1,317.95","1,278.00","1,311.05","3,936,945"
"17-Nov-2023","1,313.40","1,325.75","1,306.40","1,309.15","2,882,039"
"20-Nov-2023","1,314.95","1,331.70","1,314.00","1,325.40","2,831,858"
"21-Nov-2023","1,335.60","1,336.00","1,321.80","1,326.60","1,514,256"
"22-Nov-2023","1,326.60","1,335.75","1,320.40","1,329.70","1,535,630"
"23-Nov-2023","1,333.95","1,335.25","1,325.70","1,329.00","1,307,344"
"24-Nov-2023","1,328.90","1,332.65","1,305.65","1,309.15","1,795,933"
"28-Nov-2023","1,309.15","1,319.90","1,295.30","1,316.65","2,152,951"
"29-Nov-2023","1,324.00","1,338.80","1,321.50","1,333.95","1,835,524"
"30-Nov-2023","1,337.00","1,346.80","1,329.70","1,340.90","4,104,385"
"01-Dec-2023","1,346.00","1,349.00","1,328.00","1,336.70","1,854,324"
"04-Dec-2023","1,350.00","1,350.00","1,331.00","1,337.95","1,547,057"
"05-Dec-2023","1,347.00","1,347.00","1,308.30","1,317.55","3,932,040"
"06-Dec-2023","1,325.00","1,339.95","1,319.55","1,329.55","2,077,245"
"07-Dec-2023","1,331.00","1,337.00","1,325.35","1,328.00","1,985,003"
"08-Dec-2023","1,333.00","1,369.95","1,329.00","1,364.10","4,509,751"
"11-Dec-2023","1,370.10","1,383.00","1,366.05","1,375.30","2,824,656"
"12-Dec-2023","1,377.00","1,387.00","1,370.00","1,375.30","2,730,422"
"13-Dec-2023","1,379.35","1,382.80","1,357.05","1,369.20","1,896,931"
"14-Dec-2023","1,391.00","1,419.25","1,382.00","1,414.60","5,145,574"
"15-Dec-2023","1,422.00","1,497.00","1,422.00","1,491.30","7,374,290"
"18-Dec-2023","1,489.85","1,509.90","1,481.00","1,504.30","3,075,527"
"19-Dec-2023","1,501.50","1,504.65","1,477.70","1,488.30","2,590,417"
"20-Dec-2023","1,485.00","1,503.05","1,435.00","1,439.95","4,368,383"
"21-Dec-2023","1,421.15","1,447.05","1,420.10","1,422.05","2,841,508"
"22-Dec-2023","1,431.00","1,467.35","1,423.00","1,462.70","2,303,438"
"26-Dec-2023","1,462.70","1,467.35","1,442.15","1,458.15","1,363,265"
"27-Dec-2023","1,465.45","1,476.00","1,457.55","1,472.05","1,402,329"
"28-Dec-2023","1,470.60","1,482.70","1,468.45","1,472.45","1,928,616"
"29-Dec-2023","1,473.95","1,481.85","1,457.55","1,466.10","1,481,617"
"01-Jan-2024","1,460.00","1,495.75","1,455.05","1,483.75","1,222,315"
"02-Jan-2024","1,484.05","1,488.80","1,461.35","1,469.55","1,440,888"
"03-Jan-2024","1,460.00","1,465.00","1,435.50","1,437.75","1,651,716"
"04-Jan-2024","1,437.00","1,444.80","1,417.15","1,419.95","3,392,241"
"05-Jan-2024","1,425.00","1,438.85","1,421.90","1,432.80","1,776,925"
"08-Jan-2024","1,435.00","1,452.60","1,430.55","1,447.90","2,025,264"
"09-Jan-2024","1,460.60","1,480.95","1,452.35","1,460.40","3,119,270"
"10-Jan-2024","1,474.90","1,508.00","1,466.05","1,492.10","4,368,914"
"11-Jan-2024","1,500.00","1,500.00","1,474.00","1,484.80","2,271,368"
"12-Jan-2024","1,505.00","1,555.00","1,498.50","1,540.80","5,862,043"
"15-Jan-2024","1,610.00","1,619.60","1,575.50","1,588.20","9,712,071"
"16-Jan-2024","1,587.00","1,587.00","1,538.00","1,555.45","4,459,799"
"17-Jan-2024","1,520.00","1,585.00","1,516.55","1,575.90","3,846,289"
"18-Jan-2024","1,577.00","1,584.20","1,537.05","1,567.55","3,205,598"
"19-Jan-2024","1,570.00","1,590.00","1,558.05","1,567.95","2,374,099"
"20-Jan-2024","1,580.00","1,580.00","1,537.05","1,544.00","961,332"
"23-Jan-2024","1,558.90","1,567.90","1,517.05","1,523.65","3,196,630"
"24-Jan-2024","1,530.10","1,581.20","1,523.70","1,576.40","2,136,023"
"25-Jan-2024","1,570.00","1,570.00","1,536.75","1,550.25","2,641,656"
"29-Jan-2024","1,565.00","1,588.60","1,550.25","1,574.55","2,521,598"
"30-Jan-2024","1,580.00","1,592.45","1,555.00","1,559.30","1,939,386"
"31-Jan-2024","1,559.30","1,581.30","1,546.35","1,576.00","7,025,931"
"01-Feb-2024","1,576.00","1,597.00","1,566.35","1,577.40","2,845,408"
"02-Feb-2024","1,584.80","1,613.90","1,575.00","1,583.75","2,337,374"
"05-Feb-2024","1,584.95","1,588.50","1,551.45","1,555.35","1,452,864"
"06-Feb-2024","1,566.00","1,627.00","1,558.05","1,623.75","4,988,311"
"07-Feb-2024","1,628.00","1,629.90","1,598.95","1,615.35","3,320,199"
"08-Feb-2024","1,626.00","1,647.70","1,617.30","1,633.80","3,496,692"
"09-Feb-2024","1,640.00","1,646.75","1,614.65","1,630.60","3,341,297"
"12-Feb-2024","1,639.00","1,685.00","1,639.00","1,666.95","4,885,445"
"13-Feb-2024","1,675.00","1,675.00","1,648.60","1,665.60","3,129,897"
"14-Feb-2024","1,649.75","1,676.90","1,625.45","1,671.50","1,386,643"
"15-Feb-2024","1,678.00","1,696.50","1,650.10","1,662.55","2,555,162"
"16-Feb-2024","1,675.00","1,677.00","1,650.05","1,667.45","1,776,881"
"19-Feb-2024","1,670.00","1,682.95","1,659.65","1,675.25","762,624"
"20-Feb-2024","1,661.00","1,672.75","1,645.00","1,663.05","2,240,414"
"21-Feb-2024","1,655.55","1,664.80","1,632.05","1,636.30","2,890,991"
"22-Feb-2024","1,644.00","1,691.40","1,639.00","1,686.40","3,820,901"
"23-Feb-2024","1,697.00","1,697.35","1,663.45","1,665.75","2,191,549"
"26-Feb-2024","1,665.75","1,668.85","1,639.50","1,649.80","1,844,253"
"27-Feb-2024","1,649.00","1,673.40","1,648.00","1,658.80","2,049,420"
"28-Feb-2024","1,664.70","1,672.00","1,644.20","1,651.90","936,575"
"29-Feb-2024","1,642.15","1,677.75","1,636.65","1,663.85","3,532,888"
"01-Mar-2024","1,675.45","1,679.20","1,639.10","1,644.10","2,371,138"
"02-Mar-2024","1,656.00","1,663.00","1,643.00","1,646.30","74,513"
"04-Mar-2024","1,649.00","1,654.00","1,635.00","1,637.95","1,788,071"
"05-Mar-2024","1,624.00","1,629.95","1,607.05","1,619.35","3,339,546"
"06-Mar-2024","1,613.00","1,650.00","1,603.85","1,644.20","2,366,177"
"07-Mar-2024","1,650.00","1,654.55","1,630.10","1,637.65","3,181,239"
"11-Mar-2024","1,655.00","1,659.80","1,632.05","1,638.65","2,970,902"
"12-Mar-2024","1,635.90","1,665.00","1,633.05","1,635.60","2,414,182"
"13-Mar-2024","1,638.75","1,651.25","1,610.35","1,631.50","2,564,135"
"14-Mar-2024","1,634.00","1,683.00","1,610.00","1,679.25","3,513,306"
"15-Mar-2024","1,677.00","1,677.00","1,642.85","1,647.30","3,931,561"
"18-Mar-2024","1,649.90","1,663.30","1,634.25","1,643.40","1,183,544"
"19-Mar-2024","1,641.55","1,641.55","1,594.10","1,599.15","1,915,379"
"20-Mar-2024","1,604.75","1,619.10","1,578.10","1,587.10","1,815,178"
"21-Mar-2024","1,608.00","1,619.95","1,583.35","1,595.80","2,684,744"
"22-Mar-2024","1,560.00","1,571.45","1,508.20","1,557.85","7,468,824"
"26-Mar-2024","1,562.25","1,592.55","1,555.55","1,562.25","4,496,344"
"27-Mar-2024","1,569.00","1,576.85","1,540.00","1,546.20","2,589,697"
"28-Mar-2024","1,549.00","1,561.05","1,531.00","1,543.55","5,301,493"
"01-Apr-2024","1,549.00","1,569.00","1,548.00","1,556.70","1,014,857"
"02-Apr-2024","1,559.00","1,565.00","1,525.10","1,528.30","2,031,775"
"03-Apr-2024","1,525.35","1,558.45","1,518.00","1,535.85","3,343,884"
"04-Apr-2024","1,540.80","1,552.50","1,518.70","1,539.65","3,388,449"
"05-Apr-2024","1,542.45","1,547.70","1,523.80","1,545.25","2,773,570"
"08-Apr-2024","1,554.00","1,554.00","1,537.65","1,540.05","1,820,136"
"09-Apr-2024","1,540.00","1,561.80","1,534.55","1,540.50","2,432,095"
"10-Apr-2024","1,541.05","1,552.15","1,536.20","1,539.15","1,829,986"
"12-Apr-2024","1,537.00","1,542.95","1,516.20","1,521.50","4,319,991"
"15-Apr-2024","1,507.10","1,530.50","1,494.00","1,505.05","3,295,684"
"16-Apr-2024","1,486.35","1,501.60","1,467.30","1,477.30","2,446,933"
"18-Apr-2024","1,477.05","1,480.90","1,452.10","1,466.85","5,180,223"
"19-Apr-2024","1,442.00","1,455.50","1,435.00","1,447.50","5,219,506"
"22-Apr-2024","1,452.20","1,473.30","1,450.50","1,465.90","1,939,632"
"23-Apr-2024","1,474.90","1,501.45","1,471.10","1,486.65","2,783,858"
"24-Apr-2024","1,490.00","1,496.95","1,476.30","1,479.25","1,321,471"
"25-Apr-2024","1,479.95","1,515.05","1,479.95","1,504.15","4,558,032"
"26-Apr-2024","1,516.85","1,531.45","1,464.95","1,473.85","4,328,477"
"29-Apr-2024","1,415.00","1,436.00","1,381.00","1,387.40","11,493,223"
"30-Apr-2024","1,376.40","1,397.90","1,362.45","1,366.60","7,606,726"
"02-May-2024","1,358.00","1,377.90","1,358.00","1,360.70","6,555,505"
"03-May-2024","1,370.00","1,370.00","1,333.55","1,348.05","5,964,228"
"06-May-2024","1,358.00","1,365.00","1,348.50","1,358.80","2,504,082"
"07-May-2024","1,347.95","1,348.90","1,326.15","1,330.95","5,096,525"
"08-May-2024","1,330.95","1,334.00","1,307.30","1,313.65","6,832,455"
"09-May-2024","1,315.00","1,339.00","1,314.50","1,320.05","5,653,762"
"10-May-2024","1,320.10","1,322.90","1,303.60","1,316.20","3,357,203"
"13-May-2024","1,316.20","1,321.90","1,301.65","1,312.90","2,316,566"
"14-May-2024","1,322.00","1,326.95","1,308.70","1,321.05","3,200,462"
"15-May-2024","1,319.25","1,340.30","1,318.25","1,332.90","2,975,965"
"16-May-2024","1,345.00","1,357.80","1,328.50","1,348.15","5,055,915"
"17-May-2024","1,351.00","1,351.00","1,330.20","1,333.20","2,487,831"
"18-May-2024","1,335.05","1,340.00","1,333.05","1,338.90","107,491"
"21-May-2024","1,314.00","1,349.85","1,314.00","1,341.90","4,966,721"
"22-May-2024","1,348.95","1,352.90","1,340.00","1,343.05","2,390,777"
"23-May-2024","1,346.65","1,358.45","1,338.00","1,353.55","3,326,149"
"24-May-2024","1,360.00","1,360.00","1,340.85","1,345.20","1,769,966"
"27-May-2024","1,351.00","1,359.60","1,338.00","1,353.30","1,942,325"
"28-May-2024","1,357.85","1,363.30","1,345.60","1,358.40","2,147,233"
"29-May-2024","1,366.00","1,366.60","1,346.95","1,353.10","3,845,920"
"30-May-2024","1,346.00","1,351.55","1,325.10","1,331.85","4,150,461"
"31-May-2024","1,331.85","1,340.90","1,315.75","1,324.10","10,319,045"
"03-Jun-2024","1,350.55","1,354.75","1,309.85","1,314.45","5,384,064"
"04-Jun-2024","1,325.00","1,325.00","1,235.00","1,303.55","5,447,244"
"05-Jun-2024","1,320.00","1,356.90","1,316.10","1,343.70","3,005,139"
"06-Jun-2024","1,354.00","1,399.80","1,350.90","1,397.50","5,936,709"
"07-Jun-2024","1,407.00","1,438.65","1,398.00","1,431.50","5,884,025"
"10-Jun-2024","1,440.00","1,442.00","1,397.50","1,418.75","3,293,739"
"11-Jun-2024","1,425.00","1,437.95","1,415.40","1,428.80","2,269,082"
"12-Jun-2024","1,472.00","1,472.00","1,434.50","1,438.75","5,990,861"
"13-Jun-2024","1,447.75","1,457.70","1,437.10","1,444.15","4,232,861"
"14-Jun-2024","1,444.15","1,446.00","1,424.40","1,431.05","3,065,114"
"18-Jun-2024","1,431.05","1,439.75","1,427.05","1,437.20","2,223,029"
"19-Jun-2024","1,440.05","1,451.90","1,430.30","1,445.85","3,117,522"
"20-Jun-2024","1,448.95","1,448.95","1,429.55","1,443.45","3,163,919"
"21-Jun-2024","1,462.00","1,481.95","1,439.20","1,447.85","6,489,262"
"24-Jun-2024","1,437.85","1,443.95","1,426.60","1,440.85","1,988,692"
"25-Jun-2024","1,440.95","1,450.10","1,426.45","1,447.95","2,079,037"
"26-Jun-2024","1,447.95","1,453.30","1,438.20","1,443.70","1,917,424"
"27-Jun-2024","1,435.00","1,460.55","1,423.50","1,454.90","6,613,193"
"28-Jun-2024","1,468.00","1,468.70","1,442.00","1,459.60","4,943,575"
"01-Jul-2024","1,465.00","1,478.60","1,455.00","1,468.85","3,723,295"
"02-Jul-2024","1,475.00","1,492.45","1,473.00","1,480.80","3,811,366"
"03-Jul-2024","1,489.00","1,489.00","1,471.20","1,481.00","2,070,876"
"04-Jul-2024","1,485.00","1,534.55","1,485.00","1,522.35","6,822,557"
"05-Jul-2024","1,523.00","1,529.25","1,505.55","1,519.40","3,061,687"
"08-Jul-2024","1,528.00","1,540.00","1,506.20","1,533.40","2,939,620"
"09-Jul-2024","1,533.40","1,546.30","1,525.00","1,531.10","2,658,608"
"10-Jul-2024","1,531.10","1,532.60","1,487.85","1,509.95","3,507,096"
"11-Jul-2024","1,515.00","1,534.00","1,508.05","1,511.90","3,304,053"
"12-Jul-2024","1,530.00","1,566.00","1,510.50","1,560.20","6,430,647"
"15-Jul-2024","1,580.00","1,636.40","1,567.40","1,569.60","10,337,489"
"16-Jul-2024","1,565.00","1,583.00","1,555.00","1,569.55","3,540,661"
"18-Jul-2024","1,558.05","1,599.25","1,557.00","1,594.55","4,399,468"
"19-Jul-2024","1,610.50","1,616.45","1,588.60","1,594.55","5,633,838"
"22-Jul-2024","1,588.60","1,594.50","1,570.90","1,577.10","2,704,495"
"23-Jul-2024","1,574.00","1,600.80","1,551.10","1,598.35","2,907,674"
"24-Jul-2024","1,594.00","1,598.00","1,576.85","1,583.70","2,484,299"
"25-Jul-2024","1,570.00","1,594.00","1,562.85","1,587.60","2,934,731"
"26-Jul-2024","1,602.80","1,640.00","1,594.00","1,635.35","2,814,159"
"29-Jul-2024","1,640.20","1,645.00","1,620.00","1,632.35","1,639,491"
"30-Jul-2024","1,629.00","1,633.00","1,618.00","1,630.25","1,783,877"
"31-Jul-2024","1,621.00","1,645.00","1,619.20","1,642.60","1,984,986"
"01-Aug-2024","1,640.05","1,655.50","1,636.10","1,640.55","1,785,188"
"02-Aug-2024","1,620.05","1,639.00","1,601.15","1,609.30","1,692,851"
"05-Aug-2024","1,575.00","1,595.70","1,537.00","1,562.40","3,279,717"
"06-Aug-2024","1,563.00","1,605.00","1,563.00","1,582.75","2,138,704"
"07-Aug-2024","1,605.00","1,615.00","1,590.00","1,594.60","1,897,787"
"08-Aug-2024","1,597.00","1,602.00","1,554.55","1,557.85","2,373,805"
"09-Aug-2024","1,584.90","1,602.00","1,575.85","1,589.95","2,021,762"
"12-Aug-2024","1,590.00","1,600.50","1,573.85","1,585.25","1,273,739"
"13-Aug-2024","1,578.00","1,608.40","1,577.65","1,592.65","1,973,825"
"14-Aug-2024","1,600.10","1,629.75","1,598.25","1,626.15","3,932,148"
"16-Aug-2024","1,635.00","1,674.00","1,632.70","1,668.25","3,101,056"
"19-Aug-2024","1,665.00","1,685.00","1,659.05","1,678.50","1,631,947"
"20-Aug-2024","1,680.00","1,695.05","1,669.20","1,686.75","2,786,109"
"21-Aug-2024","1,686.00","1,688.85","1,673.75","1,677.25","1,410,370"
"22-Aug-2024","1,687.00","1,687.00","1,673.00","1,676.15","1,749,127"
"23-Aug-2024","1,676.05","1,685.95","1,657.15","1,661.45","2,158,185"
"26-Aug-2024","1,671.00","1,734.00","1,667.10","1,719.45","2,672,708"
"27-Aug-2024","1,725.85","1,756.85","1,705.10","1,711.60","3,556,487"
"28-Aug-2024","1,712.55","1,737.75","1,693.05","1,719.45","2,516,461"
"29-Aug-2024","1,714.00","1,756.00","1,697.25","1,751.85","5,112,407"
"30-Aug-2024","1,751.85","1,766.30","1,742.20","1,753.25","4,792,561"
"02-Sep-2024","1,764.20","1,812.00","1,760.00","1,806.65","4,445,349"
"03-Sep-2024","1,806.00","1,817.15","1,787.05","1,790.45","2,553,290"
"04-Sep-2024","1,765.10","1,795.65","1,765.00","1,785.25","2,644,961"
"05-Sep-2024","1,792.00","1,797.70","1,767.30","1,790.55","2,878,565"
"06-Sep-2024","1,788.00","1,795.75","1,740.05","1,756.10","3,351,716"
"09-Sep-2024","1,758.35","1,766.30","1,741.15","1,746.75","1,418,238"
"10-Sep-2024","1,749.45","1,789.30","1,747.15","1,779.10","2,307,528"
"11-Sep-2024","1,778.20","1,796.85","1,773.70","1,778.75","2,303,930"
"12-Sep-2024","1,800.00","1,814.20","1,777.10","1,807.60","3,349,489"
"13-Sep-2024","1,805.00","1,820.00","1,795.65","1,812.80","1,599,349"
"16-Sep-2024","1,819.00","1,824.25","1,808.20","1,811.85","836,199"
"17-Sep-2024","1,811.95","1,828.00","1,807.20","1,813.75","830,317"
"18-Sep-2024","1,808.10","1,808.10","1,740.10","1,756.50","2,629,136"
"19-Sep-2024","1,776.00","1,776.00","1,721.50","1,736.50","4,167,373"
"20-Sep-2024","1,748.00","1,766.10","1,721.40","1,760.05","4,644,317"
"23-Sep-2024","1,764.00","1,764.00","1,732.50","1,752.80","1,541,597"
"24-Sep-2024","1,750.00","1,783.50","1,738.35","1,775.60","1,907,389"
"25-Sep-2024","1,778.80","1,784.05","1,755.00","1,782.40","2,240,579"
"26-Sep-2024","1,782.25","1,808.40","1,778.90","1,783.85","4,303,250"
"27-Sep-2024","1,810.00","1,828.55","1,796.55","1,808.40","4,099,016"
"30-Sep-2024","1,808.00","1,820.70","1,789.15","1,796.10","2,117,894"
"01-Oct-2024","1,790.00","1,822.45","1,790.00","1,816.50","1,642,542"
"03-Oct-2024","1,778.00","1,809.30","1,770.00","1,778.55","3,552,386"
"04-Oct-2024","1,778.00","1,807.90","1,767.25","1,776.60","2,982,759"
"07-Oct-2024","1,784.95","1,804.20","1,767.90","1,776.95","3,419,048"
"08-Oct-2024","1,774.00","1,794.00","1,743.00","1,789.45","2,353,030"
"09-Oct-2024","1,793.05","1,825.00","1,790.15","1,809.70","2,499,596"
"10-Oct-2024","1,820.00","1,839.95","1,797.00","1,808.65","3,753,869"
"11-Oct-2024","1,804.00","1,852.80","1,800.65","1,839.65","2,977,110"
"14-Oct-2024","1,846.05","1,865.50","1,832.40","1,855.90","1,751,092"
"15-Oct-2024","1,830.00","1,882.75","1,829.95","1,870.10","5,696,544"
"16-Oct-2024","1,869.00","1,885.00","1,854.05","1,865.25","2,144,442"
"17-Oct-2024","1,869.90","1,877.05","1,851.45","1,867.80","2,399,099"
"18-Oct-2024","1,867.00","1,873.90","1,843.00","1,857.70","2,366,406"
"21-Oct-2024","1,875.30","1,888.50","1,840.00","1,843.60","1,284,980"
"22-Oct-2024","1,829.80","1,852.00","1,819.50","1,822.75","2,089,660"
"23-Oct-2024","1,793.50","1,865.00","1,793.50","1,845.75","2,522,186"
"24-Oct-2024","1,845.00","1,862.95","1,837.70","1,844.90","1,621,637"
"25-Oct-2024","1,860.00","1,871.55","1,840.20","1,852.35","4,078,295"
"28-Oct-2024","1,845.10","1,876.80","1,845.10","1,871.75","2,418,907"
"29-Oct-2024","1,871.75","1,875.90","1,851.20","1,871.75","1,719,955"
"30-Oct-2024","1,861.00","1,869.45","1,835.30","1,838.80","1,732,047"
"31-Oct-2024","1,840.00","1,843.90","1,756.55","1,766.05","3,616,088"
"01-Nov-2024","1,777.00","1,781.30","1,751.00","1,757.40","242,223"
"04-Nov-2024","1,763.00","1,782.10","1,745.00","1,762.95","2,843,690"
"05-Nov-2024","1,769.00","1,783.35","1,761.50","1,773.55","1,818,350"
"06-Nov-2024","1,791.10","1,853.00","1,783.00","1,838.40","3,477,029"
"07-Nov-2024","1,850.05","1,862.55","1,814.20","1,831.95","2,173,869"
"08-Nov-2024","1,838.95","1,854.15","1,828.05","1,837.50","1,521,324"
"11-Nov-2024","1,846.70","1,874.00","1,834.00","1,867.30","1,679,869"
"12-Nov-2024","1,891.00","1,892.95","1,864.45","1,872.85","2,711,052"
"13-Nov-2024","1,866.00","1,879.60","1,859.10","1,864.75","1,254,074"
"14-Nov-2024","1,872.00","1,897.00","1,846.35","1,858.95","2,462,563"
"18-Nov-2024","1,858.95","1,865.05","1,815.00","1,835.00","2,483,933"
"19-Nov-2024","1,837.00","1,865.00","1,817.30","1,820.55","2,354,204"
"21-Nov-2024","1,835.00","1,839.55","1,820.20","1,836.35","1,841,245"
"22-Nov-2024","1,846.35","1,902.00","1,836.50","1,898.40","2,765,950"
"25-Nov-2024","1,919.00","1,919.95","1,878.50","1,891.70","6,531,524"
"26-Nov-2024","1,890.10","1,914.95","1,889.15","1,899.55","2,079,873"
"27-Nov-2024","1,896.75","1,917.00","1,887.10","1,891.05","1,631,975"
"28-Nov-2024","1,885.10","1,900.50","1,835.00","1,840.90","3,631,255"
"29-Nov-2024","1,842.00","1,872.30","1,833.95","1,848.05","2,482,280"
"02-Dec-2024","1,848.05","1,878.55","1,835.45","1,871.50","2,014,744"
"03-Dec-2024","1,884.00","1,896.30","1,872.05","1,890.75","2,954,648"
"04-Dec-2024","1,882.00","1,911.00","1,877.60","1,897.65","3,730,643"
"05-Dec-2024","1,885.00","1,938.10","1,884.00","1,924.00","3,881,814"
"06-Dec-2024","1,926.00","1,939.35","1,915.30","1,922.70","2,250,408"
"09-Dec-2024","1,915.00","1,926.05","1,901.00","1,909.90","1,379,520"
"10-Dec-2024","1,916.45","1,942.80","1,912.20","1,936.35","2,695,207"
"11-Dec-2024","1,926.25","1,934.80","1,916.00","1,930.90","1,387,117"
"12-Dec-2024","1,924.95","1,949.00","1,921.50","1,936.20","2,306,173"
"13-Dec-2024","1,939.00","1,975.00","1,912.35","1,968.80","2,569,918"
"16-Dec-2024","1,970.85","1,980.00","1,950.25","1,954.40","1,371,189"
"17-Dec-2024","1,945.30","1,963.20","1,938.00","1,950.60","1,987,909"
"18-Dec-2024","1,949.00","1,971.95","1,946.75","1,960.35","3,460,812"
"19-Dec-2024","1,910.00","1,946.20","1,910.00","1,934.25","1,916,115"
"20-Dec-2024","1,954.60","1,957.65","1,896.40","1,911.35","3,786,921"
"23-Dec-2024","1,918.50","1,939.40","1,899.15","1,903.00","2,058,339"
"24-Dec-2024","1,908.60","1,923.65","1,889.25","1,896.95","1,310,301"
"26-Dec-2024","1,905.60","1,908.90","1,886.30","1,900.75","1,065,107"
"27-Dec-2024","1,900.00","1,902.90","1,882.70","1,892.00","1,328,546"
"30-Dec-2024","1,888.00","1,968.95","1,865.65","1,928.95","6,262,203"
"31-Dec-2024","1,915.20","1,927.80","1,878.55","1,917.40","1,968,650"
"01-Jan-2025","1,917.40","1,936.95","1,907.90","1,911.95","880,695"
"02-Jan-2025","1,911.95","1,976.30","1,910.05","1,972.20","3,487,645"
"03-Jan-2025","1,980.00","1,992.10","1,941.00","1,946.65","2,853,344"
"06-Jan-2025","1,951.25","1,973.40","1,930.00","1,953.05","1,789,037"
"07-Jan-2025","1,960.00","1,981.00","1,908.90","1,915.90","2,494,547"
"08-Jan-2025","1,906.30","1,938.50","1,894.55","1,932.25","2,372,138"
"09-Jan-2025","1,926.80","1,944.45","1,920.00","1,934.80","2,742,139"
"10-Jan-2025","1,936.00","2,002.35","1,935.25","1,995.10","4,802,079"
"13-Jan-2025","1,994.90","2,012.20","1,965.40","1,989.40","5,694,121"
"14-Jan-2025","1,936.10","1,939.00","1,797.75","1,813.55","15,819,311"
"15-Jan-2025","1,836.00","1,843.55","1,812.55","1,825.70","3,350,594"
"16-Jan-2025","1,833.00","1,837.95","1,785.30","1,792.25","5,362,008"
"17-Jan-2025","1,773.00","1,793.10","1,750.05","1,788.90","2,424,374"
"20-Jan-2025","1,790.10","1,799.00","1,762.60","1,796.20","3,401,004"
"21-Jan-2025","1,791.40","1,820.75","1,791.40","1,802.40","4,005,357"
"22-Jan-2025","1,808.20","1,831.45","1,804.05","1,827.70","3,009,261"
"23-Jan-2025","1,817.05","1,828.95","1,804.20","1,807.00","3,750,930"
"24-Jan-2025","1,800.00","1,829.40","1,791.10","1,792.85","3,171,259"
"27-Jan-2025","1,775.00","1,779.75","1,707.30","1,711.95","4,174,844"
"28-Jan-2025","1,711.95","1,730.50","1,691.00","1,693.25","5,079,829"
"29-Jan-2025","1,696.00","1,724.10","1,696.00","1,719.00","3,733,620"
"30-Jan-2025","1,722.00","1,732.95","1,697.85","1,713.10","2,543,744"
"31-Jan-2025","1,709.05","1,738.20","1,709.05","1,725.45","2,033,832"
"01-Feb-2025","1,726.00","1,731.95","1,688.00","1,694.00","569,018"
"03-Feb-2025","1,665.00","1,700.60","1,661.50","1,692.00","2,659,929"
"04-Feb-2025","1,695.10","1,735.90","1,692.05","1,732.55","3,647,768"
"05-Feb-2025","1,730.00","1,746.80","1,710.00","1,712.85","2,681,942"
"06-Feb-2025","1,723.85","1,728.45","1,712.85","1,723.50","2,057,798"
"07-Feb-2025","1,723.15","1,731.00","1,700.65","1,725.65","2,428,098"
"10-Feb-2025","1,723.95","1,740.00","1,712.10","1,733.85","1,823,071"
"11-Feb-2025","1,742.80","1,749.00","1,715.00","1,723.20","1,702,553"
"12-Feb-2025","1,723.90","1,742.40","1,699.15","1,717.30","2,214,307"
"13-Feb-2025","1,712.00","1,729.95","1,700.25","1,703.10","1,838,463"
"14-Feb-2025","1,711.00","1,723.40","1,699.95","1,711.25","1,460,459"
"17-Feb-2025","1,711.25","1,720.15","1,694.10","1,709.90","1,127,023"
"18-Feb-2025","1,706.00","1,728.50","1,701.25","1,725.50","1,511,900"
"19-Feb-2025","1,723.20","1,731.60","1,703.45","1,712.30","1,294,110"
"20-Feb-2025","1,705.20","1,714.55","1,683.55","1,687.55","1,681,532"
"21-Feb-2025","1,690.00","1,704.15","1,685.15","1,700.70","1,222,563"
"24-Feb-2025","1,685.00","1,690.00","1,637.60","1,644.05","4,455,420"
"25-Feb-2025","1,636.00","1,651.95","1,631.25","1,636.10","1,951,519"
"27-Feb-2025","1,620.00","1,660.00","1,615.20","1,629.20","2,266,866"
"28-Feb-2025","1,612.00","1,614.95","1,562.45","1,575.05","4,910,121"
"03-Mar-2025","1,575.05","1,603.40","1,568.45","1,572.40","1,784,684"
"04-Mar-2025","1,560.00","1,560.00","1,523.00","1,535.50","3,246,644"
"05-Mar-2025","1,532.00","1,581.40","1,531.05","1,572.95","3,112,003"
"06-Mar-2025","1,580.00","1,594.70","1,575.15","1,585.45","2,011,489"
"07-Mar-2025","1,582.65","1,587.00","1,555.60","1,557.95","2,091,986"
"10-Mar-2025","1,557.00","1,572.45","1,547.00","1,549.30","1,855,766"
"11-Mar-2025","1,529.95","1,573.95","1,522.60","1,567.85","1,846,190"
"12-Mar-2025","1,556.00","1,565.00","1,507.10","1,540.60","3,113,860"
"13-Mar-2025","1,540.60","1,547.95","1,529.15","1,534.75","1,983,351"
"17-Mar-2025","1,528.00","1,547.55","1,519.05","1,545.15","2,029,100"
"18-Mar-2025","1,545.15","1,560.95","1,530.65","1,558.20","2,930,865"
"19-Mar-2025","1,558.50","1,561.35","1,525.10","1,544.45","4,522,829"
"20-Mar-2025","1,547.85","1,582.10","1,547.05","1,562.00","4,608,677"
"21-Mar-2025","1,535.10","1,592.05","1,521.50","1,566.70","8,109,210"
"24-Mar-2025","1,591.00","1,610.90","1,560.00","1,604.15","2,487,843"
"25-Mar-2025","1,622.00","1,658.95","1,618.95","1,624.90","4,906,013"
"26-Mar-2025","1,624.90","1,644.95","1,622.00","1,633.40","3,096,513"
"27-Mar-2025","1,625.65","1,645.00","1,613.55","1,630.15","3,383,080"
"28-Mar-2025","1,616.10","1,625.55","1,581.60","1,592.50","2,211,077"
"01-Apr-2025","1,577.00","1,585.00","1,526.10","1,530.35","4,126,827"
"02-Apr-2025","1,515.00","1,538.55","1,506.40","1,527.55","3,167,863"
"03-Apr-2025","1,500.00","1,500.00","1,465.00","1,470.10","3,966,161"
"04-Apr-2025","1,449.00","1,456.20","1,419.10","1,422.10","4,421,312"
"07-Apr-2025","1,345.00","1,383.75","1,302.75","1,374.10","6,484,139"
"08-Apr-2025","1,380.00","1,424.25","1,372.00","1,403.35","3,938,359"
"09-Apr-2025","1,380.65","1,388.70","1,357.05","1,380.00","3,306,801"
"11-Apr-2025","1,360.00","1,425.00","1,360.00","1,390.55","4,859,622"
"15-Apr-2025","1,420.00","1,428.80","1,406.00","1,426.50","3,265,147"
"16-Apr-2025","1,415.00","1,436.10","1,405.50","1,431.70","2,553,111"
"17-Apr-2025","1,420.00","1,442.10","1,384.00","1,438.00","3,549,969"
"21-Apr-2025","1,435.00","1,499.00","1,430.00","1,482.00","2,840,104"
"22-Apr-2025","1,490.00","1,499.90","1,464.50","1,479.90","2,608,145"
"23-Apr-2025","1,555.00","1,600.00","1,543.70","1,594.00","13,293,318"
"24-Apr-2025","1,595.00","1,603.30","1,576.10","1,586.70","3,193,118"
"25-Apr-2025","1,590.00","1,618.00","1,568.10","1,578.20","3,800,415"
"28-Apr-2025","1,565.00","1,569.40","1,537.10","1,549.30","2,618,810"
"29-Apr-2025","1,555.00","1,580.80","1,548.10","1,569.00","2,231,069"
"30-Apr-2025","1,571.00","1,587.90","1,554.00","1,567.50","3,682,256"
"02-May-2025","1,567.00","1,581.00","1,557.10","1,576.50","1,895,904"
"05-May-2025","1,580.00","1,597.70","1,563.30","1,568.60","1,012,225"
"06-May-2025","1,576.80","1,583.80","1,565.10","1,579.10","2,055,057"
"07-May-2025","1,552.00","1,578.40","1,545.00","1,563.30","5,469,936"
"08-May-2025","1,561.90","1,598.00","1,555.80","1,580.70","2,789,018"
"09-May-2025","1,566.00","1,577.70","1,557.30","1,569.40","2,035,161"
"12-May-2025","1,598.80","1,675.00","1,594.00","1,670.30","4,028,207"
"13-May-2025","1,685.00","1,688.10","1,615.20","1,619.60","3,118,470"
"14-May-2025","1,630.00","1,642.30","1,617.00","1,637.70","1,569,126"
"15-May-2025","1,650.00","1,702.60","1,625.00","1,696.00","4,961,582"
"16-May-2025","1,691.90","1,693.50","1,658.00","1,659.90","2,586,263"
"19-May-2025","1,661.00","1,664.00","1,638.10","1,649.60","1,642,018"
"20-May-2025","1,660.80","1,666.00","1,636.40","1,638.30","2,421,580"
"21-May-2025","1,645.00","1,657.50","1,628.40","1,652.00","1,420,835"
"22-May-2025","1,638.40","1,640.70","1,614.00","1,633.00","2,202,093"
"23-May-2025","1,633.00","1,670.80","1,622.50","1,648.20","1,459,454"
"26-May-2025","1,652.40","1,675.80","1,645.60","1,673.60","1,078,813"
"27-May-2025","1,673.80","1,675.50","1,641.50","1,652.10","2,740,015"
"28-May-2025","1,664.00","1,666.80","1,647.00","1,657.30","1,775,441"
"29-May-2025","1,670.00","1,675.50","1,655.60","1,664.70","2,374,051"
"30-May-2025","1,664.70","1,664.70","1,627.30","1,636.60","4,408,910"
"02-Jun-2025","1,625.10","1,635.20","1,605.70","1,631.50","1,883,100"
"03-Jun-2025","1,646.90","1,651.70","1,617.00","1,630.40","2,380,133"
"04-Jun-2025","1,631.00","1,644.60","1,622.20","1,626.10","1,659,720"
"05-Jun-2025","1,634.90","1,653.90","1,624.60","1,632.40","1,409,322"
"06-Jun-2025","1,631.20","1,639.80","1,622.00","1,637.70","1,261,281"
"09-Jun-2025","1,648.00","1,658.00","1,639.00","1,648.30","1,299,786"
"10-Jun-2025","1,653.30","1,684.90","1,649.00","1,668.10","3,055,223"
"11-Jun-2025","1,676.00","1,725.40","1,666.00","1,721.90","5,085,821"
"12-Jun-2025","1,725.00","1,726.00","1,695.00","1,701.20","3,607,962"
"13-Jun-2025","1,666.00","1,711.00","1,664.60","1,695.30","1,988,422"
"16-Jun-2025","1,692.00","1,729.40","1,683.40","1,723.00","2,116,100"
"17-Jun-2025","1,728.00","1,738.80","1,720.00","1,729.60","1,777,245"
"18-Jun-2025","1,727.90","1,745.00","1,710.00","1,715.90","1,794,428"
"19-Jun-2025","1,719.70","1,719.70","1,697.20","1,713.90","2,514,527"
"20-Jun-2025","1,713.90","1,742.60","1,709.10","1,739.90","2,719,770"
"23-Jun-2025","1,729.20","1,729.80","1,699.20","1,703.20","2,221,446"
"24-Jun-2025","1,719.90","1,732.60","1,689.20","1,691.80","3,601,071"
"25-Jun-2025","1,702.00","1,720.70","1,701.00","1,717.10","1,307,518"
"26-Jun-2025","1,710.00","1,726.90","1,702.70","1,724.10","2,971,055"
"27-Jun-2025","1,735.00","1,752.50","1,710.80","1,723.30","6,478,283"
"30-Jun-2025","1,725.00","1,734.80","1,713.30","1,728.60","1,855,229"
"01-Jul-2025","1,728.60","1,745.00","1,714.00","1,718.30","1,639,826"
"02-Jul-2025","1,722.00","1,738.50","1,711.00","1,718.60","2,069,447"
"03-Jul-2025","1,716.00","1,730.50","1,706.50","1,711.90","1,839,063"
"04-Jul-2025","1,715.00","1,729.00","1,706.20","1,725.90","768,500"
"07-Jul-2025","1,725.50","1,725.50","1,703.30","1,710.40","1,366,412"
"08-Jul-2025","1,700.00","1,718.90","1,687.50","1,708.10","2,139,193"
"09-Jul-2025","1,710.00","1,714.30","1,671.00","1,674.00","2,894,808"
"10-Jul-2025","1,675.00","1,679.90","1,649.00","1,663.70","2,740,853"
"11-Jul-2025","1,643.20","1,655.50","1,630.00","1,638.30","2,548,153"
"14-Jul-2025","1,640.00","1,642.40","1,607.00","1,619.80","3,334,703"
"15-Jul-2025","1,590.00","1,621.40","1,550.00","1,566.40","14,685,607"
"16-Jul-2025","1,566.40","1,574.00","1,560.00","1,562.80","5,218,099"
"17-Jul-2025","1,563.60","1,566.80","1,542.40","1,543.90","4,966,082"
"18-Jul-2025","1,544.00","1,550.00","1,530.00","1,548.80","3,902,458"
"21-Jul-2025","1,548.80","1,550.70","1,526.00","1,530.40","3,368,842"
"22-Jul-2025","1,533.10","1,539.80","1,518.30","1,520.10","3,218,227"
"23-Jul-2025","1,524.10","1,536.00","1,518.00","1,529.80","3,471,536"
"24-Jul-2025","1,530.00","1,537.90","1,501.60","1,507.20","4,654,421"
"25-Jul-2025","1,501.10","1,512.20","1,486.60","1,490.10","2,733,655"
"28-Jul-2025","1,490.10","1,494.20","1,463.50","1,466.10","4,404,841"
"29-Jul-2025","1,466.10","1,477.50","1,461.00","1,472.40","6,223,556"
"30-Jul-2025","1,480.50","1,484.30","1,468.80","1,476.50","1,642,426"
"31-Jul-2025","1,465.00","1,482.70","1,459.50","1,467.90","2,306,285"
"01-Aug-2025","1,465.00","1,466.90","1,450.00","1,452.10","2,152,783"
"04-Aug-2025","1,452.10","1,475.40","1,440.60","1,474.40","2,384,774"
"05-Aug-2025","1,479.90","1,485.40","1,471.20","1,482.70","2,614,394"
"06-Aug-2025","1,480.90","1,483.70","1,456.40","1,463.20","1,735,697"
"07-Aug-2025","1,458.00","1,479.20","1,451.00","1,475.50","1,495,363"
"08-Aug-2025","1,474.80","1,482.20","1,459.00","1,475.70","2,815,614"
"11-Aug-2025","1,475.00","1,531.00","1,465.60","1,488.00","2,374,556"
"12-Aug-2025","1,490.00","1,509.90","1,489.00","1,499.10","3,422,656"
"13-Aug-2025","1,500.00","1,507.50","1,489.00","1,501.10","2,916,128"
"14-Aug-2025","1,501.00","1,516.20","1,485.80","1,489.80","4,227,538"
"18-Aug-2025","1,498.10","1,501.90","1,475.90","1,485.00","2,795,155"
"19-Aug-2025","1,476.30","1,482.60","1,469.20","1,476.10","2,515,817"
"20-Aug-2025","1,468.00","1,500.30","1,458.00","1,496.00","10,219,330"
"21-Aug-2025","1,500.00","1,505.00","1,486.10","1,493.50","2,157,601"
"22-Aug-2025","1,489.60","1,491.50","1,464.00","1,466.30","2,802,805"
"25-Aug-2025","1,480.00","1,509.70","1,476.20","1,504.20","2,764,914"
"26-Aug-2025","1,501.90","1,506.50","1,485.00","1,492.80","4,092,265"
"28-Aug-2025","1,488.00","1,488.00","1,446.00","1,449.80","4,367,902"
"29-Aug-2025","1,449.80","1,462.60","1,439.20","1,454.80","3,404,604"
"01-Sep-2025","1,446.00","1,472.50","1,446.00","1,468.40","2,105,254"
"02-Sep-2025","1,469.00","1,477.40","1,459.70","1,465.70","1,295,198"
"03-Sep-2025","1,475.00","1,475.00","1,452.60","1,466.10","1,800,307"
"04-Sep-2025","1,465.10","1,465.90","1,440.90","1,443.30","2,192,155"
"05-Sep-2025","1,448.00","1,452.30","1,402.80","1,419.00","3,895,199"
"08-Sep-2025","1,423.90","1,428.60","1,401.00","1,403.00","2,929,976"
"09-Sep-2025","1,410.20","1,431.80","1,409.10","1,427.10","2,906,889"
"10-Sep-2025","1,434.90","1,471.90","1,432.10","1,463.90","3,205,017"
"11-Sep-2025","1,463.90","1,470.40","1,458.30","1,467.70","1,982,922"
"12-Sep-2025","1,475.00","1,480.00","1,463.00","1,467.20","2,110,883"
"15-Sep-2025","1,467.20","1,468.30","1,452.00","1,466.50","1,725,617"
"16-Sep-2025","1,463.90","1,485.20","1,461.10","1,483.10","1,724,524"
"17-Sep-2025","1,490.80","1,499.00","1,475.30","1,481.50","2,656,774"
"18-Sep-2025","1,492.60","1,502.90","1,486.10","1,493.80","2,792,406"
"19-Sep-2025","1,493.80","1,493.80","1,464.00","1,467.40","3,197,957"
"22-Sep-2025","1,423.00","1,449.20","1,415.00","1,439.90","4,457,129"
"23-Sep-2025","1,444.20","1,444.20","1,420.40","1,429.80","3,106,480"
"24-Sep-2025","1,425.10","1,444.70","1,420.00","1,442.30","2,894,044"
"25-Sep-2025","1,440.20","1,442.50","1,416.00","1,423.80","2,713,246"
"26-Sep-2025","1,420.00","1,426.50","1,392.00","1,395.30","2,568,054"
"29-Sep-2025","1,397.10","1,402.60","1,383.00","1,387.40","2,990,852"
"30-Sep-2025","1,392.10","1,405.00","1,381.90","1,385.10","2,782,077"
"01-Oct-2025","1,386.10","1,396.80","1,382.00","1,389.50","2,253,527"
"03-Oct-2025","1,396.50","1,399.80","1,380.40","1,393.50","2,793,839"
"06-Oct-2025","1,393.50","1,421.00","1,390.80","1,417.70","1,970,901"
"07-Oct-2025","1,422.00","1,441.90","1,417.20","1,433.40","1,592,836"
"08-Oct-2025","1,433.20","1,458.70","1,427.20","1,453.20","1,735,807"
"09-Oct-2025","1,453.20","1,491.10","1,452.50","1,486.50","2,681,316"
"10-Oct-2025","1,491.00","1,498.50","1,473.90","1,495.50","2,129,445"
"13-Oct-2025","1,490.00","1,502.20","1,476.50","1,494.70","1,820,492"
"14-Oct-2025","1,515.40","1,535.00","1,490.20","1,495.40","5,802,489"
"15-Oct-2025","1,497.90","1,509.40","1,486.10","1,495.70","1,710,696"
"16-Oct-2025","1,499.90","1,519.90","1,498.00","1,515.00","2,021,043"
"17-Oct-2025","1,499.00","1,501.30","1,479.20","1,486.20","3,210,161"
"20-Oct-2025","1,489.90","1,509.90","1,489.10","1,495.40","2,354,881"
"21-Oct-2025","1,502.70","1,503.00","1,481.00","1,486.00","274,400"
"23-Oct-2025","1,510.00","1,547.50","1,505.50","1,523.90","5,011,470"
"24-Oct-2025","1,525.00","1,532.60","1,516.40","1,523.80","1,491,451"
"27-Oct-2025","1,531.40","1,549.50","1,526.80","1,533.50","1,394,846"
"28-Oct-2025","1,535.00","1,542.00","1,512.00","1,522.10","1,936,466"
"29-Oct-2025","1,530.00","1,559.00","1,522.00","1,557.30","2,596,355"
"30-Oct-2025","1,557.70","1,559.90","1,538.10","1,549.80","2,183,395"
"31-Oct-2025","1,549.80","1,558.20","1,537.60","1,541.50","1,723,467"
"03-Nov-2025","1,540.10","1,549.70","1,528.20","1,543.50","2,252,136"
"04-Nov-2025","1,536.40","1,541.90","1,525.00","1,529.10","1,666,863"
"06-Nov-2025","1,529.10","1,531.90","1,514.30","1,526.40","2,474,769"
"07-Nov-2025","1,515.10","1,518.80","1,490.50","1,512.40","2,238,714"
"10-Nov-2025","1,518.00","1,544.90","1,511.40","1,540.50","1,558,896"
"11-Nov-2025","1,547.80","1,572.50","1,541.20","1,570.00","2,270,763"
"12-Nov-2025","1,575.00","1,600.00","1,573.50","1,594.00","2,331,564"
"13-Nov-2025","1,599.40","1,605.00","1,580.00","1,598.50","1,944,022"
"14-Nov-2025","1,590.00","1,598.00","1,574.10","1,594.60","2,543,918"
"17-Nov-2025","1,594.00","1,607.70","1,585.50","1,606.40","2,000,978"
"18-Nov-2025","1,604.00","1,604.00","1,590.10","1,595.20","1,640,123"
"19-Nov-2025","1,595.30","1,669.50","1,588.60","1,662.60","6,342,672"
"20-Nov-2025","1,662.60","1,668.40","1,642.60","1,645.40","2,724,035"
"21-Nov-2025","1,636.00","1,643.50","1,606.00","1,608.00","2,958,835"
"24-Nov-2025","1,614.30","1,640.00","1,602.90","1,610.40","6,392,688"
"25-Nov-2025","1,618.30","1,618.90","1,592.60","1,601.10","2,285,950"
"26-Nov-2025","1,601.10","1,627.50","1,601.10","1,617.90","1,243,303"
"27-Nov-2025","1,619.10","1,633.20","1,614.00","1,629.00","2,106,176"
"28-Nov-2025","1,629.00","1,636.90","1,619.00","1,624.20","1,841,289"
"01-Dec-2025","1,630.00","1,646.50","1,628.00","1,642.90","2,034,350"
"02-Dec-2025","1,651.00","1,652.90","1,624.00","1,635.50","2,326,220"
"03-Dec-2025","1,635.50","1,654.60","1,628.80","1,640.50","2,371,611"
"04-Dec-2025","1,650.00","1,672.00","1,645.10","1,654.60","3,935,708"
"05-Dec-2025","1,662.70","1,691.00","1,651.00","1,683.00","3,391,204"
"08-Dec-2025","1,683.00","1,695.40","1,676.90","1,688.60","2,702,407"
"09-Dec-2025","1,687.00","1,687.00","1,656.40","1,657.60","2,817,704"
"10-Dec-2025","1,663.30","1,671.00","1,657.00","1,666.00","1,482,249"
"11-Dec-2025","1,667.50","1,677.40","1,649.00","1,672.40","1,408,684"
"12-Dec-2025","1,677.40","1,677.90","1,660.00","1,673.20","1,284,337"
"15-Dec-2025","1,673.20","1,688.00","1,660.00","1,684.00","1,689,723"
"16-Dec-2025","1,681.00","1,682.00","1,645.40","1,651.70","1,929,309"
"17-Dec-2025","1,651.00","1,664.50","1,646.30","1,655.00","1,394,918"
"18-Dec-2025","1,657.00","1,673.90","1,651.20","1,661.40","1,822,056"
"19-Dec-2025","1,675.00","1,681.00","1,632.50","1,642.40","3,487,150"
"22-Dec-2025","1,651.90","1,673.50","1,644.00","1,670.30","1,339,691"
"23-Dec-2025","1,675.10","1,686.90","1,656.20","1,679.90","1,614,314"
"24-Dec-2025","1,676.00","1,680.00","1,665.10","1,674.70","989,858"
"26-Dec-2025","1,668.00","1,676.40","1,650.50","1,660.90","921,138"
"29-Dec-2025","1,659.70","1,660.80","1,625.40","1,630.80","1,516,288"
"30-Dec-2025","1,630.80","1,635.70","1,611.10","1,615.20","3,323,273"
"31-Dec-2025","1,624.50","1,631.70","1,616.80","1,623.30","1,359,963"
"26-Feb-2026","1,391.00","1,405.00","1,368.00","1,373.00","2,081,525"
