"Date","Open","High","Low","Close","Volume"
"01-Jan-2019","715.00","721.45","715.00","719.10","815,535"
"02-Jan-2019","719.15","729.70","709.25","712.05","2,576,769"
"03-Jan-2019","715.05","716.00","685.25","691.25","3,558,015"
"04-Jan-2019","694.45","697.05","672.50","681.10","3,926,171"
"07-Jan-2019","685.00","690.85","682.55","687.50","1,885,000"
"08-Jan-2019","688.00","692.40","685.20","689.85","1,300,906"
"09-Jan-2019","694.20","701.40","684.00","693.70","2,183,998"
"10-Jan-2019","695.00","696.95","689.15","694.55","1,454,656"
"11-Jan-2019","694.00","701.25","687.00","699.20","1,849,817"
"14-Jan-2019","703.00","703.10","676.90","679.85","1,558,602"
"15-Jan-2019","682.95","710.80","682.05","706.25","2,491,520"
"16-Jan-2019","705.00","705.00","697.00","699.90","1,922,647"
"17-Jan-2019","699.50","709.10","696.00","705.55","1,434,040"
"18-Jan-2019","705.00","714.20","702.35","709.15","1,888,004"
"21-Jan-2019","710.35","721.40","709.00","713.90","2,586,962"
"22-Jan-2019","714.00","720.00","701.80","714.20","2,839,669"
"23-Jan-2019","714.00","725.90","711.00","720.70","1,965,283"
"24-Jan-2019","724.00","730.00","716.50","727.75","1,849,102"
"25-Jan-2019","732.00","735.20","724.00","729.05","2,528,541"
"28-Jan-2019","732.20","738.00","721.15","735.15","1,804,582"
"29-Jan-2019","735.20","742.40","721.40","731.50","3,100,457"
"30-Jan-2019","732.00","733.40","711.75","714.60","2,139,900"
"31-Jan-2019","718.00","736.70","718.00","731.90","3,253,640"
"01-Feb-2019","732.95","750.60","728.00","746.60","2,260,029"
"04-Feb-2019","749.00","752.25","736.60","749.15","1,518,373"
"05-Feb-2019","752.00","760.00","740.20","751.00","2,446,263"
"06-Feb-2019","784.00","814.50","774.00","811.35","14,860,848"
"07-Feb-2019","809.00","816.20","798.10","805.00","4,966,655"
"08-Feb-2019","800.00","818.00","800.00","805.55","5,242,725"
"11-Feb-2019","809.00","813.90","804.00","809.40","2,541,742"
"12-Feb-2019","809.90","814.90","796.45","805.15","2,416,559"
"13-Feb-2019","805.00","811.10","797.80","809.70","2,032,331"
"14-Feb-2019","805.80","811.75","800.40","805.90","2,464,657"
"15-Feb-2019","804.80","804.80","777.25","799.65","4,312,334"
"18-Feb-2019","815.00","822.00","800.50","803.45","3,851,335"
"19-Feb-2019","807.00","809.00","788.85","791.00","2,372,030"
"20-Feb-2019","794.05","816.25","785.25","812.40","3,340,240"
"21-Feb-2019","814.00","840.00","809.10","820.65","14,193,982"
"22-Feb-2019","824.90","829.75","818.10","826.00","4,789,937"
"25-Feb-2019","830.20","832.90","822.50","830.65","2,881,535"
"26-Feb-2019","825.00","838.40","820.60","833.30","3,319,590"
"27-Feb-2019","836.40","837.95","820.60","825.60","3,703,224"
"28-Feb-2019","833.00","838.40","825.00","830.15","6,409,662"
"01-Mar-2019","831.00","836.50","829.10","831.80","3,820,707"
"05-Mar-2019","822.50","824.70","808.05","810.00","4,927,644"
"06-Mar-2019","812.00","829.70","812.00","823.55","3,999,053"
"07-Mar-2019","823.55","825.45","806.25","808.25","2,306,250"
"08-Mar-2019","810.20","813.50","802.60","811.35","1,437,045"
"11-Mar-2019","812.00","814.40","803.00","807.15","2,699,806"
"12-Mar-2019","811.00","813.75","801.15","804.70","2,793,702"
"13-Mar-2019","808.90","816.00","788.00","789.95","4,815,576"
"14-Mar-2019","792.10","795.00","775.00","788.45","3,112,666"
"15-Mar-2019","794.00","807.50","787.00","799.30","3,854,238"
"18-Mar-2019","804.95","805.70","782.25","788.60","3,379,301"
"19-Mar-2019","793.50","797.45","783.25","794.65","2,413,153"
"20-Mar-2019","797.00","806.20","787.30","789.85","3,331,375"
"22-Mar-2019","794.50","798.00","783.20","788.75","2,815,749"
"25-Mar-2019","792.00","795.45","786.40","789.60","1,861,646"
"26-Mar-2019","790.20","791.90","768.15","770.75","3,169,827"
"27-Mar-2019","771.00","773.00","761.60","764.95","3,893,738"
"28-Mar-2019","770.00","782.00","768.05","771.70","3,908,706"
"29-Mar-2019","778.95","781.95","771.00","775.90","2,455,461"
"01-Apr-2019","782.85","794.80","779.00","785.50","3,433,947"
"02-Apr-2019","790.95","794.00","785.05","792.45","2,596,840"
"03-Apr-2019","792.45","793.35","776.25","777.70","1,467,406"
"04-Apr-2019","777.90","781.75","767.25","774.50","1,751,584"
"05-Apr-2019","779.00","787.10","774.50","777.25","1,367,411"
"08-Apr-2019","779.70","790.00","773.40","787.15","1,368,825"
"09-Apr-2019","790.35","797.70","787.30","789.50","2,128,462"
"10-Apr-2019","786.05","798.95","786.00","790.25","2,497,013"
"11-Apr-2019","790.40","795.75","778.60","780.95","1,854,222"
"12-Apr-2019","779.00","786.35","774.55","785.35","3,162,714"
"15-Apr-2019","785.35","799.40","785.00","797.20","3,317,405"
"16-Apr-2019","799.00","804.70","795.15","798.10","1,868,910"
"18-Apr-2019","804.00","809.00","798.10","800.35","6,307,643"
"22-Apr-2019","800.70","810.80","798.80","805.35","1,833,972"
"23-Apr-2019","806.50","807.95","800.05","804.95","1,214,892"
"24-Apr-2019","807.00","820.00","806.00","818.75","2,710,117"
"25-Apr-2019","820.00","827.00","813.45","816.50","5,447,101"
"26-Apr-2019","816.50","826.85","816.50","823.25","1,996,703"
"30-Apr-2019","825.95","838.00","823.10","836.10","2,783,771"
"02-May-2019","834.90","846.50","829.10","837.00","3,241,791"
"03-May-2019","830.00","834.45","813.00","817.40","2,329,144"
"06-May-2019","810.00","825.50","810.00","820.15","1,247,845"
"07-May-2019","822.00","824.30","809.70","814.65","1,810,222"
"08-May-2019","813.00","814.10","799.60","802.30","1,270,071"
"09-May-2019","801.00","814.75","799.20","809.65","2,024,710"
"10-May-2019","810.40","813.40","800.40","808.40","1,429,055"
"13-May-2019","811.60","825.70","809.20","817.30","3,719,275"
"14-May-2019","818.80","818.80","786.60","790.05","2,701,861"
"15-May-2019","791.00","798.40","785.55","790.30","1,662,095"
"16-May-2019","788.65","794.75","781.35","789.35","1,233,818"
"17-May-2019","793.00","793.00","776.55","784.85","1,608,854"
"20-May-2019","790.00","790.00","763.00","779.35","3,754,370"
"21-May-2019","780.00","784.80","768.10","773.05","1,669,926"
"22-May-2019","758.00","767.35","744.20","749.95","5,888,740"
"23-May-2019","760.00","761.35","740.55","743.30","3,764,857"
"24-May-2019","749.90","749.90","732.05","735.85","3,591,853"
"27-May-2019","737.00","738.00","719.50","726.05","3,672,605"
"28-May-2019","727.00","746.75","727.00","737.15","5,583,587"
"29-May-2019","736.95","748.25","733.65","738.85","2,058,402"
"30-May-2019","741.50","746.00","732.95","735.00","3,367,426"
"31-May-2019","740.00","763.80","738.15","760.35","5,503,111"
"03-Jun-2019","763.90","763.90","749.00","757.60","2,826,290"
"04-Jun-2019","756.30","762.70","746.80","748.30","2,332,547"
"06-Jun-2019","748.30","749.30","733.90","738.00","3,225,967"
"07-Jun-2019","738.10","752.70","729.40","750.75","1,569,343"
"10-Jun-2019","755.45","769.35","754.05","768.20","2,539,412"
"11-Jun-2019","770.00","770.75","759.25","762.10","2,069,998"
"12-Jun-2019","762.00","764.30","743.30","747.95","3,056,823"
"13-Jun-2019","744.00","752.70","738.50","744.10","2,385,606"
"14-Jun-2019","744.00","746.65","735.30","740.25","1,348,083"
"17-Jun-2019","740.00","743.15","734.05","736.55","1,333,739"
"18-Jun-2019","737.90","744.40","736.05","741.55","1,645,116"
"19-Jun-2019","742.00","744.30","729.55","735.60","1,945,921"
"20-Jun-2019","722.00","731.00","717.85","725.55","4,139,025"
"21-Jun-2019","729.00","744.00","726.50","740.45","7,280,809"
"24-Jun-2019","738.00","738.00","727.00","728.25","1,242,655"
"25-Jun-2019","727.00","728.15","720.00","724.35","1,451,025"
"26-Jun-2019","721.30","730.85","716.40","718.10","2,781,711"
"27-Jun-2019","715.50","719.00","691.65","701.95","8,567,309"
"28-Jun-2019","706.90","715.00","704.10","706.60","3,421,172"
"01-Jul-2019","709.70","711.20","702.35","704.65","2,073,961"
"02-Jul-2019","702.05","713.00","700.25","711.65","2,432,132"
"03-Jul-2019","713.00","713.45","698.50","701.10","2,040,614"
"04-Jul-2019","701.40","706.75","697.00","700.60","2,838,357"
"05-Jul-2019","700.50","703.00","678.30","681.10","2,813,644"
"08-Jul-2019","680.00","685.75","665.50","680.35","2,293,102"
"09-Jul-2019","681.00","684.00","668.60","675.90","2,180,104"
"10-Jul-2019","671.05","684.80","668.00","674.85","2,468,773"
"11-Jul-2019","676.70","676.70","658.40","665.70","3,449,721"
"12-Jul-2019","665.00","672.90","663.00","665.80","1,792,810"
"15-Jul-2019","675.00","680.70","665.85","677.90","1,883,164"
"16-Jul-2019","680.00","681.60","670.50","675.95","2,015,642"
"17-Jul-2019","675.95","695.50","673.05","690.80","3,271,680"
"18-Jul-2019","687.35","694.25","680.10","687.20","2,984,256"
"19-Jul-2019","687.20","691.50","664.40","675.05","2,005,513"
"22-Jul-2019","671.00","679.00","670.00","671.95","1,286,218"
"23-Jul-2019","673.25","675.55","665.75","671.20","1,462,269"
"24-Jul-2019","670.35","679.80","651.45","660.45","3,060,459"
"25-Jul-2019","647.80","657.65","641.50","652.50","2,751,865"
"26-Jul-2019","649.70","651.00","641.05","643.50","1,637,706"
"29-Jul-2019","641.00","654.65","641.00","646.30","2,524,484"
"30-Jul-2019","645.00","650.30","633.15","640.25","2,882,913"
"31-Jul-2019","629.00","639.80","607.15","636.25","9,651,731"
"01-Aug-2019","632.05","633.45","619.00","625.65","3,982,949"
"02-Aug-2019","625.00","639.10","618.40","636.15","2,172,845"
"05-Aug-2019","631.15","651.05","625.30","648.05","3,140,140"
"06-Aug-2019","650.10","679.85","650.10","670.60","7,226,321"
"07-Aug-2019","671.80","678.50","670.30","674.45","3,239,880"
"08-Aug-2019","674.00","683.90","665.00","680.20","2,708,834"
"09-Aug-2019","679.00","680.75","659.75","663.35","3,743,407"
"13-Aug-2019","661.10","662.50","636.00","639.15","2,716,622"
"14-Aug-2019","639.05","662.50","638.90","659.10","2,627,043"
"16-Aug-2019","656.90","661.00","646.15","659.00","3,067,796"
"19-Aug-2019","662.00","674.40","661.50","670.35","2,871,173"
"20-Aug-2019","674.00","680.00","664.65","668.90","3,913,608"
"21-Aug-2019","670.00","675.00","669.30","672.80","2,106,655"
"22-Aug-2019","672.65","684.00","668.10","682.75","3,353,812"
"23-Aug-2019","684.25","694.40","679.40","683.85","7,015,461"
"26-Aug-2019","689.80","693.00","670.20","691.15","1,767,289"
"27-Aug-2019","689.85","689.85","673.20","676.35","3,160,545"
"28-Aug-2019","676.00","693.45","676.00","690.20","2,749,273"
"29-Aug-2019","684.15","694.00","681.00","691.15","2,789,979"
"30-Aug-2019","693.00","700.70","675.85","693.65","3,067,856"
"03-Sep-2019","698.00","716.90","698.00","704.50","5,044,667"
"04-Sep-2019","705.00","709.75","692.20","703.25","2,027,768"
"05-Sep-2019","710.00","710.00","691.05","695.45","2,019,839"
"06-Sep-2019","716.35","734.45","716.35","721.75","10,663,234"
"09-Sep-2019","723.00","723.00","710.00","712.90","1,754,023"
"11-Sep-2019","718.00","723.25","701.25","703.70","2,702,792"
"12-Sep-2019","701.10","709.20","694.00","705.55","3,282,740"
"13-Sep-2019","705.25","711.30","701.00","709.50","1,073,430"
"16-Sep-2019","710.10","723.25","710.10","719.45","2,500,556"
"17-Sep-2019","719.90","719.90","699.15","705.95","2,948,429"
"18-Sep-2019","710.00","718.10","701.90","716.75","1,666,369"
"19-Sep-2019","715.70","715.70","700.00","703.35","1,570,183"
"20-Sep-2019","701.30","716.20","696.05","700.85","3,394,351"
"23-Sep-2019","703.00","704.95","675.10","682.80","2,256,769"
"24-Sep-2019","686.05","705.90","683.70","703.85","3,128,057"
"25-Sep-2019","704.05","709.95","698.00","705.90","3,512,690"
"26-Sep-2019","705.45","716.00","701.80","713.70","3,300,104"
"27-Sep-2019","710.00","718.65","702.05","704.30","2,434,719"
"30-Sep-2019","704.50","716.60","696.20","714.50","2,136,186"
"01-Oct-2019","715.00","715.00","700.00","704.95","1,709,480"
"03-Oct-2019","705.25","717.75","692.55","702.50","2,111,319"
"04-Oct-2019","705.00","713.80","702.55","708.15","2,273,166"
"07-Oct-2019","708.15","716.80","700.70","704.80","2,578,403"
"09-Oct-2019","702.80","713.90","701.85","711.05","1,115,851"
"10-Oct-2019","708.05","718.85","703.50","711.30","1,507,268"
"11-Oct-2019","701.30","723.90","697.50","721.45","3,785,425"
"14-Oct-2019","721.00","728.65","717.45","720.75","1,871,571"
"15-Oct-2019","724.00","729.00","719.00","720.50","1,482,881"
"16-Oct-2019","720.10","729.75","717.70","727.70","2,114,943"
"17-Oct-2019","725.00","731.00","715.95","724.35","2,177,984"
"18-Oct-2019","724.45","737.75","722.70","734.20","2,907,649"
"22-Oct-2019","727.40","732.00","714.30","717.65","2,825,230"
"23-Oct-2019","717.65","734.40","716.35","726.60","2,143,330"
"24-Oct-2019","730.00","745.00","724.40","726.35","2,888,332"
"25-Oct-2019","730.90","730.90","701.20","720.95","2,785,014"
"27-Oct-2019","723.00","737.40","718.50","726.75","194,215"
"29-Oct-2019","728.00","763.00","725.10","754.75","3,292,048"
"30-Oct-2019","762.00","764.80","745.55","754.40","2,232,609"
"31-Oct-2019","754.95","759.35","736.60","739.00","4,178,139"
"01-Nov-2019","740.90","764.00","740.00","760.45","4,136,257"
"04-Nov-2019","760.45","777.60","753.45","769.50","4,936,914"
"05-Nov-2019","772.00","775.55","764.80","773.25","3,303,839"
"06-Nov-2019","784.00","784.00","767.60","771.90","9,486,591"
"07-Nov-2019","775.00","775.00","765.05","769.70","2,060,900"
"08-Nov-2019","772.00","777.85","770.30","771.35","2,368,591"
"11-Nov-2019","769.95","774.50","768.05","770.40","1,345,883"
"13-Nov-2019","768.00","773.80","746.00","757.05","2,434,874"
"14-Nov-2019","756.00","763.50","748.30","758.35","2,564,424"
"15-Nov-2019","758.35","763.25","749.30","751.95","1,787,358"
"18-Nov-2019","752.00","758.30","747.50","751.80","2,216,434"
"19-Nov-2019","754.00","766.00","752.00","763.15","2,725,437"
"20-Nov-2019","764.90","773.00","755.95","771.40","2,343,750"
"21-Nov-2019","775.00","780.00","762.80","765.15","2,102,137"
"22-Nov-2019","765.00","765.00","742.80","754.20","1,819,912"
"25-Nov-2019","754.20","765.70","750.85","763.55","1,837,243"
"26-Nov-2019","766.00","767.85","756.30","763.60","2,968,850"
"27-Nov-2019","762.85","769.55","757.35","767.55","1,369,944"
"28-Nov-2019","765.15","772.10","762.00","766.25","1,096,867"
"29-Nov-2019","766.00","772.35","758.40","761.45","1,236,902"
"02-Dec-2019","758.10","759.90","732.30","748.45","4,333,335"
"03-Dec-2019","748.05","756.70","743.30","746.25","1,838,085"
"04-Dec-2019","746.90","761.50","743.55","758.80","1,870,954"
"05-Dec-2019","755.00","766.75","752.10","764.90","2,475,102"
"06-Dec-2019","763.20","771.35","755.55","757.50","1,092,422"
"09-Dec-2019","759.45","759.45","746.50","750.35","1,435,556"
"10-Dec-2019","749.95","749.95","737.30","744.95","1,582,428"
"11-Dec-2019","741.00","760.00","741.00","757.95","1,644,499"
"12-Dec-2019","761.00","766.00","752.50","756.45","1,184,008"
"13-Dec-2019","758.95","763.95","748.25","761.85","2,019,424"
"16-Dec-2019","762.70","784.00","759.00","773.30","5,810,893"
"17-Dec-2019","775.55","782.00","772.60","777.35","2,421,510"
"18-Dec-2019","780.10","794.00","780.10","786.65","5,676,894"
"19-Dec-2019","790.00","790.00","778.10","782.75","2,099,931"
"20-Dec-2019","784.05","787.70","778.00","783.35","2,092,547"
"23-Dec-2019","778.60","787.40","774.95","775.95","1,887,292"
"24-Dec-2019","776.00","777.95","767.60","772.05","1,413,973"
"26-Dec-2019","771.00","779.05","768.05","770.40","1,276,520"
"27-Dec-2019","771.00","781.40","769.10","780.20","1,363,474"
"30-Dec-2019","782.70","784.85","779.10","782.70","1,055,528"
"31-Dec-2019","780.05","780.95","760.00","762.30","3,004,887"
"01-Jan-2020","766.00","766.80","760.35","762.10","746,371"
"02-Jan-2020","762.10","769.15","761.00","766.05","1,133,488"
"03-Jan-2020","766.00","779.90","763.55","775.10","2,121,704"
"06-Jan-2020","774.85","778.80","768.15","770.40","1,734,439"
"07-Jan-2020","770.00","778.50","760.60","777.10","1,937,143"
"08-Jan-2020","770.10","784.90","767.10","769.80","2,596,664"
"09-Jan-2020","770.50","776.45","762.20","773.65","1,678,891"
"10-Jan-2020","779.00","781.90","772.45","776.25","1,105,725"
"13-Jan-2020","779.90","788.70","775.05","785.85","1,393,509"
"14-Jan-2020","785.85","797.80","783.70","796.25","1,628,535"
"15-Jan-2020","796.15","803.65","788.50","795.15","1,759,644"
"16-Jan-2020","793.00","795.70","781.10","782.85","1,110,008"
"17-Jan-2020","783.50","786.75","775.50","778.45","989,312"
"20-Jan-2020","778.50","785.45","774.55","778.20","1,620,105"
"21-Jan-2020","777.25","783.40","775.00","778.90","976,954"
"22-Jan-2020","780.00","790.45","776.20","778.75","1,192,201"
"23-Jan-2020","777.25","780.45","766.90","768.95","2,018,777"
"24-Jan-2020","765.10","788.75","763.30","787.30","2,364,265"
"27-Jan-2020","786.00","796.25","779.65","791.50","1,175,606"
"28-Jan-2020","792.50","795.75","784.60","794.25","1,506,685"
"29-Jan-2020","796.90","807.20","793.55","804.15","2,565,136"
"30-Jan-2020","805.60","807.95","784.00","791.35","2,493,688"
"31-Jan-2020","796.85","802.50","783.00","796.60","3,081,521"
"01-Feb-2020","796.95","812.00","765.70","807.55","6,476,968"
"03-Feb-2020","808.00","818.70","790.50","793.15","3,383,074"
"04-Feb-2020","794.30","813.00","794.30","811.10","1,779,834"
"05-Feb-2020","810.00","816.00","807.00","814.05","1,613,898"
"06-Feb-2020","812.70","825.95","810.05","817.70","1,553,656"
"07-Feb-2020","817.70","825.45","814.25","824.45","1,397,438"
"10-Feb-2020","827.00","827.10","811.50","813.65","1,098,971"
"11-Feb-2020","813.00","821.85","811.05","819.95","1,143,705"
"12-Feb-2020","820.00","826.45","816.80","821.50","1,394,424"
"13-Feb-2020","822.80","830.00","814.35","828.00","1,737,974"
"14-Feb-2020","827.00","838.00","825.05","834.15","2,143,044"
"17-Feb-2020","835.95","837.00","827.45","833.25","793,328"
"18-Feb-2020","825.35","840.00","825.35","838.80","1,507,814"
"19-Feb-2020","839.00","844.85","836.05","840.90","881,874"
"20-Feb-2020","840.15","845.90","826.95","829.60","1,066,232"
"24-Feb-2020","828.95","843.90","815.75","820.10","2,917,544"
"25-Feb-2020","822.00","826.80","809.05","822.10","2,479,975"
"26-Feb-2020","820.00","825.50","808.20","811.45","2,212,784"
"27-Feb-2020","807.00","819.70","800.20","809.15","1,907,768"
"28-Feb-2020","789.80","808.00","732.05","744.40","5,959,364"
"02-Mar-2020","742.00","754.45","734.40","744.55","3,784,522"
"03-Mar-2020","750.00","757.65","742.10","752.30","2,168,900"
"04-Mar-2020","754.00","774.85","748.00","771.30","2,685,540"
"05-Mar-2020","769.95","784.00","752.35","756.10","2,126,955"
"06-Mar-2020","746.10","749.75","731.40","740.40","2,004,893"
"09-Mar-2020","715.00","730.00","696.55","704.80","3,429,034"
"11-Mar-2020","681.00","713.90","666.00","708.55","4,626,235"
"12-Mar-2020","676.00","690.00","637.10","649.85","3,796,969"
"13-Mar-2020","603.25","670.00","525.90","655.95","4,553,639"
"16-Mar-2020","634.80","634.80","591.00","603.40","6,499,358"
"17-Mar-2020","600.00","617.95","583.30","595.45","3,333,751"
"18-Mar-2020","600.00","611.25","570.65","579.65","3,548,532"
"19-Mar-2020","549.65","577.65","523.00","530.00","4,932,164"
"20-Mar-2020","525.10","595.45","525.10","576.35","6,316,078"
"23-Mar-2020","540.00","542.00","471.40","487.20","2,912,769"
"24-Mar-2020","487.00","533.95","487.00","503.50","4,082,147"
"25-Mar-2020","509.00","542.85","507.05","526.70","3,664,272"
"26-Mar-2020","539.35","564.90","513.00","515.20","5,979,874"
"27-Mar-2020","525.00","538.80","498.00","504.10","4,672,189"
"30-Mar-2020","494.00","532.35","485.65","526.80","4,138,338"
"31-Mar-2020","537.00","575.25","527.85","565.50","3,652,957"
"01-Apr-2020","560.00","560.30","510.00","511.20","4,114,437"
"03-Apr-2020","513.75","533.15","510.10","520.90","5,826,215"
"07-Apr-2020","536.50","557.65","535.75","549.85","3,532,484"
"08-Apr-2020","539.95","569.80","537.00","558.90","4,113,059"
"09-Apr-2020","570.00","582.70","537.55","545.25","5,917,546"
"13-Apr-2020","551.00","551.00","521.75","526.85","3,822,647"
"15-Apr-2020","528.00","548.60","528.00","538.65","6,316,300"
"16-Apr-2020","527.00","530.00","508.35","517.65","7,001,494"
"17-Apr-2020","529.10","532.00","500.00","509.85","10,839,905"
"20-Apr-2020","517.95","531.90","512.00","524.85","4,549,099"
"21-Apr-2020","511.00","520.00","505.90","512.95","2,950,307"
"22-Apr-2020","512.00","521.90","507.05","518.30","2,268,503"
"23-Apr-2020","519.00","527.85","509.30","523.70","6,096,448"
"24-Apr-2020","522.00","532.60","502.10","503.45","4,817,932"
"27-Apr-2020","511.70","519.00","506.50","511.70","4,032,708"
"28-Apr-2020","518.00","528.50","515.55","520.40","4,972,775"
"29-Apr-2020","525.95","536.90","522.10","528.70","6,362,006"
"30-Apr-2020","541.00","552.90","532.35","546.25","8,932,244"
"04-May-2020","515.00","519.75","498.00","502.45","14,814,583"
"05-May-2020","506.00","514.00","498.20","499.95","5,717,728"
"06-May-2020","503.75","509.10","490.00","506.85","3,781,586"
"07-May-2020","508.00","525.85","506.35","516.35","6,799,899"
"08-May-2020","526.90","538.60","519.20","536.20","6,016,245"
"11-May-2020","541.50","543.80","527.20","530.20","4,272,574"
"12-May-2020","525.00","539.50","525.00","533.25","5,692,069"
"13-May-2020","542.00","549.75","531.40","544.75","3,296,409"
"14-May-2020","532.40","535.00","513.95","515.70","6,148,509"
"15-May-2020","520.00","520.00","507.40","510.55","3,628,560"
"18-May-2020","511.50","515.00","501.50","504.05","3,283,983"
"19-May-2020","510.00","519.70","503.30","512.60","3,041,594"
"20-May-2020","515.00","524.80","510.70","519.20","2,772,990"
"21-May-2020","519.95","521.50","510.05","520.05","2,540,109"
"22-May-2020","517.10","531.00","515.10","529.65","4,254,552"
"26-May-2020","533.00","540.75","518.85","520.45","2,719,798"
"27-May-2020","521.65","526.00","512.05","523.75","2,265,985"
"28-May-2020","528.00","531.85","517.15","529.70","3,387,687"
"29-May-2020","529.90","535.65","524.45","530.45","4,081,553"
"01-Jun-2020","538.50","554.80","537.05","543.55","4,914,055"
"02-Jun-2020","543.60","548.35","538.00","547.50","3,879,118"
"03-Jun-2020","554.00","565.50","550.00","553.25","4,942,025"
"04-Jun-2020","557.00","585.00","555.65","582.10","10,915,377"
"05-Jun-2020","588.00","593.55","575.00","579.85","6,207,097"
"08-Jun-2020","585.80","599.45","580.10","590.00","4,791,171"
"09-Jun-2020","594.00","605.35","585.00","586.20","5,665,593"
"10-Jun-2020","591.50","596.90","582.50","590.50","3,439,145"
"11-Jun-2020","591.00","591.00","564.75","571.85","3,378,491"
"12-Jun-2020","550.00","561.90","550.00","554.70","3,603,893"
"15-Jun-2020","557.00","560.50","543.40","548.80","3,944,764"
"16-Jun-2020","556.95","556.95","531.15","533.30","4,262,601"
"17-Jun-2020","531.00","545.00","528.40","535.55","6,139,354"
"18-Jun-2020","535.05","540.00","531.00","535.90","2,658,699"
"19-Jun-2020","538.50","542.95","531.90","538.85","5,570,402"
"22-Jun-2020","541.90","553.25","538.30","548.50","4,352,631"
"23-Jun-2020","548.00","560.10","544.55","558.80","4,438,916"
"24-Jun-2020","558.80","566.00","554.40","560.95","3,500,487"
"25-Jun-2020","558.00","565.60","552.05","554.15","2,386,985"
"26-Jun-2020","555.50","574.95","552.60","560.85","5,289,122"
"29-Jun-2020","558.90","558.90","539.20","541.55","3,304,988"
"30-Jun-2020","547.00","548.90","541.55","543.40","2,357,985"
"01-Jul-2020","544.00","547.35","536.05","545.90","3,662,565"
"02-Jul-2020","549.90","562.50","542.50","560.85","5,966,758"
"03-Jul-2020","565.90","572.25","561.05","567.20","4,007,492"
"06-Jul-2020","574.95","588.00","573.05","581.55","4,909,648"
"07-Jul-2020","583.85","592.50","577.10","586.85","5,126,702"
"08-Jul-2020","589.95","593.90","576.10","583.45","3,391,025"
"09-Jul-2020","583.45","587.70","572.05","577.30","2,498,149"
"10-Jul-2020","572.00","572.00","561.35","569.00","3,959,576"
"13-Jul-2020","571.95","601.80","570.50","600.05","11,008,262"
"14-Jul-2020","594.95","603.80","592.55","598.30","5,525,648"
"15-Jul-2020","604.00","630.00","602.00","615.30","11,907,668"
"16-Jul-2020","627.00","638.95","588.10","599.40","13,010,078"
"17-Jul-2020","604.35","604.35","590.20","599.70","3,307,397"
"20-Jul-2020","603.85","625.95","598.50","622.85","5,461,611"
"21-Jul-2020","630.00","631.80","615.35","620.70","4,218,958"
"22-Jul-2020","618.00","626.45","611.55","617.95","2,879,839"
"23-Jul-2020","612.95","634.60","607.00","632.45","5,038,614"
"24-Jul-2020","632.50","655.40","625.25","652.60","12,277,458"
"27-Jul-2020","657.00","671.75","642.80","664.55","11,522,408"
"28-Jul-2020","670.00","702.75","667.00","684.35","23,296,517"
"29-Jul-2020","686.95","695.25","671.00","676.40","5,436,739"
"30-Jul-2020","680.00","687.35","669.55","674.75","5,126,995"
"31-Jul-2020","678.45","685.45","673.50","681.65","3,114,816"
"03-Aug-2020","685.95","686.95","669.55","673.60","3,092,997"
"04-Aug-2020","675.00","676.65","650.20","652.65","5,559,111"
"05-Aug-2020","655.00","661.50","642.55","648.55","5,139,376"
"06-Aug-2020","656.00","666.85","649.15","660.35","8,644,011"
"07-Aug-2020","657.75","668.00","654.40","662.45","3,823,898"
"10-Aug-2020","668.00","687.35","662.70","681.85","5,362,306"
"11-Aug-2020","690.10","693.95","672.10","674.80","4,331,864"
"12-Aug-2020","675.00","694.00","672.65","692.05","4,355,483"
"13-Aug-2020","695.90","705.80","684.30","697.05","7,108,877"
"14-Aug-2020","692.00","711.00","692.00","695.90","6,476,600"
"17-Aug-2020","704.80","724.40","698.65","721.05","7,657,252"
"18-Aug-2020","725.00","728.00","710.20","713.05","4,752,247"
"19-Aug-2020","715.00","729.00","709.00","726.70","6,507,682"
"20-Aug-2020","720.00","732.00","716.20","726.40","6,610,632"
"21-Aug-2020","731.00","736.65","730.00","732.60","4,207,709"
"24-Aug-2020","734.95","734.95","719.25","722.50","2,385,907"
"25-Aug-2020","727.00","740.35","714.35","738.60","4,586,918"
"26-Aug-2020","740.95","741.00","727.00","732.85","3,157,124"
"27-Aug-2020","735.00","746.35","732.45","735.60","3,207,128"
"28-Aug-2020","741.00","758.35","740.00","752.35","4,223,382"
"31-Aug-2020","759.70","774.70","732.10","741.00","7,224,585"
"01-Sep-2020","739.00","752.60","722.70","727.85","3,563,913"
"02-Sep-2020","730.15","745.75","728.15","735.20","3,467,486"
"03-Sep-2020","739.95","762.00","733.10","759.55","4,606,252"
"04-Sep-2020","747.00","758.40","743.55","748.20","2,954,870"
"07-Sep-2020","749.70","751.90","734.05","747.10","3,367,905"
"08-Sep-2020","748.50","769.00","745.00","752.25","5,237,384"
"09-Sep-2020","751.95","759.95","744.70","753.35","3,038,406"
"10-Sep-2020","756.65","758.40","739.30","750.00","3,737,568"
"11-Sep-2020","749.40","770.60","747.50","765.15","4,918,291"
"14-Sep-2020","770.15","796.60","770.00","790.75","9,022,087"
"15-Sep-2020","790.75","803.10","775.00","791.15","6,339,804"
"16-Sep-2020","792.00","794.25","784.00","792.00","4,279,453"
"17-Sep-2020","788.00","811.45","781.30","786.95","7,591,229"
"18-Sep-2020","793.00","808.80","788.00","804.65","6,281,494"
"21-Sep-2020","807.00","830.00","784.30","787.25","10,789,252"
"22-Sep-2020","793.00","811.00","772.00","800.45","9,053,627"
"23-Sep-2020","812.45","812.45","783.10","793.05","6,091,530"
"24-Sep-2020","787.95","787.95","747.55","751.85","5,929,194"
"25-Sep-2020","755.05","777.35","748.65","772.35","6,986,586"
"28-Sep-2020","779.35","784.40","772.00","779.40","3,604,523"
"29-Sep-2020","785.00","790.00","764.00","768.15","7,041,880"
"30-Sep-2020","773.00","794.80","765.65","791.75","5,433,724"
"01-Oct-2020","798.20","825.35","797.85","822.50","10,104,769"
"05-Oct-2020","822.55","850.95","821.85","841.25","8,551,126"
"06-Oct-2020","854.95","854.95","832.50","847.40","4,902,536"
"07-Oct-2020","847.00","848.15","837.25","846.35","3,943,818"
"08-Oct-2020","862.00","887.55","857.65","860.30","11,398,850"
"09-Oct-2020","860.50","862.45","845.25","854.15","5,306,816"
"12-Oct-2020","861.00","864.80","848.40","856.90","3,343,240"
"13-Oct-2020","856.90","879.90","851.00","868.20","7,327,536"
"14-Oct-2020","869.00","873.80","845.60","848.85","5,346,619"
"15-Oct-2020","853.00","858.35","806.70","812.40","8,893,099"
"16-Oct-2020","813.20","828.30","798.80","822.75","7,978,997"
"19-Oct-2020","828.00","836.60","817.60","824.15","4,558,879"
"20-Oct-2020","820.60","852.90","819.60","849.85","7,382,532"
"21-Oct-2020","851.10","857.20","833.95","845.90","4,818,496"
"22-Oct-2020","844.85","853.90","828.80","837.45","3,962,662"
"23-Oct-2020","840.00","857.45","833.55","848.25","7,356,768"
"26-Oct-2020","830.00","854.70","814.00","819.25","9,770,664"
"27-Oct-2020","826.40","833.75","816.00","828.65","5,479,547"
"28-Oct-2020","830.00","836.45","801.00","804.30","6,829,430"
"29-Oct-2020","790.00","809.40","781.85","804.25","6,477,349"
"30-Oct-2020","806.70","818.65","802.70","813.30","6,189,611"
"02-Nov-2020","821.40","824.80","809.40","814.65","4,433,983"
"03-Nov-2020","821.00","825.00","804.30","808.10","4,599,741"
"04-Nov-2020","816.00","836.00","812.60","826.85","5,017,595"
"05-Nov-2020","836.00","849.70","833.75","840.70","4,269,675"
"06-Nov-2020","835.00","854.00","824.10","851.15","4,123,331"
"09-Nov-2020","859.00","877.00","855.25","872.75","4,297,119"
"10-Nov-2020","872.00","872.00","819.10","821.30","6,889,383"
"11-Nov-2020","820.00","840.65","812.45","837.50","5,387,431"
"12-Nov-2020","837.00","848.00","834.55","843.25","3,150,886"
"13-Nov-2020","838.00","845.70","833.35","838.85","2,839,192"
"14-Nov-2020","844.00","844.95","837.95","840.15","214,282"
"17-Nov-2020","848.55","856.50","830.90","845.25","3,635,434"
"18-Nov-2020","844.00","844.90","830.15","836.10","2,772,377"
"19-Nov-2020","833.00","849.00","820.00","822.90","5,593,368"
"20-Nov-2020","829.00","844.95","826.40","837.55","6,063,818"
"23-Nov-2020","838.00","869.40","836.75","865.75","6,251,814"
"24-Nov-2020","870.00","890.00","864.30","877.65","7,068,121"
"25-Nov-2020","875.00","880.00","855.25","862.25","4,445,185"
"26-Nov-2020","866.50","867.95","846.70","857.05","5,169,423"
"27-Nov-2020","864.00","885.95","855.30","876.85","16,482,729"
"01-Dec-2020","900.00","914.15","871.65","907.30","5,821,698"
"02-Dec-2020","897.05","912.50","887.20","908.70","5,516,684"
"03-Dec-2020","913.00","920.60","902.95","915.15","5,705,020"
"04-Dec-2020","915.00","929.30","907.05","923.10","4,302,626"
"07-Dec-2020","915.50","950.85","914.00","944.30","3,973,325"
"08-Dec-2020","945.00","947.20","922.70","932.30","4,399,638"
"09-Dec-2020","938.00","939.70","925.90","929.50","4,157,078"
"10-Dec-2020","925.00","932.60","917.10","927.30","2,608,358"
"11-Dec-2020","922.20","931.00","916.45","919.40","2,398,423"
"14-Dec-2020","924.00","924.25","906.05","909.40","3,239,051"
"15-Dec-2020","900.35","928.65","898.45","927.05","3,490,143"
"16-Dec-2020","935.00","935.00","917.00","921.55","2,799,394"
"17-Dec-2020","921.55","932.75","912.40","930.10","2,706,570"
"18-Dec-2020","935.00","947.00","928.30","933.80","5,563,979"
"21-Dec-2020","928.15","944.65","890.00","906.85","4,187,948"
"22-Dec-2020","910.00","948.90","903.20","944.65","5,537,682"
"23-Dec-2020","946.55","959.75","941.00","948.15","5,456,681"
"24-Dec-2020","951.00","956.00","934.80","947.25","2,510,775"
"28-Dec-2020","947.25","956.45","944.25","947.10","1,870,669"
"29-Dec-2020","948.00","968.25","943.85","965.65","4,392,641"
"30-Dec-2020","970.00","985.00","967.80","983.25","6,389,605"
"31-Dec-2020","981.95","986.40","968.70","973.20","2,859,399"
"01-Jan-2021","976.00","981.20","971.20","977.95","1,268,291"
"04-Jan-2021","980.60","1,005.00","975.00","1,001.95","3,515,825"
"05-Jan-2021","1,002.50","1,007.95","991.30","1,003.85","4,040,321"
"06-Jan-2021","1,004.00","1,026.00","983.35","997.15","4,677,359"
"07-Jan-2021","1,005.50","1,010.00","988.60","994.75","3,354,950"
"08-Jan-2021","1,007.75","1,060.00","1,005.45","1,051.10","9,279,370"
"11-Jan-2021","1,062.10","1,081.55","1,040.50","1,077.60","6,488,791"
"12-Jan-2021","1,077.60","1,077.65","1,053.00","1,064.20","4,257,926"
"13-Jan-2021","1,074.00","1,078.75","1,050.05","1,069.65","4,671,772"
"14-Jan-2021","1,064.00","1,064.00","1,030.00","1,052.60","4,765,344"
"15-Jan-2021","1,049.50","1,062.80","1,002.65","1,007.30","6,063,896"
"18-Jan-2021","998.00","1,013.80","991.95","998.25","4,659,705"
"19-Jan-2021","1,006.60","1,008.45","987.20","992.50","4,416,027"
"20-Jan-2021","997.00","1,023.40","997.00","1,019.45","4,687,853"
"21-Jan-2021","1,026.00","1,033.35","994.50","1,004.70","3,911,527"
"22-Jan-2021","1,004.70","1,005.00","975.00","980.85","3,922,421"
"25-Jan-2021","985.85","997.90","962.20","972.05","2,751,784"
"27-Jan-2021","978.00","1,004.90","973.65","997.10","6,975,618"
"28-Jan-2021","990.00","990.00","965.00","981.60","4,274,190"
"29-Jan-2021","990.10","995.90","956.00","961.40","4,425,911"
"01-Feb-2021","961.90","961.90","921.15","941.75","6,321,189"
"02-Feb-2021","955.00","972.90","937.50","957.20","4,971,530"
"03-Feb-2021","965.00","1,000.00","960.10","981.45","5,640,121"
"04-Feb-2021","987.95","988.00","964.30","969.20","4,232,910"
"05-Feb-2021","972.35","980.85","950.05","959.40","3,077,720"
"08-Feb-2021","969.80","993.00","960.55","982.55","3,713,579"
"09-Feb-2021","978.60","999.80","967.25","975.10","3,086,774"
"10-Feb-2021","975.50","980.25","957.60","974.90","2,776,301"
"11-Feb-2021","975.00","988.65","972.85","985.60","2,070,435"
"12-Feb-2021","990.00","1,009.00","986.25","991.20","5,863,879"
"15-Feb-2021","996.00","996.00","977.50","979.20","2,487,825"
"16-Feb-2021","990.00","1,000.00","973.50","986.80","3,912,433"
"17-Feb-2021","989.00","996.60","971.40","980.45","2,227,724"
"18-Feb-2021","982.00","1,015.50","981.50","1,010.60","6,742,595"
"19-Feb-2021","1,013.65","1,019.20","972.65","993.95","4,357,699"
"22-Feb-2021","998.95","1,011.00","941.90","950.70","5,946,290"
"23-Feb-2021","952.00","962.75","931.00","945.75","4,120,032"
"24-Feb-2021","950.00","963.90","936.65","960.05","1,686,531"
"25-Feb-2021","964.00","969.00","952.25","957.80","3,682,791"
"26-Feb-2021","945.00","948.85","915.00","918.85","5,254,937"
"01-Mar-2021","935.45","957.00","926.35","936.00","3,429,569"
"02-Mar-2021","944.50","971.00","942.00","967.10","3,703,190"
"03-Mar-2021","972.20","980.20","961.45","976.00","3,203,532"
"04-Mar-2021","960.00","994.70","955.60","968.05","5,134,954"
"05-Mar-2021","965.20","980.90","957.00","959.70","2,618,145"
"08-Mar-2021","963.00","980.00","962.00","968.50","2,880,739"
"09-Mar-2021","973.00","998.50","961.55","988.15","2,814,747"
"10-Mar-2021","1,002.00","1,016.80","993.00","1,008.75","5,268,496"
"12-Mar-2021","1,000.00","1,024.60","996.15","1,003.25","4,674,919"
"15-Mar-2021","1,005.00","1,029.95","1,002.00","1,026.65","5,203,151"
"16-Mar-2021","1,032.00","1,045.00","1,021.10","1,026.55","4,797,715"
"17-Mar-2021","1,024.00","1,043.20","1,015.60","1,020.05","3,477,295"
"18-Mar-2021","1,034.00","1,035.00","978.60","996.20","3,738,712"
"19-Mar-2021","992.00","1,000.75","975.15","989.45","6,208,000"
"22-Mar-2021","989.90","1,017.40","978.30","1,013.55","3,873,143"
"23-Mar-2021","1,013.55","1,021.50","1,000.55","1,013.85","3,782,337"
"24-Mar-2021","1,003.75","1,013.35","987.25","992.15","2,749,823"
"25-Mar-2021","992.70","996.90","964.10","968.70","3,654,840"
"26-Mar-2021","977.90","997.80","977.00","991.00","2,761,824"
"30-Mar-2021","991.50","1,019.80","991.50","1,016.90","4,303,081"
"31-Mar-2021","1,023.00","1,023.00","989.20","991.45","3,780,505"
"01-Apr-2021","1,000.00","1,007.80","986.00","992.15","3,555,291"
"05-Apr-2021","992.00","1,007.20","978.20","997.70","5,118,272"
"06-Apr-2021","1,006.00","1,008.00","988.55","991.35","2,395,572"
"07-Apr-2021","992.00","1,005.65","982.10","1,002.40","2,974,419"
"08-Apr-2021","1,008.00","1,049.85","1,005.00","1,029.00","6,737,118"
"09-Apr-2021","1,028.95","1,056.80","1,016.55","1,053.00","6,029,994"
"12-Apr-2021","1,051.00","1,059.05","1,016.80","1,039.85","7,896,295"
"13-Apr-2021","1,045.00","1,050.25","983.00","1,001.85","6,448,995"
"15-Apr-2021","1,001.85","1,007.80","970.30","993.15","4,373,215"
"16-Apr-2021","998.00","1,013.50","996.00","1,010.30","2,660,763"
"19-Apr-2021","999.10","1,009.40","983.30","1,000.10","2,777,425"
"20-Apr-2021","996.00","1,007.50","973.35","983.40","4,028,636"
"22-Apr-2021","973.60","985.50","960.65","967.80","5,085,190"
"23-Apr-2021","966.50","970.95","945.40","950.20","3,916,517"
"26-Apr-2021","951.00","970.00","937.00","962.20","5,053,998"
"27-Apr-2021","962.70","987.60","944.15","969.25","10,497,935"
"28-Apr-2021","975.00","980.00","968.00","977.40","2,968,625"
"29-Apr-2021","985.00","985.00","970.55","976.90","2,747,579"
"30-Apr-2021","973.80","976.90","955.40","960.40","3,129,105"
"03-May-2021","960.00","965.00","955.00","957.70","3,506,839"
"04-May-2021","964.00","969.90","955.60","960.40","4,064,221"
"05-May-2021","972.60","972.60","953.75","960.40","3,041,045"
"06-May-2021","965.00","984.70","957.85","977.95","4,620,827"
"07-May-2021","980.00","984.25","972.10","980.95","2,002,597"
"10-May-2021","985.00","992.65","973.10","990.50","2,036,101"
"11-May-2021","984.00","986.95","970.50","977.05","2,029,457"
"12-May-2021","977.00","977.00","950.40","962.35","3,070,622"
"14-May-2021","963.00","966.45","941.40","952.20","2,090,820"
"17-May-2021","954.00","957.95","943.00","953.35","2,281,200"
"18-May-2021","960.35","979.00","957.05","970.75","2,000,985"
"19-May-2021","969.00","986.30","962.60","977.65","2,152,740"
"20-May-2021","984.80","984.80","965.20","973.10","1,769,194"
"21-May-2021","976.95","986.00","971.85","980.50","1,534,262"
"24-May-2021","979.80","994.00","975.10","983.70","1,830,838"
"25-May-2021","990.05","1,001.70","983.80","992.65","2,719,646"
"26-May-2021","995.65","1,012.00","993.00","1,007.80","2,013,788"
"27-May-2021","1,007.00","1,032.00","1,006.90","1,019.80","6,393,813"
"28-May-2021","1,020.00","1,033.00","1,012.60","1,026.25","1,839,013"
"31-May-2021","1,025.00","1,032.00","1,013.00","1,021.65","1,801,746"
"01-Jun-2021","1,024.70","1,032.00","1,013.35","1,030.50","1,262,702"
"02-Jun-2021","1,020.20","1,024.70","994.00","1,016.95","5,252,186"
"03-Jun-2021","1,016.95","1,020.75","1,007.00","1,014.35","2,024,676"
"04-Jun-2021","1,019.55","1,026.95","1,011.00","1,019.20","2,315,912"
"07-Jun-2021","1,024.95","1,038.95","1,019.45","1,034.40","1,745,475"
"08-Jun-2021","1,039.00","1,060.90","1,037.05","1,057.75","4,517,995"
"09-Jun-2021","1,057.75","1,064.45","1,046.20","1,052.25","2,163,655"
"10-Jun-2021","1,059.70","1,074.00","1,056.50","1,064.90","3,934,077"
"11-Jun-2021","1,064.90","1,082.40","1,054.90","1,073.00","4,988,857"
"14-Jun-2021","1,073.00","1,079.35","1,058.00","1,069.25","2,757,666"
"15-Jun-2021","1,069.25","1,093.00","1,061.65","1,066.85","3,484,298"
"16-Jun-2021","1,070.00","1,077.95","1,055.00","1,069.15","1,881,596"
"17-Jun-2021","1,059.95","1,084.70","1,057.05","1,080.25","3,161,931"
"18-Jun-2021","1,089.50","1,091.60","1,055.00","1,070.70","4,396,398"
"21-Jun-2021","1,059.00","1,070.05","1,055.00","1,062.90","1,074,790"
"22-Jun-2021","1,061.05","1,072.00","1,053.70","1,057.20","2,437,289"
"23-Jun-2021","1,060.00","1,062.30","1,038.45","1,056.45","4,130,539"
"24-Jun-2021","1,056.55","1,082.30","1,052.50","1,080.00","3,617,010"
"25-Jun-2021","1,087.40","1,103.20","1,077.00","1,089.50","3,200,049"
"28-Jun-2021","1,091.00","1,108.00","1,081.10","1,105.10","2,143,755"
"29-Jun-2021","1,109.00","1,109.40","1,083.00","1,088.15","2,956,332"
"30-Jun-2021","1,088.20","1,105.00","1,083.30","1,095.45","1,917,370"
"01-Jul-2021","1,096.00","1,099.35","1,081.00","1,085.15","1,459,518"
"02-Jul-2021","1,087.00","1,097.50","1,075.00","1,089.40","1,669,409"
"05-Jul-2021","1,093.00","1,094.95","1,071.20","1,074.65","2,597,359"
"06-Jul-2021","1,074.65","1,074.65","1,047.75","1,049.55","3,865,594"
"07-Jul-2021","1,049.55","1,059.50","1,030.10","1,045.90","3,713,891"
"08-Jul-2021","1,049.00","1,063.40","1,045.00","1,060.15","2,171,947"
"09-Jul-2021","1,055.20","1,068.80","1,049.00","1,051.75","1,889,035"
"12-Jul-2021","1,057.00","1,058.70","1,046.10","1,056.60","3,224,820"
"13-Jul-2021","1,062.00","1,062.00","1,048.00","1,050.15","1,908,081"
"14-Jul-2021","1,054.00","1,080.00","1,048.00","1,078.50","3,173,326"
"15-Jul-2021","1,078.00","1,119.70","1,076.40","1,112.45","5,922,995"
"16-Jul-2021","1,112.40","1,118.30","1,083.05","1,103.15","2,323,939"
"19-Jul-2021","1,088.00","1,110.45","1,086.10","1,094.20","1,409,001"
"20-Jul-2021","1,095.95","1,102.20","1,084.90","1,087.20","1,230,858"
"22-Jul-2021","1,080.00","1,152.50","1,080.00","1,148.60","7,309,727"
"23-Jul-2021","1,123.95","1,141.50","1,115.10","1,131.00","2,840,803"
"26-Jul-2021","1,131.00","1,138.55","1,116.55","1,120.20","984,581"
"27-Jul-2021","1,120.20","1,127.70","1,104.05","1,120.85","1,397,105"
"28-Jul-2021","1,124.00","1,130.70","1,106.50","1,119.55","2,533,035"
"29-Jul-2021","1,128.70","1,141.35","1,115.10","1,127.80","3,821,405"
"30-Jul-2021","1,185.00","1,237.30","1,175.00","1,209.55","20,425,030"
"02-Aug-2021","1,210.00","1,214.00","1,195.55","1,210.70","2,385,223"
"03-Aug-2021","1,211.00","1,230.00","1,210.00","1,226.25","2,603,616"
"04-Aug-2021","1,225.20","1,230.40","1,213.70","1,216.50","1,938,175"
"05-Aug-2021","1,217.05","1,254.00","1,217.00","1,248.20","5,790,873"
"06-Aug-2021","1,252.00","1,273.00","1,243.05","1,264.60","3,894,726"
"09-Aug-2021","1,290.40","1,306.80","1,266.00","1,287.45","6,585,101"
"10-Aug-2021","1,288.00","1,329.70","1,282.40","1,323.05","6,314,469"
"11-Aug-2021","1,323.05","1,326.75","1,298.35","1,323.60","3,430,349"
"12-Aug-2021","1,323.00","1,394.80","1,317.75","1,386.55","8,613,315"
"13-Aug-2021","1,380.10","1,390.00","1,365.90","1,383.15","4,760,344"
"16-Aug-2021","1,381.95","1,399.95","1,360.25","1,367.85","2,912,430"
"17-Aug-2021","1,372.00","1,428.80","1,370.50","1,413.70","8,042,970"
"18-Aug-2021","1,418.00","1,425.00","1,404.25","1,412.50","2,939,739"
"20-Aug-2021","1,370.65","1,420.00","1,370.65","1,399.20","4,051,399"
"23-Aug-2021","1,415.45","1,442.95","1,409.00","1,416.00","3,987,240"
"24-Aug-2021","1,421.90","1,467.00","1,420.00","1,463.35","5,366,923"
"25-Aug-2021","1,463.00","1,478.00","1,450.00","1,463.10","3,105,863"
"26-Aug-2021","1,459.80","1,466.75","1,444.00","1,449.50","1,993,944"
"27-Aug-2021","1,449.85","1,457.10","1,431.20","1,445.40","3,097,939"
"30-Aug-2021","1,450.00","1,455.00","1,415.90","1,419.20","2,742,699"
"31-Aug-2021","1,424.80","1,454.00","1,406.95","1,447.65","6,392,991"
"01-Sep-2021","1,450.00","1,468.25","1,427.50","1,436.30","1,829,925"
"02-Sep-2021","1,436.00","1,452.55","1,421.20","1,437.80","3,860,958"
"03-Sep-2021","1,444.00","1,449.70","1,425.10","1,441.95","1,919,590"
"06-Sep-2021","1,448.00","1,467.90","1,436.10","1,461.15","1,801,171"
"07-Sep-2021","1,468.95","1,472.90","1,432.30","1,435.20","1,940,043"
"08-Sep-2021","1,440.20","1,442.35","1,419.85","1,427.85","2,256,454"
"09-Sep-2021","1,425.60","1,437.90","1,414.00","1,433.25","2,303,457"
"13-Sep-2021","1,436.00","1,439.80","1,420.35","1,429.50","1,937,241"
"14-Sep-2021","1,435.00","1,457.00","1,429.50","1,452.05","1,554,999"
"15-Sep-2021","1,442.10","1,480.00","1,437.95","1,464.85","2,410,087"
"16-Sep-2021","1,464.85","1,469.00","1,440.00","1,448.35","1,800,078"
"17-Sep-2021","1,451.00","1,472.00","1,436.60","1,451.55","2,861,623"
"20-Sep-2021","1,440.00","1,493.15","1,426.35","1,431.30","2,526,342"
"21-Sep-2021","1,439.00","1,466.45","1,420.40","1,461.70","1,713,705"
"22-Sep-2021","1,464.00","1,527.90","1,456.50","1,513.60","5,145,820"
"23-Sep-2021","1,525.10","1,531.00","1,504.00","1,521.50","2,015,302"
"24-Sep-2021","1,530.00","1,547.85","1,511.05","1,514.75","3,592,146"
"27-Sep-2021","1,523.00","1,525.00","1,459.20","1,464.40","2,728,552"
"28-Sep-2021","1,464.40","1,465.00","1,408.40","1,414.05","3,995,669"
"29-Sep-2021","1,400.00","1,408.95","1,372.75","1,395.35","7,948,104"
"30-Sep-2021","1,388.00","1,402.65","1,377.00","1,380.60","3,856,630"
"01-Oct-2021","1,375.00","1,384.00","1,364.80","1,371.25","2,661,824"
"04-Oct-2021","1,384.70","1,405.55","1,372.05","1,399.05","2,538,936"
"05-Oct-2021","1,399.10","1,421.00","1,381.00","1,413.05","2,481,825"
"06-Oct-2021","1,422.90","1,426.90","1,379.95","1,385.65","2,769,341"
"07-Oct-2021","1,397.95","1,423.30","1,375.65","1,417.20","1,956,325"
"08-Oct-2021","1,418.50","1,447.00","1,418.50","1,439.95","2,665,924"
"11-Oct-2021","1,420.00","1,434.45","1,385.60","1,400.20","3,073,366"
"12-Oct-2021","1,399.00","1,402.85","1,361.00","1,374.45","2,965,629"
"13-Oct-2021","1,386.90","1,410.00","1,377.00","1,402.15","1,738,985"
"14-Oct-2021","1,432.00","1,459.60","1,410.50","1,430.80","4,328,124"
"18-Oct-2021","1,420.00","1,486.95","1,420.00","1,479.65","3,579,606"
"19-Oct-2021","1,498.00","1,569.80","1,477.05","1,539.10","8,645,334"
"20-Oct-2021","1,544.00","1,576.50","1,515.80","1,539.30","5,159,270"
"21-Oct-2021","1,546.15","1,546.15","1,476.05","1,524.25","4,261,416"
"22-Oct-2021","1,531.00","1,561.95","1,483.75","1,517.45","5,223,521"
"25-Oct-2021","1,531.00","1,535.00","1,483.80","1,524.10","3,890,467"
"26-Oct-2021","1,571.90","1,630.00","1,543.00","1,563.30","16,978,043"
"27-Oct-2021","1,561.85","1,587.10","1,527.50","1,567.85","3,624,131"
"28-Oct-2021","1,578.00","1,582.85","1,526.00","1,533.30","3,054,565"
"29-Oct-2021","1,527.35","1,542.75","1,467.80","1,477.85","3,795,495"
"01-Nov-2021","1,490.00","1,529.90","1,487.05","1,522.15","2,271,900"
"02-Nov-2021","1,522.25","1,522.95","1,488.05","1,490.60","2,041,689"
"03-Nov-2021","1,498.00","1,537.70","1,493.60","1,498.55","2,697,346"
"04-Nov-2021","1,509.00","1,515.00","1,501.00","1,505.85","166,444"
"08-Nov-2021","1,508.00","1,562.80","1,504.30","1,556.20","3,050,392"
"09-Nov-2021","1,561.00","1,572.00","1,553.00","1,559.20","2,061,369"
"10-Nov-2021","1,555.95","1,573.35","1,546.55","1,566.60","1,299,996"
"11-Nov-2021","1,560.00","1,560.00","1,515.00","1,521.95","3,027,565"
"12-Nov-2021","1,538.50","1,589.45","1,531.30","1,585.00","3,713,868"
"15-Nov-2021","1,585.00","1,601.50","1,573.35","1,579.15","2,448,280"
"16-Nov-2021","1,585.10","1,605.00","1,576.00","1,599.90","2,864,344"
"17-Nov-2021","1,598.50","1,625.00","1,595.00","1,618.45","2,304,359"
"18-Nov-2021","1,620.20","1,624.75","1,559.50","1,567.75","2,938,804"
"22-Nov-2021","1,581.80","1,581.80","1,520.00","1,541.30","1,951,782"
"23-Nov-2021","1,522.00","1,564.45","1,506.30","1,560.55","1,823,592"
"24-Nov-2021","1,568.80","1,569.90","1,530.00","1,538.10","1,644,163"
"25-Nov-2021","1,531.00","1,564.80","1,530.05","1,559.35","1,557,493"
"26-Nov-2021","1,544.00","1,550.00","1,510.15","1,527.40","1,522,173"
"29-Nov-2021","1,515.00","1,545.50","1,479.40","1,536.65","1,995,524"
"30-Nov-2021","1,529.00","1,594.45","1,526.50","1,541.45","5,662,900"
"01-Dec-2021","1,550.00","1,594.40","1,550.00","1,587.60","2,761,193"
"02-Dec-2021","1,590.00","1,632.50","1,580.00","1,629.65","2,664,202"
"03-Dec-2021","1,625.00","1,638.25","1,589.70","1,593.30","2,400,296"
"06-Dec-2021","1,606.00","1,619.55","1,546.85","1,551.75","2,911,781"
"07-Dec-2021","1,564.00","1,581.35","1,536.00","1,576.65","1,758,254"
"08-Dec-2021","1,582.65","1,614.80","1,582.05","1,604.80","1,604,565"
"09-Dec-2021","1,593.00","1,620.00","1,585.00","1,611.20","1,947,954"
"10-Dec-2021","1,611.00","1,611.20","1,578.55","1,602.65","1,776,362"
"13-Dec-2021","1,605.00","1,655.50","1,597.45","1,638.15","3,163,063"
"14-Dec-2021","1,640.00","1,665.00","1,625.65","1,642.70","2,725,454"
"15-Dec-2021","1,639.00","1,646.30","1,615.90","1,641.60","1,622,068"
"16-Dec-2021","1,649.00","1,667.65","1,642.20","1,652.65","2,225,836"
"17-Dec-2021","1,669.20","1,675.00","1,626.90","1,642.85","3,405,084"
"20-Dec-2021","1,635.00","1,638.35","1,576.60","1,598.05","2,233,189"
"21-Dec-2021","1,605.50","1,655.30","1,605.50","1,632.95","2,237,445"
"22-Dec-2021","1,645.00","1,661.70","1,631.75","1,659.75","1,656,110"
"23-Dec-2021","1,670.00","1,691.10","1,664.15","1,683.80","1,715,034"
"24-Dec-2021","1,683.35","1,735.20","1,680.35","1,723.80","3,343,946"
"27-Dec-2021","1,724.50","1,792.00","1,703.65","1,785.00","4,512,000"
"28-Dec-2021","1,785.00","1,823.00","1,776.10","1,806.10","3,605,483"
"29-Dec-2021","1,800.50","1,821.00","1,782.75","1,786.85","1,902,921"
"30-Dec-2021","1,787.00","1,838.00","1,786.00","1,799.95","4,650,594"
"31-Dec-2021","1,800.20","1,813.00","1,783.45","1,790.55","2,378,048"
"03-Jan-2022","1,795.05","1,818.00","1,783.00","1,784.80","1,779,147"
"04-Jan-2022","1,793.00","1,803.80","1,767.00","1,789.80","2,701,533"
"05-Jan-2022","1,779.95","1,782.95","1,733.00","1,737.55","3,138,050"
"06-Jan-2022","1,725.00","1,728.85","1,690.00","1,692.10","4,290,750"
"07-Jan-2022","1,702.00","1,724.55","1,695.10","1,703.85","2,103,362"
"10-Jan-2022","1,719.00","1,725.00","1,687.50","1,716.00","2,330,348"
"11-Jan-2022","1,705.00","1,745.00","1,705.00","1,737.15","2,704,832"
"12-Jan-2022","1,754.00","1,755.00","1,721.00","1,730.45","3,013,194"
"13-Jan-2022","1,730.00","1,748.90","1,701.80","1,718.80","2,768,371"
"14-Jan-2022","1,714.50","1,746.80","1,696.50","1,737.75","1,889,385"
"17-Jan-2022","1,732.95","1,751.00","1,720.00","1,722.40","2,522,806"
"18-Jan-2022","1,740.00","1,746.55","1,650.05","1,660.75","4,878,369"
"19-Jan-2022","1,663.10","1,676.60","1,627.55","1,670.10","2,610,709"
"20-Jan-2022","1,670.10","1,673.20","1,643.55","1,666.90","2,440,011"
"21-Jan-2022","1,650.00","1,653.00","1,588.85","1,593.55","4,079,190"
"24-Jan-2022","1,588.00","1,588.00","1,501.95","1,513.15","3,250,275"
"25-Jan-2022","1,499.00","1,527.65","1,465.00","1,500.60","3,910,618"
"27-Jan-2022","1,484.50","1,484.50","1,430.00","1,445.60","4,434,890"
"28-Jan-2022","1,446.00","1,482.90","1,406.25","1,410.65","7,080,683"
"31-Jan-2022","1,437.00","1,487.60","1,431.50","1,479.00","4,406,035"
"01-Feb-2022","1,504.00","1,514.95","1,475.00","1,505.75","2,542,754"
"02-Feb-2022","1,479.90","1,490.00","1,443.00","1,482.95","9,031,146"
"03-Feb-2022","1,478.90","1,479.80","1,449.10","1,454.30","2,433,692"
"04-Feb-2022","1,464.00","1,464.95","1,435.00","1,448.20","2,406,272"
"07-Feb-2022","1,450.00","1,465.75","1,434.00","1,444.30","2,741,520"
"08-Feb-2022","1,446.50","1,456.15","1,420.20","1,434.20","1,981,111"
"09-Feb-2022","1,440.05","1,470.95","1,440.05","1,454.80","2,282,701"
"10-Feb-2022","1,465.00","1,472.00","1,450.30","1,468.50","1,850,405"
"11-Feb-2022","1,449.85","1,449.95","1,421.00","1,424.90","2,426,039"
"14-Feb-2022","1,390.00","1,418.80","1,371.00","1,390.15","2,149,302"
"15-Feb-2022","1,404.05","1,442.60","1,395.05","1,439.65","1,955,525"
"16-Feb-2022","1,450.50","1,463.95","1,428.85","1,444.00","2,164,650"
"17-Feb-2022","1,461.45","1,461.45","1,440.25","1,447.55","1,669,669"
"18-Feb-2022","1,438.45","1,445.00","1,417.10","1,437.95","2,374,188"
"21-Feb-2022","1,427.15","1,440.00","1,410.10","1,418.20","2,109,461"
"22-Feb-2022","1,380.50","1,420.70","1,375.00","1,412.55","2,111,878"
"23-Feb-2022","1,422.00","1,424.95","1,409.20","1,413.30","1,319,711"
"24-Feb-2022","1,370.50","1,400.00","1,330.00","1,333.00","4,108,603"
"25-Feb-2022","1,355.00","1,400.00","1,350.10","1,389.70","1,885,454"
"28-Feb-2022","1,380.00","1,419.85","1,363.25","1,410.00","4,983,140"
"02-Mar-2022","1,400.00","1,420.70","1,382.75","1,394.35","2,160,190"
"03-Mar-2022","1,409.80","1,443.60","1,405.15","1,426.65","2,730,530"
"04-Mar-2022","1,415.00","1,460.00","1,398.50","1,453.60","3,567,738"
"07-Mar-2022","1,428.00","1,464.00","1,411.05","1,424.10","3,341,715"
"08-Mar-2022","1,420.00","1,466.90","1,420.00","1,461.95","2,365,949"
"09-Mar-2022","1,461.95","1,511.00","1,461.95","1,504.75","3,667,977"
"10-Mar-2022","1,525.00","1,525.95","1,474.50","1,485.35","2,835,942"
"11-Mar-2022","1,476.00","1,491.85","1,472.50","1,486.80","1,116,432"
"14-Mar-2022","1,487.00","1,508.90","1,487.00","1,503.00","1,372,791"
"15-Mar-2022","1,514.00","1,515.00","1,448.00","1,458.60","2,188,506"
"16-Mar-2022","1,475.20","1,494.50","1,468.40","1,489.90","1,453,944"
"17-Mar-2022","1,505.00","1,509.95","1,487.00","1,493.50","2,346,185"
"21-Mar-2022","1,495.00","1,520.00","1,476.20","1,479.80","2,110,200"
"22-Mar-2022","1,486.90","1,543.95","1,475.05","1,538.20","3,030,660"
"23-Mar-2022","1,550.00","1,561.70","1,529.20","1,542.15","3,741,783"
"24-Mar-2022","1,530.15","1,571.95","1,530.15","1,568.55","2,085,571"
"25-Mar-2022","1,571.00","1,574.95","1,522.40","1,530.55","1,755,511"
"28-Mar-2022","1,534.00","1,538.95","1,516.55","1,524.45","1,928,306"
"29-Mar-2022","1,537.00","1,539.55","1,519.10","1,522.35","2,311,150"
"30-Mar-2022","1,534.30","1,534.30","1,485.00","1,496.30","3,792,481"
"31-Mar-2022","1,496.30","1,509.60","1,487.20","1,499.45","2,036,984"
"01-Apr-2022","1,499.00","1,502.65","1,475.45","1,487.10","2,537,230"
"04-Apr-2022","1,487.10","1,504.30","1,483.65","1,498.65","1,675,276"
"05-Apr-2022","1,508.00","1,522.50","1,480.00","1,489.05","3,207,223"
"06-Apr-2022","1,482.00","1,482.00","1,454.00","1,459.35","2,627,895"
"07-Apr-2022","1,454.00","1,474.65","1,450.70","1,468.55","3,336,784"
"08-Apr-2022","1,475.00","1,483.40","1,440.00","1,448.75","5,402,943"
"11-Apr-2022","1,455.95","1,462.35","1,435.65","1,449.20","3,268,704"
"12-Apr-2022","1,436.35","1,441.60","1,406.45","1,415.00","2,021,088"
"13-Apr-2022","1,418.10","1,428.70","1,403.40","1,410.45","1,430,399"
"18-Apr-2022","1,390.00","1,390.00","1,330.20","1,344.55","3,968,044"
"19-Apr-2022","1,361.85","1,361.85","1,285.65","1,301.20","2,677,360"
"20-Apr-2022","1,305.40","1,320.95","1,295.75","1,309.20","3,025,261"
"21-Apr-2022","1,313.90","1,319.00","1,297.45","1,312.70","3,728,173"
"22-Apr-2022","1,305.00","1,324.00","1,292.85","1,306.50","1,954,666"
"25-Apr-2022","1,295.00","1,297.95","1,262.60","1,270.40","2,686,619"
"26-Apr-2022","1,281.40","1,285.70","1,265.00","1,275.45","2,568,317"
"27-Apr-2022","1,267.75","1,274.50","1,246.25","1,261.25","2,382,463"
"28-Apr-2022","1,273.80","1,284.40","1,250.20","1,271.30","2,576,887"
"29-Apr-2022","1,284.00","1,284.80","1,248.35","1,259.00","3,811,317"
"02-May-2022","1,240.00","1,249.00","1,224.20","1,231.20","2,149,957"
"04-May-2022","1,232.45","1,243.95","1,200.00","1,212.80","2,797,667"
"05-May-2022","1,232.85","1,266.10","1,222.15","1,263.35","3,563,713"
"06-May-2022","1,239.70","1,299.00","1,228.70","1,290.75","5,745,203"
"09-May-2022","1,280.00","1,280.00","1,210.00","1,261.15","5,712,061"
"10-May-2022","1,255.00","1,271.45","1,235.00","1,242.30","2,852,416"
"11-May-2022","1,243.00","1,265.65","1,207.30","1,224.45","3,244,609"
"12-May-2022","1,209.00","1,232.85","1,197.05","1,212.80","3,110,220"
"13-May-2022","1,228.00","1,234.55","1,195.00","1,202.85","1,892,084"
"16-May-2022","1,190.00","1,221.00","1,156.95","1,189.05","3,474,480"
"17-May-2022","1,195.80","1,210.00","1,183.15","1,198.20","4,434,968"
"18-May-2022","1,209.00","1,230.50","1,168.50","1,172.05","5,294,021"
"19-May-2022","1,153.00","1,153.90","1,100.00","1,108.35","4,393,100"
"20-May-2022","1,128.00","1,134.80","1,114.75","1,130.90","2,461,651"
"23-May-2022","1,134.00","1,147.80","1,115.65","1,142.90","2,783,695"
"24-May-2022","1,148.00","1,151.85","1,091.00","1,098.35","3,666,196"
"25-May-2022","1,091.05","1,094.90","1,045.00","1,060.15","4,711,542"
"26-May-2022","1,070.00","1,089.50","1,055.95","1,078.60","2,946,857"
"27-May-2022","1,095.00","1,126.20","1,092.00","1,123.25","3,367,600"
"30-May-2022","1,142.90","1,170.50","1,135.45","1,164.00","2,469,771"
"31-May-2022","1,152.00","1,192.00","1,148.65","1,180.25","9,674,664"
"01-Jun-2022","1,186.15","1,197.00","1,143.10","1,146.60","2,419,021"
"02-Jun-2022","1,140.00","1,155.40","1,131.70","1,146.00","3,206,663"
"03-Jun-2022","1,160.00","1,182.00","1,144.10","1,147.90","3,229,236"
"06-Jun-2022","1,146.00","1,149.00","1,111.10","1,144.20","3,938,875"
"07-Jun-2022","1,130.10","1,139.80","1,120.70","1,130.30","1,656,444"
"08-Jun-2022","1,134.90","1,139.30","1,119.90","1,124.20","1,303,551"
"09-Jun-2022","1,122.00","1,141.95","1,111.65","1,138.60","1,323,539"
"10-Jun-2022","1,119.00","1,123.90","1,100.25","1,109.85","3,119,792"
"13-Jun-2022","1,081.20","1,084.60","1,050.00","1,051.95","2,012,004"
"14-Jun-2022","1,034.00","1,056.55","1,020.40","1,030.15","5,775,453"
"15-Jun-2022","1,037.00","1,037.00","1,017.80","1,020.05","3,238,141"
"16-Jun-2022","1,024.05","1,033.60","971.00","975.30","5,600,443"
"17-Jun-2022","971.10","974.35","943.70","965.05","7,043,370"
"20-Jun-2022","965.00","988.15","948.05","979.35","2,985,094"
"21-Jun-2022","991.40","1,004.65","980.00","1,000.10","3,433,536"
"22-Jun-2022","996.95","996.95","968.00","980.00","2,719,988"
"23-Jun-2022","981.10","998.55","971.25","991.10","2,915,172"
"24-Jun-2022","1,001.00","1,001.00","974.00","981.20","4,056,588"
"27-Jun-2022","996.00","1,024.10","996.00","1,007.20","3,796,002"
"28-Jun-2022","1,002.00","1,029.00","984.05","1,020.70","2,755,698"
"29-Jun-2022","1,008.00","1,027.40","1,002.55","1,021.10","3,770,663"
"30-Jun-2022","1,016.00","1,026.00","997.00","1,000.00","3,264,301"
"01-Jul-2022","997.00","1,014.00","989.30","1,010.70","1,842,102"
"04-Jul-2022","1,010.70","1,013.80","995.00","999.95","1,814,322"
"05-Jul-2022","1,005.00","1,021.90","999.00","1,003.20","3,045,188"
"06-Jul-2022","1,008.00","1,014.90","1,001.60","1,009.90","2,188,175"
"07-Jul-2022","1,020.95","1,026.90","1,016.00","1,020.75","1,901,699"
"08-Jul-2022","1,031.00","1,034.70","1,014.55","1,026.50","2,841,036"
"11-Jul-2022","1,015.00","1,017.35","988.00","1,007.55","2,892,507"
"12-Jul-2022","1,000.00","1,016.80","994.50","997.35","2,013,304"
"13-Jul-2022","1,001.40","1,004.20","987.05","990.05","2,067,142"
"14-Jul-2022","998.00","998.60","968.80","975.80","2,212,219"
"15-Jul-2022","980.00","988.90","965.05","973.80","2,544,737"
"18-Jul-2022","985.00","1,022.00","984.20","1,008.00","3,946,821"
"19-Jul-2022","999.95","1,010.95","991.00","1,007.70","2,985,845"
"20-Jul-2022","1,021.25","1,051.70","1,017.25","1,045.50","5,574,762"
"21-Jul-2022","1,025.00","1,035.80","1,011.05","1,032.75","4,935,223"
"22-Jul-2022","1,040.00","1,043.70","1,013.25","1,028.70","2,985,409"
"25-Jul-2022","1,028.90","1,028.90","1,008.25","1,017.25","2,888,919"
"26-Jul-2022","1,015.00","1,037.25","994.15","999.35","5,939,871"
"27-Jul-2022","1,000.00","1,009.95","992.00","1,007.65","2,546,052"
"28-Jul-2022","1,021.20","1,043.45","1,015.40","1,038.00","3,428,026"
"29-Jul-2022","1,055.00","1,068.00","1,044.10","1,048.65","6,185,909"
"01-Aug-2022","1,058.95","1,058.95","1,037.80","1,049.60","2,540,084"
"02-Aug-2022","1,046.00","1,049.50","1,030.00","1,032.60","2,802,273"
"03-Aug-2022","1,027.45","1,057.00","1,024.70","1,052.65","3,509,019"
"04-Aug-2022","1,063.00","1,072.70","1,036.20","1,056.05","5,360,632"
"05-Aug-2022","1,060.00","1,067.95","1,050.45","1,058.20","2,641,829"
"08-Aug-2022","1,056.00","1,064.85","1,049.05","1,056.60","2,579,239"
"10-Aug-2022","1,056.00","1,059.15","1,043.05","1,055.20","2,823,021"
"11-Aug-2022","1,072.00","1,093.90","1,070.20","1,077.25","3,201,408"
"12-Aug-2022","1,073.30","1,076.40","1,062.00","1,065.90","1,771,561"
"16-Aug-2022","1,076.00","1,079.95","1,056.55","1,077.70","2,222,701"
"17-Aug-2022","1,072.50","1,106.90","1,072.20","1,104.50","4,280,823"
"18-Aug-2022","1,100.00","1,109.20","1,088.10","1,105.15","3,041,422"
"19-Aug-2022","1,110.00","1,135.00","1,100.00","1,104.15","4,577,717"
"22-Aug-2022","1,096.00","1,100.00","1,075.25","1,078.70","2,157,609"
"23-Aug-2022","1,062.00","1,070.10","1,047.00","1,065.90","2,875,768"
"24-Aug-2022","1,066.00","1,073.40","1,055.10","1,070.95","2,180,800"
"25-Aug-2022","1,080.00","1,089.65","1,065.55","1,070.60","2,734,931"
"26-Aug-2022","1,083.00","1,097.55","1,081.00","1,085.55","2,624,896"
"29-Aug-2022","1,046.00","1,047.60","1,017.30","1,035.55","6,118,233"
"30-Aug-2022","1,048.00","1,080.50","1,042.30","1,076.10","4,453,769"
"01-Sep-2022","1,056.00","1,065.00","1,043.10","1,052.90","6,112,823"
"02-Sep-2022","1,058.20","1,066.50","1,047.05","1,056.40","1,645,341"
"05-Sep-2022","1,056.00","1,070.80","1,054.80","1,065.05","1,677,079"
"06-Sep-2022","1,065.05","1,071.00","1,050.30","1,063.70","3,051,076"
"07-Sep-2022","1,052.00","1,061.00","1,044.00","1,055.85","2,615,897"
"08-Sep-2022","1,070.00","1,092.90","1,067.10","1,089.60","2,634,786"
"09-Sep-2022","1,102.65","1,132.35","1,086.25","1,126.65","3,394,349"
"12-Sep-2022","1,140.00","1,165.00","1,139.95","1,150.10","5,230,075"
"13-Sep-2022","1,156.00","1,164.45","1,143.10","1,147.45","2,483,685"
"14-Sep-2022","1,112.00","1,121.85","1,095.00","1,114.70","5,179,539"
"15-Sep-2022","1,120.30","1,124.30","1,078.00","1,083.00","3,392,174"
"16-Sep-2022","1,065.00","1,073.95","1,028.00","1,033.20","6,635,089"
"19-Sep-2022","1,036.00","1,051.85","1,023.10","1,039.50","2,485,826"
"20-Sep-2022","1,054.00","1,065.70","1,050.00","1,056.15","2,321,528"
"21-Sep-2022","1,047.20","1,066.95","1,047.00","1,060.15","2,760,138"
"22-Sep-2022","1,050.00","1,072.00","1,042.25","1,048.40","3,867,282"
"23-Sep-2022","1,038.00","1,049.90","1,022.00","1,035.10","3,230,711"
"26-Sep-2022","1,029.00","1,052.25","1,013.55","1,032.90","3,314,114"
"27-Sep-2022","1,034.95","1,045.00","1,019.05","1,022.50","4,448,875"
"28-Sep-2022","1,016.00","1,036.40","1,008.55","1,029.70","1,965,519"
"29-Sep-2022","1,042.85","1,044.50","1,001.65","1,007.10","3,176,310"
"30-Sep-2022","1,001.00","1,018.80","984.55","1,008.60","3,848,885"
"03-Oct-2022","1,010.00","1,018.25","999.15","1,005.50","2,431,236"
"04-Oct-2022","1,022.00","1,036.00","1,017.90","1,028.30","2,715,420"
"06-Oct-2022","1,033.45","1,045.00","1,027.35","1,031.30","2,397,633"
"07-Oct-2022","1,029.90","1,036.45","1,021.05","1,023.85","1,539,126"
"10-Oct-2022","1,008.10","1,033.00","1,003.50","1,029.35","1,660,433"
"11-Oct-2022","1,034.50","1,035.00","1,000.55","1,004.85","2,310,765"
"12-Oct-2022","1,007.80","1,018.80","998.20","1,015.90","2,192,421"
"13-Oct-2022","1,018.85","1,021.00","1,003.05","1,012.95","1,344,162"
"14-Oct-2022","1,035.00","1,049.90","1,016.05","1,019.85","3,492,929"
"17-Oct-2022","1,019.00","1,027.95","1,007.45","1,023.25","1,426,207"
"18-Oct-2022","1,028.40","1,033.95","1,014.00","1,019.40","2,395,805"
"19-Oct-2022","1,024.50","1,030.00","1,016.30","1,019.20","1,304,927"
"20-Oct-2022","1,010.00","1,043.40","1,007.00","1,041.65","1,852,905"
"21-Oct-2022","1,041.65","1,044.35","1,031.10","1,041.15","1,202,009"
"24-Oct-2022","1,051.00","1,051.15","1,045.00","1,048.15","231,316"
"25-Oct-2022","1,053.40","1,086.00","1,051.00","1,082.50","3,097,049"
"27-Oct-2022","1,093.30","1,098.00","1,067.15","1,075.85","2,342,818"
"28-Oct-2022","1,081.00","1,081.00","1,045.05","1,048.95","1,542,568"
"31-Oct-2022","1,053.25","1,078.30","1,053.00","1,063.40","2,629,847"
"01-Nov-2022","1,069.00","1,080.00","1,047.15","1,070.90","4,709,472"
"02-Nov-2022","1,071.00","1,098.70","1,066.35","1,082.00","4,104,485"
"03-Nov-2022","1,070.00","1,071.15","1,050.15","1,052.85","3,460,133"
"04-Nov-2022","1,053.00","1,058.80","1,038.75","1,053.65","2,531,080"
"07-Nov-2022","1,058.95","1,067.90","1,044.45","1,053.50","2,588,984"
"09-Nov-2022","1,047.00","1,048.95","1,025.05","1,028.70","2,697,639"
"10-Nov-2022","1,015.00","1,034.00","1,005.25","1,021.10","3,285,774"
"11-Nov-2022","1,049.00","1,066.00","1,046.20","1,058.70","5,299,457"
"14-Nov-2022","1,062.00","1,074.45","1,055.45","1,065.35","2,229,790"
"15-Nov-2022","1,065.00","1,070.50","1,050.00","1,066.95","1,577,944"
"16-Nov-2022","1,066.00","1,075.00","1,059.00","1,066.85","2,335,937"
"17-Nov-2022","1,060.00","1,061.85","1,047.30","1,058.55","2,089,630"
"18-Nov-2022","1,060.00","1,065.00","1,046.00","1,060.85","1,617,331"
"21-Nov-2022","1,055.10","1,057.90","1,037.80","1,042.60","1,475,958"
"22-Nov-2022","1,042.60","1,052.90","1,036.05","1,050.65","1,696,991"
"23-Nov-2022","1,055.95","1,058.65","1,041.35","1,044.05","1,704,144"
"24-Nov-2022","1,049.30","1,071.00","1,046.00","1,069.30","2,208,145"
"25-Nov-2022","1,070.00","1,082.90","1,060.00","1,080.15","1,943,246"
"28-Nov-2022","1,075.00","1,091.00","1,071.40","1,077.20","1,749,691"
"29-Nov-2022","1,076.10","1,085.45","1,072.80","1,074.55","1,233,868"
"30-Nov-2022","1,074.75","1,082.00","1,063.20","1,077.00","3,909,954"
"01-Dec-2022","1,091.40","1,107.95","1,088.15","1,101.50","4,264,917"
"02-Dec-2022","1,101.50","1,116.30","1,100.05","1,114.75","3,418,928"
"05-Dec-2022","1,120.00","1,120.00","1,096.25","1,099.75","2,760,688"
"06-Dec-2022","1,089.00","1,096.15","1,080.05","1,088.80","1,838,107"
"07-Dec-2022","1,086.00","1,087.30","1,074.20","1,078.05","1,478,573"
"08-Dec-2022","1,078.10","1,082.40","1,070.30","1,074.15","1,110,431"
"09-Dec-2022","1,073.95","1,075.70","1,030.20","1,035.30","3,138,360"
"12-Dec-2022","1,034.00","1,044.40","1,021.80","1,032.10","1,689,393"
"13-Dec-2022","1,039.85","1,047.45","1,030.15","1,045.75","1,983,827"
"14-Dec-2022","1,051.00","1,068.05","1,051.00","1,065.10","1,983,937"
"15-Dec-2022","1,060.00","1,060.00","1,020.25","1,022.75","5,184,673"
"16-Dec-2022","1,015.00","1,033.50","1,011.00","1,020.80","2,994,364"
"19-Dec-2022","1,019.95","1,028.10","1,009.75","1,026.70","1,529,622"
"20-Dec-2022","1,025.00","1,025.00","1,004.00","1,017.95","2,149,130"
"21-Dec-2022","1,024.50","1,030.55","1,020.25","1,026.05","2,037,666"
"22-Dec-2022","1,030.00","1,035.00","1,012.60","1,015.85","1,925,482"
"23-Dec-2022","1,005.05","1,015.50","993.00","995.75","1,504,806"
"26-Dec-2022","1,000.35","1,006.50","993.00","1,001.00","966,423"
"27-Dec-2022","1,009.70","1,012.60","993.20","1,009.55","1,615,647"
"28-Dec-2022","1,005.30","1,019.40","1,002.20","1,016.25","1,077,963"
"29-Dec-2022","1,010.00","1,015.70","1,007.00","1,013.20","1,977,329"
"30-Dec-2022","1,022.75","1,027.65","1,015.00","1,016.40","1,317,151"
"02-Jan-2023","1,017.90","1,021.85","1,005.20","1,009.50","1,348,611"
"03-Jan-2023","1,013.00","1,024.80","1,008.05","1,023.80","1,439,615"
"04-Jan-2023","1,023.80","1,029.35","1,012.10","1,020.30","1,702,044"
"05-Jan-2023","1,021.00","1,024.95","1,004.50","1,011.65","1,376,035"
"06-Jan-2023","1,009.50","1,011.65","985.00","986.15","2,346,808"
"09-Jan-2023","997.95","1,021.00","995.40","1,015.25","2,190,779"
"10-Jan-2023","1,013.00","1,014.05","999.05","1,002.65","1,411,099"
"11-Jan-2023","1,008.45","1,016.95","1,003.25","1,006.35","1,294,200"
"12-Jan-2023","1,010.00","1,013.50","997.30","1,001.55","1,948,321"
"13-Jan-2023","1,004.45","1,009.00","986.30","1,003.15","2,837,817"
"16-Jan-2023","1,008.20","1,035.75","1,003.25","1,034.45","4,286,551"
"17-Jan-2023","1,034.00","1,050.00","1,030.90","1,046.05","2,466,876"
"18-Jan-2023","1,046.05","1,051.50","1,043.50","1,048.35","1,138,627"
"19-Jan-2023","1,043.90","1,054.00","1,040.10","1,053.30","1,768,051"
"20-Jan-2023","1,052.50","1,057.50","1,041.85","1,046.50","1,160,517"
"23-Jan-2023","1,053.50","1,069.60","1,047.25","1,065.30","1,344,952"
"24-Jan-2023","1,070.00","1,077.30","1,065.30","1,070.60","1,578,750"
"25-Jan-2023","1,065.00","1,067.70","1,049.00","1,051.15","1,049,973"
"27-Jan-2023","1,051.00","1,057.65","1,021.50","1,030.10","1,651,820"
"30-Jan-2023","1,030.10","1,047.95","1,018.40","1,036.10","2,654,212"
"31-Jan-2023","1,025.00","1,028.85","996.05","1,015.00","5,797,831"
"01-Feb-2023","1,018.05","1,034.50","1,003.30","1,023.75","1,939,670"
"02-Feb-2023","1,027.30","1,044.25","1,011.10","1,016.65","3,860,090"
"03-Feb-2023","1,024.45","1,026.90","1,003.00","1,011.30","2,980,262"
"06-Feb-2023","1,006.00","1,016.40","997.00","1,005.35","2,003,960"
"07-Feb-2023","1,005.00","1,008.45","997.00","1,002.45","1,697,633"
"08-Feb-2023","1,007.50","1,021.15","1,004.35","1,011.05","2,611,176"
"09-Feb-2023","1,011.05","1,017.70","1,002.60","1,016.00","1,782,899"
"10-Feb-2023","1,011.55","1,021.60","1,004.10","1,017.35","1,116,554"
"13-Feb-2023","1,015.00","1,017.80","1,000.50","1,002.50","1,682,312"
"14-Feb-2023","1,006.05","1,025.70","1,005.75","1,012.05","2,440,189"
"15-Feb-2023","1,014.90","1,075.00","1,008.30","1,071.40","6,712,218"
"16-Feb-2023","1,075.00","1,141.05","1,074.05","1,130.25","14,422,445"
"17-Feb-2023","1,108.10","1,139.00","1,108.10","1,129.20","5,333,732"
"20-Feb-2023","1,129.50","1,156.85","1,120.00","1,144.20","4,590,531"
"21-Feb-2023","1,146.00","1,151.95","1,131.05","1,134.45","3,494,288"
"22-Feb-2023","1,122.00","1,134.25","1,118.00","1,125.70","2,674,708"
"23-Feb-2023","1,127.00","1,149.50","1,124.05","1,128.80","2,576,193"
"24-Feb-2023","1,137.00","1,141.00","1,116.00","1,119.00","1,913,493"
"27-Feb-2023","1,109.00","1,118.25","1,096.85","1,113.95","2,247,105"
"28-Feb-2023","1,118.00","1,135.50","1,096.75","1,100.25","3,894,204"
"01-Mar-2023","1,100.25","1,129.00","1,097.00","1,126.90","2,084,324"
"02-Mar-2023","1,120.00","1,124.00","1,105.00","1,109.80","1,838,692"
"03-Mar-2023","1,118.00","1,119.60","1,082.45","1,085.15","2,388,401"
"06-Mar-2023","1,092.00","1,096.00","1,085.00","1,090.05","2,076,844"
"08-Mar-2023","1,080.00","1,088.40","1,069.60","1,078.30","2,230,530"
"09-Mar-2023","1,082.00","1,083.35","1,057.35","1,060.00","2,550,755"
"10-Mar-2023","1,045.00","1,062.95","1,041.05","1,061.25","1,400,844"
"13-Mar-2023","1,125.00","1,164.70","1,125.00","1,133.80","13,080,169"
"14-Mar-2023","1,128.00","1,138.25","1,098.40","1,115.30","4,325,522"
"15-Mar-2023","1,124.90","1,132.20","1,110.55","1,114.40","2,583,351"
"16-Mar-2023","1,106.00","1,122.60","1,101.05","1,117.75","2,396,839"
"17-Mar-2023","1,123.35","1,132.50","1,114.20","1,127.15","2,507,004"
"20-Mar-2023","1,136.80","1,136.80","1,096.00","1,109.00","4,007,438"
"21-Mar-2023","1,104.95","1,109.85","1,086.45","1,095.65","3,354,949"
"22-Mar-2023","1,097.00","1,106.30","1,093.55","1,099.60","1,750,203"
"23-Mar-2023","1,087.10","1,112.00","1,087.10","1,099.45","1,720,354"
"24-Mar-2023","1,105.00","1,118.00","1,096.65","1,101.95","1,943,460"
"27-Mar-2023","1,090.10","1,113.65","1,090.10","1,103.00","1,455,300"
"28-Mar-2023","1,099.00","1,104.60","1,066.20","1,070.30","2,431,154"
"29-Mar-2023","1,075.70","1,087.40","1,065.10","1,081.10","1,642,278"
"31-Mar-2023","1,095.00","1,106.00","1,091.45","1,101.85","2,281,085"
"03-Apr-2023","1,104.60","1,105.00","1,085.10","1,103.20","1,508,662"
"05-Apr-2023","1,102.00","1,115.00","1,098.60","1,103.50","1,947,605"
"06-Apr-2023","1,104.00","1,104.95","1,083.00","1,092.75","1,355,815"
"10-Apr-2023","1,096.35","1,111.75","1,090.85","1,107.25","940,829"
"11-Apr-2023","1,108.00","1,117.00","1,092.40","1,098.25","1,384,483"
"12-Apr-2023","1,103.00","1,113.50","1,090.80","1,109.90","1,376,719"
"13-Apr-2023","1,100.25","1,100.25","1,076.00","1,086.85","2,725,180"
"17-Apr-2023","1,035.00","1,038.00","1,002.00","1,029.95","4,349,422"
"18-Apr-2023","1,034.80","1,037.75","1,011.00","1,025.20","2,735,592"
"19-Apr-2023","1,025.20","1,029.00","1,010.00","1,013.90","1,953,837"
"20-Apr-2023","1,015.10","1,023.80","1,010.05","1,021.80","1,250,758"
"21-Apr-2023","1,014.30","1,019.60","993.85","998.75","4,269,272"
"24-Apr-2023","1,002.00","1,007.45","991.00","1,006.10","1,625,433"
"25-Apr-2023","1,006.00","1,006.10","994.40","997.00","1,984,203"
"26-Apr-2023","997.00","1,002.50","992.70","996.30","1,589,700"
"27-Apr-2023","999.00","1,008.65","993.00","1,003.15","3,543,950"
"28-Apr-2023","981.95","1,026.70","981.05","1,023.70","5,146,250"
"02-May-2023","1,020.40","1,065.80","1,020.40","1,053.45","4,762,884"
"03-May-2023","1,039.90","1,050.75","1,038.25","1,039.60","2,217,136"
"04-May-2023","1,033.00","1,047.05","1,028.85","1,045.45","1,744,298"
"05-May-2023","1,046.00","1,050.70","1,031.55","1,036.40","1,222,282"
"08-May-2023","1,040.95","1,047.00","1,035.30","1,043.35","1,487,285"
"09-May-2023","1,048.40","1,051.45","1,039.85","1,047.80","1,747,630"
"10-May-2023","1,048.00","1,051.00","1,038.15","1,046.15","1,186,977"
"11-May-2023","1,055.00","1,058.80","1,042.95","1,044.05","1,451,786"
"12-May-2023","1,044.05","1,053.50","1,034.05","1,046.35","1,140,016"
"15-May-2023","1,046.00","1,069.90","1,042.00","1,064.45","2,122,222"
"16-May-2023","1,069.90","1,071.80","1,053.00","1,057.20","1,343,911"
"17-May-2023","1,058.00","1,066.40","1,039.00","1,054.15","2,803,566"
"18-May-2023","1,059.00","1,059.95","1,045.05","1,048.70","909,923"
"19-May-2023","1,056.55","1,078.75","1,049.00","1,072.15","2,624,323"
"22-May-2023","1,072.00","1,110.45","1,070.10","1,104.45","2,996,190"
"23-May-2023","1,104.00","1,119.20","1,086.40","1,090.50","1,414,119"
"24-May-2023","1,085.25","1,103.35","1,085.00","1,098.75","1,782,245"
"25-May-2023","1,097.00","1,100.00","1,081.55","1,098.10","1,200,289"
"26-May-2023","1,099.00","1,120.40","1,099.00","1,114.75","2,104,054"
"29-May-2023","1,128.05","1,128.05","1,110.10","1,114.05","1,432,241"
"30-May-2023","1,115.00","1,120.80","1,095.00","1,098.40","2,822,485"
"31-May-2023","1,098.40","1,127.45","1,096.00","1,115.55","7,599,886"
"01-Jun-2023","1,122.00","1,136.70","1,117.60","1,120.80","1,412,280"
"02-Jun-2023","1,128.00","1,139.20","1,117.60","1,123.10","1,907,589"
"05-Jun-2023","1,124.10","1,134.55","1,107.50","1,109.35","1,754,521"
"06-Jun-2023","1,100.00","1,102.00","1,071.55","1,086.25","3,284,841"
"07-Jun-2023","1,095.00","1,099.00","1,084.20","1,095.70","2,086,377"
"08-Jun-2023","1,101.00","1,101.50","1,069.00","1,071.30","4,054,486"
"09-Jun-2023","1,079.00","1,079.00","1,060.10","1,063.05","2,782,697"
"12-Jun-2023","1,066.00","1,079.00","1,062.15","1,074.75","1,767,945"
"13-Jun-2023","1,079.55","1,087.90","1,075.40","1,079.40","1,846,534"
"14-Jun-2023","1,080.00","1,084.95","1,071.05","1,077.60","1,321,534"
"15-Jun-2023","1,078.95","1,083.50","1,069.35","1,081.50","1,389,325"
"16-Jun-2023","1,083.50","1,086.95","1,071.45","1,077.20","4,392,418"
"19-Jun-2023","1,079.00","1,095.80","1,074.05","1,093.60","2,188,899"
"20-Jun-2023","1,093.60","1,110.95","1,088.20","1,107.35","3,318,866"
"21-Jun-2023","1,107.35","1,120.75","1,104.10","1,119.90","1,985,965"
"22-Jun-2023","1,116.90","1,126.25","1,110.40","1,119.05","2,360,795"
"23-Jun-2023","1,114.00","1,118.00","1,094.05","1,115.50","3,492,348"
"26-Jun-2023","1,112.20","1,126.00","1,108.30","1,111.90","1,432,154"
"27-Jun-2023","1,109.00","1,121.00","1,106.70","1,119.70","1,227,245"
"28-Jun-2023","1,120.00","1,126.95","1,104.70","1,108.10","1,876,800"
"30-Jun-2023","1,114.65","1,132.50","1,110.60","1,130.85","2,478,834"
"03-Jul-2023","1,136.00","1,136.90","1,115.10","1,121.45","1,899,656"
"04-Jul-2023","1,123.55","1,156.00","1,120.10","1,148.00","2,773,593"
"05-Jul-2023","1,150.80","1,184.95","1,146.50","1,175.00","3,732,838"
"06-Jul-2023","1,175.00","1,184.00","1,162.00","1,179.25","2,520,085"
"07-Jul-2023","1,170.00","1,184.30","1,151.25","1,156.00","2,261,102"
"10-Jul-2023","1,159.95","1,159.95","1,135.60","1,147.15","2,088,505"
"11-Jul-2023","1,154.65","1,166.20","1,145.10","1,161.45","1,212,566"
"12-Jul-2023","1,166.00","1,169.00","1,153.45","1,159.40","1,274,203"
"13-Jul-2023","1,159.40","1,191.90","1,153.50","1,175.25","3,215,610"
"14-Jul-2023","1,183.95","1,232.00","1,183.00","1,228.65","6,033,106"
"17-Jul-2023","1,235.90","1,270.75","1,220.65","1,242.40","4,880,073"
"18-Jul-2023","1,243.00","1,258.40","1,225.00","1,247.55","2,666,872"
"19-Jul-2023","1,255.00","1,261.70","1,231.10","1,244.70","2,293,881"
"20-Jul-2023","1,245.00","1,255.50","1,235.60","1,252.95","2,000,345"
"21-Jul-2023","1,199.50","1,217.95","1,181.00","1,195.10","5,032,086"
"24-Jul-2023","1,196.50","1,203.95","1,155.25","1,161.85","2,669,308"
"25-Jul-2023","1,164.00","1,164.70","1,145.00","1,156.50","2,557,865"
"26-Jul-2023","1,158.00","1,167.00","1,139.45","1,143.20","3,170,213"
"27-Jul-2023","1,111.00","1,125.00","1,082.30","1,099.90","17,594,818"
"28-Jul-2023","1,100.00","1,100.00","1,085.05","1,091.05","4,244,321"
"31-Jul-2023","1,095.00","1,119.00","1,087.15","1,115.50","4,766,331"
"01-Aug-2023","1,120.00","1,154.50","1,119.90","1,143.50","3,805,214"
"02-Aug-2023","1,143.00","1,152.60","1,125.60","1,145.65","2,357,217"
"03-Aug-2023","1,140.00","1,146.95","1,121.30","1,142.80","2,348,236"
"04-Aug-2023","1,153.95","1,181.85","1,142.80","1,175.20","3,580,506"
"07-Aug-2023","1,180.00","1,192.85","1,172.10","1,183.65","1,694,290"
"08-Aug-2023","1,186.00","1,208.90","1,175.10","1,205.40","5,137,402"
"09-Aug-2023","1,206.95","1,236.50","1,200.20","1,228.00","3,396,984"
"10-Aug-2023","1,220.00","1,239.20","1,215.60","1,235.80","3,715,680"
"11-Aug-2023","1,235.80","1,250.35","1,215.30","1,220.45","2,933,959"
"14-Aug-2023","1,212.10","1,221.20","1,203.00","1,219.75","1,842,625"
"16-Aug-2023","1,221.00","1,239.00","1,220.00","1,227.85","2,341,456"
"17-Aug-2023","1,225.00","1,233.90","1,214.55","1,231.75","2,636,308"
"18-Aug-2023","1,225.95","1,225.95","1,205.15","1,210.80","1,794,430"
"21-Aug-2023","1,205.00","1,224.00","1,204.35","1,218.85","1,175,945"
"22-Aug-2023","1,218.85","1,223.00","1,209.25","1,213.20","1,003,208"
"23-Aug-2023","1,213.20","1,218.85","1,199.20","1,201.00","1,569,035"
"24-Aug-2023","1,206.20","1,216.50","1,196.70","1,199.10","1,218,843"
"25-Aug-2023","1,190.00","1,197.20","1,178.45","1,189.50","1,213,340"
"28-Aug-2023","1,189.55","1,196.30","1,182.30","1,184.75","950,013"
"29-Aug-2023","1,192.40","1,207.90","1,188.25","1,198.00","1,419,344"
"30-Aug-2023","1,207.95","1,221.60","1,194.55","1,197.20","2,016,339"
"31-Aug-2023","1,199.00","1,214.50","1,198.00","1,201.95","2,817,747"
"01-Sep-2023","1,205.00","1,229.90","1,204.05","1,228.05","1,686,038"
"04-Sep-2023","1,235.00","1,266.00","1,225.55","1,256.75","3,466,873"
"05-Sep-2023","1,258.75","1,266.60","1,248.65","1,254.55","2,199,985"
"06-Sep-2023","1,254.55","1,259.60","1,235.85","1,248.95","1,753,376"
"07-Sep-2023","1,248.95","1,274.85","1,238.65","1,269.25","2,554,884"
"08-Sep-2023","1,272.00","1,278.00","1,259.05","1,262.95","1,731,105"
"11-Sep-2023","1,265.00","1,275.00","1,263.50","1,268.85","1,293,853"
"12-Sep-2023","1,271.80","1,283.80","1,251.55","1,266.00","2,335,224"
"13-Sep-2023","1,260.30","1,268.75","1,253.90","1,260.40","1,204,376"
"14-Sep-2023","1,262.00","1,289.35","1,262.00","1,279.85","3,288,631"
"15-Sep-2023","1,278.20","1,303.70","1,274.00","1,300.05","4,316,210"
"18-Sep-2023","1,301.00","1,302.00","1,283.00","1,289.80","1,967,717"
"20-Sep-2023","1,282.00","1,289.15","1,269.05","1,274.35","2,843,560"
"21-Sep-2023","1,275.95","1,296.00","1,265.90","1,291.65","2,960,250"
"22-Sep-2023","1,290.05","1,320.00","1,284.00","1,305.35","3,252,940"
"25-Sep-2023","1,305.35","1,314.40","1,296.05","1,299.45","2,100,302"
"26-Sep-2023","1,300.00","1,303.05","1,279.15","1,282.30","1,141,475"
"27-Sep-2023","1,269.95","1,293.90","1,264.00","1,288.65","1,568,115"
"28-Sep-2023","1,274.05","1,274.05","1,222.00","1,229.50","6,570,797"
"29-Sep-2023","1,224.00","1,231.65","1,210.00","1,222.80","2,861,162"
"03-Oct-2023","1,220.60","1,230.70","1,212.55","1,216.20","1,622,290"
"04-Oct-2023","1,210.00","1,215.50","1,186.05","1,205.00","2,340,603"
"05-Oct-2023","1,214.00","1,223.95","1,199.50","1,205.60","2,497,613"
"06-Oct-2023","1,207.00","1,223.00","1,205.00","1,216.90","1,446,719"
"09-Oct-2023","1,203.25","1,227.75","1,202.15","1,212.65","1,451,064"
"10-Oct-2023","1,215.20","1,231.45","1,213.00","1,227.75","1,503,359"
"11-Oct-2023","1,230.10","1,238.90","1,222.00","1,231.60","1,622,663"
"12-Oct-2023","1,232.00","1,232.00","1,189.30","1,198.75","2,452,842"
"13-Oct-2023","1,187.00","1,202.95","1,180.00","1,194.10","3,266,079"
"16-Oct-2023","1,195.30","1,198.25","1,180.80","1,184.60","2,638,043"
"17-Oct-2023","1,190.00","1,203.00","1,188.45","1,197.60","1,163,897"
"18-Oct-2023","1,200.00","1,202.00","1,178.05","1,187.10","2,337,078"
"19-Oct-2023","1,170.55","1,185.45","1,167.80","1,172.15","3,107,691"
"20-Oct-2023","1,170.00","1,176.00","1,148.40","1,170.70","2,962,470"
"23-Oct-2023","1,164.10","1,170.95","1,151.55","1,155.95","1,203,959"
"25-Oct-2023","1,162.00","1,165.90","1,136.50","1,142.15","1,555,285"
"26-Oct-2023","1,100.05","1,120.00","1,098.15","1,115.45","7,099,401"
"27-Oct-2023","1,119.95","1,125.95","1,114.05","1,120.55","1,382,498"
"30-Oct-2023","1,120.55","1,138.90","1,115.50","1,126.90","2,255,915"
"31-Oct-2023","1,126.90","1,137.15","1,115.55","1,133.15","1,194,765"
"01-Nov-2023","1,130.95","1,138.00","1,119.95","1,125.10","1,288,497"
"02-Nov-2023","1,125.00","1,130.00","1,113.80","1,115.50","2,493,118"
"03-Nov-2023","1,124.00","1,136.00","1,116.00","1,133.10","1,108,121"
"06-Nov-2023","1,137.50","1,144.80","1,134.35","1,142.15","572,330"
"07-Nov-2023","1,142.00","1,150.30","1,136.55","1,149.00","902,481"
"08-Nov-2023","1,151.75","1,152.85","1,137.05","1,139.15","806,162"
"09-Nov-2023","1,140.00","1,141.00","1,117.20","1,123.95","6,042,108"
"10-Nov-2023","1,122.00","1,139.75","1,121.50","1,138.15","706,806"
"12-Nov-2023","1,146.00","1,147.15","1,140.00","1,142.15","86,328"
"13-Nov-2023","1,140.60","1,142.15","1,128.00","1,131.35","435,537"
"15-Nov-2023","1,145.00","1,178.85","1,143.50","1,173.75","2,816,201"
"16-Nov-2023","1,175.00","1,214.95","1,167.40","1,207.20","2,294,942"
"17-Nov-2023","1,212.20","1,213.95","1,198.00","1,202.75","1,176,628"
"20-Nov-2023","1,204.90","1,222.50","1,202.75","1,211.80","1,077,366"
"21-Nov-2023","1,219.95","1,221.15","1,200.40","1,204.50","1,129,326"
"22-Nov-2023","1,205.00","1,218.00","1,204.00","1,215.40","750,622"
"23-Nov-2023","1,215.00","1,220.90","1,206.95","1,210.90","651,637"
"24-Nov-2023","1,212.05","1,214.95","1,195.10","1,197.85","884,921"
"28-Nov-2023","1,195.10","1,209.00","1,186.00","1,202.40","910,795"
"29-Nov-2023","1,207.00","1,234.60","1,206.65","1,221.70","1,898,448"
"30-Nov-2023","1,222.00","1,228.30","1,208.70","1,220.95","2,978,406"
"01-Dec-2023","1,226.80","1,226.80","1,211.55","1,220.55","1,017,856"
"04-Dec-2023","1,238.00","1,249.20","1,218.00","1,223.90","1,581,599"
"05-Dec-2023","1,224.00","1,226.25","1,208.85","1,220.60","1,499,843"
"06-Dec-2023","1,223.00","1,247.00","1,218.65","1,225.20","2,637,916"
"07-Dec-2023","1,226.00","1,231.00","1,220.10","1,223.25","1,076,885"
"08-Dec-2023","1,230.00","1,237.95","1,217.25","1,225.30","2,642,571"
"11-Dec-2023","1,231.00","1,240.50","1,225.30","1,233.30","1,558,876"
"12-Dec-2023","1,237.95","1,245.00","1,218.65","1,226.15","1,114,846"
"13-Dec-2023","1,226.00","1,233.95","1,197.05","1,216.10","3,025,706"
"14-Dec-2023","1,235.00","1,269.80","1,230.15","1,264.70","5,287,733"
"15-Dec-2023","1,270.00","1,324.80","1,262.50","1,306.10","5,900,381"
"18-Dec-2023","1,305.00","1,333.05","1,286.45","1,291.75","2,671,348"
"19-Dec-2023","1,300.00","1,300.95","1,269.20","1,281.45","1,717,860"
"20-Dec-2023","1,291.00","1,314.00","1,238.20","1,248.60","2,860,865"
"21-Dec-2023","1,232.00","1,258.55","1,226.00","1,250.10","3,337,533"
"22-Dec-2023","1,260.00","1,280.90","1,242.50","1,275.15","2,297,352"
"26-Dec-2023","1,275.00","1,288.75","1,260.55","1,282.00","1,720,830"
"27-Dec-2023","1,287.90","1,291.50","1,267.25","1,280.15","1,584,695"
"28-Dec-2023","1,285.00","1,289.00","1,270.55","1,285.95","2,284,964"
"29-Dec-2023","1,285.95","1,291.95","1,268.10","1,272.65","1,187,193"
"01-Jan-2024","1,273.00","1,303.80","1,265.25","1,297.15","1,776,828"
"02-Jan-2024","1,298.00","1,299.10","1,272.85","1,278.10","1,615,064"
"03-Jan-2024","1,265.00","1,274.00","1,240.00","1,244.20","2,231,707"
"04-Jan-2024","1,250.10","1,254.70","1,231.70","1,247.50","3,355,191"
"05-Jan-2024","1,254.90","1,271.85","1,245.55","1,248.30","1,756,868"
"08-Jan-2024","1,250.20","1,254.25","1,221.40","1,228.95","1,320,667"
"09-Jan-2024","1,240.55","1,251.20","1,232.60","1,235.65","994,439"
"10-Jan-2024","1,236.50","1,246.45","1,228.30","1,240.90","808,638"
"11-Jan-2024","1,240.90","1,261.80","1,240.90","1,249.40","930,492"
"12-Jan-2024","1,271.80","1,311.75","1,267.00","1,308.05","5,023,455"
"15-Jan-2024","1,335.00","1,401.50","1,333.85","1,337.65","6,012,767"
"16-Jan-2024","1,330.10","1,332.20","1,310.50","1,320.40","1,883,106"
"17-Jan-2024","1,306.00","1,334.50","1,305.25","1,326.75","2,313,059"
"18-Jan-2024","1,326.70","1,369.50","1,306.00","1,355.15","4,533,782"
"19-Jan-2024","1,373.90","1,397.85","1,355.00","1,389.90","4,463,826"
"20-Jan-2024","1,405.00","1,406.20","1,376.00","1,385.60","1,001,018"
"23-Jan-2024","1,396.50","1,416.30","1,356.75","1,366.65","2,683,661"
"24-Jan-2024","1,372.95","1,410.50","1,365.55","1,407.95","2,008,135"
"25-Jan-2024","1,348.00","1,356.35","1,312.05","1,322.05","8,424,862"
"29-Jan-2024","1,338.00","1,338.00","1,311.00","1,314.35","2,495,791"
"30-Jan-2024","1,323.95","1,340.95","1,315.00","1,317.85","2,293,154"
"31-Jan-2024","1,318.10","1,336.00","1,312.30","1,333.65","1,798,462"
"01-Feb-2024","1,330.00","1,336.35","1,309.75","1,312.50","2,286,420"
"02-Feb-2024","1,323.50","1,354.00","1,323.05","1,338.10","1,838,847"
"05-Feb-2024","1,345.80","1,353.10","1,328.00","1,332.75","953,919"
"06-Feb-2024","1,330.00","1,362.40","1,328.10","1,351.05","2,713,529"
"07-Feb-2024","1,351.50","1,358.70","1,314.05","1,318.00","2,004,588"
"08-Feb-2024","1,326.00","1,329.65","1,302.00","1,309.25","2,308,756"
"09-Feb-2024","1,317.00","1,321.45","1,305.95","1,311.05","1,085,349"
"12-Feb-2024","1,318.40","1,331.00","1,311.10","1,318.80","1,149,683"
"13-Feb-2024","1,321.95","1,334.80","1,300.00","1,328.45","1,127,361"
"14-Feb-2024","1,310.00","1,319.95","1,282.65","1,292.90","3,426,103"
"15-Feb-2024","1,304.70","1,308.00","1,291.55","1,300.35","1,703,763"
"16-Feb-2024","1,305.10","1,309.20","1,298.00","1,302.55","1,994,659"
"19-Feb-2024","1,302.95","1,318.00","1,287.45","1,310.00","1,496,111"
"20-Feb-2024","1,310.00","1,323.65","1,302.00","1,320.55","2,113,200"
"21-Feb-2024","1,320.00","1,325.00","1,292.20","1,296.60","1,769,508"
"22-Feb-2024","1,307.00","1,330.50","1,299.35","1,328.10","2,201,424"
"23-Feb-2024","1,338.90","1,342.55","1,316.30","1,322.25","1,660,506"
"26-Feb-2024","1,322.25","1,324.90","1,295.00","1,298.25","1,196,507"
"27-Feb-2024","1,295.00","1,305.05","1,283.70","1,296.05","1,488,661"
"28-Feb-2024","1,302.00","1,306.05","1,271.00","1,285.85","1,289,779"
"29-Feb-2024","1,280.00","1,285.20","1,264.25","1,273.85","2,251,498"
"01-Mar-2024","1,287.00","1,287.00","1,268.00","1,271.80","1,560,034"
"02-Mar-2024","1,278.00","1,282.00","1,271.00","1,272.50","217,683"
"04-Mar-2024","1,275.60","1,285.50","1,270.10","1,280.05","1,843,831"
"05-Mar-2024","1,274.90","1,279.90","1,259.10","1,272.50","1,420,379"
"06-Mar-2024","1,267.50","1,274.35","1,250.10","1,271.00","2,064,350"
"07-Mar-2024","1,275.00","1,293.10","1,265.55","1,288.15","2,073,691"
"11-Mar-2024","1,288.15","1,296.30","1,275.50","1,289.00","1,577,732"
"12-Mar-2024","1,295.00","1,307.65","1,277.70","1,292.30","1,963,068"
"13-Mar-2024","1,292.30","1,299.40","1,266.30","1,277.20","2,001,399"
"14-Mar-2024","1,272.00","1,297.45","1,258.05","1,293.35","2,129,097"
"15-Mar-2024","1,293.00","1,293.00","1,268.50","1,282.20","2,499,025"
"18-Mar-2024","1,282.00","1,287.45","1,268.05","1,272.65","630,807"
"19-Mar-2024","1,270.00","1,272.65","1,248.90","1,252.25","1,243,420"
"20-Mar-2024","1,252.00","1,272.00","1,247.00","1,264.30","1,139,621"
"21-Mar-2024","1,275.00","1,287.45","1,270.65","1,282.75","1,420,041"
"22-Mar-2024","1,258.50","1,279.90","1,236.10","1,262.65","2,990,908"
"26-Mar-2024","1,262.25","1,271.60","1,251.00","1,254.35","2,144,358"
"27-Mar-2024","1,258.00","1,263.15","1,246.55","1,253.80","2,128,854"
"28-Mar-2024","1,260.00","1,264.95","1,242.00","1,248.10","2,436,133"
"01-Apr-2024","1,252.10","1,261.15","1,242.00","1,244.55","1,397,037"
"02-Apr-2024","1,244.00","1,251.95","1,235.10","1,236.80","1,320,357"
"03-Apr-2024","1,240.00","1,263.00","1,240.00","1,255.15","1,819,093"
"04-Apr-2024","1,260.00","1,289.00","1,246.90","1,279.25","2,460,669"
"05-Apr-2024","1,275.00","1,275.95","1,260.20","1,263.40","1,184,658"
"08-Apr-2024","1,270.00","1,270.00","1,256.10","1,265.15","686,932"
"09-Apr-2024","1,265.10","1,281.00","1,242.75","1,251.40","1,198,161"
"10-Apr-2024","1,260.45","1,273.45","1,252.00","1,266.30","1,994,380"
"12-Apr-2024","1,264.95","1,269.75","1,238.00","1,242.10","2,887,322"
"15-Apr-2024","1,235.00","1,240.65","1,211.00","1,218.75","2,153,147"
"16-Apr-2024","1,205.00","1,213.15","1,191.00","1,195.80","2,085,459"
"18-Apr-2024","1,199.55","1,207.85","1,176.05","1,179.65","3,242,357"
"19-Apr-2024","1,163.05","1,204.85","1,162.95","1,193.65","2,572,144"
"22-Apr-2024","1,196.10","1,216.70","1,195.10","1,208.05","1,364,143"
"23-Apr-2024","1,218.00","1,218.00","1,198.80","1,200.25","1,460,983"
"24-Apr-2024","1,207.95","1,207.95","1,181.50","1,185.70","1,375,843"
"25-Apr-2024","1,185.00","1,193.55","1,172.80","1,190.30","3,357,065"
"26-Apr-2024","1,250.00","1,347.00","1,241.00","1,278.75","20,431,926"
"29-Apr-2024","1,290.00","1,311.00","1,285.00","1,288.30","4,120,529"
"30-Apr-2024","1,288.30","1,291.10","1,260.05","1,263.50","2,613,213"
"02-May-2024","1,263.20","1,274.35","1,253.50","1,266.90","2,124,221"
"03-May-2024","1,270.00","1,272.00","1,243.05","1,250.45","2,322,455"
"06-May-2024","1,258.00","1,265.70","1,245.10","1,262.25","1,363,667"
"07-May-2024","1,268.00","1,294.80","1,256.90","1,292.45","2,350,444"
"08-May-2024","1,294.00","1,300.00","1,280.35","1,287.00","1,332,284"
"09-May-2024","1,282.00","1,285.90","1,261.40","1,269.10","2,420,777"
"10-May-2024","1,266.00","1,273.20","1,248.25","1,264.40","1,322,206"
"13-May-2024","1,264.40","1,266.35","1,250.05","1,262.05","593,453"
"14-May-2024","1,263.95","1,284.00","1,254.10","1,275.50","1,386,032"
"15-May-2024","1,275.00","1,282.95","1,265.00","1,274.50","1,008,105"
"16-May-2024","1,287.00","1,312.60","1,281.30","1,307.95","4,868,225"
"17-May-2024","1,309.10","1,320.00","1,297.80","1,305.40","1,925,387"
"18-May-2024","1,305.40","1,312.05","1,298.60","1,305.65","83,153"
"21-May-2024","1,307.00","1,327.00","1,304.10","1,323.90","1,453,689"
"22-May-2024","1,330.00","1,335.40","1,311.05","1,330.40","1,411,627"
"23-May-2024","1,336.00","1,343.95","1,325.10","1,337.50","1,440,740"
"24-May-2024","1,337.50","1,345.00","1,318.00","1,321.75","1,288,301"
"27-May-2024","1,323.00","1,342.80","1,318.25","1,329.70","980,450"
"28-May-2024","1,329.00","1,330.35","1,311.30","1,315.10","1,608,944"
"29-May-2024","1,314.00","1,314.00","1,284.10","1,286.45","1,405,567"
"30-May-2024","1,280.05","1,287.75","1,235.35","1,240.85","2,610,479"
"31-May-2024","1,245.95","1,255.25","1,224.05","1,228.45","4,649,449"
"03-Jun-2024","1,255.00","1,261.80","1,236.55","1,245.35","1,091,287"
"04-Jun-2024","1,245.35","1,253.70","1,193.65","1,239.30","2,471,911"
"05-Jun-2024","1,260.00","1,284.95","1,236.75","1,266.90","2,709,585"
"06-Jun-2024","1,285.00","1,323.60","1,274.20","1,317.45","3,205,121"
"07-Jun-2024","1,330.00","1,381.00","1,327.00","1,377.60","5,790,599"
"10-Jun-2024","1,377.60","1,378.00","1,335.15","1,340.35","2,532,308"
"11-Jun-2024","1,348.90","1,359.85","1,341.15","1,349.45","1,465,705"
"12-Jun-2024","1,364.80","1,381.00","1,357.15","1,370.60","2,786,009"
"13-Jun-2024","1,380.00","1,396.85","1,375.35","1,388.95","1,953,367"
"14-Jun-2024","1,395.00","1,395.75","1,364.10","1,371.45","1,733,356"
"18-Jun-2024","1,380.45","1,391.45","1,370.15","1,371.35","950,760"
"19-Jun-2024","1,377.00","1,386.95","1,361.00","1,381.15","1,313,197"
"20-Jun-2024","1,386.00","1,399.00","1,371.45","1,393.10","1,987,190"
"21-Jun-2024","1,408.00","1,440.30","1,386.05","1,399.80","6,836,535"
"24-Jun-2024","1,390.00","1,409.00","1,381.00","1,401.70","1,111,433"
"25-Jun-2024","1,398.80","1,432.00","1,394.75","1,427.75","2,201,375"
"26-Jun-2024","1,432.80","1,434.80","1,410.00","1,413.05","1,565,878"
"27-Jun-2024","1,404.35","1,443.80","1,392.00","1,432.25","4,286,657"
"28-Jun-2024","1,441.00","1,453.00","1,426.65","1,430.35","2,222,285"
"01-Jul-2024","1,430.35","1,478.50","1,424.15","1,472.10","3,837,301"
"02-Jul-2024","1,480.00","1,498.00","1,470.00","1,472.15","2,092,643"
"03-Jul-2024","1,479.95","1,485.00","1,461.00","1,479.80","896,602"
"04-Jul-2024","1,482.00","1,492.00","1,453.30","1,459.15","1,322,999"
"05-Jul-2024","1,467.00","1,470.00","1,449.95","1,461.35","1,334,838"
"08-Jul-2024","1,461.35","1,478.95","1,460.15","1,467.60","807,698"
"09-Jul-2024","1,466.00","1,469.40","1,455.00","1,465.75","1,049,695"
"10-Jul-2024","1,472.10","1,472.80","1,441.50","1,463.35","802,718"
"11-Jul-2024","1,476.00","1,476.00","1,441.25","1,460.60","1,408,434"
"12-Jul-2024","1,475.00","1,511.80","1,461.05","1,505.05","4,372,156"
"15-Jul-2024","1,520.10","1,527.50","1,492.00","1,499.05","2,374,623"
"16-Jul-2024","1,503.35","1,519.00","1,489.10","1,516.20","1,794,159"
"18-Jul-2024","1,507.00","1,545.70","1,505.00","1,539.35","2,752,497"
"19-Jul-2024","1,538.00","1,539.95","1,486.50","1,491.40","2,504,915"
"22-Jul-2024","1,479.95","1,505.85","1,476.10","1,495.55","2,225,781"
"23-Jul-2024","1,491.00","1,502.70","1,460.00","1,493.40","1,640,492"
"24-Jul-2024","1,493.40","1,540.00","1,473.40","1,533.30","2,561,617"
"25-Jul-2024","1,525.00","1,547.55","1,504.90","1,530.00","3,283,912"
"26-Jul-2024","1,530.00","1,544.65","1,444.25","1,541.15","7,133,745"
"29-Jul-2024","1,545.65","1,554.70","1,510.05","1,525.35","1,755,979"
"30-Jul-2024","1,520.00","1,551.95","1,520.00","1,538.05","1,622,543"
"31-Jul-2024","1,538.00","1,561.75","1,535.00","1,554.40","2,398,955"
"01-Aug-2024","1,554.40","1,569.00","1,537.60","1,544.45","1,315,921"
"02-Aug-2024","1,525.50","1,533.55","1,502.30","1,507.70","2,894,949"
"05-Aug-2024","1,470.00","1,484.25","1,426.75","1,456.35","2,186,582"
"06-Aug-2024","1,465.50","1,503.00","1,465.50","1,483.40","1,665,788"
"07-Aug-2024","1,500.80","1,515.25","1,471.00","1,473.65","3,002,937"
"08-Aug-2024","1,470.00","1,488.15","1,462.00","1,466.45","2,333,194"
"09-Aug-2024","1,484.95","1,509.25","1,480.55","1,506.70","1,521,252"
"12-Aug-2024","1,506.70","1,524.50","1,489.40","1,512.50","1,809,860"
"13-Aug-2024","1,508.30","1,523.65","1,495.15","1,503.40","580,901"
"14-Aug-2024","1,512.00","1,529.45","1,505.00","1,524.40","2,833,790"
"16-Aug-2024","1,558.40","1,589.00","1,531.30","1,585.30","3,224,481"
"19-Aug-2024","1,587.85","1,602.70","1,575.85","1,594.65","1,640,507"
"20-Aug-2024","1,601.00","1,633.65","1,595.25","1,628.60","2,442,281"
"21-Aug-2024","1,616.00","1,628.00","1,602.00","1,604.65","1,935,929"
"22-Aug-2024","1,605.05","1,620.65","1,596.00","1,611.25","1,562,554"
"23-Aug-2024","1,613.05","1,616.95","1,593.05","1,598.40","1,020,913"
"26-Aug-2024","1,610.00","1,643.00","1,609.00","1,640.15","1,510,157"
"27-Aug-2024","1,644.00","1,645.00","1,622.10","1,624.60","1,083,351"
"28-Aug-2024","1,620.00","1,665.00","1,616.20","1,627.35","3,033,590"
"29-Aug-2024","1,620.05","1,656.25","1,620.05","1,647.35","2,194,339"
"30-Aug-2024","1,647.00","1,663.75","1,631.10","1,636.50","1,926,984"
"02-Sep-2024","1,636.50","1,662.00","1,635.55","1,646.65","1,582,818"
"03-Sep-2024","1,639.00","1,659.25","1,632.10","1,644.10","1,739,553"
"04-Sep-2024","1,619.75","1,650.00","1,608.90","1,645.30","1,643,875"
"05-Sep-2024","1,653.00","1,657.90","1,632.90","1,639.50","1,080,904"
"06-Sep-2024","1,639.50","1,651.20","1,613.95","1,623.25","1,672,937"
"09-Sep-2024","1,623.20","1,631.30","1,574.75","1,579.20","2,965,098"
"10-Sep-2024","1,592.00","1,613.70","1,578.50","1,607.40","2,541,973"
"11-Sep-2024","1,612.00","1,627.00","1,598.10","1,602.60","1,395,340"
"12-Sep-2024","1,619.90","1,649.60","1,606.00","1,643.25","2,356,422"
"13-Sep-2024","1,649.90","1,659.90","1,638.00","1,656.05","1,373,924"
"16-Sep-2024","1,651.10","1,670.00","1,646.50","1,649.00","1,060,407"
"17-Sep-2024","1,649.00","1,672.00","1,641.10","1,651.55","1,499,644"
"18-Sep-2024","1,648.15","1,648.15","1,589.00","1,605.40","2,930,297"
"19-Sep-2024","1,620.00","1,635.35","1,587.05","1,595.35","3,032,379"
"20-Sep-2024","1,608.00","1,629.30","1,582.40","1,622.05","3,984,683"
"23-Sep-2024","1,624.95","1,631.00","1,594.50","1,607.15","1,535,902"
"24-Sep-2024","1,601.55","1,643.50","1,598.10","1,637.10","1,781,972"
"25-Sep-2024","1,637.10","1,643.10","1,590.05","1,602.75","2,505,756"
"26-Sep-2024","1,610.00","1,619.85","1,596.00","1,606.95","2,173,853"
"27-Sep-2024","1,625.00","1,664.80","1,604.55","1,609.25","3,539,822"
"30-Sep-2024","1,606.00","1,606.00","1,567.85","1,577.20","3,460,691"
"01-Oct-2024","1,580.00","1,642.90","1,580.00","1,625.40","5,176,596"
"03-Oct-2024","1,615.00","1,631.15","1,596.15","1,604.05","2,332,279"
"04-Oct-2024","1,591.00","1,648.40","1,591.00","1,616.45","2,927,576"
"07-Oct-2024","1,624.95","1,632.05","1,600.20","1,618.55","1,619,326"
"08-Oct-2024","1,625.00","1,635.00","1,603.60","1,629.10","1,311,331"
"09-Oct-2024","1,639.00","1,669.80","1,632.05","1,658.80","2,177,241"
"10-Oct-2024","1,673.00","1,675.95","1,611.35","1,619.70","1,518,162"
"11-Oct-2024","1,603.00","1,650.00","1,603.00","1,647.05","1,019,027"
"14-Oct-2024","1,648.00","1,697.00","1,648.00","1,692.50","2,070,051"
"15-Oct-2024","1,700.00","1,703.45","1,663.50","1,675.35","2,503,380"
"16-Oct-2024","1,670.00","1,677.45","1,652.80","1,660.30","1,070,524"
"17-Oct-2024","1,660.70","1,709.90","1,656.00","1,699.00","3,771,316"
"18-Oct-2024","1,695.00","1,702.40","1,645.60","1,687.90","3,119,646"
"21-Oct-2024","1,745.00","1,761.85","1,690.05","1,701.20","5,898,020"
"22-Oct-2024","1,703.40","1,726.95","1,691.45","1,696.55","2,484,594"
"23-Oct-2024","1,696.55","1,749.00","1,685.60","1,735.95","4,198,781"
"24-Oct-2024","1,735.05","1,748.00","1,728.05","1,735.75","1,570,443"
"25-Oct-2024","1,735.75","1,742.40","1,710.35","1,716.45","1,743,714"
"28-Oct-2024","1,710.00","1,727.95","1,693.20","1,702.55","1,271,473"
"29-Oct-2024","1,709.00","1,724.10","1,680.35","1,698.50","1,499,121"
"30-Oct-2024","1,704.10","1,712.15","1,682.25","1,684.95","1,305,424"
"31-Oct-2024","1,666.60","1,669.80","1,595.55","1,608.65","3,638,913"
"01-Nov-2024","1,619.00","1,619.00","1,598.80","1,603.65","249,236"
"04-Nov-2024","1,614.00","1,640.25","1,608.05","1,638.40","2,746,587"
"05-Nov-2024","1,638.30","1,654.00","1,623.80","1,632.65","1,376,651"
"06-Nov-2024","1,649.95","1,697.75","1,635.00","1,693.55","3,164,061"
"07-Nov-2024","1,695.00","1,715.50","1,644.35","1,651.00","1,285,140"
"08-Nov-2024","1,660.00","1,686.45","1,650.05","1,681.35","1,883,257"
"11-Nov-2024","1,672.80","1,715.45","1,666.05","1,704.15","1,587,351"
"12-Nov-2024","1,710.00","1,710.50","1,684.00","1,687.00","1,414,446"
"13-Nov-2024","1,680.00","1,689.00","1,663.65","1,675.60","1,063,556"
"14-Nov-2024","1,663.00","1,692.00","1,663.00","1,687.50","1,919,974"
"18-Nov-2024","1,684.75","1,688.00","1,633.25","1,660.80","1,617,013"
"19-Nov-2024","1,664.90","1,724.40","1,664.10","1,699.65","1,982,317"
"21-Nov-2024","1,712.00","1,725.00","1,684.80","1,702.25","2,212,146"
"22-Nov-2024","1,714.75","1,749.85","1,702.25","1,747.45","2,344,087"
"25-Nov-2024","1,760.00","1,767.80","1,727.85","1,732.60","3,913,302"
"26-Nov-2024","1,732.60","1,762.00","1,731.05","1,745.40","1,291,712"
"27-Nov-2024","1,741.00","1,767.00","1,735.55","1,756.80","2,088,228"
"28-Nov-2024","1,757.00","1,760.00","1,706.80","1,713.35","1,787,990"
"29-Nov-2024","1,708.00","1,730.00","1,700.50","1,712.30","1,556,942"
"02-Dec-2024","1,710.00","1,748.00","1,705.90","1,745.95","1,370,756"
"03-Dec-2024","1,760.00","1,761.00","1,737.60","1,749.50","1,824,151"
"04-Dec-2024","1,742.10","1,774.60","1,740.60","1,759.60","1,811,165"
"05-Dec-2024","1,759.60","1,793.95","1,755.10","1,786.95","2,762,694"
"06-Dec-2024","1,797.00","1,797.00","1,775.60","1,782.80","1,180,840"
"09-Dec-2024","1,779.10","1,800.75","1,771.20","1,777.85","1,069,659"
"10-Dec-2024","1,766.20","1,777.00","1,753.30","1,763.55","1,625,591"
"11-Dec-2024","1,765.00","1,769.75","1,750.05","1,762.80","1,285,654"
"12-Dec-2024","1,768.05","1,807.70","1,761.05","1,789.60","3,018,243"
"13-Dec-2024","1,781.00","1,804.60","1,761.00","1,796.40","1,503,188"
"16-Dec-2024","1,793.50","1,793.50","1,766.00","1,775.55","1,075,193"
"17-Dec-2024","1,777.45","1,789.15","1,761.00","1,770.75","1,160,899"
"18-Dec-2024","1,762.05","1,787.95","1,760.55","1,778.90","1,337,600"
"19-Dec-2024","1,739.95","1,768.90","1,735.00","1,754.35","2,402,819"
"20-Dec-2024","1,770.00","1,770.85","1,680.10","1,686.05","2,921,154"
"23-Dec-2024","1,690.90","1,725.00","1,685.85","1,712.40","1,301,223"
"24-Dec-2024","1,717.60","1,725.35","1,695.70","1,704.90","711,026"
"26-Dec-2024","1,707.10","1,714.65","1,690.65","1,698.70","659,638"
"27-Dec-2024","1,704.95","1,716.50","1,698.70","1,711.65","647,945"
"30-Dec-2024","1,715.00","1,773.60","1,693.80","1,740.85","6,781,500"
"31-Dec-2024","1,729.00","1,729.00","1,682.45","1,706.20","1,459,630"
"01-Jan-2025","1,700.60","1,717.60","1,691.25","1,703.85","721,479"
"02-Jan-2025","1,709.00","1,735.70","1,696.00","1,726.95","1,238,954"
"03-Jan-2025","1,712.20","1,729.85","1,681.35","1,689.45","2,448,088"
"06-Jan-2025","1,704.75","1,711.30","1,675.00","1,686.30","945,693"
"07-Jan-2025","1,693.00","1,705.00","1,661.50","1,671.15","1,305,847"
"08-Jan-2025","1,667.95","1,669.95","1,634.00","1,663.75","673,344"
"09-Jan-2025","1,663.70","1,669.50","1,638.20","1,642.80","774,065"
"10-Jan-2025","1,653.10","1,714.00","1,636.30","1,705.60","2,208,899"
"13-Jan-2025","1,698.05","1,701.00","1,649.90","1,659.65","1,401,093"
"14-Jan-2025","1,669.90","1,670.45","1,621.30","1,647.50","2,480,288"
"15-Jan-2025","1,658.00","1,679.00","1,650.15","1,675.95","1,079,742"
"16-Jan-2025","1,695.00","1,722.85","1,670.95","1,687.65","2,334,315"
"17-Jan-2025","1,684.75","1,699.90","1,650.40","1,660.30","2,502,285"
"20-Jan-2025","1,663.00","1,687.15","1,625.00","1,674.60","4,856,268"
"21-Jan-2025","1,674.60","1,703.55","1,636.10","1,640.50","2,500,061"
"22-Jan-2025","1,642.70","1,688.75","1,635.25","1,683.95","2,478,559"
"23-Jan-2025","1,671.00","1,729.50","1,671.00","1,713.40","2,255,334"
"24-Jan-2025","1,719.00","1,736.40","1,705.35","1,723.05","1,257,165"
"27-Jan-2025","1,710.00","1,713.90","1,645.00","1,653.90","1,174,799"
"28-Jan-2025","1,655.95","1,664.65","1,638.00","1,648.35","1,820,874"
"29-Jan-2025","1,663.95","1,685.00","1,654.05","1,681.15","1,146,508"
"30-Jan-2025","1,685.00","1,704.90","1,657.00","1,670.10","868,832"
"31-Jan-2025","1,675.00","1,695.00","1,665.25","1,674.45","1,065,425"
"01-Feb-2025","1,674.50","1,685.90","1,636.70","1,646.40","410,470"
"03-Feb-2025","1,630.00","1,664.05","1,605.15","1,654.70","1,415,698"
"04-Feb-2025","1,662.75","1,676.95","1,645.05","1,659.05","1,467,006"
"05-Feb-2025","1,662.85","1,671.00","1,644.40","1,661.00","1,449,280"
"06-Feb-2025","1,670.00","1,684.70","1,650.00","1,669.60","1,288,106"
"07-Feb-2025","1,675.00","1,695.60","1,657.90","1,692.10","1,582,031"
"10-Feb-2025","1,683.00","1,703.75","1,673.20","1,699.05","1,235,699"
"11-Feb-2025","1,706.00","1,709.00","1,663.20","1,669.10","1,800,036"
"12-Feb-2025","1,680.00","1,690.00","1,668.80","1,680.20","1,889,477"
"13-Feb-2025","1,675.00","1,689.45","1,640.55","1,675.30","1,555,491"
"14-Feb-2025","1,685.00","1,694.00","1,652.05","1,659.10","961,944"
"17-Feb-2025","1,655.90","1,667.95","1,631.00","1,664.95","1,114,005"
"18-Feb-2025","1,668.00","1,708.95","1,664.05","1,705.00","2,654,136"
"19-Feb-2025","1,694.05","1,712.40","1,675.05","1,685.80","1,113,961"
"20-Feb-2025","1,680.00","1,693.65","1,655.00","1,657.85","1,485,087"
"21-Feb-2025","1,657.75","1,664.95","1,642.20","1,649.50","1,479,239"
"24-Feb-2025","1,630.00","1,643.95","1,604.25","1,613.70","1,672,609"
"25-Feb-2025","1,608.05","1,614.00","1,589.00","1,593.95","1,425,126"
"27-Feb-2025","1,575.00","1,595.70","1,569.90","1,588.25","2,208,643"
"28-Feb-2025","1,570.00","1,572.90","1,478.40","1,487.85","4,155,992"
"03-Mar-2025","1,500.00","1,531.50","1,476.20","1,493.05","2,851,006"
"04-Mar-2025","1,475.00","1,499.45","1,433.05","1,488.25","2,386,196"
"05-Mar-2025","1,488.25","1,549.00","1,487.50","1,538.10","1,967,418"
"06-Mar-2025","1,541.00","1,550.80","1,500.95","1,503.45","2,246,380"
"07-Mar-2025","1,501.95","1,507.20","1,482.00","1,492.35","893,696"
"10-Mar-2025","1,492.35","1,500.00","1,482.50","1,486.85","798,491"
"11-Mar-2025","1,464.50","1,487.40","1,453.60","1,479.20","1,769,157"
"12-Mar-2025","1,481.00","1,489.00","1,408.80","1,438.30","2,665,932"
"13-Mar-2025","1,442.00","1,456.25","1,422.00","1,440.65","995,812"
"17-Mar-2025","1,442.95","1,448.00","1,425.20","1,440.10","1,747,569"
"18-Mar-2025","1,446.25","1,453.00","1,426.55","1,430.65","3,280,540"
"19-Mar-2025","1,430.65","1,431.80","1,394.40","1,396.15","5,557,840"
"20-Mar-2025","1,403.15","1,421.00","1,400.05","1,410.55","2,863,413"
"21-Mar-2025","1,390.05","1,431.10","1,382.05","1,409.25","4,056,023"
"24-Mar-2025","1,415.85","1,467.65","1,413.60","1,458.65","3,072,831"
"25-Mar-2025","1,474.00","1,483.90","1,449.45","1,455.50","2,056,315"
"26-Mar-2025","1,464.00","1,464.00","1,409.50","1,416.30","2,231,144"
"27-Mar-2025","1,407.15","1,430.00","1,406.00","1,423.90","2,541,022"
"28-Mar-2025","1,415.10","1,430.00","1,408.55","1,418.25","1,642,693"
"01-Apr-2025","1,402.00","1,416.95","1,385.40","1,395.15","1,578,367"
"02-Apr-2025","1,397.15","1,426.05","1,397.15","1,423.05","1,617,949"
"03-Apr-2025","1,397.00","1,400.00","1,360.25","1,369.35","1,943,422"
"04-Apr-2025","1,350.00","1,359.20","1,318.85","1,320.95","1,757,493"
"07-Apr-2025","1,245.00","1,293.80","1,209.40","1,288.00","3,044,730"
"08-Apr-2025","1,314.00","1,342.05","1,291.15","1,314.40","2,868,814"
"09-Apr-2025","1,290.00","1,299.95","1,264.35","1,272.75","3,724,878"
"11-Apr-2025","1,275.00","1,312.35","1,274.20","1,282.25","1,803,181"
"15-Apr-2025","1,314.20","1,314.20","1,286.80","1,301.70","1,511,866"
"16-Apr-2025","1,292.00","1,314.60","1,283.50","1,308.70","1,093,342"
"17-Apr-2025","1,295.10","1,308.90","1,275.90","1,306.80","3,027,966"
"21-Apr-2025","1,304.00","1,389.00","1,303.00","1,373.50","3,759,267"
"22-Apr-2025","1,374.00","1,396.00","1,361.20","1,376.50","2,471,135"
"23-Apr-2025","1,418.90","1,449.40","1,408.00","1,439.60","5,944,062"
"24-Apr-2025","1,445.00","1,467.50","1,434.30","1,445.20","2,501,415"
"25-Apr-2025","1,455.40","1,473.90","1,375.00","1,462.00","8,211,667"
"28-Apr-2025","1,469.30","1,480.00","1,437.00","1,461.50","2,079,431"
"29-Apr-2025","1,466.20","1,504.90","1,463.30","1,495.30","2,652,788"
"30-Apr-2025","1,495.30","1,510.80","1,490.00","1,503.00","1,858,465"
"02-May-2025","1,505.00","1,519.00","1,489.80","1,496.30","1,986,072"
"05-May-2025","1,499.00","1,506.50","1,490.50","1,494.60","846,022"
"06-May-2025","1,496.90","1,504.80","1,486.10","1,496.20","1,545,773"
"07-May-2025","1,489.10","1,504.90","1,480.60","1,495.20","1,272,555"
"08-May-2025","1,500.90","1,518.50","1,488.00","1,502.80","2,829,448"
"09-May-2025","1,480.00","1,501.30","1,478.10","1,493.70","923,174"
"12-May-2025","1,522.00","1,576.50","1,517.40","1,573.10","1,891,418"
"13-May-2025","1,600.30","1,600.90","1,565.10","1,572.50","3,724,272"
"14-May-2025","1,584.00","1,609.40","1,578.10","1,603.20","2,354,571"
"15-May-2025","1,606.00","1,636.40","1,600.20","1,629.10","2,972,408"
"16-May-2025","1,635.00","1,635.90","1,601.30","1,617.00","1,159,095"
"19-May-2025","1,617.00","1,626.20","1,593.10","1,597.80","681,874"
"20-May-2025","1,612.00","1,619.50","1,573.30","1,576.00","1,869,716"
"21-May-2025","1,577.00","1,603.00","1,569.40","1,598.20","930,031"
"22-May-2025","1,589.70","1,589.70","1,558.00","1,565.60","1,789,310"
"23-May-2025","1,575.00","1,604.00","1,567.80","1,580.30","1,159,290"
"26-May-2025","1,583.00","1,604.40","1,583.00","1,601.40","711,029"
"27-May-2025","1,601.40","1,604.30","1,578.50","1,592.40","1,394,001"
"28-May-2025","1,600.80","1,602.00","1,578.10","1,580.30","820,958"
"29-May-2025","1,592.10","1,604.90","1,584.50","1,600.00","1,799,251"
"30-May-2025","1,595.00","1,595.00","1,568.00","1,573.90","2,780,942"
"02-Jun-2025","1,565.00","1,569.00","1,542.10","1,549.10","2,120,693"
"03-Jun-2025","1,555.90","1,564.90","1,533.90","1,543.80","2,316,285"
"04-Jun-2025","1,544.80","1,566.60","1,544.00","1,556.70","1,439,090"
"05-Jun-2025","1,560.00","1,570.30","1,547.00","1,562.80","1,529,586"
"06-Jun-2025","1,564.80","1,573.50","1,555.40","1,571.10","828,051"
"09-Jun-2025","1,575.00","1,591.50","1,571.10","1,579.10","598,108"
"10-Jun-2025","1,579.10","1,633.50","1,579.00","1,610.90","3,324,373"
"11-Jun-2025","1,618.00","1,649.00","1,604.60","1,637.50","2,660,949"
"12-Jun-2025","1,636.00","1,658.00","1,611.90","1,644.40","2,316,173"
"13-Jun-2025","1,605.00","1,669.00","1,604.60","1,659.00","2,511,076"
"16-Jun-2025","1,658.00","1,706.00","1,651.20","1,693.90","2,160,406"
"17-Jun-2025","1,692.40","1,725.00","1,684.20","1,718.60","2,105,126"
"18-Jun-2025","1,717.10","1,732.80","1,708.40","1,710.70","1,299,278"
"19-Jun-2025","1,684.00","1,694.00","1,660.70","1,684.00","3,056,884"
"20-Jun-2025","1,680.00","1,708.50","1,669.20","1,696.10","3,425,550"
"23-Jun-2025","1,680.00","1,692.00","1,675.70","1,681.80","732,380"
"24-Jun-2025","1,698.80","1,708.50","1,674.70","1,677.10","1,923,989"
"25-Jun-2025","1,689.80","1,714.00","1,675.80","1,705.00","1,416,375"
"26-Jun-2025","1,695.00","1,703.50","1,670.30","1,690.20","2,528,268"
"27-Jun-2025","1,698.00","1,701.80","1,662.60","1,674.40","6,183,785"
"30-Jun-2025","1,680.60","1,689.50","1,660.00","1,687.00","1,546,996"
"01-Jul-2025","1,690.00","1,697.40","1,669.30","1,671.20","1,689,051"
"02-Jul-2025","1,675.00","1,699.00","1,667.50","1,677.10","1,931,642"
"03-Jul-2025","1,684.90","1,693.00","1,670.00","1,671.90","1,713,273"
"04-Jul-2025","1,645.00","1,663.90","1,640.50","1,655.20","1,310,544"
"07-Jul-2025","1,647.90","1,647.90","1,615.50","1,623.90","1,550,115"
"08-Jul-2025","1,623.00","1,643.80","1,619.00","1,635.40","1,318,755"
"09-Jul-2025","1,634.80","1,636.40","1,612.00","1,614.80","1,173,847"
"10-Jul-2025","1,614.80","1,617.40","1,590.10","1,600.10","1,631,315"
"11-Jul-2025","1,580.00","1,607.00","1,577.80","1,602.50","2,559,235"
"14-Jul-2025","1,598.00","1,598.00","1,564.10","1,576.70","2,068,336"
"15-Jul-2025","1,554.60","1,594.90","1,553.00","1,579.00","2,574,760"
"16-Jul-2025","1,580.00","1,611.00","1,577.30","1,607.90","2,207,039"
"17-Jul-2025","1,583.40","1,603.90","1,560.90","1,563.70","7,617,296"
"18-Jul-2025","1,573.00","1,574.00","1,538.00","1,548.90","3,619,191"
"21-Jul-2025","1,551.00","1,553.40","1,531.30","1,543.80","988,104"
"22-Jul-2025","1,550.00","1,552.80","1,541.20","1,547.20","1,404,790"
"23-Jul-2025","1,551.00","1,552.90","1,534.50","1,546.60","2,887,100"
"24-Jul-2025","1,554.00","1,554.00","1,495.50","1,498.60","2,207,437"
"25-Jul-2025","1,490.10","1,501.30","1,455.70","1,461.90","1,179,664"
"28-Jul-2025","1,462.00","1,466.00","1,445.10","1,450.60","1,070,496"
"29-Jul-2025","1,450.60","1,459.10","1,436.40","1,453.80","1,458,817"
"30-Jul-2025","1,451.30","1,466.10","1,448.60","1,463.20","1,299,448"
"31-Jul-2025","1,450.00","1,473.30","1,447.20","1,463.70","1,382,994"
"01-Aug-2025","1,456.60","1,459.80","1,432.40","1,438.80","1,620,011"
"04-Aug-2025","1,435.00","1,477.00","1,419.10","1,475.00","1,581,473"
"05-Aug-2025","1,470.10","1,487.80","1,461.20","1,485.40","2,929,677"
"06-Aug-2025","1,480.10","1,481.50","1,453.30","1,459.00","1,039,973"
"07-Aug-2025","1,455.00","1,492.00","1,450.00","1,482.00","1,587,489"
"08-Aug-2025","1,473.80","1,496.00","1,473.80","1,480.40","1,371,665"
"11-Aug-2025","1,480.40","1,522.70","1,469.70","1,481.10","888,886"
"12-Aug-2025","1,482.60","1,517.40","1,481.00","1,509.30","2,532,937"
"13-Aug-2025","1,515.00","1,518.70","1,499.30","1,506.30","1,815,196"
"14-Aug-2025","1,509.90","1,529.90","1,485.00","1,486.70","1,715,172"
"18-Aug-2025","1,500.00","1,500.00","1,468.10","1,471.20","1,249,405"
"19-Aug-2025","1,472.00","1,499.60","1,464.40","1,496.70","1,807,647"
"20-Aug-2025","1,488.00","1,532.00","1,487.40","1,524.10","2,329,633"
"21-Aug-2025","1,528.00","1,531.70","1,509.10","1,521.30","1,251,760"
"22-Aug-2025","1,529.60","1,529.60","1,499.00","1,505.00","969,599"
"25-Aug-2025","1,516.00","1,539.70","1,505.00","1,527.10","1,386,218"
"26-Aug-2025","1,521.00","1,526.50","1,498.90","1,502.20","1,510,822"
"28-Aug-2025","1,500.00","1,509.20","1,482.60","1,495.60","1,771,867"
"29-Aug-2025","1,498.80","1,504.70","1,478.70","1,481.40","2,279,980"
"01-Sep-2025","1,485.00","1,509.90","1,485.00","1,505.50","1,241,192"
"02-Sep-2025","1,502.00","1,519.90","1,498.60","1,512.80","1,137,022"
"03-Sep-2025","1,512.80","1,516.10","1,497.30","1,508.20","1,431,929"
"04-Sep-2025","1,506.10","1,510.80","1,495.30","1,500.40","1,038,934"
"05-Sep-2025","1,499.00","1,507.40","1,462.10","1,477.90","1,875,965"
"08-Sep-2025","1,482.40","1,487.90","1,459.00","1,460.70","1,308,412"
"09-Sep-2025","1,466.60","1,500.00","1,465.70","1,498.20","1,749,566"
"10-Sep-2025","1,503.00","1,536.00","1,501.80","1,526.00","1,660,976"
"11-Sep-2025","1,526.00","1,531.50","1,505.70","1,521.20","896,908"
"12-Sep-2025","1,529.00","1,530.00","1,512.50","1,525.50","770,698"
"15-Sep-2025","1,527.90","1,527.90","1,505.60","1,519.80","825,515"
"16-Sep-2025","1,522.90","1,534.00","1,510.00","1,531.50","1,011,289"
"17-Sep-2025","1,538.30","1,549.40","1,525.60","1,547.20","1,946,337"
"18-Sep-2025","1,556.00","1,566.90","1,541.80","1,550.70","2,246,114"
"19-Sep-2025","1,551.00","1,557.40","1,541.60","1,553.80","2,621,234"
"22-Sep-2025","1,499.00","1,510.00","1,453.30","1,505.40","5,723,501"
"23-Sep-2025","1,511.70","1,511.70","1,468.20","1,471.90","1,380,054"
"24-Sep-2025","1,470.00","1,470.00","1,439.00","1,452.40","2,122,106"
"25-Sep-2025","1,452.00","1,460.20","1,437.00","1,444.30","1,581,629"
"26-Sep-2025","1,439.90","1,441.50","1,403.50","1,407.70","1,851,067"
"29-Sep-2025","1,415.00","1,425.00","1,391.90","1,410.70","2,708,118"
"30-Sep-2025","1,408.00","1,426.70","1,392.50","1,400.30","2,225,340"
"01-Oct-2025","1,401.00","1,423.60","1,393.40","1,416.00","1,683,484"
"03-Oct-2025","1,423.00","1,423.80","1,397.30","1,400.60","2,568,702"
"06-Oct-2025","1,404.90","1,442.00","1,397.10","1,439.30","3,036,770"
"07-Oct-2025","1,440.00","1,445.80","1,426.60","1,438.90","1,105,550"
"08-Oct-2025","1,432.10","1,472.80","1,432.10","1,458.20","1,154,614"
"09-Oct-2025","1,458.20","1,475.40","1,452.00","1,466.60","1,354,036"
"10-Oct-2025","1,477.00","1,477.70","1,450.10","1,457.20","937,053"
"13-Oct-2025","1,455.00","1,461.50","1,439.20","1,450.90","1,229,414"
"14-Oct-2025","1,460.00","1,479.80","1,457.90","1,468.00","1,430,713"
"15-Oct-2025","1,470.00","1,479.00","1,440.40","1,459.00","2,810,322"
"16-Oct-2025","1,466.00","1,466.70","1,447.90","1,463.80","1,619,438"
"17-Oct-2025","1,465.00","1,465.00","1,440.10","1,447.60","1,433,539"
"20-Oct-2025","1,440.00","1,455.00","1,439.00","1,444.40","1,800,507"
"21-Oct-2025","1,450.00","1,457.30","1,442.00","1,448.70","114,229"
"23-Oct-2025","1,465.00","1,487.50","1,460.90","1,463.40","3,244,860"
"24-Oct-2025","1,465.40","1,468.00","1,450.00","1,453.70","969,361"
"27-Oct-2025","1,457.90","1,475.60","1,457.00","1,462.80","1,036,807"
"28-Oct-2025","1,469.00","1,469.60","1,435.30","1,447.40","1,432,913"
"29-Oct-2025","1,453.00","1,461.20","1,442.60","1,452.20","1,311,858"
"30-Oct-2025","1,453.20","1,458.10","1,432.50","1,433.80","1,797,868"
"31-Oct-2025","1,433.80","1,437.50","1,420.30","1,424.40","1,757,591"
"03-Nov-2025","1,419.10","1,424.00","1,414.00","1,419.80","2,136,091"
"04-Nov-2025","1,419.90","1,425.30","1,405.60","1,409.20","1,191,278"
"06-Nov-2025","1,412.00","1,420.90","1,410.00","1,413.60","2,502,412"
"07-Nov-2025","1,400.10","1,409.80","1,385.00","1,386.70","1,209,479"
"10-Nov-2025","1,386.70","1,404.30","1,383.60","1,397.80","2,883,323"
"11-Nov-2025","1,405.00","1,410.40","1,392.20","1,408.00","2,488,036"
"12-Nov-2025","1,415.00","1,460.20","1,414.00","1,456.10","2,958,869"
"13-Nov-2025","1,463.00","1,463.80","1,442.30","1,451.40","1,178,211"
"14-Nov-2025","1,444.20","1,445.80","1,422.90","1,439.20","1,220,596"
"17-Nov-2025","1,440.00","1,455.90","1,438.30","1,452.80","999,416"
"18-Nov-2025","1,444.00","1,451.10","1,419.50","1,422.00","1,553,597"
"19-Nov-2025","1,427.50","1,443.50","1,417.80","1,433.90","5,777,445"
"20-Nov-2025","1,445.30","1,464.70","1,430.70","1,456.00","2,818,268"
"21-Nov-2025","1,455.00","1,469.00","1,440.00","1,461.50","2,615,232"
"24-Nov-2025","1,470.00","1,513.80","1,461.80","1,494.70","6,808,658"
"25-Nov-2025","1,501.20","1,502.00","1,483.50","1,494.70","1,675,981"
"26-Nov-2025","1,498.00","1,522.70","1,496.20","1,520.40","1,592,891"
"27-Nov-2025","1,523.00","1,532.00","1,505.00","1,509.80","1,426,194"
"28-Nov-2025","1,515.80","1,525.30","1,503.70","1,517.30","1,247,146"
"01-Dec-2025","1,515.30","1,532.00","1,509.70","1,529.50","1,527,101"
"02-Dec-2025","1,523.10","1,539.00","1,520.00","1,536.70","1,754,978"
"03-Dec-2025","1,537.90","1,550.80","1,530.30","1,541.70","2,142,830"
"04-Dec-2025","1,545.10","1,577.90","1,541.10","1,562.30","2,422,663"
"05-Dec-2025","1,567.10","1,583.00","1,556.60","1,570.80","2,223,397"
"08-Dec-2025","1,581.00","1,595.70","1,572.70","1,591.80","2,833,786"
"09-Dec-2025","1,579.10","1,586.00","1,559.00","1,561.60","1,533,609"
"10-Dec-2025","1,563.00","1,572.90","1,548.20","1,550.80","735,586"
"11-Dec-2025","1,550.00","1,572.00","1,541.00","1,568.20","1,248,064"
"12-Dec-2025","1,575.00","1,580.50","1,558.70","1,578.40","754,479"
"15-Dec-2025","1,571.00","1,588.70","1,567.70","1,575.40","784,781"
"16-Dec-2025","1,570.00","1,580.30","1,564.70","1,578.20","999,338"
"17-Dec-2025","1,578.20","1,586.20","1,570.30","1,579.40","582,251"
"18-Dec-2025","1,581.00","1,608.80","1,574.60","1,605.60","1,748,780"
"19-Dec-2025","1,611.00","1,624.00","1,595.00","1,612.50","1,802,793"
"22-Dec-2025","1,615.90","1,649.80","1,612.80","1,646.70","1,466,208"
"23-Dec-2025","1,646.50","1,646.50","1,628.80","1,633.00","1,161,166"
"24-Dec-2025","1,630.00","1,636.60","1,615.30","1,631.50","955,523"
"26-Dec-2025","1,630.50","1,633.70","1,608.00","1,612.30","461,192"
"29-Dec-2025","1,614.00","1,629.80","1,610.10","1,612.40","891,096"
"30-Dec-2025","1,614.90","1,616.20","1,599.00","1,604.60","1,973,547"
"31-Dec-2025","1,614.80","1,614.80","1,588.30","1,590.90","729,913"
"26-Feb-2026","1,366.40","1,396.60","1,360.40","1,363.00","1,453,459"
"27-Feb-2026","1,391.00","1,410.40","1,354.00","1,354.30","2,846,242"
