"Date","Open","High","Low","Close","Volume"
"01-Jan-2019","330.75","332.75","325.40","326.65","1,513,704"
"02-Jan-2019","328.80","331.30","323.00","325.55","3,308,303"
"03-Jan-2019","327.00","327.95","323.05","325.50","3,542,281"
"04-Jan-2019","324.50","326.85","319.65","324.45","2,405,278"
"07-Jan-2019","326.10","326.75","322.30","324.25","1,903,604"
"08-Jan-2019","325.00","327.50","322.60","325.55","2,084,659"
"09-Jan-2019","324.55","332.60","324.55","329.00","3,927,881"
"10-Jan-2019","330.80","331.05","323.00","325.75","3,099,392"
"11-Jan-2019","325.60","329.90","323.50","328.70","1,598,939"
"14-Jan-2019","330.05","331.10","311.35","312.55","6,913,323"
"15-Jan-2019","319.00","332.30","315.05","329.80","15,070,795"
"16-Jan-2019","331.80","339.80","329.05","336.55","9,896,290"
"17-Jan-2019","337.00","338.60","331.60","335.40","5,289,184"
"18-Jan-2019","336.00","347.50","333.40","346.15","10,091,966"
"21-Jan-2019","340.00","344.90","333.20","337.80","15,621,848"
"22-Jan-2019","336.80","349.60","336.00","346.50","6,681,724"
"23-Jan-2019","348.65","355.80","348.00","351.55","9,937,426"
"24-Jan-2019","350.20","353.00","346.50","351.75","4,230,546"
"25-Jan-2019","348.25","358.35","348.00","353.45","5,236,553"
"28-Jan-2019","354.35","362.70","354.25","355.15","6,899,957"
"29-Jan-2019","356.00","360.80","353.05","359.40","4,620,099"
"30-Jan-2019","359.00","367.65","358.00","363.25","7,408,937"
"31-Jan-2019","366.00","371.40","363.30","369.20","7,694,071"
"01-Feb-2019","370.10","372.45","363.50","371.55","3,366,604"
"04-Feb-2019","370.00","374.70","368.10","371.25","3,143,722"
"05-Feb-2019","370.00","372.20","365.80","368.45","2,456,401"
"06-Feb-2019","369.15","374.95","368.75","372.20","2,179,261"
"07-Feb-2019","372.00","374.50","369.65","373.60","2,243,431"
"08-Feb-2019","371.50","374.90","368.70","372.70","1,400,929"
"11-Feb-2019","370.90","377.40","369.70","373.05","2,972,778"
"12-Feb-2019","374.15","376.25","368.35","375.00","2,977,246"
"13-Feb-2019","374.80","379.70","373.25","377.45","3,297,274"
"14-Feb-2019","376.40","378.40","373.95","375.10","3,074,852"
"15-Feb-2019","375.25","377.35","370.15","376.10","3,522,673"
"18-Feb-2019","378.80","378.80","370.75","375.60","3,480,075"
"19-Feb-2019","372.55","375.40","362.20","363.45","3,064,358"
"20-Feb-2019","363.20","374.00","361.20","372.20","4,410,484"
"21-Feb-2019","372.80","376.80","370.80","374.55","2,573,085"
"22-Feb-2019","375.00","380.00","373.50","378.75","3,194,664"
"25-Feb-2019","380.80","386.70","379.25","385.40","4,678,470"
"26-Feb-2019","384.50","388.95","381.25","387.65","3,802,537"
"27-Feb-2019","380.25","383.85","372.40","374.40","8,009,017"
"28-Feb-2019","374.90","376.70","366.60","368.90","9,428,265"
"01-Mar-2019","370.90","378.35","365.50","375.70","7,036,417"
"05-Mar-2019","374.00","374.65","362.00","363.60","13,515,990"
"06-Mar-2019","274.40","285.90","273.10","277.45","21,507,060"
"07-Mar-2019","280.00","280.30","267.50","268.85","8,100,134"
"08-Mar-2019","261.10","262.25","256.55","257.70","27,344,869"
"11-Mar-2019","259.00","260.90","257.45","259.75","7,354,227"
"12-Mar-2019","261.00","263.35","260.15","261.35","6,290,354"
"13-Mar-2019","262.50","265.60","256.20","257.90","7,219,723"
"14-Mar-2019","259.35","259.70","255.00","256.85","4,489,473"
"15-Mar-2019","258.00","264.25","257.20","263.45","8,720,097"
"18-Mar-2019","264.75","264.75","256.05","257.60","5,748,614"
"19-Mar-2019","257.80","258.90","255.10","257.45","5,051,847"
"20-Mar-2019","258.40","263.00","258.40","261.55","6,114,562"
"22-Mar-2019","262.45","263.75","258.50","260.55","3,198,029"
"25-Mar-2019","262.00","262.00","256.00","256.50","3,373,962"
"26-Mar-2019","257.10","258.60","253.40","255.00","3,850,516"
"27-Mar-2019","255.20","256.40","253.75","254.55","3,357,731"
"28-Mar-2019","255.90","257.90","254.10","254.75","7,104,836"
"29-Mar-2019","257.10","259.60","254.35","254.80","5,241,216"
"01-Apr-2019","256.00","263.90","255.95","261.65","7,066,566"
"02-Apr-2019","263.40","263.90","259.20","261.65","3,706,567"
"03-Apr-2019","262.40","263.10","258.20","261.65","3,769,354"
"04-Apr-2019","261.00","262.25","254.95","259.05","6,419,198"
"05-Apr-2019","261.00","263.85","259.50","262.10","3,614,552"
"08-Apr-2019","263.70","265.50","260.75","263.70","3,637,464"
"09-Apr-2019","263.50","275.00","263.35","273.80","13,991,384"
"10-Apr-2019","278.00","281.80","275.00","281.00","18,530,666"
"11-Apr-2019","283.50","284.60","280.15","281.30","9,441,628"
"12-Apr-2019","282.40","284.70","281.40","283.40","5,789,054"
"15-Apr-2019","285.00","289.50","284.15","287.70","7,067,192"
"16-Apr-2019","291.35","291.45","278.00","280.90","20,367,059"
"18-Apr-2019","289.00","289.55","280.20","284.80","27,425,578"
"22-Apr-2019","285.50","289.00","285.10","288.25","8,412,054"
"23-Apr-2019","289.70","291.85","286.70","291.10","6,177,784"
"24-Apr-2019","292.05","294.30","290.20","293.05","9,149,069"
"25-Apr-2019","293.05","295.95","292.85","295.20","10,390,816"
"26-Apr-2019","296.40","296.65","293.50","294.80","6,196,551"
"30-Apr-2019","295.00","299.45","295.00","298.55","7,339,917"
"02-May-2019","298.55","298.85","292.65","293.65","4,539,125"
"03-May-2019","293.50","293.70","288.55","290.90","7,408,308"
"06-May-2019","289.90","293.80","289.20","290.85","4,304,345"
"07-May-2019","292.65","294.95","290.30","293.85","4,353,844"
"08-May-2019","294.25","294.25","290.05","290.85","3,952,116"
"09-May-2019","291.80","293.10","290.30","291.05","3,748,997"
"10-May-2019","291.50","292.40","290.00","290.35","3,066,672"
"13-May-2019","290.50","293.50","288.25","289.10","4,281,950"
"14-May-2019","289.00","289.00","283.10","284.60","8,370,424"
"15-May-2019","285.50","285.95","282.30","283.00","4,315,622"
"16-May-2019","283.85","287.00","283.85","285.35","3,595,548"
"17-May-2019","286.50","289.90","285.30","286.40","3,356,781"
"20-May-2019","289.50","291.50","287.40","290.25","4,183,461"
"21-May-2019","290.60","291.00","286.00","286.90","2,514,667"
"22-May-2019","287.00","287.50","281.00","283.10","7,650,054"
"23-May-2019","285.60","285.90","281.50","282.20","4,856,284"
"24-May-2019","283.90","284.20","280.00","282.90","4,927,649"
"27-May-2019","284.00","284.10","280.20","280.50","5,450,311"
"28-May-2019","281.00","285.75","279.65","282.95","44,137,428"
"29-May-2019","284.50","288.50","283.50","285.70","5,505,873"
"30-May-2019","286.00","290.00","285.50","288.00","11,575,957"
"31-May-2019","288.15","290.00","285.00","286.40","7,324,481"
"03-Jun-2019","288.50","292.05","287.25","291.30","5,853,338"
"04-Jun-2019","294.00","295.95","290.80","293.75","11,081,667"
"06-Jun-2019","294.00","294.60","291.00","291.50","8,600,880"
"07-Jun-2019","292.50","295.90","292.00","295.05","6,784,884"
"10-Jun-2019","295.75","298.00","295.50","297.10","7,481,893"
"11-Jun-2019","297.00","299.50","296.10","297.70","7,234,084"
"12-Jun-2019","297.50","298.80","296.85","298.00","6,222,540"
"13-Jun-2019","298.00","298.90","297.15","298.40","5,002,281"
"14-Jun-2019","298.75","301.60","298.00","298.80","7,965,803"
"17-Jun-2019","300.00","300.75","298.85","299.15","6,178,604"
"18-Jun-2019","299.50","300.50","296.00","298.00","8,401,792"
"19-Jun-2019","299.00","299.20","292.15","294.05","11,902,961"
"20-Jun-2019","284.05","287.80","282.40","286.95","9,560,422"
"21-Jun-2019","287.00","290.00","284.20","285.85","6,477,258"
"24-Jun-2019","285.50","287.60","283.15","283.90","3,171,739"
"25-Jun-2019","284.00","286.30","281.85","285.30","2,809,748"
"26-Jun-2019","285.15","288.00","284.55","286.15","2,331,769"
"27-Jun-2019","287.35","287.80","280.70","282.10","5,089,200"
"28-Jun-2019","283.80","283.80","280.00","280.50","3,149,389"
"01-Jul-2019","281.60","283.40","280.95","282.00","1,735,921"
"02-Jul-2019","282.45","285.00","281.70","284.25","2,609,369"
"03-Jul-2019","284.90","285.60","282.05","282.85","1,258,276"
"04-Jul-2019","283.00","284.90","282.00","283.85","1,628,331"
"05-Jul-2019","284.00","284.55","271.00","271.85","4,585,463"
"08-Jul-2019","267.75","271.25","266.05","266.90","3,574,785"
"09-Jul-2019","267.50","270.75","264.25","265.50","2,620,062"
"10-Jul-2019","264.70","269.50","263.30","266.95","2,780,563"
"11-Jul-2019","267.50","270.00","266.10","267.75","2,691,893"
"12-Jul-2019","268.00","268.65","258.05","258.95","7,595,278"
"15-Jul-2019","260.00","262.00","255.90","259.90","4,747,449"
"16-Jul-2019","259.00","262.70","256.25","260.00","4,861,657"
"17-Jul-2019","262.00","262.80","258.10","259.60","5,818,769"
"18-Jul-2019","261.00","274.15","259.55","269.10","21,027,353"
"19-Jul-2019","269.10","269.65","263.50","264.70","4,229,695"
"22-Jul-2019","265.60","266.30","262.40","264.80","4,419,890"
"23-Jul-2019","264.90","270.00","263.80","264.50","4,680,618"
"24-Jul-2019","264.50","265.85","262.00","264.20","2,249,472"
"25-Jul-2019","265.45","265.45","261.50","262.25","4,991,181"
"26-Jul-2019","262.20","264.75","260.80","263.60","2,719,372"
"29-Jul-2019","263.00","267.15","260.25","262.40","2,882,263"
"30-Jul-2019","262.90","264.80","261.00","262.30","2,415,087"
"31-Jul-2019","262.50","266.30","260.55","265.30","2,849,216"
"01-Aug-2019","271.50","276.15","268.55","270.40","17,651,207"
"02-Aug-2019","269.90","270.90","261.70","263.65","4,978,666"
"05-Aug-2019","261.15","265.40","260.30","262.00","3,832,734"
"06-Aug-2019","262.00","262.70","257.80","258.90","3,953,226"
"07-Aug-2019","259.00","264.25","259.00","262.55","3,996,033"
"08-Aug-2019","263.00","267.00","261.35","265.75","3,625,435"
"09-Aug-2019","266.00","268.70","262.85","263.50","3,530,499"
"13-Aug-2019","264.90","264.90","258.00","258.50","2,190,450"
"14-Aug-2019","259.80","260.10","250.25","251.05","4,353,363"
"16-Aug-2019","250.00","251.00","245.05","249.20","4,972,435"
"19-Aug-2019","250.30","253.20","250.00","252.10","2,770,076"
"20-Aug-2019","253.30","259.10","252.20","253.30","7,965,121"
"21-Aug-2019","253.50","254.90","251.10","252.40","3,413,265"
"22-Aug-2019","252.00","253.50","248.50","252.05","3,369,902"
"23-Aug-2019","252.95","257.10","249.55","251.40","4,896,969"
"26-Aug-2019","252.40","252.95","247.85","249.10","3,264,710"
"27-Aug-2019","248.70","251.65","247.10","250.10","4,022,551"
"28-Aug-2019","250.10","253.20","248.10","249.25","2,681,657"
"29-Aug-2019","247.05","250.25","247.05","248.80","2,719,051"
"30-Aug-2019","250.10","255.25","249.15","254.40","4,184,013"
"03-Sep-2019","254.10","255.35","252.55","253.65","2,205,559"
"04-Sep-2019","251.50","256.85","251.30","256.05","3,303,331"
"05-Sep-2019","258.90","258.90","254.50","255.60","4,405,617"
"06-Sep-2019","255.35","257.30","248.80","252.00","11,436,052"
"09-Sep-2019","251.40","256.10","250.35","255.60","5,790,956"
"11-Sep-2019","254.00","255.00","247.35","248.15","9,799,112"
"12-Sep-2019","245.70","248.50","244.00","244.55","4,664,757"
"13-Sep-2019","245.00","247.40","243.20","245.35","3,810,120"
"16-Sep-2019","245.10","247.85","244.10","247.10","3,975,191"
"17-Sep-2019","246.95","247.40","243.70","244.15","3,164,765"
"18-Sep-2019","245.40","245.95","243.30","244.30","2,526,280"
"19-Sep-2019","245.25","245.85","240.25","241.50","2,568,837"
"20-Sep-2019","241.90","248.70","240.50","245.95","6,196,250"
"23-Sep-2019","247.70","248.00","236.50","239.35","6,776,981"
"24-Sep-2019","240.90","242.95","239.50","240.70","5,768,331"
"25-Sep-2019","240.50","241.35","238.00","238.80","3,604,998"
"26-Sep-2019","239.20","240.45","236.55","237.10","5,388,740"
"27-Sep-2019","237.40","239.00","235.80","236.60","3,191,675"
"30-Sep-2019","237.00","240.65","235.75","239.80","3,298,953"
"01-Oct-2019","240.00","240.45","232.20","233.50","4,377,330"
"03-Oct-2019","234.20","239.60","232.55","235.85","4,785,230"
"04-Oct-2019","238.00","240.90","236.25","237.70","2,975,521"
"07-Oct-2019","238.05","242.40","236.20","237.05","2,223,668"
"09-Oct-2019","239.25","239.60","236.40","237.75","2,278,138"
"10-Oct-2019","237.75","239.60","235.80","239.20","2,067,862"
"11-Oct-2019","237.00","240.40","236.50","239.45","2,658,289"
"14-Oct-2019","239.80","244.85","238.00","243.45","3,592,137"
"15-Oct-2019","244.95","245.50","239.25","243.65","8,551,893"
"16-Oct-2019","245.90","251.70","244.00","248.90","16,285,829"
"17-Oct-2019","248.90","250.15","246.60","247.85","5,162,240"
"18-Oct-2019","247.85","250.70","247.85","248.90","2,764,389"
"22-Oct-2019","249.00","254.45","247.10","253.55","6,273,288"
"23-Oct-2019","252.80","255.55","250.05","254.35","2,674,254"
"24-Oct-2019","253.90","254.20","249.20","249.60","3,917,098"
"25-Oct-2019","252.05","253.50","248.75","253.00","3,265,289"
"27-Oct-2019","254.55","255.25","253.00","253.65","315,376"
"29-Oct-2019","253.65","255.90","252.20","255.20","3,191,442"
"30-Oct-2019","258.00","260.90","253.40","254.75","4,059,545"
"31-Oct-2019","254.00","260.00","253.80","259.30","3,496,262"
"01-Nov-2019","260.20","261.00","256.75","258.60","2,530,921"
"04-Nov-2019","259.30","260.70","255.75","256.60","1,920,535"
"05-Nov-2019","257.30","259.40","254.70","258.50","1,584,724"
"06-Nov-2019","259.00","259.45","256.05","256.85","1,627,619"
"07-Nov-2019","257.00","260.50","256.60","259.65","2,126,967"
"08-Nov-2019","260.15","260.80","255.75","256.40","1,539,854"
"11-Nov-2019","257.20","257.50","253.40","256.45","1,902,379"
"13-Nov-2019","257.30","259.00","252.15","253.10","1,861,473"
"14-Nov-2019","254.00","254.75","251.40","252.75","2,898,206"
"15-Nov-2019","254.00","254.20","251.65","252.55","1,212,917"
"18-Nov-2019","252.50","252.50","248.30","249.45","2,878,437"
"19-Nov-2019","248.20","251.15","247.70","250.40","2,030,656"
"20-Nov-2019","251.75","251.75","248.40","248.90","1,494,149"
"21-Nov-2019","248.40","249.50","247.00","247.55","1,744,098"
"22-Nov-2019","243.30","245.65","242.10","243.10","4,091,556"
"25-Nov-2019","243.05","243.80","241.30","243.00","1,891,197"
"26-Nov-2019","244.20","244.60","236.50","237.55","7,690,402"
"27-Nov-2019","239.00","240.90","238.05","240.05","1,947,247"
"28-Nov-2019","239.95","240.50","238.25","239.80","1,599,370"
"29-Nov-2019","240.05","241.20","236.85","237.70","2,666,961"
"02-Dec-2019","238.25","239.70","235.55","238.60","3,629,960"
"03-Dec-2019","238.50","238.50","235.40","236.80","2,865,185"
"04-Dec-2019","236.60","242.75","236.50","242.20","3,335,966"
"05-Dec-2019","242.70","244.90","241.10","243.70","2,613,145"
"06-Dec-2019","243.70","244.50","240.35","241.00","1,367,558"
"09-Dec-2019","240.80","241.65","238.60","240.40","1,207,295"
"10-Dec-2019","240.40","240.40","237.10","238.15","2,205,613"
"11-Dec-2019","237.65","240.80","236.35","240.05","2,387,660"
"12-Dec-2019","240.35","241.25","238.70","239.45","1,405,948"
"13-Dec-2019","242.00","244.85","240.00","243.85","4,311,833"
"16-Dec-2019","243.90","246.40","242.60","243.15","2,842,577"
"17-Dec-2019","244.25","245.95","243.55","244.75","2,211,379"
"18-Dec-2019","245.85","249.90","245.50","248.30","5,299,107"
"19-Dec-2019","248.60","250.65","247.65","249.20","2,484,211"
"20-Dec-2019","248.00","253.80","247.30","251.80","5,211,626"
"23-Dec-2019","252.80","254.70","251.60","253.85","1,850,652"
"24-Dec-2019","253.00","253.95","251.10","252.25","1,544,480"
"26-Dec-2019","252.00","252.40","249.55","250.30","2,026,434"
"27-Dec-2019","250.00","250.75","246.35","247.55","2,511,120"
"30-Dec-2019","248.45","249.55","246.60","248.95","2,166,807"
"31-Dec-2019","247.70","248.60","245.30","245.80","2,164,914"
"01-Jan-2020","246.50","248.65","246.20","247.70","1,413,866"
"02-Jan-2020","246.60","249.90","246.35","248.30","1,443,966"
"03-Jan-2020","249.50","252.70","247.35","251.10","3,381,404"
"06-Jan-2020","251.00","254.45","250.15","252.15","4,566,695"
"07-Jan-2020","253.25","256.35","250.20","255.20","4,402,787"
"08-Jan-2020","254.00","256.15","252.55","254.80","2,794,410"
"09-Jan-2020","254.25","256.50","252.65","253.65","2,495,023"
"10-Jan-2020","253.95","255.20","251.00","251.75","2,056,577"
"13-Jan-2020","254.00","257.90","252.85","254.80","6,963,599"
"14-Jan-2020","256.85","258.35","254.55","257.20","7,296,777"
"15-Jan-2020","254.00","256.00","246.60","248.25","10,140,451"
"16-Jan-2020","248.00","252.60","247.00","250.45","8,811,836"
"17-Jan-2020","252.00","253.90","249.65","251.10","4,140,818"
"20-Jan-2020","250.80","250.80","247.20","248.00","1,908,583"
"21-Jan-2020","247.90","248.20","246.00","247.10","1,507,942"
"22-Jan-2020","248.60","251.95","245.40","245.85","3,400,424"
"23-Jan-2020","246.45","249.10","245.35","248.70","1,696,544"
"24-Jan-2020","248.65","249.45","246.25","247.60","1,710,777"
"27-Jan-2020","247.90","247.90","244.75","245.35","1,653,497"
"28-Jan-2020","245.90","246.10","241.80","244.05","2,136,181"
"29-Jan-2020","244.60","247.40","243.25","246.75","2,004,689"
"30-Jan-2020","247.60","247.60","240.20","240.70","2,147,465"
"31-Jan-2020","238.00","239.15","235.00","236.80","5,553,638"
"01-Feb-2020","236.50","239.35","234.30","236.80","2,100,563"
"03-Feb-2020","237.70","240.15","235.25","237.40","4,231,830"
"04-Feb-2020","239.00","241.25","237.90","240.25","3,164,756"
"05-Feb-2020","241.60","243.00","237.30","242.25","3,875,603"
"06-Feb-2020","242.75","245.95","241.65","243.65","3,056,198"
"07-Feb-2020","247.00","247.00","242.95","243.95","2,759,512"
"10-Feb-2020","245.40","245.65","239.45","240.90","2,258,996"
"11-Feb-2020","240.55","242.90","239.80","241.25","2,730,310"
"12-Feb-2020","241.70","247.15","241.70","244.45","3,419,400"
"13-Feb-2020","245.80","245.80","242.50","243.75","2,414,955"
"14-Feb-2020","243.80","245.35","242.00","242.90","1,809,793"
"17-Feb-2020","242.90","245.00","241.95","243.80","1,017,778"
"18-Feb-2020","243.75","244.85","241.25","244.05","1,252,637"
"19-Feb-2020","244.50","248.35","244.50","247.60","1,785,384"
"20-Feb-2020","248.00","248.55","245.10","245.70","2,120,807"
"24-Feb-2020","245.00","247.80","242.40","244.20","3,521,975"
"25-Feb-2020","244.15","246.65","242.45","244.10","2,529,786"
"26-Feb-2020","243.05","243.45","238.40","239.90","3,994,194"
"27-Feb-2020","238.95","238.95","230.50","231.60","4,866,814"
"28-Feb-2020","228.50","229.50","219.70","221.45","5,637,309"
"02-Mar-2020","225.80","227.00","218.40","220.80","5,766,175"
"03-Mar-2020","224.00","225.80","220.60","223.70","5,173,113"
"04-Mar-2020","224.90","229.75","222.45","228.85","4,518,178"
"05-Mar-2020","229.05","233.90","228.65","229.70","2,970,778"
"06-Mar-2020","225.00","226.00","222.55","223.55","2,934,283"
"09-Mar-2020","220.20","221.00","213.00","214.40","8,731,114"
"11-Mar-2020","203.70","214.40","203.70","213.10","6,135,166"
"12-Mar-2020","204.00","206.95","197.50","199.10","5,382,005"
"13-Mar-2020","199.00","204.45","169.25","197.40","6,521,699"
"16-Mar-2020","193.95","193.95","178.55","179.75","5,600,578"
"17-Mar-2020","178.55","185.55","170.75","173.10","6,087,886"
"18-Mar-2020","176.70","178.50","168.50","169.95","6,367,196"
"19-Mar-2020","165.00","171.35","159.40","162.35","5,990,642"
"20-Mar-2020","163.10","185.80","162.50","179.20","10,160,070"
"23-Mar-2020","165.00","177.00","165.00","170.15","5,360,393"
"24-Mar-2020","168.50","181.75","168.05","176.35","6,037,867"
"25-Mar-2020","177.40","188.00","170.20","174.65","6,728,276"
"26-Mar-2020","176.95","186.80","172.50","182.60","5,124,357"
"27-Mar-2020","183.15","189.50","181.50","183.50","6,767,560"
"30-Mar-2020","181.10","187.40","179.35","184.15","3,667,803"
"31-Mar-2020","187.00","199.80","185.65","196.70","5,307,678"
"01-Apr-2020","195.70","195.70","187.00","189.50","4,937,836"
"03-Apr-2020","188.00","189.60","177.75","180.00","6,573,737"
"07-Apr-2020","188.25","192.70","183.05","191.90","4,781,444"
"08-Apr-2020","191.50","200.00","188.80","192.90","5,137,654"
"09-Apr-2020","198.40","202.95","195.05","196.70","3,465,831"
"13-Apr-2020","198.00","198.00","182.90","189.20","6,193,223"
"15-Apr-2020","190.05","193.60","185.80","186.55","11,326,600"
"16-Apr-2020","180.00","189.75","180.00","187.85","21,690,456"
"17-Apr-2020","192.50","193.75","185.55","187.00","6,606,453"
"20-Apr-2020","189.00","189.00","180.15","181.10","8,101,663"
"21-Apr-2020","179.00","179.90","173.80","178.05","9,043,319"
"22-Apr-2020","177.00","179.50","175.05","178.55","5,311,640"
"23-Apr-2020","179.40","182.60","177.10","180.90","5,555,420"
"24-Apr-2020","179.95","180.80","177.15","177.75","4,641,140"
"27-Apr-2020","180.00","182.90","175.50","182.05","9,141,635"
"28-Apr-2020","182.10","182.95","178.00","179.70","6,664,917"
"29-Apr-2020","180.10","182.45","179.40","180.65","5,030,900"
"30-Apr-2020","185.00","192.60","183.55","190.95","8,833,932"
"04-May-2020","184.50","191.30","183.05","190.05","8,570,375"
"05-May-2020","191.45","194.00","182.20","184.20","6,932,589"
"06-May-2020","185.70","188.00","181.00","187.05","5,442,793"
"07-May-2020","184.00","185.40","181.20","184.10","5,701,094"
"08-May-2020","185.20","186.00","182.55","184.00","4,113,747"
"11-May-2020","185.00","189.95","184.10","184.70","4,393,928"
"12-May-2020","184.20","188.00","182.60","187.05","3,515,679"
"13-May-2020","191.50","191.50","185.15","189.70","5,280,548"
"14-May-2020","184.75","187.35","183.10","186.00","5,162,330"
"15-May-2020","186.00","186.00","182.65","183.80","3,425,171"
"18-May-2020","182.05","185.00","179.60","182.20","7,227,687"
"19-May-2020","182.25","186.00","178.00","184.40","5,743,344"
"20-May-2020","185.00","185.90","182.20","184.95","7,707,953"
"21-May-2020","183.40","191.70","183.40","189.10","7,129,397"
"22-May-2020","189.05","190.85","186.45","189.00","4,588,831"
"26-May-2020","189.00","193.20","185.70","188.80","5,911,144"
"27-May-2020","189.60","205.50","187.70","201.25","18,083,494"
"28-May-2020","203.50","203.50","196.05","199.35","12,347,801"
"29-May-2020","199.35","214.90","196.15","212.80","30,630,218"
"01-Jun-2020","215.50","221.00","213.40","215.05","13,374,769"
"02-Jun-2020","215.10","218.55","210.95","215.85","6,407,279"
"03-Jun-2020","216.10","217.45","210.55","211.35","8,422,156"
"04-Jun-2020","211.35","219.95","210.15","216.25","7,397,708"
"05-Jun-2020","220.00","220.25","215.00","218.75","7,245,834"
"08-Jun-2020","219.00","227.30","215.85","226.45","12,213,696"
"09-Jun-2020","224.10","226.30","217.15","218.35","7,845,381"
"10-Jun-2020","220.00","221.05","215.60","217.00","7,394,276"
"11-Jun-2020","217.00","217.65","212.35","212.90","6,248,955"
"12-Jun-2020","208.00","209.50","206.30","207.90","6,209,370"
"15-Jun-2020","211.95","217.90","208.15","213.80","14,256,050"
"16-Jun-2020","217.45","217.90","209.60","212.40","7,960,887"
"17-Jun-2020","212.00","218.75","211.05","217.80","13,969,454"
"18-Jun-2020","216.80","219.30","214.65","218.15","6,204,216"
"19-Jun-2020","218.00","224.10","215.00","222.05","11,223,711"
"22-Jun-2020","221.15","221.75","216.80","218.05","6,481,204"
"23-Jun-2020","215.00","222.30","213.00","220.60","7,425,152"
"24-Jun-2020","224.00","224.00","217.55","218.20","8,246,086"
"25-Jun-2020","216.95","222.00","215.30","218.20","5,096,856"
"26-Jun-2020","219.30","230.00","218.30","225.45","19,194,612"
"29-Jun-2020","222.05","225.90","218.70","219.70","6,687,961"
"30-Jun-2020","219.60","221.95","218.00","219.65","5,501,193"
"01-Jul-2020","221.00","222.40","218.35","219.05","3,952,617"
"02-Jul-2020","221.00","225.45","219.55","224.20","7,179,975"
"03-Jul-2020","224.20","228.50","222.65","224.80","5,420,863"
"06-Jul-2020","225.90","227.25","221.60","222.65","7,588,014"
"07-Jul-2020","223.20","228.40","222.00","224.90","9,117,569"
"08-Jul-2020","226.65","227.70","222.50","223.10","7,076,184"
"09-Jul-2020","224.25","224.60","219.65","221.60","6,709,048"
"10-Jul-2020","221.00","223.45","219.50","222.10","4,548,779"
"13-Jul-2020","223.95","229.00","222.55","227.60","12,347,310"
"14-Jul-2020","228.40","231.70","224.10","225.00","13,939,467"
"15-Jul-2020","236.00","268.70","235.00","262.75","130,367,693"
"16-Jul-2020","262.50","268.45","255.05","261.90","52,277,954"
"17-Jul-2020","258.60","263.85","257.00","261.35","18,856,512"
"20-Jul-2020","261.35","273.55","259.00","270.80","21,395,182"
"21-Jul-2020","278.50","281.60","269.40","271.35","32,999,595"
"22-Jul-2020","272.45","272.85","263.65","266.00","12,583,854"
"23-Jul-2020","268.30","268.45","262.55","266.60","10,368,338"
"24-Jul-2020","267.00","271.80","265.55","270.55","22,122,258"
"27-Jul-2020","270.55","273.20","267.15","268.85","13,990,387"
"28-Jul-2020","269.30","276.75","269.30","275.45","14,043,918"
"29-Jul-2020","273.80","278.00","272.35","277.00","10,783,679"
"30-Jul-2020","280.10","286.80","280.10","284.10","25,847,766"
"31-Jul-2020","289.60","290.80","278.60","280.95","16,700,905"
"03-Aug-2020","283.00","284.80","279.50","281.55","8,908,831"
"04-Aug-2020","281.55","283.35","278.25","281.05","8,119,584"
"05-Aug-2020","281.25","284.45","277.40","278.20","7,345,555"
"06-Aug-2020","280.70","284.25","277.75","279.65","10,152,605"
"07-Aug-2020","281.05","281.85","276.40","277.40","7,321,209"
"10-Aug-2020","280.00","281.20","276.60","277.40","6,310,815"
"11-Aug-2020","279.00","284.65","278.30","279.65","10,078,908"
"12-Aug-2020","280.40","280.70","274.55","276.20","8,903,667"
"13-Aug-2020","277.90","281.85","274.80","277.00","9,653,956"
"14-Aug-2020","278.50","280.75","275.90","276.50","6,581,719"
"17-Aug-2020","278.60","286.40","277.65","281.95","14,547,013"
"18-Aug-2020","284.75","287.40","281.70","282.70","12,054,273"
"19-Aug-2020","285.50","285.95","279.25","279.75","9,373,235"
"20-Aug-2020","279.00","279.00","273.20","274.20","9,891,770"
"21-Aug-2020","278.95","278.95","272.70","273.35","7,984,131"
"24-Aug-2020","273.50","274.45","271.90","272.70","6,154,814"
"25-Aug-2020","274.35","274.70","269.35","269.95","7,796,364"
"26-Aug-2020","269.95","274.70","268.00","272.05","9,632,864"
"27-Aug-2020","273.00","275.20","271.50","272.35","6,190,218"
"28-Aug-2020","274.70","275.00","271.30","272.05","7,601,545"
"31-Aug-2020","274.00","282.00","268.00","271.30","20,571,550"
"01-Sep-2020","271.00","279.40","269.00","271.60","12,293,054"
"02-Sep-2020","272.90","276.50","271.20","273.70","8,432,055"
"03-Sep-2020","275.50","287.85","274.50","282.85","24,895,166"
"04-Sep-2020","278.70","279.50","275.10","276.00","10,707,714"
"07-Sep-2020","276.50","279.50","271.50","278.75","8,326,285"
"08-Sep-2020","282.20","286.95","278.50","282.55","22,294,866"
"09-Sep-2020","279.80","289.45","278.50","282.85","22,794,437"
"10-Sep-2020","286.65","286.85","281.10","284.55","9,517,932"
"11-Sep-2020","282.50","298.45","282.50","293.30","41,937,351"
"14-Sep-2020","293.25","308.55","293.15","307.20","38,090,115"
"15-Sep-2020","307.20","311.25","302.75","307.35","28,156,339"
"16-Sep-2020","307.00","313.50","304.05","312.15","14,994,220"
"17-Sep-2020","307.25","316.70","307.20","311.70","26,811,653"
"18-Sep-2020","314.00","319.00","312.25","316.50","18,487,980"
"21-Sep-2020","315.90","324.50","309.95","311.90","22,739,047"
"22-Sep-2020","315.40","316.75","303.95","312.25","23,510,335"
"23-Sep-2020","315.00","321.80","311.15","314.85","22,139,808"
"24-Sep-2020","313.40","313.40","302.45","304.70","17,920,812"
"25-Sep-2020","306.30","315.25","304.20","313.90","22,007,095"
"28-Sep-2020","315.00","317.00","309.60","311.55","12,460,913"
"29-Sep-2020","315.00","318.55","310.50","311.50","14,830,395"
"30-Sep-2020","312.00","315.85","309.60","313.55","12,393,317"
"01-Oct-2020","316.40","317.85","312.05","313.05","9,257,331"
"05-Oct-2020","315.20","336.00","315.20","333.95","38,906,392"
"06-Oct-2020","335.00","335.30","323.00","330.05","27,579,966"
"07-Oct-2020","327.00","336.55","325.50","335.30","17,739,988"
"08-Oct-2020","351.00","367.75","346.45","359.45","107,270,570"
"09-Oct-2020","362.00","376.10","357.25","374.00","55,431,052"
"12-Oct-2020","377.00","379.80","369.10","377.50","52,966,063"
"13-Oct-2020","377.30","381.70","372.95","375.95","36,092,383"
"14-Oct-2020","365.00","365.00","348.30","350.45","74,138,275"
"15-Oct-2020","351.00","354.25","338.95","341.60","38,961,585"
"16-Oct-2020","342.90","348.10","338.60","339.65","25,245,262"
"19-Oct-2020","342.45","346.50","338.65","343.20","12,848,026"
"20-Oct-2020","344.75","349.50","341.85","346.75","16,996,774"
"21-Oct-2020","349.60","350.10","339.10","343.45","9,967,721"
"22-Oct-2020","341.00","348.20","340.85","344.45","9,541,284"
"23-Oct-2020","346.90","347.10","341.30","342.40","8,673,514"
"26-Oct-2020","343.70","344.90","336.70","339.80","8,695,206"
"27-Oct-2020","338.30","339.75","331.05","334.05","9,910,942"
"28-Oct-2020","335.75","339.85","334.40","335.65","8,984,606"
"29-Oct-2020","333.65","340.00","331.15","337.45","7,239,961"
"30-Oct-2020","339.25","345.00","338.45","340.70","11,496,123"
"02-Nov-2020","341.75","341.75","333.70","334.80","4,831,133"
"03-Nov-2020","335.50","339.45","332.65","335.65","4,757,798"
"04-Nov-2020","338.00","351.55","337.50","342.95","15,381,900"
"05-Nov-2020","347.95","349.00","344.05","345.40","5,602,436"
"06-Nov-2020","346.15","349.00","343.40","345.75","5,457,793"
"09-Nov-2020","350.00","352.80","347.00","351.95","7,107,285"
"10-Nov-2020","350.75","350.75","341.15","342.30","9,049,620"
"11-Nov-2020","344.50","347.75","341.50","346.75","7,637,879"
"12-Nov-2020","348.00","350.70","344.30","345.55","5,114,424"
"13-Nov-2020","344.50","346.25","342.70","344.15","4,727,888"
"14-Nov-2020","347.15","347.55","343.10","345.45","749,242"
"17-Nov-2020","347.00","350.50","343.70","348.70","6,653,834"
"18-Nov-2020","349.75","352.35","341.80","345.30","7,407,808"
"19-Nov-2020","347.70","349.50","341.60","342.60","11,056,851"
"20-Nov-2020","343.80","348.50","342.05","346.30","6,181,393"
"23-Nov-2020","348.00","357.40","346.00","355.85","10,333,347"
"24-Nov-2020","359.00","361.40","355.00","355.50","10,092,441"
"25-Nov-2020","357.90","358.80","349.55","350.00","6,812,338"
"26-Nov-2020","351.00","356.40","347.20","354.85","7,366,370"
"27-Nov-2020","354.85","357.50","347.85","350.50","12,402,084"
"01-Dec-2020","352.70","353.90","346.25","352.85","10,693,567"
"02-Dec-2020","354.45","360.30","354.20","358.90","9,434,077"
"03-Dec-2020","364.00","364.00","358.00","360.30","10,697,045"
"04-Dec-2020","361.10","362.40","359.00","360.80","7,427,393"
"07-Dec-2020","362.00","362.75","357.50","358.45","8,392,383"
"08-Dec-2020","360.30","365.00","358.40","363.70","11,813,301"
"09-Dec-2020","367.75","367.75","357.50","359.50","18,137,688"
"10-Dec-2020","356.20","358.00","352.75","355.90","6,897,397"
"11-Dec-2020","357.40","360.00","352.65","353.50","5,863,616"
"14-Dec-2020","353.50","354.55","347.10","349.35","11,501,839"
"15-Dec-2020","349.30","353.90","347.50","352.70","7,231,781"
"16-Dec-2020","353.90","358.95","353.20","358.40","6,666,272"
"17-Dec-2020","358.40","359.25","355.50","356.90","4,165,371"
"18-Dec-2020","358.95","365.80","357.50","363.55","17,398,081"
"21-Dec-2020","362.50","367.45","348.35","353.95","9,665,063"
"22-Dec-2020","354.00","365.70","349.45","364.20","8,186,039"
"23-Dec-2020","374.00","387.60","371.70","385.55","44,874,433"
"24-Dec-2020","386.45","386.70","378.65","382.20","12,240,172"
"28-Dec-2020","383.45","386.40","382.00","382.90","4,725,879"
"29-Dec-2020","384.00","390.50","383.10","385.00","11,459,126"
"30-Dec-2020","385.00","386.60","382.80","384.40","7,188,435"
"31-Dec-2020","381.20","387.60","381.20","386.25","6,394,605"
"01-Jan-2021","385.05","390.75","385.05","388.10","5,042,336"
"04-Jan-2021","390.00","397.95","387.80","396.40","9,755,721"
"05-Jan-2021","394.10","409.80","393.50","406.30","25,156,747"
"06-Jan-2021","405.00","417.40","403.30","406.40","22,486,300"
"07-Jan-2021","412.25","413.00","403.85","406.75","12,344,755"
"08-Jan-2021","407.50","432.65","407.25","430.20","40,993,230"
"11-Jan-2021","436.00","451.00","435.00","446.80","47,334,018"
"12-Jan-2021","447.95","460.75","442.40","457.70","22,134,465"
"13-Jan-2021","461.00","467.45","452.80","459.00","29,190,193"
"14-Jan-2021","452.00","466.00","430.00","454.35","71,551,807"
"15-Jan-2021","454.75","459.40","436.60","438.55","25,307,779"
"18-Jan-2021","441.00","445.00","429.10","431.55","21,510,587"
"19-Jan-2021","433.00","439.55","427.70","430.25","15,677,790"
"20-Jan-2021","434.00","447.85","433.00","444.95","24,419,679"
"21-Jan-2021","451.60","453.45","442.30","445.80","15,911,377"
"22-Jan-2021","447.45","452.00","440.45","444.75","11,398,812"
"25-Jan-2021","445.15","451.00","435.15","437.25","7,380,169"
"27-Jan-2021","438.00","454.75","437.25","446.45","29,590,210"
"28-Jan-2021","443.25","448.60","427.30","431.90","14,812,435"
"29-Jan-2021","437.40","437.70","415.55","417.90","15,632,421"
"01-Feb-2021","416.10","423.80","408.20","421.50","15,081,852"
"02-Feb-2021","428.00","435.55","423.65","428.35","13,310,498"
"03-Feb-2021","430.20","439.95","430.20","433.50","9,897,666"
"04-Feb-2021","433.50","436.90","428.25","429.90","7,193,299"
"05-Feb-2021","432.00","433.40","420.55","425.55","8,679,026"
"08-Feb-2021","430.35","437.70","426.30","435.30","12,516,340"
"09-Feb-2021","440.25","451.75","435.20","439.35","29,474,830"
"10-Feb-2021","442.00","444.15","435.00","439.00","10,607,735"
"11-Feb-2021","439.00","440.50","433.40","437.00","9,237,026"
"12-Feb-2021","440.00","449.20","439.60","442.00","19,280,834"
"15-Feb-2021","444.60","444.90","436.80","439.70","7,844,877"
"16-Feb-2021","446.00","447.80","433.80","437.55","12,453,798"
"17-Feb-2021","435.90","439.00","428.50","430.20","7,390,192"
"18-Feb-2021","430.30","436.65","429.35","432.95","8,385,736"
"19-Feb-2021","433.15","435.75","426.10","429.95","8,478,666"
"22-Feb-2021","430.70","432.85","416.00","418.70","10,666,087"
"23-Feb-2021","419.70","426.00","414.30","415.50","8,992,353"
"24-Feb-2021","417.70","425.80","414.75","423.10","5,060,297"
"25-Feb-2021","423.10","429.00","420.45","421.30","9,110,392"
"26-Feb-2021","417.95","419.85","408.00","410.30","11,731,941"
"01-Mar-2021","411.00","418.70","409.20","414.40","6,421,696"
"02-Mar-2021","419.70","433.10","418.25","430.40","14,875,234"
"03-Mar-2021","433.00","436.65","428.25","435.50","8,782,452"
"04-Mar-2021","428.90","444.30","427.50","438.80","12,963,797"
"05-Mar-2021","440.00","440.00","417.00","420.85","43,931,172"
"08-Mar-2021","425.10","425.15","415.55","416.90","12,354,838"
"09-Mar-2021","419.80","422.80","410.05","419.20","11,905,629"
"10-Mar-2021","426.10","430.70","423.00","426.70","17,291,368"
"12-Mar-2021","431.50","432.80","422.10","425.20","8,960,126"
"15-Mar-2021","424.80","428.60","417.80","426.35","7,517,124"
"16-Mar-2021","427.25","434.95","425.65","429.30","10,673,647"
"17-Mar-2021","429.00","435.50","417.70","419.65","12,134,812"
"18-Mar-2021","423.25","424.15","404.30","410.15","10,082,931"
"19-Mar-2021","408.95","413.65","399.45","410.50","16,875,402"
"22-Mar-2021","411.05","416.25","410.20","414.45","6,622,984"
"23-Mar-2021","417.70","423.40","412.70","415.50","11,575,194"
"24-Mar-2021","411.35","415.45","409.20","411.00","5,140,347"
"25-Mar-2021","410.70","411.70","397.75","399.65","12,737,129"
"26-Mar-2021","404.80","407.70","400.65","403.90","9,033,369"
"30-Mar-2021","405.00","420.45","405.00","418.10","13,171,390"
"31-Mar-2021","419.80","419.80","413.35","414.15","7,445,134"
"01-Apr-2021","418.85","422.85","414.35","416.40","7,596,943"
"05-Apr-2021","416.45","427.90","416.20","425.45","21,216,395"
"06-Apr-2021","427.95","428.90","422.35","427.15","8,320,520"
"07-Apr-2021","425.00","439.00","423.40","438.00","13,867,650"
"08-Apr-2021","441.95","445.95","440.00","442.10","12,916,614"
"09-Apr-2021","442.90","451.35","440.00","450.10","11,699,385"
"12-Apr-2021","450.00","450.10","429.40","432.60","15,086,267"
"13-Apr-2021","432.00","437.55","412.60","418.95","20,420,320"
"15-Apr-2021","418.90","434.45","415.00","430.70","26,758,891"
"16-Apr-2021","441.70","473.65","436.00","469.20","109,361,636"
"19-Apr-2021","463.00","477.95","461.10","472.75","43,809,855"
"20-Apr-2021","476.00","477.55","467.80","470.10","17,730,691"
"22-Apr-2021","471.60","494.50","471.60","486.65","42,620,929"
"23-Apr-2021","483.55","487.35","474.35","475.70","13,596,003"
"26-Apr-2021","479.40","483.85","477.00","480.30","9,314,644"
"27-Apr-2021","481.40","487.00","481.00","485.05","7,209,467"
"28-Apr-2021","485.85","493.20","481.25","489.30","9,615,534"
"29-Apr-2021","492.70","492.80","485.70","489.85","7,641,133"
"30-Apr-2021","491.50","511.80","489.30","492.75","29,115,571"
"03-May-2021","487.95","496.00","483.25","487.35","8,599,731"
"04-May-2021","487.30","488.30","477.80","481.95","8,102,429"
"05-May-2021","484.80","496.00","483.30","490.60","11,856,591"
"06-May-2021","493.70","514.80","487.25","512.30","24,413,544"
"07-May-2021","514.00","516.55","507.50","515.25","14,666,581"
"10-May-2021","517.60","528.50","513.25","525.95","12,544,472"
"11-May-2021","517.95","523.30","514.05","518.40","7,649,499"
"12-May-2021","519.95","522.55","504.85","507.60","7,871,107"
"14-May-2021","507.50","508.40","492.75","498.45","6,799,879"
"17-May-2021","498.45","503.70","495.00","499.80","5,752,650"
"18-May-2021","502.00","514.80","500.90","508.05","9,380,746"
"19-May-2021","508.30","517.80","505.15","511.65","7,490,396"
"20-May-2021","516.00","517.00","503.60","508.25","6,292,304"
"21-May-2021","510.00","515.90","509.15","512.70","5,197,503"
"24-May-2021","511.90","518.50","509.65","514.90","7,436,812"
"25-May-2021","517.40","524.85","515.70","517.55","7,954,564"
"26-May-2021","514.90","530.45","514.75","527.25","8,823,190"
"27-May-2021","527.25","545.00","525.05","540.90","29,411,126"
"28-May-2021","539.00","540.30","532.65","538.70","5,878,626"
"31-May-2021","538.70","540.55","531.05","539.05","5,386,205"
"01-Jun-2021","541.90","547.00","539.65","542.80","5,965,044"
"02-Jun-2021","541.95","545.00","533.00","543.00","4,713,568"
"03-Jun-2021","545.70","549.90","538.30","539.05","5,637,991"
"04-Jun-2021","543.50","545.50","540.45","541.20","4,771,716"
"07-Jun-2021","544.70","551.20","542.70","548.25","4,348,433"
"08-Jun-2021","550.00","555.50","549.15","550.60","5,429,734"
"09-Jun-2021","553.00","553.25","542.20","544.20","6,206,899"
"10-Jun-2021","545.55","555.50","545.55","554.25","5,720,744"
"11-Jun-2021","555.00","558.95","551.50","554.30","5,612,359"
"14-Jun-2021","553.90","562.80","553.00","561.60","5,952,159"
"15-Jun-2021","561.50","564.00","557.00","557.90","3,837,245"
"16-Jun-2021","559.90","562.55","553.50","555.25","5,497,269"
"17-Jun-2021","552.50","561.50","549.55","558.70","4,399,348"
"18-Jun-2021","560.00","561.95","546.05","549.80","10,007,116"
"21-Jun-2021","544.75","544.75","535.20","542.15","5,390,821"
"22-Jun-2021","545.25","559.95","542.30","556.55","5,752,921"
"23-Jun-2021","560.00","560.85","538.40","540.15","11,242,702"
"24-Jun-2021","541.90","550.55","539.20","549.05","8,668,680"
"25-Jun-2021","549.85","551.00","540.50","547.50","5,039,822"
"28-Jun-2021","549.75","550.80","544.25","547.40","3,259,830"
"29-Jun-2021","547.80","553.75","541.00","542.60","7,927,880"
"30-Jun-2021","544.85","548.00","542.00","545.65","4,293,322"
"01-Jul-2021","545.00","545.90","538.00","539.35","4,329,374"
"02-Jul-2021","540.10","542.30","533.60","538.60","4,157,307"
"05-Jul-2021","542.90","542.90","535.55","536.35","3,439,169"
"06-Jul-2021","536.55","538.30","531.85","532.60","4,193,441"
"07-Jul-2021","534.05","536.40","525.10","532.15","5,377,687"
"08-Jul-2021","533.90","536.95","528.00","531.00","4,565,510"
"09-Jul-2021","527.40","530.95","523.25","525.80","5,724,608"
"12-Jul-2021","530.75","532.15","523.20","525.85","3,865,556"
"13-Jul-2021","528.00","529.50","522.60","524.85","4,172,358"
"14-Jul-2021","526.25","563.30","525.60","561.70","29,348,083"
"15-Jul-2021","561.00","579.65","559.00","575.90","31,066,201"
"16-Jul-2021","580.00","589.25","568.30","577.75","36,907,827"
"19-Jul-2021","572.55","584.00","570.00","573.80","10,857,851"
"20-Jul-2021","575.70","578.15","561.55","568.10","10,523,527"
"22-Jul-2021","577.10","585.00","571.00","584.20","12,043,385"
"23-Jul-2021","586.50","601.80","583.70","599.15","14,057,455"
"26-Jul-2021","600.10","600.50","588.25","590.45","6,099,903"
"27-Jul-2021","588.90","594.65","584.15","591.45","3,983,137"
"28-Jul-2021","590.95","593.35","583.00","591.95","4,573,930"
"29-Jul-2021","593.60","598.00","587.90","590.45","5,834,470"
"30-Jul-2021","588.85","593.00","585.00","587.15","3,178,206"
"02-Aug-2021","588.20","595.40","582.25","592.25","4,623,898"
"03-Aug-2021","604.00","604.00","594.15","599.40","5,165,607"
"04-Aug-2021","603.50","604.00","594.30","596.80","4,509,356"
"05-Aug-2021","597.50","614.50","597.50","600.90","11,294,364"
"06-Aug-2021","603.75","606.40","596.30","598.00","5,270,200"
"09-Aug-2021","600.00","606.00","595.50","596.80","4,646,751"
"10-Aug-2021","598.40","608.95","593.10","603.85","7,027,782"
"11-Aug-2021","601.90","606.50","598.45","601.25","4,282,513"
"12-Aug-2021","602.00","608.90","600.65","605.85","3,952,508"
"13-Aug-2021","606.00","620.45","606.00","615.50","8,364,684"
"16-Aug-2021","616.10","620.90","610.50","614.05","3,572,426"
"17-Aug-2021","613.75","637.05","611.20","634.90","11,822,772"
"18-Aug-2021","635.75","639.20","624.60","629.40","6,923,577"
"20-Aug-2021","622.50","631.95","618.00","620.05","6,170,693"
"23-Aug-2021","626.00","636.95","623.50","628.85","7,036,375"
"24-Aug-2021","636.00","636.00","624.10","633.55","4,483,718"
"25-Aug-2021","635.00","642.80","629.55","631.65","6,407,718"
"26-Aug-2021","632.20","638.50","626.00","628.95","4,208,351"
"27-Aug-2021","629.50","636.00","625.30","634.95","4,371,554"
"30-Aug-2021","635.95","639.50","630.55","632.45","4,371,855"
"31-Aug-2021","634.60","642.55","628.90","640.95","7,795,908"
"01-Sep-2021","643.80","647.35","635.25","642.05","4,725,222"
"02-Sep-2021","645.00","657.00","640.75","651.45","4,538,778"
"03-Sep-2021","653.00","656.70","649.50","655.10","3,774,970"
"06-Sep-2021","656.65","688.70","656.65","686.45","12,338,416"
"07-Sep-2021","690.00","690.00","672.75","674.25","6,406,109"
"08-Sep-2021","675.40","675.40","660.00","662.20","6,716,231"
"09-Sep-2021","660.90","664.55","654.00","662.35","5,805,730"
"13-Sep-2021","662.35","671.85","657.85","670.75","5,588,789"
"14-Sep-2021","671.00","675.70","670.00","673.45","3,661,338"
"15-Sep-2021","674.00","680.55","670.00","674.05","4,145,416"
"16-Sep-2021","679.75","680.75","665.00","667.85","4,657,846"
"17-Sep-2021","671.40","674.40","662.75","665.25","5,407,781"
"20-Sep-2021","657.75","670.50","653.40","662.50","4,546,430"
"21-Sep-2021","660.50","669.00","657.10","667.60","3,683,551"
"22-Sep-2021","669.00","674.50","663.00","668.15","4,791,652"
"23-Sep-2021","672.90","677.00","671.40","674.30","3,231,293"
"24-Sep-2021","680.50","699.15","675.00","676.50","12,126,588"
"27-Sep-2021","678.05","678.35","651.00","653.90","8,399,082"
"28-Sep-2021","653.90","653.90","635.25","639.60","8,112,462"
"29-Sep-2021","629.95","646.50","627.35","640.75","8,839,566"
"30-Sep-2021","638.75","646.75","632.55","634.10","6,013,959"
"01-Oct-2021","634.80","639.75","630.20","636.25","4,208,854"
"04-Oct-2021","639.90","643.60","635.95","641.05","5,247,122"
"05-Oct-2021","636.45","649.50","634.05","646.85","5,456,074"
"06-Oct-2021","650.40","650.45","634.40","635.75","4,836,599"
"07-Oct-2021","639.00","648.55","636.90","642.95","3,724,343"
"08-Oct-2021","646.15","667.55","645.00","661.15","11,045,983"
"11-Oct-2021","648.95","666.30","635.00","652.80","10,211,466"
"12-Oct-2021","652.00","662.40","642.55","659.10","9,340,216"
"13-Oct-2021","665.00","674.70","656.00","672.60","9,462,941"
"14-Oct-2021","697.00","739.85","695.00","708.25","59,188,803"
"18-Oct-2021","719.00","720.80","702.40","709.75","10,599,446"
"19-Oct-2021","717.10","729.95","708.00","711.55","10,932,574"
"20-Oct-2021","713.60","722.75","695.75","701.95","8,054,391"
"21-Oct-2021","708.95","709.00","681.70","696.30","7,958,456"
"22-Oct-2021","701.75","705.50","678.25","682.40","5,379,151"
"25-Oct-2021","682.75","684.20","660.80","667.70","8,810,958"
"26-Oct-2021","671.05","678.80","665.00","668.15","6,096,983"
"27-Oct-2021","668.15","674.55","663.45","671.10","6,315,589"
"28-Oct-2021","671.00","671.60","655.00","656.90","5,178,771"
"29-Oct-2021","658.25","659.40","644.25","646.75","6,761,317"
"01-Nov-2021","651.10","656.95","647.50","655.45","4,401,233"
"02-Nov-2021","657.00","661.00","651.10","653.80","4,039,689"
"03-Nov-2021","659.40","661.85","650.20","652.50","3,435,591"
"04-Nov-2021","655.00","657.65","647.40","653.70","782,905"
"08-Nov-2021","652.95","661.00","647.50","658.35","4,752,230"
"09-Nov-2021","663.10","666.25","656.70","658.45","4,142,065"
"10-Nov-2021","655.90","659.00","651.55","652.60","4,045,695"
"11-Nov-2021","649.75","649.75","636.80","641.80","6,033,898"
"12-Nov-2021","648.00","662.50","645.80","660.05","6,063,253"
"15-Nov-2021","661.55","666.00","657.15","658.90","4,717,998"
"16-Nov-2021","658.40","668.75","654.65","661.45","5,663,547"
"17-Nov-2021","661.45","668.00","658.00","661.80","4,427,497"
"18-Nov-2021","663.40","665.95","645.25","651.45","3,921,249"
"22-Nov-2021","658.00","660.45","638.00","644.05","5,791,217"
"23-Nov-2021","642.70","648.95","626.05","642.80","4,567,462"
"24-Nov-2021","644.30","647.60","633.10","636.50","3,992,776"
"25-Nov-2021","637.00","641.80","633.00","636.70","3,330,681"
"26-Nov-2021","632.00","634.40","619.65","621.45","4,138,537"
"29-Nov-2021","616.55","632.85","603.95","630.60","5,188,030"
"30-Nov-2021","630.60","645.50","630.50","637.25","13,425,100"
"01-Dec-2021","642.60","645.95","633.25","634.80","4,726,822"
"02-Dec-2021","636.90","648.10","629.00","646.80","5,105,228"
"03-Dec-2021","644.75","653.95","639.90","640.75","6,702,505"
"06-Dec-2021","637.25","644.20","623.15","624.50","4,704,953"
"07-Dec-2021","628.00","634.55","623.00","632.40","4,278,545"
"08-Dec-2021","639.00","653.00","638.25","641.70","7,680,329"
"09-Dec-2021","641.75","647.60","637.85","643.20","3,432,802"
"10-Dec-2021","642.15","645.90","635.10","638.25","4,262,606"
"13-Dec-2021","643.50","656.55","640.20","645.40","6,561,840"
"14-Dec-2021","646.00","651.90","639.25","646.90","4,304,706"
"15-Dec-2021","646.70","646.70","635.35","636.40","3,561,772"
"16-Dec-2021","644.00","649.90","639.40","644.30","6,218,620"
"17-Dec-2021","660.00","676.80","650.10","670.80","52,300,009"
"20-Dec-2021","667.55","677.50","663.00","665.95","13,149,101"
"21-Dec-2021","676.00","697.10","671.00","690.80","13,681,048"
"22-Dec-2021","695.90","695.90","681.20","685.65","6,163,877"
"23-Dec-2021","690.10","702.00","689.10","694.55","6,472,454"
"24-Dec-2021","697.75","702.40","690.15","698.45","6,591,213"
"27-Dec-2021","699.85","701.00","691.15","699.60","5,094,328"
"28-Dec-2021","703.00","707.50","701.55","705.45","5,079,022"
"29-Dec-2021","705.25","710.00","700.05","703.70","3,949,208"
"30-Dec-2021","705.10","719.90","704.00","714.10","9,043,675"
"31-Dec-2021","715.80","718.80","709.10","715.35","4,274,779"
"03-Jan-2022","718.00","726.80","716.00","718.70","4,640,405"
"04-Jan-2022","722.75","723.10","711.55","721.50","5,114,400"
"05-Jan-2022","720.00","720.85","703.00","713.50","7,355,632"
"06-Jan-2022","705.80","712.25","699.95","705.75","6,441,610"
"07-Jan-2022","708.00","721.50","707.60","711.50","6,560,163"
"10-Jan-2022","709.00","709.00","690.00","693.50","13,768,910"
"11-Jan-2022","695.00","698.45","689.00","694.15","7,743,729"
"12-Jan-2022","700.00","701.75","683.20","691.35","11,730,341"
"13-Jan-2022","663.20","666.00","648.00","649.75","30,752,967"
"14-Jan-2022","649.25","649.25","636.50","639.80","13,257,274"
"17-Jan-2022","639.50","651.65","633.05","646.65","10,228,938"
"18-Jan-2022","648.90","650.00","631.15","633.30","7,164,990"
"19-Jan-2022","631.00","631.65","619.00","621.15","8,691,383"
"20-Jan-2022","620.65","622.40","610.50","615.20","8,413,562"
"21-Jan-2022","610.00","611.00","600.80","605.05","9,823,347"
"24-Jan-2022","605.50","605.50","568.45","572.75","13,075,358"
"25-Jan-2022","562.50","572.00","550.70","562.70","17,356,185"
"27-Jan-2022","555.00","556.90","537.20","544.75","15,675,872"
"28-Jan-2022","550.10","564.95","546.65","552.15","14,949,890"
"31-Jan-2022","569.00","574.40","562.55","572.60","13,126,087"
"01-Feb-2022","579.90","582.40","566.45","576.65","10,460,101"
"02-Feb-2022","582.00","590.00","575.00","588.00","8,184,413"
"03-Feb-2022","584.70","588.80","576.15","578.25","7,041,390"
"04-Feb-2022","577.00","577.80","568.05","571.75","6,816,779"
"07-Feb-2022","571.90","573.80","555.60","557.00","7,545,679"
"08-Feb-2022","561.40","565.80","554.45","560.25","6,976,907"
"09-Feb-2022","564.40","570.75","563.30","568.95","5,103,738"
"10-Feb-2022","572.40","574.75","566.20","573.65","5,801,912"
"11-Feb-2022","566.00","566.00","557.10","561.45","7,721,229"
"14-Feb-2022","550.00","557.15","540.00","541.70","8,120,773"
"15-Feb-2022","545.60","565.25","543.25","563.35","6,838,496"
"16-Feb-2022","565.15","570.30","557.55","563.90","7,303,911"
"17-Feb-2022","572.00","572.40","561.15","564.90","7,114,420"
"18-Feb-2022","559.00","565.70","555.35","562.45","6,705,919"
"21-Feb-2022","555.75","572.70","555.40","570.80","8,767,001"
"22-Feb-2022","556.25","569.00","556.10","564.15","10,745,062"
"23-Feb-2022","569.20","570.90","562.65","567.10","7,204,256"
"24-Feb-2022","548.00","556.90","531.15","537.15","13,476,944"
"25-Feb-2022","548.00","558.75","547.50","555.25","7,961,312"
"28-Feb-2022","551.00","560.10","544.10","555.80","9,158,437"
"02-Mar-2022","555.00","558.30","550.40","555.20","8,177,055"
"03-Mar-2022","563.00","575.95","560.35","569.55","12,955,663"
"04-Mar-2022","561.00","580.00","554.05","575.30","13,474,186"
"07-Mar-2022","563.00","579.65","562.25","571.85","10,556,167"
"08-Mar-2022","572.00","590.75","572.00","587.45","11,019,999"
"09-Mar-2022","588.00","596.40","582.15","585.50","11,763,616"
"10-Mar-2022","595.00","596.50","584.60","588.25","8,080,983"
"11-Mar-2022","587.00","590.00","582.40","586.20","4,963,594"
"14-Mar-2022","586.40","600.80","586.00","598.15","7,503,221"
"15-Mar-2022","603.70","603.70","584.30","587.70","6,926,622"
"16-Mar-2022","595.25","599.45","592.50","598.25","5,575,148"
"17-Mar-2022","605.00","611.00","599.00","601.20","8,440,645"
"21-Mar-2022","605.10","616.00","598.00","600.00","7,796,476"
"22-Mar-2022","603.40","611.00","596.15","610.05","7,790,250"
"23-Mar-2022","613.95","615.00","607.70","611.20","5,696,918"
"24-Mar-2022","607.00","613.80","605.80","610.55","3,875,745"
"25-Mar-2022","611.00","614.00","597.25","603.35","5,993,097"
"28-Mar-2022","608.00","609.00","597.10","600.20","5,738,405"
"29-Mar-2022","603.00","605.35","599.15","602.50","4,701,003"
"30-Mar-2022","605.10","609.30","599.50","600.80","7,744,382"
"31-Mar-2022","600.00","603.30","590.20","591.90","7,238,089"
"01-Apr-2022","591.70","603.40","589.30","601.80","4,283,997"
"04-Apr-2022","605.00","606.50","599.00","605.60","4,427,974"
"05-Apr-2022","605.45","609.50","598.05","599.15","6,431,244"
"06-Apr-2022","598.00","598.00","591.00","593.55","4,117,951"
"07-Apr-2022","592.00","592.00","577.50","580.85","7,860,765"
"08-Apr-2022","586.00","587.00","580.50","583.65","4,318,316"
"11-Apr-2022","584.00","584.25","568.10","571.10","8,582,108"
"12-Apr-2022","568.00","568.00","556.20","558.70","8,169,266"
"13-Apr-2022","560.00","565.50","554.60","559.20","5,602,288"
"18-Apr-2022","549.85","549.85","536.00","538.60","9,465,031"
"19-Apr-2022","544.00","545.55","526.05","530.45","6,643,004"
"20-Apr-2022","536.00","540.55","531.35","536.50","4,330,488"
"21-Apr-2022","541.00","542.50","537.35","539.20","6,694,391"
"22-Apr-2022","535.00","540.85","530.65","537.70","4,891,212"
"25-Apr-2022","529.95","531.15","523.30","529.35","4,736,884"
"26-Apr-2022","537.00","537.75","527.10","529.25","4,359,370"
"27-Apr-2022","527.00","527.00","514.50","518.95","8,137,539"
"28-Apr-2022","524.00","526.65","516.00","522.55","6,620,669"
"29-Apr-2022","528.50","528.50","507.00","508.80","12,075,630"
"02-May-2022","515.50","519.00","492.60","495.00","21,911,427"
"04-May-2022","500.00","503.85","489.25","491.75","8,633,927"
"05-May-2022","501.00","503.70","496.30","501.15","5,434,766"
"06-May-2022","490.00","490.90","481.00","485.10","9,220,891"
"09-May-2022","482.00","489.35","474.60","483.15","8,337,625"
"10-May-2022","483.00","483.75","476.15","477.65","7,484,767"
"11-May-2022","480.05","481.95","462.55","471.90","10,514,671"
"12-May-2022","468.10","476.00","462.15","473.80","7,286,500"
"13-May-2022","479.50","479.50","467.00","468.65","8,387,659"
"16-May-2022","474.00","474.35","465.00","468.00","3,657,033"
"17-May-2022","471.00","489.00","468.30","486.65","5,660,725"
"18-May-2022","490.90","495.25","480.60","481.25","7,695,484"
"19-May-2022","466.15","473.80","450.00","451.15","11,472,989"
"20-May-2022","462.00","462.20","455.00","459.60","6,365,956"
"23-May-2022","463.80","467.80","457.50","466.00","7,055,784"
"24-May-2022","468.45","469.60","458.00","459.95","6,889,730"
"25-May-2022","460.15","460.85","443.20","444.85","7,740,753"
"26-May-2022","446.00","454.70","444.00","453.35","5,791,541"
"27-May-2022","460.00","467.95","456.25","466.95","5,707,236"
"30-May-2022","473.15","481.50","473.15","476.25","6,145,574"
"31-May-2022","475.90","480.75","470.40","478.05","15,793,502"
"01-Jun-2022","478.95","478.95","468.50","470.75","5,257,283"
"02-Jun-2022","471.80","476.45","468.10","474.15","5,267,520"
"03-Jun-2022","479.65","488.00","474.50","475.50","11,634,889"
"06-Jun-2022","472.00","475.50","464.20","473.20","6,895,578"
"07-Jun-2022","470.00","470.75","465.15","467.65","2,350,671"
"08-Jun-2022","471.05","472.00","464.30","470.40","2,813,826"
"09-Jun-2022","467.05","476.15","464.25","475.05","3,701,119"
"10-Jun-2022","467.20","467.20","456.30","460.95","8,726,549"
"13-Jun-2022","450.05","453.00","445.00","446.10","7,065,411"
"14-Jun-2022","440.00","453.70","438.00","445.90","6,528,192"
"15-Jun-2022","448.45","450.65","439.30","440.10","5,695,798"
"16-Jun-2022","446.00","446.75","419.75","422.30","8,972,343"
"17-Jun-2022","416.00","418.75","402.05","405.20","20,775,273"
"20-Jun-2022","409.00","417.90","404.15","414.65","10,375,419"
"21-Jun-2022","420.00","426.75","416.65","425.15","6,093,902"
"22-Jun-2022","422.70","422.70","410.30","411.25","8,101,431"
"23-Jun-2022","412.50","420.80","411.30","419.05","9,827,505"
"24-Jun-2022","421.00","426.00","415.75","418.75","7,681,051"
"27-Jun-2022","427.00","430.75","424.00","424.90","6,223,935"
"28-Jun-2022","422.00","429.10","415.70","427.25","6,045,914"
"29-Jun-2022","420.00","424.80","417.40","420.75","8,342,088"
"30-Jun-2022","421.90","423.00","415.00","416.05","6,061,642"
"01-Jul-2022","415.00","423.20","411.40","422.00","4,453,624"
"04-Jul-2022","420.95","421.75","416.00","420.30","3,186,358"
"05-Jul-2022","421.10","423.05","413.05","413.60","5,756,605"
"06-Jul-2022","418.60","418.60","413.10","416.05","5,261,455"
"07-Jul-2022","420.00","423.95","417.20","420.80","5,353,012"
"08-Jul-2022","424.00","424.70","416.55","419.10","4,767,716"
"11-Jul-2022","414.75","415.00","405.55","411.20","8,344,787"
"12-Jul-2022","409.00","414.85","408.00","409.15","4,888,736"
"13-Jul-2022","412.00","412.00","405.35","406.70","5,978,390"
"14-Jul-2022","410.60","410.60","400.50","401.45","6,580,621"
"15-Jul-2022","400.95","404.10","391.00","393.85","11,164,177"
"18-Jul-2022","399.00","405.70","396.65","404.75","6,816,197"
"19-Jul-2022","403.00","407.80","401.20","405.65","6,448,589"
"20-Jul-2022","410.80","417.50","407.10","412.10","12,618,706"
"21-Jul-2022","408.85","417.50","402.60","414.00","22,691,171"
"22-Jul-2022","415.75","417.40","409.05","410.85","7,734,271"
"25-Jul-2022","410.50","415.65","408.55","414.80","6,267,831"
"26-Jul-2022","414.80","415.40","404.30","405.20","7,593,149"
"27-Jul-2022","404.95","407.40","401.95","406.65","7,042,079"
"28-Jul-2022","411.80","417.00","410.90","416.00","7,949,232"
"29-Jul-2022","420.60","424.30","417.80","423.70","7,959,892"
"01-Aug-2022","426.20","430.90","422.60","429.00","5,182,874"
"02-Aug-2022","428.95","431.65","424.65","429.60","8,456,213"
"03-Aug-2022","429.00","433.00","427.50","432.35","6,017,469"
"04-Aug-2022","437.05","440.30","427.10","435.50","8,894,567"
"05-Aug-2022","436.15","442.00","436.15","440.00","6,483,793"
"08-Aug-2022","442.80","442.80","435.20","435.85","4,778,748"
"10-Aug-2022","435.00","436.00","426.30","430.15","5,664,871"
"11-Aug-2022","438.00","442.00","436.30","438.45","4,577,322"
"12-Aug-2022","437.10","438.50","435.00","436.10","3,546,199"
"16-Aug-2022","438.50","439.80","436.60","437.10","2,387,104"
"17-Aug-2022","437.25","444.90","436.65","443.05","5,200,738"
"18-Aug-2022","441.75","441.75","434.05","435.05","8,444,130"
"19-Aug-2022","438.95","442.50","431.00","432.45","8,626,954"
"22-Aug-2022","430.90","430.90","419.05","420.00","6,450,290"
"23-Aug-2022","415.00","418.50","410.00","416.65","8,514,388"
"24-Aug-2022","417.80","419.50","414.35","416.15","3,714,585"
"25-Aug-2022","419.30","420.10","414.95","415.20","4,376,951"
"26-Aug-2022","418.50","422.50","416.30","417.25","3,952,097"
"29-Aug-2022","405.00","406.35","399.00","404.35","11,759,757"
"30-Aug-2022","409.15","415.95","406.25","413.55","9,875,496"
"01-Sep-2022","409.90","411.65","404.85","410.45","5,889,353"
"02-Sep-2022","412.55","412.75","407.10","407.70","4,907,540"
"05-Sep-2022","407.00","408.00","404.00","405.50","9,009,254"
"06-Sep-2022","407.00","407.35","401.25","404.45","9,113,081"
"07-Sep-2022","402.10","408.85","401.00","407.45","6,124,266"
"08-Sep-2022","410.00","414.35","409.60","412.80","7,032,474"
"09-Sep-2022","417.00","419.45","411.35","417.15","7,335,671"
"12-Sep-2022","419.85","424.40","418.05","422.00","5,839,212"
"13-Sep-2022","424.90","426.00","421.50","422.65","4,704,167"
"14-Sep-2022","409.00","422.70","409.00","416.30","8,791,982"
"15-Sep-2022","419.70","420.90","413.25","415.05","5,320,157"
"16-Sep-2022","412.75","412.75","400.20","401.65","10,096,243"
"19-Sep-2022","405.00","406.20","397.00","401.95","6,792,094"
"20-Sep-2022","406.00","409.40","404.45","404.90","4,494,911"
"21-Sep-2022","405.90","405.90","399.50","400.75","9,645,056"
"22-Sep-2022","398.00","400.35","395.00","397.95","8,250,162"
"23-Sep-2022","398.10","399.40","393.65","394.35","6,983,355"
"26-Sep-2022","392.00","399.20","384.60","394.80","9,497,072"
"27-Sep-2022","396.80","401.40","392.00","398.40","6,227,347"
"28-Sep-2022","396.00","400.50","395.35","398.05","4,460,795"
"29-Sep-2022","401.00","401.90","391.55","392.80","5,941,534"
"30-Sep-2022","392.45","396.70","387.50","394.25","6,785,265"
"03-Oct-2022","393.90","398.00","390.60","394.50","4,070,417"
"04-Oct-2022","399.95","406.00","399.00","405.50","6,295,848"
"06-Oct-2022","409.35","413.00","407.45","410.15","5,601,939"
"07-Oct-2022","409.80","411.75","406.25","408.10","3,790,093"
"10-Oct-2022","400.30","413.50","399.75","411.30","9,357,463"
"11-Oct-2022","414.90","417.90","402.30","404.40","11,361,646"
"12-Oct-2022","404.25","409.60","401.60","407.95","6,305,059"
"13-Oct-2022","387.00","392.35","378.10","379.10","42,448,106"
"14-Oct-2022","387.00","387.50","376.25","377.30","13,932,397"
"17-Oct-2022","377.30","378.95","372.40","375.10","8,454,769"
"18-Oct-2022","383.70","384.25","378.40","379.30","11,164,240"
"19-Oct-2022","381.20","381.20","377.05","378.05","5,099,139"
"20-Oct-2022","377.00","382.60","376.00","381.50","5,934,407"
"21-Oct-2022","382.50","383.30","380.20","382.55","4,465,770"
"24-Oct-2022","386.40","386.40","384.00","384.70","1,736,235"
"25-Oct-2022","386.45","386.45","383.65","384.65","2,891,628"
"27-Oct-2022","386.00","386.95","381.10","382.65","5,861,559"
"28-Oct-2022","382.80","385.85","382.00","383.25","3,804,838"
"31-Oct-2022","386.55","388.40","384.75","386.55","3,319,191"
"01-Nov-2022","388.00","393.00","386.60","392.40","5,770,098"
"02-Nov-2022","392.85","394.85","390.65","393.95","3,358,307"
"03-Nov-2022","389.75","393.75","385.55","388.50","5,156,238"
"04-Nov-2022","388.50","392.40","385.65","390.55","4,511,815"
"07-Nov-2022","393.00","394.85","387.60","391.50","4,126,299"
"09-Nov-2022","394.05","394.40","389.15","390.95","3,431,273"
"10-Nov-2022","388.80","391.10","387.00","388.90","2,747,454"
"11-Nov-2022","398.50","405.85","397.25","399.70","14,208,523"
"14-Nov-2022","402.65","402.65","395.55","396.55","8,811,714"
"15-Nov-2022","398.05","399.55","394.00","397.15","6,231,356"
"16-Nov-2022","399.00","401.70","396.20","398.25","5,519,764"
"17-Nov-2022","397.90","398.00","395.00","396.75","3,028,808"
"18-Nov-2022","397.85","398.90","392.80","393.85","4,773,101"
"21-Nov-2022","393.85","394.45","387.60","388.65","3,952,306"
"22-Nov-2022","389.00","389.40","384.50","388.80","4,205,414"
"23-Nov-2022","390.75","391.95","388.00","388.75","3,358,880"
"24-Nov-2022","389.90","399.75","389.15","398.25","6,685,133"
"25-Nov-2022","399.00","404.40","395.90","402.80","6,824,275"
"28-Nov-2022","402.80","409.45","402.00","405.65","6,839,600"
"29-Nov-2022","403.00","408.90","402.90","405.15","4,551,301"
"30-Nov-2022","406.90","408.00","402.65","406.90","6,946,173"
"01-Dec-2022","412.85","416.35","411.65","413.70","7,926,492"
"02-Dec-2022","413.80","413.90","409.05","412.40","5,863,311"
"05-Dec-2022","413.25","414.95","410.65","412.35","4,973,531"
"06-Dec-2022","410.50","412.60","407.80","411.35","4,416,259"
"07-Dec-2022","409.00","409.50","405.30","406.30","3,284,308"
"08-Dec-2022","407.25","408.00","403.30","403.70","4,470,356"
"09-Dec-2022","406.00","406.00","391.25","394.05","7,711,668"
"12-Dec-2022","392.90","397.50","388.00","396.35","5,182,940"
"13-Dec-2022","398.35","399.35","396.00","397.75","3,406,921"
"14-Dec-2022","400.80","404.50","399.25","400.05","4,997,576"
"15-Dec-2022","399.75","399.75","394.05","395.20","3,883,463"
"16-Dec-2022","391.40","394.80","388.05","389.75","9,006,317"
"19-Dec-2022","388.45","390.50","385.70","389.05","4,419,023"
"20-Dec-2022","388.80","389.90","383.00","388.95","4,389,279"
"21-Dec-2022","390.90","393.25","387.85","389.50","5,107,607"
"22-Dec-2022","390.10","391.95","386.00","388.75","4,546,900"
"23-Dec-2022","384.00","385.85","377.00","377.65","6,060,355"
"26-Dec-2022","378.00","381.60","376.30","380.50","3,630,574"
"27-Dec-2022","382.50","387.35","380.25","386.60","3,842,920"
"28-Dec-2022","385.00","389.55","383.25","387.80","3,838,001"
"29-Dec-2022","386.25","392.10","384.80","390.75","4,742,699"
"30-Dec-2022","393.00","396.30","391.55","392.75","4,128,278"
"02-Jan-2023","393.00","393.90","390.50","393.05","2,779,756"
"03-Jan-2023","393.05","397.75","391.70","397.05","2,997,211"
"04-Jan-2023","397.50","397.50","388.60","389.70","4,463,261"
"05-Jan-2023","390.00","392.20","383.75","386.90","4,784,490"
"06-Jan-2023","387.00","388.80","381.40","382.00","4,242,377"
"09-Jan-2023","386.00","393.00","385.10","391.80","3,673,716"
"10-Jan-2023","392.00","393.90","387.35","393.05","3,939,748"
"11-Jan-2023","393.00","396.00","391.50","393.85","3,828,300"
"12-Jan-2023","395.75","397.90","390.50","394.50","4,755,250"
"13-Jan-2023","396.00","396.60","386.50","393.90","6,810,930"
"16-Jan-2023","390.00","401.00","389.00","398.60","11,933,722"
"17-Jan-2023","400.05","402.05","393.75","396.35","7,155,016"
"18-Jan-2023","398.50","403.85","398.00","403.20","8,040,213"
"19-Jan-2023","402.10","404.00","398.75","403.40","4,723,728"
"20-Jan-2023","403.55","405.40","401.30","403.15","4,632,807"
"23-Jan-2023","405.20","407.75","402.50","407.00","4,407,645"
"24-Jan-2023","408.40","410.20","405.15","406.60","4,776,320"
"25-Jan-2023","405.00","405.90","400.00","401.55","3,177,777"
"27-Jan-2023","401.55","403.60","394.20","398.05","3,705,067"
"30-Jan-2023","398.05","404.80","395.05","402.25","3,630,628"
"31-Jan-2023","402.30","402.55","397.70","398.85","4,783,423"
"01-Feb-2023","401.50","403.90","398.35","402.40","3,514,948"
"02-Feb-2023","402.40","410.00","402.40","409.45","5,417,730"
"03-Feb-2023","412.55","413.00","406.15","407.90","4,425,118"
"06-Feb-2023","405.40","406.20","401.60","404.65","2,979,011"
"07-Feb-2023","405.50","405.50","399.05","400.50","3,341,790"
"08-Feb-2023","401.00","407.60","401.00","406.75","4,150,488"
"09-Feb-2023","406.75","408.95","403.55","408.30","2,638,687"
"10-Feb-2023","407.00","407.00","402.80","405.80","2,580,070"
"13-Feb-2023","405.65","405.65","399.20","400.60","2,412,678"
"14-Feb-2023","403.00","406.45","401.50","405.10","2,319,411"
"15-Feb-2023","402.70","407.85","400.35","407.40","2,613,836"
"16-Feb-2023","408.80","413.25","408.55","409.90","5,594,681"
"17-Feb-2023","406.85","408.00","404.00","406.30","2,808,122"
"20-Feb-2023","405.30","407.80","402.20","407.05","3,248,594"
"21-Feb-2023","407.40","408.00","402.10","402.75","2,880,586"
"22-Feb-2023","399.50","400.35","394.45","395.15","3,441,686"
"23-Feb-2023","395.80","398.70","393.40","393.95","3,039,161"
"24-Feb-2023","395.95","396.50","392.55","393.30","2,553,317"
"27-Feb-2023","392.75","393.30","385.45","390.35","2,777,355"
"28-Feb-2023","391.85","393.20","385.70","387.05","5,030,801"
"01-Mar-2023","388.10","391.75","387.30","390.95","2,271,306"
"02-Mar-2023","388.70","390.35","387.30","388.05","2,219,486"
"03-Mar-2023","390.60","391.45","389.10","390.45","2,196,968"
"06-Mar-2023","392.45","396.65","392.10","393.75","3,363,861"
"08-Mar-2023","391.65","393.00","388.85","392.60","2,454,421"
"09-Mar-2023","392.80","393.85","389.60","390.10","2,078,527"
"10-Mar-2023","387.90","389.90","386.60","389.10","2,283,698"
"13-Mar-2023","389.00","392.60","383.75","385.45","2,991,260"
"14-Mar-2023","386.55","387.15","377.35","379.45","4,047,426"
"15-Mar-2023","383.70","383.70","374.90","375.75","3,843,963"
"16-Mar-2023","375.35","376.70","370.00","372.85","3,843,310"
"17-Mar-2023","377.20","378.35","373.85","376.50","4,522,141"
"20-Mar-2023","375.00","375.95","365.15","367.15","4,092,377"
"21-Mar-2023","369.00","370.25","365.45","366.40","3,605,576"
"22-Mar-2023","367.85","370.00","365.85","366.40","2,687,423"
"23-Mar-2023","364.90","364.90","360.35","361.50","4,742,596"
"24-Mar-2023","363.35","366.85","361.00","361.75","3,953,348"
"27-Mar-2023","361.75","364.00","359.20","361.25","3,113,857"
"28-Mar-2023","363.00","364.05","355.40","356.20","3,906,548"
"29-Mar-2023","358.00","360.75","355.00","359.05","4,411,920"
"31-Mar-2023","363.35","365.75","361.30","365.25","3,957,106"
"03-Apr-2023","367.95","368.40","365.15","367.95","2,026,750"
"05-Apr-2023","369.70","371.90","367.20","369.75","3,221,555"
"06-Apr-2023","369.00","370.45","365.85","366.65","3,214,807"
"10-Apr-2023","368.00","374.40","367.60","373.30","2,812,470"
"11-Apr-2023","373.50","374.85","368.60","370.25","3,392,177"
"12-Apr-2023","370.60","373.45","369.35","372.15","2,789,105"
"13-Apr-2023","369.90","369.90","366.00","368.30","3,362,317"
"17-Apr-2023","359.95","361.95","352.00","361.35","6,801,645"
"18-Apr-2023","363.45","368.90","359.25","367.90","4,012,449"
"19-Apr-2023","367.90","367.90","360.40","360.80","3,737,972"
"20-Apr-2023","360.50","363.70","359.00","362.85","2,211,633"
"21-Apr-2023","364.10","368.70","363.65","368.05","2,649,994"
"24-Apr-2023","375.00","378.60","370.55","377.95","8,889,522"
"25-Apr-2023","378.20","378.90","374.10","375.65","3,764,276"
"26-Apr-2023","377.65","377.65","373.40","374.55","3,504,073"
"27-Apr-2023","376.40","376.60","372.05","374.40","4,245,850"
"28-Apr-2023","380.00","388.00","380.00","385.00","13,854,703"
"02-May-2023","389.00","392.15","387.45","388.35","4,873,304"
"03-May-2023","388.35","388.35","382.05","385.10","2,414,244"
"04-May-2023","384.75","386.15","383.05","383.70","3,126,679"
"05-May-2023","382.75","384.40","379.00","379.40","3,951,097"
"08-May-2023","381.00","383.00","379.60","380.35","4,806,772"
"09-May-2023","382.50","383.45","380.05","382.30","2,858,349"
"10-May-2023","384.00","384.55","382.00","383.75","1,835,201"
"11-May-2023","385.70","386.85","383.10","384.65","2,024,982"
"12-May-2023","384.60","385.25","381.55","383.25","2,290,179"
"15-May-2023","383.25","387.00","382.50","385.75","2,544,847"
"16-May-2023","387.50","388.80","386.50","386.95","2,029,676"
"17-May-2023","386.20","387.35","381.35","382.30","2,688,051"
"18-May-2023","385.20","385.35","382.25","382.60","2,118,508"
"19-May-2023","384.80","388.20","383.50","386.20","3,640,791"
"22-May-2023","386.50","396.60","385.40","395.75","6,098,695"
"23-May-2023","397.00","402.10","396.05","397.65","6,362,817"
"24-May-2023","394.50","400.45","393.35","399.70","4,128,487"
"25-May-2023","399.00","399.00","392.65","394.10","6,802,527"
"26-May-2023","395.15","402.55","395.00","401.70","3,963,090"
"29-May-2023","404.00","406.00","399.35","399.80","3,979,654"
"30-May-2023","400.00","403.85","399.45","402.50","3,689,486"
"31-May-2023","401.75","404.80","400.50","403.65","5,891,791"
"01-Jun-2023","405.00","408.00","404.05","407.15","3,532,742"
"02-Jun-2023","408.70","409.80","404.00","404.95","3,160,377"
"05-Jun-2023","408.90","409.75","403.70","404.20","3,626,430"
"06-Jun-2023","403.35","403.35","395.55","399.95","6,853,700"
"07-Jun-2023","402.40","403.60","401.00","402.80","4,107,930"
"08-Jun-2023","404.10","404.75","398.75","399.55","5,307,526"
"09-Jun-2023","399.45","400.35","396.05","397.30","6,009,116"
"12-Jun-2023","399.80","399.80","394.60","395.60","5,986,811"
"13-Jun-2023","397.95","398.50","394.50","395.55","6,508,093"
"14-Jun-2023","396.30","397.15","392.70","396.45","9,256,282"
"15-Jun-2023","397.10","397.45","388.25","388.95","14,351,160"
"16-Jun-2023","385.55","388.65","379.15","381.30","20,555,324"
"19-Jun-2023","382.00","382.00","377.10","380.15","5,314,720"
"20-Jun-2023","381.80","384.95","380.60","382.50","5,901,329"
"21-Jun-2023","384.25","387.25","383.10","385.50","4,414,632"
"22-Jun-2023","386.00","386.00","381.60","382.30","4,678,087"
"23-Jun-2023","382.30","383.00","378.10","379.95","3,235,203"
"26-Jun-2023","380.00","381.90","379.05","380.90","2,050,200"
"27-Jun-2023","384.25","384.25","381.50","382.60","2,940,375"
"28-Jun-2023","383.75","383.75","380.80","381.70","3,570,056"
"30-Jun-2023","385.00","389.75","383.00","389.15","4,535,405"
"03-Jul-2023","393.90","393.90","389.50","391.60","4,518,462"
"04-Jul-2023","393.75","397.35","393.00","395.95","6,308,617"
"05-Jul-2023","394.10","395.40","391.85","393.90","6,183,479"
"06-Jul-2023","394.50","396.95","393.15","396.20","4,518,621"
"07-Jul-2023","395.00","397.45","393.20","395.85","4,532,610"
"10-Jul-2023","395.85","395.85","389.65","389.95","2,815,200"
"11-Jul-2023","390.00","392.80","387.85","392.05","4,817,419"
"12-Jul-2023","393.90","393.95","390.35","391.85","3,424,110"
"13-Jul-2023","391.85","398.60","391.25","394.30","6,797,863"
"14-Jul-2023","394.75","405.50","392.35","405.05","15,683,392"
"17-Jul-2023","407.00","424.95","405.80","415.25","22,879,930"
"18-Jul-2023","418.00","420.30","412.25","417.20","8,884,513"
"19-Jul-2023","420.00","421.00","414.15","417.95","5,415,495"
"20-Jul-2023","418.50","420.00","414.65","417.65","4,127,855"
"21-Jul-2023","405.00","414.35","401.00","404.70","11,757,106"
"24-Jul-2023","406.30","408.00","403.50","404.05","3,404,230"
"25-Jul-2023","405.50","405.50","400.00","400.40","3,229,100"
"26-Jul-2023","403.50","403.60","401.40","402.75","2,664,831"
"27-Jul-2023","404.00","406.60","399.00","399.95","4,474,179"
"28-Jul-2023","401.05","402.85","396.55","398.75","3,380,030"
"31-Jul-2023","399.75","406.00","398.95","405.05","3,381,090"
"01-Aug-2023","405.50","408.00","404.05","406.95","3,590,902"
"02-Aug-2023","405.90","405.90","399.00","402.80","2,699,809"
"03-Aug-2023","402.00","402.00","397.05","399.65","3,410,849"
"04-Aug-2023","400.85","410.00","400.30","408.85","6,240,770"
"07-Aug-2023","409.95","413.00","408.05","411.15","4,411,433"
"08-Aug-2023","412.40","417.50","409.95","416.35","7,862,142"
"09-Aug-2023","415.50","418.50","412.55","417.80","4,654,694"
"10-Aug-2023","417.10","420.80","415.55","418.65","4,950,822"
"11-Aug-2023","418.65","422.15","412.35","413.05","3,785,734"
"14-Aug-2023","413.25","416.20","409.50","415.15","2,896,090"
"16-Aug-2023","414.15","420.20","414.00","418.65","4,065,890"
"17-Aug-2023","418.65","420.40","414.50","417.55","3,170,480"
"18-Aug-2023","415.05","416.35","408.00","411.70","5,301,196"
"21-Aug-2023","411.80","417.35","411.65","414.60","3,667,130"
"22-Aug-2023","415.00","418.10","412.75","417.10","3,175,120"
"23-Aug-2023","417.25","417.95","414.60","415.25","3,067,117"
"24-Aug-2023","418.75","420.00","412.00","412.70","2,888,478"
"25-Aug-2023","410.00","411.30","407.10","409.70","3,299,255"
"28-Aug-2023","411.45","412.45","407.65","408.05","1,700,987"
"29-Aug-2023","409.65","411.90","407.10","408.10","1,999,281"
"30-Aug-2023","410.00","410.20","406.65","407.20","2,009,091"
"31-Aug-2023","408.00","410.00","406.45","408.40","11,030,976"
"01-Sep-2023","407.95","417.75","407.50","416.35","4,238,065"
"04-Sep-2023","418.00","436.50","416.00","434.10","13,817,324"
"05-Sep-2023","435.80","437.50","430.30","431.85","8,986,713"
"06-Sep-2023","433.75","435.55","425.90","429.30","6,765,956"
"07-Sep-2023","429.95","433.70","426.75","432.85","4,661,325"
"08-Sep-2023","433.45","433.45","429.30","430.00","2,874,205"
"11-Sep-2023","433.00","437.50","430.10","434.85","4,126,657"
"12-Sep-2023","437.10","441.50","426.90","435.00","7,272,664"
"13-Sep-2023","434.95","437.95","431.50","435.70","3,722,835"
"14-Sep-2023","438.40","443.25","435.30","436.45","7,447,505"
"15-Sep-2023","439.80","443.75","438.25","441.05","9,917,938"
"18-Sep-2023","441.05","441.05","435.20","436.10","3,012,598"
"20-Sep-2023","434.25","436.85","429.05","430.10","4,551,350"
"21-Sep-2023","429.90","431.25","423.05","428.95","4,446,535"
"22-Sep-2023","424.40","426.75","416.60","418.50","9,909,130"
"25-Sep-2023","418.50","419.75","412.00","414.10","4,650,566"
"26-Sep-2023","416.80","416.80","411.70","412.90","3,240,283"
"27-Sep-2023","412.25","416.55","410.30","415.65","3,886,997"
"28-Sep-2023","416.50","416.50","404.00","405.35","8,438,058"
"29-Sep-2023","405.00","409.25","401.50","406.05","6,390,136"
"03-Oct-2023","406.45","408.10","403.60","405.45","2,864,052"
"04-Oct-2023","402.70","405.45","400.65","404.90","3,452,935"
"05-Oct-2023","407.95","410.40","405.00","406.80","4,062,652"
"06-Oct-2023","408.00","409.80","406.95","407.85","3,182,502"
"09-Oct-2023","404.20","411.00","403.40","405.60","3,015,225"
"10-Oct-2023","406.40","408.75","406.20","407.75","2,564,007"
"11-Oct-2023","409.00","423.95","409.00","421.15","9,546,114"
"12-Oct-2023","421.75","421.90","414.70","417.10","5,117,199"
"13-Oct-2023","411.90","414.40","409.05","411.05","5,457,027"
"16-Oct-2023","411.00","411.90","408.15","410.20","2,638,826"
"17-Oct-2023","411.70","413.85","411.05","411.40","2,989,694"
"18-Oct-2023","409.00","413.65","407.00","407.45","2,440,533"
"19-Oct-2023","391.95","396.75","390.10","395.30","12,814,551"
"20-Oct-2023","395.05","396.05","391.00","391.85","4,214,668"
"23-Oct-2023","390.85","393.00","382.20","383.15","4,418,913"
"25-Oct-2023","384.40","387.70","381.10","381.85","3,339,147"
"26-Oct-2023","378.80","380.55","375.05","378.25","5,497,791"
"27-Oct-2023","379.05","384.35","379.05","382.35","3,101,406"
"30-Oct-2023","384.00","384.35","380.40","382.00","2,344,372"
"31-Oct-2023","383.20","384.10","379.15","381.80","3,076,768"
"01-Nov-2023","383.85","385.55","380.15","380.95","2,120,976"
"02-Nov-2023","383.80","385.15","382.10","383.65","2,371,365"
"03-Nov-2023","386.00","386.70","382.65","383.55","2,645,764"
"06-Nov-2023","386.00","386.45","383.00","384.65","2,469,968"
"07-Nov-2023","384.90","387.00","382.85","383.30","2,846,089"
"08-Nov-2023","384.60","385.85","381.50","382.20","3,551,026"
"09-Nov-2023","383.00","384.00","379.70","380.85","4,615,563"
"10-Nov-2023","380.30","381.80","377.00","379.30","5,355,350"
"12-Nov-2023","383.40","383.40","381.45","382.45","1,011,662"
"13-Nov-2023","382.60","382.90","380.00","381.65","1,792,951"
"15-Nov-2023","385.55","392.25","384.25","391.65","5,396,259"
"16-Nov-2023","391.65","399.50","389.30","397.10","6,921,788"
"17-Nov-2023","398.00","399.00","394.50","395.40","3,943,464"
"20-Nov-2023","393.20","401.10","393.20","400.20","4,305,248"
"21-Nov-2023","402.60","402.60","400.05","400.65","2,720,124"
"22-Nov-2023","402.50","402.60","399.10","400.25","2,659,291"
"23-Nov-2023","400.50","405.00","400.50","402.50","4,838,680"
"24-Nov-2023","402.50","403.50","395.55","396.00","3,125,283"
"28-Nov-2023","397.00","398.75","393.10","396.85","4,072,657"
"29-Nov-2023","398.00","408.55","398.00","406.25","7,772,043"
"30-Nov-2023","406.95","414.50","404.05","413.05","9,912,979"
"01-Dec-2023","413.75","413.75","406.50","407.65","4,915,213"
"04-Dec-2023","412.70","413.00","406.75","407.45","5,331,236"
"05-Dec-2023","407.40","409.00","402.10","404.35","5,582,684"
"06-Dec-2023","406.75","420.40","405.95","418.75","11,041,035"
"07-Dec-2023","420.00","421.50","416.65","418.25","5,625,276"
"08-Dec-2023","418.80","424.50","415.00","422.60","7,739,561"
"11-Dec-2023","420.00","422.20","417.25","420.60","5,042,121"
"12-Dec-2023","420.70","427.90","420.15","422.20","5,951,682"
"13-Dec-2023","423.55","424.30","415.00","419.65","4,848,408"
"14-Dec-2023","423.50","436.00","423.25","434.40","12,340,688"
"15-Dec-2023","436.05","449.50","433.50","446.55","20,783,617"
"18-Dec-2023","446.00","453.50","442.00","445.25","10,091,036"
"19-Dec-2023","445.60","447.35","435.00","438.70","8,032,347"
"20-Dec-2023","442.00","449.50","429.35","431.95","13,224,971"
"21-Dec-2023","428.90","436.50","427.20","434.00","5,331,504"
"22-Dec-2023","435.30","466.30","434.00","462.65","23,040,407"
"26-Dec-2023","454.00","475.80","448.35","470.10","27,314,322"
"27-Dec-2023","468.50","475.40","464.10","470.95","12,631,496"
"28-Dec-2023","472.55","477.40","467.65","469.45","8,419,978"
"29-Dec-2023","470.95","475.35","466.10","471.30","7,980,570"
"01-Jan-2024","473.00","483.50","468.30","477.15","10,173,639"
"02-Jan-2024","478.00","478.00","464.30","469.20","7,141,257"
"03-Jan-2024","463.90","463.90","455.00","455.90","9,767,182"
"04-Jan-2024","457.00","459.85","451.40","452.40","7,585,168"
"05-Jan-2024","455.05","463.00","453.50","456.60","8,444,565"
"08-Jan-2024","457.50","460.00","449.05","450.35","5,041,443"
"09-Jan-2024","458.00","462.50","449.95","450.75","7,232,524"
"10-Jan-2024","451.45","456.00","449.00","453.60","4,437,338"
"11-Jan-2024","454.95","456.90","446.70","448.20","4,319,409"
"12-Jan-2024","455.00","469.00","455.00","465.45","18,043,367"
"15-Jan-2024","511.95","529.00","489.15","494.60","63,922,132"
"16-Jan-2024","495.00","495.00","480.50","485.00","12,956,246"
"17-Jan-2024","475.15","491.50","472.00","482.40","14,334,466"
"18-Jan-2024","482.40","489.00","468.40","482.65","13,072,462"
"19-Jan-2024","488.00","493.35","483.60","485.05","7,749,310"
"20-Jan-2024","486.40","488.90","469.05","477.95","6,045,801"
"23-Jan-2024","478.05","486.00","467.05","469.90","9,986,168"
"24-Jan-2024","471.00","479.00","468.05","478.05","5,854,375"
"25-Jan-2024","478.05","479.35","468.55","470.00","6,426,490"
"29-Jan-2024","470.00","477.00","470.00","473.00","5,025,650"
"30-Jan-2024","474.40","482.90","471.50","472.50","5,914,007"
"31-Jan-2024","472.50","479.90","469.00","478.15","5,292,240"
"01-Feb-2024","477.55","477.70","470.60","471.35","3,914,060"
"02-Feb-2024","475.00","486.50","475.00","483.15","8,148,111"
"05-Feb-2024","483.00","489.50","479.15","482.35","5,783,302"
"06-Feb-2024","484.70","501.80","483.10","499.65","14,512,019"
"07-Feb-2024","500.95","501.70","492.55","495.20","4,551,767"
"08-Feb-2024","495.90","500.10","485.10","488.85","5,651,920"
"09-Feb-2024","490.90","494.75","482.75","490.45","3,946,894"
"12-Feb-2024","491.00","510.80","491.00","501.45","24,436,750"
"13-Feb-2024","503.10","513.00","491.70","511.60","11,186,788"
"14-Feb-2024","503.95","517.00","497.05","514.50","11,297,328"
"15-Feb-2024","516.95","522.85","513.05","518.50","7,285,388"
"16-Feb-2024","522.50","545.00","520.95","543.00","17,471,322"
"19-Feb-2024","545.90","545.90","531.35","535.95","9,301,379"
"20-Feb-2024","535.80","538.15","526.25","531.95","5,187,063"
"21-Feb-2024","535.90","536.30","519.50","521.40","6,557,787"
"22-Feb-2024","522.80","533.00","521.45","531.05","7,298,241"
"23-Feb-2024","535.00","541.25","533.30","536.15","9,930,497"
"26-Feb-2024","536.25","536.50","526.05","532.90","4,410,318"
"27-Feb-2024","534.00","537.40","527.55","531.45","5,199,630"
"28-Feb-2024","530.00","530.95","515.00","517.70","6,394,528"
"29-Feb-2024","517.30","524.25","513.20","518.60","7,231,382"
"01-Mar-2024","522.40","525.20","517.55","519.10","4,710,315"
"02-Mar-2024","523.45","524.80","522.00","522.85","340,134"
"04-Mar-2024","522.95","526.40","518.55","520.50","2,831,185"
"05-Mar-2024","517.75","520.50","510.65","513.30","5,260,774"
"06-Mar-2024","513.70","514.85","500.00","513.15","5,545,961"
"07-Mar-2024","513.75","520.40","510.50","515.50","4,853,991"
"11-Mar-2024","517.40","518.95","512.30","514.55","5,565,756"
"12-Mar-2024","512.75","522.50","507.75","510.85","5,826,380"
"13-Mar-2024","513.80","518.70","496.80","504.40","6,790,240"
"14-Mar-2024","501.15","518.90","495.15","517.95","6,412,736"
"15-Mar-2024","514.75","518.25","506.40","517.00","6,824,543"
"18-Mar-2024","518.00","518.55","509.00","510.20","3,196,980"
"19-Mar-2024","509.00","509.00","493.15","494.85","4,808,693"
"20-Mar-2024","496.05","501.25","489.20","493.50","4,192,672"
"21-Mar-2024","499.65","505.30","498.45","500.45","5,822,290"
"22-Mar-2024","489.25","490.75","479.55","487.10","14,323,251"
"26-Mar-2024","486.00","490.95","479.05","479.85","9,136,673"
"27-Mar-2024","479.70","480.95","471.25","472.30","7,160,334"
"28-Mar-2024","476.70","483.05","475.30","480.10","7,727,575"
"01-Apr-2024","483.70","486.40","481.55","484.95","3,020,504"
"02-Apr-2024","481.95","482.70","479.60","481.20","3,466,327"
"03-Apr-2024","480.00","487.70","475.95","483.20","6,897,258"
"04-Apr-2024","485.80","491.95","479.60","487.40","8,002,023"
"05-Apr-2024","486.50","487.15","482.55","485.05","3,207,172"
"08-Apr-2024","490.00","491.60","478.20","479.90","13,320,385"
"09-Apr-2024","483.95","485.25","475.20","475.80","7,900,625"
"10-Apr-2024","477.50","479.45","473.10","477.30","5,385,767"
"12-Apr-2024","475.00","480.00","470.00","470.75","6,585,023"
"15-Apr-2024","466.45","468.35","458.20","459.35","6,088,236"
"16-Apr-2024","453.05","458.50","444.80","448.35","10,719,712"
"18-Apr-2024","452.50","455.45","442.85","444.35","10,993,129"
"19-Apr-2024","440.00","453.90","437.00","452.75","10,235,053"
"22-Apr-2024","452.75","466.15","450.00","462.00","9,440,870"
"23-Apr-2024","466.80","466.80","460.20","462.10","5,161,356"
"24-Apr-2024","463.90","464.65","458.60","459.90","2,957,584"
"25-Apr-2024","458.90","462.55","455.80","461.00","5,902,545"
"26-Apr-2024","461.90","475.80","461.60","464.60","10,739,147"
"29-Apr-2024","467.65","468.00","461.60","462.95","3,624,970"
"30-Apr-2024","463.00","466.75","461.50","462.40","4,451,478"
"02-May-2024","462.40","463.00","455.45","457.40","7,468,638"
"03-May-2024","460.40","462.00","453.20","457.35","4,865,313"
"06-May-2024","458.80","462.60","456.00","458.65","3,459,063"
"07-May-2024","461.80","465.35","454.00","463.90","4,639,264"
"08-May-2024","465.00","466.40","461.30","463.20","4,102,840"
"09-May-2024","461.75","464.40","454.05","455.90","4,616,742"
"10-May-2024","456.05","457.50","450.30","451.85","3,327,357"
"13-May-2024","451.85","453.25","445.00","451.95","3,555,804"
"14-May-2024","452.70","459.90","452.20","456.35","2,454,710"
"15-May-2024","456.35","459.75","454.65","458.30","2,396,712"
"16-May-2024","462.00","467.50","456.10","464.45","7,310,736"
"17-May-2024","464.40","464.40","460.05","461.00","3,438,410"
"18-May-2024","460.70","463.15","459.15","462.55","439,806"
"21-May-2024","463.00","464.80","459.70","460.90","4,233,724"
"22-May-2024","462.90","463.45","458.85","461.30","3,882,942"
"23-May-2024","462.50","468.00","461.75","465.80","6,585,666"
"24-May-2024","467.00","470.50","462.00","463.65","4,102,763"
"27-May-2024","462.00","462.15","451.60","452.45","20,491,879"
"28-May-2024","454.00","457.25","453.10","456.05","7,889,063"
"29-May-2024","454.00","455.50","449.50","450.80","4,878,018"
"30-May-2024","449.00","449.50","435.10","436.95","10,362,284"
"31-May-2024","437.55","442.15","435.50","438.20","10,719,002"
"03-Jun-2024","450.20","450.55","441.55","444.10","4,482,212"
"04-Jun-2024","445.90","445.90","417.00","438.15","8,865,366"
"05-Jun-2024","439.70","455.00","439.05","451.50","6,133,714"
"06-Jun-2024","454.95","462.00","452.60","461.00","7,712,784"
"07-Jun-2024","470.00","486.40","468.30","484.55","36,336,220"
"10-Jun-2024","488.40","488.40","473.35","475.25","9,155,876"
"11-Jun-2024","479.20","479.20","474.35","476.05","4,685,857"
"12-Jun-2024","478.00","484.40","475.55","476.90","6,937,558"
"13-Jun-2024","480.00","485.35","478.15","482.60","6,497,966"
"14-Jun-2024","485.00","485.60","476.20","477.50","5,661,298"
"18-Jun-2024","481.00","493.00","480.05","491.85","15,935,492"
"19-Jun-2024","492.25","497.15","486.75","495.75","10,440,142"
"20-Jun-2024","497.50","497.50","488.25","490.40","6,285,563"
"21-Jun-2024","497.95","500.95","489.10","490.55","47,585,588"
"24-Jun-2024","490.10","494.90","489.45","490.55","4,967,259"
"25-Jun-2024","490.55","498.00","489.30","496.85","4,629,105"
"26-Jun-2024","496.85","499.90","493.80","495.20","6,406,045"
"27-Jun-2024","492.15","511.95","489.20","510.80","21,068,569"
"28-Jun-2024","512.00","516.30","505.85","514.85","8,202,916"
"01-Jul-2024","517.90","535.80","514.10","527.35","15,378,764"
"02-Jul-2024","529.30","545.00","528.30","538.20","18,138,484"
"03-Jul-2024","541.90","545.45","535.50","539.00","8,024,692"
"04-Jul-2024","541.40","548.80","529.10","530.70","9,762,316"
"05-Jul-2024","531.35","536.50","529.45","535.10","5,188,045"
"08-Jul-2024","535.95","543.00","535.00","541.20","6,088,180"
"09-Jul-2024","544.00","544.95","537.60","541.00","4,340,722"
"10-Jul-2024","541.00","543.35","531.75","535.55","4,616,874"
"11-Jul-2024","536.70","539.55","530.00","534.10","4,403,809"
"12-Jul-2024","545.00","564.80","541.55","560.15","27,093,021"
"15-Jul-2024","566.90","566.90","556.15","559.70","8,049,739"
"16-Jul-2024","561.85","562.60","556.40","559.70","5,619,531"
"18-Jul-2024","556.55","574.40","556.35","573.20","12,509,893"
"19-Jul-2024","579.90","579.90","554.70","557.20","13,261,745"
"22-Jul-2024","521.00","526.75","501.55","505.80","38,007,284"
"23-Jul-2024","508.00","508.00","486.35","500.55","12,923,816"
"24-Jul-2024","502.50","506.35","499.85","500.10","6,120,138"
"25-Jul-2024","496.00","507.50","493.30","506.85","10,943,945"
"26-Jul-2024","510.00","528.55","508.50","524.80","13,076,998"
"29-Jul-2024","528.00","530.55","522.85","524.40","6,005,777"
"30-Jul-2024","524.40","526.95","519.75","521.50","5,408,263"
"31-Jul-2024","521.80","524.90","519.45","522.00","3,879,254"
"01-Aug-2024","523.00","526.80","517.50","521.55","5,379,876"
"02-Aug-2024","515.00","519.25","501.00","502.15","7,826,114"
"05-Aug-2024","490.00","495.85","480.25","485.00","10,969,040"
"06-Aug-2024","489.75","499.35","486.60","489.50","5,635,792"
"07-Aug-2024","498.70","500.10","492.65","497.40","3,539,913"
"08-Aug-2024","494.00","494.00","486.35","487.30","6,580,285"
"09-Aug-2024","495.35","496.45","489.65","491.30","3,032,974"
"12-Aug-2024","491.55","494.00","487.40","489.05","3,669,234"
"13-Aug-2024","489.05","492.70","487.15","490.50","3,144,709"
"14-Aug-2024","493.00","496.85","490.45","495.15","5,560,878"
"16-Aug-2024","501.00","517.45","497.95","516.25","12,965,570"
"19-Aug-2024","516.00","523.20","513.70","519.75","5,733,281"
"20-Aug-2024","519.90","527.60","519.65","524.65","4,771,906"
"21-Aug-2024","523.40","528.10","521.05","526.35","3,227,201"
"22-Aug-2024","527.80","530.55","518.05","519.00","5,748,253"
"23-Aug-2024","519.90","521.45","511.35","512.40","5,638,853"
"26-Aug-2024","516.00","524.80","515.95","520.00","8,675,690"
"27-Aug-2024","520.00","523.25","516.00","517.15","3,982,898"
"28-Aug-2024","520.00","538.10","517.85","534.60","17,187,783"
"29-Aug-2024","535.00","541.95","534.05","538.70","12,842,659"
"30-Aug-2024","541.70","542.00","535.70","538.40","9,717,402"
"02-Sep-2024","538.40","542.00","531.85","532.45","7,867,991"
"03-Sep-2024","533.00","540.85","529.50","536.05","7,528,343"
"04-Sep-2024","528.00","528.25","516.75","519.15","10,201,064"
"05-Sep-2024","521.20","526.00","519.50","524.85","6,034,559"
"06-Sep-2024","524.85","529.90","518.45","520.60","7,289,977"
"09-Sep-2024","517.10","521.75","513.45","514.85","5,959,770"
"10-Sep-2024","516.80","528.00","514.00","525.75","5,143,636"
"11-Sep-2024","525.00","526.25","513.25","514.35","4,130,762"
"12-Sep-2024","520.45","532.00","517.75","530.05","7,889,737"
"13-Sep-2024","533.80","552.50","530.85","550.60","17,959,853"
"16-Sep-2024","553.00","556.85","549.00","551.90","5,544,289"
"17-Sep-2024","549.00","554.90","547.05","551.90","4,364,119"
"18-Sep-2024","549.05","549.05","532.65","538.15","8,332,760"
"19-Sep-2024","544.20","551.45","529.15","533.35","10,484,591"
"20-Sep-2024","537.90","540.75","531.00","539.10","8,332,116"
"23-Sep-2024","539.10","540.40","532.00","534.90","4,272,145"
"24-Sep-2024","532.20","541.90","529.35","539.55","6,177,847"
"25-Sep-2024","538.80","539.40","530.75","536.20","4,032,598"
"26-Sep-2024","538.70","543.10","535.70","541.90","5,701,700"
"27-Sep-2024","548.90","558.90","540.70","541.80","13,231,192"
"30-Sep-2024","538.00","544.50","534.00","541.45","4,099,723"
"01-Oct-2024","540.20","549.60","540.20","546.75","4,705,637"
"03-Oct-2024","540.10","542.40","526.25","530.15","7,017,684"
"04-Oct-2024","528.05","541.95","528.05","533.55","5,961,377"
"07-Oct-2024","538.00","541.70","525.95","531.45","4,939,037"
"08-Oct-2024","531.55","533.80","520.30","526.95","5,751,402"
"09-Oct-2024","529.80","538.70","528.50","531.15","4,420,844"
"10-Oct-2024","535.00","537.60","523.45","525.00","6,310,122"
"11-Oct-2024","520.35","534.40","520.35","528.30","4,218,491"
"14-Oct-2024","538.70","551.85","536.30","549.55","16,568,133"
"15-Oct-2024","552.85","552.85","530.85","532.95","10,800,626"
"16-Oct-2024","533.00","538.80","529.00","532.15","6,276,811"
"17-Oct-2024","534.95","538.00","525.05","528.75","11,877,639"
"18-Oct-2024","532.00","558.40","524.80","548.65","37,326,527"
"21-Oct-2024","551.60","561.90","547.00","548.10","11,983,482"
"22-Oct-2024","549.80","555.50","543.85","545.45","9,239,150"
"23-Oct-2024","547.50","554.50","542.20","547.20","6,349,288"
"24-Oct-2024","547.20","550.50","545.15","546.90","4,788,302"
"25-Oct-2024","549.75","552.00","540.50","543.45","5,062,270"
"28-Oct-2024","543.45","559.80","542.70","558.60","5,592,929"
"29-Oct-2024","559.80","563.40","553.25","562.20","6,027,815"
"30-Oct-2024","562.50","578.75","561.10","565.25","10,377,746"
"31-Oct-2024","564.80","566.30","548.30","551.80","7,840,047"
"01-Nov-2024","551.70","554.90","550.00","551.35","981,405"
"04-Nov-2024","551.00","552.45","534.20","540.80","4,927,780"
"05-Nov-2024","543.00","545.35","540.40","543.70","3,431,130"
"06-Nov-2024","547.45","565.85","541.00","563.90","9,777,442"
"07-Nov-2024","566.00","569.70","554.45","563.40","5,998,571"
"08-Nov-2024","565.00","578.80","565.00","569.00","10,426,329"
"11-Nov-2024","569.00","583.20","566.05","573.50","8,069,722"
"12-Nov-2024","575.00","579.70","569.05","570.65","5,630,445"
"13-Nov-2024","570.00","573.60","565.55","569.00","5,695,600"
"14-Nov-2024","568.95","574.55","564.20","566.70","4,891,760"
"18-Nov-2024","566.70","566.70","540.30","552.85","7,644,882"
"19-Nov-2024","556.00","569.80","554.70","562.00","6,459,889"
"21-Nov-2024","562.00","567.60","555.30","557.15","5,836,304"
"22-Nov-2024","561.95","573.60","557.90","571.65","7,366,616"
"25-Nov-2024","575.50","587.55","573.90","582.45","11,648,737"
"26-Nov-2024","585.00","590.35","579.30","589.00","7,885,670"
"27-Nov-2024","591.50","596.00","581.90","582.90","6,829,838"
"28-Nov-2024","585.75","586.00","570.55","572.20","5,948,278"
"29-Nov-2024","575.00","580.75","571.60","577.85","4,270,056"
"02-Dec-2024","582.45","585.55","578.20","584.55","5,597,000"
"03-Dec-2024","295.35","296.20","289.30","291.65","15,445,286"
"04-Dec-2024","294.65","297.00","291.80","294.00","14,036,431"
"05-Dec-2024","295.00","300.90","293.90","299.30","13,487,264"
"06-Dec-2024","299.15","299.15","296.20","297.35","7,894,350"
"09-Dec-2024","295.00","305.70","293.75","303.75","9,285,213"
"10-Dec-2024","306.00","311.00","303.45","308.10","17,028,502"
"11-Dec-2024","308.15","309.90","305.55","309.00","8,608,406"
"12-Dec-2024","308.00","313.80","307.45","309.10","12,958,440"
"13-Dec-2024","309.10","311.05","304.20","309.95","7,382,211"
"16-Dec-2024","310.00","311.40","307.10","309.20","7,221,189"
"17-Dec-2024","311.00","312.25","307.30","308.85","10,568,517"
"18-Dec-2024","309.00","313.25","308.55","312.60","10,965,226"
"19-Dec-2024","306.35","313.40","301.15","312.75","12,405,595"
"20-Dec-2024","315.50","320.00","304.40","305.20","22,214,824"
"23-Dec-2024","306.60","310.65","305.00","307.90","6,693,583"
"24-Dec-2024","307.50","309.20","302.80","305.30","8,837,902"
"26-Dec-2024","305.40","306.95","304.00","305.05","6,516,148"
"27-Dec-2024","305.20","310.90","304.70","309.10","8,063,921"
"30-Dec-2024","309.10","309.40","302.65","303.70","13,709,891"
"31-Dec-2024","300.95","303.00","295.25","301.85","9,337,030"
"01-Jan-2025","300.00","303.35","298.95","300.30","7,878,201"
"02-Jan-2025","298.00","304.45","297.15","303.80","8,800,435"
"03-Jan-2025","303.30","303.80","294.00","294.45","12,535,720"
"06-Jan-2025","295.00","297.80","290.55","294.30","9,173,687"
"07-Jan-2025","294.30","297.50","291.30","294.05","7,381,943"
"08-Jan-2025","293.00","298.45","289.30","297.55","7,937,785"
"09-Jan-2025","297.00","298.00","291.35","292.30","7,964,702"
"10-Jan-2025","294.30","303.25","294.30","300.55","19,505,556"
"13-Jan-2025","298.95","299.25","290.25","291.85","9,541,248"
"14-Jan-2025","291.80","294.55","286.55","292.85","7,670,070"
"15-Jan-2025","293.00","294.70","289.70","292.65","4,662,694"
"16-Jan-2025","295.90","296.50","286.70","288.05","10,345,666"
"17-Jan-2025","287.80","287.80","280.50","281.95","9,358,955"
"20-Jan-2025","302.00","305.40","296.95","300.25","39,380,165"
"21-Jan-2025","302.40","305.85","297.80","298.35","15,619,474"
"22-Jan-2025","299.35","310.00","299.35","309.10","30,859,317"
"23-Jan-2025","311.10","324.60","310.65","317.70","39,904,371"
"24-Jan-2025","319.00","322.50","316.60","320.10","17,479,586"
"27-Jan-2025","317.80","319.15","306.75","307.95","12,372,895"
"28-Jan-2025","304.00","307.60","301.55","303.60","12,077,491"
"29-Jan-2025","305.05","314.70","305.05","312.45","16,338,112"
"30-Jan-2025","311.00","313.70","305.95","309.00","9,984,186"
"31-Jan-2025","311.70","315.70","309.55","311.90","15,597,644"
"01-Feb-2025","312.55","313.25","303.35","304.80","6,046,117"
"03-Feb-2025","303.00","314.00","300.30","313.60","14,877,076"
"04-Feb-2025","318.00","318.85","313.35","316.25","15,366,864"
"05-Feb-2025","317.80","321.45","314.90","317.10","9,628,027"
"06-Feb-2025","320.00","323.60","314.55","317.95","15,062,390"
"07-Feb-2025","319.00","319.00","314.00","318.00","8,589,587"
"10-Feb-2025","318.80","321.00","315.85","319.05","12,304,840"
"11-Feb-2025","319.50","320.40","311.60","313.00","10,627,890"
"12-Feb-2025","313.45","315.75","309.35","310.20","9,668,342"
"13-Feb-2025","310.30","313.65","306.95","308.55","8,832,731"
"14-Feb-2025","310.05","312.40","304.55","308.10","7,371,341"
"17-Feb-2025","308.10","310.30","302.00","305.35","7,507,772"
"18-Feb-2025","305.35","312.75","305.35","312.20","10,368,789"
"19-Feb-2025","311.25","316.50","308.30","314.10","7,835,672"
"20-Feb-2025","311.20","314.30","310.25","313.30","7,697,134"
"21-Feb-2025","312.80","312.80","305.05","306.35","8,722,925"
"24-Feb-2025","302.95","303.30","293.35","295.05","12,600,963"
"25-Feb-2025","294.35","296.30","290.10","291.30","10,810,040"
"27-Feb-2025","294.00","295.80","291.35","294.50","15,555,649"
"28-Feb-2025","294.00","294.00","277.00","277.65","17,458,839"
"03-Mar-2025","279.45","286.35","279.30","283.55","11,471,554"
"04-Mar-2025","279.00","283.10","276.30","280.00","9,331,785"
"05-Mar-2025","281.40","286.95","278.65","285.10","10,285,712"
"06-Mar-2025","288.45","292.00","283.50","285.90","9,782,051"
"07-Mar-2025","287.40","287.70","282.90","284.80","8,097,300"
"10-Mar-2025","284.45","285.65","277.95","280.90","8,165,123"
"11-Mar-2025","277.00","279.30","273.20","277.75","8,602,609"
"12-Mar-2025","277.70","277.70","262.20","268.55","18,584,311"
"13-Mar-2025","268.55","271.10","263.35","264.00","8,683,943"
"17-Mar-2025","264.00","265.20","258.90","259.85","12,697,930"
"18-Mar-2025","261.75","263.05","259.40","261.25","11,450,247"
"19-Mar-2025","262.00","266.50","256.25","265.70","14,044,300"
"20-Mar-2025","269.20","273.95","267.50","268.00","17,038,774"
"21-Mar-2025","264.00","269.55","260.20","264.30","22,659,168"
"24-Mar-2025","267.05","271.65","265.40","269.40","9,269,617"
"25-Mar-2025","272.00","274.70","269.35","271.00","12,563,930"
"26-Mar-2025","272.00","272.25","266.75","267.40","7,308,412"
"27-Mar-2025","270.00","273.55","269.60","272.20","14,783,522"
"28-Mar-2025","271.00","271.85","261.60","262.25","14,283,389"
"01-Apr-2025","260.35","263.00","258.50","262.60","8,388,635"
"02-Apr-2025","262.80","265.55","261.10","263.60","7,136,992"
"03-Apr-2025","259.90","260.50","255.30","256.35","12,262,561"
"04-Apr-2025","253.00","253.95","244.85","246.30","14,639,785"
"07-Apr-2025","231.05","243.85","228.00","242.90","13,011,904"
"08-Apr-2025","244.75","249.50","243.85","247.25","13,806,651"
"09-Apr-2025","240.70","242.30","234.00","236.65","19,063,559"
"11-Apr-2025","245.00","245.00","238.35","239.75","11,205,821"
"15-Apr-2025","245.05","245.05","241.35","244.00","10,694,621"
"16-Apr-2025","244.00","248.45","241.20","247.65","16,203,319"
"17-Apr-2025","235.00","237.80","232.15","236.90","54,875,421"
"21-Apr-2025","237.40","240.80","237.40","238.45","16,298,364"
"22-Apr-2025","238.45","239.00","233.50","234.15","18,367,713"
"23-Apr-2025","237.20","245.35","236.10","243.60","31,898,042"
"24-Apr-2025","244.80","245.15","241.50","242.75","23,000,820"
"25-Apr-2025","243.95","246.15","238.05","240.90","16,620,430"
"28-Apr-2025","240.50","241.95","238.75","240.50","14,218,414"
"29-Apr-2025","241.60","243.60","239.85","241.40","16,647,246"
"30-Apr-2025","241.55","243.40","239.20","241.50","14,206,640"
"02-May-2025","242.04","245.80","240.75","242.87","14,411,726"
"05-May-2025","244.00","246.87","242.70","243.57","12,170,446"
"06-May-2025","244.50","245.90","240.61","241.19","8,869,045"
"07-May-2025","236.01","244.45","236.01","244.04","9,130,056"
"08-May-2025","243.11","245.83","239.31","241.57","11,434,833"
"09-May-2025","236.60","242.95","236.50","242.01","10,582,438"
"12-May-2025","245.09","257.94","244.88","257.28","19,791,711"
"13-May-2025","256.95","256.95","250.62","251.57","11,714,159"
"14-May-2025","251.57","253.69","250.75","252.94","8,839,105"
"15-May-2025","253.20","257.10","250.62","256.57","12,083,645"
"16-May-2025","257.00","257.00","253.53","254.31","6,640,387"
"19-May-2025","254.31","254.74","251.28","251.75","6,788,784"
"20-May-2025","253.00","254.60","249.31","249.71","9,366,429"
"21-May-2025","249.71","252.11","248.10","250.92","5,313,593"
"22-May-2025","249.00","249.89","245.00","245.94","11,469,037"
"23-May-2025","246.10","250.49","245.60","247.36","7,437,642"
"26-May-2025","248.49","250.85","248.20","250.24","3,690,751"
"27-May-2025","250.99","250.99","247.99","248.25","6,861,143"
"28-May-2025","249.59","250.14","246.96","247.43","6,205,160"
"29-May-2025","249.65","251.74","248.10","250.14","11,785,042"
"30-May-2025","250.00","251.11","248.52","249.67","13,858,429"
"02-Jun-2025","247.60","248.42","246.20","247.68","5,846,259"
"03-Jun-2025","248.00","249.50","245.73","246.22","8,573,438"
"04-Jun-2025","246.51","249.81","246.51","246.86","6,698,150"
"05-Jun-2025","246.90","249.49","246.88","247.94","6,468,060"
"06-Jun-2025","247.10","249.98","247.10","248.59","4,445,411"
"09-Jun-2025","249.60","253.40","249.22","251.29","9,193,904"
"10-Jun-2025","252.90","255.80","251.83","254.87","10,739,851"
"11-Jun-2025","256.02","261.60","254.10","258.92","17,268,454"
"12-Jun-2025","260.00","263.00","256.32","259.61","14,528,657"
"13-Jun-2025","255.00","262.25","254.00","260.21","8,692,116"
"16-Jun-2025","260.00","265.31","258.00","262.89","10,935,361"
"17-Jun-2025","262.89","265.45","261.66","262.91","7,528,454"
"18-Jun-2025","262.90","265.60","261.03","261.59","5,016,660"
"19-Jun-2025","262.85","266.44","261.81","265.58","14,184,486"
"20-Jun-2025","266.00","267.20","262.87","266.54","12,904,674"
"23-Jun-2025","264.00","265.20","261.81","263.24","6,214,062"
"24-Jun-2025","265.50","268.65","264.71","264.97","6,319,428"
"25-Jun-2025","265.90","269.96","265.85","269.41","5,331,739"
"26-Jun-2025","269.10","271.30","267.19","268.52","8,564,099"
"27-Jun-2025","269.00","270.00","264.50","265.05","8,906,108"
"30-Jun-2025","266.10","266.74","262.90","265.98","7,119,563"
"01-Jul-2025","265.50","268.35","263.70","264.55","3,886,095"
"02-Jul-2025","265.00","268.70","264.45","267.00","8,750,887"
"03-Jul-2025","268.40","270.85","266.45","267.05","9,357,962"
"04-Jul-2025","268.30","271.40","267.50","270.05","7,141,779"
"07-Jul-2025","270.05","270.55","267.30","267.75","4,849,218"
"08-Jul-2025","267.80","270.30","267.35","269.65","5,519,016"
"09-Jul-2025","268.00","269.40","264.85","267.80","11,564,433"
"10-Jul-2025","267.55","267.55","263.15","265.05","6,911,031"
"11-Jul-2025","261.00","262.05","257.75","258.30","13,109,857"
"14-Jul-2025","258.30","259.55","251.65","254.25","10,388,421"
"15-Jul-2025","254.00","259.85","252.80","257.40","8,750,149"
"16-Jul-2025","257.40","264.00","256.05","262.80","12,179,338"
"17-Jul-2025","263.85","264.35","258.00","260.60","7,484,171"
"18-Jul-2025","268.60","271.90","265.60","266.95","30,319,126"
"21-Jul-2025","266.95","267.15","259.20","260.35","12,190,000"
"22-Jul-2025","261.70","262.15","258.75","259.70","6,724,044"
"23-Jul-2025","260.25","261.75","258.15","261.40","6,510,321"
"24-Jul-2025","262.00","263.40","260.25","261.85","8,139,900"
"25-Jul-2025","261.80","262.05","256.05","259.20","8,427,780"
"28-Jul-2025","254.00","254.00","249.00","250.05","8,998,911"
"29-Jul-2025","249.20","252.70","247.25","251.80","12,923,128"
"30-Jul-2025","251.45","252.50","249.20","250.20","6,057,152"
"31-Jul-2025","248.10","250.15","246.05","248.30","7,338,764"
"01-Aug-2025","246.50","246.90","242.20","242.75","7,436,999"
"04-Aug-2025","242.75","246.42","241.10","246.05","5,234,393"
"05-Aug-2025","246.05","246.95","244.53","245.91","7,383,968"
"06-Aug-2025","246.00","246.00","239.31","239.96","7,700,190"
"07-Aug-2025","239.11","243.18","238.61","242.32","6,190,830"
"08-Aug-2025","242.40","243.25","238.40","239.05","8,922,847"
"11-Aug-2025","239.05","244.75","238.62","241.62","3,047,287"
"12-Aug-2025","242.70","246.29","241.10","241.72","8,101,435"
"13-Aug-2025","242.89","242.89","240.12","241.65","5,820,844"
"14-Aug-2025","243.10","248.43","242.41","246.81","12,857,225"
"18-Aug-2025","248.64","249.01","244.76","245.21","5,789,317"
"19-Aug-2025","245.46","247.50","244.78","246.96","4,090,961"
"20-Aug-2025","245.30","252.89","245.30","250.84","10,099,384"
"21-Aug-2025","252.74","252.74","249.61","249.91","7,607,486"
"22-Aug-2025","252.00","253.00","247.61","248.64","13,572,686"
"25-Aug-2025","250.60","257.29","250.60","253.84","16,391,069"
"26-Aug-2025","253.00","254.82","251.31","252.03","15,797,327"
"28-Aug-2025","252.02","252.35","249.08","250.65","5,851,451"
"29-Aug-2025","250.50","253.10","248.66","249.41","10,117,017"
"01-Sep-2025","249.42","252.99","249.40","250.36","3,198,345"
"02-Sep-2025","250.36","253.15","249.60","250.93","5,046,939"
"03-Sep-2025","251.90","252.40","249.12","249.56","3,862,765"
"04-Sep-2025","249.50","250.34","244.44","244.97","5,021,036"
"05-Sep-2025","246.10","247.32","241.27","243.67","6,233,782"
"08-Sep-2025","244.36","246.99","242.20","242.52","6,596,932"
"09-Sep-2025","245.00","249.85","245.00","249.15","12,836,972"
"10-Sep-2025","249.30","257.17","249.25","255.75","15,261,331"
"11-Sep-2025","255.70","255.70","252.17","253.91","5,865,301"
"12-Sep-2025","254.88","255.90","250.82","251.94","5,345,794"
"15-Sep-2025","251.50","251.79","249.60","251.28","3,700,703"
"16-Sep-2025","252.00","254.50","250.20","254.01","7,316,998"
"17-Sep-2025","253.30","255.50","252.85","254.15","7,339,871"
"18-Sep-2025","257.00","259.80","256.00","256.93","10,498,239"
"19-Sep-2025","257.00","257.66","254.70","255.88","10,741,757"
"22-Sep-2025","248.55","251.78","247.21","250.33","15,784,007"
"23-Sep-2025","250.22","252.00","248.75","249.63","8,674,114"
"24-Sep-2025","248.33","249.12","244.25","244.59","7,888,797"
"25-Sep-2025","245.45","245.64","241.28","242.00","7,957,740"
"26-Sep-2025","241.45","241.55","235.01","235.75","16,999,628"
"29-Sep-2025","236.88","240.79","236.29","239.64","8,894,412"
"30-Sep-2025","239.93","241.50","239.00","239.37","5,590,909"
"01-Oct-2025","240.00","243.57","237.84","241.07","9,479,378"
"03-Oct-2025","240.98","241.40","238.06","240.98","10,968,346"
"06-Oct-2025","240.00","242.96","239.32","242.13","6,064,946"
"07-Oct-2025","242.90","245.00","242.14","243.53","6,587,728"
"08-Oct-2025","243.25","246.35","242.57","244.27","7,360,563"
"09-Oct-2025","243.99","246.80","243.16","246.40","4,629,760"
"10-Oct-2025","248.00","251.25","246.25","248.70","7,070,200"
"13-Oct-2025","246.06","247.70","244.51","245.13","6,717,589"
"14-Oct-2025","245.80","250.15","245.11","248.42","7,888,607"
"15-Oct-2025","250.00","252.13","248.54","250.21","13,278,925"
"16-Oct-2025","250.40","254.07","248.80","253.81","10,661,302"
"17-Oct-2025","250.00","250.00","239.11","240.90","43,802,251"
"20-Oct-2025","240.90","241.94","239.27","241.24","9,871,824"
"21-Oct-2025","241.00","242.16","240.36","241.36","2,082,336"
"23-Oct-2025","244.80","247.80","243.37","244.30","18,964,626"
"24-Oct-2025","245.00","245.88","242.16","242.98","6,803,979"
"27-Oct-2025","243.29","245.73","243.06","243.91","9,550,336"
"28-Oct-2025","243.66","244.70","241.40","242.38","8,780,789"
"29-Oct-2025","243.60","243.60","241.64","242.28","8,776,917"
"30-Oct-2025","242.89","244.77","240.50","241.92","8,344,622"
"31-Oct-2025","242.11","243.19","240.50","240.67","5,659,566"
"03-Nov-2025","240.67","241.29","239.50","240.50","4,902,693"
"04-Nov-2025","240.50","240.84","237.52","237.92","6,848,284"
"06-Nov-2025","240.00","240.62","238.37","240.05","7,141,517"
"07-Nov-2025","238.70","239.25","236.00","236.49","5,520,619"
"10-Nov-2025","237.44","241.55","237.02","239.84","8,566,758"
"11-Nov-2025","241.10","242.05","238.81","241.69","8,831,094"
"12-Nov-2025","242.75","246.30","242.10","245.22","13,152,546"
"13-Nov-2025","246.00","246.00","244.00","245.33","6,211,124"
"14-Nov-2025","243.92","245.90","242.15","244.37","6,841,554"
"17-Nov-2025","243.97","244.78","242.69","244.05","6,559,062"
"18-Nov-2025","242.93","244.00","240.30","240.90","4,730,012"
"19-Nov-2025","241.20","246.85","240.54","246.07","13,298,452"
"20-Nov-2025","247.50","247.80","245.71","246.26","6,705,862"
"21-Nov-2025","245.00","247.25","243.61","244.49","5,516,450"
"24-Nov-2025","245.02","249.38","245.02","247.27","19,711,070"
"25-Nov-2025","248.00","248.00","244.00","245.64","8,188,793"
"26-Nov-2025","246.00","250.55","245.62","250.19","8,202,096"
"27-Nov-2025","250.40","251.92","247.69","249.56","5,268,129"
"28-Nov-2025","251.00","251.99","248.60","249.53","7,049,965"
"01-Dec-2025","250.10","250.75","248.86","250.28","3,865,446"
"02-Dec-2025","250.00","251.45","248.87","250.17","8,535,708"
"03-Dec-2025","250.60","257.13","250.55","254.69","17,215,454"
"04-Dec-2025","256.00","258.80","255.50","256.93","10,687,381"
"05-Dec-2025","258.20","261.10","257.70","259.91","7,886,562"
"08-Dec-2025","260.01","263.07","259.71","261.38","9,684,253"
"09-Dec-2025","261.38","261.82","257.05","257.41","8,560,580"
"10-Dec-2025","258.01","260.37","257.25","257.98","7,944,200"
"11-Dec-2025","258.31","259.98","257.72","259.25","6,473,376"
"12-Dec-2025","259.50","260.82","257.36","260.60","4,008,271"
"15-Dec-2025","259.99","262.50","258.54","261.74","4,023,911"
"16-Dec-2025","261.74","261.75","258.80","259.22","2,982,041"
"17-Dec-2025","259.00","262.13","258.31","261.14","4,923,276"
"18-Dec-2025","261.18","264.99","261.00","263.85","9,008,412"
"19-Dec-2025","267.00","267.00","263.30","264.45","12,750,745"
"22-Dec-2025","267.51","273.10","266.80","272.67","14,651,313"
"23-Dec-2025","272.00","272.48","270.21","271.40","7,572,420"
"24-Dec-2025","270.94","270.98","267.20","268.06","4,694,861"
"26-Dec-2025","267.20","268.88","265.74","266.30","2,899,112"
"29-Dec-2025","265.99","267.39","263.60","264.24","3,755,074"
"30-Dec-2025","264.00","264.72","263.02","263.65","5,117,699"
"31-Dec-2025","264.00","264.60","261.26","263.28","5,705,044"
"26-Feb-2026","203.71","204.63","199.12","201.00","2,005,957"
"27-Feb-2026","204.00","204.00","200.05","200.98","2,382,333"
