"Date","Open","High","Low","Close","Volume"
"01-Jan-2019","387.80","388.90","385.10","386.40","244,225"
"02-Jan-2019","385.95","392.50","385.10","391.15","401,487"
"03-Jan-2019","392.65","395.50","389.50","391.30","391,423"
"04-Jan-2019","392.00","394.95","387.75","393.50","484,014"
"07-Jan-2019","394.50","395.40","390.10","393.05","346,567"
"08-Jan-2019","392.90","396.00","389.20","394.70","391,569"
"09-Jan-2019","392.70","398.45","391.50","396.00","815,426"
"10-Jan-2019","396.65","409.35","395.05","406.70","1,539,299"
"11-Jan-2019","408.60","409.40","404.00","406.60","644,793"
"14-Jan-2019","405.05","405.05","390.25","392.05","976,187"
"15-Jan-2019","392.10","393.70","385.10","387.50","668,054"
"16-Jan-2019","386.40","389.90","385.45","387.50","962,874"
"17-Jan-2019","387.50","392.50","384.10","390.85","962,821"
"18-Jan-2019","391.00","392.45","383.00","383.70","435,544"
"21-Jan-2019","383.90","386.20","382.00","383.85","900,424"
"22-Jan-2019","384.90","389.50","381.10","383.85","1,365,759"
"23-Jan-2019","385.00","389.50","371.25","373.35","1,355,788"
"24-Jan-2019","371.20","374.40","360.10","361.20","1,229,942"
"25-Jan-2019","363.95","368.75","357.00","359.40","1,351,651"
"28-Jan-2019","361.00","369.50","344.40","367.30","1,405,014"
"29-Jan-2019","366.45","366.50","357.70","360.30","793,151"
"30-Jan-2019","362.30","372.00","358.00","370.40","943,004"
"31-Jan-2019","373.00","374.50","363.00","371.60","892,055"
"01-Feb-2019","372.85","377.15","368.00","375.45","854,153"
"04-Feb-2019","372.55","377.95","370.60","376.20","572,950"
"05-Feb-2019","375.00","377.30","370.60","376.25","387,625"
"06-Feb-2019","376.25","377.00","367.70","369.60","489,165"
"07-Feb-2019","370.00","372.00","367.10","368.40","974,999"
"08-Feb-2019","368.30","372.80","363.55","365.05","308,347"
"11-Feb-2019","365.80","366.35","351.25","356.60","693,813"
"12-Feb-2019","355.30","360.30","351.35","353.35","495,884"
"13-Feb-2019","355.50","361.00","354.60","359.25","345,410"
"14-Feb-2019","358.00","361.70","353.55","359.50","922,903"
"15-Feb-2019","356.00","361.95","354.00","358.50","645,076"
"18-Feb-2019","359.45","362.80","349.00","350.60","433,200"
"19-Feb-2019","351.70","354.00","346.05","346.80","345,475"
"20-Feb-2019","348.60","349.75","345.75","346.30","480,124"
"21-Feb-2019","347.40","357.70","346.25","356.85","546,373"
"22-Feb-2019","358.35","364.00","356.15","362.50","487,266"
"25-Feb-2019","362.95","364.90","354.00","354.60","480,503"
"26-Feb-2019","351.00","355.75","346.35","353.70","619,615"
"27-Feb-2019","355.30","357.50","348.05","350.05","429,691"
"28-Feb-2019","351.85","356.25","348.15","352.25","1,177,853"
"01-Mar-2019","351.80","364.00","351.80","362.95","1,162,447"
"05-Mar-2019","360.10","379.00","360.10","376.30","1,316,987"
"06-Mar-2019","379.80","391.90","376.05","390.05","1,444,943"
"07-Mar-2019","390.60","394.00","384.30","391.10","912,620"
"08-Mar-2019","389.10","393.90","385.00","391.70","408,930"
"11-Mar-2019","391.00","392.00","385.30","390.50","1,312,055"
"12-Mar-2019","367.55","376.85","367.55","371.55","16,596,749"
"13-Mar-2019","367.50","370.85","365.30","366.15","21,171,413"
"14-Mar-2019","369.50","369.50","366.05","366.60","5,356,136"
"15-Mar-2019","367.00","372.25","366.25","370.10","7,977,181"
"18-Mar-2019","372.00","374.30","366.15","367.45","2,776,286"
"19-Mar-2019","368.00","368.85","362.50","364.15","3,010,431"
"20-Mar-2019","364.00","366.60","362.30","363.95","1,211,115"
"22-Mar-2019","364.30","367.45","361.55","363.05","1,646,283"
"25-Mar-2019","360.90","362.50","355.40","359.25","2,130,928"
"26-Mar-2019","362.20","370.25","361.05","369.55","4,061,590"
"27-Mar-2019","370.05","375.75","370.05","371.70","3,879,051"
"28-Mar-2019","371.95","373.20","368.10","371.55","1,740,501"
"29-Mar-2019","372.75","384.25","369.30","378.50","4,830,957"
"01-Apr-2019","378.20","387.50","377.15","383.85","2,756,796"
"02-Apr-2019","384.45","384.50","379.10","380.25","1,180,504"
"03-Apr-2019","380.60","391.85","379.15","384.65","3,425,894"
"04-Apr-2019","385.15","385.95","377.50","378.30","1,219,612"
"05-Apr-2019","380.00","388.45","380.00","386.20","1,680,426"
"08-Apr-2019","387.90","390.00","381.65","385.40","1,769,899"
"09-Apr-2019","386.00","386.35","378.60","381.75","1,529,577"
"10-Apr-2019","381.75","384.80","375.70","377.05","1,968,507"
"11-Apr-2019","378.65","397.45","373.60","394.10","5,562,186"
"12-Apr-2019","396.05","407.00","395.20","405.35","4,538,289"
"15-Apr-2019","407.40","408.00","400.40","405.45","1,802,086"
"16-Apr-2019","407.10","412.65","403.75","408.55","2,172,703"
"18-Apr-2019","409.35","413.70","395.90","406.35","2,288,968"
"22-Apr-2019","405.00","406.90","396.10","397.25","836,332"
"23-Apr-2019","399.10","403.00","396.85","397.80","1,102,870"
"24-Apr-2019","397.60","400.90","397.30","400.00","1,039,080"
"25-Apr-2019","400.80","402.00","396.40","399.10","926,294"
"26-Apr-2019","399.10","405.80","393.20","399.65","3,066,741"
"30-Apr-2019","400.00","406.40","395.00","404.55","2,753,067"
"02-May-2019","405.45","418.00","405.10","417.20","3,487,135"
"03-May-2019","402.00","419.80","401.10","414.25","10,118,251"
"06-May-2019","411.60","413.00","408.00","411.10","5,075,321"
"07-May-2019","412.00","412.80","406.05","409.25","2,589,598"
"08-May-2019","407.70","413.40","406.10","410.25","3,893,612"
"09-May-2019","411.00","411.80","407.00","409.55","3,527,797"
"10-May-2019","410.40","411.95","408.95","410.05","2,393,114"
"13-May-2019","409.95","409.95","395.25","402.65","3,435,597"
"14-May-2019","396.70","396.70","386.85","391.05","6,988,271"
"15-May-2019","390.55","394.80","387.45","388.30","1,668,299"
"16-May-2019","387.95","389.50","377.40","379.90","2,766,863"
"17-May-2019","379.75","384.00","374.25","382.55","2,239,697"
"20-May-2019","394.00","399.00","391.00","397.05","3,901,916"
"21-May-2019","400.00","404.00","396.05","403.20","2,174,571"
"22-May-2019","404.00","406.00","396.30","398.10","1,088,291"
"23-May-2019","405.00","411.75","400.00","406.30","3,772,524"
"24-May-2019","408.00","410.00","399.90","407.95","1,994,086"
"27-May-2019","409.00","423.95","406.60","422.60","4,152,835"
"28-May-2019","424.00","426.00","415.10","424.95","1,929,443"
"29-May-2019","425.00","426.90","416.45","425.65","2,095,188"
"30-May-2019","425.00","437.00","423.40","435.60","2,306,375"
"31-May-2019","437.00","445.00","436.05","441.65","2,807,954"
"03-Jun-2019","442.00","452.00","441.00","444.00","3,134,716"
"04-Jun-2019","442.50","445.00","435.30","442.70","1,252,624"
"06-Jun-2019","441.15","451.80","440.00","442.25","1,596,991"
"07-Jun-2019","444.95","453.00","434.75","451.40","1,902,550"
"10-Jun-2019","453.00","454.00","442.25","450.15","1,453,151"
"11-Jun-2019","450.00","450.15","444.50","445.30","895,285"
"12-Jun-2019","446.00","449.40","440.10","440.95","641,601"
"13-Jun-2019","444.80","453.65","440.50","452.00","1,796,357"
"14-Jun-2019","454.70","459.90","445.15","448.15","1,478,647"
"17-Jun-2019","449.50","450.95","440.10","443.35","985,932"
"18-Jun-2019","443.35","445.15","440.05","441.70","913,332"
"19-Jun-2019","443.00","445.20","436.10","437.15","959,725"
"20-Jun-2019","436.05","442.00","429.45","440.45","881,140"
"21-Jun-2019","438.10","443.90","436.15","438.15","978,609"
"24-Jun-2019","438.55","442.25","435.60","440.10","479,020"
"25-Jun-2019","440.10","442.20","436.00","437.50","1,034,858"
"26-Jun-2019","438.00","446.35","437.00","441.75","2,378,103"
"27-Jun-2019","443.90","456.85","439.05","455.15","2,356,422"
"28-Jun-2019","457.95","470.65","456.35","464.05","4,027,131"
"01-Jul-2019","471.00","478.75","467.25","469.50","2,471,465"
"02-Jul-2019","469.00","477.00","468.60","469.80","1,540,850"
"03-Jul-2019","471.90","484.95","470.20","479.25","2,400,197"
"04-Jul-2019","481.50","491.50","479.70","489.10","2,192,930"
"05-Jul-2019","491.20","494.90","469.20","473.75","2,788,311"
"08-Jul-2019","463.70","468.20","447.65","462.75","2,834,536"
"09-Jul-2019","465.40","465.60","453.10","455.75","2,053,510"
"10-Jul-2019","458.00","460.00","454.10","455.75","790,156"
"11-Jul-2019","459.75","470.90","452.75","467.80","1,728,011"
"12-Jul-2019","471.00","485.00","469.10","481.75","2,266,998"
"15-Jul-2019","482.15","494.50","482.10","491.10","2,167,991"
"16-Jul-2019","493.40","498.45","481.70","491.05","2,191,685"
"17-Jul-2019","492.30","503.80","486.60","497.15","2,760,727"
"18-Jul-2019","498.80","510.50","497.50","503.55","3,115,748"
"19-Jul-2019","506.00","509.45","485.00","487.60","2,396,384"
"22-Jul-2019","485.85","497.80","479.05","490.65","2,024,584"
"23-Jul-2019","491.00","511.55","481.40","508.55","10,256,139"
"24-Jul-2019","511.90","533.00","497.00","499.55","7,088,915"
"25-Jul-2019","498.85","510.70","498.20","501.20","2,630,537"
"26-Jul-2019","504.70","508.00","495.10","499.10","1,706,982"
"29-Jul-2019","499.80","502.70","478.40","485.35","2,481,978"
"30-Jul-2019","487.10","491.80","475.10","483.10","2,274,640"
"31-Jul-2019","481.20","495.50","477.25","493.50","1,798,489"
"01-Aug-2019","493.00","502.00","481.10","487.95","2,626,100"
"02-Aug-2019","488.95","498.35","480.40","494.35","2,215,370"
"05-Aug-2019","491.50","494.50","483.30","487.15","2,996,132"
"06-Aug-2019","485.05","518.00","485.05","512.10","5,029,677"
"07-Aug-2019","517.00","524.80","511.10","518.10","4,417,521"
"08-Aug-2019","541.40","545.55","516.30","522.90","10,168,512"
"09-Aug-2019","524.30","535.40","524.30","526.75","2,861,762"
"13-Aug-2019","529.70","537.00","516.00","519.35","3,543,626"
"14-Aug-2019","487.50","540.55","481.25","517.00","31,957,442"
"16-Aug-2019","515.00","543.00","513.60","540.15","11,397,991"
"19-Aug-2019","545.70","560.00","520.00","524.55","13,762,429"
"20-Aug-2019","526.00","532.90","516.60","527.90","10,083,216"
"21-Aug-2019","530.00","539.00","525.10","530.70","6,505,412"
"22-Aug-2019","533.95","538.35","525.40","528.45","5,344,682"
"23-Aug-2019","530.00","531.80","512.75","517.20","4,611,285"
"26-Aug-2019","529.75","536.80","517.10","526.40","4,813,908"
"27-Aug-2019","535.00","569.75","534.00","555.20","94,765,364"
"28-Aug-2019","556.90","557.40","538.10","547.70","7,523,593"
"29-Aug-2019","544.25","549.75","540.00","541.70","2,790,568"
"30-Aug-2019","542.00","559.40","542.00","557.15","4,299,020"
"03-Sep-2019","551.40","556.95","535.00","536.75","4,903,625"
"04-Sep-2019","539.00","542.80","528.60","535.65","2,330,167"
"05-Sep-2019","538.80","547.40","527.00","528.50","3,656,775"
"06-Sep-2019","531.90","536.00","528.00","529.90","1,641,066"
"09-Sep-2019","534.00","539.75","529.30","530.90","3,086,676"
"11-Sep-2019","533.70","540.50","533.00","537.90","2,505,388"
"12-Sep-2019","539.95","545.90","536.20","537.85","1,990,091"
"13-Sep-2019","538.70","543.00","532.85","540.40","1,414,823"
"16-Sep-2019","537.00","540.00","533.55","537.65","1,320,333"
"17-Sep-2019","538.60","538.60","524.10","530.70","1,952,479"
"18-Sep-2019","533.85","540.00","533.00","539.10","1,460,223"
"19-Sep-2019","540.70","540.70","529.10","532.45","1,092,159"
"20-Sep-2019","536.00","567.00","536.00","563.85","8,964,556"
"23-Sep-2019","564.00","566.70","540.00","540.75","5,216,335"
"24-Sep-2019","541.10","554.95","540.15","551.05","2,548,423"
"25-Sep-2019","551.80","562.70","550.10","557.85","3,790,845"
"26-Sep-2019","556.90","577.00","556.40","569.30","4,460,160"
"27-Sep-2019","567.10","585.60","567.10","582.30","3,937,172"
"30-Sep-2019","585.00","609.00","585.00","601.15","5,522,478"
"01-Oct-2019","604.20","608.00","590.35","598.20","3,176,809"
"03-Oct-2019","596.30","597.85","575.50","592.90","3,634,620"
"04-Oct-2019","593.25","594.70","582.05","584.45","2,889,488"
"07-Oct-2019","584.50","584.50","572.05","575.45","3,237,005"
"09-Oct-2019","575.20","586.75","573.70","580.50","1,579,192"
"10-Oct-2019","577.50","589.00","575.00","583.80","1,556,208"
"11-Oct-2019","585.00","599.70","584.00","590.65","4,147,792"
"14-Oct-2019","586.00","589.70","580.00","582.30","1,659,110"
"15-Oct-2019","581.00","595.85","580.60","592.75","1,429,097"
"16-Oct-2019","594.80","615.85","594.00","610.60","3,769,552"
"17-Oct-2019","612.95","622.00","610.00","615.15","2,893,199"
"18-Oct-2019","615.70","616.50","607.00","608.45","1,922,910"
"22-Oct-2019","609.95","624.25","605.50","611.30","2,673,829"
"23-Oct-2019","614.80","625.90","601.00","607.85","5,606,504"
"24-Oct-2019","609.90","618.90","607.60","615.35","2,865,137"
"25-Oct-2019","617.40","619.80","608.10","610.50","1,982,250"
"27-Oct-2019","614.90","622.00","612.35","619.65","890,503"
"29-Oct-2019","620.85","621.00","609.10","610.75","2,288,088"
"30-Oct-2019","581.20","643.65","581.10","632.45","27,156,751"
"31-Oct-2019","636.90","646.40","622.00","626.20","4,487,728"
"01-Nov-2019","626.00","636.00","608.10","612.70","4,002,384"
"04-Nov-2019","612.50","615.70","588.40","593.30","12,053,809"
"05-Nov-2019","596.00","602.00","580.15","583.65","6,170,402"
"06-Nov-2019","584.00","590.90","580.10","584.95","3,840,924"
"07-Nov-2019","587.90","588.75","576.15","580.15","3,217,588"
"08-Nov-2019","580.00","585.20","566.50","567.90","3,630,548"
"11-Nov-2019","569.95","584.00","565.00","571.00","3,419,720"
"13-Nov-2019","572.00","593.00","572.00","589.15","6,532,837"
"14-Nov-2019","592.50","594.90","581.50","586.35","2,663,642"
"15-Nov-2019","588.35","588.35","576.10","577.50","1,959,586"
"18-Nov-2019","574.95","574.95","567.50","570.45","3,112,232"
"19-Nov-2019","571.00","577.50","565.60","570.70","3,791,275"
"20-Nov-2019","572.00","579.50","568.50","574.70","3,822,519"
"21-Nov-2019","576.40","592.35","573.00","589.25","3,752,775"
"22-Nov-2019","591.80","593.90","581.25","586.40","2,275,245"
"25-Nov-2019","585.85","599.85","585.00","597.80","3,802,000"
"26-Nov-2019","600.00","607.75","592.00","597.60","5,918,113"
"27-Nov-2019","598.10","599.40","582.75","584.95","2,154,255"
"28-Nov-2019","588.00","588.65","575.00","576.20","2,761,394"
"29-Nov-2019","577.50","583.00","570.20","571.50","2,142,174"
"02-Dec-2019","570.00","578.85","566.00","569.40","2,550,584"
"03-Dec-2019","572.60","586.45","571.50","584.75","4,622,846"
"04-Dec-2019","584.90","588.00","577.10","583.65","2,198,714"
"05-Dec-2019","585.45","585.70","575.00","575.90","1,929,160"
"06-Dec-2019","577.75","579.20","571.25","575.00","2,127,676"
"09-Dec-2019","576.70","576.75","570.10","572.50","1,591,039"
"10-Dec-2019","577.15","586.50","569.05","570.50","4,061,646"
"11-Dec-2019","573.40","575.00","565.50","572.50","2,289,830"
"12-Dec-2019","576.75","585.65","571.05","582.90","2,941,825"
"13-Dec-2019","585.70","595.10","585.70","588.90","2,095,278"
"16-Dec-2019","588.50","594.90","586.60","592.10","1,408,707"
"17-Dec-2019","595.15","600.00","586.20","595.60","1,636,039"
"18-Dec-2019","599.00","604.80","588.20","601.50","3,092,926"
"19-Dec-2019","602.00","609.25","598.50","605.25","2,743,666"
"20-Dec-2019","606.00","616.00","603.00","612.70","3,239,394"
"23-Dec-2019","615.10","621.00","609.00","616.15","2,325,450"
"24-Dec-2019","618.10","627.60","613.40","625.30","2,938,173"
"26-Dec-2019","627.90","639.00","623.10","635.60","3,006,668"
"27-Dec-2019","639.00","639.00","628.55","631.40","2,494,965"
"30-Dec-2019","632.70","638.75","629.00","636.15","1,799,682"
"31-Dec-2019","637.90","646.00","620.75","626.05","2,217,822"
"01-Jan-2020","623.00","626.00","616.35","621.45","1,749,377"
"02-Jan-2020","622.70","638.80","618.40","634.25","1,973,981"
"03-Jan-2020","631.00","637.45","626.40","630.70","2,401,828"
"06-Jan-2020","627.40","627.40","611.50","619.55","4,175,516"
"07-Jan-2020","623.60","643.70","623.60","629.95","2,827,658"
"08-Jan-2020","622.00","631.80","618.50","628.85","2,248,332"
"09-Jan-2020","635.00","636.50","627.80","631.50","1,338,705"
"10-Jan-2020","632.40","634.00","618.75","623.10","2,181,852"
"13-Jan-2020","627.90","633.05","623.60","625.40","1,161,466"
"14-Jan-2020","626.50","627.00","612.75","614.25","2,109,229"
"15-Jan-2020","614.00","620.50","612.75","616.55","1,621,297"
"16-Jan-2020","624.00","625.00","605.80","607.50","3,196,222"
"17-Jan-2020","607.50","611.55","601.70","607.65","2,313,300"
"20-Jan-2020","611.00","612.45","597.10","598.25","1,870,028"
"21-Jan-2020","595.70","609.70","594.15","602.00","1,597,879"
"22-Jan-2020","604.90","616.50","602.65","612.75","2,066,862"
"23-Jan-2020","614.30","621.90","611.50","616.00","1,685,313"
"24-Jan-2020","607.90","611.25","602.80","607.25","2,188,192"
"27-Jan-2020","604.80","605.70","598.10","599.70","1,531,808"
"28-Jan-2020","601.00","611.90","599.00","603.75","1,651,481"
"29-Jan-2020","605.95","611.00","602.25","605.05","1,324,538"
"30-Jan-2020","605.90","608.55","597.15","600.45","1,060,111"
"31-Jan-2020","603.10","604.45","597.30","599.20","1,260,667"
"01-Feb-2020","598.20","609.00","537.90","562.40","7,823,819"
"03-Feb-2020","553.00","573.00","527.50","565.30","9,688,974"
"04-Feb-2020","568.00","578.45","555.55","573.10","3,116,053"
"05-Feb-2020","574.40","586.35","565.00","583.45","2,739,852"
"06-Feb-2020","587.00","598.70","587.00","593.65","2,299,958"
"07-Feb-2020","593.50","600.00","589.00","595.70","1,185,529"
"10-Feb-2020","596.00","598.90","584.50","588.05","1,366,499"
"11-Feb-2020","589.75","594.50","575.80","583.50","1,545,054"
"12-Feb-2020","585.60","594.70","563.60","578.35","3,303,107"
"13-Feb-2020","576.50","582.25","568.50","577.20","2,107,487"
"14-Feb-2020","578.90","581.50","572.00","573.95","2,332,181"
"17-Feb-2020","574.90","575.00","564.05","565.90","918,309"
"18-Feb-2020","564.80","565.35","556.00","562.60","1,231,246"
"19-Feb-2020","565.90","581.85","563.00","579.10","1,752,251"
"20-Feb-2020","582.10","583.70","572.10","573.50","3,708,209"
"24-Feb-2020","572.25","578.40","556.00","560.80","1,576,359"
"25-Feb-2020","570.00","582.50","566.00","569.50","3,582,636"
"26-Feb-2020","565.30","571.45","555.00","557.05","2,313,470"
"27-Feb-2020","559.00","569.30","544.25","566.70","2,985,262"
"28-Feb-2020","554.00","565.00","541.25","544.10","4,380,818"
"02-Mar-2020","555.00","564.25","550.95","554.50","2,299,648"
"03-Mar-2020","560.00","573.00","559.65","563.50","2,844,292"
"04-Mar-2020","567.40","570.00","560.15","568.60","1,735,962"
"05-Mar-2020","572.00","572.80","556.40","564.95","3,821,330"
"06-Mar-2020","541.00","556.50","535.00","548.15","3,494,853"
"09-Mar-2020","538.00","540.30","506.20","517.65","4,577,812"
"11-Mar-2020","515.00","526.00","508.05","513.55","2,971,154"
"12-Mar-2020","495.00","498.00","453.30","472.90","4,798,516"
"13-Mar-2020","435.00","525.00","429.10","507.15","7,973,723"
"16-Mar-2020","494.00","500.40","471.00","474.20","4,059,856"
"17-Mar-2020","475.00","486.00","460.00","464.95","3,292,007"
"18-Mar-2020","465.00","470.00","410.85","419.45","4,747,409"
"19-Mar-2020","385.35","432.55","385.35","416.95","8,358,755"
"20-Mar-2020","425.10","442.00","411.30","418.10","4,857,481"
"23-Mar-2020","377.50","394.40","340.00","342.30","4,439,246"
"24-Mar-2020","362.00","409.00","345.85","391.30","5,265,165"
"25-Mar-2020","390.00","440.00","385.60","434.30","6,175,029"
"26-Mar-2020","448.00","487.00","434.00","477.45","6,462,243"
"27-Mar-2020","450.20","483.80","440.00","441.00","14,440,644"
"30-Mar-2020","432.00","443.90","407.00","412.50","7,106,593"
"31-Mar-2020","429.00","448.20","414.40","441.35","5,414,966"
"01-Apr-2020","438.10","447.40","424.05","429.90","7,415,298"
"03-Apr-2020","428.50","442.00","416.20","422.30","6,997,591"
"07-Apr-2020","436.90","476.00","433.25","470.50","6,387,620"
"08-Apr-2020","464.95","500.55","457.40","476.60","7,175,340"
"09-Apr-2020","488.90","494.40","464.15","472.25","3,633,341"
"13-Apr-2020","473.00","482.75","453.30","477.80","4,143,792"
"15-Apr-2020","481.70","488.70","468.50","471.70","3,951,830"
"16-Apr-2020","470.00","494.40","462.00","489.70","5,065,365"
"17-Apr-2020","505.00","518.95","491.50","495.50","6,525,356"
"20-Apr-2020","503.70","515.30","496.00","508.30","4,164,523"
"21-Apr-2020","496.00","502.85","488.90","496.35","2,902,454"
"22-Apr-2020","499.50","509.00","490.35","503.65","2,103,584"
"23-Apr-2020","505.00","511.90","486.30","488.50","2,996,670"
"24-Apr-2020","478.25","478.75","451.15","453.35","4,402,298"
"27-Apr-2020","459.00","491.40","459.00","484.75","5,612,312"
"28-Apr-2020","495.00","496.60","471.15","486.15","5,790,882"
"29-Apr-2020","488.00","505.20","484.75","492.85","4,230,744"
"30-Apr-2020","500.00","510.70","493.15","501.05","3,751,413"
"04-May-2020","489.00","489.00","472.10","478.95","2,476,319"
"05-May-2020","483.00","489.90","475.15","477.55","2,499,854"
"06-May-2020","478.00","499.00","469.45","491.00","5,449,872"
"07-May-2020","489.70","502.00","488.90","494.55","2,443,553"
"08-May-2020","499.70","527.35","499.00","520.05","9,180,047"
"11-May-2020","529.75","539.00","522.50","525.20","5,446,596"
"12-May-2020","521.45","536.60","517.30","526.80","3,693,398"
"13-May-2020","533.00","538.00","515.00","516.75","3,652,083"
"14-May-2020","515.00","523.00","491.40","495.00","4,151,393"
"15-May-2020","499.10","501.00","485.00","487.30","3,513,979"
"18-May-2020","487.30","490.90","464.00","469.35","4,108,281"
"19-May-2020","475.00","485.95","465.25","471.75","5,129,797"
"20-May-2020","474.15","482.75","472.50","479.25","3,112,805"
"21-May-2020","480.00","496.55","480.00","493.80","4,216,424"
"22-May-2020","493.00","504.70","490.30","494.75","4,602,359"
"26-May-2020","502.00","514.90","497.00","507.45","4,215,640"
"27-May-2020","506.80","510.00","495.25","503.30","1,859,761"
"28-May-2020","506.00","523.30","501.45","516.80","3,346,532"
"29-May-2020","516.40","540.80","511.75","523.20","27,247,264"
"01-Jun-2020","521.00","528.65","513.35","516.10","3,151,566"
"02-Jun-2020","516.00","522.25","497.00","499.70","5,912,196"
"03-Jun-2020","502.10","519.75","494.45","501.35","13,733,176"
"04-Jun-2020","521.15","524.95","512.30","517.60","11,740,028"
"05-Jun-2020","517.60","521.25","511.70","516.25","3,558,356"
"08-Jun-2020","520.00","529.80","516.25","522.05","8,430,264"
"09-Jun-2020","525.00","531.00","501.50","506.85","9,173,487"
"10-Jun-2020","507.45","507.95","499.00","501.70","3,359,218"
"11-Jun-2020","500.00","509.50","497.00","501.65","2,483,043"
"12-Jun-2020","488.00","504.15","486.25","502.30","8,115,192"
"15-Jun-2020","507.90","507.90","495.30","499.90","3,620,145"
"16-Jun-2020","505.00","510.70","497.00","505.70","3,579,474"
"17-Jun-2020","506.00","508.70","498.55","500.40","1,857,859"
"18-Jun-2020","500.00","517.90","498.65","515.95","4,084,145"
"19-Jun-2020","517.95","524.00","514.35","521.10","4,569,791"
"22-Jun-2020","524.95","525.80","514.55","520.40","2,767,223"
"23-Jun-2020","524.25","544.60","520.40","537.05","5,813,524"
"24-Jun-2020","542.70","545.60","523.70","527.25","3,765,294"
"25-Jun-2020","520.00","539.75","519.00","538.40","2,654,401"
"26-Jun-2020","541.40","547.45","535.00","541.90","2,586,687"
"29-Jun-2020","543.50","544.60","532.65","537.20","1,691,390"
"30-Jun-2020","540.50","554.45","537.00","549.00","3,360,063"
"01-Jul-2020","555.55","560.00","546.15","549.65","3,419,823"
"02-Jul-2020","549.50","552.50","545.70","547.95","1,638,118"
"03-Jul-2020","564.95","589.60","558.00","572.15","15,663,762"
"06-Jul-2020","581.00","591.85","576.40","584.70","4,862,826"
"07-Jul-2020","589.70","591.00","572.10","582.60","3,849,690"
"08-Jul-2020","581.50","596.90","578.00","581.95","4,280,870"
"09-Jul-2020","584.10","589.90","582.95","585.20","2,441,545"
"10-Jul-2020","586.00","600.00","585.25","592.50","3,207,170"
"13-Jul-2020","593.95","603.75","584.00","600.30","2,854,269"
"14-Jul-2020","592.50","609.00","592.50","598.45","3,645,884"
"15-Jul-2020","600.00","604.70","593.00","594.80","2,310,735"
"16-Jul-2020","594.00","603.75","589.25","599.85","1,767,720"
"17-Jul-2020","600.80","616.00","600.05","614.50","2,790,704"
"20-Jul-2020","619.70","628.20","612.30","616.45","3,020,897"
"21-Jul-2020","622.00","632.50","601.35","627.45","8,306,391"
"22-Jul-2020","627.00","627.00","605.90","609.65","5,164,789"
"23-Jul-2020","610.95","623.70","610.65","622.70","2,957,797"
"24-Jul-2020","617.00","624.90","615.50","622.40","2,789,581"
"27-Jul-2020","624.60","637.50","613.50","633.45","3,344,053"
"28-Jul-2020","636.00","647.60","633.65","640.50","4,307,409"
"29-Jul-2020","640.50","642.70","629.00","637.75","2,458,653"
"30-Jul-2020","639.95","644.90","623.95","635.10","27,847,477"
"31-Jul-2020","628.70","637.90","619.05","627.10","3,775,023"
"03-Aug-2020","624.00","624.00","600.50","603.00","3,634,590"
"04-Aug-2020","605.20","615.90","600.95","614.15","2,248,864"
"05-Aug-2020","616.45","618.15","603.30","605.00","2,052,017"
"06-Aug-2020","608.40","611.75","602.25","606.90","2,596,375"
"07-Aug-2020","607.90","613.85","605.45","606.95","1,723,762"
"10-Aug-2020","616.00","617.95","607.00","608.85","2,028,858"
"11-Aug-2020","609.85","613.90","606.10","608.75","1,539,726"
"12-Aug-2020","609.00","617.70","603.10","608.75","3,419,611"
"13-Aug-2020","610.00","614.00","598.00","599.75","2,164,504"
"14-Aug-2020","600.00","602.40","585.65","587.75","3,151,499"
"17-Aug-2020","591.40","594.20","585.95","589.10","1,335,406"
"18-Aug-2020","590.50","600.65","589.00","597.60","2,225,080"
"19-Aug-2020","600.00","607.95","598.95","603.45","2,345,111"
"20-Aug-2020","599.00","600.00","590.10","595.05","1,490,688"
"21-Aug-2020","599.20","608.90","596.15","598.10","2,009,373"
"24-Aug-2020","599.80","605.45","597.05","598.75","1,893,436"
"25-Aug-2020","599.00","603.60","593.00","599.80","1,803,138"
"26-Aug-2020","603.00","603.00","588.65","592.05","2,950,984"
"27-Aug-2020","594.20","600.00","591.15","596.05","2,947,749"
"28-Aug-2020","600.00","603.50","588.15","589.35","3,638,732"
"31-Aug-2020","594.75","594.75","567.05","574.80","3,755,093"
"01-Sep-2020","581.50","586.00","570.75","579.30","3,407,303"
"02-Sep-2020","581.40","590.00","576.80","580.85","2,502,182"
"03-Sep-2020","583.70","589.00","579.25","582.20","1,896,035"
"04-Sep-2020","570.00","581.00","569.05","574.65","2,618,812"
"07-Sep-2020","576.60","594.50","571.15","591.85","3,374,335"
"08-Sep-2020","593.50","595.15","579.50","581.85","1,896,569"
"09-Sep-2020","588.90","593.00","582.65","585.70","3,392,130"
"10-Sep-2020","589.60","603.00","587.40","601.60","3,792,391"
"11-Sep-2020","608.00","612.70","601.60","604.80","4,565,118"
"14-Sep-2020","610.00","610.00","595.20","599.45","2,269,786"
"15-Sep-2020","601.95","601.95","591.05","594.20","2,371,934"
"16-Sep-2020","594.50","604.95","592.80","598.60","2,164,876"
"17-Sep-2020","593.10","598.10","588.30","591.85","1,532,457"
"18-Sep-2020","594.00","594.80","583.50","585.10","2,587,595"
"21-Sep-2020","587.00","589.80","577.25","579.35","1,566,236"
"22-Sep-2020","576.00","587.50","566.30","579.40","2,359,389"
"23-Sep-2020","581.25","586.10","575.60","580.25","2,210,606"
"24-Sep-2020","574.80","580.80","572.70","577.65","3,044,327"
"25-Sep-2020","577.30","580.50","571.25","577.50","2,059,556"
"28-Sep-2020","579.20","583.30","577.05","581.20","1,591,676"
"29-Sep-2020","586.80","586.80","563.75","570.80","4,161,096"
"30-Sep-2020","571.80","571.95","555.95","559.40","4,906,856"
"01-Oct-2020","568.00","572.00","562.25","569.20","1,477,382"
"05-Oct-2020","572.00","576.95","565.35","574.75","2,490,303"
"06-Oct-2020","577.50","586.20","575.75","582.05","5,665,979"
"07-Oct-2020","585.00","587.15","575.00","578.95","2,588,117"
"08-Oct-2020","586.50","586.50","577.10","583.15","9,288,183"
"09-Oct-2020","587.00","589.00","568.60","573.80","4,556,031"
"12-Oct-2020","576.45","577.00","560.20","563.40","2,349,606"
"13-Oct-2020","564.40","571.95","559.70","566.70","2,122,839"
"14-Oct-2020","564.90","574.80","558.00","572.35","3,958,474"
"15-Oct-2020","573.00","574.00","560.05","561.50","1,773,035"
"16-Oct-2020","562.95","566.25","559.50","561.15","2,117,294"
"19-Oct-2020","565.90","574.30","564.30","570.50","3,362,350"
"20-Oct-2020","574.60","581.00","567.00","571.00","6,496,853"
"21-Oct-2020","574.50","577.45","556.00","562.70","3,458,591"
"22-Oct-2020","563.00","566.80","558.15","561.10","2,967,366"
"23-Oct-2020","563.00","580.65","559.65","564.50","21,453,700"
"26-Oct-2020","566.75","582.65","563.50","578.65","8,486,269"
"27-Oct-2020","582.90","591.50","580.00","587.30","5,959,808"
"28-Oct-2020","590.75","594.80","583.65","586.15","4,062,107"
"29-Oct-2020","582.00","588.00","580.35","586.10","1,671,983"
"30-Oct-2020","590.00","598.20","584.00","589.75","3,789,450"
"02-Nov-2020","590.80","594.50","585.60","587.50","2,206,055"
"03-Nov-2020","590.40","601.60","590.00","599.05","3,646,651"
"04-Nov-2020","591.10","603.90","591.10","594.25","1,919,838"
"05-Nov-2020","600.15","602.50","590.00","592.05","2,350,192"
"06-Nov-2020","593.00","598.60","588.85","590.60","1,990,463"
"09-Nov-2020","596.00","599.00","587.75","592.85","2,978,907"
"10-Nov-2020","595.00","615.10","590.40","609.65","4,801,645"
"11-Nov-2020","616.95","626.80","614.25","623.45","6,526,986"
"12-Nov-2020","623.85","633.10","618.40","630.40","3,555,249"
"13-Nov-2020","625.00","630.35","617.95","627.50","5,036,293"
"14-Nov-2020","638.00","639.20","633.70","636.10","1,080,124"
"17-Nov-2020","638.70","674.00","635.00","670.05","9,740,753"
"18-Nov-2020","672.50","676.10","661.20","664.80","3,642,631"
"19-Nov-2020","661.00","670.75","643.00","646.05","4,212,122"
"20-Nov-2020","647.35","668.55","647.35","663.90","3,045,488"
"23-Nov-2020","667.20","674.30","655.95","661.30","3,011,294"
"24-Nov-2020","665.50","666.40","651.40","664.15","2,108,847"
"25-Nov-2020","672.45","688.50","661.85","665.10","6,798,974"
"26-Nov-2020","668.00","675.40","658.15","660.80","3,804,983"
"27-Nov-2020","663.70","664.10","642.15","646.80","9,917,761"
"01-Dec-2020","653.25","656.00","639.50","641.90","4,569,057"
"02-Dec-2020","644.00","646.90","630.20","636.50","6,126,982"
"03-Dec-2020","626.10","650.70","625.00","647.95","26,754,679"
"04-Dec-2020","652.00","654.95","640.10","643.25","4,452,423"
"07-Dec-2020","645.10","651.40","641.85","649.55","4,644,396"
"08-Dec-2020","652.55","657.70","644.00","651.50","4,409,047"
"09-Dec-2020","655.50","656.50","645.00","652.60","4,512,763"
"10-Dec-2020","656.10","661.00","645.65","659.45","5,582,666"
"11-Dec-2020","663.90","668.35","655.25","664.50","6,275,768"
"14-Dec-2020","667.45","668.00","653.25","655.75","2,696,137"
"15-Dec-2020","659.90","663.95","644.75","651.45","4,819,043"
"16-Dec-2020","655.40","655.75","647.25","648.70","2,540,833"
"17-Dec-2020","651.00","661.20","650.25","654.55","4,660,373"
"18-Dec-2020","656.30","656.30","640.00","654.10","2,540,821"
"21-Dec-2020","646.00","653.15","617.40","629.20","3,004,002"
"22-Dec-2020","630.00","643.25","620.60","641.25","3,085,304"
"23-Dec-2020","641.25","649.90","633.75","648.60","2,940,595"
"24-Dec-2020","651.70","663.60","649.00","657.25","3,776,278"
"28-Dec-2020","661.85","680.00","657.70","678.70","5,624,012"
"29-Dec-2020","683.00","686.35","670.15","673.20","4,102,480"
"30-Dec-2020","679.00","679.00","667.00","675.70","2,886,107"
"31-Dec-2020","676.70","679.00","669.55","676.50","2,959,814"
"01-Jan-2021","676.50","680.80","675.00","678.40","1,264,311"
"04-Jan-2021","680.35","697.60","680.35","695.85","5,031,655"
"05-Jan-2021","691.10","715.00","690.25","713.75","6,955,494"
"06-Jan-2021","713.00","720.50","705.40","719.05","3,582,162"
"07-Jan-2021","720.00","723.80","702.50","704.30","3,284,785"
"08-Jan-2021","715.40","721.95","708.10","717.00","2,841,346"
"11-Jan-2021","720.90","731.00","715.70","725.10","3,216,546"
"12-Jan-2021","727.00","727.00","714.20","718.40","1,607,350"
"13-Jan-2021","718.45","724.70","708.55","713.25","2,639,680"
"14-Jan-2021","713.00","718.55","702.55","706.90","1,995,368"
"15-Jan-2021","708.40","717.00","702.20","704.85","2,417,123"
"18-Jan-2021","703.00","709.30","689.00","693.95","2,381,523"
"19-Jan-2021","695.00","701.55","693.70","698.55","2,016,585"
"20-Jan-2021","700.00","711.85","700.00","702.95","2,495,461"
"21-Jan-2021","710.00","711.90","699.00","700.50","2,254,977"
"22-Jan-2021","702.70","708.80","684.10","687.40","2,644,349"
"25-Jan-2021","695.00","699.50","665.65","680.40","3,532,317"
"27-Jan-2021","685.00","695.00","673.05","682.85","3,629,780"
"28-Jan-2021","679.50","683.05","670.10","671.80","1,964,058"
"29-Jan-2021","673.65","684.95","668.15","677.95","4,598,451"
"01-Feb-2021","678.30","713.30","668.50","699.05","8,383,807"
"02-Feb-2021","710.50","712.00","674.50","681.05","6,702,065"
"03-Feb-2021","685.00","695.00","679.00","689.20","2,902,411"
"04-Feb-2021","685.25","690.65","678.15","680.40","3,379,697"
"05-Feb-2021","682.60","684.95","672.40","681.55","2,759,333"
"08-Feb-2021","685.85","691.40","677.25","684.05","3,887,493"
"09-Feb-2021","688.70","710.20","687.95","704.90","7,331,068"
"10-Feb-2021","710.05","723.90","710.00","719.05","8,514,545"
"11-Feb-2021","721.00","726.45","710.30","714.20","3,044,979"
"12-Feb-2021","713.95","720.00","708.25","710.95","1,760,221"
"15-Feb-2021","713.50","717.35","694.20","695.25","3,871,100"
"16-Feb-2021","696.40","704.00","686.95","695.35","3,066,134"
"17-Feb-2021","696.00","711.50","693.00","703.10","3,533,494"
"18-Feb-2021","703.50","715.95","702.00","713.45","2,949,918"
"19-Feb-2021","715.30","723.45","703.10","710.65","3,787,638"
"22-Feb-2021","711.00","713.65","688.05","690.60","3,110,151"
"23-Feb-2021","693.50","712.85","690.15","705.70","4,693,570"
"24-Feb-2021","712.05","721.50","697.00","718.80","2,362,499"
"25-Feb-2021","724.00","744.00","721.00","733.50","5,635,556"
"26-Feb-2021","725.95","730.90","693.95","700.65","13,122,512"
"01-Mar-2021","711.30","713.50","700.15","705.25","2,210,665"
"02-Mar-2021","714.95","727.80","706.25","720.80","2,446,910"
"03-Mar-2021","724.00","731.50","721.10","727.50","1,714,037"
"04-Mar-2021","721.00","728.50","713.00","720.50","2,122,634"
"05-Mar-2021","723.00","724.75","711.30","717.25","2,140,241"
"08-Mar-2021","721.90","736.95","715.00","722.95","3,203,722"
"09-Mar-2021","732.00","746.00","732.00","740.20","5,412,952"
"10-Mar-2021","743.15","746.00","725.10","731.35","2,422,642"
"12-Mar-2021","739.80","739.80","710.00","710.80","3,271,450"
"15-Mar-2021","712.00","715.00","695.50","704.15","2,394,247"
"16-Mar-2021","707.70","710.60","700.00","703.05","1,619,213"
"17-Mar-2021","706.50","707.10","687.50","689.80","2,100,094"
"18-Mar-2021","695.10","699.25","675.10","680.85","2,124,421"
"19-Mar-2021","679.95","690.00","673.85","688.45","3,146,999"
"22-Mar-2021","689.45","694.75","678.25","679.85","2,585,880"
"23-Mar-2021","683.85","689.45","680.65","683.55","2,207,365"
"24-Mar-2021","679.20","686.85","675.05","676.50","1,735,370"
"25-Mar-2021","676.50","677.55","662.00","667.00","2,743,208"
"26-Mar-2021","672.40","676.80","666.55","671.70","1,761,492"
"30-Mar-2021","675.50","693.30","675.00","687.75","3,467,886"
"31-Mar-2021","688.00","697.80","681.00","696.20","2,368,424"
"01-Apr-2021","699.80","704.35","682.30","691.00","3,443,437"
"05-Apr-2021","697.90","698.00","676.10","682.15","2,074,674"
"06-Apr-2021","686.45","701.05","680.55","697.15","1,427,470"
"07-Apr-2021","704.45","705.00","695.20","699.85","2,890,361"
"08-Apr-2021","700.00","706.00","697.30","701.45","1,817,393"
"09-Apr-2021","700.00","703.20","690.50","694.85","1,586,783"
"12-Apr-2021","685.00","690.00","679.60","687.30","3,457,470"
"13-Apr-2021","689.15","710.70","685.00","706.10","4,171,978"
"15-Apr-2021","713.15","713.70","688.00","694.45","2,566,125"
"16-Apr-2021","694.50","701.30","689.10","690.65","2,784,995"
"19-Apr-2021","682.05","684.45","661.55","665.95","4,936,620"
"20-Apr-2021","670.10","689.00","670.10","685.20","5,373,233"
"22-Apr-2021","672.00","682.80","672.00","679.05","2,526,780"
"23-Apr-2021","679.00","691.40","676.35","686.35","3,140,377"
"26-Apr-2021","693.00","708.15","687.20","704.45","3,274,660"
"27-Apr-2021","711.05","719.00","677.00","678.75","10,860,187"
"28-Apr-2021","682.50","682.50","671.15","672.60","4,011,121"
"29-Apr-2021","678.00","681.35","672.15","674.65","3,939,217"
"30-Apr-2021","670.00","678.00","660.70","665.10","2,742,166"
"03-May-2021","660.00","674.50","657.15","671.90","4,908,079"
"04-May-2021","677.00","680.85","665.50","667.85","4,118,750"
"05-May-2021","670.05","675.80","667.00","674.40","2,249,063"
"06-May-2021","672.00","679.90","669.00","671.80","2,269,126"
"07-May-2021","678.00","680.50","671.05","672.65","1,913,550"
"10-May-2021","670.25","685.95","670.25","680.05","4,342,679"
"11-May-2021","678.00","681.50","669.90","671.25","2,430,724"
"12-May-2021","671.25","673.95","665.10","668.80","2,428,984"
"14-May-2021","679.90","679.90","666.40","670.60","1,580,599"
"17-May-2021","671.60","675.30","662.85","666.30","2,453,864"
"18-May-2021","669.60","672.80","666.00","666.70","1,809,231"
"19-May-2021","668.00","671.60","665.00","666.15","2,252,486"
"20-May-2021","669.00","679.00","665.70","667.50","4,316,905"
"21-May-2021","669.00","674.90","667.00","670.70","1,629,616"
"24-May-2021","670.70","673.30","667.35","670.25","1,785,392"
"25-May-2021","673.70","674.00","657.10","659.15","3,425,396"
"26-May-2021","663.50","666.40","657.15","658.50","1,938,680"
"27-May-2021","661.05","667.00","657.35","664.05","3,565,457"
"28-May-2021","665.00","674.40","662.75","668.95","3,030,073"
"31-May-2021","670.70","670.70","662.45","665.90","3,123,672"
"01-Jun-2021","668.60","670.95","663.65","665.25","1,731,330"
"02-Jun-2021","664.00","677.95","662.90","675.90","4,979,822"
"03-Jun-2021","679.75","683.30","676.60","678.45","2,861,563"
"04-Jun-2021","678.75","688.75","677.60","680.90","2,532,605"
"07-Jun-2021","682.30","684.50","675.00","680.10","1,746,210"
"08-Jun-2021","684.05","692.00","681.00","689.70","3,425,861"
"09-Jun-2021","695.00","696.90","681.50","684.90","3,041,695"
"10-Jun-2021","689.00","691.70","684.25","689.25","2,217,208"
"11-Jun-2021","689.25","690.15","681.55","682.60","1,716,481"
"14-Jun-2021","682.60","685.00","674.30","681.70","1,151,855"
"15-Jun-2021","681.35","694.00","680.30","692.55","2,613,877"
"16-Jun-2021","696.20","698.10","690.00","692.15","3,092,360"
"17-Jun-2021","685.95","703.85","682.30","700.30","3,796,926"
"18-Jun-2021","704.00","711.00","692.60","709.20","6,580,504"
"21-Jun-2021","707.25","720.00","704.60","718.75","6,100,487"
"22-Jun-2021","720.00","724.00","713.25","716.75","2,451,368"
"23-Jun-2021","721.00","723.65","716.35","717.75","1,893,116"
"24-Jun-2021","715.00","722.45","712.05","719.60","1,652,982"
"25-Jun-2021","722.00","731.50","718.30","725.95","2,833,717"
"28-Jun-2021","728.00","728.00","694.20","696.20","7,428,147"
"29-Jun-2021","680.25","702.50","680.05","686.50","30,820,343"
"30-Jun-2021","690.00","695.65","685.00","686.30","3,432,606"
"01-Jul-2021","689.50","692.60","682.80","685.75","2,556,547"
"02-Jul-2021","689.35","690.05","678.85","687.50","7,942,326"
"05-Jul-2021","690.00","691.00","676.75","677.90","6,776,797"
"06-Jul-2021","678.60","687.00","675.00","680.05","6,442,552"
"07-Jul-2021","680.00","685.80","678.00","685.20","3,025,732"
"08-Jul-2021","685.30","689.30","678.40","681.30","3,568,036"
"09-Jul-2021","680.00","683.95","677.00","683.25","2,570,371"
"12-Jul-2021","684.50","686.65","680.10","682.95","1,383,135"
"13-Jul-2021","686.50","694.55","683.55","693.40","3,119,430"
"14-Jul-2021","696.00","697.05","688.00","688.50","2,303,846"
"15-Jul-2021","690.00","699.50","688.10","693.65","2,774,718"
"16-Jul-2021","695.95","702.00","692.15","698.00","2,000,951"
"19-Jul-2021","696.50","696.50","677.00","678.70","2,866,929"
"20-Jul-2021","678.70","681.50","661.95","663.45","3,629,414"
"22-Jul-2021","664.00","669.40","661.10","662.10","4,062,964"
"23-Jul-2021","662.10","667.95","661.80","665.35","2,796,725"
"26-Jul-2021","665.00","665.40","660.35","663.10","2,503,714"
"27-Jul-2021","666.00","674.80","662.90","668.75","3,512,513"
"28-Jul-2021","674.45","674.45","661.15","664.85","2,686,658"
"29-Jul-2021","666.05","669.95","661.00","662.65","1,981,009"
"30-Jul-2021","664.50","672.00","661.35","664.05","2,640,763"
"02-Aug-2021","669.00","671.45","665.40","670.35","2,613,866"
"03-Aug-2021","672.00","675.00","666.60","673.80","2,936,646"
"04-Aug-2021","676.00","679.65","672.65","675.30","3,077,649"
"05-Aug-2021","678.00","678.00","668.20","669.50","1,985,164"
"06-Aug-2021","670.05","675.50","669.00","673.40","1,749,643"
"09-Aug-2021","674.15","677.95","666.00","667.00","1,468,932"
"10-Aug-2021","671.85","674.55","663.30","670.30","2,024,406"
"11-Aug-2021","669.60","671.90","661.35","666.65","1,361,893"
"12-Aug-2021","666.50","675.90","665.40","674.95","1,822,952"
"13-Aug-2021","675.00","678.20","668.60","670.50","1,358,720"
"16-Aug-2021","670.00","675.50","666.00","673.55","1,058,059"
"17-Aug-2021","673.00","676.55","668.10","669.40","2,151,413"
"18-Aug-2021","668.95","675.15","668.50","671.05","1,968,944"
"20-Aug-2021","664.00","674.80","656.00","667.85","4,035,337"
"23-Aug-2021","670.00","672.80","662.30","668.80","2,173,978"
"24-Aug-2021","671.00","675.45","668.10","671.10","3,051,984"
"25-Aug-2021","675.10","692.00","673.00","687.55","7,608,915"
"26-Aug-2021","693.40","702.00","690.00","698.85","7,671,524"
"27-Aug-2021","700.35","707.00","698.85","704.10","3,396,769"
"30-Aug-2021","709.00","713.20","706.10","712.35","3,023,655"
"31-Aug-2021","712.35","719.00","704.10","717.75","3,854,510"
"01-Sep-2021","720.00","724.60","707.30","718.55","4,991,772"
"02-Sep-2021","722.45","775.65","720.00","759.00","16,281,725"
"03-Sep-2021","738.95","747.75","727.20","734.40","15,600,504"
"06-Sep-2021","740.00","743.75","728.70","736.05","8,084,343"
"07-Sep-2021","737.00","743.40","730.60","734.25","2,891,731"
"08-Sep-2021","739.00","747.00","733.85","743.65","3,070,612"
"09-Sep-2021","742.55","746.15","735.00","737.35","2,867,987"
"13-Sep-2021","736.95","742.70","723.45","734.90","2,883,674"
"14-Sep-2021","737.80","744.00","736.10","739.20","1,974,670"
"15-Sep-2021","740.90","752.00","740.00","746.30","3,172,198"
"16-Sep-2021","747.00","756.20","743.50","755.15","3,209,102"
"17-Sep-2021","759.00","759.60","740.00","747.75","11,661,592"
"20-Sep-2021","739.05","746.90","727.00","730.15","1,447,672"
"21-Sep-2021","729.70","737.70","724.25","735.80","1,850,978"
"22-Sep-2021","733.40","740.05","731.00","733.05","1,150,957"
"23-Sep-2021","733.75","735.85","722.20","724.65","2,336,977"
"24-Sep-2021","728.90","731.30","720.75","725.80","2,219,394"
"27-Sep-2021","729.40","730.25","718.30","721.00","1,906,863"
"28-Sep-2021","722.00","733.35","721.50","725.80","2,407,512"
"29-Sep-2021","724.70","738.00","721.00","734.75","5,200,234"
"30-Sep-2021","740.00","740.00","720.70","722.40","3,235,673"
"01-Oct-2021","720.00","730.50","714.30","729.45","1,852,758"
"04-Oct-2021","725.40","733.35","725.00","726.65","1,615,207"
"05-Oct-2021","724.20","735.95","722.05","733.15","2,236,948"
"06-Oct-2021","736.00","741.70","724.00","725.65","1,939,154"
"07-Oct-2021","730.00","732.35","719.30","725.35","2,453,970"
"08-Oct-2021","729.00","731.45","720.30","722.10","1,573,419"
"11-Oct-2021","724.90","724.90","714.90","717.30","3,007,329"
"12-Oct-2021","716.90","717.95","699.00","703.40","3,241,303"
"13-Oct-2021","704.30","709.80","700.00","700.90","3,092,746"
"14-Oct-2021","702.50","702.70","693.00","693.80","4,077,281"
"18-Oct-2021","700.00","706.05","689.05","703.60","4,597,120"
"19-Oct-2021","708.00","709.05","698.55","702.80","2,137,420"
"20-Oct-2021","703.40","709.50","695.30","703.40","2,606,119"
"21-Oct-2021","706.95","711.00","691.00","694.55","3,427,729"
"22-Oct-2021","700.00","702.00","678.00","690.75","3,533,890"
"25-Oct-2021","690.75","693.55","676.50","683.25","2,786,630"
"26-Oct-2021","685.00","695.00","684.10","690.05","2,616,174"
"27-Oct-2021","689.90","699.95","688.35","693.85","2,103,049"
"28-Oct-2021","693.85","695.70","680.20","683.10","1,471,621"
"29-Oct-2021","682.50","689.00","675.50","680.45","2,021,722"
"01-Nov-2021","680.45","693.45","680.35","689.80","1,575,508"
"02-Nov-2021","694.00","697.65","691.25","692.65","1,898,373"
"03-Nov-2021","695.05","698.50","685.80","692.30","1,256,308"
"04-Nov-2021","699.90","699.90","695.00","696.40","409,164"
"08-Nov-2021","702.50","704.95","692.00","703.25","2,429,656"
"09-Nov-2021","709.70","709.95","698.80","706.45","2,647,708"
"10-Nov-2021","705.50","708.00","700.60","706.50","2,077,910"
"11-Nov-2021","706.00","706.90","700.15","702.60","1,102,633"
"12-Nov-2021","708.85","722.00","704.80","720.60","5,345,270"
"15-Nov-2021","723.95","723.95","711.20","714.60","1,917,369"
"16-Nov-2021","718.00","719.40","711.25","713.60","1,900,114"
"17-Nov-2021","714.20","722.40","708.40","711.05","2,453,920"
"18-Nov-2021","711.05","715.00","702.30","704.50","1,708,655"
"22-Nov-2021","706.90","709.75","684.30","688.85","2,109,072"
"23-Nov-2021","688.80","699.40","686.00","695.40","2,081,366"
"24-Nov-2021","698.40","704.45","682.85","687.20","2,093,430"
"25-Nov-2021","690.00","694.50","685.50","688.80","1,943,112"
"26-Nov-2021","685.00","689.00","667.10","670.65","2,236,662"
"29-Nov-2021","669.60","686.00","658.80","683.65","4,901,166"
"30-Nov-2021","682.00","689.75","672.65","680.80","11,535,239"
"01-Dec-2021","680.00","695.00","678.05","693.85","3,209,799"
"02-Dec-2021","696.00","706.75","694.00","705.30","2,331,496"
"03-Dec-2021","707.25","707.25","688.15","690.95","1,878,712"
"06-Dec-2021","691.00","693.75","682.50","684.20","1,393,577"
"07-Dec-2021","688.00","696.20","683.85","694.40","2,459,318"
"08-Dec-2021","698.10","698.85","684.70","686.40","3,678,237"
"09-Dec-2021","689.90","690.30","681.20","683.15","1,650,779"
"10-Dec-2021","684.90","686.00","680.25","684.75","1,011,025"
"13-Dec-2021","685.00","688.40","673.00","674.40","2,026,297"
"14-Dec-2021","678.00","678.00","665.65","669.50","2,093,071"
"15-Dec-2021","670.00","675.30","665.10","672.85","1,981,529"
"16-Dec-2021","674.20","677.45","667.95","669.50","1,404,782"
"17-Dec-2021","667.00","669.95","654.40","656.60","2,377,387"
"20-Dec-2021","654.00","654.00","627.00","633.60","2,473,370"
"21-Dec-2021","640.00","643.95","633.00","638.75","1,640,601"
"22-Dec-2021","640.05","643.30","636.00","639.90","1,212,183"
"23-Dec-2021","641.05","644.60","636.80","640.50","2,150,523"
"24-Dec-2021","641.20","643.00","634.15","637.35","1,183,083"
"27-Dec-2021","635.00","642.35","630.10","639.75","1,185,438"
"28-Dec-2021","641.75","643.65","639.00","642.30","1,217,603"
"29-Dec-2021","645.00","646.75","639.10","644.75","1,505,964"
"30-Dec-2021","644.75","645.35","640.10","640.90","1,280,995"
"31-Dec-2021","645.35","655.00","642.15","649.55","1,592,842"
"03-Jan-2022","654.00","654.65","646.30","650.50","1,892,087"
"04-Jan-2022","652.40","655.00","649.05","653.15","2,293,391"
"05-Jan-2022","655.00","658.25","650.65","653.55","3,326,875"
"06-Jan-2022","651.00","651.95","644.90","646.90","2,548,339"
"07-Jan-2022","647.00","662.95","646.00","660.30","2,168,995"
"10-Jan-2022","666.00","669.70","660.00","662.95","1,480,419"
"11-Jan-2022","662.95","665.90","656.25","658.15","1,484,964"
"12-Jan-2022","658.30","674.25","658.30","673.25","2,091,488"
"13-Jan-2022","673.90","676.40","668.40","670.35","1,807,858"
"14-Jan-2022","668.00","674.85","666.20","671.45","1,292,789"
"17-Jan-2022","671.00","675.55","668.00","674.15","1,255,654"
"18-Jan-2022","678.00","678.80","666.75","669.10","979,679"
"19-Jan-2022","665.00","667.40","652.25","656.05","1,945,857"
"20-Jan-2022","654.60","660.60","647.55","649.45","1,429,228"
"21-Jan-2022","645.00","646.95","633.35","641.45","2,963,518"
"24-Jan-2022","639.85","639.85","619.10","627.60","2,628,472"
"25-Jan-2022","627.20","633.50","617.00","630.80","1,827,902"
"27-Jan-2022","625.80","625.90","617.15","621.50","1,914,985"
"28-Jan-2022","621.35","632.90","619.05","620.45","1,317,526"
"31-Jan-2022","625.50","627.50","615.45","622.45","4,374,943"
"01-Feb-2022","626.25","638.55","617.60","623.90","4,159,628"
"02-Feb-2022","624.10","645.80","624.10","644.15","2,989,002"
"03-Feb-2022","646.05","647.30","631.05","634.40","2,076,930"
"04-Feb-2022","637.00","637.00","622.10","624.35","1,909,456"
"07-Feb-2022","620.10","623.70","600.00","603.25","3,030,728"
"08-Feb-2022","606.40","607.85","594.00","600.45","1,954,492"
"09-Feb-2022","606.75","606.75","596.10","600.20","2,644,690"
"10-Feb-2022","600.20","611.50","590.45","606.25","6,231,536"
"11-Feb-2022","600.70","601.50","593.00","595.35","2,557,745"
"14-Feb-2022","588.00","589.80","555.00","557.30","7,168,038"
"15-Feb-2022","564.00","574.50","551.60","573.60","4,282,324"
"16-Feb-2022","577.00","592.90","576.30","586.35","6,991,082"
"17-Feb-2022","586.10","595.40","581.25","592.60","3,542,326"
"18-Feb-2022","590.00","597.50","587.45","590.95","2,613,689"
"21-Feb-2022","583.55","589.40","576.55","582.00","2,415,405"
"22-Feb-2022","577.00","577.00","565.00","572.75","2,952,243"
"23-Feb-2022","572.75","578.00","565.50","569.05","1,929,381"
"24-Feb-2022","559.00","560.00","529.05","532.95","5,515,851"
"25-Feb-2022","540.00","545.55","533.85","538.90","5,087,685"
"28-Feb-2022","532.00","532.50","520.25","523.20","10,669,560"
"02-Mar-2022","518.00","563.00","509.05","560.80","41,081,069"
"03-Mar-2022","560.75","563.50","530.25","531.75","5,811,568"
"04-Mar-2022","528.90","528.90","514.25","521.50","4,687,979"
"07-Mar-2022","505.00","520.00","498.00","503.50","9,156,126"
"08-Mar-2022","500.00","514.95","497.05","513.05","7,443,036"
"09-Mar-2022","517.00","523.00","508.00","514.70","4,515,965"
"10-Mar-2022","524.00","529.75","515.85","521.30","5,059,007"
"11-Mar-2022","518.55","524.20","514.75","518.80","2,924,919"
"14-Mar-2022","520.00","521.15","510.05","512.45","4,517,379"
"15-Mar-2022","512.45","519.80","502.75","504.70","4,513,513"
"16-Mar-2022","507.05","521.35","507.05","517.30","6,339,842"
"17-Mar-2022","523.00","532.90","520.50","530.15","11,303,983"
"21-Mar-2022","532.80","534.30","520.25","522.35","4,064,003"
"22-Mar-2022","523.50","530.50","516.50","529.30","3,457,606"
"23-Mar-2022","531.90","534.00","524.15","525.85","2,654,149"
"24-Mar-2022","524.00","526.00","519.00","522.35","3,192,575"
"25-Mar-2022","524.10","528.00","517.85","519.55","2,874,297"
"28-Mar-2022","516.10","520.70","505.10","512.60","4,968,964"
"29-Mar-2022","517.00","525.70","514.40","523.00","3,428,962"
"30-Mar-2022","526.00","543.35","526.00","542.30","6,695,548"
"31-Mar-2022","542.95","550.25","533.90","538.20","5,976,662"
"01-Apr-2022","538.00","551.40","536.40","550.35","3,675,121"
"04-Apr-2022","560.00","597.55","553.80","571.80","23,976,331"
"05-Apr-2022","572.00","575.65","567.00","569.65","4,898,169"
"06-Apr-2022","567.00","568.00","553.75","555.85","5,626,902"
"07-Apr-2022","560.00","560.55","552.85","559.00","3,159,512"
"08-Apr-2022","558.95","566.85","553.80","564.80","3,232,920"
"11-Apr-2022","564.95","571.70","560.60","567.40","3,034,500"
"12-Apr-2022","566.50","572.80","560.45","562.30","4,518,691"
"13-Apr-2022","565.00","568.75","562.00","564.85","2,313,264"
"18-Apr-2022","560.50","576.85","555.25","574.30","5,765,896"
"19-Apr-2022","576.90","579.90","542.00","546.70","2,958,108"
"20-Apr-2022","548.00","560.75","541.00","559.30","3,278,202"
"21-Apr-2022","560.50","575.70","557.05","570.95","3,111,307"
"22-Apr-2022","568.90","568.90","552.00","554.05","2,703,271"
"25-Apr-2022","552.00","552.00","536.00","540.00","3,225,681"
"26-Apr-2022","541.10","556.00","537.95","549.85","4,153,518"
"27-Apr-2022","552.00","558.45","537.25","547.65","4,744,055"
"28-Apr-2022","550.90","575.35","546.50","571.40","14,954,957"
"29-Apr-2022","575.35","594.00","573.20","582.40","8,916,828"
"02-May-2022","577.45","585.75","574.70","579.85","3,025,011"
"04-May-2022","570.30","580.55","564.40","567.60","3,587,834"
"05-May-2022","570.50","577.40","563.50","569.75","3,860,357"
"06-May-2022","555.00","573.75","555.00","565.95","3,969,111"
"09-May-2022","558.15","569.00","557.50","563.85","2,774,773"
"10-May-2022","561.00","572.90","558.00","559.20","3,953,646"
"11-May-2022","559.50","575.70","559.50","563.55","4,283,207"
"12-May-2022","560.10","564.65","544.30","547.25","3,079,554"
"13-May-2022","555.00","565.85","548.05","550.75","3,154,166"
"16-May-2022","552.10","557.75","544.20","549.70","1,260,662"
"17-May-2022","549.85","556.85","542.50","554.85","2,057,634"
"18-May-2022","555.00","558.55","547.55","550.00","2,377,852"
"19-May-2022","542.50","547.40","525.40","528.70","3,998,270"
"20-May-2022","534.00","547.35","532.00","544.70","2,607,708"
"23-May-2022","544.00","556.20","542.65","551.15","3,094,798"
"24-May-2022","551.15","556.00","545.65","552.90","3,835,802"
"25-May-2022","557.70","571.55","556.60","569.10","5,339,885"
"26-May-2022","568.10","581.00","563.15","578.05","3,444,955"
"27-May-2022","582.00","604.30","577.40","598.10","8,795,852"
"30-May-2022","605.65","613.40","599.30","608.90","5,399,271"
"31-May-2022","607.00","607.50","596.10","598.95","5,609,885"
"01-Jun-2022","598.95","609.00","596.65","607.15","4,893,225"
"02-Jun-2022","604.00","609.55","591.20","607.90","5,252,011"
"03-Jun-2022","613.00","617.45","600.30","602.70","3,679,222"
"06-Jun-2022","601.95","614.50","601.05","606.10","3,348,790"
"07-Jun-2022","607.00","607.15","593.05","605.30","1,652,408"
"08-Jun-2022","602.30","608.90","596.05","599.95","2,129,427"
"09-Jun-2022","595.50","606.90","592.00","604.90","2,320,898"
"10-Jun-2022","601.80","603.80","591.55","593.10","1,988,641"
"13-Jun-2022","581.55","590.00","579.55","582.00","2,280,937"
"14-Jun-2022","580.00","584.65","570.15","572.40","4,065,780"
"15-Jun-2022","577.00","582.20","571.15","579.75","2,601,467"
"16-Jun-2022","582.00","585.85","567.65","570.55","2,366,283"
"17-Jun-2022","564.00","572.00","547.40","550.80","5,050,203"
"20-Jun-2022","551.00","558.45","545.85","553.15","1,278,783"
"21-Jun-2022","555.40","565.80","555.00","564.45","982,122"
"22-Jun-2022","561.00","563.85","550.35","551.80","1,215,189"
"23-Jun-2022","553.10","560.00","549.65","558.10","1,592,871"
"24-Jun-2022","558.15","565.30","558.15","561.45","1,021,604"
"27-Jun-2022","564.25","572.50","556.60","558.00","2,738,127"
"28-Jun-2022","559.95","569.00","549.35","565.95","2,194,297"
"29-Jun-2022","558.50","561.55","538.75","541.25","4,268,386"
"30-Jun-2022","540.50","556.00","537.60","550.00","6,228,299"
"01-Jul-2022","549.95","567.30","540.55","565.45","2,052,291"
"04-Jul-2022","565.45","575.50","563.10","574.30","1,488,372"
"05-Jul-2022","581.00","581.20","563.25","564.85","2,528,269"
"06-Jul-2022","563.25","571.90","555.00","557.45","3,309,296"
"07-Jul-2022","563.80","565.65","551.20","554.60","4,548,159"
"08-Jul-2022","558.00","558.85","543.45","545.35","3,509,988"
"11-Jul-2022","543.00","549.10","540.20","546.65","1,848,324"
"12-Jul-2022","546.55","546.65","537.45","539.75","2,088,278"
"13-Jul-2022","542.45","545.75","538.55","539.50","1,169,625"
"14-Jul-2022","540.80","543.45","532.60","537.15","1,770,641"
"15-Jul-2022","537.10","541.70","534.00","539.90","1,079,168"
"18-Jul-2022","544.40","545.95","540.45","542.75","1,543,573"
"19-Jul-2022","541.00","544.80","535.00","535.90","4,654,412"
"20-Jul-2022","540.00","541.10","522.00","525.20","9,053,768"
"21-Jul-2022","525.30","532.35","519.05","529.10","5,528,757"
"22-Jul-2022","530.00","536.95","528.55","535.00","2,944,287"
"25-Jul-2022","534.00","536.00","526.00","526.75","3,800,562"
"26-Jul-2022","525.00","531.00","520.10","522.55","7,812,371"
"27-Jul-2022","525.00","532.55","520.05","521.25","8,672,870"
"28-Jul-2022","524.00","536.00","519.65","531.60","11,504,269"
"29-Jul-2022","540.00","560.00","534.20","555.50","14,236,016"
"01-Aug-2022","560.00","560.20","544.40","546.05","4,482,787"
"02-Aug-2022","545.00","545.00","534.65","538.50","5,856,552"
"03-Aug-2022","540.00","540.55","526.50","535.35","4,152,018"
"04-Aug-2022","536.30","539.40","529.40","534.90","4,868,831"
"05-Aug-2022","537.60","545.55","536.55","539.25","5,466,554"
"08-Aug-2022","541.00","543.40","535.80","536.75","2,560,379"
"10-Aug-2022","538.40","543.95","537.00","540.90","3,597,072"
"11-Aug-2022","543.65","545.50","539.25","541.55","2,333,537"
"12-Aug-2022","542.00","548.35","540.15","544.95","2,904,816"
"16-Aug-2022","547.70","572.90","546.00","570.60","9,780,995"
"17-Aug-2022","572.00","591.70","570.00","589.35","8,775,717"
"18-Aug-2022","590.20","598.95","583.00","586.75","7,123,366"
"19-Aug-2022","586.50","594.40","573.80","576.65","3,992,396"
"22-Aug-2022","576.65","576.65","565.60","566.65","2,575,136"
"23-Aug-2022","560.00","571.30","560.00","565.85","2,725,513"
"24-Aug-2022","567.90","574.25","563.15","566.65","3,475,352"
"25-Aug-2022","569.50","579.75","568.35","571.05","2,146,845"
"26-Aug-2022","574.90","581.50","564.35","566.90","4,009,744"
"29-Aug-2022","555.00","565.00","554.10","560.95","2,582,228"
"30-Aug-2022","563.50","576.50","562.15","575.20","3,057,037"
"01-Sep-2022","576.85","581.00","569.05","575.60","3,491,926"
"02-Sep-2022","575.00","586.10","571.25","574.85","3,282,784"
"05-Sep-2022","574.00","578.85","570.05","573.65","1,218,242"
"06-Sep-2022","576.40","580.80","571.65","573.50","3,339,197"
"07-Sep-2022","570.00","578.50","568.90","576.95","3,210,212"
"08-Sep-2022","579.85","586.00","578.00","584.35","2,397,242"
"09-Sep-2022","586.00","588.90","575.00","575.95","1,230,807"
"12-Sep-2022","578.00","584.00","572.80","578.55","2,014,300"
"13-Sep-2022","605.00","605.90","585.00","587.05","10,170,913"
"14-Sep-2022","580.00","586.20","575.05","576.35","3,032,306"
"15-Sep-2022","578.40","583.40","566.10","566.75","2,651,988"
"16-Sep-2022","568.00","568.85","544.90","546.75","7,125,860"
"19-Sep-2022","550.00","557.00","543.00","548.10","4,657,454"
"20-Sep-2022","550.80","564.55","547.20","559.75","8,499,419"
"21-Sep-2022","558.00","561.80","549.50","551.40","2,075,187"
"22-Sep-2022","545.10","551.45","540.10","545.80","3,493,307"
"23-Sep-2022","542.75","545.00","537.10","539.45","2,118,150"
"26-Sep-2022","535.00","536.45","520.00","522.75","3,974,804"
"27-Sep-2022","525.40","526.90","515.25","520.85","2,994,372"
"28-Sep-2022","518.35","520.25","510.00","514.45","3,564,554"
"29-Sep-2022","518.00","529.75","517.00","528.00","5,428,542"
"30-Sep-2022","526.00","532.40","521.50","530.45","3,216,079"
"03-Oct-2022","530.55","530.55","518.05","518.70","2,951,085"
"04-Oct-2022","522.20","533.10","522.20","531.95","2,257,640"
"06-Oct-2022","535.00","539.20","528.80","529.65","3,033,739"
"07-Oct-2022","529.95","533.50","525.90","526.85","2,762,228"
"10-Oct-2022","525.80","534.50","520.00","533.20","2,979,552"
"11-Oct-2022","534.00","535.00","521.30","522.55","2,358,152"
"12-Oct-2022","520.10","528.60","520.10","526.60","1,768,526"
"13-Oct-2022","525.00","526.00","518.00","520.65","1,463,375"
"14-Oct-2022","534.40","534.40","521.80","523.00","2,214,367"
"17-Oct-2022","522.00","525.90","518.60","523.75","1,486,039"
"18-Oct-2022","526.10","532.40","523.75","531.25","2,757,284"
"19-Oct-2022","533.20","535.40","529.30","531.55","2,135,162"
"20-Oct-2022","531.00","538.00","527.00","537.20","2,285,817"
"21-Oct-2022","539.90","548.30","536.70","541.95","4,221,644"
"24-Oct-2022","546.80","547.00","539.70","541.55","389,166"
"25-Oct-2022","544.35","544.80","531.50","533.45","2,362,781"
"27-Oct-2022","533.00","537.95","529.65","533.00","4,849,578"
"28-Oct-2022","532.70","536.50","528.30","530.10","1,207,153"
"31-Oct-2022","532.80","541.30","532.10","540.45","1,625,350"
"01-Nov-2022","543.05","550.90","539.90","544.55","2,726,938"
"02-Nov-2022","545.85","548.15","540.15","542.25","1,479,779"
"03-Nov-2022","540.40","548.30","538.15","545.40","1,782,757"
"04-Nov-2022","545.40","546.90","536.50","539.30","1,514,523"
"07-Nov-2022","540.00","543.50","534.70","536.00","2,976,001"
"09-Nov-2022","536.75","538.20","530.90","531.75","2,253,327"
"10-Nov-2022","531.75","534.50","527.00","528.25","1,377,280"
"11-Nov-2022","535.00","553.00","532.45","542.65","6,425,663"
"14-Nov-2022","545.00","545.20","536.35","538.85","2,050,388"
"15-Nov-2022","539.80","540.95","530.15","532.90","2,529,334"
"16-Nov-2022","527.10","532.15","525.60","528.10","2,993,826"
"17-Nov-2022","528.55","535.55","525.05","531.20","2,836,626"
"18-Nov-2022","533.00","534.75","528.05","531.55","1,947,066"
"21-Nov-2022","531.50","534.90","528.55","532.35","2,063,314"
"22-Nov-2022","533.80","540.60","532.30","539.95","2,913,409"
"23-Nov-2022","542.65","549.10","541.00","547.65","5,516,902"
"24-Nov-2022","551.90","573.55","550.10","572.55","10,593,189"
"25-Nov-2022","575.00","590.00","574.00","586.60","9,556,330"
"28-Nov-2022","584.70","593.00","582.15","586.00","5,799,007"
"29-Nov-2022","583.50","587.50","582.55","584.85","3,215,187"
"30-Nov-2022","586.20","593.00","585.05","590.60","3,502,958"
"01-Dec-2022","590.60","600.90","589.10","596.45","3,187,533"
"02-Dec-2022","594.95","594.95","586.95","589.85","2,788,220"
"05-Dec-2022","591.90","593.80","584.80","588.90","2,199,625"
"06-Dec-2022","588.00","595.40","585.10","586.80","2,751,347"
"07-Dec-2022","590.90","590.90","580.10","581.80","2,831,232"
"08-Dec-2022","580.00","580.80","573.50","577.50","3,171,602"
"09-Dec-2022","581.00","581.90","571.55","579.60","3,243,513"
"12-Dec-2022","575.20","578.00","571.55","576.50","1,747,003"
"13-Dec-2022","578.20","583.80","577.30","582.35","3,212,182"
"14-Dec-2022","583.00","585.55","579.10","580.35","2,800,824"
"15-Dec-2022","582.90","587.25","576.15","580.20","1,991,517"
"16-Dec-2022","579.20","585.70","573.60","575.20","2,787,126"
"19-Dec-2022","574.95","586.75","574.20","584.45","1,960,076"
"20-Dec-2022","583.00","585.00","578.55","579.80","2,166,279"
"21-Dec-2022","585.00","589.90","571.30","575.40","2,694,392"
"22-Dec-2022","576.40","582.80","574.00","577.85","3,424,491"
"23-Dec-2022","574.95","578.95","564.15","565.45","3,234,932"
"26-Dec-2022","562.50","570.75","562.50","569.30","1,962,030"
"27-Dec-2022","572.00","574.20","567.45","569.80","1,511,387"
"28-Dec-2022","569.70","571.75","566.35","568.20","1,452,719"
"29-Dec-2022","566.00","573.20","559.15","571.00","3,393,061"
"30-Dec-2022","572.05","573.00","565.20","566.25","1,690,896"
"02-Jan-2023","565.00","571.40","561.25","570.30","841,928"
"03-Jan-2023","570.00","600.00","569.50","595.60","10,096,217"
"04-Jan-2023","599.00","609.90","595.00","598.60","7,722,662"
"05-Jan-2023","600.00","612.40","598.00","609.45","5,704,967"
"06-Jan-2023","608.00","620.60","605.65","611.65","5,415,866"
"09-Jan-2023","615.05","618.05","601.75","608.45","3,969,535"
"10-Jan-2023","608.50","613.05","599.55","600.20","4,073,524"
"11-Jan-2023","600.00","605.55","594.35","599.85","3,576,811"
"12-Jan-2023","602.45","605.80","594.60","598.40","2,358,813"
"13-Jan-2023","599.45","607.60","596.35","604.50","3,272,285"
"16-Jan-2023","605.00","612.60","599.85","604.20","2,170,216"
"17-Jan-2023","607.00","610.60","601.20","609.45","1,807,515"
"18-Jan-2023","610.00","610.05","598.45","601.05","3,291,651"
"19-Jan-2023","601.15","611.00","600.75","605.25","3,615,736"
"20-Jan-2023","608.00","608.40","588.25","590.55","4,255,202"
"23-Jan-2023","595.00","596.45","585.20","589.20","3,884,783"
"24-Jan-2023","591.00","594.75","588.15","589.55","2,219,052"
"25-Jan-2023","590.00","591.75","580.10","585.05","1,443,501"
"27-Jan-2023","586.45","593.90","578.05","587.70","3,632,289"
"30-Jan-2023","586.80","592.35","583.30","587.95","2,843,943"
"31-Jan-2023","587.95","589.50","572.95","578.85","3,073,978"
"01-Feb-2023","582.90","584.65","502.35","515.70","22,671,272"
"02-Feb-2023","499.00","505.25","483.05","492.70","17,269,387"
"03-Feb-2023","496.00","499.00","481.00","488.90","10,593,983"
"06-Feb-2023","487.00","489.75","473.70","482.05","7,441,590"
"07-Feb-2023","483.90","491.50","482.00","482.95","7,117,626"
"08-Feb-2023","484.80","510.30","483.50","508.55","10,571,918"
"09-Feb-2023","508.55","522.70","502.20","518.65","9,516,815"
"10-Feb-2023","519.80","528.40","518.30","522.55","7,239,045"
"13-Feb-2023","522.55","526.00","512.15","514.50","3,063,664"
"14-Feb-2023","515.40","517.45","507.65","512.05","2,233,957"
"15-Feb-2023","510.75","520.00","509.65","519.10","2,497,424"
"16-Feb-2023","519.00","522.00","512.70","514.60","1,983,991"
"17-Feb-2023","514.55","514.55","501.50","504.25","4,312,084"
"20-Feb-2023","506.30","522.75","500.25","507.95","6,129,396"
"21-Feb-2023","510.90","514.80","500.05","501.05","2,669,387"
"22-Feb-2023","500.60","501.75","492.50","494.45","2,728,046"
"23-Feb-2023","494.45","494.95","486.15","486.85","4,158,416"
"24-Feb-2023","488.50","490.00","482.00","482.85","2,436,219"
"27-Feb-2023","482.85","490.90","478.00","488.70","2,587,409"
"28-Feb-2023","490.90","491.70","484.55","488.80","3,271,808"
"01-Mar-2023","488.90","490.85","484.40","489.75","1,591,916"
"02-Mar-2023","490.00","491.25","481.65","482.80","2,618,651"
"03-Mar-2023","485.30","492.55","481.60","489.95","2,983,486"
"06-Mar-2023","492.00","496.75","489.00","490.15","3,007,451"
"08-Mar-2023","490.00","496.35","488.00","495.20","5,589,817"
"09-Mar-2023","495.00","496.60","490.00","491.25","2,336,282"
"10-Mar-2023","487.55","491.15","484.20","490.25","2,383,642"
"13-Mar-2023","490.00","495.50","477.30","478.95","2,849,642"
"14-Mar-2023","480.45","485.35","468.75","470.55","8,530,038"
"15-Mar-2023","473.05","478.45","465.10","466.70","6,095,528"
"16-Mar-2023","466.70","469.00","457.80","461.40","6,790,599"
"17-Mar-2023","464.05","477.30","464.00","471.25","7,640,040"
"20-Mar-2023","470.00","471.40","458.10","465.25","3,937,830"
"21-Mar-2023","467.00","484.00","466.50","482.75","4,363,583"
"22-Mar-2023","483.00","498.50","483.00","497.45","5,604,187"
"23-Mar-2023","497.45","505.00","494.15","498.55","4,489,138"
"24-Mar-2023","494.50","501.90","481.60","492.25","6,424,544"
"27-Mar-2023","486.65","499.45","486.65","492.95","2,412,510"
"28-Mar-2023","495.45","498.50","486.85","489.70","2,494,157"
"29-Mar-2023","491.30","498.00","486.70","495.95","3,137,010"
"31-Mar-2023","497.00","501.20","495.00","499.20","3,459,342"
"03-Apr-2023","502.05","508.50","501.25","503.70","2,394,944"
"05-Apr-2023","503.70","511.95","503.70","507.75","4,270,479"
"06-Apr-2023","506.10","516.90","505.25","514.65","2,416,882"
"10-Apr-2023","514.65","520.30","511.65","513.70","2,375,216"
"11-Apr-2023","516.80","522.80","512.75","513.55","3,671,457"
"12-Apr-2023","514.00","518.45","509.55","517.05","1,950,603"
"13-Apr-2023","519.65","533.50","518.50","531.85","4,153,200"
"17-Apr-2023","542.50","542.50","529.30","533.40","3,417,617"
"18-Apr-2023","537.00","540.00","529.50","532.30","2,514,020"
"19-Apr-2023","532.50","532.95","523.35","524.80","1,622,301"
"20-Apr-2023","525.00","531.60","522.80","530.25","1,561,641"
"21-Apr-2023","536.00","541.25","511.40","513.30","4,452,849"
"24-Apr-2023","551.00","555.55","532.00","547.55","23,496,385"
"25-Apr-2023","546.15","546.85","528.00","529.75","6,700,461"
"26-Apr-2023","529.00","536.90","528.60","531.60","4,165,761"
"27-Apr-2023","530.10","530.10","516.05","517.85","7,978,904"
"28-Apr-2023","517.10","531.00","516.45","529.75","4,031,679"
"02-May-2023","530.00","545.85","529.55","544.50","4,239,067"
"03-May-2023","544.00","547.85","535.10","538.70","2,875,460"
"04-May-2023","539.80","549.75","536.55","546.50","2,312,821"
"05-May-2023","543.00","548.75","537.50","539.70","2,159,574"
"08-May-2023","542.00","551.00","540.00","549.55","1,970,280"
"09-May-2023","552.50","557.45","549.60","552.05","1,927,306"
"10-May-2023","553.40","563.50","551.15","562.65","3,191,516"
"11-May-2023","562.05","569.40","561.05","567.40","1,620,276"
"12-May-2023","567.40","569.00","558.65","560.65","1,433,810"
"15-May-2023","559.90","563.05","556.30","559.30","1,984,609"
"16-May-2023","562.20","563.50","554.00","559.50","3,027,008"
"17-May-2023","562.00","562.75","552.40","560.10","1,395,385"
"18-May-2023","564.00","568.80","559.30","561.55","1,745,334"
"19-May-2023","564.90","564.90","554.95","557.60","1,484,899"
"22-May-2023","557.00","569.20","554.50","567.00","1,975,841"
"23-May-2023","567.70","573.75","561.15","562.70","3,425,506"
"24-May-2023","562.60","571.95","558.90","566.00","1,529,396"
"25-May-2023","566.00","573.70","563.05","572.05","1,307,797"
"26-May-2023","572.00","578.85","569.35","577.20","1,467,444"
"29-May-2023","577.30","588.45","575.00","579.05","2,794,717"
"30-May-2023","576.00","589.00","571.00","585.15","2,653,926"
"31-May-2023","603.00","603.70","584.25","592.35","10,027,475"
"01-Jun-2023","593.45","594.45","581.00","582.20","1,659,264"
"02-Jun-2023","585.30","586.00","572.95","576.40","3,192,761"
"05-Jun-2023","578.05","580.95","573.00","574.15","2,230,529"
"06-Jun-2023","574.15","582.75","567.90","579.70","3,334,157"
"07-Jun-2023","583.00","595.50","582.70","594.45","3,440,284"
"08-Jun-2023","594.45","597.40","589.80","593.90","1,675,907"
"09-Jun-2023","587.95","593.70","576.75","581.70","3,023,579"
"12-Jun-2023","585.95","591.00","581.45","584.40","3,327,440"
"13-Jun-2023","582.25","587.00","581.00","584.80","3,288,950"
"14-Jun-2023","584.80","589.45","581.80","585.05","5,344,073"
"15-Jun-2023","585.05","585.05","574.00","578.15","2,074,065"
"16-Jun-2023","577.80","615.00","576.60","609.55","11,422,524"
"19-Jun-2023","609.95","629.00","602.10","626.55","7,087,287"
"20-Jun-2023","627.00","644.85","624.20","643.70","10,400,684"
"21-Jun-2023","645.00","659.95","640.05","642.50","7,689,046"
"22-Jun-2023","642.50","655.80","637.25","639.00","4,577,233"
"23-Jun-2023","642.45","643.00","623.80","626.90","4,159,293"
"26-Jun-2023","619.95","632.35","616.75","630.25","3,749,962"
"27-Jun-2023","641.00","674.00","637.10","667.20","30,050,877"
"28-Jun-2023","667.20","671.95","641.55","651.95","21,909,643"
"30-Jun-2023","652.00","657.50","638.50","651.20","8,681,796"
"03-Jul-2023","651.00","657.00","644.05","650.70","2,795,761"
"04-Jul-2023","654.40","657.25","644.60","647.00","3,340,982"
"05-Jul-2023","647.00","675.95","645.05","673.60","5,871,642"
"06-Jul-2023","674.55","677.70","659.50","661.15","4,788,193"
"07-Jul-2023","660.60","679.00","656.70","658.10","5,425,784"
"10-Jul-2023","660.00","674.75","659.05","668.25","3,676,990"
"11-Jul-2023","671.00","684.80","670.75","672.55","5,004,622"
"12-Jul-2023","675.90","677.50","669.75","671.70","2,912,240"
"13-Jul-2023","676.00","690.85","676.00","680.60","3,997,060"
"14-Jul-2023","683.85","684.80","660.55","670.05","6,273,380"
"17-Jul-2023","672.95","674.85","662.10","667.15","2,439,405"
"18-Jul-2023","667.00","667.00","653.35","656.55","5,855,926"
"19-Jul-2023","658.00","660.45","649.05","659.05","4,866,371"
"20-Jul-2023","660.00","662.85","651.55","661.05","2,754,328"
"21-Jul-2023","662.50","662.50","633.65","647.30","5,964,750"
"24-Jul-2023","653.60","660.20","646.05","653.15","7,781,836"
"25-Jul-2023","653.15","660.00","650.00","651.80","4,754,351"
"26-Jul-2023","652.00","660.00","648.00","658.60","1,841,832"
"27-Jul-2023","658.60","668.25","657.20","662.45","3,364,659"
"28-Jul-2023","663.00","664.45","654.50","659.30","1,664,766"
"31-Jul-2023","652.00","655.00","644.45","646.85","3,738,008"
"01-Aug-2023","641.15","646.80","638.00","642.75","3,370,855"
"02-Aug-2023","642.75","644.90","637.00","642.85","2,536,221"
"03-Aug-2023","637.10","640.95","629.10","632.70","2,670,399"
"04-Aug-2023","635.95","644.25","635.15","642.20","2,032,172"
"07-Aug-2023","645.00","649.75","639.25","648.80","1,676,683"
"08-Aug-2023","650.00","654.85","642.10","645.45","3,542,734"
"09-Aug-2023","646.00","652.00","643.15","645.80","2,176,168"
"10-Aug-2023","645.00","651.50","638.10","640.00","1,472,754"
"11-Aug-2023","640.00","641.90","632.00","633.60","1,288,176"
"14-Aug-2023","632.10","638.00","625.60","632.75","1,927,044"
"16-Aug-2023","627.10","629.80","619.65","625.15","1,800,138"
"17-Aug-2023","625.15","630.95","622.20","628.40","1,800,092"
"18-Aug-2023","623.00","627.45","616.75","625.95","2,392,364"
"21-Aug-2023","625.00","629.35","623.00","625.15","1,207,075"
"22-Aug-2023","625.00","654.05","624.20","635.85","8,186,967"
"23-Aug-2023","638.00","638.50","630.10","633.20","1,544,136"
"24-Aug-2023","635.00","637.50","628.50","630.50","1,518,585"
"25-Aug-2023","630.00","635.85","625.75","628.30","1,938,963"
"28-Aug-2023","629.00","632.25","624.65","627.35","2,531,965"
"29-Aug-2023","628.40","636.00","626.05","634.90","3,656,025"
"30-Aug-2023","636.50","639.95","634.15","637.05","1,858,995"
"31-Aug-2023","635.00","647.90","631.30","644.75","4,473,826"
"01-Sep-2023","644.75","648.00","638.55","641.35","1,271,599"
"04-Sep-2023","645.00","645.85","634.00","640.05","1,384,829"
"05-Sep-2023","644.00","648.10","636.00","640.95","3,759,460"
"06-Sep-2023","643.50","651.20","639.30","647.55","2,898,323"
"07-Sep-2023","648.00","657.75","643.05","656.75","2,349,089"
"08-Sep-2023","659.20","660.80","652.95","657.45","1,693,851"
"11-Sep-2023","658.00","677.55","656.40","668.65","4,083,029"
"12-Sep-2023","668.65","670.30","656.50","660.95","4,061,914"
"13-Sep-2023","656.00","658.95","642.70","650.20","4,423,644"
"14-Sep-2023","650.30","655.40","643.00","645.45","3,735,579"
"15-Sep-2023","641.20","646.85","640.30","644.90","6,827,895"
"18-Sep-2023","644.70","665.55","644.60","659.95","4,012,209"
"20-Sep-2023","659.35","659.35","645.75","648.20","1,596,867"
"21-Sep-2023","646.05","653.90","641.40","644.25","2,420,603"
"22-Sep-2023","643.40","656.00","642.25","649.45","1,925,717"
"25-Sep-2023","652.20","653.00","640.05","642.10","2,079,256"
"26-Sep-2023","640.05","648.85","638.15","644.25","1,968,753"
"27-Sep-2023","647.90","649.55","639.80","648.20","1,452,570"
"28-Sep-2023","645.20","650.65","633.35","634.70","2,418,577"
"29-Sep-2023","635.55","639.40","630.65","637.40","1,830,734"
"03-Oct-2023","634.45","637.50","628.55","633.55","3,454,441"
"04-Oct-2023","631.00","632.00","624.25","625.50","2,357,914"
"05-Oct-2023","626.00","627.75","619.90","624.35","4,050,085"
"06-Oct-2023","624.55","636.20","622.75","630.90","3,713,370"
"09-Oct-2023","625.00","629.55","613.35","615.15","3,308,557"
"10-Oct-2023","616.10","624.75","615.15","621.25","4,054,232"
"11-Oct-2023","626.95","627.00","619.00","621.50","3,102,088"
"12-Oct-2023","622.05","626.30","619.00","624.65","2,810,053"
"13-Oct-2023","623.25","633.00","614.50","625.25","5,462,771"
"16-Oct-2023","633.00","635.00","619.65","630.05","3,399,593"
"17-Oct-2023","632.50","645.90","630.55","641.80","4,443,295"
"18-Oct-2023","641.65","648.45","637.75","645.00","2,187,089"
"19-Oct-2023","639.00","644.25","629.15","639.00","3,371,397"
"20-Oct-2023","636.95","641.95","630.00","639.95","1,853,937"
"23-Oct-2023","638.00","644.70","621.80","625.25","2,502,483"
"25-Oct-2023","625.25","627.95","607.70","616.45","2,821,496"
"26-Oct-2023","611.85","614.95","602.70","605.85","2,011,512"
"27-Oct-2023","606.05","615.60","606.05","608.65","1,348,147"
"30-Oct-2023","609.80","618.00","600.75","607.60","1,882,245"
"31-Oct-2023","607.10","621.00","604.45","618.35","2,661,284"
"01-Nov-2023","621.80","623.95","616.90","620.05","1,947,740"
"02-Nov-2023","622.00","626.80","618.00","619.30","1,651,263"
"03-Nov-2023","622.00","625.00","619.60","622.10","1,450,553"
"06-Nov-2023","622.10","626.30","619.40","621.80","1,789,823"
"07-Nov-2023","623.40","624.00","614.70","622.45","2,747,838"
"08-Nov-2023","624.00","624.85","617.50","618.75","1,332,249"
"09-Nov-2023","618.75","625.00","613.20","621.35","2,235,630"
"10-Nov-2023","620.85","631.50","620.05","626.75","2,449,660"
"12-Nov-2023","629.00","629.90","624.55","626.90","190,819"
"13-Nov-2023","625.15","628.20","617.00","621.05","2,047,300"
"15-Nov-2023","632.95","639.40","627.00","636.15","2,033,627"
"16-Nov-2023","636.90","639.70","632.00","634.95","1,753,550"
"17-Nov-2023","632.85","660.00","632.00","651.80","4,306,473"
"20-Nov-2023","654.95","655.20","647.50","652.40","2,178,344"
"21-Nov-2023","655.00","672.05","654.25","667.90","5,077,816"
"22-Nov-2023","669.75","675.35","665.30","668.50","2,664,154"
"23-Nov-2023","668.05","677.00","659.50","665.00","2,184,014"
"24-Nov-2023","666.05","672.25","663.05","668.00","1,511,079"
"28-Nov-2023","668.05","676.70","668.05","673.30","1,900,825"
"29-Nov-2023","677.00","680.45","671.30","675.65","1,829,510"
"30-Nov-2023","676.90","693.00","674.55","690.75","4,637,116"
"01-Dec-2023","694.05","695.00","680.05","682.15","2,106,753"
"04-Dec-2023","689.80","689.80","672.25","674.95","4,817,286"
"05-Dec-2023","679.00","681.30","667.70","672.75","4,028,068"
"06-Dec-2023","677.00","681.80","675.05","677.35","1,627,777"
"07-Dec-2023","680.90","685.70","675.55","678.30","3,853,936"
"08-Dec-2023","680.45","684.00","667.00","671.25","2,713,075"
"11-Dec-2023","671.05","674.50","667.25","672.50","1,897,948"
"12-Dec-2023","676.90","710.60","675.35","707.35","10,749,420"
"13-Dec-2023","706.50","707.00","689.20","698.20","4,757,264"
"14-Dec-2023","702.00","704.00","679.10","684.55","6,251,731"
"15-Dec-2023","688.00","688.00","663.25","673.10","8,720,610"
"18-Dec-2023","673.80","674.80","666.80","672.25","2,050,286"
"19-Dec-2023","673.00","674.05","664.30","666.05","3,794,818"
"20-Dec-2023","671.90","674.00","640.30","644.10","3,772,684"
"21-Dec-2023","641.00","648.70","637.15","644.20","2,755,102"
"22-Dec-2023","646.00","649.00","637.10","639.85","2,854,029"
"26-Dec-2023","641.00","645.90","634.00","638.00","2,202,221"
"27-Dec-2023","643.00","646.00","638.40","643.80","2,353,373"
"28-Dec-2023","647.00","650.95","644.25","648.10","3,566,880"
"29-Dec-2023","648.10","649.85","643.00","646.70","1,653,662"
"01-Jan-2024","647.00","652.35","644.35","648.70","1,343,888"
"02-Jan-2024","649.50","654.30","642.60","645.50","3,005,450"
"03-Jan-2024","644.00","648.45","636.10","637.20","1,893,956"
"04-Jan-2024","638.00","649.00","638.00","647.95","4,412,550"
"05-Jan-2024","648.50","654.55","642.45","646.75","1,394,951"
"08-Jan-2024","647.00","654.15","641.70","645.85","2,064,691"
"09-Jan-2024","647.00","650.80","638.60","640.90","3,648,496"
"10-Jan-2024","642.00","650.35","641.45","644.95","3,288,472"
"11-Jan-2024","646.00","653.10","639.90","644.00","2,800,658"
"12-Jan-2024","646.85","648.60","621.30","637.60","7,076,942"
"15-Jan-2024","637.00","637.00","611.85","614.45","12,433,539"
"16-Jan-2024","615.75","616.85","609.05","611.25","8,761,562"
"17-Jan-2024","611.00","618.50","605.10","606.60","10,183,042"
"18-Jan-2024","608.00","612.30","600.60","607.80","3,658,639"
"19-Jan-2024","614.50","618.40","609.80","615.90","2,563,065"
"20-Jan-2024","618.00","619.50","607.35","608.00","1,194,291"
"23-Jan-2024","600.25","613.75","582.80","586.15","5,994,679"
"24-Jan-2024","590.00","591.00","576.70","581.65","6,144,401"
"25-Jan-2024","584.15","586.55","577.30","579.00","3,725,167"
"29-Jan-2024","575.05","584.00","575.05","578.55","4,399,011"
"30-Jan-2024","583.00","583.60","571.55","575.00","5,895,638"
"31-Jan-2024","573.50","578.00","571.30","576.60","4,068,280"
"01-Feb-2024","577.20","591.40","567.20","587.10","8,911,872"
"02-Feb-2024","589.95","589.95","576.50","578.80","3,006,965"
"05-Feb-2024","578.80","581.95","561.55","563.35","3,750,294"
"06-Feb-2024","564.00","595.05","562.25","592.75","15,915,028"
"07-Feb-2024","597.00","614.00","596.00","605.15","7,560,296"
"08-Feb-2024","605.15","616.05","590.10","591.70","7,782,663"
"09-Feb-2024","591.70","594.15","582.25","584.00","2,453,771"
"12-Feb-2024","584.00","586.50","572.40","577.20","2,799,522"
"13-Feb-2024","577.25","594.00","574.70","589.55","5,011,128"
"14-Feb-2024","582.40","586.95","578.40","585.35","1,572,158"
"15-Feb-2024","586.85","589.35","582.00","585.10","1,737,411"
"16-Feb-2024","588.50","594.00","583.70","592.45","2,973,324"
"19-Feb-2024","594.30","594.30","584.40","585.20","2,785,107"
"20-Feb-2024","580.20","589.50","576.25","587.95","3,523,966"
"21-Feb-2024","587.95","591.25","574.50","577.45","3,321,288"
"22-Feb-2024","578.00","579.40","567.05","574.65","4,195,869"
"23-Feb-2024","577.20","583.35","575.75","580.70","2,561,028"
"26-Feb-2024","568.75","580.95","567.25","576.35","4,199,991"
"27-Feb-2024","576.05","592.00","572.85","581.60","6,321,068"
"28-Feb-2024","582.00","590.90","578.15","580.60","3,434,747"
"29-Feb-2024","581.00","585.90","575.55","582.00","2,750,947"
"01-Mar-2024","584.90","596.80","583.00","589.95","3,460,443"
"02-Mar-2024","594.45","597.00","591.05","592.30","171,935"
"04-Mar-2024","595.00","620.50","587.60","610.30","7,272,987"
"05-Mar-2024","611.80","615.60","603.75","607.70","4,342,310"
"06-Mar-2024","611.25","618.10","604.70","613.95","4,896,598"
"07-Mar-2024","611.55","624.15","611.55","621.95","3,682,063"
"11-Mar-2024","625.00","629.00","618.90","620.85","3,777,242"
"12-Mar-2024","618.25","629.80","615.05","621.55","4,975,736"
"13-Mar-2024","623.25","626.70","604.05","610.05","2,840,155"
"14-Mar-2024","603.00","624.50","598.20","622.25","3,750,622"
"15-Mar-2024","620.00","634.80","611.30","632.35","4,896,049"
"18-Mar-2024","634.95","636.55","628.25","634.10","2,911,589"
"19-Mar-2024","634.00","636.50","623.35","632.50","3,861,068"
"20-Mar-2024","630.00","632.50","619.40","626.40","1,712,459"
"21-Mar-2024","629.00","639.00","620.00","622.25","7,197,320"
"22-Mar-2024","623.90","628.65","616.00","623.85","3,636,733"
"26-Mar-2024","638.85","642.80","625.50","626.90","13,822,598"
"27-Mar-2024","627.50","638.40","624.05","626.35","13,848,953"
"28-Mar-2024","626.35","638.75","626.35","633.35","6,878,964"
"01-Apr-2024","638.00","638.00","628.00","634.75","3,874,744"
"02-Apr-2024","631.10","641.65","631.10","631.90","5,179,918"
"03-Apr-2024","629.85","630.00","620.40","624.10","3,822,465"
"04-Apr-2024","625.00","626.50","618.10","622.40","3,858,229"
"05-Apr-2024","621.00","630.45","616.30","629.40","3,860,995"
"08-Apr-2024","630.00","635.90","626.55","634.60","3,403,360"
"09-Apr-2024","639.00","639.15","632.65","633.95","2,873,703"
"10-Apr-2024","636.00","637.10","620.00","621.50","6,753,666"
"12-Apr-2024","621.00","624.00","616.25","618.50","5,081,775"
"15-Apr-2024","610.05","616.50","604.10","612.95","2,594,888"
"16-Apr-2024","609.05","611.10","600.60","604.60","4,970,256"
"18-Apr-2024","618.00","624.00","604.15","605.65","11,984,298"
"19-Apr-2024","600.00","604.40","581.10","601.55","10,243,493"
"22-Apr-2024","601.85","608.85","598.10","605.95","3,076,888"
"23-Apr-2024","606.05","609.15","598.00","601.15","4,527,775"
"24-Apr-2024","600.05","601.10","593.00","594.20","4,095,087"
"25-Apr-2024","595.45","596.40","585.60","594.70","6,150,372"
"26-Apr-2024","597.00","603.40","587.00","587.85","3,094,364"
"29-Apr-2024","590.00","591.95","571.00","575.10","8,879,207"
"30-Apr-2024","576.55","588.50","576.05","583.65","9,926,485"
"02-May-2024","584.30","586.55","573.40","576.35","8,292,342"
"03-May-2024","581.80","581.80","565.25","565.90","8,574,215"
"06-May-2024","569.90","569.90","550.20","555.05","8,759,027"
"07-May-2024","559.50","561.95","549.60","552.35","7,783,593"
"08-May-2024","552.10","553.95","548.00","550.45","6,715,043"
"09-May-2024","551.05","551.90","538.00","539.55","13,570,152"
"10-May-2024","542.80","553.80","539.55","548.55","7,524,779"
"13-May-2024","553.80","568.45","547.15","559.65","7,867,089"
"14-May-2024","566.00","568.00","560.00","561.55","5,348,599"
"15-May-2024","561.55","562.00","555.00","555.95","2,415,161"
"16-May-2024","557.00","568.20","550.70","567.05","4,543,902"
"17-May-2024","567.05","572.00","561.45","570.20","3,992,575"
"18-May-2024","570.05","571.95","566.75","569.40","145,527"
"21-May-2024","569.40","570.00","563.05","565.60","5,583,840"
"22-May-2024","565.60","566.80","559.65","560.40","3,820,060"
"23-May-2024","564.00","569.20","558.05","565.65","7,106,820"
"24-May-2024","565.00","571.80","563.45","565.10","3,433,290"
"27-May-2024","565.20","569.30","562.10","564.25","2,624,929"
"28-May-2024","567.00","579.95","563.65","578.45","5,797,999"
"29-May-2024","578.45","578.45","560.90","561.85","6,259,646"
"30-May-2024","552.75","563.85","548.25","550.75","6,312,875"
"31-May-2024","551.90","556.30","546.55","549.85","9,707,990"
"03-Jun-2024","568.95","569.25","547.05","550.10","9,263,670"
"04-Jun-2024","555.00","555.00","511.40","534.45","9,783,762"
"05-Jun-2024","540.00","554.30","536.10","551.95","3,234,914"
"06-Jun-2024","555.00","558.75","550.40","555.25","3,970,217"
"07-Jun-2024","555.05","563.60","553.50","562.95","3,382,962"
"10-Jun-2024","563.25","574.55","561.30","569.20","3,863,289"
"11-Jun-2024","571.50","576.90","566.20","571.70","6,417,670"
"12-Jun-2024","571.70","577.75","569.60","572.70","4,304,369"
"13-Jun-2024","565.00","598.40","565.00","593.50","24,352,341"
"14-Jun-2024","599.15","601.80","594.05","598.35","7,308,942"
"18-Jun-2024","596.85","605.00","591.80","601.20","5,120,280"
"19-Jun-2024","602.10","605.15","592.35","596.20","4,453,729"
"20-Jun-2024","596.20","597.50","582.70","590.10","6,133,067"
"21-Jun-2024","588.00","592.60","580.00","580.95","7,263,396"
"24-Jun-2024","580.00","582.45","575.65","579.50","3,226,301"
"25-Jun-2024","579.00","592.25","576.95","590.95","6,593,288"
"26-Jun-2024","591.65","599.00","587.20","589.05","3,672,989"
"27-Jun-2024","589.05","595.00","586.60","593.25","4,772,196"
"28-Jun-2024","594.00","599.80","590.00","595.05","3,646,272"
"01-Jul-2024","590.15","603.05","589.60","600.75","3,342,913"
"02-Jul-2024","603.70","603.75","586.50","589.80","6,477,279"
"03-Jul-2024","592.40","598.85","590.50","596.15","2,134,587"
"04-Jul-2024","596.00","607.30","594.30","603.95","5,028,421"
"05-Jul-2024","606.20","608.80","600.65","607.35","3,493,050"
"08-Jul-2024","609.00","622.05","608.60","620.90","6,800,857"
"09-Jul-2024","622.00","629.35","620.90","623.65","5,000,797"
"10-Jul-2024","624.00","640.75","615.60","632.75","6,186,968"
"11-Jul-2024","635.95","636.60","629.30","634.25","3,573,349"
"12-Jul-2024","634.00","636.40","627.10","635.55","2,643,647"
"15-Jul-2024","635.55","648.00","630.50","638.05","6,951,688"
"16-Jul-2024","642.00","655.00","633.35","646.75","9,167,071"
"18-Jul-2024","646.75","651.40","641.10","648.90","3,975,243"
"19-Jul-2024","644.65","646.00","634.15","635.90","2,496,778"
"22-Jul-2024","631.90","641.00","628.95","637.40","3,854,108"
"23-Jul-2024","642.00","649.70","623.25","643.95","9,082,995"
"24-Jul-2024","639.60","675.00","639.30","672.80","12,377,638"
"25-Jul-2024","666.00","685.60","665.55","683.15","9,386,864"
"26-Jul-2024","683.15","709.80","682.05","703.35","8,933,046"
"29-Jul-2024","703.55","710.00","693.75","696.85","4,676,765"
"30-Jul-2024","696.10","708.35","683.90","697.20","6,134,510"
"31-Jul-2024","697.20","719.00","693.10","715.50","6,683,204"
"01-Aug-2024","715.00","722.50","710.05","713.60","4,074,648"
"02-Aug-2024","707.50","712.75","699.05","707.40","2,710,858"
"05-Aug-2024","693.00","713.90","690.05","710.90","9,327,217"
"06-Aug-2024","711.65","719.00","677.30","679.60","6,106,310"
"07-Aug-2024","682.10","697.70","682.10","696.25","5,154,327"
"08-Aug-2024","691.10","713.20","689.70","710.35","5,953,315"
"09-Aug-2024","714.20","715.00","701.45","702.40","2,848,313"
"12-Aug-2024","698.60","713.65","692.20","702.45","3,723,417"
"13-Aug-2024","698.10","707.30","677.50","685.00","5,741,391"
"14-Aug-2024","686.00","690.60","676.40","686.35","2,962,358"
"16-Aug-2024","664.65","690.60","664.65","689.40","4,584,181"
"19-Aug-2024","689.40","689.40","678.50","685.70","2,352,893"
"20-Aug-2024","687.00","713.00","684.05","710.60","6,828,474"
"21-Aug-2024","714.35","727.60","708.65","724.55","6,186,935"
"22-Aug-2024","726.00","729.90","720.05","726.00","3,889,249"
"23-Aug-2024","725.00","730.50","723.45","729.00","3,898,989"
"26-Aug-2024","734.00","734.00","719.25","725.65","2,131,814"
"27-Aug-2024","724.00","742.45","719.30","739.55","5,627,130"
"28-Aug-2024","739.95","746.55","734.05","742.10","2,995,930"
"29-Aug-2024","740.00","748.50","731.85","736.90","3,962,913"
"30-Aug-2024","736.90","742.70","733.50","738.70","6,227,807"
"02-Sep-2024","743.15","754.00","739.85","745.30","3,073,926"
"03-Sep-2024","754.00","761.20","741.65","758.75","6,268,050"
"04-Sep-2024","751.70","759.45","748.40","758.80","3,031,650"
"05-Sep-2024","758.00","758.65","750.40","751.85","1,759,438"
"06-Sep-2024","750.00","754.10","736.05","738.40","2,765,612"
"09-Sep-2024","735.10","749.00","731.25","735.80","2,635,184"
"10-Sep-2024","730.00","732.15","701.20","702.90","7,366,304"
"11-Sep-2024","701.00","704.30","696.00","700.15","4,604,184"
"12-Sep-2024","703.15","715.95","698.30","714.55","3,487,862"
"13-Sep-2024","712.00","713.75","703.15","705.40","1,886,832"
"16-Sep-2024","708.85","709.20","698.00","701.35","2,754,818"
"17-Sep-2024","701.35","702.90","691.55","698.90","2,985,585"
"18-Sep-2024","698.90","705.20","693.40","698.80","1,527,865"
"19-Sep-2024","700.35","708.10","697.75","701.50","2,202,499"
"20-Sep-2024","702.00","721.00","702.00","711.10","7,891,171"
"23-Sep-2024","718.85","730.00","714.05","727.50","2,943,802"
"24-Sep-2024","727.50","728.95","715.15","720.70","3,212,859"
"25-Sep-2024","722.00","723.10","710.10","716.55","1,096,265"
"26-Sep-2024","716.55","732.00","714.30","729.55","2,797,065"
"27-Sep-2024","729.45","740.65","726.35","730.20","4,567,661"
"30-Sep-2024","735.00","736.35","716.00","718.00","2,488,795"
"01-Oct-2024","716.00","723.35","706.60","710.20","1,987,048"
"03-Oct-2024","696.55","711.95","696.50","702.25","2,542,774"
"04-Oct-2024","702.25","713.50","701.55","708.80","2,616,851"
"07-Oct-2024","711.65","719.30","702.90","705.85","3,474,485"
"08-Oct-2024","700.50","712.55","699.80","710.10","3,767,320"
"09-Oct-2024","709.85","725.45","703.75","717.30","1,743,202"
"10-Oct-2024","721.00","726.20","713.30","723.65","2,249,443"
"11-Oct-2024","721.50","725.50","717.00","723.85","1,984,588"
"14-Oct-2024","728.00","741.60","726.30","740.60","3,985,624"
"15-Oct-2024","742.80","746.45","711.30","714.25","6,665,822"
"16-Oct-2024","723.45","732.45","714.85","726.80","5,375,005"
"17-Oct-2024","730.00","731.50","715.95","726.10","4,310,887"
"18-Oct-2024","726.00","744.00","720.10","742.45","3,703,858"
"21-Oct-2024","748.85","755.45","742.45","745.85","4,508,689"
"22-Oct-2024","745.80","749.75","724.35","728.20","3,346,783"
"23-Oct-2024","725.00","732.00","718.20","723.75","1,668,266"
"24-Oct-2024","725.00","735.00","711.05","714.85","1,806,714"
"25-Oct-2024","718.00","719.70","700.00","709.45","2,852,838"
"28-Oct-2024","710.25","721.80","705.70","718.25","1,448,334"
"29-Oct-2024","718.00","745.10","708.15","742.40","4,585,180"
"30-Oct-2024","744.25","745.00","724.55","727.05","1,645,358"
"31-Oct-2024","723.10","726.75","713.15","720.15","2,028,752"
"01-Nov-2024","721.95","726.00","720.15","723.70","198,743"
"04-Nov-2024","720.20","727.60","706.10","710.85","2,047,984"
"05-Nov-2024","710.80","726.60","685.40","717.25","5,036,300"
"06-Nov-2024","717.00","718.00","704.35","708.70","2,878,220"
"07-Nov-2024","708.70","713.70","703.30","711.70","1,935,062"
"08-Nov-2024","709.50","719.85","707.00","708.50","1,272,302"
"11-Nov-2024","704.10","711.60","695.80","705.35","1,888,427"
"12-Nov-2024","707.55","719.85","696.10","700.00","2,502,158"
"13-Nov-2024","695.00","698.85","683.15","685.05","2,080,391"
"14-Nov-2024","681.50","696.70","681.50","694.00","1,715,862"
"18-Nov-2024","687.00","693.95","682.50","690.50","1,666,040"
"19-Nov-2024","688.05","693.00","668.30","680.40","6,438,490"
"21-Nov-2024","680.40","680.95","668.85","674.40","2,194,259"
"22-Nov-2024","680.00","691.30","674.15","688.20","1,788,502"
"25-Nov-2024","690.00","695.80","681.40","684.80","4,622,983"
"26-Nov-2024","684.00","693.40","675.00","682.40","1,767,673"
"27-Nov-2024","681.85","689.30","679.30","680.55","2,422,336"
"28-Nov-2024","682.00","690.15","638.65","657.70","13,625,371"
"29-Nov-2024","670.00","674.10","651.30","657.75","5,934,406"
"02-Dec-2024","650.00","664.00","639.10","640.20","4,977,558"
"03-Dec-2024","646.80","646.80","632.30","634.00","8,256,858"
"04-Dec-2024","635.00","651.00","635.00","650.25","7,392,523"
"05-Dec-2024","650.20","653.50","639.35","643.15","6,163,444"
"06-Dec-2024","645.00","647.45","635.20","636.50","6,455,327"
"09-Dec-2024","637.90","646.35","634.70","641.80","4,027,169"
"10-Dec-2024","641.80","644.45","630.35","633.30","6,158,405"
"11-Dec-2024","634.80","640.60","632.80","634.65","2,396,993"
"12-Dec-2024","636.00","636.80","619.90","626.55","3,807,072"
"13-Dec-2024","625.00","633.90","621.15","632.55","2,573,194"
"16-Dec-2024","632.55","636.40","628.55","634.95","2,175,242"
"17-Dec-2024","634.95","636.35","625.60","626.75","3,179,067"
"18-Dec-2024","623.15","629.80","620.30","624.55","4,331,195"
"19-Dec-2024","618.05","625.00","615.30","623.55","3,779,968"
"20-Dec-2024","619.70","626.50","618.20","623.80","3,996,244"
"23-Dec-2024","625.05","626.45","613.60","622.55","2,924,609"
"24-Dec-2024","622.55","628.05","619.00","622.50","1,445,089"
"26-Dec-2024","619.90","629.45","619.20","626.40","3,523,864"
"27-Dec-2024","626.40","629.40","620.60","621.90","726,298"
"30-Dec-2024","620.35","623.90","614.35","617.40","1,564,417"
"31-Dec-2024","617.20","619.15","611.05","617.05","2,645,522"
"01-Jan-2025","615.10","619.50","612.65","617.20","1,386,549"
"02-Jan-2025","617.00","621.10","614.00","620.15","2,449,967"
"03-Jan-2025","619.00","624.05","615.65","623.00","2,956,679"
"06-Jan-2025","627.00","627.00","603.35","605.95","5,743,310"
"07-Jan-2025","606.00","620.70","605.50","619.85","2,813,892"
"08-Jan-2025","620.05","623.25","615.10","618.00","1,861,556"
"09-Jan-2025","616.10","621.10","609.90","612.20","2,141,675"
"10-Jan-2025","610.05","614.90","603.00","608.65","1,966,939"
"13-Jan-2025","607.00","608.45","597.30","599.75","2,105,862"
"14-Jan-2025","605.00","608.05","594.85","600.45","3,122,102"
"15-Jan-2025","604.50","604.50","584.30","594.20","5,633,587"
"16-Jan-2025","630.10","663.60","628.95","641.40","24,198,675"
"17-Jan-2025","640.00","649.95","633.40","642.20","3,671,715"
"20-Jan-2025","642.00","644.05","630.55","634.05","1,956,252"
"21-Jan-2025","636.00","637.05","622.90","624.00","1,820,019"
"22-Jan-2025","629.00","629.00","612.90","618.20","2,296,057"
"23-Jan-2025","618.00","625.20","612.60","621.00","1,673,008"
"24-Jan-2025","620.55","625.00","613.30","621.10","1,793,560"
"27-Jan-2025","618.00","619.75","606.40","610.20","1,730,503"
"28-Jan-2025","610.95","614.00","600.10","611.55","2,662,789"
"29-Jan-2025","612.00","629.70","605.15","628.35","2,005,819"
"30-Jan-2025","624.70","636.10","624.00","634.15","2,899,445"
"31-Jan-2025","638.00","641.00","630.15","638.05","1,012,392"
"01-Feb-2025","639.05","667.55","595.25","625.50","10,039,413"
"03-Feb-2025","615.50","630.35","610.00","621.40","3,293,387"
"04-Feb-2025","627.95","628.00","615.40","625.90","3,244,955"
"05-Feb-2025","626.00","639.00","624.70","627.85","4,467,504"
"06-Feb-2025","626.45","638.40","623.15","631.95","4,837,012"
"07-Feb-2025","631.95","637.50","624.55","635.70","2,538,330"
"10-Feb-2025","636.00","640.80","626.75","635.70","3,394,573"
"11-Feb-2025","632.25","634.85","612.95","618.60","2,327,875"
"12-Feb-2025","618.10","636.90","608.15","629.15","3,378,279"
"13-Feb-2025","629.15","640.00","627.65","629.60","2,808,139"
"14-Feb-2025","630.00","633.90","622.50","626.20","1,693,078"
"17-Feb-2025","626.20","627.00","613.95","623.25","1,860,572"
"18-Feb-2025","624.00","626.00","611.35","618.95","1,887,686"
"19-Feb-2025","617.00","624.00","613.80","622.85","2,007,325"
"20-Feb-2025","623.00","630.00","616.30","620.00","2,881,981"
"21-Feb-2025","617.80","623.90","613.45","622.85","1,627,631"
"24-Feb-2025","616.00","621.50","614.50","617.00","983,443"
"25-Feb-2025","617.05","623.30","613.10","622.15","1,606,709"
"27-Feb-2025","625.00","627.85","615.00","618.40","1,831,493"
"28-Feb-2025","614.00","616.95","600.35","608.50","5,013,148"
"03-Mar-2025","608.50","620.15","607.00","618.00","3,624,490"
"04-Mar-2025","613.10","620.80","609.30","616.50","3,262,295"
"05-Mar-2025","613.00","625.00","612.00","621.20","2,661,830"
"06-Mar-2025","621.20","628.00","612.60","618.25","2,491,123"
"07-Mar-2025","618.30","633.00","618.15","625.20","3,169,440"
"10-Mar-2025","625.05","633.00","623.00","625.90","2,316,148"
"11-Mar-2025","623.00","637.55","614.65","636.95","2,677,293"
"12-Mar-2025","636.95","639.75","627.10","632.00","2,704,337"
"13-Mar-2025","631.00","632.30","619.45","622.40","2,211,232"
"17-Mar-2025","622.40","631.35","622.40","629.80","1,075,113"
"18-Mar-2025","631.15","641.65","629.15","640.55","2,094,678"
"19-Mar-2025","642.00","665.90","640.65","664.55","2,470,532"
"20-Mar-2025","665.00","678.35","659.10","674.35","4,425,855"
"21-Mar-2025","677.80","681.10","669.05","679.60","3,725,271"
"24-Mar-2025","679.60","687.45","675.60","679.90","1,401,023"
"25-Mar-2025","683.00","686.00","671.35","673.10","2,019,661"
"26-Mar-2025","673.10","680.40","664.85","668.40","2,231,203"
"27-Mar-2025","668.40","684.60","667.05","681.90","5,951,034"
"28-Mar-2025","683.90","688.25","677.95","685.70","3,116,601"
"01-Apr-2025","683.00","698.05","680.00","692.90","4,620,146"
"02-Apr-2025","693.30","701.75","690.20","696.15","3,047,499"
"03-Apr-2025","688.50","697.80","675.00","692.90","1,353,987"
"04-Apr-2025","687.00","695.00","684.15","689.05","3,867,188"
"07-Apr-2025","663.75","680.00","651.70","665.95","3,861,746"
"08-Apr-2025","674.50","689.75","668.30","685.75","3,279,965"
"09-Apr-2025","685.50","691.60","679.15","684.80","3,054,715"
"11-Apr-2025","683.40","690.40","682.15","685.55","3,264,303"
"15-Apr-2025","691.15","707.50","690.30","704.70","2,306,442"
"16-Apr-2025","700.20","721.35","700.20","716.05","3,452,538"
"17-Apr-2025","716.05","723.75","709.55","720.05","3,105,731"
"21-Apr-2025","725.00","725.00","703.60","712.20","6,168,127"
"22-Apr-2025","718.00","721.85","708.55","712.55","2,669,384"
"23-Apr-2025","715.40","715.90","705.10","709.10","2,091,384"
"24-Apr-2025","713.00","716.00","705.00","708.40","3,814,638"
"25-Apr-2025","711.45","733.50","692.65","704.55","3,714,671"
"28-Apr-2025","702.70","714.50","698.10","710.85","1,944,250"
"29-Apr-2025","715.90","719.00","707.00","715.05","2,545,118"
"30-Apr-2025","712.10","749.80","712.10","743.70","8,732,964"
"02-May-2025","743.70","749.35","726.45","727.75","3,286,801"
"05-May-2025","730.10","741.35","727.30","738.90","2,761,798"
"06-May-2025","738.90","742.65","718.80","722.60","1,498,360"
"07-May-2025","719.00","728.85","718.00","723.90","1,657,343"
"08-May-2025","718.50","726.20","715.50","722.95","3,057,761"
"09-May-2025","709.00","717.00","708.40","713.60","3,210,705"
"12-May-2025","720.00","737.00","720.00","734.60","1,488,045"
"13-May-2025","735.40","742.40","732.15","735.05","1,445,358"
"14-May-2025","740.00","750.00","734.15","741.70","2,058,831"
"15-May-2025","743.05","753.60","734.00","751.20","3,338,741"
"16-May-2025","750.00","754.00","747.05","750.55","1,426,234"
"19-May-2025","747.00","756.00","746.35","750.95","1,187,450"
"20-May-2025","748.55","757.65","745.75","747.05","2,191,829"
"21-May-2025","748.00","761.00","746.00","759.70","1,928,533"
"22-May-2025","759.70","762.05","752.20","755.85","2,391,952"
"23-May-2025","755.80","781.35","752.05","780.40","4,511,523"
"26-May-2025","784.30","786.15","777.70","780.00","2,343,463"
"27-May-2025","780.00","781.20","769.70","775.80","3,472,288"
"28-May-2025","779.80","790.75","776.05","789.45","4,163,057"
"29-May-2025","788.00","791.10","778.65","780.90","2,916,417"
"30-May-2025","780.90","786.75","775.35","776.85","3,184,086"
"02-Jun-2025","771.75","782.50","762.50","766.70","3,456,222"
"03-Jun-2025","748.40","768.50","747.00","757.90","3,357,675"
"04-Jun-2025","754.00","766.40","754.00","758.80","2,322,495"
"05-Jun-2025","759.00","768.15","755.50","761.60","1,638,871"
"06-Jun-2025","764.40","764.40","750.55","755.10","1,215,092"
"09-Jun-2025","755.10","765.85","745.05","760.40","3,151,657"
"10-Jun-2025","764.15","765.60","750.20","762.45","2,167,862"
"11-Jun-2025","762.20","772.25","760.25","764.20","1,530,367"
"12-Jun-2025","765.10","769.00","752.65","754.50","1,600,355"
"13-Jun-2025","743.90","753.95","740.25","752.85","1,490,695"
"16-Jun-2025","750.85","773.30","750.10","770.55","2,304,692"
"17-Jun-2025","773.90","777.85","766.40","773.95","1,899,985"
"18-Jun-2025","774.00","774.45","765.00","766.20","1,059,077"
"19-Jun-2025","766.00","767.95","753.70","761.85","3,059,158"
"20-Jun-2025","760.80","781.20","758.00","778.95","5,256,299"
"23-Jun-2025","769.95","784.00","769.00","774.15","1,848,140"
"24-Jun-2025","779.50","787.05","777.30","779.70","1,965,197"
"25-Jun-2025","780.05","787.65","778.55","785.10","2,733,266"
"26-Jun-2025","789.00","802.15","785.60","799.45","4,290,163"
"27-Jun-2025","801.00","811.20","794.00","806.95","17,236,651"
"30-Jun-2025","809.00","820.75","801.55","814.30","2,971,593"
"01-Jul-2025","814.30","818.90","806.05","809.90","2,596,888"
"02-Jul-2025","808.50","812.60","788.00","789.70","3,248,677"
"03-Jul-2025","788.95","789.05","777.20","785.85","3,442,861"
"04-Jul-2025","783.90","788.80","780.20","785.10","1,536,851"
"07-Jul-2025","781.05","792.75","781.05","789.45","2,169,992"
"08-Jul-2025","785.00","796.50","783.10","794.15","5,033,587"
"09-Jul-2025","792.00","797.95","784.00","786.30","2,165,913"
"10-Jul-2025","783.00","788.00","763.40","771.25","2,602,721"
"11-Jul-2025","765.00","777.40","756.85","759.00","3,508,424"
"14-Jul-2025","755.20","767.45","753.00","764.75","1,794,592"
"15-Jul-2025","769.00","770.30","752.15","756.85","2,842,400"
"16-Jul-2025","765.00","776.90","754.80","755.95","6,273,181"
"17-Jul-2025","759.65","760.70","746.30","751.80","4,378,210"
"18-Jul-2025","755.00","757.00","736.40","739.50","3,450,063"
"21-Jul-2025","738.00","753.50","732.85","752.30","2,073,697"
"22-Jul-2025","752.00","768.55","751.55","763.30","4,334,529"
"23-Jul-2025","765.00","768.30","758.10","762.50","1,312,711"
"24-Jul-2025","762.00","766.35","756.00","757.30","1,258,684"
"25-Jul-2025","752.85","766.50","751.10","762.35","1,708,286"
"28-Jul-2025","762.00","769.80","756.55","761.20","1,509,806"
"29-Jul-2025","762.00","765.00","755.10","756.35","1,129,341"
"30-Jul-2025","752.30","762.00","750.00","757.45","2,011,152"
"31-Jul-2025","746.00","761.25","746.00","755.50","1,783,473"
"01-Aug-2025","752.55","756.35","740.10","741.70","1,697,685"
"04-Aug-2025","741.50","747.55","732.15","739.80","2,555,375"
"05-Aug-2025","735.80","742.25","731.65","738.50","1,988,095"
"06-Aug-2025","734.10","755.00","734.10","752.55","1,797,969"
"07-Aug-2025","747.05","757.65","747.05","755.70","1,423,219"
"08-Aug-2025","756.00","764.50","756.00","761.55","2,210,684"
"11-Aug-2025","763.50","765.85","753.70","764.75","1,719,052"
"12-Aug-2025","764.75","772.95","758.35","766.20","1,996,036"
"13-Aug-2025","765.85","783.70","763.60","776.60","1,720,968"
"14-Aug-2025","778.75","790.75","777.95","788.75","2,861,621"
"18-Aug-2025","809.00","815.00","789.10","791.00","3,954,373"
"19-Aug-2025","791.80","796.10","785.20","793.75","1,531,303"
"20-Aug-2025","793.05","801.85","792.60","796.55","1,097,339"
"21-Aug-2025","792.50","807.00","791.40","795.45","2,142,925"
"22-Aug-2025","793.80","795.00","786.60","788.75","1,331,814"
"25-Aug-2025","788.75","791.95","785.35","787.00","2,326,398"
"26-Aug-2025","786.05","792.00","770.50","776.60","5,054,056"
"28-Aug-2025","775.50","788.90","771.00","775.35","2,892,634"
"29-Aug-2025","776.00","778.45","766.65","772.05","1,865,283"
"01-Sep-2025","772.05","785.00","771.50","781.80","2,218,344"
"02-Sep-2025","780.00","795.75","777.25","782.75","2,957,512"
"03-Sep-2025","783.00","787.50","770.70","776.45","1,879,623"
"04-Sep-2025","803.00","803.00","750.05","754.25","10,041,489"
"05-Sep-2025","764.00","773.00","753.40","759.55","3,234,619"
"08-Sep-2025","762.30","763.20","748.50","753.75","3,455,695"
"09-Sep-2025","755.00","762.90","752.35","761.10","2,393,107"
"10-Sep-2025","763.00","778.65","760.00","777.60","2,301,647"
"11-Sep-2025","777.95","779.30","771.20","774.25","1,238,513"
"12-Sep-2025","775.70","781.45","770.15","779.65","2,259,316"
"15-Sep-2025","775.00","780.00","771.60","777.20","1,362,719"
"16-Sep-2025","776.85","781.60","770.10","774.35","1,758,601"
"17-Sep-2025","775.05","776.95","762.80","768.05","2,329,049"
"18-Sep-2025","766.20","789.65","766.20","784.60","4,824,420"
"19-Sep-2025","786.80","793.65","780.50","782.20","3,634,175"
"22-Sep-2025","786.80","796.90","783.50","787.80","1,976,223"
"23-Sep-2025","787.45","791.50","774.00","775.05","2,220,802"
"24-Sep-2025","771.25","775.60","768.05","770.25","1,102,305"
"25-Sep-2025","768.00","769.95","758.75","765.05","2,080,916"
"26-Sep-2025","766.60","775.45","762.20","764.40","2,956,314"
"29-Sep-2025","762.00","768.95","754.40","756.60","3,463,773"
"30-Sep-2025","757.00","761.65","750.60","756.45","3,435,577"
"01-Oct-2025","753.20","766.75","748.95","764.00","1,540,724"
"03-Oct-2025","756.65","767.15","754.95","759.20","5,421,803"
"06-Oct-2025","755.20","764.70","752.65","763.05","1,323,764"
"07-Oct-2025","767.00","770.00","753.10","755.60","3,289,846"
"08-Oct-2025","755.60","757.05","742.70","747.30","2,259,319"
"09-Oct-2025","746.10","757.45","742.00","754.35","4,476,278"
"10-Oct-2025","754.90","759.70","743.60","747.30","2,771,300"
"13-Oct-2025","742.20","750.00","742.15","746.55","1,676,403"
"14-Oct-2025","746.95","748.15","739.65","743.55","3,412,592"
"15-Oct-2025","744.70","763.70","743.55","761.15","2,764,842"
"16-Oct-2025","759.95","759.95","726.00","742.85","10,209,104"
"17-Oct-2025","740.75","749.50","736.05","745.95","4,205,888"
"20-Oct-2025","751.90","753.90","737.55","742.25","2,361,964"
"21-Oct-2025","740.60","746.40","740.60","743.70","119,115"
"23-Oct-2025","745.00","752.55","742.70","743.65","3,312,072"
"24-Oct-2025","743.60","745.50","733.80","734.95","2,349,228"
"27-Oct-2025","734.95","743.55","732.30","737.25","3,739,804"
"28-Oct-2025","736.00","748.90","735.55","747.00","3,859,058"
"29-Oct-2025","750.20","763.40","749.00","761.30","2,270,288"
"30-Oct-2025","758.00","761.20","744.05","746.60","1,517,376"
"31-Oct-2025","745.00","748.60","730.05","731.85","2,584,942"
"03-Nov-2025","730.00","737.95","728.45","736.00","2,222,765"
"04-Nov-2025","736.00","748.65","734.20","742.45","2,311,438"
"06-Nov-2025","738.85","746.80","734.60","736.05","1,640,119"
"07-Nov-2025","731.05","750.50","731.05","749.25","1,709,430"
"10-Nov-2025","750.00","759.80","749.20","750.70","2,046,515"
"11-Nov-2025","754.40","765.00","747.35","763.90","2,303,525"
"12-Nov-2025","765.00","786.00","764.45","783.10","3,996,339"
"13-Nov-2025","782.90","786.50","778.30","782.20","2,068,084"
"14-Nov-2025","779.00","780.30","769.50","773.70","1,373,199"
"17-Nov-2025","770.70","778.00","765.10","770.25","2,639,170"
"18-Nov-2025","766.45","769.10","760.55","761.80","1,363,326"
"19-Nov-2025","760.60","762.00","755.65","761.10","950,947"
"20-Nov-2025","760.70","765.15","750.10","762.20","2,612,081"
"21-Nov-2025","760.00","766.20","758.60","764.00","2,712,721"
"24-Nov-2025","765.50","766.00","759.65","761.65","5,837,946"
"25-Nov-2025","763.85","770.45","757.65","766.55","1,858,955"
"26-Nov-2025","763.60","788.50","762.75","787.55","3,006,211"
"27-Nov-2025","787.55","787.80","775.85","777.80","1,165,637"
"28-Nov-2025","780.40","780.40","761.45","764.30","2,441,514"
"01-Dec-2025","765.00","768.25","758.10","766.75","908,996"
"02-Dec-2025","762.00","766.40","753.95","759.00","2,054,726"
"03-Dec-2025","755.30","758.90","746.00","751.95","2,877,041"
"04-Dec-2025","755.00","766.00","745.20","760.80","2,649,259"
"05-Dec-2025","757.20","772.00","755.20","768.30","1,693,258"
"08-Dec-2025","768.00","779.90","762.00","764.05","3,775,906"
"09-Dec-2025","763.90","765.30","753.50","762.90","1,965,538"
"10-Dec-2025","759.00","775.90","759.00","771.05","1,667,376"
"11-Dec-2025","771.05","777.15","763.05","775.20","2,133,427"
"12-Dec-2025","779.10","779.85","770.05","777.50","1,290,971"
"15-Dec-2025","772.50","775.50","766.50","772.70","1,510,988"
"16-Dec-2025","772.90","782.20","762.15","764.35","2,125,078"
"17-Dec-2025","764.35","764.35","749.00","753.50","1,809,434"
"18-Dec-2025","755.05","758.30","749.10","757.00","731,537"
"19-Dec-2025","753.10","773.85","753.10","766.45","3,098,157"
"22-Dec-2025","766.00","769.05","759.95","761.80","767,829"
"23-Dec-2025","759.95","765.00","757.80","763.95","1,246,811"
"24-Dec-2025","763.90","767.95","754.65","755.35","1,132,272"
"26-Dec-2025","753.00","755.00","745.65","748.45","1,655,497"
"29-Dec-2025","748.00","751.45","742.20","746.45","2,912,215"
"30-Dec-2025","746.45","751.00","735.75","743.00","13,786,783"
"31-Dec-2025","747.85","752.00","744.20","749.85","2,503,615"
"26-Feb-2026","735.45","744.90","731.65","733.25","1,205,417"
