"Date","Open","High","Low","Close","Volume"
"01-Jan-2019","595.25","601.80","592.20","598.85","40,902"
"02-Jan-2019","593.40","604.00","593.40","601.70","115,282"
"03-Jan-2019","598.40","603.00","590.00","600.05","415,471"
"04-Jan-2019","603.00","615.00","600.00","602.85","119,061"
"07-Jan-2019","602.85","608.85","597.70","602.45","316,222"
"08-Jan-2019","600.00","626.90","600.00","612.50","214,725"
"09-Jan-2019","615.00","649.75","615.00","642.95","304,725"
"10-Jan-2019","642.10","648.40","631.00","634.75","165,683"
"11-Jan-2019","635.00","643.00","630.00","638.50","171,998"
"14-Jan-2019","633.00","636.65","618.25","620.10","366,016"
"15-Jan-2019","624.00","631.15","620.00","623.90","68,669"
"16-Jan-2019","622.50","630.30","618.00","621.40","440,003"
"17-Jan-2019","621.50","633.55","618.00","623.35","377,003"
"18-Jan-2019","627.00","629.50","615.00","620.20","107,504"
"21-Jan-2019","625.00","644.70","612.50","617.65","427,431"
"22-Jan-2019","620.00","629.80","611.70","619.90","95,583"
"23-Jan-2019","623.00","628.90","612.20","620.00","159,259"
"24-Jan-2019","620.00","629.40","615.10","618.25","129,335"
"25-Jan-2019","627.45","633.00","615.65","619.60","222,746"
"28-Jan-2019","621.00","624.45","595.25","599.25","285,382"
"29-Jan-2019","600.10","617.95","595.70","606.10","302,014"
"30-Jan-2019","607.00","616.40","596.00","599.95","260,752"
"31-Jan-2019","600.50","607.75","593.70","595.00","780,410"
"01-Feb-2019","600.00","604.00","588.10","590.95","546,770"
"04-Feb-2019","594.00","599.00","571.10","589.75","146,249"
"05-Feb-2019","589.75","594.00","582.00","584.00","53,619"
"06-Feb-2019","585.00","590.00","575.00","579.40","690,808"
"07-Feb-2019","580.00","584.40","575.05","577.25","570,245"
"08-Feb-2019","577.25","583.95","575.00","577.55","130,409"
"11-Feb-2019","576.00","579.10","561.05","566.85","339,881"
"12-Feb-2019","569.85","585.65","562.10","574.70","288,095"
"13-Feb-2019","574.00","579.95","564.00","569.85","310,406"
"14-Feb-2019","569.90","574.50","564.90","568.55","24,238"
"15-Feb-2019","568.55","575.80","562.00","568.85","72,417"
"18-Feb-2019","569.50","572.10","563.30","567.45","33,962"
"19-Feb-2019","573.65","573.65","560.90","562.45","91,484"
"20-Feb-2019","564.60","571.10","556.00","561.60","1,156,061"
"21-Feb-2019","562.00","565.70","560.00","561.90","97,421"
"22-Feb-2019","565.25","570.00","556.75","559.85","207,746"
"25-Feb-2019","563.00","564.85","555.35","561.00","256,241"
"26-Feb-2019","561.00","564.00","555.00","559.40","205,333"
"27-Feb-2019","563.00","565.95","561.10","563.30","91,914"
"28-Feb-2019","565.00","582.00","565.00","578.55","232,357"
"01-Mar-2019","581.95","622.10","515.55","607.90","11,513,018"
"05-Mar-2019","599.00","617.00","596.10","607.75","967,319"
"06-Mar-2019","608.00","621.80","602.00","607.95","594,253"
"07-Mar-2019","610.00","612.40","590.00","592.10","326,651"
"08-Mar-2019","587.00","596.40","585.40","587.15","195,823"
"11-Mar-2019","589.75","626.40","587.40","622.45","693,313"
"12-Mar-2019","623.00","634.90","612.00","622.90","398,863"
"13-Mar-2019","618.00","621.50","610.20","615.35","253,418"
"14-Mar-2019","619.00","620.95","611.00","614.90","233,675"
"15-Mar-2019","613.10","619.75","611.00","615.05","505,837"
"18-Mar-2019","616.05","620.90","606.05","610.80","91,435"
"19-Mar-2019","613.00","622.75","602.00","611.90","1,038,136"
"20-Mar-2019","613.85","620.00","607.60","612.85","816,543"
"22-Mar-2019","610.00","619.00","605.00","615.50","741,217"
"25-Mar-2019","602.05","616.95","602.05","611.05","93,192"
"26-Mar-2019","612.00","617.90","606.80","609.60","167,512"
"27-Mar-2019","607.45","620.80","607.45","618.70","302,382"
"28-Mar-2019","620.00","624.80","613.60","616.20","89,907"
"29-Mar-2019","614.00","614.00","581.60","583.40","6,792,156"
"01-Apr-2019","584.90","599.90","583.40","598.20","953,998"
"02-Apr-2019","600.00","603.90","591.05","601.15","687,704"
"03-Apr-2019","600.00","615.00","595.00","601.95","999,883"
"04-Apr-2019","603.90","603.90","590.00","594.70","1,064,749"
"05-Apr-2019","598.00","613.90","596.10","612.10","855,081"
"08-Apr-2019","611.00","628.00","610.55","619.80","1,180,323"
"09-Apr-2019","629.50","629.50","615.00","618.20","391,977"
"10-Apr-2019","621.00","626.50","617.00","621.35","471,405"
"11-Apr-2019","624.90","629.70","621.55","624.95","1,717,441"
"12-Apr-2019","627.30","627.35","620.30","625.20","201,752"
"15-Apr-2019","626.90","627.50","618.15","623.35","137,884"
"16-Apr-2019","626.00","626.00","615.10","617.70","382,679"
"18-Apr-2019","621.00","621.40","611.75","614.90","322,285"
"22-Apr-2019","617.85","624.70","605.25","616.30","427,291"
"23-Apr-2019","618.00","618.90","598.00","600.20","1,108,991"
"24-Apr-2019","602.00","615.00","600.25","610.30","222,954"
"25-Apr-2019","609.60","619.70","608.05","614.35","225,934"
"26-Apr-2019","625.00","644.80","625.00","637.25","2,193,690"
"30-Apr-2019","635.10","644.75","635.10","639.85","798,810"
"02-May-2019","639.95","658.00","639.95","650.50","1,022,283"
"03-May-2019","650.00","666.00","648.95","664.15","809,596"
"06-May-2019","660.00","667.80","652.20","660.00","510,425"
"07-May-2019","658.00","665.25","658.00","662.10","400,330"
"08-May-2019","655.05","661.40","649.95","650.55","290,783"
"09-May-2019","651.05","656.50","641.00","652.25","347,971"
"10-May-2019","650.10","668.00","639.20","642.05","758,566"
"13-May-2019","639.80","645.85","608.50","620.00","324,189"
"14-May-2019","618.50","638.95","594.65","615.60","1,232,277"
"15-May-2019","624.00","649.60","616.75","628.85","552,190"
"16-May-2019","632.75","648.70","626.00","630.95","363,954"
"17-May-2019","634.85","645.95","623.35","629.75","387,017"
"20-May-2019","643.85","657.70","636.00","645.70","523,465"
"21-May-2019","650.00","664.00","646.05","659.70","396,784"
"22-May-2019","659.70","667.55","652.85","659.65","361,789"
"23-May-2019","665.00","683.90","665.00","671.40","528,882"
"24-May-2019","675.95","690.00","665.15","686.00","541,134"
"27-May-2019","682.00","704.00","681.50","698.90","1,669,747"
"28-May-2019","700.00","703.90","685.10","698.75","373,366"
"29-May-2019","688.15","703.00","678.05","680.00","1,286,226"
"30-May-2019","680.00","686.60","674.00","679.90","550,276"
"31-May-2019","684.90","696.00","676.35","694.25","650,980"
"03-Jun-2019","687.00","701.00","686.50","695.60","167,500"
"04-Jun-2019","690.25","700.00","687.50","698.40","410,079"
"06-Jun-2019","697.00","700.35","689.50","696.35","1,320,152"
"07-Jun-2019","698.90","702.00","694.05","698.45","680,274"
"10-Jun-2019","697.00","700.00","695.15","699.10","449,355"
"11-Jun-2019","695.50","705.00","694.05","701.00","402,010"
"12-Jun-2019","699.90","702.00","695.25","699.95","387,860"
"13-Jun-2019","700.00","709.00","694.00","699.35","437,375"
"14-Jun-2019","699.95","701.00","696.00","699.55","375,865"
"17-Jun-2019","701.40","707.00","698.30","700.00","486,849"
"18-Jun-2019","700.95","708.00","699.15","704.05","1,561,472"
"19-Jun-2019","706.00","709.00","686.25","696.30","358,961"
"20-Jun-2019","696.40","705.00","690.05","698.45","1,024,232"
"21-Jun-2019","705.00","711.00","694.90","699.95","3,605,899"
"24-Jun-2019","705.15","713.40","698.95","710.60","376,039"
"25-Jun-2019","675.00","684.95","669.50","674.35","3,513,192"
"26-Jun-2019","695.50","744.00","692.75","717.45","6,255,032"
"27-Jun-2019","706.00","738.00","706.00","726.95","4,196,283"
"28-Jun-2019","725.00","734.85","717.00","723.70","1,184,510"
"01-Jul-2019","724.80","739.00","716.05","735.90","610,864"
"02-Jul-2019","740.00","752.70","740.00","749.80","1,257,045"
"03-Jul-2019","750.00","760.90","741.20","756.90","554,389"
"04-Jul-2019","760.00","762.25","752.55","757.40","271,994"
"05-Jul-2019","759.60","776.50","745.60","753.55","1,195,407"
"08-Jul-2019","748.80","768.30","739.60","759.20","787,426"
"09-Jul-2019","755.00","763.00","747.60","759.00","594,218"
"10-Jul-2019","751.80","758.30","740.00","741.95","459,594"
"11-Jul-2019","744.00","762.00","744.00","754.10","292,405"
"12-Jul-2019","756.00","789.30","753.35","780.70","1,817,841"
"15-Jul-2019","780.50","794.90","766.00","783.55","585,738"
"16-Jul-2019","783.00","788.40","770.20","775.85","440,957"
"17-Jul-2019","773.00","793.10","757.00","765.25","880,172"
"18-Jul-2019","766.00","775.00","737.00","740.85","424,234"
"19-Jul-2019","745.35","751.00","731.85","744.85","577,254"
"22-Jul-2019","749.20","764.00","735.50","762.15","409,528"
"23-Jul-2019","764.00","780.00","764.00","775.95","708,849"
"24-Jul-2019","782.50","808.50","755.20","772.50","8,522,595"
"25-Jul-2019","769.90","800.00","769.05","797.40","892,300"
"26-Jul-2019","799.10","807.00","783.00","795.10","848,649"
"29-Jul-2019","793.00","805.45","782.30","797.35","655,785"
"30-Jul-2019","798.00","805.00","781.90","797.40","629,929"
"31-Jul-2019","783.00","800.00","775.00","797.55","490,133"
"01-Aug-2019","790.35","803.60","752.55","777.00","789,834"
"02-Aug-2019","757.30","803.00","757.30","791.65","941,917"
"05-Aug-2019","790.00","795.00","774.15","790.40","538,695"
"06-Aug-2019","788.10","800.05","780.10","787.20","700,080"
"07-Aug-2019","790.25","801.60","782.25","786.55","487,084"
"08-Aug-2019","795.00","827.00","783.30","812.90","1,081,958"
"09-Aug-2019","810.55","814.80","795.10","801.70","714,830"
"13-Aug-2019","797.25","801.70","761.70","771.25","432,634"
"14-Aug-2019","780.00","816.80","776.00","812.15","1,042,108"
"16-Aug-2019","801.10","838.90","801.10","835.35","1,340,618"
"19-Aug-2019","837.20","858.80","833.05","849.90","999,684"
"20-Aug-2019","850.00","862.45","831.55","853.85","1,032,233"
"21-Aug-2019","852.50","857.00","824.20","829.45","469,687"
"22-Aug-2019","826.20","837.65","805.55","815.20","451,114"
"23-Aug-2019","814.95","830.05","812.25","821.25","545,349"
"26-Aug-2019","838.00","839.45","818.15","827.10","606,859"
"27-Aug-2019","827.00","847.00","827.00","834.25","851,189"
"28-Aug-2019","840.00","841.80","821.55","828.45","538,964"
"29-Aug-2019","827.80","839.80","822.30","835.10","338,992"
"30-Aug-2019","840.00","847.00","810.00","838.70","6,692,265"
"03-Sep-2019","832.80","848.65","796.35","811.20","592,127"
"04-Sep-2019","816.00","830.00","812.00","826.40","423,307"
"05-Sep-2019","831.55","835.00","820.70","831.25","332,593"
"06-Sep-2019","834.50","837.00","821.30","835.55","308,380"
"09-Sep-2019","833.00","835.00","801.10","806.80","640,219"
"11-Sep-2019","812.00","813.85","795.00","799.65","579,309"
"12-Sep-2019","788.95","798.95","784.20","792.85","3,737,190"
"13-Sep-2019","797.15","807.75","792.25","798.30","3,681,750"
"16-Sep-2019","785.90","798.75","785.00","796.45","2,172,276"
"17-Sep-2019","795.80","802.00","793.95","798.20","1,013,597"
"18-Sep-2019","802.10","807.00","798.10","802.95","715,018"
"19-Sep-2019","804.00","805.00","799.00","801.85","456,281"
"20-Sep-2019","804.00","825.50","800.35","816.15","1,918,256"
"23-Sep-2019","822.00","822.00","789.00","791.70","1,590,491"
"24-Sep-2019","792.00","803.65","787.00","795.15","976,843"
"25-Sep-2019","793.30","799.90","777.10","796.55","1,031,592"
"26-Sep-2019","798.25","823.70","798.25","816.40","1,672,809"
"27-Sep-2019","819.35","847.65","819.35","842.50","1,994,366"
"30-Sep-2019","842.80","851.60","836.25","846.40","961,777"
"01-Oct-2019","846.00","849.00","804.00","827.65","759,109"
"03-Oct-2019","827.90","836.15","820.05","830.65","455,628"
"04-Oct-2019","831.00","844.80","822.05","824.25","569,471"
"07-Oct-2019","824.00","836.00","821.05","827.90","341,633"
"09-Oct-2019","826.00","843.90","826.00","837.25","506,576"
"10-Oct-2019","835.20","848.00","805.70","827.20","5,286,384"
"11-Oct-2019","832.00","842.80","831.00","839.60","384,745"
"14-Oct-2019","846.10","847.60","822.00","828.70","366,115"
"15-Oct-2019","829.00","844.00","829.00","838.05","394,890"
"16-Oct-2019","836.50","892.50","832.00","877.35","3,634,345"
"17-Oct-2019","880.00","928.50","880.00","902.90","3,687,636"
"18-Oct-2019","905.80","930.00","899.00","925.95","1,819,540"
"22-Oct-2019","929.20","997.50","929.20","989.15","2,040,975"
"23-Oct-2019","994.00","1,012.30","970.15","985.95","1,357,514"
"24-Oct-2019","991.40","993.95","954.65","969.65","982,596"
"25-Oct-2019","974.00","1,000.00","965.25","982.15","975,234"
"27-Oct-2019","990.00","999.00","977.15","993.95","150,916"
"29-Oct-2019","998.50","1,020.00","981.00","1,014.35","880,342"
"30-Oct-2019","1,016.00","1,030.00","976.10","999.80","7,610,404"
"31-Oct-2019","1,006.00","1,013.30","987.00","991.50","849,468"
"01-Nov-2019","993.30","1,009.00","993.30","997.50","655,253"
"04-Nov-2019","1,003.00","1,003.10","989.70","998.70","875,743"
"05-Nov-2019","1,000.00","1,003.00","966.10","969.80","1,230,007"
"06-Nov-2019","974.45","980.00","941.55","968.95","1,420,970"
"07-Nov-2019","973.40","991.00","968.20","986.45","1,351,432"
"08-Nov-2019","1,006.00","1,022.00","976.50","982.20","5,656,687"
"11-Nov-2019","982.00","982.00","968.45","969.95","2,078,020"
"13-Nov-2019","984.50","1,000.95","966.20","988.15","4,039,409"
"14-Nov-2019","999.00","1,013.00","984.90","999.90","3,441,700"
"15-Nov-2019","1,008.20","1,026.00","995.45","1,002.85","2,687,762"
"18-Nov-2019","1,004.90","1,013.00","996.00","1,000.05","2,144,563"
"19-Nov-2019","954.95","970.00","930.00","936.55","60,449,782"
"20-Nov-2019","940.00","948.70","936.10","939.70","2,976,893"
"21-Nov-2019","942.45","945.45","916.00","929.60","2,642,185"
"22-Nov-2019","931.00","945.75","931.00","942.65","3,125,980"
"25-Nov-2019","943.50","954.40","943.50","951.60","3,604,001"
"26-Nov-2019","957.40","977.95","937.85","958.95","43,473,998"
"27-Nov-2019","964.00","965.20","943.20","948.20","1,542,111"
"28-Nov-2019","953.85","972.70","948.20","971.15","1,885,171"
"29-Nov-2019","970.00","970.00","955.05","960.05","1,071,258"
"02-Dec-2019","959.15","959.15","938.30","943.85","643,539"
"03-Dec-2019","946.10","966.00","946.10","963.40","1,612,054"
"04-Dec-2019","962.80","975.00","960.05","972.25","1,122,303"
"05-Dec-2019","969.00","974.50","955.00","966.40","814,043"
"06-Dec-2019","971.00","974.00","945.20","964.20","1,235,405"
"09-Dec-2019","964.80","964.80","938.40","942.00","861,577"
"10-Dec-2019","950.00","968.00","947.00","949.85","1,610,114"
"11-Dec-2019","950.00","971.95","924.50","966.55","1,616,587"
"12-Dec-2019","971.00","971.00","955.65","960.40","862,822"
"13-Dec-2019","964.90","982.70","963.25","974.90","1,119,572"
"16-Dec-2019","973.80","979.80","963.90","969.55","526,157"
"17-Dec-2019","975.00","978.45","968.00","972.55","822,269"
"18-Dec-2019","975.00","976.60","959.00","964.75","628,845"
"19-Dec-2019","968.60","975.05","965.45","969.75","906,299"
"20-Dec-2019","972.00","1,008.05","972.00","992.75","10,219,499"
"23-Dec-2019","1,002.00","1,011.70","987.55","996.80","1,347,986"
"24-Dec-2019","998.00","999.90","985.00","994.75","716,972"
"26-Dec-2019","998.25","999.70","988.10","991.00","335,933"
"27-Dec-2019","988.00","991.50","977.55","988.65","438,117"
"30-Dec-2019","988.90","991.45","972.80","976.35","390,678"
"31-Dec-2019","976.00","980.00","958.15","961.60","403,539"
"01-Jan-2020","965.00","980.00","961.60","976.40","349,251"
"02-Jan-2020","975.70","975.70","966.00","969.35","335,765"
"03-Jan-2020","970.00","982.80","969.00","975.10","451,217"
"06-Jan-2020","966.10","1,003.10","958.00","983.10","895,840"
"07-Jan-2020","990.00","1,003.00","980.00","984.90","570,304"
"08-Jan-2020","978.00","992.30","975.20","987.75","368,547"
"09-Jan-2020","996.80","998.00","979.75","988.50","614,382"
"10-Jan-2020","989.00","997.00","983.30","989.00","351,231"
"13-Jan-2020","993.00","997.95","980.00","989.85","332,236"
"14-Jan-2020","993.00","994.00","984.00","987.80","369,532"
"15-Jan-2020","988.00","1,002.00","981.00","998.15","533,340"
"16-Jan-2020","1,000.00","1,003.00","992.00","999.90","465,355"
"17-Jan-2020","999.80","1,009.80","985.25","996.35","372,188"
"20-Jan-2020","1,000.00","1,001.00","975.50","981.50","341,082"
"21-Jan-2020","980.00","987.00","970.20","972.75","355,550"
"22-Jan-2020","980.00","992.60","972.00","981.70","1,299,987"
"23-Jan-2020","985.40","1,004.00","980.20","985.95","1,151,390"
"24-Jan-2020","986.00","1,020.00","977.00","999.80","1,388,247"
"27-Jan-2020","999.80","1,014.70","987.35","992.15","740,311"
"28-Jan-2020","993.00","1,007.00","975.75","987.85","578,382"
"29-Jan-2020","992.00","1,012.15","988.00","1,007.80","538,017"
"30-Jan-2020","1,014.00","1,017.00","989.30","998.25","561,770"
"31-Jan-2020","1,005.00","1,006.00","983.15","994.10","445,170"
"01-Feb-2020","998.00","1,012.90","885.00","893.10","4,433,306"
"03-Feb-2020","895.00","921.85","856.65","912.65","4,046,967"
"04-Feb-2020","912.00","922.90","896.00","911.60","2,004,591"
"05-Feb-2020","913.60","915.80","898.50","910.55","1,337,410"
"06-Feb-2020","916.10","925.00","912.05","919.50","1,185,756"
"07-Feb-2020","920.00","955.45","915.55","947.30","1,642,253"
"10-Feb-2020","952.00","956.25","938.00","952.80","734,151"
"11-Feb-2020","960.45","960.45","935.80","939.75","584,552"
"12-Feb-2020","944.75","948.80","925.00","932.85","925,589"
"13-Feb-2020","937.00","937.00","916.00","927.55","551,572"
"14-Feb-2020","932.40","932.40","907.00","914.25","402,685"
"17-Feb-2020","915.50","919.45","904.00","914.40","355,839"
"18-Feb-2020","915.00","921.45","907.10","916.05","901,858"
"19-Feb-2020","918.10","942.45","918.10","938.20","786,366"
"20-Feb-2020","939.70","945.00","921.70","928.75","784,552"
"24-Feb-2020","923.60","941.50","910.00","916.60","493,211"
"25-Feb-2020","923.50","934.70","891.75","901.20","760,359"
"26-Feb-2020","893.80","914.80","881.50","891.35","807,168"
"27-Feb-2020","890.80","913.90","875.00","905.35","821,122"
"28-Feb-2020","886.00","895.00","875.00","890.40","1,002,851"
"02-Mar-2020","895.15","909.00","878.00","894.15","629,219"
"03-Mar-2020","903.05","914.00","892.05","899.85","615,494"
"04-Mar-2020","902.90","912.00","877.00","885.10","769,392"
"05-Mar-2020","891.35","901.45","876.55","884.45","1,014,502"
"06-Mar-2020","865.00","881.50","848.30","853.95","1,436,479"
"09-Mar-2020","836.20","861.90","803.00","825.30","1,424,660"
"11-Mar-2020","819.00","847.90","784.15","808.95","1,305,970"
"12-Mar-2020","761.00","775.70","700.00","751.70","2,111,588"
"13-Mar-2020","665.00","795.00","625.10","761.95","2,077,233"
"16-Mar-2020","701.00","772.85","661.60","731.55","1,588,592"
"17-Mar-2020","732.00","768.50","675.00","687.00","1,398,543"
"18-Mar-2020","695.05","696.95","588.15","596.25","2,202,109"
"19-Mar-2020","565.00","619.90","519.40","607.70","2,917,031"
"20-Mar-2020","627.00","680.75","606.00","633.50","2,004,934"
"23-Mar-2020","569.95","617.00","522.20","539.20","1,652,165"
"24-Mar-2020","551.40","589.95","535.00","546.25","1,108,855"
"25-Mar-2020","530.00","630.00","530.00","587.85","1,610,709"
"26-Mar-2020","603.50","665.00","595.35","618.15","1,629,673"
"27-Mar-2020","636.20","657.00","585.00","602.85","1,299,441"
"30-Mar-2020","598.90","634.50","575.00","622.00","1,301,706"
"31-Mar-2020","638.00","653.70","624.15","641.00","1,087,567"
"01-Apr-2020","641.90","659.00","628.00","635.10","971,706"
"03-Apr-2020","648.00","665.00","627.30","650.15","1,279,330"
"07-Apr-2020","665.00","748.30","653.00","735.30","1,916,865"
"08-Apr-2020","741.90","795.00","721.00","742.80","1,443,642"
"09-Apr-2020","755.00","773.95","735.05","739.45","683,532"
"13-Apr-2020","745.00","749.95","700.00","707.75","760,455"
"15-Apr-2020","720.00","724.95","695.10","700.90","1,232,607"
"16-Apr-2020","690.00","698.00","681.10","685.25","1,363,991"
"17-Apr-2020","703.55","721.00","687.00","702.45","1,777,651"
"20-Apr-2020","703.00","712.15","697.00","700.00","1,360,101"
"21-Apr-2020","688.00","691.15","667.00","671.30","677,457"
"22-Apr-2020","685.90","709.00","675.00","704.80","954,061"
"23-Apr-2020","712.00","732.50","709.00","717.65","1,219,244"
"24-Apr-2020","701.00","706.85","676.00","679.15","1,016,020"
"27-Apr-2020","694.75","727.00","688.15","714.10","3,275,857"
"28-Apr-2020","724.00","728.00","706.55","719.85","1,002,540"
"29-Apr-2020","723.00","723.00","708.40","713.35","635,076"
"30-Apr-2020","735.20","741.00","716.85","726.85","1,925,414"
"04-May-2020","710.00","726.00","675.50","687.65","1,418,027"
"05-May-2020","705.00","734.70","698.20","713.55","4,312,790"
"06-May-2020","716.95","749.00","706.00","731.15","3,664,835"
"07-May-2020","737.00","742.50","723.50","735.15","1,345,672"
"08-May-2020","742.00","768.85","738.50","760.05","2,349,887"
"11-May-2020","770.95","770.95","744.85","750.50","1,498,957"
"12-May-2020","747.00","755.60","735.10","744.60","1,116,023"
"13-May-2020","765.25","780.00","752.95","760.50","1,752,465"
"14-May-2020","756.80","770.50","741.10","746.75","987,397"
"15-May-2020","754.45","754.45","742.20","751.95","1,032,406"
"18-May-2020","750.00","750.00","694.45","700.75","1,705,994"
"19-May-2020","709.00","720.00","698.00","702.95","1,496,673"
"20-May-2020","701.00","717.70","700.00","715.80","1,289,104"
"21-May-2020","717.80","742.95","716.05","730.40","1,400,398"
"22-May-2020","732.00","744.00","723.50","729.95","1,507,478"
"26-May-2020","735.00","756.00","731.40","754.45","1,110,990"
"27-May-2020","752.00","754.40","737.20","741.15","682,804"
"28-May-2020","745.00","754.75","740.00","748.10","1,134,155"
"29-May-2020","747.95","783.00","745.40","768.65","7,090,368"
"01-Jun-2020","776.00","780.95","765.90","774.80","1,712,849"
"02-Jun-2020","783.80","791.00","774.30","779.50","1,388,839"
"03-Jun-2020","789.00","814.80","784.50","807.10","2,163,349"
"04-Jun-2020","809.75","820.50","788.80","794.80","1,404,467"
"05-Jun-2020","798.90","805.25","782.90","796.70","1,199,794"
"08-Jun-2020","802.00","808.00","776.00","779.30","1,371,775"
"09-Jun-2020","782.10","789.00","752.50","758.50","1,521,254"
"10-Jun-2020","759.00","760.00","739.70","741.70","2,283,059"
"11-Jun-2020","740.00","757.60","735.00","740.90","1,314,358"
"12-Jun-2020","730.00","760.90","728.75","750.45","4,396,304"
"15-Jun-2020","747.90","754.80","740.65","745.30","3,316,726"
"16-Jun-2020","751.00","770.70","742.40","764.10","1,883,911"
"17-Jun-2020","766.05","779.50","764.20","772.05","1,936,475"
"18-Jun-2020","769.40","786.40","767.60","771.60","951,550"
"19-Jun-2020","779.00","780.85","767.20","775.85","2,912,093"
"22-Jun-2020","781.10","790.40","761.50","777.95","1,164,278"
"23-Jun-2020","777.00","805.30","777.00","796.65","1,506,742"
"24-Jun-2020","800.65","810.00","775.55","780.75","1,699,063"
"25-Jun-2020","778.00","792.95","775.10","786.25","735,191"
"26-Jun-2020","791.10","802.00","782.00","784.35","986,163"
"29-Jun-2020","780.00","789.85","774.30","786.80","597,371"
"30-Jun-2020","789.00","811.00","789.00","806.45","2,052,551"
"01-Jul-2020","814.95","819.85","802.00","805.25","1,321,001"
"02-Jul-2020","802.15","819.35","802.15","814.05","1,075,581"
"03-Jul-2020","821.00","846.00","819.35","844.05","2,085,481"
"06-Jul-2020","853.00","875.00","851.40","863.50","1,836,462"
"07-Jul-2020","867.00","874.80","853.65","868.65","1,104,403"
"08-Jul-2020","870.00","871.90","846.10","850.75","1,688,304"
"09-Jul-2020","851.00","853.90","835.05","840.25","1,180,400"
"10-Jul-2020","850.00","871.90","850.00","860.20","2,062,806"
"13-Jul-2020","867.85","867.85","848.15","862.95","668,675"
"14-Jul-2020","861.90","886.50","856.10","859.75","1,535,948"
"15-Jul-2020","863.00","870.50","852.35","855.85","772,942"
"16-Jul-2020","856.05","869.50","851.25","865.20","630,572"
"17-Jul-2020","868.15","881.85","862.55","875.20","1,228,862"
"20-Jul-2020","879.05","888.10","851.00","854.45","1,497,335"
"21-Jul-2020","864.00","895.95","844.00","888.35","4,650,708"
"22-Jul-2020","892.50","892.75","856.10","859.20","1,757,469"
"23-Jul-2020","861.80","880.00","859.20","877.80","937,554"
"24-Jul-2020","873.90","877.00","863.00","867.40","784,968"
"27-Jul-2020","874.90","882.20","856.20","867.45","1,342,667"
"28-Jul-2020","865.00","888.90","863.35","883.35","1,005,543"
"29-Jul-2020","874.55","890.00","874.55","881.10","935,033"
"30-Jul-2020","887.85","916.00","881.65","913.55","2,422,599"
"31-Jul-2020","921.75","921.75","903.60","912.85","1,271,276"
"03-Aug-2020","911.00","911.00","872.60","875.10","1,291,032"
"04-Aug-2020","881.10","882.50","868.00","875.80","707,018"
"05-Aug-2020","876.80","880.65","858.45","860.90","1,364,745"
"06-Aug-2020","868.70","878.00","859.45","875.40","907,558"
"07-Aug-2020","879.90","883.85","862.15","868.60","827,168"
"10-Aug-2020","880.00","882.00","861.80","865.75","1,090,544"
"11-Aug-2020","868.00","878.00","857.50","860.60","971,872"
"12-Aug-2020","860.60","868.50","851.00","856.90","1,068,002"
"13-Aug-2020","860.90","868.00","855.10","861.50","666,359"
"14-Aug-2020","866.90","866.90","828.70","839.30","1,897,747"
"17-Aug-2020","845.00","847.15","838.20","842.35","1,435,985"
"18-Aug-2020","845.95","864.75","844.60","860.45","1,170,823"
"19-Aug-2020","860.65","875.60","860.45","863.65","1,332,731"
"20-Aug-2020","861.00","864.75","849.00","852.85","660,138"
"21-Aug-2020","881.05","889.80","859.00","861.25","3,651,529"
"24-Aug-2020","866.80","869.90","851.60","860.85","951,781"
"25-Aug-2020","862.35","865.95","837.85","847.90","1,877,997"
"26-Aug-2020","855.00","855.00","833.65","839.20","2,151,697"
"27-Aug-2020","843.95","845.80","835.10","841.25","945,124"
"28-Aug-2020","846.00","858.70","843.05","851.55","1,640,203"
"31-Aug-2020","855.50","864.00","818.55","827.75","2,086,202"
"01-Sep-2020","825.00","840.00","818.05","835.90","1,148,611"
"02-Sep-2020","843.00","865.00","841.30","850.30","2,006,969"
"03-Sep-2020","853.90","863.75","851.00","852.30","888,552"
"04-Sep-2020","842.00","845.80","833.00","834.55","1,069,706"
"07-Sep-2020","835.50","842.00","826.00","838.45","808,907"
"08-Sep-2020","840.95","850.85","830.20","845.00","1,438,741"
"09-Sep-2020","837.75","843.50","822.00","830.50","1,685,144"
"10-Sep-2020","833.90","848.00","833.10","845.20","659,109"
"11-Sep-2020","846.00","866.90","843.75","864.40","1,559,677"
"14-Sep-2020","871.00","876.00","850.00","857.10","1,346,301"
"15-Sep-2020","861.30","871.00","853.05","864.70","725,017"
"16-Sep-2020","865.00","873.50","861.30","867.65","823,952"
"17-Sep-2020","858.40","866.40","852.55","856.15","612,366"
"18-Sep-2020","856.95","861.80","845.05","848.10","1,245,818"
"21-Sep-2020","849.00","851.80","835.60","840.10","875,668"
"22-Sep-2020","840.00","840.00","801.60","831.85","1,265,561"
"23-Sep-2020","833.35","841.50","827.15","833.00","628,823"
"24-Sep-2020","830.60","832.15","782.35","804.40","14,778,958"
"25-Sep-2020","796.00","813.50","780.00","797.05","2,252,162"
"28-Sep-2020","803.00","816.25","800.00","813.00","1,108,316"
"29-Sep-2020","819.00","831.40","802.10","809.10","1,666,688"
"30-Sep-2020","809.40","814.55","802.40","811.45","701,139"
"01-Oct-2020","817.00","824.95","807.65","818.90","941,061"
"05-Oct-2020","822.00","835.00","815.00","824.95","803,756"
"06-Oct-2020","826.00","836.00","822.25","830.05","1,211,894"
"07-Oct-2020","832.50","836.00","825.05","827.95","637,358"
"08-Oct-2020","835.25","836.00","818.00","821.05","1,313,341"
"09-Oct-2020","826.15","827.30","803.50","805.90","1,188,895"
"12-Oct-2020","812.90","812.90","787.20","791.65","1,097,167"
"13-Oct-2020","790.00","795.00","781.00","786.55","1,142,720"
"14-Oct-2020","788.00","813.65","776.65","810.60","2,146,423"
"15-Oct-2020","810.60","821.80","801.75","804.75","1,920,570"
"16-Oct-2020","802.00","811.00","796.65","799.55","683,003"
"19-Oct-2020","800.50","808.55","795.00","798.30","661,678"
"20-Oct-2020","809.25","809.25","790.00","800.75","1,616,359"
"21-Oct-2020","801.00","804.00","780.80","785.35","1,763,644"
"22-Oct-2020","788.30","788.30","771.30","780.80","1,861,965"
"23-Oct-2020","783.15","789.75","767.00","770.70","2,252,467"
"26-Oct-2020","775.00","784.90","765.10","778.85","2,638,356"
"27-Oct-2020","791.00","791.80","771.10","774.45","2,566,509"
"28-Oct-2020","777.00","778.20","766.00","771.00","1,156,191"
"29-Oct-2020","764.45","773.00","755.25","761.50","1,126,691"
"30-Oct-2020","761.50","775.70","757.30","769.15","1,156,854"
"02-Nov-2020","771.00","778.50","762.20","766.05","891,886"
"03-Nov-2020","773.55","797.80","769.15","788.90","1,542,962"
"04-Nov-2020","796.75","796.75","783.80","791.00","923,658"
"05-Nov-2020","797.00","806.80","793.00","805.00","1,373,458"
"06-Nov-2020","805.45","808.90","795.00","801.25","1,722,728"
"09-Nov-2020","808.00","817.85","801.70","808.15","1,255,422"
"10-Nov-2020","816.20","832.90","811.35","829.40","1,490,688"
"11-Nov-2020","833.00","847.00","831.60","839.55","1,822,930"
"12-Nov-2020","840.00","844.40","825.10","837.75","1,003,690"
"13-Nov-2020","837.75","838.95","824.10","831.85","824,124"
"14-Nov-2020","844.70","844.70","836.15","840.45","187,698"
"17-Nov-2020","841.00","866.90","836.30","863.15","2,140,176"
"18-Nov-2020","863.75","868.70","846.80","857.95","968,393"
"19-Nov-2020","854.80","862.80","838.00","846.75","1,466,056"
"20-Nov-2020","848.80","850.00","835.00","845.45","971,981"
"23-Nov-2020","847.20","854.40","830.00","831.60","1,668,966"
"24-Nov-2020","831.95","840.00","831.95","838.95","874,577"
"25-Nov-2020","846.05","864.65","844.00","849.05","2,407,145"
"26-Nov-2020","853.30","858.65","848.30","851.50","1,791,878"
"27-Nov-2020","855.00","857.60","841.00","846.05","2,310,173"
"01-Dec-2020","849.90","855.00","840.20","851.35","1,027,637"
"02-Dec-2020","853.00","879.25","850.30","875.55","2,097,626"
"03-Dec-2020","880.00","881.00","851.40","858.15","3,804,064"
"04-Dec-2020","865.10","871.00","856.45","863.00","1,654,173"
"07-Dec-2020","863.50","866.00","848.00","851.75","2,151,322"
"08-Dec-2020","854.80","859.50","848.20","853.80","2,473,148"
"09-Dec-2020","858.00","864.00","854.80","858.00","1,813,714"
"10-Dec-2020","861.00","862.90","855.00","856.05","2,302,834"
"11-Dec-2020","860.90","862.80","845.40","849.70","1,939,950"
"14-Dec-2020","855.00","858.30","848.05","850.20","1,186,967"
"15-Dec-2020","851.20","858.45","842.05","856.20","2,044,843"
"16-Dec-2020","861.20","861.50","850.50","857.50","1,618,300"
"17-Dec-2020","857.50","865.90","851.60","856.35","1,650,113"
"18-Dec-2020","859.00","864.00","852.80","857.15","1,469,894"
"21-Dec-2020","858.00","864.00","832.55","840.85","2,239,781"
"22-Dec-2020","840.85","855.60","825.20","853.95","2,263,176"
"23-Dec-2020","855.50","859.00","847.65","854.95","1,535,665"
"24-Dec-2020","857.90","879.70","851.25","873.90","2,659,479"
"28-Dec-2020","882.90","904.50","877.50","901.65","4,187,861"
"29-Dec-2020","906.95","908.95","890.30","899.30","1,834,129"
"30-Dec-2020","902.00","911.00","890.80","902.95","1,969,826"
"31-Dec-2020","902.00","907.30","894.25","904.25","1,123,846"
"01-Jan-2021","903.00","907.05","894.00","895.40","798,399"
"04-Jan-2021","900.00","917.00","894.50","911.40","1,028,233"
"05-Jan-2021","906.45","919.90","899.00","905.55","1,209,912"
"06-Jan-2021","906.55","915.00","901.00","910.30","1,214,878"
"07-Jan-2021","916.20","916.50","904.25","914.15","1,109,459"
"08-Jan-2021","920.00","954.50","918.00","935.50","4,436,263"
"11-Jan-2021","940.00","952.50","926.85","936.25","2,146,652"
"12-Jan-2021","934.80","936.00","921.55","925.00","1,573,331"
"13-Jan-2021","927.50","949.00","922.50","926.55","1,996,557"
"14-Jan-2021","930.10","931.85","918.50","925.15","719,918"
"15-Jan-2021","925.15","929.80","903.40","910.25","733,660"
"18-Jan-2021","899.00","907.20","883.20","892.90","936,905"
"19-Jan-2021","890.50","918.00","890.50","904.40","1,420,092"
"20-Jan-2021","905.10","910.90","895.00","896.75","1,147,187"
"21-Jan-2021","907.80","907.80","875.00","878.30","1,913,821"
"22-Jan-2021","885.50","885.70","838.00","862.55","3,421,388"
"25-Jan-2021","865.90","882.75","853.00","862.85","2,534,590"
"27-Jan-2021","865.30","885.00","859.10","881.75","2,745,728"
"28-Jan-2021","883.00","884.35","868.85","872.55","1,855,486"
"29-Jan-2021","876.55","883.05","858.05","864.45","2,286,478"
"01-Feb-2021","875.00","897.00","852.05","874.50","3,099,408"
"02-Feb-2021","888.00","890.00","857.95","865.35","2,781,083"
"03-Feb-2021","870.00","879.95","858.35","866.15","1,883,217"
"04-Feb-2021","866.15","870.70","859.00","863.90","2,094,974"
"05-Feb-2021","866.75","870.00","853.65","864.20","1,766,235"
"08-Feb-2021","865.00","871.70","857.00","859.10","1,899,676"
"09-Feb-2021","869.00","895.00","863.00","888.70","4,311,868"
"10-Feb-2021","898.00","915.25","894.00","911.35","4,993,209"
"11-Feb-2021","909.80","921.90","905.55","907.35","2,184,819"
"12-Feb-2021","908.00","913.50","893.45","896.85","984,794"
"15-Feb-2021","898.00","901.15","875.00","877.25","1,715,171"
"16-Feb-2021","877.25","888.30","869.00","872.00","1,634,864"
"17-Feb-2021","870.00","883.15","870.00","877.15","1,496,973"
"18-Feb-2021","880.10","898.85","878.70","893.50","2,387,930"
"19-Feb-2021","898.40","899.15","874.25","881.50","1,120,800"
"22-Feb-2021","880.00","885.00","845.10","849.05","1,810,985"
"23-Feb-2021","853.00","874.40","849.00","869.70","1,480,977"
"24-Feb-2021","870.10","875.90","852.70","871.55","683,427"
"25-Feb-2021","873.20","882.90","869.70","872.40","1,885,254"
"26-Feb-2021","860.00","878.95","858.05","866.90","2,636,891"
"01-Mar-2021","860.00","879.00","852.20","876.40","2,648,545"
"02-Mar-2021","876.75","886.00","870.50","879.15","1,583,910"
"03-Mar-2021","888.00","910.00","883.50","906.45","2,127,137"
"04-Mar-2021","899.70","924.80","892.40","915.90","3,140,379"
"05-Mar-2021","910.00","915.00","894.95","903.55","1,268,992"
"08-Mar-2021","903.60","930.65","901.70","923.85","1,396,479"
"09-Mar-2021","950.00","983.75","939.00","971.30","11,031,435"
"10-Mar-2021","973.70","974.00","936.00","940.75","2,362,998"
"12-Mar-2021","905.05","936.30","905.00","914.20","28,967,831"
"15-Mar-2021","921.00","926.75","902.00","920.00","4,581,841"
"16-Mar-2021","918.45","923.90","911.00","914.05","1,422,174"
"17-Mar-2021","923.90","923.90","885.20","888.95","3,809,803"
"18-Mar-2021","895.00","898.00","882.30","890.45","2,657,918"
"19-Mar-2021","887.95","909.95","882.30","906.70","2,849,173"
"22-Mar-2021","905.00","909.25","895.35","900.20","1,660,688"
"23-Mar-2021","904.80","910.85","895.00","898.90","1,642,691"
"24-Mar-2021","893.00","895.00","875.05","880.70","1,900,721"
"25-Mar-2021","875.10","884.30","861.00","864.10","2,711,471"
"26-Mar-2021","870.00","876.90","868.10","873.95","1,194,885"
"30-Mar-2021","876.00","881.00","868.00","872.15","1,276,847"
"31-Mar-2021","876.00","890.90","870.95","880.85","1,929,013"
"01-Apr-2021","881.60","890.05","876.50","883.45","1,193,426"
"05-Apr-2021","885.00","887.00","864.80","872.55","1,091,002"
"06-Apr-2021","872.80","903.00","865.95","897.55","1,351,799"
"07-Apr-2021","901.00","921.00","898.25","918.50","2,860,132"
"08-Apr-2021","921.40","921.40","905.00","908.50","1,342,782"
"09-Apr-2021","904.60","915.95","900.20","910.10","1,344,813"
"12-Apr-2021","900.65","905.40","868.50","872.45","1,485,108"
"13-Apr-2021","881.45","900.75","874.75","897.80","1,174,856"
"15-Apr-2021","895.00","912.00","890.00","908.70","1,464,475"
"16-Apr-2021","917.00","919.55","905.60","914.20","1,310,422"
"19-Apr-2021","897.20","909.90","888.50","906.25","1,580,387"
"20-Apr-2021","917.00","931.10","895.35","898.95","3,593,124"
"22-Apr-2021","900.00","920.65","895.05","914.40","1,988,641"
"23-Apr-2021","896.35","941.90","896.35","922.85","3,601,606"
"26-Apr-2021","919.15","946.90","916.00","942.50","3,751,088"
"27-Apr-2021","946.00","946.80","925.00","928.75","1,926,977"
"28-Apr-2021","934.00","934.00","914.15","930.40","1,904,945"
"29-Apr-2021","930.40","935.00","921.30","928.20","830,577"
"30-Apr-2021","928.00","940.50","919.80","928.70","1,326,833"
"03-May-2021","921.95","980.00","916.05","958.60","5,424,609"
"04-May-2021","998.00","1,005.00","942.55","982.90","10,515,809"
"05-May-2021","989.95","1,019.80","965.00","973.10","5,475,550"
"06-May-2021","977.30","983.45","961.20","969.40","1,800,692"
"07-May-2021","1,030.00","1,044.70","974.40","1,000.25","11,010,394"
"10-May-2021","1,009.30","1,017.50","995.00","1,005.00","2,370,879"
"11-May-2021","998.00","1,015.00","990.50","1,000.95","1,297,672"
"12-May-2021","995.55","1,000.90","970.00","972.90","3,513,520"
"14-May-2021","972.95","982.00","965.00","978.40","1,331,063"
"17-May-2021","978.40","988.80","961.20","963.65","2,181,641"
"18-May-2021","965.90","976.00","964.20","968.45","1,342,840"
"19-May-2021","968.45","979.90","963.00","978.05","1,101,773"
"20-May-2021","981.45","984.45","965.80","969.15","1,463,348"
"21-May-2021","968.10","975.70","965.25","969.25","1,245,988"
"24-May-2021","967.35","971.95","960.65","962.50","1,841,255"
"25-May-2021","967.00","972.60","963.15","965.30","1,235,079"
"26-May-2021","969.00","980.00","969.00","971.75","1,719,675"
"27-May-2021","976.50","986.00","965.55","982.10","2,428,883"
"28-May-2021","986.00","987.00","972.00","976.85","1,137,566"
"31-May-2021","977.00","982.80","970.65","975.65","785,669"
"01-Jun-2021","978.40","982.00","960.10","966.30","1,420,625"
"02-Jun-2021","965.00","993.45","963.40","984.40","2,488,600"
"03-Jun-2021","986.50","990.85","981.50","986.85","1,724,751"
"04-Jun-2021","994.95","994.95","984.00","989.15","996,919"
"07-Jun-2021","995.00","997.95","987.00","988.50","693,875"
"08-Jun-2021","988.00","988.00","963.00","979.85","3,262,160"
"09-Jun-2021","978.15","1,007.00","978.15","998.60","3,809,219"
"10-Jun-2021","1,005.00","1,005.00","992.05","997.55","1,041,345"
"11-Jun-2021","998.90","1,002.50","984.00","988.10","823,207"
"14-Jun-2021","988.10","992.75","971.35","986.15","514,960"
"15-Jun-2021","991.80","1,003.75","980.85","995.85","1,137,725"
"16-Jun-2021","999.95","1,003.85","988.35","991.80","833,286"
"17-Jun-2021","983.00","992.70","977.00","983.30","869,613"
"18-Jun-2021","1,000.70","1,000.70","956.75","982.55","1,888,723"
"21-Jun-2021","973.00","990.40","968.35","981.55","887,943"
"22-Jun-2021","982.00","1,011.00","980.05","1,007.00","2,289,172"
"23-Jun-2021","1,010.50","1,015.05","999.00","1,000.55","1,802,617"
"24-Jun-2021","1,000.10","1,005.45","995.00","1,002.15","932,721"
"25-Jun-2021","997.00","1,017.55","991.40","1,007.15","980,203"
"28-Jun-2021","1,010.50","1,019.70","998.00","1,002.10","1,107,325"
"29-Jun-2021","1,000.10","1,017.30","995.25","999.40","2,486,963"
"30-Jun-2021","1,002.40","1,011.75","998.45","1,008.15","777,901"
"01-Jul-2021","1,009.00","1,017.40","1,002.60","1,006.90","834,379"
"02-Jul-2021","1,010.90","1,010.90","996.05","1,007.20","581,097"
"05-Jul-2021","1,014.00","1,014.95","1,005.80","1,009.85","431,929"
"06-Jul-2021","1,010.95","1,032.90","1,006.10","1,023.15","1,693,798"
"07-Jul-2021","1,023.50","1,027.00","1,012.55","1,014.40","888,200"
"08-Jul-2021","1,010.75","1,026.00","1,002.10","1,021.60","868,890"
"09-Jul-2021","1,014.10","1,028.00","1,012.55","1,019.60","930,387"
"12-Jul-2021","1,019.70","1,036.00","1,018.95","1,033.45","1,297,301"
"13-Jul-2021","1,040.00","1,056.50","1,036.05","1,052.65","2,525,938"
"14-Jul-2021","1,050.00","1,060.85","1,047.00","1,052.40","1,596,046"
"15-Jul-2021","1,053.50","1,064.95","1,049.35","1,052.95","796,945"
"16-Jul-2021","1,054.00","1,057.85","1,047.10","1,050.25","699,003"
"19-Jul-2021","1,044.90","1,050.25","1,027.30","1,037.85","643,558"
"20-Jul-2021","1,037.25","1,041.20","1,012.80","1,014.75","695,099"
"22-Jul-2021","1,017.00","1,038.80","1,017.00","1,026.00","915,518"
"23-Jul-2021","1,025.50","1,053.95","1,023.55","1,050.45","1,290,998"
"26-Jul-2021","1,048.00","1,104.90","1,040.10","1,076.65","2,151,393"
"27-Jul-2021","1,098.00","1,113.75","1,063.00","1,105.15","6,096,747"
"28-Jul-2021","1,115.00","1,138.80","1,093.00","1,133.40","4,409,570"
"29-Jul-2021","1,133.00","1,148.00","1,124.05","1,128.85","1,555,904"
"30-Jul-2021","1,123.00","1,123.00","1,092.00","1,098.60","1,238,229"
"02-Aug-2021","1,111.05","1,128.50","1,101.95","1,107.20","1,582,968"
"03-Aug-2021","1,105.25","1,134.90","1,094.80","1,131.70","1,033,719"
"04-Aug-2021","1,130.00","1,144.65","1,125.00","1,136.85","1,840,302"
"05-Aug-2021","1,170.20","1,175.70","1,125.00","1,134.75","6,687,775"
"06-Aug-2021","1,140.00","1,154.25","1,127.45","1,150.70","1,654,283"
"09-Aug-2021","1,151.25","1,156.00","1,128.85","1,136.45","1,491,795"
"10-Aug-2021","1,142.75","1,146.00","1,120.15","1,127.60","1,911,046"
"11-Aug-2021","1,130.00","1,142.10","1,113.10","1,135.40","1,458,158"
"12-Aug-2021","1,136.30","1,150.95","1,128.55","1,134.05","1,054,244"
"13-Aug-2021","1,132.00","1,142.50","1,131.05","1,138.60","712,776"
"16-Aug-2021","1,132.00","1,144.50","1,128.35","1,139.10","479,277"
"17-Aug-2021","1,138.00","1,151.80","1,123.55","1,134.80","1,991,904"
"18-Aug-2021","1,135.00","1,146.40","1,100.20","1,114.05","3,428,721"
"20-Aug-2021","1,114.05","1,133.50","1,100.50","1,125.30","2,127,671"
"23-Aug-2021","1,127.00","1,140.95","1,118.60","1,135.45","1,251,406"
"24-Aug-2021","1,140.00","1,165.90","1,130.65","1,160.40","1,211,218"
"25-Aug-2021","1,168.00","1,171.65","1,150.15","1,156.15","893,931"
"26-Aug-2021","1,151.20","1,164.50","1,144.85","1,151.80","823,814"
"27-Aug-2021","1,154.80","1,192.65","1,145.30","1,184.05","2,469,538"
"30-Aug-2021","1,189.50","1,199.00","1,176.55","1,180.70","1,690,833"
"31-Aug-2021","1,180.70","1,194.50","1,171.65","1,192.05","1,719,768"
"01-Sep-2021","1,189.00","1,222.80","1,183.90","1,220.50","1,955,177"
"02-Sep-2021","1,229.80","1,250.00","1,224.20","1,243.40","2,468,599"
"03-Sep-2021","1,246.95","1,253.65","1,226.00","1,244.15","1,295,336"
"06-Sep-2021","1,245.00","1,248.00","1,233.50","1,244.65","1,166,873"
"07-Sep-2021","1,245.00","1,253.35","1,228.25","1,238.75","1,164,891"
"08-Sep-2021","1,246.05","1,246.95","1,211.95","1,220.05","1,909,087"
"09-Sep-2021","1,177.00","1,199.65","1,168.00","1,173.20","10,115,407"
"13-Sep-2021","1,179.05","1,179.05","1,153.35","1,165.15","2,374,250"
"14-Sep-2021","1,170.00","1,174.00","1,158.05","1,170.90","1,338,821"
"15-Sep-2021","1,170.90","1,176.00","1,165.50","1,172.45","1,875,092"
"16-Sep-2021","1,174.20","1,187.00","1,168.00","1,184.90","3,028,407"
"17-Sep-2021","1,203.00","1,204.80","1,183.45","1,198.80","4,143,024"
"20-Sep-2021","1,189.85","1,198.70","1,174.00","1,177.50","2,117,784"
"21-Sep-2021","1,189.00","1,195.95","1,170.90","1,184.60","2,117,913"
"22-Sep-2021","1,184.60","1,203.55","1,177.75","1,191.30","1,399,326"
"23-Sep-2021","1,224.00","1,224.00","1,198.50","1,218.30","2,659,260"
"24-Sep-2021","1,219.00","1,238.55","1,207.60","1,222.05","1,703,375"
"27-Sep-2021","1,229.95","1,233.00","1,208.85","1,222.80","728,019"
"28-Sep-2021","1,222.50","1,229.15","1,202.30","1,210.30","1,588,306"
"29-Sep-2021","1,206.00","1,214.80","1,196.80","1,205.95","1,623,118"
"30-Sep-2021","1,209.15","1,219.00","1,196.75","1,215.10","1,234,882"
"01-Oct-2021","1,204.00","1,217.55","1,199.40","1,209.05","830,634"
"04-Oct-2021","1,211.00","1,240.00","1,206.05","1,230.85","1,664,614"
"05-Oct-2021","1,231.00","1,267.50","1,227.00","1,261.95","2,282,814"
"06-Oct-2021","1,273.00","1,273.90","1,205.40","1,212.05","2,630,744"
"07-Oct-2021","1,227.00","1,234.20","1,207.20","1,215.05","2,674,007"
"08-Oct-2021","1,224.95","1,229.00","1,191.95","1,196.45","1,661,548"
"11-Oct-2021","1,199.95","1,218.50","1,199.95","1,206.10","822,914"
"12-Oct-2021","1,209.00","1,215.00","1,198.15","1,210.60","815,338"
"13-Oct-2021","1,210.60","1,218.65","1,184.40","1,191.75","1,281,752"
"14-Oct-2021","1,192.95","1,198.90","1,173.80","1,185.55","2,080,766"
"18-Oct-2021","1,220.00","1,220.00","1,185.55","1,192.50","934,860"
"19-Oct-2021","1,193.50","1,215.90","1,186.55","1,193.45","1,313,098"
"20-Oct-2021","1,199.00","1,203.00","1,155.90","1,168.75","2,063,277"
"21-Oct-2021","1,170.00","1,184.45","1,138.05","1,158.30","1,985,866"
"22-Oct-2021","1,168.00","1,171.80","1,141.70","1,167.20","1,112,991"
"25-Oct-2021","1,157.60","1,166.95","1,126.30","1,129.70","1,843,700"
"26-Oct-2021","1,135.00","1,178.30","1,134.00","1,172.05","1,572,647"
"27-Oct-2021","1,175.40","1,202.05","1,175.30","1,186.00","1,916,766"
"28-Oct-2021","1,210.00","1,221.75","1,158.10","1,167.10","3,565,017"
"29-Oct-2021","1,167.10","1,180.00","1,142.10","1,145.55","1,518,940"
"01-Nov-2021","1,148.00","1,173.05","1,138.55","1,163.35","972,538"
"02-Nov-2021","1,163.35","1,172.25","1,155.30","1,166.05","1,159,884"
"03-Nov-2021","1,170.00","1,198.40","1,167.00","1,178.80","1,941,052"
"04-Nov-2021","1,189.95","1,189.95","1,172.55","1,181.75","119,047"
"08-Nov-2021","1,183.00","1,202.10","1,177.35","1,200.65","1,361,707"
"09-Nov-2021","1,212.00","1,212.00","1,192.40","1,207.25","1,521,269"
"10-Nov-2021","1,197.10","1,204.80","1,181.05","1,183.75","842,679"
"11-Nov-2021","1,178.00","1,192.10","1,150.10","1,153.20","1,271,079"
"12-Nov-2021","1,154.00","1,177.00","1,147.60","1,174.90","1,281,030"
"15-Nov-2021","1,177.20","1,179.50","1,155.50","1,159.90","662,558"
"16-Nov-2021","1,169.90","1,174.15","1,150.65","1,153.00","694,696"
"17-Nov-2021","1,150.00","1,196.95","1,150.00","1,187.20","2,862,829"
"18-Nov-2021","1,190.00","1,205.00","1,178.50","1,182.05","1,527,355"
"22-Nov-2021","1,182.05","1,189.65","1,137.15","1,150.65","772,737"
"23-Nov-2021","1,143.60","1,159.20","1,131.55","1,153.50","820,238"
"24-Nov-2021","1,159.25","1,181.35","1,152.00","1,163.75","1,136,850"
"25-Nov-2021","1,157.75","1,174.00","1,152.50","1,159.50","768,462"
"26-Nov-2021","1,154.00","1,154.00","1,105.25","1,130.35","2,315,515"
"29-Nov-2021","1,112.00","1,147.85","1,103.75","1,136.25","1,120,859"
"30-Nov-2021","1,135.00","1,167.90","1,134.15","1,160.55","2,253,521"
"01-Dec-2021","1,160.80","1,179.45","1,155.50","1,164.85","1,239,348"
"02-Dec-2021","1,170.65","1,190.00","1,157.05","1,188.05","1,030,248"
"03-Dec-2021","1,177.00","1,188.05","1,163.70","1,165.95","1,327,943"
"06-Dec-2021","1,165.95","1,179.00","1,145.00","1,148.50","936,271"
"07-Dec-2021","1,157.00","1,162.45","1,139.00","1,159.15","2,090,791"
"08-Dec-2021","1,165.00","1,173.00","1,158.60","1,169.50","2,315,306"
"09-Dec-2021","1,180.00","1,184.95","1,153.10","1,161.35","1,136,171"
"10-Dec-2021","1,161.00","1,177.80","1,156.80","1,175.60","949,040"
"13-Dec-2021","1,182.00","1,204.65","1,178.00","1,186.65","2,187,282"
"14-Dec-2021","1,179.00","1,192.90","1,178.15","1,188.55","1,171,502"
"15-Dec-2021","1,188.55","1,190.65","1,162.30","1,174.65","857,540"
"16-Dec-2021","1,178.50","1,186.95","1,160.15","1,163.80","993,629"
"17-Dec-2021","1,156.00","1,161.95","1,137.00","1,142.55","982,598"
"20-Dec-2021","1,139.50","1,142.55","1,100.60","1,125.70","1,341,693"
"21-Dec-2021","1,135.60","1,141.45","1,117.70","1,135.25","878,721"
"22-Dec-2021","1,139.35","1,139.90","1,118.95","1,124.30","846,447"
"23-Dec-2021","1,134.00","1,134.00","1,116.15","1,125.45","1,026,376"
"24-Dec-2021","1,130.80","1,153.65","1,126.00","1,148.20","1,930,715"
"27-Dec-2021","1,148.00","1,165.05","1,135.35","1,161.95","798,129"
"28-Dec-2021","1,165.30","1,182.50","1,161.60","1,177.60","776,910"
"29-Dec-2021","1,177.60","1,192.20","1,167.00","1,185.65","1,400,668"
"30-Dec-2021","1,183.90","1,202.70","1,180.90","1,195.20","1,335,116"
"31-Dec-2021","1,199.00","1,204.95","1,187.10","1,196.00","843,128"
"03-Jan-2022","1,196.00","1,214.45","1,196.00","1,209.40","925,281"
"04-Jan-2022","1,206.30","1,227.00","1,205.50","1,220.60","1,409,464"
"05-Jan-2022","1,215.00","1,225.00","1,213.75","1,219.85","378,090"
"06-Jan-2022","1,208.80","1,228.45","1,202.15","1,205.60","1,387,627"
"07-Jan-2022","1,208.00","1,219.25","1,206.00","1,217.40","1,050,768"
"10-Jan-2022","1,219.00","1,240.70","1,213.30","1,229.10","1,379,165"
"11-Jan-2022","1,230.80","1,239.95","1,224.10","1,233.40","985,871"
"12-Jan-2022","1,240.00","1,255.40","1,231.15","1,249.40","1,371,034"
"13-Jan-2022","1,255.00","1,261.00","1,246.00","1,258.70","933,511"
"14-Jan-2022","1,259.00","1,272.25","1,254.50","1,263.60","895,522"
"17-Jan-2022","1,256.30","1,293.25","1,256.30","1,287.95","1,427,239"
"18-Jan-2022","1,287.95","1,293.00","1,263.10","1,265.90","869,578"
"19-Jan-2022","1,263.00","1,272.10","1,240.60","1,248.10","625,670"
"20-Jan-2022","1,248.00","1,255.65","1,230.95","1,238.70","716,954"
"21-Jan-2022","1,225.00","1,263.20","1,201.00","1,240.65","2,421,446"
"24-Jan-2022","1,240.00","1,240.00","1,205.15","1,225.00","1,073,781"
"25-Jan-2022","1,212.10","1,232.90","1,210.25","1,228.00","1,083,251"
"27-Jan-2022","1,219.00","1,221.90","1,201.85","1,211.65","1,793,456"
"28-Jan-2022","1,210.00","1,237.75","1,201.00","1,205.55","635,096"
"31-Jan-2022","1,210.00","1,238.40","1,206.05","1,233.25","1,771,932"
"01-Feb-2022","1,250.00","1,250.00","1,202.60","1,214.95","1,593,083"
"02-Feb-2022","1,216.70","1,227.55","1,211.05","1,220.10","937,000"
"03-Feb-2022","1,218.05","1,220.00","1,175.60","1,185.20","1,236,574"
"04-Feb-2022","1,194.00","1,194.00","1,165.15","1,172.10","856,452"
"07-Feb-2022","1,161.80","1,171.70","1,131.90","1,144.00","1,519,928"
"08-Feb-2022","1,145.00","1,149.00","1,117.35","1,131.15","1,511,667"
"09-Feb-2022","1,132.00","1,140.80","1,118.00","1,125.70","1,741,687"
"10-Feb-2022","1,125.00","1,150.00","1,108.00","1,146.25","2,030,639"
"11-Feb-2022","1,144.85","1,144.85","1,124.00","1,133.30","1,942,394"
"14-Feb-2022","1,125.00","1,127.00","1,090.00","1,096.30","2,448,602"
"15-Feb-2022","1,096.00","1,123.65","1,086.20","1,119.95","1,245,681"
"16-Feb-2022","1,128.00","1,131.50","1,102.00","1,122.15","1,294,606"
"17-Feb-2022","1,128.00","1,132.85","1,111.90","1,126.35","1,182,862"
"18-Feb-2022","1,124.80","1,160.90","1,111.35","1,150.50","1,734,791"
"21-Feb-2022","1,145.00","1,150.50","1,123.00","1,134.75","1,020,384"
"22-Feb-2022","1,106.00","1,126.50","1,096.10","1,100.95","2,115,917"
"23-Feb-2022","1,108.00","1,114.95","1,098.70","1,101.75","1,743,770"
"24-Feb-2022","1,078.00","1,091.50","1,040.70","1,054.20","2,088,599"
"25-Feb-2022","1,060.00","1,077.70","1,049.00","1,055.60","1,415,912"
"28-Feb-2022","1,049.00","1,062.80","1,016.85","1,060.15","1,566,146"
"02-Mar-2022","1,060.00","1,125.00","1,056.05","1,121.15","3,762,611"
"03-Mar-2022","1,120.10","1,126.75","1,075.15","1,081.30","1,105,747"
"04-Mar-2022","1,071.50","1,077.40","1,049.75","1,057.35","1,586,668"
"07-Mar-2022","1,026.60","1,048.80","1,023.00","1,028.90","852,067"
"08-Mar-2022","1,009.00","1,039.75","1,003.50","1,031.95","1,580,056"
"09-Mar-2022","1,035.80","1,041.95","1,020.80","1,025.20","1,409,037"
"10-Mar-2022","1,039.00","1,057.10","1,036.05","1,050.05","1,580,932"
"11-Mar-2022","1,050.00","1,066.10","1,041.65","1,058.50","698,477"
"14-Mar-2022","1,047.00","1,072.60","1,040.15","1,069.70","1,278,905"
"15-Mar-2022","1,069.05","1,079.35","1,060.00","1,070.55","1,068,905"
"16-Mar-2022","1,075.90","1,097.80","1,075.00","1,085.75","1,616,431"
"17-Mar-2022","1,096.00","1,140.00","1,088.10","1,128.55","1,867,149"
"21-Mar-2022","1,139.00","1,139.00","1,094.00","1,095.80","849,763"
"22-Mar-2022","1,092.50","1,101.85","1,070.00","1,097.65","998,586"
"23-Mar-2022","1,110.45","1,117.70","1,079.10","1,092.25","1,054,362"
"24-Mar-2022","1,088.00","1,097.50","1,084.30","1,088.95","526,345"
"25-Mar-2022","1,094.00","1,101.30","1,085.60","1,092.60","598,919"
"28-Mar-2022","1,092.90","1,103.80","1,056.00","1,077.00","926,829"
"29-Mar-2022","1,111.00","1,114.95","1,086.40","1,101.25","2,864,668"
"30-Mar-2022","1,110.00","1,127.65","1,103.50","1,121.80","1,287,813"
"31-Mar-2022","1,128.00","1,128.00","1,114.45","1,121.45","749,342"
"01-Apr-2022","1,119.00","1,120.80","1,089.00","1,113.35","1,519,104"
"04-Apr-2022","1,113.35","1,129.90","1,104.00","1,126.30","1,802,143"
"05-Apr-2022","1,123.05","1,130.20","1,111.00","1,118.35","773,451"
"06-Apr-2022","1,111.00","1,122.45","1,101.50","1,107.10","1,354,847"
"07-Apr-2022","1,103.50","1,115.75","1,100.00","1,108.85","966,698"
"08-Apr-2022","1,109.00","1,165.00","1,109.00","1,160.45","2,390,240"
"11-Apr-2022","1,160.00","1,160.00","1,133.05","1,142.50","1,318,874"
"12-Apr-2022","1,141.00","1,153.00","1,119.05","1,149.10","1,506,254"
"13-Apr-2022","1,150.00","1,157.90","1,140.00","1,146.90","509,293"
"18-Apr-2022","1,145.00","1,181.95","1,133.60","1,173.40","2,382,085"
"19-Apr-2022","1,184.95","1,184.95","1,112.00","1,124.70","971,382"
"20-Apr-2022","1,127.50","1,135.70","1,117.70","1,128.35","645,638"
"21-Apr-2022","1,125.20","1,148.60","1,125.20","1,144.55","731,288"
"22-Apr-2022","1,133.50","1,140.00","1,122.00","1,137.25","824,665"
"25-Apr-2022","1,120.00","1,129.20","1,087.45","1,091.25","1,073,577"
"26-Apr-2022","1,106.00","1,106.00","1,083.60","1,094.85","922,785"
"27-Apr-2022","1,093.00","1,098.90","1,061.20","1,074.20","1,202,603"
"28-Apr-2022","1,068.50","1,125.00","1,066.40","1,116.85","1,643,102"
"29-Apr-2022","1,114.50","1,132.60","1,066.25","1,105.50","3,259,418"
"02-May-2022","1,088.95","1,093.40","1,064.20","1,081.05","1,925,857"
"04-May-2022","1,081.05","1,096.95","1,065.00","1,077.85","1,169,983"
"05-May-2022","1,082.00","1,115.00","1,080.00","1,083.65","814,132"
"06-May-2022","1,073.00","1,081.00","1,052.20","1,059.15","1,350,057"
"09-May-2022","1,034.00","1,074.90","1,033.20","1,064.45","1,201,027"
"10-May-2022","1,070.00","1,096.80","1,062.00","1,081.05","1,410,429"
"11-May-2022","1,079.00","1,104.45","1,079.00","1,087.15","1,886,732"
"12-May-2022","1,075.50","1,081.95","1,048.00","1,060.60","1,457,225"
"13-May-2022","1,075.00","1,079.00","1,038.55","1,044.95","1,108,831"
"16-May-2022","1,045.00","1,054.00","1,034.15","1,044.65","590,395"
"17-May-2022","1,042.00","1,075.35","1,036.30","1,070.40","545,334"
"18-May-2022","1,063.50","1,085.00","1,061.00","1,073.90","775,879"
"19-May-2022","1,073.90","1,073.90","1,047.00","1,056.65","1,069,562"
"20-May-2022","1,081.00","1,083.50","1,061.35","1,071.35","941,175"
"23-May-2022","1,062.00","1,091.90","1,062.00","1,076.50","620,152"
"24-May-2022","1,072.75","1,083.60","1,057.25","1,073.40","847,697"
"25-May-2022","1,078.00","1,116.00","1,078.00","1,096.00","3,185,769"
"26-May-2022","1,097.00","1,109.80","1,073.40","1,105.35","1,177,148"
"27-May-2022","1,115.00","1,129.40","1,102.85","1,121.10","687,512"
"30-May-2022","1,125.40","1,150.00","1,118.85","1,148.40","580,398"
"31-May-2022","1,154.00","1,180.90","1,139.60","1,174.15","2,649,820"
"01-Jun-2022","1,162.00","1,176.00","1,144.05","1,152.75","683,413"
"02-Jun-2022","1,140.20","1,148.00","1,121.30","1,143.75","950,691"
"03-Jun-2022","1,154.00","1,161.85","1,138.95","1,141.15","917,466"
"06-Jun-2022","1,135.60","1,149.60","1,134.10","1,142.00","1,199,089"
"07-Jun-2022","1,135.05","1,138.00","1,113.50","1,134.30","848,821"
"08-Jun-2022","1,144.25","1,159.20","1,129.20","1,136.05","1,387,431"
"09-Jun-2022","1,136.95","1,167.25","1,130.55","1,163.70","1,142,045"
"10-Jun-2022","1,154.75","1,163.70","1,152.25","1,154.90","611,509"
"13-Jun-2022","1,137.05","1,161.80","1,130.35","1,133.70","1,014,220"
"14-Jun-2022","1,125.00","1,145.00","1,124.15","1,132.10","768,306"
"15-Jun-2022","1,140.00","1,144.70","1,122.80","1,125.75","947,417"
"16-Jun-2022","1,131.35","1,137.65","1,099.90","1,105.15","1,385,141"
"17-Jun-2022","1,105.15","1,114.35","1,075.90","1,082.10","1,535,565"
"20-Jun-2022","1,078.15","1,092.80","1,069.15","1,075.95","532,685"
"21-Jun-2022","1,080.10","1,098.50","1,077.35","1,096.35","659,138"
"22-Jun-2022","1,095.50","1,096.00","1,062.60","1,070.45","560,136"
"23-Jun-2022","1,077.00","1,083.00","1,061.45","1,073.85","895,014"
"24-Jun-2022","1,072.10","1,092.90","1,072.10","1,078.55","492,066"
"27-Jun-2022","1,083.90","1,096.60","1,077.05","1,084.55","793,805"
"28-Jun-2022","1,085.00","1,090.00","1,068.00","1,078.05","572,706"
"29-Jun-2022","1,070.05","1,088.00","1,051.55","1,067.65","1,224,658"
"30-Jun-2022","1,073.50","1,092.65","1,057.55","1,081.60","1,569,542"
"01-Jul-2022","1,085.45","1,105.35","1,075.00","1,099.85","696,341"
"04-Jul-2022","1,105.00","1,122.00","1,095.10","1,117.65","1,436,248"
"05-Jul-2022","1,118.00","1,131.35","1,106.95","1,111.00","1,020,111"
"06-Jul-2022","1,114.20","1,125.00","1,111.00","1,116.10","602,752"
"07-Jul-2022","1,121.70","1,130.00","1,111.15","1,124.60","792,663"
"08-Jul-2022","1,135.80","1,149.40","1,127.55","1,146.90","1,135,110"
"11-Jul-2022","1,145.95","1,155.10","1,141.05","1,147.40","543,156"
"12-Jul-2022","1,143.00","1,147.00","1,134.10","1,139.75","331,672"
"13-Jul-2022","1,145.45","1,150.80","1,137.60","1,139.85","368,619"
"14-Jul-2022","1,143.10","1,146.90","1,130.05","1,138.95","728,701"
"15-Jul-2022","1,144.65","1,158.10","1,136.85","1,155.45","591,171"
"18-Jul-2022","1,165.45","1,186.85","1,157.30","1,177.15","1,044,459"
"19-Jul-2022","1,176.40","1,185.95","1,155.50","1,169.95","1,099,874"
"20-Jul-2022","1,175.00","1,199.00","1,163.50","1,186.05","1,608,377"
"21-Jul-2022","1,187.00","1,187.00","1,163.00","1,168.55","1,048,591"
"22-Jul-2022","1,169.55","1,176.20","1,158.40","1,164.95","753,148"
"25-Jul-2022","1,172.00","1,172.00","1,139.20","1,144.95","934,158"
"26-Jul-2022","1,142.00","1,150.10","1,135.00","1,138.20","687,125"
"27-Jul-2022","1,140.00","1,177.50","1,132.20","1,149.35","1,554,002"
"28-Jul-2022","1,155.00","1,195.00","1,147.50","1,191.45","1,043,318"
"29-Jul-2022","1,262.70","1,304.70","1,241.00","1,294.40","7,628,351"
"01-Aug-2022","1,300.00","1,317.25","1,287.40","1,313.30","2,973,441"
"02-Aug-2022","1,310.00","1,312.80","1,280.45","1,285.20","1,673,860"
"03-Aug-2022","1,283.00","1,287.55","1,258.60","1,283.55","1,409,000"
"04-Aug-2022","1,284.10","1,286.95","1,270.25","1,278.80","1,015,838"
"05-Aug-2022","1,285.20","1,287.85","1,260.95","1,266.65","922,856"
"08-Aug-2022","1,261.20","1,272.35","1,251.25","1,269.90","1,002,771"
"10-Aug-2022","1,270.00","1,294.30","1,269.05","1,273.20","1,187,710"
"11-Aug-2022","1,279.60","1,283.95","1,259.05","1,261.50","943,196"
"12-Aug-2022","1,255.50","1,289.85","1,252.50","1,286.55","1,572,048"
"16-Aug-2022","1,289.00","1,321.00","1,287.05","1,309.60","1,710,276"
"17-Aug-2022","1,305.00","1,321.00","1,292.45","1,305.35","1,209,377"
"18-Aug-2022","1,306.00","1,333.00","1,303.35","1,324.20","1,498,235"
"19-Aug-2022","1,320.00","1,334.70","1,293.35","1,296.95","961,803"
"22-Aug-2022","1,292.05","1,311.40","1,271.15","1,276.00","966,451"
"23-Aug-2022","1,276.00","1,292.65","1,270.00","1,279.25","803,737"
"24-Aug-2022","1,284.00","1,289.95","1,272.25","1,287.50","684,029"
"25-Aug-2022","1,288.00","1,316.00","1,288.00","1,297.00","1,286,241"
"26-Aug-2022","1,306.00","1,327.50","1,306.00","1,313.70","869,870"
"29-Aug-2022","1,256.00","1,310.90","1,256.00","1,298.20","737,193"
"30-Aug-2022","1,300.10","1,333.65","1,300.10","1,329.10","1,086,386"
"01-Sep-2022","1,291.10","1,313.00","1,291.00","1,296.55","2,045,072"
"02-Sep-2022","1,303.05","1,311.00","1,282.70","1,288.20","1,141,002"
"05-Sep-2022","1,294.65","1,296.00","1,282.00","1,293.40","440,939"
"06-Sep-2022","1,293.00","1,317.00","1,285.05","1,311.35","1,792,194"
"07-Sep-2022","1,304.00","1,337.40","1,301.20","1,331.55","839,563"
"08-Sep-2022","1,338.00","1,340.35","1,304.75","1,317.70","1,205,449"
"09-Sep-2022","1,322.05","1,326.95","1,291.30","1,297.45","548,609"
"12-Sep-2022","1,297.80","1,311.00","1,295.05","1,306.00","1,002,755"
"13-Sep-2022","1,312.55","1,335.00","1,311.00","1,324.40","1,160,040"
"14-Sep-2022","1,304.95","1,320.00","1,300.00","1,303.30","800,852"
"15-Sep-2022","1,309.85","1,317.00","1,276.60","1,295.00","1,441,219"
"16-Sep-2022","1,289.00","1,302.95","1,266.00","1,272.25","1,717,631"
"19-Sep-2022","1,278.50","1,308.00","1,272.45","1,303.30","859,607"
"20-Sep-2022","1,309.85","1,322.50","1,306.65","1,309.30","671,787"
"21-Sep-2022","1,309.30","1,318.75","1,298.00","1,306.30","453,755"
"22-Sep-2022","1,297.00","1,299.95","1,269.00","1,285.50","932,867"
"23-Sep-2022","1,274.00","1,289.95","1,265.55","1,273.00","415,333"
"26-Sep-2022","1,271.80","1,271.80","1,251.85","1,259.80","1,271,968"
"27-Sep-2022","1,266.00","1,270.65","1,237.30","1,242.30","821,405"
"28-Sep-2022","1,227.50","1,250.85","1,215.00","1,238.80","1,102,669"
"29-Sep-2022","1,245.00","1,251.00","1,236.00","1,239.80","1,382,993"
"30-Sep-2022","1,243.00","1,258.00","1,234.55","1,250.45","1,344,894"
"03-Oct-2022","1,255.60","1,256.65","1,227.85","1,237.25","981,699"
"04-Oct-2022","1,252.25","1,265.00","1,250.05","1,260.65","420,656"
"06-Oct-2022","1,267.00","1,279.95","1,242.45","1,245.15","900,769"
"07-Oct-2022","1,239.10","1,256.90","1,238.35","1,243.20","570,691"
"10-Oct-2022","1,230.00","1,243.95","1,218.05","1,239.30","539,842"
"11-Oct-2022","1,240.05","1,243.00","1,200.15","1,206.35","712,461"
"12-Oct-2022","1,206.00","1,220.45","1,200.30","1,212.20","721,135"
"13-Oct-2022","1,207.00","1,216.55","1,185.05","1,187.90","689,562"
"14-Oct-2022","1,201.00","1,217.05","1,177.60","1,179.80","717,290"
"17-Oct-2022","1,178.00","1,198.65","1,167.60","1,189.80","1,615,547"
"18-Oct-2022","1,195.75","1,226.00","1,193.15","1,219.05","1,367,703"
"19-Oct-2022","1,220.00","1,233.80","1,213.35","1,227.10","947,326"
"20-Oct-2022","1,220.00","1,230.00","1,214.00","1,222.95","878,595"
"21-Oct-2022","1,228.45","1,250.25","1,227.00","1,246.35","1,020,728"
"24-Oct-2022","1,268.95","1,268.95","1,238.80","1,257.60","157,253"
"25-Oct-2022","1,261.60","1,278.60","1,243.20","1,254.85","1,260,061"
"27-Oct-2022","1,255.50","1,264.00","1,243.55","1,252.90","1,512,949"
"28-Oct-2022","1,259.20","1,265.35","1,244.45","1,252.80","528,795"
"31-Oct-2022","1,259.10","1,273.75","1,255.30","1,265.95","539,055"
"01-Nov-2022","1,265.95","1,286.40","1,260.05","1,268.75","1,038,607"
"02-Nov-2022","1,275.10","1,279.40","1,262.50","1,272.65","369,486"
"03-Nov-2022","1,263.00","1,281.00","1,263.00","1,276.05","431,610"
"04-Nov-2022","1,280.00","1,281.85","1,259.50","1,265.60","336,277"
"07-Nov-2022","1,271.95","1,282.00","1,265.40","1,278.65","474,230"
"09-Nov-2022","1,290.00","1,290.00","1,256.05","1,263.80","992,095"
"10-Nov-2022","1,268.10","1,268.10","1,225.95","1,238.35","497,796"
"11-Nov-2022","1,251.00","1,273.20","1,238.35","1,250.25","1,136,441"
"14-Nov-2022","1,251.00","1,259.90","1,239.95","1,248.60","772,676"
"15-Nov-2022","1,248.60","1,262.00","1,238.50","1,259.30","775,345"
"16-Nov-2022","1,260.00","1,265.55","1,246.30","1,254.90","1,280,120"
"17-Nov-2022","1,255.50","1,261.15","1,244.00","1,254.35","796,479"
"18-Nov-2022","1,254.35","1,261.00","1,237.65","1,242.75","1,253,218"
"21-Nov-2022","1,230.10","1,248.90","1,205.50","1,226.60","1,040,107"
"22-Nov-2022","1,232.70","1,235.95","1,219.65","1,229.05","750,489"
"23-Nov-2022","1,234.95","1,235.00","1,217.15","1,226.30","880,563"
"24-Nov-2022","1,230.00","1,245.35","1,220.25","1,240.65","1,717,980"
"25-Nov-2022","1,248.20","1,254.95","1,229.10","1,235.25","1,429,364"
"28-Nov-2022","1,230.00","1,269.50","1,227.00","1,253.50","1,073,327"
"29-Nov-2022","1,253.50","1,273.30","1,247.95","1,258.40","1,070,183"
"30-Nov-2022","1,258.35","1,289.70","1,252.75","1,282.90","1,401,332"
"01-Dec-2022","1,290.00","1,298.15","1,276.20","1,290.75","949,604"
"02-Dec-2022","1,292.00","1,299.95","1,265.00","1,295.15","1,614,314"
"05-Dec-2022","1,298.10","1,298.10","1,273.65","1,284.55","684,421"
"06-Dec-2022","1,286.00","1,313.50","1,281.55","1,285.10","1,991,151"
"07-Dec-2022","1,285.90","1,296.60","1,259.00","1,262.05","636,553"
"08-Dec-2022","1,242.00","1,268.75","1,242.00","1,266.85","608,199"
"09-Dec-2022","1,277.00","1,277.00","1,257.05","1,269.65","679,420"
"12-Dec-2022","1,268.95","1,273.00","1,253.05","1,263.20","498,780"
"13-Dec-2022","1,265.50","1,280.35","1,259.25","1,277.80","598,044"
"14-Dec-2022","1,285.00","1,286.00","1,266.60","1,269.75","609,946"
"15-Dec-2022","1,274.95","1,295.00","1,268.65","1,273.50","1,303,760"
"16-Dec-2022","1,263.00","1,278.75","1,250.60","1,254.15","722,024"
"19-Dec-2022","1,254.20","1,270.90","1,251.35","1,267.50","378,502"
"20-Dec-2022","1,260.00","1,269.00","1,229.05","1,231.25","1,478,618"
"21-Dec-2022","1,231.05","1,244.80","1,221.60","1,234.35","1,281,437"
"22-Dec-2022","1,234.40","1,249.00","1,229.15","1,244.75","1,176,517"
"23-Dec-2022","1,239.30","1,248.00","1,216.75","1,224.60","877,135"
"26-Dec-2022","1,222.95","1,249.35","1,205.00","1,243.30","567,165"
"27-Dec-2022","1,243.50","1,254.75","1,235.10","1,241.05","471,890"
"28-Dec-2022","1,241.00","1,249.90","1,232.10","1,242.05","376,439"
"29-Dec-2022","1,238.00","1,262.80","1,229.05","1,258.60","678,487"
"30-Dec-2022","1,262.00","1,263.80","1,228.80","1,231.30","1,052,741"
"02-Jan-2023","1,230.00","1,247.65","1,222.00","1,240.05","703,923"
"03-Jan-2023","1,244.70","1,275.00","1,226.40","1,268.40","1,871,263"
"04-Jan-2023","1,268.35","1,282.30","1,253.05","1,259.05","1,073,081"
"05-Jan-2023","1,260.65","1,274.55","1,255.05","1,267.65","878,852"
"06-Jan-2023","1,270.95","1,287.35","1,266.50","1,269.05","1,675,874"
"09-Jan-2023","1,275.40","1,313.90","1,271.15","1,306.35","1,432,882"
"10-Jan-2023","1,306.35","1,313.65","1,297.90","1,302.60","1,000,059"
"11-Jan-2023","1,309.15","1,309.15","1,287.35","1,291.30","652,049"
"12-Jan-2023","1,291.30","1,320.00","1,291.30","1,315.70","1,377,949"
"13-Jan-2023","1,319.00","1,326.00","1,306.00","1,312.95","1,214,977"
"16-Jan-2023","1,319.55","1,322.75","1,295.00","1,300.90","600,742"
"17-Jan-2023","1,304.70","1,310.40","1,294.50","1,298.45","895,667"
"18-Jan-2023","1,309.00","1,322.00","1,302.15","1,310.65","1,078,873"
"19-Jan-2023","1,313.00","1,330.00","1,303.60","1,323.10","1,189,082"
"20-Jan-2023","1,324.05","1,325.95","1,292.35","1,296.10","966,855"
"23-Jan-2023","1,285.00","1,318.15","1,280.00","1,295.40","1,367,408"
"24-Jan-2023","1,296.00","1,301.00","1,270.20","1,273.25","657,428"
"25-Jan-2023","1,273.20","1,278.80","1,250.05","1,257.45","599,832"
"27-Jan-2023","1,263.70","1,291.50","1,230.00","1,250.25","1,164,597"
"30-Jan-2023","1,222.00","1,244.45","1,215.60","1,233.45","1,694,822"
"31-Jan-2023","1,243.70","1,243.70","1,212.55","1,219.55","1,760,628"
"01-Feb-2023","1,219.55","1,228.75","1,068.85","1,109.40","8,470,232"
"02-Feb-2023","1,090.20","1,155.00","1,088.75","1,107.50","8,566,734"
"03-Feb-2023","1,115.00","1,145.65","1,115.00","1,138.05","4,061,171"
"06-Feb-2023","1,127.20","1,146.85","1,115.00","1,138.40","2,909,587"
"07-Feb-2023","1,143.00","1,147.85","1,124.45","1,131.75","1,741,642"
"08-Feb-2023","1,140.00","1,172.00","1,135.15","1,164.50","3,265,863"
"09-Feb-2023","1,170.60","1,185.00","1,162.75","1,180.45","2,186,484"
"10-Feb-2023","1,179.85","1,187.50","1,167.05","1,184.50","1,655,228"
"13-Feb-2023","1,180.20","1,187.95","1,173.05","1,179.10","812,659"
"14-Feb-2023","1,178.00","1,181.45","1,155.10","1,161.70","990,530"
"15-Feb-2023","1,160.90","1,183.85","1,150.00","1,180.35","1,243,115"
"16-Feb-2023","1,186.30","1,186.30","1,169.55","1,174.10","356,750"
"17-Feb-2023","1,175.60","1,175.60","1,137.25","1,149.70","909,951"
"20-Feb-2023","1,144.00","1,170.65","1,141.15","1,158.40","488,052"
"21-Feb-2023","1,164.20","1,168.00","1,144.20","1,150.35","610,755"
"22-Feb-2023","1,148.90","1,148.95","1,125.15","1,131.15","944,068"
"23-Feb-2023","1,136.85","1,141.90","1,123.85","1,135.40","768,179"
"24-Feb-2023","1,136.10","1,142.35","1,119.20","1,122.05","973,799"
"27-Feb-2023","1,122.05","1,135.00","1,110.45","1,129.15","987,563"
"28-Feb-2023","1,131.40","1,134.90","1,109.05","1,121.00","1,219,508"
"01-Mar-2023","1,126.65","1,126.65","1,108.80","1,118.15","675,500"
"02-Mar-2023","1,121.70","1,123.00","1,098.10","1,100.15","491,880"
"03-Mar-2023","1,100.15","1,132.70","1,100.15","1,129.25","922,485"
"06-Mar-2023","1,132.00","1,145.95","1,125.00","1,128.70","920,574"
"08-Mar-2023","1,130.00","1,141.30","1,110.70","1,129.20","959,097"
"09-Mar-2023","1,129.20","1,134.70","1,092.00","1,096.70","1,239,659"
"10-Mar-2023","1,093.00","1,100.55","1,083.95","1,095.90","893,708"
"13-Mar-2023","1,092.00","1,101.40","1,066.15","1,072.50","875,379"
"14-Mar-2023","1,074.80","1,092.55","1,071.00","1,077.10","1,089,923"
"15-Mar-2023","1,080.00","1,081.40","1,062.00","1,067.05","1,566,147"
"16-Mar-2023","1,071.95","1,088.55","1,054.60","1,062.65","1,023,855"
"17-Mar-2023","1,068.00","1,091.10","1,066.15","1,071.60","1,569,036"
"20-Mar-2023","1,071.60","1,089.95","1,054.00","1,074.10","842,875"
"21-Mar-2023","1,075.05","1,099.70","1,075.05","1,097.70","842,669"
"22-Mar-2023","1,119.50","1,127.65","1,103.05","1,113.10","1,399,723"
"23-Mar-2023","1,113.80","1,125.55","1,105.00","1,118.65","463,672"
"24-Mar-2023","1,110.00","1,121.85","1,088.50","1,112.20","1,019,781"
"27-Mar-2023","1,109.70","1,116.60","1,095.10","1,099.30","1,078,978"
"28-Mar-2023","1,104.80","1,106.50","1,088.05","1,091.30","609,715"
"29-Mar-2023","1,094.00","1,106.00","1,083.25","1,098.70","890,212"
"31-Mar-2023","1,100.20","1,112.95","1,097.25","1,101.10","959,958"
"03-Apr-2023","1,100.00","1,126.80","1,091.80","1,103.80","1,689,388"
"05-Apr-2023","1,109.55","1,118.90","1,100.45","1,105.55","713,828"
"06-Apr-2023","1,108.90","1,120.00","1,105.00","1,116.25","959,185"
"10-Apr-2023","1,119.40","1,119.45","1,104.05","1,106.25","985,731"
"11-Apr-2023","1,110.90","1,131.85","1,108.40","1,112.65","913,188"
"12-Apr-2023","1,118.50","1,130.00","1,112.10","1,126.85","784,276"
"13-Apr-2023","1,126.85","1,139.00","1,123.50","1,130.25","1,508,398"
"17-Apr-2023","1,120.00","1,150.75","1,119.00","1,145.35","1,053,536"
"18-Apr-2023","1,145.35","1,153.30","1,140.10","1,145.55","521,013"
"19-Apr-2023","1,140.00","1,145.25","1,120.50","1,123.40","1,033,060"
"20-Apr-2023","1,123.40","1,131.80","1,112.50","1,128.85","663,526"
"21-Apr-2023","1,136.60","1,136.60","1,103.35","1,106.55","835,506"
"24-Apr-2023","1,106.00","1,113.65","1,090.60","1,105.70","1,337,055"
"25-Apr-2023","1,106.00","1,122.15","1,101.05","1,105.85","1,099,269"
"26-Apr-2023","1,106.00","1,122.00","1,104.00","1,118.30","993,607"
"27-Apr-2023","1,138.75","1,145.00","1,125.00","1,137.05","1,895,316"
"28-Apr-2023","1,148.00","1,148.00","1,130.15","1,140.10","1,380,448"
"02-May-2023","1,147.00","1,158.25","1,144.35","1,150.90","916,515"
"03-May-2023","1,148.50","1,150.10","1,134.30","1,136.90","623,440"
"04-May-2023","1,136.95","1,169.90","1,136.95","1,167.45","2,409,910"
"05-May-2023","1,172.00","1,183.25","1,167.50","1,173.70","1,360,996"
"08-May-2023","1,178.00","1,185.70","1,168.00","1,182.35","1,221,625"
"09-May-2023","1,183.95","1,189.95","1,176.90","1,183.15","1,412,254"
"10-May-2023","1,184.40","1,195.00","1,181.35","1,188.80","1,420,187"
"11-May-2023","1,189.10","1,195.80","1,179.05","1,185.40","621,616"
"12-May-2023","1,180.00","1,193.95","1,174.00","1,187.05","1,158,276"
"15-May-2023","1,181.10","1,194.50","1,181.10","1,189.45","680,497"
"16-May-2023","1,196.00","1,201.80","1,174.20","1,180.75","926,172"
"17-May-2023","1,182.80","1,184.95","1,159.20","1,162.60","688,730"
"18-May-2023","1,162.60","1,172.85","1,150.50","1,152.70","1,133,501"
"19-May-2023","1,152.70","1,157.70","1,142.55","1,154.15","333,053"
"22-May-2023","1,157.45","1,159.90","1,149.20","1,150.80","392,404"
"23-May-2023","1,147.00","1,167.85","1,144.85","1,165.60","1,139,676"
"24-May-2023","1,169.50","1,177.15","1,158.80","1,175.35","995,336"
"25-May-2023","1,175.35","1,182.00","1,171.50","1,177.35","1,136,179"
"26-May-2023","1,175.00","1,203.70","1,173.15","1,195.75","703,725"
"29-May-2023","1,198.95","1,231.90","1,197.10","1,218.10","1,370,649"
"30-May-2023","1,214.65","1,217.80","1,200.85","1,215.90","745,769"
"31-May-2023","1,215.55","1,239.65","1,211.95","1,235.00","2,382,996"
"01-Jun-2023","1,241.50","1,243.00","1,204.40","1,207.75","1,041,761"
"02-Jun-2023","1,211.80","1,216.20","1,199.25","1,202.50","737,046"
"05-Jun-2023","1,208.00","1,219.00","1,205.00","1,215.40","1,599,077"
"06-Jun-2023","1,219.85","1,225.00","1,210.10","1,223.00","793,761"
"07-Jun-2023","1,225.30","1,248.00","1,221.00","1,245.80","1,067,618"
"08-Jun-2023","1,247.70","1,254.75","1,234.05","1,238.90","760,962"
"09-Jun-2023","1,227.60","1,253.60","1,227.50","1,232.40","1,904,738"
"12-Jun-2023","1,242.20","1,256.30","1,234.85","1,238.90","1,402,903"
"13-Jun-2023","1,238.00","1,248.80","1,238.00","1,243.30","1,253,147"
"14-Jun-2023","1,240.10","1,254.95","1,227.65","1,242.30","713,768"
"15-Jun-2023","1,245.00","1,250.60","1,236.45","1,241.10","738,348"
"16-Jun-2023","1,241.00","1,291.95","1,236.05","1,281.35","2,049,003"
"19-Jun-2023","1,281.35","1,288.15","1,275.00","1,280.50","741,782"
"20-Jun-2023","1,281.85","1,306.80","1,280.50","1,295.35","1,474,323"
"21-Jun-2023","1,295.35","1,306.30","1,286.25","1,294.95","855,234"
"22-Jun-2023","1,295.90","1,306.00","1,272.95","1,276.50","556,505"
"23-Jun-2023","1,271.20","1,274.90","1,260.50","1,262.70","1,076,729"
"26-Jun-2023","1,266.95","1,276.20","1,263.20","1,266.35","1,009,927"
"27-Jun-2023","1,268.50","1,290.00","1,258.15","1,286.40","1,650,539"
"28-Jun-2023","1,290.00","1,312.60","1,285.00","1,299.90","2,245,575"
"30-Jun-2023","1,301.05","1,315.45","1,301.00","1,306.90","972,782"
"03-Jul-2023","1,307.95","1,312.00","1,291.00","1,297.95","599,025"
"04-Jul-2023","1,320.00","1,320.05","1,282.85","1,289.25","866,223"
"05-Jul-2023","1,289.55","1,316.70","1,285.10","1,291.55","960,704"
"06-Jul-2023","1,298.00","1,311.75","1,289.35","1,292.95","726,222"
"07-Jul-2023","1,292.60","1,318.00","1,288.45","1,294.00","939,840"
"10-Jul-2023","1,300.70","1,302.00","1,283.20","1,293.30","675,354"
"11-Jul-2023","1,298.75","1,308.75","1,289.50","1,295.00","821,816"
"12-Jul-2023","1,291.00","1,306.60","1,291.00","1,300.60","905,809"
"13-Jul-2023","1,312.00","1,336.00","1,305.05","1,313.95","1,579,954"
"14-Jul-2023","1,320.50","1,326.05","1,311.35","1,320.30","1,321,159"
"17-Jul-2023","1,321.00","1,328.55","1,296.75","1,314.50","1,055,414"
"18-Jul-2023","1,315.00","1,322.30","1,305.65","1,314.55","1,427,102"
"19-Jul-2023","1,314.60","1,321.55","1,307.25","1,310.45","659,900"
"20-Jul-2023","1,315.00","1,321.60","1,303.15","1,314.05","898,725"
"21-Jul-2023","1,314.80","1,322.75","1,288.00","1,290.70","524,241"
"24-Jul-2023","1,290.70","1,324.40","1,287.90","1,317.15","1,183,272"
"25-Jul-2023","1,318.00","1,320.00","1,290.10","1,301.10","1,362,929"
"26-Jul-2023","1,290.00","1,299.95","1,275.25","1,292.65","2,302,730"
"27-Jul-2023","1,295.00","1,312.00","1,292.75","1,296.50","1,946,045"
"28-Jul-2023","1,301.95","1,301.95","1,281.30","1,289.75","1,051,700"
"31-Jul-2023","1,296.95","1,296.95","1,270.00","1,282.15","1,061,701"
"01-Aug-2023","1,285.00","1,285.00","1,261.10","1,279.95","1,219,778"
"02-Aug-2023","1,280.00","1,284.90","1,252.45","1,262.25","888,107"
"03-Aug-2023","1,259.95","1,274.80","1,251.65","1,253.75","871,719"
"04-Aug-2023","1,258.95","1,287.15","1,254.00","1,267.90","1,609,140"
"07-Aug-2023","1,273.00","1,305.70","1,266.55","1,302.55","1,719,680"
"08-Aug-2023","1,306.90","1,358.75","1,293.75","1,349.35","3,458,915"
"09-Aug-2023","1,366.00","1,374.00","1,343.00","1,349.35","1,746,764"
"10-Aug-2023","1,344.95","1,358.90","1,330.10","1,334.35","841,571"
"11-Aug-2023","1,340.00","1,340.00","1,304.90","1,311.50","891,342"
"14-Aug-2023","1,314.00","1,315.95","1,291.95","1,297.10","888,959"
"16-Aug-2023","1,295.00","1,299.95","1,281.00","1,291.30","395,774"
"17-Aug-2023","1,286.50","1,289.95","1,276.25","1,284.45","843,146"
"18-Aug-2023","1,278.55","1,285.85","1,266.00","1,282.45","886,254"
"21-Aug-2023","1,282.95","1,289.80","1,274.30","1,278.55","703,317"
"22-Aug-2023","1,284.35","1,313.20","1,278.75","1,286.75","1,405,263"
"23-Aug-2023","1,289.95","1,304.50","1,286.25","1,300.25","583,458"
"24-Aug-2023","1,299.90","1,311.65","1,290.15","1,293.75","618,797"
"25-Aug-2023","1,293.05","1,298.55","1,282.45","1,296.40","487,521"
"28-Aug-2023","1,300.00","1,307.00","1,289.55","1,291.55","764,751"
"29-Aug-2023","1,292.00","1,301.65","1,290.00","1,297.20","1,011,094"
"30-Aug-2023","1,301.95","1,307.85","1,293.30","1,300.60","812,860"
"31-Aug-2023","1,304.85","1,308.60","1,286.50","1,292.55","1,390,078"
"01-Sep-2023","1,297.95","1,327.10","1,293.20","1,320.55","761,000"
"04-Sep-2023","1,328.50","1,332.45","1,301.50","1,328.35","542,261"
"05-Sep-2023","1,328.35","1,338.95","1,305.65","1,309.45","1,922,115"
"06-Sep-2023","1,310.00","1,329.00","1,305.45","1,319.80","1,461,738"
"07-Sep-2023","1,320.00","1,351.30","1,311.45","1,347.50","1,468,196"
"08-Sep-2023","1,348.00","1,349.45","1,334.35","1,341.45","1,214,231"
"11-Sep-2023","1,344.45","1,356.85","1,337.00","1,350.15","844,034"
"12-Sep-2023","1,352.80","1,352.80","1,331.30","1,346.50","1,139,357"
"13-Sep-2023","1,350.00","1,351.05","1,328.25","1,345.50","438,029"
"14-Sep-2023","1,345.50","1,360.75","1,342.25","1,352.75","889,229"
"15-Sep-2023","1,355.30","1,374.85","1,352.00","1,372.65","878,944"
"18-Sep-2023","1,375.00","1,393.00","1,367.55","1,373.70","1,324,270"
"20-Sep-2023","1,370.00","1,376.80","1,340.35","1,345.20","574,012"
"21-Sep-2023","1,345.50","1,351.90","1,328.05","1,334.20","783,641"
"22-Sep-2023","1,326.05","1,337.60","1,316.00","1,318.85","1,084,861"
"25-Sep-2023","1,318.80","1,340.00","1,289.10","1,294.15","908,011"
"26-Sep-2023","1,295.50","1,302.35","1,285.20","1,289.70","749,346"
"27-Sep-2023","1,283.30","1,304.00","1,277.95","1,301.00","643,756"
"28-Sep-2023","1,301.00","1,308.50","1,284.50","1,289.40","1,026,081"
"29-Sep-2023","1,289.95","1,312.00","1,289.00","1,305.40","1,294,800"
"03-Oct-2023","1,302.15","1,302.15","1,282.65","1,292.45","1,282,289"
"04-Oct-2023","1,291.60","1,297.70","1,264.35","1,270.55","1,139,615"
"05-Oct-2023","1,271.00","1,282.10","1,264.95","1,274.45","979,561"
"06-Oct-2023","1,276.00","1,287.55","1,272.00","1,282.95","784,191"
"09-Oct-2023","1,278.10","1,290.75","1,272.00","1,277.25","1,345,177"
"10-Oct-2023","1,285.00","1,312.60","1,279.80","1,302.05","1,221,002"
"11-Oct-2023","1,310.00","1,310.95","1,291.15","1,309.35","1,374,812"
"12-Oct-2023","1,311.95","1,317.40","1,300.95","1,313.65","726,322"
"13-Oct-2023","1,315.85","1,329.65","1,312.85","1,316.45","916,350"
"16-Oct-2023","1,319.20","1,332.20","1,310.55","1,322.20","578,729"
"17-Oct-2023","1,325.00","1,351.10","1,325.00","1,348.35","1,073,063"
"18-Oct-2023","1,344.05","1,358.60","1,339.00","1,356.35","454,861"
"19-Oct-2023","1,349.00","1,353.60","1,338.60","1,348.15","595,436"
"20-Oct-2023","1,340.00","1,368.65","1,336.50","1,362.65","936,229"
"23-Oct-2023","1,359.95","1,366.55","1,329.05","1,338.40","976,136"
"25-Oct-2023","1,323.05","1,346.10","1,308.65","1,314.15","945,901"
"26-Oct-2023","1,315.80","1,315.80","1,290.75","1,305.60","1,107,874"
"27-Oct-2023","1,307.60","1,320.70","1,293.65","1,302.90","654,531"
"30-Oct-2023","1,305.20","1,330.70","1,305.00","1,326.20","1,242,401"
"31-Oct-2023","1,325.00","1,375.40","1,319.50","1,367.85","2,287,988"
"01-Nov-2023","1,371.05","1,377.95","1,332.40","1,336.05","968,893"
"02-Nov-2023","1,342.00","1,357.75","1,340.15","1,343.50","637,519"
"03-Nov-2023","1,344.80","1,349.95","1,326.10","1,329.35","690,163"
"06-Nov-2023","1,335.00","1,340.70","1,323.40","1,331.85","377,106"
"07-Nov-2023","1,332.50","1,344.05","1,320.40","1,340.85","1,038,346"
"08-Nov-2023","1,342.15","1,349.35","1,334.70","1,345.50","498,283"
"09-Nov-2023","1,345.10","1,353.35","1,335.45","1,350.70","493,454"
"10-Nov-2023","1,351.80","1,360.00","1,341.00","1,355.40","639,801"
"12-Nov-2023","1,364.50","1,370.50","1,353.10","1,358.85","67,960"
"13-Nov-2023","1,351.50","1,359.70","1,325.00","1,328.35","1,332,535"
"15-Nov-2023","1,348.95","1,359.00","1,332.05","1,357.10","742,427"
"16-Nov-2023","1,362.75","1,365.10","1,348.05","1,359.95","577,249"
"17-Nov-2023","1,354.00","1,434.45","1,354.00","1,413.95","3,192,944"
"20-Nov-2023","1,413.95","1,420.00","1,383.00","1,385.30","726,211"
"21-Nov-2023","1,389.00","1,425.15","1,387.10","1,423.65","2,049,132"
"22-Nov-2023","1,425.00","1,438.55","1,417.35","1,430.10","865,655"
"23-Nov-2023","1,430.10","1,434.40","1,406.35","1,410.95","549,853"
"24-Nov-2023","1,414.00","1,418.95","1,401.05","1,409.70","387,896"
"28-Nov-2023","1,409.80","1,417.30","1,393.10","1,412.45","1,123,470"
"29-Nov-2023","1,415.45","1,421.80","1,406.00","1,407.85","887,709"
"30-Nov-2023","1,410.00","1,444.20","1,409.05","1,435.25","3,027,395"
"01-Dec-2023","1,438.05","1,445.00","1,420.10","1,423.65","808,841"
"04-Dec-2023","1,439.90","1,458.70","1,415.00","1,454.00","2,078,827"
"05-Dec-2023","1,454.00","1,472.10","1,443.00","1,460.95","1,932,719"
"06-Dec-2023","1,462.00","1,462.95","1,445.15","1,450.70","724,418"
"07-Dec-2023","1,456.85","1,483.45","1,450.10","1,455.75","1,244,939"
"08-Dec-2023","1,455.00","1,469.55","1,451.55","1,465.20","1,654,799"
"11-Dec-2023","1,465.20","1,468.30","1,455.00","1,460.60","731,571"
"12-Dec-2023","1,464.50","1,491.90","1,459.95","1,481.45","1,763,549"
"13-Dec-2023","1,483.15","1,483.15","1,460.00","1,466.80","2,279,728"
"14-Dec-2023","1,473.00","1,477.60","1,454.95","1,469.85","2,953,215"
"15-Dec-2023","1,474.00","1,485.00","1,448.60","1,452.50","1,482,700"
"18-Dec-2023","1,452.50","1,461.40","1,441.65","1,446.95","1,580,916"
"19-Dec-2023","1,444.95","1,448.00","1,419.05","1,424.55","1,282,514"
"20-Dec-2023","1,437.00","1,437.00","1,404.05","1,409.25","1,151,553"
"21-Dec-2023","1,401.50","1,410.30","1,379.95","1,403.75","1,841,616"
"22-Dec-2023","1,414.00","1,417.70","1,387.05","1,394.30","1,111,420"
"26-Dec-2023","1,400.00","1,409.15","1,387.65","1,395.30","875,367"
"27-Dec-2023","1,405.00","1,424.00","1,399.10","1,421.35","718,369"
"28-Dec-2023","1,428.50","1,444.95","1,419.20","1,435.30","1,446,654"
"29-Dec-2023","1,433.00","1,435.25","1,421.05","1,432.60","383,858"
"01-Jan-2024","1,435.85","1,437.60","1,425.95","1,432.10","158,288"
"02-Jan-2024","1,437.00","1,449.70","1,421.75","1,437.65","691,712"
"03-Jan-2024","1,430.00","1,440.90","1,415.60","1,422.70","550,221"
"04-Jan-2024","1,420.80","1,436.60","1,415.00","1,431.60","938,454"
"05-Jan-2024","1,435.90","1,468.00","1,433.70","1,454.15","1,258,280"
"08-Jan-2024","1,454.15","1,460.10","1,416.40","1,421.05","738,502"
"09-Jan-2024","1,429.00","1,468.25","1,421.00","1,449.35","1,871,763"
"10-Jan-2024","1,454.95","1,495.35","1,448.00","1,451.45","2,547,856"
"11-Jan-2024","1,450.05","1,463.30","1,425.90","1,427.80","908,421"
"12-Jan-2024","1,434.80","1,440.90","1,418.50","1,435.30","557,158"
"15-Jan-2024","1,442.00","1,444.55","1,424.55","1,430.05","902,104"
"16-Jan-2024","1,425.05","1,431.90","1,405.55","1,408.80","1,729,041"
"17-Jan-2024","1,397.00","1,444.95","1,386.55","1,421.15","2,628,568"
"18-Jan-2024","1,416.90","1,438.00","1,384.20","1,404.90","2,296,538"
"19-Jan-2024","1,405.90","1,445.00","1,405.40","1,440.60","570,639"
"20-Jan-2024","1,448.90","1,454.35","1,431.60","1,442.20","463,302"
"23-Jan-2024","1,444.00","1,448.65","1,367.35","1,375.50","2,880,301"
"24-Jan-2024","1,380.40","1,413.90","1,368.55","1,410.55","1,255,876"
"25-Jan-2024","1,414.90","1,414.90","1,357.15","1,380.90","3,230,297"
"29-Jan-2024","1,388.00","1,424.60","1,388.00","1,418.40","1,607,583"
"30-Jan-2024","1,425.00","1,433.70","1,392.85","1,399.00","1,464,906"
"31-Jan-2024","1,400.00","1,406.50","1,381.70","1,401.15","1,343,827"
"01-Feb-2024","1,407.30","1,459.70","1,398.50","1,432.75","1,803,699"
"02-Feb-2024","1,440.80","1,456.00","1,420.05","1,435.45","1,817,169"
"05-Feb-2024","1,435.00","1,460.00","1,414.90","1,419.85","1,010,779"
"06-Feb-2024","1,422.60","1,469.95","1,404.90","1,464.00","1,515,381"
"07-Feb-2024","1,472.60","1,493.00","1,453.65","1,469.45","690,402"
"08-Feb-2024","1,481.90","1,492.10","1,455.15","1,459.05","1,679,065"
"09-Feb-2024","1,468.00","1,468.00","1,436.50","1,439.70","596,482"
"12-Feb-2024","1,442.45","1,452.00","1,423.25","1,436.00","515,507"
"13-Feb-2024","1,436.00","1,475.85","1,428.20","1,467.60","1,388,464"
"14-Feb-2024","1,460.00","1,464.00","1,439.05","1,453.70","504,590"
"15-Feb-2024","1,464.00","1,464.35","1,443.65","1,453.35","736,364"
"16-Feb-2024","1,456.40","1,516.20","1,451.60","1,508.45","2,008,339"
"19-Feb-2024","1,517.10","1,522.00","1,486.00","1,488.85","1,163,429"
"20-Feb-2024","1,488.85","1,517.65","1,473.35","1,513.55","1,569,035"
"21-Feb-2024","1,510.05","1,519.50","1,495.40","1,501.70","1,156,081"
"22-Feb-2024","1,510.00","1,513.50","1,470.20","1,509.65","1,355,358"
"23-Feb-2024","1,508.40","1,536.25","1,501.25","1,529.15","1,115,653"
"26-Feb-2024","1,531.15","1,553.40","1,525.10","1,549.15","1,283,074"
"27-Feb-2024","1,553.80","1,569.00","1,538.90","1,542.70","1,764,621"
"28-Feb-2024","1,544.00","1,556.75","1,536.40","1,540.20","834,214"
"29-Feb-2024","1,540.20","1,567.10","1,525.40","1,552.55","1,672,455"
"01-Mar-2024","1,564.90","1,569.35","1,536.05","1,542.15","1,088,145"
"02-Mar-2024","1,553.05","1,569.40","1,535.20","1,546.80","50,098"
"04-Mar-2024","1,553.85","1,554.00","1,508.25","1,517.95","2,126,926"
"05-Mar-2024","1,525.00","1,525.00","1,487.95","1,491.25","1,476,872"
"06-Mar-2024","1,492.25","1,523.90","1,487.00","1,520.40","1,568,041"
"07-Mar-2024","1,520.00","1,521.30","1,489.00","1,510.40","2,468,543"
"11-Mar-2024","1,526.95","1,539.80","1,513.60","1,532.10","1,824,218"
"12-Mar-2024","1,533.00","1,551.75","1,509.05","1,516.40","1,608,593"
"13-Mar-2024","1,524.00","1,532.60","1,480.65","1,487.35","1,461,171"
"14-Mar-2024","1,482.20","1,514.55","1,465.30","1,505.85","1,094,035"
"15-Mar-2024","1,482.00","1,504.95","1,481.10","1,500.00","1,466,897"
"18-Mar-2024","1,493.00","1,503.45","1,478.30","1,489.70","641,326"
"19-Mar-2024","1,480.00","1,488.95","1,456.30","1,461.35","1,010,444"
"20-Mar-2024","1,460.00","1,469.45","1,450.00","1,458.40","477,278"
"21-Mar-2024","1,472.90","1,477.00","1,458.00","1,468.05","958,834"
"22-Mar-2024","1,474.00","1,511.00","1,458.10","1,501.10","563,028"
"26-Mar-2024","1,458.50","1,509.45","1,457.80","1,486.40","1,349,881"
"27-Mar-2024","1,490.00","1,499.00","1,473.50","1,479.55","795,193"
"28-Mar-2024","1,480.00","1,521.85","1,480.00","1,500.25","1,704,887"
"01-Apr-2024","1,498.00","1,519.10","1,486.75","1,489.95","838,186"
"02-Apr-2024","1,495.00","1,496.60","1,465.30","1,470.60","941,688"
"03-Apr-2024","1,470.00","1,472.95","1,456.05","1,460.80","1,862,464"
"04-Apr-2024","1,467.50","1,475.05","1,447.00","1,463.75","1,905,528"
"05-Apr-2024","1,469.00","1,489.90","1,460.15","1,485.30","836,975"
"08-Apr-2024","1,488.70","1,528.00","1,487.00","1,518.80","822,205"
"09-Apr-2024","1,525.10","1,527.40","1,503.05","1,510.55","718,575"
"10-Apr-2024","1,515.00","1,516.70","1,481.00","1,503.35","1,056,524"
"12-Apr-2024","1,501.00","1,511.40","1,488.20","1,493.15","787,733"
"15-Apr-2024","1,489.85","1,489.90","1,462.50","1,466.90","994,053"
"16-Apr-2024","1,460.20","1,476.90","1,452.00","1,462.75","717,750"
"18-Apr-2024","1,465.00","1,483.65","1,448.00","1,456.95","1,746,383"
"19-Apr-2024","1,450.00","1,457.55","1,425.35","1,447.55","1,129,149"
"22-Apr-2024","1,456.50","1,482.90","1,452.00","1,475.40","772,048"
"23-Apr-2024","1,478.00","1,489.20","1,464.25","1,469.85","1,042,729"
"24-Apr-2024","1,469.85","1,478.00","1,452.55","1,460.05","898,680"
"25-Apr-2024","1,464.00","1,464.00","1,436.15","1,444.45","2,406,788"
"26-Apr-2024","1,455.00","1,466.85","1,411.20","1,415.25","2,180,945"
"29-Apr-2024","1,437.00","1,460.90","1,414.05","1,422.35","4,381,119"
"30-Apr-2024","1,432.00","1,449.85","1,423.20","1,436.55","2,402,464"
"02-May-2024","1,416.35","1,464.75","1,416.35","1,460.90","2,194,261"
"03-May-2024","1,469.00","1,472.70","1,438.40","1,443.25","1,355,425"
"06-May-2024","1,450.00","1,457.45","1,431.60","1,440.60","920,880"
"07-May-2024","1,440.90","1,458.90","1,431.55","1,450.15","1,800,920"
"08-May-2024","1,440.00","1,465.95","1,423.00","1,426.75","1,297,162"
"09-May-2024","1,431.90","1,439.50","1,413.20","1,422.40","1,645,954"
"10-May-2024","1,425.00","1,438.50","1,415.75","1,431.95","741,292"
"13-May-2024","1,435.00","1,440.00","1,420.55","1,425.10","771,284"
"14-May-2024","1,427.20","1,436.75","1,422.05","1,432.85","896,653"
"15-May-2024","1,440.00","1,443.85","1,425.75","1,430.10","254,646"
"16-May-2024","1,431.55","1,458.20","1,420.15","1,452.20","1,176,239"
"17-May-2024","1,450.00","1,450.00","1,430.50","1,434.20","2,433,315"
"18-May-2024","1,434.00","1,444.10","1,430.50","1,439.85","29,747"
"21-May-2024","1,438.85","1,440.70","1,422.50","1,429.65","1,300,334"
"22-May-2024","1,434.25","1,435.55","1,424.00","1,427.40","966,583"
"23-May-2024","1,434.00","1,452.95","1,424.05","1,446.80","1,206,423"
"24-May-2024","1,442.50","1,448.45","1,433.45","1,436.25","487,961"
"27-May-2024","1,435.00","1,448.00","1,402.15","1,410.20","1,675,749"
"28-May-2024","1,415.00","1,455.00","1,405.90","1,450.75","1,600,105"
"29-May-2024","1,448.00","1,449.45","1,406.60","1,412.80","1,518,325"
"30-May-2024","1,418.80","1,418.80","1,371.00","1,380.05","2,097,166"
"31-May-2024","1,393.80","1,401.15","1,372.60","1,386.40","2,559,060"
"03-Jun-2024","1,435.30","1,436.40","1,387.35","1,391.50","870,693"
"04-Jun-2024","1,398.15","1,402.70","1,307.70","1,338.85","3,277,433"
"05-Jun-2024","1,341.00","1,396.20","1,330.70","1,390.10","1,238,176"
"06-Jun-2024","1,390.10","1,445.80","1,380.25","1,442.85","2,227,021"
"07-Jun-2024","1,435.10","1,440.00","1,420.00","1,425.85","1,279,929"
"10-Jun-2024","1,436.85","1,452.00","1,418.35","1,432.30","2,059,288"
"11-Jun-2024","1,432.45","1,439.80","1,422.00","1,428.05","991,450"
"12-Jun-2024","1,428.10","1,461.80","1,425.80","1,452.70","1,823,958"
"13-Jun-2024","1,459.65","1,479.45","1,432.85","1,449.90","3,086,173"
"14-Jun-2024","1,444.90","1,473.75","1,440.60","1,469.90","856,835"
"18-Jun-2024","1,480.00","1,480.00","1,455.05","1,473.55","1,427,035"
"19-Jun-2024","1,478.35","1,478.40","1,446.15","1,449.20","578,983"
"20-Jun-2024","1,476.00","1,480.90","1,451.45","1,455.50","1,444,553"
"21-Jun-2024","1,455.50","1,478.55","1,445.15","1,464.15","1,184,387"
"24-Jun-2024","1,464.15","1,464.15","1,447.20","1,452.75","460,942"
"25-Jun-2024","1,457.40","1,467.50","1,430.00","1,462.00","1,845,922"
"26-Jun-2024","1,462.00","1,475.65","1,447.00","1,450.90","780,636"
"27-Jun-2024","1,445.00","1,473.65","1,437.55","1,463.45","1,492,222"
"28-Jun-2024","1,450.10","1,498.80","1,450.00","1,491.95","1,533,271"
"01-Jul-2024","1,491.95","1,511.90","1,481.90","1,501.85","788,569"
"02-Jul-2024","1,507.00","1,510.35","1,468.10","1,494.90","1,462,260"
"03-Jul-2024","1,503.00","1,506.95","1,486.20","1,496.35","527,776"
"04-Jul-2024","1,496.40","1,518.85","1,492.25","1,507.75","1,363,288"
"05-Jul-2024","1,507.75","1,531.95","1,505.45","1,529.40","961,676"
"08-Jul-2024","1,529.40","1,531.95","1,508.25","1,514.95","774,723"
"09-Jul-2024","1,525.00","1,529.00","1,512.40","1,524.75","726,889"
"10-Jul-2024","1,524.75","1,562.50","1,518.60","1,558.80","1,964,480"
"11-Jul-2024","1,562.00","1,569.65","1,546.15","1,558.80","1,156,236"
"12-Jul-2024","1,562.90","1,570.00","1,547.35","1,562.85","589,534"
"15-Jul-2024","1,562.85","1,620.90","1,557.90","1,613.45","2,498,480"
"16-Jul-2024","1,613.40","1,639.60","1,592.20","1,621.35","1,844,059"
"18-Jul-2024","1,620.00","1,664.95","1,615.05","1,659.80","2,104,021"
"19-Jul-2024","1,632.00","1,658.55","1,632.00","1,647.70","567,209"
"22-Jul-2024","1,641.10","1,647.70","1,618.65","1,621.15","397,490"
"23-Jul-2024","1,621.15","1,638.00","1,578.05","1,594.85","2,145,861"
"24-Jul-2024","1,580.00","1,650.00","1,579.65","1,632.95","2,099,093"
"25-Jul-2024","1,645.00","1,701.35","1,645.00","1,695.40","4,427,012"
"26-Jul-2024","1,686.25","1,777.70","1,686.25","1,750.95","2,982,227"
"29-Jul-2024","1,752.50","1,763.55","1,736.50","1,746.70","1,368,641"
"30-Jul-2024","1,740.50","1,746.30","1,708.00","1,721.05","2,096,978"
"31-Jul-2024","1,721.05","1,760.00","1,720.00","1,753.65","1,082,466"
"01-Aug-2024","1,791.10","1,791.15","1,758.10","1,767.25","1,247,361"
"02-Aug-2024","1,760.00","1,768.90","1,731.00","1,744.90","594,517"
"05-Aug-2024","1,680.00","1,739.35","1,679.95","1,722.20","1,240,111"
"06-Aug-2024","1,722.20","1,780.00","1,670.10","1,674.50","1,500,825"
"07-Aug-2024","1,690.05","1,698.90","1,677.10","1,685.70","603,417"
"08-Aug-2024","1,671.10","1,715.15","1,670.05","1,706.30","1,291,138"
"09-Aug-2024","1,720.00","1,733.40","1,708.00","1,725.10","804,893"
"12-Aug-2024","1,722.90","1,730.00","1,692.05","1,705.00","1,019,251"
"13-Aug-2024","1,705.00","1,721.30","1,672.05","1,682.40","1,064,268"
"14-Aug-2024","1,696.20","1,707.35","1,673.00","1,692.10","557,473"
"16-Aug-2024","1,699.00","1,702.10","1,666.15","1,688.90","721,574"
"19-Aug-2024","1,696.80","1,696.80","1,666.00","1,671.55","632,647"
"20-Aug-2024","1,672.80","1,770.80","1,672.75","1,761.30","3,951,662"
"21-Aug-2024","1,761.30","1,804.45","1,750.90","1,800.60","2,972,530"
"22-Aug-2024","1,801.00","1,812.40","1,789.85","1,795.25","1,380,510"
"23-Aug-2024","1,789.50","1,798.40","1,782.00","1,789.30","858,249"
"26-Aug-2024","1,791.00","1,801.45","1,769.35","1,796.25","593,628"
"27-Aug-2024","1,788.40","1,848.60","1,784.10","1,838.95","2,239,371"
"28-Aug-2024","1,838.75","1,854.25","1,826.00","1,843.70","724,092"
"29-Aug-2024","1,840.00","1,867.75","1,835.50","1,843.70","2,248,185"
"30-Aug-2024","1,839.95","1,869.80","1,837.00","1,850.30","2,125,138"
"02-Sep-2024","1,850.30","1,894.65","1,849.05","1,888.75","2,522,132"
"03-Sep-2024","1,890.00","1,936.00","1,881.75","1,928.65","3,457,882"
"04-Sep-2024","1,910.00","1,920.00","1,902.35","1,912.20","952,279"
"05-Sep-2024","1,919.00","1,919.00","1,900.20","1,907.85","947,097"
"06-Sep-2024","1,898.10","1,916.85","1,889.45","1,896.30","772,396"
"09-Sep-2024","1,900.85","1,932.85","1,894.50","1,901.75","1,845,859"
"10-Sep-2024","1,890.00","1,890.00","1,838.75","1,853.45","2,515,665"
"11-Sep-2024","1,845.10","1,871.05","1,844.55","1,859.15","630,094"
"12-Sep-2024","1,863.00","1,880.00","1,840.60","1,875.95","1,126,825"
"13-Sep-2024","1,869.00","1,871.75","1,841.75","1,846.50","886,112"
"16-Sep-2024","1,851.00","1,864.80","1,816.10","1,821.25","1,576,652"
"17-Sep-2024","1,823.50","1,844.30","1,808.45","1,819.15","844,866"
"18-Sep-2024","1,818.20","1,848.95","1,815.05","1,842.45","518,691"
"19-Sep-2024","1,850.00","1,860.00","1,828.20","1,840.95","776,068"
"20-Sep-2024","1,850.00","1,885.00","1,845.00","1,870.25","1,512,372"
"23-Sep-2024","1,882.00","1,925.00","1,880.00","1,920.15","1,022,492"
"24-Sep-2024","1,927.10","1,927.95","1,854.60","1,864.35","2,608,386"
"25-Sep-2024","1,873.70","1,875.00","1,841.05","1,863.60","1,395,256"
"26-Sep-2024","1,873.00","1,902.05","1,868.50","1,898.30","1,396,821"
"27-Sep-2024","1,898.30","1,913.00","1,873.90","1,882.65","1,678,089"
"30-Sep-2024","1,892.00","1,893.60","1,838.25","1,844.00","1,473,366"
"01-Oct-2024","1,840.20","1,859.30","1,824.30","1,834.20","885,515"
"03-Oct-2024","1,807.00","1,845.20","1,795.05","1,805.55","1,307,453"
"04-Oct-2024","1,805.55","1,850.00","1,782.55","1,798.10","1,554,623"
"07-Oct-2024","1,800.00","1,819.85","1,776.00","1,787.95","692,912"
"08-Oct-2024","1,785.00","1,799.05","1,723.55","1,728.05","2,888,148"
"09-Oct-2024","1,748.05","1,759.00","1,733.05","1,737.40","704,112"
"10-Oct-2024","1,745.15","1,754.45","1,729.55","1,734.50","784,503"
"11-Oct-2024","1,737.50","1,746.75","1,718.60","1,735.05","805,944"
"14-Oct-2024","1,738.75","1,743.85","1,717.30","1,738.30","1,349,793"
"15-Oct-2024","1,741.95","1,754.95","1,718.50","1,723.75","2,159,705"
"16-Oct-2024","1,725.05","1,749.00","1,724.00","1,733.75","891,554"
"17-Oct-2024","1,734.00","1,739.00","1,695.75","1,702.00","2,442,434"
"18-Oct-2024","1,706.00","1,717.45","1,680.60","1,706.05","2,045,293"
"21-Oct-2024","1,715.15","1,776.05","1,696.80","1,711.85","1,574,574"
"22-Oct-2024","1,701.00","1,726.95","1,672.90","1,698.15","1,290,296"
"23-Oct-2024","1,703.20","1,728.90","1,692.25","1,716.00","952,362"
"24-Oct-2024","1,724.45","1,724.45","1,623.00","1,635.30","4,320,374"
"25-Oct-2024","1,644.85","1,653.30","1,603.95","1,616.75","1,639,581"
"28-Oct-2024","1,617.00","1,620.00","1,593.60","1,605.90","2,366,566"
"29-Oct-2024","1,606.00","1,665.80","1,595.90","1,661.35","2,052,244"
"30-Oct-2024","1,636.50","1,649.35","1,619.30","1,624.15","1,512,352"
"31-Oct-2024","1,630.10","1,641.95","1,613.05","1,622.15","809,110"
"01-Nov-2024","1,639.40","1,639.40","1,623.00","1,628.85","53,886"
"04-Nov-2024","1,637.00","1,641.15","1,588.00","1,608.80","1,470,020"
"05-Nov-2024","1,606.80","1,642.00","1,598.65","1,633.20","978,590"
"06-Nov-2024","1,633.20","1,638.65","1,600.45","1,603.95","1,352,644"
"07-Nov-2024","1,605.05","1,617.95","1,575.00","1,589.85","1,359,619"
"08-Nov-2024","1,589.00","1,603.35","1,566.85","1,569.95","1,131,938"
"11-Nov-2024","1,578.60","1,578.60","1,555.25","1,566.00","862,991"
"12-Nov-2024","1,569.10","1,585.95","1,557.00","1,562.45","1,177,157"
"13-Nov-2024","1,560.00","1,572.00","1,540.00","1,546.70","2,946,117"
"14-Nov-2024","1,546.20","1,568.95","1,546.05","1,562.30","684,365"
"18-Nov-2024","1,551.00","1,566.55","1,551.00","1,562.60","490,930"
"19-Nov-2024","1,568.00","1,568.05","1,501.00","1,522.90","4,198,931"
"21-Nov-2024","1,513.30","1,515.50","1,474.00","1,477.95","1,827,614"
"22-Nov-2024","1,485.35","1,496.45","1,475.00","1,485.15","977,581"
"25-Nov-2024","1,492.60","1,511.00","1,488.35","1,495.20","1,785,465"
"26-Nov-2024","1,495.20","1,516.90","1,489.25","1,506.75","601,372"
"27-Nov-2024","1,507.00","1,515.95","1,495.10","1,505.40","467,560"
"28-Nov-2024","1,507.15","1,519.70","1,403.00","1,428.60","5,574,277"
"29-Nov-2024","1,442.00","1,460.00","1,396.65","1,437.75","9,016,112"
"02-Dec-2024","1,428.40","1,449.80","1,411.15","1,422.05","3,117,960"
"03-Dec-2024","1,430.10","1,448.35","1,416.95","1,440.95","4,645,704"
"04-Dec-2024","1,441.00","1,472.35","1,435.05","1,452.60","1,976,987"
"05-Dec-2024","1,452.60","1,456.05","1,417.55","1,431.85","2,632,452"
"06-Dec-2024","1,435.00","1,452.95","1,429.30","1,448.55","1,359,753"
"09-Dec-2024","1,454.00","1,484.40","1,449.05","1,469.30","2,397,565"
"10-Dec-2024","1,463.70","1,483.90","1,451.60","1,461.85","1,994,725"
"11-Dec-2024","1,455.50","1,473.50","1,454.45","1,456.15","1,213,092"
"12-Dec-2024","1,450.00","1,455.75","1,420.35","1,432.50","2,851,447"
"13-Dec-2024","1,422.05","1,441.95","1,409.30","1,428.80","3,926,561"
"16-Dec-2024","1,428.80","1,436.95","1,415.65","1,421.65","1,601,339"
"17-Dec-2024","1,421.70","1,425.00","1,405.60","1,409.70","1,973,758"
"18-Dec-2024","1,414.80","1,420.35","1,392.70","1,398.00","1,454,595"
"19-Dec-2024","1,380.05","1,409.00","1,377.50","1,405.90","1,081,337"
"20-Dec-2024","1,402.45","1,414.80","1,391.10","1,400.60","1,542,712"
"23-Dec-2024","1,400.60","1,408.15","1,381.50","1,405.30","1,325,302"
"24-Dec-2024","1,406.95","1,418.00","1,385.00","1,387.00","756,679"
"26-Dec-2024","1,393.95","1,411.80","1,385.20","1,409.05","1,935,656"
"27-Dec-2024","1,410.00","1,420.40","1,400.80","1,405.30","665,711"
"30-Dec-2024","1,391.25","1,414.95","1,389.00","1,403.85","1,439,560"
"31-Dec-2024","1,399.75","1,399.75","1,382.45","1,390.40","2,096,160"
"01-Jan-2025","1,392.20","1,404.70","1,384.95","1,400.40","511,676"
"02-Jan-2025","1,404.00","1,425.50","1,398.05","1,422.25","1,083,889"
"03-Jan-2025","1,428.25","1,451.00","1,424.90","1,447.70","1,107,442"
"06-Jan-2025","1,450.00","1,462.65","1,425.20","1,434.65","1,012,018"
"07-Jan-2025","1,447.00","1,490.80","1,434.35","1,477.75","2,362,510"
"08-Jan-2025","1,478.70","1,484.65","1,455.00","1,463.15","1,229,808"
"09-Jan-2025","1,457.80","1,481.20","1,453.00","1,468.45","1,253,461"
"10-Jan-2025","1,469.90","1,488.00","1,458.65","1,478.30","1,124,758"
"13-Jan-2025","1,478.30","1,478.30","1,445.65","1,467.40","1,444,590"
"14-Jan-2025","1,475.00","1,504.00","1,468.85","1,499.25","2,024,378"
"15-Jan-2025","1,504.50","1,504.85","1,469.35","1,472.75","1,433,596"
"16-Jan-2025","1,486.00","1,545.00","1,486.00","1,513.60","2,929,496"
"17-Jan-2025","1,519.50","1,555.00","1,500.00","1,540.50","2,603,818"
"20-Jan-2025","1,547.80","1,547.80","1,487.30","1,499.70","4,033,718"
"21-Jan-2025","1,499.70","1,505.95","1,460.00","1,466.55","877,160"
"22-Jan-2025","1,466.10","1,470.75","1,450.05","1,460.05","631,080"
"23-Jan-2025","1,458.05","1,463.70","1,447.15","1,449.85","1,301,601"
"24-Jan-2025","1,451.30","1,455.60","1,418.15","1,440.40","1,504,123"
"27-Jan-2025","1,435.00","1,445.95","1,416.00","1,424.40","896,819"
"28-Jan-2025","1,420.00","1,435.70","1,411.85","1,419.50","1,527,262"
"29-Jan-2025","1,419.50","1,470.10","1,410.50","1,460.90","1,021,447"
"30-Jan-2025","1,465.90","1,480.00","1,453.90","1,472.90","1,016,159"
"31-Jan-2025","1,479.70","1,490.00","1,467.00","1,483.60","892,312"
"01-Feb-2025","1,475.60","1,528.00","1,372.55","1,454.35","4,329,907"
"03-Feb-2025","1,434.35","1,481.90","1,434.35","1,459.95","1,127,198"
"04-Feb-2025","1,461.25","1,478.70","1,454.05","1,472.40","614,905"
"05-Feb-2025","1,472.40","1,484.30","1,465.00","1,469.15","791,375"
"06-Feb-2025","1,470.00","1,480.40","1,456.45","1,465.10","1,510,856"
"07-Feb-2025","1,472.45","1,475.95","1,454.25","1,470.95","562,410"
"10-Feb-2025","1,462.90","1,474.55","1,445.00","1,448.20","530,759"
"11-Feb-2025","1,448.20","1,450.00","1,402.90","1,419.00","1,448,104"
"12-Feb-2025","1,427.45","1,466.95","1,407.50","1,452.15","1,590,502"
"13-Feb-2025","1,452.15","1,479.40","1,446.00","1,470.50","983,142"
"14-Feb-2025","1,470.50","1,477.15","1,450.00","1,465.45","625,676"
"17-Feb-2025","1,460.50","1,481.55","1,451.85","1,476.20","717,439"
"18-Feb-2025","1,476.25","1,481.00","1,454.40","1,475.35","679,042"
"19-Feb-2025","1,475.00","1,482.20","1,465.05","1,475.60","391,966"
"20-Feb-2025","1,473.00","1,489.65","1,466.00","1,469.80","346,720"
"21-Feb-2025","1,469.70","1,501.40","1,461.70","1,495.40","1,051,158"
"24-Feb-2025","1,480.00","1,495.20","1,475.20","1,486.50","1,116,079"
"25-Feb-2025","1,480.00","1,484.05","1,463.45","1,471.75","964,505"
"27-Feb-2025","1,464.00","1,479.90","1,454.00","1,469.75","1,421,562"
"28-Feb-2025","1,460.00","1,462.05","1,411.85","1,430.50","2,397,364"
"03-Mar-2025","1,432.55","1,452.15","1,405.10","1,408.50","1,056,418"
"04-Mar-2025","1,392.20","1,415.00","1,390.00","1,393.10","977,231"
"05-Mar-2025","1,391.15","1,424.00","1,379.85","1,420.70","1,118,219"
"06-Mar-2025","1,417.10","1,426.40","1,395.00","1,421.30","1,606,815"
"07-Mar-2025","1,421.35","1,446.20","1,406.55","1,411.60","901,496"
"10-Mar-2025","1,419.00","1,427.75","1,404.35","1,419.45","1,092,967"
"11-Mar-2025","1,403.00","1,424.40","1,397.45","1,417.25","691,907"
"12-Mar-2025","1,425.00","1,425.00","1,404.50","1,409.00","734,156"
"13-Mar-2025","1,411.70","1,413.95","1,382.65","1,385.55","911,321"
"17-Mar-2025","1,392.00","1,441.30","1,392.00","1,434.25","1,352,197"
"18-Mar-2025","1,452.70","1,458.80","1,431.05","1,457.50","656,130"
"19-Mar-2025","1,457.95","1,488.90","1,455.00","1,484.90","917,293"
"20-Mar-2025","1,492.00","1,506.30","1,488.50","1,498.35","798,992"
"21-Mar-2025","1,500.00","1,553.30","1,493.45","1,546.40","1,977,397"
"24-Mar-2025","1,550.00","1,584.00","1,541.70","1,569.80","1,229,003"
"25-Mar-2025","1,577.65","1,583.90","1,551.30","1,557.20","1,241,287"
"26-Mar-2025","1,564.30","1,570.30","1,533.45","1,541.30","1,106,876"
"27-Mar-2025","1,541.40","1,552.10","1,529.65","1,544.90","1,405,775"
"28-Mar-2025","1,544.90","1,564.50","1,534.75","1,547.85","1,120,169"
"01-Apr-2025","1,537.75","1,566.40","1,535.35","1,545.25","937,836"
"02-Apr-2025","1,543.00","1,563.15","1,542.30","1,559.85","1,876,774"
"03-Apr-2025","1,546.00","1,558.90","1,540.00","1,542.25","373,548"
"04-Apr-2025","1,536.35","1,546.90","1,501.10","1,512.60","826,558"
"07-Apr-2025","1,450.00","1,485.50","1,430.55","1,460.80","916,977"
"08-Apr-2025","1,490.00","1,498.05","1,458.05","1,488.00","2,142,568"
"09-Apr-2025","1,488.00","1,499.90","1,475.00","1,481.65","1,047,950"
"11-Apr-2025","1,539.00","1,539.00","1,500.05","1,521.90","1,134,200"
"15-Apr-2025","1,555.50","1,574.10","1,525.00","1,562.60","1,363,406"
"16-Apr-2025","1,548.50","1,576.80","1,548.50","1,565.40","784,495"
"17-Apr-2025","1,558.00","1,615.00","1,549.40","1,608.20","1,500,299"
"21-Apr-2025","1,618.00","1,630.70","1,595.30","1,628.50","1,016,066"
"22-Apr-2025","1,627.80","1,639.90","1,612.80","1,619.00","1,102,055"
"23-Apr-2025","1,625.00","1,625.00","1,601.00","1,615.50","1,136,215"
"24-Apr-2025","1,612.90","1,636.60","1,603.00","1,608.20","857,476"
"25-Apr-2025","1,723.50","1,762.00","1,651.10","1,695.10","10,321,746"
"28-Apr-2025","1,690.00","1,755.00","1,681.40","1,736.10","2,100,813"
"29-Apr-2025","1,733.90","1,764.90","1,721.00","1,730.10","2,049,847"
"30-Apr-2025","1,722.00","1,772.50","1,718.50","1,765.80","2,031,563"
"02-May-2025","1,761.00","1,777.10","1,747.60","1,764.70","1,418,603"
"05-May-2025","1,773.00","1,787.60","1,766.90","1,769.90","947,983"
"06-May-2025","1,770.00","1,797.80","1,717.20","1,726.00","1,295,777"
"07-May-2025","1,714.00","1,756.50","1,712.30","1,744.50","753,313"
"08-May-2025","1,741.30","1,744.00","1,721.10","1,731.50","1,107,891"
"09-May-2025","1,706.00","1,728.70","1,693.10","1,699.80","1,076,900"
"12-May-2025","1,725.00","1,756.90","1,720.00","1,751.50","728,808"
"13-May-2025","1,742.70","1,756.00","1,732.30","1,740.00","478,541"
"14-May-2025","1,741.00","1,760.00","1,737.40","1,755.20","603,108"
"15-May-2025","1,757.70","1,788.40","1,737.10","1,784.60","1,318,425"
"16-May-2025","1,790.00","1,790.90","1,767.90","1,773.40","696,146"
"19-May-2025","1,773.10","1,781.20","1,764.40","1,770.00","288,530"
"20-May-2025","1,778.80","1,778.80","1,753.30","1,757.80","529,693"
"21-May-2025","1,756.90","1,777.90","1,751.20","1,763.90","521,050"
"22-May-2025","1,766.30","1,768.70","1,741.20","1,759.30","1,103,303"
"23-May-2025","1,765.00","1,806.00","1,759.80","1,798.70","1,067,774"
"26-May-2025","1,806.00","1,810.10","1,790.10","1,801.60","633,624"
"27-May-2025","1,801.60","1,809.60","1,794.00","1,803.30","1,219,984"
"28-May-2025","1,810.60","1,814.50","1,802.10","1,807.40","763,018"
"29-May-2025","1,807.60","1,830.00","1,801.40","1,825.00","1,189,803"
"30-May-2025","1,825.00","1,833.90","1,804.90","1,812.20","1,364,259"
"02-Jun-2025","1,812.20","1,829.00","1,795.60","1,802.50","1,238,769"
"03-Jun-2025","1,809.80","1,814.00","1,770.10","1,775.30","1,576,208"
"04-Jun-2025","1,775.00","1,779.10","1,762.30","1,775.90","918,721"
"05-Jun-2025","1,782.00","1,791.00","1,765.00","1,774.80","912,222"
"06-Jun-2025","1,774.80","1,783.50","1,751.30","1,780.60","1,589,674"
"09-Jun-2025","1,789.60","1,799.00","1,759.10","1,790.80","1,221,496"
"10-Jun-2025","1,790.90","1,796.60","1,772.00","1,785.50","1,400,311"
"11-Jun-2025","1,785.50","1,800.90","1,774.00","1,799.30","1,089,930"
"12-Jun-2025","1,799.90","1,812.30","1,760.00","1,766.00","984,693"
"13-Jun-2025","1,720.00","1,766.50","1,720.00","1,755.20","1,774,169"
"16-Jun-2025","1,762.00","1,800.00","1,751.90","1,797.80","728,053"
"17-Jun-2025","1,796.10","1,806.70","1,785.40","1,800.20","557,790"
"18-Jun-2025","1,800.00","1,805.00","1,791.30","1,797.20","349,531"
"19-Jun-2025","1,795.00","1,804.90","1,781.00","1,789.40","537,885"
"20-Jun-2025","1,787.10","1,821.00","1,779.10","1,810.90","1,669,329"
"23-Jun-2025","1,810.00","1,826.20","1,798.60","1,818.60","627,282"
"24-Jun-2025","1,832.20","1,850.90","1,828.00","1,843.00","876,488"
"25-Jun-2025","1,843.00","1,855.00","1,825.00","1,842.70","990,856"
"26-Jun-2025","1,850.00","1,866.40","1,842.70","1,860.80","1,147,822"
"27-Jun-2025","1,848.00","1,862.90","1,815.30","1,850.60","6,763,121"
"30-Jun-2025","1,846.00","1,855.10","1,826.10","1,838.30","1,362,010"
"01-Jul-2025","1,831.00","1,865.30","1,827.30","1,862.50","667,136"
"02-Jul-2025","1,865.00","1,875.00","1,852.10","1,856.80","1,072,946"
"03-Jul-2025","1,850.00","1,861.80","1,803.00","1,810.20","916,863"
"04-Jul-2025","1,806.00","1,812.10","1,783.10","1,799.70","685,665"
"07-Jul-2025","1,799.70","1,811.80","1,792.20","1,808.30","376,143"
"08-Jul-2025","1,801.00","1,818.80","1,797.30","1,816.90","616,714"
"09-Jul-2025","1,820.00","1,821.00","1,799.00","1,814.90","597,896"
"10-Jul-2025","1,811.00","1,823.50","1,801.40","1,810.20","1,104,366"
"11-Jul-2025","1,814.00","1,840.00","1,812.00","1,835.20","770,854"
"14-Jul-2025","1,843.00","1,856.30","1,831.70","1,851.30","1,231,109"
"15-Jul-2025","1,849.90","1,851.70","1,822.40","1,824.80","1,313,007"
"16-Jul-2025","1,833.90","1,839.90","1,821.60","1,829.10","652,826"
"17-Jul-2025","1,829.00","1,829.00","1,796.30","1,802.80","886,192"
"18-Jul-2025","1,799.00","1,802.80","1,754.10","1,788.40","1,600,088"
"21-Jul-2025","1,794.70","1,807.40","1,781.00","1,804.70","481,174"
"22-Jul-2025","1,791.10","1,815.30","1,791.10","1,809.00","578,221"
"23-Jul-2025","1,809.00","1,818.50","1,792.00","1,809.50","555,690"
"24-Jul-2025","1,808.00","1,822.50","1,778.70","1,793.60","928,018"
"25-Jul-2025","1,814.00","1,847.00","1,810.90","1,832.10","1,821,229"
"28-Jul-2025","1,832.00","1,858.00","1,819.00","1,850.50","1,182,404"
"29-Jul-2025","1,848.00","1,851.80","1,822.90","1,833.40","585,182"
"30-Jul-2025","1,825.00","1,850.00","1,824.50","1,839.10","480,951"
"31-Jul-2025","1,838.00","1,857.40","1,821.40","1,840.70","1,570,804"
"01-Aug-2025","1,840.00","1,843.30","1,788.90","1,796.20","559,870"
"04-Aug-2025","1,798.00","1,836.20","1,781.00","1,831.50","844,169"
"05-Aug-2025","1,833.30","1,860.40","1,818.70","1,857.00","1,251,783"
"06-Aug-2025","1,858.60","1,876.00","1,850.60","1,854.30","816,457"
"07-Aug-2025","1,835.00","1,863.10","1,835.00","1,861.10","742,694"
"08-Aug-2025","1,851.10","1,870.90","1,831.00","1,833.60","779,798"
"11-Aug-2025","1,836.00","1,852.70","1,825.90","1,851.00","455,452"
"12-Aug-2025","1,849.70","1,863.90","1,834.00","1,838.00","627,624"
"13-Aug-2025","1,841.30","1,859.00","1,838.00","1,840.30","570,828"
"14-Aug-2025","1,842.10","1,853.70","1,832.20","1,840.60","468,063"
"18-Aug-2025","1,879.00","1,912.00","1,850.00","1,863.00","1,924,632"
"19-Aug-2025","1,865.00","1,869.90","1,836.60","1,854.10","621,923"
"20-Aug-2025","1,846.00","1,864.90","1,843.40","1,858.50","446,416"
"21-Aug-2025","1,870.00","1,892.50","1,870.00","1,877.30","1,316,202"
"22-Aug-2025","1,860.10","1,870.00","1,849.40","1,859.00","605,948"
"25-Aug-2025","1,858.90","1,862.40","1,843.40","1,846.80","613,536"
"26-Aug-2025","1,846.90","1,857.60","1,809.80","1,816.60","669,578"
"28-Aug-2025","1,815.70","1,841.30","1,806.20","1,816.80","948,055"
"29-Aug-2025","1,826.90","1,826.90","1,801.10","1,805.50","801,378"
"01-Sep-2025","1,800.00","1,815.90","1,796.60","1,809.80","530,198"
"02-Sep-2025","1,814.90","1,825.00","1,802.70","1,814.50","388,232"
"03-Sep-2025","1,814.50","1,818.90","1,797.00","1,810.70","1,249,945"
"04-Sep-2025","1,890.00","1,890.00","1,773.00","1,791.10","2,151,243"
"05-Sep-2025","1,815.00","1,827.50","1,800.10","1,805.30","757,123"
"08-Sep-2025","1,807.00","1,810.00","1,769.50","1,780.90","1,553,347"
"09-Sep-2025","1,789.80","1,811.50","1,778.30","1,805.70","895,295"
"10-Sep-2025","1,804.90","1,843.60","1,796.00","1,833.70","881,560"
"11-Sep-2025","1,824.80","1,824.90","1,802.00","1,814.20","663,203"
"12-Sep-2025","1,814.20","1,834.50","1,803.60","1,830.20","509,725"
"15-Sep-2025","1,830.10","1,833.00","1,812.30","1,822.20","485,383"
"16-Sep-2025","1,830.40","1,832.90","1,810.00","1,818.80","496,743"
"17-Sep-2025","1,810.10","1,827.50","1,800.70","1,804.00","706,812"
"18-Sep-2025","1,804.90","1,831.00","1,795.30","1,821.80","817,549"
"19-Sep-2025","1,828.00","1,846.90","1,821.80","1,841.70","1,633,208"
"22-Sep-2025","1,855.00","1,879.70","1,852.80","1,857.70","1,003,774"
"23-Sep-2025","1,865.00","1,865.70","1,815.40","1,819.40","737,343"
"24-Sep-2025","1,824.90","1,825.40","1,806.00","1,817.10","507,030"
"25-Sep-2025","1,810.10","1,819.70","1,797.50","1,809.80","1,003,709"
"26-Sep-2025","1,807.40","1,819.00","1,790.00","1,798.80","1,561,042"
"29-Sep-2025","1,814.00","1,814.00","1,785.00","1,788.70","1,003,806"
"30-Sep-2025","1,783.00","1,795.70","1,778.00","1,790.60","1,668,918"
"01-Oct-2025","1,783.00","1,806.50","1,769.10","1,801.10","704,858"
"03-Oct-2025","1,801.10","1,803.20","1,766.20","1,785.10","715,403"
"06-Oct-2025","1,776.00","1,784.20","1,759.40","1,770.90","1,560,572"
"07-Oct-2025","1,777.00","1,793.70","1,771.30","1,784.10","859,968"
"08-Oct-2025","1,784.00","1,795.90","1,757.70","1,772.90","1,323,877"
"09-Oct-2025","1,772.90","1,813.40","1,770.60","1,809.80","848,466"
"10-Oct-2025","1,825.00","1,843.70","1,806.40","1,810.40","1,097,936"
"13-Oct-2025","1,810.00","1,827.90","1,798.10","1,815.30","409,793"
"14-Oct-2025","1,817.40","1,825.80","1,807.60","1,816.20","655,909"
"15-Oct-2025","1,816.10","1,858.40","1,813.40","1,840.60","891,713"
"16-Oct-2025","1,842.60","1,844.90","1,809.50","1,835.70","969,316"
"17-Oct-2025","1,844.00","1,852.40","1,820.10","1,844.10","1,183,570"
"20-Oct-2025","1,850.00","1,857.20","1,828.00","1,839.70","590,467"
"21-Oct-2025","1,852.00","1,852.00","1,832.50","1,841.00","41,649"
"23-Oct-2025","1,850.00","1,864.20","1,841.00","1,852.70","543,795"
"24-Oct-2025","1,860.00","1,864.00","1,831.80","1,839.80","517,403"
"27-Oct-2025","1,880.20","1,923.90","1,880.20","1,903.10","2,866,910"
"28-Oct-2025","1,903.10","1,945.60","1,894.80","1,936.80","2,166,517"
"29-Oct-2025","1,934.00","1,975.00","1,934.00","1,970.40","2,398,496"
"30-Oct-2025","1,970.40","1,971.90","1,954.10","1,968.40","842,738"
"31-Oct-2025","1,965.00","1,978.70","1,951.80","1,955.70","1,167,506"
"03-Nov-2025","1,950.00","1,982.20","1,945.00","1,969.60","687,299"
"04-Nov-2025","1,959.10","1,997.30","1,956.90","1,971.50","664,256"
"06-Nov-2025","1,976.90","1,990.80","1,964.00","1,970.80","1,094,086"
"07-Nov-2025","1,962.10","2,004.00","1,957.70","1,998.90","1,241,016"
"10-Nov-2025","2,000.10","2,017.90","1,985.20","1,989.30","1,087,154"
"11-Nov-2025","1,994.90","2,002.20","1,982.30","1,997.30","901,898"
"12-Nov-2025","1,997.30","2,009.00","1,983.80","1,996.70","1,006,737"
"13-Nov-2025","1,980.60","2,005.00","1,975.50","1,987.90","671,028"
"14-Nov-2025","1,982.60","2,003.90","1,977.80","2,000.90","678,599"
"17-Nov-2025","2,000.90","2,012.90","1,993.30","1,996.00","726,715"
"18-Nov-2025","1,991.10","2,013.50","1,988.00","1,993.30","855,558"
"19-Nov-2025","1,990.90","2,008.30","1,985.00","2,004.80","894,171"
"20-Nov-2025","2,013.90","2,032.00","2,000.00","2,027.10","805,778"
"21-Nov-2025","2,026.90","2,030.50","2,016.60","2,022.50","506,477"
"24-Nov-2025","2,027.00","2,086.60","2,005.00","2,014.80","2,592,739"
"25-Nov-2025","1,972.40","2,044.00","1,972.40","2,031.00","748,087"
"26-Nov-2025","2,031.00","2,045.00","2,024.00","2,029.10","826,123"
"27-Nov-2025","2,030.00","2,036.00","2,000.80","2,004.50","652,128"
"28-Nov-2025","2,011.00","2,011.10","1,961.00","1,966.00","1,011,160"
"01-Dec-2025","1,967.00","1,977.00","1,951.20","1,971.60","483,716"
"02-Dec-2025","1,952.00","1,989.90","1,952.00","1,981.50","942,591"
"03-Dec-2025","1,982.00","1,991.00","1,959.90","1,972.80","515,105"
"04-Dec-2025","1,970.20","2,009.00","1,959.00","2,002.90","660,360"
"05-Dec-2025","2,003.00","2,046.30","2,000.70","2,023.70","749,526"
"08-Dec-2025","2,005.00","2,036.00","2,005.00","2,020.70","1,050,200"
"09-Dec-2025","2,019.00","2,028.20","1,990.40","2,006.20","887,191"
"10-Dec-2025","1,996.00","2,030.80","1,994.60","2,014.50","598,172"
"11-Dec-2025","2,006.10","2,017.60","1,995.50","2,006.90","635,250"
"12-Dec-2025","2,012.00","2,030.40","2,002.40","2,025.90","557,472"
"15-Dec-2025","2,030.10","2,040.00","2,008.00","2,034.90","565,860"
"16-Dec-2025","2,034.90","2,052.20","2,021.00","2,036.00","815,797"
"17-Dec-2025","2,039.40","2,048.70","1,995.50","2,010.20","896,027"
"18-Dec-2025","2,018.00","2,020.40","2,001.60","2,014.40","301,399"
"19-Dec-2025","2,014.50","2,035.50","2,012.40","2,028.40","751,874"
"22-Dec-2025","2,027.70","2,031.10","2,013.10","2,022.30","526,892"
"23-Dec-2025","2,032.20","2,032.20","2,018.30","2,024.80","290,105"
"24-Dec-2025","2,029.20","2,033.60","2,020.20","2,025.40","353,971"
"26-Dec-2025","2,025.40","2,034.90","2,004.10","2,019.10","180,039"
"29-Dec-2025","2,026.70","2,026.70","2,006.60","2,009.80","407,998"
"30-Dec-2025","2,009.80","2,019.80","1,968.20","1,995.50","3,166,927"
"31-Dec-2025","2,010.20","2,043.50","1,992.50","2,034.90","751,134"
"26-Feb-2026","2,080.00","2,103.40","2,063.30","2,084.90","2,693,238"
