"Date","Open","High","Low","Close","Volume"
"01-Jan-2019","225.50","225.75","221.60","222.75","5,015,702"
"02-Jan-2019","218.95","219.15","213.65","214.55","10,991,026"
"03-Jan-2019","214.30","215.70","208.10","209.20","8,656,029"
"04-Jan-2019","210.00","212.40","207.55","210.90","17,408,469"
"07-Jan-2019","213.80","214.75","207.90","208.55","8,143,876"
"08-Jan-2019","208.50","209.55","205.30","206.50","13,402,916"
"09-Jan-2019","208.50","209.25","203.10","205.70","13,253,349"
"10-Jan-2019","206.00","206.65","203.05","204.00","9,291,967"
"11-Jan-2019","204.00","207.95","204.00","205.85","13,314,252"
"14-Jan-2019","205.50","206.60","203.40","206.15","5,204,874"
"15-Jan-2019","207.35","209.00","205.65","208.50","7,173,758"
"16-Jan-2019","209.80","210.50","206.55","208.40","8,209,760"
"17-Jan-2019","208.50","208.70","205.30","206.00","6,537,377"
"18-Jan-2019","206.65","209.40","205.95","208.80","6,258,424"
"21-Jan-2019","209.10","209.90","205.10","207.65","4,883,723"
"22-Jan-2019","206.35","206.35","201.00","203.55","7,665,916"
"23-Jan-2019","203.55","207.30","203.45","205.45","5,821,081"
"24-Jan-2019","206.00","206.20","203.25","205.05","3,917,176"
"25-Jan-2019","206.20","207.95","203.25","204.45","4,381,964"
"28-Jan-2019","204.45","206.50","198.30","200.00","5,741,120"
"29-Jan-2019","199.10","200.70","197.45","199.55","4,458,350"
"30-Jan-2019","200.40","206.25","200.40","205.80","5,619,506"
"31-Jan-2019","206.10","210.00","204.35","208.50","6,553,608"
"01-Feb-2019","208.00","212.35","203.50","211.40","10,475,839"
"04-Feb-2019","209.90","209.90","201.45","204.20","6,196,724"
"05-Feb-2019","205.90","208.75","202.70","204.75","4,765,441"
"06-Feb-2019","205.60","212.10","202.50","211.40","5,888,996"
"07-Feb-2019","211.90","212.65","208.20","209.20","6,215,565"
"08-Feb-2019","208.95","209.15","204.40","205.90","3,958,618"
"11-Feb-2019","204.90","204.90","195.65","199.45","8,463,393"
"12-Feb-2019","199.00","202.70","197.00","198.35","16,467,366"
"13-Feb-2019","199.00","200.90","197.20","198.20","6,779,939"
"14-Feb-2019","197.60","198.55","190.30","191.75","10,767,206"
"15-Feb-2019","192.30","192.50","182.20","186.60","12,678,835"
"18-Feb-2019","187.00","188.70","183.90","184.55","6,483,004"
"19-Feb-2019","185.10","189.25","184.10","186.55","5,513,105"
"20-Feb-2019","187.80","193.90","187.55","193.00","7,595,081"
"21-Feb-2019","193.90","195.50","192.25","194.40","6,498,528"
"22-Feb-2019","194.30","197.00","192.30","196.45","8,758,060"
"25-Feb-2019","197.00","198.50","194.35","196.50","6,169,952"
"26-Feb-2019","192.75","197.20","189.05","196.50","9,059,558"
"27-Feb-2019","199.00","199.00","194.60","195.95","11,910,998"
"28-Feb-2019","197.70","198.20","195.00","195.75","9,582,600"
"01-Mar-2019","198.10","198.90","195.30","196.15","6,512,004"
"05-Mar-2019","195.00","199.45","194.50","198.75","7,354,264"
"06-Mar-2019","200.00","203.95","199.65","202.75","13,683,897"
"07-Mar-2019","203.75","203.75","199.90","200.60","5,533,457"
"08-Mar-2019","197.00","197.60","193.60","195.55","10,050,458"
"11-Mar-2019","197.00","202.00","196.10","201.05","5,446,100"
"12-Mar-2019","203.00","206.90","202.10","203.40","10,988,099"
"13-Mar-2019","204.00","205.30","200.70","202.30","4,971,396"
"14-Mar-2019","202.35","204.60","199.75","200.75","5,106,833"
"15-Mar-2019","201.50","202.55","197.25","199.05","7,489,589"
"18-Mar-2019","200.70","201.00","197.50","199.55","4,625,891"
"19-Mar-2019","200.00","204.25","199.45","202.35","6,097,075"
"20-Mar-2019","203.00","207.95","203.00","207.15","8,788,334"
"22-Mar-2019","208.10","211.55","206.05","209.10","11,359,037"
"25-Mar-2019","206.50","206.50","201.90","205.45","7,451,785"
"26-Mar-2019","205.55","209.35","204.60","208.50","5,069,088"
"27-Mar-2019","209.05","210.85","206.70","207.65","5,731,820"
"28-Mar-2019","206.95","208.30","201.55","202.35","8,924,025"
"29-Mar-2019","205.85","207.90","204.45","205.50","12,838,741"
"01-Apr-2019","208.55","218.75","208.55","215.90","18,454,840"
"02-Apr-2019","216.25","218.30","213.20","216.95","8,273,747"
"03-Apr-2019","217.05","219.10","214.10","215.95","4,910,619"
"04-Apr-2019","215.45","215.45","210.00","210.45","7,739,096"
"05-Apr-2019","210.50","216.80","209.75","215.40","7,965,595"
"08-Apr-2019","216.70","217.80","213.05","214.45","5,032,285"
"09-Apr-2019","214.45","217.85","211.60","217.15","3,937,427"
"10-Apr-2019","214.50","216.75","209.65","211.70","13,323,115"
"11-Apr-2019","211.00","212.55","209.70","211.30","5,920,717"
"12-Apr-2019","211.30","212.00","208.00","209.75","5,530,088"
"15-Apr-2019","210.00","214.75","210.00","212.75","4,965,812"
"16-Apr-2019","214.00","217.90","213.15","214.95","6,750,812"
"18-Apr-2019","216.15","216.15","206.25","207.20","7,237,958"
"22-Apr-2019","207.30","207.80","199.60","200.40","9,367,081"
"23-Apr-2019","200.00","202.85","198.75","200.35","4,352,433"
"24-Apr-2019","200.40","201.40","197.20","200.70","6,364,227"
"25-Apr-2019","200.85","202.65","195.75","196.55","6,735,299"
"26-Apr-2019","197.80","201.90","196.50","201.15","7,452,786"
"30-Apr-2019","202.00","206.60","199.05","206.05","8,879,385"
"02-May-2019","204.25","207.65","201.60","204.70","7,948,283"
"03-May-2019","206.00","206.00","202.65","205.10","5,320,008"
"06-May-2019","197.00","200.95","196.80","198.90","8,845,838"
"07-May-2019","199.20","204.25","199.20","200.45","9,042,640"
"08-May-2019","200.00","202.90","196.65","200.00","7,883,819"
"09-May-2019","201.70","201.90","196.25","198.15","10,482,577"
"10-May-2019","199.10","201.05","193.60","195.80","8,821,650"
"13-May-2019","194.90","194.90","191.40","192.20","6,979,614"
"14-May-2019","191.00","193.95","188.00","192.95","8,451,501"
"15-May-2019","192.95","196.00","189.65","190.65","6,684,736"
"16-May-2019","191.25","195.90","190.00","194.60","10,526,494"
"17-May-2019","192.00","192.80","187.25","191.70","13,564,609"
"20-May-2019","194.50","199.70","193.75","198.75","5,411,945"
"21-May-2019","199.75","200.00","193.20","196.00","5,194,195"
"22-May-2019","196.00","199.35","195.00","198.00","5,592,495"
"23-May-2019","201.00","201.00","190.85","191.75","7,476,261"
"24-May-2019","193.00","196.45","190.00","195.80","6,326,402"
"27-May-2019","196.00","201.85","195.30","200.60","4,498,005"
"28-May-2019","200.60","207.15","200.60","201.85","12,223,332"
"29-May-2019","201.00","201.00","197.25","199.30","5,123,395"
"30-May-2019","199.10","200.80","196.30","198.55","7,039,964"
"31-May-2019","199.05","199.70","195.20","197.00","8,803,541"
"03-Jun-2019","197.00","200.40","194.40","199.40","5,305,570"
"04-Jun-2019","198.85","200.50","196.85","197.80","4,728,557"
"06-Jun-2019","197.80","198.45","193.70","194.85","6,628,617"
"07-Jun-2019","194.85","196.65","193.40","194.80","3,812,625"
"10-Jun-2019","196.80","198.60","195.00","198.25","3,880,878"
"11-Jun-2019","198.90","200.90","195.65","199.60","5,966,155"
"12-Jun-2019","198.60","202.90","197.15","199.30","6,232,564"
"13-Jun-2019","198.95","200.35","196.70","199.65","4,654,391"
"14-Jun-2019","198.40","200.70","196.80","198.25","3,624,064"
"17-Jun-2019","199.00","199.00","193.00","193.60","5,976,790"
"18-Jun-2019","193.45","195.30","189.30","189.95","8,848,621"
"19-Jun-2019","192.25","196.25","188.40","190.05","11,219,284"
"20-Jun-2019","190.20","194.80","188.10","194.30","6,469,404"
"21-Jun-2019","193.90","198.30","193.15","197.65","7,596,593"
"24-Jun-2019","197.00","203.25","196.50","198.20","10,464,941"
"25-Jun-2019","196.50","203.90","194.50","202.50","8,418,631"
"26-Jun-2019","201.50","208.95","201.05","208.35","6,730,323"
"27-Jun-2019","209.65","210.40","205.35","206.10","8,700,344"
"28-Jun-2019","206.00","207.60","203.55","207.05","5,454,954"
"01-Jul-2019","208.10","210.60","207.20","208.90","6,353,325"
"02-Jul-2019","209.00","210.20","206.00","209.35","3,552,844"
"03-Jul-2019","208.75","210.30","205.35","208.70","5,052,706"
"04-Jul-2019","208.40","209.50","206.25","206.90","4,032,487"
"05-Jul-2019","206.55","206.80","198.00","198.90","8,694,153"
"08-Jul-2019","197.00","200.50","195.00","197.60","6,197,157"
"09-Jul-2019","197.00","199.00","193.10","197.90","6,355,556"
"10-Jul-2019","196.00","197.40","192.50","193.65","5,239,125"
"11-Jul-2019","196.50","199.25","194.85","198.45","4,524,147"
"12-Jul-2019","199.00","201.45","197.40","198.85","3,535,841"
"15-Jul-2019","198.55","201.00","195.80","200.15","3,882,644"
"16-Jul-2019","199.40","202.50","197.50","199.10","6,833,661"
"17-Jul-2019","198.90","204.20","198.10","203.45","4,790,772"
"18-Jul-2019","201.90","202.90","199.35","200.55","5,174,253"
"19-Jul-2019","202.00","203.70","195.00","196.00","6,741,873"
"22-Jul-2019","195.95","205.45","194.80","202.40","9,147,466"
"23-Jul-2019","202.05","204.25","200.40","203.10","4,637,360"
"24-Jul-2019","203.05","203.90","195.65","197.25","5,942,539"
"25-Jul-2019","197.90","200.25","195.45","196.75","5,720,563"
"26-Jul-2019","196.75","199.35","194.75","198.00","5,373,373"
"29-Jul-2019","196.35","198.50","192.40","193.25","6,900,021"
"30-Jul-2019","192.40","194.80","188.85","190.10","6,033,395"
"31-Jul-2019","188.00","191.25","184.80","190.55","9,273,653"
"01-Aug-2019","189.00","189.25","180.30","182.75","11,880,072"
"02-Aug-2019","179.80","182.30","176.35","180.40","11,797,603"
"05-Aug-2019","178.00","178.00","171.60","175.75","9,712,978"
"06-Aug-2019","173.00","182.60","173.00","180.70","10,421,582"
"07-Aug-2019","183.00","184.10","175.80","176.40","6,387,281"
"08-Aug-2019","177.50","181.80","175.40","181.05","6,183,264"
"09-Aug-2019","181.00","184.45","173.30","176.20","14,562,944"
"13-Aug-2019","175.25","180.30","173.00","176.25","6,836,149"
"14-Aug-2019","176.60","181.25","176.00","180.60","5,965,374"
"16-Aug-2019","179.10","181.50","173.70","179.80","7,169,006"
"19-Aug-2019","180.15","182.25","177.75","181.15","5,179,954"
"20-Aug-2019","182.00","182.35","177.80","179.40","4,539,348"
"21-Aug-2019","178.90","178.90","173.25","177.05","6,642,215"
"22-Aug-2019","174.00","179.30","172.65","176.55","7,128,023"
"23-Aug-2019","173.60","181.95","172.15","180.25","7,073,375"
"26-Aug-2019","182.05","182.25","171.10","178.75","7,974,145"
"27-Aug-2019","180.00","182.45","177.70","181.20","6,928,021"
"28-Aug-2019","181.50","182.00","176.50","178.40","5,851,491"
"29-Aug-2019","176.80","180.90","174.90","179.70","5,284,552"
"30-Aug-2019","182.25","187.00","181.45","184.45","13,905,732"
"03-Sep-2019","182.50","182.50","177.40","178.40","4,927,852"
"04-Sep-2019","179.00","182.20","176.60","181.65","5,129,501"
"05-Sep-2019","182.25","188.65","182.25","184.60","5,614,061"
"06-Sep-2019","184.90","189.70","182.00","188.40","5,570,553"
"09-Sep-2019","188.50","190.05","184.75","189.25","5,014,192"
"11-Sep-2019","189.10","194.20","189.00","193.45","5,904,788"
"12-Sep-2019","193.95","197.60","193.60","197.10","8,635,479"
"13-Sep-2019","196.65","201.90","195.20","200.35","6,473,051"
"16-Sep-2019","198.10","201.25","197.95","200.40","5,748,421"
"17-Sep-2019","200.00","202.95","196.65","197.95","6,911,141"
"18-Sep-2019","198.40","200.80","197.15","198.00","7,326,216"
"19-Sep-2019","198.00","198.90","193.15","195.95","4,158,836"
"20-Sep-2019","196.05","208.20","194.75","202.15","14,594,234"
"23-Sep-2019","204.55","206.85","198.00","200.00","7,366,155"
"24-Sep-2019","199.95","202.35","196.05","197.80","5,805,761"
"25-Sep-2019","196.10","196.60","188.90","189.90","7,163,444"
"26-Sep-2019","191.00","196.50","190.25","195.95","8,625,560"
"27-Sep-2019","194.55","194.95","189.50","190.70","4,392,645"
"30-Sep-2019","189.40","191.90","184.75","191.35","6,521,755"
"01-Oct-2019","191.30","194.55","186.75","189.75","6,163,235"
"03-Oct-2019","186.50","187.95","180.00","182.60","13,862,733"
"04-Oct-2019","184.00","185.75","181.55","182.10","6,277,398"
"07-Oct-2019","182.25","185.15","181.10","182.30","4,525,369"
"09-Oct-2019","182.05","187.15","180.70","186.05","4,536,877"
"10-Oct-2019","184.45","185.95","181.80","182.25","4,351,508"
"11-Oct-2019","183.50","189.20","183.30","187.20","7,642,682"
"14-Oct-2019","189.50","191.00","187.05","188.70","5,222,539"
"15-Oct-2019","187.90","195.55","185.90","192.55","6,691,660"
"16-Oct-2019","192.50","194.15","187.15","187.95","8,082,988"
"17-Oct-2019","185.50","189.75","182.55","188.80","9,520,625"
"18-Oct-2019","187.95","191.35","186.65","187.40","7,347,790"
"22-Oct-2019","186.45","190.95","185.05","185.75","6,683,536"
"23-Oct-2019","185.10","187.60","184.00","185.10","5,610,514"
"24-Oct-2019","186.25","186.65","180.70","181.35","6,890,297"
"25-Oct-2019","181.50","183.40","181.00","181.75","5,956,396"
"27-Oct-2019","182.10","182.90","181.30","182.10","368,603"
"29-Oct-2019","183.40","188.15","182.45","184.30","9,687,658"
"30-Oct-2019","186.80","189.45","184.40","187.20","5,978,614"
"31-Oct-2019","188.15","190.90","186.60","187.90","6,501,134"
"01-Nov-2019","188.05","194.35","187.35","193.75","6,921,052"
"04-Nov-2019","195.50","204.10","195.50","197.95","15,421,372"
"05-Nov-2019","199.00","202.70","197.35","198.60","8,912,298"
"06-Nov-2019","199.00","203.65","197.65","201.50","13,028,120"
"07-Nov-2019","202.90","207.30","199.25","205.20","17,556,268"
"08-Nov-2019","205.05","207.00","203.10","203.85","10,082,727"
"11-Nov-2019","203.95","203.95","199.50","200.15","6,851,401"
"13-Nov-2019","197.05","201.95","192.35","193.15","13,457,979"
"14-Nov-2019","193.35","193.40","187.80","188.50","6,720,055"
"15-Nov-2019","188.50","190.15","187.10","187.75","4,558,349"
"18-Nov-2019","188.55","194.85","187.20","193.60","8,873,375"
"19-Nov-2019","193.60","194.00","190.65","192.35","3,476,640"
"20-Nov-2019","193.00","193.85","190.25","190.75","4,437,118"
"21-Nov-2019","190.20","192.90","188.05","188.60","6,342,754"
"22-Nov-2019","188.00","191.30","187.05","190.25","4,635,776"
"25-Nov-2019","191.50","200.65","190.35","199.25","16,931,103"
"26-Nov-2019","200.15","202.90","197.55","198.70","16,163,735"
"27-Nov-2019","199.40","203.50","199.40","203.00","7,251,212"
"28-Nov-2019","203.00","205.30","200.10","204.10","5,421,765"
"29-Nov-2019","203.00","204.50","196.55","200.15","10,212,511"
"02-Dec-2019","200.00","202.55","198.45","200.80","5,195,682"
"03-Dec-2019","200.10","200.50","194.60","196.00","5,815,771"
"04-Dec-2019","194.20","201.75","192.80","201.10","6,574,810"
"05-Dec-2019","199.05","201.45","197.25","198.55","4,443,222"
"06-Dec-2019","199.00","200.70","195.65","197.95","3,819,461"
"09-Dec-2019","198.65","202.25","197.10","198.85","5,743,160"
"10-Dec-2019","198.70","200.60","197.70","199.10","4,876,818"
"11-Dec-2019","200.00","200.00","194.70","196.60","4,757,660"
"12-Dec-2019","197.30","204.25","197.30","201.45","10,621,630"
"13-Dec-2019","207.00","209.00","205.30","208.25","14,246,993"
"16-Dec-2019","210.00","211.65","206.20","206.65","8,779,955"
"17-Dec-2019","207.90","214.80","206.80","213.70","16,629,136"
"18-Dec-2019","214.55","215.50","212.20","213.65","11,721,371"
"19-Dec-2019","212.40","217.25","211.15","216.30","6,847,801"
"20-Dec-2019","216.30","218.10","214.80","215.50","8,175,626"
"23-Dec-2019","216.80","219.35","213.35","215.15","10,295,626"
"24-Dec-2019","218.25","218.30","215.15","216.25","7,782,646"
"26-Dec-2019","216.75","217.60","214.30","215.00","7,436,907"
"27-Dec-2019","216.10","217.15","214.40","215.45","5,252,162"
"30-Dec-2019","216.30","219.00","211.15","217.95","11,352,906"
"31-Dec-2019","217.00","219.40","215.50","216.15","9,432,449"
"01-Jan-2020","216.15","217.45","213.20","214.30","5,085,208"
"02-Jan-2020","216.00","221.20","216.00","220.15","15,238,841"
"03-Jan-2020","219.30","219.95","216.05","216.45","8,658,243"
"06-Jan-2020","215.00","215.65","208.05","209.30","7,798,846"
"07-Jan-2020","210.55","213.20","207.70","208.85","12,767,569"
"08-Jan-2020","206.00","208.65","204.50","207.40","12,470,053"
"09-Jan-2020","211.50","211.95","208.90","210.75","8,676,205"
"10-Jan-2020","212.30","214.20","210.20","211.50","7,800,086"
"13-Jan-2020","212.80","213.00","209.50","211.20","6,614,653"
"14-Jan-2020","212.50","214.75","210.80","211.95","7,981,507"
"15-Jan-2020","211.10","215.00","210.00","213.65","9,564,560"
"16-Jan-2020","214.00","214.75","209.00","209.65","6,986,058"
"17-Jan-2020","209.50","212.00","208.15","210.05","8,678,002"
"20-Jan-2020","210.10","210.80","206.75","207.30","3,977,566"
"21-Jan-2020","206.00","208.50","204.65","205.15","4,479,791"
"22-Jan-2020","205.60","207.80","203.00","203.60","6,268,889"
"23-Jan-2020","203.60","205.35","202.75","204.60","5,560,681"
"24-Jan-2020","204.50","207.70","202.25","205.40","5,749,852"
"27-Jan-2020","203.55","203.55","197.40","198.25","7,942,736"
"28-Jan-2020","199.40","199.40","194.20","196.00","6,308,211"
"29-Jan-2020","197.65","200.40","197.10","197.75","8,978,837"
"30-Jan-2020","197.30","197.75","192.70","193.45","8,588,693"
"31-Jan-2020","194.80","195.15","188.25","189.35","6,008,376"
"01-Feb-2020","187.65","189.85","182.80","184.40","3,885,637"
"03-Feb-2020","183.90","185.60","180.30","181.80","7,678,833"
"04-Feb-2020","183.00","190.35","183.00","189.25","9,235,507"
"05-Feb-2020","190.10","197.55","188.30","196.30","7,411,014"
"06-Feb-2020","196.40","197.35","192.65","194.00","7,348,886"
"07-Feb-2020","194.00","198.40","192.85","197.40","6,977,770"
"10-Feb-2020","195.90","196.95","189.60","190.85","5,385,023"
"11-Feb-2020","192.40","196.95","192.00","193.65","7,530,810"
"12-Feb-2020","194.25","196.40","191.20","193.65","10,581,151"
"13-Feb-2020","194.70","197.00","192.40","195.25","6,711,481"
"14-Feb-2020","195.50","197.00","193.45","194.00","3,798,528"
"17-Feb-2020","194.00","194.70","189.75","190.25","3,484,321"
"18-Feb-2020","189.15","189.45","181.75","184.35","8,152,961"
"19-Feb-2020","186.00","188.60","184.40","188.10","4,317,249"
"20-Feb-2020","187.80","191.00","185.40","189.95","6,207,445"
"24-Feb-2020","186.90","186.90","177.90","179.05","14,690,243"
"25-Feb-2020","181.00","181.45","174.05","174.45","10,694,830"
"26-Feb-2020","172.95","173.20","167.75","169.90","16,855,158"
"27-Feb-2020","169.95","170.30","166.15","168.35","7,657,497"
"28-Feb-2020","162.00","162.20","154.10","155.90","14,033,411"
"02-Mar-2020","160.55","161.45","146.85","149.75","11,441,351"
"03-Mar-2020","152.10","160.45","150.80","159.30","21,836,942"
"04-Mar-2020","160.00","161.70","156.90","160.60","12,074,078"
"05-Mar-2020","162.70","167.90","154.85","155.50","12,338,386"
"06-Mar-2020","148.95","151.45","140.00","150.10","11,173,720"
"09-Mar-2020","143.90","145.80","140.30","143.45","10,550,465"
"11-Mar-2020","142.00","142.35","137.10","137.80","9,682,823"
"12-Mar-2020","130.00","130.00","118.15","120.20","15,926,860"
"13-Mar-2020","113.90","130.00","103.10","127.45","15,365,436"
"16-Mar-2020","120.80","129.05","114.45","115.65","20,577,695"
"17-Mar-2020","117.00","120.85","113.85","115.40","11,615,932"
"18-Mar-2020","119.00","119.00","108.15","109.20","12,106,435"
"19-Mar-2020","103.00","107.90","97.55","99.75","11,569,862"
"20-Mar-2020","101.20","107.70","98.70","105.50","13,928,854"
"23-Mar-2020","94.95","99.95","84.90","87.90","14,591,356"
"24-Mar-2020","89.05","94.80","85.00","88.75","16,845,643"
"25-Mar-2020","88.95","97.20","88.05","94.55","7,877,985"
"26-Mar-2020","97.50","97.60","92.25","94.55","11,013,084"
"27-Mar-2020","97.50","99.30","90.30","91.55","9,159,047"
"30-Mar-2020","88.10","91.45","86.55","88.80","9,970,409"
"31-Mar-2020","91.95","97.25","91.00","95.70","15,558,731"
"01-Apr-2020","94.95","95.40","91.00","91.65","9,271,055"
"03-Apr-2020","92.10","93.45","88.40","88.80","8,216,768"
"07-Apr-2020","92.15","106.55","90.00","103.95","23,640,664"
"08-Apr-2020","99.50","111.80","98.90","100.85","24,227,475"
"09-Apr-2020","105.00","109.00","101.85","107.55","14,944,332"
"13-Apr-2020","109.00","114.35","105.10","113.80","23,260,082"
"15-Apr-2020","120.00","124.00","113.80","115.10","45,561,435"
"16-Apr-2020","118.90","121.90","114.45","120.55","18,972,010"
"17-Apr-2020","124.00","125.70","119.10","124.15","14,577,305"
"20-Apr-2020","125.00","125.15","115.75","116.45","18,342,560"
"21-Apr-2020","113.65","113.70","105.80","107.10","22,935,461"
"22-Apr-2020","106.50","108.75","102.75","108.30","14,420,045"
"23-Apr-2020","109.00","113.30","108.35","111.25","16,545,796"
"24-Apr-2020","109.95","109.95","102.85","103.65","16,901,936"
"27-Apr-2020","106.40","109.70","105.30","108.20","18,657,008"
"28-Apr-2020","109.20","110.65","106.70","108.75","13,489,959"
"29-Apr-2020","109.00","117.65","108.30","116.30","35,702,266"
"30-Apr-2020","120.00","132.20","119.50","130.20","45,993,743"
"04-May-2020","121.40","123.00","114.60","115.90","22,496,899"
"05-May-2020","120.00","120.75","115.00","115.90","19,405,541"
"06-May-2020","116.00","120.70","115.50","118.60","15,993,883"
"07-May-2020","117.00","122.00","116.70","117.65","16,733,347"
"08-May-2020","122.90","123.00","115.85","117.10","21,603,443"
"11-May-2020","118.95","121.40","117.55","119.75","13,916,703"
"12-May-2020","118.90","122.25","116.40","121.10","13,673,763"
"13-May-2020","125.50","126.95","121.60","123.55","13,922,283"
"14-May-2020","119.00","120.90","117.00","117.20","12,778,247"
"15-May-2020","118.40","120.90","117.40","119.25","12,510,164"
"18-May-2020","120.55","121.00","114.30","115.35","14,500,151"
"19-May-2020","117.75","120.40","116.55","117.30","15,916,452"
"20-May-2020","117.30","121.95","116.25","120.80","8,718,400"
"21-May-2020","121.40","130.75","120.65","129.50","34,325,678"
"22-May-2020","126.50","126.50","123.60","124.85","17,059,557"
"26-May-2020","125.55","130.45","125.50","129.10","18,786,955"
"27-May-2020","130.40","134.80","130.00","133.30","32,423,472"
"28-May-2020","134.40","139.40","133.60","138.40","21,951,352"
"29-May-2020","135.95","141.15","134.60","138.85","19,390,844"
"01-Jun-2020","141.90","145.45","138.55","139.15","14,504,825"
"02-Jun-2020","140.90","143.50","138.85","141.15","12,836,275"
"03-Jun-2020","142.90","146.80","142.30","143.35","12,470,626"
"04-Jun-2020","143.30","144.65","138.35","142.65","11,358,324"
"05-Jun-2020","143.80","151.00","143.40","149.25","21,825,146"
"08-Jun-2020","155.00","155.85","145.50","146.35","16,212,010"
"09-Jun-2020","148.00","150.35","141.20","142.60","19,223,809"
"10-Jun-2020","143.90","148.00","141.80","146.95","17,278,403"
"11-Jun-2020","145.90","147.45","142.45","144.40","12,532,830"
"12-Jun-2020","138.00","146.85","136.20","146.05","15,804,922"
"15-Jun-2020","149.05","152.35","143.75","145.80","34,911,162"
"16-Jun-2020","149.90","154.60","146.90","150.10","28,477,572"
"17-Jun-2020","149.70","152.10","147.20","148.00","13,573,299"
"18-Jun-2020","148.45","151.40","147.30","150.80","9,858,458"
"19-Jun-2020","152.35","152.35","148.50","151.05","14,631,329"
"22-Jun-2020","150.90","151.45","149.00","150.10","8,037,341"
"23-Jun-2020","152.90","159.50","150.60","158.35","22,570,976"
"24-Jun-2020","159.40","160.10","150.45","151.40","15,918,298"
"25-Jun-2020","149.00","152.30","144.60","146.60","18,500,713"
"26-Jun-2020","149.00","152.00","148.20","151.05","12,107,609"
"29-Jun-2020","149.45","149.45","143.30","145.85","13,110,762"
"30-Jun-2020","148.00","151.60","145.20","146.20","14,655,359"
"01-Jul-2020","147.50","148.85","144.50","147.55","8,255,408"
"02-Jul-2020","148.90","150.30","146.75","147.75","9,519,998"
"03-Jul-2020","148.60","149.45","144.55","146.40","10,780,269"
"06-Jul-2020","147.80","155.15","147.10","154.35","24,254,507"
"07-Jul-2020","155.00","156.90","151.80","152.30","13,160,147"
"08-Jul-2020","152.75","158.00","152.40","155.00","18,306,904"
"09-Jul-2020","157.00","166.45","156.90","164.80","45,180,721"
"10-Jul-2020","163.70","164.50","160.35","163.70","16,256,682"
"13-Jul-2020","165.30","170.50","164.10","169.25","21,894,781"
"14-Jul-2020","167.70","168.70","161.95","163.80","16,396,527"
"15-Jul-2020","166.35","168.50","164.50","165.40","11,233,336"
"16-Jul-2020","164.90","166.80","161.05","166.05","12,768,487"
"17-Jul-2020","166.50","169.10","161.15","162.15","14,372,019"
"20-Jul-2020","162.20","162.95","159.65","160.90","14,067,880"
"21-Jul-2020","162.85","163.00","157.55","160.00","13,098,794"
"22-Jul-2020","160.55","163.90","157.40","159.90","17,455,793"
"23-Jul-2020","160.70","162.45","159.70","162.00","8,258,361"
"24-Jul-2020","159.95","160.95","154.30","156.20","15,793,429"
"27-Jul-2020","157.00","159.80","154.60","158.20","12,745,526"
"28-Jul-2020","158.55","165.25","158.55","164.70","15,539,141"
"29-Jul-2020","164.30","168.50","163.30","164.05","15,846,640"
"30-Jul-2020","164.95","165.70","160.00","162.00","8,980,592"
"31-Jul-2020","161.90","164.50","159.60","163.10","9,872,796"
"03-Aug-2020","163.10","167.50","160.75","161.35","16,525,231"
"04-Aug-2020","162.00","164.60","160.75","162.35","13,653,474"
"05-Aug-2020","163.90","177.40","163.50","175.75","47,894,902"
"06-Aug-2020","178.00","178.90","174.20","178.00","23,198,187"
"07-Aug-2020","176.45","179.00","175.35","177.60","10,117,776"
"10-Aug-2020","176.90","179.00","174.40","178.60","9,379,771"
"11-Aug-2020","180.00","186.60","178.00","178.95","30,405,570"
"12-Aug-2020","177.35","177.35","172.70","175.80","17,437,082"
"13-Aug-2020","178.00","184.60","178.00","183.55","26,526,487"
"14-Aug-2020","184.35","189.45","180.60","184.95","28,520,588"
"17-Aug-2020","185.15","193.45","184.25","192.55","25,968,794"
"18-Aug-2020","193.20","197.25","192.05","196.00","20,401,537"
"19-Aug-2020","196.85","197.65","194.30","196.80","16,328,384"
"20-Aug-2020","193.05","202.35","192.45","199.00","28,492,195"
"21-Aug-2020","201.75","203.15","195.35","196.25","18,333,749"
"24-Aug-2020","197.45","197.80","192.45","193.30","10,628,935"
"25-Aug-2020","195.40","196.40","190.05","191.30","13,440,054"
"26-Aug-2020","192.00","195.00","191.25","193.50","8,427,750"
"27-Aug-2020","193.50","195.65","192.60","194.90","7,659,883"
"28-Aug-2020","195.10","196.15","193.00","193.80","8,153,155"
"31-Aug-2020","195.00","197.00","184.25","185.25","17,662,267"
"01-Sep-2020","185.20","195.45","185.00","194.05","24,334,798"
"02-Sep-2020","194.00","196.90","192.55","196.20","11,184,434"
"03-Sep-2020","196.15","196.15","191.55","192.00","11,311,035"
"04-Sep-2020","188.05","194.00","184.85","188.30","16,805,286"
"07-Sep-2020","188.30","191.50","186.60","187.50","6,839,485"
"08-Sep-2020","188.20","188.20","179.55","180.25","9,202,591"
"09-Sep-2020","177.35","183.80","171.75","182.80","22,609,547"
"10-Sep-2020","185.00","185.30","173.35","176.65","19,155,966"
"11-Sep-2020","178.70","180.00","174.80","178.65","15,780,825"
"14-Sep-2020","179.00","180.50","174.60","175.80","11,606,088"
"15-Sep-2020","177.40","179.35","174.50","176.75","10,726,850"
"16-Sep-2020","177.10","184.60","175.45","183.80","14,453,137"
"17-Sep-2020","182.70","182.70","175.35","175.85","18,644,374"
"18-Sep-2020","177.45","182.20","176.55","179.50","28,529,345"
"21-Sep-2020","179.40","180.70","163.10","167.15","26,163,752"
"22-Sep-2020","168.00","168.95","160.80","163.45","18,465,737"
"23-Sep-2020","165.50","167.45","162.30","165.45","17,257,416"
"24-Sep-2020","158.00","162.30","154.40","159.10","19,292,855"
"25-Sep-2020","161.95","164.85","157.65","162.05","20,236,970"
"28-Sep-2020","163.95","168.70","162.10","167.70","12,412,823"
"29-Sep-2020","169.45","177.30","168.10","176.40","36,625,394"
"30-Sep-2020","177.50","177.70","172.70","175.25","15,628,518"
"01-Oct-2020","177.20","179.25","173.50","174.10","12,663,081"
"05-Oct-2020","175.00","179.90","172.80","179.05","13,647,877"
"06-Oct-2020","180.60","182.40","175.60","176.90","13,192,336"
"07-Oct-2020","176.90","177.95","170.80","172.85","11,851,391"
"08-Oct-2020","172.85","176.45","171.55","174.25","11,214,159"
"09-Oct-2020","177.00","181.45","169.25","170.00","30,474,584"
"12-Oct-2020","174.00","175.00","169.70","172.15","16,792,494"
"13-Oct-2020","170.45","174.90","169.75","173.25","9,712,363"
"14-Oct-2020","173.00","175.00","171.05","174.20","10,704,122"
"15-Oct-2020","174.90","178.25","171.70","173.65","19,813,787"
"16-Oct-2020","174.10","180.55","172.35","179.80","15,546,424"
"19-Oct-2020","181.00","183.85","177.70","182.70","17,095,601"
"20-Oct-2020","181.80","183.15","179.30","180.80","10,429,257"
"21-Oct-2020","181.10","187.50","181.00","185.95","24,286,914"
"22-Oct-2020","184.90","187.70","182.10","184.45","17,453,750"
"23-Oct-2020","185.60","186.60","181.65","182.25","9,733,886"
"26-Oct-2020","182.30","182.90","169.60","172.40","15,615,757"
"27-Oct-2020","172.90","175.40","171.05","174.45","15,437,839"
"28-Oct-2020","174.45","177.10","169.25","170.45","14,426,026"
"29-Oct-2020","168.50","170.50","165.30","167.90","12,267,601"
"30-Oct-2020","168.20","171.95","166.90","170.65","12,957,793"
"02-Nov-2020","171.50","172.50","167.65","170.75","11,083,051"
"03-Nov-2020","172.45","180.40","171.85","179.75","22,507,173"
"04-Nov-2020","177.00","181.20","174.10","176.50","11,618,409"
"05-Nov-2020","178.90","187.95","178.10","187.35","23,733,769"
"06-Nov-2020","186.00","190.35","185.40","188.15","14,037,270"
"09-Nov-2020","189.85","195.75","189.30","194.70","14,673,743"
"10-Nov-2020","198.05","200.65","190.10","192.35","23,544,708"
"11-Nov-2020","192.50","208.25","192.10","204.05","42,959,437"
"12-Nov-2020","205.05","211.40","204.25","208.60","40,805,593"
"13-Nov-2020","206.00","211.05","204.30","210.55","15,133,046"
"14-Nov-2020","212.00","212.50","207.05","209.30","1,794,824"
"17-Nov-2020","210.30","216.00","210.10","213.55","22,284,208"
"18-Nov-2020","212.45","220.25","210.55","219.35","16,606,283"
"19-Nov-2020","217.45","227.25","212.70","213.85","28,576,299"
"20-Nov-2020","214.55","220.00","212.10","215.55","17,773,062"
"23-Nov-2020","217.00","221.95","215.55","218.05","22,567,883"
"24-Nov-2020","220.00","227.25","218.60","226.00","18,538,052"
"25-Nov-2020","226.00","230.00","222.00","223.45","18,591,189"
"26-Nov-2020","224.20","231.25","220.35","229.90","16,363,181"
"27-Nov-2020","230.00","230.60","220.55","226.35","42,583,153"
"01-Dec-2020","230.80","231.50","222.50","229.30","16,869,243"
"02-Dec-2020","229.35","236.90","228.55","231.85","20,100,114"
"03-Dec-2020","234.60","243.15","233.10","242.00","28,072,333"
"04-Dec-2020","244.55","255.95","243.00","252.70","41,978,766"
"07-Dec-2020","252.30","253.95","248.50","251.25","17,202,162"
"08-Dec-2020","251.85","253.00","244.45","245.70","14,240,101"
"09-Dec-2020","246.50","248.05","239.95","241.00","14,737,004"
"10-Dec-2020","239.80","245.50","238.00","242.70","19,673,032"
"11-Dec-2020","244.25","248.00","240.95","243.65","12,610,389"
"14-Dec-2020","245.95","248.15","244.05","246.35","10,448,747"
"15-Dec-2020","245.60","246.00","242.60","244.55","15,446,054"
"16-Dec-2020","248.00","252.15","245.90","251.45","19,222,530"
"17-Dec-2020","251.90","254.90","244.45","245.85","13,711,470"
"18-Dec-2020","246.70","251.40","245.20","249.90","18,866,376"
"21-Dec-2020","246.00","249.75","228.65","232.30","16,278,713"
"22-Dec-2020","233.90","239.25","227.00","231.90","18,337,596"
"23-Dec-2020","231.35","237.90","227.50","236.20","13,095,413"
"24-Dec-2020","237.90","244.65","236.10","236.95","14,541,771"
"28-Dec-2020","239.15","241.15","237.70","239.90","8,213,627"
"29-Dec-2020","241.90","242.00","234.30","235.60","9,405,315"
"30-Dec-2020","236.40","239.15","232.65","237.40","8,480,116"
"31-Dec-2020","236.40","241.90","234.70","240.55","10,380,624"
"01-Jan-2021","239.00","240.00","237.60","238.35","5,091,899"
"04-Jan-2021","240.90","258.00","239.55","254.30","24,902,369"
"05-Jan-2021","251.10","252.75","247.00","250.30","12,297,457"
"06-Jan-2021","250.75","260.00","247.75","259.05","18,029,077"
"07-Jan-2021","261.45","275.40","261.00","272.90","32,739,259"
"08-Jan-2021","273.95","274.45","265.15","268.20","20,606,695"
"11-Jan-2021","267.60","269.40","258.00","264.70","13,163,440"
"12-Jan-2021","260.45","270.50","260.45","264.35","13,136,084"
"13-Jan-2021","265.50","268.40","258.85","262.65","13,300,126"
"14-Jan-2021","262.70","265.10","259.55","261.40","7,601,547"
"15-Jan-2021","262.00","263.30","251.10","253.35","17,738,049"
"18-Jan-2021","252.30","254.25","240.60","243.15","17,989,695"
"19-Jan-2021","246.50","252.65","243.35","251.55","10,254,337"
"20-Jan-2021","251.60","253.65","248.60","252.10","11,090,894"
"21-Jan-2021","252.85","254.55","246.45","248.90","8,781,513"
"22-Jan-2021","247.25","249.80","235.55","239.20","16,005,359"
"25-Jan-2021","240.70","243.90","233.60","240.30","8,297,942"
"27-Jan-2021","240.00","240.05","229.75","231.40","14,139,166"
"28-Jan-2021","225.00","232.10","224.55","229.05","13,756,664"
"29-Jan-2021","230.10","234.30","225.00","226.30","14,992,241"
"01-Feb-2021","227.35","243.95","226.55","241.15","12,417,894"
"02-Feb-2021","244.20","257.40","243.90","255.35","18,251,184"
"03-Feb-2021","254.00","263.40","252.55","257.25","15,670,948"
"04-Feb-2021","259.95","267.40","258.95","261.85","21,296,401"
"05-Feb-2021","264.00","266.00","255.90","262.05","12,833,374"
"08-Feb-2021","264.00","280.55","263.55","278.95","27,556,901"
"09-Feb-2021","278.55","285.90","275.65","278.05","22,066,741"
"10-Feb-2021","281.00","283.35","274.70","279.40","16,789,592"
"11-Feb-2021","280.80","297.35","279.85","295.40","47,356,292"
"12-Feb-2021","297.00","297.25","286.50","290.80","15,454,237"
"15-Feb-2021","292.50","296.05","289.00","291.40","8,041,775"
"16-Feb-2021","293.55","307.35","293.00","302.70","27,519,511"
"17-Feb-2021","302.70","308.50","301.00","303.90","18,221,106"
"18-Feb-2021","306.05","312.60","305.00","309.90","16,202,053"
"19-Feb-2021","308.00","313.35","302.25","308.00","17,410,357"
"22-Feb-2021","310.00","328.00","310.00","316.10","45,975,603"
"23-Feb-2021","321.95","338.15","316.65","333.05","50,677,230"
"24-Feb-2021","334.20","337.50","328.00","332.80","14,777,374"
"25-Feb-2021","337.60","354.60","337.00","350.70","35,967,464"
"26-Feb-2021","343.00","349.65","334.75","340.25","20,379,210"
"01-Mar-2021","342.00","347.00","334.60","344.10","14,556,212"
"02-Mar-2021","344.25","349.30","338.75","345.25","12,878,208"
"03-Mar-2021","350.70","361.30","350.50","359.35","20,104,887"
"04-Mar-2021","352.00","357.70","347.00","349.45","13,623,173"
"05-Mar-2021","345.25","347.60","333.15","337.85","15,127,687"
"08-Mar-2021","340.05","343.90","334.70","336.60","10,555,735"
"09-Mar-2021","339.95","344.40","328.45","333.25","13,883,599"
"10-Mar-2021","335.80","342.35","330.45","340.35","10,886,045"
"12-Mar-2021","341.55","345.00","327.45","330.20","15,035,151"
"15-Mar-2021","331.90","335.90","325.00","333.80","14,049,438"
"16-Mar-2021","336.00","336.75","326.30","333.90","13,294,567"
"17-Mar-2021","332.95","333.55","325.00","326.40","11,028,678"
"18-Mar-2021","329.35","340.50","329.35","331.80","23,744,146"
"19-Mar-2021","330.00","339.70","320.60","335.10","16,753,538"
"22-Mar-2021","335.10","342.65","331.10","339.75","8,470,164"
"23-Mar-2021","341.90","342.45","330.30","331.70","13,880,498"
"24-Mar-2021","328.30","328.30","316.80","317.75","20,388,678"
"25-Mar-2021","319.05","319.90","305.40","314.00","20,856,373"
"26-Mar-2021","318.10","328.50","318.10","327.15","13,857,627"
"30-Mar-2021","330.55","332.90","324.95","326.30","9,159,364"
"31-Mar-2021","323.10","336.00","320.90","326.85","10,387,652"
"01-Apr-2021","329.75","352.00","328.45","350.25","25,631,843"
"05-Apr-2021","349.90","352.90","338.00","350.65","14,771,653"
"06-Apr-2021","352.70","358.30","348.50","350.45","11,185,963"
"07-Apr-2021","350.40","360.70","349.00","352.20","12,542,475"
"08-Apr-2021","355.90","374.00","354.65","365.20","28,768,469"
"09-Apr-2021","367.00","370.00","354.70","361.05","16,371,164"
"12-Apr-2021","352.10","354.00","331.60","336.20","16,096,812"
"13-Apr-2021","336.20","350.30","336.20","348.70","12,942,071"
"15-Apr-2021","354.00","366.80","349.75","353.55","21,825,520"
"16-Apr-2021","356.75","376.50","352.70","370.00","28,438,547"
"19-Apr-2021","358.70","366.00","353.85","361.40","15,435,944"
"20-Apr-2021","368.60","371.50","354.55","359.35","15,526,407"
"22-Apr-2021","360.80","365.60","354.70","355.85","12,756,931"
"23-Apr-2021","354.05","362.65","345.30","349.50","12,805,877"
"26-Apr-2021","353.00","358.25","345.50","348.35","16,472,269"
"27-Apr-2021","350.10","370.00","350.10","366.25","41,263,319"
"28-Apr-2021","368.85","368.90","358.00","362.60","15,197,329"
"29-Apr-2021","367.40","377.30","364.60","372.15","34,391,622"
"30-Apr-2021","368.90","377.00","361.30","364.40","19,935,239"
"03-May-2021","364.40","373.20","357.65","369.95","15,890,242"
"04-May-2021","372.00","384.45","359.70","362.55","29,767,756"
"05-May-2021","367.00","373.70","364.30","367.10","15,192,338"
"06-May-2021","370.00","388.60","367.80","385.95","31,912,131"
"07-May-2021","390.00","404.95","385.25","401.10","46,343,220"
"10-May-2021","407.80","427.50","406.70","425.75","39,516,234"
"11-May-2021","414.85","420.60","408.85","412.80","27,497,466"
"12-May-2021","416.00","417.65","393.70","398.80","18,242,276"
"14-May-2021","403.00","403.65","368.15","382.80","41,384,078"
"17-May-2021","384.50","395.35","377.25","392.95","20,821,967"
"18-May-2021","401.00","412.80","396.50","402.10","30,540,086"
"19-May-2021","400.00","406.45","394.20","403.30","16,113,667"
"20-May-2021","390.00","393.20","379.45","385.20","30,689,219"
"21-May-2021","388.70","391.90","383.35","389.80","22,406,993"
"24-May-2021","392.90","393.70","379.45","389.30","23,694,105"
"25-May-2021","394.00","399.50","389.55","391.20","18,155,697"
"26-May-2021","389.25","389.50","380.25","381.00","15,340,621"
"27-May-2021","382.05","388.45","380.00","385.85","17,374,666"
"28-May-2021","393.00","398.85","384.80","387.75","14,862,168"
"31-May-2021","391.55","395.40","388.00","394.25","13,703,439"
"01-Jun-2021","396.00","396.80","386.50","394.70","11,399,189"
"02-Jun-2021","389.00","402.70","389.00","398.80","9,587,386"
"03-Jun-2021","403.00","405.50","398.00","399.20","12,441,261"
"04-Jun-2021","400.00","400.00","392.30","395.05","10,040,657"
"07-Jun-2021","396.15","401.40","394.25","395.00","6,176,784"
"08-Jun-2021","395.00","395.50","381.10","387.75","17,334,691"
"09-Jun-2021","388.00","390.95","382.30","383.15","11,807,015"
"10-Jun-2021","386.15","389.95","384.25","385.40","5,796,380"
"11-Jun-2021","388.40","395.00","383.15","393.15","9,630,564"
"14-Jun-2021","392.95","397.50","381.35","394.80","11,601,461"
"15-Jun-2021","391.00","396.35","390.00","390.85","7,929,361"
"16-Jun-2021","387.30","391.35","377.00","380.25","17,978,012"
"17-Jun-2021","376.00","380.30","365.05","369.25","14,321,673"
"18-Jun-2021","368.75","373.35","359.80","371.35","22,723,111"
"21-Jun-2021","366.90","369.95","360.40","367.60","13,172,227"
"22-Jun-2021","371.00","371.85","366.25","367.55","9,787,216"
"23-Jun-2021","368.05","377.00","367.35","368.10","14,295,574"
"24-Jun-2021","369.00","372.45","366.10","369.05","9,066,954"
"25-Jun-2021","371.55","380.35","371.55","375.90","12,815,999"
"28-Jun-2021","378.90","384.95","374.25","382.30","14,518,487"
"29-Jun-2021","383.40","383.50","372.70","374.25","9,106,037"
"30-Jun-2021","376.55","379.40","370.95","372.05","10,110,801"
"01-Jul-2021","372.30","380.80","372.00","379.40","8,232,292"
"02-Jul-2021","378.00","380.60","374.20","376.05","5,070,326"
"05-Jul-2021","379.00","391.00","377.50","389.55","12,836,172"
"06-Jul-2021","389.40","391.00","384.00","385.35","6,153,733"
"07-Jul-2021","382.90","395.00","380.20","393.65","10,577,866"
"08-Jul-2021","392.50","392.90","381.20","383.10","12,333,337"
"09-Jul-2021","383.00","391.40","382.10","390.05","7,375,406"
"12-Jul-2021","393.00","393.00","386.60","388.35","5,679,273"
"13-Jul-2021","390.50","394.95","390.00","392.25","5,467,940"
"14-Jul-2021","392.25","394.40","391.00","391.65","3,341,557"
"15-Jul-2021","391.80","402.90","390.00","401.45","10,347,950"
"16-Jul-2021","403.00","406.00","399.35","405.50","9,287,112"
"19-Jul-2021","398.00","404.95","396.20","396.95","5,708,367"
"20-Jul-2021","396.45","396.45","381.20","383.00","9,214,553"
"22-Jul-2021","390.20","395.20","389.00","393.50","7,381,389"
"23-Jul-2021","394.10","396.55","390.80","391.75","5,217,004"
"26-Jul-2021","393.00","402.45","390.20","400.05","7,083,799"
"27-Jul-2021","404.00","419.70","403.55","417.35","28,240,273"
"28-Jul-2021","419.00","419.40","407.55","416.30","12,775,129"
"29-Jul-2021","420.50","474.00","416.80","458.10","61,414,603"
"30-Jul-2021","458.10","459.65","442.15","444.80","12,987,115"
"02-Aug-2021","448.00","452.25","442.70","445.80","7,683,565"
"03-Aug-2021","447.75","450.85","440.20","448.80","8,879,300"
"04-Aug-2021","446.00","455.50","441.00","442.70","8,621,637"
"05-Aug-2021","445.00","445.70","432.90","443.10","11,790,679"
"06-Aug-2021","444.70","455.85","439.30","442.15","18,059,875"
"09-Aug-2021","441.95","445.00","428.80","434.70","13,778,833"
"10-Aug-2021","436.50","439.80","423.25","426.95","10,417,993"
"11-Aug-2021","429.30","444.50","429.05","436.65","19,239,106"
"12-Aug-2021","436.90","444.30","433.85","437.25","8,349,354"
"13-Aug-2021","437.40","449.60","435.50","442.05","13,343,808"
"16-Aug-2021","442.60","447.00","436.20","441.75","8,288,547"
"17-Aug-2021","440.10","443.85","429.00","436.60","8,413,999"
"18-Aug-2021","438.80","439.65","424.40","426.95","12,169,397"
"20-Aug-2021","416.00","416.00","401.10","403.65","23,309,477"
"23-Aug-2021","411.00","415.75","399.50","406.85","15,943,020"
"24-Aug-2021","415.00","423.75","412.55","420.85","15,050,015"
"25-Aug-2021","423.70","434.95","423.70","430.70","17,974,391"
"26-Aug-2021","431.50","432.30","420.80","424.10","7,695,674"
"27-Aug-2021","427.00","439.00","427.00","437.90","15,558,923"
"30-Aug-2021","440.95","452.50","440.65","448.05","11,735,730"
"31-Aug-2021","448.00","471.15","444.80","468.30","20,847,646"
"01-Sep-2021","474.00","474.00","455.05","458.10","10,038,500"
"02-Sep-2021","460.05","465.00","455.70","456.95","5,360,608"
"03-Sep-2021","457.25","464.50","450.00","461.30","8,516,918"
"06-Sep-2021","466.95","475.00","461.70","469.25","12,183,840"
"07-Sep-2021","470.00","472.40","460.90","462.30","5,684,070"
"08-Sep-2021","464.85","465.85","455.20","456.30","6,689,343"
"09-Sep-2021","458.25","466.65","456.00","463.55","6,926,659"
"13-Sep-2021","476.00","480.50","468.55","478.35","16,632,808"
"14-Sep-2021","483.10","483.45","473.20","477.95","15,253,798"
"15-Sep-2021","478.20","487.60","474.35","486.80","12,415,050"
"16-Sep-2021","483.00","488.00","480.45","483.30","8,011,765"
"17-Sep-2021","484.00","485.45","470.10","473.05","12,113,274"
"20-Sep-2021","462.00","464.00","442.40","444.40","18,031,539"
"21-Sep-2021","445.00","452.45","438.80","451.00","18,750,888"
"22-Sep-2021","452.90","464.40","452.20","463.00","13,613,171"
"23-Sep-2021","473.50","484.80","468.00","483.25","12,757,667"
"24-Sep-2021","481.00","485.65","473.60","478.75","9,226,843"
"27-Sep-2021","474.90","489.95","472.30","481.40","6,825,039"
"28-Sep-2021","480.90","486.90","475.05","478.15","6,148,679"
"29-Sep-2021","475.00","496.90","473.40","494.15","9,508,220"
"30-Sep-2021","495.25","504.00","485.60","487.95","14,333,358"
"01-Oct-2021","483.10","486.00","473.45","484.35","8,072,310"
"04-Oct-2021","486.00","509.45","481.00","505.70","10,303,925"
"05-Oct-2021","496.00","506.20","494.20","495.30","8,162,109"
"06-Oct-2021","498.00","498.50","474.00","475.90","11,231,113"
"07-Oct-2021","485.00","485.60","473.00","477.50","9,774,465"
"08-Oct-2021","480.95","490.75","472.65","473.65","7,086,881"
"11-Oct-2021","478.50","490.00","476.25","487.50","5,565,678"
"12-Oct-2021","492.80","499.50","487.45","498.65","8,685,800"
"13-Oct-2021","499.95","512.00","495.00","508.05","8,901,206"
"14-Oct-2021","511.40","523.35","508.35","516.10","8,876,529"
"18-Oct-2021","535.45","551.85","526.50","542.80","23,481,789"
"19-Oct-2021","547.70","547.70","526.05","533.75","11,017,925"
"20-Oct-2021","531.00","531.00","510.50","512.95","9,440,844"
"21-Oct-2021","516.20","520.80","491.60","493.75","14,173,662"
"22-Oct-2021","489.00","492.00","464.50","470.45","19,392,383"
"25-Oct-2021","473.55","478.00","459.35","473.25","9,196,105"
"26-Oct-2021","475.05","488.00","472.55","486.05","8,120,433"
"27-Oct-2021","483.00","487.70","475.65","479.85","8,972,879"
"28-Oct-2021","455.85","477.15","453.45","468.80","12,659,503"
"29-Oct-2021","469.45","474.20","456.65","459.80","8,306,338"
"01-Nov-2021","463.80","481.10","463.35","478.15","7,466,267"
"02-Nov-2021","480.00","481.00","467.15","468.40","5,953,912"
"03-Nov-2021","471.00","480.45","469.85","478.30","6,928,590"
"04-Nov-2021","482.00","482.00","470.00","472.60","1,615,558"
"08-Nov-2021","480.00","481.45","459.20","469.80","13,018,619"
"09-Nov-2021","470.70","476.20","462.30","464.60","8,628,327"
"10-Nov-2021","463.65","464.00","448.50","449.75","14,672,997"
"11-Nov-2021","449.05","456.30","446.60","453.95","7,789,754"
"12-Nov-2021","460.50","470.50","458.95","468.55","17,010,073"
"15-Nov-2021","473.60","473.60","455.15","455.90","8,882,843"
"16-Nov-2021","457.00","459.90","443.05","445.60","8,937,525"
"17-Nov-2021","442.00","449.20","439.50","445.40","7,474,301"
"18-Nov-2021","448.10","454.00","436.30","440.30","9,688,141"
"22-Nov-2021","442.60","447.70","432.90","442.15","10,007,050"
"23-Nov-2021","439.25","453.40","437.05","450.20","9,020,906"
"24-Nov-2021","453.90","456.90","444.20","452.10","7,761,523"
"25-Nov-2021","451.50","458.80","443.65","447.05","8,633,424"
"26-Nov-2021","441.80","442.70","414.70","417.00","14,826,141"
"29-Nov-2021","414.00","433.50","407.10","420.15","19,069,247"
"30-Nov-2021","418.95","430.00","410.00","412.75","14,850,682"
"01-Dec-2021","419.50","426.10","416.10","424.90","8,183,556"
"02-Dec-2021","428.00","433.90","421.00","432.10","7,775,405"
"03-Dec-2021","427.80","433.80","424.00","424.65","5,938,378"
"06-Dec-2021","424.95","432.50","418.20","421.35","8,160,853"
"07-Dec-2021","427.40","444.40","425.20","442.50","18,303,734"
"08-Dec-2021","446.00","458.45","440.10","457.45","13,700,443"
"09-Dec-2021","457.45","458.70","452.20","455.65","5,586,232"
"10-Dec-2021","455.40","460.95","453.45","455.10","5,308,752"
"13-Dec-2021","460.00","469.50","457.45","458.25","9,401,208"
"14-Dec-2021","454.90","464.40","454.70","461.70","8,027,659"
"15-Dec-2021","461.60","463.85","456.05","458.35","3,651,118"
"16-Dec-2021","464.00","464.00","448.55","450.50","8,879,417"
"17-Dec-2021","449.50","457.00","444.75","450.15","14,337,902"
"20-Dec-2021","444.80","445.25","426.70","433.10","5,952,052"
"21-Dec-2021","438.00","449.70","437.35","445.45","5,029,410"
"22-Dec-2021","450.85","464.65","447.35","463.35","7,765,878"
"23-Dec-2021","465.05","468.45","459.30","461.30","6,986,665"
"24-Dec-2021","464.00","464.40","452.85","458.90","3,122,116"
"27-Dec-2021","456.90","458.60","451.10","452.80","6,146,709"
"28-Dec-2021","456.60","459.15","452.80","458.15","2,889,804"
"29-Dec-2021","457.00","457.65","450.50","454.25","3,050,356"
"30-Dec-2021","454.00","456.00","448.40","449.65","3,843,627"
"31-Dec-2021","455.50","477.35","455.50","475.55","18,257,598"
"03-Jan-2022","475.55","479.95","472.10","478.05","5,549,693"
"04-Jan-2022","479.00","481.50","472.00","476.10","5,063,834"
"05-Jan-2022","473.20","479.40","472.00","475.35","4,489,031"
"06-Jan-2022","474.50","485.70","473.50","479.10","12,132,277"
"07-Jan-2022","481.10","495.25","480.05","493.50","9,300,149"
"10-Jan-2022","497.00","497.30","490.05","492.90","4,746,931"
"11-Jan-2022","491.90","497.20","485.70","486.35","5,346,073"
"12-Jan-2022","494.00","500.85","491.00","497.95","9,296,587"
"13-Jan-2022","502.20","509.00","499.15","507.50","9,366,574"
"14-Jan-2022","506.00","509.50","503.00","506.35","5,461,072"
"17-Jan-2022","509.00","509.00","496.00","505.95","6,721,706"
"18-Jan-2022","508.80","512.35","493.80","496.00","6,194,537"
"19-Jan-2022","495.20","506.25","490.30","504.80","5,799,747"
"20-Jan-2022","503.85","508.00","498.10","503.40","4,243,563"
"21-Jan-2022","501.00","515.80","499.25","506.70","14,173,177"
"24-Jan-2022","498.95","500.50","475.50","478.40","11,020,372"
"25-Jan-2022","475.55","486.50","474.65","485.75","5,498,495"
"27-Jan-2022","482.60","492.85","478.45","489.15","6,746,500"
"28-Jan-2022","493.05","506.60","488.45","490.35","6,616,401"
"31-Jan-2022","498.90","499.75","488.15","489.05","4,846,015"
"01-Feb-2022","492.80","512.65","487.70","511.00","9,809,417"
"02-Feb-2022","515.00","518.40","507.65","513.95","7,283,452"
"03-Feb-2022","513.00","516.50","509.00","512.65","5,078,613"
"04-Feb-2022","513.00","528.50","512.05","525.15","12,631,663"
"07-Feb-2022","527.85","533.25","519.45","522.60","10,939,353"
"08-Feb-2022","526.00","533.10","514.05","526.80","9,863,290"
"09-Feb-2022","536.00","544.40","532.10","542.30","9,235,351"
"10-Feb-2022","547.70","553.50","541.00","547.25","10,906,403"
"11-Feb-2022","547.75","553.85","539.50","542.70","9,110,193"
"14-Feb-2022","531.00","533.95","519.70","521.25","4,995,178"
"15-Feb-2022","526.45","536.35","513.70","533.85","8,233,217"
"16-Feb-2022","536.85","538.00","526.20","529.30","4,348,474"
"17-Feb-2022","533.80","540.75","528.30","532.55","5,340,469"
"18-Feb-2022","531.00","537.80","528.00","529.60","3,344,269"
"21-Feb-2022","528.50","529.00","511.20","512.00","6,308,263"
"22-Feb-2022","501.90","519.25","501.55","516.20","10,664,925"
"23-Feb-2022","519.80","523.25","515.65","518.70","8,928,934"
"24-Feb-2022","505.10","527.40","505.10","517.65","24,819,208"
"25-Feb-2022","525.00","546.90","523.10","533.90","13,815,949"
"28-Feb-2022","537.00","580.05","531.80","573.75","35,212,827"
"02-Mar-2022","575.25","614.25","575.25","600.10","41,248,362"
"03-Mar-2022","613.90","613.90","596.90","606.30","18,676,314"
"04-Mar-2022","607.80","618.00","580.60","583.80","20,490,598"
"07-Mar-2022","586.75","623.00","586.75","619.75","20,963,374"
"08-Mar-2022","618.00","618.00","587.35","589.95","19,477,245"
"09-Mar-2022","591.30","598.95","585.10","588.05","15,686,460"
"10-Mar-2022","573.50","596.50","569.80","593.80","14,824,703"
"11-Mar-2022","595.00","603.00","585.75","589.10","7,635,725"
"14-Mar-2022","585.90","593.55","578.25","590.80","7,904,911"
"15-Mar-2022","580.00","581.90","555.95","559.75","13,005,715"
"16-Mar-2022","568.70","575.40","563.30","572.70","10,485,661"
"17-Mar-2022","575.05","584.40","573.85","576.80","11,581,454"
"21-Mar-2022","584.00","600.95","582.55","589.95","14,159,371"
"22-Mar-2022","599.80","602.85","587.20","593.45","7,490,300"
"23-Mar-2022","601.00","611.80","597.50","608.45","13,581,577"
"24-Mar-2022","610.20","626.20","610.00","621.95","12,139,664"
"25-Mar-2022","621.05","630.95","616.65","622.70","11,087,146"
"28-Mar-2022","621.50","634.80","617.00","630.20","7,075,442"
"29-Mar-2022","630.00","636.00","624.50","631.30","5,245,788"
"30-Mar-2022","622.00","622.00","598.85","599.80","11,195,965"
"31-Mar-2022","600.00","600.30","568.15","569.50","23,497,993"
"01-Apr-2022","569.90","577.00","561.45","570.50","15,300,787"
"04-Apr-2022","572.00","589.65","569.05","587.50","15,845,385"
"05-Apr-2022","590.95","590.95","582.05","586.85","7,065,571"
"06-Apr-2022","582.95","589.45","576.05","581.25","9,648,592"
"07-Apr-2022","581.40","584.90","569.00","574.75","9,357,569"
"08-Apr-2022","579.40","584.55","578.30","581.75","7,157,576"
"11-Apr-2022","583.40","587.45","574.55","576.35","8,297,062"
"12-Apr-2022","570.60","570.80","538.60","542.35","16,701,775"
"13-Apr-2022","547.00","551.90","543.55","546.75","7,396,320"
"18-Apr-2022","544.95","555.65","537.40","545.35","7,550,655"
"19-Apr-2022","552.00","556.20","537.60","540.80","8,143,101"
"20-Apr-2022","544.95","549.00","536.60","545.00","4,725,779"
"21-Apr-2022","545.00","547.35","531.45","540.25","8,575,442"
"22-Apr-2022","529.00","529.85","513.30","514.15","23,871,439"
"25-Apr-2022","502.65","508.50","492.25","495.50","10,749,312"
"26-Apr-2022","498.00","500.90","489.75","493.45","11,623,406"
"27-Apr-2022","489.00","497.60","476.45","492.30","17,623,544"
"28-Apr-2022","502.00","502.00","480.00","488.60","25,042,778"
"29-Apr-2022","493.00","497.80","479.25","482.65","12,462,169"
"02-May-2022","477.85","486.00","469.50","484.40","14,625,673"
"04-May-2022","483.00","483.00","459.00","461.65","10,366,562"
"05-May-2022","470.00","475.90","460.20","461.60","6,328,868"
"06-May-2022","450.00","454.25","439.00","443.75","8,595,262"
"09-May-2022","433.85","448.55","429.50","444.10","10,773,327"
"10-May-2022","435.00","442.30","420.30","423.00","9,661,841"
"11-May-2022","423.00","429.90","413.95","422.55","14,197,501"
"12-May-2022","416.00","422.00","394.60","405.85","23,831,422"
"13-May-2022","411.00","414.45","384.95","388.00","17,007,818"
"16-May-2022","395.80","400.80","385.00","390.95","13,900,633"
"17-May-2022","399.00","437.30","398.05","428.40","37,772,554"
"18-May-2022","434.50","438.40","423.50","436.10","18,052,317"
"19-May-2022","422.10","425.95","413.80","417.00","10,319,381"
"20-May-2022","432.00","435.00","421.05","429.10","9,703,961"
"23-May-2022","418.00","420.70","399.35","413.15","15,828,786"
"24-May-2022","414.40","415.50","400.00","400.80","12,840,838"
"25-May-2022","405.00","405.05","389.70","396.85","11,103,850"
"26-May-2022","406.50","410.50","392.60","407.85","13,391,224"
"27-May-2022","423.10","426.95","406.10","409.15","20,350,558"
"30-May-2022","410.00","419.50","405.60","416.75","7,161,082"
"31-May-2022","414.90","428.50","412.00","422.55","39,115,757"
"01-Jun-2022","421.00","422.00","406.20","410.65","12,551,513"
"02-Jun-2022","408.00","414.40","406.40","409.90","7,202,046"
"03-Jun-2022","414.00","416.90","405.30","406.75","12,229,014"
"06-Jun-2022","402.60","410.70","395.95","409.15","8,810,058"
"07-Jun-2022","407.95","413.00","402.20","404.20","7,636,671"
"08-Jun-2022","402.00","407.00","401.10","403.50","6,911,005"
"09-Jun-2022","399.00","402.30","393.40","399.75","8,798,828"
"10-Jun-2022","390.00","391.80","382.75","385.75","14,541,630"
"13-Jun-2022","377.80","377.80","360.50","366.45","12,269,608"
"14-Jun-2022","363.85","369.60","357.35","358.30","11,273,145"
"15-Jun-2022","360.00","362.90","356.05","357.50","8,393,144"
"16-Jun-2022","360.40","363.75","332.30","336.10","16,614,475"
"17-Jun-2022","333.00","342.55","325.85","333.70","18,606,308"
"20-Jun-2022","331.00","334.60","308.95","321.50","20,646,347"
"21-Jun-2022","327.60","343.50","325.60","339.25","15,208,306"
"22-Jun-2022","334.00","334.00","315.45","316.45","19,176,515"
"23-Jun-2022","317.00","327.65","311.10","317.60","18,756,690"
"24-Jun-2022","321.70","324.95","316.60","322.30","11,621,311"
"27-Jun-2022","331.50","338.00","326.35","329.95","15,014,176"
"28-Jun-2022","328.45","345.25","325.30","343.55","15,742,835"
"29-Jun-2022","339.45","345.60","335.05","344.15","12,659,696"
"30-Jun-2022","345.00","349.90","337.05","338.65","21,225,418"
"01-Jul-2022","335.00","342.90","330.25","341.15","11,278,576"
"04-Jul-2022","338.00","342.00","326.65","340.50","10,905,377"
"05-Jul-2022","341.75","356.90","341.75","345.25","20,928,565"
"06-Jul-2022","339.80","342.30","327.80","340.95","22,317,536"
"07-Jul-2022","347.85","364.50","341.30","361.65","18,699,515"
"08-Jul-2022","368.00","368.00","351.10","357.55","25,506,273"
"11-Jul-2022","352.00","363.30","347.80","356.20","13,745,531"
"12-Jul-2022","350.00","356.00","341.60","346.90","16,896,696"
"13-Jul-2022","346.00","351.90","344.00","348.90","13,690,887"
"14-Jul-2022","354.50","354.50","346.50","349.10","9,511,166"
"15-Jul-2022","344.60","351.90","344.60","350.55","10,062,417"
"18-Jul-2022","355.90","368.10","354.20","367.10","13,863,266"
"19-Jul-2022","364.50","371.35","363.30","367.95","10,868,823"
"20-Jul-2022","375.00","376.20","367.40","369.35","10,150,339"
"21-Jul-2022","371.65","379.50","370.85","375.95","12,521,152"
"22-Jul-2022","378.75","382.00","376.75","381.25","9,498,042"
"25-Jul-2022","381.00","388.55","380.30","387.05","7,734,139"
"26-Jul-2022","387.40","389.40","381.05","381.90","5,532,712"
"27-Jul-2022","381.90","389.85","379.15","388.65","4,744,697"
"28-Jul-2022","394.00","395.25","385.90","392.40","7,586,494"
"29-Jul-2022","396.50","416.80","395.20","415.05","15,509,534"
"01-Aug-2022","420.00","428.00","418.85","424.00","15,535,311"
"02-Aug-2022","419.00","420.50","407.60","418.40","15,535,733"
"03-Aug-2022","417.00","422.50","409.60","414.25","6,883,530"
"04-Aug-2022","427.00","433.00","418.40","421.70","20,678,616"
"05-Aug-2022","422.95","426.50","409.05","410.80","12,217,436"
"08-Aug-2022","414.90","422.55","414.00","421.40","7,643,955"
"10-Aug-2022","423.05","444.40","416.60","440.10","23,766,201"
"11-Aug-2022","446.50","446.50","432.00","433.50","14,865,139"
"12-Aug-2022","435.65","442.70","433.00","436.25","9,420,634"
"16-Aug-2022","434.00","434.75","422.35","428.90","11,154,059"
"17-Aug-2022","430.95","442.40","426.60","438.95","12,297,570"
"18-Aug-2022","437.00","441.00","433.65","438.05","6,755,688"
"19-Aug-2022","442.00","442.00","425.10","427.35","8,116,871"
"22-Aug-2022","422.00","425.40","416.35","418.50","7,407,485"
"23-Aug-2022","415.05","431.80","413.85","427.90","8,605,014"
"24-Aug-2022","430.00","432.15","425.20","428.85","6,538,727"
"25-Aug-2022","430.95","436.75","429.70","432.75","6,818,164"
"26-Aug-2022","436.20","445.45","436.00","440.05","11,051,127"
"29-Aug-2022","418.05","433.00","418.05","430.20","7,716,457"
"30-Aug-2022","434.00","441.60","433.35","439.00","8,824,878"
"01-Sep-2022","424.00","431.60","420.80","421.95","14,093,149"
"02-Sep-2022","424.10","425.20","413.25","414.90","10,102,220"
"05-Sep-2022","415.00","430.20","415.00","429.30","14,707,728"
"06-Sep-2022","430.45","432.90","427.10","430.95","6,180,669"
"07-Sep-2022","424.25","433.55","422.70","432.85","7,043,379"
"08-Sep-2022","435.50","436.95","419.15","420.55","12,076,714"
"09-Sep-2022","426.00","430.65","423.25","426.00","8,000,436"
"12-Sep-2022","432.00","432.90","428.65","431.15","5,530,132"
"13-Sep-2022","432.25","439.30","432.25","436.65","7,628,228"
"14-Sep-2022","426.00","447.90","424.10","442.00","12,387,075"
"15-Sep-2022","439.50","439.50","423.75","424.40","13,039,806"
"16-Sep-2022","424.00","424.30","405.80","412.50","14,826,674"
"19-Sep-2022","414.60","416.25","405.65","412.15","6,080,201"
"20-Sep-2022","416.00","427.50","415.80","421.45","8,758,050"
"21-Sep-2022","417.90","423.90","410.80","411.35","6,859,320"
"22-Sep-2022","409.00","415.00","403.50","412.10","8,704,463"
"23-Sep-2022","410.70","412.70","394.45","396.35","9,228,856"
"26-Sep-2022","390.00","390.00","369.60","373.40","13,092,570"
"27-Sep-2022","375.30","379.95","365.10","373.60","14,934,966"
"28-Sep-2022","368.00","372.10","358.80","360.75","10,751,444"
"29-Sep-2022","366.75","376.90","366.00","371.20","14,020,084"
"30-Sep-2022","376.00","395.35","375.15","390.55","17,706,821"
"03-Oct-2022","389.00","389.45","379.10","380.95","8,504,297"
"04-Oct-2022","396.00","400.90","390.30","394.05","9,017,446"
"06-Oct-2022","402.00","413.95","399.40","412.65","11,758,976"
"07-Oct-2022","409.95","411.95","405.80","411.10","5,241,693"
"10-Oct-2022","403.50","409.15","400.00","407.50","6,519,737"
"11-Oct-2022","403.00","412.45","393.90","396.05","7,054,654"
"12-Oct-2022","398.05","401.40","391.75","400.20","6,584,436"
"13-Oct-2022","411.00","416.50","400.00","401.55","16,565,725"
"14-Oct-2022","411.25","411.25","396.40","397.15","6,115,990"
"17-Oct-2022","395.05","395.90","386.30","388.30","8,966,396"
"18-Oct-2022","391.50","398.40","391.35","393.45","7,081,590"
"19-Oct-2022","394.00","398.10","389.50","390.30","6,208,852"
"20-Oct-2022","383.00","396.70","380.10","395.20","8,222,063"
"21-Oct-2022","397.20","398.05","386.25","393.75","7,988,528"
"24-Oct-2022","395.00","398.85","394.35","395.55","793,366"
"25-Oct-2022","394.40","402.80","391.50","398.40","6,156,624"
"27-Oct-2022","408.00","413.40","405.35","412.40","9,752,346"
"28-Oct-2022","412.50","412.50","399.75","404.95","6,569,623"
"31-Oct-2022","405.00","408.75","403.00","405.65","4,257,977"
"01-Nov-2022","406.00","415.00","406.00","414.40","7,483,252"
"02-Nov-2022","414.75","426.85","414.00","421.30","11,554,760"
"03-Nov-2022","415.00","415.90","408.95","410.35","7,304,472"
"04-Nov-2022","412.45","432.00","412.00","430.55","13,317,485"
"07-Nov-2022","432.00","438.90","426.30","437.50","9,887,999"
"09-Nov-2022","430.10","433.00","415.60","417.10","13,898,567"
"10-Nov-2022","415.30","420.40","412.75","415.10","5,574,432"
"11-Nov-2022","420.35","431.80","420.30","429.85","14,060,782"
"14-Nov-2022","435.00","458.65","434.05","455.55","30,135,088"
"15-Nov-2022","456.00","460.55","449.55","456.90","11,841,577"
"16-Nov-2022","455.55","455.55","444.15","447.40","7,137,989"
"17-Nov-2022","443.45","444.40","436.50","440.45","6,533,823"
"18-Nov-2022","440.50","443.90","434.45","438.60","6,128,677"
"21-Nov-2022","439.80","444.45","428.40","430.55","6,372,470"
"22-Nov-2022","432.75","436.35","429.00","430.65","6,108,017"
"23-Nov-2022","434.50","439.30","431.55","433.35","6,031,033"
"24-Nov-2022","435.55","439.60","432.65","438.35","4,733,568"
"25-Nov-2022","438.00","441.80","434.35","440.65","4,800,030"
"28-Nov-2022","435.00","436.50","429.00","431.15","5,613,201"
"29-Nov-2022","433.00","440.90","432.25","435.95","6,518,828"
"30-Nov-2022","438.75","451.95","438.15","450.70","13,921,394"
"01-Dec-2022","455.00","466.50","454.05","463.40","13,243,436"
"02-Dec-2022","463.30","470.40","458.00","461.10","6,621,056"
"05-Dec-2022","466.15","483.85","466.15","481.20","14,599,958"
"06-Dec-2022","477.50","477.50","467.20","470.00","7,409,338"
"07-Dec-2022","470.00","472.10","463.10","464.30","5,510,513"
"08-Dec-2022","465.05","472.95","461.30","471.65","4,902,003"
"09-Dec-2022","474.00","476.00","461.90","462.85","5,405,738"
"12-Dec-2022","459.00","466.95","454.45","461.95","4,809,486"
"13-Dec-2022","464.30","466.00","457.30","458.10","4,359,377"
"14-Dec-2022","461.65","470.95","461.05","469.30","6,639,699"
"15-Dec-2022","467.00","470.65","459.00","461.00","3,986,930"
"16-Dec-2022","458.00","462.75","452.55","456.75","6,460,140"
"19-Dec-2022","459.00","463.00","455.05","460.15","3,690,005"
"20-Dec-2022","458.00","459.25","444.25","457.05","7,580,480"
"21-Dec-2022","459.30","463.90","451.90","457.15","5,557,133"
"22-Dec-2022","459.45","463.00","447.20","455.50","4,435,416"
"23-Dec-2022","452.90","452.90","427.60","429.55","7,766,201"
"26-Dec-2022","431.00","445.40","429.10","442.95","3,939,359"
"27-Dec-2022","447.95","472.40","446.75","471.00","13,898,138"
"28-Dec-2022","467.65","473.70","463.95","465.95","7,519,133"
"29-Dec-2022","459.30","472.20","455.25","469.90","8,427,104"
"30-Dec-2022","473.95","482.30","471.80","473.35","8,024,424"
"02-Jan-2023","475.95","491.00","475.15","487.05","11,255,811"
"03-Jan-2023","486.50","488.45","478.50","479.90","5,906,501"
"04-Jan-2023","477.00","477.45","460.00","461.50","9,899,885"
"05-Jan-2023","463.25","467.45","458.65","465.70","7,087,634"
"06-Jan-2023","467.00","474.00","461.10","462.65","6,004,013"
"09-Jan-2023","471.00","474.00","466.20","470.75","6,047,398"
"10-Jan-2023","478.00","480.50","473.30","477.55","7,092,319"
"11-Jan-2023","481.90","493.45","481.00","490.95","11,383,752"
"12-Jan-2023","495.00","495.60","482.20","485.65","7,278,634"
"13-Jan-2023","487.65","490.00","482.65","488.50","7,445,162"
"16-Jan-2023","490.95","492.70","481.25","483.05","3,294,109"
"17-Jan-2023","481.75","489.30","476.95","487.90","7,819,426"
"18-Jan-2023","488.50","504.00","488.50","502.95","12,045,667"
"19-Jan-2023","493.15","503.00","491.00","498.90","7,945,795"
"20-Jan-2023","498.00","501.55","488.25","489.95","5,664,588"
"23-Jan-2023","494.00","500.35","491.20","494.20","5,559,031"
"24-Jan-2023","496.70","497.90","483.55","484.65","3,293,586"
"25-Jan-2023","484.10","495.80","484.10","489.10","7,341,066"
"27-Jan-2023","493.50","494.80","467.95","479.00","4,591,590"
"30-Jan-2023","479.00","483.35","463.95","472.35","5,804,476"
"31-Jan-2023","474.95","476.35","465.50","468.40","5,679,604"
"01-Feb-2023","473.00","480.60","454.60","467.85","6,075,062"
"02-Feb-2023","467.00","471.00","460.80","465.40","3,356,544"
"03-Feb-2023","467.75","468.95","450.20","459.65","5,707,642"
"06-Feb-2023","457.00","457.00","446.00","447.35","4,398,369"
"07-Feb-2023","440.00","441.90","425.50","429.55","16,652,967"
"08-Feb-2023","432.00","439.80","432.00","436.50","6,121,515"
"09-Feb-2023","437.00","447.70","431.75","444.55","11,431,814"
"10-Feb-2023","444.55","444.95","431.00","433.15","6,648,361"
"13-Feb-2023","434.50","439.80","426.55","427.70","6,437,475"
"14-Feb-2023","429.50","435.25","425.35","434.80","3,951,666"
"15-Feb-2023","435.50","437.25","430.60","433.95","3,623,450"
"16-Feb-2023","436.90","438.00","433.00","434.70","4,282,249"
"17-Feb-2023","434.75","438.00","426.60","429.50","4,014,137"
"20-Feb-2023","429.90","435.55","429.00","434.25","3,749,802"
"21-Feb-2023","437.75","438.30","430.00","431.50","3,761,409"
"22-Feb-2023","430.50","434.50","426.75","429.70","5,276,939"
"23-Feb-2023","430.40","438.50","430.10","436.45","5,037,774"
"24-Feb-2023","438.00","438.00","414.25","415.25","10,814,032"
"27-Feb-2023","415.00","415.00","401.50","411.80","8,301,373"
"28-Feb-2023","413.50","413.90","398.00","399.20","12,174,759"
"01-Mar-2023","402.00","414.90","401.65","413.05","7,935,816"
"02-Mar-2023","415.00","416.80","408.00","410.80","4,804,013"
"03-Mar-2023","413.20","419.35","412.20","416.90","5,102,333"
"06-Mar-2023","419.00","422.20","413.90","414.50","5,071,598"
"08-Mar-2023","409.95","409.95","396.10","407.75","7,044,653"
"09-Mar-2023","411.00","418.50","408.00","408.85","6,982,179"
"10-Mar-2023","403.00","409.50","395.40","405.65","5,239,128"
"13-Mar-2023","409.00","414.95","398.50","402.25","5,962,595"
"14-Mar-2023","404.30","407.95","399.45","402.70","5,841,181"
"15-Mar-2023","407.95","412.75","405.00","406.15","5,681,268"
"16-Mar-2023","400.60","400.85","383.10","384.95","16,739,755"
"17-Mar-2023","389.25","398.05","386.55","396.70","9,861,244"
"20-Mar-2023","393.75","394.05","381.00","385.75","6,331,283"
"21-Mar-2023","387.70","390.60","384.95","388.55","6,080,002"
"22-Mar-2023","390.10","396.75","388.25","392.75","6,511,605"
"23-Mar-2023","387.00","400.65","386.00","398.80","10,453,779"
"24-Mar-2023","400.80","401.00","386.15","388.40","8,833,099"
"27-Mar-2023","390.00","396.60","389.40","389.95","7,066,058"
"28-Mar-2023","393.00","399.80","391.75","392.90","6,424,209"
"29-Mar-2023","394.90","400.90","389.90","399.05","6,959,623"
"31-Mar-2023","404.05","410.30","401.10","405.35","7,468,634"
"03-Apr-2023","406.50","406.90","399.55","402.55","5,200,766"
"05-Apr-2023","402.00","404.60","394.30","403.30","5,607,641"
"06-Apr-2023","401.00","406.50","398.75","405.25","4,174,551"
"10-Apr-2023","406.80","413.85","405.50","411.45","5,327,008"
"11-Apr-2023","412.90","418.05","411.15","417.55","4,965,642"
"12-Apr-2023","419.90","422.40","415.60","417.65","4,701,591"
"13-Apr-2023","418.05","422.75","415.35","422.05","6,368,113"
"17-Apr-2023","422.35","429.15","421.60","428.70","6,920,340"
"18-Apr-2023","430.00","433.00","427.90","431.55","4,866,068"
"19-Apr-2023","434.40","437.35","431.30","433.05","5,982,454"
"20-Apr-2023","431.90","435.70","428.05","429.85","3,830,118"
"21-Apr-2023","430.00","430.85","419.00","422.35","5,139,533"
"24-Apr-2023","419.00","428.95","418.35","427.80","2,308,450"
"25-Apr-2023","425.00","431.70","425.00","429.80","3,648,159"
"26-Apr-2023","425.60","427.00","422.10","424.80","5,184,973"
"27-Apr-2023","425.00","431.45","422.05","430.80","3,271,257"
"28-Apr-2023","433.50","437.00","430.90","436.10","4,913,550"
"02-May-2023","439.00","449.90","438.00","446.15","5,178,547"
"03-May-2023","441.00","443.90","434.25","442.30","4,826,725"
"04-May-2023","445.00","446.45","440.50","445.50","3,100,187"
"05-May-2023","443.00","443.50","432.65","434.25","3,034,975"
"08-May-2023","438.25","446.90","436.20","445.05","4,090,222"
"09-May-2023","444.55","446.70","439.20","440.35","2,941,913"
"10-May-2023","441.00","442.85","433.65","436.45","3,075,599"
"11-May-2023","434.00","434.00","419.55","420.85","11,081,500"
"12-May-2023","419.00","419.00","403.80","404.75","11,152,831"
"15-May-2023","408.50","412.85","404.35","410.70","5,148,782"
"16-May-2023","413.60","417.70","411.00","412.45","4,010,692"
"17-May-2023","411.80","413.40","405.55","407.70","3,727,878"
"18-May-2023","411.00","413.40","405.65","406.50","4,078,918"
"19-May-2023","408.00","408.40","400.40","406.75","5,523,299"
"22-May-2023","406.00","409.00","402.70","407.70","4,237,198"
"23-May-2023","409.20","413.80","406.90","410.30","3,690,618"
"24-May-2023","408.90","410.50","403.60","406.90","7,866,105"
"25-May-2023","404.50","405.75","397.80","404.25","8,018,242"
"26-May-2023","405.10","415.30","403.10","413.55","6,401,768"
"29-May-2023","417.00","425.00","415.50","419.90","8,350,721"
"30-May-2023","421.50","421.50","411.60","413.10","5,596,603"
"31-May-2023","410.50","410.70","404.35","405.90","22,945,527"
"01-Jun-2023","409.05","414.40","405.90","406.35","4,269,628"
"02-Jun-2023","412.05","421.90","412.05","420.75","11,695,310"
"05-Jun-2023","424.85","426.00","418.40","419.70","8,039,709"
"06-Jun-2023","419.70","422.00","413.80","415.55","4,383,684"
"07-Jun-2023","418.00","423.70","413.85","422.60","6,911,473"
"08-Jun-2023","423.95","425.70","417.70","418.25","5,571,023"
"09-Jun-2023","421.85","421.85","414.50","415.05","3,518,826"
"12-Jun-2023","417.95","421.00","414.00","416.80","2,813,911"
"13-Jun-2023","419.00","424.00","416.90","421.40","4,247,391"
"14-Jun-2023","427.00","430.00","424.15","425.05","7,213,168"
"15-Jun-2023","424.90","425.65","420.75","423.05","4,863,359"
"16-Jun-2023","427.70","431.45","425.80","426.95","7,931,068"
"19-Jun-2023","424.25","432.00","423.05","426.15","3,950,931"
"20-Jun-2023","426.15","433.25","423.05","428.95","5,090,801"
"21-Jun-2023","428.95","429.70","418.10","420.95","5,689,533"
"22-Jun-2023","421.90","425.40","416.20","420.05","3,566,261"
"23-Jun-2023","416.00","416.95","407.45","408.50","5,403,772"
"26-Jun-2023","410.00","416.00","408.20","414.70","4,460,980"
"27-Jun-2023","416.00","419.30","414.00","417.75","3,047,635"
"28-Jun-2023","419.75","421.55","418.35","420.20","4,613,401"
"30-Jun-2023","419.85","422.65","414.65","420.95","4,115,005"
"03-Jul-2023","424.00","428.75","422.10","425.65","3,693,861"
"04-Jul-2023","427.95","428.95","423.15","425.80","2,721,964"
"05-Jul-2023","425.00","427.40","419.35","421.50","4,783,528"
"06-Jul-2023","418.95","428.00","417.15","426.40","5,021,705"
"07-Jul-2023","423.90","425.00","418.50","422.70","6,769,909"
"10-Jul-2023","423.00","436.20","423.00","427.85","6,502,214"
"11-Jul-2023","429.25","431.85","424.00","424.65","3,055,356"
"12-Jul-2023","425.50","428.10","422.25","424.85","2,854,995"
"13-Jul-2023","430.20","439.50","430.20","435.20","11,590,791"
"14-Jul-2023","441.00","448.50","439.60","446.95","10,801,568"
"17-Jul-2023","447.80","454.15","443.40","447.10","8,441,112"
"18-Jul-2023","447.00","449.00","442.20","444.50","3,963,196"
"19-Jul-2023","444.00","444.40","438.50","439.20","5,062,700"
"20-Jul-2023","442.00","442.90","438.25","441.55","5,156,038"
"21-Jul-2023","441.45","441.45","433.65","434.50","4,309,067"
"24-Jul-2023","434.00","437.55","431.50","432.95","3,399,581"
"25-Jul-2023","436.15","450.50","435.00","449.50","8,482,756"
"26-Jul-2023","449.50","451.65","446.40","449.00","4,218,466"
"27-Jul-2023","451.00","459.60","448.10","451.40","5,615,100"
"28-Jul-2023","450.50","452.65","443.40","451.50","3,886,408"
"31-Jul-2023","453.05","463.25","453.00","462.60","4,974,267"
"01-Aug-2023","465.00","471.55","462.10","464.10","6,249,656"
"02-Aug-2023","460.00","461.20","449.65","454.50","5,986,653"
"03-Aug-2023","450.00","458.50","445.00","453.30","4,026,983"
"04-Aug-2023","464.00","466.00","453.90","457.00","7,576,934"
"07-Aug-2023","459.20","467.35","459.15","464.85","3,770,469"
"08-Aug-2023","464.85","467.25","452.00","454.75","6,448,476"
"09-Aug-2023","454.75","469.80","450.90","468.90","6,171,305"
"10-Aug-2023","468.00","471.00","463.00","468.90","4,285,159"
"11-Aug-2023","467.00","470.00","460.00","462.45","4,422,888"
"14-Aug-2023","458.60","458.60","447.60","450.80","4,566,085"
"16-Aug-2023","447.00","448.00","439.00","445.20","5,066,857"
"17-Aug-2023","443.00","449.25","440.50","447.60","3,558,210"
"18-Aug-2023","447.50","447.50","438.15","439.50","3,990,678"
"21-Aug-2023","443.00","450.85","439.90","449.40","3,775,298"
"22-Aug-2023","449.75","454.40","448.35","450.35","3,254,685"
"23-Aug-2023","454.70","465.30","452.90","461.25","9,182,054"
"24-Aug-2023","464.00","465.90","453.85","456.50","5,950,400"
"25-Aug-2023","453.00","454.30","448.90","450.00","3,304,204"
"28-Aug-2023","450.55","452.85","445.50","446.30","4,259,997"
"29-Aug-2023","448.00","458.50","447.35","456.05","6,062,408"
"30-Aug-2023","460.20","465.15","455.75","456.75","5,510,658"
"31-Aug-2023","462.25","465.00","456.75","459.85","9,294,166"
"01-Sep-2023","462.95","478.50","462.10","473.25","11,151,562"
"04-Sep-2023","477.60","492.30","475.00","486.65","10,359,653"
"05-Sep-2023","486.00","489.75","478.20","486.10","4,941,534"
"06-Sep-2023","484.90","484.90","474.25","478.15","5,138,246"
"07-Sep-2023","475.55","479.50","473.55","475.10","4,055,611"
"08-Sep-2023","473.00","478.80","467.70","476.15","5,637,990"
"11-Sep-2023","478.00","487.80","476.45","484.85","5,960,678"
"12-Sep-2023","490.00","490.90","475.40","477.75","6,817,270"
"13-Sep-2023","478.50","484.80","473.85","483.20","4,162,140"
"14-Sep-2023","486.00","508.90","486.00","497.35","16,108,768"
"15-Sep-2023","507.80","508.00","494.95","496.55","8,515,363"
"18-Sep-2023","494.00","494.00","483.15","484.50","6,238,600"
"20-Sep-2023","482.00","486.40","475.25","478.30","5,861,905"
"21-Sep-2023","479.00","486.45","476.40","479.55","5,146,457"
"22-Sep-2023","479.00","481.80","471.50","478.85","3,684,720"
"25-Sep-2023","478.80","478.80","467.25","469.35","5,768,069"
"26-Sep-2023","468.50","474.30","466.20","471.50","4,666,823"
"27-Sep-2023","466.25","475.75","466.25","474.95","5,656,858"
"28-Sep-2023","476.00","479.60","464.45","466.85","5,869,780"
"29-Sep-2023","478.00","494.50","474.20","492.65","11,604,605"
"03-Oct-2023","483.10","484.55","476.60","479.95","4,657,602"
"04-Oct-2023","474.00","477.90","470.00","473.40","3,302,259"
"05-Oct-2023","473.40","482.40","468.35","470.55","4,801,287"
"06-Oct-2023","475.00","476.45","469.35","472.60","3,134,022"
"09-Oct-2023","472.45","473.50","464.60","469.80","2,681,298"
"10-Oct-2023","473.00","484.80","467.00","480.65","7,863,825"
"11-Oct-2023","485.65","485.95","480.10","483.90","7,006,735"
"12-Oct-2023","483.10","494.00","482.55","484.40","6,895,255"
"13-Oct-2023","479.00","487.50","477.50","480.60","4,652,247"
"16-Oct-2023","479.75","486.50","475.30","483.40","5,043,158"
"17-Oct-2023","486.50","488.45","480.70","484.35","4,495,043"
"18-Oct-2023","487.80","494.80","483.55","485.05","7,437,952"
"19-Oct-2023","478.45","482.25","471.00","479.95","6,035,837"
"20-Oct-2023","475.00","479.85","470.00","471.75","2,777,724"
"23-Oct-2023","470.80","473.95","455.00","456.70","2,994,345"
"25-Oct-2023","466.00","473.00","459.40","461.20","7,854,105"
"26-Oct-2023","456.70","458.45","448.75","456.65","6,625,855"
"27-Oct-2023","458.00","464.40","454.45","456.15","6,193,726"
"30-Oct-2023","458.75","461.75","454.00","456.65","7,523,779"
"31-Oct-2023","465.00","465.00","453.25","459.50","5,236,060"
"01-Nov-2023","458.50","466.00","456.00","462.70","4,931,538"
"02-Nov-2023","463.25","475.80","463.25","474.20","3,933,951"
"03-Nov-2023","478.95","481.45","474.25","475.20","3,274,345"
"06-Nov-2023","480.00","484.80","478.25","481.95","4,294,682"
"07-Nov-2023","482.00","491.50","480.30","484.55","5,425,669"
"08-Nov-2023","491.45","491.45","478.15","488.05","8,220,612"
"09-Nov-2023","488.80","488.80","483.15","484.45","3,271,496"
"10-Nov-2023","482.05","488.25","479.55","481.30","3,498,064"
"12-Nov-2023","485.00","486.00","480.65","482.45","302,230"
"13-Nov-2023","482.00","492.35","481.10","487.50","4,918,873"
"15-Nov-2023","497.00","513.50","494.20","505.40","11,674,265"
"16-Nov-2023","504.00","507.45","497.15","504.30","4,171,759"
"17-Nov-2023","503.05","506.45","496.85","497.75","3,595,049"
"20-Nov-2023","500.15","505.95","496.55","497.30","4,305,637"
"21-Nov-2023","502.80","510.95","501.90","506.85","7,154,476"
"22-Nov-2023","504.90","506.85","498.95","500.25","4,337,970"
"23-Nov-2023","499.00","503.00","491.65","501.95","6,628,259"
"24-Nov-2023","504.85","512.75","502.55","507.80","5,973,059"
"28-Nov-2023","511.75","518.25","509.80","515.60","7,804,926"
"29-Nov-2023","519.00","523.35","513.90","517.45","6,275,280"
"30-Nov-2023","519.30","519.75","511.35","515.65","7,599,701"
"01-Dec-2023","520.05","524.80","515.30","517.20","4,933,886"
"04-Dec-2023","524.05","526.65","516.55","519.25","5,985,489"
"05-Dec-2023","518.35","528.80","515.45","520.65","6,399,021"
"06-Dec-2023","521.00","526.95","515.60","523.00","4,831,956"
"07-Dec-2023","521.00","522.40","515.10","516.05","4,628,885"
"08-Dec-2023","519.50","525.05","514.00","520.35","3,733,998"
"11-Dec-2023","520.30","523.80","517.10","522.40","2,597,347"
"12-Dec-2023","525.00","538.50","522.15","527.45","9,498,031"
"13-Dec-2023","528.95","535.25","523.30","532.85","4,000,017"
"14-Dec-2023","540.00","545.95","537.25","543.10","7,190,654"
"15-Dec-2023","556.00","559.05","548.20","557.25","8,191,005"
"18-Dec-2023","557.00","567.40","551.50","566.40","5,076,184"
"19-Dec-2023","567.95","567.95","555.70","564.85","4,484,733"
"20-Dec-2023","569.50","570.90","546.25","548.20","6,959,868"
"21-Dec-2023","544.00","561.65","541.65","556.25","4,591,119"
"22-Dec-2023","559.40","572.00","559.00","570.45","7,865,384"
"26-Dec-2023","574.95","580.85","570.50","579.85","4,649,730"
"27-Dec-2023","582.00","607.65","580.30","605.60","12,430,827"
"28-Dec-2023","608.00","616.50","605.20","614.30","7,139,743"
"29-Dec-2023","614.30","618.00","608.10","614.85","3,995,822"
"01-Jan-2024","614.50","620.50","606.95","610.40","2,961,919"
"02-Jan-2024","610.40","620.00","607.40","617.00","4,975,013"
"03-Jan-2024","608.25","611.40","592.00","593.05","7,226,455"
"04-Jan-2024","594.00","595.85","587.65","590.50","6,592,370"
"05-Jan-2024","590.60","597.60","581.55","587.00","2,990,123"
"08-Jan-2024","587.00","592.50","576.45","577.65","4,425,767"
"09-Jan-2024","581.95","584.90","573.60","575.95","5,314,029"
"10-Jan-2024","576.00","582.00","570.65","580.05","2,408,792"
"11-Jan-2024","582.95","587.00","575.50","576.95","3,899,383"
"12-Jan-2024","581.00","585.50","575.75","582.05","2,440,863"
"15-Jan-2024","585.85","586.00","572.25","574.65","3,778,987"
"16-Jan-2024","575.95","584.85","569.45","579.55","5,187,155"
"17-Jan-2024","570.95","572.70","558.10","560.25","6,148,035"
"18-Jan-2024","560.25","561.35","547.80","554.90","3,784,905"
"19-Jan-2024","556.50","561.00","554.50","557.10","4,451,789"
"20-Jan-2024","561.00","566.75","558.35","561.05","1,502,352"
"23-Jan-2024","558.00","561.80","537.60","541.40","7,867,972"
"24-Jan-2024","550.00","566.80","547.00","565.15","8,619,429"
"25-Jan-2024","566.50","570.00","558.40","567.20","5,366,990"
"29-Jan-2024","568.00","571.95","562.00","567.90","5,126,212"
"30-Jan-2024","569.95","584.30","567.25","569.25","7,968,815"
"31-Jan-2024","569.20","580.60","568.25","579.35","5,644,545"
"01-Feb-2024","578.00","581.80","570.30","571.25","3,509,803"
"02-Feb-2024","577.00","589.00","573.10","583.50","7,145,858"
"05-Feb-2024","583.50","590.90","576.05","579.90","4,801,118"
"06-Feb-2024","578.60","587.75","569.25","584.90","4,099,573"
"07-Feb-2024","590.40","602.15","584.65","592.25","9,415,146"
"08-Feb-2024","592.00","608.95","587.85","601.30","11,844,758"
"09-Feb-2024","601.00","602.00","576.30","591.30","5,105,348"
"12-Feb-2024","591.90","601.80","579.75","582.45","4,595,403"
"13-Feb-2024","539.00","540.00","496.35","510.10","46,100,123"
"14-Feb-2024","515.00","516.90","503.15","507.80","16,634,538"
"15-Feb-2024","512.70","518.50","507.60","513.20","13,303,658"
"16-Feb-2024","519.95","519.95","510.95","515.70","12,066,565"
"19-Feb-2024","518.75","518.90","511.80","512.30","5,580,597"
"20-Feb-2024","512.60","515.90","507.15","511.60","5,186,970"
"21-Feb-2024","535.00","538.00","510.00","511.80","18,106,978"
"22-Feb-2024","516.30","522.15","514.25","521.15","8,727,844"
"23-Feb-2024","524.70","524.80","517.00","518.35","6,445,580"
"26-Feb-2024","519.40","519.75","504.00","505.05","7,605,543"
"27-Feb-2024","505.50","512.20","504.70","509.65","6,741,206"
"28-Feb-2024","512.50","514.45","501.75","504.40","4,406,098"
"29-Feb-2024","506.50","508.00","499.00","503.85","16,860,796"
"01-Mar-2024","510.00","522.50","510.00","519.10","9,882,296"
"02-Mar-2024","523.00","524.00","518.00","522.85","623,929"
"04-Mar-2024","524.00","529.85","520.05","524.95","5,989,974"
"05-Mar-2024","524.00","528.30","520.20","522.10","5,729,926"
"06-Mar-2024","522.05","527.90","513.95","526.95","4,637,732"
"07-Mar-2024","530.80","540.85","529.25","536.70","7,909,060"
"11-Mar-2024","540.00","543.25","532.10","533.70","5,527,908"
"12-Mar-2024","533.10","536.85","525.30","528.95","3,703,670"
"13-Mar-2024","529.35","530.00","501.20","507.00","5,712,435"
"14-Mar-2024","512.00","526.35","507.00","525.25","10,349,338"
"15-Mar-2024","522.00","534.05","517.50","532.55","8,467,660"
"18-Mar-2024","532.00","535.55","527.00","531.15","4,282,437"
"19-Mar-2024","532.00","539.75","529.25","533.65","7,119,131"
"20-Mar-2024","533.00","535.50","516.35","527.85","5,005,234"
"21-Mar-2024","538.40","545.75","534.25","539.70","8,795,679"
"22-Mar-2024","539.70","550.65","537.35","547.75","5,518,261"
"26-Mar-2024","545.65","561.00","545.00","558.65","7,198,061"
"27-Mar-2024","564.20","564.65","556.80","557.65","5,320,703"
"28-Mar-2024","561.00","566.65","555.30","560.25","8,326,754"
"01-Apr-2024","570.00","574.00","564.10","568.60","6,192,790"
"02-Apr-2024","571.00","572.30","561.55","571.20","4,626,877"
"03-Apr-2024","570.20","584.10","567.15","576.60","7,514,291"
"04-Apr-2024","590.00","590.00","568.95","577.75","7,246,259"
"05-Apr-2024","572.50","575.00","567.60","570.05","4,884,617"
"08-Apr-2024","572.00","579.70","570.50","576.80","3,276,169"
"09-Apr-2024","578.10","595.45","574.00","588.60","7,829,711"
"10-Apr-2024","596.20","604.90","591.05","603.05","11,748,104"
"12-Apr-2024","609.05","609.05","595.30","598.65","15,994,496"
"15-Apr-2024","615.00","625.40","605.70","612.70","27,067,692"
"16-Apr-2024","612.70","621.40","606.80","608.85","10,722,248"
"18-Apr-2024","616.40","625.00","609.80","612.80","9,953,539"
"19-Apr-2024","609.00","616.30","600.70","614.75","6,443,897"
"22-Apr-2024","620.65","622.45","612.70","618.55","6,503,652"
"23-Apr-2024","618.50","618.75","610.40","611.80","6,154,126"
"24-Apr-2024","611.80","637.65","608.70","636.10","11,775,700"
"25-Apr-2024","635.70","648.25","628.10","646.80","11,897,458"
"26-Apr-2024","650.95","661.60","643.00","649.30","7,545,608"
"29-Apr-2024","654.95","655.40","641.20","650.05","4,157,501"
"30-Apr-2024","653.60","653.70","642.30","644.40","4,771,959"
"02-May-2024","635.90","646.90","628.65","641.45","17,929,526"
"03-May-2024","655.05","655.05","638.40","647.10","10,633,995"
"06-May-2024","650.00","655.00","629.30","638.80","10,094,421"
"07-May-2024","646.90","646.90","611.75","620.20","10,787,196"
"08-May-2024","615.10","634.45","615.10","633.50","7,683,352"
"09-May-2024","634.00","637.75","615.00","619.40","6,588,118"
"10-May-2024","620.10","629.55","618.00","625.60","4,364,788"
"13-May-2024","625.10","636.15","614.30","633.50","3,582,386"
"14-May-2024","644.35","649.50","638.20","646.65","8,339,846"
"15-May-2024","653.00","659.00","648.70","653.70","6,764,257"
"16-May-2024","660.00","666.00","643.25","653.35","8,781,056"
"17-May-2024","653.00","658.80","650.40","655.45","5,026,205"
"18-May-2024","662.00","662.90","657.50","660.35","467,849"
"21-May-2024","666.30","695.40","663.20","693.60","15,976,672"
"22-May-2024","698.55","698.70","677.40","684.55","8,004,434"
"23-May-2024","675.15","678.55","665.95","676.80","9,749,101"
"24-May-2024","679.25","690.45","671.05","673.25","15,930,052"
"27-May-2024","685.05","689.50","675.50","677.85","10,475,785"
"28-May-2024","682.00","698.00","678.35","681.30","12,925,385"
"29-May-2024","695.00","713.50","682.30","705.30","22,684,652"
"30-May-2024","704.85","713.05","693.35","695.15","10,361,716"
"31-May-2024","698.90","703.45","684.35","689.35","13,620,282"
"03-Jun-2024","715.00","715.25","692.80","695.95","7,081,956"
"04-Jun-2024","697.00","697.00","594.25","649.05","24,250,212"
"05-Jun-2024","627.00","700.65","607.00","695.25","25,836,374"
"06-Jun-2024","695.00","695.00","673.00","677.50","10,420,244"
"07-Jun-2024","677.50","687.00","672.45","680.35","7,172,942"
"10-Jun-2024","677.05","684.85","673.05","676.40","4,054,802"
"11-Jun-2024","680.00","681.25","672.05","672.95","5,157,918"
"12-Jun-2024","674.00","683.00","671.85","673.90","10,783,822"
"13-Jun-2024","678.00","684.65","676.05","680.70","9,555,904"
"14-Jun-2024","690.00","690.00","677.40","683.60","8,326,865"
"18-Jun-2024","683.60","688.00","677.00","678.75","4,013,739"
"19-Jun-2024","680.05","682.00","660.40","662.40","4,770,356"
"20-Jun-2024","665.00","684.35","661.75","676.50","6,646,966"
"21-Jun-2024","680.00","691.20","677.00","684.50","11,973,903"
"24-Jun-2024","679.60","687.70","675.10","685.25","8,014,595"
"25-Jun-2024","688.80","696.00","680.90","685.50","5,778,636"
"26-Jun-2024","683.55","683.55","671.35","674.70","6,069,407"
"27-Jun-2024","678.00","687.70","672.10","685.25","7,135,387"
"28-Jun-2024","690.25","697.50","686.00","693.55","6,101,211"
"01-Jul-2024","699.00","701.85","688.40","689.85","4,870,114"
"02-Jul-2024","689.90","703.30","688.40","694.75","5,482,768"
"03-Jul-2024","698.90","703.00","683.40","691.65","5,875,690"
"04-Jul-2024","697.70","705.75","690.55","691.85","5,924,057"
"05-Jul-2024","694.00","702.50","693.50","699.15","5,174,673"
"08-Jul-2024","703.65","705.90","691.65","697.20","2,636,146"
"09-Jul-2024","702.00","710.65","695.55","707.00","5,507,357"
"10-Jul-2024","708.00","712.10","685.30","693.30","5,327,276"
"11-Jul-2024","702.00","702.00","692.00","696.30","6,856,272"
"12-Jul-2024","697.50","702.45","686.10","692.05","3,839,953"
"15-Jul-2024","692.05","701.60","688.45","700.10","2,848,268"
"16-Jul-2024","700.30","703.15","689.00","690.80","4,570,179"
"18-Jul-2024","686.00","695.85","684.10","689.95","7,841,505"
"19-Jul-2024","683.90","685.70","658.65","663.00","6,207,375"
"22-Jul-2024","655.00","675.00","650.85","672.30","3,291,634"
"23-Jul-2024","672.30","673.20","638.70","653.50","9,602,846"
"24-Jul-2024","653.00","656.65","645.00","651.60","2,610,134"
"25-Jul-2024","641.95","649.00","633.30","646.55","6,171,776"
"26-Jul-2024","660.00","668.50","655.00","667.60","4,730,539"
"29-Jul-2024","676.75","676.75","665.00","666.85","6,032,470"
"30-Jul-2024","665.00","665.00","654.60","660.50","6,714,850"
"31-Jul-2024","667.00","674.00","664.25","669.60","8,551,592"
"01-Aug-2024","680.00","690.90","667.35","673.50","8,831,127"
"02-Aug-2024","659.80","665.60","646.55","648.05","6,717,210"
"05-Aug-2024","628.05","633.85","609.25","614.30","13,451,475"
"06-Aug-2024","625.00","629.00","608.00","610.30","7,063,441"
"07-Aug-2024","625.00","629.45","616.75","623.70","4,839,670"
"08-Aug-2024","625.00","631.00","613.00","614.05","5,396,272"
"09-Aug-2024","622.00","626.50","614.80","622.90","3,629,264"
"12-Aug-2024","619.00","634.40","616.50","629.35","3,586,449"
"13-Aug-2024","634.40","634.40","619.20","621.40","6,793,767"
"14-Aug-2024","626.85","633.95","611.60","621.45","8,646,288"
"16-Aug-2024","633.95","642.00","630.20","634.15","6,566,337"
"19-Aug-2024","636.50","660.30","636.50","658.85","9,510,274"
"20-Aug-2024","663.00","674.30","661.05","672.90","10,295,836"
"21-Aug-2024","668.90","696.60","667.80","685.60","7,815,238"
"22-Aug-2024","691.50","692.00","677.20","685.55","6,188,728"
"23-Aug-2024","690.05","694.70","677.80","685.10","7,774,920"
"26-Aug-2024","694.40","712.90","689.50","711.85","11,517,668"
"27-Aug-2024","711.90","712.95","702.75","703.50","6,465,241"
"28-Aug-2024","706.00","710.70","701.15","705.05","3,599,946"
"29-Aug-2024","697.65","702.35","691.40","700.50","5,728,640"
"30-Aug-2024","699.00","708.50","695.10","701.35","7,404,373"
"02-Sep-2024","706.70","706.70","683.20","683.90","6,186,645"
"03-Sep-2024","687.65","692.70","677.55","678.90","4,457,291"
"04-Sep-2024","666.65","673.80","661.25","666.80","5,816,848"
"05-Sep-2024","670.00","672.40","667.25","669.95","3,749,608"
"06-Sep-2024","668.25","677.00","665.45","667.10","6,311,131"
"09-Sep-2024","664.00","664.00","651.00","658.55","5,144,488"
"10-Sep-2024","664.90","666.80","653.70","659.50","3,304,741"
"11-Sep-2024","658.60","658.60","645.40","647.70","3,825,823"
"12-Sep-2024","658.00","677.90","651.50","676.20","8,594,764"
"13-Sep-2024","686.00","686.40","670.60","673.25","5,977,861"
"16-Sep-2024","680.10","687.55","676.55","685.15","4,258,546"
"17-Sep-2024","689.00","692.00","681.10","683.00","3,395,470"
"18-Sep-2024","685.00","687.95","673.35","685.25","3,404,940"
"19-Sep-2024","690.00","690.85","668.20","684.20","5,134,590"
"20-Sep-2024","692.10","698.80","688.75","694.40","9,753,966"
"23-Sep-2024","695.50","698.00","687.95","690.55","2,808,114"
"24-Sep-2024","697.60","719.70","693.00","717.85","15,201,960"
"25-Sep-2024","725.00","730.90","715.55","718.45","9,525,319"
"26-Sep-2024","718.45","736.15","710.70","734.65","10,573,166"
"27-Sep-2024","746.95","757.70","742.10","747.15","12,936,973"
"30-Sep-2024","750.00","764.45","749.45","756.20","8,566,640"
"01-Oct-2024","755.00","765.50","745.20","761.55","4,402,151"
"03-Oct-2024","750.00","772.65","744.70","747.10","5,649,089"
"04-Oct-2024","742.65","757.55","740.05","747.90","4,624,509"
"07-Oct-2024","753.00","753.00","722.50","731.30","5,862,059"
"08-Oct-2024","723.50","732.00","708.00","721.80","5,418,558"
"09-Oct-2024","710.00","735.75","710.00","727.55","3,733,320"
"10-Oct-2024","731.90","738.20","726.30","730.15","3,890,250"
"11-Oct-2024","736.00","749.95","733.05","747.35","5,224,383"
"14-Oct-2024","746.00","755.00","739.45","743.00","2,540,789"
"15-Oct-2024","746.00","750.00","720.65","726.95","3,056,619"
"16-Oct-2024","728.50","738.90","726.05","733.10","3,207,796"
"17-Oct-2024","741.10","747.30","732.35","734.80","6,213,860"
"18-Oct-2024","734.80","756.45","725.05","753.50","5,474,367"
"21-Oct-2024","760.00","765.45","737.00","739.60","2,981,749"
"22-Oct-2024","733.00","745.80","718.30","720.25","5,672,302"
"23-Oct-2024","716.00","731.15","713.30","717.10","6,522,834"
"24-Oct-2024","715.00","715.00","666.75","690.70","14,909,729"
"25-Oct-2024","694.50","694.90","668.45","678.75","4,091,651"
"28-Oct-2024","681.00","697.00","680.80","692.90","2,587,719"
"29-Oct-2024","692.90","696.20","676.45","693.60","4,293,867"
"30-Oct-2024","690.95","698.80","685.40","688.40","3,284,187"
"31-Oct-2024","686.85","689.55","679.25","686.05","4,478,581"
"01-Nov-2024","687.50","693.90","687.20","690.90","472,898"
"04-Nov-2024","689.00","689.90","661.60","674.30","5,245,661"
"05-Nov-2024","675.60","701.45","674.80","697.55","4,931,994"
"06-Nov-2024","706.00","714.25","687.85","708.20","5,500,043"
"07-Nov-2024","682.00","687.70","646.30","648.10","26,671,445"
"08-Nov-2024","654.75","660.45","647.00","650.45","7,886,228"
"11-Nov-2024","647.45","657.60","638.70","655.35","4,933,389"
"12-Nov-2024","668.00","673.50","648.15","651.65","12,009,560"
"13-Nov-2024","648.00","649.90","622.55","626.60","7,867,492"
"14-Nov-2024","630.00","636.45","625.15","627.35","6,937,416"
"18-Nov-2024","641.90","663.10","639.90","651.05","13,618,683"
"19-Nov-2024","651.10","655.55","637.65","640.00","5,015,887"
"21-Nov-2024","641.00","653.90","634.30","648.05","7,910,597"
"22-Nov-2024","652.95","657.30","647.40","652.10","3,586,402"
"25-Nov-2024","660.10","663.00","654.45","659.85","5,760,810"
"26-Nov-2024","662.90","670.25","659.25","666.10","3,604,133"
"27-Nov-2024","667.20","669.80","660.15","661.10","2,910,507"
"28-Nov-2024","661.00","663.15","647.60","650.25","4,686,850"
"29-Nov-2024","652.50","658.60","649.10","656.20","3,412,007"
"02-Dec-2024","656.20","663.40","653.05","662.60","2,174,126"
"03-Dec-2024","665.40","669.60","657.00","667.55","3,306,465"
"04-Dec-2024","667.55","671.25","659.65","663.05","2,785,457"
"05-Dec-2024","664.00","673.95","658.70","670.85","5,156,111"
"06-Dec-2024","673.45","676.50","667.25","670.15","2,723,680"
"09-Dec-2024","666.95","672.50","654.25","670.90","5,079,369"
"10-Dec-2024","675.00","676.00","664.70","668.90","3,950,822"
"11-Dec-2024","671.00","679.80","668.05","670.50","3,418,716"
"12-Dec-2024","675.00","679.80","662.00","668.70","6,585,440"
"13-Dec-2024","663.00","665.55","648.00","662.10","4,198,819"
"16-Dec-2024","661.30","666.60","652.05","653.50","2,619,582"
"17-Dec-2024","649.50","653.60","637.10","639.45","4,800,541"
"18-Dec-2024","641.95","642.05","628.25","633.00","3,753,662"
"19-Dec-2024","620.60","633.25","614.10","629.35","5,198,027"
"20-Dec-2024","629.35","640.60","620.70","622.65","5,964,142"
"23-Dec-2024","625.55","635.90","625.55","634.15","2,921,238"
"24-Dec-2024","635.00","638.10","625.75","627.45","4,830,151"
"26-Dec-2024","630.00","633.45","626.75","628.75","4,476,967"
"27-Dec-2024","628.75","632.85","615.70","617.40","3,391,148"
"30-Dec-2024","615.40","620.30","599.15","601.10","8,023,050"
"31-Dec-2024","601.40","605.90","597.45","602.45","3,807,525"
"01-Jan-2025","601.50","603.75","587.50","592.95","9,217,246"
"02-Jan-2025","594.90","600.55","588.60","599.00","8,525,001"
"03-Jan-2025","599.00","599.75","590.00","591.15","6,291,674"
"06-Jan-2025","592.60","593.85","571.60","574.10","11,202,314"
"07-Jan-2025","573.05","588.40","572.05","584.50","5,379,682"
"08-Jan-2025","582.75","587.60","577.45","586.65","4,077,369"
"09-Jan-2025","580.00","596.85","578.65","589.25","7,595,188"
"10-Jan-2025","586.00","589.25","571.60","574.45","10,613,705"
"13-Jan-2025","571.60","573.95","562.00","563.75","7,689,295"
"14-Jan-2025","569.90","591.95","568.35","590.90","8,506,497"
"15-Jan-2025","594.00","596.20","586.55","591.55","4,390,121"
"16-Jan-2025","596.00","607.00","590.55","602.60","4,959,410"
"17-Jan-2025","603.85","619.00","603.70","617.00","6,414,327"
"20-Jan-2025","617.05","621.95","612.25","618.15","2,995,173"
"21-Jan-2025","626.05","628.35","613.45","614.95","3,529,837"
"22-Jan-2025","615.00","615.40","605.35","613.45","4,426,051"
"23-Jan-2025","611.00","616.20","607.20","608.25","6,826,419"
"24-Jan-2025","608.70","615.35","599.90","606.90","4,608,870"
"27-Jan-2025","600.05","601.60","585.35","586.90","2,919,161"
"28-Jan-2025","590.10","591.65","568.30","573.85","6,250,865"
"29-Jan-2025","576.50","587.85","571.60","584.10","4,618,198"
"30-Jan-2025","586.90","601.85","581.70","587.85","4,604,752"
"31-Jan-2025","590.00","596.40","584.30","594.30","3,750,965"
"01-Feb-2025","594.00","595.40","582.00","586.45","1,740,719"
"03-Feb-2025","575.00","576.60","557.60","574.05","8,169,543"
"04-Feb-2025","580.50","595.90","580.20","583.95","5,318,376"
"05-Feb-2025","584.50","604.50","584.50","600.60","3,974,704"
"06-Feb-2025","601.05","606.80","591.25","595.45","3,571,342"
"07-Feb-2025","595.45","610.60","594.00","607.40","4,687,823"
"10-Feb-2025","605.00","606.10","589.50","596.00","3,434,505"
"11-Feb-2025","594.05","607.00","591.65","595.85","5,303,293"
"12-Feb-2025","599.05","604.95","586.35","598.90","3,764,143"
"13-Feb-2025","596.05","607.95","590.10","602.50","4,415,122"
"14-Feb-2025","609.00","616.00","595.05","606.20","11,475,440"
"17-Feb-2025","606.20","611.90","589.65","610.85","4,470,099"
"18-Feb-2025","609.00","613.70","601.70","611.45","2,956,837"
"19-Feb-2025","607.00","628.35","606.55","626.30","6,101,855"
"20-Feb-2025","627.00","644.20","625.00","638.80","6,904,537"
"21-Feb-2025","639.20","656.20","637.95","653.55","7,490,723"
"24-Feb-2025","642.00","647.90","636.25","641.90","5,931,712"
"25-Feb-2025","636.00","638.45","617.10","619.45","10,249,548"
"27-Feb-2025","625.10","633.90","619.50","631.95","7,263,151"
"28-Feb-2025","630.00","636.60","619.45","634.35","13,041,185"
"03-Mar-2025","634.45","643.50","620.70","636.55","5,368,388"
"04-Mar-2025","628.00","643.85","624.10","641.65","4,430,660"
"05-Mar-2025","638.00","662.50","638.00","657.35","7,876,653"
"06-Mar-2025","664.95","687.60","661.85","681.95","10,993,614"
"07-Mar-2025","678.60","694.60","678.60","691.35","8,142,832"
"10-Mar-2025","689.80","709.30","686.50","689.15","10,707,412"
"11-Mar-2025","684.00","699.00","676.80","695.50","5,262,297"
"12-Mar-2025","700.00","702.00","683.80","689.85","5,219,333"
"13-Mar-2025","690.20","692.95","673.25","677.35","4,877,884"
"17-Mar-2025","678.25","687.50","677.85","680.75","4,033,133"
"18-Mar-2025","689.25","701.00","685.95","697.85","5,954,283"
"19-Mar-2025","703.00","703.00","690.50","698.55","5,462,686"
"20-Mar-2025","702.50","709.85","697.60","705.95","4,670,064"
"21-Mar-2025","715.00","715.00","694.20","695.35","7,595,841"
"24-Mar-2025","704.85","705.75","695.10","701.50","4,296,847"
"25-Mar-2025","700.45","704.35","683.25","693.45","4,552,278"
"26-Mar-2025","695.00","702.40","690.50","691.30","3,646,226"
"27-Mar-2025","690.95","697.90","689.20","693.35","5,002,247"
"28-Mar-2025","690.50","697.45","679.30","682.45","4,362,212"
"01-Apr-2025","672.00","683.10","661.95","663.75","5,131,883"
"02-Apr-2025","668.70","669.00","652.75","661.20","8,357,384"
"03-Apr-2025","658.00","658.00","647.60","652.65","5,646,497"
"04-Apr-2025","645.00","645.00","596.55","599.95","9,393,865"
"07-Apr-2025","559.00","570.00","546.45","561.80","13,117,998"
"08-Apr-2025","575.00","584.35","555.95","568.35","8,831,753"
"09-Apr-2025","567.75","567.75","552.20","564.00","7,009,318"
"11-Apr-2025","585.00","607.95","576.10","600.30","12,562,852"
"15-Apr-2025","613.00","619.30","606.35","617.60","4,871,858"
"16-Apr-2025","618.15","619.35","602.00","609.90","4,447,732"
"17-Apr-2025","608.90","616.00","604.00","609.50","4,518,317"
"21-Apr-2025","611.50","624.90","607.05","622.00","2,655,716"
"22-Apr-2025","625.00","631.05","619.05","620.10","4,970,919"
"23-Apr-2025","628.75","633.00","620.70","629.10","4,674,766"
"24-Apr-2025","630.00","632.55","626.10","628.35","3,367,773"
"25-Apr-2025","632.40","634.30","612.95","622.10","3,925,971"
"28-Apr-2025","622.45","631.50","622.40","628.65","3,965,901"
"29-Apr-2025","631.05","634.25","621.65","622.55","4,528,870"
"30-Apr-2025","622.55","632.55","615.00","624.65","5,905,186"
"02-May-2025","624.00","650.10","621.80","632.10","6,341,829"
"05-May-2025","635.25","641.60","629.55","633.40","2,552,160"
"06-May-2025","638.95","642.70","627.45","630.05","2,778,131"
"07-May-2025","633.00","638.70","629.35","636.30","3,587,997"
"08-May-2025","635.80","636.30","615.05","620.20","5,791,783"
"09-May-2025","609.10","630.30","603.75","627.15","3,870,212"
"12-May-2025","640.15","654.25","638.05","651.95","5,474,816"
"13-May-2025","645.00","646.35","632.00","634.75","6,025,310"
"14-May-2025","635.50","652.95","634.00","650.55","4,819,584"
"15-May-2025","649.50","663.65","646.30","661.35","7,133,226"
"16-May-2025","659.50","662.95","654.35","657.55","2,701,320"
"19-May-2025","655.00","661.75","652.00","658.35","3,320,756"
"20-May-2025","668.00","671.00","655.55","662.75","7,950,974"
"21-May-2025","667.10","671.00","654.60","663.00","8,623,519"
"22-May-2025","663.00","663.70","642.50","649.55","6,784,976"
"23-May-2025","653.00","655.55","642.60","650.10","3,448,707"
"26-May-2025","655.00","669.70","653.30","661.45","6,826,417"
"27-May-2025","661.40","665.70","656.50","659.45","4,223,074"
"28-May-2025","659.45","662.00","647.90","649.95","3,546,275"
"29-May-2025","649.95","653.55","645.10","650.00","4,545,776"
"30-May-2025","647.80","650.90","632.15","633.50","9,054,009"
"02-Jun-2025","628.95","635.75","618.00","631.10","8,397,065"
"03-Jun-2025","636.00","640.90","629.60","632.00","3,783,426"
"04-Jun-2025","634.10","640.90","630.65","635.85","3,066,925"
"05-Jun-2025","638.00","641.40","633.50","637.25","3,565,664"
"06-Jun-2025","637.25","651.25","635.10","650.15","5,492,102"
"09-Jun-2025","653.40","654.60","649.25","650.80","2,822,003"
"10-Jun-2025","653.80","663.50","652.15","658.35","5,693,888"
"11-Jun-2025","660.50","662.90","654.10","655.20","3,928,464"
"12-Jun-2025","656.00","661.75","648.20","651.05","6,539,340"
"13-Jun-2025","635.00","648.00","635.00","641.80","4,543,933"
"16-Jun-2025","641.80","651.05","636.00","649.60","3,422,978"
"17-Jun-2025","649.15","650.40","637.60","641.70","4,199,339"
"18-Jun-2025","638.00","648.90","638.00","645.35","3,412,544"
"19-Jun-2025","643.00","644.70","635.05","641.35","4,392,425"
"20-Jun-2025","641.35","654.50","638.60","649.15","7,166,880"
"23-Jun-2025","644.00","666.00","640.15","661.40","6,080,547"
"24-Jun-2025","668.80","674.00","664.70","669.40","5,510,353"
"25-Jun-2025","676.95","676.95","668.45","672.65","5,533,268"
"26-Jun-2025","674.10","693.00","672.70","690.60","8,196,123"
"27-Jun-2025","695.00","700.05","691.35","697.35","5,666,934"
"30-Jun-2025","700.00","700.00","691.45","692.85","4,919,088"
"01-Jul-2025","692.40","699.60","684.35","694.30","5,468,762"
"02-Jul-2025","695.70","705.75","693.65","698.35","4,566,893"
"03-Jul-2025","701.00","708.10","691.80","692.85","4,216,075"
"04-Jul-2025","692.00","700.75","689.40","699.45","2,680,991"
"07-Jul-2025","699.45","699.45","688.10","692.10","2,481,724"
"08-Jul-2025","692.10","696.30","683.10","685.60","3,923,236"
"09-Jul-2025","692.00","692.00","664.10","673.95","6,703,774"
"10-Jul-2025","675.00","679.50","672.55","675.05","3,641,238"
"11-Jul-2025","673.00","676.05","661.55","670.95","4,450,346"
"14-Jul-2025","671.00","680.55","665.00","666.50","4,338,084"
"15-Jul-2025","670.00","674.25","662.90","670.85","4,815,703"
"16-Jul-2025","668.00","670.60","664.00","666.75","4,497,141"
"17-Jul-2025","670.00","678.00","668.40","674.55","4,022,119"
"18-Jul-2025","676.50","679.30","671.00","675.90","3,400,654"
"21-Jul-2025","679.00","687.15","679.00","682.70","4,912,558"
"22-Jul-2025","683.20","692.50","683.20","690.05","3,802,270"
"23-Jul-2025","692.00","696.00","689.60","695.40","3,640,968"
"24-Jul-2025","697.00","704.40","691.60","695.60","4,593,102"
"25-Jul-2025","697.00","698.80","687.95","693.45","5,220,901"
"28-Jul-2025","693.45","693.95","682.80","689.35","5,031,797"
"29-Jul-2025","686.10","695.00","685.00","692.70","2,985,507"
"30-Jul-2025","689.15","697.55","684.80","688.80","2,829,322"
"31-Jul-2025","677.10","692.30","674.95","683.05","6,136,890"
"01-Aug-2025","680.00","683.30","670.85","672.45","3,475,656"
"04-Aug-2025","676.00","688.80","671.80","687.70","2,286,286"
"05-Aug-2025","692.00","692.00","682.15","687.10","3,302,614"
"06-Aug-2025","692.00","692.00","683.35","684.85","2,498,667"
"07-Aug-2025","681.90","689.90","674.35","686.80","3,417,324"
"08-Aug-2025","684.00","686.40","669.05","672.75","3,471,816"
"11-Aug-2025","673.75","683.45","667.25","672.85","3,235,082"
"12-Aug-2025","658.00","677.75","657.50","667.05","12,238,878"
"13-Aug-2025","673.00","704.95","670.95","700.50","13,151,356"
"14-Aug-2025","701.00","702.35","688.00","695.25","4,179,259"
"18-Aug-2025","700.00","719.00","697.10","714.15","7,211,389"
"19-Aug-2025","714.00","715.15","705.55","706.70","5,641,195"
"20-Aug-2025","701.00","705.90","698.05","700.85","5,358,070"
"21-Aug-2025","701.05","709.00","700.50","707.30","3,231,092"
"22-Aug-2025","708.00","709.60","701.55","704.20","5,623,045"
"25-Aug-2025","708.00","720.90","707.55","715.85","4,539,337"
"26-Aug-2025","714.00","714.00","701.25","705.70","5,229,246"
"28-Aug-2025","700.80","707.00","698.10","701.40","5,620,555"
"29-Aug-2025","701.00","708.75","697.00","703.95","5,335,149"
"01-Sep-2025","704.50","721.00","702.40","719.60","3,771,744"
"02-Sep-2025","720.00","726.10","714.20","720.95","4,660,894"
"03-Sep-2025","725.00","744.00","723.10","742.95","8,986,550"
"04-Sep-2025","744.05","745.00","737.20","739.05","3,763,325"
"05-Sep-2025","738.00","746.65","738.00","743.80","2,778,157"
"08-Sep-2025","745.00","749.85","737.40","738.75","2,703,395"
"09-Sep-2025","740.70","750.55","739.00","742.90","3,393,363"
"10-Sep-2025","745.00","749.80","741.05","743.15","3,351,988"
"11-Sep-2025","742.00","747.95","738.00","742.65","3,756,027"
"12-Sep-2025","748.90","759.60","745.15","758.05","5,698,959"
"15-Sep-2025","758.15","763.40","752.60","753.65","2,554,957"
"16-Sep-2025","754.40","757.30","749.15","755.95","2,662,690"
"17-Sep-2025","756.00","759.70","744.40","750.10","4,182,521"
"18-Sep-2025","746.35","751.45","736.25","750.15","4,915,450"
"19-Sep-2025","752.00","756.80","739.00","743.30","5,132,517"
"22-Sep-2025","743.30","752.50","741.55","745.70","2,232,330"
"23-Sep-2025","745.00","752.25","739.65","745.90","3,783,529"
"24-Sep-2025","744.00","748.95","737.70","741.05","2,415,165"
"25-Sep-2025","746.00","769.10","740.05","745.65","4,702,510"
"26-Sep-2025","745.90","749.50","731.95","743.85","3,636,265"
"29-Sep-2025","745.00","758.80","744.85","753.80","4,347,158"
"30-Sep-2025","759.95","769.70","758.05","761.95","4,718,308"
"01-Oct-2025","761.90","769.40","755.30","765.95","3,663,841"
"03-Oct-2025","766.00","790.60","764.10","780.35","6,522,416"
"06-Oct-2025","782.05","784.95","774.35","776.70","3,544,658"
"07-Oct-2025","771.00","780.75","765.90","767.80","4,918,764"
"08-Oct-2025","770.00","781.50","766.15","768.20","6,393,179"
"09-Oct-2025","770.25","780.00","769.25","774.10","6,806,889"
"10-Oct-2025","774.50","775.75","764.30","773.95","4,365,229"
"13-Oct-2025","772.25","774.60","767.20","770.20","3,077,938"
"14-Oct-2025","776.05","781.55","754.45","760.10","3,510,594"
"15-Oct-2025","765.00","768.70","759.35","764.25","5,690,264"
"16-Oct-2025","765.10","780.85","763.50","780.10","4,180,590"
"17-Oct-2025","780.00","781.95","766.00","772.80","3,254,932"
"20-Oct-2025","774.30","789.45","772.05","786.35","4,845,432"
"21-Oct-2025","791.00","791.95","782.50","784.95","457,667"
"23-Oct-2025","791.50","799.85","784.00","792.40","5,916,416"
"24-Oct-2025","811.35","826.50","811.35","824.45","16,905,398"
"27-Oct-2025","834.90","845.10","827.00","840.85","7,308,067"
"28-Oct-2025","838.00","859.90","837.00","848.95","8,010,504"
"29-Oct-2025","854.00","858.85","849.55","856.25","5,663,683"
"30-Oct-2025","852.10","864.00","848.10","861.35","4,704,178"
"31-Oct-2025","856.95","860.60","845.70","847.85","4,138,495"
"03-Nov-2025","847.85","856.00","842.60","847.20","4,885,067"
"04-Nov-2025","841.55","847.00","829.25","831.40","4,673,187"
"06-Nov-2025","788.00","795.00","770.15","788.40","34,786,635"
"07-Nov-2025","788.50","802.60","783.00","790.40","13,189,011"
"10-Nov-2025","792.00","799.90","783.85","785.20","5,914,226"
"11-Nov-2025","790.80","794.70","778.10","793.75","5,411,465"
"12-Nov-2025","798.00","809.00","791.75","794.40","7,589,035"
"13-Nov-2025","803.00","816.50","799.00","811.95","5,854,638"
"14-Nov-2025","807.00","812.50","796.00","803.65","4,113,598"
"17-Nov-2025","801.00","809.00","799.75","807.15","2,770,547"
"18-Nov-2025","804.50","804.50","788.35","797.15","7,299,555"
"19-Nov-2025","797.15","798.80","790.00","790.95","3,005,726"
"20-Nov-2025","799.80","802.65","789.30","799.80","6,016,713"
"21-Nov-2025","786.00","787.00","776.25","777.70","5,099,356"
"24-Nov-2025","782.85","788.10","771.85","774.65","5,666,985"
"25-Nov-2025","777.95","791.75","772.65","789.35","6,090,783"
"26-Nov-2025","790.15","803.00","787.20","800.80","3,842,280"
"27-Nov-2025","807.90","813.95","800.45","807.55","4,481,695"
"28-Nov-2025","812.20","815.00","807.20","808.40","3,200,488"
"01-Dec-2025","817.95","817.95","808.20","810.80","2,064,678"
"02-Dec-2025","811.00","813.50","802.60","806.85","4,237,151"
"03-Dec-2025","810.80","819.60","800.95","816.30","4,948,661"
"04-Dec-2025","824.00","826.25","809.00","810.80","3,381,601"
"05-Dec-2025","811.55","831.90","808.00","823.25","4,273,147"
"08-Dec-2025","825.80","833.50","817.25","819.45","4,354,685"
"09-Dec-2025","819.00","819.40","803.10","812.90","3,394,966"
"10-Dec-2025","816.05","831.75","813.60","821.75","5,280,811"
"11-Dec-2025","826.00","830.90","821.15","824.35","3,098,584"
"12-Dec-2025","830.80","855.00","830.60","852.10","8,178,645"
"15-Dec-2025","851.95","856.25","845.30","847.85","2,521,938"
"16-Dec-2025","845.00","845.00","831.15","837.15","2,713,249"
"17-Dec-2025","844.05","851.90","840.10","848.80","3,270,389"
"18-Dec-2025","850.00","861.95","847.50","856.70","4,174,631"
"19-Dec-2025","858.00","864.40","847.55","852.00","4,939,377"
"22-Dec-2025","860.00","872.35","857.25","864.55","4,865,457"
"23-Dec-2025","871.00","871.80","860.85","863.85","5,452,783"
"24-Dec-2025","865.95","882.30","862.15","864.45","3,683,590"
"26-Dec-2025","865.25","874.75","861.00","872.90","2,334,952"
"29-Dec-2025","886.00","887.45","860.90","865.00","9,836,341"
"30-Dec-2025","868.00","888.30","863.85","884.15","15,280,248"
"31-Dec-2025","886.40","890.00","879.45","886.70","3,539,118"
"26-Feb-2026","942.00","943.10","931.20","942.00","2,009,866"
"27-Feb-2026","938.95","943.35","922.60","925.40","1,001,189"
