"Date","Open","High","Low","Close","Volume"
"01-Jan-2019","308.90","308.90","302.50","303.95","3,622,654"
"02-Jan-2019","296.05","297.95","286.60","288.70","8,855,139"
"03-Jan-2019","287.50","290.60","280.30","282.65","10,003,388"
"04-Jan-2019","281.90","289.45","280.70","287.95","6,070,751"
"07-Jan-2019","292.30","295.25","288.15","289.85","7,041,362"
"08-Jan-2019","290.10","295.85","288.10","293.90","4,528,899"
"09-Jan-2019","295.00","296.80","286.55","290.75","5,848,215"
"10-Jan-2019","290.00","292.70","287.65","289.30","4,352,095"
"11-Jan-2019","289.75","294.15","286.45","288.80","4,483,554"
"14-Jan-2019","288.45","288.45","282.05","283.90","3,756,403"
"15-Jan-2019","285.00","293.00","282.30","292.10","6,557,577"
"16-Jan-2019","292.05","293.25","285.35","286.45","3,752,082"
"17-Jan-2019","287.50","290.55","285.80","289.00","4,817,690"
"18-Jan-2019","288.35","291.85","283.25","285.60","4,210,472"
"21-Jan-2019","285.90","288.95","283.95","284.60","2,854,706"
"22-Jan-2019","284.00","284.60","274.55","278.00","5,006,219"
"23-Jan-2019","278.00","284.90","277.20","280.90","4,489,030"
"24-Jan-2019","281.50","284.40","276.50","283.65","3,705,336"
"25-Jan-2019","284.60","285.50","273.25","274.65","5,191,436"
"28-Jan-2019","274.00","274.25","263.05","267.75","4,518,237"
"29-Jan-2019","267.55","273.00","265.25","270.95","4,113,613"
"30-Jan-2019","271.50","273.45","262.20","268.90","6,941,276"
"31-Jan-2019","271.00","275.85","266.60","274.60","4,666,551"
"01-Feb-2019","274.25","280.00","266.65","274.95","6,496,209"
"04-Feb-2019","275.45","276.45","267.65","273.50","4,804,512"
"05-Feb-2019","272.00","277.65","270.65","273.55","4,726,380"
"06-Feb-2019","274.40","282.90","271.50","279.30","5,746,435"
"07-Feb-2019","278.00","281.40","272.00","273.10","6,252,085"
"08-Feb-2019","271.60","273.00","260.35","262.85","5,765,740"
"11-Feb-2019","264.00","266.00","256.60","261.60","5,228,180"
"12-Feb-2019","261.55","274.50","257.50","271.75","12,748,459"
"13-Feb-2019","273.40","276.40","269.10","271.20","8,985,786"
"14-Feb-2019","269.40","282.50","264.05","280.65","9,767,547"
"15-Feb-2019","279.95","279.95","265.45","266.90","10,241,930"
"18-Feb-2019","268.00","269.95","261.00","261.90","6,612,006"
"19-Feb-2019","262.60","271.75","261.00","266.85","8,114,832"
"20-Feb-2019","267.85","276.20","267.50","274.05","10,302,096"
"21-Feb-2019","276.00","279.00","273.40","277.05","8,238,650"
"22-Feb-2019","276.00","286.80","271.80","285.85","10,779,149"
"25-Feb-2019","286.35","293.80","286.35","287.80","12,551,599"
"26-Feb-2019","279.00","286.80","277.10","284.50","8,622,676"
"27-Feb-2019","287.40","291.45","282.00","284.00","7,076,524"
"28-Feb-2019","285.50","290.00","279.80","281.10","9,337,518"
"01-Mar-2019","284.40","285.10","280.70","282.10","7,362,711"
"05-Mar-2019","284.95","292.10","282.00","291.20","11,469,935"
"06-Mar-2019","292.70","294.00","286.75","289.95","6,718,322"
"07-Mar-2019","290.40","294.00","285.40","289.70","7,010,707"
"08-Mar-2019","288.20","289.40","284.20","286.40","5,961,633"
"11-Mar-2019","289.40","294.65","287.15","292.65","7,863,518"
"12-Mar-2019","294.05","298.00","290.05","291.80","8,891,811"
"13-Mar-2019","290.00","290.40","282.10","286.25","9,122,437"
"14-Mar-2019","286.35","289.80","284.00","286.90","5,351,600"
"15-Mar-2019","287.40","291.25","285.30","288.45","7,053,371"
"18-Mar-2019","290.00","296.00","286.55","294.95","7,431,744"
"19-Mar-2019","296.10","296.75","287.35","288.50","7,444,759"
"20-Mar-2019","290.00","290.00","281.05","282.30","9,165,038"
"22-Mar-2019","284.80","289.55","283.00","285.75","7,325,504"
"25-Mar-2019","282.00","282.00","276.00","278.80","6,778,846"
"26-Mar-2019","277.95","282.40","276.50","281.35","6,247,666"
"27-Mar-2019","283.00","289.25","281.50","287.50","6,490,731"
"28-Mar-2019","286.00","290.00","284.00","288.25","21,745,652"
"29-Mar-2019","290.30","297.95","288.75","293.05","8,338,652"
"01-Apr-2019","297.45","300.00","290.50","292.30","7,766,553"
"02-Apr-2019","295.75","295.75","285.50","287.10","7,105,140"
"03-Apr-2019","290.00","294.50","288.50","289.90","6,899,752"
"04-Apr-2019","289.85","290.30","285.20","287.80","4,338,250"
"05-Apr-2019","288.45","295.75","288.10","294.25","5,310,432"
"08-Apr-2019","297.00","298.65","289.00","290.40","5,645,872"
"09-Apr-2019","290.95","293.00","285.65","291.55","3,725,301"
"10-Apr-2019","290.20","293.75","287.30","288.55","5,316,890"
"11-Apr-2019","288.00","289.70","285.05","287.00","3,147,541"
"12-Apr-2019","287.00","288.45","285.00","286.85","2,486,341"
"15-Apr-2019","288.00","293.80","287.20","292.15","4,009,776"
"16-Apr-2019","294.00","294.85","290.35","291.20","4,394,114"
"18-Apr-2019","291.20","301.30","286.50","299.15","7,668,228"
"22-Apr-2019","298.70","302.45","289.25","291.25","6,083,105"
"23-Apr-2019","293.05","294.60","287.30","288.30","3,648,863"
"24-Apr-2019","289.25","293.00","286.40","292.35","4,200,919"
"25-Apr-2019","291.50","294.50","285.50","286.60","4,132,700"
"26-Apr-2019","288.50","299.00","286.10","294.00","11,729,751"
"30-Apr-2019","294.50","309.90","290.85","308.35","12,707,875"
"02-May-2019","309.05","314.00","303.50","306.65","10,375,665"
"03-May-2019","308.00","310.45","305.10","308.85","5,705,828"
"06-May-2019","301.00","302.40","295.00","296.70","7,433,027"
"07-May-2019","301.00","302.20","287.00","288.10","6,762,525"
"08-May-2019","286.45","292.80","285.00","289.25","7,900,967"
"09-May-2019","288.00","290.50","280.35","285.45","7,620,385"
"10-May-2019","286.00","289.30","283.00","287.35","7,076,251"
"13-May-2019","286.00","286.90","273.45","276.90","4,291,656"
"14-May-2019","275.00","282.95","272.45","281.00","5,277,444"
"15-May-2019","281.00","281.70","266.95","268.50","6,212,125"
"16-May-2019","270.00","277.45","268.50","275.95","4,697,435"
"17-May-2019","275.45","277.70","271.55","276.40","3,064,045"
"20-May-2019","283.10","293.65","280.80","285.50","5,009,313"
"21-May-2019","284.85","286.50","277.50","279.40","4,196,280"
"22-May-2019","280.40","281.25","272.30","276.95","5,052,534"
"23-May-2019","284.00","289.90","274.50","275.95","5,355,880"
"24-May-2019","279.95","291.50","273.55","288.00","9,795,647"
"27-May-2019","281.00","289.30","277.05","287.75","9,081,309"
"28-May-2019","287.75","297.50","286.75","292.95","10,338,894"
"29-May-2019","292.00","295.70","279.70","280.55","7,940,056"
"30-May-2019","281.00","283.25","275.10","276.60","7,941,828"
"31-May-2019","278.25","279.80","269.60","271.70","7,316,925"
"03-Jun-2019","273.00","276.10","269.15","274.55","6,265,379"
"04-Jun-2019","274.00","276.00","272.40","274.20","4,512,003"
"06-Jun-2019","274.90","274.90","265.30","266.70","5,090,763"
"07-Jun-2019","267.00","270.00","261.60","262.40","5,599,533"
"10-Jun-2019","264.40","267.90","262.35","266.85","3,704,937"
"11-Jun-2019","268.00","274.50","265.30","273.35","4,208,927"
"12-Jun-2019","274.45","277.30","270.25","271.25","7,380,929"
"13-Jun-2019","272.00","275.00","265.65","274.35","5,646,873"
"14-Jun-2019","272.10","275.40","267.60","271.25","4,349,503"
"17-Jun-2019","271.00","271.00","259.00","260.20","8,505,525"
"18-Jun-2019","261.00","265.00","254.90","263.55","6,059,478"
"19-Jun-2019","264.00","267.65","256.00","260.55","7,432,697"
"20-Jun-2019","261.00","270.00","258.25","269.25","5,160,169"
"21-Jun-2019","265.95","268.95","264.25","267.15","6,144,176"
"24-Jun-2019","267.00","268.50","257.10","257.80","5,807,872"
"25-Jun-2019","254.40","268.30","252.65","267.05","9,616,552"
"26-Jun-2019","263.60","277.80","263.35","277.15","6,924,967"
"27-Jun-2019","276.95","280.80","275.55","277.35","7,806,500"
"28-Jun-2019","277.00","278.75","273.10","276.60","4,088,477"
"01-Jul-2019","278.55","281.80","273.85","275.75","3,935,030"
"02-Jul-2019","275.70","277.20","272.10","276.15","3,233,802"
"03-Jul-2019","276.00","279.80","273.75","277.40","3,416,371"
"04-Jul-2019","277.00","278.00","273.80","275.05","3,266,606"
"05-Jul-2019","275.75","278.70","265.05","266.65","4,112,441"
"08-Jul-2019","262.10","267.20","257.90","262.25","3,816,891"
"09-Jul-2019","262.00","265.50","260.50","262.35","3,210,950"
"10-Jul-2019","263.50","264.35","252.00","254.90","6,051,189"
"11-Jul-2019","259.30","268.10","257.85","267.30","11,021,639"
"12-Jul-2019","267.30","270.85","261.70","267.90","7,690,461"
"15-Jul-2019","267.40","272.75","263.70","270.95","4,909,761"
"16-Jul-2019","269.95","275.00","269.00","273.90","3,794,706"
"17-Jul-2019","272.00","275.00","268.80","271.90","3,290,727"
"18-Jul-2019","270.00","270.75","264.90","266.10","3,627,824"
"19-Jul-2019","267.30","269.20","258.20","259.05","3,828,583"
"22-Jul-2019","259.90","265.50","256.30","264.40","3,426,665"
"23-Jul-2019","266.00","266.00","259.80","263.30","3,534,413"
"24-Jul-2019","263.00","263.85","246.75","255.25","10,491,930"
"25-Jul-2019","254.80","257.90","247.80","248.65","6,895,024"
"26-Jul-2019","248.95","253.35","247.10","249.70","5,386,836"
"29-Jul-2019","245.85","246.25","236.85","241.40","7,935,024"
"30-Jul-2019","243.05","248.00","220.00","230.25","8,938,349"
"31-Jul-2019","228.35","238.30","226.10","237.45","5,983,362"
"01-Aug-2019","235.10","235.80","222.70","225.25","7,768,510"
"02-Aug-2019","223.00","230.45","217.80","225.15","11,444,553"
"05-Aug-2019","220.80","221.25","212.25","217.70","7,681,043"
"06-Aug-2019","214.60","221.45","214.15","217.55","6,703,116"
"07-Aug-2019","217.70","217.80","210.60","212.25","7,073,513"
"08-Aug-2019","213.30","222.85","208.75","221.70","8,752,577"
"09-Aug-2019","221.70","228.45","219.30","220.60","9,077,239"
"13-Aug-2019","217.60","224.45","216.45","220.15","6,628,569"
"14-Aug-2019","222.60","229.90","220.75","227.75","6,940,915"
"16-Aug-2019","226.35","228.95","221.60","227.15","6,083,438"
"19-Aug-2019","228.30","230.85","224.75","226.20","4,394,801"
"20-Aug-2019","225.05","226.10","221.65","224.85","5,107,078"
"21-Aug-2019","223.50","226.00","217.70","219.00","5,016,435"
"22-Aug-2019","215.00","220.40","212.80","217.00","6,938,275"
"23-Aug-2019","214.50","223.60","213.75","220.65","4,978,377"
"26-Aug-2019","222.15","225.00","206.30","214.10","13,555,325"
"27-Aug-2019","217.40","217.50","212.80","213.40","12,287,346"
"28-Aug-2019","214.00","214.25","202.80","205.75","9,056,214"
"29-Aug-2019","203.80","214.55","201.75","211.95","18,785,875"
"30-Aug-2019","215.00","218.95","211.25","217.45","10,442,126"
"03-Sep-2019","214.00","215.50","209.30","210.15","5,563,093"
"04-Sep-2019","208.85","216.05","207.50","214.80","8,097,106"
"05-Sep-2019","217.10","222.30","213.50","216.25","10,360,712"
"06-Sep-2019","217.40","219.35","212.25","217.95","8,494,436"
"09-Sep-2019","218.00","224.50","213.85","219.50","9,829,589"
"11-Sep-2019","220.40","228.95","220.15","227.70","11,404,495"
"12-Sep-2019","228.00","232.25","221.20","222.05","9,281,462"
"13-Sep-2019","222.05","227.60","219.10","226.20","8,639,132"
"16-Sep-2019","222.50","227.50","222.50","225.65","5,494,139"
"17-Sep-2019","224.40","229.00","214.80","216.20","9,403,320"
"18-Sep-2019","217.55","223.55","217.25","221.40","9,790,812"
"19-Sep-2019","220.15","221.60","215.25","219.55","9,020,768"
"20-Sep-2019","220.65","240.20","218.25","238.10","23,899,821"
"23-Sep-2019","252.95","252.95","237.40","243.70","13,040,988"
"24-Sep-2019","241.95","242.00","232.50","233.35","9,073,501"
"25-Sep-2019","233.50","235.75","228.30","234.40","7,594,921"
"26-Sep-2019","236.00","237.80","231.25","235.45","8,069,927"
"27-Sep-2019","233.60","236.50","230.60","232.20","7,000,789"
"30-Sep-2019","228.00","231.00","222.50","229.95","6,783,701"
"01-Oct-2019","229.10","231.75","220.40","222.65","6,026,952"
"03-Oct-2019","220.95","225.70","218.30","221.55","5,324,110"
"04-Oct-2019","222.30","223.90","212.45","214.65","6,600,815"
"07-Oct-2019","214.90","215.80","207.00","208.00","7,420,654"
"09-Oct-2019","207.30","213.75","205.95","212.80","5,958,422"
"10-Oct-2019","211.30","214.90","209.10","213.75","6,693,227"
"11-Oct-2019","215.00","220.90","212.80","217.25","8,965,423"
"14-Oct-2019","218.80","225.00","218.35","221.45","7,515,730"
"15-Oct-2019","221.00","226.90","214.25","219.65","14,900,735"
"16-Oct-2019","222.25","223.65","218.45","220.30","7,753,169"
"17-Oct-2019","218.30","224.70","214.35","222.95","10,798,747"
"18-Oct-2019","222.10","225.20","220.30","223.35","9,026,105"
"22-Oct-2019","223.00","225.90","219.20","219.70","8,305,579"
"23-Oct-2019","218.60","224.80","215.75","222.70","8,030,559"
"24-Oct-2019","215.20","225.10","215.20","222.85","15,890,442"
"25-Oct-2019","222.50","224.15","216.10","217.35","8,612,440"
"27-Oct-2019","218.00","221.40","218.00","219.35","756,987"
"29-Oct-2019","219.60","236.40","219.60","234.25","13,887,709"
"30-Oct-2019","236.95","236.95","231.25","234.40","5,246,865"
"31-Oct-2019","235.70","236.50","227.05","228.00","6,994,856"
"01-Nov-2019","227.70","239.50","227.50","237.60","9,208,037"
"04-Nov-2019","238.70","254.85","238.70","250.20","17,613,567"
"05-Nov-2019","253.35","254.15","244.25","246.05","10,394,354"
"06-Nov-2019","245.95","251.30","244.30","248.25","7,121,343"
"07-Nov-2019","250.20","254.80","243.10","252.65","12,103,874"
"08-Nov-2019","252.75","256.50","248.50","250.00","7,150,985"
"11-Nov-2019","249.10","253.25","248.05","251.90","5,599,046"
"13-Nov-2019","251.50","254.70","247.35","248.75","6,493,201"
"14-Nov-2019","248.00","249.70","244.25","245.75","4,522,524"
"15-Nov-2019","246.00","250.00","242.20","244.75","5,246,862"
"18-Nov-2019","245.90","251.15","244.80","249.60","4,846,338"
"19-Nov-2019","249.40","250.85","246.60","247.90","4,461,546"
"20-Nov-2019","247.70","252.30","245.95","248.70","4,799,567"
"21-Nov-2019","248.00","248.95","244.15","245.25","3,840,421"
"22-Nov-2019","245.00","253.00","244.30","251.25","4,927,891"
"25-Nov-2019","252.90","261.00","252.30","260.15","11,369,913"
"26-Nov-2019","261.25","262.80","251.10","253.25","12,880,492"
"27-Nov-2019","254.10","257.90","251.90","252.95","4,739,906"
"28-Nov-2019","253.60","264.90","252.25","263.95","9,945,852"
"29-Nov-2019","262.60","269.50","260.05","261.55","12,038,238"
"02-Dec-2019","267.50","269.45","263.25","268.30","10,547,869"
"03-Dec-2019","267.25","267.50","254.50","257.25","9,848,751"
"04-Dec-2019","254.00","264.00","247.75","259.80","15,220,113"
"05-Dec-2019","260.75","261.80","250.10","251.45","6,962,695"
"06-Dec-2019","252.90","256.70","250.10","254.10","7,854,850"
"09-Dec-2019","253.00","259.50","251.85","258.85","6,291,970"
"10-Dec-2019","256.30","259.15","250.30","251.00","5,357,914"
"11-Dec-2019","251.20","254.80","246.55","249.95","6,247,501"
"12-Dec-2019","252.00","257.65","250.20","255.60","6,112,551"
"13-Dec-2019","263.00","264.40","255.55","257.60","12,372,614"
"16-Dec-2019","259.20","260.20","252.15","253.10","5,733,217"
"17-Dec-2019","254.35","261.60","253.55","258.95","11,197,549"
"18-Dec-2019","257.90","266.35","256.30","264.40","13,485,427"
"19-Dec-2019","263.30","267.20","262.30","264.85","7,841,049"
"20-Dec-2019","264.50","266.75","262.75","264.70","7,162,934"
"23-Dec-2019","264.40","270.60","262.40","263.70","8,467,465"
"24-Dec-2019","263.70","267.80","262.95","266.75","5,683,009"
"26-Dec-2019","267.00","272.00","266.70","269.15","11,054,938"
"27-Dec-2019","270.10","271.30","265.10","268.90","7,560,504"
"30-Dec-2019","269.50","273.50","266.60","271.10","6,645,670"
"31-Dec-2019","270.00","273.00","268.15","270.05","5,377,354"
"01-Jan-2020","270.70","273.50","265.85","268.10","6,952,048"
"02-Jan-2020","272.00","277.00","271.55","276.45","10,780,926"
"03-Jan-2020","276.45","276.45","270.75","272.45","5,943,349"
"06-Jan-2020","270.50","270.75","262.30","264.25","4,529,599"
"07-Jan-2020","266.15","270.15","263.10","265.25","4,465,297"
"08-Jan-2020","261.40","264.50","257.00","262.50","8,088,132"
"09-Jan-2020","267.70","279.20","267.70","278.10","13,317,832"
"10-Jan-2020","278.00","280.00","275.00","277.90","7,625,227"
"13-Jan-2020","278.05","279.90","275.40","278.60","4,540,953"
"14-Jan-2020","278.00","284.00","278.00","280.90","7,428,691"
"15-Jan-2020","279.85","283.40","276.25","282.50","5,538,475"
"16-Jan-2020","282.50","282.85","276.15","277.45","4,791,447"
"17-Jan-2020","276.80","279.55","272.85","273.35","4,733,742"
"20-Jan-2020","273.50","275.00","268.65","271.35","3,823,115"
"21-Jan-2020","270.00","270.90","264.35","267.25","4,799,667"
"22-Jan-2020","268.30","269.30","264.75","265.85","3,334,351"
"23-Jan-2020","266.00","268.95","264.10","266.65","3,529,142"
"24-Jan-2020","266.70","273.90","265.30","271.90","5,991,335"
"27-Jan-2020","265.45","265.90","258.30","262.80","17,151,836"
"28-Jan-2020","260.80","261.75","251.60","255.25","11,168,567"
"29-Jan-2020","259.00","264.60","258.30","261.25","7,832,991"
"30-Jan-2020","261.30","262.10","255.25","256.95","5,511,254"
"31-Jan-2020","258.15","259.00","249.10","250.70","6,329,214"
"01-Feb-2020","249.00","257.30","242.60","244.75","7,485,230"
"03-Feb-2020","245.50","253.00","243.75","251.50","7,021,154"
"04-Feb-2020","253.25","259.70","248.70","258.35","5,839,343"
"05-Feb-2020","259.50","271.65","256.35","269.25","7,218,905"
"06-Feb-2020","271.10","277.50","267.75","276.45","8,567,243"
"07-Feb-2020","275.40","280.00","272.75","279.30","5,258,442"
"10-Feb-2020","276.00","279.80","273.20","277.90","4,972,983"
"11-Feb-2020","280.05","293.50","278.60","288.75","10,958,494"
"12-Feb-2020","288.65","295.40","288.50","293.70","9,119,052"
"13-Feb-2020","292.20","294.60","288.40","293.35","6,220,243"
"14-Feb-2020","291.60","296.75","288.30","289.15","6,086,218"
"17-Feb-2020","289.15","290.90","285.30","288.15","6,084,235"
"18-Feb-2020","289.00","289.15","281.10","284.80","5,463,097"
"19-Feb-2020","287.20","290.00","279.90","280.85","4,952,306"
"20-Feb-2020","280.70","285.85","277.00","281.80","6,960,354"
"24-Feb-2020","277.95","277.95","256.00","258.95","10,565,578"
"25-Feb-2020","264.00","266.80","258.40","262.60","9,928,181"
"26-Feb-2020","256.00","263.70","255.55","260.80","8,111,249"
"27-Feb-2020","259.00","259.00","248.30","252.10","10,258,174"
"28-Feb-2020","245.50","245.50","232.65","235.70","10,723,581"
"02-Mar-2020","242.20","246.50","230.85","235.00","10,865,535"
"03-Mar-2020","239.25","249.10","238.65","246.45","11,580,274"
"04-Mar-2020","246.55","248.80","236.85","245.60","10,790,561"
"05-Mar-2020","248.70","252.75","244.35","247.15","7,130,730"
"06-Mar-2020","235.00","240.00","228.20","238.80","6,850,161"
"09-Mar-2020","229.05","231.65","225.10","229.05","7,888,019"
"11-Mar-2020","227.00","228.50","220.10","223.50","10,073,347"
"12-Mar-2020","210.00","214.30","199.05","203.20","14,115,039"
"13-Mar-2020","188.00","217.95","175.20","214.90","12,883,941"
"16-Mar-2020","202.00","207.15","181.55","186.00","15,167,108"
"17-Mar-2020","188.90","193.50","175.15","176.45","14,096,871"
"18-Mar-2020","180.05","181.15","156.45","164.35","18,951,014"
"19-Mar-2020","157.80","168.70","151.70","163.30","12,583,063"
"20-Mar-2020","167.00","179.10","164.65","175.75","7,449,415"
"23-Mar-2020","158.20","164.25","136.10","144.40","7,422,941"
"24-Mar-2020","149.25","155.00","140.35","147.10","6,487,043"
"25-Mar-2020","145.00","156.00","142.55","151.80","4,384,700"
"26-Mar-2020","151.00","157.45","144.50","149.80","8,021,131"
"27-Mar-2020","152.10","156.45","146.20","151.45","6,108,830"
"30-Mar-2020","148.45","148.45","136.50","142.40","11,851,157"
"31-Mar-2020","145.95","152.40","144.50","146.25","9,965,197"
"01-Apr-2020","145.95","145.95","139.05","143.00","5,967,565"
"03-Apr-2020","143.25","148.15","132.50","140.70","18,559,602"
"07-Apr-2020","148.05","159.85","145.45","158.10","16,440,328"
"08-Apr-2020","155.00","170.75","152.15","154.60","15,245,833"
"09-Apr-2020","159.00","170.00","158.00","166.30","15,243,084"
"13-Apr-2020","167.50","172.40","161.15","167.65","11,554,655"
"15-Apr-2020","170.00","174.95","165.85","171.40","17,616,485"
"16-Apr-2020","169.30","174.60","167.40","170.65","10,428,942"
"17-Apr-2020","175.00","179.85","170.35","177.30","10,104,852"
"20-Apr-2020","183.00","183.00","166.10","167.50","12,629,035"
"21-Apr-2020","164.00","164.40","156.80","159.60","10,887,919"
"22-Apr-2020","158.00","163.00","155.50","161.20","7,765,209"
"23-Apr-2020","162.40","166.30","158.70","159.95","7,114,946"
"24-Apr-2020","157.50","159.50","152.60","153.25","8,447,036"
"27-Apr-2020","156.00","160.65","155.00","157.30","9,745,004"
"28-Apr-2020","159.40","160.30","157.00","159.40","8,025,743"
"29-Apr-2020","160.80","166.40","159.00","164.10","11,842,945"
"30-Apr-2020","168.60","188.70","167.50","180.65","16,023,589"
"04-May-2020","170.95","170.95","162.35","163.55","10,646,028"
"05-May-2020","167.50","171.65","162.80","163.90","12,995,347"
"06-May-2020","165.50","169.30","163.15","165.80","8,720,744"
"07-May-2020","164.20","174.00","162.50","172.20","11,944,061"
"08-May-2020","175.55","176.60","167.50","168.65","9,045,606"
"11-May-2020","170.00","176.40","168.75","174.55","9,199,262"
"12-May-2020","172.00","179.60","167.05","178.20","11,889,850"
"13-May-2020","189.00","189.00","180.60","182.35","10,377,139"
"14-May-2020","179.00","180.40","174.20","175.20","5,808,584"
"15-May-2020","176.90","179.40","173.25","174.30","11,548,870"
"18-May-2020","175.80","176.20","162.10","163.25","8,130,435"
"19-May-2020","167.00","172.95","165.90","169.30","11,001,274"
"20-May-2020","169.30","173.00","168.30","171.05","10,091,863"
"21-May-2020","172.00","174.85","168.95","169.90","11,065,823"
"22-May-2020","168.40","169.50","163.50","166.15","10,228,048"
"26-May-2020","168.00","178.25","168.00","176.25","30,383,793"
"27-May-2020","176.05","189.00","174.15","184.80","20,403,834"
"28-May-2020","186.20","188.75","183.20","184.15","14,270,125"
"29-May-2020","181.00","185.45","180.05","184.20","13,458,899"
"01-Jun-2020","188.00","199.40","187.15","193.95","17,324,578"
"02-Jun-2020","195.00","197.75","190.35","192.15","14,155,546"
"03-Jun-2020","195.00","197.80","191.55","192.70","11,567,639"
"04-Jun-2020","193.00","195.20","189.80","192.00","10,238,285"
"05-Jun-2020","195.95","202.40","194.05","197.05","26,006,736"
"08-Jun-2020","202.00","202.00","192.25","194.95","13,522,911"
"09-Jun-2020","195.95","198.90","188.60","190.05","8,055,268"
"10-Jun-2020","188.00","191.90","184.55","190.95","11,823,033"
"11-Jun-2020","188.00","190.85","183.55","184.65","6,481,994"
"12-Jun-2020","177.00","190.20","175.45","188.95","9,000,558"
"15-Jun-2020","185.95","186.45","179.95","183.75","12,059,372"
"16-Jun-2020","189.00","195.95","185.75","190.05","23,464,025"
"17-Jun-2020","188.75","194.45","185.80","191.85","11,912,711"
"18-Jun-2020","189.00","194.05","188.00","193.40","8,868,746"
"19-Jun-2020","195.10","197.35","192.70","194.30","18,204,886"
"22-Jun-2020","194.90","199.90","193.00","197.95","11,091,702"
"23-Jun-2020","198.10","203.90","198.10","201.65","14,850,064"
"24-Jun-2020","206.95","207.75","192.35","193.90","19,739,136"
"25-Jun-2020","192.15","197.35","191.00","193.55","9,502,767"
"26-Jun-2020","195.65","197.50","191.55","192.65","6,960,491"
"29-Jun-2020","192.50","192.95","185.65","190.70","7,560,301"
"30-Jun-2020","191.15","195.60","187.80","189.35","11,450,934"
"01-Jul-2020","190.30","193.05","188.55","191.45","8,343,254"
"02-Jul-2020","192.35","195.00","190.05","194.45","9,164,240"
"03-Jul-2020","195.70","196.50","190.50","190.95","6,610,649"
"06-Jul-2020","192.15","195.25","190.50","193.75","10,803,795"
"07-Jul-2020","194.70","194.75","190.25","190.85","6,564,431"
"08-Jul-2020","191.00","202.00","191.00","195.35","22,609,621"
"09-Jul-2020","196.35","202.75","196.10","197.45","14,801,828"
"10-Jul-2020","196.00","196.00","191.00","193.30","10,893,405"
"13-Jul-2020","195.40","199.80","195.25","198.40","11,050,735"
"14-Jul-2020","198.00","198.40","191.65","194.05","7,233,291"
"15-Jul-2020","196.00","199.85","193.40","194.90","9,389,574"
"16-Jul-2020","194.00","201.90","192.60","201.15","13,647,306"
"17-Jul-2020","203.20","211.80","202.65","206.75","23,873,501"
"20-Jul-2020","207.50","208.85","204.00","206.80","6,380,397"
"21-Jul-2020","208.00","210.75","204.15","209.95","5,672,048"
"22-Jul-2020","211.00","214.00","204.10","207.00","9,323,617"
"23-Jul-2020","206.90","210.50","205.45","209.35","5,251,159"
"24-Jul-2020","206.00","211.60","203.25","205.00","8,215,298"
"27-Jul-2020","202.05","208.50","200.10","206.95","10,548,105"
"28-Jul-2020","208.10","215.75","207.45","214.90","9,785,198"
"29-Jul-2020","214.05","220.95","213.85","217.55","11,276,308"
"30-Jul-2020","218.65","221.95","213.15","214.35","6,483,799"
"31-Jul-2020","214.50","221.25","213.30","220.25","7,306,693"
"03-Aug-2020","221.00","225.45","218.65","220.55","9,867,115"
"04-Aug-2020","221.55","229.25","219.15","228.10","9,878,205"
"05-Aug-2020","228.50","236.20","228.15","235.15","11,076,862"
"06-Aug-2020","235.00","239.95","232.50","239.50","10,772,820"
"07-Aug-2020","236.80","241.00","235.80","240.20","6,794,779"
"10-Aug-2020","241.00","246.35","238.55","245.20","6,482,352"
"11-Aug-2020","246.50","255.50","246.30","253.75","15,124,909"
"12-Aug-2020","252.00","257.90","249.05","256.80","8,055,616"
"13-Aug-2020","258.10","264.00","255.85","258.60","14,516,418"
"14-Aug-2020","259.00","267.30","257.55","265.35","13,200,307"
"17-Aug-2020","266.90","271.25","263.20","269.60","10,757,867"
"18-Aug-2020","270.60","279.20","267.35","277.15","10,683,706"
"19-Aug-2020","278.00","279.90","274.20","278.55","10,287,307"
"20-Aug-2020","273.00","284.50","271.15","282.65","11,325,005"
"21-Aug-2020","284.35","288.00","280.35","281.90","10,884,179"
"24-Aug-2020","284.15","287.25","282.60","285.75","9,488,675"
"25-Aug-2020","286.55","287.25","280.15","284.90","7,787,006"
"26-Aug-2020","285.50","286.85","283.15","286.20","5,278,655"
"27-Aug-2020","285.35","290.75","283.80","289.30","5,931,448"
"28-Aug-2020","285.50","289.75","280.05","280.70","11,914,490"
"31-Aug-2020","281.00","281.75","268.45","269.80","19,774,736"
"01-Sep-2020","269.80","288.50","269.05","286.80","13,679,100"
"02-Sep-2020","288.50","294.00","285.05","293.00","11,710,724"
"03-Sep-2020","293.00","295.85","290.85","293.40","6,425,365"
"04-Sep-2020","286.05","291.25","280.55","282.35","8,443,061"
"07-Sep-2020","281.00","287.75","278.85","286.50","8,634,438"
"08-Sep-2020","286.00","288.40","278.40","281.15","7,609,074"
"09-Sep-2020","273.20","288.50","272.45","286.85","14,099,249"
"10-Sep-2020","289.35","290.25","278.45","285.35","9,369,826"
"11-Sep-2020","283.95","289.00","282.70","287.80","6,485,991"
"14-Sep-2020","287.10","293.95","285.60","289.85","7,275,752"
"15-Sep-2020","290.95","294.55","288.75","289.60","6,682,215"
"16-Sep-2020","289.00","291.70","286.30","288.65","6,090,447"
"17-Sep-2020","286.00","288.80","283.15","286.85","5,287,608"
"18-Sep-2020","285.30","293.55","284.45","287.70","9,911,089"
"21-Sep-2020","289.40","290.30","270.05","271.30","7,522,304"
"22-Sep-2020","269.30","275.15","262.70","271.90","13,246,982"
"23-Sep-2020","274.90","274.90","263.65","268.20","8,444,261"
"24-Sep-2020","263.05","264.95","257.55","258.55","7,984,730"
"25-Sep-2020","261.10","270.45","258.80","268.35","6,842,615"
"28-Sep-2020","270.95","278.80","269.15","277.00","5,470,078"
"29-Sep-2020","277.00","286.80","276.05","284.10","11,242,724"
"30-Sep-2020","283.20","284.95","275.00","277.75","6,288,603"
"01-Oct-2020","281.45","286.65","278.25","282.05","4,873,599"
"05-Oct-2020","284.30","292.00","282.45","290.10","9,269,669"
"06-Oct-2020","292.75","295.00","286.70","291.35","9,592,838"
"07-Oct-2020","290.00","293.80","287.20","291.45","8,126,575"
"08-Oct-2020","291.50","298.40","287.65","292.95","11,623,030"
"09-Oct-2020","293.15","298.35","291.05","292.00","7,301,282"
"12-Oct-2020","294.90","294.90","279.35","285.15","10,299,648"
"13-Oct-2020","285.00","291.10","283.95","289.95","7,541,780"
"14-Oct-2020","289.25","292.00","285.50","290.65","6,525,761"
"15-Oct-2020","291.80","297.70","289.20","291.55","10,663,375"
"16-Oct-2020","291.50","312.45","290.75","311.05","19,877,383"
"19-Oct-2020","314.20","318.10","307.70","313.50","18,884,145"
"20-Oct-2020","310.00","319.80","308.60","318.70","10,739,805"
"21-Oct-2020","320.75","324.30","314.75","322.95","11,914,326"
"22-Oct-2020","322.00","327.05","319.50","325.50","8,493,745"
"23-Oct-2020","326.00","327.30","319.90","321.25","7,402,260"
"26-Oct-2020","314.00","315.80","304.35","308.30","15,424,754"
"27-Oct-2020","308.35","312.45","303.15","308.95","7,123,843"
"28-Oct-2020","309.05","315.15","304.00","305.85","8,888,276"
"29-Oct-2020","302.80","308.55","299.60","306.80","6,945,269"
"30-Oct-2020","306.50","312.90","304.00","309.00","7,786,860"
"02-Nov-2020","311.45","312.00","306.55","309.35","7,660,136"
"03-Nov-2020","311.90","316.10","311.00","314.75","5,951,181"
"04-Nov-2020","314.75","318.70","311.75","317.85","7,627,927"
"05-Nov-2020","322.20","328.90","317.70","327.70","6,640,466"
"06-Nov-2020","326.85","330.65","322.30","326.45","6,994,007"
"09-Nov-2020","330.00","334.20","326.25","333.10","6,297,158"
"10-Nov-2020","333.00","337.65","330.35","334.80","6,004,813"
"11-Nov-2020","336.00","344.75","332.00","342.75","9,211,868"
"12-Nov-2020","343.75","344.40","335.00","338.00","5,061,012"
"13-Nov-2020","337.05","344.25","334.25","343.20","5,043,441"
"14-Nov-2020","344.10","344.95","340.10","341.95","975,283"
"17-Nov-2020","343.90","350.50","339.60","340.95","7,389,747"
"18-Nov-2020","338.95","346.00","338.35","342.60","4,844,406"
"19-Nov-2020","339.90","346.35","329.15","331.20","7,370,265"
"20-Nov-2020","332.00","339.00","329.30","336.15","5,918,276"
"23-Nov-2020","338.25","342.30","336.00","337.75","4,559,744"
"24-Nov-2020","338.90","342.25","334.10","340.85","5,014,303"
"25-Nov-2020","343.50","345.90","337.00","338.25","6,195,795"
"26-Nov-2020","338.50","362.20","336.00","359.20","10,967,276"
"27-Nov-2020","361.30","362.00","347.65","350.20","14,338,746"
"01-Dec-2020","354.50","359.00","351.85","358.15","6,475,456"
"02-Dec-2020","357.00","370.75","356.05","368.40","11,048,627"
"03-Dec-2020","370.00","374.30","367.70","370.85","7,385,497"
"04-Dec-2020","373.00","376.20","363.20","370.40","7,570,516"
"07-Dec-2020","370.80","373.20","362.30","365.00","6,085,158"
"08-Dec-2020","366.50","367.20","357.55","362.65","5,311,652"
"09-Dec-2020","368.00","368.25","359.10","361.85","6,923,848"
"10-Dec-2020","362.00","366.45","356.30","362.30","6,429,901"
"11-Dec-2020","363.60","366.70","357.60","359.65","4,518,654"
"14-Dec-2020","363.95","364.90","356.30","357.50","4,927,085"
"15-Dec-2020","358.00","367.00","353.50","365.90","5,978,528"
"16-Dec-2020","370.00","372.50","364.50","370.60","7,762,252"
"17-Dec-2020","369.95","373.35","364.05","366.20","4,501,529"
"18-Dec-2020","368.30","368.95","357.70","364.20","5,666,541"
"21-Dec-2020","361.60","368.40","344.00","353.50","7,345,501"
"22-Dec-2020","353.75","364.00","346.15","361.95","7,273,802"
"23-Dec-2020","361.00","367.70","357.75","366.85","4,499,725"
"24-Dec-2020","367.90","378.95","365.00","366.25","8,104,991"
"28-Dec-2020","369.70","389.00","368.80","386.60","11,720,459"
"29-Dec-2020","389.65","389.65","378.10","381.80","8,144,640"
"30-Dec-2020","382.80","387.90","378.65","386.10","4,637,174"
"31-Dec-2020","385.90","393.90","383.00","387.20","7,375,061"
"01-Jan-2021","387.25","391.50","384.60","389.70","4,461,761"
"04-Jan-2021","392.00","405.10","391.10","403.10","8,872,723"
"05-Jan-2021","400.00","401.00","391.60","395.25","6,190,435"
"06-Jan-2021","397.20","407.35","395.75","401.70","7,910,567"
"07-Jan-2021","404.00","413.10","403.15","405.40","10,231,006"
"08-Jan-2021","410.30","410.45","398.50","402.85","7,559,664"
"11-Jan-2021","402.85","404.95","392.65","399.05","4,822,618"
"12-Jan-2021","398.95","412.95","397.05","399.55","6,708,618"
"13-Jan-2021","401.55","407.40","394.15","402.95","6,885,599"
"14-Jan-2021","404.35","405.65","394.00","396.40","4,886,430"
"15-Jan-2021","398.00","402.55","391.20","394.20","7,329,969"
"18-Jan-2021","393.50","394.00","375.50","383.10","10,605,461"
"19-Jan-2021","386.20","397.75","381.60","395.40","5,842,513"
"20-Jan-2021","395.00","402.90","393.45","400.90","5,604,951"
"21-Jan-2021","402.50","405.00","388.95","393.30","7,085,945"
"22-Jan-2021","396.00","397.45","372.20","375.40","8,779,405"
"25-Jan-2021","388.00","394.95","371.45","382.45","17,874,949"
"27-Jan-2021","380.60","382.00","371.55","376.25","8,576,326"
"28-Jan-2021","371.00","380.85","369.60","376.30","6,969,457"
"29-Jan-2021","382.05","382.55","363.20","366.85","7,981,367"
"01-Feb-2021","366.50","384.40","363.65","380.85","6,141,212"
"02-Feb-2021","384.65","391.70","376.70","389.00","7,450,391"
"03-Feb-2021","386.20","398.45","384.70","392.90","6,063,017"
"04-Feb-2021","392.90","402.00","390.45","400.30","6,283,280"
"05-Feb-2021","403.00","406.60","389.15","402.20","9,008,833"
"08-Feb-2021","404.55","419.25","401.20","417.65","9,008,722"
"09-Feb-2021","417.00","420.00","401.85","406.45","7,961,747"
"10-Feb-2021","410.00","413.95","400.00","410.75","8,008,124"
"11-Feb-2021","408.20","415.50","404.95","408.85","3,598,146"
"12-Feb-2021","407.85","410.90","402.60","403.80","4,667,663"
"15-Feb-2021","405.10","407.85","401.00","403.70","4,678,133"
"16-Feb-2021","403.70","421.90","403.70","407.65","10,594,928"
"17-Feb-2021","406.35","411.00","401.00","408.70","5,486,323"
"18-Feb-2021","410.00","414.75","406.00","407.65","5,889,983"
"19-Feb-2021","408.10","408.40","390.95","395.65","4,527,644"
"22-Feb-2021","396.15","413.85","396.15","406.10","9,371,697"
"23-Feb-2021","410.00","416.20","406.10","412.60","8,127,742"
"24-Feb-2021","415.00","426.60","400.00","408.10","10,570,509"
"25-Feb-2021","411.00","425.00","410.00","421.75","9,051,315"
"26-Feb-2021","412.05","421.30","392.05","395.45","11,433,748"
"01-Mar-2021","402.60","408.45","393.35","405.10","5,834,233"
"02-Mar-2021","406.80","414.95","401.00","413.30","5,055,665"
"03-Mar-2021","415.30","435.00","415.30","428.15","11,903,775"
"04-Mar-2021","415.10","421.40","411.05","414.10","8,655,068"
"05-Mar-2021","414.10","414.10","402.50","406.40","7,045,618"
"08-Mar-2021","411.95","415.50","406.50","407.85","4,176,709"
"09-Mar-2021","412.00","414.75","396.80","401.60","5,477,847"
"10-Mar-2021","406.55","415.30","403.50","414.00","6,536,253"
"12-Mar-2021","418.15","428.45","414.00","418.75","13,448,994"
"15-Mar-2021","422.90","431.75","414.90","429.65","10,146,579"
"16-Mar-2021","433.95","433.95","419.35","425.95","8,103,798"
"17-Mar-2021","425.95","425.95","417.50","422.50","4,738,590"
"18-Mar-2021","427.00","432.65","420.10","423.15","6,837,030"
"19-Mar-2021","420.10","446.30","410.00","440.55","11,116,495"
"22-Mar-2021","441.00","449.00","436.80","445.30","7,010,923"
"23-Mar-2021","445.00","447.25","439.50","441.80","5,066,287"
"24-Mar-2021","437.00","443.15","431.60","437.35","7,803,892"
"25-Mar-2021","437.05","442.20","428.50","438.00","10,870,751"
"26-Mar-2021","443.60","452.25","436.20","445.20","12,165,673"
"30-Mar-2021","455.00","470.20","452.20","467.45","17,646,211"
"31-Mar-2021","467.35","473.80","461.30","468.45","7,635,784"
"01-Apr-2021","470.55","512.95","470.00","508.75","35,736,230"
"05-Apr-2021","513.50","522.00","503.20","517.50","29,711,225"
"06-Apr-2021","523.00","541.30","520.65","537.45","26,533,367"
"07-Apr-2021","539.25","566.45","533.20","562.30","20,024,702"
"08-Apr-2021","572.00","639.00","563.25","614.10","72,006,147"
"09-Apr-2021","618.00","630.85","598.00","621.00","51,062,079"
"12-Apr-2021","609.00","621.75","597.40","604.15","27,047,004"
"13-Apr-2021","607.00","632.80","604.00","630.35","26,091,257"
"15-Apr-2021","638.00","644.00","616.00","629.10","24,006,650"
"16-Apr-2021","631.90","635.90","616.95","619.40","14,389,029"
"19-Apr-2021","600.00","625.50","595.10","615.80","17,044,636"
"20-Apr-2021","622.80","630.00","613.40","620.60","13,626,064"
"22-Apr-2021","615.70","651.00","611.60","640.75","22,859,059"
"23-Apr-2021","641.00","652.80","625.85","635.40","17,931,094"
"26-Apr-2021","642.00","660.70","638.25","655.80","16,506,538"
"27-Apr-2021","660.65","670.35","658.00","665.90","15,799,458"
"28-Apr-2021","669.75","676.00","650.65","662.65","15,558,949"
"29-Apr-2021","672.00","728.90","668.05","726.50","56,816,962"
"30-Apr-2021","719.60","740.00","711.45","717.85","36,449,711"
"03-May-2021","714.00","730.00","710.60","723.25","16,906,171"
"04-May-2021","727.95","737.50","711.25","715.40","13,790,054"
"05-May-2021","723.00","733.00","713.10","717.70","12,284,261"
"06-May-2021","721.30","742.00","718.00","729.80","18,365,325"
"07-May-2021","738.00","766.70","736.75","756.95","26,586,556"
"10-May-2021","765.90","773.00","756.05","758.65","15,105,182"
"11-May-2021","741.00","754.80","730.55","734.25","16,277,517"
"12-May-2021","740.00","741.90","700.00","707.90","14,410,802"
"14-May-2021","709.95","721.50","679.05","707.10","26,344,309"
"17-May-2021","707.90","722.40","694.05","714.40","12,706,884"
"18-May-2021","723.85","731.10","711.85","717.45","9,477,286"
"19-May-2021","713.05","720.35","704.10","705.85","6,562,006"
"20-May-2021","698.00","703.40","683.20","694.50","10,104,850"
"21-May-2021","701.35","705.90","695.00","698.20","7,340,528"
"24-May-2021","697.00","697.00","671.90","681.45","22,332,409"
"25-May-2021","689.00","714.50","688.05","700.80","22,058,890"
"26-May-2021","686.30","691.00","673.55","682.20","18,721,303"
"27-May-2021","684.90","694.35","678.00","681.85","15,110,958"
"28-May-2021","697.80","708.80","686.20","689.80","12,698,590"
"31-May-2021","694.00","714.20","685.95","710.90","11,685,565"
"01-Jun-2021","716.50","716.95","687.50","694.50","14,156,453"
"02-Jun-2021","697.00","709.05","696.55","706.05","9,653,111"
"03-Jun-2021","710.00","720.85","703.05","714.10","8,329,454"
"04-Jun-2021","708.05","726.00","703.05","721.20","9,653,847"
"07-Jun-2021","722.60","730.75","712.80","715.75","6,872,666"
"08-Jun-2021","714.30","714.30","692.00","707.50","8,230,750"
"09-Jun-2021","705.00","713.35","693.55","697.85","6,922,786"
"10-Jun-2021","701.30","719.00","700.00","705.80","8,543,092"
"11-Jun-2021","714.00","734.10","704.75","731.20","11,372,473"
"14-Jun-2021","732.65","737.20","714.65","729.15","10,470,356"
"15-Jun-2021","728.00","732.40","717.00","725.10","5,124,845"
"16-Jun-2021","720.00","728.90","703.55","705.40","9,016,464"
"17-Jun-2021","702.10","711.00","693.45","696.35","5,639,158"
"18-Jun-2021","695.50","696.40","656.10","670.60","13,505,600"
"21-Jun-2021","656.90","676.30","646.15","672.95","8,187,341"
"22-Jun-2021","676.00","682.50","673.25","675.25","5,398,107"
"23-Jun-2021","679.00","685.00","664.15","665.50","6,059,813"
"24-Jun-2021","669.60","681.50","664.90","679.00","6,985,183"
"25-Jun-2021","685.00","702.35","685.00","689.50","9,066,409"
"28-Jun-2021","692.90","701.35","682.75","695.35","5,669,654"
"29-Jun-2021","695.00","696.50","683.60","685.90","4,377,422"
"30-Jun-2021","687.05","698.00","682.65","683.90","6,112,824"
"01-Jul-2021","687.80","690.00","679.60","680.55","4,133,198"
"02-Jul-2021","681.05","682.95","667.50","671.30","5,499,982"
"05-Jul-2021","673.00","675.00","664.45","672.75","5,427,717"
"06-Jul-2021","672.75","681.70","669.45","673.15","4,790,854"
"07-Jul-2021","671.80","694.00","669.00","690.40","8,536,360"
"08-Jul-2021","688.00","691.45","666.65","668.25","7,099,529"
"09-Jul-2021","671.00","683.60","670.00","681.55","7,814,242"
"12-Jul-2021","685.00","703.75","680.85","694.45","11,632,489"
"13-Jul-2021","698.00","703.50","694.00","701.40","6,832,695"
"14-Jul-2021","704.00","705.85","694.20","700.40","5,996,797"
"15-Jul-2021","700.00","707.95","696.05","699.10","4,735,495"
"16-Jul-2021","703.50","707.00","700.70","703.60","3,590,287"
"19-Jul-2021","697.00","712.35","694.00","698.40","5,377,227"
"20-Jul-2021","697.65","698.00","675.40","682.00","5,829,609"
"22-Jul-2021","689.90","722.60","689.05","716.55","9,472,817"
"23-Jul-2021","726.90","727.00","712.00","717.55","8,731,309"
"26-Jul-2021","729.50","729.50","701.00","704.55","14,645,713"
"27-Jul-2021","709.85","717.90","703.30","710.65","6,840,353"
"28-Jul-2021","712.00","725.40","701.45","721.70","8,329,455"
"29-Jul-2021","725.50","758.10","723.05","748.40","18,513,875"
"30-Jul-2021","746.15","757.85","733.55","736.95","9,971,622"
"02-Aug-2021","741.40","751.45","733.50","746.70","6,971,560"
"03-Aug-2021","746.00","746.00","728.40","740.30","6,939,253"
"04-Aug-2021","741.00","754.00","736.40","747.25","6,680,733"
"05-Aug-2021","747.25","765.40","740.50","763.25","8,613,347"
"06-Aug-2021","767.50","776.50","755.70","757.35","8,973,665"
"09-Aug-2021","761.85","762.50","742.45","747.35","5,119,564"
"10-Aug-2021","748.90","750.00","719.60","722.15","6,382,357"
"11-Aug-2021","727.00","752.00","727.00","749.10","11,909,486"
"12-Aug-2021","753.05","754.30","741.40","748.90","3,506,281"
"13-Aug-2021","746.90","757.55","732.40","749.05","5,611,264"
"16-Aug-2021","745.00","770.60","739.20","761.65","9,095,337"
"17-Aug-2021","758.60","762.45","735.85","744.25","6,482,187"
"18-Aug-2021","748.00","748.90","732.90","737.45","5,905,871"
"20-Aug-2021","722.00","722.00","681.50","684.60","13,126,219"
"23-Aug-2021","696.00","700.70","664.00","684.20","11,781,361"
"24-Aug-2021","690.10","697.00","683.00","691.65","8,283,854"
"25-Aug-2021","696.00","701.00","680.00","683.85","5,539,409"
"26-Aug-2021","683.00","685.00","669.30","672.00","5,659,963"
"27-Aug-2021","672.90","681.40","671.75","677.50","4,978,277"
"30-Aug-2021","683.05","694.00","683.05","686.55","5,891,576"
"31-Aug-2021","688.25","692.45","680.45","687.60","5,399,215"
"01-Sep-2021","688.00","689.00","675.00","676.65","4,316,801"
"02-Sep-2021","681.05","689.00","678.00","685.05","3,635,439"
"03-Sep-2021","686.10","695.25","682.40","690.90","4,145,359"
"06-Sep-2021","697.00","697.00","681.60","686.65","5,179,490"
"07-Sep-2021","689.45","697.80","682.50","683.80","3,555,927"
"08-Sep-2021","684.00","691.50","681.70","687.05","3,288,571"
"09-Sep-2021","683.85","691.50","683.05","688.95","2,381,494"
"13-Sep-2021","693.25","700.00","687.50","694.40","3,778,975"
"14-Sep-2021","696.40","702.00","692.25","693.65","3,185,808"
"15-Sep-2021","697.00","698.00","687.05","696.65","2,871,538"
"16-Sep-2021","700.05","700.95","688.00","689.45","3,372,499"
"17-Sep-2021","692.00","692.00","668.70","682.30","7,804,735"
"20-Sep-2021","669.90","669.90","628.10","633.20","10,340,874"
"21-Sep-2021","633.25","672.00","628.70","668.95","14,289,169"
"22-Sep-2021","671.80","683.40","666.20","678.55","8,147,214"
"23-Sep-2021","685.30","687.25","674.10","677.25","4,039,612"
"24-Sep-2021","677.25","679.00","650.75","659.15","7,363,339"
"27-Sep-2021","660.45","663.75","646.30","648.65","5,889,365"
"28-Sep-2021","650.00","667.90","648.10","660.85","4,735,779"
"29-Sep-2021","658.90","684.30","653.60","679.80","7,345,149"
"30-Sep-2021","683.20","683.20","666.35","668.30","4,934,499"
"01-Oct-2021","660.00","686.70","658.90","674.25","5,193,048"
"04-Oct-2021","674.50","686.80","662.10","681.15","5,617,530"
"05-Oct-2021","681.15","690.85","677.15","679.35","4,186,464"
"06-Oct-2021","680.00","684.00","655.55","659.25","5,994,344"
"07-Oct-2021","666.00","670.00","659.00","666.55","3,042,177"
"08-Oct-2021","670.05","683.00","664.50","665.85","3,826,818"
"11-Oct-2021","671.05","678.00","666.70","672.40","2,257,738"
"12-Oct-2021","672.40","681.00","665.40","673.75","2,930,894"
"13-Oct-2021","673.80","692.00","671.00","681.45","5,601,758"
"14-Oct-2021","690.00","699.00","682.95","692.85","4,751,065"
"18-Oct-2021","695.50","727.30","695.50","715.80","9,493,244"
"19-Oct-2021","722.50","722.50","688.45","691.55","4,164,143"
"20-Oct-2021","692.00","695.70","675.40","685.15","3,256,699"
"21-Oct-2021","691.35","693.95","655.10","674.10","5,811,087"
"22-Oct-2021","676.00","690.00","658.05","667.80","10,162,556"
"25-Oct-2021","670.00","678.00","653.05","674.25","3,987,950"
"26-Oct-2021","678.70","697.45","674.50","694.35","4,238,644"
"27-Oct-2021","694.35","699.50","682.10","684.90","3,330,934"
"28-Oct-2021","682.90","684.40","664.05","667.45","3,080,237"
"29-Oct-2021","670.00","684.80","663.00","669.15","3,612,552"
"01-Nov-2021","680.00","690.75","672.50","688.95","3,234,840"
"02-Nov-2021","693.40","693.40","671.50","672.85","3,204,544"
"03-Nov-2021","677.45","683.55","673.55","680.25","2,265,795"
"04-Nov-2021","680.95","685.00","677.15","678.65","352,700"
"08-Nov-2021","683.00","687.95","668.05","685.85","2,919,045"
"09-Nov-2021","686.00","691.35","675.15","676.65","2,494,969"
"10-Nov-2021","675.00","676.05","652.20","662.40","6,871,348"
"11-Nov-2021","662.40","669.85","660.25","667.40","3,868,489"
"12-Nov-2021","672.05","675.75","663.35","671.35","2,542,949"
"15-Nov-2021","675.00","675.05","658.05","661.50","3,143,670"
"16-Nov-2021","658.00","674.00","655.70","664.90","2,795,558"
"17-Nov-2021","660.30","671.70","658.60","662.35","2,882,577"
"18-Nov-2021","663.00","666.90","643.00","650.55","4,010,171"
"22-Nov-2021","654.95","663.50","645.05","657.00","3,944,981"
"23-Nov-2021","657.10","689.70","657.10","683.30","9,033,812"
"24-Nov-2021","683.30","696.00","670.00","683.25","4,374,307"
"25-Nov-2021","683.25","687.80","674.20","680.90","2,850,008"
"26-Nov-2021","668.25","672.55","624.25","628.65","8,921,840"
"29-Nov-2021","631.70","637.80","618.10","625.60","4,230,776"
"30-Nov-2021","621.50","632.60","604.30","608.40","6,606,473"
"01-Dec-2021","614.95","639.80","614.00","637.20","6,580,138"
"02-Dec-2021","638.00","648.75","630.80","646.75","4,017,457"
"03-Dec-2021","637.00","654.85","637.00","644.55","4,885,753"
"06-Dec-2021","644.70","661.00","636.75","642.85","13,699,768"
"07-Dec-2021","648.95","663.65","647.15","660.65","12,896,360"
"08-Dec-2021","665.55","676.00","660.15","672.95","9,676,621"
"09-Dec-2021","676.00","678.35","661.05","674.10","9,692,290"
"10-Dec-2021","670.00","681.45","670.00","679.55","2,430,834"
"13-Dec-2021","682.00","692.95","667.60","670.55","4,149,735"
"14-Dec-2021","665.55","676.00","661.25","670.30","2,942,047"
"15-Dec-2021","670.30","677.65","656.60","658.50","4,724,542"
"16-Dec-2021","665.00","666.20","653.50","662.15","2,474,595"
"17-Dec-2021","662.15","665.00","653.05","660.25","3,003,978"
"20-Dec-2021","650.10","656.00","630.50","642.60","4,070,706"
"21-Dec-2021","647.00","666.00","645.40","658.30","3,127,861"
"22-Dec-2021","663.15","666.15","657.65","661.00","1,273,217"
"23-Dec-2021","665.80","670.90","647.20","650.25","2,971,327"
"24-Dec-2021","652.05","655.45","639.30","651.30","3,973,912"
"27-Dec-2021","648.00","654.80","643.15","653.05","1,838,919"
"28-Dec-2021","655.05","661.40","652.45","657.35","2,232,852"
"29-Dec-2021","655.10","657.20","644.95","655.90","3,014,867"
"30-Dec-2021","656.00","659.40","643.55","645.80","3,713,255"
"31-Dec-2021","647.80","665.00","647.30","655.95","2,499,623"
"03-Jan-2022","655.95","671.00","654.70","667.05","2,383,218"
"04-Jan-2022","670.00","673.90","663.40","670.40","1,999,008"
"05-Jan-2022","668.10","697.00","666.35","694.50","6,342,812"
"06-Jan-2022","692.00","692.50","672.20","673.95","4,714,784"
"07-Jan-2022","676.00","679.00","667.50","672.85","2,862,614"
"10-Jan-2022","677.90","679.50","670.00","672.10","1,841,965"
"11-Jan-2022","664.00","668.55","643.25","645.70","6,912,370"
"12-Jan-2022","652.00","659.20","649.00","657.05","5,343,630"
"13-Jan-2022","659.00","691.55","657.25","687.85","7,202,966"
"14-Jan-2022","679.90","689.55","677.25","682.70","2,054,419"
"17-Jan-2022","682.00","704.85","675.40","699.40","5,920,282"
"18-Jan-2022","703.35","704.55","677.55","680.20","3,450,193"
"19-Jan-2022","681.00","689.25","660.00","674.65","4,889,920"
"20-Jan-2022","679.00","686.00","672.40","682.50","2,862,609"
"21-Jan-2022","678.90","680.00","662.15","666.25","3,836,844"
"24-Jan-2022","656.50","657.00","618.00","621.80","7,296,421"
"25-Jan-2022","620.00","640.60","612.60","631.15","5,007,835"
"27-Jan-2022","619.00","632.15","612.05","626.10","4,760,551"
"28-Jan-2022","631.00","645.90","625.55","628.05","3,719,102"
"31-Jan-2022","636.00","639.00","628.00","628.95","2,892,647"
"01-Feb-2022","633.95","658.85","628.00","654.30","5,150,345"
"02-Feb-2022","660.00","663.80","652.20","659.85","2,562,721"
"03-Feb-2022","657.00","667.40","650.00","653.15","2,456,228"
"04-Feb-2022","647.00","665.90","647.00","657.35","3,284,062"
"07-Feb-2022","659.40","666.65","645.60","651.15","2,768,417"
"08-Feb-2022","655.60","662.90","644.25","660.10","3,184,065"
"09-Feb-2022","662.85","666.60","657.85","663.05","2,200,828"
"10-Feb-2022","666.20","678.00","664.10","672.55","4,284,880"
"11-Feb-2022","668.95","675.00","659.65","671.40","3,122,555"
"14-Feb-2022","656.30","665.00","604.30","626.55","6,491,576"
"15-Feb-2022","635.85","643.45","617.10","640.65","4,001,839"
"16-Feb-2022","641.15","646.15","635.00","638.00","1,939,683"
"17-Feb-2022","641.80","649.45","634.40","638.20","2,382,178"
"18-Feb-2022","635.20","642.50","631.15","632.85","1,458,069"
"21-Feb-2022","631.90","635.00","621.25","623.10","1,857,572"
"22-Feb-2022","611.00","624.70","602.50","622.00","3,353,278"
"23-Feb-2022","624.50","627.95","612.85","614.70","2,339,927"
"24-Feb-2022","599.00","604.50","566.00","569.35","5,487,481"
"25-Feb-2022","576.15","605.95","576.15","598.60","4,524,909"
"28-Feb-2022","591.50","629.80","590.20","627.45","7,142,843"
"02-Mar-2022","625.00","654.00","622.15","644.60","8,894,940"
"03-Mar-2022","650.50","662.50","649.30","654.70","5,940,599"
"04-Mar-2022","654.70","660.40","628.70","631.95","7,605,400"
"07-Mar-2022","630.00","643.00","622.50","637.15","5,507,113"
"08-Mar-2022","639.95","639.95","613.10","629.85","5,422,987"
"09-Mar-2022","629.00","634.25","618.00","627.15","3,784,214"
"10-Mar-2022","632.00","652.15","624.00","650.75","5,201,836"
"11-Mar-2022","648.50","673.00","647.20","669.75","8,172,290"
"14-Mar-2022","667.00","673.00","658.60","664.85","2,529,995"
"15-Mar-2022","659.00","660.80","635.00","641.15","4,754,984"
"16-Mar-2022","648.65","662.75","647.50","655.25","3,150,421"
"17-Mar-2022","662.00","692.95","660.35","685.10","9,991,824"
"21-Mar-2022","689.70","699.00","679.00","681.30","4,609,771"
"22-Mar-2022","678.85","699.90","677.45","696.50","4,811,589"
"23-Mar-2022","702.90","710.00","692.25","704.40","8,964,532"
"24-Mar-2022","704.50","719.50","704.20","715.10","6,069,039"
"25-Mar-2022","718.00","726.50","710.25","721.35","16,121,868"
"28-Mar-2022","722.00","731.45","718.15","730.10","8,935,680"
"29-Mar-2022","731.50","764.75","726.65","753.90","7,285,191"
"30-Mar-2022","750.00","750.70","714.95","717.55","5,994,838"
"31-Mar-2022","724.00","737.50","720.55","732.65","5,946,576"
"01-Apr-2022","735.00","749.95","728.50","732.20","5,079,937"
"04-Apr-2022","732.50","738.00","726.80","732.70","4,901,374"
"05-Apr-2022","737.90","746.00","730.15","733.45","3,524,949"
"06-Apr-2022","730.50","746.50","729.80","737.40","4,111,360"
"07-Apr-2022","735.00","742.75","725.75","728.05","2,954,985"
"08-Apr-2022","734.45","762.05","731.20","756.60","8,125,253"
"11-Apr-2022","756.00","775.00","756.00","767.40","7,926,472"
"12-Apr-2022","769.40","773.75","738.15","755.90","8,595,936"
"13-Apr-2022","760.00","781.10","760.00","766.35","6,722,613"
"18-Apr-2022","764.00","775.85","758.40","767.85","5,866,740"
"19-Apr-2022","772.70","790.00","736.10","746.40","7,301,285"
"20-Apr-2022","758.00","758.00","732.50","738.85","4,679,947"
"21-Apr-2022","744.00","747.25","725.50","734.20","3,995,936"
"22-Apr-2022","730.00","737.00","722.05","723.40","2,244,262"
"25-Apr-2022","711.00","719.50","695.25","715.70","4,935,672"
"26-Apr-2022","722.35","724.30","713.05","721.20","3,260,695"
"27-Apr-2022","713.00","734.20","711.00","720.60","3,391,522"
"28-Apr-2022","729.85","734.25","722.65","729.10","4,079,934"
"29-Apr-2022","731.10","740.00","723.30","727.15","3,622,889"
"02-May-2022","720.00","734.20","709.05","731.95","2,802,163"
"04-May-2022","734.00","736.00","708.05","711.55","3,011,231"
"05-May-2022","720.00","726.40","705.10","707.75","3,131,221"
"06-May-2022","695.40","700.90","680.65","690.40","3,930,624"
"09-May-2022","681.00","686.10","668.10","678.35","3,380,947"
"10-May-2022","674.00","677.00","643.10","645.30","4,293,241"
"11-May-2022","644.50","658.00","635.35","648.95","4,158,341"
"12-May-2022","647.70","651.55","620.00","624.80","4,123,927"
"13-May-2022","634.05","637.00","594.15","600.45","5,567,335"
"16-May-2022","616.00","626.70","599.05","602.30","4,641,172"
"17-May-2022","610.00","645.80","609.15","641.85","6,309,092"
"18-May-2022","642.95","644.90","628.00","631.05","4,941,565"
"19-May-2022","619.00","624.95","592.05","600.20","5,816,509"
"20-May-2022","621.00","634.30","616.70","631.10","6,187,868"
"23-May-2022","594.00","594.00","537.50","547.55","17,554,373"
"24-May-2022","548.95","556.40","537.25","539.70","7,517,949"
"25-May-2022","541.90","545.00","521.00","528.45","4,725,882"
"26-May-2022","530.50","555.70","520.05","551.70","8,178,844"
"27-May-2022","558.00","561.30","539.40","548.40","5,193,961"
"30-May-2022","530.00","544.75","525.60","538.85","12,211,769"
"31-May-2022","537.60","558.30","532.20","551.25","20,152,169"
"01-Jun-2022","554.05","572.35","549.20","569.50","8,495,547"
"02-Jun-2022","570.90","575.00","557.65","573.40","7,010,273"
"03-Jun-2022","576.00","581.95","559.55","562.45","6,367,536"
"06-Jun-2022","553.00","583.25","553.00","579.00","10,383,944"
"07-Jun-2022","575.00","579.45","567.10","572.10","3,735,461"
"08-Jun-2022","573.60","583.00","572.20","576.15","4,138,705"
"09-Jun-2022","570.00","575.70","564.00","572.20","3,922,515"
"10-Jun-2022","565.00","574.00","561.35","572.50","3,374,125"
"13-Jun-2022","563.10","567.95","555.00","564.00","4,071,346"
"14-Jun-2022","562.80","576.80","560.15","561.90","3,413,396"
"15-Jun-2022","562.10","569.00","557.05","563.00","3,803,101"
"16-Jun-2022","571.50","571.50","544.45","545.85","4,899,759"
"17-Jun-2022","540.10","561.70","539.70","554.60","6,776,372"
"20-Jun-2022","550.60","554.60","536.10","550.35","5,614,520"
"21-Jun-2022","556.00","580.80","552.70","576.20","4,657,829"
"22-Jun-2022","567.25","569.90","542.50","550.40","8,511,658"
"23-Jun-2022","550.00","565.50","548.00","558.95","5,037,690"
"24-Jun-2022","561.70","572.90","560.25","567.80","3,406,061"
"27-Jun-2022","575.70","588.50","570.05","571.65","6,550,599"
"28-Jun-2022","573.45","580.55","568.00","578.40","4,285,360"
"29-Jun-2022","573.50","581.15","569.15","576.05","3,334,027"
"30-Jun-2022","577.00","582.80","556.20","564.50","5,646,362"
"01-Jul-2022","556.55","580.50","556.55","578.85","3,737,790"
"04-Jul-2022","562.10","568.75","544.20","551.50","6,026,463"
"05-Jul-2022","555.50","564.00","550.60","552.65","3,562,565"
"06-Jul-2022","548.00","557.30","541.00","554.55","3,281,658"
"07-Jul-2022","560.55","578.00","551.60","574.60","4,952,962"
"08-Jul-2022","580.00","581.10","562.55","566.20","3,313,755"
"11-Jul-2022","564.00","591.35","561.10","577.30","4,900,994"
"12-Jul-2022","573.90","581.45","563.50","574.45","3,425,619"
"13-Jul-2022","575.55","593.75","574.60","588.60","4,569,908"
"14-Jul-2022","589.00","591.45","574.25","584.00","4,660,656"
"15-Jul-2022","582.00","584.00","569.35","576.40","3,051,005"
"18-Jul-2022","582.90","592.00","578.00","585.95","3,583,550"
"19-Jul-2022","580.85","589.60","577.40","584.85","3,586,372"
"20-Jul-2022","595.50","599.95","587.00","590.35","4,550,328"
"21-Jul-2022","589.90","595.90","585.05","587.55","3,773,423"
"22-Jul-2022","588.00","592.55","579.20","582.45","4,351,458"
"25-Jul-2022","573.50","588.40","573.50","585.50","5,783,353"
"26-Jul-2022","584.00","599.65","581.60","597.75","6,031,921"
"27-Jul-2022","596.00","603.80","590.00","602.70","2,913,380"
"28-Jul-2022","605.10","626.95","603.05","616.70","5,104,503"
"29-Jul-2022","623.00","637.95","620.55","629.60","4,732,970"
"01-Aug-2022","634.60","641.00","628.25","639.20","3,055,387"
"02-Aug-2022","637.75","649.95","626.30","648.70","3,053,206"
"03-Aug-2022","650.00","660.80","645.00","652.80","4,446,383"
"04-Aug-2022","652.90","673.45","652.90","664.35","4,705,675"
"05-Aug-2022","665.10","674.00","665.00","667.15","2,455,459"
"08-Aug-2022","670.50","676.00","662.45","669.20","2,446,698"
"10-Aug-2022","672.55","674.80","660.00","670.10","3,252,353"
"11-Aug-2022","673.10","678.30","669.45","673.60","3,480,693"
"12-Aug-2022","673.60","685.00","673.00","678.20","3,476,671"
"16-Aug-2022","678.00","680.90","670.40","673.85","2,747,244"
"17-Aug-2022","672.55","676.45","668.40","672.60","2,349,839"
"18-Aug-2022","670.00","677.75","668.90","673.40","1,806,855"
"19-Aug-2022","676.80","676.80","663.10","664.55","1,961,510"
"22-Aug-2022","660.90","663.10","641.00","642.95","2,303,053"
"23-Aug-2022","642.00","655.00","636.70","652.85","1,751,341"
"24-Aug-2022","654.50","657.30","647.00","651.50","1,781,643"
"25-Aug-2022","654.00","659.85","647.05","648.70","1,525,852"
"26-Aug-2022","656.00","670.55","654.00","667.00","3,070,661"
"29-Aug-2022","654.00","659.95","642.60","649.60","2,728,484"
"30-Aug-2022","652.85","668.00","651.50","666.90","2,321,586"
"01-Sep-2022","655.00","669.80","653.25","661.60","2,472,832"
"02-Sep-2022","660.00","669.00","654.00","661.40","2,022,058"
"05-Sep-2022","662.00","683.55","662.00","681.95","4,930,594"
"06-Sep-2022","682.00","687.00","678.50","684.55","3,295,941"
"07-Sep-2022","678.00","687.75","675.80","684.60","2,310,672"
"08-Sep-2022","687.00","691.10","679.30","685.35","1,889,770"
"09-Sep-2022","687.00","701.75","685.10","686.95","3,953,738"
"12-Sep-2022","687.30","694.40","681.45","686.55","2,582,240"
"13-Sep-2022","690.00","697.95","686.60","691.05","2,094,822"
"14-Sep-2022","685.00","701.80","682.00","692.85","2,755,630"
"15-Sep-2022","692.10","698.00","684.50","689.65","2,887,795"
"16-Sep-2022","685.00","694.50","679.00","685.85","4,073,365"
"19-Sep-2022","682.00","691.50","675.35","679.95","1,708,723"
"20-Sep-2022","683.35","698.25","682.05","689.00","1,802,967"
"21-Sep-2022","685.20","692.50","682.00","684.85","1,806,929"
"22-Sep-2022","681.00","687.00","674.00","679.35","1,504,203"
"23-Sep-2022","681.50","686.95","667.00","669.00","1,558,314"
"26-Sep-2022","659.20","661.95","638.00","646.15","2,192,702"
"27-Sep-2022","649.40","650.95","633.00","637.00","2,512,782"
"28-Sep-2022","629.10","632.50","615.00","616.50","2,164,186"
"29-Sep-2022","620.50","628.00","617.05","618.25","3,577,828"
"30-Sep-2022","621.00","633.95","614.20","631.65","1,588,501"
"03-Oct-2022","631.00","631.00","621.25","623.55","1,285,991"
"04-Oct-2022","633.80","645.00","632.15","643.20","1,384,242"
"06-Oct-2022","648.40","678.00","648.40","674.45","3,704,140"
"07-Oct-2022","671.40","673.00","659.55","666.05","1,601,796"
"10-Oct-2022","655.65","668.00","654.50","666.00","1,089,870"
"11-Oct-2022","669.35","669.35","640.00","642.75","1,644,047"
"12-Oct-2022","646.00","653.75","638.20","651.10","1,530,483"
"13-Oct-2022","652.50","656.00","641.70","648.35","938,662"
"14-Oct-2022","658.00","659.50","639.00","640.25","1,386,827"
"17-Oct-2022","633.15","636.25","624.00","631.45","2,281,559"
"18-Oct-2022","634.60","638.50","631.15","636.75","1,809,430"
"19-Oct-2022","639.95","639.95","625.00","625.90","2,157,157"
"20-Oct-2022","618.60","630.00","615.00","628.40","2,686,775"
"21-Oct-2022","630.10","630.50","616.50","622.05","2,547,197"
"24-Oct-2022","622.00","633.95","620.55","629.60","834,558"
"25-Oct-2022","624.20","650.95","624.20","644.35","4,787,246"
"27-Oct-2022","650.00","683.00","648.00","679.60","8,328,955"
"28-Oct-2022","676.60","678.45","663.45","670.40","2,500,826"
"31-Oct-2022","672.00","676.45","669.05","673.95","1,380,329"
"01-Nov-2022","670.00","688.25","670.00","686.35","2,846,573"
"02-Nov-2022","685.00","693.95","682.30","684.20","1,912,908"
"03-Nov-2022","678.70","688.00","677.95","680.20","1,639,039"
"04-Nov-2022","683.20","703.95","682.35","701.75","3,624,889"
"07-Nov-2022","705.30","715.45","700.00","710.00","3,121,786"
"09-Nov-2022","716.00","716.20","703.05","706.55","1,632,827"
"10-Nov-2022","699.80","705.70","697.20","701.05","932,886"
"11-Nov-2022","706.00","721.95","705.15","719.00","2,607,860"
"14-Nov-2022","722.60","731.40","716.65","719.40","2,089,880"
"15-Nov-2022","720.40","724.85","712.80","722.35","1,065,114"
"16-Nov-2022","720.50","721.95","704.00","708.25","1,395,043"
"17-Nov-2022","705.00","712.95","697.55","708.60","1,391,449"
"18-Nov-2022","710.00","711.60","701.20","708.20","893,816"
"21-Nov-2022","720.00","722.85","692.65","696.55","3,360,316"
"22-Nov-2022","696.50","709.90","691.00","708.25","2,421,572"
"23-Nov-2022","710.10","722.00","708.00","720.55","1,735,389"
"24-Nov-2022","722.00","728.45","717.10","725.95","1,654,760"
"25-Nov-2022","722.00","728.60","720.10","726.20","1,466,688"
"28-Nov-2022","718.50","724.75","710.00","715.65","2,418,509"
"29-Nov-2022","714.50","735.90","713.85","732.55","3,306,817"
"30-Nov-2022","734.10","745.65","731.10","743.40","3,962,572"
"01-Dec-2022","747.15","752.95","743.10","746.30","1,942,307"
"02-Dec-2022","746.65","751.30","740.55","743.05","1,392,199"
"05-Dec-2022","746.45","759.00","746.00","756.60","2,129,340"
"06-Dec-2022","754.95","755.75","740.20","746.75","1,468,238"
"07-Dec-2022","747.05","751.00","736.25","738.15","1,162,282"
"08-Dec-2022","738.15","746.70","736.05","744.70","1,053,397"
"09-Dec-2022","748.45","750.80","738.20","740.40","1,338,271"
"12-Dec-2022","738.00","742.00","727.50","740.85","1,224,081"
"13-Dec-2022","744.50","746.00","735.65","744.25","1,201,367"
"14-Dec-2022","747.95","759.65","745.85","757.95","1,471,083"
"15-Dec-2022","756.00","762.90","741.00","743.35","1,690,335"
"16-Dec-2022","739.80","747.55","735.00","743.45","1,498,658"
"19-Dec-2022","742.00","750.80","739.75","749.45","944,749"
"20-Dec-2022","740.45","747.15","733.10","745.80","1,512,103"
"21-Dec-2022","750.00","752.95","739.65","743.10","1,605,753"
"22-Dec-2022","743.10","749.00","734.45","737.55","1,403,642"
"23-Dec-2022","729.95","736.55","722.40","727.85","1,687,270"
"26-Dec-2022","727.55","737.35","723.25","732.20","1,168,456"
"27-Dec-2022","735.90","769.30","734.45","764.95","4,992,699"
"28-Dec-2022","761.00","767.10","757.15","761.70","1,917,734"
"29-Dec-2022","756.00","771.45","752.50","769.40","2,103,907"
"30-Dec-2022","773.00","777.50","765.25","768.05","2,190,914"
"02-Jan-2023","771.90","783.50","766.15","775.30","3,360,043"
"03-Jan-2023","776.15","776.50","763.60","767.90","1,635,681"
"04-Jan-2023","766.40","767.65","734.55","736.30","2,819,669"
"05-Jan-2023","741.85","752.85","736.55","750.70","2,452,379"
"06-Jan-2023","750.00","754.40","725.95","728.35","3,536,096"
"09-Jan-2023","736.75","746.65","735.15","742.35","1,761,359"
"10-Jan-2023","744.25","751.45","735.05","745.20","2,289,489"
"11-Jan-2023","750.00","758.45","748.05","754.20","2,794,465"
"12-Jan-2023","758.40","764.40","752.60","763.45","2,422,254"
"13-Jan-2023","765.00","771.95","761.70","768.50","1,816,006"
"16-Jan-2023","768.75","771.00","753.70","759.20","1,673,126"
"17-Jan-2023","758.45","763.75","747.30","757.50","1,480,994"
"18-Jan-2023","759.00","769.50","755.20","767.15","1,740,579"
"19-Jan-2023","762.95","774.00","757.05","760.05","2,185,302"
"20-Jan-2023","760.00","764.00","738.40","741.45","3,001,352"
"23-Jan-2023","737.55","747.15","726.00","733.95","3,335,294"
"24-Jan-2023","735.00","737.90","719.00","722.05","3,146,984"
"25-Jan-2023","723.00","726.90","717.00","724.65","1,567,673"
"27-Jan-2023","727.80","728.25","711.60","721.35","2,706,934"
"30-Jan-2023","725.00","725.00","692.80","701.70","2,277,856"
"31-Jan-2023","708.70","719.80","704.15","716.45","2,294,866"
"01-Feb-2023","722.00","738.70","719.80","729.70","3,271,508"
"02-Feb-2023","729.75","736.90","721.75","727.40","2,299,091"
"03-Feb-2023","727.00","734.30","719.50","731.85","2,558,496"
"06-Feb-2023","727.85","731.30","709.10","711.05","1,202,963"
"07-Feb-2023","708.00","720.65","706.10","714.10","1,946,683"
"08-Feb-2023","717.80","736.00","712.55","731.95","1,793,312"
"09-Feb-2023","733.00","737.40","722.45","723.75","956,700"
"10-Feb-2023","722.00","726.65","712.00","718.95","997,205"
"13-Feb-2023","716.00","727.70","715.00","718.05","863,438"
"14-Feb-2023","721.65","726.00","715.45","723.85","931,784"
"15-Feb-2023","720.10","728.60","720.10","727.15","859,372"
"16-Feb-2023","730.80","731.45","723.95","727.95","649,802"
"17-Feb-2023","726.00","735.90","725.40","728.40","1,142,716"
"20-Feb-2023","728.40","733.00","721.40","723.35","606,435"
"21-Feb-2023","730.00","736.00","717.30","720.10","1,749,017"
"22-Feb-2023","720.10","723.25","695.00","699.95","1,810,091"
"23-Feb-2023","701.90","714.30","700.10","701.30","1,824,396"
"24-Feb-2023","705.00","706.75","677.20","685.00","2,142,286"
"27-Feb-2023","684.50","685.00","665.85","680.50","1,814,311"
"28-Feb-2023","683.95","683.95","664.90","667.20","1,915,622"
"01-Mar-2023","668.00","678.80","668.00","676.70","1,464,537"
"02-Mar-2023","680.15","683.70","673.60","675.10","1,091,983"
"03-Mar-2023","681.50","686.00","676.05","682.30","1,084,202"
"06-Mar-2023","683.50","683.80","673.35","674.25","1,215,223"
"08-Mar-2023","670.00","677.00","664.00","675.40","1,539,129"
"09-Mar-2023","677.10","691.95","672.55","680.20","6,336,933"
"10-Mar-2023","668.25","681.35","666.10","679.40","5,369,878"
"13-Mar-2023","682.80","691.45","673.05","675.60","1,602,921"
"14-Mar-2023","678.00","682.80","667.70","672.05","1,555,671"
"15-Mar-2023","681.00","684.80","674.70","679.65","1,173,429"
"16-Mar-2023","675.20","675.70","649.05","662.40","2,512,474"
"17-Mar-2023","670.00","678.00","664.50","676.40","1,667,707"
"20-Mar-2023","672.90","672.90","660.00","668.15","1,480,884"
"21-Mar-2023","671.50","671.50","662.00","665.75","1,133,592"
"22-Mar-2023","666.00","671.25","660.05","662.25","949,388"
"23-Mar-2023","661.90","670.80","658.25","667.80","1,099,501"
"24-Mar-2023","671.15","671.15","655.75","657.80","1,563,002"
"27-Mar-2023","661.10","666.50","655.85","658.85","1,134,491"
"28-Mar-2023","662.15","662.95","655.95","660.00","1,190,600"
"29-Mar-2023","663.30","685.45","658.60","678.90","2,208,428"
"31-Mar-2023","679.00","692.50","676.80","688.10","1,447,293"
"03-Apr-2023","690.40","691.65","676.15","682.20","1,335,604"
"05-Apr-2023","678.50","690.00","675.05","686.55","1,188,370"
"06-Apr-2023","688.00","688.00","680.25","682.70","726,290"
"10-Apr-2023","684.05","693.25","682.80","688.50","600,036"
"11-Apr-2023","693.75","715.00","688.50","713.60","4,076,632"
"12-Apr-2023","719.90","722.50","711.40","718.25","1,810,361"
"13-Apr-2023","717.00","722.00","714.25","720.65","835,749"
"17-Apr-2023","714.00","723.65","714.00","721.20","1,253,589"
"18-Apr-2023","720.05","725.00","712.40","719.35","837,349"
"19-Apr-2023","715.35","733.70","715.35","722.35","2,268,330"
"20-Apr-2023","726.00","727.00","712.70","715.80","1,033,900"
"21-Apr-2023","719.00","719.00","703.10","710.65","1,416,385"
"24-Apr-2023","708.55","723.90","705.15","720.35","729,151"
"25-Apr-2023","720.35","730.60","717.80","725.00","1,079,227"
"26-Apr-2023","720.00","724.65","712.00","723.45","1,277,410"
"27-Apr-2023","723.00","734.75","717.60","732.10","1,247,848"
"28-Apr-2023","736.00","736.00","721.55","725.30","1,593,083"
"02-May-2023","731.95","746.50","728.50","737.90","1,965,606"
"03-May-2023","731.00","735.50","725.90","732.45","1,215,913"
"04-May-2023","733.95","742.00","730.25","738.70","1,464,468"
"05-May-2023","736.30","741.65","730.50","733.35","945,667"
"08-May-2023","735.60","741.00","730.05","732.80","1,132,367"
"09-May-2023","733.60","740.50","722.50","724.60","1,179,219"
"10-May-2023","725.00","729.60","719.40","724.35","919,645"
"11-May-2023","727.50","729.40","708.50","710.60","1,284,636"
"12-May-2023","699.90","708.90","691.15","702.65","1,499,306"
"15-May-2023","701.90","710.50","697.00","705.55","998,259"
"16-May-2023","710.45","711.05","700.55","702.75","874,913"
"17-May-2023","701.35","701.35","691.80","695.10","1,686,465"
"18-May-2023","700.80","709.50","689.25","692.05","3,667,407"
"19-May-2023","696.00","696.60","681.05","693.85","2,329,260"
"22-May-2023","692.00","707.80","687.45","704.60","2,182,824"
"23-May-2023","710.00","711.90","702.50","704.10","2,324,758"
"24-May-2023","700.00","706.55","694.50","696.00","1,185,182"
"25-May-2023","693.00","702.65","690.00","696.65","1,213,068"
"26-May-2023","696.65","705.45","694.15","701.70","1,461,749"
"29-May-2023","703.25","708.95","701.10","702.20","1,467,219"
"30-May-2023","701.10","717.90","697.90","704.60","3,317,461"
"31-May-2023","701.15","704.95","691.00","696.30","14,943,096"
"01-Jun-2023","698.90","701.90","691.15","693.85","1,995,511"
"02-Jun-2023","698.00","709.05","695.75","706.60","3,405,152"
"05-Jun-2023","708.95","714.00","703.00","712.15","2,454,283"
"06-Jun-2023","714.00","717.50","708.80","712.85","2,436,996"
"07-Jun-2023","715.25","732.20","714.00","729.75","3,667,486"
"08-Jun-2023","729.75","764.45","727.85","748.80","9,618,332"
"09-Jun-2023","751.50","756.95","741.50","748.50","2,408,734"
"12-Jun-2023","754.60","757.95","744.65","747.30","1,703,619"
"13-Jun-2023","755.00","762.60","751.15","756.65","3,419,413"
"14-Jun-2023","761.55","779.00","759.15","772.85","4,758,206"
"15-Jun-2023","778.00","778.00","768.50","770.60","2,222,061"
"16-Jun-2023","776.95","781.80","772.70","776.10","2,285,788"
"19-Jun-2023","780.50","782.00","767.85","771.65","1,422,461"
"20-Jun-2023","772.20","786.50","768.55","773.15","2,282,549"
"21-Jun-2023","773.15","774.00","752.05","758.75","2,768,203"
"22-Jun-2023","754.20","763.75","745.95","752.35","1,972,478"
"23-Jun-2023","750.00","758.70","743.85","746.50","1,704,679"
"26-Jun-2023","749.90","751.35","737.15","748.80","1,602,537"
"27-Jun-2023","750.00","765.00","749.05","762.50","2,783,577"
"28-Jun-2023","768.00","791.45","762.00","783.40","8,340,755"
"30-Jun-2023","786.30","789.00","780.00","784.80","2,515,440"
"03-Jul-2023","788.00","808.30","787.05","794.00","4,781,944"
"04-Jul-2023","798.00","802.75","789.30","796.65","2,473,106"
"05-Jul-2023","796.70","803.60","788.10","791.90","2,526,894"
"06-Jul-2023","804.45","804.55","789.00","795.55","3,316,923"
"07-Jul-2023","796.00","801.90","784.40","788.40","2,547,821"
"10-Jul-2023","789.00","813.80","787.75","810.60","4,777,540"
"11-Jul-2023","815.55","815.70","793.30","797.40","3,085,989"
"12-Jul-2023","804.50","814.80","788.65","805.70","25,929,716"
"13-Jul-2023","810.70","814.20","796.80","802.15","3,049,961"
"14-Jul-2023","807.90","807.90","792.10","804.85","2,011,903"
"17-Jul-2023","805.65","812.00","797.00","798.15","1,769,593"
"18-Jul-2023","799.80","801.00","788.50","790.90","1,527,919"
"19-Jul-2023","796.00","797.85","789.05","791.90","1,563,134"
"20-Jul-2023","795.00","801.45","785.75","799.05","1,780,010"
"21-Jul-2023","798.00","823.35","782.60","786.45","8,469,798"
"24-Jul-2023","789.00","789.00","773.20","775.65","2,710,762"
"25-Jul-2023","778.00","805.50","777.00","800.55","4,850,069"
"26-Jul-2023","807.45","809.00","800.10","805.45","3,062,011"
"27-Jul-2023","806.00","814.50","791.00","793.75","2,865,447"
"28-Jul-2023","795.00","806.00","786.00","804.15","2,111,325"
"31-Jul-2023","806.20","821.20","806.20","816.75","4,226,070"
"01-Aug-2023","823.00","825.00","816.95","820.90","2,406,158"
"02-Aug-2023","817.00","817.85","798.35","804.25","1,975,596"
"03-Aug-2023","804.25","809.00","794.20","804.45","1,829,238"
"04-Aug-2023","808.00","814.80","802.80","805.95","1,275,614"
"07-Aug-2023","808.00","816.60","803.55","813.05","1,422,051"
"08-Aug-2023","815.05","816.50","799.50","801.30","933,777"
"09-Aug-2023","801.70","828.90","801.35","823.45","3,133,311"
"10-Aug-2023","825.00","835.00","819.25","831.50","6,313,077"
"11-Aug-2023","830.00","831.35","815.60","820.65","3,239,511"
"14-Aug-2023","815.00","815.00","793.55","799.45","1,866,848"
"16-Aug-2023","803.70","803.70","789.00","795.30","1,317,570"
"17-Aug-2023","794.85","796.65","783.60","789.75","1,434,401"
"18-Aug-2023","789.90","793.90","783.30","787.10","1,546,387"
"21-Aug-2023","793.00","797.60","787.80","794.75","1,033,216"
"22-Aug-2023","799.90","799.95","792.30","795.20","823,108"
"23-Aug-2023","799.00","802.90","793.05","797.90","1,274,976"
"24-Aug-2023","800.00","806.70","786.15","787.90","1,726,077"
"25-Aug-2023","781.00","787.55","770.55","773.15","1,502,054"
"28-Aug-2023","775.50","780.95","771.00","773.00","1,769,280"
"29-Aug-2023","778.90","785.90","775.55","782.65","1,807,893"
"30-Aug-2023","784.70","791.95","784.10","787.15","1,978,468"
"31-Aug-2023","787.15","791.80","777.00","779.65","3,999,415"
"01-Sep-2023","779.00","807.70","778.00","806.40","3,513,798"
"04-Sep-2023","811.95","826.60","808.50","809.80","3,571,051"
"05-Sep-2023","808.95","818.00","800.50","815.95","1,770,212"
"06-Sep-2023","816.05","817.50","803.30","814.90","2,225,037"
"07-Sep-2023","812.05","821.40","805.50","819.30","2,652,562"
"08-Sep-2023","819.30","824.00","810.60","815.75","1,866,220"
"11-Sep-2023","820.00","829.35","816.45","824.25","1,715,172"
"12-Sep-2023","833.80","840.00","811.90","816.20","2,776,481"
"13-Sep-2023","818.00","820.15","808.00","810.70","1,380,634"
"14-Sep-2023","812.95","825.00","808.85","810.35","2,398,032"
"15-Sep-2023","813.05","819.70","805.00","812.85","4,454,542"
"18-Sep-2023","812.85","814.95","807.55","808.80","1,335,464"
"20-Sep-2023","808.05","810.80","785.20","786.75","3,359,951"
"21-Sep-2023","790.00","791.60","774.00","778.35","2,875,491"
"22-Sep-2023","780.00","783.70","772.70","774.05","2,147,621"
"25-Sep-2023","776.95","783.45","774.35","779.90","2,326,745"
"26-Sep-2023","779.90","788.40","777.95","779.65","1,727,679"
"27-Sep-2023","780.00","785.70","774.65","779.60","2,612,372"
"28-Sep-2023","780.70","787.40","764.35","768.10","3,157,286"
"29-Sep-2023","775.85","783.90","771.45","779.60","1,704,218"
"03-Oct-2023","776.55","776.55","768.00","770.25","1,099,773"
"04-Oct-2023","767.95","768.00","753.15","756.60","1,654,158"
"05-Oct-2023","762.00","762.65","752.90","755.50","1,459,736"
"06-Oct-2023","760.35","771.15","758.65","765.20","2,026,927"
"09-Oct-2023","756.50","761.40","749.15","757.55","725,323"
"10-Oct-2023","759.65","774.20","757.30","771.90","1,351,582"
"11-Oct-2023","776.00","782.55","774.55","777.25","1,841,618"
"12-Oct-2023","782.40","789.95","779.45","783.45","2,139,718"
"13-Oct-2023","778.00","780.00","773.00","777.25","998,547"
"16-Oct-2023","777.25","794.35","773.00","790.70","2,157,341"
"17-Oct-2023","792.70","796.00","788.15","790.15","1,050,381"
"18-Oct-2023","793.10","801.00","781.20","784.40","1,250,892"
"19-Oct-2023","780.15","782.70","769.15","780.45","2,130,597"
"20-Oct-2023","779.60","779.75","761.90","769.40","1,501,944"
"23-Oct-2023","770.80","774.80","746.10","748.95","1,715,908"
"25-Oct-2023","754.10","761.85","741.50","748.30","2,417,579"
"26-Oct-2023","744.70","745.00","725.50","728.70","2,519,570"
"27-Oct-2023","729.70","735.45","725.25","732.00","1,588,987"
"30-Oct-2023","734.80","736.80","726.00","734.50","1,162,173"
"31-Oct-2023","737.00","738.55","727.00","736.35","1,363,728"
"01-Nov-2023","736.90","737.30","723.00","724.45","1,845,107"
"02-Nov-2023","728.00","734.40","725.00","733.35","1,095,177"
"03-Nov-2023","735.95","748.00","735.00","746.05","2,526,039"
"06-Nov-2023","748.10","756.45","744.90","754.00","2,782,755"
"07-Nov-2023","757.00","759.60","746.95","748.60","2,288,975"
"08-Nov-2023","750.00","757.75","745.00","756.70","2,664,277"
"09-Nov-2023","756.70","759.90","749.05","750.85","2,579,350"
"10-Nov-2023","751.90","759.00","745.05","754.75","1,108,868"
"12-Nov-2023","760.00","761.00","753.00","756.55","133,415"
"13-Nov-2023","756.55","763.25","753.00","761.10","942,603"
"15-Nov-2023","769.00","782.50","769.00","772.85","2,443,652"
"16-Nov-2023","770.50","774.30","763.40","769.15","1,699,954"
"17-Nov-2023","772.00","774.90","766.00","768.80","1,567,731"
"20-Nov-2023","769.90","772.00","760.65","761.85","1,024,654"
"21-Nov-2023","766.85","779.60","765.95","775.80","1,846,834"
"22-Nov-2023","775.80","776.75","765.50","768.45","1,312,655"
"23-Nov-2023","771.95","777.95","767.15","775.55","1,068,229"
"24-Nov-2023","779.00","786.25","776.40","782.05","2,069,730"
"28-Nov-2023","785.00","785.55","778.75","782.35","858,569"
"29-Nov-2023","783.20","794.70","783.20","793.25","1,481,172"
"30-Nov-2023","794.00","808.15","789.60","801.10","3,142,500"
"01-Dec-2023","805.00","815.00","796.90","810.80","2,064,512"
"04-Dec-2023","820.00","823.40","812.35","819.60","2,789,349"
"05-Dec-2023","816.00","826.00","814.20","821.70","1,338,828"
"06-Dec-2023","824.95","833.40","815.20","824.70","1,543,909"
"07-Dec-2023","828.95","830.00","817.85","819.15","1,717,648"
"08-Dec-2023","824.80","853.45","822.10","839.35","7,142,037"
"11-Dec-2023","841.55","847.00","831.80","845.10","1,630,946"
"12-Dec-2023","846.60","862.80","845.25","853.85","2,518,863"
"13-Dec-2023","854.85","859.20","840.00","851.40","2,170,707"
"14-Dec-2023","860.00","861.55","845.80","847.40","2,711,444"
"15-Dec-2023","854.05","870.55","851.60","867.20","4,058,044"
"18-Dec-2023","844.00","865.55","836.15","854.90","4,324,786"
"19-Dec-2023","855.55","861.50","847.60","858.70","1,285,256"
"20-Dec-2023","859.00","863.75","839.70","842.25","1,764,901"
"21-Dec-2023","830.00","847.65","820.10","841.90","2,106,856"
"22-Dec-2023","845.00","857.55","843.10","855.30","1,846,933"
"26-Dec-2023","857.50","863.00","849.95","852.30","1,294,151"
"27-Dec-2023","858.45","881.50","855.65","875.90","2,466,359"
"28-Dec-2023","882.90","895.75","874.00","880.80","4,482,599"
"29-Dec-2023","882.00","887.50","873.30","880.25","1,906,630"
"01-Jan-2024","880.25","884.80","875.00","877.60","778,184"
"02-Jan-2024","883.85","883.85","859.10","870.20","1,615,515"
"03-Jan-2024","870.00","870.00","836.00","837.65","3,983,411"
"04-Jan-2024","840.25","843.80","835.00","837.10","1,878,399"
"05-Jan-2024","838.95","845.80","827.20","829.40","2,060,548"
"08-Jan-2024","835.75","836.65","820.70","821.95","1,107,367"
"09-Jan-2024","828.50","831.95","819.25","821.40","1,458,862"
"10-Jan-2024","823.85","831.35","811.20","829.80","1,265,739"
"11-Jan-2024","834.80","836.75","820.10","822.05","1,205,504"
"12-Jan-2024","824.50","830.80","821.25","825.80","1,326,357"
"15-Jan-2024","827.70","830.50","820.00","825.15","1,497,605"
"16-Jan-2024","827.65","839.50","819.35","832.30","1,920,936"
"17-Jan-2024","830.00","830.00","810.05","812.65","1,433,551"
"18-Jan-2024","812.50","814.50","792.60","803.65","1,991,900"
"19-Jan-2024","805.25","820.70","805.25","816.65","1,358,166"
"20-Jan-2024","822.00","822.80","806.20","808.20","506,539"
"23-Jan-2024","808.25","816.00","788.45","790.40","1,533,222"
"24-Jan-2024","795.00","814.00","784.00","812.20","1,490,515"
"25-Jan-2024","815.00","821.00","792.80","815.70","3,240,065"
"29-Jan-2024","819.05","823.60","804.00","811.70","1,574,830"
"30-Jan-2024","818.00","829.35","810.15","812.00","1,892,910"
"31-Jan-2024","812.00","822.00","808.05","818.65","1,954,023"
"01-Feb-2024","822.00","822.00","800.10","801.70","2,287,350"
"02-Feb-2024","809.25","826.30","805.10","823.55","2,871,131"
"05-Feb-2024","824.15","834.00","811.00","814.65","2,056,107"
"06-Feb-2024","814.65","820.75","805.10","818.75","1,547,506"
"07-Feb-2024","827.40","842.90","823.00","836.60","3,647,454"
"08-Feb-2024","841.45","841.45","818.00","822.10","2,294,805"
"09-Feb-2024","824.90","825.00","800.45","811.75","1,396,058"
"12-Feb-2024","818.00","819.60","802.45","811.50","1,408,603"
"13-Feb-2024","812.95","814.70","790.55","812.65","1,675,844"
"14-Feb-2024","798.00","815.80","796.55","813.25","1,546,826"
"15-Feb-2024","818.00","820.75","805.60","812.35","1,482,200"
"16-Feb-2024","818.15","824.40","813.50","819.95","1,774,587"
"19-Feb-2024","825.95","825.95","814.00","820.20","829,517"
"20-Feb-2024","825.00","825.00","811.80","821.20","1,384,043"
"21-Feb-2024","821.00","850.00","820.95","828.25","6,419,882"
"22-Feb-2024","831.00","835.15","820.05","828.65","2,366,934"
"23-Feb-2024","835.00","836.30","819.25","821.00","1,736,000"
"26-Feb-2024","825.20","827.80","806.20","808.75","1,188,689"
"27-Feb-2024","808.95","820.55","805.70","818.95","1,331,211"
"28-Feb-2024","822.70","822.75","795.00","798.60","1,851,909"
"29-Feb-2024","801.00","805.90","790.00","800.10","3,155,812"
"01-Mar-2024","804.25","839.70","804.25","836.20","5,377,896"
"02-Mar-2024","839.50","847.00","834.40","844.95","475,975"
"04-Mar-2024","839.00","839.00","818.50","824.30","3,821,690"
"05-Mar-2024","825.10","826.65","811.00","819.30","2,630,517"
"06-Mar-2024","820.40","823.00","800.00","812.90","2,041,620"
"07-Mar-2024","820.00","844.90","818.05","830.00","5,074,846"
"11-Mar-2024","832.00","836.60","822.15","829.80","1,622,850"
"12-Mar-2024","829.00","829.30","815.00","817.80","1,231,413"
"13-Mar-2024","818.40","820.60","788.45","792.95","3,047,464"
"14-Mar-2024","792.00","792.95","761.75","785.45","5,262,918"
"15-Mar-2024","782.10","790.20","774.55","780.65","3,992,861"
"18-Mar-2024","780.65","808.50","778.50","804.40","3,561,533"
"19-Mar-2024","802.00","809.95","793.75","801.05","2,192,986"
"20-Mar-2024","802.20","810.00","789.30","794.65","1,538,050"
"21-Mar-2024","804.00","819.45","803.10","812.35","2,783,067"
"22-Mar-2024","808.00","832.95","806.75","824.80","3,983,433"
"26-Mar-2024","820.55","834.00","818.05","821.90","2,454,193"
"27-Mar-2024","825.00","832.40","815.40","818.05","1,884,038"
"28-Mar-2024","827.00","840.85","820.00","830.20","3,722,941"
"01-Apr-2024","838.00","876.45","838.00","871.95","6,053,539"
"02-Apr-2024","871.10","881.85","861.55","879.25","2,784,783"
"03-Apr-2024","877.85","879.55","867.10","869.00","1,980,049"
"04-Apr-2024","876.30","878.65","853.55","862.50","2,790,334"
"05-Apr-2024","860.00","864.55","846.95","857.10","1,847,243"
"08-Apr-2024","864.00","878.00","860.25","876.45","2,462,906"
"09-Apr-2024","881.80","891.45","870.55","874.60","2,512,308"
"10-Apr-2024","881.35","889.00","875.35","883.95","2,519,596"
"12-Apr-2024","883.90","883.90","862.00","866.45","4,129,109"
"15-Apr-2024","862.90","882.00","850.25","860.45","1,974,756"
"16-Apr-2024","859.50","863.60","842.75","845.25","1,706,563"
"18-Apr-2024","846.10","858.00","841.70","844.80","3,437,879"
"19-Apr-2024","842.85","867.30","833.20","864.80","3,157,898"
"22-Apr-2024","867.10","870.90","853.45","854.80","1,584,578"
"23-Apr-2024","858.50","865.00","848.55","851.35","1,755,588"
"24-Apr-2024","851.35","886.00","850.00","882.70","4,257,548"
"25-Apr-2024","882.70","909.40","874.35","905.80","4,893,459"
"26-Apr-2024","910.00","914.00","884.65","887.25","3,626,999"
"29-Apr-2024","898.40","902.50","886.15","895.75","1,956,431"
"30-Apr-2024","902.45","902.75","880.05","882.20","1,831,578"
"02-May-2024","883.00","894.60","883.00","890.35","2,448,369"
"03-May-2024","895.85","903.70","866.00","874.20","3,672,279"
"06-May-2024","879.70","893.00","874.35","880.65","2,556,178"
"07-May-2024","880.65","881.05","845.75","857.35","2,369,111"
"08-May-2024","850.40","866.60","850.40","864.65","1,849,894"
"09-May-2024","864.70","868.80","831.05","834.55","2,282,517"
"10-May-2024","835.95","855.95","835.95","853.60","1,947,295"
"13-May-2024","847.85","862.50","830.00","860.60","1,735,081"
"14-May-2024","864.15","884.95","861.20","881.50","2,706,050"
"15-May-2024","882.00","883.50","863.40","870.95","2,194,086"
"16-May-2024","872.80","888.45","864.45","886.40","3,282,175"
"17-May-2024","888.00","914.95","878.70","907.45","4,635,724"
"18-May-2024","890.10","899.40","885.15","890.80","638,499"
"21-May-2024","892.00","928.95","890.80","923.45","5,938,708"
"22-May-2024","925.00","927.30","906.05","915.80","2,938,404"
"23-May-2024","912.00","920.85","890.70","917.00","3,800,388"
"24-May-2024","915.00","925.00","906.05","908.65","2,113,036"
"27-May-2024","910.50","919.15","900.10","901.95","1,893,682"
"28-May-2024","905.85","915.85","901.20","907.35","1,931,419"
"29-May-2024","899.60","910.00","896.45","901.90","1,740,879"
"30-May-2024","900.00","900.80","873.25","883.70","3,993,159"
"31-May-2024","892.00","895.45","877.00","880.55","5,249,761"
"03-Jun-2024","912.00","917.70","897.80","915.30","2,541,803"
"04-Jun-2024","914.00","914.00","823.80","841.85","4,022,430"
"05-Jun-2024","857.00","881.70","829.15","878.40","1,969,854"
"06-Jun-2024","884.00","892.90","877.50","888.10","3,095,781"
"07-Jun-2024","888.10","915.40","877.10","912.15","3,609,817"
"10-Jun-2024","907.00","920.00","900.75","915.90","1,765,715"
"11-Jun-2024","915.95","918.80","905.05","910.10","2,003,998"
"12-Jun-2024","910.05","924.30","908.05","916.90","1,782,777"
"13-Jun-2024","917.55","925.05","908.05","915.75","1,788,757"
"14-Jun-2024","914.00","923.50","903.60","921.15","2,625,892"
"18-Jun-2024","921.15","927.45","914.30","925.35","2,395,045"
"19-Jun-2024","929.00","936.90","913.30","914.95","1,793,533"
"20-Jun-2024","914.95","938.00","911.30","929.65","3,120,339"
"21-Jun-2024","929.00","944.00","923.15","936.90","4,299,319"
"24-Jun-2024","936.00","941.65","922.00","935.35","1,857,847"
"25-Jun-2024","936.90","940.00","927.95","929.90","1,733,931"
"26-Jun-2024","930.90","932.45","918.10","919.20","1,341,496"
"27-Jun-2024","916.20","945.60","915.30","943.15","4,700,053"
"28-Jun-2024","943.15","949.40","928.75","931.50","2,402,672"
"01-Jul-2024","935.00","947.50","931.60","943.90","2,562,034"
"02-Jul-2024","945.00","953.70","936.50","938.25","1,936,180"
"03-Jul-2024","939.50","953.40","939.05","950.40","1,369,238"
"04-Jul-2024","950.40","959.40","943.00","944.35","1,384,884"
"05-Jul-2024","948.00","956.00","945.20","954.05","1,583,550"
"08-Jul-2024","955.90","955.90","934.05","939.20","1,569,620"
"09-Jul-2024","939.00","940.80","932.30","935.30","1,489,629"
"10-Jul-2024","931.00","935.30","918.90","925.40","1,483,892"
"11-Jul-2024","927.15","932.00","915.45","925.00","2,348,723"
"12-Jul-2024","929.95","937.75","924.00","934.40","1,498,780"
"15-Jul-2024","937.95","938.70","926.15","931.70","1,337,839"
"16-Jul-2024","932.15","939.35","928.15","934.35","1,442,573"
"18-Jul-2024","934.35","935.35","921.35","931.45","1,812,254"
"19-Jul-2024","927.00","927.50","886.55","889.45","3,001,973"
"22-Jul-2024","875.50","893.40","865.15","888.55","2,725,373"
"23-Jul-2024","890.00","896.15","872.00","893.95","1,640,412"
"24-Jul-2024","895.00","895.00","880.00","881.35","1,519,772"
"25-Jul-2024","870.00","880.00","862.40","874.50","1,636,466"
"26-Jul-2024","880.00","908.80","875.30","900.55","2,056,457"
"29-Jul-2024","909.90","909.90","895.05","898.55","1,066,351"
"30-Jul-2024","895.05","907.95","890.15","902.10","979,026"
"31-Jul-2024","908.95","936.35","902.70","928.25","2,716,481"
"01-Aug-2024","937.55","957.95","927.75","934.55","4,039,078"
"02-Aug-2024","919.90","923.85","896.00","899.55","3,306,705"
"05-Aug-2024","884.00","884.00","854.15","863.80","4,059,902"
"06-Aug-2024","867.05","893.05","867.05","884.00","2,665,068"
"07-Aug-2024","899.00","910.65","895.00","906.45","2,262,055"
"08-Aug-2024","900.00","902.95","883.40","887.55","2,796,559"
"09-Aug-2024","896.05","914.75","889.00","905.10","1,722,454"
"12-Aug-2024","904.80","926.20","898.10","917.35","3,822,527"
"13-Aug-2024","925.00","927.50","905.00","907.85","1,329,629"
"14-Aug-2024","911.95","911.95","885.40","890.30","2,024,615"
"16-Aug-2024","900.00","910.70","882.55","908.45","2,208,842"
"19-Aug-2024","910.00","920.00","903.90","917.75","847,523"
"20-Aug-2024","923.90","923.90","910.80","917.15","696,605"
"21-Aug-2024","910.00","927.00","908.10","925.80","1,600,466"
"22-Aug-2024","927.05","934.85","924.80","933.25","1,073,406"
"23-Aug-2024","934.60","943.95","929.15","941.05","1,441,218"
"26-Aug-2024","945.50","968.90","937.20","963.50","2,364,465"
"27-Aug-2024","963.45","966.95","942.75","944.00","2,480,788"
"28-Aug-2024","947.50","951.50","935.00","949.25","2,285,575"
"29-Aug-2024","945.00","950.50","930.80","939.70","2,233,515"
"30-Aug-2024","947.90","954.75","938.65","941.10","2,896,103"
"02-Sep-2024","941.10","951.45","936.15","940.45","1,316,611"
"03-Sep-2024","937.10","941.55","929.95","930.95","1,116,938"
"04-Sep-2024","920.00","934.70","912.00","933.05","3,020,790"
"05-Sep-2024","934.55","944.55","923.75","925.45","1,482,001"
"06-Sep-2024","925.45","939.40","911.70","932.80","1,984,209"
"09-Sep-2024","923.00","936.70","919.05","934.25","1,793,548"
"10-Sep-2024","934.10","948.50","929.80","938.75","1,388,455"
"11-Sep-2024","941.05","944.30","924.25","927.75","1,087,490"
"12-Sep-2024","935.80","957.60","929.00","954.80","3,061,006"
"13-Sep-2024","958.00","972.45","951.35","954.55","2,445,329"
"16-Sep-2024","961.40","978.55","957.10","971.00","2,186,706"
"17-Sep-2024","971.00","974.55","961.70","964.25","543,055"
"18-Sep-2024","962.05","970.95","950.00","956.70","644,373"
"19-Sep-2024","960.00","965.95","944.00","948.40","1,278,919"
"20-Sep-2024","970.00","988.00","965.20","981.55","8,035,572"
"23-Sep-2024","986.00","987.95","976.20","982.10","1,714,600"
"24-Sep-2024","991.30","1,009.80","985.15","989.70","5,545,642"
"25-Sep-2024","996.00","998.65","972.70","982.65","1,309,311"
"26-Sep-2024","984.00","1,007.95","975.45","1,005.55","2,706,617"
"27-Sep-2024","1,008.00","1,018.90","997.50","1,001.55","2,757,284"
"30-Sep-2024","1,004.00","1,032.90","1,004.00","1,030.05","4,250,590"
"01-Oct-2024","1,029.00","1,029.95","1,014.40","1,027.30","1,392,457"
"03-Oct-2024","1,028.00","1,060.00","1,025.45","1,039.10","6,615,927"
"04-Oct-2024","1,042.00","1,063.00","1,027.30","1,033.75","4,855,592"
"07-Oct-2024","1,039.95","1,044.10","1,012.50","1,018.75","2,708,970"
"08-Oct-2024","1,014.40","1,014.40","984.00","998.20","4,115,797"
"09-Oct-2024","999.90","1,011.50","985.00","994.50","2,138,939"
"10-Oct-2024","999.00","1,012.95","996.75","1,007.40","1,368,830"
"11-Oct-2024","1,007.30","1,025.95","1,006.00","1,012.05","1,957,211"
"14-Oct-2024","1,017.00","1,032.00","1,009.40","1,012.50","1,831,080"
"15-Oct-2024","1,012.50","1,020.60","992.00","1,000.85","1,444,250"
"16-Oct-2024","995.00","1,004.80","982.05","989.35","1,248,745"
"17-Oct-2024","991.10","995.20","969.75","979.50","1,079,467"
"18-Oct-2024","978.50","998.25","973.10","992.60","1,291,683"
"21-Oct-2024","997.00","1,005.00","980.05","981.45","953,143"
"22-Oct-2024","981.00","983.30","960.40","963.65","1,318,146"
"23-Oct-2024","963.65","971.00","952.15","954.45","1,306,503"
"24-Oct-2024","954.45","962.05","952.45","958.10","650,392"
"25-Oct-2024","958.10","959.95","926.80","943.85","2,541,293"
"28-Oct-2024","936.00","972.45","909.00","967.25","1,737,402"
"29-Oct-2024","972.45","972.80","947.00","958.80","1,032,874"
"30-Oct-2024","966.20","968.55","952.30","957.30","733,890"
"31-Oct-2024","958.00","967.85","954.45","963.65","1,445,602"
"01-Nov-2024","969.90","978.00","965.00","968.30","136,508"
"04-Nov-2024","965.05","968.85","941.10","954.90","957,723"
"05-Nov-2024","954.90","1,003.00","952.00","999.50","5,177,028"
"06-Nov-2024","1,000.00","1,015.05","984.70","1,008.65","2,761,749"
"07-Nov-2024","1,014.00","1,018.95","985.65","989.80","2,477,876"
"08-Nov-2024","994.00","1,001.55","976.50","996.40","3,568,198"
"11-Nov-2024","988.00","995.45","972.00","979.00","1,336,153"
"12-Nov-2024","987.00","987.80","953.65","957.25","731,821"
"13-Nov-2024","953.50","958.25","928.05","935.95","1,167,594"
"14-Nov-2024","935.05","949.35","932.45","939.05","1,662,673"
"18-Nov-2024","935.05","956.05","934.90","949.85","1,143,965"
"19-Nov-2024","949.85","960.95","945.00","947.30","617,409"
"21-Nov-2024","941.00","950.95","936.45","944.15","1,669,641"
"22-Nov-2024","947.90","981.30","939.05","977.35","1,889,389"
"25-Nov-2024","975.00","980.45","945.65","953.30","4,563,438"
"26-Nov-2024","955.00","966.80","950.60","963.60","1,184,177"
"27-Nov-2024","963.35","972.00","955.25","968.85","1,327,011"
"28-Nov-2024","968.85","974.95","949.05","954.15","2,959,350"
"29-Nov-2024","959.00","971.70","953.40","966.00","1,326,686"
"02-Dec-2024","965.90","991.55","961.75","989.80","1,272,868"
"03-Dec-2024","995.00","1,015.50","991.05","998.80","2,118,830"
"04-Dec-2024","996.10","1,003.00","985.35","994.85","1,030,877"
"05-Dec-2024","991.00","1,009.95","977.00","999.20","2,221,958"
"06-Dec-2024","999.90","1,008.00","994.65","1,003.80","1,218,982"
"09-Dec-2024","1,005.50","1,015.50","993.80","1,011.90","1,457,470"
"10-Dec-2024","1,021.00","1,023.50","1,006.65","1,012.95","2,227,505"
"11-Dec-2024","1,015.90","1,020.50","997.10","1,000.20","1,246,315"
"12-Dec-2024","1,005.00","1,012.95","991.00","1,005.80","1,510,341"
"13-Dec-2024","995.00","1,003.50","973.05","999.85","2,444,182"
"16-Dec-2024","1,004.00","1,006.30","984.00","990.35","1,220,082"
"17-Dec-2024","990.35","990.80","961.00","966.85","1,673,092"
"18-Dec-2024","967.05","969.50","941.55","946.85","1,612,799"
"19-Dec-2024","934.05","942.70","921.60","925.95","1,926,448"
"20-Dec-2024","926.00","941.70","912.05","917.35","29,003,345"
"23-Dec-2024","936.00","950.95","921.60","937.05","3,988,457"
"24-Dec-2024","937.05","937.95","918.45","921.85","2,048,135"
"26-Dec-2024","921.85","929.40","913.10","914.45","2,056,005"
"27-Dec-2024","914.65","926.50","911.25","913.30","1,917,836"
"30-Dec-2024","913.30","916.70","895.60","898.95","1,959,379"
"31-Dec-2024","898.05","906.40","896.60","901.50","1,031,176"
"01-Jan-2025","901.15","910.00","890.70","905.45","1,020,555"
"02-Jan-2025","909.50","915.70","901.45","912.50","1,636,373"
"03-Jan-2025","914.00","924.70","908.50","915.05","2,691,743"
"06-Jan-2025","915.05","919.85","897.90","900.90","1,104,617"
"07-Jan-2025","901.55","913.70","899.20","911.80","688,211"
"08-Jan-2025","910.00","911.95","895.15","902.30","744,601"
"09-Jan-2025","901.00","908.95","888.80","890.95","1,459,142"
"10-Jan-2025","890.95","908.00","880.25","900.10","1,614,629"
"13-Jan-2025","895.95","898.70","880.00","883.75","1,416,585"
"14-Jan-2025","882.50","911.30","882.50","906.05","1,948,192"
"15-Jan-2025","910.00","912.70","901.50","904.05","1,581,897"
"16-Jan-2025","910.00","914.40","900.10","906.80","1,946,590"
"17-Jan-2025","906.80","917.50","905.25","908.60","911,260"
"20-Jan-2025","908.60","925.65","900.50","919.20","1,299,378"
"21-Jan-2025","925.00","933.00","919.55","926.85","1,474,919"
"22-Jan-2025","932.00","932.00","907.15","919.40","1,080,075"
"23-Jan-2025","919.05","937.35","912.80","929.90","1,267,989"
"24-Jan-2025","930.00","953.00","925.15","932.45","3,538,998"
"27-Jan-2025","901.10","927.00","901.10","919.35","3,908,402"
"28-Jan-2025","923.40","925.60","904.50","916.15","1,101,031"
"29-Jan-2025","913.60","941.05","908.00","937.60","1,298,065"
"30-Jan-2025","937.90","956.00","936.20","950.85","2,020,147"
"31-Jan-2025","949.75","959.90","940.55","945.00","2,037,829"
"01-Feb-2025","947.85","955.20","911.65","934.25","1,339,508"
"03-Feb-2025","915.00","937.45","914.00","933.95","1,130,056"
"04-Feb-2025","936.35","949.45","934.30","944.25","1,262,634"
"05-Feb-2025","941.10","954.80","941.10","949.90","1,209,743"
"06-Feb-2025","950.55","956.55","942.00","948.40","3,060,140"
"07-Feb-2025","950.95","985.00","947.80","980.75","2,846,285"
"10-Feb-2025","974.00","974.00","948.25","959.15","1,665,049"
"11-Feb-2025","950.05","967.50","948.55","954.50","2,535,726"
"12-Feb-2025","952.90","962.95","938.10","956.40","2,768,806"
"13-Feb-2025","954.00","984.00","953.25","969.80","1,414,535"
"14-Feb-2025","972.90","983.70","954.25","964.60","2,690,126"
"17-Feb-2025","964.60","975.00","954.10","973.55","1,321,057"
"18-Feb-2025","975.00","981.20","962.80","978.80","1,800,070"
"19-Feb-2025","975.60","989.90","971.10","977.35","1,581,818"
"20-Feb-2025","977.00","987.65","975.00","981.15","1,474,610"
"21-Feb-2025","979.10","990.95","975.55","981.90","1,599,075"
"24-Feb-2025","971.00","984.90","957.75","966.80","1,898,963"
"25-Feb-2025","967.00","973.45","957.50","958.75","1,095,348"
"27-Feb-2025","958.75","981.00","958.70","975.00","2,049,890"
"28-Feb-2025","968.10","968.60","940.55","950.70","2,553,800"
"03-Mar-2025","959.00","981.55","953.00","976.05","1,744,769"
"04-Mar-2025","960.00","978.10","959.95","974.10","1,077,034"
"05-Mar-2025","975.00","1,008.00","970.90","1,002.70","2,472,192"
"06-Mar-2025","1,013.00","1,016.20","997.10","1,011.10","2,203,409"
"07-Mar-2025","1,011.00","1,020.40","1,005.55","1,011.15","759,943"
"10-Mar-2025","1,011.15","1,032.75","1,010.25","1,013.50","1,855,010"
"11-Mar-2025","1,003.85","1,021.00","1,001.45","1,018.65","1,595,868"
"12-Mar-2025","1,024.70","1,024.95","994.10","1,010.40","1,263,600"
"13-Mar-2025","1,014.90","1,016.45","998.80","1,001.20","1,218,174"
"17-Mar-2025","1,007.55","1,015.45","1,000.15","1,005.70","1,522,656"
"18-Mar-2025","1,014.90","1,020.65","1,002.55","1,018.05","1,069,485"
"19-Mar-2025","1,036.00","1,047.00","1,024.00","1,033.35","2,652,155"
"20-Mar-2025","1,038.00","1,052.80","1,027.20","1,050.25","2,301,795"
"21-Mar-2025","1,052.00","1,062.55","1,047.70","1,058.70","2,630,144"
"24-Mar-2025","1,063.00","1,072.00","1,056.50","1,061.35","2,267,252"
"25-Mar-2025","1,061.35","1,074.90","1,052.00","1,061.70","1,571,677"
"26-Mar-2025","1,068.05","1,068.05","1,052.20","1,056.45","1,254,060"
"27-Mar-2025","1,051.95","1,069.00","1,050.00","1,059.75","2,514,499"
"28-Mar-2025","1,059.75","1,068.20","1,053.95","1,063.20","1,674,204"
"01-Apr-2025","1,063.00","1,070.45","1,053.35","1,056.25","1,776,263"
"02-Apr-2025","1,058.10","1,066.35","1,046.25","1,055.90","878,958"
"03-Apr-2025","1,045.00","1,055.80","1,041.55","1,044.05","1,607,693"
"04-Apr-2025","1,032.30","1,038.95","997.85","1,005.75","3,818,643"
"07-Apr-2025","906.00","959.00","905.20","930.30","4,581,682"
"08-Apr-2025","949.35","970.45","933.80","954.60","1,717,533"
"09-Apr-2025","945.15","953.40","938.05","945.55","1,773,658"
"11-Apr-2025","972.45","997.00","968.35","990.25","3,641,633"
"15-Apr-2025","1,010.00","1,015.70","1,002.20","1,008.00","1,287,903"
"16-Apr-2025","1,003.00","1,015.10","992.10","1,009.40","1,281,034"
"17-Apr-2025","996.00","1,008.60","987.10","1,007.20","2,074,019"
"21-Apr-2025","1,001.00","1,043.80","1,000.50","1,034.00","1,345,056"
"22-Apr-2025","1,060.00","1,060.40","1,037.00","1,044.20","2,153,582"
"23-Apr-2025","1,051.00","1,053.90","1,028.50","1,039.20","893,969"
"24-Apr-2025","1,035.50","1,047.50","1,029.50","1,044.50","1,242,921"
"25-Apr-2025","1,050.00","1,056.90","1,017.60","1,028.40","2,784,217"
"28-Apr-2025","1,021.40","1,058.90","1,019.20","1,054.40","1,485,915"
"29-Apr-2025","1,055.00","1,061.60","1,034.10","1,035.60","1,206,750"
"30-Apr-2025","1,030.00","1,042.30","1,021.00","1,029.80","1,755,328"
"02-May-2025","1,021.20","1,037.00","948.30","973.20","7,915,918"
"05-May-2025","959.80","972.40","952.70","955.50","1,646,426"
"06-May-2025","960.00","971.90","955.00","967.50","1,462,046"
"07-May-2025","957.90","975.00","957.90","966.10","1,014,461"
"08-May-2025","962.50","969.50","949.00","953.20","1,646,385"
"09-May-2025","935.00","959.00","935.00","957.00","1,481,537"
"12-May-2025","973.00","1,007.70","969.70","1,005.20","1,335,817"
"13-May-2025","1,005.20","1,010.90","988.10","989.90","934,177"
"14-May-2025","995.20","1,012.10","987.00","989.30","1,650,066"
"15-May-2025","993.00","1,040.60","990.00","1,038.30","5,297,654"
"16-May-2025","1,043.40","1,044.60","1,020.30","1,021.80","1,048,380"
"19-May-2025","1,033.90","1,034.00","1,016.70","1,019.60","1,434,608"
"20-May-2025","1,031.00","1,034.50","1,010.80","1,012.70","1,624,336"
"21-May-2025","1,016.00","1,018.90","999.10","1,000.90","875,245"
"22-May-2025","1,002.00","1,011.50","987.90","1,005.60","1,283,310"
"23-May-2025","1,011.00","1,022.50","1,005.10","1,008.50","1,568,154"
"26-May-2025","1,009.20","1,036.00","979.50","1,032.30","4,716,572"
"27-May-2025","1,032.00","1,033.10","1,009.00","1,013.70","1,158,374"
"28-May-2025","1,014.90","1,017.90","998.50","1,001.00","1,790,498"
"29-May-2025","1,020.40","1,023.70","998.20","1,006.20","3,282,246"
"30-May-2025","1,003.00","1,012.50","990.50","993.50","1,710,817"
"02-Jun-2025","987.00","987.00","969.25","978.80","1,790,184"
"03-Jun-2025","980.05","987.35","972.05","973.80","1,138,571"
"04-Jun-2025","973.00","979.50","962.15","968.55","2,398,032"
"05-Jun-2025","972.80","976.90","964.65","968.75","2,182,562"
"06-Jun-2025","968.75","1,010.65","967.65","1,004.90","2,089,570"
"09-Jun-2025","1,006.30","1,017.00","1,001.95","1,008.00","1,864,322"
"10-Jun-2025","1,015.00","1,019.15","1,000.80","1,003.10","1,747,781"
"11-Jun-2025","1,003.95","1,016.00","1,003.95","1,007.10","1,003,090"
"12-Jun-2025","1,007.10","1,010.00","992.55","995.65","2,223,026"
"13-Jun-2025","984.70","994.05","981.35","987.25","1,044,815"
"16-Jun-2025","987.25","1,011.00","984.20","1,003.80","871,032"
"17-Jun-2025","1,004.50","1,010.45","997.90","999.65","1,075,499"
"18-Jun-2025","997.00","998.95","983.75","986.35","854,561"
"19-Jun-2025","986.90","997.95","985.00","996.05","1,391,083"
"20-Jun-2025","993.95","1,024.00","993.60","1,005.55","9,697,195"
"23-Jun-2025","1,005.00","1,005.20","983.50","997.00","1,132,847"
"24-Jun-2025","1,006.00","1,022.55","1,001.30","1,007.00","1,434,360"
"25-Jun-2025","1,008.00","1,027.80","1,008.00","1,024.45","2,029,126"
"26-Jun-2025","1,030.00","1,040.50","1,017.15","1,032.55","3,892,783"
"27-Jun-2025","1,038.45","1,045.70","1,023.20","1,028.90","1,941,604"
"30-Jun-2025","1,033.05","1,033.10","1,014.50","1,020.50","765,716"
"01-Jul-2025","1,023.70","1,031.60","1,016.20","1,029.60","988,673"
"02-Jul-2025","1,031.00","1,064.90","1,031.00","1,059.90","3,166,924"
"03-Jul-2025","1,065.00","1,067.80","1,042.60","1,046.10","1,703,765"
"04-Jul-2025","1,051.70","1,051.70","1,032.10","1,041.40","961,108"
"07-Jul-2025","1,041.00","1,045.00","1,035.30","1,042.60","871,937"
"08-Jul-2025","1,042.00","1,049.60","1,039.30","1,045.00","828,011"
"09-Jul-2025","1,051.70","1,052.00","1,033.40","1,040.40","1,666,607"
"10-Jul-2025","1,040.90","1,049.60","1,034.10","1,043.30","1,101,654"
"11-Jul-2025","1,043.00","1,051.20","1,034.10","1,037.20","931,901"
"14-Jul-2025","1,040.00","1,044.90","1,031.80","1,038.90","1,238,524"
"15-Jul-2025","1,044.70","1,044.70","1,028.20","1,035.00","982,842"
"16-Jul-2025","1,034.00","1,035.00","1,020.50","1,029.80","1,099,243"
"17-Jul-2025","1,030.50","1,041.70","1,023.50","1,034.20","1,553,977"
"18-Jul-2025","1,039.00","1,053.50","1,027.00","1,034.40","1,694,015"
"21-Jul-2025","1,051.00","1,053.50","1,018.30","1,034.80","2,771,028"
"22-Jul-2025","1,038.60","1,043.20","1,028.60","1,030.70","1,237,568"
"23-Jul-2025","1,034.00","1,037.80","1,025.00","1,033.80","1,192,492"
"24-Jul-2025","1,039.00","1,048.80","1,031.80","1,033.80","1,462,398"
"25-Jul-2025","1,033.80","1,035.00","1,020.10","1,026.90","912,255"
"28-Jul-2025","1,029.00","1,034.00","1,017.40","1,028.80","1,839,488"
"29-Jul-2025","1,023.80","1,051.30","1,023.80","1,034.90","2,215,340"
"30-Jul-2025","1,046.40","1,052.30","1,031.70","1,037.90","1,781,038"
"31-Jul-2025","1,018.00","1,058.60","1,018.00","1,048.30","3,144,726"
"01-Aug-2025","1,054.00","1,054.00","1,023.60","1,027.80","1,604,653"
"04-Aug-2025","1,029.70","1,058.90","1,026.40","1,055.90","1,835,680"
"05-Aug-2025","1,059.00","1,063.40","1,048.70","1,053.40","1,524,968"
"06-Aug-2025","1,059.00","1,061.50","1,045.80","1,052.60","1,797,515"
"07-Aug-2025","1,052.60","1,074.90","1,046.00","1,064.80","1,837,589"
"08-Aug-2025","1,070.00","1,071.40","1,041.70","1,049.20","2,234,463"
"11-Aug-2025","1,049.20","1,065.00","1,046.30","1,052.70","1,492,814"
"12-Aug-2025","1,054.80","1,059.90","1,045.60","1,048.20","1,231,299"
"13-Aug-2025","1,052.20","1,059.60","1,050.30","1,053.70","1,125,769"
"14-Aug-2025","1,055.00","1,058.10","1,038.90","1,045.50","870,899"
"18-Aug-2025","1,060.00","1,084.00","1,050.00","1,079.80","3,252,940"
"19-Aug-2025","1,080.00","1,088.00","1,070.70","1,073.40","1,867,228"
"20-Aug-2025","1,072.00","1,089.20","1,067.30","1,082.60","1,321,114"
"21-Aug-2025","1,080.60","1,086.10","1,069.30","1,071.80","2,069,244"
"22-Aug-2025","1,068.50","1,071.40","1,051.30","1,054.60","1,950,366"
"25-Aug-2025","1,059.50","1,062.70","1,049.80","1,057.80","1,552,036"
"26-Aug-2025","1,051.20","1,057.00","1,044.70","1,047.10","1,758,169"
"28-Aug-2025","1,047.10","1,055.10","1,033.90","1,035.80","1,313,061"
"29-Aug-2025","1,032.00","1,038.30","1,022.30","1,026.60","1,062,037"
"01-Sep-2025","1,026.60","1,038.60","1,026.10","1,035.50","624,424"
"02-Sep-2025","1,035.60","1,049.50","1,031.20","1,044.00","1,071,341"
"03-Sep-2025","1,042.00","1,079.90","1,040.00","1,072.20","3,357,124"
"04-Sep-2025","1,075.00","1,076.40","1,066.10","1,072.40","922,622"
"05-Sep-2025","1,069.00","1,076.60","1,063.00","1,073.10","748,933"
"08-Sep-2025","1,080.10","1,112.30","1,080.10","1,101.40","3,219,380"
"09-Sep-2025","1,100.00","1,110.00","1,095.70","1,104.50","1,058,374"
"10-Sep-2025","1,108.00","1,115.50","1,097.30","1,101.20","1,305,818"
"11-Sep-2025","1,101.20","1,108.00","1,095.20","1,099.00","852,085"
"12-Sep-2025","1,099.00","1,107.90","1,093.00","1,099.00","1,057,815"
"15-Sep-2025","1,100.00","1,105.00","1,090.50","1,100.90","565,667"
"16-Sep-2025","1,100.50","1,117.90","1,100.00","1,115.20","1,644,497"
"17-Sep-2025","1,119.50","1,122.60","1,107.10","1,111.00","950,577"
"18-Sep-2025","1,111.90","1,122.90","1,105.00","1,121.10","824,725"
"19-Sep-2025","1,121.10","1,126.00","1,113.70","1,122.80","1,351,221"
"22-Sep-2025","1,122.00","1,126.80","1,111.60","1,117.00","786,218"
"23-Sep-2025","1,125.00","1,148.00","1,117.10","1,138.40","2,075,493"
"24-Sep-2025","1,138.40","1,161.00","1,133.00","1,149.10","2,111,388"
"25-Sep-2025","1,149.10","1,157.50","1,140.00","1,148.50","1,581,307"
"26-Sep-2025","1,155.00","1,167.90","1,127.90","1,130.80","2,999,892"
"29-Sep-2025","1,130.00","1,143.90","1,119.70","1,122.20","2,615,670"
"30-Sep-2025","1,128.80","1,149.90","1,127.10","1,142.70","2,771,126"
"01-Oct-2025","1,145.00","1,148.60","1,132.20","1,146.10","1,129,506"
"03-Oct-2025","1,146.10","1,175.80","1,145.90","1,161.70","2,179,883"
"06-Oct-2025","1,161.70","1,164.90","1,149.20","1,159.90","1,013,304"
"07-Oct-2025","1,159.90","1,173.00","1,154.20","1,156.80","1,565,661"
"08-Oct-2025","1,158.00","1,162.70","1,142.70","1,145.20","737,972"
"09-Oct-2025","1,146.00","1,178.80","1,146.00","1,175.20","2,001,612"
"10-Oct-2025","1,174.00","1,175.00","1,156.40","1,167.80","1,457,768"
"13-Oct-2025","1,160.90","1,164.90","1,153.60","1,161.40","488,298"
"14-Oct-2025","1,165.00","1,169.60","1,139.40","1,147.80","1,408,990"
"15-Oct-2025","1,147.80","1,163.70","1,145.00","1,160.80","1,284,749"
"16-Oct-2025","1,165.00","1,173.50","1,158.60","1,172.10","655,759"
"17-Oct-2025","1,175.00","1,178.00","1,149.60","1,163.30","2,207,267"
"20-Oct-2025","1,174.60","1,174.60","1,139.40","1,145.20","1,214,428"
"21-Oct-2025","1,150.00","1,154.70","1,148.60","1,152.50","115,719"
"23-Oct-2025","1,161.00","1,162.50","1,135.10","1,138.20","1,740,322"
"24-Oct-2025","1,140.00","1,151.00","1,131.50","1,141.40","1,320,560"
"27-Oct-2025","1,147.80","1,156.70","1,143.20","1,150.60","1,275,776"
"28-Oct-2025","1,145.60","1,186.40","1,145.00","1,184.20","3,451,230"
"29-Oct-2025","1,189.20","1,223.90","1,185.50","1,207.90","3,819,737"
"30-Oct-2025","1,207.90","1,211.60","1,199.40","1,210.00","1,273,913"
"31-Oct-2025","1,210.00","1,216.00","1,199.00","1,206.00","1,337,807"
"03-Nov-2025","1,213.90","1,217.50","1,190.00","1,195.00","1,486,643"
"04-Nov-2025","1,202.60","1,202.60","1,175.20","1,181.40","1,110,884"
"06-Nov-2025","1,181.40","1,183.50","1,161.60","1,168.80","1,304,994"
"07-Nov-2025","1,160.10","1,182.90","1,151.20","1,171.70","845,047"
"10-Nov-2025","1,174.00","1,185.00","1,172.00","1,179.30","740,226"
"11-Nov-2025","1,187.00","1,206.70","1,166.10","1,191.50","1,588,730"
"12-Nov-2025","1,192.00","1,194.90","1,178.00","1,181.80","976,290"
"13-Nov-2025","1,191.70","1,200.40","1,178.10","1,183.90","1,427,189"
"14-Nov-2025","1,182.10","1,182.90","1,159.00","1,167.80","1,059,030"
"17-Nov-2025","1,173.90","1,178.00","1,165.40","1,175.50","1,102,752"
"18-Nov-2025","1,179.90","1,179.90","1,152.90","1,163.00","1,912,105"
"19-Nov-2025","1,167.50","1,170.90","1,157.60","1,164.90","522,344"
"20-Nov-2025","1,170.60","1,174.90","1,161.00","1,170.00","908,758"
"21-Nov-2025","1,166.00","1,166.90","1,133.10","1,140.30","1,045,627"
"24-Nov-2025","1,142.00","1,145.00","1,104.30","1,106.00","2,209,717"
"25-Nov-2025","1,107.30","1,123.90","1,107.30","1,112.00","1,394,051"
"26-Nov-2025","1,112.00","1,157.00","1,112.00","1,154.40","2,167,703"
"27-Nov-2025","1,159.00","1,163.00","1,136.30","1,160.60","2,342,042"
"28-Nov-2025","1,160.00","1,172.60","1,153.30","1,160.30","1,243,394"
"01-Dec-2025","1,164.90","1,185.00","1,157.30","1,168.40","3,039,396"
"02-Dec-2025","1,168.40","1,172.80","1,159.30","1,162.00","2,834,317"
"03-Dec-2025","1,162.00","1,171.20","1,104.90","1,143.60","6,026,786"
"04-Dec-2025","1,159.00","1,165.00","1,143.10","1,150.60","2,285,777"
"05-Dec-2025","1,150.00","1,170.00","1,143.40","1,162.20","2,326,439"
"08-Dec-2025","1,164.90","1,168.00","1,114.80","1,119.10","1,727,184"
"09-Dec-2025","1,118.00","1,120.60","1,099.30","1,107.80","1,947,088"
"10-Dec-2025","1,101.30","1,113.10","1,090.00","1,096.80","1,222,924"
"11-Dec-2025","1,100.90","1,111.30","1,095.50","1,105.40","759,090"
"12-Dec-2025","1,110.00","1,128.80","1,108.80","1,125.50","827,546"
"15-Dec-2025","1,120.10","1,122.60","1,110.00","1,114.80","1,017,965"
"16-Dec-2025","1,114.00","1,114.00","1,080.50","1,082.60","2,000,325"
"17-Dec-2025","1,088.30","1,093.70","1,075.60","1,079.30","1,781,774"
"18-Dec-2025","1,079.00","1,091.50","1,073.20","1,082.20","1,134,603"
"19-Dec-2025","1,091.00","1,091.00","1,075.70","1,079.60","1,068,212"
"22-Dec-2025","1,085.00","1,100.30","1,077.70","1,094.90","1,086,319"
"23-Dec-2025","1,095.00","1,102.90","1,092.00","1,096.80","961,759"
"24-Dec-2025","1,099.50","1,103.30","1,088.10","1,091.30","806,530"
"26-Dec-2025","1,092.10","1,099.70","1,082.00","1,094.40","1,317,269"
"29-Dec-2025","1,100.00","1,111.00","1,089.40","1,092.60","3,084,525"
"30-Dec-2025","1,093.00","1,114.00","1,089.50","1,111.60","1,609,086"
"31-Dec-2025","1,156.00","1,169.00","1,132.60","1,164.80","5,881,898"
"26-Feb-2026","1,275.50","1,282.30","1,270.00","1,281.00","1,035,225"
"27-Feb-2026","1,272.00","1,277.80","1,260.50","1,271.00","2,047,707"
