"Date","Open","High","Low","Close","Volume"
"01-Jan-2019","1,112.70","1,116.00","1,095.15","1,101.95","191,084"
"02-Jan-2019","1,103.10","1,116.20","1,088.30","1,107.65","410,838"
"03-Jan-2019","1,102.40","1,119.40","1,100.50","1,109.25","261,246"
"04-Jan-2019","1,109.30","1,118.40","1,103.30","1,105.70","272,802"
"07-Jan-2019","1,108.25","1,114.80","1,092.70","1,102.60","225,286"
"08-Jan-2019","1,103.00","1,108.00","1,092.60","1,102.90","211,092"
"09-Jan-2019","1,104.30","1,117.00","1,093.35","1,098.10","626,835"
"10-Jan-2019","1,095.00","1,127.25","1,087.00","1,115.15","847,082"
"11-Jan-2019","1,116.00","1,133.00","1,103.60","1,109.25","1,029,534"
"14-Jan-2019","1,114.90","1,140.75","1,100.00","1,134.65","1,001,695"
"15-Jan-2019","1,139.90","1,178.75","1,135.70","1,168.90","1,538,604"
"16-Jan-2019","1,164.50","1,171.70","1,150.20","1,154.00","408,227"
"17-Jan-2019","1,156.95","1,165.65","1,148.70","1,151.55","323,531"
"18-Jan-2019","1,152.00","1,162.60","1,140.35","1,148.80","289,024"
"21-Jan-2019","1,150.00","1,168.00","1,144.00","1,155.15","329,568"
"22-Jan-2019","1,160.00","1,167.50","1,145.45","1,152.80","553,067"
"23-Jan-2019","1,160.60","1,161.95","1,128.50","1,131.45","544,213"
"24-Jan-2019","1,110.05","1,139.45","1,091.00","1,109.35","2,220,551"
"25-Jan-2019","1,119.00","1,137.60","1,109.15","1,129.80","1,102,595"
"28-Jan-2019","1,132.00","1,135.00","1,098.10","1,102.00","428,568"
"29-Jan-2019","1,100.65","1,119.90","1,091.25","1,105.85","313,627"
"30-Jan-2019","1,100.00","1,118.00","1,072.15","1,110.10","1,000,557"
"31-Jan-2019","1,106.10","1,125.00","1,091.50","1,119.75","1,103,140"
"01-Feb-2019","1,120.95","1,144.00","1,112.50","1,122.80","944,639"
"04-Feb-2019","1,114.00","1,133.95","1,096.10","1,121.20","740,899"
"05-Feb-2019","1,125.55","1,134.20","1,115.95","1,119.30","360,603"
"06-Feb-2019","1,120.05","1,132.25","1,114.10","1,125.00","242,917"
"07-Feb-2019","1,120.00","1,167.90","1,120.00","1,163.65","683,439"
"08-Feb-2019","1,160.05","1,167.10","1,142.10","1,150.10","504,854"
"11-Feb-2019","1,150.00","1,161.90","1,117.25","1,125.55","296,657"
"12-Feb-2019","1,127.00","1,142.90","1,108.50","1,135.85","667,613"
"13-Feb-2019","1,143.95","1,144.35","1,121.50","1,129.65","297,669"
"14-Feb-2019","1,130.05","1,131.90","1,111.10","1,113.40","290,641"
"15-Feb-2019","1,113.90","1,117.85","1,080.15","1,096.10","565,406"
"18-Feb-2019","1,096.95","1,105.00","1,046.20","1,079.75","1,090,272"
"19-Feb-2019","1,079.90","1,093.00","1,052.15","1,056.30","570,531"
"20-Feb-2019","1,056.50","1,084.70","1,056.50","1,074.95","385,171"
"21-Feb-2019","1,075.10","1,083.00","1,066.15","1,073.95","267,663"
"22-Feb-2019","1,071.40","1,086.85","1,065.50","1,076.70","289,402"
"25-Feb-2019","1,077.10","1,111.80","1,076.00","1,105.70","672,893"
"26-Feb-2019","1,104.00","1,132.00","1,080.00","1,126.60","474,694"
"27-Feb-2019","1,123.55","1,154.00","1,114.05","1,147.25","1,053,018"
"28-Feb-2019","1,150.00","1,161.90","1,140.35","1,152.45","628,267"
"01-Mar-2019","1,151.00","1,158.75","1,132.10","1,144.15","359,987"
"05-Mar-2019","1,150.00","1,154.50","1,136.20","1,142.30","282,747"
"06-Mar-2019","1,146.95","1,169.70","1,136.80","1,142.05","944,322"
"07-Mar-2019","1,144.50","1,149.90","1,130.00","1,133.95","310,567"
"08-Mar-2019","1,136.45","1,139.95","1,112.20","1,124.50","442,801"
"11-Mar-2019","1,125.55","1,141.65","1,124.30","1,138.15","390,822"
"12-Mar-2019","1,145.15","1,149.40","1,128.00","1,131.75","696,383"
"13-Mar-2019","1,134.05","1,182.00","1,131.15","1,176.40","1,467,625"
"14-Mar-2019","1,190.00","1,190.00","1,162.10","1,169.95","1,351,930"
"15-Mar-2019","1,171.00","1,193.85","1,160.00","1,165.45","718,477"
"18-Mar-2019","1,167.50","1,181.70","1,161.00","1,175.35","325,288"
"19-Mar-2019","1,175.25","1,190.00","1,170.10","1,176.40","436,846"
"20-Mar-2019","1,182.00","1,187.00","1,165.00","1,176.75","434,584"
"22-Mar-2019","1,175.00","1,200.00","1,175.00","1,185.00","668,502"
"25-Mar-2019","1,177.00","1,185.00","1,167.00","1,179.55","222,241"
"26-Mar-2019","1,174.10","1,240.00","1,174.10","1,226.55","2,027,145"
"27-Mar-2019","1,230.00","1,237.05","1,213.55","1,224.00","900,753"
"28-Mar-2019","1,225.00","1,243.50","1,217.00","1,225.95","739,727"
"29-Mar-2019","1,234.00","1,250.00","1,226.50","1,246.25","655,264"
"01-Apr-2019","1,250.00","1,266.00","1,245.65","1,252.65","526,908"
"02-Apr-2019","1,259.95","1,265.00","1,242.00","1,258.10","381,462"
"03-Apr-2019","1,263.55","1,297.00","1,252.55","1,277.00","1,154,984"
"04-Apr-2019","1,284.95","1,294.50","1,263.50","1,288.10","1,011,307"
"05-Apr-2019","1,289.00","1,295.95","1,280.20","1,286.60","273,778"
"08-Apr-2019","1,285.00","1,289.20","1,272.10","1,284.95","343,351"
"09-Apr-2019","1,278.55","1,278.90","1,263.65","1,274.65","318,969"
"10-Apr-2019","1,270.00","1,286.20","1,270.00","1,282.15","274,600"
"11-Apr-2019","1,281.00","1,295.55","1,270.05","1,277.35","396,839"
"12-Apr-2019","1,280.80","1,294.00","1,277.35","1,290.20","327,863"
"15-Apr-2019","1,284.25","1,312.60","1,280.00","1,300.80","617,495"
"16-Apr-2019","1,300.00","1,303.00","1,287.50","1,291.75","209,130"
"18-Apr-2019","1,284.95","1,302.70","1,252.10","1,255.50","487,810"
"22-Apr-2019","1,250.00","1,251.95","1,223.50","1,229.95","292,709"
"23-Apr-2019","1,225.80","1,230.00","1,195.00","1,206.85","749,531"
"24-Apr-2019","1,213.00","1,227.50","1,210.00","1,221.95","387,858"
"25-Apr-2019","1,223.50","1,238.30","1,205.00","1,208.10","857,055"
"26-Apr-2019","1,217.80","1,229.85","1,208.00","1,221.40","341,399"
"30-Apr-2019","1,224.00","1,243.00","1,211.60","1,234.55","506,068"
"02-May-2019","1,229.00","1,255.00","1,225.20","1,228.80","1,283,973"
"03-May-2019","1,238.45","1,238.45","1,193.55","1,201.50","624,114"
"06-May-2019","1,200.00","1,200.00","1,178.00","1,187.85","612,571"
"07-May-2019","1,189.35","1,199.90","1,174.00","1,178.70","345,642"
"08-May-2019","1,178.30","1,183.20","1,157.70","1,164.35","422,536"
"09-May-2019","1,167.00","1,178.65","1,154.45","1,159.50","307,441"
"10-May-2019","1,160.00","1,178.75","1,153.00","1,167.85","303,672"
"13-May-2019","1,167.20","1,174.10","1,150.05","1,154.45","214,577"
"14-May-2019","1,150.00","1,157.25","1,131.30","1,139.20","537,325"
"15-May-2019","1,099.00","1,178.70","1,095.00","1,164.55","2,844,997"
"16-May-2019","1,155.30","1,169.70","1,145.05","1,153.85","550,396"
"17-May-2019","1,157.40","1,174.80","1,148.40","1,162.20","619,197"
"20-May-2019","1,180.00","1,230.00","1,171.60","1,217.00","759,417"
"21-May-2019","1,218.00","1,218.00","1,186.10","1,199.85","528,609"
"22-May-2019","1,204.90","1,215.95","1,182.55","1,211.60","401,367"
"23-May-2019","1,216.65","1,230.00","1,195.45","1,199.60","511,235"
"24-May-2019","1,208.00","1,250.00","1,185.25","1,237.60","993,693"
"27-May-2019","1,234.80","1,241.85","1,216.90","1,229.00","500,765"
"28-May-2019","1,234.00","1,275.00","1,224.60","1,266.15","1,320,148"
"29-May-2019","1,264.45","1,275.00","1,250.05","1,271.00","516,483"
"30-May-2019","1,269.80","1,282.05","1,260.00","1,268.70","660,117"
"31-May-2019","1,268.00","1,301.40","1,264.10","1,289.65","1,080,171"
"03-Jun-2019","1,297.70","1,304.20","1,282.40","1,295.70","595,015"
"04-Jun-2019","1,292.80","1,293.05","1,273.50","1,279.50","659,730"
"06-Jun-2019","1,287.00","1,287.00","1,261.00","1,270.20","537,351"
"07-Jun-2019","1,265.55","1,266.40","1,246.00","1,255.70","719,114"
"10-Jun-2019","1,264.80","1,291.80","1,261.50","1,283.45","602,858"
"11-Jun-2019","1,282.00","1,304.80","1,282.00","1,288.65","543,616"
"12-Jun-2019","1,295.00","1,295.05","1,275.30","1,279.85","485,348"
"13-Jun-2019","1,272.00","1,272.00","1,247.10","1,250.90","866,196"
"14-Jun-2019","1,250.05","1,250.90","1,238.45","1,244.00","807,664"
"17-Jun-2019","1,244.00","1,255.00","1,235.15","1,242.05","521,993"
"18-Jun-2019","1,242.35","1,245.70","1,232.00","1,237.80","452,457"
"19-Jun-2019","1,241.05","1,262.60","1,236.00","1,245.40","473,742"
"20-Jun-2019","1,245.10","1,261.35","1,235.05","1,251.65","571,910"
"21-Jun-2019","1,241.10","1,250.65","1,212.00","1,233.00","744,514"
"24-Jun-2019","1,227.00","1,232.40","1,215.15","1,226.30","201,599"
"25-Jun-2019","1,225.00","1,241.05","1,221.00","1,233.55","365,236"
"26-Jun-2019","1,228.00","1,240.00","1,215.30","1,226.00","654,584"
"27-Jun-2019","1,224.25","1,232.00","1,216.80","1,223.15","583,606"
"28-Jun-2019","1,226.00","1,231.85","1,209.10","1,214.45","453,474"
"01-Jul-2019","1,217.00","1,222.00","1,199.55","1,206.45","385,209"
"02-Jul-2019","1,212.00","1,216.25","1,201.15","1,210.00","625,099"
"03-Jul-2019","1,216.30","1,226.00","1,214.25","1,220.95","526,010"
"04-Jul-2019","1,220.00","1,242.20","1,220.00","1,226.85","755,871"
"05-Jul-2019","1,229.50","1,238.50","1,200.05","1,206.25","785,473"
"08-Jul-2019","1,205.00","1,205.00","1,180.00","1,199.60","248,508"
"09-Jul-2019","1,200.00","1,200.00","1,168.10","1,177.75","419,030"
"10-Jul-2019","1,178.25","1,187.75","1,173.00","1,183.25","195,181"
"11-Jul-2019","1,184.05","1,194.00","1,173.70","1,187.30","308,722"
"12-Jul-2019","1,184.15","1,194.50","1,179.80","1,185.25","170,431"
"15-Jul-2019","1,186.00","1,207.95","1,180.55","1,201.80","372,252"
"16-Jul-2019","1,201.00","1,226.00","1,192.05","1,218.00","292,887"
"17-Jul-2019","1,225.00","1,239.90","1,225.00","1,229.25","499,648"
"18-Jul-2019","1,229.00","1,235.50","1,216.20","1,227.85","531,894"
"19-Jul-2019","1,229.00","1,230.40","1,192.05","1,195.35","468,517"
"22-Jul-2019","1,189.35","1,200.35","1,176.00","1,198.20","238,547"
"23-Jul-2019","1,204.00","1,211.00","1,188.00","1,206.45","381,708"
"24-Jul-2019","1,206.25","1,249.00","1,182.50","1,232.75","629,591"
"25-Jul-2019","1,238.00","1,244.25","1,220.00","1,234.55","529,053"
"26-Jul-2019","1,234.00","1,254.00","1,226.00","1,243.90","641,034"
"29-Jul-2019","1,238.90","1,246.20","1,223.55","1,240.70","340,985"
"30-Jul-2019","1,244.00","1,250.80","1,225.00","1,228.70","517,788"
"31-Jul-2019","1,232.95","1,245.00","1,215.85","1,240.60","524,318"
"01-Aug-2019","1,243.45","1,244.50","1,198.35","1,211.40","743,010"
"02-Aug-2019","1,208.65","1,269.40","1,186.10","1,256.70","1,054,407"
"05-Aug-2019","1,249.00","1,277.75","1,240.35","1,273.00","1,115,406"
"06-Aug-2019","1,269.80","1,323.70","1,267.10","1,308.70","1,783,908"
"07-Aug-2019","1,320.00","1,320.85","1,284.40","1,289.90","1,043,113"
"08-Aug-2019","1,296.65","1,333.00","1,286.00","1,328.85","883,898"
"09-Aug-2019","1,338.90","1,358.65","1,334.30","1,351.75","964,952"
"13-Aug-2019","1,349.00","1,371.00","1,337.30","1,344.10","733,999"
"14-Aug-2019","1,349.00","1,359.90","1,331.20","1,347.20","532,645"
"16-Aug-2019","1,355.00","1,373.00","1,340.00","1,369.45","457,314"
"19-Aug-2019","1,370.00","1,384.00","1,355.85","1,369.10","515,584"
"20-Aug-2019","1,370.00","1,383.95","1,360.85","1,371.20","710,199"
"21-Aug-2019","1,372.00","1,377.95","1,361.00","1,366.30","329,601"
"22-Aug-2019","1,369.30","1,369.35","1,345.55","1,361.35","391,405"
"23-Aug-2019","1,359.95","1,374.00","1,355.05","1,359.70","337,283"
"26-Aug-2019","1,370.00","1,389.70","1,347.00","1,386.35","327,470"
"27-Aug-2019","1,390.00","1,400.00","1,369.25","1,371.85","716,166"
"28-Aug-2019","1,376.00","1,388.00","1,363.15","1,378.35","423,936"
"29-Aug-2019","1,372.95","1,385.00","1,358.35","1,374.15","400,836"
"30-Aug-2019","1,377.95","1,382.50","1,364.80","1,377.70","427,560"
"03-Sep-2019","1,376.90","1,381.65","1,345.05","1,348.65","328,575"
"04-Sep-2019","1,351.95","1,364.20","1,335.05","1,360.65","391,782"
"05-Sep-2019","1,361.95","1,372.95","1,356.05","1,369.35","291,419"
"06-Sep-2019","1,370.10","1,376.85","1,359.35","1,372.15","182,002"
"09-Sep-2019","1,374.00","1,380.50","1,366.10","1,374.70","210,738"
"11-Sep-2019","1,379.00","1,382.95","1,366.00","1,374.90","386,590"
"12-Sep-2019","1,374.00","1,388.65","1,365.10","1,371.45","447,645"
"13-Sep-2019","1,374.90","1,381.00","1,365.60","1,377.50","374,292"
"16-Sep-2019","1,364.00","1,365.00","1,335.65","1,359.15","513,106"
"17-Sep-2019","1,356.40","1,356.40","1,316.00","1,322.30","730,346"
"18-Sep-2019","1,307.20","1,325.50","1,292.00","1,309.75","1,262,241"
"19-Sep-2019","1,305.00","1,311.80","1,292.05","1,294.55","298,617"
"20-Sep-2019","1,300.00","1,422.00","1,288.00","1,408.75","1,553,642"
"23-Sep-2019","1,435.00","1,492.00","1,430.00","1,481.35","947,082"
"24-Sep-2019","1,492.70","1,493.50","1,450.80","1,456.80","454,330"
"25-Sep-2019","1,456.80","1,456.80","1,411.10","1,438.70","352,260"
"26-Sep-2019","1,442.20","1,461.80","1,437.90","1,454.10","392,306"
"27-Sep-2019","1,449.90","1,489.80","1,440.45","1,476.80","538,268"
"30-Sep-2019","1,477.00","1,477.00","1,431.10","1,443.75","426,995"
"01-Oct-2019","1,450.25","1,467.25","1,427.25","1,439.25","424,063"
"03-Oct-2019","1,444.90","1,447.90","1,377.55","1,393.15","435,985"
"04-Oct-2019","1,393.95","1,398.30","1,364.00","1,367.85","503,733"
"07-Oct-2019","1,368.00","1,378.30","1,353.10","1,366.00","212,755"
"09-Oct-2019","1,371.80","1,376.00","1,334.00","1,336.55","1,136,102"
"10-Oct-2019","1,336.00","1,369.45","1,323.00","1,358.85","609,318"
"11-Oct-2019","1,364.15","1,382.00","1,361.20","1,365.90","372,552"
"14-Oct-2019","1,370.05","1,384.80","1,359.00","1,362.25","371,171"
"15-Oct-2019","1,369.00","1,389.55","1,351.55","1,379.25","399,563"
"16-Oct-2019","1,380.00","1,384.90","1,358.05","1,360.90","562,026"
"17-Oct-2019","1,361.00","1,374.85","1,353.00","1,357.20","1,002,807"
"18-Oct-2019","1,360.00","1,378.00","1,344.00","1,351.50","826,406"
"22-Oct-2019","1,360.50","1,382.00","1,344.05","1,350.20","1,264,508"
"23-Oct-2019","1,358.65","1,362.40","1,321.00","1,325.25","803,210"
"24-Oct-2019","1,335.00","1,367.95","1,331.50","1,362.80","544,438"
"25-Oct-2019","1,368.90","1,379.90","1,333.00","1,338.75","957,873"
"27-Oct-2019","1,350.00","1,354.90","1,345.45","1,351.00","80,658"
"29-Oct-2019","1,358.00","1,366.50","1,351.20","1,360.65","667,979"
"30-Oct-2019","1,374.00","1,374.00","1,349.20","1,365.20","532,190"
"31-Oct-2019","1,366.55","1,414.00","1,366.55","1,401.60","1,316,249"
"01-Nov-2019","1,409.00","1,424.45","1,393.10","1,397.95","695,464"
"04-Nov-2019","1,408.00","1,408.00","1,385.00","1,399.45","461,969"
"05-Nov-2019","1,405.00","1,405.00","1,377.00","1,388.80","425,650"
"06-Nov-2019","1,396.80","1,397.40","1,368.60","1,371.10","485,868"
"07-Nov-2019","1,380.00","1,385.85","1,366.40","1,382.60","331,074"
"08-Nov-2019","1,382.10","1,388.70","1,345.50","1,354.15","422,960"
"11-Nov-2019","1,360.00","1,361.05","1,318.00","1,321.10","540,826"
"13-Nov-2019","1,321.00","1,346.40","1,314.60","1,324.00","1,386,806"
"14-Nov-2019","1,318.00","1,349.90","1,307.75","1,344.40","1,435,858"
"15-Nov-2019","1,345.00","1,345.00","1,314.35","1,316.65","699,645"
"18-Nov-2019","1,319.45","1,322.95","1,301.00","1,305.25","563,361"
"19-Nov-2019","1,305.00","1,306.00","1,288.00","1,298.15","694,313"
"20-Nov-2019","1,300.10","1,333.00","1,300.10","1,328.10","867,482"
"21-Nov-2019","1,330.55","1,334.50","1,296.00","1,299.75","494,379"
"22-Nov-2019","1,303.00","1,316.45","1,288.45","1,297.90","415,673"
"25-Nov-2019","1,305.90","1,306.10","1,278.00","1,300.35","633,584"
"26-Nov-2019","1,303.00","1,324.20","1,295.15","1,305.60","1,030,141"
"27-Nov-2019","1,313.70","1,321.80","1,306.00","1,313.25","365,347"
"28-Nov-2019","1,313.25","1,327.50","1,304.65","1,310.60","619,223"
"29-Nov-2019","1,312.00","1,320.00","1,300.00","1,303.00","289,052"
"02-Dec-2019","1,310.00","1,324.85","1,290.00","1,320.25","488,429"
"03-Dec-2019","1,325.40","1,331.00","1,315.55","1,321.60","416,328"
"04-Dec-2019","1,320.00","1,327.95","1,313.15","1,320.35","237,371"
"05-Dec-2019","1,319.90","1,325.00","1,307.55","1,310.95","310,467"
"06-Dec-2019","1,312.90","1,338.00","1,308.15","1,315.70","639,145"
"09-Dec-2019","1,318.90","1,335.00","1,314.00","1,327.10","345,045"
"10-Dec-2019","1,327.35","1,331.80","1,317.50","1,319.55","231,499"
"11-Dec-2019","1,320.95","1,333.00","1,320.10","1,330.35","178,858"
"12-Dec-2019","1,330.00","1,340.00","1,323.65","1,331.05","349,820"
"13-Dec-2019","1,337.90","1,337.90","1,318.70","1,324.45","287,140"
"16-Dec-2019","1,324.45","1,335.40","1,312.75","1,315.25","209,369"
"17-Dec-2019","1,320.90","1,331.15","1,308.00","1,327.55","323,935"
"18-Dec-2019","1,328.80","1,373.00","1,327.75","1,364.70","993,482"
"19-Dec-2019","1,369.90","1,384.00","1,367.00","1,376.80","1,005,159"
"20-Dec-2019","1,377.10","1,385.20","1,374.00","1,377.55","558,189"
"23-Dec-2019","1,376.00","1,386.70","1,361.65","1,377.10","244,310"
"24-Dec-2019","1,380.00","1,387.85","1,365.00","1,376.90","222,884"
"26-Dec-2019","1,384.10","1,396.00","1,377.00","1,390.10","577,261"
"27-Dec-2019","1,398.00","1,406.20","1,390.50","1,398.25","454,312"
"30-Dec-2019","1,402.00","1,409.40","1,395.05","1,406.65","216,539"
"31-Dec-2019","1,400.95","1,406.85","1,385.15","1,386.90","274,758"
"01-Jan-2020","1,388.05","1,412.00","1,387.00","1,405.35","252,523"
"02-Jan-2020","1,405.00","1,411.00","1,395.50","1,399.05","206,412"
"03-Jan-2020","1,395.50","1,402.90","1,391.55","1,397.65","243,932"
"06-Jan-2020","1,387.35","1,394.90","1,381.95","1,387.70","789,499"
"07-Jan-2020","1,390.10","1,431.85","1,390.00","1,399.70","863,685"
"08-Jan-2020","1,392.10","1,407.30","1,389.00","1,403.55","259,791"
"09-Jan-2020","1,410.55","1,425.45","1,407.10","1,414.40","510,894"
"10-Jan-2020","1,420.00","1,432.85","1,409.15","1,415.15","2,584,478"
"13-Jan-2020","1,419.90","1,434.40","1,415.10","1,425.50","297,267"
"14-Jan-2020","1,425.50","1,431.70","1,417.00","1,427.20","285,820"
"15-Jan-2020","1,426.80","1,438.70","1,415.10","1,432.05","392,459"
"16-Jan-2020","1,431.25","1,456.00","1,430.05","1,452.65","569,179"
"17-Jan-2020","1,453.50","1,455.20","1,434.20","1,447.85","489,591"
"20-Jan-2020","1,450.00","1,465.00","1,438.20","1,440.40","326,309"
"21-Jan-2020","1,439.25","1,440.00","1,412.50","1,414.75","235,201"
"22-Jan-2020","1,423.65","1,444.95","1,418.80","1,428.55","348,810"
"23-Jan-2020","1,429.05","1,447.00","1,420.00","1,444.40","208,565"
"24-Jan-2020","1,440.00","1,461.50","1,436.10","1,457.60","501,998"
"27-Jan-2020","1,458.20","1,481.70","1,451.00","1,476.70","767,088"
"28-Jan-2020","1,474.00","1,479.10","1,452.10","1,461.60","306,007"
"29-Jan-2020","1,466.20","1,509.90","1,466.20","1,496.70","634,978"
"30-Jan-2020","1,535.00","1,545.00","1,495.00","1,520.85","2,558,856"
"31-Jan-2020","1,529.80","1,538.00","1,505.25","1,512.05","769,665"
"01-Feb-2020","1,506.00","1,526.85","1,475.00","1,485.50","316,425"
"03-Feb-2020","1,485.50","1,574.40","1,485.50","1,563.85","1,152,095"
"04-Feb-2020","1,570.00","1,574.00","1,545.90","1,557.00","602,331"
"05-Feb-2020","1,558.65","1,562.00","1,542.10","1,550.95","453,158"
"06-Feb-2020","1,551.30","1,558.75","1,523.50","1,550.40","734,417"
"07-Feb-2020","1,541.00","1,579.90","1,541.00","1,558.90","532,132"
"10-Feb-2020","1,558.90","1,581.80","1,547.00","1,575.95","400,881"
"11-Feb-2020","1,586.00","1,599.00","1,574.05","1,583.35","553,412"
"12-Feb-2020","1,583.35","1,598.00","1,580.40","1,589.25","330,061"
"13-Feb-2020","1,590.00","1,593.00","1,575.10","1,578.00","245,969"
"14-Feb-2020","1,582.10","1,607.00","1,578.60","1,583.35","492,096"
"17-Feb-2020","1,582.10","1,606.00","1,575.10","1,578.40","361,953"
"18-Feb-2020","1,605.00","1,605.00","1,567.50","1,579.85","372,394"
"19-Feb-2020","1,582.90","1,598.80","1,576.60","1,593.75","230,133"
"20-Feb-2020","1,590.10","1,597.80","1,571.70","1,575.30","269,015"
"24-Feb-2020","1,576.00","1,583.95","1,551.50","1,555.50","292,191"
"25-Feb-2020","1,550.10","1,577.00","1,550.10","1,556.15","306,941"
"26-Feb-2020","1,550.00","1,562.95","1,526.20","1,535.70","333,649"
"27-Feb-2020","1,536.00","1,563.80","1,525.00","1,553.05","694,155"
"28-Feb-2020","1,550.00","1,550.00","1,495.60","1,513.10","870,565"
"02-Mar-2020","1,530.00","1,560.00","1,511.10","1,532.75","512,147"
"03-Mar-2020","1,533.10","1,554.95","1,517.05","1,538.60","421,051"
"04-Mar-2020","1,540.10","1,587.00","1,533.55","1,581.85","1,637,076"
"05-Mar-2020","1,608.00","1,645.00","1,592.10","1,629.70","1,515,933"
"06-Mar-2020","1,569.10","1,661.20","1,569.10","1,653.80","1,594,839"
"09-Mar-2020","1,669.00","1,690.00","1,608.10","1,639.45","1,681,937"
"11-Mar-2020","1,622.25","1,709.90","1,620.95","1,699.75","1,821,511"
"12-Mar-2020","1,670.10","1,675.00","1,586.75","1,592.15","1,831,680"
"13-Mar-2020","1,475.00","1,569.20","1,355.05","1,523.80","2,482,379"
"16-Mar-2020","1,502.00","1,515.00","1,457.80","1,480.60","1,162,178"
"17-Mar-2020","1,474.70","1,592.00","1,469.80","1,558.95","1,379,568"
"18-Mar-2020","1,565.05","1,597.95","1,475.00","1,496.30","1,335,464"
"19-Mar-2020","1,440.30","1,497.90","1,328.00","1,445.70","1,545,813"
"20-Mar-2020","1,459.00","1,543.95","1,423.10","1,501.55","998,268"
"23-Mar-2020","1,356.00","1,463.00","1,214.00","1,271.20","1,000,516"
"24-Mar-2020","1,258.50","1,349.70","1,234.10","1,275.10","901,937"
"25-Mar-2020","1,265.00","1,316.30","1,185.55","1,271.10","1,056,223"
"26-Mar-2020","1,314.95","1,328.80","1,252.60","1,267.90","1,049,414"
"27-Mar-2020","1,314.00","1,324.95","1,261.15","1,299.15","1,044,845"
"30-Mar-2020","1,275.00","1,298.95","1,229.30","1,283.20","660,018"
"31-Mar-2020","1,320.00","1,368.05","1,277.95","1,356.40","1,146,704"
"01-Apr-2020","1,355.00","1,374.40","1,290.00","1,297.30","641,314"
"03-Apr-2020","1,299.00","1,300.40","1,196.40","1,215.90","1,310,167"
"07-Apr-2020","1,248.00","1,305.00","1,219.20","1,296.30","986,918"
"08-Apr-2020","1,296.30","1,384.70","1,283.65","1,303.35","894,276"
"09-Apr-2020","1,338.00","1,368.00","1,318.15","1,348.70","602,391"
"13-Apr-2020","1,350.50","1,410.00","1,317.05","1,377.75","1,016,607"
"15-Apr-2020","1,404.55","1,490.40","1,400.00","1,475.00","1,706,028"
"16-Apr-2020","1,480.00","1,494.90","1,466.35","1,475.80","1,028,043"
"17-Apr-2020","1,511.05","1,518.85","1,457.30","1,471.00","761,950"
"20-Apr-2020","1,471.10","1,498.90","1,446.00","1,465.85","618,633"
"21-Apr-2020","1,436.50","1,483.95","1,422.10","1,475.70","1,079,429"
"22-Apr-2020","1,475.70","1,547.00","1,457.10","1,538.25","1,431,177"
"23-Apr-2020","1,548.45","1,584.00","1,531.15","1,539.20","1,389,946"
"24-Apr-2020","1,532.10","1,576.80","1,500.15","1,505.20","1,241,873"
"27-Apr-2020","1,525.00","1,558.00","1,505.15","1,540.50","922,147"
"28-Apr-2020","1,567.40","1,573.15","1,524.95","1,554.45","773,625"
"29-Apr-2020","1,560.00","1,567.60","1,509.55","1,517.80","571,059"
"30-Apr-2020","1,540.00","1,542.65","1,506.45","1,527.00","814,819"
"04-May-2020","1,480.00","1,521.50","1,420.20","1,424.65","817,610"
"05-May-2020","1,435.00","1,451.10","1,382.05","1,393.45","1,202,073"
"06-May-2020","1,396.10","1,450.05","1,376.20","1,430.55","1,106,858"
"07-May-2020","1,434.00","1,442.85","1,346.55","1,353.05","1,641,697"
"08-May-2020","1,373.80","1,389.00","1,351.80","1,368.35","944,412"
"11-May-2020","1,380.00","1,388.40","1,358.40","1,377.45","660,493"
"12-May-2020","1,370.00","1,379.85","1,335.75","1,356.00","667,788"
"13-May-2020","1,400.00","1,400.00","1,362.05","1,385.35","549,132"
"14-May-2020","1,377.00","1,377.00","1,341.40","1,360.95","665,394"
"15-May-2020","1,365.95","1,385.00","1,355.55","1,373.25","539,398"
"18-May-2020","1,370.00","1,376.05","1,330.00","1,342.65","770,105"
"19-May-2020","1,359.90","1,383.90","1,330.40","1,362.50","626,691"
"20-May-2020","1,363.10","1,377.00","1,346.25","1,370.10","398,983"
"21-May-2020","1,370.00","1,424.95","1,362.40","1,419.45","1,053,208"
"22-May-2020","1,419.45","1,429.80","1,390.00","1,397.70","636,230"
"26-May-2020","1,405.00","1,439.00","1,400.50","1,412.45","793,658"
"27-May-2020","1,406.55","1,427.85","1,395.00","1,402.80","571,770"
"28-May-2020","1,406.00","1,434.95","1,402.80","1,425.35","915,640"
"29-May-2020","1,426.00","1,485.85","1,417.40","1,468.40","1,574,181"
"01-Jun-2020","1,488.00","1,504.00","1,466.45","1,473.15","924,436"
"02-Jun-2020","1,483.70","1,510.00","1,471.80","1,490.80","731,527"
"03-Jun-2020","1,500.00","1,532.95","1,491.65","1,510.15","751,288"
"04-Jun-2020","1,515.00","1,528.95","1,487.60","1,496.85","590,079"
"05-Jun-2020","1,506.45","1,518.00","1,486.05","1,508.30","687,596"
"08-Jun-2020","1,519.80","1,523.00","1,490.00","1,492.30","600,577"
"09-Jun-2020","1,506.80","1,506.80","1,458.30","1,467.30","896,381"
"10-Jun-2020","1,468.10","1,483.95","1,450.00","1,454.75","712,634"
"11-Jun-2020","1,455.15","1,457.50","1,411.00","1,417.30","623,076"
"12-Jun-2020","1,390.00","1,444.00","1,384.40","1,430.05","913,916"
"15-Jun-2020","1,449.00","1,469.10","1,422.55","1,431.95","714,226"
"16-Jun-2020","1,444.05","1,463.05","1,412.50","1,431.25","1,626,083"
"17-Jun-2020","1,436.00","1,473.00","1,426.80","1,432.15","1,357,122"
"18-Jun-2020","1,432.15","1,444.95","1,383.10","1,391.15","1,798,258"
"19-Jun-2020","1,398.90","1,415.00","1,388.20","1,398.85","2,590,585"
"22-Jun-2020","1,400.00","1,417.45","1,388.00","1,391.00","1,069,603"
"23-Jun-2020","1,400.15","1,423.50","1,395.10","1,409.70","1,172,240"
"24-Jun-2020","1,416.00","1,437.65","1,400.00","1,404.15","957,909"
"25-Jun-2020","1,403.00","1,412.95","1,378.60","1,381.95","927,305"
"26-Jun-2020","1,392.00","1,409.60","1,373.60","1,387.80","906,145"
"29-Jun-2020","1,386.15","1,400.00","1,381.15","1,384.90","381,374"
"30-Jun-2020","1,391.70","1,399.40","1,366.25","1,372.10","517,776"
"01-Jul-2020","1,383.25","1,383.95","1,357.60","1,370.75","656,829"
"02-Jul-2020","1,380.00","1,392.00","1,365.15","1,388.55","630,207"
"03-Jul-2020","1,400.00","1,404.00","1,381.60","1,389.45","521,034"
"06-Jul-2020","1,395.00","1,409.00","1,387.00","1,389.35","726,731"
"07-Jul-2020","1,399.95","1,419.50","1,394.60","1,399.30","1,079,432"
"08-Jul-2020","1,406.90","1,414.00","1,380.60","1,386.55","483,074"
"09-Jul-2020","1,389.70","1,400.90","1,371.05","1,379.90","775,901"
"10-Jul-2020","1,378.75","1,388.50","1,371.10","1,382.85","333,199"
"13-Jul-2020","1,390.00","1,405.00","1,383.00","1,395.35","542,091"
"14-Jul-2020","1,392.90","1,394.95","1,377.65","1,380.60","441,847"
"15-Jul-2020","1,383.55","1,392.60","1,365.30","1,369.85","481,525"
"16-Jul-2020","1,373.50","1,384.90","1,340.00","1,382.10","729,965"
"17-Jul-2020","1,385.50","1,405.00","1,380.00","1,392.60","589,565"
"20-Jul-2020","1,397.45","1,444.00","1,395.60","1,440.50","1,520,226"
"21-Jul-2020","1,450.00","1,453.30","1,398.50","1,402.85","847,867"
"22-Jul-2020","1,409.90","1,411.00","1,370.90","1,383.95","628,839"
"23-Jul-2020","1,386.00","1,403.40","1,374.00","1,380.85","631,814"
"24-Jul-2020","1,375.00","1,388.60","1,369.00","1,378.65","623,237"
"27-Jul-2020","1,378.05","1,385.00","1,350.50","1,356.20","1,110,962"
"28-Jul-2020","1,365.70","1,367.15","1,342.00","1,353.80","1,289,612"
"29-Jul-2020","1,361.00","1,383.50","1,356.00","1,370.85","819,945"
"30-Jul-2020","1,376.00","1,381.75","1,343.00","1,349.05","755,007"
"31-Jul-2020","1,348.00","1,365.55","1,340.45","1,357.00","536,618"
"03-Aug-2020","1,357.00","1,369.10","1,341.10","1,345.30","604,305"
"04-Aug-2020","1,358.75","1,358.75","1,335.05","1,342.80","811,295"
"05-Aug-2020","1,350.00","1,350.95","1,311.05","1,315.05","1,924,417"
"06-Aug-2020","1,325.00","1,335.00","1,306.95","1,331.95","2,362,657"
"07-Aug-2020","1,329.80","1,393.70","1,323.10","1,378.30","3,871,685"
"10-Aug-2020","1,384.90","1,408.90","1,358.10","1,398.90","1,583,731"
"11-Aug-2020","1,405.00","1,410.00","1,377.30","1,380.00","746,479"
"12-Aug-2020","1,380.80","1,393.80","1,362.35","1,364.50","714,846"
"13-Aug-2020","1,368.00","1,387.50","1,366.70","1,380.10","821,228"
"14-Aug-2020","1,380.95","1,408.80","1,368.10","1,371.60","1,173,257"
"17-Aug-2020","1,380.00","1,389.40","1,357.10","1,380.35","563,705"
"18-Aug-2020","1,387.00","1,433.00","1,384.00","1,411.30","2,358,632"
"19-Aug-2020","1,425.00","1,473.25","1,411.10","1,449.55","2,513,507"
"20-Aug-2020","1,449.55","1,462.50","1,435.00","1,449.80","1,058,848"
"21-Aug-2020","1,462.80","1,479.40","1,445.55","1,456.50","1,286,385"
"24-Aug-2020","1,466.80","1,488.00","1,457.00","1,468.65","1,194,493"
"25-Aug-2020","1,476.85","1,489.75","1,455.05","1,474.30","978,004"
"26-Aug-2020","1,476.00","1,485.85","1,458.05","1,468.45","758,778"
"27-Aug-2020","1,474.00","1,504.30","1,462.30","1,470.95","1,493,305"
"28-Aug-2020","1,478.10","1,481.00","1,442.40","1,445.50","650,405"
"31-Aug-2020","1,455.00","1,461.00","1,395.00","1,402.80","1,247,299"
"01-Sep-2020","1,430.85","1,436.25","1,405.20","1,422.05","614,962"
"02-Sep-2020","1,428.25","1,456.95","1,408.15","1,413.65","913,596"
"03-Sep-2020","1,418.10","1,455.00","1,418.10","1,449.15","760,320"
"04-Sep-2020","1,436.90","1,464.50","1,418.05","1,436.15","785,261"
"07-Sep-2020","1,443.00","1,453.75","1,422.15","1,441.75","437,212"
"08-Sep-2020","1,442.10","1,485.00","1,429.95","1,446.65","1,133,124"
"09-Sep-2020","1,450.95","1,472.90","1,440.65","1,459.05","1,145,175"
"10-Sep-2020","1,469.30","1,489.70","1,462.00","1,475.35","954,829"
"11-Sep-2020","1,475.00","1,498.70","1,474.05","1,488.40","911,773"
"14-Sep-2020","1,493.00","1,504.10","1,470.00","1,480.70","503,502"
"15-Sep-2020","1,481.10","1,515.00","1,481.00","1,498.55","1,338,009"
"16-Sep-2020","1,510.00","1,513.90","1,486.40","1,493.45","553,661"
"17-Sep-2020","1,484.00","1,517.00","1,467.65","1,471.70","695,241"
"18-Sep-2020","1,485.15","1,485.15","1,446.55","1,455.10","808,048"
"21-Sep-2020","1,455.00","1,460.75","1,410.55","1,445.15","867,301"
"22-Sep-2020","1,439.00","1,439.95","1,394.40","1,427.35","461,471"
"23-Sep-2020","1,433.90","1,457.00","1,414.10","1,420.85","733,213"
"24-Sep-2020","1,408.00","1,427.00","1,395.00","1,399.50","643,409"
"25-Sep-2020","1,407.70","1,421.50","1,390.00","1,413.00","434,351"
"28-Sep-2020","1,420.00","1,442.00","1,420.00","1,436.35","336,450"
"29-Sep-2020","1,446.00","1,456.40","1,422.65","1,428.15","468,025"
"30-Sep-2020","1,433.50","1,440.00","1,415.00","1,434.25","647,016"
"01-Oct-2020","1,444.00","1,467.70","1,434.00","1,463.00","670,055"
"05-Oct-2020","1,479.00","1,479.00","1,444.00","1,446.75","508,363"
"06-Oct-2020","1,445.00","1,480.00","1,445.00","1,470.70","874,130"
"07-Oct-2020","1,469.90","1,504.00","1,462.40","1,493.65","1,292,790"
"08-Oct-2020","1,496.00","1,513.80","1,472.55","1,486.55","583,661"
"09-Oct-2020","1,488.00","1,491.60","1,465.35","1,472.10","481,806"
"12-Oct-2020","1,478.60","1,487.50","1,465.00","1,479.50","438,869"
"13-Oct-2020","1,478.10","1,498.80","1,473.05","1,483.00","689,940"
"14-Oct-2020","1,487.95","1,494.45","1,475.50","1,486.70","519,446"
"15-Oct-2020","1,486.70","1,503.00","1,469.15","1,476.45","649,880"
"16-Oct-2020","1,472.50","1,493.40","1,472.00","1,481.25","423,856"
"19-Oct-2020","1,486.00","1,542.00","1,481.25","1,536.00","1,492,582"
"20-Oct-2020","1,542.00","1,551.35","1,519.55","1,524.85","1,254,669"
"21-Oct-2020","1,530.10","1,540.90","1,484.10","1,496.80","928,700"
"22-Oct-2020","1,498.00","1,508.85","1,470.85","1,475.50","683,622"
"23-Oct-2020","1,483.00","1,505.00","1,478.15","1,500.30","582,170"
"26-Oct-2020","1,506.00","1,508.70","1,464.15","1,474.65","411,255"
"27-Oct-2020","1,470.00","1,529.90","1,470.00","1,526.00","1,221,926"
"28-Oct-2020","1,528.00","1,546.00","1,512.00","1,518.60","734,257"
"29-Oct-2020","1,533.00","1,600.00","1,526.05","1,590.85","4,759,520"
"30-Oct-2020","1,590.85","1,592.00","1,557.45","1,570.40","1,232,876"
"02-Nov-2020","1,580.00","1,599.55","1,552.75","1,556.45","705,225"
"03-Nov-2020","1,555.00","1,588.00","1,555.00","1,565.60","656,702"
"04-Nov-2020","1,570.00","1,580.70","1,548.15","1,562.50","703,182"
"05-Nov-2020","1,601.00","1,612.85","1,573.65","1,589.40","2,609,307"
"06-Nov-2020","1,589.45","1,620.00","1,584.05","1,596.70","1,195,534"
"09-Nov-2020","1,604.00","1,606.00","1,586.65","1,595.25","679,932"
"10-Nov-2020","1,600.00","1,604.65","1,570.00","1,573.70","762,850"
"11-Nov-2020","1,578.00","1,594.55","1,541.90","1,564.25","1,069,040"
"12-Nov-2020","1,564.00","1,581.90","1,557.75","1,571.50","610,795"
"13-Nov-2020","1,570.00","1,589.95","1,562.25","1,564.70","590,942"
"14-Nov-2020","1,575.00","1,588.35","1,572.05","1,580.95","136,023"
"17-Nov-2020","1,596.45","1,597.40","1,556.15","1,561.90","941,894"
"18-Nov-2020","1,567.80","1,575.00","1,553.55","1,563.30","651,965"
"19-Nov-2020","1,555.00","1,586.00","1,553.95","1,558.40","914,809"
"20-Nov-2020","1,564.40","1,574.35","1,556.10","1,560.20","628,267"
"23-Nov-2020","1,562.10","1,590.00","1,557.20","1,585.20","1,000,851"
"24-Nov-2020","1,591.30","1,611.85","1,581.25","1,586.40","1,169,594"
"25-Nov-2020","1,589.00","1,592.80","1,540.00","1,544.10","625,522"
"26-Nov-2020","1,549.00","1,562.45","1,523.55","1,533.60","932,942"
"27-Nov-2020","1,543.80","1,554.50","1,500.60","1,542.55","2,812,113"
"01-Dec-2020","1,557.90","1,562.55","1,534.30","1,551.05","642,065"
"02-Dec-2020","1,554.95","1,604.75","1,552.00","1,599.75","1,175,274"
"03-Dec-2020","1,620.00","1,620.00","1,592.75","1,615.05","1,120,979"
"04-Dec-2020","1,620.00","1,632.00","1,595.20","1,606.70","1,010,532"
"07-Dec-2020","1,606.95","1,630.90","1,604.00","1,615.20","535,863"
"08-Dec-2020","1,618.10","1,637.50","1,600.10","1,611.15","623,483"
"09-Dec-2020","1,619.00","1,630.00","1,615.05","1,620.55","413,342"
"10-Dec-2020","1,619.35","1,657.95","1,612.80","1,651.35","1,147,367"
"11-Dec-2020","1,658.40","1,667.85","1,630.10","1,638.60","853,053"
"14-Dec-2020","1,649.80","1,652.50","1,624.00","1,627.30","373,871"
"15-Dec-2020","1,629.85","1,634.55","1,612.30","1,620.45","422,836"
"16-Dec-2020","1,626.00","1,640.90","1,620.00","1,625.95","1,083,111"
"17-Dec-2020","1,630.00","1,652.00","1,626.35","1,629.65","846,175"
"18-Dec-2020","1,634.50","1,742.95","1,634.50","1,731.80","7,057,251"
"21-Dec-2020","1,730.00","1,731.00","1,643.40","1,682.20","1,188,984"
"22-Dec-2020","1,684.10","1,727.80","1,645.85","1,718.70","1,094,941"
"23-Dec-2020","1,734.00","1,778.00","1,716.15","1,732.55","2,126,080"
"24-Dec-2020","1,745.00","1,752.55","1,714.60","1,731.85","532,060"
"28-Dec-2020","1,740.00","1,769.00","1,728.05","1,757.35","785,307"
"29-Dec-2020","1,757.35","1,771.00","1,738.00","1,754.00","579,335"
"30-Dec-2020","1,754.50","1,769.95","1,740.60","1,749.70","711,918"
"31-Dec-2020","1,753.00","1,774.00","1,745.05","1,765.65","708,860"
"01-Jan-2021","1,772.85","1,784.50","1,762.55","1,770.80","539,058"
"04-Jan-2021","1,774.50","1,790.00","1,765.10","1,784.95","372,161"
"05-Jan-2021","1,799.95","1,806.90","1,757.00","1,800.55","540,889"
"06-Jan-2021","1,800.55","1,800.55","1,770.00","1,795.40","588,130"
"07-Jan-2021","1,798.00","1,819.10","1,760.00","1,768.95","972,924"
"08-Jan-2021","1,782.30","1,823.90","1,771.65","1,819.05","803,362"
"11-Jan-2021","1,819.05","1,842.00","1,808.00","1,833.15","632,157"
"12-Jan-2021","1,832.90","1,832.90","1,796.70","1,800.10","579,402"
"13-Jan-2021","1,809.90","1,815.00","1,771.00","1,793.10","530,319"
"14-Jan-2021","1,794.00","1,803.95","1,774.65","1,790.00","457,266"
"15-Jan-2021","1,785.00","1,795.55","1,741.35","1,746.95","986,643"
"18-Jan-2021","1,741.00","1,756.90","1,714.65","1,726.85","768,018"
"19-Jan-2021","1,738.00","1,761.65","1,729.15","1,736.35","525,026"
"20-Jan-2021","1,742.00","1,796.70","1,738.05","1,758.65","884,517"
"21-Jan-2021","1,760.00","1,819.50","1,760.00","1,775.55","910,040"
"22-Jan-2021","1,779.70","1,794.45","1,731.90","1,735.25","697,476"
"25-Jan-2021","1,749.75","1,779.75","1,742.20","1,765.50","899,845"
"27-Jan-2021","1,775.70","1,776.65","1,695.05","1,711.90","769,593"
"28-Jan-2021","1,705.00","1,728.00","1,698.80","1,716.25","593,873"
"29-Jan-2021","1,736.00","1,740.95","1,663.80","1,670.25","1,693,937"
"01-Feb-2021","1,698.00","1,731.95","1,665.00","1,716.30","789,584"
"02-Feb-2021","1,736.00","1,779.50","1,721.05","1,761.05","870,067"
"03-Feb-2021","1,765.00","1,778.80","1,735.00","1,739.40","476,331"
"04-Feb-2021","1,748.05","1,771.50","1,731.00","1,759.95","697,214"
"05-Feb-2021","1,761.95","1,765.00","1,725.00","1,728.75","407,166"
"08-Feb-2021","1,732.60","1,755.00","1,729.65","1,733.70","290,007"
"09-Feb-2021","1,739.00","1,798.00","1,735.10","1,762.05","1,367,744"
"10-Feb-2021","1,764.75","1,782.00","1,743.00","1,757.15","412,296"
"11-Feb-2021","1,752.25","1,793.95","1,750.35","1,771.85","639,783"
"12-Feb-2021","1,777.00","1,788.00","1,751.45","1,760.70","360,521"
"15-Feb-2021","1,766.10","1,795.45","1,759.10","1,766.60","725,334"
"16-Feb-2021","1,771.00","1,795.00","1,765.85","1,789.15","1,014,212"
"17-Feb-2021","1,800.00","1,808.90","1,760.00","1,765.40","923,495"
"18-Feb-2021","1,770.40","1,798.45","1,765.05","1,791.80","817,892"
"19-Feb-2021","1,787.50","1,805.00","1,774.00","1,781.35","723,792"
"22-Feb-2021","1,778.00","1,790.55","1,730.00","1,742.25","619,247"
"23-Feb-2021","1,751.00","1,763.90","1,715.00","1,725.85","500,564"
"24-Feb-2021","1,728.00","1,734.95","1,706.75","1,725.10","232,878"
"25-Feb-2021","1,720.00","1,734.40","1,695.95","1,719.30","1,554,132"
"26-Feb-2021","1,701.00","1,731.90","1,675.00","1,685.95","1,045,945"
"01-Mar-2021","1,706.00","1,710.95","1,684.65","1,698.15","518,934"
"02-Mar-2021","1,711.00","1,735.00","1,701.50","1,729.35","475,037"
"03-Mar-2021","1,734.00","1,771.00","1,731.15","1,764.60","465,825"
"04-Mar-2021","1,758.40","1,775.00","1,744.80","1,761.30","370,831"
"05-Mar-2021","1,749.95","1,784.00","1,736.05","1,757.65","720,081"
"08-Mar-2021","1,757.85","1,759.95","1,714.25","1,717.15","523,950"
"09-Mar-2021","1,729.90","1,745.90","1,725.15","1,736.05","334,611"
"10-Mar-2021","1,747.00","1,754.00","1,725.30","1,737.05","297,373"
"12-Mar-2021","1,741.00","1,746.65","1,720.50","1,723.10","205,343"
"15-Mar-2021","1,726.00","1,732.05","1,695.95","1,713.30","346,391"
"16-Mar-2021","1,717.00","1,739.00","1,705.30","1,720.10","330,689"
"17-Mar-2021","1,723.40","1,743.55","1,715.00","1,723.55","355,972"
"18-Mar-2021","1,729.10","1,741.00","1,700.70","1,713.90","334,986"
"19-Mar-2021","1,704.00","1,761.40","1,681.00","1,751.05","739,388"
"22-Mar-2021","1,769.00","1,783.80","1,738.15","1,761.90","617,685"
"23-Mar-2021","1,761.00","1,808.95","1,754.60","1,788.05","1,074,844"
"24-Mar-2021","1,788.00","1,814.95","1,785.00","1,794.60","687,944"
"25-Mar-2021","1,794.75","1,811.20","1,758.00","1,764.40","422,753"
"26-Mar-2021","1,776.85","1,814.90","1,765.25","1,800.35","626,624"
"30-Mar-2021","1,832.00","1,838.30","1,810.10","1,826.45","624,454"
"31-Mar-2021","1,830.00","1,835.50","1,801.00","1,809.40","496,766"
"01-Apr-2021","1,811.00","1,833.00","1,809.10","1,823.15","462,214"
"05-Apr-2021","1,824.00","1,841.00","1,786.50","1,799.50","363,509"
"06-Apr-2021","1,800.70","1,888.55","1,789.05","1,874.40","1,240,064"
"07-Apr-2021","1,870.00","1,897.00","1,859.00","1,888.40","620,343"
"08-Apr-2021","1,890.40","1,924.00","1,878.30","1,905.60","819,770"
"09-Apr-2021","1,900.00","1,928.50","1,894.10","1,919.80","509,301"
"12-Apr-2021","1,900.00","1,902.30","1,840.30","1,849.30","726,331"
"13-Apr-2021","1,850.00","1,859.45","1,791.25","1,798.95","1,091,112"
"15-Apr-2021","1,803.65","1,830.90","1,778.00","1,823.75","576,555"
"16-Apr-2021","1,835.40","1,848.00","1,808.35","1,823.70","566,717"
"19-Apr-2021","1,798.00","1,807.90","1,764.00","1,770.70","461,909"
"20-Apr-2021","1,780.00","1,800.40","1,761.10","1,773.10","423,329"
"22-Apr-2021","1,775.00","1,798.00","1,753.00","1,785.80","569,960"
"23-Apr-2021","1,785.75","1,798.50","1,766.10","1,783.90","355,089"
"26-Apr-2021","1,790.40","1,843.00","1,782.50","1,837.15","805,229"
"27-Apr-2021","1,850.00","1,856.45","1,823.00","1,833.15","601,930"
"28-Apr-2021","1,848.00","1,892.00","1,835.00","1,882.85","871,430"
"29-Apr-2021","1,890.00","1,898.05","1,845.15","1,848.20","327,090"
"30-Apr-2021","1,843.00","1,856.70","1,805.40","1,815.80","360,185"
"03-May-2021","1,815.50","1,824.80","1,796.00","1,811.10","318,649"
"04-May-2021","1,815.00","1,821.80","1,791.00","1,800.15","236,099"
"05-May-2021","1,806.60","1,816.80","1,794.60","1,812.65","167,560"
"06-May-2021","1,816.00","1,827.60","1,795.15","1,799.95","226,013"
"07-May-2021","1,815.00","1,825.90","1,805.30","1,816.20","223,306"
"10-May-2021","1,820.05","1,855.00","1,820.05","1,846.85","466,507"
"11-May-2021","1,840.00","1,882.80","1,830.15","1,877.20","832,760"
"12-May-2021","1,887.90","1,891.15","1,861.15","1,879.90","688,865"
"14-May-2021","1,865.00","1,912.45","1,816.30","1,888.25","2,463,987"
"17-May-2021","1,886.00","1,902.95","1,855.40","1,891.10","825,633"
"18-May-2021","1,901.90","1,914.00","1,876.10","1,893.15","521,146"
"19-May-2021","1,893.00","1,947.25","1,885.00","1,920.95","1,351,787"
"20-May-2021","1,928.00","1,950.00","1,921.50","1,936.05","675,754"
"21-May-2021","1,946.50","1,992.00","1,946.00","1,978.00","1,477,980"
"24-May-2021","1,988.95","2,074.00","1,977.60","2,059.90","2,672,584"
"25-May-2021","2,074.00","2,074.00","2,038.10","2,050.55","616,953"
"26-May-2021","2,050.60","2,108.25","2,050.60","2,101.85","1,087,642"
"27-May-2021","2,095.00","2,124.00","2,044.05","2,097.45","1,894,108"
"28-May-2021","2,089.00","2,091.00","2,055.25","2,060.00","389,887"
"31-May-2021","2,068.70","2,098.00","2,058.20","2,090.55","474,946"
"01-Jun-2021","2,104.90","2,104.90","2,062.00","2,067.10","252,827"
"02-Jun-2021","2,071.00","2,077.45","2,051.10","2,064.45","312,412"
"03-Jun-2021","2,070.00","2,089.40","2,056.00","2,080.45","415,893"
"04-Jun-2021","2,080.00","2,097.25","2,075.55","2,079.40","297,659"
"07-Jun-2021","2,085.95","2,102.00","2,076.00","2,084.40","390,899"
"08-Jun-2021","2,085.85","2,085.85","2,065.65","2,074.75","356,876"
"09-Jun-2021","2,082.00","2,095.00","2,070.05","2,076.05","377,441"
"10-Jun-2021","2,080.00","2,142.75","2,072.10","2,132.25","1,140,643"
"11-Jun-2021","2,155.00","2,160.00","2,105.25","2,116.95","734,785"
"14-Jun-2021","2,115.00","2,118.00","2,082.05","2,114.95","267,964"
"15-Jun-2021","2,118.00","2,150.90","2,118.00","2,137.15","459,349"
"16-Jun-2021","2,136.00","2,149.50","2,122.25","2,131.05","240,645"
"17-Jun-2021","2,128.05","2,160.00","2,120.60","2,127.35","469,223"
"18-Jun-2021","2,131.20","2,157.85","2,094.55","2,125.55","503,620"
"21-Jun-2021","2,116.00","2,156.10","2,096.00","2,150.90","281,990"
"22-Jun-2021","2,166.00","2,173.95","2,142.35","2,147.85","373,042"
"23-Jun-2021","2,153.85","2,156.00","2,126.85","2,133.15","167,479"
"24-Jun-2021","2,133.15","2,160.00","2,131.35","2,156.15","205,193"
"25-Jun-2021","2,163.00","2,164.80","2,125.00","2,134.25","196,267"
"28-Jun-2021","2,148.00","2,178.80","2,135.25","2,155.20","275,535"
"29-Jun-2021","2,156.00","2,185.00","2,148.10","2,161.75","352,800"
"30-Jun-2021","2,160.00","2,185.90","2,147.60","2,153.95","361,472"
"01-Jul-2021","2,165.00","2,182.70","2,160.00","2,169.15","260,370"
"02-Jul-2021","2,177.00","2,194.00","2,166.00","2,178.85","273,572"
"05-Jul-2021","2,191.95","2,283.00","2,180.70","2,267.15","1,524,994"
"06-Jul-2021","2,266.80","2,279.90","2,222.00","2,231.20","426,882"
"07-Jul-2021","2,231.20","2,293.90","2,226.50","2,276.50","551,296"
"08-Jul-2021","2,280.00","2,302.00","2,261.00","2,283.45","397,141"
"09-Jul-2021","2,270.80","2,294.25","2,267.25","2,277.80","221,617"
"12-Jul-2021","2,287.00","2,298.40","2,261.20","2,268.85","301,488"
"13-Jul-2021","2,285.00","2,285.00","2,237.00","2,248.50","356,876"
"14-Jul-2021","2,250.00","2,272.00","2,238.00","2,249.35","331,982"
"15-Jul-2021","2,261.20","2,261.80","2,242.35","2,249.15","176,959"
"16-Jul-2021","2,249.75","2,269.95","2,240.00","2,244.20","225,702"
"19-Jul-2021","2,234.00","2,269.00","2,232.00","2,260.25","192,179"
"20-Jul-2021","2,282.10","2,326.45","2,249.25","2,315.65","637,865"
"22-Jul-2021","2,333.95","2,333.95","2,287.40","2,310.40","345,208"
"23-Jul-2021","2,310.00","2,327.70","2,300.60","2,306.60","164,481"
"26-Jul-2021","2,309.65","2,332.95","2,295.60","2,321.30","229,367"
"27-Jul-2021","2,314.40","2,326.50","2,289.00","2,300.65","183,364"
"28-Jul-2021","2,301.60","2,309.65","2,271.15","2,295.95","248,241"
"29-Jul-2021","2,295.95","2,318.00","2,288.85","2,296.50","197,033"
"30-Jul-2021","2,310.80","2,311.30","2,272.00","2,278.80","390,786"
"02-Aug-2021","2,299.90","2,299.90","2,255.80","2,262.55","456,617"
"03-Aug-2021","2,266.00","2,303.05","2,257.00","2,264.15","721,816"
"04-Aug-2021","2,270.10","2,282.60","2,251.15","2,264.30","211,045"
"05-Aug-2021","2,277.00","2,277.00","2,237.00","2,249.00","409,726"
"06-Aug-2021","2,251.00","2,258.90","2,205.05","2,223.30","481,993"
"09-Aug-2021","2,240.00","2,255.05","2,219.05","2,231.80","272,882"
"10-Aug-2021","2,239.75","2,249.95","2,215.00","2,222.35","406,827"
"11-Aug-2021","2,226.05","2,274.00","2,175.45","2,260.25","1,518,493"
"12-Aug-2021","2,288.00","2,288.00","2,202.30","2,220.80","940,284"
"13-Aug-2021","2,242.20","2,242.20","2,203.50","2,206.70","366,570"
"16-Aug-2021","2,202.90","2,230.00","2,175.05","2,218.90","263,310"
"17-Aug-2021","2,228.20","2,238.90","2,196.05","2,216.10","441,443"
"18-Aug-2021","2,220.10","2,238.50","2,210.00","2,225.30","396,668"
"20-Aug-2021","2,223.00","2,285.00","2,210.00","2,267.20","1,043,017"
"23-Aug-2021","2,279.95","2,295.00","2,221.00","2,227.30","649,263"
"24-Aug-2021","2,230.00","2,248.00","2,200.00","2,208.15","355,160"
"25-Aug-2021","2,210.50","2,231.40","2,187.85","2,214.85","315,324"
"26-Aug-2021","2,223.80","2,239.80","2,207.00","2,227.70","337,985"
"27-Aug-2021","2,225.00","2,242.70","2,213.05","2,225.20","361,975"
"30-Aug-2021","2,237.95","2,279.00","2,215.00","2,262.15","461,816"
"31-Aug-2021","2,279.00","2,290.00","2,249.00","2,280.35","644,194"
"01-Sep-2021","2,290.00","2,339.00","2,283.10","2,313.80","1,206,729"
"02-Sep-2021","2,334.95","2,362.00","2,324.00","2,340.70","1,056,284"
"03-Sep-2021","2,352.90","2,359.30","2,311.80","2,327.40","421,459"
"06-Sep-2021","2,336.40","2,352.45","2,320.00","2,341.40","254,192"
"07-Sep-2021","2,346.00","2,362.00","2,325.10","2,335.75","371,234"
"08-Sep-2021","2,335.00","2,336.15","2,281.80","2,313.30","535,562"
"09-Sep-2021","2,324.00","2,352.05","2,306.00","2,348.25","355,161"
"13-Sep-2021","2,350.00","2,409.90","2,344.05","2,397.00","1,080,438"
"14-Sep-2021","2,415.50","2,424.00","2,390.00","2,408.85","371,947"
"15-Sep-2021","2,413.20","2,424.90","2,395.00","2,400.75","309,460"
"16-Sep-2021","2,422.00","2,422.00","2,396.00","2,401.05","231,210"
"17-Sep-2021","2,408.20","2,422.00","2,346.20","2,368.45","862,698"
"20-Sep-2021","2,366.80","2,402.85","2,351.05","2,361.45","281,382"
"21-Sep-2021","2,370.00","2,440.00","2,351.05","2,430.75","596,902"
"22-Sep-2021","2,446.75","2,472.00","2,412.10","2,418.00","374,862"
"23-Sep-2021","2,435.00","2,449.95","2,418.00","2,435.00","396,212"
"24-Sep-2021","2,442.00","2,477.70","2,433.30","2,451.95","554,484"
"27-Sep-2021","2,455.00","2,463.80","2,400.00","2,405.55","340,534"
"28-Sep-2021","2,413.10","2,418.00","2,375.00","2,411.00","267,159"
"29-Sep-2021","2,399.00","2,417.00","2,384.55","2,402.25","223,281"
"30-Sep-2021","2,405.10","2,413.55","2,375.00","2,381.95","373,722"
"01-Oct-2021","2,384.00","2,422.00","2,365.20","2,417.25","506,531"
"04-Oct-2021","2,431.00","2,448.00","2,411.55","2,421.00","254,546"
"05-Oct-2021","2,416.00","2,440.00","2,411.55","2,436.35","127,966"
"06-Oct-2021","2,438.00","2,457.00","2,406.60","2,415.65","186,602"
"07-Oct-2021","2,423.10","2,476.40","2,417.75","2,460.50","584,927"
"08-Oct-2021","2,462.50","2,470.00","2,434.15","2,441.60","223,042"
"11-Oct-2021","2,441.50","2,484.80","2,430.75","2,462.75","278,903"
"12-Oct-2021","2,474.00","2,489.80","2,448.00","2,461.10","267,935"
"13-Oct-2021","2,483.90","2,483.90","2,456.00","2,474.30","170,163"
"14-Oct-2021","2,486.60","2,518.50","2,463.40","2,481.10","345,132"
"18-Oct-2021","2,477.05","2,512.00","2,476.00","2,501.80","294,771"
"19-Oct-2021","2,520.00","2,532.00","2,460.10","2,470.85","280,666"
"20-Oct-2021","2,474.80","2,479.00","2,395.55","2,417.50","289,981"
"21-Oct-2021","2,440.00","2,445.45","2,290.00","2,305.50","682,642"
"22-Oct-2021","2,306.00","2,344.95","2,279.00","2,316.40","389,691"
"25-Oct-2021","2,323.00","2,327.25","2,250.00","2,285.95","352,025"
"26-Oct-2021","2,295.00","2,335.00","2,282.05","2,318.85","217,581"
"27-Oct-2021","2,334.90","2,413.95","2,310.00","2,368.45","760,348"
"28-Oct-2021","2,384.85","2,393.80","2,349.90","2,368.00","316,083"
"29-Oct-2021","2,374.60","2,392.40","2,301.00","2,313.65","461,600"
"01-Nov-2021","2,332.60","2,379.35","2,325.05","2,362.95","216,399"
"02-Nov-2021","2,370.00","2,385.00","2,337.65","2,343.75","178,441"
"03-Nov-2021","2,355.00","2,369.00","2,317.25","2,359.50","256,043"
"04-Nov-2021","2,378.60","2,415.00","2,374.70","2,408.00","161,450"
"08-Nov-2021","2,424.80","2,425.85","2,356.00","2,382.30","460,480"
"09-Nov-2021","2,395.00","2,406.20","2,372.75","2,392.10","334,935"
"10-Nov-2021","2,388.00","2,388.00","2,343.00","2,366.45","821,513"
"11-Nov-2021","2,402.00","2,480.00","2,376.00","2,474.00","2,164,902"
"12-Nov-2021","2,490.00","2,490.00","2,396.70","2,426.20","634,268"
"15-Nov-2021","2,445.40","2,462.75","2,413.20","2,431.55","441,074"
"16-Nov-2021","2,438.00","2,453.60","2,401.00","2,444.75","452,443"
"17-Nov-2021","2,440.00","2,455.95","2,410.10","2,414.45","252,330"
"18-Nov-2021","2,429.10","2,447.00","2,375.60","2,439.60","475,469"
"22-Nov-2021","2,439.45","2,443.85","2,328.00","2,350.00","527,841"
"23-Nov-2021","2,350.00","2,371.25","2,316.90","2,343.20","290,078"
"24-Nov-2021","2,344.00","2,356.80","2,230.00","2,263.10","794,035"
"25-Nov-2021","2,277.90","2,277.90","2,233.10","2,251.65","415,899"
"26-Nov-2021","2,235.00","2,249.40","2,214.00","2,232.30","599,912"
"29-Nov-2021","2,225.00","2,232.00","2,171.85","2,218.10","461,311"
"30-Nov-2021","2,214.95","2,249.95","2,193.40","2,205.85","1,564,828"
"01-Dec-2021","2,222.40","2,231.40","2,195.55","2,204.45","339,213"
"02-Dec-2021","2,232.00","2,245.00","2,198.00","2,235.00","832,438"
"03-Dec-2021","2,245.00","2,258.90","2,188.55","2,208.45","1,439,081"
"06-Dec-2021","2,221.80","2,226.05","2,199.95","2,201.55","436,167"
"07-Dec-2021","2,218.90","2,223.50","2,200.10","2,213.55","362,902"
"08-Dec-2021","2,225.00","2,240.45","2,213.00","2,232.05","312,052"
"09-Dec-2021","2,247.10","2,268.95","2,224.15","2,262.75","479,903"
"10-Dec-2021","2,280.35","2,340.25","2,270.25","2,325.75","1,777,658"
"13-Dec-2021","2,339.70","2,390.00","2,330.15","2,358.10","1,391,413"
"14-Dec-2021","2,366.00","2,399.90","2,353.30","2,389.25","971,135"
"15-Dec-2021","2,399.95","2,421.00","2,378.00","2,407.75","1,119,097"
"16-Dec-2021","2,415.00","2,423.65","2,403.10","2,418.25","203,956"
"17-Dec-2021","2,414.80","2,414.80","2,384.25","2,391.45","491,876"
"20-Dec-2021","2,388.00","2,414.85","2,329.25","2,405.55","1,169,343"
"21-Dec-2021","2,430.00","2,453.00","2,394.00","2,410.00","451,100"
"22-Dec-2021","2,420.00","2,440.00","2,406.80","2,434.50","211,943"
"23-Dec-2021","2,440.00","2,444.45","2,416.55","2,421.40","163,170"
"24-Dec-2021","2,423.10","2,448.95","2,405.00","2,410.20","174,813"
"27-Dec-2021","2,401.10","2,424.95","2,393.80","2,398.20","163,735"
"28-Dec-2021","2,409.00","2,484.00","2,403.55","2,472.80","345,457"
"29-Dec-2021","2,486.60","2,489.00","2,448.00","2,450.25","266,073"
"30-Dec-2021","2,431.35","2,461.20","2,427.10","2,433.90","237,399"
"31-Dec-2021","2,434.90","2,470.00","2,434.90","2,462.80","178,060"
"03-Jan-2022","2,475.00","2,487.00","2,465.00","2,473.95","111,798"
"04-Jan-2022","2,482.00","2,607.50","2,478.00","2,599.20","1,368,623"
"05-Jan-2022","2,601.70","2,662.00","2,585.00","2,637.95","1,187,260"
"06-Jan-2022","2,616.00","2,655.00","2,615.10","2,646.00","725,314"
"07-Jan-2022","2,650.00","2,734.50","2,645.00","2,723.45","947,286"
"10-Jan-2022","2,740.00","2,741.15","2,690.00","2,709.15","321,273"
"11-Jan-2022","2,697.00","2,723.10","2,695.00","2,709.75","290,771"
"12-Jan-2022","2,710.10","2,753.00","2,710.10","2,748.85","309,406"
"13-Jan-2022","2,748.85","2,764.70","2,711.35","2,724.35","307,553"
"14-Jan-2022","2,720.00","2,724.45","2,650.00","2,700.55","493,603"
"17-Jan-2022","2,700.55","2,720.15","2,676.90","2,714.55","359,887"
"18-Jan-2022","2,737.25","2,737.25","2,671.10","2,685.10","325,792"
"19-Jan-2022","2,687.00","2,696.85","2,664.15","2,673.40","444,989"
"20-Jan-2022","2,687.00","2,696.20","2,656.10","2,675.95","355,370"
"21-Jan-2022","2,670.00","2,710.00","2,660.45","2,700.60","1,397,913"
"24-Jan-2022","2,714.90","2,721.35","2,615.85","2,640.35","663,508"
"25-Jan-2022","2,616.00","2,680.00","2,545.00","2,589.85","1,714,221"
"27-Jan-2022","2,550.00","2,576.65","2,447.70","2,460.90","2,000,581"
"28-Jan-2022","2,461.90","2,517.00","2,461.00","2,475.80","440,807"
"31-Jan-2022","2,523.00","2,523.00","2,445.25","2,456.50","347,289"
"01-Feb-2022","2,475.00","2,477.00","2,440.00","2,472.85","551,658"
"02-Feb-2022","2,482.00","2,560.00","2,472.85","2,522.90","855,656"
"03-Feb-2022","2,539.80","2,539.80","2,491.00","2,503.20","675,190"
"04-Feb-2022","2,504.00","2,510.00","2,472.60","2,481.80","452,448"
"07-Feb-2022","2,468.00","2,478.85","2,420.00","2,435.50","380,883"
"08-Feb-2022","2,445.80","2,445.80","2,402.55","2,415.35","547,630"
"09-Feb-2022","2,423.55","2,495.50","2,420.35","2,480.60","363,447"
"10-Feb-2022","2,496.00","2,498.25","2,460.55","2,489.05","172,476"
"11-Feb-2022","2,474.00","2,474.00","2,421.55","2,432.25","396,913"
"14-Feb-2022","2,399.00","2,416.60","2,365.40","2,388.55","422,290"
"15-Feb-2022","2,388.55","2,452.60","2,373.15","2,448.10","262,303"
"16-Feb-2022","2,450.00","2,459.75","2,415.00","2,422.70","289,025"
"17-Feb-2022","2,438.00","2,457.90","2,411.00","2,446.80","210,230"
"18-Feb-2022","2,429.00","2,460.00","2,418.60","2,430.70","151,611"
"21-Feb-2022","2,413.00","2,453.30","2,398.80","2,426.30","187,481"
"22-Feb-2022","2,375.00","2,411.75","2,354.00","2,382.70","485,885"
"23-Feb-2022","2,399.95","2,432.00","2,394.00","2,415.60","227,717"
"24-Feb-2022","2,365.00","2,381.00","2,291.00","2,310.75","795,911"
"25-Feb-2022","2,325.15","2,380.00","2,320.10","2,369.05","332,653"
"28-Feb-2022","2,364.00","2,405.60","2,312.00","2,402.95","628,032"
"02-Mar-2022","2,383.50","2,404.05","2,342.55","2,397.80","541,887"
"03-Mar-2022","2,400.00","2,414.10","2,323.35","2,338.65","564,644"
"04-Mar-2022","2,330.00","2,330.40","2,230.00","2,260.95","711,480"
"07-Mar-2022","2,222.85","2,222.85","2,144.30","2,164.65","744,449"
"08-Mar-2022","2,159.80","2,219.95","2,133.55","2,180.85","495,530"
"09-Mar-2022","2,200.00","2,250.95","2,170.05","2,237.60","539,655"
"10-Mar-2022","2,350.00","2,364.70","2,275.00","2,349.90","921,069"
"11-Mar-2022","2,341.00","2,349.00","2,286.55","2,338.15","264,071"
"14-Mar-2022","2,350.00","2,380.00","2,317.65","2,344.70","379,972"
"15-Mar-2022","2,370.00","2,398.70","2,353.30","2,370.55","361,588"
"16-Mar-2022","2,390.50","2,468.00","2,390.50","2,462.90","581,040"
"17-Mar-2022","2,485.00","2,534.95","2,463.45","2,510.40","1,126,143"
"21-Mar-2022","2,445.00","2,543.85","2,445.00","2,485.25","684,624"
"22-Mar-2022","2,475.00","2,475.00","2,405.00","2,450.35","457,034"
"23-Mar-2022","2,460.00","2,473.95","2,410.10","2,433.90","319,750"
"24-Mar-2022","2,428.90","2,447.75","2,410.65","2,423.65","217,061"
"25-Mar-2022","2,434.95","2,464.00","2,418.70","2,456.45","344,943"
"28-Mar-2022","2,463.95","2,469.20","2,386.10","2,399.75","430,065"
"29-Mar-2022","2,418.00","2,425.00","2,393.45","2,397.95","389,664"
"30-Mar-2022","2,417.70","2,446.00","2,402.45","2,440.30","393,851"
"31-Mar-2022","2,455.05","2,479.00","2,440.50","2,454.30","439,928"
"01-Apr-2022","2,473.70","2,492.00","2,444.35","2,485.90","238,209"
"04-Apr-2022","2,495.00","2,508.00","2,481.05","2,495.05","241,100"
"05-Apr-2022","2,500.00","2,527.15","2,485.00","2,507.65","276,256"
"06-Apr-2022","2,499.00","2,540.00","2,490.40","2,529.55","255,433"
"07-Apr-2022","2,536.00","2,558.65","2,482.25","2,493.10","345,464"
"08-Apr-2022","2,501.20","2,534.05","2,495.00","2,525.15","257,868"
"11-Apr-2022","2,525.00","2,538.75","2,440.00","2,449.15","690,328"
"12-Apr-2022","2,449.15","2,454.70","2,365.75","2,375.70","823,170"
"13-Apr-2022","2,375.70","2,420.00","2,349.15","2,366.05","624,747"
"18-Apr-2022","2,359.90","2,383.45","2,322.55","2,364.35","339,982"
"19-Apr-2022","2,383.00","2,402.20","2,305.00","2,328.55","406,353"
"20-Apr-2022","2,361.20","2,382.00","2,315.30","2,368.90","354,202"
"21-Apr-2022","2,385.00","2,414.00","2,370.05","2,406.35","254,959"
"22-Apr-2022","2,400.00","2,439.40","2,380.55","2,426.40","316,943"
"25-Apr-2022","2,421.00","2,421.00","2,384.80","2,408.35","293,372"
"26-Apr-2022","2,414.95","2,440.10","2,399.55","2,436.80","223,865"
"27-Apr-2022","2,433.00","2,433.00","2,391.55","2,411.30","224,368"
"28-Apr-2022","2,423.00","2,464.00","2,398.45","2,457.95","401,194"
"29-Apr-2022","2,464.00","2,467.00","2,414.75","2,423.70","382,695"
"02-May-2022","2,414.80","2,430.85","2,397.60","2,424.10","181,102"
"04-May-2022","2,413.00","2,418.90","2,302.10","2,324.05","645,967"
"05-May-2022","2,330.00","2,347.60","2,295.15","2,301.75","263,708"
"06-May-2022","2,275.00","2,285.55","2,218.00","2,236.50","386,579"
"09-May-2022","2,200.00","2,238.00","2,191.05","2,199.45","389,024"
"10-May-2022","2,217.05","2,243.50","2,192.05","2,203.25","258,750"
"11-May-2022","2,219.00","2,220.50","2,155.00","2,164.15","422,151"
"12-May-2022","2,150.00","2,179.40","2,105.10","2,115.00","376,209"
"13-May-2022","2,130.00","2,171.00","2,112.00","2,121.75","329,176"
"16-May-2022","2,139.00","2,139.00","2,087.80","2,114.65","320,258"
"17-May-2022","2,129.00","2,175.10","2,105.00","2,169.55","265,942"
"18-May-2022","2,165.00","2,174.35","2,135.80","2,162.95","649,979"
"19-May-2022","2,050.00","2,127.00","2,050.00","2,117.85","940,385"
"20-May-2022","2,131.15","2,147.30","2,090.35","2,139.45","586,528"
"23-May-2022","2,155.00","2,229.00","2,140.25","2,188.75","893,892"
"24-May-2022","2,189.00","2,215.00","2,158.25","2,172.55","301,307"
"25-May-2022","2,180.00","2,182.60","2,102.55","2,139.40","518,586"
"26-May-2022","2,142.40","2,158.70","2,106.00","2,133.10","393,960"
"27-May-2022","2,150.30","2,168.85","2,138.20","2,163.50","170,206"
"30-May-2022","2,203.25","2,232.00","2,185.40","2,224.60","446,582"
"31-May-2022","2,229.00","2,263.00","2,190.50","2,245.40","940,079"
"01-Jun-2022","2,250.00","2,290.85","2,193.60","2,205.20","451,556"
"02-Jun-2022","2,205.20","2,254.00","2,190.90","2,245.75","328,994"
"03-Jun-2022","2,252.00","2,260.30","2,187.55","2,195.60","384,122"
"06-Jun-2022","2,203.80","2,206.50","2,145.15","2,172.00","229,982"
"07-Jun-2022","2,165.00","2,166.00","2,124.15","2,133.30","200,510"
"08-Jun-2022","2,135.05","2,147.80","2,096.00","2,100.85","345,982"
"09-Jun-2022","2,092.30","2,106.70","2,063.25","2,096.55","559,811"
"10-Jun-2022","2,084.00","2,116.40","2,070.00","2,108.80","295,372"
"13-Jun-2022","2,052.05","2,142.00","2,052.05","2,132.45","753,593"
"14-Jun-2022","2,115.00","2,148.00","2,108.05","2,120.10","248,772"
"15-Jun-2022","2,137.75","2,144.00","2,104.00","2,112.65","204,558"
"16-Jun-2022","2,150.00","2,150.00","2,080.00","2,097.05","266,206"
"17-Jun-2022","2,071.10","2,097.00","1,988.55","1,999.45","942,457"
"20-Jun-2022","2,018.50","2,120.00","2,010.65","2,106.65","1,017,430"
"21-Jun-2022","2,108.90","2,120.00","2,082.70","2,100.60","521,691"
"22-Jun-2022","2,101.00","2,134.80","2,075.00","2,082.10","496,514"
"23-Jun-2022","2,098.00","2,155.65","2,087.30","2,145.55","438,833"
"24-Jun-2022","2,163.35","2,178.95","2,136.05","2,169.25","428,639"
"27-Jun-2022","2,185.00","2,189.20","2,133.15","2,143.15","438,460"
"28-Jun-2022","2,131.00","2,139.85","2,100.00","2,116.20","245,869"
"29-Jun-2022","2,105.00","2,141.60","2,085.70","2,098.15","461,278"
"30-Jun-2022","2,105.20","2,129.70","2,079.00","2,089.90","309,969"
"01-Jul-2022","2,099.95","2,164.35","2,082.80","2,158.35","501,109"
"04-Jul-2022","2,151.10","2,206.80","2,151.10","2,192.45","204,185"
"05-Jul-2022","2,200.00","2,219.85","2,170.80","2,177.05","342,209"
"06-Jul-2022","2,200.00","2,239.40","2,191.10","2,219.55","516,489"
"07-Jul-2022","2,239.75","2,273.10","2,228.30","2,237.05","320,355"
"08-Jul-2022","2,242.00","2,254.95","2,229.00","2,250.85","214,805"
"11-Jul-2022","2,259.95","2,278.95","2,235.55","2,268.55","259,144"
"12-Jul-2022","2,267.90","2,267.90","2,240.65","2,250.75","165,755"
"13-Jul-2022","2,274.00","2,302.80","2,265.80","2,285.45","563,234"
"14-Jul-2022","2,289.90","2,301.90","2,263.00","2,289.80","233,904"
"15-Jul-2022","2,289.80","2,320.00","2,282.45","2,307.65","268,077"
"18-Jul-2022","2,317.00","2,325.00","2,281.00","2,302.10","233,258"
"19-Jul-2022","2,280.55","2,303.00","2,270.00","2,291.45","155,639"
"20-Jul-2022","2,305.45","2,333.00","2,297.00","2,320.85","361,939"
"21-Jul-2022","2,324.95","2,372.00","2,313.50","2,362.15","368,969"
"22-Jul-2022","2,362.15","2,378.25","2,344.15","2,357.75","220,975"
"25-Jul-2022","2,358.00","2,384.00","2,318.10","2,333.30","323,481"
"26-Jul-2022","2,324.00","2,329.00","2,271.95","2,320.50","362,253"
"27-Jul-2022","2,310.10","2,364.10","2,310.10","2,354.40","265,480"
"28-Jul-2022","2,372.90","2,405.00","2,351.60","2,399.80","426,773"
"29-Jul-2022","2,431.80","2,460.00","2,407.70","2,451.25","341,453"
"01-Aug-2022","2,471.80","2,504.00","2,456.90","2,496.15","358,532"
"02-Aug-2022","2,510.00","2,538.00","2,497.60","2,520.45","370,124"
"03-Aug-2022","2,520.00","2,530.00","2,494.30","2,523.25","216,092"
"04-Aug-2022","2,535.00","2,559.85","2,507.25","2,554.10","411,253"
"05-Aug-2022","2,570.80","2,649.65","2,563.40","2,640.85","1,026,958"
"08-Aug-2022","2,650.00","2,655.55","2,610.00","2,649.35","496,035"
"10-Aug-2022","2,649.85","2,671.05","2,612.80","2,636.80","1,014,686"
"11-Aug-2022","2,660.00","2,678.05","2,631.70","2,640.65","565,999"
"12-Aug-2022","2,640.65","2,654.95","2,618.15","2,622.50","509,065"
"16-Aug-2022","2,640.00","2,678.75","2,626.00","2,665.75","387,950"
"17-Aug-2022","2,679.00","2,741.00","2,673.00","2,716.30","986,217"
"18-Aug-2022","2,719.85","2,735.00","2,702.00","2,723.25","205,978"
"19-Aug-2022","2,729.95","2,743.30","2,709.25","2,720.80","412,226"
"22-Aug-2022","2,700.00","2,706.90","2,645.50","2,680.15","374,670"
"23-Aug-2022","2,659.00","2,693.10","2,633.25","2,677.85","289,573"
"24-Aug-2022","2,670.00","2,697.90","2,644.05","2,670.75","212,217"
"25-Aug-2022","2,675.00","2,696.00","2,655.15","2,663.25","413,479"
"26-Aug-2022","2,674.95","2,695.00","2,652.10","2,666.90","186,127"
"29-Aug-2022","2,600.00","2,709.90","2,596.10","2,700.35","398,662"
"30-Aug-2022","2,715.50","2,762.30","2,711.00","2,736.30","521,669"
"01-Sep-2022","2,736.30","2,826.00","2,717.00","2,820.30","733,334"
"02-Sep-2022","2,829.95","2,895.00","2,826.00","2,866.70","821,046"
"05-Sep-2022","2,875.00","2,893.00","2,829.55","2,832.75","348,835"
"06-Sep-2022","2,848.00","2,855.45","2,798.00","2,815.80","234,997"
"07-Sep-2022","2,816.90","2,832.00","2,792.10","2,803.85","290,684"
"08-Sep-2022","2,824.50","2,875.00","2,817.00","2,869.65","446,745"
"09-Sep-2022","2,890.00","2,890.00","2,833.10","2,844.15","257,247"
"12-Sep-2022","2,855.00","2,878.95","2,845.00","2,857.60","165,314"
"13-Sep-2022","2,869.00","2,881.00","2,845.00","2,857.45","196,755"
"14-Sep-2022","2,805.00","2,892.00","2,805.00","2,869.15","467,827"
"15-Sep-2022","2,884.00","2,918.95","2,865.95","2,901.85","699,294"
"16-Sep-2022","2,903.00","2,906.00","2,788.10","2,799.05","722,787"
"19-Sep-2022","2,799.05","2,827.85","2,757.05","2,806.80","230,117"
"20-Sep-2022","2,819.85","2,883.55","2,811.60","2,833.90","270,503"
"21-Sep-2022","2,830.00","2,867.65","2,811.10","2,818.75","196,412"
"22-Sep-2022","2,814.20","2,820.00","2,750.00","2,809.95","408,615"
"23-Sep-2022","2,811.95","2,812.95","2,770.00","2,800.65","318,784"
"26-Sep-2022","2,780.00","2,829.85","2,762.50","2,802.20","411,652"
"27-Sep-2022","2,814.95","2,843.75","2,790.00","2,804.30","555,549"
"28-Sep-2022","2,795.00","2,795.00","2,756.80","2,769.75","934,274"
"29-Sep-2022","2,783.60","2,788.00","2,670.00","2,704.20","781,261"
"30-Sep-2022","2,707.30","2,717.00","2,675.25","2,690.30","522,625"
"03-Oct-2022","2,690.00","2,692.00","2,636.85","2,656.25","335,932"
"04-Oct-2022","2,691.00","2,698.25","2,673.10","2,686.65","278,679"
"06-Oct-2022","2,714.00","2,714.00","2,655.00","2,661.95","297,428"
"07-Oct-2022","2,662.90","2,700.50","2,641.00","2,662.60","315,243"
"10-Oct-2022","2,624.20","2,659.00","2,593.25","2,645.45","203,431"
"11-Oct-2022","2,667.00","2,672.75","2,606.00","2,612.00","230,529"
"12-Oct-2022","2,625.10","2,660.00","2,602.50","2,655.15","181,549"
"13-Oct-2022","2,650.00","2,667.60","2,613.65","2,621.60","161,572"
"14-Oct-2022","2,654.90","2,668.15","2,615.35","2,619.75","96,984"
"17-Oct-2022","2,632.85","2,709.15","2,625.20","2,691.40","817,003"
"18-Oct-2022","2,704.90","2,737.50","2,685.00","2,712.65","436,400"
"19-Oct-2022","2,700.00","2,703.85","2,627.25","2,664.95","403,651"
"20-Oct-2022","2,663.90","2,712.00","2,656.10","2,689.75","427,176"
"21-Oct-2022","2,690.00","2,699.90","2,626.35","2,637.70","299,403"
"24-Oct-2022","2,665.00","2,670.00","2,635.00","2,643.50","65,413"
"25-Oct-2022","2,632.00","2,635.00","2,595.00","2,618.30","268,752"
"27-Oct-2022","2,624.10","2,642.00","2,545.50","2,564.40","611,705"
"28-Oct-2022","2,568.00","2,587.80","2,555.05","2,560.55","410,190"
"31-Oct-2022","2,563.00","2,596.35","2,553.60","2,584.40","708,497"
"01-Nov-2022","2,597.00","2,650.00","2,590.05","2,643.75","319,290"
"02-Nov-2022","2,644.50","2,649.50","2,595.45","2,634.45","465,724"
"03-Nov-2022","2,622.70","2,648.20","2,605.00","2,643.55","234,210"
"04-Nov-2022","2,643.55","2,663.05","2,625.20","2,648.00","187,803"
"07-Nov-2022","2,647.00","2,667.25","2,613.00","2,628.65","621,515"
"09-Nov-2022","2,645.00","2,667.95","2,622.00","2,652.25","399,448"
"10-Nov-2022","2,600.00","2,671.95","2,600.00","2,656.35","491,005"
"11-Nov-2022","2,669.00","2,685.00","2,634.10","2,661.20","253,691"
"14-Nov-2022","2,650.00","2,687.75","2,640.00","2,654.55","461,694"
"15-Nov-2022","2,667.85","2,680.00","2,640.30","2,675.00","261,836"
"16-Nov-2022","2,671.05","2,685.00","2,653.20","2,682.45","349,213"
"17-Nov-2022","2,682.45","2,699.00","2,661.40","2,693.20","335,754"
"18-Nov-2022","2,698.00","2,714.00","2,675.65","2,699.25","219,271"
"21-Nov-2022","2,710.15","2,718.40","2,656.95","2,662.00","220,778"
"22-Nov-2022","2,663.30","2,703.95","2,660.80","2,696.95","290,848"
"23-Nov-2022","2,699.90","2,718.00","2,685.20","2,696.45","192,479"
"24-Nov-2022","2,709.95","2,716.00","2,694.15","2,703.90","142,617"
"25-Nov-2022","2,699.70","2,707.00","2,653.20","2,662.10","266,750"
"28-Nov-2022","2,662.10","2,697.00","2,662.10","2,692.35","267,957"
"29-Nov-2022","2,690.00","2,753.00","2,685.70","2,727.95","401,963"
"30-Nov-2022","2,736.05","2,787.50","2,704.65","2,748.70","1,312,335"
"01-Dec-2022","2,752.55","2,766.00","2,727.00","2,733.55","268,815"
"02-Dec-2022","2,733.55","2,743.95","2,705.00","2,736.20","196,921"
"05-Dec-2022","2,728.10","2,739.85","2,694.00","2,733.80","339,575"
"06-Dec-2022","2,724.00","2,779.00","2,720.25","2,757.20","502,915"
"07-Dec-2022","2,775.00","2,796.00","2,764.00","2,772.40","437,482"
"08-Dec-2022","2,790.00","2,792.90","2,754.10","2,761.75","252,147"
"09-Dec-2022","2,767.95","2,781.55","2,720.00","2,739.65","234,682"
"12-Dec-2022","2,735.00","2,737.35","2,676.85","2,688.15","331,339"
"13-Dec-2022","2,680.30","2,688.50","2,637.10","2,648.80","274,138"
"14-Dec-2022","2,645.80","2,660.00","2,623.40","2,636.30","299,925"
"15-Dec-2022","2,630.95","2,637.60","2,608.50","2,616.55","177,718"
"16-Dec-2022","2,615.00","2,615.00","2,558.00","2,592.90","450,977"
"19-Dec-2022","2,591.00","2,605.70","2,572.00","2,599.85","216,329"
"20-Dec-2022","2,590.00","2,599.70","2,566.00","2,576.70","148,058"
"21-Dec-2022","2,580.10","2,600.00","2,551.00","2,565.75","171,894"
"22-Dec-2022","2,560.00","2,586.20","2,525.00","2,551.75","187,402"
"23-Dec-2022","2,535.10","2,544.10","2,483.15","2,490.25","244,433"
"26-Dec-2022","2,480.00","2,524.40","2,461.55","2,513.55","258,697"
"27-Dec-2022","2,515.00","2,544.95","2,509.00","2,537.15","146,799"
"28-Dec-2022","2,537.75","2,633.95","2,524.15","2,587.90","490,765"
"29-Dec-2022","2,585.55","2,721.10","2,540.45","2,601.70","616,364"
"30-Dec-2022","2,610.00","2,610.00","2,541.30","2,550.15","205,066"
"02-Jan-2023","2,555.00","2,560.00","2,510.00","2,530.00","334,889"
"03-Jan-2023","2,539.00","2,551.80","2,516.25","2,537.00","321,734"
"04-Jan-2023","2,538.90","2,539.00","2,504.10","2,510.95","168,265"
"05-Jan-2023","2,520.00","2,554.00","2,510.95","2,518.10","243,997"
"06-Jan-2023","2,521.00","2,538.10","2,511.10","2,522.30","159,896"
"09-Jan-2023","2,534.95","2,558.00","2,527.00","2,552.35","164,218"
"10-Jan-2023","2,552.40","2,563.95","2,513.00","2,529.20","156,258"
"11-Jan-2023","2,530.10","2,537.40","2,475.05","2,479.50","268,246"
"12-Jan-2023","2,481.90","2,526.15","2,462.80","2,495.50","286,562"
"13-Jan-2023","2,508.00","2,514.05","2,472.60","2,505.15","185,651"
"16-Jan-2023","2,509.00","2,516.85","2,446.65","2,449.80","243,197"
"17-Jan-2023","2,447.95","2,464.00","2,414.20","2,437.45","552,231"
"18-Jan-2023","2,437.45","2,493.30","2,431.15","2,488.65","175,869"
"19-Jan-2023","2,480.00","2,485.05","2,436.50","2,453.20","273,613"
"20-Jan-2023","2,449.00","2,449.00","2,395.00","2,402.60","246,731"
"23-Jan-2023","2,409.00","2,428.00","2,381.65","2,409.60","251,624"
"24-Jan-2023","2,409.60","2,425.00","2,377.25","2,382.35","259,197"
"25-Jan-2023","2,331.00","2,352.00","2,299.00","2,315.30","836,733"
"27-Jan-2023","2,320.00","2,320.00","2,257.00","2,290.65","445,082"
"30-Jan-2023","2,304.95","2,320.00","2,265.05","2,283.40","315,941"
"31-Jan-2023","2,303.90","2,304.90","2,275.25","2,279.55","553,717"
"01-Feb-2023","2,291.50","2,333.00","2,270.00","2,315.30","344,260"
"02-Feb-2023","2,309.05","2,310.00","2,252.80","2,291.45","407,271"
"03-Feb-2023","2,291.50","2,348.95","2,281.60","2,341.55","313,695"
"06-Feb-2023","2,353.30","2,353.30","2,321.00","2,333.30","260,974"
"07-Feb-2023","2,333.30","2,343.00","2,313.00","2,315.20","191,927"
"08-Feb-2023","2,318.00","2,339.70","2,301.00","2,333.75","177,766"
"09-Feb-2023","2,334.95","2,340.00","2,315.00","2,327.65","177,557"
"10-Feb-2023","2,329.00","2,349.30","2,310.30","2,316.15","319,443"
"13-Feb-2023","2,301.05","2,318.10","2,290.00","2,301.95","181,580"
"14-Feb-2023","2,324.00","2,324.00","2,278.00","2,296.10","213,300"
"15-Feb-2023","2,300.00","2,322.05","2,282.00","2,311.30","191,808"
"16-Feb-2023","2,319.00","2,327.55","2,302.30","2,316.75","315,493"
"17-Feb-2023","2,316.35","2,342.10","2,300.65","2,333.10","316,431"
"20-Feb-2023","2,341.85","2,342.00","2,306.80","2,320.05","275,669"
"21-Feb-2023","2,330.00","2,335.00","2,306.00","2,331.85","256,936"
"22-Feb-2023","2,319.95","2,319.95","2,281.00","2,294.65","330,363"
"23-Feb-2023","2,298.00","2,300.35","2,258.00","2,268.15","381,344"
"24-Feb-2023","2,270.00","2,288.30","2,250.05","2,275.70","458,298"
"27-Feb-2023","2,265.00","2,293.20","2,261.00","2,279.65","231,825"
"28-Feb-2023","2,277.00","2,313.60","2,266.70","2,300.80","312,343"
"01-Mar-2023","2,312.35","2,316.25","2,295.20","2,307.50","283,892"
"02-Mar-2023","2,307.00","2,315.90","2,290.00","2,309.90","233,107"
"03-Mar-2023","2,318.00","2,330.00","2,305.00","2,318.75","313,073"
"06-Mar-2023","2,330.60","2,369.65","2,325.40","2,351.00","332,386"
"08-Mar-2023","2,349.90","2,352.75","2,327.35","2,348.10","228,845"
"09-Mar-2023","2,354.00","2,359.00","2,302.00","2,308.55","306,514"
"10-Mar-2023","2,298.00","2,317.65","2,275.00","2,313.50","161,789"
"13-Mar-2023","2,306.00","2,313.50","2,282.05","2,292.55","340,575"
"14-Mar-2023","2,292.00","2,312.95","2,281.00","2,302.25","340,133"
"15-Mar-2023","2,314.00","2,337.45","2,302.20","2,311.45","205,114"
"16-Mar-2023","2,323.60","2,364.20","2,312.10","2,341.20","263,331"
"17-Mar-2023","2,355.05","2,357.80","2,324.85","2,349.90","425,920"
"20-Mar-2023","2,330.00","2,376.90","2,320.15","2,372.40","311,427"
"21-Mar-2023","2,384.25","2,389.85","2,351.10","2,358.45","299,389"
"22-Mar-2023","2,374.00","2,398.40","2,365.00","2,377.05","1,026,637"
"23-Mar-2023","2,377.05","2,383.30","2,356.05","2,368.10","271,280"
"24-Mar-2023","2,368.10","2,379.00","2,351.65","2,364.55","270,195"
"27-Mar-2023","2,356.00","2,370.00","2,335.70","2,352.05","190,338"
"28-Mar-2023","2,355.00","2,355.45","2,316.50","2,336.05","301,608"
"29-Mar-2023","2,336.05","2,346.00","2,305.00","2,315.20","330,670"
"31-Mar-2023","2,324.95","2,368.00","2,313.00","2,353.00","521,107"
"03-Apr-2023","2,350.00","2,350.00","2,296.30","2,327.60","411,040"
"05-Apr-2023","2,318.00","2,334.95","2,306.40","2,322.45","226,417"
"06-Apr-2023","2,325.00","2,347.85","2,317.90","2,332.05","368,699"
"10-Apr-2023","2,333.95","2,364.05","2,312.35","2,355.70","277,272"
"11-Apr-2023","2,364.00","2,366.70","2,329.00","2,346.15","280,704"
"12-Apr-2023","2,346.10","2,359.45","2,335.45","2,347.80","483,206"
"13-Apr-2023","2,347.70","2,366.00","2,343.90","2,350.20","339,297"
"17-Apr-2023","2,358.00","2,375.95","2,348.95","2,369.70","245,889"
"18-Apr-2023","2,375.00","2,437.00","2,352.00","2,432.50","375,635"
"19-Apr-2023","2,447.35","2,448.80","2,400.00","2,408.60","250,464"
"20-Apr-2023","2,415.00","2,425.65","2,401.10","2,408.10","128,035"
"21-Apr-2023","2,419.90","2,445.05","2,414.00","2,440.15","367,124"
"24-Apr-2023","2,450.00","2,450.40","2,416.00","2,421.15","184,164"
"25-Apr-2023","2,421.15","2,428.85","2,403.00","2,411.35","198,464"
"26-Apr-2023","2,407.95","2,430.00","2,403.80","2,411.75","261,256"
"27-Apr-2023","2,428.45","2,449.85","2,385.00","2,389.20","330,033"
"28-Apr-2023","2,395.05","2,422.50","2,376.00","2,419.25","378,439"
"02-May-2023","2,429.00","2,431.00","2,406.00","2,419.75","189,298"
"03-May-2023","2,422.95","2,469.70","2,413.65","2,463.95","536,625"
"04-May-2023","2,474.95","2,474.95","2,450.75","2,465.15","299,652"
"05-May-2023","2,470.35","2,486.90","2,461.50","2,472.10","341,393"
"08-May-2023","2,480.35","2,492.00","2,417.00","2,450.70","682,720"
"09-May-2023","2,425.00","2,478.50","2,400.15","2,471.75","1,102,876"
"10-May-2023","2,477.00","2,544.90","2,477.00","2,509.40","1,196,164"
"11-May-2023","2,539.95","2,575.00","2,523.90","2,566.45","840,132"
"12-May-2023","2,580.00","2,613.75","2,555.00","2,587.25","671,693"
"15-May-2023","2,587.00","2,600.00","2,545.40","2,550.35","248,675"
"16-May-2023","2,568.45","2,580.00","2,540.00","2,544.20","202,738"
"17-May-2023","2,539.95","2,559.20","2,523.05","2,545.10","655,757"
"18-May-2023","2,555.20","2,571.20","2,542.10","2,552.25","394,341"
"19-May-2023","2,552.25","2,575.70","2,545.30","2,566.60","313,001"
"22-May-2023","2,563.10","2,574.45","2,526.00","2,535.20","255,297"
"23-May-2023","2,549.00","2,555.45","2,528.00","2,533.30","183,100"
"24-May-2023","2,517.00","2,535.90","2,510.80","2,526.65","234,361"
"25-May-2023","2,523.00","2,541.95","2,496.00","2,523.25","359,963"
"26-May-2023","2,540.95","2,591.30","2,521.00","2,586.15","311,970"
"29-May-2023","2,595.55","2,599.00","2,570.00","2,582.95","219,835"
"30-May-2023","2,590.00","2,605.00","2,572.60","2,594.20","181,279"
"31-May-2023","2,600.05","2,618.70","2,592.10","2,607.85","495,074"
"01-Jun-2023","2,618.00","2,669.00","2,614.05","2,651.55","478,918"
"02-Jun-2023","2,652.55","2,661.50","2,623.00","2,632.45","263,292"
"05-Jun-2023","2,639.00","2,651.80","2,625.00","2,638.55","115,456"
"06-Jun-2023","2,637.00","2,653.45","2,609.80","2,624.10","127,143"
"07-Jun-2023","2,631.00","2,664.40","2,631.00","2,654.85","182,315"
"08-Jun-2023","2,664.00","2,678.00","2,621.65","2,634.45","164,181"
"09-Jun-2023","2,638.00","2,652.95","2,610.50","2,614.95","100,618"
"12-Jun-2023","2,616.25","2,659.80","2,607.75","2,640.75","234,521"
"13-Jun-2023","2,666.00","2,735.00","2,656.55","2,686.65","874,863"
"14-Jun-2023","2,686.00","2,729.65","2,675.75","2,693.10","513,278"
"15-Jun-2023","2,714.05","2,724.85","2,672.40","2,680.70","401,002"
"16-Jun-2023","2,694.00","2,705.00","2,667.65","2,697.70","435,650"
"19-Jun-2023","2,709.00","2,718.95","2,668.00","2,673.30","300,224"
"20-Jun-2023","2,674.90","2,701.00","2,670.80","2,678.50","447,600"
"21-Jun-2023","2,700.00","2,703.00","2,660.30","2,671.25","347,029"
"22-Jun-2023","2,683.95","2,688.50","2,632.10","2,636.30","163,415"
"23-Jun-2023","2,650.40","2,683.60","2,636.00","2,658.30","789,589"
"26-Jun-2023","2,650.00","2,669.00","2,623.95","2,630.90","243,751"
"27-Jun-2023","2,636.00","2,656.20","2,616.95","2,621.35","362,724"
"28-Jun-2023","2,626.20","2,634.35","2,590.00","2,598.65","770,303"
"30-Jun-2023","2,602.10","2,645.90","2,585.30","2,597.10","722,273"
"03-Jul-2023","2,599.20","2,613.55","2,570.00","2,571.45","473,016"
"04-Jul-2023","2,571.45","2,588.00","2,558.60","2,570.45","438,598"
"05-Jul-2023","2,575.00","2,626.60","2,575.00","2,608.85","543,932"
"06-Jul-2023","2,620.00","2,658.65","2,615.00","2,649.00","326,780"
"07-Jul-2023","2,655.00","2,662.00","2,606.35","2,612.95","310,425"
"10-Jul-2023","2,611.95","2,620.75","2,581.05","2,595.85","280,989"
"11-Jul-2023","2,595.95","2,688.00","2,586.00","2,638.85","633,719"
"12-Jul-2023","2,579.05","2,627.70","2,551.50","2,622.45","812,161"
"13-Jul-2023","2,622.45","2,655.00","2,608.30","2,618.20","325,809"
"14-Jul-2023","2,617.90","2,628.30","2,595.00","2,623.50","297,136"
"17-Jul-2023","2,600.00","2,649.00","2,600.00","2,639.60","231,762"
"18-Jul-2023","2,639.60","2,666.25","2,623.55","2,658.10","371,797"
"19-Jul-2023","2,666.50","2,691.70","2,643.30","2,685.95","401,289"
"20-Jul-2023","2,695.95","2,695.95","2,667.40","2,676.60","213,260"
"21-Jul-2023","2,663.00","2,685.00","2,652.65","2,662.80","211,117"
"24-Jul-2023","2,655.10","2,665.00","2,636.15","2,651.60","255,346"
"25-Jul-2023","2,648.00","2,648.00","2,587.80","2,607.40","218,299"
"26-Jul-2023","2,611.95","2,629.75","2,593.05","2,618.00","149,847"
"27-Jul-2023","2,613.00","2,628.35","2,596.05","2,602.75","141,783"
"28-Jul-2023","2,595.00","2,628.40","2,587.15","2,615.85","336,411"
"31-Jul-2023","2,615.85","2,626.85","2,590.20","2,614.95","221,454"
"01-Aug-2023","2,615.00","2,640.80","2,602.05","2,634.80","182,792"
"02-Aug-2023","2,639.90","2,643.95","2,608.85","2,626.75","182,882"
"03-Aug-2023","2,626.95","2,636.55","2,570.05","2,584.50","206,189"
"04-Aug-2023","2,590.05","2,618.65","2,584.55","2,609.80","176,758"
"07-Aug-2023","2,609.80","2,623.60","2,600.00","2,610.60","132,591"
"08-Aug-2023","2,611.05","2,628.00","2,594.80","2,623.80","294,364"
"09-Aug-2023","2,619.90","2,625.00","2,595.10","2,603.60","244,304"
"10-Aug-2023","2,619.00","2,619.00","2,510.55","2,520.10","747,380"
"11-Aug-2023","2,550.05","2,552.00","2,517.00","2,544.65","394,433"
"14-Aug-2023","2,544.90","2,545.00","2,510.60","2,537.40","149,281"
"16-Aug-2023","2,535.00","2,557.45","2,515.00","2,539.65","213,059"
"17-Aug-2023","2,540.45","2,550.00","2,499.00","2,503.15","252,328"
"18-Aug-2023","2,503.20","2,513.00","2,470.00","2,477.60","345,376"
"21-Aug-2023","2,477.45","2,493.25","2,472.30","2,486.75","272,682"
"22-Aug-2023","2,499.00","2,499.80","2,482.00","2,494.30","273,033"
"23-Aug-2023","2,510.00","2,582.50","2,500.00","2,506.95","879,174"
"24-Aug-2023","2,525.05","2,544.00","2,515.55","2,521.60","565,703"
"25-Aug-2023","2,515.05","2,536.90","2,508.80","2,527.90","431,499"
"28-Aug-2023","2,531.90","2,539.60","2,510.05","2,514.10","342,150"
"29-Aug-2023","2,523.95","2,588.70","2,516.45","2,581.95","566,393"
"30-Aug-2023","2,580.00","2,589.95","2,561.45","2,574.85","389,197"
"31-Aug-2023","2,581.00","2,584.85","2,494.95","2,515.00","1,248,501"
"01-Sep-2023","2,524.95","2,533.55","2,486.10","2,498.25","468,711"
"04-Sep-2023","2,499.00","2,509.95","2,467.55","2,474.85","481,518"
"05-Sep-2023","2,488.85","2,507.00","2,477.40","2,491.30","360,316"
"06-Sep-2023","2,485.00","2,508.00","2,484.00","2,502.40","258,925"
"07-Sep-2023","2,510.00","2,516.00","2,494.10","2,507.40","210,905"
"08-Sep-2023","2,509.00","2,517.95","2,491.70","2,505.05","586,237"
"11-Sep-2023","2,519.00","2,528.00","2,500.00","2,523.75","419,624"
"12-Sep-2023","2,530.00","2,530.00","2,480.00","2,487.25","587,884"
"13-Sep-2023","2,486.00","2,510.60","2,456.00","2,488.55","395,453"
"14-Sep-2023","2,498.00","2,498.00","2,467.25","2,483.20","548,954"
"15-Sep-2023","2,483.05","2,505.00","2,473.10","2,481.50","504,764"
"18-Sep-2023","2,481.50","2,513.15","2,471.00","2,508.15","277,306"
"20-Sep-2023","2,511.95","2,517.95","2,487.75","2,499.20","337,541"
"21-Sep-2023","2,491.10","2,518.40","2,486.00","2,512.85","279,691"
"22-Sep-2023","2,518.85","2,520.50","2,493.00","2,517.70","348,380"
"25-Sep-2023","2,517.00","2,519.80","2,477.55","2,494.50","219,117"
"26-Sep-2023","2,488.20","2,506.00","2,488.20","2,501.80","128,154"
"27-Sep-2023","2,495.00","2,503.75","2,480.30","2,499.50","178,583"
"28-Sep-2023","2,499.50","2,503.95","2,414.05","2,421.35","475,791"
"29-Sep-2023","2,440.00","2,452.40","2,429.00","2,439.50","123,353"
"03-Oct-2023","2,439.50","2,447.90","2,412.55","2,425.40","382,674"
"04-Oct-2023","2,421.95","2,422.95","2,385.00","2,406.40","378,833"
"05-Oct-2023","2,435.60","2,438.30","2,420.00","2,429.20","231,636"
"06-Oct-2023","2,443.00","2,456.90","2,429.20","2,454.35","242,397"
"09-Oct-2023","2,430.10","2,438.85","2,410.10","2,425.00","370,569"
"10-Oct-2023","2,430.00","2,456.00","2,425.00","2,450.10","288,124"
"11-Oct-2023","2,456.00","2,492.00","2,455.00","2,487.65","449,170"
"12-Oct-2023","2,487.65","2,497.50","2,472.80","2,481.90","124,308"
"13-Oct-2023","2,480.00","2,484.20","2,454.40","2,460.05","146,168"
"16-Oct-2023","2,460.00","2,463.25","2,418.75","2,434.60","412,888"
"17-Oct-2023","2,441.55","2,444.15","2,419.55","2,427.35","299,608"
"18-Oct-2023","2,420.10","2,434.95","2,404.50","2,407.25","156,214"
"19-Oct-2023","2,400.00","2,405.95","2,370.00","2,374.85","324,864"
"20-Oct-2023","2,374.85","2,385.95","2,355.00","2,373.20","277,143"
"23-Oct-2023","2,373.20","2,382.35","2,345.00","2,351.00","147,967"
"25-Oct-2023","2,360.50","2,363.40","2,321.30","2,326.30","223,852"
"26-Oct-2023","2,321.00","2,322.00","2,292.55","2,295.40","280,265"
"27-Oct-2023","2,302.85","2,334.40","2,296.10","2,316.80","422,263"
"30-Oct-2023","2,330.00","2,330.00","2,299.00","2,312.15","311,774"
"31-Oct-2023","2,364.00","2,478.00","2,350.35","2,458.00","2,314,742"
"01-Nov-2023","2,452.00","2,465.00","2,401.65","2,406.35","565,676"
"02-Nov-2023","2,430.00","2,436.35","2,395.25","2,428.30","237,880"
"03-Nov-2023","2,437.80","2,459.00","2,414.35","2,455.50","159,963"
"06-Nov-2023","2,470.00","2,471.45","2,420.95","2,433.70","325,475"
"07-Nov-2023","2,446.95","2,446.95","2,421.00","2,438.30","178,637"
"08-Nov-2023","2,464.00","2,488.75","2,437.25","2,473.15","350,680"
"09-Nov-2023","2,465.10","2,500.00","2,450.50","2,457.55","673,878"
"10-Nov-2023","2,457.55","2,470.00","2,418.80","2,432.35","326,200"
"12-Nov-2023","2,454.00","2,454.00","2,433.00","2,440.90","43,122"
"13-Nov-2023","2,444.80","2,447.85","2,421.90","2,428.60","181,803"
"15-Nov-2023","2,429.00","2,469.65","2,420.85","2,460.30","405,307"
"16-Nov-2023","2,460.50","2,466.15","2,446.05","2,459.10","175,004"
"17-Nov-2023","2,468.85","2,534.30","2,465.05","2,510.30","786,838"
"20-Nov-2023","2,510.30","2,520.00","2,476.25","2,483.55","208,065"
"21-Nov-2023","2,484.00","2,504.75","2,471.65","2,495.60","225,993"
"22-Nov-2023","2,495.55","2,507.80","2,478.05","2,488.35","143,168"
"23-Nov-2023","2,488.35","2,516.00","2,482.95","2,509.30","253,442"
"24-Nov-2023","2,515.90","2,516.45","2,482.00","2,504.10","247,748"
"28-Nov-2023","2,491.00","2,514.30","2,481.75","2,488.05","229,294"
"29-Nov-2023","2,488.95","2,515.90","2,485.00","2,503.60","385,084"
"30-Nov-2023","2,503.60","2,563.60","2,487.00","2,552.35","894,422"
"01-Dec-2023","2,570.00","2,576.15","2,544.05","2,562.15","300,500"
"04-Dec-2023","2,576.00","2,582.00","2,546.00","2,553.45","356,930"
"05-Dec-2023","2,555.00","2,588.40","2,545.65","2,571.00","364,575"
"06-Dec-2023","2,589.95","2,616.20","2,570.00","2,576.15","439,281"
"07-Dec-2023","2,590.00","2,628.00","2,583.05","2,588.85","418,572"
"08-Dec-2023","2,607.00","2,607.00","2,545.00","2,561.65","215,930"
"11-Dec-2023","2,561.65","2,567.80","2,535.70","2,545.55","252,758"
"12-Dec-2023","2,546.05","2,614.80","2,546.05","2,607.50","705,500"
"13-Dec-2023","2,621.35","2,649.00","2,576.00","2,623.25","631,170"
"14-Dec-2023","2,633.35","2,638.00","2,600.00","2,634.30","451,306"
"15-Dec-2023","2,634.30","2,656.95","2,623.95","2,651.05","515,599"
"18-Dec-2023","2,651.00","2,666.90","2,643.00","2,647.50","464,591"
"19-Dec-2023","2,647.50","2,661.00","2,618.90","2,648.75","389,801"
"20-Dec-2023","2,662.00","2,671.00","2,568.85","2,584.20","597,865"
"21-Dec-2023","2,565.10","2,622.00","2,547.85","2,616.10","201,946"
"22-Dec-2023","2,616.15","2,649.85","2,612.15","2,643.45","237,427"
"26-Dec-2023","2,645.00","2,680.00","2,636.00","2,667.95","213,484"
"27-Dec-2023","2,673.00","2,717.05","2,667.95","2,699.10","487,539"
"28-Dec-2023","2,719.90","2,723.45","2,696.05","2,708.30","409,640"
"29-Dec-2023","2,710.00","2,753.60","2,678.55","2,715.10","691,045"
"01-Jan-2024","2,737.10","2,737.10","2,693.45","2,697.50","130,958"
"02-Jan-2024","2,695.00","2,749.00","2,661.50","2,737.70","267,832"
"03-Jan-2024","2,749.00","2,792.00","2,728.05","2,772.25","347,830"
"04-Jan-2024","2,778.00","2,790.30","2,750.30","2,769.05","300,002"
"05-Jan-2024","2,765.55","2,769.05","2,714.40","2,722.60","377,109"
"08-Jan-2024","2,738.95","2,738.95","2,692.60","2,714.65","268,950"
"09-Jan-2024","2,734.75","2,740.95","2,711.70","2,724.10","273,223"
"10-Jan-2024","2,712.00","2,731.00","2,697.05","2,709.30","274,833"
"11-Jan-2024","2,705.00","2,744.50","2,698.20","2,740.55","232,373"
"12-Jan-2024","2,744.15","2,755.00","2,710.05","2,735.10","185,626"
"15-Jan-2024","2,725.00","2,773.55","2,717.00","2,754.25","719,264"
"16-Jan-2024","2,751.10","2,805.00","2,730.00","2,795.55","415,738"
"17-Jan-2024","2,789.00","2,789.00","2,720.80","2,757.75","761,187"
"18-Jan-2024","2,742.00","2,750.25","2,675.00","2,698.40","468,132"
"19-Jan-2024","2,705.50","2,711.95","2,677.10","2,687.70","627,943"
"20-Jan-2024","2,685.00","2,710.40","2,675.00","2,677.50","81,777"
"23-Jan-2024","2,674.90","2,690.95","2,488.10","2,522.60","1,269,276"
"24-Jan-2024","2,630.00","2,660.15","2,530.00","2,592.05","2,141,269"
"25-Jan-2024","2,608.00","2,610.00","2,568.95","2,590.15","757,628"
"29-Jan-2024","2,585.00","2,609.25","2,555.25","2,569.30","1,016,146"
"30-Jan-2024","2,569.30","2,618.75","2,556.00","2,567.70","1,167,215"
"31-Jan-2024","2,571.05","2,583.15","2,520.00","2,533.05","3,417,736"
"01-Feb-2024","2,541.95","2,554.00","2,506.05","2,510.45","356,002"
"02-Feb-2024","2,527.95","2,541.30","2,503.25","2,515.35","403,229"
"05-Feb-2024","2,515.40","2,566.00","2,511.15","2,554.20","2,227,669"
"06-Feb-2024","2,560.00","2,619.00","2,554.30","2,614.45","816,702"
"07-Feb-2024","2,648.00","2,724.00","2,634.05","2,695.85","1,061,071"
"08-Feb-2024","2,685.10","2,724.05","2,604.00","2,622.50","316,600"
"09-Feb-2024","2,623.00","2,667.00","2,610.10","2,657.95","277,561"
"12-Feb-2024","2,664.85","2,683.80","2,650.00","2,670.30","364,618"
"13-Feb-2024","2,670.00","2,686.90","2,650.00","2,671.30","182,580"
"14-Feb-2024","2,660.00","2,679.45","2,640.85","2,663.20","327,593"
"15-Feb-2024","2,663.20","2,682.00","2,642.00","2,653.55","379,711"
"16-Feb-2024","2,653.50","2,714.95","2,653.50","2,711.10","578,979"
"19-Feb-2024","2,711.60","2,728.00","2,700.80","2,711.15","363,955"
"20-Feb-2024","2,692.00","2,750.00","2,692.00","2,745.60","358,342"
"21-Feb-2024","2,757.00","2,757.00","2,711.55","2,729.15","247,236"
"22-Feb-2024","2,720.20","2,732.00","2,708.05","2,718.30","260,124"
"23-Feb-2024","2,722.00","2,759.00","2,708.25","2,740.15","223,626"
"26-Feb-2024","2,741.50","2,745.00","2,710.10","2,717.40","241,511"
"27-Feb-2024","2,717.40","2,739.15","2,701.10","2,731.95","206,586"
"28-Feb-2024","2,730.10","2,732.10","2,685.00","2,701.85","709,614"
"29-Feb-2024","2,704.30","2,745.45","2,660.10","2,736.00","523,031"
"01-Mar-2024","2,753.95","2,768.95","2,740.00","2,757.50","310,933"
"02-Mar-2024","2,760.05","2,768.50","2,717.00","2,742.20","16,597"
"04-Mar-2024","2,742.20","2,756.30","2,696.50","2,702.05","204,530"
"05-Mar-2024","2,702.10","2,727.45","2,690.00","2,699.70","224,300"
"06-Mar-2024","2,699.70","2,840.00","2,697.00","2,831.55","1,574,389"
"07-Mar-2024","2,835.10","2,962.70","2,817.30","2,865.85","1,937,996"
"11-Mar-2024","2,875.00","2,927.90","2,873.35","2,906.40","596,392"
"12-Mar-2024","2,912.55","2,918.00","2,850.00","2,855.90","248,083"
"13-Mar-2024","2,873.30","2,897.45","2,798.90","2,823.20","477,450"
"14-Mar-2024","2,820.95","2,880.00","2,773.25","2,861.00","319,451"
"15-Mar-2024","2,870.00","2,894.00","2,819.00","2,868.00","469,743"
"18-Mar-2024","2,868.00","2,946.90","2,860.00","2,925.25","585,618"
"19-Mar-2024","2,925.25","2,925.25","2,867.10","2,891.40","274,009"
"20-Mar-2024","2,885.10","2,890.95","2,820.40","2,871.80","263,055"
"21-Mar-2024","2,872.00","2,908.45","2,856.95","2,901.40","354,279"
"22-Mar-2024","2,907.45","2,969.35","2,904.45","2,960.10","623,393"
"26-Mar-2024","2,981.80","3,009.95","2,959.85","3,001.60","1,035,426"
"27-Mar-2024","3,031.15","3,034.80","2,982.50","2,992.30","370,069"
"28-Mar-2024","2,997.75","3,037.30","2,964.50","3,014.70","661,523"
"01-Apr-2024","3,042.90","3,074.00","3,020.10","3,051.55","370,415"
"02-Apr-2024","3,051.55","3,055.00","2,990.70","2,999.75","422,095"
"03-Apr-2024","3,009.90","3,019.15","2,976.85","3,002.90","319,919"
"04-Apr-2024","3,011.55","3,024.50","2,992.10","2,997.80","321,073"
"05-Apr-2024","2,997.80","3,016.75","2,980.50","3,000.80","216,912"
"08-Apr-2024","3,001.50","3,049.00","2,981.45","3,044.20","232,856"
"09-Apr-2024","3,044.45","3,054.90","2,996.10","3,014.55","125,853"
"10-Apr-2024","3,014.10","3,027.40","2,998.00","3,000.10","146,814"
"12-Apr-2024","3,000.00","3,021.20","2,980.00","2,985.85","185,365"
"15-Apr-2024","2,932.00","2,951.60","2,873.00","2,883.30","347,574"
"16-Apr-2024","2,881.85","2,898.25","2,853.00","2,879.10","187,154"
"18-Apr-2024","2,887.45","2,921.75","2,860.55","2,871.80","328,125"
"19-Apr-2024","2,859.05","2,860.00","2,804.60","2,830.70","668,800"
"22-Apr-2024","2,837.05","2,911.00","2,835.05","2,898.05","227,565"
"23-Apr-2024","2,919.85","2,925.00","2,875.55","2,914.40","379,694"
"24-Apr-2024","2,933.55","2,976.90","2,927.00","2,950.40","283,020"
"25-Apr-2024","2,950.00","2,950.40","2,910.40","2,919.45","291,095"
"26-Apr-2024","2,920.00","3,004.95","2,916.40","2,982.50","250,128"
"29-Apr-2024","2,990.00","3,026.00","2,985.20","3,021.10","337,877"
"30-Apr-2024","3,025.15","3,081.75","3,013.65","3,049.00","477,148"
"02-May-2024","3,049.00","3,118.00","2,965.65","2,988.05","545,207"
"03-May-2024","3,009.70","3,023.50","2,937.00","2,952.80","327,375"
"06-May-2024","2,940.20","2,963.55","2,934.10","2,953.30","210,232"
"07-May-2024","2,953.30","2,965.55","2,930.55","2,950.25","309,866"
"08-May-2024","2,935.50","2,964.90","2,777.00","2,815.05","1,332,543"
"09-May-2024","2,815.05","2,907.00","2,814.00","2,837.35","696,744"
"10-May-2024","2,865.95","2,937.00","2,845.10","2,919.95","555,148"
"13-May-2024","2,904.25","2,978.00","2,903.05","2,965.85","386,238"
"14-May-2024","2,975.95","2,995.00","2,961.05","2,983.75","275,114"
"15-May-2024","2,985.00","3,001.00","2,955.00","2,987.45","327,294"
"16-May-2024","2,990.25","3,030.00","2,983.70","3,018.10","602,332"
"17-May-2024","3,018.10","3,034.70","2,978.05","2,986.95","273,543"
"18-May-2024","2,987.05","3,063.40","2,960.10","3,014.50","32,674"
"21-May-2024","2,983.10","3,037.75","2,970.85","3,015.25","728,534"
"22-May-2024","3,029.80","3,063.00","3,000.00","3,010.95","672,386"
"23-May-2024","3,010.05","3,025.80","2,970.30","2,989.20","267,841"
"24-May-2024","3,003.15","3,010.35","2,946.00","2,972.05","769,375"
"27-May-2024","2,974.65","3,030.00","2,972.05","3,019.90","323,516"
"28-May-2024","3,038.00","3,071.95","3,019.80","3,047.85","413,115"
"29-May-2024","3,047.55","3,050.00","3,015.00","3,037.00","269,778"
"30-May-2024","3,029.80","3,044.90","2,985.00","2,998.80","424,311"
"31-May-2024","2,998.80","2,998.85","2,920.00","2,969.50","1,237,333"
"03-Jun-2024","3,035.00","3,035.00","2,954.80","2,984.60","419,140"
"04-Jun-2024","2,985.00","3,086.35","2,907.25","3,062.20","713,025"
"05-Jun-2024","3,064.00","3,231.00","3,050.00","3,166.20","632,880"
"06-Jun-2024","3,141.00","3,164.55","3,084.00","3,089.20","398,647"
"07-Jun-2024","3,111.35","3,143.00","3,089.40","3,123.70","707,236"
"10-Jun-2024","3,154.00","3,193.00","3,113.00","3,174.05","387,276"
"11-Jun-2024","3,175.00","3,205.00","3,160.30","3,175.40","328,933"
"12-Jun-2024","3,182.75","3,184.00","3,071.55","3,078.50","687,067"
"13-Jun-2024","3,100.00","3,103.60","3,064.05","3,078.60","671,337"
"14-Jun-2024","3,090.00","3,124.85","3,088.90","3,109.80","366,384"
"18-Jun-2024","3,110.00","3,139.00","3,104.50","3,122.60","335,912"
"19-Jun-2024","3,129.00","3,148.00","3,101.35","3,117.20","309,433"
"20-Jun-2024","3,120.00","3,158.05","3,095.35","3,132.45","468,706"
"21-Jun-2024","3,150.00","3,153.45","3,114.05","3,144.45","414,300"
"24-Jun-2024","3,139.50","3,139.50","3,100.00","3,107.10","269,504"
"25-Jun-2024","3,108.10","3,145.95","3,108.10","3,138.60","221,816"
"26-Jun-2024","3,142.65","3,200.00","3,140.95","3,173.95","521,269"
"27-Jun-2024","3,185.05","3,187.60","3,133.00","3,143.95","293,519"
"28-Jun-2024","3,143.95","3,192.65","3,143.95","3,158.95","287,796"
"01-Jul-2024","3,155.65","3,171.80","3,108.00","3,121.40","240,293"
"02-Jul-2024","3,110.00","3,131.95","3,068.35","3,085.15","619,224"
"03-Jul-2024","3,094.95","3,124.25","3,076.85","3,111.95","407,852"
"04-Jul-2024","3,109.90","3,133.85","3,092.25","3,097.40","213,526"
"05-Jul-2024","3,097.40","3,111.40","3,080.00","3,099.75","198,671"
"08-Jul-2024","3,099.75","3,105.00","3,056.00","3,069.00","203,613"
"09-Jul-2024","3,070.00","3,121.00","3,070.00","3,113.90","359,032"
"10-Jul-2024","3,127.00","3,201.85","3,121.40","3,161.65","637,183"
"11-Jul-2024","3,164.95","3,174.00","3,123.35","3,161.45","258,142"
"12-Jul-2024","3,161.45","3,173.90","3,136.65","3,147.65","221,910"
"15-Jul-2024","3,150.00","3,193.30","3,140.00","3,171.00","256,068"
"16-Jul-2024","3,178.95","3,195.00","3,148.55","3,175.15","235,085"
"18-Jul-2024","3,184.00","3,227.00","3,150.90","3,193.40","410,938"
"19-Jul-2024","3,193.40","3,243.05","3,121.45","3,134.75","428,235"
"22-Jul-2024","3,140.00","3,155.00","3,106.60","3,150.35","202,299"
"23-Jul-2024","3,150.35","3,201.00","3,099.25","3,176.40","353,101"
"24-Jul-2024","3,164.10","3,174.00","3,097.25","3,108.90","170,005"
"25-Jul-2024","3,101.00","3,115.15","3,081.40","3,109.55","244,227"
"26-Jul-2024","3,115.55","3,148.95","3,110.15","3,135.35","175,804"
"29-Jul-2024","3,142.40","3,161.95","3,130.05","3,151.85","168,640"
"30-Jul-2024","3,153.00","3,230.00","3,141.15","3,156.00","427,317"
"31-Jul-2024","3,160.00","3,214.85","3,156.00","3,186.40","306,505"
"01-Aug-2024","3,192.05","3,206.85","3,115.25","3,121.30","222,347"
"02-Aug-2024","3,119.90","3,155.00","3,110.00","3,134.05","156,599"
"05-Aug-2024","3,100.00","3,137.45","3,062.80","3,072.95","264,116"
"06-Aug-2024","3,065.15","3,132.95","3,043.60","3,055.25","213,381"
"07-Aug-2024","3,083.55","3,196.00","3,056.00","3,152.85","698,319"
"08-Aug-2024","3,184.25","3,278.95","3,150.00","3,168.30","1,397,468"
"09-Aug-2024","3,207.90","3,212.90","3,100.00","3,133.15","386,756"
"12-Aug-2024","3,130.00","3,130.00","3,040.15","3,051.80","437,462"
"13-Aug-2024","3,030.50","3,068.35","3,022.05","3,047.10","181,637"
"14-Aug-2024","3,049.00","3,060.00","2,999.45","3,030.75","213,043"
"16-Aug-2024","3,050.00","3,062.00","3,025.10","3,057.35","238,640"
"19-Aug-2024","3,088.00","3,088.60","3,051.00","3,056.60","173,165"
"20-Aug-2024","3,078.00","3,083.25","3,050.30","3,066.45","194,202"
"21-Aug-2024","3,068.55","3,085.00","3,043.50","3,057.75","187,932"
"22-Aug-2024","3,069.00","3,142.00","3,065.00","3,127.10","384,984"
"23-Aug-2024","3,134.90","3,134.90","3,080.00","3,084.65","168,470"
"26-Aug-2024","3,084.65","3,111.95","3,061.85","3,108.65","122,410"
"27-Aug-2024","3,107.95","3,115.00","3,080.00","3,099.15","129,045"
"28-Aug-2024","3,115.00","3,115.00","3,070.55","3,083.15","183,165"
"29-Aug-2024","3,080.10","3,095.00","3,047.05","3,080.85","209,792"
"30-Aug-2024","3,080.85","3,138.50","3,071.10","3,123.30","478,166"
"02-Sep-2024","3,150.00","3,181.75","3,135.60","3,162.20","437,322"
"03-Sep-2024","3,167.95","3,217.25","3,162.35","3,173.55","604,354"
"04-Sep-2024","3,172.00","3,246.60","3,172.00","3,214.95","955,844"
"05-Sep-2024","3,214.95","3,225.90","3,181.50","3,209.20","587,224"
"06-Sep-2024","3,210.00","3,259.00","3,205.00","3,233.70","441,560"
"09-Sep-2024","3,254.00","3,301.40","3,220.10","3,273.95","676,835"
"10-Sep-2024","3,284.00","3,289.95","3,227.10","3,231.45","276,297"
"11-Sep-2024","3,269.95","3,296.75","3,249.90","3,254.30","534,809"
"12-Sep-2024","3,250.00","3,280.00","3,221.00","3,269.65","467,044"
"13-Sep-2024","3,269.00","3,331.00","3,241.00","3,310.00","617,427"
"16-Sep-2024","3,320.00","3,320.00","3,278.35","3,304.75","369,327"
"17-Sep-2024","3,309.95","3,311.00","3,263.35","3,269.10","117,365"
"18-Sep-2024","3,270.05","3,271.05","3,161.10","3,192.30","211,503"
"19-Sep-2024","3,225.00","3,249.60","3,185.00","3,244.00","269,754"
"20-Sep-2024","3,249.20","3,298.35","3,225.00","3,287.10","556,121"
"23-Sep-2024","3,298.90","3,304.80","3,277.70","3,295.35","163,795"
"24-Sep-2024","3,295.35","3,327.85","3,254.00","3,265.05","184,450"
"25-Sep-2024","3,265.05","3,270.00","3,217.00","3,256.70","146,118"
"26-Sep-2024","3,256.70","3,303.15","3,246.00","3,289.65","446,470"
"27-Sep-2024","3,295.00","3,370.50","3,274.65","3,363.45","871,582"
"30-Sep-2024","3,384.00","3,415.00","3,350.15","3,359.40","558,443"
"01-Oct-2024","3,387.15","3,396.40","3,331.20","3,340.15","323,455"
"03-Oct-2024","3,240.00","3,324.00","3,240.00","3,299.80","594,000"
"04-Oct-2024","3,270.00","3,299.00","3,192.45","3,208.80","359,269"
"07-Oct-2024","3,227.00","3,227.00","3,139.05","3,153.30","248,961"
"08-Oct-2024","3,157.25","3,191.90","3,102.20","3,185.25","475,232"
"09-Oct-2024","3,214.35","3,239.40","3,170.05","3,174.30","274,804"
"10-Oct-2024","3,180.00","3,192.20","3,128.00","3,137.70","130,144"
"11-Oct-2024","3,159.90","3,159.90","3,102.35","3,110.20","255,940"
"14-Oct-2024","3,133.00","3,147.95","3,100.30","3,131.45","477,499"
"15-Oct-2024","3,166.00","3,217.00","3,140.50","3,163.75","775,805"
"16-Oct-2024","3,170.00","3,190.45","3,141.05","3,180.10","170,872"
"17-Oct-2024","3,180.00","3,204.00","3,142.00","3,154.45","457,113"
"18-Oct-2024","3,154.45","3,304.40","3,154.45","3,184.00","1,063,134"
"21-Oct-2024","3,184.00","3,204.75","3,136.25","3,153.50","230,516"
"22-Oct-2024","3,155.00","3,183.45","3,110.00","3,127.45","242,966"
"23-Oct-2024","3,124.00","3,154.35","3,082.50","3,090.70","162,497"
"24-Oct-2024","3,136.00","3,220.00","3,079.05","3,121.55","1,001,160"
"25-Oct-2024","3,146.40","3,212.50","3,135.00","3,178.95","480,075"
"28-Oct-2024","3,208.00","3,208.00","3,151.60","3,161.65","237,447"
"29-Oct-2024","3,161.65","3,173.40","3,079.05","3,109.00","411,431"
"30-Oct-2024","3,132.95","3,174.00","3,101.00","3,153.60","326,182"
"31-Oct-2024","3,153.60","3,188.55","3,119.60","3,145.85","289,327"
"01-Nov-2024","3,149.95","3,168.35","3,146.00","3,158.75","16,000"
"04-Nov-2024","3,158.75","3,168.00","3,091.00","3,120.55","216,652"
"05-Nov-2024","3,115.15","3,143.95","3,081.80","3,104.55","241,253"
"06-Nov-2024","3,110.00","3,193.10","3,104.55","3,180.80","175,287"
"07-Nov-2024","3,197.00","3,220.00","3,133.65","3,158.35","210,879"
"08-Nov-2024","3,168.35","3,175.50","3,117.00","3,125.70","107,368"
"11-Nov-2024","3,111.25","3,129.55","3,082.00","3,099.65","110,161"
"12-Nov-2024","3,102.00","3,120.85","3,032.55","3,040.30","201,463"
"13-Nov-2024","3,025.00","3,038.30","2,968.30","2,988.55","193,385"
"14-Nov-2024","3,000.00","3,039.95","2,969.65","3,021.70","299,390"
"18-Nov-2024","3,075.00","3,075.30","3,007.05","3,019.30","292,227"
"19-Nov-2024","3,009.30","3,031.55","2,981.55","3,001.90","184,764"
"21-Nov-2024","3,019.00","3,020.00","2,925.90","2,938.05","216,673"
"22-Nov-2024","2,930.55","2,988.00","2,916.90","2,956.55","235,005"
"25-Nov-2024","2,980.00","3,031.05","2,962.15","2,986.20","753,824"
"26-Nov-2024","3,010.00","3,028.85","2,990.15","3,012.05","137,045"
"27-Nov-2024","3,012.05","3,065.00","2,986.00","3,045.75","186,980"
"28-Nov-2024","3,063.00","3,063.00","3,001.15","3,043.90","307,561"
"29-Nov-2024","3,045.00","3,074.85","3,031.40","3,066.20","221,932"
"02-Dec-2024","3,066.25","3,144.75","3,056.10","3,132.50","203,220"
"03-Dec-2024","3,133.65","3,164.95","3,085.70","3,149.00","298,495"
"04-Dec-2024","3,148.00","3,208.55","3,130.75","3,204.75","423,821"
"05-Dec-2024","3,220.00","3,240.00","3,166.05","3,191.95","314,712"
"06-Dec-2024","3,182.00","3,196.20","3,148.55","3,162.25","172,670"
"09-Dec-2024","3,153.00","3,168.65","3,120.00","3,160.75","231,040"
"10-Dec-2024","3,151.00","3,219.00","3,150.10","3,213.15","293,172"
"11-Dec-2024","3,234.85","3,234.85","3,177.00","3,191.20","190,962"
"12-Dec-2024","3,192.60","3,215.00","3,161.55","3,190.10","153,953"
"13-Dec-2024","3,183.80","3,199.95","3,135.05","3,185.20","196,042"
"16-Dec-2024","3,200.00","3,214.35","3,177.00","3,193.85","169,481"
"17-Dec-2024","3,190.55","3,190.55","3,072.95","3,081.35","451,024"
"18-Dec-2024","3,082.00","3,098.25","3,051.00","3,057.65","196,366"
"19-Dec-2024","3,038.05","3,038.05","2,982.35","2,989.00","245,605"
"20-Dec-2024","2,989.90","3,018.90","2,965.95","2,976.80","298,958"
"23-Dec-2024","3,000.00","3,003.85","2,944.00","2,951.80","379,460"
"24-Dec-2024","2,960.00","2,989.60","2,956.05","2,969.90","319,632"
"26-Dec-2024","2,969.90","2,983.95","2,926.00","2,932.45","271,693"
"27-Dec-2024","2,935.05","2,958.00","2,909.35","2,914.40","239,751"
"30-Dec-2024","2,919.95","2,947.00","2,866.10","2,910.55","1,312,344"
"31-Dec-2024","2,909.35","2,934.40","2,879.05","2,904.25","247,174"
"01-Jan-2025","2,904.25","2,925.00","2,855.00","2,863.70","490,525"
"02-Jan-2025","2,883.40","2,932.00","2,863.05","2,926.65","588,217"
"03-Jan-2025","2,936.00","2,959.60","2,909.10","2,932.35","561,962"
"06-Jan-2025","2,933.10","2,947.95","2,870.00","2,894.75","445,784"
"07-Jan-2025","2,894.70","2,964.40","2,894.70","2,927.60","369,474"
"08-Jan-2025","2,930.00","2,948.75","2,878.20","2,908.00","425,543"
"09-Jan-2025","2,912.65","2,968.65","2,906.00","2,958.25","497,474"
"10-Jan-2025","2,958.25","2,979.00","2,899.00","2,901.35","195,673"
"13-Jan-2025","2,865.00","2,879.00","2,791.00","2,796.70","372,676"
"14-Jan-2025","2,801.00","2,819.70","2,786.35","2,808.95","283,968"
"15-Jan-2025","2,828.60","2,837.75","2,791.05","2,802.75","264,935"
"16-Jan-2025","2,824.00","2,837.00","2,771.85","2,785.00","152,117"
"17-Jan-2025","2,770.05","2,842.25","2,760.10","2,813.35","233,341"
"20-Jan-2025","2,834.00","2,834.00","2,783.45","2,787.75","202,462"
"21-Jan-2025","2,800.00","2,814.95","2,740.00","2,749.70","359,612"
"22-Jan-2025","2,756.90","2,765.00","2,725.10","2,754.75","313,441"
"23-Jan-2025","2,800.95","2,997.20","2,800.95","2,909.65","2,312,757"
"24-Jan-2025","2,909.65","2,943.00","2,841.00","2,854.55","300,150"
"27-Jan-2025","2,820.00","2,884.65","2,801.55","2,867.00","329,979"
"28-Jan-2025","2,867.05","2,886.45","2,852.05","2,864.10","244,266"
"29-Jan-2025","2,884.00","2,898.00","2,850.30","2,891.05","207,441"
"30-Jan-2025","2,891.05","2,899.95","2,842.00","2,886.55","197,508"
"31-Jan-2025","2,886.45","2,904.50","2,845.00","2,871.70","313,741"
"01-Feb-2025","2,864.00","3,008.55","2,860.15","2,947.25","164,680"
"03-Feb-2025","2,947.25","2,972.60","2,911.30","2,960.75","247,344"
"04-Feb-2025","2,970.00","2,982.10","2,916.25","2,926.95","324,713"
"05-Feb-2025","2,921.55","2,940.00","2,881.15","2,889.20","183,765"
"06-Feb-2025","2,895.00","2,917.85","2,873.60","2,899.55","183,892"
"07-Feb-2025","2,900.00","2,913.45","2,846.60","2,870.60","198,892"
"10-Feb-2025","2,851.00","2,930.00","2,851.00","2,868.05","159,096"
"11-Feb-2025","2,860.05","2,867.90","2,828.75","2,851.05","195,053"
"12-Feb-2025","2,850.50","2,853.10","2,802.00","2,828.50","126,361"
"13-Feb-2025","2,828.00","2,850.00","2,803.00","2,818.10","118,160"
"14-Feb-2025","2,815.45","2,828.95","2,776.10","2,806.20","102,793"
"17-Feb-2025","2,763.00","2,795.95","2,750.00","2,781.70","171,219"
"18-Feb-2025","2,771.15","2,804.90","2,758.00","2,766.55","232,410"
"19-Feb-2025","2,763.00","2,772.85","2,736.40","2,768.70","165,836"
"20-Feb-2025","2,768.70","2,829.15","2,750.05","2,821.50","502,887"
"21-Feb-2025","2,824.95","2,831.50","2,767.55","2,795.70","576,991"
"24-Feb-2025","2,757.00","2,778.20","2,727.05","2,761.80","369,386"
"25-Feb-2025","2,761.00","2,765.00","2,691.00","2,696.50","377,261"
"27-Feb-2025","2,699.25","2,717.90","2,660.10","2,677.10","248,281"
"28-Feb-2025","2,676.90","2,676.90","2,642.00","2,657.90","495,197"
"03-Mar-2025","2,657.90","2,696.90","2,622.20","2,681.30","325,429"
"04-Mar-2025","2,672.00","2,708.30","2,642.45","2,698.65","349,395"
"05-Mar-2025","2,692.60","2,738.10","2,677.40","2,692.95","733,366"
"06-Mar-2025","2,707.15","2,752.00","2,707.15","2,738.05","574,409"
"07-Mar-2025","2,733.00","2,765.75","2,725.20","2,751.20","434,533"
"10-Mar-2025","2,751.20","2,786.65","2,720.00","2,732.50","311,403"
"11-Mar-2025","2,697.35","2,738.75","2,697.35","2,722.30","404,628"
"12-Mar-2025","2,733.00","2,761.95","2,716.65","2,749.30","355,665"
"13-Mar-2025","2,750.40","2,763.25","2,720.90","2,729.90","349,417"
"17-Mar-2025","2,749.35","2,761.90","2,726.85","2,748.90","156,791"
"18-Mar-2025","2,757.95","2,761.50","2,721.10","2,729.15","288,689"
"19-Mar-2025","2,750.00","2,759.00","2,726.75","2,731.85","242,351"
"20-Mar-2025","2,744.00","2,773.85","2,725.95","2,759.10","314,741"
"21-Mar-2025","2,763.20","2,835.10","2,762.50","2,825.50","700,191"
"24-Mar-2025","2,840.00","2,846.80","2,798.45","2,822.00","310,958"
"25-Mar-2025","2,824.80","2,863.35","2,806.00","2,823.05","328,425"
"26-Mar-2025","2,829.75","2,924.00","2,810.05","2,845.40","628,797"
"27-Mar-2025","2,820.65","2,875.00","2,792.95","2,866.50","431,587"
"28-Mar-2025","2,870.45","2,884.00","2,838.40","2,849.30","240,291"
"01-Apr-2025","2,849.30","2,874.95","2,821.00","2,826.55","127,076"
"02-Apr-2025","2,829.00","2,866.00","2,815.60","2,850.95","210,005"
"03-Apr-2025","2,821.05","2,867.85","2,821.05","2,861.50","179,102"
"04-Apr-2025","2,865.00","2,904.00","2,851.50","2,892.00","446,499"
"07-Apr-2025","2,813.00","2,861.00","2,787.90","2,848.75","372,837"
"08-Apr-2025","2,850.00","2,947.00","2,850.00","2,930.95","562,380"
"09-Apr-2025","2,930.95","2,973.70","2,913.35","2,939.80","336,945"
"11-Apr-2025","2,995.00","2,995.00","2,919.00","2,952.60","238,640"
"15-Apr-2025","2,990.00","2,997.00","2,943.00","2,991.60","345,058"
"16-Apr-2025","2,991.00","3,031.00","2,979.20","3,026.50","177,520"
"17-Apr-2025","3,026.50","3,053.30","3,008.10","3,034.30","284,838"
"21-Apr-2025","3,034.30","3,052.00","2,996.10","3,019.30","253,292"
"22-Apr-2025","3,019.30","3,064.80","3,019.30","3,028.80","226,617"
"23-Apr-2025","3,030.00","3,072.00","3,022.80","3,066.90","219,528"
"24-Apr-2025","3,066.90","3,088.60","3,043.40","3,076.40","300,032"
"25-Apr-2025","3,065.00","3,094.80","2,985.00","3,011.20","239,482"
"28-Apr-2025","2,991.50","3,051.40","2,991.50","3,042.80","298,211"
"29-Apr-2025","3,040.80","3,068.30","2,992.60","3,005.00","254,060"
"30-Apr-2025","3,006.90","3,043.70","2,988.30","3,033.90","486,485"
"02-May-2025","3,006.00","3,036.20","2,990.00","3,008.70","262,335"
"05-May-2025","3,001.00","3,078.10","3,000.60","3,034.50","214,869"
"06-May-2025","3,027.00","3,044.40","2,979.90","3,004.60","141,630"
"07-May-2025","2,954.00","2,991.30","2,951.60","2,975.30","249,460"
"08-May-2025","2,987.90","2,994.00","2,940.10","2,957.50","373,139"
"09-May-2025","2,935.00","3,032.30","2,932.00","2,980.00","483,740"
"12-May-2025","3,040.00","3,085.50","3,025.00","3,076.50","365,652"
"13-May-2025","3,082.00","3,127.90","3,066.50","3,100.60","579,701"
"14-May-2025","3,101.00","3,119.00","3,093.00","3,108.60","816,865"
"15-May-2025","3,120.00","3,144.80","3,102.10","3,111.50","686,714"
"16-May-2025","3,123.00","3,129.70","3,075.40","3,091.20","609,523"
"19-May-2025","3,094.00","3,105.00","3,062.00","3,068.10","168,444"
"20-May-2025","3,083.40","3,083.80","2,998.00","3,002.80","353,919"
"21-May-2025","3,003.90","3,020.90","2,972.50","2,986.20","423,739"
"22-May-2025","3,000.60","3,006.30","2,966.20","2,994.50","259,162"
"23-May-2025","2,994.50","3,041.20","2,973.90","3,031.70","180,966"
"26-May-2025","3,049.00","3,070.90","3,033.70","3,045.20","161,729"
"27-May-2025","3,045.20","3,052.80","3,010.00","3,027.60","231,503"
"28-May-2025","3,023.00","3,031.00","2,992.00","3,001.00","308,032"
"29-May-2025","3,003.30","3,045.00","3,003.30","3,029.60","250,999"
"30-May-2025","3,029.60","3,127.00","3,016.20","3,107.20","1,654,150"
"02-Jun-2025","3,124.00","3,135.70","3,063.60","3,080.20","418,695"
"03-Jun-2025","3,098.00","3,115.50","3,077.50","3,096.10","322,366"
"04-Jun-2025","3,096.10","3,110.80","3,080.20","3,095.30","460,415"
"05-Jun-2025","3,095.40","3,119.10","3,042.20","3,053.20","411,941"
"06-Jun-2025","3,071.50","3,072.90","3,040.00","3,049.80","158,038"
"09-Jun-2025","3,042.00","3,067.20","3,015.00","3,055.80","236,766"
"10-Jun-2025","3,076.00","3,098.30","3,070.30","3,079.30","195,836"
"11-Jun-2025","3,068.30","3,080.00","3,054.00","3,060.20","235,412"
"12-Jun-2025","3,058.20","3,070.20","3,029.70","3,046.90","374,879"
"13-Jun-2025","2,980.00","3,019.30","2,880.00","3,012.50","383,480"
"16-Jun-2025","3,003.50","3,041.50","2,995.00","2,998.80","179,761"
"17-Jun-2025","3,003.40","3,023.80","2,988.00","3,018.30","264,145"
"18-Jun-2025","3,003.10","3,019.90","2,963.00","2,968.20","207,422"
"19-Jun-2025","2,962.10","2,979.40","2,953.00","2,967.30","92,313"
"20-Jun-2025","2,963.00","2,981.60","2,944.20","2,956.10","522,484"
"23-Jun-2025","2,933.20","2,957.00","2,931.60","2,951.70","90,416"
"24-Jun-2025","3,004.00","3,028.40","2,987.30","3,002.30","307,049"
"25-Jun-2025","3,007.00","3,034.30","2,969.50","3,005.90","736,923"
"26-Jun-2025","2,999.00","3,025.00","2,998.30","3,020.00","225,386"
"27-Jun-2025","3,020.00","3,064.30","3,016.30","3,051.70","306,355"
"30-Jun-2025","3,052.00","3,071.70","3,035.10","3,054.40","170,043"
"01-Jul-2025","3,054.00","3,083.80","3,033.20","3,045.80","241,940"
"02-Jul-2025","3,025.10","3,081.00","3,015.60","3,076.60","193,876"
"03-Jul-2025","3,095.00","3,123.90","3,087.10","3,114.50","390,583"
"04-Jul-2025","3,124.80","3,124.90","3,058.10","3,080.20","210,376"
"07-Jul-2025","3,081.10","3,095.50","3,026.30","3,072.40","259,632"
"08-Jul-2025","3,075.00","3,084.90","3,045.50","3,067.60","224,743"
"09-Jul-2025","3,047.10","3,080.90","3,028.90","3,048.30","346,930"
"10-Jul-2025","3,050.00","3,084.00","3,044.00","3,065.10","322,261"
"11-Jul-2025","3,060.00","3,069.90","2,990.50","3,000.80","168,496"
"14-Jul-2025","3,000.70","3,000.70","2,940.00","2,964.40","368,656"
"15-Jul-2025","2,969.90","3,003.10","2,966.00","2,998.20","124,680"
"16-Jul-2025","2,998.10","3,001.10","2,971.10","2,988.00","242,156"
"17-Jul-2025","2,988.00","3,010.00","2,978.50","2,992.30","154,255"
"18-Jul-2025","2,992.00","2,995.50","2,949.50","2,958.10","315,459"
"21-Jul-2025","2,959.90","2,986.50","2,958.00","2,965.10","208,957"
"22-Jul-2025","2,965.00","2,984.50","2,929.00","2,934.30","170,301"
"23-Jul-2025","2,920.00","2,928.90","2,900.10","2,918.90","243,703"
"24-Jul-2025","2,930.80","2,942.00","2,893.00","2,907.90","121,020"
"25-Jul-2025","2,907.90","2,910.00","2,875.00","2,889.60","184,102"
"28-Jul-2025","2,869.10","2,905.90","2,859.50","2,878.80","242,389"
"29-Jul-2025","2,870.00","2,898.00","2,857.80","2,892.90","164,382"
"30-Jul-2025","2,895.80","2,900.40","2,862.00","2,874.10","249,896"
"31-Jul-2025","2,861.00","2,884.50","2,845.60","2,869.80","188,978"
"01-Aug-2025","2,860.00","2,885.00","2,851.00","2,858.90","204,783"
"04-Aug-2025","2,885.00","2,976.00","2,866.10","2,951.80","408,508"
"05-Aug-2025","2,966.40","3,027.50","2,951.00","2,997.60","577,583"
"06-Aug-2025","3,026.00","3,058.00","2,973.10","3,041.80","819,116"
"07-Aug-2025","3,057.00","3,117.90","3,022.80","3,050.80","1,176,910"
"08-Aug-2025","3,068.00","3,089.40","3,035.00","3,081.30","637,714"
"11-Aug-2025","3,099.00","3,101.00","3,065.00","3,096.80","324,415"
"12-Aug-2025","3,100.00","3,114.10","3,082.30","3,101.50","299,131"
"13-Aug-2025","3,100.10","3,104.90","3,055.10","3,061.90","255,940"
"14-Aug-2025","3,061.10","3,093.30","3,055.10","3,085.40","386,023"
"18-Aug-2025","3,125.00","3,125.00","3,067.30","3,076.90","255,935"
"19-Aug-2025","3,076.90","3,112.00","3,076.00","3,095.20","284,812"
"20-Aug-2025","3,092.80","3,108.00","3,080.00","3,084.60","76,877"
"21-Aug-2025","3,087.00","3,104.80","3,073.20","3,079.00","118,413"
"22-Aug-2025","3,079.00","3,106.80","3,067.30","3,087.20","357,791"
"25-Aug-2025","3,099.00","3,136.00","3,089.90","3,107.00","365,670"
"26-Aug-2025","3,115.00","3,144.00","3,075.10","3,100.40","694,836"
"28-Aug-2025","3,060.00","3,104.20","3,052.70","3,062.90","186,240"
"29-Aug-2025","3,051.00","3,070.00","3,027.10","3,050.30","327,043"
"01-Sep-2025","3,068.80","3,136.30","3,056.10","3,125.40","241,341"
"02-Sep-2025","3,122.80","3,144.30","3,117.10","3,127.00","185,042"
"03-Sep-2025","3,140.00","3,149.90","3,105.40","3,112.00","216,926"
"04-Sep-2025","3,125.00","3,149.80","3,100.00","3,119.10","430,405"
"05-Sep-2025","3,140.00","3,140.00","3,091.10","3,095.10","112,254"
"08-Sep-2025","3,094.00","3,122.00","3,081.00","3,103.80","108,507"
"09-Sep-2025","3,103.80","3,134.90","3,092.40","3,100.10","307,829"
"10-Sep-2025","3,114.90","3,125.00","3,062.50","3,070.60","169,054"
"11-Sep-2025","3,070.70","3,084.90","3,055.00","3,079.80","153,504"
"12-Sep-2025","3,089.90","3,108.90","3,075.40","3,078.90","194,375"
"15-Sep-2025","3,088.90","3,102.00","3,066.10","3,074.10","183,447"
"16-Sep-2025","3,077.50","3,090.00","3,055.10","3,074.00","212,092"
"17-Sep-2025","3,090.00","3,090.00","3,052.80","3,062.00","245,587"
"18-Sep-2025","3,062.00","3,087.60","3,047.00","3,054.20","595,651"
"19-Sep-2025","3,071.40","3,078.00","3,040.70","3,048.30","413,356"
"22-Sep-2025","3,064.00","3,078.00","3,025.00","3,038.00","368,250"
"23-Sep-2025","1,534.00","1,535.70","1,482.70","1,489.30","810,500"
"24-Sep-2025","1,489.30","1,521.70","1,475.00","1,519.50","540,982"
"25-Sep-2025","1,517.60","1,518.50","1,490.00","1,495.70","554,053"
"26-Sep-2025","1,485.00","1,498.00","1,472.00","1,474.80","731,234"
"29-Sep-2025","1,479.00","1,486.20","1,459.80","1,466.80","984,535"
"30-Sep-2025","1,470.00","1,476.30","1,455.90","1,468.00","722,168"
"01-Oct-2025","1,468.90","1,479.60","1,448.90","1,475.40","888,183"
"03-Oct-2025","1,475.60","1,493.60","1,471.30","1,489.60","778,524"
"06-Oct-2025","1,489.60","1,493.00","1,480.00","1,489.00","425,656"
"07-Oct-2025","1,489.00","1,489.00","1,469.60","1,470.90","725,776"
"08-Oct-2025","1,469.00","1,498.50","1,462.00","1,493.70","1,023,522"
"09-Oct-2025","1,499.00","1,515.90","1,486.60","1,510.40","543,793"
"10-Oct-2025","1,516.00","1,522.00","1,502.90","1,510.60","476,671"
"13-Oct-2025","1,497.70","1,517.00","1,497.70","1,513.50","436,390"
"14-Oct-2025","1,513.00","1,522.70","1,487.70","1,491.20","258,073"
"15-Oct-2025","1,501.00","1,508.40","1,490.00","1,500.80","415,150"
"16-Oct-2025","1,500.00","1,526.00","1,500.00","1,523.00","492,506"
"17-Oct-2025","1,524.00","1,545.20","1,515.30","1,542.70","818,953"
"20-Oct-2025","1,551.00","1,551.20","1,523.40","1,526.30","323,401"
"21-Oct-2025","1,537.00","1,537.00","1,526.30","1,532.00","62,310"
"23-Oct-2025","1,530.00","1,535.50","1,510.30","1,517.10","423,185"
"24-Oct-2025","1,517.10","1,519.80","1,504.00","1,507.10","414,542"
"27-Oct-2025","1,507.10","1,523.40","1,492.10","1,504.40","522,205"
"28-Oct-2025","1,504.10","1,509.40","1,485.00","1,492.00","670,631"
"29-Oct-2025","1,492.00","1,510.10","1,483.60","1,507.30","489,526"
"30-Oct-2025","1,509.90","1,512.00","1,480.50","1,486.40","813,850"
"31-Oct-2025","1,491.90","1,491.90","1,440.00","1,444.60","1,720,635"
"03-Nov-2025","1,450.00","1,471.90","1,446.40","1,460.50","677,950"
"04-Nov-2025","1,461.00","1,465.00","1,448.30","1,455.20","707,089"
"06-Nov-2025","1,463.00","1,468.50","1,438.00","1,442.80","692,357"
"07-Nov-2025","1,448.00","1,458.10","1,445.40","1,454.80","533,597"
"10-Nov-2025","1,460.00","1,467.00","1,451.00","1,456.60","283,000"
"11-Nov-2025","1,456.60","1,477.00","1,452.20","1,472.90","292,665"
"12-Nov-2025","1,477.00","1,487.00","1,469.70","1,482.00","417,016"
"13-Nov-2025","1,491.00","1,496.30","1,478.60","1,481.40","798,904"
"14-Nov-2025","1,472.60","1,476.30","1,453.00","1,459.80","549,299"
"17-Nov-2025","1,468.00","1,486.00","1,450.00","1,475.50","898,284"
"18-Nov-2025","1,483.00","1,496.80","1,472.00","1,491.00","1,135,472"
"19-Nov-2025","1,495.00","1,497.20","1,473.60","1,476.70","631,671"
"20-Nov-2025","1,482.00","1,494.90","1,477.10","1,489.00","829,582"
"21-Nov-2025","1,480.00","1,487.10","1,468.90","1,472.10","331,504"
"24-Nov-2025","1,471.00","1,528.90","1,453.70","1,463.00","3,427,226"
"25-Nov-2025","1,465.90","1,470.00","1,454.30","1,466.60","449,171"
"26-Nov-2025","1,461.10","1,490.00","1,460.90","1,484.40","371,398"
"27-Nov-2025","1,484.30","1,490.00","1,467.20","1,472.30","421,269"
"28-Nov-2025","1,478.00","1,478.00","1,463.30","1,469.80","380,330"
"01-Dec-2025","1,469.90","1,474.00","1,460.00","1,468.60","197,122"
"02-Dec-2025","1,461.00","1,471.50","1,458.10","1,468.90","586,303"
"03-Dec-2025","1,471.00","1,487.50","1,471.00","1,478.60","717,275"
"04-Dec-2025","1,478.00","1,487.00","1,475.60","1,484.70","308,126"
"05-Dec-2025","1,480.00","1,482.40","1,467.30","1,475.10","328,473"
"08-Dec-2025","1,475.00","1,484.00","1,446.50","1,456.10","343,005"
"09-Dec-2025","1,456.10","1,463.90","1,439.00","1,459.80","325,894"
"10-Dec-2025","1,450.70","1,466.40","1,450.70","1,455.70","458,850"
"11-Dec-2025","1,454.70","1,472.50","1,451.00","1,467.40","148,263"
"12-Dec-2025","1,464.50","1,479.50","1,464.50","1,476.80","332,259"
"15-Dec-2025","1,480.00","1,483.40","1,468.40","1,479.40","494,291"
"16-Dec-2025","1,479.40","1,489.00","1,468.00","1,473.10","326,142"
"17-Dec-2025","1,473.00","1,473.00","1,445.40","1,450.70","259,786"
"18-Dec-2025","1,446.60","1,455.10","1,437.60","1,451.60","258,434"
"19-Dec-2025","1,451.60","1,463.30","1,447.10","1,458.30","504,759"
"22-Dec-2025","1,462.90","1,462.90","1,451.80","1,459.20","276,397"
"23-Dec-2025","1,459.20","1,464.90","1,450.10","1,462.10","205,136"
"24-Dec-2025","1,462.10","1,463.90","1,444.50","1,446.60","282,565"
"26-Dec-2025","1,446.60","1,464.00","1,445.00","1,458.60","240,983"
"29-Dec-2025","1,458.60","1,463.80","1,445.40","1,452.80","587,342"
"30-Dec-2025","1,452.80","1,457.10","1,437.70","1,450.90","832,687"
"31-Dec-2025","1,450.00","1,489.00","1,450.00","1,482.40","605,718"
"26-Feb-2026","1,495.00","1,525.00","1,487.10","1,524.00","1,249,411"
"27-Feb-2026","1,518.90","1,518.90","1,484.50","1,488.60","1,426,907"
