"Date","Open","High","Low","Close","Volume"
"01-Jan-2019","760.00","765.70","746.50","753.50","1,610,248"
"02-Jan-2019","750.00","758.45","744.00","756.50","1,308,043"
"03-Jan-2019","755.00","757.95","744.25","746.65","1,053,144"
"04-Jan-2019","748.80","759.25","743.10","756.40","1,060,318"
"07-Jan-2019","760.00","767.75","759.00","763.75","1,589,933"
"08-Jan-2019","763.50","765.00","748.00","752.20","981,440"
"09-Jan-2019","758.00","767.00","753.45","764.80","1,039,851"
"10-Jan-2019","765.80","780.00","765.05","773.10","2,401,210"
"11-Jan-2019","775.00","787.00","773.00","783.45","2,603,033"
"14-Jan-2019","784.00","784.00","766.90","770.40","1,392,118"
"15-Jan-2019","772.60","782.10","771.95","775.95","1,364,863"
"16-Jan-2019","775.95","775.95","752.60","766.10","2,584,090"
"17-Jan-2019","767.65","773.55","761.75","769.05","1,442,884"
"18-Jan-2019","768.00","771.00","764.00","766.05","919,475"
"21-Jan-2019","765.00","772.85","756.20","769.15","1,127,435"
"22-Jan-2019","766.20","772.05","753.45","763.30","1,416,981"
"23-Jan-2019","764.00","782.15","759.85","762.85","2,336,913"
"24-Jan-2019","765.00","767.35","742.95","747.35","2,109,205"
"25-Jan-2019","753.00","767.10","747.00","753.10","1,770,239"
"28-Jan-2019","755.00","764.00","744.00","760.05","1,226,284"
"29-Jan-2019","757.50","767.45","747.05","760.30","1,134,462"
"30-Jan-2019","763.10","770.00","755.30","767.35","1,057,185"
"31-Jan-2019","775.70","789.90","764.20","786.50","2,299,676"
"01-Feb-2019","799.75","799.75","766.40","779.85","2,960,388"
"04-Feb-2019","771.25","775.05","758.00","770.90","1,254,011"
"05-Feb-2019","772.85","800.00","772.85","795.95","2,516,447"
"06-Feb-2019","802.00","810.00","796.25","805.25","3,747,561"
"07-Feb-2019","805.25","817.50","802.30","809.00","1,667,638"
"08-Feb-2019","804.50","816.80","800.60","812.20","1,395,055"
"11-Feb-2019","812.00","815.00","801.45","805.85","1,159,530"
"12-Feb-2019","807.00","812.50","791.65","796.20","2,037,705"
"13-Feb-2019","794.00","824.00","792.35","817.20","3,034,355"
"14-Feb-2019","814.30","824.50","811.65","821.05","1,743,651"
"15-Feb-2019","819.00","821.00","806.20","818.35","1,867,644"
"18-Feb-2019","819.25","830.00","806.05","821.85","1,903,564"
"19-Feb-2019","821.00","824.45","812.00","816.45","1,485,171"
"20-Feb-2019","819.30","829.00","813.80","822.75","1,495,943"
"21-Feb-2019","825.00","832.70","818.00","826.25","1,044,953"
"22-Feb-2019","825.90","829.90","819.30","827.35","828,622"
"25-Feb-2019","828.00","851.90","828.00","847.65","3,685,601"
"26-Feb-2019","842.25","857.75","837.55","855.05","2,500,705"
"27-Feb-2019","856.85","871.90","856.85","869.30","3,139,617"
"28-Feb-2019","877.00","881.60","862.20","877.60","2,485,884"
"01-Mar-2019","876.10","881.90","868.15","869.75","1,659,613"
"05-Mar-2019","872.80","878.50","865.55","875.50","1,365,302"
"06-Mar-2019","879.00","884.60","866.70","877.35","2,096,752"
"07-Mar-2019","877.00","877.00","867.25","872.05","1,304,920"
"08-Mar-2019","871.30","885.00","863.55","881.75","1,780,245"
"11-Mar-2019","889.45","899.45","887.60","896.70","2,575,062"
"12-Mar-2019","900.00","906.90","893.65","898.30","2,202,033"
"13-Mar-2019","900.00","914.90","892.00","911.20","1,607,325"
"14-Mar-2019","911.20","916.25","900.30","903.75","1,367,655"
"15-Mar-2019","904.00","928.40","902.40","923.45","2,609,765"
"18-Mar-2019","923.50","935.95","916.80","927.10","1,280,561"
"19-Mar-2019","929.00","935.00","918.35","931.30","1,133,020"
"20-Mar-2019","930.00","939.80","927.10","935.40","900,335"
"22-Mar-2019","933.90","941.00","927.25","934.95","1,339,685"
"25-Mar-2019","930.00","931.70","905.80","912.70","2,309,109"
"26-Mar-2019","910.55","917.30","891.10","903.30","3,647,229"
"27-Mar-2019","903.35","911.95","894.55","901.90","2,085,332"
"28-Mar-2019","905.90","935.95","896.40","929.05","2,452,629"
"29-Mar-2019","930.10","962.90","926.05","958.85","2,110,469"
"01-Apr-2019","958.00","962.00","931.00","934.30","1,436,157"
"02-Apr-2019","940.00","940.00","915.50","927.10","1,940,263"
"03-Apr-2019","928.00","936.90","918.75","924.25","1,614,049"
"04-Apr-2019","920.60","935.30","901.00","931.50","2,377,767"
"05-Apr-2019","935.00","942.40","928.80","941.00","1,054,122"
"08-Apr-2019","938.00","950.90","933.65","946.80","1,892,458"
"09-Apr-2019","943.50","945.85","930.00","944.65","1,300,087"
"10-Apr-2019","938.00","945.50","923.40","925.95","1,540,216"
"11-Apr-2019","925.80","930.70","918.25","922.55","1,434,794"
"12-Apr-2019","922.45","929.75","911.00","925.80","1,151,008"
"15-Apr-2019","927.00","931.80","916.80","929.75","634,532"
"16-Apr-2019","935.00","939.60","925.65","933.90","1,108,757"
"18-Apr-2019","935.05","938.95","926.10","934.05","915,911"
"22-Apr-2019","931.10","942.35","922.95","937.30","981,962"
"23-Apr-2019","937.30","945.00","929.70","942.75","1,381,405"
"24-Apr-2019","942.75","951.00","941.10","948.20","1,554,387"
"25-Apr-2019","950.50","973.90","946.00","965.10","3,417,287"
"26-Apr-2019","970.55","972.70","958.55","970.35","1,254,591"
"30-Apr-2019","970.35","975.25","959.65","969.15","1,876,948"
"02-May-2019","967.00","973.00","955.05","963.90","1,081,955"
"03-May-2019","961.20","974.00","959.05","970.35","1,284,695"
"06-May-2019","965.75","965.75","938.55","949.80","3,209,489"
"07-May-2019","950.10","955.05","934.05","951.15","2,112,971"
"08-May-2019","953.00","968.40","945.40","961.65","2,384,763"
"09-May-2019","961.60","961.60","942.80","948.90","1,869,690"
"10-May-2019","951.00","962.95","947.00","959.00","876,783"
"13-May-2019","955.00","961.60","948.00","953.15","860,014"
"14-May-2019","953.20","958.05","938.70","955.10","1,159,391"
"15-May-2019","955.00","977.90","954.90","969.50","2,328,984"
"16-May-2019","969.50","982.95","957.15","970.85","2,322,742"
"17-May-2019","970.85","992.95","958.35","970.65","4,507,521"
"20-May-2019","980.35","1,023.00","965.35","1,018.85","2,757,852"
"21-May-2019","1,018.00","1,043.60","996.80","999.85","2,636,501"
"22-May-2019","1,000.00","1,018.95","991.35","1,014.65","1,605,787"
"23-May-2019","1,025.00","1,036.70","1,005.25","1,012.20","1,177,490"
"24-May-2019","1,015.00","1,024.40","1,012.45","1,020.85","1,140,646"
"27-May-2019","1,025.00","1,043.75","1,017.25","1,024.45","1,175,219"
"28-May-2019","1,023.00","1,040.00","1,011.90","1,015.55","2,088,317"
"29-May-2019","1,014.00","1,014.00","991.50","997.00","1,643,240"
"30-May-2019","992.30","1,013.80","987.20","1,005.85","2,430,852"
"31-May-2019","1,006.00","1,016.45","992.50","998.95","1,586,324"
"03-Jun-2019","1,005.00","1,010.85","993.60","1,007.10","1,116,588"
"04-Jun-2019","1,005.60","1,022.85","1,001.75","1,010.95","1,137,729"
"06-Jun-2019","1,014.00","1,018.00","996.85","1,012.20","1,603,855"
"07-Jun-2019","1,014.95","1,022.95","1,004.80","1,019.45","1,202,622"
"10-Jun-2019","1,021.00","1,026.65","1,003.65","1,016.40","1,504,225"
"11-Jun-2019","1,019.00","1,037.00","1,009.45","1,034.50","1,397,771"
"12-Jun-2019","1,030.25","1,040.00","1,013.20","1,020.75","1,063,652"
"13-Jun-2019","1,019.50","1,021.00","983.50","1,005.00","2,542,549"
"14-Jun-2019","1,005.00","1,014.50","996.45","1,006.00","1,044,308"
"17-Jun-2019","1,007.50","1,013.80","991.00","994.95","1,437,711"
"18-Jun-2019","994.00","1,003.50","988.00","999.70","1,125,228"
"19-Jun-2019","1,003.00","1,005.85","936.90","950.30","2,657,234"
"20-Jun-2019","940.55","940.55","833.00","870.25","12,905,733"
"21-Jun-2019","876.00","914.75","868.15","890.10","12,447,297"
"24-Jun-2019","903.40","941.60","895.20","936.55","6,506,356"
"25-Jun-2019","933.90","939.80","910.45","934.95","5,140,843"
"26-Jun-2019","931.00","963.80","922.10","958.45","3,365,399"
"27-Jun-2019","952.15","961.80","937.15","943.50","5,241,680"
"28-Jun-2019","946.00","951.00","918.65","937.45","3,292,847"
"01-Jul-2019","945.00","957.00","935.55","948.20","2,692,425"
"02-Jul-2019","637.40","658.90","625.05","656.15","6,615,515"
"03-Jul-2019","658.50","662.65","648.10","651.80","2,997,163"
"04-Jul-2019","654.85","705.95","652.90","698.35","12,488,054"
"05-Jul-2019","706.90","709.05","660.80","665.80","12,058,104"
"08-Jul-2019","669.95","673.50","653.00","662.10","4,403,598"
"09-Jul-2019","660.00","660.00","632.25","640.05","7,434,335"
"10-Jul-2019","635.00","646.65","627.30","634.85","4,906,675"
"11-Jul-2019","641.10","649.00","629.05","631.25","2,705,479"
"12-Jul-2019","632.00","646.90","627.00","630.05","4,796,783"
"15-Jul-2019","634.00","650.00","621.50","647.40","4,505,796"
"16-Jul-2019","642.50","645.75","630.35","641.90","3,830,334"
"17-Jul-2019","644.00","664.95","643.70","659.75","4,855,881"
"18-Jul-2019","658.00","670.95","647.40","654.75","4,968,435"
"19-Jul-2019","655.10","664.15","630.50","643.45","3,836,625"
"22-Jul-2019","647.00","647.00","634.65","638.85","2,261,563"
"23-Jul-2019","642.60","654.80","641.00","645.15","2,462,809"
"24-Jul-2019","645.95","649.00","608.65","617.05","3,341,555"
"25-Jul-2019","618.00","624.45","601.40","604.35","4,049,926"
"26-Jul-2019","607.00","610.45","589.00","601.55","6,739,394"
"29-Jul-2019","600.00","604.75","580.50","584.55","2,606,057"
"30-Jul-2019","589.35","593.25","568.95","573.70","3,709,631"
"31-Jul-2019","573.20","598.10","571.40","595.25","3,530,131"
"01-Aug-2019","574.90","592.95","560.60","576.80","15,112,906"
"02-Aug-2019","578.00","579.00","567.75","573.50","4,635,838"
"05-Aug-2019","568.20","568.95","535.45","540.95","6,014,276"
"06-Aug-2019","537.95","552.95","533.05","549.35","4,148,711"
"07-Aug-2019","549.00","551.50","528.00","532.80","3,675,109"
"08-Aug-2019","533.40","542.25","515.35","532.85","3,881,771"
"09-Aug-2019","534.25","550.00","529.20","533.45","4,917,555"
"13-Aug-2019","532.00","542.75","497.85","503.10","4,193,917"
"14-Aug-2019","510.00","532.70","509.65","527.20","5,344,625"
"16-Aug-2019","526.90","553.25","522.05","549.05","8,856,958"
"19-Aug-2019","553.00","556.80","532.25","542.05","4,932,998"
"20-Aug-2019","540.00","545.00","535.00","539.90","3,581,202"
"21-Aug-2019","540.00","542.75","527.50","535.90","2,780,039"
"22-Aug-2019","535.00","552.65","507.85","518.05","6,205,902"
"23-Aug-2019","518.00","550.35","514.05","547.25","4,297,069"
"26-Aug-2019","551.00","560.80","537.10","549.80","3,787,015"
"27-Aug-2019","553.75","573.15","552.85","556.00","6,063,055"
"28-Aug-2019","559.00","571.50","546.15","557.00","3,747,446"
"29-Aug-2019","558.00","562.65","550.20","558.35","2,733,962"
"30-Aug-2019","559.00","565.25","547.15","563.20","3,216,244"
"03-Sep-2019","559.95","570.45","549.00","553.35","3,021,248"
"04-Sep-2019","555.00","563.00","547.55","561.05","2,442,694"
"05-Sep-2019","558.30","573.90","558.30","569.65","2,437,099"
"06-Sep-2019","573.75","573.75","563.10","567.95","2,101,090"
"09-Sep-2019","564.40","590.60","564.30","587.45","4,813,239"
"11-Sep-2019","585.00","590.50","575.50","577.70","5,104,552"
"12-Sep-2019","581.80","585.90","565.10","567.30","2,118,984"
"13-Sep-2019","570.00","580.00","559.35","578.15","2,636,025"
"16-Sep-2019","570.00","575.00","561.10","564.10","2,148,620"
"17-Sep-2019","569.10","571.50","560.80","563.30","2,829,239"
"18-Sep-2019","565.00","565.00","542.75","557.05","3,855,762"
"19-Sep-2019","555.50","566.40","549.20","562.05","1,832,868"
"20-Sep-2019","564.70","585.00","555.05","562.10","5,023,091"
"23-Sep-2019","568.95","596.40","564.60","580.85","3,697,264"
"24-Sep-2019","580.85","584.65","572.20","579.40","2,552,214"
"25-Sep-2019","575.30","578.90","572.00","576.75","1,911,916"
"26-Sep-2019","576.80","595.00","576.00","583.60","3,330,782"
"27-Sep-2019","584.50","588.15","573.50","582.05","1,561,920"
"30-Sep-2019","582.00","607.80","578.05","603.95","3,914,781"
"01-Oct-2019","609.95","614.35","584.50","594.95","4,548,803"
"03-Oct-2019","590.00","598.50","572.25","594.40","1,610,688"
"04-Oct-2019","598.90","604.95","580.35","582.55","3,019,366"
"07-Oct-2019","583.00","592.65","576.50","581.05","1,808,468"
"09-Oct-2019","581.00","584.60","573.75","581.70","1,743,937"
"10-Oct-2019","578.00","588.80","574.70","583.45","1,789,997"
"11-Oct-2019","584.20","593.20","581.00","589.85","1,710,191"
"14-Oct-2019","583.00","589.65","568.10","586.65","3,373,152"
"15-Oct-2019","585.00","591.00","580.80","583.10","2,213,363"
"16-Oct-2019","586.80","592.00","580.00","588.75","1,733,497"
"17-Oct-2019","585.00","593.70","580.35","591.95","2,290,127"
"18-Oct-2019","591.00","603.50","588.50","599.00","2,426,210"
"22-Oct-2019","599.00","603.90","592.95","597.00","2,264,692"
"23-Oct-2019","598.30","600.90","591.10","597.00","1,544,878"
"24-Oct-2019","600.00","606.50","595.10","597.70","2,250,928"
"25-Oct-2019","601.45","601.95","589.90","594.60","2,174,674"
"27-Oct-2019","595.00","598.45","592.00","596.10","109,875"
"29-Oct-2019","596.00","600.00","591.50","594.90","1,791,840"
"30-Oct-2019","599.80","599.80","580.10","584.15","2,393,149"
"31-Oct-2019","586.00","599.00","578.10","596.45","2,419,308"
"01-Nov-2019","599.55","600.80","586.00","588.55","1,393,105"
"04-Nov-2019","590.00","600.95","587.20","594.25","1,912,912"
"05-Nov-2019","596.45","617.75","590.00","605.65","5,995,240"
"06-Nov-2019","611.00","615.00","603.85","606.60","2,513,814"
"07-Nov-2019","612.00","612.00","557.10","577.70","4,504,826"
"08-Nov-2019","563.60","574.50","552.55","555.85","8,050,823"
"11-Nov-2019","555.00","561.00","541.25","548.85","3,188,430"
"13-Nov-2019","551.00","553.75","538.50","541.30","2,509,847"
"14-Nov-2019","541.55","544.20","531.10","535.55","2,412,598"
"15-Nov-2019","539.00","541.75","518.35","530.30","4,164,016"
"18-Nov-2019","530.15","551.45","527.50","549.00","5,257,399"
"19-Nov-2019","551.00","556.75","538.10","551.25","4,602,774"
"20-Nov-2019","552.90","556.50","546.40","552.85","1,835,821"
"21-Nov-2019","553.20","559.80","542.00","544.80","2,177,445"
"22-Nov-2019","541.00","542.50","530.50","533.50","2,553,689"
"25-Nov-2019","534.00","547.75","534.00","544.50","2,853,307"
"26-Nov-2019","543.60","551.90","538.55","541.70","4,319,616"
"27-Nov-2019","544.20","554.90","544.20","551.85","3,722,294"
"28-Nov-2019","554.80","582.80","554.05","579.90","7,529,348"
"29-Nov-2019","577.25","582.80","571.40","573.25","1,835,816"
"02-Dec-2019","582.95","582.95","566.05","570.25","2,224,559"
"03-Dec-2019","570.20","573.45","562.40","569.50","2,108,231"
"04-Dec-2019","568.90","574.80","562.45","570.25","2,149,586"
"05-Dec-2019","571.95","574.80","565.00","568.55","1,408,785"
"06-Dec-2019","570.90","570.90","558.15","561.70","2,316,037"
"09-Dec-2019","565.00","574.50","560.40","563.55","1,815,303"
"10-Dec-2019","565.30","572.70","553.60","557.75","2,347,290"
"11-Dec-2019","557.00","563.75","551.70","561.05","1,706,296"
"12-Dec-2019","562.55","581.00","561.10","569.95","3,672,353"
"13-Dec-2019","573.45","578.10","563.50","565.00","1,888,212"
"16-Dec-2019","572.00","573.40","562.10","563.70","1,875,145"
"17-Dec-2019","564.05","568.20","556.00","564.10","1,794,161"
"18-Dec-2019","565.50","571.80","559.35","566.25","1,833,572"
"19-Dec-2019","565.60","573.00","561.60","562.75","1,381,005"
"20-Dec-2019","566.00","580.90","559.10","578.15","2,631,973"
"23-Dec-2019","579.95","596.20","573.85","577.65","5,469,024"
"24-Dec-2019","577.65","582.45","567.30","569.15","2,277,180"
"26-Dec-2019","572.70","577.00","566.25","569.45","2,179,063"
"27-Dec-2019","572.35","581.85","568.65","580.25","1,748,259"
"30-Dec-2019","582.95","592.00","578.45","589.35","1,557,550"
"31-Dec-2019","590.20","591.70","583.00","584.50","1,374,096"
"01-Jan-2020","585.00","589.50","580.70","588.25","720,807"
"02-Jan-2020","589.50","597.20","584.20","595.45","1,388,201"
"03-Jan-2020","591.50","594.20","587.30","590.75","1,063,950"
"06-Jan-2020","589.00","589.00","579.00","584.95","1,218,216"
"07-Jan-2020","584.95","604.00","583.05","595.05","4,247,207"
"08-Jan-2020","585.75","603.00","584.60","600.85","2,090,846"
"09-Jan-2020","602.00","614.90","598.25","604.55","2,795,225"
"10-Jan-2020","607.00","608.50","595.05","600.30","1,921,690"
"13-Jan-2020","604.00","605.75","590.00","591.95","2,174,995"
"14-Jan-2020","593.20","594.90","579.20","583.55","2,911,749"
"15-Jan-2020","584.00","589.50","573.80","585.80","3,419,279"
"16-Jan-2020","587.10","591.80","582.10","588.10","1,705,322"
"17-Jan-2020","589.95","597.35","585.90","589.25","1,813,763"
"20-Jan-2020","590.00","590.85","580.55","584.60","2,425,877"
"21-Jan-2020","582.80","582.80","572.20","577.70","4,789,489"
"22-Jan-2020","582.85","582.85","553.40","562.95","7,453,773"
"23-Jan-2020","560.00","564.55","540.30","542.20","4,533,870"
"24-Jan-2020","541.00","564.50","541.00","543.30","8,132,638"
"27-Jan-2020","545.40","550.10","535.00","537.25","4,285,510"
"28-Jan-2020","538.25","548.00","533.20","536.95","4,042,406"
"29-Jan-2020","543.90","545.90","537.05","542.15","2,182,366"
"30-Jan-2020","541.95","551.35","539.10","544.15","3,514,667"
"31-Jan-2020","547.45","549.00","525.00","526.55","4,340,034"
"01-Feb-2020","528.00","533.95","498.70","503.65","2,748,381"
"03-Feb-2020","506.75","517.50","505.00","513.30","3,012,267"
"04-Feb-2020","516.95","525.95","515.00","522.60","2,253,175"
"05-Feb-2020","525.10","542.30","521.55","537.45","3,105,094"
"06-Feb-2020","537.05","545.20","533.60","536.85","2,052,126"
"07-Feb-2020","539.00","555.45","538.30","543.10","5,702,296"
"10-Feb-2020","570.30","579.60","555.70","574.10","15,352,223"
"11-Feb-2020","574.40","584.80","569.90","576.65","5,097,454"
"12-Feb-2020","578.45","583.00","570.45","573.90","3,277,025"
"13-Feb-2020","572.00","582.90","562.90","578.75","2,902,199"
"14-Feb-2020","579.60","601.40","578.10","591.65","6,213,486"
"17-Feb-2020","593.00","599.80","591.15","595.00","2,418,399"
"18-Feb-2020","592.00","592.00","574.00","585.20","2,972,328"
"19-Feb-2020","589.90","593.85","581.30","585.20","2,843,587"
"20-Feb-2020","586.00","596.25","580.70","584.35","1,802,988"
"24-Feb-2020","586.95","590.75","570.10","573.25","1,975,289"
"25-Feb-2020","573.30","577.65","562.10","566.35","2,912,488"
"26-Feb-2020","565.80","569.80","556.00","563.00","2,885,119"
"27-Feb-2020","561.55","561.55","548.85","550.85","1,668,088"
"28-Feb-2020","543.00","546.60","514.00","519.70","2,974,535"
"02-Mar-2020","527.00","541.60","509.60","514.35","1,907,596"
"03-Mar-2020","519.90","526.65","512.55","521.55","2,499,968"
"04-Mar-2020","525.00","533.60","498.10","511.60","4,037,644"
"05-Mar-2020","518.90","529.00","513.00","516.05","2,794,208"
"06-Mar-2020","499.00","516.85","491.35","513.60","3,567,046"
"09-Mar-2020","504.65","519.90","494.65","513.00","4,467,786"
"11-Mar-2020","498.55","523.45","497.60","516.95","5,659,075"
"12-Mar-2020","504.55","520.40","434.80","443.60","8,133,221"
"13-Mar-2020","428.00","438.00","377.10","410.85","9,712,611"
"16-Mar-2020","392.30","394.95","373.50","376.80","5,282,609"
"17-Mar-2020","370.00","379.95","343.10","350.85","9,227,987"
"18-Mar-2020","360.00","363.95","314.60","321.85","5,545,883"
"19-Mar-2020","301.20","313.30","293.00","296.75","7,227,501"
"20-Mar-2020","294.00","320.65","287.00","300.15","7,465,488"
"23-Mar-2020","270.15","283.00","240.15","254.60","3,029,255"
"24-Mar-2020","265.50","277.00","249.50","262.05","4,168,346"
"25-Mar-2020","257.00","301.35","252.00","292.80","3,838,980"
"26-Mar-2020","298.00","330.80","290.20","312.55","5,887,832"
"27-Mar-2020","327.60","336.00","315.30","322.20","4,833,123"
"30-Mar-2020","317.20","317.20","293.70","308.45","3,121,312"
"31-Mar-2020","315.45","331.75","309.25","326.50","2,779,879"
"01-Apr-2020","328.50","328.50","303.00","305.75","2,681,565"
"03-Apr-2020","306.15","307.50","295.00","298.10","3,265,474"
"07-Apr-2020","311.00","326.00","307.15","323.65","3,624,533"
"08-Apr-2020","320.00","337.50","316.45","320.20","4,632,236"
"09-Apr-2020","330.00","332.40","312.75","319.00","4,691,012"
"13-Apr-2020","321.00","334.20","316.50","324.95","4,850,281"
"15-Apr-2020","329.95","381.75","329.90","350.55","22,250,838"
"16-Apr-2020","356.00","369.00","356.00","363.20","10,132,741"
"17-Apr-2020","376.55","379.00","358.25","363.30","5,328,293"
"20-Apr-2020","369.80","369.80","352.80","354.75","4,741,110"
"21-Apr-2020","348.70","352.90","343.05","345.95","2,817,261"
"22-Apr-2020","345.00","359.00","336.20","353.65","4,105,568"
"23-Apr-2020","359.90","366.40","345.70","348.90","5,688,683"
"24-Apr-2020","345.00","347.60","334.20","335.85","2,736,141"
"27-Apr-2020","343.40","355.70","340.50","349.35","4,557,197"
"28-Apr-2020","361.95","369.95","357.05","360.50","7,805,874"
"29-Apr-2020","363.95","364.40","354.35","360.60","2,824,041"
"30-Apr-2020","367.25","429.35","364.05","420.05","18,224,218"
"04-May-2020","394.85","419.50","381.35","385.40","10,395,308"
"05-May-2020","395.00","408.00","385.00","387.05","11,637,265"
"06-May-2020","392.95","392.95","373.00","379.00","7,610,764"
"07-May-2020","378.00","383.90","366.30","368.40","4,316,135"
"08-May-2020","373.45","375.80","363.00","364.60","3,282,167"
"11-May-2020","367.00","378.60","366.50","368.10","3,903,903"
"12-May-2020","368.50","382.45","363.90","374.55","9,371,378"
"13-May-2020","398.20","398.80","380.60","389.65","7,474,559"
"14-May-2020","386.50","396.00","376.10","391.85","7,302,616"
"15-May-2020","393.70","393.70","377.45","378.90","3,690,162"
"18-May-2020","381.40","384.70","365.40","375.80","5,496,993"
"19-May-2020","380.65","380.65","338.25","339.65","18,772,895"
"20-May-2020","339.05","358.60","336.00","356.55","16,718,318"
"21-May-2020","359.65","370.00","356.35","366.80","10,088,455"
"22-May-2020","366.75","373.90","362.70","371.15","8,545,227"
"26-May-2020","376.95","386.45","365.65","367.05","14,907,868"
"27-May-2020","370.50","390.00","367.05","387.80","15,176,464"
"28-May-2020","394.20","398.90","388.20","391.10","9,298,423"
"29-May-2020","392.55","419.75","388.40","405.85","22,301,405"
"01-Jun-2020","411.00","423.00","410.75","419.30","7,782,283"
"02-Jun-2020","420.10","428.95","414.70","424.70","6,847,561"
"03-Jun-2020","428.95","433.80","417.00","419.10","7,203,500"
"04-Jun-2020","419.90","432.95","418.00","422.05","5,729,522"
"05-Jun-2020","425.25","445.95","423.55","439.40","12,315,989"
"08-Jun-2020","449.00","449.70","433.50","436.80","4,520,992"
"09-Jun-2020","443.95","445.00","428.15","430.60","4,048,019"
"10-Jun-2020","432.10","435.55","421.00","425.00","4,333,713"
"11-Jun-2020","430.70","434.25","415.45","417.45","3,873,618"
"12-Jun-2020","402.00","415.20","400.05","411.65","4,995,018"
"15-Jun-2020","405.65","411.00","398.05","405.00","4,693,725"
"16-Jun-2020","416.00","429.40","410.00","414.25","10,359,468"
"17-Jun-2020","419.80","424.00","409.00","420.80","6,088,271"
"18-Jun-2020","422.85","431.90","422.40","427.90","5,641,321"
"19-Jun-2020","427.95","439.55","427.50","436.90","6,059,411"
"22-Jun-2020","436.95","448.40","432.10","446.20","4,990,109"
"23-Jun-2020","453.00","469.10","452.75","463.10","7,873,312"
"24-Jun-2020","466.85","470.00","441.00","444.95","3,907,935"
"25-Jun-2020","438.15","454.70","437.45","442.90","3,982,270"
"26-Jun-2020","450.00","450.85","438.65","440.25","2,128,151"
"29-Jun-2020","440.00","440.25","429.15","431.90","2,317,361"
"30-Jun-2020","435.00","446.45","422.00","425.20","5,184,094"
"01-Jul-2020","430.90","449.00","429.00","446.95","8,180,143"
"02-Jul-2020","451.35","453.75","440.35","442.45","3,807,815"
"03-Jul-2020","445.20","452.95","442.40","444.20","3,812,085"
"06-Jul-2020","447.00","460.40","446.30","456.60","4,257,602"
"07-Jul-2020","457.90","457.90","448.10","450.95","3,664,426"
"08-Jul-2020","459.85","464.00","441.25","444.00","8,686,831"
"09-Jul-2020","447.00","447.90","437.15","442.55","5,160,583"
"10-Jul-2020","444.00","452.00","433.50","436.50","5,806,559"
"13-Jul-2020","440.00","444.95","435.50","439.20","2,480,373"
"14-Jul-2020","439.95","444.50","429.10","437.50","4,214,243"
"15-Jul-2020","441.75","442.85","430.45","437.55","4,334,532"
"16-Jul-2020","440.55","441.75","423.55","433.45","4,189,313"
"17-Jul-2020","435.00","442.35","433.00","436.45","3,644,145"
"20-Jul-2020","440.00","456.00","439.30","453.65","9,435,359"
"21-Jul-2020","457.30","462.80","450.35","458.40","6,154,188"
"22-Jul-2020","460.00","464.50","447.70","460.25","4,431,711"
"23-Jul-2020","461.00","478.00","459.00","462.75","9,427,289"
"24-Jul-2020","461.00","461.00","444.10","454.15","4,059,461"
"27-Jul-2020","455.80","457.00","440.25","445.80","2,974,332"
"28-Jul-2020","446.40","451.95","441.50","448.95","4,626,424"
"29-Jul-2020","449.50","464.10","449.05","461.75","7,119,905"
"30-Jul-2020","464.95","471.50","461.45","464.60","6,219,459"
"31-Jul-2020","467.85","486.00","460.25","478.15","11,062,532"
"03-Aug-2020","484.00","484.90","445.20","452.15","14,444,377"
"04-Aug-2020","455.85","464.35","454.00","461.70","6,194,319"
"05-Aug-2020","462.00","467.70","452.30","453.60","4,736,989"
"06-Aug-2020","452.50","466.50","451.60","463.90","4,177,616"
"07-Aug-2020","465.50","484.90","465.50","480.30","10,013,682"
"10-Aug-2020","483.85","496.50","478.45","494.30","7,603,928"
"11-Aug-2020","496.50","496.65","480.00","481.90","4,360,609"
"12-Aug-2020","481.25","489.00","471.05","487.15","4,332,818"
"13-Aug-2020","487.30","499.90","487.30","489.15","4,549,602"
"14-Aug-2020","494.60","496.90","480.85","485.65","2,431,513"
"17-Aug-2020","489.50","494.70","487.75","492.35","2,230,316"
"18-Aug-2020","492.20","508.95","491.85","500.15","8,890,754"
"19-Aug-2020","499.90","507.15","492.50","499.40","5,405,986"
"20-Aug-2020","494.85","498.75","487.25","491.90","3,081,600"
"21-Aug-2020","496.50","504.05","491.00","493.40","3,426,545"
"24-Aug-2020","496.00","504.75","496.00","497.40","4,042,121"
"25-Aug-2020","499.05","500.55","490.20","492.10","3,431,282"
"26-Aug-2020","492.95","496.60","488.35","493.55","2,839,626"
"27-Aug-2020","493.05","500.00","492.50","496.75","2,426,413"
"28-Aug-2020","500.00","521.10","498.30","519.25","9,809,948"
"31-Aug-2020","524.00","534.90","501.00","505.95","10,825,186"
"01-Sep-2020","505.00","510.00","491.25","505.05","3,980,644"
"02-Sep-2020","505.00","506.00","492.70","500.85","4,153,159"
"03-Sep-2020","505.80","526.75","504.25","521.85","8,589,275"
"04-Sep-2020","514.75","517.85","504.55","508.45","3,768,854"
"07-Sep-2020","509.50","510.45","490.80","494.45","5,255,103"
"08-Sep-2020","497.65","503.40","485.00","487.00","4,844,567"
"09-Sep-2020","482.00","498.40","467.05","494.55","6,078,537"
"10-Sep-2020","497.90","497.90","485.00","491.00","4,004,655"
"11-Sep-2020","492.60","501.00","488.10","499.00","3,410,700"
"14-Sep-2020","507.95","519.80","502.00","515.90","5,861,925"
"15-Sep-2020","518.25","532.25","516.05","529.70","6,222,427"
"16-Sep-2020","530.05","533.25","521.95","528.50","3,961,768"
"17-Sep-2020","524.95","537.00","520.30","530.55","4,036,648"
"18-Sep-2020","530.90","540.00","529.05","537.30","3,868,205"
"21-Sep-2020","537.00","546.50","521.85","532.20","4,907,579"
"22-Sep-2020","532.20","537.90","512.35","529.15","4,623,271"
"23-Sep-2020","530.00","534.90","519.85","532.40","3,647,987"
"24-Sep-2020","525.45","525.45","502.20","505.15","4,119,459"
"25-Sep-2020","508.95","513.80","500.75","504.65","4,858,021"
"28-Sep-2020","506.40","517.75","506.00","509.80","3,786,838"
"29-Sep-2020","514.50","514.50","490.60","493.10","5,023,517"
"30-Sep-2020","494.00","506.00","491.55","502.90","4,501,377"
"01-Oct-2020","508.00","512.70","503.30","505.65","2,462,815"
"05-Oct-2020","509.50","510.15","502.10","507.10","2,533,261"
"06-Oct-2020","511.45","519.00","508.25","509.55","3,662,272"
"07-Oct-2020","511.45","524.90","507.40","510.85","4,997,523"
"08-Oct-2020","513.95","519.85","506.50","509.40","2,814,294"
"09-Oct-2020","510.40","513.20","495.90","497.30","3,712,048"
"12-Oct-2020","499.90","508.30","493.15","507.10","3,332,484"
"13-Oct-2020","507.80","515.55","504.10","506.50","3,992,135"
"14-Oct-2020","501.35","513.00","495.30","510.90","3,424,315"
"15-Oct-2020","510.00","520.00","502.90","506.55","4,927,087"
"16-Oct-2020","490.00","490.00","458.25","466.95","22,982,753"
"19-Oct-2020","474.80","474.80","447.50","463.45","13,196,083"
"20-Oct-2020","464.00","467.70","453.95","455.95","7,255,239"
"21-Oct-2020","459.90","463.50","446.75","454.20","6,312,709"
"22-Oct-2020","452.80","458.20","450.20","454.50","4,495,486"
"23-Oct-2020","458.50","458.50","450.00","450.95","3,682,129"
"26-Oct-2020","454.95","454.95","431.50","433.40","6,280,314"
"27-Oct-2020","435.00","441.40","429.35","438.55","4,881,972"
"28-Oct-2020","440.35","454.50","437.50","450.75","7,235,748"
"29-Oct-2020","447.40","455.60","444.25","450.25","4,598,075"
"30-Oct-2020","451.90","457.50","446.45","453.25","3,684,252"
"02-Nov-2020","465.00","465.00","431.65","445.35","10,356,782"
"03-Nov-2020","444.40","449.50","414.00","417.05","16,512,536"
"04-Nov-2020","415.70","415.70","399.00","401.35","19,363,947"
"05-Nov-2020","407.95","419.60","405.15","418.40","11,470,585"
"06-Nov-2020","421.45","428.00","417.80","422.40","7,614,066"
"09-Nov-2020","426.60","431.00","424.15","426.75","4,271,081"
"10-Nov-2020","430.10","438.50","426.55","432.80","6,424,909"
"11-Nov-2020","429.00","442.95","429.00","435.70","7,504,886"
"12-Nov-2020","436.80","437.80","425.10","429.60","5,511,536"
"13-Nov-2020","429.00","431.10","423.00","425.35","4,644,051"
"14-Nov-2020","431.15","431.15","428.00","429.25","643,619"
"17-Nov-2020","431.40","434.50","428.25","429.65","5,929,010"
"18-Nov-2020","430.00","430.00","424.05","426.30","4,415,523"
"19-Nov-2020","425.90","425.90","415.05","416.50","6,331,928"
"20-Nov-2020","416.50","422.40","406.55","420.40","12,763,134"
"23-Nov-2020","423.00","429.50","421.35","426.45","5,172,468"
"24-Nov-2020","428.00","431.50","426.45","427.45","4,538,696"
"25-Nov-2020","428.80","430.15","417.60","418.60","4,753,592"
"26-Nov-2020","418.60","422.30","414.15","420.55","3,896,795"
"27-Nov-2020","421.20","425.50","416.30","417.70","7,024,437"
"01-Dec-2020","420.00","434.20","418.00","433.05","14,928,450"
"02-Dec-2020","442.75","447.00","437.45","441.95","14,187,495"
"03-Dec-2020","446.75","458.90","437.50","454.75","13,251,977"
"04-Dec-2020","458.95","463.00","452.50","455.70","7,719,922"
"07-Dec-2020","455.00","478.20","453.55","475.95","11,443,788"
"08-Dec-2020","481.25","488.50","469.45","472.80","15,624,166"
"09-Dec-2020","475.10","495.00","475.10","492.60","13,836,059"
"10-Dec-2020","478.00","479.00","416.10","438.45","87,279,054"
"11-Dec-2020","456.00","456.85","429.20","435.00","50,283,569"
"14-Dec-2020","433.00","443.90","431.80","442.15","14,595,495"
"15-Dec-2020","443.25","449.80","437.00","448.80","9,187,569"
"16-Dec-2020","453.85","461.50","451.50","459.65","11,503,251"
"17-Dec-2020","461.45","466.40","453.20","455.40","7,362,825"
"18-Dec-2020","456.00","462.00","454.00","460.30","5,402,464"
"21-Dec-2020","460.00","460.75","417.00","437.30","7,376,210"
"22-Dec-2020","437.30","445.80","425.55","444.65","7,910,320"
"23-Dec-2020","444.50","452.70","438.30","451.95","3,488,991"
"24-Dec-2020","454.90","456.60","448.00","449.40","4,384,445"
"28-Dec-2020","452.05","457.50","451.05","453.40","3,146,922"
"29-Dec-2020","454.50","459.00","445.40","454.70","3,781,566"
"30-Dec-2020","464.00","472.40","461.25","467.10","21,753,642"
"31-Dec-2020","467.70","468.50","461.20","466.35","5,429,481"
"01-Jan-2021","469.90","476.60","466.85","469.30","7,090,451"
"04-Jan-2021","473.40","475.00","466.65","473.15","3,615,832"
"05-Jan-2021","469.00","472.50","466.35","471.25","3,226,777"
"06-Jan-2021","471.95","481.90","467.15","472.40","5,947,103"
"07-Jan-2021","476.00","486.50","474.45","482.50","7,025,121"
"08-Jan-2021","485.00","506.00","484.80","503.65","16,114,942"
"11-Jan-2021","506.00","508.90","493.30","497.45","5,666,689"
"12-Jan-2021","494.75","505.50","491.20","501.50","5,008,167"
"13-Jan-2021","502.00","505.80","484.40","491.70","4,694,033"
"14-Jan-2021","494.10","515.00","493.00","509.40","15,231,242"
"15-Jan-2021","511.95","527.90","511.40","522.55","19,836,600"
"18-Jan-2021","524.95","568.00","524.00","561.30","37,175,310"
"19-Jan-2021","561.00","570.90","553.65","564.00","15,094,630"
"20-Jan-2021","563.00","581.85","556.50","576.35","10,900,743"
"21-Jan-2021","576.35","594.00","576.35","584.55","11,759,051"
"22-Jan-2021","585.40","592.50","564.00","566.95","10,118,222"
"25-Jan-2021","571.70","593.00","567.00","588.15","13,563,025"
"27-Jan-2021","588.15","601.15","569.00","574.25","15,463,821"
"28-Jan-2021","569.00","570.70","557.20","565.45","8,146,430"
"29-Jan-2021","569.85","576.00","557.00","560.65","9,298,672"
"01-Feb-2021","548.90","548.90","510.00","534.10","20,250,736"
"02-Feb-2021","541.00","568.50","541.00","566.30","13,416,792"
"03-Feb-2021","562.10","579.95","555.00","558.25","7,268,499"
"04-Feb-2021","558.70","568.55","544.30","548.05","6,751,111"
"05-Feb-2021","553.85","553.85","535.00","536.50","6,377,789"
"08-Feb-2021","538.00","546.00","528.15","538.30","8,511,429"
"09-Feb-2021","539.50","556.00","535.55","538.60","9,171,011"
"10-Feb-2021","543.00","546.45","532.45","534.40","4,446,858"
"11-Feb-2021","530.20","545.60","530.20","543.55","5,684,777"
"12-Feb-2021","545.80","547.30","531.50","535.80","3,043,562"
"15-Feb-2021","540.00","543.95","534.55","537.45","2,569,470"
"16-Feb-2021","542.65","545.65","537.10","538.95","2,976,504"
"17-Feb-2021","525.30","542.60","525.30","539.00","2,934,589"
"18-Feb-2021","536.35","556.60","532.00","541.05","6,399,026"
"19-Feb-2021","542.95","565.00","539.50","552.80","16,693,854"
"22-Feb-2021","556.00","560.95","536.55","539.75","7,702,962"
"23-Feb-2021","530.00","570.00","514.05","566.40","20,867,768"
"24-Feb-2021","547.00","567.00","546.00","553.95","7,229,614"
"25-Feb-2021","560.80","597.00","559.00","593.00","16,764,202"
"26-Feb-2021","585.00","589.40","555.45","561.55","11,511,171"
"01-Mar-2021","570.00","592.70","570.00","590.60","8,570,035"
"02-Mar-2021","603.00","608.80","580.15","589.45","10,602,015"
"03-Mar-2021","595.80","616.85","589.20","613.60","8,740,632"
"04-Mar-2021","602.00","631.45","599.10","615.45","14,124,256"
"05-Mar-2021","615.45","615.90","586.00","591.55","7,517,590"
"08-Mar-2021","601.00","636.20","600.00","629.95","14,163,149"
"09-Mar-2021","634.00","637.70","611.25","624.90","10,566,829"
"10-Mar-2021","630.60","630.60","612.50","621.30","5,583,509"
"12-Mar-2021","626.60","632.95","614.10","620.30","4,994,965"
"15-Mar-2021","623.30","625.45","604.45","621.35","5,438,311"
"16-Mar-2021","625.05","639.55","616.55","620.25","8,396,917"
"17-Mar-2021","623.65","626.85","605.00","609.20","4,503,677"
"18-Mar-2021","617.65","622.80","594.05","601.30","6,154,177"
"19-Mar-2021","598.00","628.90","586.20","625.45","8,322,870"
"22-Mar-2021","624.95","636.90","617.65","628.15","6,196,079"
"23-Mar-2021","622.50","643.95","621.00","633.35","5,999,369"
"24-Mar-2021","625.00","636.40","607.00","608.85","4,832,842"
"25-Mar-2021","613.00","618.25","591.50","595.65","10,648,953"
"26-Mar-2021","606.00","606.00","581.00","585.40","7,778,619"
"30-Mar-2021","597.00","634.65","591.00","627.95","14,663,831"
"31-Mar-2021","623.00","654.00","620.10","641.85","15,862,803"
"01-Apr-2021","640.95","656.90","635.00","653.60","7,348,750"
"05-Apr-2021","650.00","664.75","631.60","646.25","9,077,724"
"06-Apr-2021","648.00","668.85","645.00","661.35","7,227,685"
"07-Apr-2021","660.00","673.95","652.40","654.45","4,948,757"
"08-Apr-2021","657.00","664.60","650.00","651.60","3,926,359"
"09-Apr-2021","656.00","656.00","630.70","634.90","4,995,747"
"12-Apr-2021","625.00","627.65","581.50","589.55","5,954,644"
"13-Apr-2021","594.00","618.50","589.00","604.60","10,046,450"
"15-Apr-2021","611.00","623.90","597.40","607.35","7,395,673"
"16-Apr-2021","610.00","618.80","602.00","611.75","3,577,455"
"19-Apr-2021","595.10","603.00","587.00","597.45","3,198,847"
"20-Apr-2021","606.00","613.00","585.60","591.75","3,403,144"
"22-Apr-2021","589.00","598.90","581.90","591.60","3,182,229"
"23-Apr-2021","592.10","597.05","581.30","585.40","3,356,598"
"26-Apr-2021","587.10","597.90","585.90","590.65","3,162,291"
"27-Apr-2021","591.10","605.20","589.40","597.45","4,496,811"
"28-Apr-2021","602.95","613.70","601.20","608.05","4,983,043"
"29-Apr-2021","613.40","621.00","609.80","615.80","6,257,014"
"30-Apr-2021","610.80","621.00","604.05","606.90","3,072,295"
"03-May-2021","605.50","619.75","596.15","617.80","3,609,311"
"04-May-2021","621.00","645.65","608.05","611.25","13,505,599"
"05-May-2021","621.70","643.00","616.65","640.70","11,454,883"
"06-May-2021","640.70","641.00","626.65","633.00","5,545,420"
"07-May-2021","635.00","641.85","625.25","629.40","3,675,295"
"10-May-2021","635.70","680.35","635.55","674.60","16,727,737"
"11-May-2021","673.00","688.45","667.90","684.35","14,135,052"
"12-May-2021","691.95","702.55","680.60","691.65","10,562,440"
"14-May-2021","710.00","764.40","705.05","743.30","57,232,233"
"17-May-2021","757.00","785.00","752.05","770.75","28,018,670"
"18-May-2021","776.50","778.00","759.15","769.40","10,306,166"
"19-May-2021","773.00","805.30","765.55","782.15","17,761,845"
"20-May-2021","786.40","797.40","763.00","767.50","8,495,432"
"21-May-2021","775.00","786.00","763.25","779.85","8,097,156"
"24-May-2021","781.95","793.95","773.70","789.35","5,586,202"
"25-May-2021","795.00","806.00","789.50","796.65","7,350,432"
"26-May-2021","795.00","815.75","791.50","812.60","7,822,821"
"27-May-2021","816.05","825.50","809.60","819.75","10,004,617"
"28-May-2021","818.45","824.45","809.00","811.70","4,829,944"
"31-May-2021","811.70","821.85","808.25","815.10","3,857,904"
"01-Jun-2021","818.00","826.40","808.35","815.80","4,414,474"
"02-Jun-2021","815.00","840.85","810.50","837.60","7,228,801"
"03-Jun-2021","842.95","845.00","828.00","840.25","6,863,737"
"04-Jun-2021","835.00","845.35","832.10","836.25","4,116,012"
"07-Jun-2021","841.00","862.25","834.20","850.50","4,774,564"
"08-Jun-2021","850.40","864.70","840.20","853.55","4,214,138"
"09-Jun-2021","855.00","862.95","838.65","845.55","5,068,262"
"10-Jun-2021","849.00","853.80","837.00","838.70","4,012,050"
"11-Jun-2021","842.95","844.70","830.00","835.15","2,633,076"
"14-Jun-2021","838.20","838.20","815.20","834.60","2,361,786"
"15-Jun-2021","834.20","845.65","830.40","841.80","3,093,053"
"16-Jun-2021","843.90","854.55","836.15","838.20","4,555,364"
"17-Jun-2021","834.85","848.00","828.65","835.05","3,684,099"
"18-Jun-2021","839.00","839.25","790.85","808.00","8,145,772"
"21-Jun-2021","800.00","800.00","768.30","772.20","10,319,132"
"22-Jun-2021","779.00","806.50","776.60","802.50","8,773,658"
"23-Jun-2021","809.00","810.95","793.10","804.00","5,498,823"
"24-Jun-2021","809.00","815.45","796.60","813.45","3,569,898"
"25-Jun-2021","809.00","814.00","801.85","805.15","2,566,357"
"28-Jun-2021","805.00","812.60","801.30","809.10","2,499,662"
"29-Jun-2021","810.00","817.95","799.30","805.40","2,509,072"
"30-Jun-2021","810.00","811.00","790.60","792.85","2,180,444"
"01-Jul-2021","796.00","798.55","786.45","791.50","1,933,865"
"02-Jul-2021","791.50","806.60","789.00","799.35","2,511,086"
"05-Jul-2021","801.50","810.70","798.05","807.60","1,812,638"
"06-Jul-2021","808.00","816.00","801.40","803.30","3,097,194"
"07-Jul-2021","804.90","821.50","802.00","816.90","4,641,521"
"08-Jul-2021","813.40","824.75","807.35","814.10","2,536,653"
"09-Jul-2021","812.00","823.00","808.10","814.55","2,662,681"
"12-Jul-2021","820.00","831.70","815.95","821.45","4,414,998"
"13-Jul-2021","828.90","833.80","823.10","831.95","2,610,471"
"14-Jul-2021","823.40","827.40","818.00","819.75","2,456,567"
"15-Jul-2021","821.75","839.30","819.25","836.25","3,435,337"
"16-Jul-2021","843.00","852.40","830.80","837.55","3,907,867"
"19-Jul-2021","834.90","849.00","822.30","833.25","4,744,590"
"20-Jul-2021","835.45","837.50","803.75","814.25","3,280,049"
"22-Jul-2021","817.95","829.50","816.00","828.00","2,978,752"
"23-Jul-2021","827.50","827.60","816.00","819.70","2,212,963"
"26-Jul-2021","819.00","826.75","806.65","819.95","2,449,095"
"27-Jul-2021","820.00","825.65","806.15","812.75","1,721,268"
"28-Jul-2021","818.65","818.65","796.95","814.65","3,172,824"
"29-Jul-2021","822.95","822.95","810.00","819.70","1,839,368"
"30-Jul-2021","821.25","834.50","786.15","808.55","7,703,034"
"02-Aug-2021","808.55","810.65","785.05","791.05","6,205,784"
"03-Aug-2021","795.00","795.00","780.60","790.55","3,265,559"
"04-Aug-2021","792.70","798.85","780.30","785.00","2,722,366"
"05-Aug-2021","790.00","790.00","772.00","777.25","2,264,430"
"06-Aug-2021","779.90","791.70","775.60","777.30","1,788,211"
"09-Aug-2021","780.80","784.40","770.20","778.10","1,517,468"
"10-Aug-2021","780.35","787.00","762.50","771.10","2,331,179"
"11-Aug-2021","772.00","781.90","757.00","773.80","3,147,475"
"12-Aug-2021","773.00","785.65","772.05","777.10","2,248,810"
"13-Aug-2021","778.00","784.30","770.60","779.10","2,549,137"
"16-Aug-2021","780.00","784.50","770.00","772.80","1,711,689"
"17-Aug-2021","775.70","777.55","745.80","760.75","2,895,739"
"18-Aug-2021","764.55","766.30","753.50","762.20","1,846,331"
"20-Aug-2021","751.00","757.80","722.10","728.25","4,257,864"
"23-Aug-2021","732.00","737.55","714.50","718.95","2,573,379"
"24-Aug-2021","721.90","732.80","717.00","731.05","1,771,956"
"25-Aug-2021","731.05","737.95","721.45","726.10","1,895,556"
"26-Aug-2021","725.00","729.80","717.00","719.65","1,538,567"
"27-Aug-2021","724.95","743.40","722.55","729.25","4,292,477"
"30-Aug-2021","732.95","744.55","730.00","740.45","2,358,153"
"31-Aug-2021","743.00","747.35","735.45","741.25","3,074,791"
"01-Sep-2021","745.15","752.50","739.80","748.65","2,051,308"
"02-Sep-2021","752.00","757.90","746.00","753.35","3,029,716"
"03-Sep-2021","756.35","760.00","747.10","752.80","1,679,831"
"06-Sep-2021","755.00","759.00","749.45","755.75","1,427,518"
"07-Sep-2021","757.00","759.95","746.00","752.05","1,377,576"
"08-Sep-2021","753.50","772.50","747.40","762.00","4,079,877"
"09-Sep-2021","761.65","762.00","754.10","757.90","1,174,804"
"13-Sep-2021","754.00","767.70","751.65","756.00","2,724,206"
"14-Sep-2021","760.90","764.85","751.00","752.50","1,932,973"
"15-Sep-2021","756.80","763.60","752.60","762.10","1,374,264"
"16-Sep-2021","763.00","769.75","753.10","754.00","2,065,099"
"17-Sep-2021","759.00","759.00","736.10","742.35","3,348,764"
"20-Sep-2021","738.00","738.00","701.00","705.60","3,082,145"
"21-Sep-2021","705.60","727.90","700.00","721.85","4,222,370"
"22-Sep-2021","721.00","726.15","713.75","724.90","1,913,723"
"23-Sep-2021","725.10","732.00","723.05","726.85","1,337,563"
"24-Sep-2021","728.00","731.90","713.55","718.65","1,372,681"
"27-Sep-2021","722.95","737.00","716.25","725.85","2,611,791"
"28-Sep-2021","728.00","732.90","710.25","716.80","2,577,784"
"29-Sep-2021","711.90","722.90","709.00","717.15","2,160,616"
"30-Sep-2021","717.15","719.90","706.15","707.70","2,487,764"
"01-Oct-2021","707.00","714.05","698.25","712.65","1,947,637"
"04-Oct-2021","713.10","719.90","694.00","702.95","7,682,864"
"05-Oct-2021","705.00","719.60","700.55","714.65","3,780,191"
"06-Oct-2021","716.00","744.45","715.50","727.30","7,773,811"
"07-Oct-2021","735.30","736.00","723.00","727.50","2,233,111"
"08-Oct-2021","728.05","747.45","726.25","738.00","3,181,166"
"11-Oct-2021","740.00","754.40","740.00","742.45","3,023,541"
"12-Oct-2021","742.45","749.90","738.05","744.30","1,837,397"
"13-Oct-2021","744.30","754.25","741.65","747.45","1,573,332"
"14-Oct-2021","753.00","759.00","745.25","747.85","2,144,296"
"18-Oct-2021","749.20","762.00","745.20","751.10","2,620,289"
"19-Oct-2021","755.00","759.90","728.60","733.70","1,498,436"
"20-Oct-2021","733.70","734.90","711.25","715.90","1,568,362"
"21-Oct-2021","723.05","723.40","706.30","717.45","1,625,612"
"22-Oct-2021","714.25","722.50","699.25","704.35","1,375,825"
"25-Oct-2021","704.00","708.00","686.25","695.30","1,746,556"
"26-Oct-2021","695.00","716.45","693.60","713.25","1,475,209"
"27-Oct-2021","714.50","748.00","712.00","741.50","4,677,615"
"28-Oct-2021","743.00","748.20","725.85","729.90","2,875,850"
"29-Oct-2021","735.90","746.00","716.55","740.20","3,448,037"
"01-Nov-2021","745.00","745.00","700.00","720.05","5,953,165"
"02-Nov-2021","720.80","726.40","711.00","720.30","1,852,304"
"03-Nov-2021","720.30","756.50","720.30","737.05","6,580,294"
"04-Nov-2021","745.00","745.00","731.10","737.70","390,092"
"08-Nov-2021","740.00","744.00","731.00","742.65","1,227,750"
"09-Nov-2021","744.70","753.40","742.65","746.35","1,622,626"
"10-Nov-2021","746.25","774.00","741.10","771.30","6,430,811"
"11-Nov-2021","774.00","777.95","760.50","764.70","3,322,415"
"12-Nov-2021","770.00","774.70","765.05","769.55","1,608,464"
"15-Nov-2021","771.00","791.40","770.35","784.05","5,069,793"
"16-Nov-2021","786.00","794.00","777.10","780.05","2,830,062"
"17-Nov-2021","777.00","777.00","752.70","755.60","2,998,582"
"18-Nov-2021","755.60","761.90","740.00","741.45","2,120,918"
"22-Nov-2021","743.00","747.10","706.75","716.50","2,041,278"
"23-Nov-2021","710.00","729.05","705.25","725.25","1,772,081"
"24-Nov-2021","726.00","736.10","716.15","721.70","1,312,705"
"25-Nov-2021","725.05","737.85","721.75","727.30","4,133,359"
"26-Nov-2021","726.00","726.00","701.00","703.80","2,482,446"
"29-Nov-2021","704.00","710.25","679.25","689.35","2,997,007"
"30-Nov-2021","689.00","702.75","678.55","681.70","2,524,084"
"01-Dec-2021","687.50","693.75","681.55","690.50","1,355,645"
"02-Dec-2021","691.50","700.45","687.25","698.20","1,673,311"
"03-Dec-2021","700.10","717.75","699.75","712.75","3,981,290"
"06-Dec-2021","712.70","733.00","705.00","716.55","4,551,735"
"07-Dec-2021","720.00","730.70","717.00","726.95","1,467,958"
"08-Dec-2021","727.10","735.65","725.95","728.10","1,827,973"
"09-Dec-2021","728.10","744.00","727.55","742.20","2,396,147"
"10-Dec-2021","741.95","747.65","734.85","737.45","1,084,590"
"13-Dec-2021","739.50","751.90","735.50","740.40","2,203,948"
"14-Dec-2021","733.60","748.45","733.60","747.05","1,561,018"
"15-Dec-2021","746.95","755.70","736.25","739.95","3,260,708"
"16-Dec-2021","740.00","747.40","728.85","733.90","1,028,360"
"17-Dec-2021","729.00","732.15","713.55","715.60","2,810,650"
"20-Dec-2021","703.50","715.60","693.30","708.30","2,338,685"
"21-Dec-2021","716.65","737.60","712.65","733.65","1,660,409"
"22-Dec-2021","735.00","757.00","735.00","754.30","3,623,916"
"23-Dec-2021","759.00","759.00","748.65","754.75","1,539,991"
"24-Dec-2021","759.00","759.00","739.10","746.85","1,276,729"
"27-Dec-2021","746.65","760.00","740.25","756.60","1,315,245"
"28-Dec-2021","763.90","765.00","757.20","761.75","1,955,283"
"29-Dec-2021","759.00","767.70","754.60","758.35","1,192,837"
"30-Dec-2021","755.00","760.35","744.90","746.65","1,686,223"
"31-Dec-2021","748.00","757.10","745.55","747.10","1,131,359"
"03-Jan-2022","753.00","766.90","750.00","764.20","1,157,591"
"04-Jan-2022","769.15","769.15","755.50","761.75","1,247,395"
"05-Jan-2022","759.00","769.85","757.40","764.50","1,156,604"
"06-Jan-2022","766.00","787.00","759.45","782.75","5,436,867"
"07-Jan-2022","782.00","790.70","776.55","788.95","2,052,552"
"10-Jan-2022","792.10","825.00","791.70","821.60","7,424,271"
"11-Jan-2022","821.80","828.00","816.00","819.55","2,004,689"
"12-Jan-2022","821.10","825.10","812.40","822.40","2,242,638"
"13-Jan-2022","823.10","844.90","823.10","841.00","4,410,699"
"14-Jan-2022","836.00","836.05","818.00","824.65","3,690,548"
"17-Jan-2022","825.45","830.70","815.70","824.75","2,569,165"
"18-Jan-2022","821.55","825.00","795.85","799.10","2,820,426"
"19-Jan-2022","798.00","815.00","789.20","813.25","2,193,951"
"20-Jan-2022","820.00","823.00","804.00","808.45","1,950,781"
"21-Jan-2022","801.00","804.85","780.10","786.90","1,449,766"
"24-Jan-2022","776.70","786.00","755.50","762.60","1,663,579"
"25-Jan-2022","754.50","795.15","746.10","791.15","2,981,161"
"27-Jan-2022","794.85","794.85","765.00","771.95","2,436,411"
"28-Jan-2022","778.00","806.50","777.55","790.25","4,007,799"
"31-Jan-2022","803.75","812.70","775.00","776.50","5,138,792"
"01-Feb-2022","785.00","795.60","766.90","785.00","3,693,825"
"02-Feb-2022","786.60","799.60","782.00","785.95","1,771,793"
"03-Feb-2022","788.95","791.00","771.00","773.50","1,493,402"
"04-Feb-2022","773.60","776.80","765.00","767.20","992,052"
"07-Feb-2022","764.20","774.90","750.25","756.60","1,255,955"
"08-Feb-2022","757.00","763.95","744.10","758.65","2,063,533"
"09-Feb-2022","764.50","772.45","760.00","770.50","1,342,782"
"10-Feb-2022","775.00","778.95","767.95","770.10","2,561,635"
"11-Feb-2022","765.85","766.95","750.00","753.20","1,621,795"
"14-Feb-2022","744.30","749.05","716.00","721.70","1,950,243"
"15-Feb-2022","725.10","746.95","716.15","744.70","1,467,359"
"16-Feb-2022","750.00","750.00","732.30","735.80","1,398,493"
"17-Feb-2022","737.00","742.70","725.75","727.05","1,174,134"
"18-Feb-2022","728.00","736.20","719.00","724.95","1,973,922"
"21-Feb-2022","724.90","724.90","701.85","704.15","2,577,455"
"22-Feb-2022","689.00","695.70","676.25","693.35","2,841,052"
"23-Feb-2022","700.05","702.65","684.85","688.00","2,713,053"
"24-Feb-2022","673.00","674.75","622.00","632.30","5,453,651"
"25-Feb-2022","656.20","663.85","644.65","654.70","3,890,925"
"28-Feb-2022","651.00","668.95","644.10","665.45","3,060,915"
"02-Mar-2022","663.65","697.00","659.50","689.55","8,499,711"
"03-Mar-2022","707.90","724.60","688.95","713.75","9,676,442"
"04-Mar-2022","712.00","735.90","704.80","713.75","10,189,495"
"07-Mar-2022","710.05","735.00","685.75","731.90","6,969,575"
"08-Mar-2022","730.40","740.95","707.60","724.20","4,117,923"
"09-Mar-2022","732.50","734.80","712.70","725.20","2,888,800"
"10-Mar-2022","731.55","742.40","720.00","724.20","4,218,131"
"11-Mar-2022","723.85","729.00","716.20","725.45","2,559,363"
"14-Mar-2022","728.00","733.55","720.10","730.75","2,845,328"
"15-Mar-2022","730.00","746.00","728.55","741.00","4,051,465"
"16-Mar-2022","749.95","756.65","743.90","752.45","2,879,590"
"17-Mar-2022","759.00","764.50","754.55","761.60","2,297,497"
"21-Mar-2022","770.00","777.75","760.00","775.90","3,221,656"
"22-Mar-2022","775.00","787.00","771.05","780.95","2,788,207"
"23-Mar-2022","780.50","796.40","780.00","793.95","2,365,083"
"24-Mar-2022","795.00","801.85","789.05","799.10","2,117,672"
"25-Mar-2022","807.00","814.50","791.60","798.55","4,762,541"
"28-Mar-2022","795.05","797.95","778.00","780.75","2,207,764"
"29-Mar-2022","781.50","790.40","779.05","782.00","1,636,109"
"30-Mar-2022","782.00","785.50","774.00","776.15","1,113,587"
"31-Mar-2022","778.55","778.95","765.00","769.60","1,874,608"
"01-Apr-2022","770.50","783.50","770.50","781.55","1,467,955"
"04-Apr-2022","781.45","790.00","779.05","784.35","1,111,794"
"05-Apr-2022","791.95","800.65","790.30","793.55","2,326,745"
"06-Apr-2022","796.20","811.80","792.10","805.30","2,880,663"
"07-Apr-2022","797.00","809.00","790.45","803.35","2,227,078"
"08-Apr-2022","806.00","819.50","805.65","809.75","3,285,707"
"11-Apr-2022","811.00","824.00","810.15","819.85","3,167,295"
"12-Apr-2022","817.65","817.65","800.50","805.65","3,123,878"
"13-Apr-2022","805.65","836.45","805.00","818.65","4,974,212"
"18-Apr-2022","813.65","817.70","792.30","805.15","3,037,877"
"19-Apr-2022","807.00","823.90","800.00","804.90","2,907,063"
"20-Apr-2022","809.50","826.90","807.05","825.25","3,042,831"
"21-Apr-2022","831.00","833.65","821.00","829.15","2,691,988"
"22-Apr-2022","828.90","828.90","811.30","816.55","3,147,260"
"25-Apr-2022","805.00","808.95","791.50","803.05","2,050,099"
"26-Apr-2022","814.00","819.30","807.10","812.35","2,022,477"
"27-Apr-2022","809.90","810.15","794.20","798.40","1,627,577"
"28-Apr-2022","814.25","827.00","804.25","824.30","4,606,626"
"29-Apr-2022","832.00","834.00","816.35","822.90","3,236,877"
"02-May-2022","815.55","837.70","812.70","830.25","3,855,822"
"04-May-2022","830.90","848.00","816.95","824.20","4,888,165"
"05-May-2022","830.40","841.40","819.10","823.25","2,630,497"
"06-May-2022","815.00","815.00","779.45","786.85","3,256,336"
"09-May-2022","772.00","806.65","768.55","777.60","6,800,255"
"10-May-2022","792.00","800.65","778.55","789.80","4,027,939"
"11-May-2022","801.00","812.70","782.80","792.15","3,654,568"
"12-May-2022","782.00","789.25","753.00","764.95","2,998,405"
"13-May-2022","774.00","795.00","772.10","781.55","3,062,695"
"16-May-2022","784.70","806.50","775.05","802.25","3,267,900"
"17-May-2022","808.00","819.70","798.70","817.35","1,844,532"
"18-May-2022","817.00","827.00","809.25","821.10","1,792,368"
"19-May-2022","807.80","816.35","803.00","814.00","1,801,424"
"20-May-2022","818.00","828.00","803.50","808.25","2,235,524"
"23-May-2022","810.00","815.35","788.75","791.25","3,341,478"
"24-May-2022","789.00","798.80","783.65","792.55","1,695,450"
"25-May-2022","794.50","798.00","758.40","764.00","1,484,158"
"26-May-2022","764.00","766.00","733.05","747.45","2,577,097"
"27-May-2022","754.00","762.70","746.65","756.60","1,529,970"
"30-May-2022","760.35","787.80","760.35","782.55","1,735,999"
"31-May-2022","782.50","791.20","775.00","779.60","1,981,316"
"01-Jun-2022","772.60","784.40","772.60","779.75","1,136,166"
"02-Jun-2022","775.00","787.45","769.00","775.35","1,662,461"
"03-Jun-2022","782.90","782.90","766.55","769.65","1,175,685"
"06-Jun-2022","771.95","781.00","764.55","779.00","891,806"
"07-Jun-2022","778.50","779.80","742.10","746.20","2,074,139"
"08-Jun-2022","746.00","748.70","730.00","735.15","2,112,443"
"09-Jun-2022","734.20","751.00","726.70","747.30","2,312,524"
"10-Jun-2022","738.00","739.95","732.55","734.40","1,103,946"
"13-Jun-2022","726.00","732.40","719.55","726.40","1,517,285"
"14-Jun-2022","721.90","731.95","712.25","715.70","1,590,761"
"15-Jun-2022","721.50","723.60","707.05","712.15","1,108,371"
"16-Jun-2022","722.10","725.50","679.40","683.65","1,733,865"
"17-Jun-2022","683.40","687.70","659.25","665.15","2,607,500"
"20-Jun-2022","668.00","671.95","630.55","640.45","2,523,321"
"21-Jun-2022","642.25","656.95","642.25","654.20","1,316,846"
"22-Jun-2022","650.20","651.95","611.00","613.65","4,180,495"
"23-Jun-2022","613.00","635.65","607.50","633.20","3,857,527"
"24-Jun-2022","633.00","645.25","631.05","640.85","1,901,670"
"27-Jun-2022","648.00","666.50","644.10","657.10","2,442,598"
"28-Jun-2022","651.10","665.50","647.65","656.00","2,692,035"
"29-Jun-2022","652.05","653.95","641.55","644.40","2,371,912"
"30-Jun-2022","645.00","645.75","630.15","632.40","3,792,264"
"01-Jul-2022","630.00","646.00","621.95","643.50","3,575,548"
"04-Jul-2022","643.40","657.80","636.05","654.50","3,002,770"
"05-Jul-2022","659.00","671.65","654.60","656.40","2,721,295"
"06-Jul-2022","655.90","664.15","652.60","662.50","1,674,576"
"07-Jul-2022","667.00","684.65","664.45","682.75","3,320,190"
"08-Jul-2022","685.00","692.30","681.25","690.25","3,024,014"
"11-Jul-2022","688.45","695.00","683.25","690.80","1,822,281"
"12-Jul-2022","687.00","691.45","676.25","680.20","1,083,141"
"13-Jul-2022","683.65","686.25","677.00","679.50","1,152,719"
"14-Jul-2022","680.30","685.00","666.60","670.15","1,460,677"
"15-Jul-2022","672.45","676.45","663.05","669.35","1,143,520"
"18-Jul-2022","676.95","687.75","675.00","685.05","1,868,531"
"19-Jul-2022","679.95","687.75","677.20","684.35","1,909,300"
"20-Jul-2022","693.00","697.50","685.15","686.25","1,624,888"
"21-Jul-2022","687.90","706.95","685.50","705.00","2,747,265"
"22-Jul-2022","710.95","730.65","709.00","725.00","5,783,131"
"25-Jul-2022","725.10","737.70","723.90","733.95","2,179,454"
"26-Jul-2022","733.95","739.50","724.05","726.35","1,501,349"
"27-Jul-2022","715.00","723.00","708.00","721.60","1,463,655"
"28-Jul-2022","725.90","730.80","719.40","727.70","1,335,287"
"29-Jul-2022","737.00","745.00","732.00","741.10","1,518,704"
"01-Aug-2022","753.00","780.40","744.05","767.35","7,797,234"
"02-Aug-2022","766.20","766.20","730.00","739.60","5,611,299"
"03-Aug-2022","739.90","744.40","725.00","731.35","3,058,290"
"04-Aug-2022","738.40","740.95","721.40","731.75","1,781,136"
"05-Aug-2022","735.00","750.00","731.00","743.45","1,828,490"
"08-Aug-2022","743.40","751.55","736.55","749.15","1,589,806"
"10-Aug-2022","757.00","767.40","752.00","765.30","3,248,773"
"11-Aug-2022","769.35","774.20","760.35","767.50","2,071,502"
"12-Aug-2022","768.00","790.00","768.00","788.90","3,744,532"
"16-Aug-2022","790.00","804.25","786.10","788.55","2,269,603"
"17-Aug-2022","787.00","793.70","783.85","790.50","982,454"
"18-Aug-2022","789.00","791.50","773.00","773.95","2,239,104"
"19-Aug-2022","773.95","779.55","764.00","768.25","1,693,235"
"22-Aug-2022","760.25","762.95","743.15","744.70","1,749,489"
"23-Aug-2022","737.00","762.00","737.00","759.55","1,594,035"
"24-Aug-2022","760.20","763.70","753.00","759.75","1,245,022"
"25-Aug-2022","762.50","778.00","758.30","762.65","2,516,409"
"26-Aug-2022","766.50","779.00","758.15","760.00","3,643,595"
"29-Aug-2022","750.00","756.05","739.40","750.45","1,406,170"
"30-Aug-2022","754.25","770.10","751.65","769.25","3,414,234"
"01-Sep-2022","764.05","766.65","751.30","756.45","2,440,603"
"02-Sep-2022","760.25","762.10","744.30","745.80","2,098,827"
"05-Sep-2022","741.35","753.75","740.00","746.85","1,963,379"
"06-Sep-2022","749.70","751.95","735.90","738.10","1,799,028"
"07-Sep-2022","736.05","743.00","734.00","741.10","1,874,233"
"08-Sep-2022","744.85","747.65","734.00","737.50","1,993,343"
"09-Sep-2022","742.00","756.85","740.10","742.00","2,659,280"
"12-Sep-2022","745.70","758.90","744.05","756.35","2,224,393"
"13-Sep-2022","759.00","768.00","753.35","755.70","2,541,324"
"14-Sep-2022","748.00","760.15","743.80","748.30","2,044,162"
"15-Sep-2022","750.00","756.40","741.00","742.60","1,449,814"
"16-Sep-2022","746.35","753.25","699.00","703.40","6,546,670"
"19-Sep-2022","706.95","718.55","696.05","712.25","2,189,179"
"20-Sep-2022","715.85","723.60","714.20","719.90","1,342,093"
"21-Sep-2022","717.00","724.45","705.00","717.50","2,077,807"
"22-Sep-2022","709.10","726.60","709.10","721.35","2,203,643"
"23-Sep-2022","724.00","727.30","700.00","702.85","2,230,894"
"26-Sep-2022","698.00","701.95","670.40","679.90","2,182,907"
"27-Sep-2022","683.30","687.85","672.50","677.70","1,199,827"
"28-Sep-2022","676.70","677.50","660.55","663.70","1,617,322"
"29-Sep-2022","667.05","675.45","654.00","656.80","2,121,416"
"30-Sep-2022","656.80","674.85","654.40","672.05","1,745,532"
"03-Oct-2022","671.20","681.80","664.00","665.10","1,815,744"
"04-Oct-2022","678.00","691.70","674.00","689.95","2,372,225"
"06-Oct-2022","691.00","694.85","683.50","686.00","1,208,462"
"07-Oct-2022","685.00","699.90","683.95","690.45","2,367,283"
"10-Oct-2022","680.00","686.80","677.50","683.00","1,009,423"
"11-Oct-2022","686.45","686.45","660.20","664.15","1,257,522"
"12-Oct-2022","665.00","675.55","660.70","673.60","1,171,443"
"13-Oct-2022","675.00","676.50","662.10","663.90","745,089"
"14-Oct-2022","674.00","687.60","672.00","678.30","2,108,845"
"17-Oct-2022","679.60","684.00","671.80","678.05","1,360,600"
"18-Oct-2022","681.45","689.05","680.00","682.05","1,238,762"
"19-Oct-2022","685.00","689.10","675.60","676.80","938,837"
"20-Oct-2022","675.00","715.80","666.90","713.50","7,210,550"
"21-Oct-2022","712.70","724.00","696.80","700.20","5,022,081"
"24-Oct-2022","711.00","714.70","702.85","708.10","545,145"
"25-Oct-2022","709.95","709.95","691.15","694.45","2,890,000"
"27-Oct-2022","701.40","709.00","695.80","706.45","2,548,464"
"28-Oct-2022","707.00","715.90","703.45","713.90","1,834,544"
"31-Oct-2022","717.50","732.00","711.00","730.20","2,733,496"
"01-Nov-2022","737.80","739.45","711.25","717.00","5,060,223"
"02-Nov-2022","720.60","728.30","713.80","717.55","1,949,252"
"03-Nov-2022","716.90","727.70","711.10","726.20","1,665,899"
"04-Nov-2022","730.00","739.95","725.00","738.85","3,318,868"
"07-Nov-2022","742.55","749.95","739.05","748.45","3,102,187"
"09-Nov-2022","755.80","759.45","747.30","753.60","3,649,011"
"10-Nov-2022","754.95","758.60","748.05","756.10","4,929,698"
"11-Nov-2022","760.00","769.90","759.05","767.90","3,077,741"
"14-Nov-2022","771.75","785.00","768.65","774.05","3,532,456"
"15-Nov-2022","774.05","780.00","764.50","770.25","1,649,039"
"16-Nov-2022","770.45","771.30","762.25","767.50","1,407,784"
"17-Nov-2022","767.50","776.00","761.10","771.45","1,846,461"
"18-Nov-2022","776.00","776.00","760.25","765.95","2,466,319"
"21-Nov-2022","765.00","765.00","755.30","759.60","818,375"
"22-Nov-2022","760.00","770.00","757.05","768.75","1,288,326"
"23-Nov-2022","772.95","776.05","766.25","768.50","907,504"
"24-Nov-2022","772.35","779.95","767.80","774.15","1,463,574"
"25-Nov-2022","778.05","780.95","770.60","777.15","867,124"
"28-Nov-2022","777.00","784.95","775.45","779.65","943,112"
"29-Nov-2022","782.00","784.80","772.30","774.85","1,266,481"
"30-Nov-2022","777.90","793.55","774.35","789.70","3,241,756"
"01-Dec-2022","780.00","788.65","776.45","778.85","1,517,442"
"02-Dec-2022","780.10","785.00","768.00","783.70","2,337,749"
"05-Dec-2022","787.50","807.00","784.50","802.80","4,114,694"
"06-Dec-2022","801.90","802.80","782.30","787.90","1,575,896"
"07-Dec-2022","788.00","792.30","776.15","778.15","970,940"
"08-Dec-2022","782.05","782.90","773.30","777.85","1,500,182"
"09-Dec-2022","779.45","781.95","757.05","763.70","1,636,084"
"12-Dec-2022","762.00","775.00","756.60","773.05","1,124,301"
"13-Dec-2022","776.00","776.00","763.05","767.40","1,521,073"
"14-Dec-2022","768.50","782.00","762.60","780.90","1,480,610"
"15-Dec-2022","782.00","788.50","765.50","770.75","1,692,394"
"16-Dec-2022","766.20","774.15","759.05","770.45","2,566,446"
"19-Dec-2022","770.95","773.90","763.25","770.15","884,769"
"20-Dec-2022","769.00","771.55","749.00","754.85","1,598,234"
"21-Dec-2022","761.45","767.50","751.80","754.90","2,220,101"
"22-Dec-2022","755.25","761.45","727.45","729.35","2,404,863"
"23-Dec-2022","722.10","727.50","707.95","711.20","1,175,968"
"26-Dec-2022","712.45","725.35","707.50","718.25","955,078"
"27-Dec-2022","724.95","724.95","710.00","716.35","1,693,081"
"28-Dec-2022","716.00","731.90","714.00","723.55","3,025,343"
"29-Dec-2022","724.70","729.85","717.00","722.55","1,898,772"
"30-Dec-2022","726.20","732.00","713.40","716.15","1,387,568"
"02-Jan-2023","718.60","724.00","711.95","722.00","1,259,229"
"03-Jan-2023","722.50","727.25","717.20","719.35","1,277,112"
"04-Jan-2023","721.20","722.10","712.00","715.65","1,354,737"
"05-Jan-2023","719.25","724.70","713.40","720.30","1,407,487"
"06-Jan-2023","721.40","729.35","715.35","718.15","1,209,522"
"09-Jan-2023","724.00","736.15","722.60","734.20","1,358,106"
"10-Jan-2023","735.85","735.85","720.00","724.65","1,484,340"
"11-Jan-2023","726.00","727.70","715.40","717.80","1,400,355"
"12-Jan-2023","721.40","722.90","714.35","717.80","1,272,850"
"13-Jan-2023","721.00","723.60","714.40","718.80","1,310,587"
"16-Jan-2023","721.45","723.00","710.50","714.05","1,079,570"
"17-Jan-2023","715.00","723.00","713.60","719.20","1,349,682"
"18-Jan-2023","721.25","734.00","721.05","732.35","1,430,862"
"19-Jan-2023","732.00","748.85","730.00","747.55","3,553,403"
"20-Jan-2023","747.60","748.40","735.20","737.80","979,497"
"23-Jan-2023","742.95","753.45","738.20","749.45","2,526,843"
"24-Jan-2023","750.00","753.60","743.00","745.95","1,132,275"
"25-Jan-2023","744.00","746.75","735.25","737.95","1,865,988"
"27-Jan-2023","741.65","756.70","735.20","744.70","4,903,817"
"30-Jan-2023","748.75","750.55","737.60","745.15","1,189,091"
"31-Jan-2023","748.00","766.70","748.00","757.20","3,629,320"
"01-Feb-2023","765.10","771.60","730.00","742.15","3,623,038"
"02-Feb-2023","741.00","744.95","684.25","696.40","7,698,238"
"03-Feb-2023","701.10","718.00","697.50","715.70","2,601,859"
"06-Feb-2023","715.50","716.70","701.35","714.55","1,366,976"
"07-Feb-2023","715.40","716.95","701.15","709.25","1,571,287"
"08-Feb-2023","711.00","723.80","710.00","722.65","1,050,880"
"09-Feb-2023","721.05","722.75","714.05","717.10","1,097,590"
"10-Feb-2023","717.10","729.35","716.55","726.90","1,282,246"
"13-Feb-2023","730.00","736.40","725.00","733.80","1,265,376"
"14-Feb-2023","736.50","766.95","735.60","761.60","7,326,901"
"15-Feb-2023","760.95","770.40","759.20","769.35","2,786,352"
"16-Feb-2023","770.00","773.70","767.00","770.35","1,575,168"
"17-Feb-2023","763.00","780.00","763.00","770.15","2,374,926"
"20-Feb-2023","762.00","769.75","755.00","757.95","1,149,759"
"21-Feb-2023","761.75","764.10","744.30","747.15","1,964,019"
"22-Feb-2023","745.05","749.30","736.55","739.30","1,950,321"
"23-Feb-2023","743.00","756.65","740.00","745.15","2,936,268"
"24-Feb-2023","748.85","754.80","736.00","738.30","2,100,294"
"27-Feb-2023","736.00","738.00","704.00","708.30","2,252,550"
"28-Feb-2023","708.00","710.60","693.25","694.20","2,676,043"
"01-Mar-2023","699.20","714.45","694.55","713.30","1,835,234"
"02-Mar-2023","713.65","716.00","704.10","705.90","993,892"
"03-Mar-2023","709.00","714.85","704.85","710.00","1,154,106"
"06-Mar-2023","713.55","718.50","709.00","711.05","1,066,876"
"08-Mar-2023","702.05","717.65","702.05","716.70","1,007,033"
"09-Mar-2023","716.70","723.20","710.95","712.10","1,212,451"
"10-Mar-2023","710.00","714.90","705.05","711.65","1,344,227"
"13-Mar-2023","712.00","718.90","702.25","704.70","1,173,419"
"14-Mar-2023","708.25","709.00","687.60","697.65","1,690,322"
"15-Mar-2023","705.80","714.90","700.15","702.45","1,248,597"
"16-Mar-2023","705.85","705.85","692.05","696.40","713,926"
"17-Mar-2023","705.50","717.85","696.80","715.65","2,568,540"
"20-Mar-2023","714.00","714.70","700.25","708.10","913,310"
"21-Mar-2023","708.65","720.00","704.65","708.15","838,991"
"22-Mar-2023","710.00","717.20","710.00","716.15","569,287"
"23-Mar-2023","717.75","718.20","708.10","709.70","914,840"
"24-Mar-2023","713.80","713.80","694.20","696.90","982,591"
"27-Mar-2023","698.45","708.00","693.20","700.65","1,355,800"
"28-Mar-2023","704.15","715.50","702.40","714.65","2,618,934"
"29-Mar-2023","714.60","718.00","698.40","707.40","2,871,532"
"31-Mar-2023","705.00","722.45","705.00","717.65","1,383,231"
"03-Apr-2023","718.50","731.25","717.80","729.65","1,768,965"
"05-Apr-2023","729.65","736.20","725.90","732.30","1,500,202"
"06-Apr-2023","734.00","734.00","723.00","726.15","1,391,534"
"10-Apr-2023","729.95","739.00","727.30","737.75","883,124"
"11-Apr-2023","742.00","744.00","737.70","742.55","731,229"
"12-Apr-2023","746.00","747.70","736.00","739.90","1,347,769"
"13-Apr-2023","739.90","744.10","734.00","737.00","994,060"
"17-Apr-2023","742.95","744.50","732.00","737.15","1,043,080"
"18-Apr-2023","737.15","743.10","735.25","738.65","1,280,463"
"19-Apr-2023","741.90","741.90","731.50","735.95","1,012,743"
"20-Apr-2023","738.40","739.00","730.65","732.05","1,084,257"
"21-Apr-2023","732.50","743.90","731.00","734.70","1,829,162"
"24-Apr-2023","735.00","739.20","723.25","729.85","1,049,786"
"25-Apr-2023","719.90","721.20","705.30","714.65","3,407,713"
"26-Apr-2023","714.70","716.80","707.50","715.35","3,621,655"
"27-Apr-2023","716.30","730.75","716.30","727.20","2,470,510"
"28-Apr-2023","733.00","741.90","730.80","740.30","2,374,556"
"02-May-2023","744.30","759.95","743.55","752.50","2,225,369"
"03-May-2023","751.50","755.80","738.55","739.80","1,031,469"
"04-May-2023","740.25","742.75","728.15","731.50","1,655,943"
"05-May-2023","735.10","735.10","709.65","714.85","3,930,399"
"08-May-2023","718.70","725.00","700.45","715.40","6,201,290"
"09-May-2023","710.00","710.00","692.65","694.40","8,030,712"
"10-May-2023","695.80","695.80","677.30","679.70","5,803,203"
"11-May-2023","682.20","687.45","680.35","682.90","2,228,828"
"12-May-2023","685.05","685.80","673.00","678.20","1,805,619"
"15-May-2023","679.40","680.95","675.00","675.95","2,432,818"
"16-May-2023","677.00","677.85","671.00","672.85","1,866,298"
"17-May-2023","673.25","683.45","672.15","677.80","2,527,136"
"18-May-2023","679.00","681.80","672.15","673.35","1,408,554"
"19-May-2023","674.00","676.00","657.05","668.00","4,632,213"
"22-May-2023","668.00","672.05","661.95","670.40","2,116,815"
"23-May-2023","670.45","681.75","670.45","680.65","2,087,867"
"24-May-2023","680.65","684.80","674.00","682.25","1,920,527"
"25-May-2023","682.50","685.45","674.15","675.80","2,210,598"
"26-May-2023","676.00","688.95","676.00","688.10","2,131,442"
"29-May-2023","690.00","691.50","686.25","690.00","1,116,759"
"30-May-2023","691.00","694.00","684.10","689.05","900,153"
"31-May-2023","684.25","691.05","682.00","685.10","3,370,272"
"01-Jun-2023","685.00","685.10","676.50","677.95","2,470,088"
"02-Jun-2023","679.00","684.50","678.90","683.35","1,168,519"
"05-Jun-2023","689.00","691.50","684.65","690.00","1,227,013"
"06-Jun-2023","691.00","696.95","690.40","694.00","1,618,425"
"07-Jun-2023","697.00","697.75","692.80","693.95","1,147,072"
"08-Jun-2023","695.00","698.90","689.05","690.05","1,312,986"
"09-Jun-2023","692.00","692.40","677.80","680.25","1,411,515"
"12-Jun-2023","680.25","682.55","674.20","678.95","2,017,017"
"13-Jun-2023","676.10","684.00","676.10","682.25","2,175,343"
"14-Jun-2023","682.00","689.45","678.65","682.75","4,009,140"
"15-Jun-2023","682.75","688.00","676.65","680.80","1,890,165"
"16-Jun-2023","681.30","695.80","681.10","690.85","3,397,721"
"19-Jun-2023","694.95","696.00","681.50","685.60","1,510,117"
"20-Jun-2023","685.00","685.10","678.70","683.45","1,537,058"
"21-Jun-2023","683.50","687.00","682.05","686.10","1,194,618"
"22-Jun-2023","686.10","686.10","671.05","674.40","2,165,875"
"23-Jun-2023","674.75","675.75","665.50","666.85","1,884,124"
"26-Jun-2023","672.65","680.85","667.50","679.20","2,550,546"
"27-Jun-2023","679.00","681.00","672.10","674.35","1,844,795"
"28-Jun-2023","675.85","682.00","674.00","680.35","2,993,257"
"30-Jun-2023","681.00","688.25","681.00","687.55","1,756,332"
"03-Jul-2023","688.40","688.95","678.00","680.30","1,650,880"
"04-Jul-2023","684.90","688.55","675.80","676.95","1,707,986"
"05-Jul-2023","679.00","679.00","669.20","669.80","2,257,766"
"06-Jul-2023","671.00","674.00","669.50","672.75","1,668,647"
"07-Jul-2023","672.85","676.00","661.80","663.00","2,924,889"
"10-Jul-2023","666.50","666.50","658.85","660.10","1,532,305"
"11-Jul-2023","654.95","654.95","640.15","644.25","3,874,013"
"12-Jul-2023","647.85","651.20","642.50","643.85","2,355,259"
"13-Jul-2023","642.50","649.50","630.00","631.00","4,725,978"
"14-Jul-2023","632.00","640.10","631.50","639.55","2,430,626"
"17-Jul-2023","643.00","647.00","637.25","643.80","2,618,535"
"18-Jul-2023","645.60","646.00","638.35","639.95","3,048,982"
"19-Jul-2023","642.40","645.70","638.20","639.15","2,990,583"
"20-Jul-2023","642.00","643.70","637.00","639.40","2,365,174"
"21-Jul-2023","640.00","640.50","633.75","634.60","2,618,007"
"24-Jul-2023","637.80","637.80","630.70","632.15","1,626,647"
"25-Jul-2023","635.00","635.00","624.05","626.00","2,391,696"
"26-Jul-2023","628.00","635.85","627.55","631.90","1,885,345"
"27-Jul-2023","634.20","637.30","625.30","626.75","1,822,820"
"28-Jul-2023","628.00","630.45","622.25","625.15","1,972,225"
"31-Jul-2023","625.00","631.00","621.00","624.70","5,257,210"
"01-Aug-2023","621.00","628.30","611.00","625.70","7,565,764"
"02-Aug-2023","628.80","629.55","614.00","619.15","2,977,294"
"03-Aug-2023","612.50","612.50","590.10","600.45","6,714,021"
"04-Aug-2023","604.50","607.35","600.45","603.35","1,698,361"
"07-Aug-2023","604.50","609.75","604.00","606.80","1,586,290"
"08-Aug-2023","608.40","608.90","602.15","604.35","2,297,368"
"09-Aug-2023","604.00","616.90","602.80","615.20","4,701,339"
"10-Aug-2023","615.95","618.90","606.25","609.65","2,552,655"
"11-Aug-2023","611.00","611.90","598.05","599.70","1,772,170"
"14-Aug-2023","600.00","600.50","586.00","590.30","2,087,103"
"16-Aug-2023","590.30","593.00","583.00","589.80","1,504,238"
"17-Aug-2023","589.00","591.30","584.00","584.95","1,816,344"
"18-Aug-2023","584.00","587.65","576.95","578.45","2,394,208"
"21-Aug-2023","582.00","590.00","580.10","585.70","1,884,006"
"22-Aug-2023","590.00","590.00","583.00","583.85","1,199,386"
"23-Aug-2023","585.00","587.95","583.35","585.75","1,218,953"
"24-Aug-2023","589.00","593.85","585.00","586.40","1,673,004"
"25-Aug-2023","585.00","588.75","580.00","583.20","1,132,264"
"28-Aug-2023","583.20","587.55","582.00","585.15","1,005,968"
"29-Aug-2023","589.50","601.00","589.00","597.60","6,318,164"
"30-Aug-2023","600.00","607.50","598.60","599.90","3,729,681"
"31-Aug-2023","601.95","602.10","590.25","591.15","7,321,307"
"01-Sep-2023","593.00","604.55","591.00","603.00","2,466,406"
"04-Sep-2023","605.00","608.85","599.25","607.45","4,215,928"
"05-Sep-2023","608.10","612.25","603.80","608.05","3,465,504"
"06-Sep-2023","609.00","611.00","603.85","609.35","2,896,499"
"07-Sep-2023","609.30","615.90","607.05","612.30","3,079,054"
"08-Sep-2023","614.45","614.90","606.00","606.80","2,137,652"
"11-Sep-2023","610.00","619.35","608.10","617.95","3,724,960"
"12-Sep-2023","621.95","622.35","602.35","604.50","2,923,292"
"13-Sep-2023","605.00","610.80","603.60","608.30","1,430,448"
"14-Sep-2023","610.95","633.50","610.00","631.75","9,184,356"
"15-Sep-2023","634.80","635.50","627.65","634.65","3,745,966"
"18-Sep-2023","634.65","639.05","628.00","630.10","2,579,565"
"20-Sep-2023","625.05","628.30","620.50","622.50","2,474,148"
"21-Sep-2023","627.00","635.00","622.10","625.05","3,925,418"
"22-Sep-2023","627.45","629.50","612.60","614.80","1,850,344"
"25-Sep-2023","614.80","624.80","613.10","616.95","2,303,387"
"26-Sep-2023","616.95","623.00","615.00","617.55","1,906,824"
"27-Sep-2023","617.60","618.55","609.05","615.10","2,018,781"
"28-Sep-2023","615.10","618.90","602.55","605.00","2,158,105"
"29-Sep-2023","614.00","621.50","609.25","616.25","2,002,347"
"03-Oct-2023","615.95","615.95","606.05","607.00","2,407,302"
"04-Oct-2023","605.00","606.75","597.80","603.05","1,922,433"
"05-Oct-2023","606.20","609.40","601.85","604.30","1,413,612"
"06-Oct-2023","607.60","613.00","605.00","612.15","1,750,968"
"09-Oct-2023","606.55","610.95","598.30","609.95","1,866,768"
"10-Oct-2023","610.00","625.50","609.15","621.80","3,281,868"
"11-Oct-2023","625.90","629.60","623.90","627.75","2,053,212"
"12-Oct-2023","629.15","629.40","619.70","620.60","1,645,852"
"13-Oct-2023","618.85","625.15","616.40","623.05","1,171,758"
"16-Oct-2023","622.00","633.00","621.40","630.95","1,917,226"
"17-Oct-2023","634.90","634.90","624.00","624.90","1,462,594"
"18-Oct-2023","625.00","628.25","618.30","620.55","1,222,311"
"19-Oct-2023","614.40","617.70","607.30","613.55","1,842,555"
"20-Oct-2023","613.00","613.00","602.00","603.45","1,174,201"
"23-Oct-2023","603.00","608.00","585.10","586.70","2,109,981"
"25-Oct-2023","586.70","592.75","577.85","580.15","2,986,843"
"26-Oct-2023","580.15","580.95","560.00","561.05","4,015,200"
"27-Oct-2023","565.00","566.75","556.30","558.65","2,425,358"
"30-Oct-2023","560.00","563.20","531.90","538.65","7,164,172"
"31-Oct-2023","534.95","543.70","528.15","540.50","5,210,230"
"01-Nov-2023","531.60","540.60","529.55","532.05","3,767,073"
"02-Nov-2023","535.35","542.55","535.00","540.75","1,797,928"
"03-Nov-2023","544.95","551.90","544.00","550.30","1,809,034"
"06-Nov-2023","552.05","555.45","548.40","554.70","1,069,714"
"07-Nov-2023","553.95","556.05","550.50","552.00","1,479,349"
"08-Nov-2023","555.90","557.80","553.10","555.70","1,190,583"
"09-Nov-2023","555.70","557.80","548.80","550.40","1,794,405"
"10-Nov-2023","550.00","550.40","545.00","547.15","1,414,936"
"12-Nov-2023","555.00","557.85","550.25","555.75","467,170"
"13-Nov-2023","555.00","556.50","550.10","552.70","1,449,034"
"15-Nov-2023","557.00","564.75","556.35","561.80","1,766,163"
"16-Nov-2023","561.75","563.60","556.00","560.85","2,112,355"
"17-Nov-2023","560.35","565.70","558.65","561.75","1,787,739"
"20-Nov-2023","561.75","563.95","554.80","556.70","1,079,422"
"21-Nov-2023","556.60","564.00","556.50","563.05","1,333,644"
"22-Nov-2023","564.90","569.55","563.10","565.90","2,648,583"
"23-Nov-2023","568.05","571.70","565.05","565.90","1,264,347"
"24-Nov-2023","565.50","568.35","558.05","558.95","868,199"
"28-Nov-2023","558.95","564.85","556.15","563.55","1,284,890"
"29-Nov-2023","565.00","571.90","563.10","570.05","1,780,095"
"30-Nov-2023","570.00","572.90","566.20","570.65","3,931,052"
"01-Dec-2023","570.65","575.95","569.05","575.15","1,811,072"
"04-Dec-2023","578.50","584.85","577.00","578.90","3,025,773"
"05-Dec-2023","578.50","583.90","576.85","581.40","1,870,544"
"06-Dec-2023","583.00","596.30","583.00","588.55","3,437,918"
"07-Dec-2023","594.00","594.00","585.50","586.55","1,824,646"
"08-Dec-2023","590.00","595.90","580.25","585.20","2,175,978"
"11-Dec-2023","585.00","603.70","583.55","602.40","4,467,164"
"12-Dec-2023","606.00","606.75","595.85","597.70","2,339,706"
"13-Dec-2023","601.00","602.70","592.80","599.35","2,110,586"
"14-Dec-2023","603.05","604.00","596.50","599.15","2,026,994"
"15-Dec-2023","601.45","612.80","601.45","610.85","4,941,179"
"18-Dec-2023","613.80","614.75","605.00","606.55","1,685,280"
"19-Dec-2023","607.00","612.00","597.85","598.75","2,396,755"
"20-Dec-2023","605.00","605.00","569.00","572.15","5,509,320"
"21-Dec-2023","572.15","579.95","565.70","577.40","3,089,260"
"22-Dec-2023","581.00","585.75","577.40","581.65","2,464,945"
"26-Dec-2023","587.90","595.00","585.00","586.10","3,443,852"
"27-Dec-2023","590.10","592.30","581.10","583.20","2,155,491"
"28-Dec-2023","585.90","591.00","582.00","589.45","2,270,681"
"29-Dec-2023","592.00","592.00","585.05","587.25","2,223,633"
"01-Jan-2024","588.00","599.90","587.20","592.70","2,825,708"
"02-Jan-2024","593.00","603.80","589.05","594.45","3,406,640"
"03-Jan-2024","595.35","596.80","585.30","586.85","2,435,233"
"04-Jan-2024","587.00","589.20","582.65","587.65","3,606,404"
"05-Jan-2024","589.30","590.95","576.50","581.25","2,433,275"
"08-Jan-2024","581.00","582.80","560.05","560.90","5,345,743"
"09-Jan-2024","566.00","567.95","553.25","558.15","3,590,645"
"10-Jan-2024","561.00","561.75","551.90","558.60","2,204,496"
"11-Jan-2024","561.95","566.15","560.55","562.25","1,620,693"
"12-Jan-2024","566.10","568.35","562.40","565.10","1,441,096"
"15-Jan-2024","568.00","571.65","564.50","567.75","1,659,661"
"16-Jan-2024","568.00","569.20","560.50","564.50","1,653,823"
"17-Jan-2024","561.00","562.50","549.60","551.00","4,724,845"
"18-Jan-2024","550.00","552.00","539.15","544.20","3,512,857"
"19-Jan-2024","549.00","557.20","542.75","553.40","2,415,540"
"20-Jan-2024","556.95","557.40","551.60","552.45","811,281"
"23-Jan-2024","558.45","558.45","533.55","535.10","2,849,229"
"24-Jan-2024","539.90","547.00","535.10","545.75","1,386,191"
"25-Jan-2024","545.75","547.60","536.00","537.30","1,723,625"
"29-Jan-2024","542.20","542.70","534.40","539.65","2,162,690"
"30-Jan-2024","541.90","547.50","534.40","535.25","1,912,294"
"31-Jan-2024","538.90","542.75","534.10","537.70","3,570,913"
"01-Feb-2024","536.30","539.00","526.50","530.05","3,662,000"
"02-Feb-2024","533.90","540.65","529.25","533.65","4,224,992"
"05-Feb-2024","524.00","525.00","470.05","474.00","23,096,694"
"06-Feb-2024","476.20","486.00","468.30","481.85","6,661,787"
"07-Feb-2024","484.00","485.00","477.25","477.80","3,069,307"
"08-Feb-2024","480.00","481.80","463.55","464.85","5,214,678"
"09-Feb-2024","467.90","467.90","453.30","457.95","5,881,661"
"12-Feb-2024","461.80","465.80","455.05","458.40","4,404,671"
"13-Feb-2024","462.05","479.95","452.15","479.10","7,706,461"
"14-Feb-2024","479.20","482.40","472.25","481.40","3,210,526"
"15-Feb-2024","486.90","490.45","484.70","487.35","3,568,439"
"16-Feb-2024","484.05","494.20","481.05","490.90","3,374,827"
"19-Feb-2024","493.70","500.00","491.55","497.55","3,383,768"
"20-Feb-2024","497.60","505.45","495.25","498.05","3,033,673"
"21-Feb-2024","499.00","500.20","490.95","492.15","1,697,299"
"22-Feb-2024","493.30","494.20","484.05","492.30","2,881,064"
"23-Feb-2024","494.00","496.60","487.90","488.70","1,341,328"
"26-Feb-2024","488.60","493.10","485.75","489.15","2,253,561"
"27-Feb-2024","489.90","491.50","481.50","484.60","2,920,314"
"28-Feb-2024","484.20","486.00","474.00","475.90","1,572,519"
"29-Feb-2024","472.00","475.00","466.80","469.70","5,632,071"
"01-Mar-2024","474.00","477.90","471.15","474.55","2,877,161"
"02-Mar-2024","475.40","479.25","472.15","476.05","206,786"
"04-Mar-2024","476.05","480.15","470.00","474.25","1,820,722"
"05-Mar-2024","474.00","491.05","473.50","474.25","6,182,475"
"06-Mar-2024","476.95","477.50","464.50","473.20","3,213,293"
"07-Mar-2024","475.00","485.95","474.85","482.30","5,420,581"
"11-Mar-2024","485.10","488.00","475.50","476.55","2,888,338"
"12-Mar-2024","478.70","478.95","472.35","474.05","3,030,937"
"13-Mar-2024","474.05","476.80","450.05","451.90","3,446,385"
"14-Mar-2024","451.85","464.20","447.80","462.10","2,505,609"
"15-Mar-2024","462.20","477.50","459.45","475.15","6,120,565"
"18-Mar-2024","475.00","475.00","463.00","466.05","2,951,978"
"19-Mar-2024","464.00","471.45","460.25","461.05","2,538,838"
"20-Mar-2024","461.00","464.70","449.25","455.45","3,018,788"
"21-Mar-2024","457.00","461.95","452.25","455.55","3,138,092"
"22-Mar-2024","455.60","474.35","455.00","470.00","7,019,704"
"26-Mar-2024","468.00","471.10","464.35","465.40","5,072,326"
"27-Mar-2024","465.00","467.20","453.45","455.50","27,876,181"
"28-Mar-2024","458.45","459.70","452.10","456.00","5,435,115"
"01-Apr-2024","460.00","468.35","458.45","466.20","2,840,448"
"02-Apr-2024","463.00","476.95","461.00","475.25","5,564,890"
"03-Apr-2024","475.00","482.95","470.50","476.70","4,788,697"
"04-Apr-2024","480.00","496.75","473.10","492.95","9,778,795"
"05-Apr-2024","499.50","500.60","489.90","494.35","6,753,966"
"08-Apr-2024","500.55","500.55","483.05","489.05","4,603,981"
"09-Apr-2024","492.70","496.50","486.80","489.85","2,166,661"
"10-Apr-2024","490.50","509.00","489.40","504.30","7,937,541"
"12-Apr-2024","505.55","511.10","500.50","502.05","5,337,775"
"15-Apr-2024","495.00","499.55","486.50","489.95","4,994,330"
"16-Apr-2024","488.05","492.00","483.05","484.65","3,104,362"
"18-Apr-2024","488.30","492.85","476.20","478.40","2,706,609"
"19-Apr-2024","473.25","489.95","466.55","487.55","3,209,153"
"22-Apr-2024","492.00","494.60","487.60","493.40","1,860,795"
"23-Apr-2024","494.90","500.60","492.25","495.50","3,014,860"
"24-Apr-2024","495.85","503.90","495.60","498.45","1,683,615"
"25-Apr-2024","499.00","506.95","496.35","505.90","4,660,938"
"26-Apr-2024","509.00","513.90","502.50","508.45","2,825,380"
"29-Apr-2024","510.95","510.95","504.50","507.05","2,501,739"
"30-Apr-2024","506.90","513.70","506.30","507.15","3,509,055"
"02-May-2024","508.10","510.40","497.30","498.20","2,405,482"
"03-May-2024","500.85","503.95","490.05","493.60","2,196,892"
"06-May-2024","495.25","498.30","481.10","483.40","3,652,474"
"07-May-2024","485.00","486.45","470.40","474.10","4,535,131"
"08-May-2024","475.50","479.95","471.15","477.85","1,861,827"
"09-May-2024","477.85","482.25","464.35","466.45","2,726,979"
"10-May-2024","471.00","505.00","464.45","501.90","6,834,995"
"13-May-2024","502.45","540.00","502.45","534.10","27,039,443"
"14-May-2024","531.80","531.80","501.65","510.05","15,011,896"
"15-May-2024","512.95","521.30","510.05","514.80","4,234,215"
"16-May-2024","516.15","519.80","505.85","510.00","2,398,088"
"17-May-2024","510.10","515.30","510.10","511.25","1,911,312"
"18-May-2024","515.35","515.35","510.05","511.40","213,106"
"21-May-2024","508.50","514.00","508.50","512.10","2,372,489"
"22-May-2024","514.00","522.05","510.35","515.55","2,807,354"
"23-May-2024","515.55","517.70","507.20","510.85","1,824,121"
"24-May-2024","516.50","522.00","513.40","515.80","4,320,492"
"27-May-2024","518.40","529.65","516.85","524.95","6,701,240"
"28-May-2024","527.50","529.00","516.10","517.50","2,462,629"
"29-May-2024","519.00","522.60","515.50","517.25","2,522,672"
"30-May-2024","516.70","518.35","505.00","506.10","1,828,288"
"31-May-2024","508.00","517.90","506.85","508.80","8,552,013"
"03-Jun-2024","517.00","531.25","514.00","528.15","5,297,460"
"04-Jun-2024","529.75","529.75","478.00","495.95","4,202,540"
"05-Jun-2024","505.05","531.95","496.10","528.45","3,690,376"
"06-Jun-2024","529.80","545.50","527.70","537.40","6,939,999"
"07-Jun-2024","541.90","542.90","534.20","539.75","2,223,919"
"10-Jun-2024","542.65","555.60","532.10","551.50","6,964,090"
"11-Jun-2024","550.20","557.30","543.30","554.30","4,059,315"
"12-Jun-2024","555.40","558.60","548.50","550.05","2,173,771"
"13-Jun-2024","551.70","561.85","547.25","557.70","3,845,237"
"14-Jun-2024","557.70","559.80","549.70","551.70","2,022,269"
"18-Jun-2024","554.00","557.60","550.10","556.15","1,587,670"
"19-Jun-2024","560.00","568.45","550.70","557.30","6,124,293"
"20-Jun-2024","557.30","577.70","554.60","569.00","7,472,902"
"21-Jun-2024","574.35","574.35","561.25","565.95","5,890,175"
"24-Jun-2024","562.00","578.70","551.10","572.10","5,572,012"
"25-Jun-2024","573.00","576.80","567.00","571.10","1,985,056"
"26-Jun-2024","570.90","576.00","564.65","570.35","2,354,064"
"27-Jun-2024","570.20","574.60","559.25","567.85","1,627,135"
"28-Jun-2024","568.00","576.00","566.50","570.85","1,535,016"
"01-Jul-2024","570.05","574.70","567.30","573.45","1,451,065"
"02-Jul-2024","574.10","580.30","561.90","566.65","2,781,201"
"03-Jul-2024","567.50","576.00","567.20","572.15","1,898,741"
"04-Jul-2024","575.00","579.95","568.65","570.45","2,148,117"
"05-Jul-2024","570.80","573.90","567.70","572.70","1,072,378"
"08-Jul-2024","572.70","574.80","562.15","567.40","2,695,359"
"09-Jul-2024","568.00","572.30","563.00","563.95","1,427,039"
"10-Jul-2024","566.05","569.95","547.35","559.80","2,033,444"
"11-Jul-2024","560.85","566.40","555.10","557.70","3,781,459"
"12-Jul-2024","560.45","570.95","558.10","563.65","3,741,532"
"15-Jul-2024","566.00","567.50","560.80","565.05","1,699,641"
"16-Jul-2024","566.00","572.00","555.50","557.30","1,674,706"
"18-Jul-2024","557.30","561.00","554.95","558.65","1,258,371"
"19-Jul-2024","558.65","560.25","541.25","542.60","1,483,516"
"22-Jul-2024","540.00","558.20","532.85","545.45","2,445,572"
"23-Jul-2024","548.00","553.35","522.30","540.40","2,813,862"
"24-Jul-2024","536.30","543.45","535.00","537.05","1,398,404"
"25-Jul-2024","532.00","534.80","525.40","529.45","1,833,988"
"26-Jul-2024","529.15","545.00","529.10","544.15","1,488,053"
"29-Jul-2024","548.05","566.50","545.50","553.15","4,404,641"
"30-Jul-2024","553.60","568.80","552.50","564.90","2,046,419"
"31-Jul-2024","569.90","573.70","565.10","572.05","2,390,519"
"01-Aug-2024","575.00","577.00","557.10","560.45","1,900,787"
"02-Aug-2024","555.00","563.95","531.45","537.60","6,452,127"
"05-Aug-2024","520.00","551.50","520.00","528.30","8,199,938"
"06-Aug-2024","533.00","549.90","531.20","533.55","3,839,963"
"07-Aug-2024","539.00","549.00","535.55","546.70","2,623,663"
"08-Aug-2024","546.75","555.80","544.05","547.80","2,763,841"
"09-Aug-2024","558.50","562.00","550.65","554.60","2,061,454"
"12-Aug-2024","552.50","568.95","546.65","565.10","3,191,587"
"13-Aug-2024","566.00","566.10","550.80","552.05","1,666,599"
"14-Aug-2024","552.50","553.90","540.40","542.85","1,066,850"
"16-Aug-2024","542.85","554.40","539.60","553.35","1,635,134"
"19-Aug-2024","553.00","563.55","551.65","560.60","2,412,431"
"20-Aug-2024","560.60","567.00","560.10","566.15","1,194,020"
"21-Aug-2024","566.00","572.80","563.00","568.30","2,235,790"
"22-Aug-2024","570.00","587.90","568.25","579.15","6,309,020"
"23-Aug-2024","584.70","584.80","572.00","573.70","1,995,012"
"26-Aug-2024","578.90","578.90","572.10","577.45","1,283,196"
"27-Aug-2024","584.35","587.75","578.25","582.95","2,705,825"
"28-Aug-2024","585.00","585.90","575.55","578.05","1,369,570"
"29-Aug-2024","576.95","581.90","571.00","577.80","1,530,143"
"30-Aug-2024","584.00","604.00","582.00","598.35","7,616,878"
"02-Sep-2024","602.00","607.20","593.00","599.50","3,640,344"
"03-Sep-2024","600.00","605.95","596.00","602.20","2,147,598"
"04-Sep-2024","599.95","610.90","593.05","607.85","3,139,837"
"05-Sep-2024","612.00","622.95","606.80","618.70","3,431,993"
"06-Sep-2024","616.95","623.70","607.25","609.80","3,569,845"
"09-Sep-2024","606.00","610.80","601.10","604.40","2,334,227"
"10-Sep-2024","609.90","620.00","605.25","619.20","1,638,324"
"11-Sep-2024","618.80","619.10","609.00","611.00","1,421,907"
"12-Sep-2024","614.00","616.45","608.70","614.85","1,707,391"
"13-Sep-2024","616.00","616.95","610.25","611.40","1,237,013"
"16-Sep-2024","614.90","615.50","606.70","613.80","1,186,044"
"17-Sep-2024","615.00","615.80","609.30","610.65","1,165,443"
"18-Sep-2024","610.90","614.75","598.95","605.10","1,728,906"
"19-Sep-2024","605.10","612.75","582.55","594.80","2,721,915"
"20-Sep-2024","594.95","602.70","585.60","587.10","5,717,560"
"23-Sep-2024","589.40","593.75","584.05","592.80","2,106,715"
"24-Sep-2024","593.80","606.75","587.00","603.75","2,301,515"
"25-Sep-2024","600.10","606.45","597.10","599.55","2,193,166"
"26-Sep-2024","602.00","604.15","593.60","601.10","1,948,570"
"27-Sep-2024","601.10","616.50","600.00","610.65","1,893,789"
"30-Sep-2024","610.65","617.90","607.65","613.15","1,686,660"
"01-Oct-2024","612.00","625.00","610.80","621.20","2,317,620"
"03-Oct-2024","618.80","623.70","601.00","605.45","2,181,886"
"04-Oct-2024","608.90","612.95","596.60","599.30","1,780,533"
"07-Oct-2024","602.40","605.50","576.00","580.30","3,393,703"
"08-Oct-2024","577.70","585.55","573.35","576.80","3,035,568"
"09-Oct-2024","579.05","584.65","575.20","577.60","881,946"
"10-Oct-2024","580.00","593.65","580.00","584.40","1,378,203"
"11-Oct-2024","585.65","589.30","578.75","583.05","568,562"
"14-Oct-2024","585.00","586.90","573.20","578.65","1,308,354"
"15-Oct-2024","579.90","580.85","569.15","574.10","1,611,364"
"16-Oct-2024","573.00","576.40","564.05","568.85","1,303,677"
"17-Oct-2024","568.00","570.50","551.10","553.70","1,577,470"
"18-Oct-2024","554.00","557.75","542.60","555.25","1,402,020"
"21-Oct-2024","557.05","563.35","543.05","545.45","2,757,430"
"22-Oct-2024","545.00","547.50","528.00","530.35","2,074,618"
"23-Oct-2024","529.10","538.75","521.10","531.75","1,624,355"
"24-Oct-2024","536.00","540.85","526.30","535.00","1,554,879"
"25-Oct-2024","535.90","536.85","517.45","521.95","1,390,234"
"28-Oct-2024","520.05","541.25","520.05","531.80","1,080,853"
"29-Oct-2024","531.80","538.20","524.50","534.65","1,053,752"
"30-Oct-2024","533.00","552.40","527.65","546.25","1,751,552"
"31-Oct-2024","546.25","555.95","542.00","553.65","1,171,233"
"01-Nov-2024","553.65","562.00","553.65","558.40","163,230"
"04-Nov-2024","555.10","559.90","539.80","552.65","1,334,874"
"05-Nov-2024","552.00","561.85","549.05","559.05","894,138"
"06-Nov-2024","559.10","569.00","554.30","567.25","1,491,608"
"07-Nov-2024","569.90","575.45","564.70","567.15","886,267"
"08-Nov-2024","569.95","572.95","555.05","557.60","696,687"
"11-Nov-2024","553.15","553.20","510.00","515.15","9,914,435"
"12-Nov-2024","530.00","552.80","524.00","527.75","9,415,040"
"13-Nov-2024","528.00","530.50","504.30","515.40","3,436,328"
"14-Nov-2024","519.90","532.80","509.45","525.80","3,741,207"
"18-Nov-2024","528.50","541.80","514.65","536.90","3,036,277"
"19-Nov-2024","533.10","555.55","531.85","546.80","2,877,510"
"21-Nov-2024","544.00","565.65","536.85","555.75","10,011,530"
"22-Nov-2024","555.75","569.95","545.85","566.40","3,455,747"
"25-Nov-2024","570.00","578.40","566.60","568.55","5,873,405"
"26-Nov-2024","545.00","558.75","541.10","551.75","2,645,846"
"27-Nov-2024","553.00","554.30","539.00","548.20","1,703,921"
"28-Nov-2024","548.20","557.15","545.00","546.90","1,748,362"
"29-Nov-2024","546.50","547.90","538.25","545.00","1,465,623"
"02-Dec-2024","546.90","558.00","540.55","555.05","1,687,736"
"03-Dec-2024","556.00","566.90","553.60","563.10","2,073,190"
"04-Dec-2024","565.80","572.70","563.50","567.95","2,218,877"
"05-Dec-2024","568.90","569.75","552.00","558.20","2,006,983"
"06-Dec-2024","557.85","566.25","556.00","562.65","2,970,258"
"09-Dec-2024","559.80","562.25","552.05","555.40","2,922,928"
"10-Dec-2024","554.85","557.60","548.60","549.95","2,949,316"
"11-Dec-2024","552.00","566.70","551.05","552.00","5,334,736"
"12-Dec-2024","553.95","554.85","542.95","547.45","1,581,082"
"13-Dec-2024","547.45","551.25","535.70","550.25","2,242,153"
"16-Dec-2024","549.80","551.50","542.70","547.95","1,210,467"
"17-Dec-2024","544.10","552.00","536.65","538.40","1,637,281"
"18-Dec-2024","538.80","543.85","531.30","532.25","1,208,566"
"19-Dec-2024","524.00","525.55","517.35","518.35","1,187,222"
"20-Dec-2024","520.00","522.60","501.50","504.50","2,851,827"
"23-Dec-2024","505.55","510.15","496.00","507.70","1,178,165"
"24-Dec-2024","507.00","512.50","501.70","504.50","949,150"
"26-Dec-2024","503.10","507.05","495.85","499.65","1,427,526"
"27-Dec-2024","498.00","519.65","497.40","502.05","1,670,587"
"30-Dec-2024","502.00","508.35","497.00","500.75","2,019,209"
"31-Dec-2024","497.05","505.45","493.00","501.00","1,217,836"
"01-Jan-2025","498.45","501.85","497.20","500.50","588,602"
"02-Jan-2025","500.00","511.90","499.85","509.45","1,552,787"
"03-Jan-2025","508.50","533.25","508.50","529.55","2,888,197"
"06-Jan-2025","525.00","535.45","516.10","521.30","2,241,869"
"07-Jan-2025","521.00","548.65","520.00","544.45","4,787,940"
"08-Jan-2025","541.15","543.40","531.65","539.55","1,559,514"
"09-Jan-2025","541.95","554.65","539.70","545.45","2,805,890"
"10-Jan-2025","545.90","555.75","534.50","548.85","1,992,839"
"13-Jan-2025","546.25","549.00","530.95","533.65","1,770,971"
"14-Jan-2025","534.95","542.95","531.30","541.85","1,831,287"
"15-Jan-2025","544.90","552.00","543.15","546.90","901,487"
"16-Jan-2025","546.95","552.95","545.25","546.30","813,698"
"17-Jan-2025","545.00","557.65","543.50","551.70","1,461,267"
"20-Jan-2025","551.70","555.00","545.35","552.85","812,869"
"21-Jan-2025","557.00","559.90","543.50","544.25","1,708,101"
"22-Jan-2025","548.00","548.00","531.60","542.70","1,191,929"
"23-Jan-2025","542.50","559.75","542.05","557.85","1,477,011"
"24-Jan-2025","559.95","560.45","550.00","552.00","1,591,661"
"27-Jan-2025","548.95","550.40","536.20","542.35","2,486,727"
"28-Jan-2025","546.00","546.50","536.10","538.65","2,048,155"
"29-Jan-2025","542.00","555.95","539.30","553.10","2,181,049"
"30-Jan-2025","556.00","578.30","554.60","566.95","2,784,958"
"31-Jan-2025","573.00","617.80","567.75","603.75","8,663,742"
"01-Feb-2025","609.80","617.80","597.05","604.00","5,961,908"
"03-Feb-2025","610.00","636.80","607.55","630.25","12,713,558"
"04-Feb-2025","637.50","641.55","625.00","636.90","3,541,038"
"05-Feb-2025","636.00","649.45","632.00","645.45","3,372,838"
"06-Feb-2025","644.00","646.85","626.45","644.75","3,885,141"
"07-Feb-2025","642.05","648.70","635.10","641.35","2,340,663"
"10-Feb-2025","641.25","643.00","631.80","634.95","1,932,363"
"11-Feb-2025","635.00","636.80","608.20","610.70","2,525,324"
"12-Feb-2025","610.70","624.30","594.45","620.50","2,315,031"
"13-Feb-2025","620.50","638.90","615.00","629.75","3,181,044"
"14-Feb-2025","631.00","633.90","610.25","618.35","3,746,024"
"17-Feb-2025","618.20","633.75","609.90","632.20","1,481,549"
"18-Feb-2025","633.00","634.35","625.20","630.80","1,409,475"
"19-Feb-2025","629.85","651.70","621.00","650.05","2,762,726"
"20-Feb-2025","650.05","653.95","644.25","647.25","2,142,244"
"21-Feb-2025","648.00","658.25","637.40","646.35","1,366,273"
"24-Feb-2025","643.75","648.95","638.30","645.20","1,293,274"
"25-Feb-2025","648.10","657.30","645.00","647.50","1,581,083"
"27-Feb-2025","648.00","648.35","634.20","643.65","2,717,730"
"28-Feb-2025","635.00","641.00","619.50","632.95","4,676,015"
"03-Mar-2025","628.10","634.15","611.25","616.70","3,273,667"
"04-Mar-2025","607.00","619.60","607.00","613.40","1,557,537"
"05-Mar-2025","615.00","630.20","614.15","627.85","2,367,281"
"06-Mar-2025","634.90","639.25","622.70","624.70","1,617,185"
"07-Mar-2025","624.55","642.70","620.40","629.85","2,073,888"
"10-Mar-2025","631.45","637.00","611.85","615.45","1,428,305"
"11-Mar-2025","613.45","618.85","602.35","615.05","1,564,110"
"12-Mar-2025","617.95","620.15","599.95","608.05","1,815,285"
"13-Mar-2025","610.90","614.40","600.40","601.45","1,476,114"
"17-Mar-2025","601.45","627.90","601.45","626.15","2,377,362"
"18-Mar-2025","630.00","636.75","623.15","635.20","2,132,031"
"19-Mar-2025","641.00","648.00","636.90","646.30","1,533,871"
"20-Mar-2025","648.95","651.45","644.10","646.85","1,272,076"
"21-Mar-2025","649.00","671.30","645.65","658.85","5,231,169"
"24-Mar-2025","667.95","668.80","657.40","658.45","1,878,198"
"25-Mar-2025","663.90","663.90","648.10","653.00","988,124"
"26-Mar-2025","652.00","656.85","644.00","652.40","1,570,129"
"27-Mar-2025","650.00","663.75","649.95","656.40","3,398,420"
"28-Mar-2025","656.65","660.40","624.00","636.25","4,421,109"
"01-Apr-2025","621.30","641.80","621.30","634.75","1,451,347"
"02-Apr-2025","631.90","656.10","630.85","654.45","1,932,828"
"03-Apr-2025","642.80","653.70","636.05","651.25","2,635,192"
"04-Apr-2025","649.50","655.40","631.15","637.70","2,529,542"
"07-Apr-2025","595.00","624.10","588.85","614.45","2,010,970"
"08-Apr-2025","619.00","628.10","610.10","614.50","1,696,619"
"09-Apr-2025","614.00","615.80","601.20","614.25","1,911,793"
"11-Apr-2025","622.00","645.55","620.10","638.85","2,007,695"
"15-Apr-2025","649.00","661.90","638.85","658.00","2,242,497"
"16-Apr-2025","660.00","665.40","654.55","659.65","2,228,299"
"17-Apr-2025","659.65","664.95","650.75","656.20","1,595,004"
"21-Apr-2025","656.25","672.90","653.70","671.15","3,468,794"
"22-Apr-2025","673.45","681.15","666.10","672.70","3,727,936"
"23-Apr-2025","672.00","682.00","662.05","679.90","2,856,974"
"24-Apr-2025","679.55","687.00","675.45","684.20","2,692,652"
"25-Apr-2025","683.75","692.20","656.55","661.85","3,157,081"
"28-Apr-2025","662.00","679.40","661.35","678.30","1,423,133"
"29-Apr-2025","680.00","686.90","666.70","669.60","1,676,069"
"30-Apr-2025","668.10","678.15","663.95","669.90","1,402,279"
"02-May-2025","671.00","692.80","670.55","680.80","2,812,460"
"05-May-2025","687.00","688.95","682.00","686.50","1,475,543"
"06-May-2025","687.95","691.45","674.95","679.05","1,859,488"
"07-May-2025","675.10","689.00","674.30","688.00","1,328,953"
"08-May-2025","682.10","689.40","645.95","656.50","2,451,225"
"09-May-2025","638.00","682.00","638.00","674.75","3,184,067"
"12-May-2025","686.00","699.45","662.00","676.85","8,755,697"
"13-May-2025","676.90","678.00","638.05","642.85","8,899,680"
"14-May-2025","645.30","646.15","634.00","636.90","4,545,306"
"15-May-2025","637.95","647.70","635.75","644.65","2,336,733"
"16-May-2025","646.00","648.50","638.75","644.20","1,281,048"
"19-May-2025","645.10","654.80","643.75","645.50","1,713,111"
"20-May-2025","647.50","647.95","626.70","628.70","3,503,829"
"21-May-2025","628.70","641.05","623.60","638.40","2,454,859"
"22-May-2025","638.90","638.90","627.80","631.95","1,078,155"
"23-May-2025","632.60","634.90","628.25","630.50","1,018,062"
"26-May-2025","632.00","636.20","629.90","632.05","771,488"
"27-May-2025","632.50","635.90","627.00","630.35","1,156,383"
"28-May-2025","631.45","638.60","629.55","630.75","937,885"
"29-May-2025","632.00","635.00","626.00","631.00","1,382,432"
"30-May-2025","631.00","633.95","618.00","627.90","5,123,450"
"02-Jun-2025","627.90","637.50","620.75","636.35","1,624,690"
"03-Jun-2025","638.00","638.35","632.30","635.35","1,764,731"
"04-Jun-2025","635.50","646.35","633.55","642.55","1,302,307"
"05-Jun-2025","646.80","649.50","642.00","646.90","1,701,494"
"06-Jun-2025","649.00","649.80","641.00","642.85","580,732"
"09-Jun-2025","650.00","651.55","636.60","639.10","1,514,278"
"10-Jun-2025","643.95","643.95","638.00","639.60","956,125"
"11-Jun-2025","641.00","641.40","631.50","635.85","976,204"
"12-Jun-2025","635.85","642.00","631.00","632.40","1,097,714"
"13-Jun-2025","627.80","637.95","623.05","632.50","1,518,780"
"16-Jun-2025","631.95","645.30","630.00","643.75","1,187,428"
"17-Jun-2025","645.00","653.35","642.50","646.10","2,269,496"
"18-Jun-2025","646.10","649.80","637.00","638.25","1,066,778"
"19-Jun-2025","639.00","640.00","629.00","630.95","1,272,286"
"20-Jun-2025","628.40","637.40","626.35","633.50","4,218,765"
"23-Jun-2025","631.00","641.45","628.80","638.85","834,251"
"24-Jun-2025","641.00","646.00","638.50","644.45","1,131,402"
"25-Jun-2025","648.00","654.30","643.80","650.70","1,565,175"
"26-Jun-2025","650.70","650.70","629.05","636.50","3,968,851"
"27-Jun-2025","638.00","647.45","637.55","644.90","3,212,791"
"30-Jun-2025","646.50","664.50","643.70","661.25","2,075,636"
"01-Jul-2025","665.00","674.95","659.15","671.05","3,182,249"
"02-Jul-2025","671.05","676.00","665.20","672.65","1,348,689"
"03-Jul-2025","672.65","687.75","670.10","684.15","3,054,421"
"04-Jul-2025","684.00","696.95","678.70","681.30","2,791,223"
"07-Jul-2025","681.05","689.50","676.35","680.25","960,264"
"08-Jul-2025","680.50","683.90","668.60","673.30","820,969"
"09-Jul-2025","668.60","674.80","663.70","664.75","630,384"
"10-Jul-2025","666.00","668.15","655.50","661.65","2,206,322"
"11-Jul-2025","657.70","658.50","645.70","652.80","2,145,893"
"14-Jul-2025","654.00","661.80","646.75","659.50","1,745,640"
"15-Jul-2025","662.00","675.80","661.95","673.80","1,726,609"
"16-Jul-2025","673.00","677.00","668.40","671.45","1,928,069"
"17-Jul-2025","673.00","697.45","670.55","692.65","5,685,069"
"18-Jul-2025","694.00","697.90","684.35","686.85","1,515,065"
"21-Jul-2025","688.00","717.55","682.45","713.75","8,073,738"
"22-Jul-2025","715.00","730.95","711.40","722.85","4,108,448"
"23-Jul-2025","726.60","729.80","718.50","727.35","2,827,536"
"24-Jul-2025","726.00","730.50","718.70","726.55","2,189,801"
"25-Jul-2025","726.55","729.00","718.45","722.20","1,507,020"
"28-Jul-2025","725.00","735.85","720.15","729.85","4,881,892"
"29-Jul-2025","727.00","734.55","721.05","726.05","3,504,831"
"30-Jul-2025","727.00","728.50","716.90","721.90","1,589,570"
"31-Jul-2025","715.00","723.65","701.30","703.80","2,497,511"
"01-Aug-2025","703.95","713.90","658.00","665.15","6,828,070"
"04-Aug-2025","673.50","719.45","672.05","711.70","12,572,025"
"05-Aug-2025","708.30","723.80","702.00","720.45","3,136,768"
"06-Aug-2025","720.00","721.85","704.20","705.30","1,691,312"
"07-Aug-2025","700.00","710.80","688.20","705.45","1,933,447"
"08-Aug-2025","704.05","704.95","685.90","688.75","1,164,817"
"11-Aug-2025","688.95","696.60","678.15","693.70","1,129,449"
"12-Aug-2025","693.70","696.00","686.05","688.65","1,449,415"
"13-Aug-2025","686.10","693.15","680.90","686.15","1,062,727"
"14-Aug-2025","684.20","693.90","681.00","683.75","1,066,750"
"18-Aug-2025","690.15","700.70","686.45","690.95","1,319,724"
"19-Aug-2025","697.50","709.45","693.00","707.30","2,030,825"
"20-Aug-2025","708.50","730.30","702.00","713.45","3,114,706"
"21-Aug-2025","717.05","718.55","710.20","712.45","2,041,917"
"22-Aug-2025","712.90","722.90","707.95","716.45","1,635,644"
"25-Aug-2025","717.20","741.00","713.50","722.80","4,678,348"
"26-Aug-2025","725.25","729.80","712.40","723.10","3,299,511"
"28-Aug-2025","736.50","736.50","713.45","716.70","3,935,173"
"29-Aug-2025","713.05","722.20","702.60","715.75","2,472,182"
"01-Sep-2025","715.70","730.65","711.80","727.95","1,785,815"
"02-Sep-2025","731.55","732.00","709.65","710.65","3,003,994"
"03-Sep-2025","718.00","730.00","712.80","715.60","2,196,910"
"04-Sep-2025","720.00","723.15","692.00","695.40","2,075,117"
"05-Sep-2025","697.50","700.90","684.20","688.85","1,054,221"
"08-Sep-2025","691.00","708.00","691.00","705.80","1,677,209"
"09-Sep-2025","709.95","715.95","698.00","704.00","2,826,300"
"10-Sep-2025","705.40","708.25","690.65","696.95","1,965,357"
"11-Sep-2025","696.95","703.80","693.05","701.65","1,913,878"
"12-Sep-2025","704.30","705.90","688.00","693.10","1,539,148"
"15-Sep-2025","695.50","699.40","687.90","693.60","1,791,929"
"16-Sep-2025","692.90","705.00","686.35","702.70","3,099,583"
"17-Sep-2025","706.00","710.00","698.15","704.65","2,209,645"
"18-Sep-2025","704.60","713.40","693.30","698.95","3,106,450"
"19-Sep-2025","697.10","704.85","688.70","691.10","7,803,326"
"22-Sep-2025","693.70","693.70","679.35","682.80","2,102,153"
"23-Sep-2025","680.00","684.85","670.00","677.20","2,559,504"
"24-Sep-2025","675.75","680.00","669.60","676.15","2,138,799"
"25-Sep-2025","676.00","678.55","667.45","669.10","1,246,931"
"26-Sep-2025","667.00","668.20","645.00","648.00","1,970,948"
"29-Sep-2025","648.00","654.90","643.25","654.20","2,520,967"
"30-Sep-2025","660.20","661.00","650.15","655.80","2,037,016"
"01-Oct-2025","655.80","662.30","651.30","661.45","1,196,873"
"03-Oct-2025","667.70","680.00","664.65","674.00","3,592,605"
"06-Oct-2025","676.00","682.00","668.75","681.35","881,397"
"07-Oct-2025","682.00","685.40","679.05","679.85","994,752"
"08-Oct-2025","679.85","686.65","671.55","674.80","1,714,962"
"09-Oct-2025","673.00","677.50","666.90","675.05","1,011,011"
"10-Oct-2025","676.90","683.60","671.20","681.30","960,905"
"13-Oct-2025","667.00","680.95","667.00","673.80","1,031,190"
"14-Oct-2025","673.80","681.45","666.00","669.95","1,458,278"
"15-Oct-2025","672.90","678.70","668.40","677.65","1,722,151"
"16-Oct-2025","678.00","686.00","674.70","680.40","1,284,794"
"17-Oct-2025","680.95","683.70","671.90","674.15","882,467"
"20-Oct-2025","677.10","685.00","677.00","680.80","1,330,873"
"21-Oct-2025","681.00","684.05","678.00","680.95","86,005"
"23-Oct-2025","684.25","689.80","674.10","675.65","1,551,907"
"24-Oct-2025","678.00","678.55","669.85","672.05","587,809"
"27-Oct-2025","673.00","681.70","672.70","679.85","1,365,682"
"28-Oct-2025","682.00","709.00","675.50","702.60","4,557,745"
"29-Oct-2025","708.20","721.80","708.20","720.05","3,405,916"
"30-Oct-2025","721.85","726.50","712.30","721.35","3,573,819"
"31-Oct-2025","720.00","729.40","713.75","720.10","3,852,202"
"03-Nov-2025","720.10","735.00","719.30","730.60","2,805,423"
"04-Nov-2025","728.00","736.60","726.65","731.35","1,916,707"
"06-Nov-2025","730.00","747.40","713.40","733.35","9,280,167"
"07-Nov-2025","725.00","753.80","720.75","747.95","5,598,140"
"10-Nov-2025","750.05","759.00","746.70","750.65","2,547,152"
"11-Nov-2025","750.65","755.45","742.40","752.35","1,645,749"
"12-Nov-2025","754.35","767.80","752.45","760.60","4,193,619"
"13-Nov-2025","760.60","765.50","753.00","758.15","1,752,051"
"14-Nov-2025","755.00","766.35","754.10","758.60","2,148,563"
"17-Nov-2025","758.60","774.95","758.00","773.20","3,590,666"
"18-Nov-2025","774.00","776.00","757.10","759.65","1,862,425"
"19-Nov-2025","760.00","762.00","750.60","752.65","2,359,649"
"20-Nov-2025","758.00","760.30","750.95","753.50","2,794,809"
"21-Nov-2025","755.00","755.25","747.00","750.85","2,033,481"
"24-Nov-2025","752.00","755.55","731.00","742.70","5,530,635"
"25-Nov-2025","741.05","754.00","735.80","749.70","1,677,991"
"26-Nov-2025","750.15","763.35","746.60","760.60","1,482,487"
"27-Nov-2025","764.00","769.20","756.55","758.65","1,201,547"
"28-Nov-2025","757.00","766.15","755.25","758.65","1,546,792"
"01-Dec-2025","761.00","762.90","748.05","750.85","1,611,007"
"02-Dec-2025","754.00","757.90","744.25","746.75","1,519,168"
"03-Dec-2025","748.75","755.10","737.00","743.00","6,025,366"
"04-Dec-2025","748.00","758.95","745.25","756.45","2,855,120"
"05-Dec-2025","759.95","761.05","751.05","759.10","1,936,558"
"08-Dec-2025","759.90","761.30","733.10","739.85","1,584,321"
"09-Dec-2025","740.00","741.65","729.60","739.70","2,172,777"
"10-Dec-2025","743.00","752.25","733.80","736.90","1,346,660"
"11-Dec-2025","736.85","748.45","732.55","745.85","2,062,566"
"12-Dec-2025","748.80","750.90","741.45","748.35","4,075,773"
"15-Dec-2025","751.00","769.55","743.00","765.65","1,840,513"
"16-Dec-2025","765.90","765.90","747.10","749.90","1,218,572"
"17-Dec-2025","751.70","752.80","740.95","746.30","1,655,654"
"18-Dec-2025","743.00","748.10","736.50","744.40","748,699"
"19-Dec-2025","747.40","753.80","740.25","751.55","6,064,263"
"22-Dec-2025","753.05","779.00","752.10","776.55","3,673,981"
"23-Dec-2025","779.90","786.30","774.50","781.00","3,043,436"
"24-Dec-2025","783.00","785.00","772.00","772.70","3,570,117"
"26-Dec-2025","775.00","780.70","770.20","774.05","1,476,893"
"29-Dec-2025","774.40","783.00","767.50","770.95","1,364,589"
"30-Dec-2025","770.00","792.65","768.90","787.35","8,329,037"
"31-Dec-2025","793.30","801.00","786.05","795.15","3,039,998"
"26-Feb-2026","626.85","641.70","622.00","640.00","2,609,498"
