"Date","Open","High","Low","Close","Volume"
"01-Jan-2019","315.95","322.00","313.30","319.50","5,513,123"
"02-Jan-2019","316.90","321.00","309.10","312.65","5,604,911"
"03-Jan-2019","312.50","315.50","307.95","313.50","5,615,566"
"04-Jan-2019","312.45","324.70","312.45","322.45","10,239,262"
"07-Jan-2019","324.40","327.90","322.10","324.95","4,966,909"
"08-Jan-2019","323.75","331.75","323.25","329.25","6,484,522"
"09-Jan-2019","333.20","337.90","327.30","334.50","7,226,454"
"10-Jan-2019","336.55","338.65","332.40","337.30","5,180,570"
"11-Jan-2019","337.15","337.30","329.00","335.10","5,337,767"
"14-Jan-2019","334.10","334.80","328.15","331.60","3,311,854"
"15-Jan-2019","330.00","339.35","326.50","337.75","5,143,387"
"16-Jan-2019","336.75","345.25","331.40","333.95","6,944,533"
"17-Jan-2019","333.00","336.75","330.20","332.05","4,118,364"
"18-Jan-2019","330.50","332.45","304.30","311.15","14,744,448"
"21-Jan-2019","310.70","315.50","306.00","311.35","7,769,963"
"22-Jan-2019","312.00","312.10","301.55","304.85","7,904,590"
"23-Jan-2019","306.80","307.40","302.30","303.70","5,063,257"
"24-Jan-2019","306.70","307.80","294.50","301.65","9,363,696"
"25-Jan-2019","304.00","312.00","302.00","307.50","5,443,641"
"28-Jan-2019","308.00","309.35","294.70","305.15","4,097,172"
"29-Jan-2019","305.00","309.65","301.70","307.85","2,893,056"
"30-Jan-2019","309.00","312.90","300.10","303.70","5,906,356"
"31-Jan-2019","304.50","310.45","303.15","306.40","8,555,853"
"01-Feb-2019","305.10","320.90","305.00","311.85","8,331,159"
"04-Feb-2019","310.00","310.75","302.20","306.55","3,511,129"
"05-Feb-2019","295.40","311.65","292.85","308.20","13,229,252"
"06-Feb-2019","307.00","310.50","301.00","308.75","4,688,955"
"07-Feb-2019","308.60","314.40","305.20","311.15","3,472,111"
"08-Feb-2019","309.00","314.20","306.10","313.25","3,076,831"
"11-Feb-2019","315.00","315.45","311.00","312.20","2,977,404"
"12-Feb-2019","311.70","315.60","309.65","311.25","2,006,320"
"13-Feb-2019","312.45","312.55","307.30","310.55","2,196,566"
"14-Feb-2019","309.00","309.90","296.50","300.80","7,726,834"
"15-Feb-2019","301.00","306.05","297.35","304.60","6,063,171"
"18-Feb-2019","306.90","307.15","300.05","302.55","4,001,810"
"19-Feb-2019","303.90","313.50","301.55","303.70","6,844,127"
"20-Feb-2019","305.55","310.85","304.95","309.00","5,603,086"
"21-Feb-2019","305.90","311.00","303.00","309.90","5,232,493"
"22-Feb-2019","309.20","316.50","308.05","313.85","5,587,441"
"25-Feb-2019","314.00","320.00","311.60","317.25","3,744,506"
"26-Feb-2019","315.70","320.50","313.40","315.45","5,012,987"
"27-Feb-2019","318.95","325.25","314.35","320.15","4,080,123"
"28-Feb-2019","324.90","326.95","315.95","318.05","6,928,578"
"01-Mar-2019","317.80","317.80","302.10","307.65","26,657,232"
"05-Mar-2019","308.00","309.20","303.60","307.85","10,271,412"
"06-Mar-2019","310.95","313.25","308.30","309.40","6,392,974"
"07-Mar-2019","310.00","312.20","307.00","307.65","5,828,055"
"08-Mar-2019","309.75","312.00","307.65","308.70","4,002,947"
"11-Mar-2019","309.05","337.10","308.70","333.80","15,374,558"
"12-Mar-2019","332.80","354.00","329.35","351.80","27,100,883"
"13-Mar-2019","348.50","356.55","336.50","337.75","12,612,026"
"14-Mar-2019","337.00","345.95","334.55","342.40","6,246,873"
"15-Mar-2019","344.00","344.85","331.20","337.70","10,397,551"
"18-Mar-2019","338.00","343.65","329.30","330.60","7,007,083"
"19-Mar-2019","332.00","339.45","332.00","336.75","5,082,584"
"20-Mar-2019","337.15","339.90","332.35","334.00","2,982,715"
"22-Mar-2019","336.00","347.40","329.30","331.55","8,213,789"
"25-Mar-2019","332.90","334.90","323.20","327.00","4,734,760"
"26-Mar-2019","328.55","331.40","326.25","327.80","3,827,846"
"27-Mar-2019","331.00","333.00","320.40","322.50","5,364,208"
"28-Mar-2019","322.60","333.00","317.75","329.95","12,272,355"
"29-Mar-2019","331.00","336.35","329.00","333.10","4,459,756"
"01-Apr-2019","333.90","344.95","333.20","340.80","6,381,272"
"02-Apr-2019","343.00","359.00","343.00","356.45","20,054,316"
"03-Apr-2019","356.00","363.00","347.50","350.00","11,041,131"
"04-Apr-2019","352.00","359.50","352.00","356.80","10,966,638"
"05-Apr-2019","358.60","359.75","353.55","356.65","3,359,951"
"08-Apr-2019","358.40","363.80","352.55","354.95","5,097,675"
"09-Apr-2019","358.55","361.00","341.50","351.60","9,079,248"
"10-Apr-2019","350.80","354.40","338.00","340.00","4,289,454"
"11-Apr-2019","341.70","351.25","337.15","346.35","16,393,215"
"12-Apr-2019","347.00","350.35","339.00","341.95","7,525,281"
"15-Apr-2019","344.90","349.00","334.80","347.70","9,201,883"
"16-Apr-2019","348.00","351.10","340.75","348.75","8,579,411"
"18-Apr-2019","349.50","350.45","332.65","346.95","14,545,230"
"22-Apr-2019","344.00","358.55","336.60","349.40","13,824,740"
"23-Apr-2019","325.00","325.40","314.20","316.50","11,412,878"
"24-Apr-2019","316.50","326.30","315.60","324.50","7,029,531"
"25-Apr-2019","322.80","332.90","321.00","328.50","11,305,703"
"26-Apr-2019","330.00","335.70","322.30","325.45","4,908,166"
"30-Apr-2019","324.00","326.80","314.05","320.30","6,026,790"
"02-May-2019","322.90","329.40","321.60","324.20","7,779,750"
"03-May-2019","324.45","333.85","324.45","331.45","9,718,936"
"06-May-2019","331.45","336.40","326.50","333.45","14,596,079"
"07-May-2019","340.00","340.85","321.45","324.95","17,408,388"
"08-May-2019","324.85","327.45","320.10","324.50","4,774,792"
"09-May-2019","321.25","326.20","312.60","315.45","7,850,740"
"10-May-2019","318.90","328.40","315.20","324.10","7,711,197"
"13-May-2019","321.50","327.35","314.65","318.65","6,498,273"
"14-May-2019","316.00","339.70","315.20","336.60","10,752,770"
"15-May-2019","336.00","338.00","328.70","331.25","7,639,127"
"16-May-2019","332.00","333.30","321.05","325.20","4,507,071"
"17-May-2019","323.70","330.70","322.15","328.45","4,042,029"
"20-May-2019","332.05","341.95","331.00","340.10","7,713,557"
"21-May-2019","340.00","340.10","328.55","330.65","4,237,059"
"22-May-2019","331.00","337.95","328.65","335.15","6,666,818"
"23-May-2019","337.55","349.00","334.20","338.80","5,349,429"
"24-May-2019","340.05","356.00","340.00","353.20","9,576,934"
"27-May-2019","349.70","351.90","346.35","349.50","3,930,538"
"28-May-2019","348.75","351.70","341.70","345.60","8,484,214"
"29-May-2019","343.80","345.15","337.85","338.80","4,497,114"
"30-May-2019","340.00","349.55","339.55","346.70","13,891,400"
"31-May-2019","349.00","352.40","344.45","348.80","10,825,441"
"03-Jun-2019","351.50","355.75","348.85","352.75","5,118,048"
"04-Jun-2019","351.00","355.95","349.75","352.40","6,625,043"
"06-Jun-2019","352.80","355.95","348.50","353.80","10,317,108"
"07-Jun-2019","353.80","361.95","351.80","357.10","5,771,494"
"10-Jun-2019","354.80","364.65","353.65","363.45","5,882,086"
"11-Jun-2019","363.00","366.95","358.25","363.25","5,563,691"
"12-Jun-2019","362.40","362.40","357.10","359.90","2,815,172"
"13-Jun-2019","357.05","364.95","357.05","363.75","3,768,622"
"14-Jun-2019","362.55","362.95","351.65","353.30","5,075,586"
"17-Jun-2019","355.60","355.60","342.10","344.00","6,956,493"
"18-Jun-2019","345.40","347.35","341.20","345.15","4,885,837"
"19-Jun-2019","346.50","348.00","334.30","341.10","3,934,382"
"20-Jun-2019","339.25","350.00","339.20","348.55","3,498,169"
"21-Jun-2019","347.50","349.90","342.70","343.80","9,584,254"
"24-Jun-2019","345.15","348.55","343.50","345.10","3,249,667"
"25-Jun-2019","345.45","352.00","344.55","348.60","2,796,405"
"26-Jun-2019","350.00","352.00","342.55","345.55","4,645,627"
"27-Jun-2019","347.25","350.85","340.90","348.65","12,895,120"
"28-Jun-2019","348.40","350.00","342.50","346.65","8,576,035"
"01-Jul-2019","347.00","349.85","345.15","348.50","3,405,198"
"02-Jul-2019","349.00","354.50","347.35","353.60","3,745,884"
"03-Jul-2019","352.90","356.50","349.75","353.20","8,317,090"
"04-Jul-2019","353.35","365.00","353.00","362.75","8,407,402"
"05-Jul-2019","362.75","371.15","360.50","364.80","6,751,716"
"08-Jul-2019","362.00","364.40","354.45","356.40","3,478,536"
"09-Jul-2019","356.00","363.25","354.10","362.30","3,859,398"
"10-Jul-2019","362.90","364.90","353.65","358.55","5,201,801"
"11-Jul-2019","358.25","362.40","356.30","360.75","3,448,755"
"12-Jul-2019","360.80","360.80","354.15","356.10","4,662,763"
"15-Jul-2019","357.60","359.40","349.15","350.60","3,459,346"
"16-Jul-2019","351.00","354.95","349.65","350.75","3,584,392"
"17-Jul-2019","350.55","353.40","344.80","346.25","4,677,593"
"18-Jul-2019","348.00","351.20","338.60","342.50","3,642,763"
"19-Jul-2019","343.50","346.00","336.10","339.95","2,470,956"
"22-Jul-2019","339.00","343.50","335.60","342.55","3,062,655"
"23-Jul-2019","342.95","348.50","337.40","343.60","3,614,547"
"24-Jul-2019","344.00","344.75","335.75","338.90","4,751,577"
"25-Jul-2019","335.00","343.45","334.55","339.00","7,460,110"
"26-Jul-2019","338.00","338.90","328.20","334.90","4,995,313"
"29-Jul-2019","334.70","336.45","328.10","334.55","4,979,396"
"30-Jul-2019","337.00","348.30","335.15","345.75","12,722,092"
"31-Jul-2019","343.20","353.75","332.70","337.60","10,861,621"
"01-Aug-2019","335.00","338.75","321.15","323.90","9,773,900"
"02-Aug-2019","332.00","354.95","327.20","343.55","28,059,958"
"05-Aug-2019","340.10","361.65","339.05","357.70","15,227,460"
"06-Aug-2019","354.10","375.40","354.10","368.45","17,019,717"
"07-Aug-2019","368.00","372.95","362.50","366.10","12,524,292"
"08-Aug-2019","366.00","378.75","365.40","372.15","16,050,094"
"09-Aug-2019","372.00","373.75","364.15","371.15","7,700,362"
"13-Aug-2019","361.20","365.00","346.15","351.65","14,028,958"
"14-Aug-2019","355.00","363.85","347.30","361.20","7,669,905"
"16-Aug-2019","360.00","365.00","355.00","361.55","5,719,722"
"19-Aug-2019","363.45","366.25","359.80","361.00","4,521,771"
"20-Aug-2019","360.50","362.35","357.40","358.05","5,266,052"
"21-Aug-2019","358.00","360.20","353.15","354.90","4,046,902"
"22-Aug-2019","355.00","357.20","351.00","352.75","3,113,528"
"23-Aug-2019","354.00","358.95","350.50","356.40","4,590,240"
"26-Aug-2019","357.95","362.65","346.90","360.65","4,931,663"
"27-Aug-2019","362.50","368.20","344.75","348.30","32,201,102"
"28-Aug-2019","349.50","349.50","340.50","345.80","5,524,473"
"29-Aug-2019","342.35","349.75","341.15","343.50","5,929,198"
"30-Aug-2019","345.00","349.60","338.75","346.80","4,765,624"
"03-Sep-2019","345.50","345.95","335.50","336.85","4,226,095"
"04-Sep-2019","336.00","347.35","335.10","345.70","5,144,579"
"05-Sep-2019","345.00","349.35","340.95","347.70","3,264,321"
"06-Sep-2019","350.20","354.00","345.10","349.25","6,274,987"
"09-Sep-2019","350.95","357.40","349.55","356.45","3,712,496"
"11-Sep-2019","361.75","361.95","351.20","355.10","4,810,430"
"12-Sep-2019","358.40","358.40","346.75","347.55","5,535,262"
"13-Sep-2019","347.60","349.70","340.90","343.05","4,920,207"
"16-Sep-2019","343.00","345.40","338.40","344.00","5,010,025"
"17-Sep-2019","348.80","348.80","332.55","339.85","8,329,655"
"18-Sep-2019","341.60","344.15","334.60","335.60","7,490,889"
"19-Sep-2019","338.40","342.55","334.70","337.60","11,672,389"
"20-Sep-2019","339.70","365.10","335.05","356.40","15,528,435"
"23-Sep-2019","356.00","362.25","345.00","348.00","5,746,894"
"24-Sep-2019","348.00","352.00","345.40","348.65","4,722,666"
"25-Sep-2019","349.05","350.95","338.00","341.65","4,610,586"
"26-Sep-2019","341.05","347.05","340.45","344.05","4,867,361"
"27-Sep-2019","344.00","354.90","339.25","349.10","3,353,263"
"30-Sep-2019","353.00","374.90","344.25","367.05","19,616,421"
"01-Oct-2019","370.00","370.65","346.85","350.95","7,208,995"
"03-Oct-2019","350.95","355.60","341.30","344.90","4,944,826"
"04-Oct-2019","348.30","348.70","334.25","339.50","4,705,661"
"07-Oct-2019","338.00","346.75","337.10","341.55","3,500,384"
"09-Oct-2019","343.10","360.85","339.00","359.40","8,685,318"
"10-Oct-2019","362.90","385.00","362.00","377.25","47,660,614"
"11-Oct-2019","374.95","385.35","372.60","382.90","10,908,530"
"14-Oct-2019","384.45","397.00","380.25","393.55","10,729,180"
"15-Oct-2019","390.00","391.95","381.55","383.65","8,585,170"
"16-Oct-2019","381.10","386.80","377.35","385.25","8,912,567"
"17-Oct-2019","385.00","387.50","379.05","385.85","4,787,789"
"18-Oct-2019","384.95","386.40","380.50","383.50","3,979,009"
"22-Oct-2019","381.80","396.50","367.20","374.10","11,357,444"
"23-Oct-2019","373.50","378.00","355.00","360.35","13,337,712"
"24-Oct-2019","353.95","376.35","325.50","372.35","72,697,775"
"25-Oct-2019","369.90","378.40","362.60","375.15","27,754,837"
"27-Oct-2019","372.00","375.50","365.60","373.10","1,995,673"
"29-Oct-2019","363.00","365.65","353.10","359.90","36,231,891"
"30-Oct-2019","364.30","371.35","360.65","367.95","16,869,202"
"31-Oct-2019","366.70","376.80","363.75","374.25","12,794,123"
"01-Nov-2019","363.35","376.40","363.35","373.05","13,682,012"
"04-Nov-2019","378.25","381.70","374.00","378.00","7,620,719"
"05-Nov-2019","377.00","385.50","374.55","383.95","6,641,731"
"06-Nov-2019","385.00","385.40","370.25","371.45","8,181,919"
"07-Nov-2019","374.80","375.50","369.05","371.75","4,816,149"
"08-Nov-2019","370.00","375.85","366.60","369.15","5,982,102"
"11-Nov-2019","371.25","373.95","368.25","371.50","2,774,571"
"13-Nov-2019","372.10","373.40","366.15","368.60","6,424,227"
"14-Nov-2019","357.90","367.10","350.30","362.50","21,091,587"
"15-Nov-2019","357.85","398.50","357.25","393.05","55,174,490"
"18-Nov-2019","396.00","420.55","392.10","409.20","42,661,408"
"19-Nov-2019","426.90","445.65","421.45","439.35","62,786,851"
"20-Nov-2019","448.30","452.95","433.10","437.30","55,644,344"
"21-Nov-2019","442.50","442.50","422.20","426.30","22,178,883"
"22-Nov-2019","423.00","429.95","417.00","420.65","16,775,621"
"25-Nov-2019","421.35","455.65","421.35","451.40","33,483,563"
"26-Nov-2019","445.00","447.00","429.90","432.35","23,466,171"
"27-Nov-2019","433.50","437.00","426.40","433.35","13,336,531"
"28-Nov-2019","433.35","443.90","428.50","436.65","21,940,833"
"29-Nov-2019","439.60","449.65","435.15","442.45","20,010,753"
"02-Dec-2019","471.15","485.60","455.05","458.60","55,735,805"
"03-Dec-2019","462.80","465.05","445.25","459.10","23,871,561"
"04-Dec-2019","460.85","464.80","454.70","461.40","16,541,195"
"05-Dec-2019","463.30","463.60","445.35","447.35","17,317,332"
"06-Dec-2019","451.90","452.40","442.85","444.85","11,415,172"
"09-Dec-2019","447.60","451.60","441.70","445.85","7,865,300"
"10-Dec-2019","445.45","451.00","443.25","447.00","7,140,031"
"11-Dec-2019","444.50","449.05","440.60","442.75","6,803,615"
"12-Dec-2019","442.90","443.85","436.50","438.65","7,389,050"
"13-Dec-2019","440.00","440.70","426.00","427.80","13,074,677"
"16-Dec-2019","430.40","431.05","420.45","421.85","6,962,613"
"17-Dec-2019","424.75","441.50","417.60","439.95","22,991,811"
"18-Dec-2019","447.00","447.10","434.15","438.30","17,654,537"
"19-Dec-2019","436.00","456.80","430.25","449.45","13,974,432"
"20-Dec-2019","449.90","460.40","445.70","453.80","21,289,419"
"23-Dec-2019","449.05","459.15","446.45","454.80","10,434,970"
"24-Dec-2019","454.50","460.00","452.40","457.15","6,845,488"
"26-Dec-2019","455.30","456.50","446.00","447.55","5,887,041"
"27-Dec-2019","449.00","457.05","449.00","455.10","5,887,082"
"30-Dec-2019","460.00","464.70","455.10","460.50","11,917,988"
"31-Dec-2019","460.00","462.50","454.50","455.80","5,116,528"
"01-Jan-2020","456.05","460.50","449.75","453.30","5,059,995"
"02-Jan-2020","454.10","459.40","453.50","455.20","4,842,142"
"03-Jan-2020","455.70","459.20","451.50","455.10","5,059,594"
"06-Jan-2020","453.90","457.45","444.65","449.65","7,399,981"
"07-Jan-2020","452.00","455.30","443.10","445.10","4,273,646"
"08-Jan-2020","442.60","460.75","440.35","458.85","13,858,623"
"09-Jan-2020","468.40","474.95","455.30","460.10","17,845,812"
"10-Jan-2020","464.80","465.95","454.20","457.00","37,029,733"
"13-Jan-2020","459.00","470.30","454.25","468.90","14,925,989"
"14-Jan-2020","468.90","472.65","466.60","469.35","8,086,659"
"15-Jan-2020","469.50","472.00","465.00","467.85","10,674,839"
"16-Jan-2020","469.20","476.95","468.00","473.90","15,990,374"
"17-Jan-2020","475.10","503.80","475.10","500.05","60,774,623"
"20-Jan-2020","499.00","512.70","494.25","508.70","44,464,024"
"21-Jan-2020","510.00","515.00","504.40","511.75","64,001,338"
"22-Jan-2020","514.75","523.75","506.70","514.50","19,911,947"
"23-Jan-2020","515.00","526.00","512.35","523.65","15,482,185"
"24-Jan-2020","520.50","527.35","514.15","524.25","23,385,562"
"27-Jan-2020","521.15","524.10","511.90","514.40","11,638,278"
"28-Jan-2020","514.35","514.40","486.10","491.25","31,091,035"
"29-Jan-2020","493.10","501.40","488.25","490.25","19,668,016"
"30-Jan-2020","492.00","492.90","480.10","489.80","15,055,241"
"31-Jan-2020","493.20","499.40","487.00","496.45","18,017,965"
"01-Feb-2020","493.40","501.25","483.30","497.20","5,753,361"
"03-Feb-2020","496.05","513.35","496.05","510.05","14,932,443"
"04-Feb-2020","514.00","522.60","503.45","518.90","14,376,670"
"05-Feb-2020","518.00","537.50","515.80","533.35","30,082,900"
"06-Feb-2020","535.05","552.80","534.10","546.80","16,863,683"
"07-Feb-2020","548.90","549.00","538.25","539.45","8,802,579"
"10-Feb-2020","540.20","543.65","536.10","538.70","8,412,522"
"11-Feb-2020","539.50","544.65","532.75","534.30","6,500,749"
"12-Feb-2020","536.00","542.35","535.00","539.60","5,065,813"
"13-Feb-2020","539.70","542.75","531.75","539.95","5,623,475"
"14-Feb-2020","544.90","567.55","534.25","565.00","36,826,473"
"17-Feb-2020","564.95","568.70","556.50","564.85","22,924,036"
"18-Feb-2020","563.35","568.85","537.30","548.25","21,462,600"
"19-Feb-2020","549.10","553.60","538.75","543.40","21,681,078"
"20-Feb-2020","543.70","552.00","538.60","545.60","15,715,009"
"24-Feb-2020","542.00","542.05","527.10","529.90","9,653,196"
"25-Feb-2020","533.00","537.95","530.95","535.25","9,623,521"
"26-Feb-2020","532.70","539.40","520.30","535.95","18,615,730"
"27-Feb-2020","534.70","535.85","527.00","531.65","11,171,400"
"28-Feb-2020","524.90","528.40","513.50","523.50","16,622,086"
"02-Mar-2020","534.00","536.00","511.85","518.35","9,910,097"
"03-Mar-2020","524.00","533.35","514.15","520.80","10,368,929"
"04-Mar-2020","525.00","532.80","507.40","516.75","17,733,434"
"05-Mar-2020","522.80","530.70","516.65","526.90","14,080,598"
"06-Mar-2020","517.75","523.65","511.45","519.15","9,328,722"
"09-Mar-2020","510.00","512.00","491.05","496.25","15,375,756"
"11-Mar-2020","487.00","508.50","487.00","493.80","21,007,587"
"12-Mar-2020","478.50","481.50","459.20","464.95","14,204,414"
"13-Mar-2020","453.80","509.05","420.00","491.85","23,807,651"
"16-Mar-2020","472.25","492.95","456.15","464.80","14,661,576"
"17-Mar-2020","465.00","481.00","444.35","454.70","12,396,973"
"18-Mar-2020","460.00","478.80","407.45","425.55","28,815,241"
"19-Mar-2020","416.45","451.65","361.75","444.75","23,574,894"
"20-Mar-2020","445.00","472.00","436.65","462.65","19,395,922"
"23-Mar-2020","416.40","445.70","399.50","407.35","14,632,657"
"24-Mar-2020","410.90","437.85","400.15","404.05","12,716,346"
"25-Mar-2020","406.55","438.25","405.60","429.10","13,833,486"
"26-Mar-2020","426.50","493.45","420.25","470.70","21,891,560"
"27-Mar-2020","470.70","474.80","437.50","448.95","16,076,582"
"30-Mar-2020","443.85","449.30","428.00","431.05","10,022,553"
"31-Mar-2020","441.00","447.00","424.00","440.90","16,745,176"
"01-Apr-2020","440.00","440.00","412.40","421.35","9,469,124"
"03-Apr-2020","432.00","432.00","415.60","423.95","14,153,710"
"07-Apr-2020","433.15","485.75","433.15","470.20","15,267,141"
"08-Apr-2020","474.35","491.10","453.00","461.65","13,388,084"
"09-Apr-2020","471.00","492.30","471.00","488.70","11,742,601"
"13-Apr-2020","491.00","520.90","491.00","512.20","23,966,611"
"15-Apr-2020","533.95","535.95","505.05","510.50","25,793,155"
"16-Apr-2020","500.00","513.00","497.35","500.45","17,082,242"
"17-Apr-2020","511.00","512.50","498.20","502.45","16,127,623"
"20-Apr-2020","507.70","507.70","486.90","490.30","11,473,202"
"21-Apr-2020","484.00","503.80","479.15","500.50","15,491,009"
"22-Apr-2020","516.00","517.05","492.05","501.40","18,107,820"
"23-Apr-2020","501.85","507.30","491.05","496.00","12,532,120"
"24-Apr-2020","494.90","499.00","484.45","494.25","11,937,738"
"27-Apr-2020","498.05","503.05","491.10","494.05","9,888,710"
"28-Apr-2020","497.45","497.45","484.10","485.65","11,512,936"
"29-Apr-2020","490.95","498.40","487.05","496.00","8,217,929"
"30-Apr-2020","503.10","515.95","495.20","514.30","19,799,179"
"04-May-2020","502.45","540.00","499.90","532.50","34,019,465"
"05-May-2020","538.00","553.70","526.05","528.05","29,936,910"
"06-May-2020","531.75","551.45","530.05","546.00","25,594,404"
"07-May-2020","545.35","545.35","524.45","528.05","15,532,288"
"08-May-2020","540.00","545.80","528.30","530.05","13,592,563"
"11-May-2020","533.05","548.50","532.10","536.20","14,223,774"
"12-May-2020","533.00","564.00","530.50","559.85","22,616,586"
"13-May-2020","568.40","569.75","549.30","555.95","21,114,162"
"14-May-2020","551.10","562.50","535.10","539.85","13,180,895"
"15-May-2020","543.50","556.90","539.40","554.10","14,486,155"
"18-May-2020","556.90","559.00","535.20","538.05","21,586,051"
"19-May-2020","558.50","603.50","557.00","598.80","71,909,586"
"20-May-2020","605.00","612.00","588.60","594.05","35,744,408"
"21-May-2020","590.50","604.50","585.40","594.55","20,292,652"
"22-May-2020","597.00","597.40","587.00","593.20","11,416,299"
"26-May-2020","572.00","576.45","557.55","559.25","76,497,320"
"27-May-2020","561.00","565.55","553.85","563.10","22,528,009"
"28-May-2020","564.65","568.00","556.00","562.75","16,270,436"
"29-May-2020","558.00","564.00","543.80","552.60","54,189,241"
"01-Jun-2020","559.00","561.65","550.15","559.05","39,288,299"
"02-Jun-2020","563.00","572.30","556.10","558.10","31,973,639"
"03-Jun-2020","568.00","568.30","549.25","551.65","29,235,064"
"04-Jun-2020","552.30","585.40","549.55","572.45","29,454,952"
"05-Jun-2020","584.00","590.00","567.45","584.35","47,874,414"
"08-Jun-2020","588.00","593.70","579.20","585.15","20,430,645"
"09-Jun-2020","580.00","591.65","565.70","567.80","14,939,279"
"10-Jun-2020","571.00","576.00","563.05","567.10","19,130,490"
"11-Jun-2020","570.00","573.80","546.70","551.85","27,293,431"
"12-Jun-2020","540.00","562.00","540.00","560.10","18,870,757"
"15-Jun-2020","556.00","563.75","549.00","550.70","13,584,908"
"16-Jun-2020","558.00","559.30","537.00","544.90","19,072,659"
"17-Jun-2020","546.85","565.50","541.00","563.45","20,531,433"
"18-Jun-2020","564.25","572.90","558.20","560.90","19,329,827"
"19-Jun-2020","561.90","578.20","561.00","572.50","41,152,446"
"22-Jun-2020","575.80","588.00","570.40","581.05","12,715,786"
"23-Jun-2020","581.05","584.60","574.35","578.80","9,762,436"
"24-Jun-2020","581.00","582.00","555.00","557.35","12,387,454"
"25-Jun-2020","553.90","563.70","550.00","559.00","15,589,317"
"26-Jun-2020","560.00","566.40","557.15","560.40","11,109,042"
"29-Jun-2020","558.90","568.95","551.20","567.10","12,920,745"
"30-Jun-2020","572.00","577.00","557.40","559.85","12,939,125"
"01-Jul-2020","575.00","575.00","558.30","560.15","13,639,649"
"02-Jul-2020","564.80","567.00","557.60","558.45","13,542,472"
"03-Jul-2020","561.80","583.45","560.60","581.45","20,620,014"
"06-Jul-2020","587.60","589.30","575.05","576.60","15,818,188"
"07-Jul-2020","579.00","582.60","566.05","567.15","12,524,549"
"08-Jul-2020","572.00","574.00","559.00","561.30","9,404,763"
"09-Jul-2020","564.00","570.25","560.30","568.65","8,452,964"
"10-Jul-2020","569.10","579.00","565.65","574.70","13,284,057"
"13-Jul-2020","574.50","589.00","570.00","586.80","16,353,967"
"14-Jul-2020","584.50","596.80","578.55","589.35","32,329,098"
"15-Jul-2020","588.95","588.95","559.65","563.60","19,693,277"
"16-Jul-2020","565.90","566.20","553.30","562.75","11,316,438"
"17-Jul-2020","563.10","573.90","561.75","566.75","11,964,954"
"20-Jul-2020","571.00","582.50","567.60","575.75","9,610,173"
"21-Jul-2020","580.00","583.80","566.35","567.75","11,784,668"
"22-Jul-2020","568.00","575.50","562.80","569.15","10,831,170"
"23-Jul-2020","570.00","575.75","564.00","567.20","9,539,899"
"24-Jul-2020","565.00","567.40","555.40","559.45","9,777,107"
"27-Jul-2020","558.20","563.75","544.15","559.50","10,695,118"
"28-Jul-2020","558.50","574.25","555.30","564.60","13,948,427"
"29-Jul-2020","565.25","569.15","560.25","566.20","9,796,100"
"30-Jul-2020","576.00","580.45","543.05","552.70","44,491,235"
"31-Jul-2020","550.90","559.30","546.30","554.85","13,661,601"
"03-Aug-2020","554.50","556.50","546.40","547.35","9,219,748"
"04-Aug-2020","548.00","553.35","545.85","549.00","11,813,422"
"05-Aug-2020","552.00","560.50","546.55","558.95","12,682,481"
"06-Aug-2020","561.70","561.70","552.65","555.30","10,425,489"
"07-Aug-2020","556.00","563.40","552.05","560.80","7,210,904"
"10-Aug-2020","564.30","565.00","554.80","558.85","9,417,841"
"11-Aug-2020","558.00","560.50","550.20","551.10","8,137,948"
"12-Aug-2020","550.00","561.25","545.35","547.70","12,381,746"
"13-Aug-2020","534.00","548.30","524.25","535.35","36,774,554"
"14-Aug-2020","542.85","542.85","525.00","528.60","18,209,193"
"17-Aug-2020","530.55","532.50","518.10","521.40","19,014,347"
"18-Aug-2020","522.05","529.10","520.15","526.30","13,517,889"
"19-Aug-2020","529.00","539.90","527.10","535.85","17,075,491"
"20-Aug-2020","531.00","533.60","522.70","525.55","13,440,102"
"21-Aug-2020","529.80","529.80","516.00","520.25","21,835,588"
"24-Aug-2020","517.90","532.40","508.20","526.90","29,166,922"
"25-Aug-2020","534.50","535.65","526.00","528.65","19,516,042"
"26-Aug-2020","528.40","528.40","512.00","514.50","25,906,518"
"27-Aug-2020","514.40","518.50","508.00","511.15","21,871,778"
"28-Aug-2020","512.10","529.55","512.10","523.45","21,808,591"
"31-Aug-2020","518.50","522.30","508.55","513.10","186,856,499"
"01-Sep-2020","517.50","555.45","514.20","546.25","74,337,280"
"02-Sep-2020","550.00","559.00","545.10","550.55","35,023,081"
"03-Sep-2020","550.55","552.90","535.65","538.00","24,622,381"
"04-Sep-2020","531.50","538.00","519.50","523.15","28,083,439"
"07-Sep-2020","525.00","528.00","510.30","515.45","16,147,428"
"08-Sep-2020","516.00","516.85","494.00","498.10","33,123,745"
"09-Sep-2020","493.25","506.65","491.10","504.25","31,478,272"
"10-Sep-2020","508.00","508.00","491.20","497.35","21,005,767"
"11-Sep-2020","499.30","502.45","488.55","491.65","15,597,700"
"14-Sep-2020","496.00","497.25","468.30","474.10","52,056,004"
"15-Sep-2020","475.15","487.65","470.05","485.55","30,857,464"
"16-Sep-2020","487.00","490.70","480.55","481.75","13,133,556"
"17-Sep-2020","480.00","482.35","474.00","479.00","13,497,203"
"18-Sep-2020","483.00","497.65","475.30","494.55","54,801,702"
"21-Sep-2020","496.00","496.00","461.25","467.75","22,737,775"
"22-Sep-2020","468.50","478.50","461.00","470.95","18,600,835"
"23-Sep-2020","467.00","467.00","423.90","433.80","85,211,349"
"24-Sep-2020","425.25","433.50","416.15","419.30","35,786,844"
"25-Sep-2020","425.00","444.95","422.15","439.65","33,602,428"
"28-Sep-2020","446.00","447.65","434.05","443.65","21,053,041"
"29-Sep-2020","444.00","444.55","429.50","435.60","17,852,308"
"30-Sep-2020","438.00","440.40","418.15","420.95","27,176,498"
"01-Oct-2020","426.00","434.60","423.65","432.35","13,344,280"
"05-Oct-2020","432.35","437.50","423.00","424.45","15,001,368"
"06-Oct-2020","427.00","430.00","423.10","426.75","10,876,652"
"07-Oct-2020","427.80","431.75","421.10","422.45","10,202,818"
"08-Oct-2020","426.00","435.50","419.10","424.45","16,705,222"
"09-Oct-2020","428.00","435.00","423.30","425.20","20,563,361"
"12-Oct-2020","428.00","430.60","411.85","415.05","14,063,002"
"13-Oct-2020","421.15","427.50","413.10","415.30","27,781,773"
"14-Oct-2020","416.40","419.50","411.30","413.25","14,110,038"
"15-Oct-2020","413.40","415.50","395.00","399.20","27,855,540"
"16-Oct-2020","404.45","407.30","398.35","401.65","23,347,957"
"19-Oct-2020","403.55","404.65","394.00","397.70","16,921,274"
"20-Oct-2020","397.70","413.20","396.95","405.00","25,909,683"
"21-Oct-2020","405.70","420.20","403.55","419.00","23,488,238"
"22-Oct-2020","419.00","432.35","418.00","430.65","26,516,990"
"23-Oct-2020","434.90","437.60","427.30","434.40","18,171,287"
"26-Oct-2020","434.35","439.45","428.00","434.05","11,736,985"
"27-Oct-2020","434.05","438.90","427.50","433.35","12,781,318"
"28-Oct-2020","446.00","488.00","442.00","451.85","123,585,653"
"29-Oct-2020","447.70","457.10","445.00","450.80","25,066,939"
"30-Oct-2020","454.90","454.90","430.50","433.75","23,051,352"
"02-Nov-2020","435.00","460.00","435.00","457.40","28,174,600"
"03-Nov-2020","458.00","460.70","447.45","454.60","16,036,760"
"04-Nov-2020","453.00","455.55","447.15","453.05","10,003,680"
"05-Nov-2020","457.00","461.90","452.60","457.30","9,234,395"
"06-Nov-2020","457.00","460.35","448.75","449.90","11,970,462"
"09-Nov-2020","456.30","474.75","452.55","471.80","24,493,687"
"10-Nov-2020","474.00","474.15","465.00","466.40","9,620,279"
"11-Nov-2020","467.95","481.35","464.05","478.60","15,737,416"
"12-Nov-2020","476.85","483.20","475.05","479.85","14,512,799"
"13-Nov-2020","477.00","478.00","470.00","475.75","8,272,841"
"14-Nov-2020","487.00","487.00","479.00","481.50","3,940,508"
"17-Nov-2020","490.90","494.95","481.25","484.55","18,699,305"
"18-Nov-2020","483.95","485.00","471.10","478.40","10,311,000"
"19-Nov-2020","476.00","481.45","467.00","468.55","11,329,235"
"20-Nov-2020","470.50","485.95","465.35","483.70","11,867,647"
"23-Nov-2020","486.75","486.75","475.10","477.25","10,005,675"
"24-Nov-2020","478.40","481.25","471.20","474.25","9,173,967"
"25-Nov-2020","476.50","477.90","458.65","464.10","14,229,948"
"26-Nov-2020","468.70","469.65","460.10","468.40","11,322,533"
"27-Nov-2020","468.30","472.65","462.00","463.25","18,151,096"
"01-Dec-2020","467.75","482.50","460.50","479.45","18,193,356"
"02-Dec-2020","481.00","487.90","474.05","484.90","20,562,558"
"03-Dec-2020","487.10","489.15","474.00","479.90","19,723,853"
"04-Dec-2020","486.85","497.80","483.40","493.75","31,039,563"
"07-Dec-2020","498.00","510.50","494.60","508.95","22,125,752"
"08-Dec-2020","514.00","516.25","499.65","503.60","19,298,806"
"09-Dec-2020","504.90","506.90","499.10","503.05","11,608,846"
"10-Dec-2020","501.50","508.75","494.10","505.15","13,194,186"
"11-Dec-2020","508.50","508.50","497.30","504.40","13,760,737"
"14-Dec-2020","507.00","512.00","501.15","503.05","13,886,923"
"15-Dec-2020","505.85","506.80","498.10","504.20","13,074,733"
"16-Dec-2020","504.20","518.80","502.10","516.20","17,381,441"
"17-Dec-2020","517.00","522.50","512.00","515.10","19,654,749"
"18-Dec-2020","513.90","514.90","505.05","510.65","10,797,760"
"21-Dec-2020","507.50","511.20","480.15","490.90","15,253,094"
"22-Dec-2020","494.00","505.00","485.55","500.30","21,233,811"
"23-Dec-2020","500.30","509.50","498.40","507.20","13,081,361"
"24-Dec-2020","520.00","523.00","510.45","517.30","20,849,597"
"28-Dec-2020","520.10","527.00","516.60","521.60","12,882,390"
"29-Dec-2020","523.00","524.95","515.10","520.25","11,246,474"
"30-Dec-2020","523.40","523.40","513.30","516.15","10,494,434"
"31-Dec-2020","517.10","518.45","506.30","509.70","15,524,994"
"01-Jan-2021","512.25","516.40","508.20","515.15","10,185,843"
"04-Jan-2021","517.00","520.50","511.60","517.10","13,240,524"
"05-Jan-2021","514.00","516.90","511.10","514.00","10,492,428"
"06-Jan-2021","515.00","531.75","513.10","525.30","30,269,288"
"07-Jan-2021","532.00","554.45","527.10","545.25","38,717,913"
"08-Jan-2021","549.30","549.75","537.30","540.25","14,270,435"
"11-Jan-2021","541.50","554.35","541.50","547.15","19,525,604"
"12-Jan-2021","549.00","569.00","545.00","565.75","25,380,555"
"13-Jan-2021","588.00","601.70","567.00","578.25","83,668,562"
"14-Jan-2021","582.70","584.80","570.05","580.55","16,661,518"
"15-Jan-2021","609.55","610.65","593.80","602.65","56,392,307"
"18-Jan-2021","602.65","603.00","584.00","586.95","20,965,905"
"19-Jan-2021","591.10","597.45","586.50","592.30","10,830,923"
"20-Jan-2021","592.30","602.50","589.00","596.15","13,087,294"
"21-Jan-2021","600.25","604.05","574.40","581.35","17,060,331"
"22-Jan-2021","583.90","585.55","572.75","576.85","12,429,589"
"25-Jan-2021","579.00","587.85","569.55","580.75","12,273,498"
"27-Jan-2021","580.00","581.75","562.35","570.80","15,280,757"
"28-Jan-2021","566.50","575.85","562.75","570.90","14,921,448"
"29-Jan-2021","578.50","578.50","550.60","553.60","25,051,621"
"01-Feb-2021","559.00","581.10","549.20","579.15","13,951,025"
"02-Feb-2021","584.90","605.65","579.25","599.35","21,311,866"
"03-Feb-2021","609.40","622.50","599.45","608.85","30,076,561"
"04-Feb-2021","614.90","623.00","595.65","600.60","51,018,799"
"05-Feb-2021","603.80","605.90","576.25","581.10","34,811,620"
"08-Feb-2021","589.00","603.65","584.70","597.30","21,247,165"
"09-Feb-2021","598.90","607.75","595.00","598.95","20,541,765"
"10-Feb-2021","604.95","607.75","580.25","590.20","31,059,522"
"11-Feb-2021","592.00","603.55","589.00","598.10","18,898,771"
"12-Feb-2021","597.85","597.85","584.60","586.25","15,611,939"
"15-Feb-2021","592.10","603.00","590.00","593.70","17,641,523"
"16-Feb-2021","595.00","601.60","593.00","593.95","14,787,224"
"17-Feb-2021","596.95","598.80","590.05","593.85","16,133,750"
"18-Feb-2021","597.00","598.00","585.20","589.05","21,784,559"
"19-Feb-2021","590.00","596.00","575.50","581.35","19,106,404"
"22-Feb-2021","582.00","584.90","568.00","570.30","19,854,892"
"23-Feb-2021","575.00","577.00","564.00","565.55","23,326,447"
"24-Feb-2021","568.10","574.10","565.20","572.95","8,725,136"
"25-Feb-2021","579.90","584.45","577.05","579.15","15,931,134"
"26-Feb-2021","574.50","585.95","551.75","556.30","194,887,984"
"01-Mar-2021","558.00","559.10","521.00","532.20","54,075,848"
"02-Mar-2021","540.50","544.00","528.85","541.20","30,058,411"
"03-Mar-2021","548.75","550.75","540.00","546.30","24,214,390"
"04-Mar-2021","540.00","546.00","538.00","539.60","17,352,483"
"05-Mar-2021","535.00","538.50","524.40","532.80","16,351,700"
"08-Mar-2021","531.00","535.45","524.75","525.70","15,011,518"
"09-Mar-2021","530.10","532.00","514.30","521.75","19,809,833"
"10-Mar-2021","520.20","530.50","516.35","525.85","18,663,334"
"12-Mar-2021","530.55","532.75","521.55","524.20","11,410,264"
"15-Mar-2021","527.80","527.80","516.40","522.85","10,676,602"
"16-Mar-2021","524.00","533.75","524.00","529.30","13,007,824"
"17-Mar-2021","528.80","531.00","519.00","522.90","8,326,430"
"18-Mar-2021","529.85","532.20","515.35","527.20","12,235,615"
"19-Mar-2021","528.00","534.75","525.50","529.95","48,683,525"
"22-Mar-2021","533.05","534.00","523.00","528.00","13,331,409"
"23-Mar-2021","529.70","532.45","522.15","529.25","14,958,494"
"24-Mar-2021","528.00","533.45","521.50","523.65","10,602,439"
"25-Mar-2021","523.40","523.65","499.55","507.75","17,248,482"
"26-Mar-2021","512.10","524.90","510.60","522.50","10,943,035"
"30-Mar-2021","527.80","527.90","516.25","521.50","10,494,794"
"31-Mar-2021","522.35","525.90","516.25","517.30","7,570,387"
"01-Apr-2021","519.95","523.90","514.55","520.80","6,980,458"
"05-Apr-2021","520.80","529.00","514.60","528.25","9,203,847"
"06-Apr-2021","528.50","537.85","524.55","532.20","12,873,443"
"07-Apr-2021","537.00","546.90","535.25","541.60","20,997,280"
"08-Apr-2021","546.80","548.55","540.50","543.00","11,157,958"
"09-Apr-2021","539.50","549.75","536.50","545.25","11,426,998"
"12-Apr-2021","537.55","538.85","518.50","522.45","9,687,846"
"13-Apr-2021","526.40","540.00","523.10","536.15","6,535,007"
"15-Apr-2021","540.00","546.15","530.25","539.35","9,805,711"
"16-Apr-2021","540.05","544.15","538.00","540.75","6,157,781"
"19-Apr-2021","532.25","535.00","523.25","526.45","7,232,945"
"20-Apr-2021","529.00","537.00","525.90","530.20","7,233,304"
"22-Apr-2021","530.00","533.40","526.05","530.85","6,552,131"
"23-Apr-2021","529.00","532.45","519.10","522.60","6,992,388"
"26-Apr-2021","522.75","528.50","522.75","527.55","5,819,893"
"27-Apr-2021","527.45","538.55","526.25","534.30","9,693,047"
"28-Apr-2021","535.95","548.00","535.60","544.30","11,970,652"
"29-Apr-2021","549.70","550.00","539.10","540.85","8,683,857"
"30-Apr-2021","533.50","547.00","533.50","536.75","8,178,192"
"03-May-2021","530.00","562.50","529.05","558.85","14,288,088"
"04-May-2021","565.95","565.95","546.70","552.45","13,934,607"
"05-May-2021","556.90","564.95","554.00","559.95","11,872,729"
"06-May-2021","559.95","564.40","552.60","558.75","9,000,753"
"07-May-2021","561.20","572.90","556.90","568.50","12,656,867"
"10-May-2021","572.00","577.00","569.10","572.55","8,211,446"
"11-May-2021","565.50","574.85","564.05","568.40","7,885,422"
"12-May-2021","568.00","569.15","558.20","561.75","6,689,476"
"14-May-2021","564.00","569.35","556.15","560.40","7,555,855"
"17-May-2021","563.95","563.95","545.80","549.65","13,424,956"
"18-May-2021","547.50","552.90","534.55","536.35","34,324,460"
"19-May-2021","537.90","540.55","526.20","528.20","19,223,054"
"20-May-2021","531.00","531.00","520.00","520.65","13,777,903"
"21-May-2021","523.25","533.30","522.00","530.95","10,299,402"
"24-May-2021","531.00","533.00","526.00","526.80","6,268,351"
"25-May-2021","529.90","530.80","524.50","526.10","9,239,443"
"26-May-2021","529.00","530.80","525.00","525.75","6,781,577"
"27-May-2021","526.10","527.00","518.70","519.80","22,363,299"
"28-May-2021","522.25","528.50","520.40","523.60","10,060,110"
"31-May-2021","525.50","536.00","525.10","534.90","12,567,516"
"01-Jun-2021","537.45","538.40","530.30","532.90","8,280,431"
"02-Jun-2021","529.90","534.60","528.00","529.50","10,372,845"
"03-Jun-2021","530.00","533.40","528.50","532.05","6,174,103"
"04-Jun-2021","533.95","535.80","531.20","532.70","4,788,898"
"07-Jun-2021","534.00","541.00","533.00","536.45","9,496,183"
"08-Jun-2021","538.10","548.00","534.00","546.80","12,586,649"
"09-Jun-2021","549.90","551.50","535.35","540.00","12,440,819"
"10-Jun-2021","543.90","547.85","540.35","545.15","6,888,855"
"11-Jun-2021","545.50","549.75","540.05","540.85","7,634,036"
"14-Jun-2021","540.85","540.85","529.30","539.35","5,609,077"
"15-Jun-2021","541.00","543.65","538.40","542.50","7,130,896"
"16-Jun-2021","543.80","543.80","534.90","536.75","9,860,470"
"17-Jun-2021","539.50","541.25","527.05","528.65","10,026,485"
"18-Jun-2021","531.40","541.90","519.00","538.75","14,723,907"
"21-Jun-2021","535.00","541.90","533.00","539.60","5,637,000"
"22-Jun-2021","548.05","549.00","535.50","536.40","8,946,586"
"23-Jun-2021","538.00","539.20","532.70","534.05","4,679,563"
"24-Jun-2021","535.00","535.45","527.40","528.75","6,301,610"
"25-Jun-2021","531.30","535.90","529.35","535.10","5,402,768"
"28-Jun-2021","537.00","537.00","530.45","531.20","5,168,753"
"29-Jun-2021","531.25","532.25","524.00","524.95","8,553,386"
"30-Jun-2021","527.00","530.40","524.35","525.65","5,654,391"
"01-Jul-2021","529.00","531.00","522.00","522.65","6,454,014"
"02-Jul-2021","525.60","533.00","520.00","525.00","13,063,791"
"05-Jul-2021","528.00","528.50","523.30","523.95","6,256,128"
"06-Jul-2021","523.50","527.70","521.10","526.10","10,300,966"
"07-Jul-2021","523.20","530.60","523.20","529.60","6,546,286"
"08-Jul-2021","530.00","532.80","523.55","525.30","5,301,428"
"09-Jul-2021","525.50","537.50","523.00","536.25","7,169,047"
"12-Jul-2021","538.95","538.95","528.65","529.65","8,768,168"
"13-Jul-2021","533.55","535.50","528.20","530.05","7,988,044"
"14-Jul-2021","529.00","531.40","526.65","530.05","6,543,996"
"15-Jul-2021","532.50","532.50","525.00","525.45","6,759,881"
"16-Jul-2021","527.00","543.40","525.95","541.15","11,043,791"
"19-Jul-2021","539.00","544.70","529.30","538.45","8,962,285"
"20-Jul-2021","536.45","536.80","523.00","525.75","7,505,544"
"22-Jul-2021","531.10","548.00","523.65","546.70","19,847,956"
"23-Jul-2021","547.70","560.65","532.75","548.30","32,588,978"
"26-Jul-2021","545.00","553.85","542.10","544.05","5,118,493"
"27-Jul-2021","545.80","545.80","536.15","540.55","5,727,485"
"28-Jul-2021","539.50","570.70","537.85","567.90","31,932,505"
"29-Jul-2021","574.10","576.70","565.00","567.15","15,552,340"
"30-Jul-2021","565.90","568.50","557.80","561.65","9,938,812"
"02-Aug-2021","566.00","569.95","560.00","565.15","6,254,864"
"03-Aug-2021","568.00","582.00","562.10","580.20","21,280,806"
"04-Aug-2021","575.00","586.90","570.30","574.40","21,414,510"
"05-Aug-2021","577.50","619.00","577.50","598.70","71,088,770"
"06-Aug-2021","594.50","616.95","588.50","607.90","28,520,160"
"09-Aug-2021","610.00","612.70","597.55","599.25","9,892,910"
"10-Aug-2021","602.20","628.00","598.40","622.20","33,878,294"
"11-Aug-2021","622.20","629.25","613.70","620.85","18,386,089"
"12-Aug-2021","623.00","628.95","617.00","623.15","8,274,954"
"13-Aug-2021","623.15","638.80","618.10","637.05","20,690,579"
"16-Aug-2021","638.75","644.00","632.00","634.05","10,312,706"
"17-Aug-2021","634.05","638.00","623.00","626.35","11,102,775"
"18-Aug-2021","625.90","634.00","620.85","622.95","7,005,347"
"20-Aug-2021","619.50","633.00","607.00","613.70","12,534,832"
"23-Aug-2021","618.40","630.50","607.60","622.65","12,554,898"
"24-Aug-2021","627.95","627.95","617.05","620.10","5,776,595"
"25-Aug-2021","622.35","622.35","611.00","612.45","7,977,884"
"26-Aug-2021","610.00","611.50","584.30","586.90","25,831,904"
"27-Aug-2021","588.80","605.40","585.05","595.15","16,141,223"
"30-Aug-2021","596.00","625.00","590.10","620.45","39,759,785"
"31-Aug-2021","626.05","668.10","625.00","664.05","59,661,820"
"01-Sep-2021","668.00","673.30","654.00","666.40","30,228,814"
"02-Sep-2021","669.95","673.75","664.05","666.50","18,601,857"
"03-Sep-2021","668.00","669.60","654.00","658.45","7,774,350"
"06-Sep-2021","664.40","665.75","653.40","654.60","10,035,041"
"07-Sep-2021","657.95","680.50","648.00","670.55","27,665,704"
"08-Sep-2021","678.00","683.80","665.00","667.85","20,492,200"
"09-Sep-2021","667.85","688.20","667.05","686.15","19,419,892"
"13-Sep-2021","692.00","697.00","685.85","693.30","19,341,527"
"14-Sep-2021","695.00","699.70","689.10","694.20","11,479,081"
"15-Sep-2021","697.00","734.95","696.15","725.50","55,750,090"
"16-Sep-2021","735.00","737.00","715.40","718.60","44,172,650"
"17-Sep-2021","721.00","734.75","721.00","728.15","26,158,201"
"20-Sep-2021","725.00","733.70","720.30","724.95","14,066,795"
"21-Sep-2021","722.90","740.75","722.00","726.65","13,954,874"
"22-Sep-2021","727.00","732.05","724.10","726.75","16,047,334"
"23-Sep-2021","733.40","740.10","723.20","726.80","26,009,026"
"24-Sep-2021","729.05","753.00","728.00","739.40","70,844,952"
"27-Sep-2021","731.00","731.90","718.15","722.55","11,282,248"
"28-Sep-2021","724.40","726.80","686.00","696.15","21,944,239"
"29-Sep-2021","697.00","702.00","689.15","694.10","16,729,859"
"30-Sep-2021","695.80","709.80","686.80","688.30","13,911,568"
"01-Oct-2021","687.35","687.35","667.65","675.90","14,952,128"
"04-Oct-2021","675.00","686.20","669.70","681.40","8,917,898"
"05-Oct-2021","684.40","703.45","680.40","699.25","25,598,885"
"06-Oct-2021","705.75","707.95","688.20","691.40","10,406,502"
"07-Oct-2021","695.75","702.20","691.30","692.50","8,121,590"
"08-Oct-2021","695.15","699.55","688.90","695.50","6,297,352"
"11-Oct-2021","693.10","696.05","685.00","690.85","8,792,050"
"12-Oct-2021","691.00","698.40","684.20","686.35","8,579,567"
"13-Oct-2021","689.00","696.80","683.10","689.90","7,062,149"
"14-Oct-2021","693.00","694.00","681.85","685.80","9,820,591"
"18-Oct-2021","700.00","701.95","679.65","680.60","8,574,445"
"19-Oct-2021","699.00","699.00","675.45","681.10","7,328,862"
"20-Oct-2021","683.40","713.90","681.40","708.45","21,217,306"
"21-Oct-2021","710.95","712.35","689.20","696.05","8,908,979"
"22-Oct-2021","698.50","705.30","684.25","694.50","6,587,256"
"25-Oct-2021","693.00","704.00","675.00","691.10","9,540,441"
"26-Oct-2021","695.00","709.85","689.00","696.20","10,953,878"
"27-Oct-2021","699.40","714.65","694.00","702.35","11,878,571"
"28-Oct-2021","702.75","706.05","684.40","689.75","8,884,507"
"29-Oct-2021","692.20","701.00","677.05","685.35","8,602,343"
"01-Nov-2021","689.95","722.80","689.60","712.50","17,121,001"
"02-Nov-2021","712.50","723.10","709.55","713.95","7,725,455"
"03-Nov-2021","725.75","732.50","696.00","699.10","23,261,507"
"04-Nov-2021","704.00","704.80","699.20","701.10","1,064,714"
"08-Nov-2021","707.45","714.90","704.00","709.00","7,565,546"
"09-Nov-2021","711.70","716.45","705.15","713.20","5,278,131"
"10-Nov-2021","717.50","738.00","707.35","735.45","15,180,490"
"11-Nov-2021","735.00","738.60","724.25","728.60","7,421,118"
"12-Nov-2021","733.00","745.00","725.25","743.50","9,207,508"
"15-Nov-2021","740.00","746.00","736.20","737.55","5,454,742"
"16-Nov-2021","741.35","742.05","727.05","730.30","4,639,931"
"17-Nov-2021","724.55","732.35","716.25","720.05","8,002,927"
"18-Nov-2021","720.60","723.45","708.00","714.35","4,469,597"
"22-Nov-2021","740.00","755.95","733.10","742.10","36,884,348"
"23-Nov-2021","745.00","761.00","735.70","758.90","18,240,414"
"24-Nov-2021","764.00","781.80","756.25","758.90","21,653,712"
"25-Nov-2021","759.05","768.50","752.80","765.15","8,483,653"
"26-Nov-2021","763.00","763.00","733.10","738.75","11,142,921"
"29-Nov-2021","752.00","755.00","727.10","739.35","15,885,643"
"30-Nov-2021","740.00","750.20","722.65","728.25","14,272,616"
"01-Dec-2021","733.00","737.40","718.25","722.25","10,488,561"
"02-Dec-2021","723.90","735.70","714.15","732.55","11,507,427"
"03-Dec-2021","730.00","734.65","716.30","718.35","11,024,093"
"06-Dec-2021","718.00","721.90","693.85","697.60","8,804,487"
"07-Dec-2021","702.35","705.70","694.10","698.85","10,238,693"
"08-Dec-2021","705.00","719.00","702.30","715.15","8,296,393"
"09-Dec-2021","716.80","723.95","711.00","713.95","9,069,515"
"10-Dec-2021","711.00","718.90","707.00","710.70","4,251,339"
"13-Dec-2021","715.00","718.40","698.35","703.10","9,896,899"
"14-Dec-2021","701.00","706.30","688.40","691.60","9,275,631"
"15-Dec-2021","691.75","694.90","684.10","685.45","7,674,319"
"16-Dec-2021","689.90","689.90","677.60","681.40","9,633,006"
"17-Dec-2021","681.00","685.70","661.10","666.05","13,850,460"
"20-Dec-2021","659.15","661.15","645.10","658.25","11,812,939"
"21-Dec-2021","663.95","670.90","659.20","667.00","8,084,499"
"22-Dec-2021","667.00","686.00","667.00","684.75","8,522,226"
"23-Dec-2021","689.00","689.00","675.50","678.75","5,602,466"
"24-Dec-2021","682.10","682.85","672.65","677.05","3,756,020"
"27-Dec-2021","674.95","678.35","668.65","675.75","3,658,572"
"28-Dec-2021","679.85","683.50","675.05","680.05","3,892,590"
"29-Dec-2021","679.95","683.50","675.00","676.85","3,847,574"
"30-Dec-2021","677.50","685.80","674.20","679.35","5,701,612"
"31-Dec-2021","680.50","694.10","680.00","683.80","4,598,628"
"03-Jan-2022","687.80","692.60","683.10","691.30","2,939,833"
"04-Jan-2022","692.25","703.25","690.40","697.45","6,473,875"
"05-Jan-2022","700.90","702.75","691.75","700.00","4,586,105"
"06-Jan-2022","702.00","720.50","700.00","710.40","21,642,414"
"07-Jan-2022","713.90","715.15","701.45","704.70","4,315,015"
"10-Jan-2022","705.40","711.35","703.65","704.95","3,565,324"
"11-Jan-2022","703.00","709.55","694.60","703.45","10,642,484"
"12-Jan-2022","707.95","732.70","704.20","730.20","12,366,953"
"13-Jan-2022","729.00","735.65","726.15","731.80","5,829,874"
"14-Jan-2022","729.95","730.90","718.45","720.60","5,344,096"
"17-Jan-2022","720.00","734.75","719.55","728.60","4,340,924"
"18-Jan-2022","727.00","730.70","712.55","714.35","4,312,058"
"19-Jan-2022","714.00","715.00","701.70","703.70","5,879,490"
"20-Jan-2022","706.00","719.65","705.25","715.40","4,812,496"
"21-Jan-2022","709.60","714.00","689.35","695.25","6,704,622"
"24-Jan-2022","690.30","707.00","677.35","689.90","11,091,633"
"25-Jan-2022","684.00","720.45","682.15","711.85","14,128,764"
"27-Jan-2022","706.50","716.00","701.50","707.25","8,937,312"
"28-Jan-2022","714.90","754.00","701.65","715.80","21,450,677"
"31-Jan-2022","728.00","735.00","719.55","729.30","10,745,370"
"01-Feb-2022","733.00","735.00","718.30","723.05","4,814,511"
"02-Feb-2022","726.10","731.75","720.50","725.05","3,286,577"
"03-Feb-2022","726.00","729.00","718.50","721.65","3,651,578"
"04-Feb-2022","721.10","723.25","716.50","720.20","3,284,198"
"07-Feb-2022","718.00","720.10","699.50","706.50","6,833,983"
"08-Feb-2022","711.20","714.70","701.00","708.90","7,167,684"
"09-Feb-2022","707.10","726.10","702.15","719.35","10,185,173"
"10-Feb-2022","722.95","726.95","708.60","724.05","6,074,014"
"11-Feb-2022","721.70","725.40","710.90","715.15","5,646,980"
"14-Feb-2022","704.00","704.00","685.00","689.70","7,441,445"
"15-Feb-2022","696.00","713.10","686.60","711.55","4,650,249"
"16-Feb-2022","717.40","728.20","708.00","721.80","5,433,910"
"17-Feb-2022","724.45","727.50","715.00","717.00","5,107,708"
"18-Feb-2022","712.05","719.55","711.35","712.55","4,099,366"
"21-Feb-2022","708.05","716.55","703.00","709.95","4,307,430"
"22-Feb-2022","694.20","702.50","687.50","699.25","9,148,804"
"23-Feb-2022","700.10","708.95","699.50","704.40","4,124,469"
"24-Feb-2022","682.00","688.55","645.45","670.90","14,139,461"
"25-Feb-2022","677.50","695.15","677.50","688.65","6,452,099"
"28-Feb-2022","681.00","690.00","666.45","686.50","8,301,523"
"02-Mar-2022","684.00","684.00","666.00","674.25","10,220,908"
"03-Mar-2022","675.00","679.80","668.60","672.05","6,517,030"
"04-Mar-2022","665.00","667.95","650.00","653.70","7,094,874"
"07-Mar-2022","640.00","679.35","639.00","675.40","12,615,451"
"08-Mar-2022","675.00","686.85","667.60","683.00","8,462,985"
"09-Mar-2022","682.00","698.00","674.30","691.50","9,896,395"
"10-Mar-2022","699.95","707.50","690.60","697.75","5,989,327"
"11-Mar-2022","696.70","702.40","691.50","694.85","3,353,880"
"14-Mar-2022","688.15","704.85","688.15","700.40","4,016,137"
"15-Mar-2022","699.00","709.50","695.50","703.10","6,006,439"
"16-Mar-2022","710.00","715.50","705.00","712.00","3,843,706"
"17-Mar-2022","720.00","727.95","715.00","722.90","8,168,953"
"21-Mar-2022","722.00","724.35","706.80","708.20","6,317,305"
"22-Mar-2022","708.50","721.00","705.85","719.25","3,000,133"
"23-Mar-2022","719.25","719.85","703.00","704.95","7,974,713"
"24-Mar-2022","698.00","708.85","697.85","706.35","3,597,143"
"25-Mar-2022","712.30","714.45","705.85","709.35","2,930,336"
"28-Mar-2022","715.25","737.00","710.10","733.05","7,960,258"
"29-Mar-2022","740.40","763.00","737.00","754.95","15,833,573"
"30-Mar-2022","762.75","769.90","744.60","749.50","9,938,988"
"31-Mar-2022","753.00","759.00","739.70","754.95","7,371,181"
"01-Apr-2022","759.80","766.65","749.25","758.50","5,920,139"
"04-Apr-2022","757.85","775.00","756.20","767.80","5,783,224"
"05-Apr-2022","767.80","773.80","761.00","766.60","3,990,794"
"06-Apr-2022","764.00","780.70","763.00","775.65","7,490,027"
"07-Apr-2022","775.00","777.85","759.55","762.40","5,818,505"
"08-Apr-2022","768.35","768.35","757.60","762.10","5,583,587"
"11-Apr-2022","757.00","765.20","756.00","758.05","4,927,865"
"12-Apr-2022","759.95","759.95","740.10","741.65","3,904,026"
"13-Apr-2022","742.00","756.50","737.95","740.65","6,343,030"
"18-Apr-2022","736.65","740.15","723.40","729.50","8,950,327"
"19-Apr-2022","739.00","739.00","716.85","723.50","9,957,060"
"20-Apr-2022","730.05","744.50","723.95","739.35","6,632,292"
"21-Apr-2022","743.90","743.90","730.00","735.75","6,111,830"
"22-Apr-2022","731.00","740.90","729.00","738.75","5,182,247"
"25-Apr-2022","729.95","743.00","729.15","739.35","3,571,031"
"26-Apr-2022","745.00","758.90","739.10","756.30","4,987,848"
"27-Apr-2022","750.00","761.55","746.40","752.50","4,571,399"
"28-Apr-2022","751.00","754.30","744.60","747.35","6,101,866"
"29-Apr-2022","752.00","761.00","735.55","739.00","7,219,115"
"02-May-2022","734.00","742.95","730.35","741.35","3,938,533"
"04-May-2022","737.00","739.35","717.00","722.40","6,785,271"
"05-May-2022","726.00","733.10","714.25","718.95","4,836,692"
"06-May-2022","711.25","723.90","707.75","710.25","5,912,312"
"09-May-2022","706.10","720.50","704.45","711.50","4,819,274"
"10-May-2022","711.00","728.50","710.15","719.65","6,746,893"
"11-May-2022","719.65","735.00","716.90","722.85","6,919,703"
"12-May-2022","715.25","722.80","701.25","705.40","6,754,953"
"13-May-2022","713.00","713.00","684.75","689.90","11,938,252"
"16-May-2022","685.85","698.00","679.65","693.20","5,412,233"
"17-May-2022","695.00","710.00","690.85","707.05","4,847,812"
"18-May-2022","721.00","727.15","689.20","696.15","18,992,703"
"19-May-2022","685.00","693.00","667.85","674.25","7,322,668"
"20-May-2022","688.50","691.50","683.00","687.90","5,577,407"
"23-May-2022","681.80","693.90","679.60","685.85","3,788,601"
"24-May-2022","689.25","689.25","675.85","678.20","4,053,608"
"25-May-2022","681.25","689.90","679.55","688.20","4,188,088"
"26-May-2022","690.00","695.50","675.90","693.65","5,780,597"
"27-May-2022","697.05","700.00","676.00","684.40","7,131,633"
"30-May-2022","687.45","703.75","683.00","699.05","4,675,033"
"31-May-2022","697.50","706.60","692.60","700.20","44,593,174"
"01-Jun-2022","701.55","706.20","691.25","694.65","3,749,781"
"02-Jun-2022","688.90","696.95","683.05","695.95","3,466,993"
"03-Jun-2022","697.05","700.80","685.25","686.50","6,673,615"
"06-Jun-2022","682.20","689.80","676.50","682.95","6,407,024"
"07-Jun-2022","678.15","687.25","673.30","685.30","8,349,903"
"08-Jun-2022","682.50","687.80","660.45","663.30","13,904,149"
"09-Jun-2022","660.00","679.40","655.10","676.35","6,774,925"
"10-Jun-2022","668.00","676.45","668.00","673.35","3,221,484"
"13-Jun-2022","660.10","673.35","658.00","671.30","5,982,102"
"14-Jun-2022","669.10","689.40","669.10","682.05","8,878,530"
"15-Jun-2022","681.95","685.00","673.50","682.10","6,005,970"
"16-Jun-2022","683.10","683.90","650.00","654.20","9,525,587"
"17-Jun-2022","656.00","661.75","638.00","643.65","11,085,830"
"20-Jun-2022","644.95","647.45","634.20","640.90","3,883,001"
"21-Jun-2022","642.10","658.15","640.50","654.30","3,515,991"
"22-Jun-2022","648.60","650.35","641.45","642.85","4,348,884"
"23-Jun-2022","648.15","664.60","647.75","660.20","4,336,533"
"24-Jun-2022","662.10","675.70","662.10","671.20","5,621,332"
"27-Jun-2022","675.00","687.00","671.20","683.95","5,284,297"
"28-Jun-2022","683.00","684.90","676.30","681.15","3,216,376"
"29-Jun-2022","677.00","689.10","675.00","687.80","5,011,798"
"30-Jun-2022","689.80","691.60","679.00","684.95","6,505,666"
"01-Jul-2022","684.85","685.80","666.00","673.45","4,488,771"
"04-Jul-2022","670.50","685.50","666.05","681.90","4,229,588"
"05-Jul-2022","683.30","689.30","680.05","684.45","3,494,504"
"06-Jul-2022","684.50","694.95","684.20","693.95","4,697,006"
"07-Jul-2022","692.00","696.50","685.45","686.80","3,485,283"
"08-Jul-2022","688.00","696.60","686.65","695.15","2,732,170"
"11-Jul-2022","675.00","681.00","658.95","660.55","18,687,521"
"12-Jul-2022","663.25","666.90","660.00","663.00","7,416,645"
"13-Jul-2022","670.00","670.00","641.00","643.50","12,030,163"
"14-Jul-2022","650.00","652.20","628.75","641.65","11,379,990"
"15-Jul-2022","648.95","657.50","643.25","651.80","5,567,877"
"18-Jul-2022","657.00","670.00","649.15","663.05","8,982,417"
"19-Jul-2022","675.00","677.00","663.10","672.90","7,836,419"
"20-Jul-2022","680.00","680.00","668.20","670.65","4,458,819"
"21-Jul-2022","671.50","679.95","671.20","678.35","3,550,107"
"22-Jul-2022","679.70","681.90","675.20","678.85","2,415,220"
"25-Jul-2022","680.00","686.55","676.55","678.40","2,913,348"
"26-Jul-2022","682.60","685.35","670.25","684.10","5,016,687"
"27-Jul-2022","683.95","683.95","669.70","674.90","6,237,523"
"28-Jul-2022","678.80","679.40","664.20","666.85","7,374,170"
"29-Jul-2022","672.80","680.65","671.00","677.95","7,669,970"
"01-Aug-2022","677.95","697.80","677.05","694.45","8,812,526"
"02-Aug-2022","700.00","700.30","681.15","686.80","6,236,599"
"03-Aug-2022","688.00","696.85","687.00","693.15","5,237,250"
"04-Aug-2022","698.20","698.50","680.70","694.30","6,352,142"
"05-Aug-2022","698.00","710.00","696.35","703.65","5,811,092"
"08-Aug-2022","707.95","709.85","699.00","704.35","5,918,607"
"10-Aug-2022","713.90","718.00","706.00","715.25","12,201,239"
"11-Aug-2022","718.80","719.40","705.70","709.80","7,142,902"
"12-Aug-2022","709.85","712.50","706.65","709.70","4,540,159"
"16-Aug-2022","715.00","716.00","700.50","704.10","6,679,663"
"17-Aug-2022","707.00","724.65","702.30","722.95","8,812,954"
"18-Aug-2022","725.00","736.00","720.90","733.20","10,354,897"
"19-Aug-2022","730.20","737.60","726.00","732.30","13,743,828"
"22-Aug-2022","731.85","734.40","724.40","727.60","8,118,490"
"23-Aug-2022","725.00","742.60","722.55","737.60","8,229,797"
"24-Aug-2022","722.85","754.20","718.00","738.75","14,922,081"
"25-Aug-2022","744.80","754.05","735.25","741.00","9,849,958"
"26-Aug-2022","741.50","741.50","728.00","730.85","5,928,897"
"29-Aug-2022","717.70","724.90","715.10","720.60","5,878,942"
"30-Aug-2022","722.00","730.10","711.80","726.60","8,894,800"
"01-Sep-2022","726.50","746.00","726.50","735.05","11,869,518"
"02-Sep-2022","725.00","740.90","719.65","735.00","5,693,707"
"05-Sep-2022","735.00","741.95","733.25","740.40","3,660,135"
"06-Sep-2022","740.40","765.00","740.40","761.25","10,166,270"
"07-Sep-2022","755.50","761.90","686.20","753.10","126,794,211"
"08-Sep-2022","759.00","776.00","757.05","769.80","10,648,073"
"09-Sep-2022","773.00","774.80","762.90","765.75","4,627,905"
"12-Sep-2022","767.00","771.40","764.50","769.15","2,654,087"
"13-Sep-2022","774.00","788.90","770.00","784.25","8,335,652"
"14-Sep-2022","776.00","788.40","775.75","783.35","6,645,392"
"15-Sep-2022","788.00","790.65","782.00","785.10","5,485,310"
"16-Sep-2022","788.00","788.00","776.45","779.65","20,211,162"
"19-Sep-2022","773.50","786.00","772.20","782.75","5,760,313"
"20-Sep-2022","786.70","796.95","785.00","792.15","7,936,714"
"21-Sep-2022","792.15","797.00","779.00","780.20","9,966,193"
"22-Sep-2022","791.20","794.80","776.35","784.10","7,721,133"
"23-Sep-2022","788.00","788.00","768.70","771.35","9,271,829"
"26-Sep-2022","769.95","771.15","753.20","755.05","13,144,297"
"27-Sep-2022","758.85","765.00","757.20","760.60","5,965,026"
"28-Sep-2022","755.50","771.00","755.00","761.45","5,546,932"
"29-Sep-2022","763.95","769.00","759.30","764.65","5,413,233"
"30-Sep-2022","765.95","809.00","761.45","799.90","7,469,164"
"03-Oct-2022","803.40","815.55","798.05","803.35","12,619,046"
"04-Oct-2022","813.00","816.75","807.50","808.70","5,772,140"
"06-Oct-2022","810.55","815.85","786.65","788.60","6,503,205"
"07-Oct-2022","792.00","796.80","784.70","793.10","6,025,982"
"10-Oct-2022","784.95","794.80","779.70","792.35","3,519,416"
"11-Oct-2022","797.50","797.50","776.00","780.30","3,699,862"
"12-Oct-2022","780.30","781.35","769.20","775.55","5,984,299"
"13-Oct-2022","775.00","779.00","767.65","768.90","2,842,056"
"14-Oct-2022","779.95","779.95","763.05","765.95","3,608,210"
"17-Oct-2022","761.00","771.00","759.85","766.00","4,566,333"
"18-Oct-2022","769.85","785.60","768.65","783.15","4,391,263"
"19-Oct-2022","787.95","788.65","779.50","783.40","5,219,180"
"20-Oct-2022","782.00","794.00","778.30","792.90","4,756,732"
"21-Oct-2022","790.00","802.85","789.75","797.45","4,807,736"
"24-Oct-2022","800.00","807.50","800.00","802.10","522,406"
"25-Oct-2022","806.15","806.35","798.70","802.30","3,184,277"
"27-Oct-2022","806.50","822.20","804.20","817.10","8,159,181"
"28-Oct-2022","819.00","824.40","811.30","816.85","3,905,093"
"31-Oct-2022","823.00","833.80","820.00","832.00","5,487,233"
"01-Nov-2022","828.00","841.45","821.05","835.55","10,488,759"
"02-Nov-2022","830.00","830.00","807.25","809.85","11,729,925"
"03-Nov-2022","809.75","824.40","804.20","818.65","5,897,840"
"04-Nov-2022","815.70","821.80","809.20","816.40","3,768,226"
"07-Nov-2022","817.00","824.05","809.00","822.70","7,171,570"
"09-Nov-2022","824.20","825.50","814.45","819.05","3,969,171"
"10-Nov-2022","819.80","830.70","817.55","825.75","4,425,290"
"11-Nov-2022","830.75","836.90","823.80","826.90","4,325,441"
"14-Nov-2022","818.00","830.80","817.00","821.90","10,406,576"
"15-Nov-2022","822.65","838.75","822.65","835.25","6,229,710"
"16-Nov-2022","837.50","844.05","828.05","841.20","3,445,345"
"17-Nov-2022","841.80","849.40","838.40","846.15","4,545,534"
"18-Nov-2022","849.95","851.85","831.10","837.30","7,405,949"
"21-Nov-2022","837.00","852.80","835.00","851.20","5,527,122"
"22-Nov-2022","853.40","860.55","845.10","847.60","7,601,660"
"23-Nov-2022","851.85","851.85","841.60","843.25","4,596,816"
"24-Nov-2022","846.00","851.00","837.75","848.35","3,455,310"
"25-Nov-2022","852.00","860.00","841.60","846.85","2,991,065"
"28-Nov-2022","840.25","852.55","836.05","837.40","3,668,846"
"29-Nov-2022","839.00","844.80","835.00","835.85","2,680,296"
"30-Nov-2022","834.80","852.00","832.60","848.75","6,874,390"
"01-Dec-2022","853.00","853.20","841.60","848.60","4,506,664"
"02-Dec-2022","851.40","851.95","839.10","848.65","3,505,272"
"05-Dec-2022","851.00","851.60","840.85","844.10","3,311,316"
"06-Dec-2022","844.90","845.00","829.70","833.35","5,567,349"
"07-Dec-2022","837.55","841.60","832.00","834.00","3,771,882"
"08-Dec-2022","833.00","840.20","826.30","832.60","4,822,179"
"09-Dec-2022","830.30","836.60","823.95","834.90","4,615,843"
"12-Dec-2022","832.60","836.95","825.40","828.40","3,149,823"
"13-Dec-2022","822.00","840.00","822.00","838.05","3,832,999"
"14-Dec-2022","840.65","842.00","828.15","829.20","7,491,333"
"15-Dec-2022","829.00","831.00","824.35","826.35","2,996,482"
"16-Dec-2022","825.00","832.70","819.90","822.75","4,309,644"
"19-Dec-2022","822.70","845.05","822.00","840.40","6,397,169"
"20-Dec-2022","839.75","839.75","822.00","828.95","2,828,863"
"21-Dec-2022","833.00","833.05","812.35","814.00","5,079,337"
"22-Dec-2022","819.00","824.70","809.50","816.60","3,626,834"
"23-Dec-2022","814.00","817.95","805.00","808.65","2,804,496"
"26-Dec-2022","805.05","815.20","801.15","811.00","6,023,206"
"27-Dec-2022","815.00","819.45","805.00","814.80","1,782,053"
"28-Dec-2022","813.00","813.90","801.45","803.80","2,907,741"
"29-Dec-2022","807.05","824.75","760.10","820.75","6,110,313"
"30-Dec-2022","824.70","824.80","804.95","806.10","3,113,243"
"02-Jan-2023","806.25","816.20","805.60","813.50","1,626,846"
"03-Jan-2023","810.35","818.80","808.50","817.60","1,717,603"
"04-Jan-2023","818.95","820.45","806.20","811.80","2,970,216"
"05-Jan-2023","825.00","825.00","803.75","807.10","5,297,349"
"06-Jan-2023","807.55","812.25","792.00","796.00","3,199,618"
"09-Jan-2023","802.70","821.50","801.05","819.40","4,340,729"
"10-Jan-2023","826.10","826.10","790.30","792.85","8,392,344"
"11-Jan-2023","775.00","779.65","751.65","765.55","28,389,020"
"12-Jan-2023","765.00","769.30","753.55","756.90","12,732,671"
"13-Jan-2023","757.00","765.95","752.00","764.30","12,279,288"
"16-Jan-2023","766.40","768.10","754.65","759.15","5,779,293"
"17-Jan-2023","759.15","768.90","758.75","765.70","6,594,428"
"18-Jan-2023","768.20","780.00","766.00","776.55","5,800,899"
"19-Jan-2023","776.00","776.50","765.65","772.00","4,169,463"
"20-Jan-2023","775.85","775.85","758.30","764.45","6,289,718"
"23-Jan-2023","767.90","776.00","763.85","772.70","2,685,320"
"24-Jan-2023","773.00","777.55","761.00","775.65","5,012,125"
"25-Jan-2023","774.95","780.50","768.00","776.50","6,560,514"
"27-Jan-2023","774.95","778.90","765.80","774.50","6,745,926"
"30-Jan-2023","771.60","774.95","763.00","770.20","5,420,851"
"31-Jan-2023","775.00","779.00","768.40","770.30","8,537,557"
"01-Feb-2023","775.95","784.65","756.60","769.10","4,472,974"
"02-Feb-2023","765.10","781.00","765.05","777.75","2,841,909"
"03-Feb-2023","779.90","794.95","778.40","792.90","5,493,687"
"06-Feb-2023","789.70","794.65","778.80","789.25","2,407,975"
"07-Feb-2023","793.90","795.85","783.00","785.90","4,126,502"
"08-Feb-2023","778.00","781.00","765.00","775.10","9,951,783"
"09-Feb-2023","770.00","775.10","761.30","766.65","5,913,945"
"10-Feb-2023","768.95","773.20","761.00","771.95","2,954,992"
"13-Feb-2023","771.00","779.60","766.70","768.60","3,705,892"
"14-Feb-2023","769.00","777.60","766.20","775.20","3,502,010"
"15-Feb-2023","775.00","787.15","772.20","785.40","3,602,838"
"16-Feb-2023","789.65","790.50","780.60","784.45","3,399,428"
"17-Feb-2023","785.95","787.45","770.30","776.80","3,093,216"
"20-Feb-2023","781.25","793.80","777.10","779.15","3,381,774"
"21-Feb-2023","783.05","788.00","778.15","779.05","2,769,616"
"22-Feb-2023","777.00","781.65","766.50","772.15","3,261,898"
"23-Feb-2023","774.00","777.50","761.85","762.95","4,062,194"
"24-Feb-2023","775.70","775.80","755.00","757.10","4,357,223"
"27-Feb-2023","753.00","754.40","738.45","752.90","6,719,439"
"28-Feb-2023","755.00","757.10","739.65","742.25","10,562,614"
"01-Mar-2023","742.40","753.45","741.00","750.20","3,744,982"
"02-Mar-2023","751.00","751.80","735.80","740.10","4,910,541"
"03-Mar-2023","745.00","765.90","743.55","764.40","5,759,333"
"06-Mar-2023","766.70","775.90","765.10","766.60","4,597,345"
"08-Mar-2023","764.00","769.90","760.70","766.55","3,546,995"
"09-Mar-2023","795.00","795.00","770.20","773.40","5,240,056"
"10-Mar-2023","773.00","778.95","768.20","773.75","4,113,931"
"13-Mar-2023","777.45","777.80","763.15","765.30","3,447,889"
"14-Mar-2023","764.00","776.75","764.00","771.80","3,753,502"
"15-Mar-2023","758.00","765.55","752.50","756.65","8,101,060"
"16-Mar-2023","750.00","759.00","743.50","745.95","7,465,693"
"17-Mar-2023","750.00","759.45","739.15","757.25","9,306,857"
"20-Mar-2023","754.95","759.80","748.80","754.80","3,566,109"
"21-Mar-2023","760.00","766.00","755.15","756.95","5,332,221"
"22-Mar-2023","761.00","763.20","753.15","756.70","2,680,654"
"23-Mar-2023","758.00","765.80","756.85","763.55","2,454,948"
"24-Mar-2023","763.55","767.00","758.85","762.45","2,336,818"
"27-Mar-2023","763.00","769.70","759.35","761.75","2,258,853"
"28-Mar-2023","765.60","765.60","742.80","748.45","4,166,723"
"29-Mar-2023","751.00","754.90","738.85","743.60","4,891,868"
"31-Mar-2023","752.15","753.00","742.05","749.00","5,796,532"
"03-Apr-2023","755.00","761.90","752.05","760.55","2,120,667"
"05-Apr-2023","768.00","768.00","756.00","763.45","3,197,932"
"06-Apr-2023","762.60","768.70","759.10","765.95","1,777,379"
"10-Apr-2023","768.95","776.30","766.45","769.75","1,701,065"
"11-Apr-2023","776.00","776.00","768.15","774.15","3,485,481"
"12-Apr-2023","774.00","774.55","765.10","771.10","3,794,841"
"13-Apr-2023","770.00","771.15","765.45","767.05","4,292,170"
"17-Apr-2023","789.00","789.00","754.35","759.65","9,083,437"
"18-Apr-2023","765.00","765.00","752.55","759.75","4,051,481"
"19-Apr-2023","761.35","766.85","756.00","764.65","3,429,794"
"20-Apr-2023","764.00","773.75","762.60","772.30","2,355,441"
"21-Apr-2023","769.60","775.25","764.45","765.20","4,524,208"
"24-Apr-2023","765.20","767.40","755.65","760.25","5,271,105"
"25-Apr-2023","764.95","777.00","761.75","772.60","5,773,233"
"26-Apr-2023","779.90","779.90","767.10","773.45","5,057,352"
"27-Apr-2023","772.00","789.20","771.35","786.50","4,129,769"
"28-Apr-2023","789.85","802.05","787.20","799.30","6,572,656"
"02-May-2023","800.25","806.80","788.55","790.20","6,301,210"
"03-May-2023","794.50","794.50","777.20","779.30","3,908,267"
"04-May-2023","779.30","792.70","773.65","789.10","2,457,671"
"05-May-2023","789.10","790.95","780.25","787.30","1,438,467"
"08-May-2023","789.90","795.30","785.20","793.75","2,489,174"
"09-May-2023","796.90","798.35","790.50","793.60","2,486,331"
"10-May-2023","797.00","797.55","788.05","796.05","2,737,334"
"11-May-2023","794.55","794.55","783.70","788.60","4,808,171"
"12-May-2023","787.50","793.70","784.50","791.95","2,576,010"
"15-May-2023","793.00","802.50","789.55","797.05","7,569,060"
"16-May-2023","800.85","801.25","784.00","787.35","4,846,217"
"17-May-2023","788.00","797.65","783.90","792.25","6,529,233"
"18-May-2023","797.95","803.00","794.65","799.35","11,383,252"
"19-May-2023","799.35","808.35","793.25","805.75","3,432,240"
"22-May-2023","801.00","804.00","799.50","801.85","9,996,762"
"23-May-2023","808.95","808.95","797.95","799.95","6,516,636"
"24-May-2023","802.90","802.90","795.00","801.40","9,104,329"
"25-May-2023","799.60","825.50","797.85","822.70","9,570,396"
"26-May-2023","827.90","829.35","813.40","817.95","6,150,206"
"29-May-2023","829.40","829.40","818.00","821.25","3,684,829"
"30-May-2023","821.25","826.35","812.80","818.45","5,148,256"
"31-May-2023","819.00","888.75","818.00","849.90","47,342,125"
"01-Jun-2023","837.95","837.95","823.00","827.95","9,713,155"
"02-Jun-2023","832.80","839.30","826.95","836.50","6,834,131"
"05-Jun-2023","838.50","841.35","832.15","834.50","5,298,053"
"06-Jun-2023","834.50","838.25","826.15","829.45","2,722,174"
"07-Jun-2023","828.90","847.50","827.25","844.25","4,110,739"
"08-Jun-2023","847.70","849.40","834.55","836.00","4,050,621"
"09-Jun-2023","838.55","839.80","828.95","833.50","3,332,436"
"12-Jun-2023","834.85","843.10","831.75","836.35","1,569,715"
"13-Jun-2023","838.10","844.00","832.75","834.35","3,224,345"
"14-Jun-2023","832.00","833.95","819.00","827.95","5,108,720"
"15-Jun-2023","827.00","833.80","824.20","829.70","3,865,201"
"16-Jun-2023","822.50","840.00","820.80","837.80","4,907,797"
"19-Jun-2023","840.00","840.00","827.50","828.15","3,017,364"
"20-Jun-2023","828.10","833.70","826.85","831.20","2,691,557"
"21-Jun-2023","832.00","840.75","830.40","839.00","3,022,724"
"22-Jun-2023","836.70","843.50","834.70","842.80","4,380,046"
"23-Jun-2023","844.00","862.75","841.35","854.80","7,667,340"
"26-Jun-2023","857.35","857.35","846.35","851.95","4,431,992"
"27-Jun-2023","856.50","871.35","853.60","864.90","5,533,649"
"28-Jun-2023","869.50","873.60","863.60","872.20","6,272,649"
"30-Jun-2023","880.00","883.00","867.05","878.75","5,217,511"
"03-Jul-2023","880.00","884.15","874.60","879.15","3,333,167"
"04-Jul-2023","873.80","873.80","853.30","865.15","7,397,493"
"05-Jul-2023","868.00","871.00","863.05","866.65","4,284,477"
"06-Jul-2023","864.35","877.90","863.45","869.65","6,365,222"
"07-Jul-2023","865.00","883.60","862.50","870.45","18,763,997"
"10-Jul-2023","867.00","889.60","865.00","885.40","4,310,681"
"11-Jul-2023","890.00","893.15","886.30","891.90","3,353,977"
"12-Jul-2023","889.95","895.70","883.10","889.95","3,033,186"
"13-Jul-2023","891.35","893.30","883.25","885.05","4,228,714"
"14-Jul-2023","885.00","890.25","879.65","886.50","3,860,080"
"17-Jul-2023","886.00","896.65","876.00","878.10","5,614,592"
"18-Jul-2023","877.05","880.20","863.15","875.45","4,731,911"
"19-Jul-2023","875.45","877.00","867.20","870.75","6,641,825"
"20-Jul-2023","871.00","886.70","868.00","884.85","3,779,959"
"21-Jul-2023","878.10","891.90","874.80","886.00","7,001,587"
"24-Jul-2023","885.00","892.60","880.80","888.15","4,125,577"
"25-Jul-2023","888.00","894.70","879.10","883.65","3,652,262"
"26-Jul-2023","886.50","896.50","883.30","889.40","2,845,581"
"27-Jul-2023","889.35","901.40","888.15","895.15","3,445,446"
"28-Jul-2023","899.90","899.90","890.55","895.10","2,314,339"
"31-Jul-2023","894.00","897.80","885.25","889.90","4,424,817"
"01-Aug-2023","894.50","897.40","888.15","891.65","2,087,412"
"02-Aug-2023","883.20","890.65","872.60","878.10","3,328,903"
"03-Aug-2023","875.00","882.05","865.10","871.70","4,642,067"
"04-Aug-2023","869.00","892.95","866.20","889.65","7,066,276"
"07-Aug-2023","885.15","900.55","884.10","891.40","4,086,452"
"08-Aug-2023","892.00","894.30","880.45","885.40","3,282,856"
"09-Aug-2023","885.00","897.45","878.80","883.70","3,185,159"
"10-Aug-2023","882.00","883.90","868.20","874.80","3,439,922"
"11-Aug-2023","872.00","873.70","865.00","870.55","2,812,690"
"14-Aug-2023","870.50","870.60","857.60","867.05","2,665,905"
"16-Aug-2023","870.00","874.00","853.20","856.95","3,962,408"
"17-Aug-2023","857.20","859.85","850.00","856.70","3,013,019"
"18-Aug-2023","856.70","862.00","852.25","856.25","4,929,835"
"21-Aug-2023","855.65","874.00","854.10","871.95","3,220,142"
"22-Aug-2023","871.00","879.95","866.20","877.65","3,333,869"
"23-Aug-2023","877.00","877.00","866.80","868.15","1,860,153"
"24-Aug-2023","873.00","874.70","864.20","869.45","2,842,728"
"25-Aug-2023","869.45","875.95","861.10","873.50","3,124,339"
"28-Aug-2023","874.05","875.75","865.85","870.35","3,094,455"
"29-Aug-2023","870.00","870.00","848.50","855.20","14,064,286"
"30-Aug-2023","859.85","862.60","856.45","857.75","3,261,665"
"31-Aug-2023","855.50","859.50","847.05","856.40","12,528,190"
"01-Sep-2023","853.15","867.55","852.75","865.95","4,427,899"
"04-Sep-2023","865.75","869.45","859.70","865.30","3,102,649"
"05-Sep-2023","863.10","867.80","858.40","865.90","2,216,754"
"06-Sep-2023","867.15","882.40","865.80","880.30","4,235,096"
"07-Sep-2023","880.30","883.70","873.15","875.30","4,532,834"
"08-Sep-2023","881.80","890.65","878.15","885.85","3,741,470"
"11-Sep-2023","888.00","892.30","883.60","890.80","2,733,894"
"12-Sep-2023","894.90","896.50","885.00","890.40","4,106,031"
"13-Sep-2023","888.05","918.00","885.55","915.15","5,222,561"
"14-Sep-2023","920.30","920.60","910.10","914.95","5,513,106"
"15-Sep-2023","912.60","948.70","910.00","936.15","14,003,428"
"18-Sep-2023","929.40","935.80","918.00","920.20","2,977,375"
"20-Sep-2023","911.00","919.30","904.80","910.70","5,241,903"
"21-Sep-2023","910.20","920.15","903.35","917.95","4,896,202"
"22-Sep-2023","917.95","922.35","903.80","911.40","6,112,928"
"25-Sep-2023","912.00","913.35","902.05","910.40","5,278,045"
"26-Sep-2023","910.00","920.95","908.00","912.70","5,355,047"
"27-Sep-2023","914.95","921.05","907.45","920.25","4,713,145"
"28-Sep-2023","926.00","932.00","918.60","925.65","7,386,917"
"29-Sep-2023","932.00","936.40","921.80","926.40","5,608,557"
"03-Oct-2023","918.25","928.25","916.05","925.30","4,338,272"
"04-Oct-2023","918.30","925.95","918.30","924.25","5,603,669"
"05-Oct-2023","925.05","929.60","919.40","928.85","7,063,132"
"06-Oct-2023","929.20","929.20","924.30","926.05","2,420,855"
"09-Oct-2023","918.00","928.05","916.55","924.55","2,248,103"
"10-Oct-2023","924.55","954.05","921.05","948.35","7,897,875"
"11-Oct-2023","948.50","956.80","948.00","955.60","5,645,289"
"12-Oct-2023","955.60","956.80","947.00","950.35","5,544,735"
"13-Oct-2023","946.30","955.95","946.30","954.20","4,421,671"
"16-Oct-2023","957.95","958.75","943.85","946.55","1,881,721"
"17-Oct-2023","946.55","960.25","946.00","953.65","3,863,410"
"18-Oct-2023","953.00","958.90","950.65","952.85","2,334,392"
"19-Oct-2023","945.80","951.30","941.35","942.95","4,306,963"
"20-Oct-2023","937.80","947.50","937.00","945.20","3,125,104"
"23-Oct-2023","941.60","949.10","937.00","939.30","2,180,066"
"25-Oct-2023","924.60","939.65","919.00","922.60","6,365,249"
"26-Oct-2023","921.65","924.60","900.05","905.50","6,595,332"
"27-Oct-2023","910.75","918.40","906.45","914.60","3,508,393"
"30-Oct-2023","914.80","931.95","910.35","926.25","3,686,773"
"31-Oct-2023","920.30","923.55","912.40","914.40","5,697,563"
"01-Nov-2023","903.00","914.55","895.45","913.45","4,821,458"
"02-Nov-2023","920.00","925.95","916.40","923.85","6,611,573"
"03-Nov-2023","925.00","933.70","922.20","930.75","3,895,154"
"06-Nov-2023","934.20","940.70","930.00","939.20","2,760,800"
"07-Nov-2023","936.05","938.95","932.45","937.15","3,616,946"
"08-Nov-2023","941.80","941.80","934.40","936.75","1,808,553"
"09-Nov-2023","936.75","937.30","930.55","932.35","3,914,416"
"10-Nov-2023","929.00","937.00","929.00","935.50","1,345,614"
"12-Nov-2023","940.00","940.00","933.00","938.00","174,810"
"13-Nov-2023","938.00","940.30","933.80","935.00","1,656,368"
"15-Nov-2023","948.00","952.70","936.20","950.00","4,816,316"
"16-Nov-2023","949.00","953.90","943.25","949.55","5,310,736"
"17-Nov-2023","948.80","954.00","946.00","947.30","3,249,469"
"20-Nov-2023","949.00","964.30","941.95","961.40","4,646,962"
"21-Nov-2023","967.00","976.35","961.00","970.85","5,704,644"
"22-Nov-2023","974.30","976.30","965.95","969.75","3,309,732"
"23-Nov-2023","970.00","981.00","963.70","976.65","2,749,555"
"24-Nov-2023","975.00","977.15","971.00","973.15","2,322,104"
"28-Nov-2023","974.05","988.00","971.20","984.90","5,096,984"
"29-Nov-2023","995.90","1,007.10","990.95","995.40","5,647,918"
"30-Nov-2023","995.00","1,018.20","992.70","1,014.70","9,934,052"
"01-Dec-2023","1,015.00","1,022.55","1,008.20","1,014.70","5,544,950"
"04-Dec-2023","1,036.00","1,044.00","1,025.20","1,032.90","5,164,902"
"05-Dec-2023","1,038.80","1,045.95","1,022.10","1,031.10","4,266,159"
"06-Dec-2023","1,029.10","1,035.00","1,013.45","1,024.45","4,121,251"
"07-Dec-2023","1,015.00","1,019.70","998.00","1,000.00","13,805,235"
"08-Dec-2023","998.70","1,004.00","991.30","1,000.25","6,630,766"
"11-Dec-2023","996.10","1,004.60","992.05","1,000.85","6,195,119"
"12-Dec-2023","999.25","1,000.85","987.00","995.25","7,119,331"
"13-Dec-2023","993.20","1,002.00","991.50","999.90","4,153,219"
"14-Dec-2023","1,006.00","1,011.20","999.15","1,005.20","6,541,673"
"15-Dec-2023","999.65","1,010.85","988.25","992.55","10,119,597"
"18-Dec-2023","995.00","998.80","982.15","990.25","5,750,263"
"19-Dec-2023","995.45","997.95","985.90","988.45","3,912,964"
"20-Dec-2023","992.90","993.65","969.00","971.55","3,990,591"
"21-Dec-2023","968.00","981.55","960.00","977.90","4,294,277"
"22-Dec-2023","981.90","998.95","975.55","989.55","4,605,120"
"26-Dec-2023","995.00","1,002.50","989.65","999.85","2,460,643"
"27-Dec-2023","1,000.00","1,024.05","998.00","1,021.20","4,791,379"
"28-Dec-2023","1,023.90","1,041.95","1,022.20","1,036.70","5,288,328"
"29-Dec-2023","1,033.15","1,043.25","1,024.40","1,032.20","4,631,749"
"01-Jan-2024","1,031.95","1,031.95","1,007.00","1,013.05","3,804,406"
"02-Jan-2024","1,017.40","1,025.45","1,016.00","1,021.70","6,865,791"
"03-Jan-2024","1,031.95","1,037.00","1,021.35","1,035.20","3,604,276"
"04-Jan-2024","1,035.25","1,058.80","1,027.55","1,047.90","4,664,043"
"05-Jan-2024","1,053.80","1,063.65","1,038.95","1,046.60","4,008,221"
"08-Jan-2024","1,050.00","1,059.00","1,045.25","1,049.05","4,489,695"
"09-Jan-2024","1,057.00","1,067.90","1,048.05","1,064.50","3,371,125"
"10-Jan-2024","1,066.95","1,073.30","1,055.30","1,062.70","3,111,573"
"11-Jan-2024","1,065.75","1,073.90","1,057.35","1,062.85","2,604,325"
"12-Jan-2024","1,058.10","1,078.55","1,051.60","1,076.35","3,394,013"
"15-Jan-2024","1,078.05","1,104.70","1,074.55","1,102.40","3,312,897"
"16-Jan-2024","1,107.00","1,117.00","1,093.00","1,095.90","5,025,540"
"17-Jan-2024","1,092.00","1,108.95","1,078.80","1,085.25","4,568,700"
"18-Jan-2024","1,075.20","1,096.00","1,075.20","1,087.05","4,407,330"
"19-Jan-2024","1,091.00","1,136.35","1,089.80","1,125.00","11,753,391"
"20-Jan-2024","1,128.05","1,139.25","1,118.75","1,123.75","1,919,442"
"23-Jan-2024","1,145.00","1,172.55","1,135.00","1,158.00","18,194,595"
"24-Jan-2024","1,140.10","1,194.00","1,140.10","1,189.95","9,546,592"
"25-Jan-2024","1,186.00","1,200.65","1,157.05","1,160.55","11,424,697"
"29-Jan-2024","1,158.00","1,169.75","1,158.00","1,162.15","4,015,858"
"30-Jan-2024","1,162.15","1,180.85","1,154.55","1,158.65","3,902,023"
"31-Jan-2024","1,159.00","1,175.05","1,146.20","1,170.70","5,981,966"
"01-Feb-2024","1,165.05","1,170.20","1,148.95","1,151.20","3,606,209"
"02-Feb-2024","1,155.00","1,175.20","1,145.30","1,150.80","4,969,983"
"05-Feb-2024","1,154.35","1,159.65","1,110.00","1,113.55","7,809,331"
"06-Feb-2024","1,125.00","1,156.10","1,123.00","1,134.05","9,863,065"
"07-Feb-2024","1,138.80","1,148.25","1,131.80","1,134.30","2,770,694"
"08-Feb-2024","1,144.40","1,146.50","1,116.20","1,142.15","6,519,392"
"09-Feb-2024","1,145.95","1,145.95","1,116.25","1,120.25","4,203,171"
"12-Feb-2024","1,122.90","1,129.00","1,111.30","1,118.70","3,887,976"
"13-Feb-2024","1,111.00","1,125.00","1,103.80","1,117.85","3,211,554"
"14-Feb-2024","1,110.00","1,121.15","1,104.70","1,115.85","4,653,070"
"15-Feb-2024","1,122.30","1,131.45","1,109.40","1,120.70","5,056,712"
"16-Feb-2024","1,124.00","1,127.05","1,116.85","1,120.00","3,091,952"
"19-Feb-2024","1,121.05","1,145.00","1,118.35","1,142.20","4,711,035"
"20-Feb-2024","1,145.00","1,151.60","1,135.00","1,143.95","5,397,418"
"21-Feb-2024","1,155.00","1,159.15","1,132.60","1,139.90","4,570,259"
"22-Feb-2024","1,137.60","1,138.75","1,097.65","1,135.55","8,642,368"
"23-Feb-2024","1,127.00","1,131.85","1,115.30","1,125.75","6,709,844"
"26-Feb-2024","1,118.10","1,125.90","1,104.35","1,110.05","3,186,134"
"27-Feb-2024","1,113.00","1,131.00","1,101.30","1,127.50","7,149,094"
"28-Feb-2024","1,133.40","1,152.65","1,123.50","1,128.75","5,302,711"
"29-Feb-2024","1,118.85","1,137.95","1,099.00","1,123.35","13,818,650"
"01-Mar-2024","1,128.00","1,140.75","1,117.40","1,128.70","5,927,490"
"02-Mar-2024","1,128.70","1,135.00","1,123.55","1,131.10","133,654"
"04-Mar-2024","1,132.00","1,149.25","1,132.00","1,133.50","5,855,090"
"05-Mar-2024","1,133.05","1,179.75","1,133.05","1,168.90","5,375,008"
"06-Mar-2024","1,173.95","1,196.60","1,157.35","1,193.70","5,464,839"
"07-Mar-2024","1,209.85","1,213.60","1,189.45","1,199.70","8,903,981"
"11-Mar-2024","1,186.00","1,218.30","1,186.00","1,196.60","6,679,208"
"12-Mar-2024","1,200.00","1,208.00","1,197.80","1,204.25","4,249,548"
"13-Mar-2024","1,212.00","1,212.00","1,151.70","1,168.75","7,528,096"
"14-Mar-2024","1,173.95","1,199.70","1,163.55","1,194.60","8,569,080"
"15-Mar-2024","1,190.00","1,222.80","1,187.85","1,220.00","10,115,416"
"18-Mar-2024","1,225.00","1,230.55","1,215.20","1,225.30","4,141,080"
"19-Mar-2024","1,216.20","1,240.40","1,214.60","1,228.35","7,703,719"
"20-Mar-2024","1,228.25","1,239.00","1,223.65","1,231.80","6,596,032"
"21-Mar-2024","1,238.00","1,242.90","1,214.10","1,220.80","9,952,250"
"22-Mar-2024","1,226.95","1,245.00","1,222.00","1,236.10","7,840,007"
"26-Mar-2024","1,225.00","1,234.00","1,210.00","1,213.10","10,898,138"
"27-Mar-2024","1,210.55","1,228.25","1,210.55","1,224.80","5,779,169"
"28-Mar-2024","1,226.95","1,238.50","1,220.30","1,228.60","10,518,377"
"01-Apr-2024","1,228.00","1,231.90","1,208.00","1,217.35","5,461,473"
"02-Apr-2024","1,225.00","1,227.75","1,203.20","1,208.25","3,625,577"
"03-Apr-2024","1,195.00","1,240.60","1,189.45","1,225.70","9,532,291"
"04-Apr-2024","1,231.95","1,233.00","1,201.30","1,206.85","7,327,626"
"05-Apr-2024","1,205.90","1,211.35","1,188.95","1,191.00","4,227,519"
"08-Apr-2024","1,188.00","1,210.55","1,183.10","1,204.70","4,827,733"
"09-Apr-2024","1,214.95","1,214.95","1,198.30","1,204.45","3,372,798"
"10-Apr-2024","1,213.25","1,230.70","1,208.75","1,229.40","6,442,196"
"12-Apr-2024","1,226.10","1,231.85","1,219.55","1,225.55","7,877,073"
"15-Apr-2024","1,210.60","1,235.00","1,210.35","1,224.55","4,281,602"
"16-Apr-2024","1,223.90","1,233.95","1,212.05","1,216.45","5,235,632"
"18-Apr-2024","1,220.00","1,281.85","1,215.80","1,265.75","19,939,924"
"19-Apr-2024","1,280.00","1,296.50","1,253.35","1,289.00","13,103,862"
"22-Apr-2024","1,304.00","1,305.40","1,288.25","1,297.55","7,894,656"
"23-Apr-2024","1,310.00","1,351.00","1,302.10","1,342.35","12,074,766"
"24-Apr-2024","1,352.00","1,354.00","1,333.55","1,336.40","6,277,492"
"25-Apr-2024","1,331.00","1,343.80","1,324.35","1,338.70","8,512,627"
"26-Apr-2024","1,338.00","1,345.70","1,322.00","1,326.00","5,289,771"
"29-Apr-2024","1,324.50","1,346.00","1,320.00","1,332.45","3,195,888"
"30-Apr-2024","1,323.15","1,334.80","1,319.95","1,322.30","5,272,565"
"02-May-2024","1,315.25","1,319.90","1,293.60","1,304.05","7,995,432"
"03-May-2024","1,306.00","1,310.50","1,258.15","1,277.40","11,290,875"
"06-May-2024","1,275.00","1,298.45","1,273.20","1,283.40","5,555,467"
"07-May-2024","1,286.35","1,294.45","1,271.00","1,286.15","5,767,030"
"08-May-2024","1,276.15","1,299.40","1,274.70","1,288.60","2,682,816"
"09-May-2024","1,283.00","1,295.30","1,270.05","1,275.45","4,809,145"
"10-May-2024","1,275.05","1,308.50","1,271.75","1,301.15","5,532,513"
"13-May-2024","1,301.15","1,302.90","1,281.40","1,285.95","3,703,942"
"14-May-2024","1,290.55","1,299.90","1,280.70","1,284.30","3,262,908"
"15-May-2024","1,281.55","1,318.25","1,280.50","1,309.90","6,891,004"
"16-May-2024","1,328.00","1,356.85","1,321.30","1,345.10","11,932,181"
"17-May-2024","1,353.60","1,360.00","1,339.25","1,344.45","6,614,017"
"18-May-2024","1,347.95","1,351.00","1,341.45","1,347.75","149,406"
"21-May-2024","1,356.00","1,362.75","1,335.75","1,344.30","5,422,220"
"22-May-2024","1,342.15","1,351.00","1,329.55","1,347.90","3,026,723"
"23-May-2024","1,350.75","1,377.30","1,344.30","1,374.05","7,147,341"
"24-May-2024","1,375.50","1,397.75","1,374.05","1,388.50","5,622,368"
"27-May-2024","1,396.00","1,407.00","1,378.00","1,384.35","6,553,974"
"28-May-2024","1,384.80","1,386.95","1,366.90","1,371.05","2,068,963"
"29-May-2024","1,355.50","1,390.25","1,355.50","1,377.10","4,445,083"
"30-May-2024","1,378.80","1,386.45","1,363.50","1,377.15","7,100,303"
"31-May-2024","1,380.00","1,388.00","1,338.00","1,372.75","24,825,643"
"03-Jun-2024","1,415.30","1,420.45","1,385.00","1,391.10","6,017,122"
"04-Jun-2024","1,391.10","1,397.00","1,219.05","1,299.70","19,924,421"
"05-Jun-2024","1,325.65","1,348.75","1,279.85","1,344.35","12,175,520"
"06-Jun-2024","1,359.00","1,376.25","1,329.00","1,370.60","10,279,789"
"07-Jun-2024","1,370.60","1,430.65","1,363.15","1,425.25","12,280,748"
"10-Jun-2024","1,421.05","1,436.65","1,421.05","1,426.05","5,318,477"
"11-Jun-2024","1,426.00","1,434.60","1,413.00","1,427.25","4,416,792"
"12-Jun-2024","1,425.00","1,447.85","1,422.10","1,438.40","4,876,138"
"13-Jun-2024","1,449.00","1,455.95","1,420.45","1,425.75","7,990,376"
"14-Jun-2024","1,434.00","1,434.00","1,420.95","1,427.40","3,978,442"
"18-Jun-2024","1,444.00","1,444.00","1,418.00","1,428.35","8,671,131"
"19-Jun-2024","1,433.95","1,434.80","1,388.30","1,392.35","8,640,918"
"20-Jun-2024","1,405.95","1,406.95","1,376.25","1,381.15","8,742,855"
"21-Jun-2024","1,384.95","1,423.95","1,372.85","1,416.05","43,929,578"
"24-Jun-2024","1,402.00","1,423.80","1,389.35","1,419.80","6,195,831"
"25-Jun-2024","1,434.00","1,434.00","1,409.85","1,414.95","6,353,748"
"26-Jun-2024","1,414.95","1,479.95","1,408.95","1,459.50","9,579,826"
"27-Jun-2024","1,464.00","1,489.00","1,440.05","1,475.80","19,675,528"
"28-Jun-2024","1,536.25","1,536.25","1,436.65","1,444.05","29,145,832"
"01-Jul-2024","1,450.00","1,466.80","1,449.25","1,454.00","6,011,806"
"02-Jul-2024","1,462.00","1,473.40","1,417.00","1,418.95","7,792,632"
"03-Jul-2024","1,427.95","1,432.40","1,408.45","1,419.85","8,261,388"
"04-Jul-2024","1,418.00","1,441.10","1,411.50","1,423.05","9,570,938"
"05-Jul-2024","1,422.50","1,433.60","1,416.85","1,429.70","4,881,198"
"08-Jul-2024","1,431.00","1,438.85","1,423.15","1,435.15","3,261,797"
"09-Jul-2024","1,436.00","1,441.65","1,428.15","1,435.55","2,897,480"
"10-Jul-2024","1,441.00","1,448.75","1,426.15","1,445.05","3,416,762"
"11-Jul-2024","1,450.00","1,450.85","1,428.00","1,437.95","4,178,558"
"12-Jul-2024","1,442.00","1,447.60","1,421.45","1,433.25","6,342,135"
"15-Jul-2024","1,433.25","1,440.00","1,426.05","1,437.60","3,324,806"
"16-Jul-2024","1,452.00","1,473.30","1,445.00","1,466.50","6,967,651"
"18-Jul-2024","1,466.00","1,485.95","1,459.05","1,483.65","6,470,342"
"19-Jul-2024","1,480.00","1,480.00","1,451.95","1,461.75","3,858,596"
"22-Jul-2024","1,450.00","1,472.00","1,449.05","1,465.40","3,560,584"
"23-Jul-2024","1,470.00","1,470.00","1,428.45","1,465.70","2,936,143"
"24-Jul-2024","1,466.00","1,475.60","1,436.55","1,455.20","4,529,339"
"25-Jul-2024","1,445.00","1,454.00","1,440.10","1,449.15","4,277,756"
"26-Jul-2024","1,450.25","1,520.00","1,449.15","1,514.40","9,564,987"
"29-Jul-2024","1,525.00","1,525.00","1,477.05","1,481.35","4,589,313"
"30-Jul-2024","1,484.40","1,484.90","1,464.05","1,470.35","4,263,689"
"31-Jul-2024","1,477.85","1,504.15","1,473.15","1,491.55","5,634,305"
"01-Aug-2024","1,485.00","1,511.00","1,485.00","1,505.50","4,531,379"
"02-Aug-2024","1,494.10","1,505.15","1,483.60","1,493.80","3,335,905"
"05-Aug-2024","1,482.00","1,488.00","1,451.50","1,465.70","5,111,901"
"06-Aug-2024","1,483.10","1,492.90","1,431.10","1,443.55","8,249,573"
"07-Aug-2024","1,452.00","1,454.90","1,422.60","1,441.75","5,700,734"
"08-Aug-2024","1,435.00","1,466.50","1,430.00","1,451.80","5,986,360"
"09-Aug-2024","1,465.00","1,482.00","1,457.30","1,464.10","3,615,910"
"12-Aug-2024","1,466.00","1,477.50","1,445.00","1,458.60","4,028,226"
"13-Aug-2024","1,468.00","1,478.40","1,450.35","1,459.70","4,495,208"
"14-Aug-2024","1,453.10","1,480.10","1,453.10","1,471.70","5,891,784"
"16-Aug-2024","1,480.00","1,491.00","1,468.10","1,483.55","7,176,426"
"19-Aug-2024","1,487.00","1,489.10","1,464.30","1,469.65","4,404,075"
"20-Aug-2024","1,480.00","1,484.75","1,446.50","1,449.15","10,046,892"
"21-Aug-2024","1,453.00","1,466.60","1,447.70","1,463.45","6,175,510"
"22-Aug-2024","1,473.70","1,499.90","1,465.00","1,486.35","6,781,325"
"23-Aug-2024","1,493.00","1,510.00","1,479.35","1,506.75","6,238,112"
"26-Aug-2024","1,509.00","1,520.70","1,505.00","1,513.55","4,307,432"
"27-Aug-2024","1,518.00","1,526.35","1,502.00","1,522.75","3,965,066"
"28-Aug-2024","1,527.95","1,564.50","1,521.65","1,556.35","6,225,319"
"29-Aug-2024","1,565.00","1,571.70","1,545.95","1,565.90","8,036,748"
"30-Aug-2024","1,576.00","1,608.40","1,561.60","1,589.05","37,820,442"
"02-Sep-2024","1,605.00","1,605.00","1,565.50","1,571.35","4,890,314"
"03-Sep-2024","1,579.00","1,579.00","1,558.60","1,560.60","4,546,295"
"04-Sep-2024","1,558.00","1,566.00","1,542.00","1,561.90","5,213,811"
"05-Sep-2024","1,559.00","1,563.00","1,541.50","1,547.20","5,652,812"
"06-Sep-2024","1,552.80","1,555.60","1,530.20","1,539.25","5,497,805"
"09-Sep-2024","1,523.25","1,546.75","1,523.25","1,542.65","3,912,508"
"10-Sep-2024","1,545.15","1,586.00","1,545.15","1,577.85","6,163,457"
"11-Sep-2024","1,578.45","1,598.90","1,574.45","1,577.80","5,994,914"
"12-Sep-2024","1,596.15","1,652.80","1,590.10","1,646.75","12,204,496"
"13-Sep-2024","1,651.00","1,654.90","1,631.05","1,634.45","5,609,618"
"16-Sep-2024","1,634.45","1,652.95","1,630.10","1,635.45","3,762,063"
"17-Sep-2024","1,650.00","1,666.05","1,638.50","1,661.75","4,223,072"
"18-Sep-2024","1,655.20","1,670.95","1,647.85","1,654.90","3,171,195"
"19-Sep-2024","1,647.70","1,711.70","1,647.70","1,664.85","8,498,240"
"20-Sep-2024","1,671.00","1,723.40","1,666.00","1,711.75","21,646,275"
"23-Sep-2024","1,719.00","1,754.25","1,719.00","1,750.45","5,001,827"
"24-Sep-2024","1,752.00","1,767.55","1,746.10","1,756.65","7,579,205"
"25-Sep-2024","1,755.55","1,766.90","1,745.00","1,760.40","4,017,103"
"26-Sep-2024","1,770.00","1,779.00","1,746.15","1,771.10","7,417,423"
"27-Sep-2024","1,755.20","1,763.45","1,722.50","1,734.60","7,116,861"
"30-Sep-2024","1,714.00","1,733.00","1,704.20","1,709.55","6,907,288"
"01-Oct-2024","1,705.00","1,722.85","1,696.00","1,698.70","3,649,090"
"03-Oct-2024","1,665.00","1,695.00","1,665.00","1,673.45","7,200,276"
"04-Oct-2024","1,670.05","1,686.70","1,630.15","1,640.90","8,576,527"
"07-Oct-2024","1,651.00","1,670.00","1,642.45","1,662.05","5,387,707"
"08-Oct-2024","1,662.60","1,679.50","1,652.00","1,657.45","5,224,335"
"09-Oct-2024","1,666.75","1,704.60","1,661.05","1,678.10","3,414,614"
"10-Oct-2024","1,686.60","1,698.95","1,665.00","1,678.10","5,047,657"
"11-Oct-2024","1,678.10","1,690.25","1,658.65","1,687.40","2,367,678"
"14-Oct-2024","1,686.00","1,710.05","1,679.35","1,695.60","2,069,815"
"15-Oct-2024","1,708.00","1,732.75","1,699.95","1,717.25","5,891,334"
"16-Oct-2024","1,720.00","1,742.25","1,717.10","1,733.95","3,299,887"
"17-Oct-2024","1,736.75","1,737.95","1,694.40","1,701.15","4,373,392"
"18-Oct-2024","1,710.00","1,716.10","1,685.20","1,707.85","4,154,915"
"21-Oct-2024","1,705.55","1,708.95","1,662.00","1,692.55","3,836,168"
"22-Oct-2024","1,692.00","1,712.90","1,687.35","1,692.25","3,070,057"
"23-Oct-2024","1,690.00","1,701.35","1,680.10","1,685.80","2,764,757"
"24-Oct-2024","1,687.00","1,693.00","1,657.40","1,678.45","3,669,575"
"25-Oct-2024","1,681.10","1,684.75","1,655.85","1,666.00","3,434,386"
"28-Oct-2024","1,658.15","1,677.85","1,645.65","1,663.35","2,811,651"
"29-Oct-2024","1,650.50","1,667.95","1,610.00","1,637.10","6,990,747"
"30-Oct-2024","1,627.80","1,651.00","1,617.80","1,633.35","4,622,628"
"31-Oct-2024","1,634.00","1,638.80","1,602.15","1,612.60","4,921,681"
"01-Nov-2024","1,620.00","1,626.35","1,605.35","1,616.45","279,441"
"04-Nov-2024","1,619.15","1,623.85","1,573.05","1,591.25","6,094,029"
"05-Nov-2024","1,583.25","1,593.90","1,566.00","1,578.40","6,473,278"
"06-Nov-2024","1,583.00","1,610.75","1,566.50","1,598.80","6,631,728"
"07-Nov-2024","1,595.95","1,608.55","1,569.65","1,575.80","5,160,994"
"08-Nov-2024","1,571.00","1,579.50","1,558.85","1,569.90","3,096,384"
"11-Nov-2024","1,561.00","1,581.60","1,551.80","1,560.55","3,664,301"
"12-Nov-2024","1,568.80","1,595.00","1,550.10","1,555.65","4,479,934"
"13-Nov-2024","1,559.90","1,572.50","1,546.35","1,550.45","5,816,699"
"14-Nov-2024","1,550.00","1,568.00","1,536.55","1,550.50","5,139,154"
"18-Nov-2024","1,568.95","1,568.95","1,529.45","1,537.00","4,816,078"
"19-Nov-2024","1,537.00","1,558.00","1,519.30","1,525.50","6,238,241"
"21-Nov-2024","1,538.00","1,542.05","1,511.00","1,525.15","7,356,679"
"22-Nov-2024","1,533.00","1,575.00","1,520.20","1,569.30","7,640,321"
"25-Nov-2024","1,581.95","1,609.25","1,562.55","1,578.75","12,155,641"
"26-Nov-2024","1,590.00","1,604.85","1,566.00","1,577.25","4,030,593"
"27-Nov-2024","1,569.15","1,583.75","1,554.15","1,577.65","4,982,785"
"28-Nov-2024","1,571.00","1,588.50","1,556.95","1,560.40","6,714,728"
"29-Nov-2024","1,551.15","1,648.90","1,551.15","1,627.15","10,775,801"
"02-Dec-2024","1,627.15","1,646.20","1,617.20","1,643.60","3,790,108"
"03-Dec-2024","1,652.90","1,652.90","1,613.15","1,620.55","9,131,055"
"04-Dec-2024","1,629.75","1,630.50","1,582.40","1,584.10","8,772,014"
"05-Dec-2024","1,600.00","1,622.05","1,585.35","1,615.35","10,324,005"
"06-Dec-2024","1,618.00","1,624.65","1,594.80","1,597.85","4,296,866"
"09-Dec-2024","1,595.90","1,605.90","1,589.05","1,602.55","4,264,409"
"10-Dec-2024","1,610.55","1,611.85","1,570.05","1,578.65","14,645,786"
"11-Dec-2024","1,588.00","1,588.00","1,571.20","1,586.00","3,853,182"
"12-Dec-2024","1,578.50","1,617.90","1,578.50","1,610.55","13,120,939"
"13-Dec-2024","1,618.00","1,685.00","1,606.80","1,681.75","12,900,707"
"16-Dec-2024","1,681.75","1,687.00","1,660.15","1,662.55","4,375,126"
"17-Dec-2024","1,650.50","1,658.65","1,608.50","1,615.30","6,182,486"
"18-Dec-2024","1,621.40","1,623.00","1,596.10","1,601.90","3,905,144"
"19-Dec-2024","1,586.40","1,609.75","1,585.45","1,600.30","5,865,855"
"20-Dec-2024","1,610.00","1,622.30","1,573.40","1,578.10","9,738,879"
"23-Dec-2024","1,586.00","1,607.45","1,578.35","1,586.90","4,363,599"
"24-Dec-2024","1,590.00","1,598.80","1,575.00","1,583.90","3,610,076"
"26-Dec-2024","1,583.90","1,606.85","1,581.10","1,599.50","3,400,479"
"27-Dec-2024","1,599.50","1,628.45","1,596.30","1,599.85","2,559,578"
"30-Dec-2024","1,605.00","1,613.05","1,581.10","1,586.90","4,438,130"
"31-Dec-2024","1,583.00","1,597.20","1,563.35","1,587.75","2,249,626"
"01-Jan-2025","1,593.00","1,606.55","1,584.05","1,595.70","1,405,565"
"02-Jan-2025","1,599.90","1,619.60","1,588.40","1,609.70","3,728,040"
"03-Jan-2025","1,615.00","1,617.00","1,593.30","1,598.85","3,669,685"
"06-Jan-2025","1,596.15","1,609.85","1,567.10","1,588.45","4,584,188"
"07-Jan-2025","1,594.00","1,603.00","1,584.05","1,590.85","2,830,856"
"08-Jan-2025","1,598.75","1,613.45","1,577.85","1,599.20","3,674,564"
"09-Jan-2025","1,600.00","1,620.20","1,592.40","1,607.05","4,684,859"
"10-Jan-2025","1,608.00","1,625.00","1,591.80","1,615.90","4,145,892"
"13-Jan-2025","1,580.00","1,614.70","1,578.10","1,597.20","3,705,039"
"14-Jan-2025","1,604.70","1,633.40","1,578.50","1,600.10","7,284,572"
"15-Jan-2025","1,608.05","1,613.85","1,593.00","1,607.45","2,960,985"
"16-Jan-2025","1,619.05","1,635.00","1,600.55","1,630.20","5,299,325"
"17-Jan-2025","1,630.10","1,639.00","1,623.00","1,627.50","2,678,801"
"20-Jan-2025","1,638.00","1,645.00","1,618.10","1,641.15","3,933,044"
"21-Jan-2025","1,654.00","1,656.70","1,620.30","1,626.15","7,958,844"
"22-Jan-2025","1,627.50","1,641.00","1,622.55","1,631.75","3,262,136"
"23-Jan-2025","1,624.50","1,645.40","1,617.20","1,636.00","2,457,080"
"24-Jan-2025","1,634.05","1,661.90","1,634.05","1,644.80","3,620,058"
"27-Jan-2025","1,638.95","1,647.20","1,593.70","1,602.60","6,622,807"
"28-Jan-2025","1,607.65","1,630.30","1,597.00","1,618.35","5,216,471"
"29-Jan-2025","1,620.00","1,626.90","1,593.15","1,600.45","5,009,227"
"30-Jan-2025","1,606.70","1,644.95","1,595.20","1,640.75","4,283,637"
"31-Jan-2025","1,639.10","1,639.10","1,574.25","1,626.30","8,340,866"
"01-Feb-2025","1,627.00","1,644.00","1,609.20","1,623.25","2,741,589"
"03-Feb-2025","1,619.90","1,661.00","1,608.10","1,652.35","4,146,970"
"04-Feb-2025","1,662.15","1,668.30","1,629.05","1,661.45","6,385,876"
"05-Feb-2025","1,670.00","1,675.20","1,649.10","1,660.45","3,920,893"
"06-Feb-2025","1,665.90","1,667.30","1,613.25","1,619.75","5,229,162"
"07-Feb-2025","1,635.05","1,707.55","1,635.00","1,676.75","14,873,255"
"10-Feb-2025","1,698.85","1,700.00","1,678.05","1,693.05","6,782,878"
"11-Feb-2025","1,706.00","1,706.65","1,686.20","1,696.75","8,965,266"
"12-Feb-2025","1,704.00","1,713.70","1,684.50","1,711.55","7,148,192"
"13-Feb-2025","1,710.00","1,728.40","1,703.90","1,714.60","5,356,002"
"14-Feb-2025","1,714.00","1,724.10","1,705.25","1,717.05","5,125,863"
"17-Feb-2025","1,711.75","1,716.90","1,666.25","1,675.55","4,906,462"
"18-Feb-2025","1,692.00","1,695.95","1,655.80","1,668.90","7,529,598"
"19-Feb-2025","1,670.00","1,673.45","1,638.45","1,645.20","7,776,555"
"20-Feb-2025","1,639.85","1,649.80","1,627.25","1,643.50","5,524,503"
"21-Feb-2025","1,643.50","1,658.70","1,629.20","1,639.25","5,447,583"
"24-Feb-2025","1,627.00","1,637.55","1,598.00","1,601.30","4,673,190"
"25-Feb-2025","1,597.00","1,649.15","1,597.00","1,641.40","6,286,808"
"27-Feb-2025","1,643.40","1,656.00","1,638.65","1,650.40","7,568,745"
"28-Feb-2025","1,641.95","1,648.45","1,559.50","1,570.20","13,640,211"
"03-Mar-2025","1,579.00","1,602.75","1,572.75","1,595.80","6,993,525"
"04-Mar-2025","1,589.00","1,590.50","1,568.00","1,575.35","5,219,668"
"05-Mar-2025","1,578.00","1,626.10","1,577.10","1,618.25","6,295,425"
"06-Mar-2025","1,618.00","1,631.75","1,590.45","1,626.90","5,174,009"
"07-Mar-2025","1,629.00","1,642.40","1,615.60","1,630.70","3,035,558"
"10-Mar-2025","1,640.00","1,654.90","1,626.60","1,630.95","3,778,450"
"11-Mar-2025","1,630.00","1,676.40","1,624.05","1,662.95","6,078,564"
"12-Mar-2025","1,690.00","1,716.65","1,634.00","1,642.85","9,907,628"
"13-Mar-2025","1,650.80","1,656.90","1,629.60","1,632.50","8,317,331"
"17-Mar-2025","1,612.20","1,648.40","1,612.20","1,639.15","6,405,525"
"18-Mar-2025","1,649.50","1,655.00","1,622.10","1,627.30","6,539,954"
"19-Mar-2025","1,635.00","1,642.05","1,627.50","1,637.15","6,283,464"
"20-Mar-2025","1,660.00","1,709.65","1,646.10","1,705.25","12,074,465"
"21-Mar-2025","1,709.65","1,731.40","1,692.00","1,725.80","14,715,349"
"24-Mar-2025","1,740.00","1,740.00","1,714.85","1,718.80","4,120,999"
"25-Mar-2025","1,725.00","1,740.50","1,706.10","1,730.50","4,857,399"
"26-Mar-2025","1,739.15","1,765.00","1,726.15","1,738.55","7,142,394"
"27-Mar-2025","1,739.95","1,746.40","1,713.25","1,724.70","6,222,339"
"28-Mar-2025","1,733.30","1,745.75","1,660.00","1,733.40","4,133,264"
"01-Apr-2025","1,715.00","1,765.00","1,708.45","1,724.15","6,773,056"
"02-Apr-2025","1,720.00","1,760.40","1,716.95","1,754.60","6,431,226"
"03-Apr-2025","1,748.00","1,754.95","1,735.45","1,746.00","2,341,989"
"04-Apr-2025","1,754.50","1,770.80","1,740.00","1,743.45","7,817,334"
"07-Apr-2025","1,730.00","1,774.75","1,669.40","1,686.65","14,870,388"
"08-Apr-2025","1,720.70","1,742.30","1,706.80","1,720.40","7,206,935"
"09-Apr-2025","1,719.65","1,726.85","1,711.60","1,715.55","5,600,666"
"11-Apr-2025","1,760.00","1,767.00","1,732.35","1,756.60","8,340,002"
"15-Apr-2025","1,808.20","1,820.00","1,781.10","1,798.80","10,313,411"
"16-Apr-2025","1,802.40","1,826.50","1,794.10","1,822.60","6,180,958"
"17-Apr-2025","1,834.00","1,897.70","1,825.70","1,889.10","10,894,325"
"21-Apr-2025","1,898.40","1,904.30","1,868.60","1,883.40","3,501,123"
"22-Apr-2025","1,888.00","1,888.00","1,836.80","1,852.20","6,155,127"
"23-Apr-2025","1,867.00","1,885.90","1,836.10","1,881.60","6,855,027"
"24-Apr-2025","1,874.50","1,877.80","1,839.50","1,845.60","5,180,688"
"25-Apr-2025","1,846.70","1,861.70","1,806.00","1,817.20","4,570,083"
"28-Apr-2025","1,836.00","1,838.90","1,813.40","1,821.80","3,301,891"
"29-Apr-2025","1,823.70","1,847.80","1,817.60","1,823.80","4,684,155"
"30-Apr-2025","1,837.00","1,876.90","1,827.00","1,864.50","9,139,821"
"02-May-2025","1,852.00","1,883.60","1,832.10","1,851.90","5,528,529"
"05-May-2025","1,868.00","1,873.50","1,849.20","1,866.00","3,548,839"
"06-May-2025","1,888.30","1,912.00","1,882.60","1,901.00","8,597,920"
"07-May-2025","1,901.00","1,917.00","1,885.50","1,896.80","5,554,616"
"08-May-2025","1,897.00","1,905.80","1,862.40","1,874.90","5,500,724"
"09-May-2025","1,855.00","1,871.10","1,836.50","1,848.40","3,686,209"
"12-May-2025","1,868.90","1,883.40","1,854.00","1,870.80","3,936,019"
"13-May-2025","1,870.00","1,883.70","1,816.60","1,820.60","8,817,763"
"14-May-2025","1,830.00","1,870.70","1,820.20","1,834.20","7,401,614"
"15-May-2025","1,849.90","1,869.90","1,825.00","1,867.20","8,788,351"
"16-May-2025","1,834.00","1,834.00","1,810.10","1,814.00","100,662,047"
"19-May-2025","1,822.00","1,828.70","1,809.00","1,818.30","5,799,804"
"20-May-2025","1,809.80","1,824.90","1,799.50","1,808.90","12,512,596"
"21-May-2025","1,813.00","1,826.50","1,805.30","1,822.50","6,849,562"
"22-May-2025","1,819.90","1,836.70","1,816.30","1,831.40","6,496,923"
"23-May-2025","1,825.00","1,841.80","1,821.50","1,831.70","3,460,945"
"26-May-2025","1,834.00","1,850.00","1,830.90","1,847.40","3,254,715"
"27-May-2025","1,844.00","1,857.60","1,833.70","1,843.80","5,847,725"
"28-May-2025","1,848.00","1,867.00","1,845.10","1,856.10","3,713,699"
"29-May-2025","1,858.00","1,867.00","1,850.50","1,863.60","5,786,774"
"30-May-2025","1,854.00","1,867.00","1,843.00","1,856.20","16,712,960"
"02-Jun-2025","1,844.00","1,859.00","1,831.50","1,854.10","3,199,499"
"03-Jun-2025","1,867.00","1,869.50","1,832.00","1,841.30","5,596,977"
"04-Jun-2025","1,855.00","1,884.60","1,850.00","1,875.40","5,892,170"
"05-Jun-2025","1,884.00","1,889.00","1,868.60","1,878.80","8,999,675"
"06-Jun-2025","1,872.10","1,881.90","1,867.30","1,870.20","4,644,174"
"09-Jun-2025","1,874.00","1,875.00","1,848.70","1,865.10","3,649,505"
"10-Jun-2025","1,866.60","1,875.60","1,850.30","1,857.10","7,925,901"
"11-Jun-2025","1,857.90","1,866.50","1,847.80","1,860.20","8,907,265"
"12-Jun-2025","1,871.90","1,883.00","1,831.60","1,844.20","7,346,031"
"13-Jun-2025","1,815.00","1,844.60","1,815.00","1,840.40","4,613,000"
"16-Jun-2025","1,842.10","1,870.00","1,838.80","1,861.30","5,722,187"
"17-Jun-2025","1,879.00","1,879.00","1,847.60","1,854.80","6,561,555"
"18-Jun-2025","1,847.60","1,871.00","1,843.10","1,865.90","5,069,427"
"19-Jun-2025","1,872.00","1,879.00","1,864.10","1,877.00","4,712,312"
"20-Jun-2025","1,880.00","1,949.00","1,874.00","1,936.70","16,228,526"
"23-Jun-2025","1,930.00","1,949.00","1,927.10","1,936.30","2,946,463"
"24-Jun-2025","1,950.90","1,963.00","1,929.10","1,933.60","6,837,210"
"25-Jun-2025","1,942.00","1,970.00","1,938.00","1,965.60","4,152,765"
"26-Jun-2025","1,970.00","2,018.40","1,966.30","2,014.30","9,413,241"
"27-Jun-2025","2,010.00","2,039.00","2,008.60","2,027.10","6,405,854"
"30-Jun-2025","2,018.00","2,023.90","2,000.20","2,009.60","5,597,484"
"01-Jul-2025","2,009.00","2,030.80","2,006.90","2,019.40","3,769,165"
"02-Jul-2025","2,037.00","2,045.80","2,018.30","2,033.30","6,513,288"
"03-Jul-2025","2,041.80","2,044.90","2,012.90","2,019.30","5,558,647"
"04-Jul-2025","2,027.00","2,036.50","2,005.10","2,017.20","2,178,315"
"07-Jul-2025","2,018.00","2,036.00","2,010.60","2,033.90","4,165,432"
"08-Jul-2025","2,026.00","2,035.00","2,014.80","2,030.00","3,624,619"
"09-Jul-2025","2,035.00","2,040.70","1,998.50","2,019.70","2,937,734"
"10-Jul-2025","2,028.60","2,028.60","1,962.30","1,964.50","5,695,845"
"11-Jul-2025","1,942.00","1,959.10","1,914.20","1,921.90","13,103,980"
"14-Jul-2025","1,915.00","1,927.50","1,900.20","1,920.90","5,269,381"
"15-Jul-2025","1,924.80","1,943.00","1,923.20","1,934.20","4,163,140"
"16-Jul-2025","1,944.00","1,944.00","1,928.80","1,936.60","4,211,258"
"17-Jul-2025","1,943.70","1,944.90","1,927.60","1,929.90","6,256,455"
"18-Jul-2025","1,915.10","1,916.00","1,891.80","1,901.00","4,643,961"
"21-Jul-2025","1,894.80","1,919.90","1,892.60","1,909.20","5,109,654"
"22-Jul-2025","1,909.20","1,911.30","1,883.00","1,906.80","4,513,541"
"23-Jul-2025","1,920.00","1,949.00","1,907.30","1,943.80","5,194,282"
"24-Jul-2025","1,943.80","1,970.40","1,933.70","1,936.10","4,150,685"
"25-Jul-2025","1,936.10","1,952.70","1,925.00","1,937.90","3,896,884"
"28-Jul-2025","1,930.00","1,930.00","1,885.00","1,890.30","3,575,044"
"29-Jul-2025","1,880.00","1,923.60","1,880.00","1,918.30","3,748,040"
"30-Jul-2025","1,934.00","1,939.20","1,922.10","1,932.60","5,044,683"
"31-Jul-2025","1,913.00","1,926.50","1,895.60","1,914.30","4,674,966"
"01-Aug-2025","1,914.00","1,919.70","1,878.00","1,884.40","5,192,594"
"04-Aug-2025","1,892.00","1,919.90","1,878.50","1,914.60","3,074,380"
"05-Aug-2025","1,920.00","1,937.60","1,912.10","1,931.80","5,167,672"
"06-Aug-2025","1,930.00","1,964.80","1,921.60","1,929.70","5,461,349"
"07-Aug-2025","1,928.10","1,933.30","1,909.10","1,922.60","4,268,534"
"08-Aug-2025","1,886.30","1,893.80","1,856.00","1,858.60","93,801,105"
"11-Aug-2025","1,863.00","1,866.00","1,845.70","1,857.40","5,266,532"
"12-Aug-2025","1,857.40","1,865.00","1,847.10","1,850.30","4,645,011"
"13-Aug-2025","1,853.00","1,872.50","1,851.80","1,867.40","6,697,206"
"14-Aug-2025","1,873.00","1,883.00","1,866.80","1,873.80","3,958,631"
"18-Aug-2025","1,892.50","1,912.60","1,870.30","1,892.30","7,146,376"
"19-Aug-2025","1,901.10","1,931.80","1,900.00","1,909.70","5,706,265"
"20-Aug-2025","1,937.00","1,952.00","1,926.00","1,928.40","6,962,619"
"21-Aug-2025","1,930.00","1,940.90","1,927.70","1,929.90","3,376,913"
"22-Aug-2025","1,934.00","1,947.70","1,917.40","1,933.30","3,271,920"
"25-Aug-2025","1,940.00","1,940.10","1,913.20","1,930.70","2,451,388"
"26-Aug-2025","1,922.10","1,925.80","1,896.20","1,904.70","5,984,656"
"28-Aug-2025","1,893.00","1,899.80","1,878.20","1,881.10","5,494,113"
"29-Aug-2025","1,872.50","1,900.10","1,872.50","1,888.80","4,339,042"
"01-Sep-2025","1,889.00","1,904.80","1,884.20","1,900.60","3,421,488"
"02-Sep-2025","1,904.50","1,917.50","1,878.00","1,887.20","4,423,049"
"03-Sep-2025","1,891.00","1,892.10","1,870.00","1,883.90","3,803,044"
"04-Sep-2025","1,899.00","1,903.50","1,876.60","1,880.40","5,205,333"
"05-Sep-2025","1,887.00","1,910.70","1,875.70","1,895.30","2,620,140"
"08-Sep-2025","1,898.00","1,899.00","1,884.10","1,887.70","2,547,552"
"09-Sep-2025","1,892.00","1,904.00","1,883.00","1,893.70","4,517,793"
"10-Sep-2025","1,904.00","1,905.00","1,883.00","1,891.40","3,566,139"
"11-Sep-2025","1,884.00","1,916.00","1,882.10","1,913.00","4,718,266"
"12-Sep-2025","1,925.00","1,925.00","1,901.60","1,902.60","3,192,824"
"15-Sep-2025","1,904.00","1,913.00","1,898.40","1,904.50","3,553,258"
"16-Sep-2025","1,903.30","1,942.00","1,902.50","1,939.50","5,427,586"
"17-Sep-2025","1,938.10","1,950.10","1,932.60","1,941.30","4,234,637"
"18-Sep-2025","1,944.50","1,949.80","1,920.50","1,941.10","5,080,814"
"19-Sep-2025","1,930.20","1,976.80","1,927.80","1,962.40","11,287,603"
"22-Sep-2025","1,954.00","1,966.00","1,944.00","1,956.20","4,469,137"
"23-Sep-2025","1,950.00","1,955.00","1,930.10","1,938.70","4,348,633"
"24-Sep-2025","1,926.00","1,937.30","1,918.80","1,931.10","5,237,977"
"25-Sep-2025","1,930.00","1,950.00","1,928.80","1,935.60","7,133,365"
"26-Sep-2025","1,931.10","1,944.70","1,911.90","1,916.60","3,239,306"
"29-Sep-2025","1,928.00","1,928.00","1,897.50","1,902.20","5,072,608"
"30-Sep-2025","1,896.00","1,907.60","1,875.20","1,878.40","5,945,625"
"01-Oct-2025","1,868.00","1,877.00","1,855.90","1,867.60","5,675,393"
"03-Oct-2025","1,851.20","1,900.30","1,848.10","1,896.70","5,828,332"
"06-Oct-2025","1,892.60","1,907.00","1,887.50","1,903.10","2,809,218"
"07-Oct-2025","1,900.00","1,946.00","1,900.00","1,929.00","5,713,060"
"08-Oct-2025","1,929.00","1,962.60","1,927.60","1,943.50","4,957,406"
"09-Oct-2025","1,945.00","1,948.80","1,931.30","1,942.00","3,945,737"
"10-Oct-2025","1,937.00","1,947.60","1,935.40","1,939.90","2,512,581"
"13-Oct-2025","1,937.90","1,965.90","1,936.00","1,954.90","3,672,419"
"14-Oct-2025","1,964.00","1,964.00","1,939.20","1,946.60","4,454,239"
"15-Oct-2025","1,957.20","1,976.00","1,951.60","1,968.50","3,447,352"
"16-Oct-2025","1,962.30","1,986.90","1,962.00","1,967.40","3,700,674"
"17-Oct-2025","1,973.60","2,034.30","1,970.30","2,012.00","6,743,801"
"20-Oct-2025","2,026.00","2,057.00","2,019.70","2,051.50","7,387,180"
"21-Oct-2025","2,051.80","2,058.50","2,038.50","2,043.50","240,850"
"23-Oct-2025","2,063.90","2,067.00","2,003.60","2,007.90","8,790,128"
"24-Oct-2025","2,008.00","2,033.00","2,006.90","2,029.30","3,236,799"
"27-Oct-2025","2,030.00","2,094.00","2,030.00","2,080.10","5,796,831"
"28-Oct-2025","2,092.00","2,102.60","2,071.70","2,090.20","9,891,522"
"29-Oct-2025","2,083.00","2,110.40","2,081.60","2,100.60","2,742,750"
"30-Oct-2025","2,070.00","2,088.00","2,058.60","2,066.30","4,222,189"
"31-Oct-2025","2,056.00","2,073.80","2,051.70","2,054.50","4,659,723"
"03-Nov-2025","2,055.00","2,081.00","2,047.20","2,074.00","2,979,629"
"04-Nov-2025","2,107.00","2,135.60","2,103.50","2,113.30","12,263,078"
"06-Nov-2025","2,115.00","2,123.30","2,080.50","2,094.90","9,546,299"
"07-Nov-2025","2,048.00","2,048.00","1,995.60","2,001.20","70,392,750"
"10-Nov-2025","1,995.00","2,028.80","1,992.20","2,019.80","7,457,061"
"11-Nov-2025","2,020.10","2,056.90","2,017.40","2,042.30","14,825,625"
"12-Nov-2025","2,060.00","2,079.80","2,054.90","2,073.80","8,210,277"
"13-Nov-2025","2,099.90","2,107.00","2,079.00","2,091.80","5,958,875"
"14-Nov-2025","2,090.00","2,107.90","2,081.90","2,100.70","6,312,655"
"17-Nov-2025","2,112.00","2,122.00","2,100.90","2,112.20","5,998,770"
"18-Nov-2025","2,122.00","2,159.00","2,110.30","2,149.20","10,972,556"
"19-Nov-2025","2,155.00","2,166.20","2,146.70","2,159.80","7,419,461"
"20-Nov-2025","2,153.10","2,169.30","2,149.90","2,158.30","7,452,899"
"21-Nov-2025","2,150.10","2,174.50","2,148.60","2,162.70","6,720,938"
"24-Nov-2025","2,162.10","2,165.80","2,140.40","2,152.10","9,686,848"
"25-Nov-2025","2,159.00","2,170.70","2,138.70","2,161.60","7,102,592"
"26-Nov-2025","2,104.00","2,134.90","2,097.50","2,126.80","43,174,047"
"27-Nov-2025","2,132.00","2,136.90","2,103.80","2,115.60","4,444,877"
"28-Nov-2025","2,118.00","2,129.50","2,096.40","2,101.60","6,263,457"
"01-Dec-2025","2,114.70","2,119.00","2,083.10","2,089.70","5,058,900"
"02-Dec-2025","2,089.80","2,114.80","2,087.10","2,104.00","6,591,396"
"03-Dec-2025","2,100.10","2,109.90","2,081.60","2,086.00","4,357,641"
"04-Dec-2025","2,094.80","2,108.50","2,074.10","2,103.80","4,611,819"
"05-Dec-2025","2,092.60","2,111.90","2,090.00","2,108.80","2,938,290"
"08-Dec-2025","2,114.40","2,114.40","2,078.90","2,086.20","4,327,091"
"09-Dec-2025","2,086.80","2,100.40","2,080.40","2,089.70","5,139,229"
"10-Dec-2025","2,072.00","2,096.90","2,062.20","2,067.00","3,987,451"
"11-Dec-2025","2,066.00","2,069.20","2,038.00","2,053.20","3,254,850"
"12-Dec-2025","2,053.10","2,087.10","2,050.60","2,083.40","2,706,420"
"15-Dec-2025","2,070.10","2,078.90","2,061.50","2,069.70","3,233,614"
"16-Dec-2025","2,070.10","2,106.60","2,070.10","2,102.00","5,756,692"
"17-Dec-2025","2,117.60","2,128.00","2,096.40","2,108.00","6,412,516"
"18-Dec-2025","2,099.00","2,116.60","2,088.10","2,092.00","3,760,341"
"19-Dec-2025","2,113.90","2,115.00","2,082.00","2,097.70","10,127,415"
"22-Dec-2025","2,118.00","2,151.70","2,101.70","2,147.60","7,670,853"
"23-Dec-2025","2,157.00","2,164.00","2,119.20","2,122.90","4,110,853"
"24-Dec-2025","2,111.00","2,137.20","2,111.00","2,123.70","3,145,464"
"26-Dec-2025","2,123.00","2,123.00","2,101.80","2,105.40","1,297,870"
"29-Dec-2025","2,105.40","2,112.70","2,079.40","2,081.60","2,371,034"
"30-Dec-2025","2,077.00","2,102.80","2,071.60","2,099.80","6,983,390"
"31-Dec-2025","2,096.00","2,121.00","2,090.10","2,105.60","2,991,434"
"26-Feb-2026","1,914.00","1,935.00","1,904.50","1,934.00","2,461,130"
