"Date","Open","High","Low","Close","Volume"
"01-Jan-2019","38.00","38.10","37.10","37.75","8,804,237"
"02-Jan-2019","37.95","37.95","36.50","36.75","10,619,192"
"03-Jan-2019","35.75","36.30","34.85","36.10","23,707,290"
"04-Jan-2019","36.10","36.55","35.60","36.20","12,761,684"
"07-Jan-2019","36.60","36.95","36.40","36.65","8,261,827"
"08-Jan-2019","36.50","37.30","36.25","36.95","9,699,415"
"09-Jan-2019","37.00","37.40","36.40","36.95","11,329,866"
"10-Jan-2019","37.00","37.60","36.80","37.10","10,158,441"
"11-Jan-2019","37.05","37.30","36.55","36.90","8,296,822"
"14-Jan-2019","37.00","37.00","35.60","35.95","10,557,786"
"15-Jan-2019","35.95","36.45","35.65","36.25","9,633,897"
"16-Jan-2019","36.35","36.95","36.10","36.40","8,866,060"
"17-Jan-2019","36.40","37.15","36.00","36.95","14,915,441"
"18-Jan-2019","37.00","37.00","34.35","35.20","28,861,742"
"21-Jan-2019","35.20","35.45","32.40","32.85","39,629,370"
"22-Jan-2019","32.75","33.70","32.60","33.50","19,391,011"
"23-Jan-2019","33.70","34.50","33.30","33.90","12,749,248"
"24-Jan-2019","34.45","35.20","33.25","34.05","33,984,041"
"25-Jan-2019","33.80","34.20","32.25","32.85","23,369,945"
"28-Jan-2019","32.80","32.80","28.45","31.05","29,488,750"
"29-Jan-2019","31.05","32.55","30.05","30.70","30,827,964"
"30-Jan-2019","30.90","31.40","30.20","30.55","16,496,180"
"31-Jan-2019","30.75","31.10","29.60","30.10","28,745,767"
"01-Feb-2019","30.30","31.40","30.15","30.90","16,952,172"
"04-Feb-2019","30.95","31.00","29.40","30.05","18,195,808"
"05-Feb-2019","29.95","30.65","29.25","30.45","21,969,460"
"06-Feb-2019","30.40","30.40","28.80","30.00","26,312,052"
"07-Feb-2019","29.50","32.95","29.30","32.00","52,968,537"
"08-Feb-2019","32.00","32.00","29.70","30.55","25,029,547"
"11-Feb-2019","30.70","32.00","29.60","31.15","21,953,351"
"12-Feb-2019","30.95","30.95","29.50","29.75","18,874,742"
"13-Feb-2019","29.80","30.70","29.60","30.45","18,041,785"
"14-Feb-2019","30.45","31.95","29.80","31.65","19,281,097"
"15-Feb-2019","31.35","31.35","29.75","30.00","24,591,355"
"18-Feb-2019","30.40","30.90","29.80","30.65","14,830,413"
"19-Feb-2019","30.45","31.20","29.85","30.30","19,853,761"
"20-Feb-2019","30.30","30.90","29.95","30.60","20,088,894"
"21-Feb-2019","30.55","31.20","30.25","31.00","31,409,768"
"22-Feb-2019","31.20","31.40","30.15","30.35","22,884,636"
"25-Feb-2019","30.30","31.00","30.20","30.50","22,358,483"
"26-Feb-2019","30.20","30.40","29.20","29.80","21,505,100"
"27-Feb-2019","30.00","30.55","29.40","29.55","17,311,465"
"28-Feb-2019","29.60","30.35","29.55","29.90","41,149,906"
"01-Mar-2019","30.40","30.45","29.60","29.90","26,998,236"
"05-Mar-2019","29.90","30.50","29.60","29.80","29,582,471"
"06-Mar-2019","30.00","31.90","29.90","31.25","57,451,040"
"07-Mar-2019","31.60","33.10","31.30","32.00","65,578,537"
"08-Mar-2019","32.00","32.75","31.70","32.55","29,618,241"
"11-Mar-2019","32.75","34.70","32.60","34.20","45,781,308"
"12-Mar-2019","34.50","34.75","33.65","34.20","38,704,735"
"13-Mar-2019","34.45","35.30","33.45","33.95","55,338,105"
"14-Mar-2019","34.00","34.40","33.50","33.80","17,333,321"
"15-Mar-2019","33.95","34.25","33.65","33.95","16,314,084"
"18-Mar-2019","33.95","34.10","32.00","32.30","20,636,664"
"19-Mar-2019","32.35","32.60","31.20","32.05","23,389,654"
"20-Mar-2019","32.00","33.50","29.60","33.10","129,865,468"
"22-Mar-2019","33.10","33.30","31.90","32.20","48,213,547"
"25-Mar-2019","32.10","32.10","30.05","30.25","53,420,175"
"26-Mar-2019","30.25","30.45","29.35","29.60","40,285,463"
"27-Mar-2019","29.25","29.55","28.30","28.50","52,581,755"
"28-Mar-2019","28.55","30.00","28.25","29.00","125,366,309"
"29-Mar-2019","17.95","20.45","17.75","18.25","213,974,377"
"01-Apr-2019","18.25","18.25","17.65","17.75","44,374,809"
"02-Apr-2019","17.90","17.90","16.60","16.75","61,660,301"
"03-Apr-2019","16.45","16.95","15.80","15.90","61,979,681"
"04-Apr-2019","15.90","15.95","14.90","15.15","115,062,504"
"05-Apr-2019","15.05","16.70","15.05","16.30","163,072,526"
"08-Apr-2019","16.70","17.45","16.55","17.30","109,448,159"
"09-Apr-2019","17.50","17.70","16.80","16.95","57,008,691"
"10-Apr-2019","17.05","17.15","16.30","16.35","67,257,100"
"11-Apr-2019","16.40","16.45","15.90","16.25","47,799,330"
"12-Apr-2019","16.30","16.45","15.90","16.05","42,481,657"
"15-Apr-2019","16.05","17.35","15.80","17.00","73,466,485"
"16-Apr-2019","17.00","18.15","16.75","17.95","119,864,982"
"18-Apr-2019","18.10","18.15","16.95","17.25","73,204,505"
"22-Apr-2019","17.35","17.40","16.85","17.15","55,102,622"
"23-Apr-2019","17.15","17.25","16.85","17.05","34,255,032"
"24-Apr-2019","17.25","17.75","17.00","17.15","52,632,586"
"25-Apr-2019","16.75","17.25","16.30","16.85","69,215,591"
"26-Apr-2019","16.75","16.85","16.05","16.25","35,364,872"
"30-Apr-2019","16.10","16.20","15.25","15.45","33,729,371"
"02-May-2019","15.35","16.55","15.15","16.20","62,636,435"
"03-May-2019","16.25","16.50","15.90","16.15","26,630,328"
"06-May-2019","17.15","17.15","16.25","16.35","45,839,027"
"07-May-2019","16.40","16.60","15.50","15.60","36,754,853"
"08-May-2019","15.40","15.40","13.65","14.30","240,357,694"
"09-May-2019","14.20","14.50","13.95","14.30","157,917,034"
"10-May-2019","14.30","14.30","13.55","14.05","229,057,148"
"13-May-2019","14.05","15.00","14.05","14.45","200,282,034"
"14-May-2019","14.45","14.55","13.00","14.00","243,253,187"
"15-May-2019","14.05","14.15","12.80","12.90","148,791,000"
"16-May-2019","13.00","13.00","12.05","12.20","161,982,330"
"17-May-2019","12.40","12.45","11.60","11.85","180,983,160"
"20-May-2019","12.25","13.00","11.80","12.55","137,707,027"
"21-May-2019","12.60","12.65","11.70","11.80","94,310,446"
"22-May-2019","11.85","12.30","11.50","12.15","133,499,642"
"23-May-2019","12.30","13.00","12.25","12.75","132,685,065"
"24-May-2019","12.85","13.25","12.55","12.85","91,577,582"
"27-May-2019","12.65","13.25","12.60","13.05","99,540,754"
"28-May-2019","13.05","13.80","13.00","13.65","170,049,972"
"29-May-2019","13.70","13.75","13.15","13.20","50,735,753"
"30-May-2019","13.20","13.65","12.95","13.30","273,542,405"
"31-May-2019","13.60","14.05","13.45","13.95","151,171,664"
"03-Jun-2019","13.95","14.15","13.80","14.00","55,031,122"
"04-Jun-2019","14.05","14.40","13.80","13.85","64,187,215"
"06-Jun-2019","13.90","14.00","13.20","13.45","69,427,339"
"07-Jun-2019","13.45","13.55","13.20","13.40","35,136,898"
"10-Jun-2019","13.30","13.55","12.65","12.80","49,800,929"
"11-Jun-2019","12.95","13.25","12.60","13.15","43,370,155"
"12-Jun-2019","13.15","13.20","12.80","12.85","22,813,410"
"13-Jun-2019","12.80","13.05","12.75","12.90","32,447,299"
"14-Jun-2019","12.85","12.90","12.30","12.50","35,801,366"
"17-Jun-2019","12.45","12.45","12.00","12.10","34,319,913"
"18-Jun-2019","12.00","12.10","11.80","11.95","37,194,394"
"19-Jun-2019","11.95","12.25","11.10","11.40","50,447,027"
"20-Jun-2019","11.30","11.95","11.25","11.90","33,264,078"
"21-Jun-2019","11.90","12.40","11.75","12.15","71,979,075"
"24-Jun-2019","12.15","12.25","11.95","12.10","36,858,260"
"25-Jun-2019","12.00","12.30","11.85","12.10","34,910,618"
"26-Jun-2019","12.05","12.45","12.00","12.35","50,150,199"
"27-Jun-2019","12.30","12.65","12.15","12.35","156,191,134"
"28-Jun-2019","12.30","12.40","12.05","12.15","36,562,073"
"01-Jul-2019","12.10","12.15","11.80","12.00","33,179,163"
"02-Jul-2019","12.05","12.10","11.60","11.70","36,003,888"
"03-Jul-2019","11.70","12.00","11.60","11.95","29,759,766"
"04-Jul-2019","11.95","13.15","11.80","12.35","142,320,663"
"05-Jul-2019","12.30","12.55","11.90","12.00","59,585,610"
"08-Jul-2019","11.95","11.95","11.40","11.45","49,904,183"
"09-Jul-2019","11.40","11.55","11.25","11.35","34,589,764"
"10-Jul-2019","11.35","11.50","11.20","11.25","33,210,775"
"11-Jul-2019","11.30","11.80","11.25","11.65","30,842,594"
"12-Jul-2019","11.65","12.05","11.55","11.70","31,470,511"
"15-Jul-2019","11.70","12.00","11.65","11.75","24,805,672"
"16-Jul-2019","11.85","11.90","11.55","11.80","27,234,136"
"17-Jul-2019","11.75","12.50","11.65","11.95","57,441,442"
"18-Jul-2019","11.95","11.95","11.20","11.30","41,704,209"
"19-Jul-2019","11.45","11.55","10.70","10.95","80,656,229"
"22-Jul-2019","10.90","11.00","10.65","10.75","43,637,335"
"23-Jul-2019","10.85","10.95","10.45","10.55","65,505,254"
"24-Jul-2019","10.50","10.65","9.85","9.95","117,809,888"
"25-Jul-2019","9.95","10.15","9.65","9.70","75,424,647"
"26-Jul-2019","9.70","10.00","9.10","9.25","86,263,682"
"29-Jul-2019","8.75","8.90","6.55","6.75","669,682,147"
"30-Jul-2019","6.85","7.05","6.00","6.50","371,103,251"
"31-Jul-2019","6.85","7.10","6.60","6.85","157,323,663"
"01-Aug-2019","6.90","6.95","6.45","6.65","115,818,792"
"02-Aug-2019","6.60","6.70","6.20","6.35","138,890,327"
"05-Aug-2019","6.25","6.25","5.90","6.00","101,217,920"
"06-Aug-2019","5.90","6.05","5.50","5.65","141,607,241"
"07-Aug-2019","5.60","5.60","5.10","5.35","134,873,257"
"08-Aug-2019","5.30","5.80","5.20","5.65","151,450,330"
"09-Aug-2019","5.70","5.95","5.30","5.35","137,510,852"
"13-Aug-2019","5.40","5.45","4.80","5.00","169,808,065"
"14-Aug-2019","5.10","5.80","5.05","5.65","137,424,280"
"16-Aug-2019","5.65","6.85","5.40","6.45","253,502,013"
"19-Aug-2019","6.40","6.45","5.85","6.00","131,624,842"
"20-Aug-2019","5.95","6.20","5.45","5.85","154,625,376"
"21-Aug-2019","5.80","5.80","5.50","5.60","84,350,479"
"22-Aug-2019","5.55","5.75","5.20","5.30","132,541,611"
"23-Aug-2019","5.20","5.90","5.00","5.75","138,118,662"
"26-Aug-2019","5.85","6.05","5.25","5.50","154,474,776"
"27-Aug-2019","5.60","5.75","5.20","5.30","154,864,384"
"28-Aug-2019","5.30","5.35","4.95","5.00","153,324,776"
"29-Aug-2019","5.00","5.30","4.80","4.85","163,803,711"
"30-Aug-2019","4.90","5.45","4.90","5.35","126,453,633"
"03-Sep-2019","5.40","5.40","5.05","5.10","58,510,935"
"04-Sep-2019","5.15","5.20","4.90","5.00","53,057,113"
"05-Sep-2019","5.05","5.20","4.95","5.10","56,157,581"
"06-Sep-2019","5.10","5.40","5.10","5.15","66,907,745"
"09-Sep-2019","5.20","5.40","5.10","5.30","56,036,851"
"11-Sep-2019","5.35","5.85","5.35","5.75","108,222,094"
"12-Sep-2019","5.80","6.05","5.45","5.55","110,173,555"
"13-Sep-2019","5.55","5.60","5.25","5.40","73,375,292"
"16-Sep-2019","5.30","5.50","5.20","5.25","63,595,939"
"17-Sep-2019","5.25","5.30","5.00","5.10","112,812,385"
"18-Sep-2019","5.05","5.10","4.80","4.85","85,057,239"
"19-Sep-2019","4.90","5.70","4.90","5.45","320,602,203"
"20-Sep-2019","5.50","5.95","5.30","5.85","186,422,247"
"23-Sep-2019","5.95","6.05","5.55","5.60","82,988,317"
"24-Sep-2019","5.60","5.75","5.30","5.60","91,357,994"
"25-Sep-2019","5.55","5.60","5.20","5.30","81,683,260"
"26-Sep-2019","5.35","5.45","5.15","5.20","82,845,452"
"27-Sep-2019","5.25","5.80","5.10","5.65","107,327,275"
"30-Sep-2019","5.70","6.45","4.95","6.15","381,241,840"
"01-Oct-2019","6.30","6.30","5.20","5.40","219,653,425"
"03-Oct-2019","5.35","5.40","5.00","5.10","119,493,478"
"04-Oct-2019","5.15","5.35","5.00","5.05","83,128,782"
"07-Oct-2019","5.10","5.55","5.00","5.15","101,637,294"
"09-Oct-2019","5.20","6.00","5.15","5.85","207,235,307"
"10-Oct-2019","6.40","6.90","5.75","6.20","422,660,153"
"11-Oct-2019","6.00","6.15","5.85","6.00","122,282,409"
"14-Oct-2019","6.05","6.50","5.90","6.40","135,922,704"
"15-Oct-2019","6.40","6.45","6.10","6.15","107,234,406"
"16-Oct-2019","6.20","6.75","6.15","6.55","292,185,105"
"17-Oct-2019","6.40","6.40","5.95","6.30","165,817,016"
"18-Oct-2019","6.35","6.60","6.25","6.40","103,591,923"
"22-Oct-2019","6.40","6.55","6.00","6.10","128,095,442"
"23-Oct-2019","6.20","6.25","5.55","5.65","159,051,328"
"24-Oct-2019","5.60","5.65","4.10","4.35","755,710,087"
"25-Oct-2019","4.15","4.20","3.65","4.10","420,424,858"
"27-Oct-2019","4.15","4.40","3.80","4.20","84,384,206"
"29-Oct-2019","4.10","4.10","3.65","3.85","343,083,942"
"30-Oct-2019","4.00","4.20","3.75","3.80","270,109,253"
"31-Oct-2019","3.80","4.00","3.30","3.90","414,804,276"
"01-Nov-2019","3.85","4.80","3.65","4.30","794,271,990"
"04-Nov-2019","4.50","4.75","4.40","4.50","179,149,168"
"05-Nov-2019","4.50","4.65","4.10","4.20","119,281,067"
"06-Nov-2019","4.10","4.15","3.80","3.85","168,131,372"
"07-Nov-2019","3.90","4.15","3.80","3.90","171,478,878"
"08-Nov-2019","3.90","4.05","3.70","3.75","229,885,771"
"11-Nov-2019","3.80","4.05","3.75","4.00","106,625,599"
"13-Nov-2019","3.75","4.00","3.65","3.70","219,386,908"
"14-Nov-2019","3.35","3.45","2.85","2.95","585,724,890"
"15-Nov-2019","2.70","3.90","2.40","3.65","826,173,911"
"18-Nov-2019","3.95","4.55","3.90","4.45","553,187,407"
"19-Nov-2019","4.85","6.40","4.85","6.05","1,030,107,961"
"20-Nov-2019","6.65","8.15","6.65","7.05","1,822,988,748"
"21-Nov-2019","7.75","7.95","6.15","6.65","879,935,477"
"22-Nov-2019","6.60","6.95","6.05","6.55","455,277,632"
"25-Nov-2019","6.25","7.00","6.15","6.85","538,266,323"
"26-Nov-2019","6.55","6.80","5.70","6.00","1,244,908,386"
"27-Nov-2019","6.20","6.40","5.75","5.90","367,839,016"
"28-Nov-2019","5.90","6.85","5.90","6.60","559,329,516"
"29-Nov-2019","6.70","7.20","6.65","6.85","399,702,662"
"02-Dec-2019","7.50","8.80","7.50","7.80","1,468,550,472"
"03-Dec-2019","7.90","7.95","6.70","7.05","733,287,657"
"04-Dec-2019","7.20","7.90","7.00","7.75","708,398,144"
"05-Dec-2019","7.60","7.60","7.00","7.30","339,294,803"
"06-Dec-2019","7.10","7.35","6.65","6.90","513,327,745"
"09-Dec-2019","6.50","6.70","5.90","6.50","315,704,587"
"10-Dec-2019","6.25","6.85","6.15","6.55","385,014,786"
"11-Dec-2019","6.70","7.10","6.55","6.70","242,199,010"
"12-Dec-2019","6.85","7.00","6.70","6.80","121,366,874"
"13-Dec-2019","6.85","7.10","6.75","6.90","264,918,506"
"16-Dec-2019","6.90","6.90","6.55","6.60","153,481,308"
"17-Dec-2019","6.60","7.00","6.35","6.90","314,339,768"
"18-Dec-2019","7.25","7.35","6.30","6.40","328,199,359"
"19-Dec-2019","6.50","6.75","6.35","6.60","219,012,396"
"20-Dec-2019","6.40","6.65","6.25","6.55","174,553,730"
"23-Dec-2019","6.45","6.60","6.30","6.40","142,870,617"
"24-Dec-2019","6.35","6.50","6.20","6.30","121,125,277"
"26-Dec-2019","6.30","6.45","5.95","6.05","191,531,777"
"27-Dec-2019","6.05","6.15","5.75","5.80","135,829,056"
"30-Dec-2019","5.80","6.35","5.75","6.15","170,381,694"
"31-Dec-2019","6.15","6.25","5.95","6.15","170,099,935"
"01-Jan-2020","6.20","6.30","6.00","6.10","55,777,825"
"02-Jan-2020","6.00","6.20","5.95","6.10","67,004,549"
"03-Jan-2020","6.10","6.20","6.00","6.10","77,256,216"
"06-Jan-2020","6.05","6.10","5.90","6.00","65,911,114"
"07-Jan-2020","6.00","6.20","5.90","6.00","85,292,839"
"08-Jan-2020","5.95","6.60","5.70","6.50","329,769,716"
"09-Jan-2020","6.55","6.65","5.65","6.25","384,515,490"
"10-Jan-2020","6.30","6.35","6.00","6.10","98,544,671"
"13-Jan-2020","6.10","6.25","5.95","6.15","135,915,222"
"14-Jan-2020","6.15","6.20","6.05","6.10","72,910,162"
"15-Jan-2020","6.10","6.10","5.85","6.00","122,769,393"
"16-Jan-2020","6.05","6.35","5.95","6.00","198,015,296"
"17-Jan-2020","5.40","5.40","3.65","4.50","1,074,276,694"
"20-Jan-2020","4.70","5.15","4.60","4.85","323,839,417"
"21-Jan-2020","5.30","6.05","5.30","5.95","640,960,977"
"22-Jan-2020","5.95","6.05","5.45","5.60","300,874,524"
"23-Jan-2020","5.60","6.10","5.60","5.90","346,152,243"
"24-Jan-2020","6.00","6.10","5.75","6.05","158,798,220"
"27-Jan-2020","5.85","6.05","5.75","5.80","137,436,771"
"28-Jan-2020","5.85","5.90","4.70","5.35","248,123,542"
"29-Jan-2020","5.35","5.70","5.15","5.25","200,137,409"
"30-Jan-2020","5.25","5.60","5.00","5.20","239,078,532"
"31-Jan-2020","5.30","5.45","5.10","5.30","163,363,094"
"01-Feb-2020","5.35","5.55","5.20","5.25","129,778,833"
"03-Feb-2020","5.20","5.50","5.05","5.35","116,834,844"
"04-Feb-2020","5.35","5.45","5.25","5.25","80,865,619"
"05-Feb-2020","5.25","5.35","4.95","5.25","121,127,246"
"06-Feb-2020","5.35","5.55","5.10","5.15","110,558,196"
"07-Feb-2020","5.10","5.40","5.05","5.25","113,193,845"
"10-Feb-2020","5.40","5.40","5.00","5.05","84,534,088"
"11-Feb-2020","5.10","5.15","4.75","4.85","136,571,874"
"12-Feb-2020","4.85","4.85","4.45","4.50","293,521,398"
"13-Feb-2020","4.50","4.55","4.40","4.50","99,786,073"
"14-Feb-2020","4.35","5.45","3.25","3.40","1,418,652,659"
"17-Feb-2020","3.70","4.20","3.30","3.40","814,861,351"
"18-Feb-2020","3.25","3.25","2.80","3.00","642,554,754"
"19-Feb-2020","3.15","4.45","3.10","4.20","1,015,559,671"
"20-Feb-2020","4.45","5.00","4.20","4.40","956,876,746"
"24-Feb-2020","4.80","5.05","3.80","3.85","679,574,901"
"25-Feb-2020","3.95","4.30","3.50","3.95","598,933,526"
"26-Feb-2020","3.85","4.15","3.60","4.00","325,151,192"
"27-Feb-2020","4.05","4.25","3.70","3.80","393,794,097"
"28-Feb-2020","3.80","3.95","3.55","3.85","395,445,168"
"02-Mar-2020","3.90","4.10","3.30","3.45","244,209,249"
"03-Mar-2020","3.60","3.90","3.30","3.65","317,086,505"
"04-Mar-2020","3.75","3.80","3.40","3.60","215,195,612"
"05-Mar-2020","3.45","3.85","3.30","3.60","338,216,925"
"06-Mar-2020","3.40","3.45","3.20","3.30","338,761,004"
"09-Mar-2020","3.40","4.30","3.30","4.00","693,014,531"
"11-Mar-2020","4.40","4.95","4.20","4.35","721,196,202"
"12-Mar-2020","4.60","4.60","4.05","4.20","741,584,888"
"13-Mar-2020","4.00","5.80","3.85","5.60","1,422,567,684"
"16-Mar-2020","5.50","7.20","5.10","5.70","1,324,647,094"
"17-Mar-2020","6.00","6.20","4.70","4.85","698,681,449"
"18-Mar-2020","5.30","5.70","2.70","3.15","2,229,982,062"
"19-Mar-2020","3.30","3.55","3.00","3.30","609,066,160"
"20-Mar-2020","3.60","3.60","3.30","3.45","387,072,666"
"23-Mar-2020","3.25","3.40","3.10","3.15","312,983,158"
"24-Mar-2020","3.35","3.45","3.15","3.35","283,473,441"
"25-Mar-2020","3.35","3.45","3.30","3.35","129,167,351"
"26-Mar-2020","3.40","3.40","3.25","3.25","143,520,906"
"27-Mar-2020","3.30","3.30","3.20","3.20","105,887,912"
"30-Mar-2020","3.25","3.25","3.10","3.15","82,151,728"
"31-Mar-2020","3.20","3.25","3.05","3.10","161,311,080"
"01-Apr-2020","3.10","3.15","3.00","3.05","178,196,632"
"03-Apr-2020","3.05","3.25","3.00","3.15","186,975,449"
"07-Apr-2020","3.25","3.30","3.15","3.20","127,011,743"
"08-Apr-2020","3.20","3.25","3.15","3.20","139,887,129"
"09-Apr-2020","3.25","3.30","3.20","3.30","116,620,028"
"13-Apr-2020","3.30","4.25","3.30","4.10","804,238,144"
"15-Apr-2020","4.45","4.90","4.00","4.25","709,334,485"
"16-Apr-2020","4.50","4.65","4.15","4.25","403,258,814"
"17-Apr-2020","4.35","4.40","3.85","4.10","536,920,091"
"20-Apr-2020","4.10","4.20","3.80","3.90","274,060,091"
"21-Apr-2020","3.75","3.85","3.60","3.70","251,820,879"
"22-Apr-2020","3.90","4.05","3.70","3.95","437,808,471"
"23-Apr-2020","4.30","4.50","4.15","4.35","691,062,053"
"24-Apr-2020","4.25","4.25","3.95","4.00","321,638,498"
"27-Apr-2020","4.00","4.20","4.00","4.10","250,387,616"
"28-Apr-2020","4.20","4.20","3.95","4.00","303,932,126"
"29-Apr-2020","4.05","4.30","3.90","4.20","346,354,104"
"30-Apr-2020","4.35","4.40","4.10","4.20","307,549,428"
"04-May-2020","4.05","4.35","3.90","4.15","445,019,393"
"05-May-2020","4.25","4.30","4.10","4.15","184,933,906"
"06-May-2020","4.10","4.40","4.05","4.25","434,231,303"
"07-May-2020","4.20","4.30","4.10","4.15","160,739,891"
"08-May-2020","4.20","4.30","4.15","4.20","172,146,612"
"11-May-2020","4.25","4.80","4.20","4.60","924,544,627"
"12-May-2020","4.65","5.00","4.50","4.95","587,165,672"
"13-May-2020","5.35","5.35","4.80","4.90","443,686,122"
"14-May-2020","4.80","5.00","4.70","4.75","251,907,250"
"15-May-2020","4.75","5.00","4.55","4.85","232,136,882"
"18-May-2020","4.95","5.10","4.60","4.65","349,608,026"
"19-May-2020","4.85","5.65","4.65","5.45","883,245,979"
"20-May-2020","5.65","5.95","5.50","5.65","504,613,882"
"21-May-2020","5.65","5.85","5.35","5.55","400,537,420"
"22-May-2020","5.50","5.70","5.35","5.50","350,548,515"
"26-May-2020","5.55","5.75","5.50","5.60","254,718,763"
"27-May-2020","5.65","5.70","5.55","5.65","196,633,182"
"28-May-2020","5.70","6.05","5.65","5.80","498,614,343"
"29-May-2020","6.35","7.80","6.35","6.55","2,399,245,304"
"01-Jun-2020","6.45","6.90","6.00","6.55","504,571,619"
"02-Jun-2020","6.65","7.85","6.60","7.70","940,728,591"
"03-Jun-2020","8.00","8.85","7.80","8.10","963,778,860"
"04-Jun-2020","8.20","8.90","8.00","8.60","870,350,705"
"05-Jun-2020","9.20","10.75","9.00","10.50","1,796,740,666"
"08-Jun-2020","11.55","12.60","11.20","12.00","1,949,862,202"
"09-Jun-2020","12.35","12.35","9.00","10.05","1,559,424,903"
"10-Jun-2020","9.70","11.00","9.10","10.85","1,095,418,897"
"11-Jun-2020","11.10","11.45","9.15","9.40","2,241,750,409"
"12-Jun-2020","8.50","10.30","8.00","10.15","1,502,759,376"
"15-Jun-2020","10.80","10.80","9.90","10.15","860,080,855"
"16-Jun-2020","10.30","10.40","9.20","9.75","808,122,224"
"17-Jun-2020","9.35","10.00","9.35","9.85","450,379,987"
"18-Jun-2020","9.85","10.35","9.05","9.75","994,944,935"
"19-Jun-2020","9.75","9.90","9.05","9.15","542,600,491"
"22-Jun-2020","9.20","10.50","9.05","10.10","1,199,335,054"
"23-Jun-2020","10.10","10.50","10.00","10.25","442,667,414"
"24-Jun-2020","10.35","10.40","9.50","9.80","524,339,404"
"25-Jun-2020","9.40","10.10","9.25","9.85","595,263,920"
"26-Jun-2020","9.80","10.75","9.75","10.40","1,093,738,838"
"29-Jun-2020","10.60","11.25","10.10","11.10","994,290,916"
"30-Jun-2020","11.45","11.45","10.50","10.60","885,397,430"
"01-Jul-2020","10.40","10.75","10.05","10.15","434,164,889"
"02-Jul-2020","10.20","10.45","9.75","10.05","369,250,291"
"03-Jul-2020","10.10","10.25","9.85","10.00","262,034,228"
"06-Jul-2020","10.10","10.10","9.75","9.80","231,239,132"
"07-Jul-2020","9.80","9.85","9.45","9.55","241,560,882"
"08-Jul-2020","9.60","9.90","9.10","9.30","451,510,804"
"09-Jul-2020","9.25","9.50","9.00","9.35","360,689,438"
"10-Jul-2020","9.20","9.90","8.75","9.75","924,543,604"
"13-Jul-2020","10.00","10.10","9.50","9.75","378,800,062"
"14-Jul-2020","9.65","9.70","9.30","9.35","278,387,341"
"15-Jul-2020","9.20","9.35","8.45","8.65","476,000,600"
"16-Jul-2020","8.65","8.70","7.00","7.85","990,881,582"
"17-Jul-2020","7.60","9.00","7.45","8.90","764,117,778"
"20-Jul-2020","9.40","9.70","8.25","9.10","1,034,536,973"
"21-Jul-2020","8.95","8.95","8.15","8.30","644,550,188"
"22-Jul-2020","8.45","9.05","8.35","8.55","505,621,621"
"23-Jul-2020","8.90","8.90","8.50","8.60","232,041,998"
"24-Jul-2020","8.40","8.55","8.10","8.40","242,282,991"
"27-Jul-2020","8.20","8.45","8.00","8.05","177,640,255"
"28-Jul-2020","8.05","8.15","7.80","8.05","189,221,016"
"29-Jul-2020","8.00","8.65","7.85","8.25","359,502,699"
"30-Jul-2020","8.25","8.50","7.95","8.00","293,160,439"
"31-Jul-2020","8.10","8.50","8.10","8.40","340,468,514"
"03-Aug-2020","8.40","8.85","8.00","8.70","422,275,259"
"04-Aug-2020","8.70","8.95","8.50","8.65","328,585,847"
"05-Aug-2020","8.60","8.75","8.15","8.30","289,463,946"
"06-Aug-2020","8.30","8.50","8.15","8.25","177,570,411"
"07-Aug-2020","7.90","8.95","7.60","8.85","687,114,245"
"10-Aug-2020","9.00","9.20","8.80","9.10","418,346,262"
"11-Aug-2020","8.90","8.95","8.65","8.70","161,161,541"
"12-Aug-2020","8.60","9.05","8.55","8.85","160,030,301"
"13-Aug-2020","8.95","9.15","8.80","9.05","182,552,196"
"14-Aug-2020","9.00","9.35","8.70","8.95","332,565,944"
"17-Aug-2020","9.05","9.15","8.85","8.95","108,173,393"
"18-Aug-2020","8.95","9.00","8.70","8.85","179,570,699"
"19-Aug-2020","8.75","8.90","8.60","8.70","140,562,489"
"20-Aug-2020","8.60","8.80","8.45","8.50","152,596,470"
"21-Aug-2020","8.60","8.70","8.45","8.50","101,588,516"
"24-Aug-2020","8.65","9.25","8.40","9.10","532,091,682"
"25-Aug-2020","9.15","9.25","8.90","9.00","157,251,782"
"26-Aug-2020","9.00","9.05","8.85","8.90","91,976,400"
"27-Aug-2020","8.90","9.00","8.70","8.85","209,578,041"
"28-Aug-2020","8.95","10.45","8.90","10.10","1,288,276,832"
"31-Aug-2020","10.50","11.10","9.60","10.20","687,028,779"
"01-Sep-2020","10.80","10.95","7.65","8.85","1,754,522,984"
"02-Sep-2020","9.30","10.15","9.20","9.90","560,091,130"
"03-Sep-2020","10.50","12.85","10.45","12.55","1,561,842,483"
"04-Sep-2020","11.30","13.50","11.30","12.05","1,630,569,044"
"07-Sep-2020","13.25","13.25","11.95","12.30","1,369,796,857"
"08-Sep-2020","12.50","12.60","11.15","11.30","504,504,829"
"09-Sep-2020","10.95","11.25","10.55","11.10","388,940,425"
"10-Sep-2020","11.30","11.55","11.00","11.40","358,370,645"
"11-Sep-2020","11.40","11.40","10.90","11.15","223,836,572"
"14-Sep-2020","11.35","11.85","11.05","11.55","381,319,435"
"15-Sep-2020","11.85","12.25","11.65","11.75","742,507,324"
"16-Sep-2020","11.80","11.85","11.45","11.50","158,734,034"
"17-Sep-2020","11.40","11.45","11.10","11.25","190,519,608"
"18-Sep-2020","11.20","11.70","11.05","11.25","346,087,605"
"21-Sep-2020","11.25","11.40","10.30","10.40","315,991,145"
"22-Sep-2020","10.35","10.45","9.65","10.25","434,050,940"
"23-Sep-2020","10.00","10.20","8.85","9.20","612,197,229"
"24-Sep-2020","8.95","9.45","8.55","9.10","511,444,568"
"25-Sep-2020","9.35","10.45","9.00","10.30","506,323,465"
"28-Sep-2020","10.75","10.80","10.10","10.35","413,975,097"
"29-Sep-2020","10.10","10.25","9.55","9.80","460,534,707"
"30-Sep-2020","9.80","10.10","9.30","9.55","340,581,617"
"01-Oct-2020","9.30","9.50","9.10","9.25","215,631,881"
"05-Oct-2020","9.25","9.50","8.95","9.00","304,627,744"
"06-Oct-2020","9.10","9.15","8.75","8.80","172,152,255"
"07-Oct-2020","8.80","8.85","8.50","8.55","189,210,634"
"08-Oct-2020","8.55","9.20","8.55","8.95","254,634,696"
"09-Oct-2020","9.05","9.20","8.85","8.90","113,605,399"
"12-Oct-2020","9.00","9.00","8.65","8.70","100,626,250"
"13-Oct-2020","8.55","8.70","8.45","8.55","103,026,200"
"14-Oct-2020","8.60","8.65","8.20","8.40","158,888,565"
"15-Oct-2020","8.25","8.35","7.90","8.00","188,328,045"
"16-Oct-2020","8.00","8.30","7.95","8.05","122,716,781"
"19-Oct-2020","8.10","8.15","7.60","7.95","216,186,805"
"20-Oct-2020","7.90","9.00","7.75","8.70","375,877,549"
"21-Oct-2020","8.75","8.90","8.45","8.60","176,951,022"
"22-Oct-2020","8.50","9.00","8.40","8.90","169,886,240"
"23-Oct-2020","9.10","9.25","8.85","9.05","366,990,698"
"26-Oct-2020","9.05","9.15","8.85","8.90","92,437,031"
"27-Oct-2020","8.80","8.85","8.65","8.70","75,375,416"
"28-Oct-2020","8.70","9.05","8.55","8.70","150,116,018"
"29-Oct-2020","8.60","8.75","8.25","8.35","200,760,137"
"30-Oct-2020","8.10","8.95","8.00","8.75","417,589,466"
"02-Nov-2020","8.80","8.90","8.40","8.75","251,873,794"
"03-Nov-2020","8.70","8.70","8.50","8.55","107,561,247"
"04-Nov-2020","8.50","8.60","8.35","8.40","73,165,683"
"05-Nov-2020","8.50","8.60","8.35","8.50","86,070,777"
"06-Nov-2020","8.45","8.95","8.40","8.60","158,987,012"
"09-Nov-2020","8.75","8.80","8.55","8.70","121,084,167"
"10-Nov-2020","8.65","8.70","8.50","8.55","113,716,651"
"11-Nov-2020","8.50","8.65","8.40","8.45","134,558,775"
"12-Nov-2020","8.45","8.65","8.40","8.50","103,703,745"
"13-Nov-2020","8.50","8.85","8.45","8.70","206,654,827"
"14-Nov-2020","8.95","9.25","8.80","9.10","248,779,292"
"17-Nov-2020","9.10","10.00","9.10","9.30","635,729,848"
"18-Nov-2020","9.20","9.55","9.10","9.20","234,862,530"
"19-Nov-2020","9.15","9.60","9.05","9.25","303,524,665"
"20-Nov-2020","9.55","10.15","9.50","10.05","559,636,322"
"23-Nov-2020","10.30","10.60","10.15","10.40","392,518,684"
"24-Nov-2020","10.50","10.75","10.15","10.25","449,615,731"
"25-Nov-2020","10.30","10.35","9.65","9.70","444,960,297"
"26-Nov-2020","9.70","10.00","9.60","9.95","273,322,035"
"27-Nov-2020","10.00","10.10","9.65","9.80","211,191,365"
"01-Dec-2020","9.80","10.35","9.60","10.00","354,320,484"
"02-Dec-2020","9.95","10.20","9.80","9.90","172,606,976"
"03-Dec-2020","10.00","10.05","9.80","9.95","151,257,328"
"04-Dec-2020","9.90","10.00","9.65","9.75","183,317,075"
"07-Dec-2020","9.80","9.85","9.55","9.60","134,836,089"
"08-Dec-2020","9.60","9.85","9.50","9.55","169,069,975"
"09-Dec-2020","9.60","10.00","9.45","9.85","299,947,714"
"10-Dec-2020","9.90","10.10","9.65","9.85","159,494,190"
"11-Dec-2020","9.85","10.35","9.70","10.10","414,971,366"
"14-Dec-2020","10.25","10.40","9.90","10.05","275,807,086"
"15-Dec-2020","10.05","10.05","9.70","9.90","140,533,584"
"16-Dec-2020","9.95","10.15","9.80","10.00","162,488,886"
"17-Dec-2020","9.95","10.25","9.80","9.95","229,483,126"
"18-Dec-2020","9.90","10.15","9.70","9.85","203,187,097"
"21-Dec-2020","9.95","10.05","8.90","9.20","341,621,075"
"22-Dec-2020","9.20","9.60","8.90","9.50","379,432,196"
"23-Dec-2020","9.50","10.65","9.40","10.55","611,362,315"
"24-Dec-2020","10.60","10.65","9.95","10.10","409,236,971"
"28-Dec-2020","10.15","10.60","10.15","10.40","254,691,531"
"29-Dec-2020","10.40","10.55","10.10","10.30","290,602,851"
"30-Dec-2020","10.35","10.35","10.05","10.20","196,181,871"
"31-Dec-2020","10.20","10.90","10.10","10.65","733,827,571"
"01-Jan-2021","10.75","11.35","10.60","11.20","423,793,813"
"04-Jan-2021","11.80","12.15","11.45","11.90","649,973,524"
"05-Jan-2021","11.80","12.15","11.60","11.90","335,592,305"
"06-Jan-2021","12.00","12.25","11.50","11.85","374,712,576"
"07-Jan-2021","11.95","12.35","11.85","11.95","352,143,303"
"08-Jan-2021","12.10","12.30","11.65","11.75","290,761,549"
"11-Jan-2021","11.95","12.05","11.35","11.50","221,429,001"
"12-Jan-2021","11.45","12.25","11.30","12.10","389,146,921"
"13-Jan-2021","12.25","12.75","11.90","12.25","672,714,234"
"14-Jan-2021","12.35","12.45","12.10","12.30","167,998,404"
"15-Jan-2021","12.35","13.80","12.30","13.65","1,224,469,545"
"18-Jan-2021","13.65","13.65","12.60","13.00","494,595,504"
"19-Jan-2021","13.15","13.65","13.10","13.30","260,285,118"
"20-Jan-2021","13.30","13.50","13.20","13.35","196,034,331"
"21-Jan-2021","13.35","13.65","12.80","12.90","275,489,083"
"22-Jan-2021","12.95","13.10","12.40","12.70","359,520,848"
"25-Jan-2021","12.80","12.85","11.55","11.75","462,082,038"
"27-Jan-2021","11.70","12.00","11.35","11.60","425,911,676"
"28-Jan-2021","11.50","12.25","11.40","11.75","455,920,820"
"29-Jan-2021","11.80","12.00","10.95","11.20","289,672,779"
"01-Feb-2021","11.10","11.80","10.85","11.70","277,025,482"
"02-Feb-2021","11.85","11.95","11.50","11.85","219,351,517"
"03-Feb-2021","11.90","12.75","11.70","12.25","354,263,383"
"04-Feb-2021","12.30","12.50","12.10","12.15","163,102,730"
"05-Feb-2021","12.20","12.45","11.90","12.00","196,604,376"
"08-Feb-2021","12.10","12.15","11.60","11.70","181,041,724"
"09-Feb-2021","11.60","12.50","11.60","11.95","316,749,597"
"10-Feb-2021","11.95","12.10","11.70","11.90","127,210,199"
"11-Feb-2021","11.90","13.05","11.80","12.90","538,132,731"
"12-Feb-2021","12.85","13.00","12.30","12.50","421,777,135"
"15-Feb-2021","12.15","12.90","11.90","12.10","333,722,604"
"16-Feb-2021","12.20","12.25","11.65","11.75","213,050,922"
"17-Feb-2021","11.75","12.40","11.65","11.90","236,876,381"
"18-Feb-2021","11.95","11.95","11.45","11.55","197,557,956"
"19-Feb-2021","11.50","11.70","10.80","10.90","316,179,539"
"22-Feb-2021","10.90","11.25","10.65","10.75","244,411,595"
"23-Feb-2021","10.80","11.15","10.80","11.00","228,784,619"
"24-Feb-2021","11.15","11.60","11.10","11.45","215,734,006"
"25-Feb-2021","11.50","11.85","11.45","11.65","205,917,447"
"26-Feb-2021","11.50","11.75","11.25","11.30","288,634,828"
"01-Mar-2021","11.40","11.45","10.90","11.05","183,553,814"
"02-Mar-2021","11.10","11.50","10.90","11.35","292,065,348"
"03-Mar-2021","11.45","11.65","11.10","11.15","216,754,057"
"04-Mar-2021","11.00","11.15","10.90","11.00","156,391,976"
"05-Mar-2021","10.90","11.00","10.40","10.55","294,392,507"
"08-Mar-2021","10.70","10.90","10.45","10.50","165,778,445"
"09-Mar-2021","10.55","10.65","9.90","10.10","258,920,821"
"10-Mar-2021","10.20","10.40","10.10","10.30","130,052,014"
"12-Mar-2021","10.45","10.60","10.15","10.20","185,463,143"
"15-Mar-2021","10.20","10.25","9.90","10.05","129,573,177"
"16-Mar-2021","10.10","10.75","10.05","10.15","183,256,039"
"17-Mar-2021","10.20","10.20","9.75","9.85","182,276,351"
"18-Mar-2021","10.10","10.25","9.60","9.90","217,584,197"
"19-Mar-2021","9.90","9.95","9.55","9.75","219,176,606"
"22-Mar-2021","9.70","10.15","9.55","10.00","141,848,777"
"23-Mar-2021","10.05","10.20","9.90","10.10","119,941,044"
"24-Mar-2021","10.05","10.05","9.70","9.75","98,345,903"
"25-Mar-2021","9.75","9.80","8.80","8.90","585,923,023"
"26-Mar-2021","9.10","9.45","9.05","9.10","368,334,602"
"30-Mar-2021","9.30","9.50","9.00","9.20","170,193,546"
"31-Mar-2021","9.25","9.80","9.10","9.25","263,121,309"
"01-Apr-2021","9.30","10.15","9.20","10.00","249,215,374"
"05-Apr-2021","9.95","10.00","9.25","9.55","177,588,656"
"06-Apr-2021","9.50","9.90","9.45","9.70","200,557,398"
"07-Apr-2021","9.90","10.00","9.70","9.75","163,017,659"
"08-Apr-2021","9.85","9.95","9.35","9.40","174,461,804"
"09-Apr-2021","9.45","9.70","9.40","9.40","98,860,394"
"12-Apr-2021","9.30","9.30","8.60","8.75","230,871,743"
"13-Apr-2021","8.85","9.00","8.80","8.95","121,410,282"
"15-Apr-2021","8.90","9.10","8.65","8.95","155,089,395"
"16-Apr-2021","8.90","8.95","8.80","8.85","72,798,915"
"19-Apr-2021","8.60","8.60","8.30","8.45","132,327,626"
"20-Apr-2021","8.50","8.65","8.30","8.45","92,343,831"
"22-Apr-2021","8.45","8.65","8.35","8.45","121,409,013"
"23-Apr-2021","8.40","8.55","8.35","8.45","61,571,313"
"26-Apr-2021","8.55","8.60","8.45","8.45","55,862,755"
"27-Apr-2021","8.45","8.75","8.45","8.70","107,539,610"
"28-Apr-2021","8.75","8.85","8.60","8.65","102,877,140"
"29-Apr-2021","8.70","8.75","8.35","8.40","155,613,116"
"30-Apr-2021","8.35","8.60","8.30","8.35","98,167,086"
"03-May-2021","8.30","8.55","8.25","8.45","88,911,009"
"04-May-2021","8.45","8.55","8.20","8.25","130,270,445"
"05-May-2021","8.30","8.45","8.25","8.35","81,857,103"
"06-May-2021","8.40","8.45","8.25","8.30","60,140,244"
"07-May-2021","8.35","8.40","8.20","8.30","108,570,333"
"10-May-2021","8.30","8.30","8.05","8.20","173,571,300"
"11-May-2021","8.15","8.20","8.05","8.10","86,024,008"
"12-May-2021","8.15","9.15","8.10","8.80","397,884,076"
"14-May-2021","9.00","9.10","8.55","8.65","171,516,548"
"17-May-2021","8.70","8.75","8.50","8.55","78,204,978"
"18-May-2021","8.60","8.70","8.50","8.55","70,097,530"
"19-May-2021","8.50","8.70","8.40","8.45","87,317,836"
"20-May-2021","8.45","8.50","8.35","8.40","67,889,823"
"21-May-2021","8.45","8.70","8.40","8.55","134,046,773"
"24-May-2021","8.55","8.70","8.50","8.60","90,310,531"
"25-May-2021","8.65","8.70","8.45","8.55","81,688,375"
"26-May-2021","8.65","8.65","8.50","8.55","74,951,767"
"27-May-2021","8.55","8.60","8.40","8.45","110,294,218"
"28-May-2021","8.55","9.10","8.45","8.70","197,270,856"
"31-May-2021","8.75","8.80","8.65","8.65","68,439,642"
"01-Jun-2021","8.70","8.75","8.45","8.50","95,070,972"
"02-Jun-2021","8.55","8.85","8.45","8.80","160,917,782"
"03-Jun-2021","8.85","9.45","8.80","9.35","433,568,903"
"04-Jun-2021","9.40","9.85","9.35","9.75","364,137,160"
"07-Jun-2021","10.00","10.25","9.95","10.10","259,698,765"
"08-Jun-2021","10.15","10.30","9.60","10.05","310,914,889"
"09-Jun-2021","10.10","10.15","9.50","9.65","208,316,036"
"10-Jun-2021","9.75","10.05","9.70","9.95","140,332,528"
"11-Jun-2021","10.00","10.15","9.75","9.85","161,600,504"
"14-Jun-2021","9.80","9.90","9.50","9.65","127,161,642"
"15-Jun-2021","9.75","9.90","9.65","9.70","87,659,985"
"16-Jun-2021","9.70","9.85","9.45","9.55","147,068,682"
"17-Jun-2021","9.45","9.80","9.40","9.45","175,515,506"
"18-Jun-2021","9.50","10.50","9.05","10.35","807,562,466"
"21-Jun-2021","10.40","10.55","10.00","10.15","315,324,065"
"22-Jun-2021","10.25","10.30","9.90","10.00","192,460,495"
"23-Jun-2021","10.05","10.15","9.85","9.95","148,990,511"
"24-Jun-2021","10.05","10.15","9.50","9.55","289,568,632"
"25-Jun-2021","9.70","10.85","9.65","10.60","501,201,896"
"28-Jun-2021","10.80","10.95","10.35","10.45","272,304,494"
"29-Jun-2021","10.45","10.70","10.00","10.10","188,762,210"
"30-Jun-2021","10.15","10.30","9.85","9.95","202,158,194"
"01-Jul-2021","9.00","9.45","8.50","9.05","643,708,116"
"02-Jul-2021","8.90","9.05","8.70","8.80","325,983,509"
"05-Jul-2021","8.80","9.40","8.50","9.10","432,371,910"
"06-Jul-2021","9.10","9.25","8.75","8.80","222,325,441"
"07-Jul-2021","8.80","9.00","8.75","8.85","99,089,056"
"08-Jul-2021","9.00","9.10","8.70","8.80","186,035,498"
"09-Jul-2021","8.80","9.30","8.75","9.05","179,039,654"
"12-Jul-2021","9.35","9.40","9.00","9.00","113,554,620"
"13-Jul-2021","8.90","9.10","8.80","8.85","98,428,364"
"14-Jul-2021","8.85","8.95","8.80","8.80","53,712,938"
"15-Jul-2021","8.85","9.00","8.75","8.75","68,310,928"
"16-Jul-2021","9.05","9.60","9.05","9.45","580,298,117"
"19-Jul-2021","9.55","9.90","8.55","9.15","748,615,182"
"20-Jul-2021","9.05","9.35","8.90","9.00","247,909,265"
"22-Jul-2021","9.20","9.55","8.85","9.25","682,342,777"
"23-Jul-2021","9.35","9.55","7.90","8.35","1,148,043,246"
"26-Jul-2021","8.35","8.50","8.10","8.30","219,484,526"
"27-Jul-2021","8.30","8.50","8.30","8.40","141,166,507"
"28-Jul-2021","8.45","8.75","8.20","8.35","268,614,790"
"29-Jul-2021","8.35","8.60","8.15","8.25","208,357,478"
"30-Jul-2021","8.25","8.40","8.20","8.25","119,176,003"
"02-Aug-2021","8.35","8.55","8.20","8.25","177,255,904"
"03-Aug-2021","8.25","8.25","7.15","7.40","839,530,394"
"04-Aug-2021","7.15","7.35","5.95","6.00","1,272,488,016"
"05-Aug-2021","5.40","6.10","4.55","5.95","2,203,326,931"
"06-Aug-2021","6.50","7.35","6.50","7.10","1,260,178,677"
"09-Aug-2021","7.30","7.60","6.40","6.90","946,049,079"
"10-Aug-2021","7.00","7.20","6.60","6.65","424,588,646"
"11-Aug-2021","6.60","6.75","6.30","6.65","280,814,303"
"12-Aug-2021","6.70","6.75","6.45","6.50","121,102,582"
"13-Aug-2021","6.45","6.60","6.25","6.30","184,754,336"
"16-Aug-2021","6.00","6.25","5.85","5.95","180,162,546"
"17-Aug-2021","6.05","6.05","5.60","5.75","197,222,207"
"18-Aug-2021","5.65","6.85","5.60","6.45","459,576,977"
"20-Aug-2021","5.95","6.40","5.90","5.95","309,374,862"
"23-Aug-2021","6.05","6.45","5.80","6.00","478,730,436"
"24-Aug-2021","6.15","6.30","6.05","6.25","160,571,972"
"25-Aug-2021","6.25","6.40","6.20","6.30","132,510,533"
"26-Aug-2021","6.25","6.30","5.80","5.90","282,965,357"
"27-Aug-2021","5.90","6.10","5.85","6.00","161,965,520"
"30-Aug-2021","6.05","6.10","5.90","5.95","84,925,689"
"31-Aug-2021","5.95","6.40","5.85","6.10","298,905,204"
"01-Sep-2021","6.05","6.35","6.00","6.10","278,532,142"
"02-Sep-2021","6.20","7.25","6.15","7.15","736,165,238"
"03-Sep-2021","7.30","8.10","6.90","7.25","964,239,433"
"06-Sep-2021","7.25","7.60","7.05","7.25","252,682,376"
"07-Sep-2021","7.30","8.40","7.15","8.25","1,060,683,827"
"08-Sep-2021","8.80","9.05","7.80","8.05","1,340,495,793"
"09-Sep-2021","8.05","8.50","7.70","8.40","432,353,363"
"13-Sep-2021","8.50","8.55","7.85","7.95","357,392,698"
"14-Sep-2021","7.95","9.00","7.90","8.70","776,770,515"
"15-Sep-2021","8.95","9.30","8.55","8.95","967,395,027"
"16-Sep-2021","9.80","11.50","9.65","11.25","2,384,307,453"
"17-Sep-2021","12.00","12.35","10.55","11.15","1,408,026,118"
"20-Sep-2021","11.40","11.85","10.60","10.75","681,707,927"
"21-Sep-2021","10.85","11.00","10.10","10.80","642,657,663"
"22-Sep-2021","10.70","10.70","10.30","10.40","332,186,145"
"23-Sep-2021","10.75","10.85","10.40","10.55","341,449,899"
"24-Sep-2021","10.60","11.65","10.45","11.50","948,798,242"
"27-Sep-2021","11.30","11.50","11.05","11.35","336,469,438"
"28-Sep-2021","11.50","11.60","10.80","10.95","319,440,917"
"29-Sep-2021","10.95","11.45","10.90","11.25","323,684,354"
"30-Sep-2021","11.40","12.10","11.25","11.90","1,004,213,104"
"01-Oct-2021","11.65","11.75","11.35","11.40","371,738,193"
"04-Oct-2021","11.50","11.60","11.30","11.40","202,808,054"
"05-Oct-2021","11.30","12.25","11.25","11.55","654,039,214"
"06-Oct-2021","11.70","12.00","11.15","11.45","455,208,528"
"07-Oct-2021","11.65","11.80","11.25","11.35","267,547,079"
"08-Oct-2021","11.45","11.55","11.25","11.35","181,782,419"
"11-Oct-2021","11.40","11.40","10.80","10.85","313,737,218"
"12-Oct-2021","11.10","11.15","10.50","10.65","311,795,594"
"13-Oct-2021","10.80","11.00","10.60","10.70","176,514,112"
"14-Oct-2021","10.80","10.90","10.70","10.75","118,675,965"
"18-Oct-2021","10.85","10.85","10.50","10.60","137,172,814"
"19-Oct-2021","10.70","10.80","9.90","10.00","348,088,357"
"20-Oct-2021","10.00","10.95","9.55","10.60","416,526,281"
"21-Oct-2021","10.60","10.65","10.25","10.30","125,286,481"
"22-Oct-2021","10.40","10.50","10.10","10.25","97,302,490"
"25-Oct-2021","10.25","10.60","10.15","10.40","225,518,417"
"26-Oct-2021","10.60","10.75","10.20","10.40","272,779,493"
"27-Oct-2021","10.40","10.50","10.15","10.25","124,230,433"
"28-Oct-2021","10.25","10.30","9.65","9.70","256,619,916"
"29-Oct-2021","9.70","9.80","9.35","9.55","227,585,692"
"01-Nov-2021","9.55","10.25","9.50","10.10","224,482,919"
"02-Nov-2021","10.10","10.25","10.00","10.05","82,120,783"
"03-Nov-2021","10.10","10.15","9.80","9.90","78,764,848"
"04-Nov-2021","10.10","10.10","9.95","10.00","32,509,434"
"08-Nov-2021","10.10","10.15","9.70","9.80","113,299,445"
"09-Nov-2021","9.80","10.60","9.75","10.40","308,063,929"
"10-Nov-2021","10.40","10.55","10.20","10.30","225,294,464"
"11-Nov-2021","10.30","10.45","9.80","9.85","195,692,044"
"12-Nov-2021","9.95","10.45","9.95","10.30","285,024,686"
"15-Nov-2021","10.30","10.30","10.00","10.10","111,342,364"
"16-Nov-2021","10.15","10.30","9.90","10.00","129,214,157"
"17-Nov-2021","9.95","10.20","9.90","9.95","114,140,242"
"18-Nov-2021","10.00","10.15","9.80","9.95","174,855,380"
"22-Nov-2021","10.55","10.90","10.25","10.60","470,316,125"
"23-Nov-2021","10.45","10.90","10.30","10.60","310,455,628"
"24-Nov-2021","10.70","11.25","10.50","11.00","453,943,692"
"25-Nov-2021","11.00","11.75","10.70","11.65","595,160,678"
"26-Nov-2021","11.45","11.55","10.75","10.85","338,755,270"
"29-Nov-2021","11.90","12.40","11.05","11.20","649,190,753"
"30-Nov-2021","11.20","11.60","10.95","11.05","343,788,272"
"01-Dec-2021","11.10","13.25","10.70","12.80","934,267,710"
"02-Dec-2021","12.40","13.45","12.40","12.80","865,489,758"
"03-Dec-2021","12.80","14.70","12.60","14.45","1,110,265,442"
"06-Dec-2021","14.75","15.85","14.40","15.00","1,695,143,922"
"07-Dec-2021","14.85","15.20","13.90","14.25","578,444,565"
"08-Dec-2021","14.45","15.00","14.20","14.30","426,340,896"
"09-Dec-2021","14.60","16.70","14.45","16.40","1,335,327,861"
"10-Dec-2021","16.55","16.80","16.20","16.40","536,463,667"
"13-Dec-2021","16.60","16.80","15.40","15.50","380,820,068"
"14-Dec-2021","15.35","16.10","15.00","15.25","358,293,222"
"15-Dec-2021","15.35","15.75","14.85","14.95","266,963,643"
"16-Dec-2021","15.25","15.45","14.30","14.70","316,956,135"
"17-Dec-2021","15.00","15.10","13.90","14.05","326,888,956"
"20-Dec-2021","13.95","14.50","13.25","13.65","520,033,942"
"21-Dec-2021","13.85","14.80","13.80","13.95","415,801,774"
"22-Dec-2021","14.15","14.25","13.65","13.90","269,158,618"
"23-Dec-2021","14.05","14.20","13.70","13.80","110,183,733"
"24-Dec-2021","13.85","14.10","13.40","13.65","248,366,228"
"27-Dec-2021","13.45","13.75","13.30","13.45","133,998,036"
"28-Dec-2021","13.55","14.00","13.50","13.75","186,304,390"
"29-Dec-2021","13.75","14.80","13.70","14.45","348,532,953"
"30-Dec-2021","14.45","14.80","13.90","14.00","396,404,094"
"31-Dec-2021","14.15","15.70","14.05","15.35","635,686,929"
"03-Jan-2022","15.35","16.05","15.25","15.55","392,307,918"
"04-Jan-2022","15.70","15.85","15.10","15.25","286,611,986"
"05-Jan-2022","15.30","15.60","15.05","15.10","251,510,189"
"06-Jan-2022","15.00","15.75","14.90","15.30","304,801,531"
"07-Jan-2022","15.55","15.60","15.00","15.10","256,333,161"
"10-Jan-2022","15.25","15.35","14.65","14.85","217,190,508"
"11-Jan-2022","13.40","13.60","11.40","11.80","2,108,703,849"
"12-Jan-2022","12.20","13.50","12.00","12.80","856,995,853"
"13-Jan-2022","13.15","13.25","12.60","12.80","258,126,625"
"14-Jan-2022","12.85","13.00","12.70","12.75","158,830,431"
"17-Jan-2022","12.80","12.95","12.45","12.50","172,004,314"
"18-Jan-2022","12.60","12.60","12.00","12.05","179,807,332"
"19-Jan-2022","11.85","12.05","11.60","11.95","229,377,462"
"20-Jan-2022","11.90","12.35","11.85","12.05","124,495,401"
"21-Jan-2022","11.85","12.25","11.75","11.85","169,930,902"
"24-Jan-2022","11.40","11.85","10.75","10.95","345,228,541"
"25-Jan-2022","10.80","11.50","10.80","11.30","385,767,954"
"27-Jan-2022","11.00","11.20","10.60","10.65","330,017,669"
"28-Jan-2022","10.90","11.30","10.70","10.80","307,103,764"
"31-Jan-2022","11.00","11.05","10.50","10.65","242,691,613"
"01-Feb-2022","10.85","11.25","10.65","10.70","271,565,319"
"02-Feb-2022","11.00","11.95","10.90","11.40","441,251,145"
"03-Feb-2022","11.40","11.65","11.10","11.35","191,781,527"
"04-Feb-2022","11.35","11.85","11.20","11.30","303,446,679"
"07-Feb-2022","11.25","11.40","10.85","10.95","165,475,780"
"08-Feb-2022","11.10","11.20","10.80","10.85","158,896,027"
"09-Feb-2022","11.00","11.15","10.70","10.80","172,831,139"
"10-Feb-2022","10.90","11.45","10.65","11.15","258,923,751"
"11-Feb-2022","11.00","11.15","10.75","10.80","145,093,038"
"14-Feb-2022","10.60","10.65","10.10","10.15","216,331,897"
"15-Feb-2022","10.25","10.80","10.00","10.65","236,971,182"
"16-Feb-2022","10.65","11.00","10.50","10.60","217,431,751"
"17-Feb-2022","10.65","10.75","10.40","10.55","129,366,952"
"18-Feb-2022","10.60","11.00","10.50","10.65","184,511,485"
"21-Feb-2022","10.55","11.65","10.40","11.25","448,511,464"
"22-Feb-2022","10.90","11.15","10.70","10.90","227,160,056"
"23-Feb-2022","11.05","11.10","10.65","10.70","183,591,222"
"24-Feb-2022","10.60","10.80","9.45","9.65","487,108,695"
"25-Feb-2022","9.95","10.50","9.90","10.25","247,443,030"
"28-Feb-2022","10.35","10.70","10.00","10.30","306,658,932"
"02-Mar-2022","10.25","10.60","10.05","10.45","217,653,897"
"03-Mar-2022","10.70","11.25","10.55","11.10","395,142,363"
"04-Mar-2022","11.30","11.35","10.20","10.35","500,785,414"
"07-Mar-2022","10.00","10.15","9.35","9.55","339,965,364"
"08-Mar-2022","9.65","10.05","9.60","9.90","197,754,813"
"09-Mar-2022","10.00","10.40","9.95","10.30","199,472,650"
"10-Mar-2022","10.50","10.60","10.15","10.25","186,424,639"
"11-Mar-2022","10.25","10.60","10.15","10.40","174,683,164"
"14-Mar-2022","10.35","10.55","10.15","10.20","145,345,741"
"15-Mar-2022","10.20","10.50","9.90","10.00","252,176,614"
"16-Mar-2022","10.20","10.35","10.10","10.30","110,948,916"
"17-Mar-2022","10.45","10.50","10.20","10.25","103,325,255"
"21-Mar-2022","10.35","10.35","10.00","10.05","149,816,155"
"22-Mar-2022","10.10","10.15","9.95","10.05","104,914,784"
"23-Mar-2022","10.10","10.20","9.95","10.00","128,567,672"
"24-Mar-2022","10.00","10.30","9.95","10.15","138,075,385"
"25-Mar-2022","10.20","10.30","10.05","10.10","64,143,373"
"28-Mar-2022","10.15","10.20","9.90","9.95","122,293,544"
"29-Mar-2022","10.00","10.15","9.70","9.85","203,159,086"
"30-Mar-2022","9.85","10.00","9.75","9.85","119,727,635"
"31-Mar-2022","9.90","10.05","9.60","9.65","300,299,605"
"01-Apr-2022","9.65","10.30","9.60","10.10","289,713,459"
"04-Apr-2022","10.20","10.45","10.05","10.25","216,401,604"
"05-Apr-2022","10.25","10.55","10.25","10.35","150,340,411"
"06-Apr-2022","10.35","11.05","10.30","10.80","377,709,026"
"07-Apr-2022","10.70","11.15","10.55","10.90","231,561,178"
"08-Apr-2022","10.95","11.55","10.80","11.20","414,858,819"
"11-Apr-2022","11.25","11.45","10.80","10.85","212,303,273"
"12-Apr-2022","10.90","11.00","10.45","10.60","174,071,705"
"13-Apr-2022","10.65","10.75","10.30","10.40","132,504,775"
"18-Apr-2022","10.30","10.35","10.00","10.10","124,221,099"
"19-Apr-2022","10.15","10.25","9.80","9.90","127,572,854"
"20-Apr-2022","9.95","10.15","9.85","10.00","108,663,665"
"21-Apr-2022","10.00","10.15","9.95","10.00","91,823,510"
"22-Apr-2022","9.90","10.15","9.90","9.95","65,127,833"
"25-Apr-2022","9.90","10.00","9.70","9.80","134,926,969"
"26-Apr-2022","9.90","10.10","9.80","10.00","150,464,634"
"27-Apr-2022","9.90","9.95","9.50","9.60","181,426,424"
"28-Apr-2022","9.75","9.80","9.45","9.55","118,941,136"
"29-Apr-2022","9.65","9.75","9.45","9.50","90,289,428"
"02-May-2022","9.45","9.55","9.25","9.30","77,360,700"
"04-May-2022","9.30","9.55","9.05","9.10","123,964,174"
"05-May-2022","9.20","9.35","9.00","9.05","112,741,463"
"06-May-2022","8.90","9.20","8.85","9.05","108,276,825"
"09-May-2022","9.05","9.15","8.85","8.95","82,291,631"
"10-May-2022","8.95","9.15","8.65","8.70","103,467,944"
"11-May-2022","8.80","9.05","8.50","8.65","141,068,768"
"12-May-2022","8.60","8.65","8.15","8.15","122,299,874"
"13-May-2022","8.25","8.60","8.20","8.35","115,583,664"
"16-May-2022","8.70","9.65","8.65","9.40","313,077,986"
"17-May-2022","9.45","9.55","9.15","9.35","158,304,604"
"18-May-2022","9.40","9.45","9.15","9.20","94,081,506"
"19-May-2022","9.00","9.15","8.80","8.90","158,601,434"
"20-May-2022","9.05","9.20","9.00","9.10","90,461,945"
"23-May-2022","9.15","9.25","9.00","9.05","130,948,873"
"24-May-2022","9.05","9.10","8.85","9.00","120,731,587"
"25-May-2022","9.05","9.10","8.65","8.75","94,420,521"
"26-May-2022","8.90","9.00","8.40","8.60","175,421,842"
"27-May-2022","8.80","9.05","8.75","8.90","133,714,106"
"30-May-2022","9.00","9.45","8.95","9.30","179,951,331"
"31-May-2022","9.30","10.20","9.25","9.60","450,301,959"
"01-Jun-2022","9.55","9.55","9.20","9.35","121,582,658"
"02-Jun-2022","9.35","9.65","9.35","9.55","101,097,316"
"03-Jun-2022","9.60","9.65","9.15","9.20","96,480,772"
"06-Jun-2022","9.20","9.35","9.00","9.25","84,250,726"
"07-Jun-2022","9.15","9.45","9.10","9.20","81,509,475"
"08-Jun-2022","9.25","9.40","9.10","9.15","86,565,785"
"09-Jun-2022","9.15","9.35","9.10","9.20","65,474,270"
"10-Jun-2022","9.15","9.30","9.05","9.10","75,627,175"
"13-Jun-2022","9.00","9.05","8.65","8.70","121,759,230"
"14-Jun-2022","8.70","8.95","8.65","8.80","87,687,916"
"15-Jun-2022","8.80","8.90","8.75","8.80","49,186,723"
"16-Jun-2022","8.90","9.00","8.40","8.50","121,891,601"
"17-Jun-2022","8.45","8.50","8.15","8.20","131,581,747"
"20-Jun-2022","8.20","8.30","7.75","7.95","157,409,392"
"21-Jun-2022","8.00","8.60","7.95","8.45","112,013,231"
"22-Jun-2022","8.40","8.70","8.20","8.55","135,415,425"
"23-Jun-2022","8.60","8.75","8.40","8.55","92,828,648"
"24-Jun-2022","8.65","8.80","8.55","8.75","77,570,510"
"27-Jun-2022","8.85","9.05","8.65","8.85","99,812,575"
"28-Jun-2022","8.85","9.00","8.75","8.85","73,902,850"
"29-Jun-2022","8.70","8.85","8.55","8.65","78,915,156"
"30-Jun-2022","8.60","8.75","8.35","8.40","86,291,965"
"01-Jul-2022","8.35","8.60","8.20","8.50","65,435,996"
"04-Jul-2022","8.50","8.55","8.35","8.35","47,370,007"
"05-Jul-2022","8.40","8.55","8.20","8.25","63,865,786"
"06-Jul-2022","8.30","8.55","8.25","8.50","71,931,350"
"07-Jul-2022","8.60","8.65","8.45","8.45","35,276,679"
"08-Jul-2022","8.55","8.60","8.35","8.40","52,840,896"
"11-Jul-2022","8.40","8.95","8.35","8.70","147,364,601"
"12-Jul-2022","8.70","8.85","8.60","8.70","75,819,447"
"13-Jul-2022","8.75","8.80","8.65","8.75","74,741,149"
"14-Jul-2022","8.80","8.85","8.55","8.65","64,950,158"
"15-Jul-2022","8.70","8.75","8.55","8.70","64,685,887"
"18-Jul-2022","8.75","8.95","8.70","8.85","80,654,418"
"19-Jul-2022","8.90","9.10","8.85","8.95","102,375,485"
"20-Jul-2022","9.00","9.10","8.75","8.80","54,032,498"
"21-Jul-2022","8.85","9.15","8.80","9.00","76,731,264"
"22-Jul-2022","9.05","9.10","8.90","8.95","43,831,081"
"25-Jul-2022","8.95","9.05","8.90","8.90","55,798,993"
"26-Jul-2022","8.95","9.00","8.75","8.85","51,873,423"
"27-Jul-2022","8.85","8.90","8.70","8.75","45,666,096"
"28-Jul-2022","8.80","8.85","8.55","8.65","97,039,985"
"29-Jul-2022","8.70","8.85","8.65","8.75","47,561,914"
"01-Aug-2022","8.75","9.20","8.75","9.10","81,643,472"
"02-Aug-2022","9.25","9.55","9.20","9.40","190,943,056"
"03-Aug-2022","9.40","9.50","8.95","9.10","104,022,570"
"04-Aug-2022","9.00","9.05","8.55","8.75","226,139,134"
"05-Aug-2022","8.85","8.95","8.70","8.75","66,026,291"
"08-Aug-2022","8.75","8.80","8.60","8.65","52,044,923"
"10-Aug-2022","8.70","8.75","8.55","8.60","58,889,485"
"11-Aug-2022","8.70","8.75","8.60","8.65","42,700,665"
"12-Aug-2022","8.65","8.90","8.60","8.70","75,641,149"
"16-Aug-2022","8.70","9.00","8.70","8.85","77,326,180"
"17-Aug-2022","8.85","9.10","8.80","9.00","116,538,966"
"18-Aug-2022","8.95","9.10","8.90","8.90","72,240,170"
"19-Aug-2022","8.95","9.05","8.75","8.80","75,499,764"
"22-Aug-2022","8.80","8.80","8.60","8.65","55,944,257"
"23-Aug-2022","8.60","8.90","8.50","8.85","107,453,602"
"24-Aug-2022","8.85","9.35","8.85","9.20","212,053,128"
"25-Aug-2022","9.25","9.55","9.10","9.10","227,348,904"
"26-Aug-2022","9.20","9.35","9.05","9.15","92,065,318"
"29-Aug-2022","8.95","9.05","8.85","8.85","57,261,824"
"30-Aug-2022","8.95","9.25","8.90","9.05","190,296,432"
"01-Sep-2022","8.95","9.30","8.90","9.10","97,661,094"
"02-Sep-2022","9.10","9.20","8.95","8.95","59,655,184"
"05-Sep-2022","9.05","9.45","9.05","9.30","125,064,037"
"06-Sep-2022","9.30","9.40","9.10","9.15","89,838,115"
"07-Sep-2022","9.10","10.05","9.05","9.75","550,251,093"
"08-Sep-2022","9.90","10.05","9.60","9.70","189,117,081"
"09-Sep-2022","9.85","10.05","9.50","9.55","162,950,807"
"12-Sep-2022","9.70","9.75","9.60","9.65","70,771,284"
"13-Sep-2022","9.70","10.10","9.65","9.90","213,272,439"
"14-Sep-2022","9.70","9.85","9.55","9.75","124,341,286"
"15-Sep-2022","9.80","9.95","9.60","9.65","78,110,014"
"16-Sep-2022","9.55","9.65","9.10","9.20","195,307,564"
"19-Sep-2022","9.25","9.30","9.05","9.10","108,056,923"
"20-Sep-2022","9.15","9.30","9.10","9.15","61,392,686"
"21-Sep-2022","9.15","9.35","9.05","9.20","105,103,028"
"22-Sep-2022","9.20","9.30","9.00","9.10","102,095,299"
"23-Sep-2022","9.15","9.20","8.90","8.95","81,348,132"
"26-Sep-2022","8.90","9.15","8.70","9.00","134,224,433"
"27-Sep-2022","9.05","9.25","9.00","9.15","83,587,559"
"28-Sep-2022","9.00","9.35","8.95","9.00","115,098,132"
"29-Sep-2022","9.05","9.20","8.40","8.50","171,641,115"
"30-Sep-2022","8.50","9.05","8.50","8.80","223,318,668"
"03-Oct-2022","8.85","9.20","8.80","8.85","190,181,511"
"04-Oct-2022","9.00","9.15","8.90","9.00","108,423,095"
"06-Oct-2022","9.05","9.15","8.90","9.00","67,880,130"
"07-Oct-2022","9.00","9.20","8.95","9.10","120,002,040"
"10-Oct-2022","8.95","9.05","8.80","8.85","79,255,978"
"11-Oct-2022","8.90","8.95","8.55","8.65","125,773,464"
"12-Oct-2022","8.70","8.75","8.55","8.65","65,239,891"
"13-Oct-2022","8.65","8.70","8.45","8.60","84,845,696"
"14-Oct-2022","8.75","8.75","8.45","8.50","52,104,162"
"17-Oct-2022","8.50","8.55","8.35","8.40","41,261,207"
"18-Oct-2022","8.45","8.60","8.40","8.45","57,318,958"
"19-Oct-2022","8.50","8.60","8.45","8.50","40,387,046"
"20-Oct-2022","8.50","8.70","8.45","8.55","68,397,571"
"21-Oct-2022","8.85","8.85","8.55","8.70","86,075,937"
"24-Oct-2022","8.80","8.80","8.65","8.70","20,707,092"
"25-Oct-2022","8.70","8.80","8.55","8.60","60,611,327"
"27-Oct-2022","8.65","8.75","8.55","8.60","56,715,467"
"28-Oct-2022","8.70","8.80","8.50","8.55","51,348,010"
"31-Oct-2022","8.60","8.65","8.55","8.55","34,994,151"
"01-Nov-2022","8.60","8.70","8.55","8.65","40,710,403"
"02-Nov-2022","8.65","8.65","8.55","8.55","26,627,766"
"03-Nov-2022","8.55","8.65","8.50","8.55","25,842,530"
"04-Nov-2022","8.50","8.55","8.30","8.40","99,003,627"
"07-Nov-2022","8.45","8.55","8.25","8.35","67,831,806"
"09-Nov-2022","8.40","8.70","8.30","8.50","122,752,329"
"10-Nov-2022","8.50","8.75","8.45","8.65","124,169,423"
"11-Nov-2022","8.70","8.75","8.40","8.50","93,250,736"
"14-Nov-2022","8.55","8.65","8.25","8.50","98,580,473"
"15-Nov-2022","8.55","8.55","8.40","8.45","49,123,547"
"16-Nov-2022","8.50","8.55","8.30","8.40","64,996,046"
"17-Nov-2022","8.45","8.50","8.30","8.35","45,772,691"
"18-Nov-2022","8.35","8.40","8.30","8.35","54,369,157"
"21-Nov-2022","8.40","8.50","8.30","8.40","60,319,068"
"22-Nov-2022","8.45","8.50","8.30","8.35","57,836,622"
"23-Nov-2022","8.35","8.40","8.15","8.25","74,736,942"
"24-Nov-2022","8.30","8.35","8.00","8.05","110,160,151"
"25-Nov-2022","8.05","8.10","7.95","8.05","76,771,472"
"28-Nov-2022","8.10","8.15","8.00","8.05","47,234,426"
"29-Nov-2022","8.10","8.15","8.00","8.05","57,370,817"
"30-Nov-2022","8.05","8.30","8.00","8.25","75,150,800"
"01-Dec-2022","8.30","8.30","8.10","8.15","58,794,481"
"02-Dec-2022","8.15","8.35","8.15","8.30","50,332,214"
"05-Dec-2022","8.35","8.35","8.15","8.15","54,867,545"
"06-Dec-2022","8.15","8.20","7.90","8.05","118,700,470"
"07-Dec-2022","8.10","8.10","7.90","8.00","73,626,545"
"08-Dec-2022","8.05","8.05","8.00","8.00","26,523,509"
"09-Dec-2022","8.05","8.05","7.90","7.95","64,742,478"
"12-Dec-2022","7.95","8.00","7.90","7.95","47,484,633"
"13-Dec-2022","7.95","8.00","7.85","7.90","67,357,811"
"14-Dec-2022","7.95","8.95","7.75","8.65","515,723,820"
"15-Dec-2022","8.65","8.75","8.25","8.40","166,791,398"
"16-Dec-2022","8.35","8.65","8.25","8.30","126,725,344"
"19-Dec-2022","8.35","8.45","8.25","8.35","70,978,218"
"20-Dec-2022","8.35","8.40","8.10","8.25","134,972,654"
"21-Dec-2022","8.30","8.30","7.95","8.00","69,210,822"
"22-Dec-2022","8.05","8.10","7.85","8.00","84,371,385"
"23-Dec-2022","7.95","8.00","7.60","7.65","87,185,371"
"26-Dec-2022","7.70","7.95","7.60","7.85","93,261,358"
"27-Dec-2022","7.85","8.00","7.85","7.90","69,297,538"
"28-Dec-2022","7.90","8.10","7.85","7.95","101,478,935"
"29-Dec-2022","7.95","8.00","7.80","7.90","90,189,533"
"30-Dec-2022","8.00","8.05","7.85","7.90","152,322,656"
"02-Jan-2023","7.90","8.10","7.85","8.00","48,081,381"
"03-Jan-2023","8.05","8.15","7.90","7.95","108,858,208"
"04-Jan-2023","7.95","8.00","7.70","7.80","127,150,341"
"05-Jan-2023","7.85","7.95","7.70","7.90","97,595,157"
"06-Jan-2023","7.90","7.90","7.70","7.80","96,073,516"
"09-Jan-2023","7.80","7.85","7.35","7.45","224,378,162"
"10-Jan-2023","7.40","7.50","7.15","7.25","109,039,325"
"11-Jan-2023","7.30","7.55","7.15","7.45","113,799,560"
"12-Jan-2023","7.45","7.45","7.15","7.35","82,760,483"
"13-Jan-2023","7.35","7.50","7.20","7.30","81,144,999"
"16-Jan-2023","7.30","7.35","7.10","7.20","76,203,775"
"17-Jan-2023","7.20","7.35","7.15","7.25","66,561,448"
"18-Jan-2023","7.25","7.35","7.15","7.30","40,376,482"
"19-Jan-2023","7.30","7.60","7.25","7.40","151,598,798"
"20-Jan-2023","7.45","7.45","7.20","7.25","51,597,026"
"23-Jan-2023","7.30","7.30","7.00","7.05","110,363,909"
"24-Jan-2023","7.05","7.20","6.95","7.05","107,329,586"
"25-Jan-2023","7.05","7.05","6.70","6.75","104,380,508"
"27-Jan-2023","6.80","6.85","6.30","6.40","140,336,474"
"30-Jan-2023","6.45","7.10","6.40","6.80","165,341,766"
"31-Jan-2023","6.90","7.15","6.75","7.05","108,361,076"
"01-Feb-2023","7.15","7.20","6.60","6.70","122,646,396"
"02-Feb-2023","6.70","7.05","6.60","6.80","109,039,158"
"03-Feb-2023","6.80","7.00","6.45","6.85","143,726,966"
"06-Feb-2023","7.50","8.60","7.50","8.25","675,108,185"
"07-Feb-2023","8.55","8.55","7.80","7.95","224,333,616"
"08-Feb-2023","8.05","8.05","7.65","7.90","135,146,676"
"09-Feb-2023","7.90","7.95","7.70","7.85","95,732,533"
"10-Feb-2023","7.75","8.05","7.70","7.85","71,585,105"
"13-Feb-2023","7.85","8.00","7.80","7.85","50,407,661"
"14-Feb-2023","7.85","7.90","7.65","7.70","50,984,495"
"15-Feb-2023","7.70","7.80","7.65","7.75","31,730,009"
"16-Feb-2023","7.70","7.75","7.40","7.50","82,248,551"
"17-Feb-2023","7.45","7.50","7.05","7.25","112,014,675"
"20-Feb-2023","7.20","7.25","6.85","7.05","152,049,838"
"21-Feb-2023","6.95","7.10","6.90","7.00","56,554,003"
"22-Feb-2023","7.00","7.20","6.90","7.00","94,172,202"
"23-Feb-2023","7.00","7.05","6.60","6.70","200,373,402"
"24-Feb-2023","6.75","7.05","6.65","6.75","134,764,686"
"27-Feb-2023","6.80","6.85","6.55","6.70","86,209,985"
"28-Feb-2023","6.70","6.90","6.65","6.80","67,725,048"
"01-Mar-2023","6.85","7.00","6.80","6.90","101,315,010"
"02-Mar-2023","6.90","7.05","6.85","6.95","40,814,192"
"03-Mar-2023","7.00","7.05","6.85","6.90","53,189,694"
"06-Mar-2023","6.95","7.05","6.90","6.95","48,641,336"
"08-Mar-2023","6.95","7.00","6.85","6.95","34,888,541"
"09-Mar-2023","6.95","7.00","6.85","6.85","39,876,831"
"10-Mar-2023","6.85","6.85","6.70","6.75","49,809,823"
"13-Mar-2023","6.80","6.80","6.55","6.60","54,468,617"
"14-Mar-2023","6.65","6.65","6.50","6.55","58,565,265"
"15-Mar-2023","6.60","6.65","6.40","6.40","58,760,946"
"16-Mar-2023","6.45","6.55","6.25","6.45","70,627,780"
"17-Mar-2023","6.45","6.50","6.35","6.40","79,553,023"
"20-Mar-2023","6.45","6.45","6.25","6.35","66,231,334"
"21-Mar-2023","6.35","6.40","6.30","6.30","50,371,395"
"22-Mar-2023","6.35","6.80","6.30","6.55","170,527,399"
"23-Mar-2023","6.55","6.55","6.40","6.45","54,965,463"
"24-Mar-2023","6.40","6.50","6.20","6.25","113,503,938"
"27-Mar-2023","6.25","6.30","6.00","6.05","73,481,124"
"28-Mar-2023","6.00","6.10","5.80","5.90","109,833,770"
"29-Mar-2023","5.90","6.05","5.80","5.90","95,162,411"
"31-Mar-2023","5.90","5.95","5.70","5.80","114,439,391"
"03-Apr-2023","5.85","6.25","5.80","6.15","115,281,750"
"05-Apr-2023","6.15","6.35","6.05","6.25","109,358,436"
"06-Apr-2023","6.20","6.30","6.15","6.25","87,622,817"
"10-Apr-2023","6.25","6.30","6.10","6.15","37,645,193"
"11-Apr-2023","6.20","6.20","6.05","6.10","36,352,340"
"12-Apr-2023","6.15","6.25","6.10","6.20","39,172,810"
"13-Apr-2023","6.20","6.25","6.05","6.05","38,875,654"
"17-Apr-2023","6.10","6.15","6.00","6.05","35,501,339"
"18-Apr-2023","6.10","6.10","6.00","6.05","27,942,624"
"19-Apr-2023","6.10","6.15","6.05","6.05","28,209,620"
"20-Apr-2023","6.05","6.10","6.00","6.05","20,160,099"
"21-Apr-2023","6.15","6.65","6.15","6.45","326,277,787"
"24-Apr-2023","6.50","6.55","6.25","6.35","88,279,995"
"25-Apr-2023","6.35","6.45","6.30","6.30","37,745,399"
"26-Apr-2023","6.35","6.70","6.30","6.55","169,158,349"
"27-Apr-2023","6.60","7.05","6.55","6.90","317,650,440"
"28-Apr-2023","6.95","7.10","6.90","6.95","95,346,249"
"02-May-2023","7.00","7.00","6.75","6.90","78,645,995"
"03-May-2023","6.90","7.15","6.85","6.90","82,283,911"
"04-May-2023","6.95","7.15","6.85","7.00","96,883,916"
"05-May-2023","6.95","7.10","6.85","6.90","59,309,955"
"08-May-2023","6.95","7.00","6.90","6.90","26,422,235"
"09-May-2023","6.95","7.00","6.80","6.80","31,986,884"
"10-May-2023","6.85","6.85","6.55","6.75","101,392,533"
"11-May-2023","6.80","7.30","6.75","7.15","202,578,532"
"12-May-2023","7.10","7.10","6.95","7.00","74,270,136"
"15-May-2023","7.00","7.30","7.00","7.05","69,507,856"
"16-May-2023","7.10","7.45","7.00","7.35","182,466,634"
"17-May-2023","7.25","7.25","7.00","7.05","112,361,973"
"18-May-2023","7.05","7.10","6.95","7.00","47,696,869"
"19-May-2023","7.10","7.10","6.90","7.05","49,912,293"
"22-May-2023","7.05","7.05","6.95","7.00","35,838,782"
"23-May-2023","7.05","7.05","6.95","6.95","33,836,036"
"24-May-2023","6.95","7.05","6.90","6.95","77,537,344"
"25-May-2023","6.95","7.25","6.85","7.00","149,531,180"
"26-May-2023","7.15","7.20","7.00","7.05","78,262,217"
"29-May-2023","7.10","7.30","7.05","7.10","86,663,626"
"30-May-2023","7.15","7.20","7.05","7.10","45,601,346"
"31-May-2023","7.15","7.25","6.95","7.20","101,093,940"
"01-Jun-2023","7.20","7.25","7.15","7.15","39,538,257"
"02-Jun-2023","7.20","7.25","7.10","7.15","30,962,188"
"05-Jun-2023","7.20","7.25","7.05","7.15","34,807,393"
"06-Jun-2023","7.15","7.15","7.00","7.05","35,549,017"
"07-Jun-2023","7.05","7.75","7.05","7.65","218,120,279"
"08-Jun-2023","7.80","7.80","7.35","7.35","135,736,706"
"09-Jun-2023","7.40","7.50","7.20","7.30","99,974,916"
"12-Jun-2023","7.35","7.60","7.25","7.50","94,726,837"
"13-Jun-2023","7.55","7.90","7.50","7.70","168,436,075"
"14-Jun-2023","8.15","8.25","7.85","7.90","344,314,076"
"15-Jun-2023","7.90","8.05","7.75","7.80","110,857,729"
"16-Jun-2023","7.85","8.00","7.75","7.80","70,611,505"
"19-Jun-2023","7.80","7.85","7.60","7.60","60,944,546"
"20-Jun-2023","7.60","7.65","7.35","7.40","76,398,916"
"21-Jun-2023","7.40","7.90","7.30","7.75","204,460,640"
"22-Jun-2023","7.70","7.85","7.40","7.45","178,616,430"
"23-Jun-2023","7.50","7.60","7.30","7.45","121,876,136"
"26-Jun-2023","7.50","7.75","7.30","7.65","121,102,250"
"27-Jun-2023","7.60","7.80","7.40","7.50","146,099,646"
"28-Jun-2023","7.55","7.70","7.40","7.45","162,932,638"
"30-Jun-2023","7.45","7.55","7.35","7.45","67,694,572"
"03-Jul-2023","7.50","7.70","7.40","7.55","113,730,513"
"04-Jul-2023","7.60","7.65","7.40","7.45","114,988,757"
"05-Jul-2023","7.50","7.55","7.35","7.40","52,251,221"
"06-Jul-2023","7.45","7.55","7.40","7.50","59,174,436"
"07-Jul-2023","7.45","7.55","7.40","7.45","44,264,999"
"10-Jul-2023","7.50","7.50","7.30","7.40","57,873,891"
"11-Jul-2023","7.40","7.45","7.35","7.35","26,691,845"
"12-Jul-2023","7.40","7.45","7.30","7.35","36,718,376"
"13-Jul-2023","7.35","7.45","7.15","7.25","54,894,524"
"14-Jul-2023","7.25","7.40","7.20","7.35","25,205,602"
"17-Jul-2023","7.40","7.75","7.35","7.60","164,308,131"
"18-Jul-2023","7.60","7.95","7.50","7.65","226,580,793"
"19-Jul-2023","7.70","7.85","7.60","7.70","214,414,336"
"20-Jul-2023","7.70","7.75","7.50","7.55","78,672,776"
"21-Jul-2023","7.60","7.95","7.55","7.85","182,052,309"
"24-Jul-2023","7.95","8.20","7.85","7.90","201,076,327"
"25-Jul-2023","7.95","8.10","7.80","7.90","83,289,856"
"26-Jul-2023","8.05","9.05","7.95","8.75","432,809,258"
"27-Jul-2023","9.05","9.15","8.40","8.50","349,303,652"
"28-Jul-2023","8.55","8.55","8.25","8.35","105,874,945"
"31-Jul-2023","8.35","8.60","8.25","8.30","167,830,357"
"01-Aug-2023","8.35","8.45","8.25","8.25","53,341,718"
"02-Aug-2023","8.25","8.30","7.85","7.90","122,998,245"
"03-Aug-2023","7.90","8.05","7.80","7.85","78,116,800"
"04-Aug-2023","7.90","8.40","7.85","8.25","153,831,069"
"07-Aug-2023","8.30","8.60","8.25","8.35","136,867,134"
"08-Aug-2023","8.40","8.60","8.20","8.30","214,190,887"
"09-Aug-2023","8.35","8.35","8.15","8.20","60,774,896"
"10-Aug-2023","8.20","8.35","8.00","8.05","115,379,984"
"11-Aug-2023","8.10","8.20","8.05","8.10","53,205,798"
"14-Aug-2023","8.10","8.15","7.80","8.05","84,213,332"
"16-Aug-2023","7.90","8.05","7.75","7.80","81,663,655"
"17-Aug-2023","7.75","8.00","7.70","7.75","139,610,388"
"18-Aug-2023","7.75","7.75","7.55","7.60","59,588,288"
"21-Aug-2023","7.65","7.70","7.50","7.55","50,792,310"
"22-Aug-2023","7.55","7.95","7.50","7.70","211,201,955"
"23-Aug-2023","7.80","7.95","7.75","7.80","63,294,971"
"24-Aug-2023","7.85","8.05","7.80","7.95","61,522,894"
"25-Aug-2023","8.05","8.85","8.00","8.70","441,374,591"
"28-Aug-2023","8.90","9.30","8.50","9.00","476,663,058"
"29-Aug-2023","9.00","9.40","8.85","8.90","359,055,328"
"30-Aug-2023","8.90","9.25","8.90","9.05","190,028,023"
"31-Aug-2023","9.15","9.35","9.00","9.05","160,750,655"
"01-Sep-2023","9.15","10.40","9.10","10.00","723,352,196"
"04-Sep-2023","10.10","10.30","9.75","10.00","286,251,897"
"05-Sep-2023","10.05","10.20","9.70","9.90","135,212,639"
"06-Sep-2023","10.00","10.85","9.55","10.65","365,620,360"
"07-Sep-2023","10.65","10.85","10.40","10.50","277,644,136"
"08-Sep-2023","10.55","11.00","10.45","10.50","338,142,088"
"11-Sep-2023","10.65","11.55","10.45","11.30","630,535,186"
"12-Sep-2023","11.40","11.50","10.30","10.50","475,634,589"
"13-Sep-2023","10.50","11.20","10.30","11.00","262,788,174"
"14-Sep-2023","11.10","11.20","10.70","10.90","111,299,731"
"15-Sep-2023","11.00","11.95","10.90","11.70","525,814,217"
"18-Sep-2023","12.50","12.50","10.80","10.90","449,336,113"
"20-Sep-2023","10.95","11.40","10.85","11.00","164,487,454"
"21-Sep-2023","10.95","11.20","10.60","10.85","177,823,721"
"22-Sep-2023","10.90","11.65","10.65","11.30","298,308,392"
"25-Sep-2023","11.35","11.50","11.05","11.30","162,564,918"
"26-Sep-2023","11.40","12.20","11.30","12.10","507,001,428"
"27-Sep-2023","12.15","12.45","11.85","12.00","354,689,878"
"28-Sep-2023","11.95","12.10","11.50","11.65","287,054,708"
"29-Sep-2023","11.75","12.10","11.60","11.65","184,144,576"
"03-Oct-2023","11.75","12.05","11.40","12.00","271,979,331"
"04-Oct-2023","11.95","11.95","11.30","11.45","197,695,801"
"05-Oct-2023","11.55","11.60","11.05","11.20","164,929,055"
"06-Oct-2023","11.20","11.30","10.85","10.95","122,177,842"
"09-Oct-2023","10.70","11.40","10.55","10.90","388,193,444"
"10-Oct-2023","11.00","11.20","10.90","11.05","92,969,641"
"11-Oct-2023","11.20","12.00","11.15","11.85","379,122,405"
"12-Oct-2023","11.90","12.15","11.55","11.90","235,677,761"
"13-Oct-2023","11.80","12.35","11.75","12.00","364,679,969"
"16-Oct-2023","12.10","12.10","11.70","11.80","196,345,841"
"17-Oct-2023","11.85","12.20","11.80","11.90","241,635,361"
"18-Oct-2023","11.95","12.05","11.55","11.70","149,897,595"
"19-Oct-2023","11.60","12.10","11.55","12.00","241,997,615"
"20-Oct-2023","12.00","12.10","11.65","11.75","150,616,671"
"23-Oct-2023","11.80","11.90","10.85","10.95","229,385,426"
"25-Oct-2023","11.00","11.20","10.60","10.85","259,001,685"
"26-Oct-2023","10.85","10.95","10.50","10.75","163,742,432"
"27-Oct-2023","10.65","11.05","10.65","10.90","207,190,392"
"30-Oct-2023","11.00","11.95","10.70","11.65","361,623,422"
"31-Oct-2023","11.75","12.20","11.65","11.85","321,029,390"
"01-Nov-2023","11.90","13.55","11.80","12.80","972,052,999"
"02-Nov-2023","13.15","13.85","12.80","13.75","643,741,830"
"03-Nov-2023","14.00","14.35","13.55","13.75","619,244,987"
"06-Nov-2023","13.90","14.05","13.50","13.55","170,833,667"
"07-Nov-2023","13.60","14.00","13.35","13.85","254,228,187"
"08-Nov-2023","14.00","14.10","13.55","13.65","148,084,393"
"09-Nov-2023","13.80","14.10","13.70","13.90","212,163,600"
"10-Nov-2023","14.15","14.45","13.65","13.70","249,891,022"
"12-Nov-2023","13.80","13.95","13.80","13.85","40,670,160"
"13-Nov-2023","14.00","14.05","13.70","13.95","104,362,588"
"15-Nov-2023","14.05","14.20","13.80","14.05","163,370,284"
"16-Nov-2023","14.10","14.80","14.05","14.40","312,952,258"
"17-Nov-2023","14.45","14.80","14.25","14.55","255,833,442"
"20-Nov-2023","14.65","15.05","14.00","14.15","359,762,952"
"21-Nov-2023","14.30","14.35","13.70","13.85","210,863,398"
"22-Nov-2023","13.80","13.85","13.30","13.50","207,998,055"
"23-Nov-2023","13.55","13.80","13.40","13.60","168,569,500"
"24-Nov-2023","13.65","13.75","13.30","13.35","128,887,582"
"28-Nov-2023","13.40","13.60","13.10","13.25","138,360,228"
"29-Nov-2023","13.30","13.45","13.15","13.20","127,233,494"
"30-Nov-2023","13.20","13.40","12.95","13.05","617,533,424"
"01-Dec-2023","13.30","13.55","13.20","13.25","181,542,248"
"04-Dec-2023","13.45","13.50","13.10","13.15","219,950,343"
"05-Dec-2023","13.20","13.40","12.80","13.05","258,146,151"
"06-Dec-2023","13.15","13.15","12.80","12.85","143,223,567"
"07-Dec-2023","12.85","13.55","12.70","13.20","239,610,072"
"08-Dec-2023","13.30","13.35","12.65","12.90","237,806,590"
"11-Dec-2023","12.90","13.40","12.90","13.15","298,883,455"
"12-Dec-2023","13.25","13.30","12.95","13.15","208,970,536"
"13-Dec-2023","13.20","13.60","13.10","13.20","369,309,542"
"14-Dec-2023","13.30","14.20","13.20","13.95","414,076,096"
"15-Dec-2023","14.00","14.25","13.55","14.05","354,922,019"
"18-Dec-2023","14.40","14.50","13.90","14.10","370,995,029"
"19-Dec-2023","14.15","14.45","13.95","14.00","278,863,922"
"20-Dec-2023","14.10","14.40","13.00","13.10","491,683,002"
"21-Dec-2023","13.25","13.75","12.90","13.65","292,707,751"
"22-Dec-2023","13.75","14.00","13.45","13.60","223,855,223"
"26-Dec-2023","13.65","13.75","13.30","13.35","328,954,630"
"27-Dec-2023","13.40","13.50","13.20","13.45","139,443,887"
"28-Dec-2023","13.50","13.60","13.10","13.25","169,009,935"
"29-Dec-2023","13.45","16.25","13.30","16.00","1,688,819,452"
"01-Jan-2024","16.20","18.40","15.55","17.00","1,784,392,277"
"02-Jan-2024","17.10","17.80","15.95","16.05","1,095,516,024"
"03-Jan-2024","15.90","16.45","15.60","15.85","598,726,485"
"04-Jan-2024","15.90","17.20","15.70","16.80","535,038,360"
"05-Jan-2024","17.10","17.65","16.75","17.10","686,777,577"
"08-Jan-2024","17.20","17.65","17.05","17.15","289,503,212"
"09-Jan-2024","17.20","17.50","15.95","16.20","387,150,359"
"10-Jan-2024","16.30","16.45","15.85","16.15","202,636,184"
"11-Jan-2024","16.20","16.35","15.90","16.05","121,469,596"
"12-Jan-2024","16.15","16.20","15.80","15.85","122,397,017"
"15-Jan-2024","15.90","16.70","15.80","16.50","213,367,109"
"16-Jan-2024","16.50","16.55","15.50","15.75","392,898,345"
"17-Jan-2024","15.50","15.75","15.00","15.10","383,695,346"
"18-Jan-2024","15.15","15.40","14.60","15.10","282,295,356"
"19-Jan-2024","15.20","15.45","15.00","15.10","230,080,440"
"20-Jan-2024","15.10","15.25","14.85","15.00","166,855,611"
"23-Jan-2024","15.10","15.25","14.30","14.40","289,983,221"
"24-Jan-2024","14.40","15.00","14.25","14.90","432,651,784"
"25-Jan-2024","14.90","15.10","14.35","14.60","382,501,739"
"29-Jan-2024","14.70","15.20","14.60","14.70","245,974,552"
"30-Jan-2024","14.75","14.90","14.30","14.50","233,265,787"
"31-Jan-2024","14.50","14.55","14.20","14.35","176,208,047"
"01-Feb-2024","14.40","14.50","13.95","14.15","206,826,304"
"02-Feb-2024","14.30","14.70","14.00","14.05","244,512,271"
"05-Feb-2024","14.10","14.20","13.65","13.75","189,236,646"
"06-Feb-2024","13.75","14.45","13.60","14.25","317,594,254"
"07-Feb-2024","14.50","15.45","14.25","15.00","541,841,723"
"08-Feb-2024","15.15","15.15","14.65","14.80","305,462,395"
"09-Feb-2024","14.90","15.65","14.40","15.50","547,988,511"
"12-Feb-2024","15.65","15.70","14.30","14.45","407,165,198"
"13-Feb-2024","14.55","14.90","14.10","14.70","334,247,397"
"14-Feb-2024","14.50","15.75","14.40","15.55","511,365,442"
"15-Feb-2024","15.65","16.30","15.55","15.95","392,901,140"
"16-Feb-2024","16.00","16.60","15.80","15.90","357,636,454"
"19-Feb-2024","15.95","16.35","15.85","16.00","228,340,831"
"20-Feb-2024","16.05","16.45","15.85","15.95","276,625,199"
"21-Feb-2024","16.15","16.30","15.20","15.35","345,491,167"
"22-Feb-2024","15.50","16.40","15.05","16.30","439,602,456"
"23-Feb-2024","16.70","18.40","16.70","17.55","1,783,686,268"
"26-Feb-2024","17.75","18.10","16.75","16.85","643,618,097"
"27-Feb-2024","17.05","17.15","15.65","15.85","737,336,815"
"28-Feb-2024","15.50","16.05","13.50","13.65","1,588,323,107"
"29-Feb-2024","13.65","14.05","13.40","13.65","794,570,550"
"01-Mar-2024","13.90","14.65","13.60","14.20","696,930,662"
"02-Mar-2024","14.40","14.65","14.30","14.55","50,170,391"
"04-Mar-2024","14.60","14.70","14.10","14.20","276,443,611"
"05-Mar-2024","14.25","14.75","14.20","14.35","342,317,617"
"06-Mar-2024","14.35","14.40","13.80","14.10","380,743,524"
"07-Mar-2024","14.15","14.45","14.10","14.25","179,243,860"
"11-Mar-2024","14.30","14.35","13.65","13.75","198,993,553"
"12-Mar-2024","13.80","13.90","13.45","13.70","308,460,037"
"13-Mar-2024","13.70","13.85","11.75","12.40","641,919,311"
"14-Mar-2024","12.40","13.25","12.25","13.10","424,512,161"
"15-Mar-2024","13.15","13.30","12.75","13.15","315,084,932"
"18-Mar-2024","13.25","13.35","13.00","13.15","186,892,003"
"19-Mar-2024","13.10","13.35","12.75","12.85","241,083,537"
"20-Mar-2024","12.80","12.90","12.40","12.75","273,287,247"
"21-Mar-2024","12.85","13.05","12.75","12.80","156,394,003"
"22-Mar-2024","12.80","13.60","12.75","13.30","468,500,920"
"26-Mar-2024","13.40","13.50","13.15","13.30","277,730,489"
"27-Mar-2024","13.30","13.60","13.25","13.30","244,147,174"
"28-Mar-2024","13.30","13.55","13.15","13.25","261,797,107"
"01-Apr-2024","13.35","14.25","13.15","14.00","469,724,659"
"02-Apr-2024","13.95","14.15","13.35","13.45","372,670,017"
"03-Apr-2024","13.20","14.00","13.15","13.55","496,512,224"
"04-Apr-2024","14.00","14.10","13.05","13.35","921,811,399"
"05-Apr-2024","13.35","13.55","12.95","13.30","690,376,450"
"08-Apr-2024","13.90","13.90","12.90","13.15","770,438,882"
"09-Apr-2024","13.20","13.35","12.85","12.90","364,108,806"
"10-Apr-2024","12.80","13.20","12.65","12.95","512,312,743"
"12-Apr-2024","12.65","13.25","12.20","12.95","1,133,932,113"
"15-Apr-2024","13.00","13.40","12.75","13.15","776,597,931"
"16-Apr-2024","12.85","13.20","12.55","12.95","1,218,535,579"
"18-Apr-2024","13.10","13.55","13.10","13.20","791,868,513"
"19-Apr-2024","12.90","13.30","12.85","12.90","721,586,766"
"22-Apr-2024","12.40","13.05","12.10","12.90","1,682,040,033"
"23-Apr-2024","13.00","14.75","12.95","14.40","2,715,391,639"
"24-Apr-2024","13.75","13.95","13.00","13.10","1,634,606,447"
"25-Apr-2024","11.80","14.40","11.80","13.90","8,453,266,674"
"26-Apr-2024","13.65","14.20","12.70","14.00","3,867,133,280"
"29-Apr-2024","14.00","14.30","13.40","13.45","1,328,324,606"
"30-Apr-2024","13.50","13.55","13.15","13.20","954,953,718"
"02-May-2024","13.25","13.50","13.10","13.20","808,543,713"
"03-May-2024","13.30","13.50","13.00","13.20","844,184,176"
"06-May-2024","13.25","13.30","12.75","12.80","688,684,063"
"07-May-2024","12.85","12.90","12.10","12.40","1,297,364,839"
"08-May-2024","12.45","12.85","12.35","12.70","637,428,822"
"09-May-2024","12.75","13.00","12.60","12.65","643,889,725"
"10-May-2024","12.70","12.80","12.45","12.70","375,478,451"
"13-May-2024","12.60","12.70","12.30","12.60","357,347,341"
"14-May-2024","12.70","13.30","12.65","13.25","745,058,401"
"15-May-2024","13.35","13.40","13.10","13.20","399,412,030"
"16-May-2024","13.25","13.40","12.95","13.15","455,941,660"
"17-May-2024","13.15","13.65","13.05","13.25","630,732,734"
"18-May-2024","13.35","13.40","13.20","13.30","56,824,162"
"21-May-2024","13.55","13.75","13.35","13.55","652,179,474"
"22-May-2024","13.65","13.80","13.45","13.50","363,222,831"
"23-May-2024","13.50","14.10","13.45","14.05","975,684,695"
"24-May-2024","14.25","15.70","14.20","15.10","3,048,578,949"
"27-May-2024","15.20","15.45","14.90","15.05","963,234,521"
"28-May-2024","15.05","15.10","14.50","14.55","668,778,744"
"29-May-2024","14.45","14.90","14.40","14.80","592,922,488"
"30-May-2024","14.85","15.05","14.50","14.60","1,095,271,744"
"31-May-2024","14.75","15.45","14.65","15.25","1,913,385,085"
"03-Jun-2024","16.40","16.40","15.65","16.00","1,334,649,435"
"04-Jun-2024","15.70","15.70","12.05","13.20","3,010,028,341"
"05-Jun-2024","13.65","15.05","13.30","14.85","1,575,294,073"
"06-Jun-2024","15.15","15.40","14.85","15.00","853,275,763"
"07-Jun-2024","15.05","16.05","14.90","15.85","1,251,404,862"
"10-Jun-2024","15.96","16.35","15.76","15.81","1,088,731,795"
"11-Jun-2024","15.95","16.32","15.61","16.19","1,168,313,898"
"12-Jun-2024","16.30","16.70","16.24","16.43","1,041,028,161"
"13-Jun-2024","16.73","16.74","16.00","16.07","731,987,121"
"14-Jun-2024","16.30","16.85","16.06","16.73","1,100,749,585"
"18-Jun-2024","16.99","17.03","16.48","16.85","804,338,492"
"19-Jun-2024","17.00","17.39","16.36","16.92","1,564,573,800"
"20-Jun-2024","16.97","16.97","16.45","16.53","745,416,817"
"21-Jun-2024","16.61","17.28","16.54","17.14","1,754,964,021"
"24-Jun-2024","16.99","17.34","16.86","17.26","946,446,301"
"25-Jun-2024","17.45","17.50","17.15","17.19","664,334,923"
"26-Jun-2024","17.24","18.47","17.22","18.02","1,520,073,392"
"27-Jun-2024","18.25","18.70","18.00","18.52","1,523,108,632"
"28-Jun-2024","19.10","19.18","17.55","17.89","2,014,635,073"
"01-Jul-2024","17.79","18.06","17.40","17.62","877,984,912"
"02-Jul-2024","17.70","17.75","16.96","17.02","826,792,635"
"03-Jul-2024","17.10","17.67","16.91","17.47","860,849,573"
"04-Jul-2024","17.51","17.74","17.28","17.48","644,674,371"
"05-Jul-2024","17.44","17.48","17.01","17.09","492,372,970"
"08-Jul-2024","17.10","17.23","16.50","16.56","541,264,689"
"09-Jul-2024","16.61","17.03","16.56","16.85","501,290,567"
"10-Jul-2024","16.97","17.28","16.47","16.64","466,478,026"
"11-Jul-2024","16.76","16.84","16.52","16.56","346,369,340"
"12-Jul-2024","16.76","16.83","16.00","16.09","630,743,126"
"15-Jul-2024","16.10","16.73","15.78","16.68","544,664,305"
"16-Jul-2024","17.54","17.67","16.67","16.80","964,458,628"
"18-Jul-2024","16.69","16.69","15.91","16.27","679,246,298"
"19-Jul-2024","16.37","16.43","15.82","15.87","368,882,386"
"22-Jul-2024","15.77","16.05","15.65","15.89","529,018,766"
"23-Jul-2024","15.90","15.91","14.57","15.28","1,127,413,061"
"24-Jul-2024","15.30","15.66","15.21","15.58","453,449,137"
"25-Jul-2024","15.30","15.42","15.03","15.18","702,308,285"
"26-Jul-2024","15.42","16.14","15.40","15.98","746,610,397"
"29-Jul-2024","16.00","16.42","15.93","16.05","505,926,060"
"30-Jul-2024","16.03","16.28","15.99","16.21","242,396,205"
"31-Jul-2024","16.31","16.52","16.22","16.27","346,265,142"
"01-Aug-2024","16.36","16.37","15.87","15.99","362,395,270"
"02-Aug-2024","15.80","16.42","15.75","16.12","475,279,605"
"05-Aug-2024","15.61","15.81","15.05","15.36","608,655,754"
"06-Aug-2024","15.70","15.83","15.11","15.17","327,583,325"
"07-Aug-2024","15.60","15.78","15.37","15.72","271,137,134"
"08-Aug-2024","15.75","16.25","15.57","15.86","346,746,624"
"09-Aug-2024","16.30","16.35","16.01","16.10","276,415,001"
"12-Aug-2024","16.12","16.22","15.82","16.01","290,810,714"
"13-Aug-2024","16.19","16.19","15.42","15.47","538,387,007"
"14-Aug-2024","15.63","16.02","15.48","15.79","392,047,253"
"16-Aug-2024","15.96","16.00","15.67","15.88","291,922,661"
"19-Aug-2024","15.87","16.04","15.72","15.95","265,264,602"
"20-Aug-2024","16.06","16.29","15.91","15.94","309,490,369"
"21-Aug-2024","15.99","16.10","15.86","15.94","242,515,086"
"22-Aug-2024","15.95","16.29","15.91","16.20","278,652,089"
"23-Aug-2024","16.28","16.34","15.74","15.82","369,537,715"
"26-Aug-2024","15.96","15.98","15.62","15.79","243,427,186"
"27-Aug-2024","15.75","16.18","15.65","16.04","415,465,213"
"28-Aug-2024","16.05","16.17","15.82","15.97","401,712,642"
"29-Aug-2024","16.40","16.55","15.97","16.30","827,342,035"
"30-Aug-2024","16.44","16.44","15.39","15.64","4,213,707,883"
"02-Sep-2024","15.58","15.58","14.81","15.05","685,959,065"
"03-Sep-2024","15.10","15.26","15.00","15.11","272,427,038"
"04-Sep-2024","15.08","15.10","14.77","14.83","281,283,093"
"05-Sep-2024","14.90","15.22","14.80","15.09","286,740,484"
"06-Sep-2024","14.74","14.76","12.92","13.35","1,901,193,030"
"09-Sep-2024","13.35","13.58","12.98","13.20","628,833,307"
"10-Sep-2024","13.30","13.73","13.30","13.53","444,283,492"
"11-Sep-2024","13.74","13.77","13.03","13.14","358,061,345"
"12-Sep-2024","13.36","13.65","12.83","13.52","408,314,409"
"13-Sep-2024","13.65","13.66","13.36","13.41","198,209,238"
"16-Sep-2024","13.50","13.50","13.12","13.24","261,780,637"
"17-Sep-2024","13.25","13.28","13.07","13.12","179,383,176"
"18-Sep-2024","13.10","13.16","12.83","12.90","289,385,698"
"19-Sep-2024","12.99","13.02","10.00","10.38","2,500,756,453"
"20-Sep-2024","10.35","10.58","9.79","10.47","1,528,422,309"
"23-Sep-2024","11.27","11.94","10.72","10.82","1,682,475,399"
"24-Sep-2024","10.82","10.99","10.52","10.67","591,115,783"
"25-Sep-2024","10.69","10.73","10.33","10.36","386,280,914"
"26-Sep-2024","10.39","10.50","10.12","10.38","947,225,586"
"27-Sep-2024","10.64","10.97","10.50","10.66","1,122,726,175"
"30-Sep-2024","10.65","10.68","10.32","10.36","469,780,209"
"01-Oct-2024","10.35","10.53","10.06","10.17","372,735,715"
"03-Oct-2024","10.13","10.16","9.81","9.87","418,426,001"
"04-Oct-2024","9.87","10.06","9.63","9.79","453,013,199"
"07-Oct-2024","9.79","9.81","8.90","9.16","699,375,979"
"08-Oct-2024","9.05","9.55","9.03","9.50","447,500,823"
"09-Oct-2024","9.54","9.58","9.16","9.19","286,231,290"
"10-Oct-2024","9.21","9.44","9.19","9.31","274,431,844"
"11-Oct-2024","9.27","9.28","9.08","9.18","263,957,905"
"14-Oct-2024","9.23","9.23","9.02","9.09","295,768,306"
"15-Oct-2024","9.11","9.42","9.00","9.12","307,249,022"
"16-Oct-2024","9.15","9.49","9.11","9.29","329,180,888"
"17-Oct-2024","9.31","9.39","9.03","9.05","327,847,932"
"18-Oct-2024","9.05","9.10","8.86","9.02","273,123,417"
"21-Oct-2024","9.09","9.10","8.42","8.50","484,398,463"
"22-Oct-2024","8.52","8.73","8.36","8.40","445,613,876"
"23-Oct-2024","8.33","8.40","8.07","8.25","487,665,119"
"24-Oct-2024","8.25","8.33","8.10","8.13","381,020,269"
"25-Oct-2024","8.11","8.11","7.59","7.66","601,382,237"
"28-Oct-2024","7.78","8.42","7.58","8.25","687,956,967"
"29-Oct-2024","8.39","8.39","7.88","7.96","403,510,334"
"30-Oct-2024","7.93","8.04","7.65","7.68","919,784,434"
"31-Oct-2024","7.74","8.17","7.71","8.12","647,625,664"
"01-Nov-2024","8.28","8.53","8.23","8.45","248,654,298"
"04-Nov-2024","8.49","8.49","7.86","7.88","609,725,576"
"05-Nov-2024","7.88","8.20","7.81","8.14","555,505,932"
"06-Nov-2024","8.16","8.22","8.01","8.17","368,621,189"
"07-Nov-2024","8.16","8.29","8.02","8.05","383,925,046"
"08-Nov-2024","8.03","8.06","7.85","7.88","311,562,033"
"11-Nov-2024","7.85","7.94","7.72","7.83","314,187,467"
"12-Nov-2024","7.80","7.95","7.63","7.67","280,320,971"
"13-Nov-2024","7.66","7.69","7.33","7.36","424,078,967"
"14-Nov-2024","7.40","7.62","7.32","7.34","417,566,075"
"18-Nov-2024","7.47","7.53","7.19","7.25","418,915,760"
"19-Nov-2024","7.25","7.39","7.07","7.10","338,585,471"
"21-Nov-2024","7.17","7.18","6.81","6.91","635,819,080"
"22-Nov-2024","6.88","6.91","6.61","6.67","625,748,712"
"25-Nov-2024","6.81","7.17","6.67","6.97","876,693,538"
"26-Nov-2024","7.66","8.28","7.45","7.52","1,752,132,692"
"27-Nov-2024","7.72","8.49","7.52","8.34","1,162,530,275"
"28-Nov-2024","8.45","8.67","8.21","8.36","1,022,944,207"
"29-Nov-2024","8.46","8.48","8.08","8.36","507,412,630"
"02-Dec-2024","8.25","8.43","8.19","8.28","341,331,191"
"03-Dec-2024","8.25","8.39","8.19","8.21","283,636,669"
"04-Dec-2024","8.19","8.63","8.12","8.42","406,959,578"
"05-Dec-2024","8.79","8.79","8.04","8.08","920,598,588"
"06-Dec-2024","8.09","8.22","7.97","8.12","427,143,967"
"09-Dec-2024","8.15","8.27","8.07","8.09","297,577,705"
"10-Dec-2024","8.30","8.30","8.02","8.08","363,303,722"
"11-Dec-2024","8.08","8.11","7.99","8.03","243,838,311"
"12-Dec-2024","8.02","8.03","7.84","7.86","292,784,535"
"13-Dec-2024","7.82","8.07","7.68","7.99","489,885,434"
"16-Dec-2024","8.00","8.05","7.96","7.99","174,023,331"
"17-Dec-2024","7.95","7.99","7.78","7.81","252,380,018"
"18-Dec-2024","7.81","7.88","7.70","7.79","351,707,657"
"19-Dec-2024","7.60","7.72","7.56","7.69","285,980,002"
"20-Dec-2024","7.68","7.76","7.34","7.40","392,779,182"
"23-Dec-2024","7.40","7.55","7.38","7.47","290,752,314"
"24-Dec-2024","7.42","7.59","7.35","7.46","285,539,029"
"26-Dec-2024","7.46","7.67","7.43","7.56","276,382,089"
"27-Dec-2024","7.55","7.61","7.45","7.47","181,050,583"
"30-Dec-2024","7.99","7.99","7.61","7.77","699,337,628"
"31-Dec-2024","7.75","8.07","7.62","7.94","432,275,623"
"01-Jan-2025","7.96","8.11","7.90","8.01","318,779,771"
"02-Jan-2025","8.10","8.19","7.91","8.14","392,797,911"
"03-Jan-2025","8.14","8.40","8.12","8.27","464,150,003"
"06-Jan-2025","8.29","8.33","7.83","7.88","438,301,803"
"07-Jan-2025","7.86","8.14","7.86","8.06","374,162,457"
"08-Jan-2025","8.08","8.10","7.87","7.99","294,651,841"
"09-Jan-2025","7.98","8.21","7.90","7.92","338,935,170"
"10-Jan-2025","7.92","7.95","7.67","7.75","321,647,638"
"13-Jan-2025","7.70","8.08","7.61","7.74","597,616,878"
"14-Jan-2025","7.80","8.31","7.77","8.25","563,020,922"
"15-Jan-2025","8.28","9.23","8.27","8.76","1,368,293,831"
"16-Jan-2025","8.94","9.06","8.72","8.93","536,382,334"
"17-Jan-2025","8.90","9.25","8.83","9.11","485,924,287"
"20-Jan-2025","10.02","10.47","9.78","9.94","1,739,054,316"
"21-Jan-2025","9.94","10.00","9.31","9.36","561,246,192"
"22-Jan-2025","9.40","9.57","9.14","9.51","358,652,788"
"23-Jan-2025","9.53","9.87","9.33","9.51","356,247,545"
"24-Jan-2025","9.50","9.67","9.40","9.46","272,054,686"
"27-Jan-2025","9.30","9.34","8.80","8.89","319,471,529"
"28-Jan-2025","8.99","9.15","8.78","9.00","310,325,356"
"29-Jan-2025","9.00","9.06","8.90","8.94","186,423,902"
"30-Jan-2025","8.86","9.05","8.86","8.99","255,095,259"
"31-Jan-2025","9.05","9.10","8.88","9.05","336,820,197"
"01-Feb-2025","9.06","9.93","8.67","9.60","807,081,992"
"03-Feb-2025","9.21","9.41","9.02","9.07","384,582,320"
"04-Feb-2025","9.29","9.61","9.09","9.40","418,244,166"
"05-Feb-2025","9.40","9.70","9.39","9.54","349,183,730"
"06-Feb-2025","9.66","9.66","9.23","9.27","223,076,819"
"07-Feb-2025","9.29","9.80","9.27","9.47","605,199,609"
"10-Feb-2025","9.55","9.55","9.06","9.11","262,161,729"
"11-Feb-2025","9.11","9.17","8.72","8.82","258,460,983"
"12-Feb-2025","8.80","8.80","8.10","8.39","576,588,022"
"13-Feb-2025","8.06","8.99","8.06","8.64","717,308,741"
"14-Feb-2025","8.76","8.79","8.10","8.21","497,212,290"
"17-Feb-2025","8.17","8.40","7.98","8.27","427,122,426"
"18-Feb-2025","8.27","8.35","7.92","8.07","332,529,559"
"19-Feb-2025","8.03","8.39","7.94","8.30","299,864,398"
"20-Feb-2025","8.27","8.40","8.18","8.27","197,667,113"
"21-Feb-2025","8.25","8.34","8.01","8.04","289,642,446"
"24-Feb-2025","7.98","8.04","7.84","7.92","265,949,359"
"25-Feb-2025","7.90","8.04","7.88","7.91","202,132,636"
"27-Feb-2025","7.99","8.03","7.74","7.80","331,905,675"
"28-Feb-2025","7.75","7.77","7.49","7.55","482,692,128"
"03-Mar-2025","7.59","7.73","7.16","7.46","456,677,093"
"04-Mar-2025","7.39","7.64","7.29","7.43","345,291,615"
"05-Mar-2025","7.43","7.92","7.43","7.86","381,213,101"
"06-Mar-2025","8.00","8.04","7.70","7.73","294,304,361"
"07-Mar-2025","7.71","7.78","7.51","7.55","324,103,970"
"10-Mar-2025","7.58","7.64","7.22","7.26","438,883,802"
"11-Mar-2025","7.20","7.41","7.11","7.34","334,277,339"
"12-Mar-2025","7.32","7.36","6.87","7.07","539,372,093"
"13-Mar-2025","7.11","7.17","6.93","6.95","408,690,029"
"17-Mar-2025","7.00","7.08","6.92","6.94","315,152,685"
"18-Mar-2025","6.96","7.16","6.96","7.10","302,064,427"
"19-Mar-2025","7.25","7.72","7.21","7.44","681,862,635"
"20-Mar-2025","7.55","7.59","7.17","7.26","475,038,187"
"21-Mar-2025","7.28","7.68","7.24","7.62","718,941,405"
"24-Mar-2025","7.72","7.74","7.29","7.34","508,282,460"
"25-Mar-2025","7.40","7.43","7.05","7.15","475,224,766"
"26-Mar-2025","7.16","7.21","6.98","7.04","579,796,225"
"27-Mar-2025","7.01","7.06","6.87","6.92","955,968,263"
"28-Mar-2025","6.99","7.13","6.77","6.80","817,733,412"
"01-Apr-2025","7.48","8.56","7.48","8.10","2,300,669,706"
"02-Apr-2025","8.31","8.34","7.94","8.22","922,157,249"
"03-Apr-2025","8.09","8.34","8.06","8.19","486,007,460"
"04-Apr-2025","8.16","8.18","7.85","7.91","475,159,836"
"07-Apr-2025","7.17","7.48","7.17","7.36","683,492,480"
"08-Apr-2025","7.51","7.60","7.14","7.17","625,885,253"
"09-Apr-2025","7.25","7.27","7.01","7.09","501,489,583"
"11-Apr-2025","7.27","7.29","7.03","7.17","607,771,928"
"15-Apr-2025","7.27","7.43","7.22","7.32","494,777,719"
"16-Apr-2025","7.32","7.42","7.23","7.27","404,503,350"
"17-Apr-2025","7.24","7.35","7.18","7.31","481,025,151"
"21-Apr-2025","7.31","8.19","7.30","8.07","1,047,323,375"
"22-Apr-2025","8.08","8.11","7.95","7.97","525,407,211"
"23-Apr-2025","8.00","8.05","7.68","8.01","514,186,077"
"24-Apr-2025","7.94","8.08","7.90","7.93","436,243,616"
"25-Apr-2025","7.95","8.21","7.43","7.47","1,873,654,285"
"28-Apr-2025","7.50","7.57","7.40","7.45","368,139,445"
"29-Apr-2025","7.45","7.53","7.22","7.24","443,439,431"
"30-Apr-2025","7.25","7.29","7.10","7.12","395,244,551"
"02-May-2025","7.12","7.24","7.03","7.05","361,513,285"
"05-May-2025","7.08","7.18","7.01","7.15","316,358,655"
"06-May-2025","7.13","7.19","6.85","6.88","398,168,079"
"07-May-2025","6.77","6.98","6.75","6.92","404,491,490"
"08-May-2025","6.99","7.05","6.65","6.69","441,442,626"
"09-May-2025","6.52","6.74","6.47","6.70","446,972,925"
"12-May-2025","7.06","7.10","6.87","7.07","414,280,475"
"13-May-2025","7.01","7.07","6.93","6.94","368,589,161"
"14-May-2025","6.96","7.06","6.95","6.98","375,750,045"
"15-May-2025","7.01","7.27","6.99","7.23","725,145,747"
"16-May-2025","7.32","7.55","7.22","7.37","680,691,068"
"19-May-2025","7.19","7.21","6.48","6.72","1,712,212,389"
"20-May-2025","6.75","6.78","6.46","6.55","865,183,265"
"21-May-2025","6.61","6.80","6.50","6.76","541,589,602"
"22-May-2025","6.69","6.82","6.65","6.75","390,483,755"
"23-May-2025","6.73","6.80","6.69","6.76","253,857,396"
"26-May-2025","6.76","7.05","6.73","6.93","591,848,002"
"27-May-2025","6.86","7.05","6.85","6.96","427,262,827"
"28-May-2025","6.96","7.24","6.96","7.12","611,800,851"
"29-May-2025","7.12","7.20","7.10","7.14","343,185,493"
"30-May-2025","7.14","7.17","6.86","6.92","701,166,432"
"02-Jun-2025","6.93","7.10","6.90","7.03","500,339,502"
"03-Jun-2025","6.89","7.12","6.72","6.77","679,081,149"
"04-Jun-2025","6.77","6.94","6.65","6.91","498,825,689"
"05-Jun-2025","6.91","6.94","6.80","6.82","327,644,690"
"06-Jun-2025","6.82","6.95","6.78","6.92","398,854,834"
"09-Jun-2025","6.92","7.14","6.91","7.05","630,978,163"
"10-Jun-2025","7.05","7.07","6.94","6.97","309,411,027"
"11-Jun-2025","6.96","7.17","6.90","6.94","571,368,131"
"12-Jun-2025","7.01","7.01","6.75","6.78","414,704,770"
"13-Jun-2025","6.68","6.73","6.60","6.67","469,133,633"
"16-Jun-2025","6.67","6.77","6.47","6.69","525,509,852"
"17-Jun-2025","6.67","6.74","6.58","6.60","264,151,825"
"18-Jun-2025","6.60","6.70","6.52","6.56","300,887,692"
"19-Jun-2025","6.72","6.72","6.29","6.33","641,047,602"
"20-Jun-2025","6.35","6.60","6.32","6.56","522,945,635"
"23-Jun-2025","6.50","6.62","6.43","6.55","322,970,787"
"24-Jun-2025","6.71","7.03","6.64","6.86","1,035,289,031"
"25-Jun-2025","6.87","7.27","6.80","7.13","1,071,202,528"
"26-Jun-2025","7.18","7.35","7.09","7.24","904,455,977"
"27-Jun-2025","7.25","7.55","7.25","7.38","805,573,085"
"30-Jun-2025","7.40","7.51","7.32","7.43","554,256,638"
"01-Jul-2025","7.47","7.59","7.36","7.45","668,115,067"
"02-Jul-2025","7.45","7.60","7.35","7.52","713,771,873"
"03-Jul-2025","7.51","7.77","7.44","7.49","711,437,304"
"04-Jul-2025","7.48","7.51","7.33","7.36","403,035,848"
"07-Jul-2025","7.30","7.40","7.25","7.29","331,996,862"
"08-Jul-2025","7.29","7.37","7.22","7.29","444,237,741"
"09-Jul-2025","7.35","7.43","7.24","7.26","340,817,121"
"10-Jul-2025","7.32","7.37","7.26","7.33","294,420,003"
"11-Jul-2025","7.33","7.33","7.12","7.17","341,830,457"
"14-Jul-2025","7.17","7.77","7.13","7.71","939,070,587"
"15-Jul-2025","7.71","7.75","7.60","7.66","342,736,162"
"16-Jul-2025","7.65","7.94","7.55","7.83","629,952,754"
"17-Jul-2025","7.84","7.94","7.73","7.76","345,141,447"
"18-Jul-2025","7.76","7.80","7.65","7.72","285,241,033"
"21-Jul-2025","7.69","7.73","7.61","7.63","228,323,974"
"22-Jul-2025","7.63","7.68","7.34","7.37","316,468,166"
"23-Jul-2025","7.42","7.52","7.37","7.48","268,204,946"
"24-Jul-2025","7.50","7.54","7.35","7.37","238,254,956"
"25-Jul-2025","7.40","7.42","7.17","7.20","298,053,583"
"28-Jul-2025","7.24","7.47","7.10","7.13","381,288,290"
"29-Jul-2025","7.19","7.24","7.12","7.19","298,376,818"
"30-Jul-2025","7.21","7.24","6.98","7.00","309,770,604"
"31-Jul-2025","6.97","7.01","6.86","6.91","355,228,408"
"01-Aug-2025","6.90","6.90","6.55","6.60","496,324,827"
"04-Aug-2025","6.77","6.88","6.60","6.84","413,154,881"
"05-Aug-2025","6.87","7.01","6.77","6.91","484,774,982"
"06-Aug-2025","6.93","6.94","6.75","6.79","259,002,701"
"07-Aug-2025","6.76","6.81","6.60","6.72","281,870,602"
"08-Aug-2025","6.74","6.75","6.48","6.51","373,343,824"
"11-Aug-2025","6.59","6.64","6.52","6.60","283,970,755"
"12-Aug-2025","6.60","6.63","6.45","6.47","317,847,247"
"13-Aug-2025","6.53","6.54","6.35","6.36","470,360,407"
"14-Aug-2025","6.39","6.40","6.12","6.15","573,262,165"
"18-Aug-2025","6.25","6.69","6.18","6.46","670,509,516"
"19-Aug-2025","6.52","6.62","6.49","6.58","353,099,427"
"20-Aug-2025","6.61","6.94","6.57","6.79","546,082,602"
"21-Aug-2025","6.81","6.83","6.53","6.55","352,694,732"
"22-Aug-2025","6.70","7.31","6.58","7.07","1,659,929,445"
"25-Aug-2025","7.07","7.60","7.00","7.40","1,166,246,458"
"26-Aug-2025","7.10","7.13","6.60","6.71","1,381,513,115"
"28-Aug-2025","6.75","6.75","6.54","6.57","630,935,008"
"29-Aug-2025","6.57","6.76","6.46","6.49","720,657,284"
"01-Sep-2025","6.56","6.63","6.46","6.54","449,914,318"
"02-Sep-2025","6.55","6.63","6.50","6.51","328,932,042"
"03-Sep-2025","6.52","6.61","6.46","6.57","455,484,219"
"04-Sep-2025","6.69","6.94","6.58","6.61","795,311,169"
"05-Sep-2025","6.64","7.45","6.60","7.23","1,719,413,311"
"08-Sep-2025","7.45","7.45","7.17","7.29","793,222,822"
"09-Sep-2025","7.28","7.49","7.16","7.27","807,680,182"
"10-Sep-2025","7.33","7.51","7.29","7.32","827,844,638"
"11-Sep-2025","7.32","7.45","7.30","7.41","521,059,065"
"12-Sep-2025","7.44","7.70","7.42","7.66","1,132,004,220"
"15-Sep-2025","7.75","8.38","7.65","8.14","1,943,209,776"
"16-Sep-2025","8.23","8.24","7.82","7.94","848,470,807"
"17-Sep-2025","7.97","8.00","7.71","7.77","587,152,972"
"18-Sep-2025","7.79","7.93","7.72","7.84","596,497,872"
"19-Sep-2025","7.91","8.82","7.81","8.40","2,689,120,745"
"22-Sep-2025","8.50","8.67","8.35","8.39","886,795,850"
"23-Sep-2025","8.39","8.97","8.35","8.72","1,285,968,709"
"24-Sep-2025","8.75","8.80","8.55","8.59","668,422,957"
"25-Sep-2025","8.63","8.84","8.58","8.68","734,809,470"
"26-Sep-2025","8.75","8.79","7.90","8.02","1,597,372,619"
"29-Sep-2025","8.06","8.38","8.02","8.24","739,155,377"
"30-Sep-2025","8.32","8.34","8.05","8.13","567,878,004"
"01-Oct-2025","8.17","8.58","8.17","8.52","706,154,001"
"03-Oct-2025","8.54","8.86","8.52","8.82","721,854,709"
"06-Oct-2025","8.95","8.95","8.33","8.47","1,278,071,138"
"07-Oct-2025","8.54","9.27","8.40","9.18","1,451,756,349"
"08-Oct-2025","9.25","9.40","9.00","9.04","1,059,514,161"
"09-Oct-2025","9.08","9.28","8.95","9.03","737,471,206"
"10-Oct-2025","9.10","9.22","8.97","9.04","701,750,547"
"13-Oct-2025","9.02","9.19","8.67","8.73","1,110,972,263"
"14-Oct-2025","8.75","8.79","8.32","8.36","805,214,355"
"15-Oct-2025","8.38","8.82","8.37","8.75","764,014,900"
"16-Oct-2025","8.80","8.99","8.76","8.85","583,137,406"
"17-Oct-2025","8.85","8.91","8.66","8.70","468,590,807"
"20-Oct-2025","8.75","9.02","8.72","8.94","494,314,718"
"21-Oct-2025","9.03","9.06","8.95","9.00","194,980,250"
"23-Oct-2025","9.04","9.60","9.03","9.52","1,296,265,237"
"24-Oct-2025","9.52","9.65","9.25","9.62","895,335,036"
"27-Oct-2025","9.62","10.57","9.28","9.97","3,237,582,345"
"28-Oct-2025","10.10","10.15","9.38","9.44","1,456,935,645"
"29-Oct-2025","9.51","9.56","9.27","9.36","825,914,416"
"30-Oct-2025","9.25","9.26","8.21","8.73","2,417,634,765"
"31-Oct-2025","8.73","8.96","8.66","8.73","779,577,687"
"03-Nov-2025","9.15","9.96","8.76","9.54","2,515,073,520"
"04-Nov-2025","9.73","9.76","9.35","9.41","1,135,567,490"
"06-Nov-2025","9.42","9.49","9.24","9.27","731,445,657"
"07-Nov-2025","9.27","9.73","9.20","9.61","1,075,464,880"
"10-Nov-2025","9.62","9.74","9.48","9.50","536,169,122"
"11-Nov-2025","9.76","10.33","9.62","10.24","1,962,002,935"
"12-Nov-2025","10.18","10.45","10.08","10.37","1,099,737,578"
"13-Nov-2025","10.30","10.78","10.27","10.47","1,391,134,349"
"14-Nov-2025","10.51","11.08","10.47","10.94","1,251,394,246"
"17-Nov-2025","11.04","11.06","10.73","10.93","911,862,078"
"18-Nov-2025","10.95","11.01","10.71","10.74","612,682,675"
"19-Nov-2025","10.75","10.89","10.58","10.69","628,320,485"
"20-Nov-2025","10.77","10.83","10.14","10.17","867,840,425"
"21-Nov-2025","10.20","10.29","9.92","9.97","746,331,633"
"24-Nov-2025","10.05","10.33","9.95","9.98","675,154,759"
"25-Nov-2025","10.02","10.17","9.94","10.05","564,921,465"
"26-Nov-2025","10.11","10.29","10.05","10.08","392,221,239"
"27-Nov-2025","10.16","10.29","10.04","10.11","619,942,440"
"28-Nov-2025","10.14","10.14","9.93","9.96","456,014,352"
"01-Dec-2025","10.00","10.25","9.75","9.93","786,869,606"
"02-Dec-2025","10.20","10.32","10.08","10.13","649,396,924"
"03-Dec-2025","10.15","10.60","10.12","10.55","1,176,128,408"
"04-Dec-2025","10.63","10.74","10.10","10.68","1,200,283,194"
"05-Dec-2025","10.57","10.86","10.40","10.80","983,988,262"
"08-Dec-2025","10.76","10.82","10.22","10.29","847,991,012"
"09-Dec-2025","10.30","10.81","10.10","10.74","889,952,074"
"10-Dec-2025","10.72","11.07","10.69","10.72","688,674,265"
"11-Dec-2025","10.74","11.31","10.70","11.25","1,194,694,954"
"12-Dec-2025","11.26","11.70","11.23","11.64","1,143,015,483"
"15-Dec-2025","11.85","12.03","11.31","11.35","1,172,916,179"
"16-Dec-2025","11.39","11.46","11.09","11.25","712,832,049"
"17-Dec-2025","11.25","11.39","11.06","11.13","627,013,751"
"18-Dec-2025","11.17","11.53","10.93","11.30","889,444,084"
"19-Dec-2025","11.42","12.00","11.25","11.96","1,241,113,159"
"22-Dec-2025","12.05","12.11","11.58","11.85","1,042,675,994"
"23-Dec-2025","11.89","12.20","11.81","12.01","1,005,831,210"
"24-Dec-2025","12.02","12.22","11.92","12.02","606,546,117"
"26-Dec-2025","12.00","12.09","11.89","11.94","516,916,600"
"29-Dec-2025","11.98","12.03","11.82","11.96","538,895,837"
"30-Dec-2025","11.93","12.19","11.93","12.06","674,474,076"
"31-Dec-2025","12.16","12.80","10.25","10.76","3,354,154,203"
"26-Feb-2026","10.75","11.16","10.74","10.85","1,888,129"
"27-Feb-2026","10.88","10.94","10.54","10.56","1,856,931"
