"Date","Open","High","Low","Close","Volume"
"01-Jan-2019","827.50","834.75","823.50","833.50","463,290"
"02-Jan-2019","829.90","838.00","812.75","815.50","821,812"
"03-Jan-2019","818.00","819.00","798.00","799.70","959,578"
"04-Jan-2019","802.10","810.80","793.00","806.15","1,069,003"
"07-Jan-2019","810.20","824.80","808.00","820.65","1,071,590"
"08-Jan-2019","820.00","839.45","811.30","836.60","1,023,730"
"09-Jan-2019","840.00","844.30","826.50","835.30","4,005,124"
"10-Jan-2019","834.60","837.45","819.00","820.20","819,813"
"11-Jan-2019","822.50","832.65","811.80","814.25","1,217,852"
"14-Jan-2019","815.00","818.00","807.00","813.70","734,030"
"15-Jan-2019","815.90","821.85","802.70","815.50","2,626,359"
"16-Jan-2019","820.80","841.45","820.80","826.30","1,926,154"
"17-Jan-2019","831.45","839.40","821.00","828.10","997,585"
"18-Jan-2019","828.90","834.55","818.20","824.95","959,572"
"21-Jan-2019","828.00","828.00","811.95","815.65","506,429"
"22-Jan-2019","812.00","812.70","800.20","804.35","756,105"
"23-Jan-2019","805.60","806.50","777.00","782.15","1,572,530"
"24-Jan-2019","782.00","793.00","778.00","785.80","1,009,447"
"25-Jan-2019","786.90","794.60","757.05","759.60","991,355"
"28-Jan-2019","763.00","763.00","727.20","732.80","1,265,661"
"29-Jan-2019","722.00","743.60","722.00","733.50","991,737"
"30-Jan-2019","739.00","741.00","718.00","725.00","1,472,628"
"31-Jan-2019","730.00","733.45","714.50","721.00","2,616,247"
"01-Feb-2019","724.05","729.60","708.85","718.95","1,307,460"
"04-Feb-2019","719.60","719.85","701.00","706.75","1,007,710"
"05-Feb-2019","706.80","714.00","698.00","703.95","1,169,479"
"06-Feb-2019","705.05","739.85","705.05","733.50","1,587,847"
"07-Feb-2019","738.05","756.80","730.90","752.75","2,848,786"
"08-Feb-2019","760.00","764.05","708.40","717.95","3,991,393"
"11-Feb-2019","710.30","724.00","704.35","716.65","1,181,227"
"12-Feb-2019","717.00","727.90","710.00","718.85","1,187,659"
"13-Feb-2019","721.00","727.45","714.55","717.15","680,106"
"14-Feb-2019","714.00","723.50","710.10","718.90","669,502"
"15-Feb-2019","721.50","722.35","689.10","706.75","1,358,479"
"18-Feb-2019","711.95","711.95","693.80","699.85","1,158,588"
"19-Feb-2019","702.50","724.00","697.20","718.35","1,770,799"
"20-Feb-2019","721.30","733.50","721.30","730.70","1,109,901"
"21-Feb-2019","726.30","751.65","725.05","747.80","1,721,402"
"22-Feb-2019","747.00","762.00","742.05","758.70","1,523,930"
"25-Feb-2019","762.00","781.50","750.00","778.65","1,901,398"
"26-Feb-2019","774.00","785.65","762.60","781.00","1,452,437"
"27-Feb-2019","782.95","796.90","776.30","782.40","1,235,553"
"28-Feb-2019","788.90","790.50","773.50","777.05","1,294,690"
"01-Mar-2019","780.50","794.60","778.05","791.75","1,158,050"
"05-Mar-2019","791.50","813.45","789.45","810.15","1,238,834"
"06-Mar-2019","818.90","822.20","804.50","820.10","1,119,970"
"07-Mar-2019","821.00","824.35","808.50","810.20","1,121,059"
"08-Mar-2019","810.25","812.35","797.30","807.05","1,267,215"
"11-Mar-2019","809.00","831.95","808.25","827.50","1,243,742"
"12-Mar-2019","831.90","838.60","826.20","830.80","1,272,425"
"13-Mar-2019","832.00","834.20","821.00","823.15","605,280"
"14-Mar-2019","823.15","837.40","808.50","832.90","1,064,493"
"15-Mar-2019","838.10","845.80","824.05","829.85","1,750,118"
"18-Mar-2019","816.50","823.50","806.10","818.55","2,084,748"
"19-Mar-2019","820.00","832.80","815.10","822.30","1,404,225"
"20-Mar-2019","827.00","829.10","811.65","817.65","1,412,859"
"22-Mar-2019","821.00","829.00","814.60","820.10","1,683,565"
"25-Mar-2019","815.00","817.00","808.00","815.40","985,371"
"26-Mar-2019","820.00","838.80","816.10","836.70","1,077,359"
"27-Mar-2019","843.00","844.40","825.00","828.60","1,135,187"
"28-Mar-2019","828.60","841.45","823.70","830.15","1,010,951"
"29-Mar-2019","838.80","861.00","828.25","857.95","1,635,606"
"01-Apr-2019","867.65","871.00","851.75","857.35","1,722,012"
"02-Apr-2019","857.35","859.60","837.50","845.65","1,290,864"
"03-Apr-2019","847.15","852.10","828.00","831.70","1,015,377"
"04-Apr-2019","834.20","840.70","825.40","834.90","1,220,209"
"05-Apr-2019","835.00","852.90","828.85","848.95","2,003,216"
"08-Apr-2019","855.00","858.20","837.00","840.45","905,102"
"09-Apr-2019","837.00","849.10","829.00","846.00","679,796"
"10-Apr-2019","839.00","853.75","838.25","847.30","874,178"
"11-Apr-2019","848.00","853.00","843.35","848.75","1,059,178"
"12-Apr-2019","852.45","860.85","840.20","853.45","1,368,130"
"15-Apr-2019","853.50","869.00","852.65","866.00","955,859"
"16-Apr-2019","869.90","885.00","866.05","883.55","1,633,282"
"18-Apr-2019","887.40","887.90","861.60","867.25","1,047,651"
"22-Apr-2019","866.50","871.40","855.10","863.90","871,986"
"23-Apr-2019","864.00","873.80","856.30","869.45","1,220,925"
"24-Apr-2019","867.50","887.00","849.60","880.55","1,831,558"
"25-Apr-2019","876.10","940.00","876.10","924.80","7,135,560"
"26-Apr-2019","926.45","934.00","898.10","913.45","2,545,038"
"30-Apr-2019","918.00","923.80","896.75","901.20","1,444,739"
"02-May-2019","900.00","907.15","891.35","899.30","1,021,401"
"03-May-2019","900.00","909.95","881.55","898.65","1,083,056"
"06-May-2019","888.75","898.50","885.35","896.55","872,860"
"07-May-2019","900.00","906.90","865.50","872.35","1,375,348"
"08-May-2019","874.80","879.80","862.00","870.95","1,170,460"
"09-May-2019","864.00","873.00","857.05","869.00","854,077"
"10-May-2019","874.95","875.00","853.30","857.60","633,012"
"13-May-2019","854.30","854.40","833.35","837.95","652,682"
"14-May-2019","840.15","851.25","817.70","845.55","1,341,517"
"15-May-2019","846.00","847.00","810.10","814.80","1,299,508"
"16-May-2019","815.00","826.70","804.85","820.10","1,463,357"
"17-May-2019","819.00","833.60","814.30","828.95","1,774,033"
"20-May-2019","843.00","894.00","843.00","890.30","1,949,145"
"21-May-2019","902.70","902.70","862.00","865.60","1,265,452"
"22-May-2019","868.60","868.60","849.00","857.35","1,361,942"
"23-May-2019","872.00","905.70","861.55","886.55","3,420,575"
"24-May-2019","892.05","914.55","878.00","910.05","2,194,830"
"27-May-2019","905.00","959.80","896.55","935.30","3,423,163"
"28-May-2019","938.00","938.00","907.75","910.95","5,213,864"
"29-May-2019","911.00","915.50","901.55","910.50","1,351,790"
"30-May-2019","912.00","919.80","898.70","911.45","2,245,342"
"31-May-2019","912.50","913.00","878.80","886.10","2,989,460"
"03-Jun-2019","890.10","896.90","885.00","895.05","1,327,630"
"04-Jun-2019","890.00","903.90","883.30","886.50","997,897"
"06-Jun-2019","889.90","889.90","852.35","869.55","2,884,482"
"07-Jun-2019","872.00","877.35","856.95","871.45","1,244,825"
"10-Jun-2019","876.80","884.45","864.85","880.95","1,270,546"
"11-Jun-2019","884.95","895.80","876.50","890.10","1,278,396"
"12-Jun-2019","886.00","895.95","877.30","888.30","821,912"
"13-Jun-2019","884.00","907.50","869.70","904.60","1,516,431"
"14-Jun-2019","904.00","906.60","892.90","899.00","1,850,574"
"17-Jun-2019","897.10","900.00","873.80","879.35","1,482,691"
"18-Jun-2019","878.00","883.90","866.00","879.65","886,413"
"19-Jun-2019","883.00","888.40","872.85","882.05","954,317"
"20-Jun-2019","876.15","905.60","870.00","900.80","1,415,049"
"21-Jun-2019","896.05","913.80","893.75","897.75","1,827,826"
"24-Jun-2019","900.60","909.30","880.00","886.65","1,069,347"
"25-Jun-2019","886.55","906.45","877.05","902.15","1,020,230"
"26-Jun-2019","897.10","920.00","897.10","919.15","1,829,768"
"27-Jun-2019","924.95","937.80","916.05","921.80","2,075,769"
"28-Jun-2019","924.80","927.40","905.00","914.10","1,678,795"
"01-Jul-2019","919.50","926.00","905.45","920.00","832,301"
"02-Jul-2019","923.00","929.80","915.35","919.80","1,027,807"
"03-Jul-2019","924.00","934.00","920.60","927.90","1,449,541"
"04-Jul-2019","930.10","945.80","925.60","941.60","1,405,857"
"05-Jul-2019","943.00","949.50","917.10","927.05","1,720,225"
"08-Jul-2019","918.20","920.00","877.95","888.55","1,889,892"
"09-Jul-2019","887.00","913.50","882.50","910.95","1,303,425"
"10-Jul-2019","907.70","918.90","904.75","913.45","990,345"
"11-Jul-2019","919.90","924.65","909.65","919.25","783,442"
"12-Jul-2019","920.00","927.85","911.25","916.05","1,140,047"
"15-Jul-2019","919.00","927.60","916.00","922.30","665,164"
"16-Jul-2019","923.60","937.35","918.65","930.50","1,207,966"
"17-Jul-2019","929.40","939.00","921.45","926.70","570,804"
"18-Jul-2019","924.95","926.45","905.45","907.70","692,689"
"19-Jul-2019","915.00","925.00","875.00","879.95","1,232,651"
"22-Jul-2019","879.00","895.15","863.10","892.15","897,469"
"23-Jul-2019","892.50","898.45","878.80","883.50","696,883"
"24-Jul-2019","880.00","885.65","866.10","878.45","1,003,677"
"25-Jul-2019","878.50","885.90","863.20","868.65","969,227"
"26-Jul-2019","870.05","879.90","867.05","874.95","707,596"
"29-Jul-2019","874.00","875.95","789.15","795.65","5,673,730"
"30-Jul-2019","791.00","817.00","758.00","762.55","5,210,662"
"31-Jul-2019","760.00","791.70","756.50","788.35","2,571,268"
"01-Aug-2019","777.00","783.00","764.35","774.55","1,034,634"
"02-Aug-2019","772.00","786.85","751.05","778.00","1,926,892"
"05-Aug-2019","772.90","772.90","746.65","749.45","1,098,832"
"06-Aug-2019","742.40","770.40","740.00","761.50","1,513,792"
"07-Aug-2019","757.85","763.00","733.00","737.95","1,631,724"
"08-Aug-2019","739.00","742.85","716.10","737.45","2,497,125"
"09-Aug-2019","739.00","767.00","739.00","746.50","2,039,108"
"13-Aug-2019","748.00","750.00","705.70","709.65","1,354,220"
"14-Aug-2019","709.65","744.65","709.00","734.50","2,951,315"
"16-Aug-2019","725.10","757.35","719.25","752.25","2,543,244"
"19-Aug-2019","756.95","759.80","731.30","732.35","1,629,089"
"20-Aug-2019","738.00","738.25","719.85","729.25","1,404,475"
"21-Aug-2019","727.10","729.90","695.00","698.80","1,959,791"
"22-Aug-2019","691.90","708.80","681.25","688.55","2,271,012"
"23-Aug-2019","691.40","740.00","680.05","719.45","3,098,860"
"26-Aug-2019","724.30","741.00","705.10","737.30","1,838,549"
"27-Aug-2019","744.00","749.75","720.90","723.95","2,227,803"
"28-Aug-2019","725.45","732.70","708.10","713.50","1,394,469"
"29-Aug-2019","713.50","713.50","695.00","708.85","1,512,720"
"30-Aug-2019","713.00","716.00","699.05","710.95","1,418,816"
"03-Sep-2019","706.00","711.90","693.40","696.25","2,353,131"
"04-Sep-2019","698.00","701.90","688.50","694.05","1,517,327"
"05-Sep-2019","694.20","705.60","691.60","697.10","1,185,595"
"06-Sep-2019","702.15","711.45","699.65","703.70","1,248,530"
"09-Sep-2019","703.70","711.90","696.45","705.75","1,043,818"
"11-Sep-2019","708.50","716.50","706.80","711.50","1,293,216"
"12-Sep-2019","712.00","728.80","712.00","717.55","1,805,426"
"13-Sep-2019","720.20","723.45","704.15","717.55","1,943,044"
"16-Sep-2019","715.05","726.55","710.05","716.70","986,549"
"17-Sep-2019","716.00","724.10","699.90","700.95","1,440,408"
"18-Sep-2019","705.85","711.50","701.00","703.10","814,510"
"19-Sep-2019","704.00","710.60","695.25","699.90","1,055,946"
"20-Sep-2019","699.00","765.00","697.15","750.95","3,750,974"
"23-Sep-2019","760.95","786.00","752.25","759.30","3,077,990"
"24-Sep-2019","760.60","765.70","740.25","749.70","1,387,878"
"25-Sep-2019","742.25","744.75","718.30","724.15","1,352,479"
"26-Sep-2019","728.70","747.95","720.15","743.80","1,971,768"
"27-Sep-2019","746.40","746.40","722.00","727.00","1,281,646"
"30-Sep-2019","724.70","738.60","708.25","730.10","1,742,195"
"01-Oct-2019","736.80","736.80","690.00","693.15","3,452,533"
"03-Oct-2019","691.00","695.95","670.00","679.65","3,048,990"
"04-Oct-2019","677.35","681.75","650.05","654.40","3,253,162"
"07-Oct-2019","654.40","654.40","633.60","649.00","2,397,704"
"09-Oct-2019","650.00","677.90","642.90","670.40","2,386,332"
"10-Oct-2019","680.00","726.85","680.00","696.60","7,589,225"
"11-Oct-2019","696.10","705.80","688.00","691.40","1,699,910"
"14-Oct-2019","693.95","707.90","688.00","698.65","1,646,833"
"15-Oct-2019","699.55","706.15","691.10","703.70","939,647"
"16-Oct-2019","708.10","734.45","708.10","730.85","2,820,075"
"17-Oct-2019","728.15","730.85","712.00","724.55","1,876,216"
"18-Oct-2019","725.50","749.00","718.30","746.50","2,263,929"
"22-Oct-2019","745.95","772.00","742.45","756.05","2,174,300"
"23-Oct-2019","755.00","755.00","735.30","743.15","1,147,367"
"24-Oct-2019","743.00","743.00","663.45","705.60","7,394,585"
"25-Oct-2019","699.95","716.80","689.10","709.95","2,914,804"
"27-Oct-2019","711.50","715.75","694.00","703.00","588,272"
"29-Oct-2019","699.05","720.90","687.90","714.75","2,908,854"
"30-Oct-2019","725.45","741.30","714.70","734.95","2,260,375"
"31-Oct-2019","740.10","774.90","735.85","768.75","3,856,582"
"01-Nov-2019","768.70","798.00","763.60","775.70","4,557,725"
"04-Nov-2019","784.45","795.90","780.00","783.80","2,504,708"
"05-Nov-2019","785.00","795.00","759.55","768.60","2,742,795"
"06-Nov-2019","770.00","782.60","761.00","773.25","1,903,692"
"07-Nov-2019","778.00","782.00","771.40","777.85","1,133,781"
"08-Nov-2019","775.40","785.90","770.00","774.00","1,346,108"
"11-Nov-2019","770.00","771.75","755.25","767.10","1,627,591"
"13-Nov-2019","760.00","768.85","736.25","739.55","2,160,990"
"14-Nov-2019","713.10","756.85","712.00","733.95","4,263,295"
"15-Nov-2019","735.00","768.00","724.80","755.15","4,573,144"
"18-Nov-2019","750.00","785.90","750.00","769.50","4,178,751"
"19-Nov-2019","775.00","793.50","772.00","786.15","3,857,258"
"20-Nov-2019","791.00","801.00","781.00","789.65","3,157,623"
"21-Nov-2019","795.30","797.00","775.30","778.95","1,794,807"
"22-Nov-2019","778.40","796.90","770.25","793.20","1,457,907"
"25-Nov-2019","794.00","824.90","792.20","822.90","3,719,171"
"26-Nov-2019","822.90","825.25","784.05","791.05","3,919,231"
"27-Nov-2019","787.00","802.80","785.00","788.10","1,863,654"
"28-Nov-2019","791.90","802.70","783.05","800.15","2,148,249"
"29-Nov-2019","796.00","809.00","784.45","787.05","2,199,611"
"02-Dec-2019","810.00","822.00","802.25","807.25","5,088,611"
"03-Dec-2019","805.00","805.00","779.05","782.30","2,450,605"
"04-Dec-2019","781.05","790.65","775.55","785.40","1,612,350"
"05-Dec-2019","780.00","789.85","766.90","769.30","1,750,196"
"06-Dec-2019","775.00","779.65","764.10","768.00","1,707,058"
"09-Dec-2019","771.00","774.00","762.35","766.30","1,209,386"
"10-Dec-2019","766.00","782.00","764.70","770.20","2,100,125"
"11-Dec-2019","770.20","774.60","759.50","767.40","1,340,370"
"12-Dec-2019","772.10","779.00","769.55","774.20","993,437"
"13-Dec-2019","776.05","787.60","774.75","782.30","1,454,897"
"16-Dec-2019","780.00","783.20","761.40","763.10","1,543,113"
"17-Dec-2019","765.80","772.95","756.85","768.80","1,825,062"
"18-Dec-2019","773.60","776.40","751.50","754.20","1,674,043"
"19-Dec-2019","754.90","760.60","736.55","742.95","3,571,680"
"20-Dec-2019","743.50","748.05","740.95","745.60","1,606,946"
"23-Dec-2019","744.00","753.00","735.00","742.35","2,488,969"
"24-Dec-2019","746.00","749.00","737.15","738.50","1,481,308"
"26-Dec-2019","739.60","745.80","734.00","736.75","1,298,363"
"27-Dec-2019","737.50","744.00","735.60","739.75","1,054,753"
"30-Dec-2019","742.00","745.90","732.80","736.75","1,307,872"
"31-Dec-2019","737.00","746.10","732.90","743.65","1,683,709"
"01-Jan-2020","746.80","747.40","738.60","742.50","685,313"
"02-Jan-2020","742.00","768.50","741.00","766.35","2,413,731"
"03-Jan-2020","769.95","769.95","751.50","756.65","1,411,458"
"06-Jan-2020","755.40","755.80","735.00","737.00","957,541"
"07-Jan-2020","738.20","756.00","735.50","742.30","1,104,012"
"08-Jan-2020","735.40","749.90","733.60","742.65","1,312,487"
"09-Jan-2020","752.95","761.30","750.05","757.30","1,471,931"
"10-Jan-2020","756.80","766.50","751.00","756.25","1,261,460"
"13-Jan-2020","757.00","765.00","757.00","759.60","832,679"
"14-Jan-2020","762.80","767.90","753.10","759.90","1,186,220"
"15-Jan-2020","758.00","769.00","747.50","766.40","1,516,061"
"16-Jan-2020","767.35","771.00","753.10","756.05","1,037,376"
"17-Jan-2020","715.00","772.00","711.00","768.25","4,918,914"
"20-Jan-2020","767.60","777.50","762.45","772.80","1,575,278"
"21-Jan-2020","779.00","781.10","763.45","771.65","1,661,273"
"22-Jan-2020","770.85","799.00","767.10","792.90","3,081,732"
"23-Jan-2020","785.00","811.95","783.00","808.90","2,587,185"
"24-Jan-2020","808.00","824.40","795.95","822.00","1,925,862"
"27-Jan-2020","815.00","836.90","810.00","813.10","2,808,890"
"28-Jan-2020","817.50","823.85","797.25","808.90","1,783,600"
"29-Jan-2020","814.00","822.85","800.00","802.30","1,833,108"
"30-Jan-2020","809.00","809.00","787.25","791.25","1,325,227"
"31-Jan-2020","793.10","797.95","775.55","778.90","1,299,292"
"01-Feb-2020","775.00","789.75","754.55","759.40","1,136,808"
"03-Feb-2020","759.00","783.00","750.25","780.40","1,534,961"
"04-Feb-2020","780.05","796.35","780.05","793.70","1,071,567"
"05-Feb-2020","793.70","802.10","788.05","799.90","1,058,399"
"06-Feb-2020","802.40","806.65","793.30","801.00","1,217,580"
"07-Feb-2020","801.00","803.60","785.55","787.65","1,082,529"
"10-Feb-2020","787.00","789.70","752.00","757.55","4,243,828"
"11-Feb-2020","760.00","769.00","754.10","759.30","3,381,311"
"12-Feb-2020","762.10","774.45","754.50","755.35","1,845,607"
"13-Feb-2020","755.35","764.95","745.30","752.25","1,877,016"
"14-Feb-2020","754.50","770.85","737.10","743.05","3,399,473"
"17-Feb-2020","743.00","750.00","733.50","737.40","1,516,432"
"18-Feb-2020","737.35","741.20","715.55","723.90","1,750,918"
"19-Feb-2020","730.00","759.75","726.30","757.15","2,067,868"
"20-Feb-2020","750.00","767.80","745.90","751.30","2,128,575"
"24-Feb-2020","748.00","748.00","722.20","724.90","2,357,961"
"25-Feb-2020","727.00","732.90","715.10","720.40","2,272,073"
"26-Feb-2020","718.00","722.20","700.00","702.80","2,841,126"
"27-Feb-2020","702.80","717.50","686.00","712.85","3,350,636"
"28-Feb-2020","687.00","707.50","684.00","687.20","4,389,931"
"02-Mar-2020","701.00","701.50","657.30","668.45","2,245,349"
"03-Mar-2020","671.00","704.60","671.00","700.05","3,350,249"
"04-Mar-2020","702.50","708.80","682.00","689.50","2,842,415"
"05-Mar-2020","692.80","695.50","678.00","680.30","2,162,532"
"06-Mar-2020","650.00","670.90","645.00","665.05","1,694,832"
"09-Mar-2020","648.00","654.00","625.30","634.60","2,775,879"
"11-Mar-2020","635.00","640.50","616.00","625.25","2,989,772"
"12-Mar-2020","609.75","610.00","555.00","559.85","4,760,006"
"13-Mar-2020","537.60","631.65","505.00","604.95","6,184,972"
"16-Mar-2020","580.00","599.50","559.00","576.90","2,976,559"
"17-Mar-2020","571.30","585.65","553.25","555.65","2,995,383"
"18-Mar-2020","568.00","568.00","492.40","527.05","6,838,559"
"19-Mar-2020","481.00","518.80","481.00","491.05","3,899,814"
"20-Mar-2020","495.00","564.70","488.05","529.40","3,034,742"
"23-Mar-2020","481.30","500.00","397.05","433.25","4,474,891"
"24-Mar-2020","436.00","457.90","393.00","400.10","2,985,330"
"25-Mar-2020","390.00","458.70","385.05","451.35","4,196,785"
"26-Mar-2020","439.95","484.00","423.95","471.40","3,960,528"
"27-Mar-2020","472.05","493.80","446.85","460.90","2,020,718"
"30-Mar-2020","448.00","476.50","438.20","450.50","1,991,654"
"31-Mar-2020","463.40","479.75","453.60","476.10","1,801,288"
"01-Apr-2020","477.90","484.30","452.60","476.15","2,120,320"
"03-Apr-2020","473.50","477.70","451.20","454.70","1,470,237"
"07-Apr-2020","478.00","522.90","463.00","518.55","2,632,290"
"08-Apr-2020","512.50","532.50","500.40","512.60","2,402,047"
"09-Apr-2020","529.00","547.45","513.00","530.55","2,490,529"
"13-Apr-2020","530.55","561.00","510.00","544.50","3,263,002"
"15-Apr-2020","558.90","572.85","530.15","535.40","2,125,336"
"16-Apr-2020","530.00","557.00","523.05","543.75","3,595,017"
"17-Apr-2020","560.00","563.00","533.35","545.55","2,730,995"
"20-Apr-2020","548.25","552.90","519.40","521.65","3,106,055"
"21-Apr-2020","514.85","517.30","503.50","509.55","2,588,715"
"22-Apr-2020","511.00","513.30","502.45","510.40","2,324,747"
"23-Apr-2020","515.00","517.85","498.70","500.45","2,040,914"
"24-Apr-2020","492.00","501.90","484.75","499.05","2,550,107"
"27-Apr-2020","504.90","510.70","492.30","498.25","1,758,839"
"28-Apr-2020","506.95","511.50","493.80","497.45","2,120,094"
"29-Apr-2020","500.00","504.90","495.55","501.95","1,399,170"
"30-Apr-2020","505.00","515.00","501.30","504.90","6,535,679"
"04-May-2020","493.00","494.95","476.35","479.05","3,307,728"
"05-May-2020","485.00","487.80","469.25","471.45","1,729,054"
"06-May-2020","475.00","486.00","469.20","482.40","1,889,011"
"07-May-2020","482.40","491.95","476.40","485.20","1,737,010"
"08-May-2020","489.80","492.80","482.75","486.30","1,445,957"
"11-May-2020","489.20","512.50","484.75","504.45","3,897,466"
"12-May-2020","502.70","521.00","492.10","517.95","3,110,556"
"13-May-2020","550.00","550.00","519.05","522.95","2,701,200"
"14-May-2020","518.00","528.60","508.25","511.40","1,932,695"
"15-May-2020","514.25","519.85","509.90","517.85","1,378,960"
"18-May-2020","515.50","515.50","494.10","495.80","2,667,966"
"19-May-2020","498.20","521.00","495.05","511.85","3,286,809"
"20-May-2020","511.00","538.95","507.00","536.85","2,851,359"
"21-May-2020","536.85","536.95","521.55","526.95","1,998,009"
"22-May-2020","523.90","534.95","513.10","532.35","1,745,301"
"26-May-2020","535.00","544.40","527.85","532.65","3,988,184"
"27-May-2020","535.00","569.60","529.05","566.65","4,735,287"
"28-May-2020","568.00","581.65","557.25","576.50","3,317,882"
"29-May-2020","590.30","602.00","577.00","589.20","5,956,568"
"01-Jun-2020","592.50","600.00","580.05","583.50","2,553,932"
"02-Jun-2020","583.00","601.35","575.55","596.35","2,670,475"
"03-Jun-2020","600.55","610.00","592.35","597.80","2,426,418"
"04-Jun-2020","597.00","611.00","582.85","605.10","1,644,045"
"05-Jun-2020","611.60","630.70","609.50","627.15","3,133,694"
"08-Jun-2020","635.00","644.40","613.75","617.15","2,746,758"
"09-Jun-2020","623.10","635.80","606.70","611.90","2,082,895"
"10-Jun-2020","612.00","626.00","610.10","614.75","1,790,630"
"11-Jun-2020","618.00","626.00","582.55","590.60","2,497,985"
"12-Jun-2020","568.20","606.20","568.20","601.95","2,102,241"
"15-Jun-2020","610.00","610.85","577.10","581.90","2,915,600"
"16-Jun-2020","598.00","604.50","580.20","589.10","1,808,264"
"17-Jun-2020","587.10","597.70","580.80","583.85","1,157,292"
"18-Jun-2020","583.00","602.85","578.30","598.10","1,801,699"
"19-Jun-2020","598.00","603.70","593.55","601.25","2,619,830"
"22-Jun-2020","603.90","628.85","587.00","617.60","5,878,056"
"23-Jun-2020","622.60","634.35","613.05","622.35","3,182,056"
"24-Jun-2020","626.00","633.45","598.50","613.65","2,442,387"
"25-Jun-2020","610.95","626.55","604.05","607.45","2,089,589"
"26-Jun-2020","612.90","626.35","610.00","616.15","1,760,688"
"29-Jun-2020","613.75","624.45","598.50","619.25","2,010,341"
"30-Jun-2020","625.25","628.75","611.30","619.70","1,629,140"
"01-Jul-2020","619.80","625.95","612.15","614.35","1,397,405"
"02-Jul-2020","614.95","631.55","614.95","617.95","2,502,223"
"03-Jul-2020","623.80","630.00","613.50","628.15","2,066,551"
"06-Jul-2020","633.00","653.40","629.10","641.15","4,059,725"
"07-Jul-2020","641.15","642.90","621.30","623.65","2,156,495"
"08-Jul-2020","628.00","631.85","605.30","608.50","2,391,585"
"09-Jul-2020","612.00","622.75","609.95","616.65","1,625,411"
"10-Jul-2020","616.65","619.90","597.10","611.45","2,693,900"
"13-Jul-2020","614.40","617.95","607.55","611.75","1,715,549"
"14-Jul-2020","612.45","613.85","593.85","596.70","1,751,163"
"15-Jul-2020","602.45","607.00","586.35","588.90","1,913,825"
"16-Jul-2020","592.00","593.00","580.00","583.05","1,509,705"
"17-Jul-2020","584.50","595.40","583.00","592.10","2,172,029"
"20-Jul-2020","598.00","611.40","593.35","603.15","2,286,607"
"21-Jul-2020","605.00","616.50","601.90","603.10","1,942,569"
"22-Jul-2020","607.00","612.00","594.00","601.80","1,742,700"
"23-Jul-2020","605.30","611.80","597.00","598.25","1,206,960"
"24-Jul-2020","596.80","596.80","581.60","582.70","1,250,674"
"27-Jul-2020","585.00","585.00","568.45","570.80","2,216,687"
"28-Jul-2020","572.80","597.95","565.00","596.25","5,603,716"
"29-Jul-2020","600.00","621.85","599.35","616.30","6,086,161"
"30-Jul-2020","614.15","625.10","601.15","602.95","2,509,512"
"31-Jul-2020","606.35","636.90","602.00","633.05","4,750,804"
"03-Aug-2020","630.00","642.75","621.65","633.50","2,546,157"
"04-Aug-2020","635.40","639.75","622.20","624.65","2,062,493"
"05-Aug-2020","624.70","643.60","621.70","633.45","2,496,920"
"06-Aug-2020","636.00","646.50","629.00","634.20","2,303,382"
"07-Aug-2020","634.00","641.90","628.25","636.55","2,226,682"
"10-Aug-2020","640.00","643.35","627.70","634.05","1,925,213"
"11-Aug-2020","635.00","640.95","619.05","624.25","2,061,530"
"12-Aug-2020","620.00","629.00","615.10","626.15","2,142,592"
"13-Aug-2020","631.80","638.00","621.50","631.85","3,037,090"
"14-Aug-2020","632.00","639.80","623.45","628.95","2,840,764"
"17-Aug-2020","630.15","634.00","610.70","625.35","4,308,934"
"18-Aug-2020","621.00","678.50","621.00","667.10","15,465,826"
"19-Aug-2020","667.95","672.00","660.45","664.85","3,245,005"
"20-Aug-2020","660.15","675.00","655.05","665.60","3,015,031"
"21-Aug-2020","674.70","683.00","668.90","677.35","3,993,293"
"24-Aug-2020","680.40","693.50","666.20","671.55","3,821,144"
"25-Aug-2020","672.00","679.45","661.65","673.75","1,823,994"
"26-Aug-2020","672.95","678.50","658.60","667.20","2,450,241"
"27-Aug-2020","670.15","688.00","667.00","685.05","3,259,380"
"28-Aug-2020","689.95","717.50","684.00","701.15","7,387,214"
"31-Aug-2020","703.00","710.80","670.65","674.85","4,456,609"
"01-Sep-2020","676.95","704.80","651.05","684.55","4,727,724"
"02-Sep-2020","681.00","685.95","662.65","678.45","3,930,979"
"03-Sep-2020","685.00","729.35","681.60","724.75","7,498,392"
"04-Sep-2020","705.00","724.00","698.70","706.50","3,605,878"
"07-Sep-2020","720.00","720.80","693.00","700.15","4,178,265"
"08-Sep-2020","702.90","702.90","674.20","677.10","2,825,627"
"09-Sep-2020","676.00","696.50","664.05","687.10","2,835,848"
"10-Sep-2020","696.55","717.75","681.30","713.30","4,924,113"
"11-Sep-2020","715.00","727.00","704.65","720.95","7,330,487"
"14-Sep-2020","721.00","735.95","703.00","707.00","3,044,866"
"15-Sep-2020","711.60","723.50","709.80","720.40","2,926,571"
"16-Sep-2020","722.95","737.20","714.10","720.40","3,038,720"
"17-Sep-2020","720.40","738.75","716.55","724.70","3,927,324"
"18-Sep-2020","727.95","748.65","724.65","745.00","3,216,185"
"21-Sep-2020","749.65","749.65","710.05","716.85","2,426,658"
"22-Sep-2020","720.40","746.00","706.80","729.10","3,313,571"
"23-Sep-2020","729.35","732.75","705.00","718.40","2,576,697"
"24-Sep-2020","708.00","715.00","675.50","679.70","2,825,289"
"25-Sep-2020","683.00","712.20","683.00","708.15","2,258,203"
"28-Sep-2020","715.00","735.65","715.00","734.20","2,545,879"
"29-Sep-2020","736.00","739.90","715.05","721.45","1,821,921"
"30-Sep-2020","721.45","746.40","715.05","744.20","2,377,808"
"01-Oct-2020","749.20","756.00","736.05","754.55","2,403,720"
"05-Oct-2020","752.20","763.60","741.95","750.15","1,900,046"
"06-Oct-2020","750.25","759.95","740.50","757.70","1,854,621"
"07-Oct-2020","755.00","761.70","748.00","759.65","1,626,654"
"08-Oct-2020","765.00","774.70","758.70","770.35","2,220,310"
"09-Oct-2020","769.55","772.90","742.25","745.10","2,905,184"
"12-Oct-2020","746.15","752.35","738.00","744.70","2,813,652"
"13-Oct-2020","742.80","763.00","736.95","749.45","2,740,418"
"14-Oct-2020","743.00","768.00","733.45","763.60","2,406,038"
"15-Oct-2020","760.35","767.95","745.20","750.10","1,500,700"
"16-Oct-2020","752.95","776.65","750.00","772.70","1,765,026"
"19-Oct-2020","772.00","782.40","761.55","773.15","2,134,699"
"20-Oct-2020","775.00","779.90","764.50","777.20","1,739,215"
"21-Oct-2020","780.00","794.45","771.55","791.75","2,409,367"
"22-Oct-2020","791.75","794.45","781.00","791.65","1,699,846"
"23-Oct-2020","794.10","804.00","782.10","785.20","2,354,331"
"26-Oct-2020","785.00","789.85","768.00","780.00","1,338,819"
"27-Oct-2020","774.00","790.00","772.85","779.10","1,530,802"
"28-Oct-2020","789.70","789.70","773.05","777.25","1,977,397"
"29-Oct-2020","772.75","777.35","766.00","770.20","1,061,950"
"30-Oct-2020","770.00","793.75","765.25","778.35","1,709,943"
"02-Nov-2020","784.40","791.85","775.50","787.85","1,788,758"
"03-Nov-2020","789.20","800.95","787.05","791.15","2,048,280"
"04-Nov-2020","790.40","795.00","778.70","783.10","1,499,152"
"05-Nov-2020","787.50","810.40","787.50","804.40","2,973,275"
"06-Nov-2020","809.00","809.00","791.50","794.35","1,500,755"
"09-Nov-2020","797.00","808.30","789.20","792.15","2,188,251"
"10-Nov-2020","799.00","816.50","781.05","789.50","2,902,845"
"11-Nov-2020","792.00","808.60","790.00","803.10","2,510,370"
"12-Nov-2020","804.00","831.00","803.10","826.95","3,830,555"
"13-Nov-2020","827.00","848.00","819.50","841.35","5,918,612"
"14-Nov-2020","843.00","844.60","835.10","838.60","324,867"
"17-Nov-2020","846.90","853.50","835.55","842.90","1,885,867"
"18-Nov-2020","841.55","851.70","838.25","848.95","1,720,169"
"19-Nov-2020","844.80","861.90","832.00","836.75","1,923,683"
"20-Nov-2020","840.00","861.90","838.60","856.00","2,049,975"
"23-Nov-2020","863.40","868.90","851.10","854.60","2,225,036"
"24-Nov-2020","857.00","863.75","850.00","853.25","1,394,095"
"25-Nov-2020","856.00","873.80","840.05","843.10","2,392,424"
"26-Nov-2020","850.20","881.00","847.05","877.40","4,249,437"
"27-Nov-2020","877.40","885.85","870.00","875.75","4,004,762"
"01-Dec-2020","867.00","910.70","862.15","907.80","4,110,405"
"02-Dec-2020","901.55","918.95","900.10","915.50","2,843,180"
"03-Dec-2020","921.00","924.90","906.00","910.05","1,988,189"
"04-Dec-2020","915.40","946.90","913.10","931.50","3,030,378"
"07-Dec-2020","939.95","954.00","930.25","937.70","3,193,047"
"08-Dec-2020","937.50","942.00","918.40","925.80","1,756,710"
"09-Dec-2020","926.95","933.75","916.15","920.25","1,612,127"
"10-Dec-2020","922.00","924.80","902.55","909.50","1,727,166"
"11-Dec-2020","909.90","915.65","901.00","902.25","1,938,042"
"14-Dec-2020","906.65","924.00","906.30","911.45","2,044,684"
"15-Dec-2020","912.00","917.70","903.00","912.00","1,462,088"
"16-Dec-2020","920.40","925.30","911.00","914.80","1,390,116"
"17-Dec-2020","915.90","926.40","912.00","912.70","1,476,800"
"18-Dec-2020","912.00","916.75","902.00","909.65","2,216,049"
"21-Dec-2020","909.60","909.95","868.30","877.35","1,905,028"
"22-Dec-2020","877.35","889.40","863.35","885.20","1,708,372"
"23-Dec-2020","886.10","909.00","881.35","902.00","2,377,647"
"24-Dec-2020","906.65","911.85","891.10","897.15","1,420,321"
"28-Dec-2020","901.20","912.35","897.10","906.65","1,489,896"
"29-Dec-2020","911.00","922.65","906.20","909.50","1,624,766"
"30-Dec-2020","911.10","938.95","897.30","934.40","2,280,218"
"31-Dec-2020","939.80","940.85","921.55","927.85","2,077,998"
"01-Jan-2021","924.50","938.00","920.25","933.40","1,151,605"
"04-Jan-2021","937.15","967.00","937.15","964.45","2,667,535"
"05-Jan-2021","955.00","971.95","946.95","961.30","1,511,818"
"06-Jan-2021","960.00","989.50","955.05","984.60","2,162,883"
"07-Jan-2021","990.00","1,004.65","977.20","993.85","1,888,940"
"08-Jan-2021","999.65","1,023.85","992.10","1,004.30","2,381,402"
"11-Jan-2021","999.35","1,012.30","994.45","1,004.30","1,249,633"
"12-Jan-2021","1,005.80","1,020.60","997.70","1,010.30","1,551,157"
"13-Jan-2021","1,009.00","1,041.00","1,007.45","1,033.35","2,205,417"
"14-Jan-2021","1,035.00","1,040.95","1,013.30","1,020.25","1,522,045"
"15-Jan-2021","1,015.10","1,039.30","1,001.60","1,033.05","2,026,203"
"18-Jan-2021","1,023.00","1,029.55","990.85","999.20","1,847,393"
"19-Jan-2021","1,002.00","1,052.50","1,002.00","1,031.90","4,059,040"
"20-Jan-2021","1,028.00","1,038.50","1,014.80","1,034.70","1,528,763"
"21-Jan-2021","1,036.00","1,046.95","1,012.50","1,017.10","1,268,212"
"22-Jan-2021","1,022.30","1,030.75","1,000.00","1,004.00","1,029,795"
"25-Jan-2021","1,025.00","1,114.65","1,017.00","1,069.75","15,344,078"
"27-Jan-2021","1,063.95","1,114.35","1,051.05","1,061.55","6,620,990"
"28-Jan-2021","1,040.50","1,076.00","1,038.55","1,067.40","2,834,260"
"29-Jan-2021","1,062.60","1,094.00","1,048.45","1,055.65","3,822,191"
"01-Feb-2021","1,060.00","1,130.80","1,047.35","1,125.65","2,099,126"
"02-Feb-2021","1,144.00","1,209.90","1,136.45","1,190.00","4,122,906"
"03-Feb-2021","1,178.10","1,205.50","1,172.25","1,190.85","2,427,085"
"04-Feb-2021","1,180.00","1,217.45","1,171.05","1,188.50","2,659,290"
"05-Feb-2021","1,188.50","1,208.80","1,173.00","1,186.10","1,636,133"
"08-Feb-2021","1,186.00","1,220.00","1,185.00","1,210.80","1,955,804"
"09-Feb-2021","1,210.00","1,226.50","1,204.00","1,217.95","1,727,089"
"10-Feb-2021","1,216.00","1,249.00","1,216.00","1,231.40","3,264,009"
"11-Feb-2021","1,223.00","1,244.80","1,221.60","1,235.45","1,216,492"
"12-Feb-2021","1,244.00","1,254.80","1,221.05","1,242.10","3,421,387"
"15-Feb-2021","1,257.05","1,258.60","1,216.75","1,227.95","1,914,247"
"16-Feb-2021","1,234.40","1,257.00","1,225.60","1,243.75","1,561,647"
"17-Feb-2021","1,228.10","1,249.00","1,228.00","1,238.45","1,048,606"
"18-Feb-2021","1,238.45","1,247.65","1,213.00","1,229.65","1,536,486"
"19-Feb-2021","1,231.75","1,239.70","1,210.00","1,218.00","1,314,508"
"22-Feb-2021","1,221.50","1,235.00","1,215.00","1,230.50","1,128,617"
"23-Feb-2021","1,239.00","1,249.90","1,221.60","1,231.50","1,434,663"
"24-Feb-2021","1,239.00","1,257.00","1,231.25","1,250.20","441,927"
"25-Feb-2021","1,258.00","1,289.00","1,254.00","1,270.45","1,942,025"
"26-Feb-2021","1,255.00","1,270.00","1,190.85","1,200.80","2,798,547"
"01-Mar-2021","1,206.95","1,270.00","1,202.20","1,265.95","1,601,364"
"02-Mar-2021","1,275.00","1,298.50","1,261.00","1,294.75","1,954,073"
"03-Mar-2021","1,299.00","1,343.00","1,290.00","1,318.10","2,243,838"
"04-Mar-2021","1,306.00","1,360.00","1,300.50","1,350.40","1,950,846"
"05-Mar-2021","1,348.80","1,371.70","1,324.00","1,339.35","2,714,173"
"08-Mar-2021","1,339.95","1,367.70","1,331.55","1,344.25","1,400,679"
"09-Mar-2021","1,382.00","1,408.00","1,361.05","1,366.35","5,078,891"
"10-Mar-2021","1,378.00","1,389.35","1,360.00","1,385.05","1,085,941"
"12-Mar-2021","1,395.00","1,404.95","1,375.00","1,379.50","1,206,112"
"15-Mar-2021","1,389.00","1,391.90","1,347.00","1,384.10","970,925"
"16-Mar-2021","1,380.10","1,397.75","1,375.90","1,384.50","1,176,583"
"17-Mar-2021","1,382.60","1,394.90","1,361.30","1,367.10","1,005,552"
"18-Mar-2021","1,392.00","1,399.90","1,372.00","1,387.80","1,790,541"
"19-Mar-2021","1,380.60","1,415.00","1,363.00","1,411.25","2,431,340"
"22-Mar-2021","1,419.00","1,428.00","1,401.25","1,413.90","1,587,634"
"23-Mar-2021","1,413.90","1,422.50","1,393.85","1,411.25","1,004,001"
"24-Mar-2021","1,409.00","1,409.00","1,379.65","1,387.65","1,490,308"
"25-Mar-2021","1,383.50","1,400.45","1,353.60","1,372.75","2,165,870"
"26-Mar-2021","1,381.00","1,411.45","1,379.00","1,405.60","1,764,994"
"30-Mar-2021","1,416.60","1,441.65","1,395.75","1,422.60","2,574,303"
"31-Mar-2021","1,417.00","1,456.00","1,410.00","1,450.55","1,242,119"
"01-Apr-2021","1,460.00","1,467.00","1,436.95","1,454.50","1,270,201"
"05-Apr-2021","1,455.00","1,472.70","1,425.10","1,446.50","1,396,534"
"06-Apr-2021","1,447.00","1,449.25","1,426.00","1,432.55","736,903"
"07-Apr-2021","1,427.80","1,444.50","1,427.80","1,437.40","606,884"
"08-Apr-2021","1,446.80","1,463.30","1,433.55","1,447.80","1,566,826"
"09-Apr-2021","1,455.00","1,469.35","1,432.85","1,440.00","1,125,347"
"12-Apr-2021","1,417.95","1,424.95","1,367.55","1,376.60","1,323,690"
"13-Apr-2021","1,372.80","1,406.70","1,370.60","1,392.20","1,423,254"
"15-Apr-2021","1,393.00","1,399.95","1,325.00","1,349.25","2,008,929"
"16-Apr-2021","1,343.00","1,380.00","1,341.00","1,353.20","1,437,982"
"19-Apr-2021","1,330.30","1,339.00","1,305.25","1,324.70","1,236,979"
"20-Apr-2021","1,351.10","1,373.35","1,281.60","1,291.90","3,688,197"
"22-Apr-2021","1,271.90","1,313.65","1,270.30","1,300.20","1,868,808"
"23-Apr-2021","1,299.00","1,323.15","1,262.00","1,278.10","2,839,747"
"26-Apr-2021","1,285.00","1,321.00","1,285.00","1,312.35","1,233,546"
"27-Apr-2021","1,320.00","1,339.20","1,308.00","1,331.20","1,236,334"
"28-Apr-2021","1,337.45","1,349.00","1,321.15","1,341.15","1,283,746"
"29-Apr-2021","1,354.40","1,369.50","1,332.30","1,350.70","1,793,007"
"30-Apr-2021","1,342.00","1,407.40","1,333.00","1,401.75","3,261,678"
"03-May-2021","1,396.60","1,425.05","1,374.25","1,414.55","1,786,884"
"04-May-2021","1,415.00","1,448.90","1,404.00","1,415.95","2,071,008"
"05-May-2021","1,420.10","1,454.95","1,405.00","1,420.90","2,157,276"
"06-May-2021","1,420.00","1,450.00","1,418.10","1,447.90","1,636,815"
"07-May-2021","1,450.00","1,461.90","1,433.30","1,449.60","1,267,488"
"10-May-2021","1,460.00","1,475.00","1,430.25","1,444.55","2,072,611"
"11-May-2021","1,425.00","1,468.95","1,425.00","1,450.15","1,521,151"
"12-May-2021","1,451.95","1,456.65","1,408.05","1,412.35","1,349,197"
"14-May-2021","1,420.00","1,421.95","1,354.85","1,367.00","1,240,252"
"17-May-2021","1,373.10","1,400.40","1,362.45","1,393.85","752,061"
"18-May-2021","1,405.10","1,427.85","1,386.10","1,392.40","1,045,311"
"19-May-2021","1,391.00","1,421.90","1,380.40","1,389.70","908,858"
"20-May-2021","1,389.00","1,389.00","1,365.10","1,375.25","882,951"
"21-May-2021","1,380.00","1,386.95","1,365.00","1,371.85","740,146"
"24-May-2021","1,372.65","1,376.40","1,350.60","1,370.75","1,445,175"
"25-May-2021","1,380.00","1,399.25","1,354.20","1,374.90","3,091,345"
"26-May-2021","1,385.00","1,431.95","1,381.05","1,409.40","4,302,562"
"27-May-2021","1,414.95","1,436.25","1,393.00","1,417.15","4,451,326"
"28-May-2021","1,428.20","1,480.00","1,421.00","1,465.45","2,689,838"
"31-May-2021","1,465.25","1,494.90","1,455.00","1,471.20","2,939,614"
"01-Jun-2021","1,475.60","1,479.15","1,437.00","1,444.55","1,117,622"
"02-Jun-2021","1,444.00","1,454.45","1,425.55","1,442.25","1,797,545"
"03-Jun-2021","1,445.20","1,464.00","1,436.05","1,458.75","1,006,763"
"04-Jun-2021","1,458.80","1,507.00","1,452.35","1,503.25","2,556,166"
"07-Jun-2021","1,518.60","1,530.95","1,495.60","1,501.00","2,491,140"
"08-Jun-2021","1,508.95","1,516.05","1,490.20","1,503.15","1,027,390"
"09-Jun-2021","1,510.10","1,527.90","1,485.00","1,492.05","1,727,303"
"10-Jun-2021","1,491.00","1,517.00","1,487.20","1,492.50","875,988"
"11-Jun-2021","1,505.90","1,510.00","1,475.50","1,490.60","895,452"
"14-Jun-2021","1,481.50","1,497.70","1,457.20","1,493.00","682,770"
"15-Jun-2021","1,495.00","1,515.00","1,488.00","1,495.25","814,630"
"16-Jun-2021","1,495.50","1,501.55","1,463.90","1,469.20","917,679"
"17-Jun-2021","1,465.00","1,490.65","1,450.55","1,458.20","795,435"
"18-Jun-2021","1,464.00","1,489.20","1,420.05","1,480.75","1,485,497"
"21-Jun-2021","1,461.30","1,500.85","1,455.00","1,496.65","1,145,818"
"22-Jun-2021","1,500.00","1,520.80","1,493.05","1,496.30","1,404,669"
"23-Jun-2021","1,500.00","1,512.25","1,484.00","1,498.75","973,788"
"24-Jun-2021","1,498.00","1,507.00","1,487.50","1,498.90","1,145,885"
"25-Jun-2021","1,501.70","1,515.00","1,490.00","1,506.85","1,194,203"
"28-Jun-2021","1,515.00","1,547.00","1,512.75","1,520.60","2,447,539"
"29-Jun-2021","1,517.00","1,523.25","1,499.00","1,503.30","734,358"
"30-Jun-2021","1,503.30","1,509.70","1,491.00","1,498.75","899,143"
"01-Jul-2021","1,503.25","1,508.35","1,489.00","1,500.30","635,048"
"02-Jul-2021","1,505.00","1,512.95","1,487.00","1,489.75","742,338"
"05-Jul-2021","1,497.50","1,508.00","1,486.00","1,489.70","784,526"
"06-Jul-2021","1,491.75","1,525.00","1,491.70","1,497.25","1,821,054"
"07-Jul-2021","1,495.00","1,500.00","1,476.00","1,493.85","1,119,109"
"08-Jul-2021","1,496.80","1,498.75","1,472.20","1,475.45","1,075,063"
"09-Jul-2021","1,475.00","1,508.00","1,461.00","1,500.15","798,580"
"12-Jul-2021","1,507.00","1,540.70","1,507.00","1,536.15","1,859,043"
"13-Jul-2021","1,540.00","1,582.15","1,538.00","1,576.65","2,176,074"
"14-Jul-2021","1,575.50","1,580.00","1,563.15","1,567.80","702,486"
"15-Jul-2021","1,568.00","1,579.75","1,553.15","1,557.25","907,912"
"16-Jul-2021","1,564.80","1,579.30","1,548.05","1,572.30","849,808"
"19-Jul-2021","1,558.80","1,575.60","1,544.85","1,558.80","559,807"
"20-Jul-2021","1,558.20","1,587.55","1,538.90","1,574.10","1,729,066"
"22-Jul-2021","1,595.00","1,599.50","1,573.20","1,582.05","982,695"
"23-Jul-2021","1,580.00","1,588.95","1,545.15","1,549.50","1,409,312"
"26-Jul-2021","1,549.50","1,566.25","1,541.05","1,550.25","1,010,876"
"27-Jul-2021","1,551.20","1,564.20","1,513.00","1,518.70","769,307"
"28-Jul-2021","1,528.00","1,537.25","1,486.00","1,533.55","1,293,433"
"29-Jul-2021","1,543.00","1,557.60","1,523.00","1,544.60","1,218,918"
"30-Jul-2021","1,537.70","1,566.00","1,521.65","1,551.35","1,126,373"
"02-Aug-2021","1,565.00","1,614.20","1,558.65","1,591.65","2,021,606"
"03-Aug-2021","1,575.00","1,599.90","1,544.50","1,592.40","1,643,947"
"04-Aug-2021","1,590.00","1,605.25","1,537.05","1,554.85","1,247,524"
"05-Aug-2021","1,539.00","1,553.00","1,525.00","1,537.40","715,729"
"06-Aug-2021","1,544.60","1,553.50","1,520.20","1,531.00","685,670"
"09-Aug-2021","1,545.00","1,547.00","1,506.55","1,512.15","609,167"
"10-Aug-2021","1,520.00","1,520.00","1,477.95","1,490.60","929,912"
"11-Aug-2021","1,484.00","1,516.90","1,480.00","1,502.40","1,268,299"
"12-Aug-2021","1,499.80","1,515.00","1,488.65","1,492.30","506,910"
"13-Aug-2021","1,493.30","1,532.45","1,485.50","1,496.90","2,441,588"
"16-Aug-2021","1,498.90","1,525.00","1,487.40","1,490.90","929,254"
"17-Aug-2021","1,496.50","1,498.55","1,460.10","1,481.00","1,090,935"
"18-Aug-2021","1,482.20","1,508.80","1,480.00","1,501.20","888,339"
"20-Aug-2021","1,489.95","1,503.30","1,475.00","1,484.65","774,150"
"23-Aug-2021","1,495.00","1,499.25","1,432.00","1,440.65","1,163,742"
"24-Aug-2021","1,444.00","1,462.00","1,440.65","1,460.15","913,036"
"25-Aug-2021","1,466.50","1,472.65","1,446.10","1,447.70","839,634"
"26-Aug-2021","1,446.10","1,459.75","1,430.05","1,439.05","936,935"
"27-Aug-2021","1,444.00","1,468.00","1,442.95","1,458.30","896,244"
"30-Aug-2021","1,465.00","1,483.00","1,462.00","1,471.15","764,590"
"31-Aug-2021","1,482.00","1,504.40","1,467.65","1,500.40","1,656,264"
"01-Sep-2021","1,510.00","1,514.50","1,480.20","1,486.00","664,026"
"02-Sep-2021","1,490.00","1,507.00","1,485.00","1,499.25","1,018,243"
"03-Sep-2021","1,510.00","1,519.95","1,492.50","1,510.45","1,135,652"
"06-Sep-2021","1,512.00","1,567.00","1,512.00","1,531.00","2,510,335"
"07-Sep-2021","1,538.00","1,557.90","1,514.75","1,554.45","1,158,223"
"08-Sep-2021","1,562.00","1,608.65","1,552.40","1,576.70","4,078,147"
"09-Sep-2021","1,579.85","1,603.00","1,570.00","1,597.90","842,587"
"13-Sep-2021","1,610.00","1,613.50","1,579.55","1,606.35","968,009"
"14-Sep-2021","1,610.00","1,619.90","1,594.00","1,611.80","1,082,767"
"15-Sep-2021","1,615.00","1,622.65","1,590.00","1,606.80","999,398"
"16-Sep-2021","1,615.00","1,618.00","1,574.00","1,578.45","852,067"
"17-Sep-2021","1,587.25","1,609.80","1,562.35","1,568.80","1,956,743"
"20-Sep-2021","1,565.00","1,567.55","1,528.55","1,535.60","774,163"
"21-Sep-2021","1,535.00","1,565.00","1,526.70","1,557.15","768,602"
"22-Sep-2021","1,551.30","1,582.65","1,546.95","1,574.65","916,746"
"23-Sep-2021","1,578.70","1,625.00","1,573.45","1,606.85","1,213,696"
"24-Sep-2021","1,615.00","1,658.00","1,615.00","1,629.75","2,001,841"
"27-Sep-2021","1,635.10","1,657.25","1,622.20","1,648.80","908,804"
"28-Sep-2021","1,653.00","1,684.60","1,641.10","1,648.75","1,562,917"
"29-Sep-2021","1,642.00","1,678.50","1,635.05","1,669.90","818,653"
"30-Sep-2021","1,660.00","1,694.30","1,660.00","1,669.45","1,077,540"
"01-Oct-2021","1,659.95","1,687.65","1,635.50","1,677.15","702,503"
"04-Oct-2021","1,652.00","1,654.85","1,621.00","1,641.15","1,149,637"
"05-Oct-2021","1,641.15","1,653.45","1,623.00","1,627.00","541,290"
"06-Oct-2021","1,621.00","1,640.00","1,592.00","1,599.00","1,037,021"
"07-Oct-2021","1,608.95","1,627.00","1,590.00","1,592.00","3,203,275"
"08-Oct-2021","1,596.00","1,616.80","1,591.65","1,598.80","693,600"
"11-Oct-2021","1,607.00","1,665.50","1,606.95","1,651.75","1,697,164"
"12-Oct-2021","1,651.75","1,665.00","1,628.55","1,637.65","768,555"
"13-Oct-2021","1,637.65","1,713.25","1,622.80","1,677.05","1,347,796"
"14-Oct-2021","1,680.00","1,775.00","1,680.00","1,752.50","2,309,191"
"18-Oct-2021","1,762.00","1,798.40","1,746.00","1,753.95","1,333,785"
"19-Oct-2021","1,757.00","1,770.45","1,711.55","1,717.90","549,783"
"20-Oct-2021","1,710.10","1,723.95","1,681.80","1,692.50","834,655"
"21-Oct-2021","1,709.40","1,754.00","1,690.05","1,745.80","1,369,162"
"22-Oct-2021","1,748.60","1,764.75","1,710.10","1,713.80","716,250"
"25-Oct-2021","1,700.00","1,719.70","1,669.15","1,710.65","573,813"
"26-Oct-2021","1,717.00","1,767.00","1,704.25","1,739.40","1,334,788"
"27-Oct-2021","1,744.00","1,754.65","1,722.70","1,728.40","525,885"
"28-Oct-2021","1,735.95","1,735.95","1,692.55","1,702.40","649,517"
"29-Oct-2021","1,705.00","1,742.50","1,675.45","1,721.10","1,152,110"
"01-Nov-2021","1,722.00","1,795.85","1,719.20","1,789.00","1,410,919"
"02-Nov-2021","1,792.00","1,805.00","1,737.50","1,744.05","1,117,548"
"03-Nov-2021","1,745.00","1,793.20","1,735.20","1,785.55","1,003,482"
"04-Nov-2021","1,797.00","1,800.00","1,785.55","1,791.60","95,198"
"08-Nov-2021","1,791.60","1,857.10","1,779.50","1,848.95","1,492,531"
"09-Nov-2021","1,851.00","1,879.90","1,848.55","1,863.85","1,045,350"
"10-Nov-2021","1,846.90","1,879.40","1,842.00","1,874.45","505,300"
"11-Nov-2021","1,877.80","1,893.00","1,831.80","1,844.35","945,543"
"12-Nov-2021","1,857.90","1,875.00","1,842.50","1,858.45","1,152,941"
"15-Nov-2021","1,859.05","1,889.95","1,840.05","1,855.85","651,129"
"16-Nov-2021","1,860.00","1,875.00","1,817.00","1,823.15","516,932"
"17-Nov-2021","1,825.30","1,825.30","1,786.65","1,792.65","666,765"
"18-Nov-2021","1,783.20","1,811.95","1,763.35","1,774.50","475,222"
"22-Nov-2021","1,769.45","1,798.30","1,750.00","1,778.30","745,137"
"23-Nov-2021","1,779.00","1,804.50","1,765.45","1,783.35","1,465,028"
"24-Nov-2021","1,790.00","1,793.95","1,734.10","1,746.95","695,846"
"25-Nov-2021","1,716.00","1,773.00","1,716.00","1,766.75","705,771"
"26-Nov-2021","1,757.30","1,757.85","1,679.00","1,690.10","748,265"
"29-Nov-2021","1,680.00","1,720.10","1,642.70","1,683.95","1,448,550"
"30-Nov-2021","1,680.00","1,709.65","1,650.30","1,662.45","1,643,449"
"01-Dec-2021","1,667.00","1,694.40","1,653.35","1,679.60","863,737"
"02-Dec-2021","1,676.60","1,750.05","1,673.45","1,723.85","980,913"
"03-Dec-2021","1,735.25","1,742.10","1,698.10","1,703.90","917,560"
"06-Dec-2021","1,701.00","1,718.60","1,657.15","1,660.75","847,880"
"07-Dec-2021","1,667.00","1,697.00","1,667.00","1,685.55","821,172"
"08-Dec-2021","1,700.00","1,742.00","1,694.00","1,716.25","1,004,508"
"09-Dec-2021","1,729.80","1,730.00","1,702.00","1,722.75","650,798"
"10-Dec-2021","1,715.00","1,757.20","1,715.00","1,749.20","969,438"
"13-Dec-2021","1,762.00","1,769.70","1,727.25","1,732.45","713,443"
"14-Dec-2021","1,715.00","1,744.90","1,710.45","1,722.00","612,932"
"15-Dec-2021","1,715.00","1,732.00","1,698.00","1,704.40","571,551"
"16-Dec-2021","1,711.90","1,739.85","1,701.90","1,717.30","883,358"
"17-Dec-2021","1,705.55","1,714.60","1,656.20","1,665.80","615,334"
"20-Dec-2021","1,655.80","1,655.80","1,601.00","1,616.45","944,832"
"21-Dec-2021","1,618.15","1,668.80","1,618.15","1,636.45","945,319"
"22-Dec-2021","1,647.90","1,662.00","1,629.20","1,638.60","895,467"
"23-Dec-2021","1,647.00","1,669.90","1,636.15","1,659.60","1,106,826"
"24-Dec-2021","1,660.20","1,668.00","1,595.25","1,610.90","1,119,890"
"27-Dec-2021","1,600.50","1,616.25","1,592.20","1,602.55","1,197,256"
"28-Dec-2021","1,617.00","1,639.40","1,612.00","1,621.95","1,427,238"
"29-Dec-2021","1,624.00","1,638.90","1,598.00","1,604.65","752,575"
"30-Dec-2021","1,605.00","1,620.30","1,587.55","1,593.65","1,160,926"
"31-Dec-2021","1,603.10","1,644.00","1,600.55","1,622.25","1,656,520"
"03-Jan-2022","1,629.75","1,666.85","1,617.00","1,661.60","626,473"
"04-Jan-2022","1,671.00","1,696.50","1,658.00","1,692.00","891,638"
"05-Jan-2022","1,685.00","1,753.10","1,684.00","1,747.05","1,764,235"
"06-Jan-2022","1,746.10","1,746.10","1,710.60","1,720.55","1,154,118"
"07-Jan-2022","1,722.00","1,807.00","1,722.00","1,797.65","2,894,295"
"10-Jan-2022","1,810.00","1,845.00","1,793.60","1,838.85","1,462,664"
"11-Jan-2022","1,834.15","1,871.00","1,821.00","1,846.90","1,410,909"
"12-Jan-2022","1,857.95","1,877.45","1,845.00","1,874.00","698,473"
"13-Jan-2022","1,880.00","1,883.00","1,850.00","1,856.85","841,198"
"14-Jan-2022","1,859.90","1,867.75","1,832.35","1,857.30","1,234,583"
"17-Jan-2022","1,857.30","1,929.00","1,846.00","1,918.70","1,251,260"
"18-Jan-2022","1,927.95","1,929.80","1,842.70","1,852.25","941,752"
"19-Jan-2022","1,845.00","1,863.90","1,796.30","1,806.50","806,090"
"20-Jan-2022","1,817.00","1,836.75","1,813.60","1,831.00","713,340"
"21-Jan-2022","1,829.00","1,829.00","1,779.00","1,792.10","524,966"
"24-Jan-2022","1,791.80","1,791.80","1,684.00","1,690.70","1,018,776"
"25-Jan-2022","1,668.60","1,726.20","1,658.05","1,721.30","834,681"
"27-Jan-2022","1,697.10","1,700.00","1,660.10","1,687.05","814,635"
"28-Jan-2022","1,700.00","1,736.35","1,691.05","1,697.00","1,137,085"
"31-Jan-2022","1,705.90","1,737.00","1,702.00","1,727.50","511,167"
"01-Feb-2022","1,736.60","1,776.95","1,717.10","1,771.35","1,140,710"
"02-Feb-2022","1,780.00","1,790.00","1,763.00","1,778.10","688,940"
"03-Feb-2022","1,779.05","1,786.00","1,722.00","1,732.70","480,434"
"04-Feb-2022","1,732.70","1,765.00","1,727.20","1,735.30","569,416"
"07-Feb-2022","1,725.05","1,749.65","1,700.00","1,712.35","481,298"
"08-Feb-2022","1,721.35","1,728.00","1,685.40","1,717.80","421,620"
"09-Feb-2022","1,718.10","1,746.00","1,713.00","1,739.70","454,006"
"10-Feb-2022","1,726.60","1,771.30","1,726.60","1,768.55","622,393"
"11-Feb-2022","1,750.00","1,760.00","1,702.00","1,710.15","983,623"
"14-Feb-2022","1,696.60","1,696.60","1,635.65","1,642.95","824,741"
"15-Feb-2022","1,659.30","1,715.80","1,618.05","1,712.10","1,194,854"
"16-Feb-2022","1,714.80","1,749.95","1,712.55","1,721.30","1,204,064"
"17-Feb-2022","1,737.95","1,751.80","1,700.00","1,711.25","1,067,390"
"18-Feb-2022","1,702.00","1,739.90","1,698.00","1,722.75","1,200,407"
"21-Feb-2022","1,704.00","1,736.75","1,687.35","1,692.45","1,031,646"
"22-Feb-2022","1,637.15","1,689.70","1,637.15","1,684.15","880,972"
"23-Feb-2022","1,690.10","1,704.00","1,663.15","1,669.80","673,096"
"24-Feb-2022","1,625.00","1,652.95","1,535.00","1,544.35","1,255,601"
"25-Feb-2022","1,580.00","1,598.80","1,560.15","1,567.85","1,121,363"
"28-Feb-2022","1,552.50","1,604.40","1,538.45","1,598.50","1,212,286"
"02-Mar-2022","1,572.00","1,582.75","1,538.50","1,548.50","1,146,391"
"03-Mar-2022","1,558.00","1,577.60","1,496.20","1,503.60","1,145,813"
"04-Mar-2022","1,485.00","1,514.90","1,447.00","1,477.60","1,627,383"
"07-Mar-2022","1,445.00","1,475.70","1,409.70","1,446.55","923,769"
"08-Mar-2022","1,440.00","1,465.70","1,407.20","1,458.20","816,447"
"09-Mar-2022","1,465.70","1,508.70","1,443.50","1,493.35","1,691,246"
"10-Mar-2022","1,550.00","1,575.00","1,531.10","1,554.90","1,486,312"
"11-Mar-2022","1,553.75","1,575.90","1,541.00","1,566.25","1,202,172"
"14-Mar-2022","1,556.20","1,583.95","1,545.90","1,577.50","548,042"
"15-Mar-2022","1,573.00","1,598.70","1,557.60","1,564.25","913,262"
"16-Mar-2022","1,579.55","1,615.85","1,576.20","1,604.05","1,401,061"
"17-Mar-2022","1,620.00","1,656.75","1,612.00","1,619.85","2,728,198"
"21-Mar-2022","1,607.00","1,614.45","1,556.45","1,569.45","1,286,325"
"22-Mar-2022","1,569.45","1,590.95","1,525.10","1,582.50","1,013,736"
"23-Mar-2022","1,594.50","1,595.00","1,564.30","1,582.10","841,284"
"24-Mar-2022","1,577.00","1,603.90","1,569.10","1,599.40","1,076,441"
"25-Mar-2022","1,601.50","1,612.00","1,574.20","1,591.05","660,227"
"28-Mar-2022","1,594.80","1,616.95","1,575.20","1,610.95","1,278,068"
"29-Mar-2022","1,619.00","1,638.60","1,606.95","1,623.70","1,737,040"
"30-Mar-2022","1,638.00","1,677.95","1,632.55","1,667.70","1,504,728"
"31-Mar-2022","1,670.00","1,678.60","1,650.30","1,664.00","778,296"
"01-Apr-2022","1,661.20","1,680.85","1,658.00","1,669.95","841,336"
"04-Apr-2022","1,667.00","1,688.00","1,659.00","1,679.70","805,053"
"05-Apr-2022","1,688.00","1,712.00","1,669.55","1,702.30","1,201,340"
"06-Apr-2022","1,700.00","1,717.30","1,693.45","1,699.75","446,989"
"07-Apr-2022","1,689.50","1,700.00","1,668.00","1,681.95","863,932"
"08-Apr-2022","1,676.00","1,785.80","1,676.00","1,771.25","2,498,083"
"11-Apr-2022","1,784.70","1,830.90","1,764.70","1,820.15","3,276,393"
"12-Apr-2022","1,802.00","1,815.00","1,750.00","1,755.50","1,501,833"
"13-Apr-2022","1,757.00","1,778.00","1,738.40","1,765.95","836,083"
"18-Apr-2022","1,761.00","1,767.30","1,725.10","1,741.30","464,736"
"19-Apr-2022","1,754.00","1,777.00","1,700.10","1,720.40","744,930"
"20-Apr-2022","1,718.30","1,759.00","1,717.05","1,736.60","675,445"
"21-Apr-2022","1,745.00","1,769.95","1,734.50","1,764.25","708,186"
"22-Apr-2022","1,748.00","1,754.00","1,710.00","1,716.85","896,489"
"25-Apr-2022","1,688.00","1,705.85","1,678.35","1,693.70","451,520"
"26-Apr-2022","1,705.00","1,730.00","1,695.00","1,718.00","750,449"
"27-Apr-2022","1,696.00","1,709.50","1,677.00","1,700.20","424,389"
"28-Apr-2022","1,717.00","1,721.00","1,690.00","1,711.90","811,211"
"29-Apr-2022","1,716.40","1,738.55","1,685.10","1,692.30","1,111,147"
"02-May-2022","1,676.00","1,688.95","1,657.20","1,679.55","437,101"
"04-May-2022","1,680.10","1,703.50","1,615.35","1,622.25","605,289"
"05-May-2022","1,631.95","1,644.90","1,601.50","1,606.90","522,780"
"06-May-2022","1,590.40","1,604.40","1,551.05","1,565.60","525,582"
"09-May-2022","1,549.95","1,573.65","1,536.60","1,551.75","961,587"
"10-May-2022","1,551.00","1,575.85","1,534.40","1,542.10","853,249"
"11-May-2022","1,542.00","1,563.70","1,508.05","1,535.35","836,760"
"12-May-2022","1,527.00","1,530.00","1,463.25","1,485.85","690,847"
"13-May-2022","1,503.60","1,517.95","1,465.95","1,475.10","487,457"
"16-May-2022","1,475.00","1,496.90","1,437.60","1,452.25","811,126"
"17-May-2022","1,456.00","1,490.00","1,448.05","1,481.40","769,192"
"18-May-2022","1,490.00","1,509.35","1,476.15","1,487.35","772,990"
"19-May-2022","1,470.00","1,470.95","1,446.55","1,457.80","523,734"
"20-May-2022","1,472.00","1,522.00","1,468.25","1,488.35","642,521"
"23-May-2022","1,486.00","1,510.45","1,452.00","1,457.40","955,989"
"24-May-2022","1,458.00","1,467.00","1,380.00","1,402.75","1,855,852"
"25-May-2022","1,400.00","1,444.70","1,356.80","1,375.55","3,377,553"
"26-May-2022","1,392.00","1,400.85","1,340.25","1,392.55","1,556,591"
"27-May-2022","1,410.00","1,422.95","1,378.05","1,396.70","1,269,670"
"30-May-2022","1,410.00","1,449.00","1,403.10","1,441.00","781,271"
"31-May-2022","1,448.25","1,455.25","1,419.85","1,428.60","2,025,958"
"01-Jun-2022","1,425.00","1,450.00","1,412.60","1,436.55","867,697"
"02-Jun-2022","1,449.00","1,449.00","1,415.60","1,432.55","885,275"
"03-Jun-2022","1,435.00","1,441.55","1,330.05","1,339.45","4,810,328"
"06-Jun-2022","1,334.00","1,340.00","1,310.00","1,326.70","2,354,966"
"07-Jun-2022","1,315.00","1,337.00","1,297.50","1,326.65","2,003,516"
"08-Jun-2022","1,337.00","1,355.00","1,307.45","1,328.75","2,660,549"
"09-Jun-2022","1,327.00","1,327.00","1,302.00","1,309.10","1,355,442"
"10-Jun-2022","1,290.00","1,331.80","1,286.05","1,326.50","1,145,407"
"13-Jun-2022","1,300.00","1,315.45","1,285.65","1,292.55","1,199,249"
"14-Jun-2022","1,299.00","1,321.55","1,286.10","1,309.35","1,065,582"
"15-Jun-2022","1,319.35","1,341.00","1,307.95","1,331.70","1,057,944"
"16-Jun-2022","1,345.00","1,347.90","1,278.05","1,285.05","950,822"
"17-Jun-2022","1,286.90","1,306.75","1,276.60","1,290.05","1,023,071"
"20-Jun-2022","1,290.10","1,321.50","1,285.00","1,316.00","668,116"
"21-Jun-2022","1,331.00","1,340.00","1,316.55","1,334.10","579,716"
"22-Jun-2022","1,328.10","1,331.00","1,310.75","1,324.90","504,441"
"23-Jun-2022","1,334.00","1,341.80","1,299.10","1,316.05","826,538"
"24-Jun-2022","1,320.45","1,340.00","1,311.25","1,323.25","758,735"
"27-Jun-2022","1,340.00","1,355.30","1,332.00","1,349.30","1,122,967"
"28-Jun-2022","1,344.00","1,353.85","1,326.70","1,343.05","658,414"
"29-Jun-2022","1,330.40","1,359.90","1,318.80","1,323.25","1,549,975"
"30-Jun-2022","1,331.40","1,337.35","1,310.10","1,320.75","1,133,582"
"01-Jul-2022","1,320.00","1,350.00","1,305.30","1,347.25","516,506"
"04-Jul-2022","1,340.00","1,357.60","1,331.60","1,350.80","784,026"
"05-Jul-2022","1,355.00","1,377.80","1,345.40","1,349.75","702,050"
"06-Jul-2022","1,359.15","1,375.20","1,345.60","1,369.65","706,238"
"07-Jul-2022","1,382.00","1,391.90","1,368.05","1,374.85","544,343"
"08-Jul-2022","1,382.20","1,407.00","1,382.20","1,391.35","1,075,544"
"11-Jul-2022","1,388.05","1,411.00","1,374.00","1,406.00","758,222"
"12-Jul-2022","1,391.25","1,401.25","1,376.30","1,380.05","317,577"
"13-Jul-2022","1,391.80","1,406.20","1,388.30","1,399.15","468,626"
"14-Jul-2022","1,403.00","1,408.00","1,380.60","1,391.80","379,336"
"15-Jul-2022","1,398.80","1,407.00","1,388.90","1,398.20","287,642"
"18-Jul-2022","1,409.00","1,431.10","1,406.10","1,428.30","603,707"
"19-Jul-2022","1,418.00","1,445.95","1,418.00","1,442.20","761,726"
"20-Jul-2022","1,464.85","1,464.95","1,438.00","1,441.65","807,206"
"21-Jul-2022","1,445.00","1,467.80","1,442.15","1,464.60","777,037"
"22-Jul-2022","1,465.00","1,530.00","1,457.10","1,521.35","1,643,539"
"25-Jul-2022","1,521.35","1,521.35","1,481.90","1,498.50","1,200,512"
"26-Jul-2022","1,498.50","1,517.45","1,485.10","1,514.85","878,756"
"27-Jul-2022","1,513.80","1,561.80","1,512.95","1,546.85","1,281,982"
"28-Jul-2022","1,556.00","1,567.05","1,538.05","1,550.60","962,267"
"29-Jul-2022","1,556.45","1,587.70","1,555.10","1,573.00","801,509"
"01-Aug-2022","1,576.40","1,589.35","1,560.05","1,568.40","554,356"
"02-Aug-2022","1,560.05","1,594.50","1,552.00","1,589.85","904,056"
"03-Aug-2022","1,592.10","1,604.55","1,567.60","1,586.85","537,627"
"04-Aug-2022","1,599.85","1,601.70","1,561.20","1,579.35","717,708"
"05-Aug-2022","1,587.25","1,615.90","1,582.10","1,598.30","947,343"
"08-Aug-2022","1,597.50","1,607.05","1,585.00","1,598.65","459,835"
"10-Aug-2022","1,595.10","1,616.20","1,586.50","1,610.90","565,399"
"11-Aug-2022","1,620.00","1,620.05","1,593.00","1,600.05","450,192"
"12-Aug-2022","1,608.10","1,653.00","1,590.00","1,622.60","1,796,597"
"16-Aug-2022","1,631.50","1,634.85","1,542.65","1,591.55","1,425,869"
"17-Aug-2022","1,600.00","1,638.95","1,596.05","1,616.55","1,048,370"
"18-Aug-2022","1,608.00","1,621.60","1,586.00","1,613.75","1,006,971"
"19-Aug-2022","1,619.95","1,622.00","1,594.10","1,605.85","812,320"
"22-Aug-2022","1,599.00","1,599.00","1,553.75","1,564.10","958,753"
"23-Aug-2022","1,558.00","1,607.50","1,546.95","1,595.45","1,871,015"
"24-Aug-2022","1,595.00","1,617.15","1,575.05","1,612.25","904,403"
"25-Aug-2022","1,617.00","1,647.40","1,616.05","1,624.85","868,700"
"26-Aug-2022","1,629.95","1,687.45","1,629.95","1,675.25","1,347,528"
"29-Aug-2022","1,634.00","1,682.00","1,614.10","1,664.05","1,003,469"
"30-Aug-2022","1,670.20","1,692.00","1,670.20","1,678.65","826,762"
"01-Sep-2022","1,660.50","1,706.45","1,660.40","1,685.00","1,363,522"
"02-Sep-2022","1,685.40","1,697.50","1,670.05","1,687.90","599,035"
"05-Sep-2022","1,692.95","1,714.25","1,680.00","1,710.75","787,306"
"06-Sep-2022","1,704.00","1,730.75","1,704.00","1,723.05","830,524"
"07-Sep-2022","1,710.00","1,755.00","1,710.00","1,750.15","797,671"
"08-Sep-2022","1,757.30","1,772.50","1,750.05","1,769.85","606,324"
"09-Sep-2022","1,772.50","1,797.80","1,742.25","1,748.25","692,961"
"12-Sep-2022","1,747.00","1,772.00","1,747.00","1,768.45","418,421"
"13-Sep-2022","1,771.00","1,808.65","1,771.00","1,789.65","808,960"
"14-Sep-2022","1,764.00","1,798.85","1,764.00","1,782.80","707,736"
"15-Sep-2022","1,786.00","1,816.25","1,776.90","1,808.30","1,073,804"
"16-Sep-2022","1,799.90","1,806.00","1,725.90","1,744.60","1,027,697"
"19-Sep-2022","1,740.00","1,762.95","1,726.60","1,749.35","515,331"
"20-Sep-2022","1,760.00","1,767.95","1,731.20","1,741.65","1,019,080"
"21-Sep-2022","1,739.00","1,749.30","1,710.00","1,719.85","1,127,505"
"22-Sep-2022","1,719.85","1,736.00","1,696.80","1,732.70","476,080"
"23-Sep-2022","1,733.00","1,734.50","1,690.00","1,697.40","636,418"
"26-Sep-2022","1,677.05","1,693.00","1,652.50","1,665.45","780,954"
"27-Sep-2022","1,665.00","1,696.95","1,643.95","1,682.50","569,269"
"28-Sep-2022","1,665.00","1,687.75","1,654.30","1,669.15","548,119"
"29-Sep-2022","1,677.50","1,689.85","1,651.30","1,655.80","541,780"
"30-Sep-2022","1,683.00","1,697.00","1,653.95","1,674.85","812,035"
"03-Oct-2022","1,671.00","1,681.45","1,628.05","1,636.45","472,998"
"04-Oct-2022","1,667.80","1,688.60","1,651.40","1,683.90","513,621"
"06-Oct-2022","1,692.35","1,705.00","1,675.00","1,683.10","613,655"
"07-Oct-2022","1,675.00","1,702.90","1,655.00","1,697.90","688,616"
"10-Oct-2022","1,682.00","1,687.95","1,657.20","1,673.95","768,330"
"11-Oct-2022","1,681.20","1,682.00","1,637.20","1,644.50","407,835"
"12-Oct-2022","1,652.00","1,677.00","1,631.30","1,671.65","410,530"
"13-Oct-2022","1,670.20","1,684.75","1,640.00","1,679.75","748,089"
"14-Oct-2022","1,699.00","1,715.25","1,687.80","1,695.55","565,937"
"17-Oct-2022","1,690.00","1,709.00","1,675.25","1,691.15","708,434"
"18-Oct-2022","1,699.65","1,700.70","1,680.30","1,688.25","469,877"
"19-Oct-2022","1,691.00","1,712.65","1,677.50","1,684.35","1,078,290"
"20-Oct-2022","1,683.45","1,694.75","1,668.15","1,688.95","428,929"
"21-Oct-2022","1,689.95","1,714.95","1,669.20","1,677.05","469,610"
"24-Oct-2022","1,695.00","1,708.00","1,690.00","1,699.05","56,066"
"25-Oct-2022","1,696.50","1,729.00","1,692.90","1,714.70","705,866"
"27-Oct-2022","1,729.80","1,740.50","1,720.85","1,724.45","566,528"
"28-Oct-2022","1,729.90","1,738.00","1,671.90","1,684.20","442,004"
"31-Oct-2022","1,692.65","1,730.00","1,688.50","1,721.70","591,913"
"01-Nov-2022","1,728.20","1,770.00","1,728.20","1,761.30","859,226"
"02-Nov-2022","1,761.30","1,782.95","1,752.00","1,760.05","679,409"
"03-Nov-2022","1,750.10","1,771.95","1,735.55","1,745.65","369,474"
"04-Nov-2022","1,751.00","1,772.00","1,743.05","1,765.10","444,025"
"07-Nov-2022","1,771.00","1,795.10","1,762.35","1,775.20","769,081"
"09-Nov-2022","1,793.95","1,793.95","1,733.35","1,745.50","614,537"
"10-Nov-2022","1,740.00","1,740.10","1,695.75","1,704.55","611,002"
"11-Nov-2022","1,713.10","1,738.90","1,695.55","1,708.45","1,078,818"
"14-Nov-2022","1,711.00","1,756.90","1,707.25","1,748.50","1,565,139"
"15-Nov-2022","1,748.50","1,756.45","1,711.10","1,733.50","1,009,398"
"16-Nov-2022","1,736.00","1,749.95","1,705.00","1,727.50","900,242"
"17-Nov-2022","1,723.90","1,723.90","1,697.00","1,710.65","635,825"
"18-Nov-2022","1,714.00","1,723.45","1,681.30","1,708.85","750,559"
"21-Nov-2022","1,699.45","1,708.00","1,676.00","1,682.40","415,891"
"22-Nov-2022","1,687.80","1,716.85","1,682.00","1,699.70","789,511"
"23-Nov-2022","1,704.90","1,713.65","1,693.60","1,702.55","513,944"
"24-Nov-2022","1,709.90","1,733.70","1,698.00","1,723.45","857,833"
"25-Nov-2022","1,730.00","1,739.00","1,705.95","1,735.15","581,855"
"28-Nov-2022","1,723.25","1,743.95","1,713.55","1,716.95","408,790"
"29-Nov-2022","1,720.00","1,732.00","1,714.65","1,719.15","492,703"
"30-Nov-2022","1,725.20","1,768.60","1,725.20","1,759.75","1,133,250"
"01-Dec-2022","1,770.00","1,807.40","1,760.00","1,799.95","895,030"
"02-Dec-2022","1,796.80","1,824.70","1,786.00","1,819.65","1,352,278"
"05-Dec-2022","1,827.80","1,837.00","1,812.80","1,816.15","833,967"
"06-Dec-2022","1,814.00","1,830.00","1,800.00","1,826.05","628,566"
"07-Dec-2022","1,837.00","1,839.50","1,800.00","1,808.20","654,973"
"08-Dec-2022","1,808.20","1,825.30","1,806.05","1,812.45","333,055"
"09-Dec-2022","1,819.45","1,835.55","1,788.30","1,799.90","521,160"
"12-Dec-2022","1,803.00","1,819.20","1,776.05","1,815.30","455,921"
"13-Dec-2022","1,817.00","1,825.00","1,802.70","1,810.80","450,664"
"14-Dec-2022","1,815.00","1,833.95","1,811.25","1,821.85","533,743"
"15-Dec-2022","1,822.80","1,825.30","1,778.00","1,786.90","317,751"
"16-Dec-2022","1,779.00","1,790.10","1,752.00","1,756.35","709,051"
"19-Dec-2022","1,752.00","1,769.90","1,744.00","1,765.80","311,950"
"20-Dec-2022","1,762.00","1,763.95","1,729.65","1,758.95","441,273"
"21-Dec-2022","1,760.55","1,772.40","1,727.85","1,732.90","409,915"
"22-Dec-2022","1,746.00","1,755.75","1,726.05","1,744.85","419,967"
"23-Dec-2022","1,725.00","1,745.90","1,704.95","1,709.10","357,278"
"26-Dec-2022","1,711.60","1,741.00","1,704.00","1,729.05","384,118"
"27-Dec-2022","1,737.70","1,748.80","1,728.05","1,739.40","235,642"
"28-Dec-2022","1,731.00","1,768.10","1,731.00","1,752.55","361,338"
"29-Dec-2022","1,745.90","1,760.00","1,721.00","1,752.75","382,979"
"30-Dec-2022","1,755.35","1,771.45","1,718.15","1,723.50","295,678"
"02-Jan-2023","1,725.40","1,748.00","1,720.00","1,731.30","310,889"
"03-Jan-2023","1,724.50","1,742.30","1,712.40","1,717.05","546,528"
"04-Jan-2023","1,722.40","1,728.00","1,685.50","1,690.30","434,242"
"05-Jan-2023","1,698.80","1,707.85","1,676.55","1,698.30","485,255"
"06-Jan-2023","1,698.90","1,699.65","1,665.00","1,680.60","584,894"
"09-Jan-2023","1,699.90","1,699.90","1,662.50","1,673.60","653,830"
"10-Jan-2023","1,673.95","1,684.70","1,633.20","1,651.00","592,158"
"11-Jan-2023","1,651.50","1,658.85","1,628.10","1,635.05","643,774"
"12-Jan-2023","1,639.60","1,665.00","1,632.10","1,642.40","905,079"
"13-Jan-2023","1,648.45","1,671.45","1,641.15","1,655.10","635,356"
"16-Jan-2023","1,659.50","1,668.40","1,640.00","1,648.50","359,143"
"17-Jan-2023","1,642.00","1,666.00","1,642.00","1,660.70","512,958"
"18-Jan-2023","1,668.00","1,686.80","1,663.95","1,676.50","714,139"
"19-Jan-2023","1,674.00","1,693.00","1,668.65","1,676.90","621,705"
"20-Jan-2023","1,676.90","1,687.45","1,652.25","1,655.35","315,787"
"23-Jan-2023","1,663.00","1,667.80","1,615.35","1,631.30","672,395"
"24-Jan-2023","1,634.00","1,637.95","1,593.20","1,603.20","449,028"
"25-Jan-2023","1,603.20","1,610.95","1,582.25","1,593.75","501,553"
"27-Jan-2023","1,593.95","1,602.50","1,549.50","1,578.45","911,880"
"30-Jan-2023","1,579.85","1,606.35","1,566.00","1,598.60","465,449"
"31-Jan-2023","1,602.45","1,621.00","1,583.10","1,590.20","1,528,204"
"01-Feb-2023","1,593.00","1,623.00","1,566.05","1,587.80","739,030"
"02-Feb-2023","1,575.00","1,603.45","1,562.70","1,598.75","718,483"
"03-Feb-2023","1,600.00","1,619.05","1,575.85","1,616.35","751,430"
"06-Feb-2023","1,617.80","1,621.15","1,597.10","1,618.10","497,081"
"07-Feb-2023","1,619.60","1,632.65","1,607.35","1,616.30","592,717"
"08-Feb-2023","1,616.95","1,641.00","1,615.75","1,636.55","511,886"
"09-Feb-2023","1,636.55","1,662.00","1,627.65","1,643.45","1,018,831"
"10-Feb-2023","1,640.00","1,642.35","1,622.50","1,635.30","331,940"
"13-Feb-2023","1,635.00","1,643.20","1,617.60","1,622.30","241,644"
"14-Feb-2023","1,623.00","1,627.75","1,578.40","1,604.70","1,046,887"
"15-Feb-2023","1,604.70","1,640.00","1,598.15","1,626.15","641,985"
"16-Feb-2023","1,632.20","1,642.70","1,616.95","1,629.65","311,183"
"17-Feb-2023","1,625.10","1,668.80","1,621.95","1,642.95","873,623"
"20-Feb-2023","1,644.00","1,650.30","1,622.15","1,632.00","445,964"
"21-Feb-2023","1,635.00","1,658.90","1,625.20","1,633.15","537,330"
"22-Feb-2023","1,634.25","1,634.25","1,570.60","1,574.15","1,052,145"
"23-Feb-2023","1,582.00","1,588.50","1,568.15","1,580.35","483,615"
"24-Feb-2023","1,580.60","1,594.50","1,571.10","1,575.20","389,169"
"27-Feb-2023","1,581.00","1,584.95","1,554.05","1,571.60","395,928"
"28-Feb-2023","1,578.00","1,584.45","1,558.10","1,578.55","739,148"
"01-Mar-2023","1,568.00","1,598.00","1,568.00","1,593.65","286,958"
"02-Mar-2023","1,594.00","1,602.00","1,588.00","1,598.50","284,986"
"03-Mar-2023","1,602.00","1,611.95","1,590.55","1,596.25","608,832"
"06-Mar-2023","1,599.95","1,611.00","1,596.00","1,598.55","329,354"
"08-Mar-2023","1,599.00","1,609.00","1,594.75","1,601.10","433,848"
"09-Mar-2023","1,601.10","1,608.75","1,585.50","1,601.25","301,702"
"10-Mar-2023","1,585.00","1,606.75","1,583.15","1,595.90","456,771"
"13-Mar-2023","1,602.00","1,618.15","1,549.10","1,562.05","801,605"
"14-Mar-2023","1,569.85","1,569.85","1,541.30","1,561.20","505,806"
"15-Mar-2023","1,562.00","1,579.45","1,546.45","1,550.60","549,477"
"16-Mar-2023","1,558.25","1,566.70","1,527.05","1,560.45","581,059"
"17-Mar-2023","1,570.00","1,592.35","1,556.00","1,585.25","695,861"
"20-Mar-2023","1,551.00","1,599.00","1,551.00","1,592.80","528,418"
"21-Mar-2023","1,600.00","1,609.00","1,587.75","1,606.20","568,561"
"22-Mar-2023","1,610.00","1,616.00","1,598.30","1,612.90","295,100"
"23-Mar-2023","1,609.90","1,620.00","1,600.00","1,605.95","312,687"
"24-Mar-2023","1,605.00","1,608.45","1,587.30","1,594.30","373,052"
"27-Mar-2023","1,585.20","1,647.95","1,585.20","1,630.95","627,715"
"28-Mar-2023","1,623.00","1,641.70","1,601.60","1,611.10","580,459"
"29-Mar-2023","1,619.20","1,637.85","1,611.10","1,631.70","575,470"
"31-Mar-2023","1,635.70","1,651.65","1,628.60","1,632.70","780,027"
"03-Apr-2023","1,629.80","1,641.60","1,620.15","1,627.95","763,094"
"05-Apr-2023","1,630.00","1,664.55","1,614.25","1,659.25","1,438,018"
"06-Apr-2023","1,664.15","1,674.00","1,650.30","1,669.05","638,863"
"10-Apr-2023","1,674.95","1,714.10","1,670.05","1,710.25","825,710"
"11-Apr-2023","1,709.80","1,721.55","1,695.60","1,711.10","435,839"
"12-Apr-2023","1,715.50","1,741.30","1,711.50","1,717.45","658,775"
"13-Apr-2023","1,717.00","1,719.05","1,691.30","1,701.10","257,830"
"17-Apr-2023","1,689.05","1,728.50","1,689.05","1,723.65","720,398"
"18-Apr-2023","1,729.95","1,735.65","1,698.55","1,704.95","331,404"
"19-Apr-2023","1,709.55","1,712.00","1,680.95","1,690.10","312,026"
"20-Apr-2023","1,698.30","1,698.30","1,680.00","1,687.45","198,674"
"21-Apr-2023","1,685.75","1,692.00","1,656.65","1,661.95","324,860"
"24-Apr-2023","1,662.00","1,693.25","1,655.70","1,689.30","373,266"
"25-Apr-2023","1,686.20","1,703.45","1,684.20","1,686.85","359,687"
"26-Apr-2023","1,686.85","1,705.00","1,673.10","1,699.15","680,706"
"27-Apr-2023","1,695.00","1,705.65","1,682.15","1,701.40","529,288"
"28-Apr-2023","1,705.00","1,724.95","1,695.00","1,720.30","599,262"
"02-May-2023","1,720.30","1,743.80","1,715.55","1,739.55","394,867"
"03-May-2023","1,725.00","1,738.65","1,723.05","1,735.90","346,767"
"04-May-2023","1,729.30","1,763.00","1,720.10","1,759.85","589,168"
"05-May-2023","1,751.75","1,767.20","1,746.00","1,752.50","335,545"
"08-May-2023","1,753.75","1,785.00","1,752.20","1,778.35","755,978"
"09-May-2023","1,781.00","1,788.25","1,757.55","1,764.90","733,053"
"10-May-2023","1,764.90","1,779.35","1,751.30","1,774.40","284,667"
"11-May-2023","1,774.40","1,784.00","1,765.00","1,774.15","271,131"
"12-May-2023","1,773.00","1,773.00","1,751.10","1,753.85","304,133"
"15-May-2023","1,754.00","1,761.75","1,730.20","1,733.35","447,150"
"16-May-2023","1,735.65","1,745.05","1,722.85","1,727.15","209,055"
"17-May-2023","1,729.30","1,738.75","1,703.65","1,724.85","376,204"
"18-May-2023","1,729.30","1,733.00","1,696.75","1,705.70","231,750"
"19-May-2023","1,710.00","1,723.95","1,685.00","1,716.10","241,696"
"22-May-2023","1,713.10","1,726.90","1,704.90","1,718.35","262,819"
"23-May-2023","1,717.00","1,720.45","1,688.00","1,697.95","944,523"
"24-May-2023","1,695.00","1,709.50","1,681.00","1,700.35","441,145"
"25-May-2023","1,694.95","1,711.95","1,691.00","1,701.35","688,926"
"26-May-2023","1,701.90","1,717.85","1,667.00","1,688.30","1,938,811"
"29-May-2023","1,688.30","1,715.35","1,676.10","1,713.30","667,890"
"30-May-2023","1,714.00","1,732.45","1,713.00","1,725.15","454,164"
"31-May-2023","1,723.50","1,733.50","1,696.15","1,718.35","1,212,477"
"01-Jun-2023","1,715.00","1,720.00","1,700.00","1,702.45","378,694"
"02-Jun-2023","1,708.05","1,719.00","1,700.00","1,710.55","578,853"
"05-Jun-2023","1,719.00","1,744.50","1,712.00","1,734.50","767,386"
"06-Jun-2023","1,739.90","1,775.00","1,737.45","1,766.40","1,028,018"
"07-Jun-2023","1,768.80","1,772.40","1,749.55","1,769.05","754,213"
"08-Jun-2023","1,772.00","1,776.15","1,708.95","1,711.95","743,218"
"09-Jun-2023","1,723.00","1,737.80","1,710.30","1,715.75","486,894"
"12-Jun-2023","1,724.40","1,735.20","1,711.05","1,731.40","247,579"
"13-Jun-2023","1,735.00","1,747.00","1,728.85","1,737.95","354,691"
"14-Jun-2023","1,745.00","1,784.80","1,737.00","1,779.35","811,120"
"15-Jun-2023","1,789.00","1,799.90","1,760.50","1,772.50","962,821"
"16-Jun-2023","1,778.40","1,789.75","1,771.05","1,780.75","965,707"
"19-Jun-2023","1,789.25","1,794.55","1,754.10","1,761.30","539,320"
"20-Jun-2023","1,767.00","1,772.75","1,744.75","1,769.10","461,598"
"21-Jun-2023","1,770.00","1,780.00","1,757.00","1,777.90","331,653"
"22-Jun-2023","1,786.10","1,790.00","1,746.65","1,750.30","410,910"
"23-Jun-2023","1,749.95","1,749.95","1,711.20","1,716.10","342,149"
"26-Jun-2023","1,716.00","1,731.05","1,696.00","1,726.80","385,574"
"27-Jun-2023","1,726.05","1,736.50","1,713.40","1,733.15","337,457"
"28-Jun-2023","1,735.95","1,754.70","1,734.00","1,743.10","1,026,615"
"30-Jun-2023","1,745.00","1,757.95","1,730.75","1,734.65","451,355"
"03-Jul-2023","1,750.00","1,798.00","1,736.10","1,793.70","1,082,940"
"04-Jul-2023","1,800.00","1,805.00","1,758.70","1,769.55","668,555"
"05-Jul-2023","1,770.00","1,784.30","1,763.65","1,777.90","399,016"
"06-Jul-2023","1,777.90","1,783.80","1,765.00","1,768.05","359,336"
"07-Jul-2023","1,768.05","1,770.70","1,737.00","1,743.30","552,695"
"10-Jul-2023","1,754.85","1,759.25","1,733.25","1,743.00","452,115"
"11-Jul-2023","1,743.80","1,773.95","1,743.80","1,767.70","576,639"
"12-Jul-2023","1,767.65","1,784.40","1,757.05","1,777.85","788,153"
"13-Jul-2023","1,779.00","1,783.90","1,753.50","1,759.80","334,231"
"14-Jul-2023","1,762.55","1,768.95","1,743.65","1,753.20","407,663"
"17-Jul-2023","1,753.20","1,795.00","1,748.60","1,793.05","919,656"
"18-Jul-2023","1,790.05","1,799.00","1,767.85","1,775.05","745,036"
"19-Jul-2023","1,772.10","1,788.55","1,770.70","1,784.20","434,032"
"20-Jul-2023","1,785.00","1,823.10","1,777.05","1,819.45","853,096"
"21-Jul-2023","1,820.00","1,824.95","1,790.00","1,804.60","779,636"
"24-Jul-2023","1,796.00","1,842.80","1,790.05","1,813.05","779,732"
"25-Jul-2023","1,814.00","1,842.80","1,812.05","1,829.05","470,519"
"26-Jul-2023","1,833.00","1,849.00","1,829.10","1,839.10","462,059"
"27-Jul-2023","1,842.15","1,848.75","1,815.00","1,822.50","538,138"
"28-Jul-2023","1,818.50","1,834.90","1,810.00","1,823.80","491,289"
"31-Jul-2023","1,830.00","1,854.70","1,820.80","1,849.45","597,240"
"01-Aug-2023","1,852.00","1,855.00","1,824.65","1,837.70","510,537"
"02-Aug-2023","1,832.70","1,839.90","1,806.05","1,821.00","647,802"
"03-Aug-2023","1,808.00","1,834.60","1,794.20","1,830.55","661,829"
"04-Aug-2023","1,830.55","1,845.95","1,820.15","1,825.45","324,658"
"07-Aug-2023","1,826.90","1,864.95","1,826.05","1,855.60","966,616"
"08-Aug-2023","1,857.70","1,868.40","1,831.80","1,844.45","480,042"
"09-Aug-2023","1,844.95","1,849.95","1,827.45","1,845.65","527,765"
"10-Aug-2023","1,835.10","1,855.00","1,824.05","1,830.30","700,514"
"11-Aug-2023","1,828.80","1,840.00","1,808.50","1,827.55","746,178"
"14-Aug-2023","1,824.95","1,835.00","1,793.80","1,811.75","528,132"
"16-Aug-2023","1,812.00","1,820.00","1,785.55","1,816.90","397,750"
"17-Aug-2023","1,810.00","1,812.45","1,793.70","1,800.85","495,104"
"18-Aug-2023","1,795.00","1,800.85","1,785.65","1,790.95","439,611"
"21-Aug-2023","1,790.95","1,813.00","1,790.00","1,808.40","266,387"
"22-Aug-2023","1,810.00","1,825.00","1,798.05","1,805.80","364,666"
"23-Aug-2023","1,810.00","1,815.00","1,793.00","1,797.65","416,515"
"24-Aug-2023","1,805.00","1,813.45","1,771.00","1,778.05","921,003"
"25-Aug-2023","1,760.00","1,782.65","1,758.05","1,776.25","656,660"
"28-Aug-2023","1,777.95","1,790.00","1,768.30","1,784.65","770,162"
"29-Aug-2023","1,785.00","1,806.95","1,779.10","1,801.80","640,851"
"30-Aug-2023","1,805.00","1,824.90","1,799.85","1,806.65","473,306"
"31-Aug-2023","1,806.65","1,819.00","1,781.85","1,790.95","1,244,802"
"01-Sep-2023","1,790.00","1,825.00","1,787.90","1,811.50","420,245"
"04-Sep-2023","1,815.05","1,850.70","1,815.00","1,841.05","944,090"
"05-Sep-2023","1,852.45","1,872.00","1,844.50","1,853.80","881,175"
"06-Sep-2023","1,855.00","1,859.00","1,817.00","1,838.50","596,020"
"07-Sep-2023","1,832.00","1,851.10","1,825.55","1,847.40","408,187"
"08-Sep-2023","1,847.40","1,856.25","1,840.10","1,849.75","364,113"
"11-Sep-2023","1,849.75","1,869.10","1,845.80","1,862.35","432,130"
"12-Sep-2023","1,865.00","1,920.00","1,836.00","1,870.95","1,850,845"
"13-Sep-2023","1,879.00","1,946.50","1,855.65","1,933.00","2,885,260"
"14-Sep-2023","1,943.00","1,954.00","1,918.55","1,931.60","1,221,120"
"15-Sep-2023","1,942.00","1,987.95","1,932.75","1,972.85","1,666,149"
"18-Sep-2023","1,980.00","1,988.10","1,953.00","1,957.45","679,771"
"20-Sep-2023","1,957.45","1,960.00","1,930.00","1,944.70","579,726"
"21-Sep-2023","1,932.10","1,940.00","1,896.10","1,911.50","998,239"
"22-Sep-2023","1,906.70","1,928.95","1,889.30","1,911.95","676,037"
"25-Sep-2023","1,911.95","1,945.95","1,901.90","1,939.85","759,914"
"26-Sep-2023","1,944.95","1,959.90","1,936.25","1,958.00","657,206"
"27-Sep-2023","1,966.85","1,966.85","1,923.05","1,931.10","508,577"
"28-Sep-2023","1,930.00","1,937.95","1,896.60","1,906.50","723,860"
"29-Sep-2023","1,909.70","1,951.00","1,909.65","1,942.40","801,073"
"03-Oct-2023","1,928.10","1,939.00","1,906.65","1,921.45","593,677"
"04-Oct-2023","1,906.00","1,910.00","1,877.05","1,895.85","690,407"
"05-Oct-2023","1,897.10","1,909.00","1,881.00","1,890.15","546,881"
"06-Oct-2023","1,890.10","1,905.90","1,890.00","1,903.30","401,355"
"09-Oct-2023","1,890.05","1,896.90","1,875.10","1,889.00","345,924"
"10-Oct-2023","1,892.95","1,922.50","1,886.50","1,918.90","357,318"
"11-Oct-2023","1,935.95","1,982.40","1,923.60","1,980.10","910,743"
"12-Oct-2023","1,990.90","2,022.00","1,966.85","2,001.80","2,100,421"
"13-Oct-2023","1,995.95","2,000.70","1,974.35","1,982.60","306,452"
"16-Oct-2023","1,982.60","2,000.00","1,958.00","1,973.70","665,667"
"17-Oct-2023","2,000.00","2,020.15","1,958.05","1,974.45","1,311,374"
"18-Oct-2023","1,970.10","1,990.95","1,951.00","1,955.70","582,943"
"19-Oct-2023","1,952.05","1,978.85","1,927.80","1,975.70","709,987"
"20-Oct-2023","1,972.40","1,977.15","1,939.35","1,946.35","490,027"
"23-Oct-2023","1,939.20","1,939.20","1,885.00","1,902.75","874,725"
"25-Oct-2023","1,901.10","1,920.05","1,868.95","1,877.45","735,409"
"26-Oct-2023","1,867.10","1,874.00","1,839.55","1,849.55","1,136,566"
"27-Oct-2023","1,857.05","1,870.00","1,850.10","1,856.00","288,384"
"30-Oct-2023","1,856.00","1,882.30","1,828.05","1,878.80","512,491"
"31-Oct-2023","1,880.10","1,891.95","1,865.00","1,886.70","290,022"
"01-Nov-2023","1,894.00","1,897.00","1,861.40","1,868.55","347,623"
"02-Nov-2023","1,878.65","1,900.95","1,878.65","1,897.75","320,757"
"03-Nov-2023","1,903.50","1,915.00","1,890.35","1,896.20","233,627"
"06-Nov-2023","1,902.10","1,936.55","1,896.20","1,918.70","291,139"
"07-Nov-2023","1,920.00","1,929.95","1,912.05","1,921.55","222,145"
"08-Nov-2023","1,929.00","1,943.00","1,920.00","1,933.85","425,565"
"09-Nov-2023","1,937.40","1,944.55","1,930.00","1,935.00","288,817"
"10-Nov-2023","1,930.05","1,947.80","1,921.20","1,943.00","192,889"
"12-Nov-2023","1,949.90","1,949.90","1,941.75","1,946.10","51,329"
"13-Nov-2023","1,945.90","1,945.90","1,922.00","1,928.85","213,338"
"15-Nov-2023","1,947.00","1,964.30","1,935.00","1,943.95","968,317"
"16-Nov-2023","1,949.70","1,954.85","1,913.85","1,942.60","950,733"
"17-Nov-2023","1,941.05","1,983.60","1,940.35","1,970.55","846,043"
"20-Nov-2023","1,971.60","1,978.15","1,953.10","1,972.30","286,168"
"21-Nov-2023","1,972.65","1,988.00","1,969.00","1,977.45","316,716"
"22-Nov-2023","1,979.80","1,984.90","1,958.75","1,974.10","313,877"
"23-Nov-2023","1,984.10","1,984.10","1,951.40","1,956.90","435,716"
"24-Nov-2023","1,963.90","1,969.45","1,945.45","1,949.40","168,018"
"28-Nov-2023","1,963.00","1,987.00","1,953.25","1,975.90","696,321"
"29-Nov-2023","1,988.10","2,009.00","1,981.05","2,003.25","820,956"
"30-Nov-2023","2,006.00","2,031.00","1,990.25","2,005.45","1,700,309"
"01-Dec-2023","2,019.95","2,039.00","2,008.00","2,016.05","928,511"
"04-Dec-2023","2,075.00","2,076.00","2,028.45","2,052.95","1,051,602"
"05-Dec-2023","2,057.90","2,078.00","2,038.50","2,072.35","559,168"
"06-Dec-2023","2,079.85","2,085.00","2,045.55","2,057.75","359,203"
"07-Dec-2023","2,057.75","2,089.00","2,045.60","2,081.75","423,117"
"08-Dec-2023","2,080.00","2,099.30","2,042.65","2,070.05","592,431"
"11-Dec-2023","2,072.00","2,088.25","2,068.10","2,084.05","253,803"
"12-Dec-2023","2,090.00","2,129.00","2,075.60","2,080.75","771,429"
"13-Dec-2023","2,080.90","2,092.95","2,037.30","2,083.95","802,384"
"14-Dec-2023","2,094.95","2,111.95","2,081.95","2,103.90","604,705"
"15-Dec-2023","2,116.00","2,132.75","2,102.00","2,127.70","724,327"
"18-Dec-2023","2,127.70","2,127.70","2,102.00","2,109.75","312,861"
"19-Dec-2023","2,107.05","2,137.80","2,089.20","2,118.25","316,704"
"20-Dec-2023","2,134.00","2,135.60","2,053.55","2,063.55","676,270"
"21-Dec-2023","2,050.00","2,090.85","2,050.00","2,085.60","443,473"
"22-Dec-2023","2,089.00","2,096.60","2,034.90","2,046.20","1,002,033"
"26-Dec-2023","2,051.00","2,083.00","2,049.00","2,069.55","641,259"
"27-Dec-2023","2,078.95","2,130.85","2,071.60","2,124.80","1,133,407"
"28-Dec-2023","2,129.00","2,148.25","2,106.30","2,139.95","1,059,776"
"29-Dec-2023","2,140.30","2,145.00","2,115.00","2,134.80","648,794"
"01-Jan-2024","2,145.00","2,175.00","2,112.00","2,127.30","804,466"
"02-Jan-2024","2,129.90","2,130.40","2,088.00","2,101.45","796,768"
"03-Jan-2024","2,090.00","2,120.00","2,066.10","2,072.20","971,170"
"04-Jan-2024","2,090.00","2,095.00","2,059.40","2,070.20","958,697"
"05-Jan-2024","2,098.00","2,099.00","2,053.55","2,079.50","1,084,779"
"08-Jan-2024","2,079.50","2,083.70","2,057.90","2,067.70","557,308"
"09-Jan-2024","2,082.15","2,092.75","2,058.85","2,064.05","1,211,997"
"10-Jan-2024","2,058.80","2,074.45","2,040.85","2,068.55","325,322"
"11-Jan-2024","2,069.95","2,096.30","2,051.00","2,083.70","887,806"
"12-Jan-2024","2,083.00","2,120.90","2,075.00","2,111.55","485,644"
"15-Jan-2024","2,111.75","2,122.95","2,093.70","2,101.00","202,260"
"16-Jan-2024","2,092.55","2,119.80","2,090.10","2,115.20","457,403"
"17-Jan-2024","2,112.60","2,115.20","2,056.00","2,067.85","733,818"
"18-Jan-2024","2,067.00","2,069.00","2,036.20","2,053.65","877,519"
"19-Jan-2024","2,056.45","2,094.00","2,052.35","2,081.20","456,698"
"20-Jan-2024","2,095.00","2,099.90","2,070.00","2,081.20","131,682"
"23-Jan-2024","2,078.10","2,086.40","2,032.50","2,049.60","938,057"
"24-Jan-2024","2,069.00","2,080.75","2,016.55","2,071.30","604,130"
"25-Jan-2024","2,079.95","2,087.35","2,052.15","2,076.50","467,209"
"29-Jan-2024","2,080.00","2,125.00","2,077.75","2,104.50","795,647"
"30-Jan-2024","2,115.00","2,139.00","2,106.00","2,126.15","852,171"
"31-Jan-2024","2,126.50","2,182.05","2,115.45","2,175.00","910,709"
"01-Feb-2024","2,175.00","2,178.90","2,111.45","2,128.60","638,710"
"02-Feb-2024","2,147.95","2,169.90","2,130.50","2,139.45","330,557"
"05-Feb-2024","2,130.10","2,147.30","2,081.00","2,089.75","949,717"
"06-Feb-2024","2,082.00","2,097.95","2,061.00","2,066.00","581,483"
"07-Feb-2024","2,079.00","2,120.00","2,063.00","2,111.50","1,133,609"
"08-Feb-2024","2,123.00","2,125.00","2,048.00","2,057.30","1,387,156"
"09-Feb-2024","2,057.25","2,182.00","2,046.90","2,168.50","2,010,089"
"12-Feb-2024","2,175.00","2,199.00","2,138.10","2,147.35","1,229,133"
"13-Feb-2024","2,173.90","2,173.90","2,053.95","2,064.15","985,312"
"14-Feb-2024","2,054.00","2,085.00","2,027.50","2,079.80","605,147"
"15-Feb-2024","2,085.70","2,103.65","2,072.80","2,084.80","506,068"
"16-Feb-2024","2,091.40","2,119.00","2,086.85","2,105.65","403,756"
"19-Feb-2024","2,107.45","2,190.00","2,102.20","2,168.60","1,167,037"
"20-Feb-2024","2,169.00","2,222.00","2,161.10","2,192.25","1,710,394"
"21-Feb-2024","2,200.00","2,222.00","2,180.05","2,194.00","765,529"
"22-Feb-2024","2,234.00","2,244.00","2,113.20","2,201.20","3,428,899"
"23-Feb-2024","2,234.00","2,236.70","2,182.60","2,194.40","1,646,510"
"26-Feb-2024","2,204.10","2,211.30","2,174.80","2,186.90","905,237"
"27-Feb-2024","2,190.20","2,214.00","2,190.20","2,204.80","674,507"
"28-Feb-2024","2,202.00","2,218.90","2,173.25","2,186.00","1,197,381"
"29-Feb-2024","2,186.00","2,206.00","2,157.80","2,191.40","1,499,473"
"01-Mar-2024","2,209.00","2,259.40","2,196.75","2,254.90","826,009"
"02-Mar-2024","2,260.00","2,268.95","2,240.00","2,245.75","37,928"
"04-Mar-2024","2,245.00","2,260.00","2,226.30","2,234.15","423,656"
"05-Mar-2024","2,230.10","2,251.90","2,220.45","2,231.50","401,260"
"06-Mar-2024","2,237.90","2,252.95","2,196.60","2,236.50","678,808"
"07-Mar-2024","2,239.00","2,250.35","2,208.00","2,228.10","519,779"
"11-Mar-2024","2,230.00","2,270.55","2,225.50","2,236.80","599,546"
"12-Mar-2024","2,236.00","2,246.95","2,172.85","2,184.00","891,725"
"13-Mar-2024","2,194.00","2,203.05","2,137.30","2,149.10","881,145"
"14-Mar-2024","2,149.90","2,204.90","2,128.60","2,196.50","1,097,271"
"15-Mar-2024","2,185.10","2,208.90","2,165.05","2,197.10","2,630,480"
"18-Mar-2024","2,181.00","2,214.00","2,170.00","2,203.10","508,214"
"19-Mar-2024","2,199.00","2,206.10","2,163.85","2,173.80","660,181"
"20-Mar-2024","2,175.50","2,196.15","2,131.00","2,167.50","655,682"
"21-Mar-2024","2,188.00","2,211.30","2,175.30","2,205.55","880,687"
"22-Mar-2024","2,200.00","2,234.00","2,194.45","2,223.55","551,648"
"26-Mar-2024","2,215.00","2,242.10","2,201.65","2,240.05","731,877"
"27-Mar-2024","2,240.00","2,251.95","2,198.70","2,207.35","1,033,992"
"28-Mar-2024","2,210.00","2,309.20","2,210.00","2,287.30","1,786,120"
"01-Apr-2024","2,300.00","2,319.20","2,289.05","2,292.55","288,891"
"02-Apr-2024","2,297.00","2,316.00","2,275.00","2,306.30","446,163"
"03-Apr-2024","2,303.60","2,316.15","2,288.05","2,305.45","303,529"
"04-Apr-2024","2,309.50","2,323.75","2,249.50","2,277.85","814,966"
"05-Apr-2024","2,275.05","2,277.10","2,233.50","2,237.55","454,995"
"08-Apr-2024","2,247.00","2,288.45","2,235.00","2,280.80","278,448"
"09-Apr-2024","2,296.95","2,312.35","2,281.95","2,301.30","388,155"
"10-Apr-2024","2,309.95","2,314.90","2,291.55","2,306.35","513,499"
"12-Apr-2024","2,297.00","2,307.00","2,249.30","2,254.05","635,489"
"15-Apr-2024","2,239.00","2,253.40","2,224.80","2,237.40","415,064"
"16-Apr-2024","2,229.00","2,249.25","2,221.10","2,242.95","558,075"
"18-Apr-2024","2,245.05","2,300.85","2,219.45","2,226.05","987,066"
"19-Apr-2024","2,220.00","2,290.75","2,201.35","2,273.15","1,061,064"
"22-Apr-2024","2,275.00","2,286.85","2,266.05","2,280.55","445,671"
"23-Apr-2024","2,278.45","2,376.00","2,278.40","2,370.15","1,823,447"
"24-Apr-2024","2,378.00","2,384.30","2,333.00","2,337.75","1,021,874"
"25-Apr-2024","2,349.00","2,376.05","2,334.20","2,367.45","1,621,547"
"26-Apr-2024","2,366.95","2,379.30","2,330.05","2,342.45","405,679"
"29-Apr-2024","2,355.00","2,392.80","2,309.60","2,386.60","616,995"
"30-Apr-2024","2,405.00","2,438.45","2,374.10","2,411.65","1,041,175"
"02-May-2024","2,410.00","2,452.00","2,401.05","2,437.35","1,466,226"
"03-May-2024","2,442.00","2,487.00","2,438.80","2,481.35","1,192,695"
"06-May-2024","2,489.00","2,489.75","2,441.20","2,453.30","606,833"
"07-May-2024","2,460.00","2,468.70","2,403.10","2,421.00","438,590"
"08-May-2024","2,404.00","2,424.15","2,370.90","2,377.35","462,790"
"09-May-2024","2,375.45","2,393.40","2,345.05","2,353.70","557,056"
"10-May-2024","2,359.95","2,382.70","2,322.00","2,377.15","890,719"
"13-May-2024","2,377.90","2,393.00","2,347.05","2,385.20","511,264"
"14-May-2024","2,383.45","2,396.85","2,362.10","2,372.05","421,260"
"15-May-2024","2,386.95","2,403.95","2,366.20","2,369.70","404,095"
"16-May-2024","2,382.00","2,386.00","2,310.20","2,372.60","1,181,205"
"17-May-2024","2,374.00","2,433.65","2,374.00","2,423.65","1,184,234"
"18-May-2024","2,444.00","2,448.50","2,424.35","2,434.35","47,519"
"21-May-2024","2,430.10","2,449.95","2,406.40","2,446.65","555,489"
"22-May-2024","2,455.95","2,463.05","2,418.30","2,436.65","722,345"
"23-May-2024","2,442.00","2,461.90","2,395.65","2,453.80","1,091,448"
"24-May-2024","2,449.75","2,474.80","2,431.60","2,441.00","483,000"
"27-May-2024","2,441.05","2,455.70","2,385.95","2,390.65","888,793"
"28-May-2024","2,398.90","2,469.95","2,392.70","2,440.35","874,384"
"29-May-2024","2,440.00","2,460.00","2,393.25","2,400.60","1,084,966"
"30-May-2024","2,404.00","2,406.60","2,328.00","2,345.20","826,458"
"31-May-2024","2,342.95","2,362.00","2,295.95","2,316.25","1,644,820"
"03-Jun-2024","2,400.00","2,405.20","2,362.30","2,368.80","807,692"
"04-Jun-2024","2,336.05","2,365.20","2,171.60","2,256.40","1,543,389"
"05-Jun-2024","2,258.40","2,313.75","2,182.15","2,304.85","1,996,915"
"06-Jun-2024","2,306.05","2,353.00","2,293.10","2,334.75","834,320"
"07-Jun-2024","2,311.20","2,383.45","2,311.20","2,379.85","471,524"
"10-Jun-2024","2,381.10","2,472.00","2,375.30","2,446.80","980,297"
"11-Jun-2024","2,449.90","2,482.00","2,426.35","2,456.90","531,924"
"12-Jun-2024","2,430.00","2,476.85","2,430.00","2,450.15","463,980"
"13-Jun-2024","2,441.05","2,475.55","2,430.00","2,458.05","512,510"
"14-Jun-2024","2,458.05","2,523.70","2,450.00","2,471.20","1,542,911"
"18-Jun-2024","2,471.00","2,487.45","2,445.00","2,457.55","467,553"
"19-Jun-2024","2,458.00","2,460.85","2,412.00","2,447.15","668,976"
"20-Jun-2024","2,447.10","2,504.00","2,432.50","2,498.80","1,008,266"
"21-Jun-2024","2,499.00","2,515.60","2,450.60","2,466.15","2,867,672"
"24-Jun-2024","2,463.90","2,521.75","2,443.10","2,515.10","724,085"
"25-Jun-2024","2,520.00","2,529.85","2,495.00","2,516.95","792,404"
"26-Jun-2024","2,518.80","2,564.00","2,509.05","2,552.25","1,387,150"
"27-Jun-2024","2,554.90","2,654.65","2,552.25","2,637.60","4,849,907"
"28-Jun-2024","2,635.95","2,678.95","2,587.20","2,670.45","1,495,266"
"01-Jul-2024","2,666.20","2,743.90","2,662.05","2,726.40","1,098,168"
"02-Jul-2024","2,717.00","2,762.70","2,717.00","2,742.95","942,834"
"03-Jul-2024","2,750.75","2,761.40","2,730.65","2,742.35","537,119"
"04-Jul-2024","2,748.00","2,752.75","2,717.05","2,734.85","446,631"
"05-Jul-2024","2,730.00","2,755.70","2,720.40","2,748.00","372,709"
"08-Jul-2024","2,751.70","2,754.95","2,713.85","2,742.15","333,988"
"09-Jul-2024","2,735.10","2,785.95","2,718.90","2,761.80","451,862"
"10-Jul-2024","2,781.00","2,812.25","2,741.00","2,802.15","1,128,000"
"11-Jul-2024","2,825.00","2,837.00","2,791.25","2,801.60","1,679,101"
"12-Jul-2024","2,807.00","2,850.00","2,801.60","2,843.75","1,457,604"
"15-Jul-2024","2,850.00","2,852.95","2,786.00","2,803.75","1,333,353"
"16-Jul-2024","2,818.00","2,844.75","2,810.30","2,827.35","756,629"
"18-Jul-2024","2,810.00","2,845.80","2,777.00","2,791.80","1,181,529"
"19-Jul-2024","2,786.00","2,789.95","2,734.50","2,743.00","424,329"
"22-Jul-2024","2,702.00","2,822.00","2,702.00","2,811.55","1,248,824"
"23-Jul-2024","2,811.00","2,850.95","2,774.05","2,823.05","1,046,046"
"24-Jul-2024","2,830.00","2,830.00","2,775.00","2,806.90","2,880,833"
"25-Jul-2024","2,805.00","2,825.00","2,771.55","2,797.55","550,900"
"26-Jul-2024","2,824.95","2,877.75","2,808.50","2,843.30","701,236"
"29-Jul-2024","2,859.90","2,865.00","2,820.00","2,828.20","501,949"
"30-Jul-2024","2,828.20","2,830.00","2,782.85","2,790.90","721,728"
"31-Jul-2024","2,790.90","2,798.75","2,761.55","2,776.75","662,086"
"01-Aug-2024","2,781.95","2,788.65","2,753.60","2,767.00","383,675"
"02-Aug-2024","2,749.50","2,757.10","2,701.00","2,706.80","401,105"
"05-Aug-2024","2,655.15","2,678.95","2,587.75","2,612.25","1,049,292"
"06-Aug-2024","2,627.00","2,679.40","2,610.00","2,620.50","813,893"
"07-Aug-2024","2,650.00","2,659.40","2,632.25","2,637.05","551,368"
"08-Aug-2024","2,623.25","2,633.80","2,531.10","2,544.65","1,199,236"
"09-Aug-2024","2,556.10","2,638.95","2,540.05","2,572.75","2,677,777"
"12-Aug-2024","2,570.00","2,621.00","2,555.05","2,571.10","1,827,230"
"13-Aug-2024","2,572.00","2,579.40","2,512.15","2,519.25","784,848"
"14-Aug-2024","2,524.00","2,534.50","2,505.05","2,512.40","286,936"
"16-Aug-2024","2,512.40","2,608.00","2,512.40","2,600.35","725,887"
"19-Aug-2024","2,619.80","2,635.15","2,557.05","2,598.40","682,028"
"20-Aug-2024","2,608.00","2,648.90","2,589.05","2,636.70","685,479"
"21-Aug-2024","2,640.05","2,692.05","2,625.15","2,684.85","857,604"
"22-Aug-2024","2,694.45","2,772.95","2,691.05","2,755.15","2,065,301"
"23-Aug-2024","2,771.40","2,780.90","2,706.95","2,748.55","1,101,735"
"26-Aug-2024","2,752.00","2,763.20","2,712.80","2,736.60","597,542"
"27-Aug-2024","2,741.45","2,747.95","2,697.05","2,699.90","1,450,595"
"28-Aug-2024","2,698.50","2,722.55","2,683.00","2,715.55","981,745"
"29-Aug-2024","2,714.90","2,719.00","2,640.05","2,676.20","941,802"
"30-Aug-2024","2,676.20","2,708.90","2,676.20","2,698.85","994,826"
"02-Sep-2024","2,706.75","2,729.65","2,675.55","2,690.80","720,118"
"03-Sep-2024","2,680.10","2,710.00","2,680.10","2,706.85","522,391"
"04-Sep-2024","2,695.00","2,763.95","2,687.25","2,757.65","1,119,041"
"05-Sep-2024","2,774.00","2,774.00","2,735.30","2,741.60","472,385"
"06-Sep-2024","2,740.00","2,744.60","2,674.05","2,692.85","555,331"
"09-Sep-2024","2,689.95","2,715.40","2,673.90","2,710.35","267,477"
"10-Sep-2024","2,700.00","2,715.15","2,677.00","2,702.55","431,289"
"11-Sep-2024","2,710.00","2,729.50","2,674.10","2,681.15","347,845"
"12-Sep-2024","2,690.60","2,765.00","2,678.75","2,757.10","939,815"
"13-Sep-2024","2,760.10","2,799.00","2,748.20","2,784.35","634,726"
"16-Sep-2024","2,802.80","2,819.05","2,757.30","2,765.30","431,468"
"17-Sep-2024","2,769.00","2,777.30","2,730.00","2,754.85","253,234"
"18-Sep-2024","2,754.85","2,777.00","2,715.00","2,722.70","332,947"
"19-Sep-2024","2,743.00","2,775.00","2,722.30","2,738.95","452,713"
"20-Sep-2024","2,745.00","2,755.70","2,664.20","2,678.25","2,755,774"
"23-Sep-2024","2,705.00","2,705.00","2,665.00","2,666.90","678,018"
"24-Sep-2024","2,676.35","2,695.00","2,610.00","2,619.30","1,457,923"
"25-Sep-2024","2,619.30","2,666.00","2,583.95","2,662.00","883,336"
"26-Sep-2024","2,674.00","2,750.00","2,656.20","2,745.85","1,117,471"
"27-Sep-2024","2,745.85","2,807.00","2,745.85","2,783.15","1,416,974"
"30-Sep-2024","2,784.00","2,824.00","2,765.00","2,795.55","890,000"
"01-Oct-2024","2,794.05","2,813.65","2,755.00","2,801.15","442,630"
"03-Oct-2024","2,789.00","2,833.00","2,752.10","2,766.15","972,732"
"04-Oct-2024","2,766.15","2,788.80","2,731.00","2,745.10","708,378"
"07-Oct-2024","2,760.00","2,769.95","2,700.00","2,720.50","689,611"
"08-Oct-2024","2,715.25","2,745.15","2,705.20","2,738.20","553,985"
"09-Oct-2024","2,754.00","2,754.00","2,710.00","2,715.75","600,020"
"10-Oct-2024","2,717.95","2,739.45","2,711.10","2,722.45","387,246"
"11-Oct-2024","2,722.45","2,731.70","2,685.50","2,725.55","209,760"
"14-Oct-2024","2,737.55","2,737.55","2,702.30","2,726.90","232,099"
"15-Oct-2024","2,725.00","2,747.95","2,700.70","2,735.80","491,010"
"16-Oct-2024","2,725.10","2,784.00","2,725.00","2,764.10","756,373"
"17-Oct-2024","2,784.00","2,789.80","2,686.05","2,705.85","529,505"
"18-Oct-2024","2,700.00","2,766.00","2,674.65","2,760.95","345,996"
"21-Oct-2024","2,760.00","2,765.40","2,712.00","2,718.25","322,456"
"22-Oct-2024","2,718.10","2,746.15","2,646.35","2,655.35","377,094"
"23-Oct-2024","2,650.00","2,676.70","2,625.95","2,633.20","944,905"
"24-Oct-2024","2,644.90","2,695.95","2,616.10","2,666.70","844,303"
"25-Oct-2024","2,665.10","2,675.05","2,600.00","2,615.20","656,546"
"28-Oct-2024","2,600.00","2,665.95","2,594.30","2,646.95","763,794"
"29-Oct-2024","2,660.00","2,690.00","2,650.00","2,686.00","611,947"
"30-Oct-2024","2,691.65","2,708.60","2,666.05","2,672.55","469,403"
"31-Oct-2024","2,675.00","2,704.00","2,644.45","2,695.85","321,800"
"01-Nov-2024","2,719.00","2,719.00","2,673.00","2,698.90","62,294"
"04-Nov-2024","2,696.65","2,700.00","2,578.05","2,590.60","477,329"
"05-Nov-2024","2,590.60","2,661.40","2,587.60","2,650.95","896,947"
"06-Nov-2024","2,650.95","2,667.55","2,619.55","2,645.95","455,842"
"07-Nov-2024","2,631.15","2,662.95","2,551.75","2,562.70","481,689"
"08-Nov-2024","2,565.00","2,581.70","2,540.00","2,544.85","558,297"
"11-Nov-2024","2,528.05","2,553.85","2,506.05","2,519.50","354,984"
"12-Nov-2024","2,523.25","2,546.25","2,510.00","2,521.20","520,250"
"13-Nov-2024","2,521.20","2,534.65","2,472.05","2,502.90","1,449,201"
"14-Nov-2024","2,502.90","2,539.00","2,490.05","2,523.95","581,846"
"18-Nov-2024","2,497.00","2,552.80","2,479.05","2,517.15","1,436,348"
"19-Nov-2024","2,517.15","2,552.00","2,500.00","2,508.15","424,096"
"21-Nov-2024","2,491.10","2,555.65","2,480.15","2,534.85","686,930"
"22-Nov-2024","2,540.40","2,609.90","2,534.85","2,598.65","828,921"
"25-Nov-2024","2,615.00","2,654.00","2,600.35","2,629.80","967,944"
"26-Nov-2024","2,629.80","2,639.70","2,602.45","2,617.20","256,368"
"27-Nov-2024","2,619.80","2,649.45","2,595.00","2,621.90","348,482"
"28-Nov-2024","2,622.00","2,635.95","2,554.05","2,570.45","1,057,792"
"29-Nov-2024","2,565.00","2,630.45","2,559.00","2,606.25","650,252"
"02-Dec-2024","2,605.85","2,709.00","2,591.75","2,693.55","1,103,892"
"03-Dec-2024","2,693.05","2,728.95","2,683.00","2,714.00","522,667"
"04-Dec-2024","2,708.30","2,724.45","2,695.10","2,717.30","572,817"
"05-Dec-2024","2,733.00","2,733.75","2,669.40","2,706.80","714,805"
"06-Dec-2024","2,714.90","2,720.00","2,693.35","2,701.90","342,192"
"09-Dec-2024","2,701.90","2,714.05","2,669.00","2,681.40","387,874"
"10-Dec-2024","2,702.90","2,708.00","2,641.10","2,655.30","637,387"
"11-Dec-2024","2,666.00","2,699.90","2,661.10","2,670.75","319,450"
"12-Dec-2024","2,683.00","2,683.00","2,639.00","2,660.05","376,376"
"13-Dec-2024","2,641.00","2,700.00","2,620.50","2,692.70","412,267"
"16-Dec-2024","2,680.10","2,718.00","2,672.25","2,685.15","329,525"
"17-Dec-2024","2,685.00","2,685.00","2,595.35","2,599.70","887,083"
"18-Dec-2024","2,607.00","2,617.90","2,576.25","2,594.15","369,646"
"19-Dec-2024","2,570.00","2,594.00","2,527.25","2,539.05","510,040"
"20-Dec-2024","2,530.00","2,563.20","2,479.75","2,488.70","734,974"
"23-Dec-2024","2,495.70","2,553.70","2,495.00","2,526.20","347,378"
"24-Dec-2024","2,515.00","2,542.40","2,495.00","2,501.85","364,336"
"26-Dec-2024","2,500.25","2,518.25","2,472.50","2,482.05","559,646"
"27-Dec-2024","2,482.05","2,520.60","2,474.90","2,480.30","428,996"
"30-Dec-2024","2,489.00","2,490.00","2,436.00","2,443.50","763,318"
"31-Dec-2024","2,430.00","2,447.00","2,413.10","2,442.70","530,535"
"01-Jan-2025","2,440.00","2,473.85","2,425.95","2,442.15","487,637"
"02-Jan-2025","2,445.00","2,559.50","2,445.00","2,543.95","970,593"
"03-Jan-2025","2,541.20","2,553.90","2,501.10","2,510.00","595,091"
"06-Jan-2025","2,517.00","2,527.95","2,445.75","2,460.55","393,162"
"07-Jan-2025","2,460.60","2,497.00","2,456.60","2,467.25","495,162"
"08-Jan-2025","2,468.85","2,476.35","2,433.15","2,435.75","543,301"
"09-Jan-2025","2,435.05","2,438.80","2,396.40","2,410.40","766,796"
"10-Jan-2025","2,400.00","2,424.90","2,352.20","2,364.10","413,994"
"13-Jan-2025","2,329.95","2,348.20","2,276.95","2,288.15","422,845"
"14-Jan-2025","2,308.00","2,330.45","2,294.15","2,310.60","865,382"
"15-Jan-2025","2,326.90","2,349.75","2,296.75","2,317.55","583,299"
"16-Jan-2025","2,330.00","2,359.75","2,313.15","2,350.70","1,395,232"
"17-Jan-2025","2,363.10","2,387.25","2,348.65","2,375.85","443,089"
"20-Jan-2025","2,380.05","2,410.65","2,373.00","2,402.00","681,711"
"21-Jan-2025","2,404.90","2,426.50","2,361.65","2,367.50","316,019"
"22-Jan-2025","2,380.95","2,396.45","2,370.30","2,388.15","336,546"
"23-Jan-2025","2,388.00","2,475.75","2,365.40","2,461.15","596,720"
"24-Jan-2025","2,466.35","2,514.05","2,453.45","2,490.75","1,510,105"
"27-Jan-2025","2,475.50","2,484.40","2,430.40","2,458.05","458,264"
"28-Jan-2025","2,458.00","2,459.95","2,399.80","2,411.30","740,041"
"29-Jan-2025","2,403.00","2,464.00","2,397.00","2,453.65","200,039"
"30-Jan-2025","2,458.70","2,508.55","2,446.50","2,491.70","397,046"
"31-Jan-2025","2,491.70","2,518.30","2,475.80","2,508.85","431,982"
"01-Feb-2025","2,500.00","2,514.05","2,429.40","2,440.75","432,668"
"03-Feb-2025","2,418.00","2,479.75","2,418.00","2,473.65","427,217"
"04-Feb-2025","2,465.00","2,491.80","2,446.50","2,484.70","337,002"
"05-Feb-2025","2,499.00","2,499.90","2,474.30","2,490.00","464,164"
"06-Feb-2025","2,499.00","2,508.30","2,475.90","2,499.00","595,946"
"07-Feb-2025","2,504.00","2,522.75","2,466.45","2,487.60","738,201"
"10-Feb-2025","2,485.00","2,491.00","2,438.10","2,473.25","717,668"
"11-Feb-2025","2,460.00","2,542.00","2,456.05","2,491.45","1,710,410"
"12-Feb-2025","2,479.00","2,498.90","2,433.75","2,484.95","454,023"
"13-Feb-2025","2,481.00","2,532.95","2,474.15","2,490.10","708,830"
"14-Feb-2025","2,499.00","2,507.75","2,405.50","2,431.30","677,910"
"17-Feb-2025","2,431.30","2,471.15","2,405.55","2,463.85","646,841"
"18-Feb-2025","2,480.00","2,482.95","2,412.80","2,463.20","596,040"
"19-Feb-2025","2,448.00","2,481.50","2,446.30","2,463.20","289,053"
"20-Feb-2025","2,451.00","2,477.95","2,443.25","2,453.70","427,274"
"21-Feb-2025","2,440.00","2,453.35","2,401.05","2,431.05","504,415"
"24-Feb-2025","2,412.00","2,420.00","2,381.00","2,393.70","543,080"
"25-Feb-2025","2,392.00","2,403.50","2,367.10","2,379.30","497,013"
"27-Feb-2025","2,373.00","2,379.30","2,317.10","2,339.95","1,045,684"
"28-Feb-2025","2,347.15","2,361.75","2,301.65","2,306.65","1,153,007"
"03-Mar-2025","2,328.50","2,382.90","2,317.90","2,377.45","790,068"
"04-Mar-2025","2,356.00","2,404.20","2,351.60","2,394.65","521,061"
"05-Mar-2025","2,404.00","2,408.95","2,376.35","2,391.65","755,361"
"06-Mar-2025","2,401.65","2,415.00","2,353.50","2,393.65","754,593"
"07-Mar-2025","2,380.00","2,415.00","2,380.00","2,407.25","317,388"
"10-Mar-2025","2,407.25","2,425.00","2,373.30","2,383.95","650,796"
"11-Mar-2025","2,372.00","2,425.00","2,363.95","2,413.55","445,250"
"12-Mar-2025","2,413.55","2,438.90","2,367.60","2,398.90","561,893"
"13-Mar-2025","2,402.00","2,411.80","2,363.30","2,370.20","479,648"
"17-Mar-2025","2,381.75","2,404.50","2,370.85","2,399.35","646,728"
"18-Mar-2025","2,402.35","2,428.00","2,397.00","2,421.65","423,611"
"19-Mar-2025","2,426.00","2,464.60","2,426.00","2,458.20","415,476"
"20-Mar-2025","2,464.80","2,477.20","2,448.10","2,468.15","317,002"
"21-Mar-2025","2,479.90","2,514.75","2,459.45","2,469.40","1,372,022"
"24-Mar-2025","2,478.65","2,544.00","2,475.00","2,513.20","594,207"
"25-Mar-2025","2,529.75","2,595.90","2,520.00","2,569.45","993,289"
"26-Mar-2025","2,582.95","2,602.90","2,560.00","2,581.60","555,486"
"27-Mar-2025","2,584.00","2,628.95","2,575.00","2,618.70","1,246,219"
"28-Mar-2025","2,614.95","2,637.65","2,599.35","2,611.15","435,022"
"01-Apr-2025","2,611.40","2,632.00","2,596.20","2,619.00","317,974"
"02-Apr-2025","2,619.00","2,633.40","2,601.05","2,616.50","413,523"
"03-Apr-2025","2,595.10","2,664.00","2,595.10","2,651.90","298,330"
"04-Apr-2025","2,635.10","2,651.90","2,610.10","2,616.90","290,533"
"07-Apr-2025","2,550.00","2,560.00","2,465.50","2,509.10","974,267"
"08-Apr-2025","2,550.00","2,600.00","2,534.15","2,590.05","1,296,141"
"09-Apr-2025","2,562.50","2,586.75","2,529.45","2,557.75","494,024"
"11-Apr-2025","2,650.00","2,660.00","2,612.80","2,651.25","669,041"
"15-Apr-2025","2,675.00","2,726.20","2,670.00","2,718.60","815,058"
"16-Apr-2025","2,690.00","2,722.00","2,682.20","2,702.80","462,016"
"17-Apr-2025","2,701.00","2,772.00","2,686.90","2,760.70","1,061,496"
"21-Apr-2025","2,755.00","2,787.30","2,735.00","2,756.90","322,964"
"22-Apr-2025","2,750.30","2,772.10","2,737.70","2,749.40","211,167"
"23-Apr-2025","2,750.10","2,763.90","2,675.10","2,685.60","603,774"
"24-Apr-2025","2,690.00","2,736.30","2,673.00","2,729.20","562,050"
"25-Apr-2025","2,726.00","2,739.90","2,675.20","2,734.80","649,356"
"28-Apr-2025","2,735.00","2,773.70","2,723.30","2,753.40","416,635"
"29-Apr-2025","2,753.10","2,755.60","2,719.00","2,745.70","890,929"
"30-Apr-2025","2,735.00","2,750.90","2,718.90","2,737.50","662,477"
"02-May-2025","2,725.60","2,771.80","2,695.80","2,718.30","1,007,903"
"05-May-2025","2,730.00","2,773.00","2,718.30","2,755.10","661,587"
"06-May-2025","2,754.00","2,764.50","2,718.00","2,728.70","288,396"
"07-May-2025","2,699.00","2,727.30","2,682.40","2,699.90","417,883"
"08-May-2025","2,685.00","2,709.60","2,676.50","2,698.70","966,461"
"09-May-2025","2,676.90","2,684.00","2,626.60","2,634.80","444,671"
"12-May-2025","2,671.10","2,761.90","2,671.10","2,742.80","498,304"
"13-May-2025","2,741.00","2,748.00","2,702.70","2,708.70","313,964"
"14-May-2025","2,719.90","2,747.00","2,705.30","2,737.20","330,652"
"15-May-2025","2,734.30","2,829.50","2,720.00","2,824.80","1,353,535"
"16-May-2025","2,845.00","2,845.00","2,775.10","2,804.20","700,214"
"19-May-2025","2,820.00","2,820.10","2,721.00","2,727.00","575,525"
"20-May-2025","2,754.00","2,754.00","2,710.20","2,720.80","520,661"
"21-May-2025","2,717.00","2,749.90","2,692.20","2,706.90","304,264"
"22-May-2025","2,700.00","2,702.30","2,648.30","2,674.60","541,069"
"23-May-2025","2,675.00","2,746.90","2,651.00","2,659.40","990,691"
"26-May-2025","2,672.50","2,696.60","2,640.10","2,656.40","435,977"
"27-May-2025","2,656.00","2,658.40","2,595.00","2,614.20","874,537"
"28-May-2025","2,620.80","2,620.80","2,570.10","2,577.60","849,149"
"29-May-2025","2,577.60","2,593.90","2,552.20","2,573.60","616,258"
"30-May-2025","2,575.00","2,604.90","2,536.00","2,545.80","1,203,864"
"02-Jun-2025","2,546.00","2,549.60","2,511.00","2,524.10","1,209,305"
"03-Jun-2025","2,543.00","2,563.00","2,512.10","2,552.40","1,493,898"
"04-Jun-2025","2,556.30","2,573.10","2,541.80","2,549.70","529,006"
"05-Jun-2025","2,555.10","2,599.00","2,538.90","2,554.40","950,620"
"06-Jun-2025","2,559.80","2,578.10","2,536.10","2,574.40","414,844"
"09-Jun-2025","2,585.90","2,614.90","2,574.70","2,608.50","552,351"
"10-Jun-2025","2,710.00","2,742.00","2,666.60","2,708.00","2,885,229"
"11-Jun-2025","2,708.10","2,733.90","2,678.20","2,722.20","812,149"
"12-Jun-2025","2,718.10","2,729.00","2,676.00","2,689.10","545,570"
"13-Jun-2025","2,652.10","2,687.70","2,635.80","2,663.80","538,879"
"16-Jun-2025","2,665.00","2,714.00","2,652.10","2,704.90","494,993"
"17-Jun-2025","2,704.90","2,706.30","2,665.00","2,671.40","241,142"
"18-Jun-2025","2,671.40","2,696.30","2,667.30","2,675.40","342,289"
"19-Jun-2025","2,680.00","2,712.00","2,670.00","2,693.20","609,547"
"20-Jun-2025","2,683.00","2,732.90","2,683.00","2,712.60","1,232,377"
"23-Jun-2025","2,700.00","2,737.50","2,678.10","2,723.70","728,851"
"24-Jun-2025","2,746.00","2,801.80","2,737.30","2,780.90","1,562,447"
"25-Jun-2025","2,791.90","2,843.00","2,786.50","2,831.80","948,185"
"26-Jun-2025","2,840.00","2,894.90","2,832.00","2,883.30","1,392,932"
"27-Jun-2025","2,896.00","2,896.00","2,844.40","2,861.10","678,859"
"30-Jun-2025","2,863.30","2,890.00","2,836.70","2,844.50","447,868"
"01-Jul-2025","2,842.50","2,870.00","2,842.50","2,848.10","535,639"
"02-Jul-2025","2,870.00","2,878.90","2,835.00","2,849.80","917,118"
"03-Jul-2025","2,848.40","2,849.90","2,810.80","2,817.60","393,434"
"04-Jul-2025","2,817.60","2,820.00","2,785.70","2,805.90","286,779"
"07-Jul-2025","2,810.00","2,819.90","2,775.00","2,779.10","278,677"
"08-Jul-2025","2,780.00","2,841.30","2,778.20","2,820.80","846,061"
"09-Jul-2025","2,813.00","2,830.00","2,793.60","2,797.90","659,109"
"10-Jul-2025","2,797.90","2,809.80","2,769.00","2,775.10","780,215"
"11-Jul-2025","2,775.10","2,807.50","2,756.40","2,762.00","476,850"
"14-Jul-2025","2,774.00","2,809.00","2,755.10","2,784.40","2,913,912"
"15-Jul-2025","2,789.00","2,812.10","2,762.80","2,778.60","450,965"
"16-Jul-2025","2,784.00","2,784.00","2,758.00","2,762.40","372,782"
"17-Jul-2025","2,762.00","2,777.70","2,742.30","2,766.30","720,281"
"18-Jul-2025","2,771.00","2,774.00","2,716.50","2,728.50","797,380"
"21-Jul-2025","2,728.00","2,751.50","2,713.20","2,741.90","616,378"
"22-Jul-2025","2,752.90","2,759.00","2,717.50","2,722.70","664,321"
"23-Jul-2025","2,735.60","2,736.00","2,701.50","2,709.10","373,864"
"24-Jul-2025","2,709.10","2,743.30","2,667.30","2,735.90","997,645"
"25-Jul-2025","2,735.00","2,735.90","2,694.20","2,708.60","360,857"
"28-Jul-2025","2,704.10","2,754.50","2,697.00","2,727.20","547,126"
"29-Jul-2025","2,727.20","2,750.00","2,705.00","2,743.00","743,512"
"30-Jul-2025","2,740.00","2,794.00","2,733.10","2,758.60","772,901"
"31-Jul-2025","2,735.00","2,771.80","2,727.70","2,746.40","581,498"
"01-Aug-2025","2,748.00","2,766.50","2,716.00","2,722.20","329,586"
"04-Aug-2025","2,730.00","2,792.30","2,720.80","2,787.80","570,201"
"05-Aug-2025","2,799.00","2,824.90","2,784.70","2,797.20","782,631"
"06-Aug-2025","2,800.00","2,800.00","2,758.00","2,765.80","393,906"
"07-Aug-2025","2,764.00","2,772.70","2,718.80","2,743.70","591,589"
"08-Aug-2025","2,743.70","2,748.90","2,672.60","2,691.60","1,162,918"
"11-Aug-2025","2,726.00","2,795.00","2,720.00","2,758.90","1,236,332"
"12-Aug-2025","2,757.00","2,761.90","2,705.10","2,740.40","553,341"
"13-Aug-2025","2,760.00","2,766.00","2,725.50","2,745.90","479,944"
"14-Aug-2025","2,745.90","2,770.00","2,731.10","2,764.90","618,912"
"18-Aug-2025","2,795.00","2,865.40","2,776.50","2,845.90","1,279,195"
"19-Aug-2025","2,845.90","2,854.00","2,803.20","2,828.30","372,899"
"20-Aug-2025","2,828.30","2,883.60","2,807.40","2,864.90","930,944"
"21-Aug-2025","2,880.00","2,898.40","2,855.00","2,881.20","1,138,327"
"22-Aug-2025","2,881.10","2,881.10","2,801.40","2,813.80","671,902"
"25-Aug-2025","2,825.70","2,832.70","2,791.60","2,811.40","591,824"
"26-Aug-2025","2,803.60","2,818.50","2,780.40","2,796.20","425,619"
"28-Aug-2025","2,775.00","2,806.00","2,772.20","2,784.30","528,080"
"29-Aug-2025","2,784.30","2,797.80","2,762.70","2,775.60","542,362"
"01-Sep-2025","2,778.00","2,816.80","2,773.40","2,803.90","499,161"
"02-Sep-2025","2,815.00","2,820.00","2,773.70","2,779.80","468,533"
"03-Sep-2025","2,789.00","2,809.20","2,770.50","2,781.40","500,510"
"04-Sep-2025","2,801.00","2,865.20","2,801.00","2,809.80","1,177,036"
"05-Sep-2025","2,810.00","2,837.50","2,786.10","2,804.00","495,200"
"08-Sep-2025","2,795.10","2,823.90","2,795.10","2,804.10","229,922"
"09-Sep-2025","2,804.10","2,823.70","2,786.50","2,795.90","388,718"
"10-Sep-2025","2,795.90","2,818.00","2,775.60","2,785.80","421,783"
"11-Sep-2025","2,782.40","2,806.40","2,771.00","2,799.00","217,951"
"12-Sep-2025","2,799.00","2,818.00","2,789.10","2,802.00","168,095"
"15-Sep-2025","2,795.00","2,819.80","2,785.00","2,802.40","291,664"
"16-Sep-2025","2,811.90","2,848.50","2,804.00","2,843.00","546,549"
"17-Sep-2025","2,855.00","2,881.00","2,850.00","2,865.40","785,107"
"18-Sep-2025","2,878.00","2,883.00","2,852.00","2,878.80","513,800"
"19-Sep-2025","2,876.10","2,891.30","2,848.30","2,877.90","790,137"
"22-Sep-2025","2,860.00","2,911.00","2,848.80","2,854.10","751,168"
"23-Sep-2025","2,858.90","2,873.80","2,808.10","2,813.50","702,680"
"24-Sep-2025","2,813.50","2,838.70","2,797.90","2,807.40","316,532"
"25-Sep-2025","2,810.00","2,833.20","2,771.20","2,778.60","723,479"
"26-Sep-2025","2,775.00","2,810.00","2,736.20","2,746.80","523,045"
"29-Sep-2025","2,740.10","2,765.70","2,700.50","2,746.90","541,455"
"30-Sep-2025","2,747.00","2,769.00","2,746.10","2,756.90","440,278"
"01-Oct-2025","2,767.90","2,796.20","2,732.00","2,789.70","353,196"
"03-Oct-2025","2,800.00","2,806.80","2,766.00","2,791.40","708,063"
"06-Oct-2025","2,765.10","2,814.10","2,765.10","2,807.40","298,274"
"07-Oct-2025","2,800.00","2,825.00","2,790.30","2,808.00","245,369"
"08-Oct-2025","2,819.00","2,823.40","2,764.70","2,778.20","339,604"
"09-Oct-2025","2,781.40","2,817.30","2,778.20","2,810.60","404,859"
"10-Oct-2025","2,810.60","2,832.80","2,788.30","2,811.00","582,587"
"13-Oct-2025","2,791.10","2,812.00","2,778.50","2,798.00","280,622"
"14-Oct-2025","2,798.00","2,808.00","2,757.90","2,775.80","316,183"
"15-Oct-2025","2,780.00","2,824.90","2,774.20","2,816.80","459,912"
"16-Oct-2025","2,825.70","2,875.00","2,817.10","2,859.80","517,682"
"17-Oct-2025","2,862.00","2,886.00","2,826.30","2,836.20","334,522"
"20-Oct-2025","2,849.00","2,874.00","2,838.00","2,854.00","374,581"
"21-Oct-2025","2,875.90","2,875.90","2,861.50","2,870.70","48,792"
"23-Oct-2025","2,884.00","2,914.50","2,856.00","2,864.60","511,585"
"24-Oct-2025","2,864.60","2,877.00","2,823.00","2,841.30","456,226"
"27-Oct-2025","2,859.00","2,934.00","2,847.60","2,923.90","764,132"
"28-Oct-2025","2,932.70","2,959.60","2,914.10","2,932.90","1,056,504"
"29-Oct-2025","2,945.90","2,977.80","2,940.00","2,958.70","711,559"
"30-Oct-2025","2,960.00","2,965.90","2,922.60","2,950.40","446,894"
"31-Oct-2025","2,950.40","2,954.40","2,880.00","2,891.70","576,935"
"03-Nov-2025","2,896.00","2,919.90","2,872.50","2,899.90","297,012"
"04-Nov-2025","2,908.90","2,909.90","2,872.00","2,882.00","229,856"
"06-Nov-2025","2,797.10","2,800.00","2,692.00","2,700.10","1,986,853"
"07-Nov-2025","2,700.00","2,738.00","2,675.70","2,724.60","1,101,889"
"10-Nov-2025","2,738.00","2,789.00","2,728.70","2,762.90","489,522"
"11-Nov-2025","2,775.00","2,780.10","2,737.50","2,775.80","399,693"
"12-Nov-2025","2,788.40","2,793.70","2,755.00","2,767.40","531,304"
"13-Nov-2025","2,766.60","2,785.00","2,746.20","2,777.80","687,031"
"14-Nov-2025","2,777.20","2,790.00","2,761.00","2,783.40","510,972"
"17-Nov-2025","2,790.00","2,799.00","2,771.10","2,790.30","459,047"
"18-Nov-2025","2,788.00","2,790.30","2,750.00","2,762.00","437,943"
"19-Nov-2025","2,770.00","2,774.00","2,739.10","2,744.70","468,941"
"20-Nov-2025","2,760.00","2,764.30","2,745.00","2,748.60","519,341"
"21-Nov-2025","2,750.00","2,756.90","2,723.00","2,734.80","471,626"
"24-Nov-2025","2,734.90","2,740.30","2,679.40","2,688.70","917,195"
"25-Nov-2025","2,688.10","2,712.00","2,680.00","2,686.80","558,631"
"26-Nov-2025","2,686.80","2,746.60","2,686.80","2,744.00","444,974"
"27-Nov-2025","2,748.00","2,748.50","2,712.00","2,740.00","399,328"
"28-Nov-2025","2,747.20","2,748.00","2,727.50","2,739.40","297,155"
"01-Dec-2025","2,750.00","2,753.10","2,700.00","2,731.50","288,096"
"02-Dec-2025","2,717.10","2,741.10","2,717.10","2,735.00","388,195"
"03-Dec-2025","2,744.00","2,744.00","2,707.20","2,720.30","435,124"
"04-Dec-2025","2,720.30","2,742.50","2,710.00","2,730.40","276,879"
"05-Dec-2025","2,730.50","2,750.40","2,716.90","2,747.00","173,909"
"08-Dec-2025","2,747.00","2,769.90","2,730.00","2,744.20","715,725"
"09-Dec-2025","2,740.00","2,779.60","2,726.50","2,746.00","419,760"
"10-Dec-2025","2,770.90","2,779.80","2,740.90","2,746.80","344,470"
"11-Dec-2025","2,757.00","2,802.70","2,742.70","2,797.80","453,706"
"12-Dec-2025","2,814.00","2,845.20","2,796.60","2,836.70","927,504"
"15-Dec-2025","2,836.70","2,849.90","2,817.00","2,821.00","736,238"
"16-Dec-2025","2,822.00","2,832.70","2,786.20","2,799.10","545,921"
"17-Dec-2025","2,785.20","2,814.90","2,780.00","2,806.60","420,053"
"18-Dec-2025","2,810.00","2,820.00","2,786.90","2,807.60","252,763"
"19-Dec-2025","2,800.00","2,831.10","2,790.10","2,812.50","546,550"
"22-Dec-2025","2,812.70","2,858.00","2,798.10","2,809.70","796,031"
"23-Dec-2025","2,811.00","2,842.70","2,811.00","2,829.80","399,009"
"24-Dec-2025","2,830.80","2,862.90","2,820.00","2,826.90","444,617"
"26-Dec-2025","2,828.00","2,840.40","2,809.30","2,817.70","506,240"
"29-Dec-2025","2,821.00","2,850.00","2,812.50","2,842.40","607,462"
"30-Dec-2025","2,847.00","2,857.10","2,827.20","2,841.70","729,640"
"31-Dec-2025","2,844.50","2,864.00","2,803.50","2,829.00","327,956"
"26-Feb-2026","2,881.50","2,889.90","2,846.60","2,870.20","1,026,690"
"27-Feb-2026","2,845.00","2,864.60","2,784.00","2,794.00","1,087,909"
