"Date","Open","High","Low","Close","Volume"
"01-Jan-2019","17,260.00","17,356.25","16,656.70","16,973.25","12,171"
"02-Jan-2019","16,969.75","17,198.00","16,772.00","16,939.95","13,931"
"03-Jan-2019","16,870.00","17,331.40","16,800.00","16,948.40","24,843"
"04-Jan-2019","16,850.10","17,020.00","16,609.40","16,737.10","30,506"
"07-Jan-2019","16,950.00","16,984.90","16,800.10","16,921.70","11,758"
"08-Jan-2019","16,851.20","16,898.80","16,613.00","16,753.85","10,883"
"09-Jan-2019","16,875.00","16,940.50","16,220.30","16,345.40","23,593"
"10-Jan-2019","16,470.00","16,600.00","16,299.80","16,496.15","9,641"
"11-Jan-2019","16,331.20","16,359.50","15,820.00","15,913.20","47,981"
"14-Jan-2019","16,080.00","16,080.00","15,401.35","15,496.55","43,144"
"15-Jan-2019","15,500.00","15,878.00","15,460.15","15,618.70","23,989"
"16-Jan-2019","15,760.00","15,900.00","15,651.60","15,822.95","16,308"
"17-Jan-2019","15,900.00","16,240.00","15,726.20","15,914.70","16,720"
"18-Jan-2019","15,900.00","15,979.00","15,475.00","15,590.25","16,832"
"21-Jan-2019","15,560.00","15,749.00","15,410.00","15,678.70","6,880"
"22-Jan-2019","15,620.00","16,199.00","15,225.00","15,917.55","97,794"
"23-Jan-2019","15,860.00","16,638.50","15,820.05","16,103.35","50,789"
"24-Jan-2019","16,005.45","16,250.00","15,611.40","16,170.55","27,535"
"25-Jan-2019","16,225.00","16,318.30","15,512.05","15,723.20","34,071"
"28-Jan-2019","15,710.05","15,800.00","14,951.10","15,052.40","29,244"
"29-Jan-2019","15,030.00","15,525.00","14,855.00","15,456.35","29,614"
"30-Jan-2019","15,460.00","15,590.25","15,175.30","15,450.35","16,654"
"31-Jan-2019","15,499.85","15,912.25","15,450.00","15,714.70","36,653"
"01-Feb-2019","15,802.00","16,140.00","15,600.00","15,782.00","39,190"
"04-Feb-2019","15,610.00","15,988.90","15,527.65","15,906.90","13,365"
"05-Feb-2019","15,860.00","15,944.00","15,600.50","15,675.65","11,291"
"06-Feb-2019","15,800.00","16,150.00","15,614.05","16,031.15","13,200"
"07-Feb-2019","16,136.50","16,388.85","15,999.90","16,245.70","15,911"
"08-Feb-2019","16,193.50","16,493.20","15,850.00","16,192.80","19,404"
"11-Feb-2019","16,100.00","16,190.00","15,825.10","15,963.35","11,517"
"12-Feb-2019","15,950.00","16,217.95","15,731.00","15,821.35","14,344"
"13-Feb-2019","15,969.00","15,969.00","15,531.60","15,605.35","17,175"
"14-Feb-2019","15,556.00","15,650.00","15,250.00","15,607.65","13,582"
"15-Feb-2019","15,467.05","15,660.00","15,077.65","15,614.65","17,211"
"18-Feb-2019","15,588.00","15,588.00","15,046.45","15,272.10","29,892"
"19-Feb-2019","15,369.95","15,431.05","15,179.25","15,319.05","26,489"
"20-Feb-2019","15,379.95","15,844.00","15,350.00","15,706.20","28,950"
"21-Feb-2019","15,632.00","16,240.60","15,632.00","16,104.65","29,323"
"22-Feb-2019","16,000.15","16,340.00","15,809.60","16,146.00","11,780"
"25-Feb-2019","16,249.00","16,620.00","16,172.05","16,515.85","19,223"
"26-Feb-2019","16,311.20","16,926.70","16,311.20","16,594.15","33,129"
"27-Feb-2019","16,699.00","17,155.10","16,519.95","16,719.65","35,008"
"28-Feb-2019","16,798.10","16,948.95","16,434.35","16,592.80","24,556"
"01-Mar-2019","16,612.00","16,835.65","16,562.05","16,687.35","27,102"
"05-Mar-2019","16,759.00","17,377.00","16,687.35","17,246.30","31,504"
"06-Mar-2019","17,200.00","17,644.45","17,160.05","17,474.20","30,011"
"07-Mar-2019","17,540.00","17,696.90","17,290.55","17,468.50","27,342"
"08-Mar-2019","17,450.00","17,669.90","17,350.00","17,629.40","15,235"
"11-Mar-2019","17,680.00","18,094.90","17,637.25","17,975.05","33,353"
"12-Mar-2019","18,101.00","18,216.95","17,960.50","18,106.85","19,967"
"13-Mar-2019","18,092.45","18,092.45","17,779.75","17,929.00","20,081"
"14-Mar-2019","17,851.20","17,979.00","17,601.40","17,700.25","20,798"
"15-Mar-2019","17,602.00","17,856.10","17,451.40","17,520.70","33,538"
"18-Mar-2019","17,620.00","17,874.00","17,607.05","17,788.65","21,078"
"19-Mar-2019","17,800.00","18,184.85","17,725.05","18,051.50","22,578"
"20-Mar-2019","18,051.05","18,099.00","17,915.10","18,037.50","10,569"
"22-Mar-2019","18,099.80","18,199.00","17,850.05","18,118.25","24,953"
"25-Mar-2019","18,138.00","18,138.00","17,740.30","17,831.60","10,956"
"26-Mar-2019","17,884.85","18,499.00","17,806.30","18,126.20","14,791"
"27-Mar-2019","18,239.45","18,300.00","17,790.00","17,885.60","22,358"
"28-Mar-2019","17,914.00","18,449.00","17,657.45","18,268.85","46,017"
"29-Mar-2019","18,160.50","18,949.00","17,930.00","18,667.65","40,667"
"01-Apr-2019","18,760.00","18,989.10","18,610.00","18,796.75","31,745"
"02-Apr-2019","18,796.00","18,796.00","18,457.50","18,499.40","19,576"
"03-Apr-2019","18,556.95","18,735.00","18,422.00","18,606.30","17,623"
"04-Apr-2019","18,800.00","19,092.95","18,600.00","18,872.60","55,872"
"05-Apr-2019","18,887.80","19,156.85","18,870.00","19,079.40","40,097"
"08-Apr-2019","19,100.00","19,225.00","18,696.85","18,825.40","22,171"
"09-Apr-2019","18,886.95","19,021.70","18,508.00","18,952.85","14,921"
"10-Apr-2019","19,045.00","19,068.75","18,600.00","18,992.00","39,760"
"11-Apr-2019","19,000.00","19,050.00","18,856.05","18,966.95","22,426"
"12-Apr-2019","18,905.00","19,184.80","18,904.55","19,071.95","14,773"
"15-Apr-2019","19,100.00","19,400.00","19,072.40","19,384.90","11,306"
"16-Apr-2019","19,400.00","19,667.40","19,366.35","19,595.50","12,741"
"18-Apr-2019","19,598.10","19,819.90","19,333.20","19,693.85","29,306"
"22-Apr-2019","19,570.00","19,770.45","19,320.00","19,408.90","11,051"
"23-Apr-2019","19,330.00","19,580.00","19,205.00","19,292.40","18,703"
"24-Apr-2019","19,250.00","19,425.00","18,917.00","19,397.45","38,710"
"25-Apr-2019","19,400.00","20,140.05","19,281.60","19,901.80","87,157"
"26-Apr-2019","20,000.00","20,093.00","19,850.00","20,015.90","40,592"
"30-Apr-2019","19,950.05","20,200.00","19,622.35","19,789.50","32,656"
"02-May-2019","19,750.00","20,000.85","19,577.60","19,899.90","17,985"
"03-May-2019","19,776.00","20,100.00","19,776.00","19,871.75","16,086"
"06-May-2019","19,800.00","19,919.25","19,591.00","19,766.40","16,459"
"07-May-2019","19,820.00","19,995.00","19,555.00","19,766.60","29,843"
"08-May-2019","19,800.20","19,900.00","19,488.00","19,832.50","28,232"
"09-May-2019","19,727.35","19,769.45","19,198.00","19,318.90","23,751"
"10-May-2019","19,250.00","19,366.00","18,900.00","18,983.30","34,078"
"13-May-2019","19,030.00","19,093.50","18,564.25","18,817.15","23,573"
"14-May-2019","18,723.05","19,062.35","18,540.40","18,954.25","19,376"
"15-May-2019","18,995.00","19,217.55","18,865.50","19,013.60","26,379"
"16-May-2019","19,000.00","19,657.90","18,705.15","19,417.70","26,654"
"17-May-2019","19,350.00","19,748.00","19,000.00","19,480.55","34,590"
"20-May-2019","19,832.00","20,656.95","19,756.40","20,346.25","55,622"
"21-May-2019","20,344.75","20,935.00","20,243.05","20,480.65","40,706"
"22-May-2019","20,352.00","20,480.65","20,022.00","20,207.50","28,563"
"23-May-2019","20,585.00","21,272.85","20,476.35","20,817.80","77,139"
"24-May-2019","20,953.00","21,107.50","20,805.80","20,927.20","37,282"
"27-May-2019","20,899.95","21,600.00","20,852.25","21,471.00","44,826"
"28-May-2019","21,465.00","21,779.00","21,229.00","21,651.70","45,825"
"29-May-2019","21,699.85","21,699.85","21,406.35","21,636.85","11,962"
"30-May-2019","21,598.10","21,950.00","21,280.65","21,435.70","26,839"
"31-May-2019","21,400.00","21,787.90","21,367.10","21,618.75","51,448"
"03-Jun-2019","21,605.05","21,950.00","21,549.55","21,877.65","17,878"
"04-Jun-2019","21,676.00","22,080.00","21,125.55","21,200.50","24,518"
"06-Jun-2019","21,300.00","21,686.90","20,466.25","20,618.40","39,208"
"07-Jun-2019","20,500.05","20,999.95","20,410.00","20,739.25","21,847"
"10-Jun-2019","20,849.85","20,972.25","20,657.70","20,807.65","26,806"
"11-Jun-2019","20,790.00","20,949.95","20,576.00","20,782.25","10,997"
"12-Jun-2019","20,779.00","20,779.00","20,324.05","20,546.05","33,923"
"13-Jun-2019","20,600.00","20,875.00","20,410.80","20,760.25","30,731"
"14-Jun-2019","20,731.60","20,900.00","20,305.00","20,463.25","13,119"
"17-Jun-2019","20,463.25","20,498.50","19,857.10","19,991.75","20,508"
"18-Jun-2019","19,961.00","20,726.00","19,876.95","20,538.80","24,799"
"19-Jun-2019","20,574.50","20,648.95","20,300.00","20,438.55","19,988"
"20-Jun-2019","20,452.15","21,270.00","20,059.60","21,199.55","41,269"
"21-Jun-2019","21,105.00","21,305.00","20,987.15","21,154.40","35,961"
"24-Jun-2019","21,154.40","21,389.75","21,000.65","21,081.30","21,987"
"25-Jun-2019","21,000.00","21,715.00","20,980.05","21,589.25","21,206"
"26-Jun-2019","21,453.50","22,030.00","21,410.00","21,860.10","19,040"
"27-Jun-2019","21,810.05","22,100.35","21,651.10","21,887.90","63,640"
"28-Jun-2019","21,900.00","22,019.95","21,587.55","21,820.80","22,816"
"01-Jul-2019","21,870.00","22,399.90","21,400.00","21,469.05","20,072"
"02-Jul-2019","21,550.00","21,648.10","21,370.10","21,551.90","18,109"
"03-Jul-2019","21,625.00","21,636.85","21,270.15","21,486.80","12,129"
"04-Jul-2019","21,622.00","21,772.30","21,349.05","21,605.25","31,351"
"05-Jul-2019","21,750.00","21,894.25","21,199.05","21,366.00","36,173"
"08-Jul-2019","21,400.00","21,433.75","20,771.25","20,815.00","18,389"
"09-Jul-2019","20,820.05","21,363.40","20,650.05","21,205.75","16,588"
"10-Jul-2019","21,100.00","21,414.00","20,969.05","21,199.55","22,041"
"11-Jul-2019","21,210.25","21,500.00","21,210.25","21,436.75","14,155"
"12-Jul-2019","21,457.50","21,661.05","21,214.00","21,354.85","17,786"
"15-Jul-2019","21,369.80","21,543.05","21,131.90","21,464.80","8,627"
"16-Jul-2019","21,400.00","21,673.40","21,300.00","21,562.00","17,697"
"17-Jul-2019","21,559.00","21,765.00","21,399.00","21,509.20","11,653"
"18-Jul-2019","21,558.10","21,700.00","21,349.70","21,421.00","11,027"
"19-Jul-2019","21,549.00","21,704.60","21,000.00","21,145.80","28,283"
"22-Jul-2019","21,145.80","21,145.80","20,601.10","20,939.95","17,265"
"23-Jul-2019","21,049.65","21,390.00","20,616.80","20,758.70","18,967"
"24-Jul-2019","20,825.00","20,849.90","20,431.10","20,675.55","14,107"
"25-Jul-2019","20,503.00","21,295.00","20,503.00","21,189.55","24,595"
"26-Jul-2019","21,170.00","21,541.40","20,955.15","21,431.30","16,163"
"29-Jul-2019","21,431.25","21,476.65","20,961.50","21,095.45","13,281"
"30-Jul-2019","21,087.45","21,232.95","20,601.00","20,768.70","23,220"
"31-Jul-2019","20,551.20","20,673.55","19,889.55","20,164.25","46,252"
"01-Aug-2019","20,063.00","20,150.00","19,691.00","20,001.75","48,049"
"02-Aug-2019","19,999.00","20,098.00","19,564.10","20,001.20","28,627"
"05-Aug-2019","19,750.00","20,045.00","19,662.35","19,964.70","14,878"
"06-Aug-2019","19,880.00","20,424.95","19,825.50","20,206.45","36,366"
"07-Aug-2019","20,206.00","20,647.05","20,000.15","20,180.85","20,085"
"08-Aug-2019","20,201.00","20,539.10","19,563.00","20,109.95","27,813"
"09-Aug-2019","20,295.00","20,918.30","20,101.00","20,270.00","52,782"
"13-Aug-2019","20,000.50","20,078.00","19,401.45","19,698.75","94,885"
"14-Aug-2019","19,730.00","20,073.75","19,470.10","19,676.70","26,811"
"16-Aug-2019","19,839.00","19,839.00","19,210.10","19,475.85","24,210"
"19-Aug-2019","19,750.00","19,750.00","19,314.20","19,409.65","10,896"
"20-Aug-2019","19,467.85","19,475.90","18,755.00","19,008.50","42,664"
"21-Aug-2019","19,100.00","19,100.05","18,668.55","18,701.95","42,828"
"22-Aug-2019","18,672.40","18,789.95","18,311.05","18,439.05","21,633"
"23-Aug-2019","18,370.00","18,500.00","18,272.30","18,409.35","51,752"
"26-Aug-2019","18,687.00","18,923.00","17,929.15","18,781.15","23,442"
"27-Aug-2019","18,802.50","19,599.45","18,800.00","19,066.80","24,935"
"28-Aug-2019","19,066.80","19,499.25","18,959.05","19,110.20","7,427"
"29-Aug-2019","19,110.20","19,210.95","18,400.00","18,520.00","38,054"
"30-Aug-2019","18,570.00","18,614.95","18,279.00","18,573.80","31,940"
"03-Sep-2019","18,579.00","18,579.00","17,630.30","17,810.40","41,193"
"04-Sep-2019","17,826.00","17,848.10","17,285.70","17,711.15","35,965"
"05-Sep-2019","17,791.85","18,039.90","17,466.00","17,602.75","36,486"
"06-Sep-2019","17,650.60","17,960.00","17,507.95","17,870.50","19,786"
"09-Sep-2019","17,870.50","18,250.00","17,616.00","18,068.40","26,145"
"11-Sep-2019","18,198.95","18,573.10","17,921.40","18,490.35","66,945"
"12-Sep-2019","18,562.30","18,645.05","18,327.55","18,582.05","23,415"
"13-Sep-2019","18,600.00","18,951.00","18,469.35","18,798.45","15,363"
"16-Sep-2019","18,700.00","19,037.85","18,573.55","18,897.05","19,422"
"17-Sep-2019","19,065.00","19,065.00","18,457.05","18,693.45","27,802"
"18-Sep-2019","18,932.20","18,932.20","18,518.50","18,687.20","15,362"
"19-Sep-2019","18,700.00","18,700.00","17,780.00","17,927.10","21,848"
"20-Sep-2019","17,975.00","20,490.00","17,717.10","19,250.10","115,041"
"23-Sep-2019","19,385.05","20,326.00","19,385.05","19,918.30","51,273"
"24-Sep-2019","20,000.00","20,201.00","19,601.00","19,931.00","38,944"
"25-Sep-2019","20,145.00","20,145.00","19,175.40","19,457.40","21,188"
"26-Sep-2019","19,399.00","19,653.20","19,269.15","19,365.00","25,103"
"27-Sep-2019","19,486.05","19,486.05","19,200.00","19,325.20","12,894"
"30-Sep-2019","19,200.00","19,243.00","18,802.00","18,888.15","18,688"
"01-Oct-2019","18,915.15","19,130.45","18,350.00","18,593.75","20,868"
"03-Oct-2019","18,400.00","18,643.95","18,127.65","18,259.60","16,230"
"04-Oct-2019","18,375.70","18,391.50","18,004.55","18,128.30","25,842"
"07-Oct-2019","18,240.00","18,240.00","17,727.00","17,826.30","11,866"
"09-Oct-2019","17,937.70","18,539.35","17,733.30","18,482.75","29,201"
"10-Oct-2019","18,350.00","18,549.65","18,116.00","18,268.75","10,771"
"11-Oct-2019","18,382.95","18,570.00","18,311.00","18,374.55","13,627"
"14-Oct-2019","18,400.00","18,822.10","18,351.10","18,695.60","8,088"
"15-Oct-2019","18,750.00","18,860.95","18,511.05","18,584.75","37,879"
"16-Oct-2019","18,699.90","18,775.00","18,501.00","18,595.85","21,922"
"17-Oct-2019","18,650.00","18,699.95","17,750.00","18,190.35","40,037"
"18-Oct-2019","18,304.00","18,795.90","18,220.10","18,679.75","22,362"
"22-Oct-2019","19,400.00","20,312.45","19,258.25","19,515.60","115,473"
"23-Oct-2019","19,629.80","19,987.85","19,461.00","19,764.95","25,321"
"24-Oct-2019","19,888.50","20,449.00","19,791.90","20,305.00","28,488"
"25-Oct-2019","20,280.00","20,458.90","20,025.00","20,130.75","13,730"
"27-Oct-2019","20,399.00","20,399.00","20,000.80","20,193.40","2,434"
"29-Oct-2019","20,130.00","20,401.75","20,068.90","20,341.05","15,432"
"30-Oct-2019","20,600.00","20,600.00","20,070.00","20,246.95","20,701"
"31-Oct-2019","20,296.00","20,394.00","19,802.70","19,903.05","37,267"
"01-Nov-2019","19,952.60","20,300.00","19,803.00","20,003.65","17,769"
"04-Nov-2019","19,912.65","20,340.00","19,912.65","20,106.45","31,973"
"05-Nov-2019","20,199.00","20,199.00","19,791.55","19,829.30","17,968"
"06-Nov-2019","19,830.00","19,913.10","19,601.00","19,801.00","18,853"
"07-Nov-2019","19,950.00","20,157.65","19,873.55","20,040.75","24,010"
"08-Nov-2019","20,099.90","20,166.00","19,711.00","19,985.95","22,206"
"11-Nov-2019","19,870.00","19,967.00","19,612.55","19,784.00","9,335"
"13-Nov-2019","19,825.00","20,268.75","19,700.00","19,744.40","15,764"
"14-Nov-2019","19,750.05","19,977.20","19,550.05","19,670.50","18,505"
"15-Nov-2019","19,793.40","19,800.00","19,368.05","19,531.75","31,867"
"18-Nov-2019","19,745.00","20,094.00","19,577.45","19,869.30","22,159"
"19-Nov-2019","19,900.00","20,077.95","19,688.30","20,006.80","27,681"
"20-Nov-2019","20,003.40","20,680.00","20,003.40","20,289.95","46,837"
"21-Nov-2019","20,290.00","20,574.95","20,216.60","20,294.70","23,206"
"22-Nov-2019","20,300.00","20,540.00","20,260.65","20,297.70","17,906"
"25-Nov-2019","20,399.00","20,660.85","20,266.60","20,579.75","20,819"
"26-Nov-2019","20,685.00","21,230.95","20,590.00","21,039.85","89,725"
"27-Nov-2019","21,098.00","21,393.65","20,841.95","21,337.95","24,877"
"28-Nov-2019","21,237.80","21,438.00","21,104.00","21,185.40","15,537"
"29-Nov-2019","21,230.00","21,299.20","20,915.20","20,996.55","18,164"
"02-Dec-2019","21,099.95","21,099.95","20,789.75","20,918.00","16,202"
"03-Dec-2019","20,910.00","21,089.00","20,320.00","20,521.05","17,516"
"04-Dec-2019","20,599.85","20,599.85","20,190.90","20,436.80","18,011"
"05-Dec-2019","20,425.00","20,515.55","20,133.05","20,392.55","17,546"
"06-Dec-2019","20,490.00","20,578.50","20,239.85","20,304.70","15,533"
"09-Dec-2019","20,290.05","20,507.70","20,208.05","20,321.15","11,876"
"10-Dec-2019","20,330.00","20,333.25","19,950.00","20,106.60","28,297"
"11-Dec-2019","20,167.10","20,284.95","19,838.20","19,969.60","18,120"
"12-Dec-2019","19,987.00","20,200.00","19,902.20","20,086.00","12,362"
"13-Dec-2019","20,211.50","20,469.65","20,101.00","20,383.90","22,287"
"16-Dec-2019","20,383.90","20,425.00","20,242.15","20,302.15","13,208"
"17-Dec-2019","20,390.00","20,720.00","20,220.75","20,595.85","21,035"
"18-Dec-2019","20,510.00","20,640.00","20,133.25","20,338.80","21,054"
"19-Dec-2019","20,348.00","20,410.00","20,152.00","20,316.70","6,684"
"20-Dec-2019","20,356.75","20,693.05","20,215.15","20,553.30","33,192"
"23-Dec-2019","20,539.95","20,607.70","20,257.60","20,298.65","18,322"
"24-Dec-2019","20,379.00","20,379.00","20,114.05","20,269.30","5,527"
"26-Dec-2019","20,298.95","20,429.25","20,189.45","20,334.45","14,566"
"27-Dec-2019","20,389.90","20,640.00","20,280.00","20,506.10","7,982"
"30-Dec-2019","20,590.00","20,649.00","20,272.25","20,497.35","10,649"
"31-Dec-2019","20,489.00","20,519.45","20,330.35","20,363.95","7,138"
"01-Jan-2020","20,375.00","20,489.00","20,287.05","20,319.90","4,879"
"02-Jan-2020","20,320.00","21,279.90","20,320.00","21,232.15","31,788"
"03-Jan-2020","21,200.00","21,398.95","20,950.00","21,122.25","19,053"
"06-Jan-2020","21,124.80","21,219.95","20,591.40","21,064.40","25,717"
"07-Jan-2020","21,097.15","22,050.00","20,951.00","21,963.15","83,884"
"08-Jan-2020","21,849.00","22,691.65","21,710.30","22,441.30","68,506"
"09-Jan-2020","22,521.80","22,959.85","22,327.25","22,814.55","40,252"
"10-Jan-2020","22,866.50","23,409.50","22,723.65","23,345.40","41,458"
"13-Jan-2020","23,270.00","24,263.05","23,227.05","23,829.20","55,253"
"14-Jan-2020","23,670.00","23,820.20","23,424.75","23,560.00","22,816"
"15-Jan-2020","23,670.00","23,800.00","23,351.50","23,728.55","24,055"
"16-Jan-2020","23,750.00","24,100.00","23,065.65","23,290.85","59,132"
"17-Jan-2020","23,335.00","23,646.40","23,205.00","23,325.90","32,537"
"20-Jan-2020","23,333.20","23,508.80","23,039.95","23,133.10","26,423"
"21-Jan-2020","23,160.10","23,398.70","22,831.55","22,953.50","29,652"
"22-Jan-2020","22,960.00","23,299.95","22,887.00","23,016.70","28,102"
"23-Jan-2020","23,016.70","23,200.00","22,911.10","23,079.05","15,181"
"24-Jan-2020","23,011.10","23,302.00","22,870.00","23,134.65","31,218"
"27-Jan-2020","23,099.90","23,766.00","22,960.15","23,598.45","35,307"
"28-Jan-2020","23,560.00","23,990.00","23,363.05","23,442.00","13,422"
"29-Jan-2020","23,539.10","23,780.00","23,206.10","23,506.20","13,788"
"30-Jan-2020","23,427.30","23,649.00","23,279.20","23,485.30","18,380"
"31-Jan-2020","23,627.30","23,683.00","22,827.65","23,006.90","26,041"
"01-Feb-2020","22,999.95","23,490.00","22,250.15","22,416.10","16,115"
"03-Feb-2020","22,416.10","23,354.00","22,410.05","23,267.50","19,173"
"04-Feb-2020","23,400.00","24,659.30","23,303.20","24,485.40","46,295"
"05-Feb-2020","24,412.05","25,290.00","24,412.05","24,893.45","65,213"
"06-Feb-2020","25,048.00","25,274.95","24,750.25","25,012.70","35,930"
"07-Feb-2020","25,020.05","25,355.00","24,700.00","24,918.15","15,201"
"10-Feb-2020","25,000.00","25,149.25","24,820.50","24,961.65","33,336"
"11-Feb-2020","25,050.00","25,240.45","24,694.30","24,813.45","9,352"
"12-Feb-2020","24,981.00","25,146.00","24,441.00","24,689.95","15,946"
"13-Feb-2020","24,700.00","24,893.20","24,456.30","24,616.10","15,155"
"14-Feb-2020","24,750.00","24,913.05","24,178.65","24,433.60","44,419"
"17-Feb-2020","24,320.00","24,445.50","23,955.00","24,028.05","14,630"
"18-Feb-2020","24,000.00","24,000.00","23,300.75","23,777.25","39,818"
"19-Feb-2020","24,850.00","25,199.90","24,316.80","24,533.25","156,489"
"20-Feb-2020","24,400.00","24,791.65","24,270.65","24,407.40","32,057"
"24-Feb-2020","24,100.00","24,576.10","23,684.05","23,831.60","29,338"
"25-Feb-2020","23,831.60","23,999.00","23,478.05","23,572.05","38,362"
"26-Feb-2020","23,488.85","23,597.30","23,153.10","23,465.15","34,970"
"27-Feb-2020","23,549.00","23,927.30","23,136.80","23,812.55","80,008"
"28-Feb-2020","23,400.00","23,729.00","22,463.95","22,670.95","91,009"
"02-Mar-2020","22,810.00","23,427.95","22,800.35","23,042.00","58,063"
"03-Mar-2020","23,299.95","23,844.95","23,050.00","23,593.15","28,737"
"04-Mar-2020","23,799.00","23,896.50","22,801.00","23,256.00","44,423"
"05-Mar-2020","23,283.00","23,581.30","23,001.00","23,066.20","43,550"
"06-Mar-2020","22,799.90","23,300.00","22,502.00","23,110.45","34,236"
"09-Mar-2020","23,000.50","23,000.95","21,712.00","21,860.15","62,959"
"11-Mar-2020","21,780.00","22,303.95","21,578.20","21,894.90","50,666"
"12-Mar-2020","21,006.15","21,540.00","20,128.15","20,273.50","81,474"
"13-Mar-2020","19,100.50","21,613.00","18,250.50","21,308.20","65,294"
"16-Mar-2020","20,405.00","21,388.00","18,550.00","20,158.05","124,718"
"17-Mar-2020","19,905.05","20,796.00","19,350.00","20,005.50","61,210"
"18-Mar-2020","20,299.00","20,600.00","18,100.00","19,293.95","447,921"
"19-Mar-2020","17,990.00","19,458.00","16,399.90","17,731.45","130,151"
"20-Mar-2020","17,385.00","19,186.30","17,026.75","18,903.65","109,691"
"23-Mar-2020","17,113.00","17,579.95","16,068.15","16,959.40","64,085"
"24-Mar-2020","17,400.00","18,180.05","16,380.45","16,980.00","73,476"
"25-Mar-2020","16,800.00","17,947.35","16,551.45","17,438.25","43,063"
"26-Mar-2020","17,450.00","18,050.00","17,107.60","17,554.05","68,024"
"27-Mar-2020","17,800.00","18,569.60","16,836.05","17,666.25","56,733"
"30-Mar-2020","17,000.00","17,600.00","16,100.65","16,935.45","61,908"
"31-Mar-2020","17,274.15","17,716.90","16,917.00","17,546.35","51,027"
"01-Apr-2020","17,500.00","17,546.30","16,500.00","16,549.65","48,939"
"03-Apr-2020","16,661.20","16,698.45","15,410.00","15,783.80","77,720"
"07-Apr-2020","16,090.00","16,850.00","15,882.15","16,634.55","92,287"
"08-Apr-2020","16,351.15","17,031.00","15,918.80","16,063.95","122,755"
"09-Apr-2020","16,208.00","17,010.00","16,135.00","16,935.30","92,986"
"13-Apr-2020","16,900.00","17,801.30","16,222.30","17,301.10","86,675"
"15-Apr-2020","17,389.05","18,547.20","17,368.00","18,138.55","125,808"
"16-Apr-2020","18,050.20","19,348.95","17,551.25","18,928.90","112,627"
"17-Apr-2020","19,400.00","19,731.70","18,785.40","18,946.75","74,780"
"20-Apr-2020","19,025.00","19,338.95","18,931.35","18,996.90","48,069"
"21-Apr-2020","18,900.00","19,000.00","18,237.20","18,828.45","43,173"
"22-Apr-2020","18,838.45","19,620.00","18,611.95","19,217.15","70,880"
"23-Apr-2020","19,050.00","19,175.00","18,601.05","18,707.75","41,913"
"24-Apr-2020","18,739.00","18,927.30","18,382.55","18,587.45","34,410"
"27-Apr-2020","18,655.00","19,200.00","18,655.00","19,021.85","37,872"
"28-Apr-2020","19,080.00","19,394.95","18,800.05","18,865.90","29,420"
"29-Apr-2020","18,999.00","19,250.00","18,950.35","19,171.45","25,467"
"30-Apr-2020","19,300.00","19,890.00","19,118.45","19,767.90","53,649"
"04-May-2020","19,174.00","19,304.65","18,540.00","18,625.00","35,572"
"05-May-2020","18,675.50","18,899.85","18,250.00","18,512.00","43,081"
"06-May-2020","18,624.95","18,930.00","18,523.55","18,741.90","31,793"
"07-May-2020","18,741.90","18,884.20","18,041.95","18,432.40","44,718"
"08-May-2020","18,680.00","18,879.45","18,450.10","18,732.75","37,689"
"11-May-2020","19,099.00","19,299.00","18,812.75","18,914.90","86,212"
"12-May-2020","18,845.25","19,232.00","18,416.50","19,127.20","45,808"
"13-May-2020","19,534.95","20,309.95","19,442.45","19,763.25","97,463"
"14-May-2020","19,700.00","19,928.85","19,165.10","19,310.80","76,779"
"15-May-2020","19,509.90","19,563.55","18,811.50","19,180.50","52,718"
"18-May-2020","19,200.00","19,239.45","18,000.00","18,152.70","66,740"
"19-May-2020","18,300.00","18,820.00","18,075.00","18,340.75","68,436"
"20-May-2020","18,351.05","20,150.45","18,351.05","19,411.65","95,883"
"21-May-2020","19,156.00","19,349.60","18,750.00","19,251.15","83,404"
"22-May-2020","19,019.00","20,079.95","18,803.20","19,910.25","97,537"
"26-May-2020","19,810.10","20,759.95","19,700.00","20,667.30","115,383"
"27-May-2020","20,702.75","20,900.00","20,300.00","20,477.55","81,015"
"28-May-2020","20,649.00","21,163.35","20,260.80","20,808.90","77,640"
"29-May-2020","20,850.00","21,049.00","20,608.90","20,857.30","76,672"
"01-Jun-2020","20,857.30","21,464.70","20,855.50","21,069.35","74,696"
"02-Jun-2020","21,180.00","21,340.00","20,952.65","21,201.00","42,170"
"03-Jun-2020","21,544.00","21,740.00","21,251.00","21,630.10","49,111"
"04-Jun-2020","21,611.00","21,869.50","21,067.40","21,396.65","43,072"
"05-Jun-2020","21,500.00","22,430.00","21,500.00","22,089.60","55,227"
"08-Jun-2020","22,117.75","22,296.50","21,000.00","21,180.90","73,283"
"09-Jun-2020","21,535.95","21,585.00","20,908.80","21,009.80","64,086"
"10-Jun-2020","21,171.05","21,611.05","21,149.85","21,513.30","49,867"
"11-Jun-2020","21,648.00","21,648.00","21,204.50","21,251.20","49,993"
"12-Jun-2020","20,700.00","23,137.25","20,700.00","22,392.65","147,218"
"15-Jun-2020","22,260.00","22,361.05","21,750.00","22,117.25","99,776"
"16-Jun-2020","22,291.70","22,539.95","21,800.00","22,111.30","70,321"
"17-Jun-2020","21,978.00","22,079.50","21,514.30","21,635.40","70,852"
"18-Jun-2020","21,718.00","21,998.95","21,410.00","21,866.10","83,639"
"19-Jun-2020","21,840.00","21,930.00","21,566.45","21,678.95","64,310"
"22-Jun-2020","21,710.00","22,199.95","21,530.05","22,017.60","97,692"
"23-Jun-2020","22,100.00","22,943.10","22,050.00","22,756.25","56,193"
"24-Jun-2020","22,750.00","23,068.00","22,330.00","22,566.25","67,022"
"25-Jun-2020","22,495.00","22,619.10","21,889.00","22,068.80","47,016"
"26-Jun-2020","22,111.00","22,700.00","21,863.40","22,523.85","56,262"
"29-Jun-2020","22,450.00","22,483.85","21,927.60","22,341.95","49,397"
"30-Jun-2020","22,353.85","23,330.00","22,341.95","23,051.05","102,429"
"01-Jul-2020","22,814.35","23,215.00","22,516.80","22,663.50","71,638"
"02-Jul-2020","22,850.00","22,950.00","22,511.00","22,762.85","42,084"
"03-Jul-2020","22,985.00","22,987.55","22,737.55","22,872.65","31,513"
"06-Jul-2020","22,879.00","23,215.00","22,850.75","23,111.15","84,877"
"07-Jul-2020","23,072.50","23,087.65","22,656.00","22,824.10","41,646"
"08-Jul-2020","22,900.00","23,050.00","22,345.95","22,439.80","57,101"
"09-Jul-2020","22,622.00","22,915.00","22,380.20","22,803.60","48,256"
"10-Jul-2020","22,799.00","22,799.00","22,182.20","22,295.40","44,546"
"13-Jul-2020","22,460.00","22,627.85","22,250.00","22,311.20","52,262"
"14-Jul-2020","22,388.00","22,394.80","21,710.45","22,085.75","61,251"
"15-Jul-2020","22,101.00","22,274.00","21,750.00","21,843.25","48,201"
"16-Jul-2020","22,031.90","22,031.90","21,250.00","21,731.10","42,359"
"17-Jul-2020","21,731.10","22,400.00","21,606.00","22,269.95","38,076"
"20-Jul-2020","22,325.05","22,399.90","22,007.30","22,266.10","38,325"
"21-Jul-2020","22,495.00","22,810.00","22,260.15","22,440.75","73,617"
"22-Jul-2020","22,500.00","22,534.90","21,919.30","21,979.45","44,686"
"23-Jul-2020","22,023.00","22,129.45","21,501.00","21,568.15","69,558"
"24-Jul-2020","21,547.10","21,600.00","21,160.00","21,332.75","58,309"
"27-Jul-2020","21,449.95","21,590.00","21,015.95","21,113.85","61,733"
"28-Jul-2020","21,147.00","22,020.00","21,110.00","21,915.75","96,902"
"29-Jul-2020","21,696.60","22,200.00","21,624.00","21,743.65","65,355"
"30-Jul-2020","21,845.00","22,025.00","21,300.00","21,395.10","51,699"
"31-Jul-2020","21,395.50","21,890.00","21,350.00","21,711.15","50,697"
"03-Aug-2020","21,670.05","21,864.05","21,490.00","21,747.25","29,527"
"04-Aug-2020","21,700.00","21,940.95","21,325.90","21,593.75","52,275"
"05-Aug-2020","21,793.35","22,150.00","21,451.10","22,103.90","84,442"
"06-Aug-2020","22,120.00","22,165.00","21,530.00","21,722.85","56,603"
"07-Aug-2020","21,900.00","22,074.15","21,621.30","21,910.10","41,439"
"10-Aug-2020","22,200.00","22,550.00","21,939.55","22,396.40","125,348"
"11-Aug-2020","21,920.00","21,989.95","21,322.00","21,551.60","188,583"
"12-Aug-2020","21,566.00","21,634.70","21,270.00","21,378.90","72,534"
"13-Aug-2020","21,569.00","21,644.45","21,103.30","21,237.00","66,877"
"14-Aug-2020","21,395.00","21,700.00","21,201.55","21,458.25","78,902"
"17-Aug-2020","21,600.00","21,649.90","21,401.00","21,512.75","34,712"
"18-Aug-2020","21,512.75","21,950.00","21,512.75","21,914.30","76,377"
"19-Aug-2020","22,148.00","22,173.30","21,850.05","22,081.30","47,993"
"20-Aug-2020","21,974.00","22,236.45","21,788.20","22,080.20","37,684"
"21-Aug-2020","22,160.00","22,467.80","22,100.30","22,317.75","34,260"
"24-Aug-2020","22,317.75","22,543.00","22,156.00","22,210.75","37,880"
"25-Aug-2020","22,260.20","22,461.75","21,650.00","21,810.75","64,964"
"26-Aug-2020","21,950.00","21,999.00","21,600.05","21,710.65","38,074"
"27-Aug-2020","21,710.65","21,753.30","21,460.00","21,528.00","40,826"
"28-Aug-2020","21,645.00","21,800.00","21,251.50","21,329.55","52,820"
"31-Aug-2020","21,478.90","21,550.00","20,010.00","20,283.00","114,636"
"01-Sep-2020","20,449.00","20,599.95","19,975.00","20,466.60","74,780"
"02-Sep-2020","20,599.00","20,748.40","20,450.00","20,563.60","49,617"
"03-Sep-2020","20,540.00","20,849.00","20,250.70","20,429.00","50,370"
"04-Sep-2020","20,300.00","20,500.00","19,950.00","20,025.30","64,482"
"07-Sep-2020","20,100.00","20,119.15","19,636.05","19,782.95","59,729"
"08-Sep-2020","19,782.95","20,199.00","19,272.10","19,355.85","65,858"
"09-Sep-2020","19,300.00","19,566.00","19,068.05","19,401.50","83,567"
"10-Sep-2020","19,500.00","19,750.00","19,319.00","19,643.35","44,713"
"11-Sep-2020","19,735.50","19,735.50","19,365.10","19,502.50","61,264"
"14-Sep-2020","19,512.30","19,985.00","19,500.00","19,789.50","60,868"
"15-Sep-2020","19,779.00","20,147.90","19,600.00","20,065.25","71,895"
"16-Sep-2020","20,065.25","20,492.55","19,946.15","20,387.85","51,069"
"17-Sep-2020","20,375.00","20,375.00","19,795.95","19,888.40","65,445"
"18-Sep-2020","19,915.00","20,108.55","19,399.50","19,520.95","82,189"
"21-Sep-2020","19,520.95","19,600.00","18,707.65","18,903.70","35,929"
"22-Sep-2020","19,075.00","19,187.20","18,424.00","18,982.45","71,503"
"23-Sep-2020","18,985.50","19,115.30","18,536.80","18,951.85","45,567"
"24-Sep-2020","18,800.00","18,846.90","18,183.55","18,341.95","64,618"
"25-Sep-2020","18,391.50","19,150.00","18,364.55","19,008.45","55,983"
"28-Sep-2020","19,200.00","19,655.00","19,080.00","19,533.15","40,663"
"29-Sep-2020","19,599.00","19,970.00","19,351.40","19,834.65","90,411"
"30-Sep-2020","19,860.00","20,535.00","19,661.85","20,256.95","121,119"
"01-Oct-2020","20,400.00","20,659.95","20,325.00","20,611.00","71,915"
"05-Oct-2020","20,600.00","20,719.05","20,000.00","20,131.80","63,076"
"06-Oct-2020","20,155.00","20,446.45","20,001.00","20,296.95","58,671"
"07-Oct-2020","20,325.00","20,800.00","20,097.95","20,712.50","78,989"
"08-Oct-2020","20,721.20","20,850.00","20,490.00","20,735.55","63,460"
"09-Oct-2020","20,800.00","21,250.00","20,686.50","21,198.50","90,353"
"12-Oct-2020","21,165.00","21,397.95","20,845.05","20,956.10","56,254"
"13-Oct-2020","20,951.00","21,700.00","20,850.00","21,088.00","115,699"
"14-Oct-2020","21,088.00","21,320.00","20,651.40","21,135.90","69,326"
"15-Oct-2020","21,260.00","21,260.00","20,505.20","20,642.25","55,002"
"16-Oct-2020","20,780.00","21,324.55","20,650.00","21,177.45","85,125"
"19-Oct-2020","21,200.00","21,400.00","21,022.10","21,102.25","48,532"
"20-Oct-2020","21,197.00","21,550.00","21,100.10","21,184.80","70,614"
"21-Oct-2020","21,250.00","21,426.95","20,680.15","21,147.50","57,076"
"22-Oct-2020","21,200.00","21,290.00","20,901.70","20,991.70","51,638"
"23-Oct-2020","21,165.00","21,272.30","20,257.05","20,521.15","78,236"
"26-Oct-2020","20,665.70","20,809.75","20,113.10","20,424.70","65,851"
"27-Oct-2020","20,548.50","22,100.00","20,424.75","21,734.35","239,232"
"28-Oct-2020","21,560.20","21,788.00","21,231.20","21,361.20","80,647"
"29-Oct-2020","21,299.00","21,799.95","21,105.05","21,677.00","71,428"
"30-Oct-2020","21,738.00","22,050.00","21,519.95","21,694.55","86,132"
"02-Nov-2020","21,694.55","21,898.55","21,512.10","21,671.35","46,682"
"03-Nov-2020","21,821.50","21,999.95","21,671.35","21,876.10","49,230"
"04-Nov-2020","21,876.10","22,077.05","21,725.25","21,910.35","61,879"
"05-Nov-2020","22,050.00","22,328.15","21,810.00","22,239.40","82,737"
"06-Nov-2020","22,155.00","22,378.90","21,960.00","22,053.05","58,031"
"09-Nov-2020","22,280.00","22,737.45","22,059.80","22,604.70","67,025"
"10-Nov-2020","22,630.00","23,230.00","22,630.00","22,762.80","112,826"
"11-Nov-2020","22,813.00","23,130.00","22,430.00","22,867.55","82,845"
"12-Nov-2020","23,120.00","23,624.00","22,880.00","23,441.60","178,595"
"13-Nov-2020","23,529.50","23,645.20","23,205.30","23,435.50","73,676"
"14-Nov-2020","23,500.00","23,600.00","23,280.45","23,363.25","7,626"
"17-Nov-2020","23,525.80","24,095.00","23,400.00","23,989.75","87,042"
"18-Nov-2020","23,989.75","24,134.70","23,756.00","24,069.25","57,487"
"19-Nov-2020","24,000.00","24,287.00","23,503.60","23,661.65","67,099"
"20-Nov-2020","23,827.30","24,010.95","23,630.30","23,948.70","50,600"
"23-Nov-2020","24,000.00","24,598.95","23,987.00","24,465.30","65,833"
"24-Nov-2020","24,550.00","24,688.90","24,067.15","24,243.55","66,479"
"25-Nov-2020","24,580.00","24,695.95","23,547.05","23,698.80","83,059"
"26-Nov-2020","23,949.00","24,600.00","23,700.00","24,381.15","74,560"
"27-Nov-2020","24,473.70","24,529.05","23,351.00","24,306.35","190,961"
"01-Dec-2020","25,555.00","25,655.50","24,549.40","24,908.40","95,268"
"02-Dec-2020","24,800.00","25,043.70","24,200.00","24,635.70","77,649"
"03-Dec-2020","24,785.00","25,040.60","24,702.35","24,905.15","57,012"
"04-Dec-2020","24,951.00","25,335.00","24,820.30","24,912.85","63,298"
"07-Dec-2020","25,000.00","25,089.00","24,724.00","24,954.15","39,743"
"08-Dec-2020","24,950.00","25,289.95","24,735.50","24,775.75","59,029"
"09-Dec-2020","24,890.00","24,949.20","24,351.00","24,420.70","67,836"
"10-Dec-2020","24,420.70","24,499.95","23,687.40","23,758.10","83,757"
"11-Dec-2020","23,780.00","23,958.00","23,585.05","23,805.00","54,705"
"14-Dec-2020","23,810.00","23,986.70","23,652.00","23,722.20","35,173"
"15-Dec-2020","23,750.00","24,325.00","23,722.20","24,259.65","75,628"
"16-Dec-2020","24,389.00","24,488.90","24,145.70","24,259.10","53,857"
"17-Dec-2020","24,383.70","24,899.00","24,315.00","24,510.40","75,262"
"18-Dec-2020","24,500.00","24,732.05","24,301.80","24,574.40","106,488"
"21-Dec-2020","24,550.00","24,550.00","23,249.15","23,717.50","55,774"
"22-Dec-2020","23,717.50","24,070.25","23,389.05","23,916.70","47,637"
"23-Dec-2020","23,916.70","24,240.00","23,830.90","23,894.40","30,687"
"24-Dec-2020","24,190.00","24,259.95","23,554.10","23,826.75","47,939"
"28-Dec-2020","24,000.00","24,109.95","23,571.05","23,715.55","58,822"
"29-Dec-2020","23,875.00","23,906.75","23,680.00","23,839.65","30,966"
"30-Dec-2020","23,872.30","24,701.60","23,750.00","24,599.95","57,743"
"31-Dec-2020","24,361.00","24,533.75","23,866.00","24,013.20","85,988"
"01-Jan-2021","24,050.00","24,276.50","23,865.00","23,950.30","50,972"
"04-Jan-2021","24,140.00","24,225.00","23,862.00","24,034.20","39,942"
"05-Jan-2021","24,199.00","24,199.00","23,701.05","23,895.50","47,363"
"06-Jan-2021","24,084.00","24,947.40","23,850.00","24,824.35","73,142"
"07-Jan-2021","24,715.00","25,200.00","24,659.85","25,002.15","73,979"
"08-Jan-2021","24,960.00","25,979.50","24,960.00","25,813.40","76,285"
"11-Jan-2021","25,800.00","25,950.00","25,400.00","25,569.30","58,276"
"12-Jan-2021","25,549.00","25,890.00","25,221.00","25,369.10","47,467"
"13-Jan-2021","25,585.00","25,600.00","24,567.50","24,726.40","71,497"
"14-Jan-2021","24,802.00","24,913.85","24,475.00","24,855.60","34,671"
"15-Jan-2021","24,720.00","24,844.70","24,212.85","24,413.80","35,232"
"18-Jan-2021","24,400.00","24,400.00","23,610.00","23,846.90","41,808"
"19-Jan-2021","23,801.00","24,474.85","23,789.00","24,374.50","38,386"
"20-Jan-2021","24,470.00","24,470.00","23,835.65","23,979.95","48,477"
"21-Jan-2021","24,075.00","24,299.80","23,602.00","23,719.00","51,819"
"22-Jan-2021","23,799.00","24,142.00","23,612.45","23,694.30","52,209"
"25-Jan-2021","24,050.00","24,050.00","23,160.80","23,255.65","55,464"
"27-Jan-2021","23,270.00","23,399.55","22,745.20","22,820.20","62,620"
"28-Jan-2021","22,745.00","23,189.85","22,670.65","23,106.30","41,756"
"29-Jan-2021","23,250.00","23,294.55","22,531.00","22,773.35","58,005"
"01-Feb-2021","23,100.00","24,690.45","22,711.95","24,543.60","112,280"
"02-Feb-2021","24,543.60","26,650.00","24,200.55","26,432.55","188,876"
"03-Feb-2021","26,400.00","26,579.00","25,731.05","25,994.40","110,699"
"04-Feb-2021","25,990.00","27,329.25","25,607.60","27,091.00","135,104"
"05-Feb-2021","27,112.50","27,286.95","26,614.05","26,722.85","63,260"
"08-Feb-2021","26,907.15","28,287.50","26,750.05","28,022.20","183,938"
"09-Feb-2021","27,360.10","28,599.10","27,360.10","28,165.80","137,375"
"10-Feb-2021","28,245.00","28,596.00","27,853.05","28,293.75","86,564"
"11-Feb-2021","28,268.00","28,500.00","28,010.25","28,344.20","54,109"
"12-Feb-2021","28,200.00","28,475.00","27,800.00","27,965.85","57,620"
"15-Feb-2021","28,184.95","28,840.00","28,101.35","28,653.25","61,303"
"16-Feb-2021","28,653.25","29,090.00","28,426.10","28,597.40","70,319"
"17-Feb-2021","28,569.40","28,840.45","28,150.05","28,268.50","41,156"
"18-Feb-2021","28,580.00","28,580.00","27,358.60","27,623.35","63,910"
"19-Feb-2021","27,649.95","27,857.45","26,753.35","27,542.45","50,262"
"22-Feb-2021","27,615.00","27,750.00","26,927.80","27,090.85","28,369"
"23-Feb-2021","27,165.00","27,532.05","26,770.00","27,260.35","46,471"
"24-Feb-2021","27,313.25","27,849.95","26,500.00","27,553.00","17,368"
"25-Feb-2021","27,553.00","27,879.90","27,238.30","27,450.90","52,154"
"26-Feb-2021","27,450.90","27,720.50","26,169.90","26,501.70","76,766"
"01-Mar-2021","26,600.50","27,832.50","26,600.50","27,706.95","58,805"
"02-Mar-2021","27,710.00","27,800.00","27,280.05","27,658.75","39,347"
"03-Mar-2021","27,755.50","28,159.55","27,550.75","27,695.25","40,649"
"04-Mar-2021","27,450.00","28,850.00","27,335.05","28,676.60","83,170"
"05-Mar-2021","28,300.50","28,894.85","27,740.95","27,848.60","65,557"
"08-Mar-2021","27,900.00","28,486.95","27,093.20","27,185.05","57,156"
"09-Mar-2021","27,445.00","27,980.00","27,151.85","27,313.15","59,204"
"10-Mar-2021","27,538.90","27,693.85","27,300.00","27,555.80","29,812"
"12-Mar-2021","27,878.00","27,980.00","27,541.00","27,701.50","43,864"
"15-Mar-2021","27,811.50","27,850.00","27,005.10","27,644.55","32,587"
"16-Mar-2021","27,895.00","27,948.25","27,351.10","27,430.80","38,175"
"17-Mar-2021","27,431.10","27,550.00","26,710.90","26,842.20","38,409"
"18-Mar-2021","27,125.00","27,269.95","26,450.00","26,595.50","38,464"
"19-Mar-2021","26,455.00","27,118.25","26,100.00","26,936.70","74,153"
"22-Mar-2021","26,900.00","27,214.15","26,618.00","26,954.50","45,373"
"23-Mar-2021","26,951.00","28,500.00","26,951.00","28,312.20","123,156"
"24-Mar-2021","28,172.00","28,390.65","27,719.90","27,803.30","63,069"
"25-Mar-2021","27,900.00","28,139.95","27,264.95","27,580.35","64,357"
"26-Mar-2021","27,810.70","28,319.95","27,673.05","28,116.20","74,139"
"30-Mar-2021","28,500.00","29,500.00","28,301.80","29,094.45","94,570"
"31-Mar-2021","29,094.45","29,660.00","28,756.00","29,465.40","82,764"
"01-Apr-2021","29,570.00","30,279.50","29,445.40","29,951.95","52,771"
"05-Apr-2021","29,900.00","30,628.40","29,650.00","30,358.25","124,392"
"06-Apr-2021","30,375.00","30,500.00","30,010.35","30,114.10","52,886"
"07-Apr-2021","30,140.00","30,580.70","29,953.00","30,230.65","40,554"
"08-Apr-2021","30,260.00","32,048.00","30,260.00","31,582.65","148,094"
"09-Apr-2021","31,682.40","31,990.00","31,120.00","31,748.75","146,698"
"12-Apr-2021","31,200.00","31,497.40","29,757.85","29,881.05","114,698"
"13-Apr-2021","30,200.00","30,699.90","30,110.00","30,356.05","91,665"
"15-Apr-2021","30,599.00","30,896.05","29,514.00","30,305.40","72,414"
"16-Apr-2021","30,440.00","30,988.80","30,056.15","30,821.10","58,345"
"19-Apr-2021","30,001.05","30,490.30","29,557.30","30,057.75","52,945"
"20-Apr-2021","30,420.00","30,655.80","29,051.00","29,320.70","72,618"
"22-Apr-2021","29,200.00","29,200.00","28,083.35","28,521.95","83,043"
"23-Apr-2021","28,499.00","28,673.35","27,926.00","28,106.30","70,968"
"26-Apr-2021","28,249.00","28,444.15","27,951.05","28,062.60","40,346"
"27-Apr-2021","28,185.70","28,325.00","27,965.00","28,098.55","31,369"
"28-Apr-2021","28,180.00","28,781.00","28,105.10","28,687.55","33,961"
"29-Apr-2021","28,701.05","29,050.00","28,249.40","28,444.35","47,589"
"30-Apr-2021","28,340.00","28,432.35","27,808.15","27,910.50","32,147"
"03-May-2021","27,500.00","28,080.55","27,327.60","27,989.85","38,741"
"04-May-2021","28,111.35","28,111.50","27,531.00","27,753.30","41,857"
"05-May-2021","27,850.00","28,044.40","27,713.30","27,844.20","24,250"
"06-May-2021","27,845.00","27,946.25","27,500.00","27,736.20","33,337"
"07-May-2021","27,847.00","27,948.25","27,700.00","27,840.00","21,548"
"10-May-2021","27,979.00","28,035.15","27,238.40","27,309.95","49,736"
"11-May-2021","27,200.00","27,580.80","26,744.20","27,513.10","60,904"
"12-May-2021","27,415.25","27,450.00","26,752.00","26,833.25","59,338"
"14-May-2021","26,915.00","27,007.75","26,510.00","26,713.60","37,370"
"17-May-2021","26,749.00","27,399.95","26,600.45","27,328.25","37,999"
"18-May-2021","27,500.00","27,675.00","27,250.00","27,474.70","51,998"
"19-May-2021","27,321.10","28,244.45","27,321.10","27,532.70","61,909"
"20-May-2021","27,700.00","27,800.00","27,370.05","27,510.35","33,408"
"21-May-2021","27,884.10","27,975.00","27,538.45","27,622.65","48,242"
"24-May-2021","27,611.00","27,611.00","26,751.00","26,909.35","104,757"
"25-May-2021","26,999.00","27,334.80","26,900.00","27,041.45","51,650"
"26-May-2021","27,100.00","27,199.00","26,863.55","27,077.40","34,953"
"27-May-2021","27,180.00","28,240.00","26,920.10","28,066.05","93,214"
"28-May-2021","28,109.00","28,240.00","27,540.60","27,655.10","50,372"
"31-May-2021","27,920.00","28,515.00","27,250.00","27,578.00","134,138"
"01-Jun-2021","27,700.00","28,085.70","27,414.90","27,623.15","41,313"
"02-Jun-2021","27,595.55","28,008.00","27,553.30","27,893.90","38,943"
"03-Jun-2021","27,975.00","28,400.00","27,932.30","28,348.15","46,984"
"04-Jun-2021","28,300.10","28,428.75","28,090.00","28,153.65","26,867"
"07-Jun-2021","28,209.95","29,344.85","28,209.95","29,155.80","89,841"
"08-Jun-2021","29,025.00","29,199.00","28,647.00","28,955.35","49,167"
"09-Jun-2021","28,820.00","28,889.05","28,300.20","28,407.35","46,246"
"10-Jun-2021","28,562.00","29,124.00","28,120.40","28,225.80","54,902"
"11-Jun-2021","28,475.80","28,564.55","27,980.00","28,056.00","38,680"
"14-Jun-2021","28,000.00","28,385.00","27,752.20","28,334.05","43,225"
"15-Jun-2021","28,300.00","28,650.00","28,214.30","28,485.90","25,267"
"16-Jun-2021","28,323.00","28,590.00","28,132.50","28,224.75","15,215"
"17-Jun-2021","28,015.05","28,800.00","28,015.05","28,368.10","39,467"
"18-Jun-2021","28,368.10","28,570.00","27,878.80","28,045.80","51,080"
"21-Jun-2021","27,878.05","28,500.00","27,718.20","28,225.35","18,926"
"22-Jun-2021","28,251.00","29,506.85","28,251.00","29,239.05","73,694"
"23-Jun-2021","29,256.00","29,315.40","28,749.80","28,867.20","24,623"
"24-Jun-2021","28,870.00","29,094.95","28,600.00","28,672.30","23,493"
"25-Jun-2021","28,700.00","28,899.70","28,605.00","28,729.10","19,694"
"28-Jun-2021","28,740.00","28,943.35","28,350.15","28,390.20","21,571"
"29-Jun-2021","28,399.95","28,467.70","28,100.30","28,134.45","25,900"
"30-Jun-2021","27,830.00","28,450.00","27,451.00","27,504.60","55,961"
"01-Jul-2021","27,600.00","27,600.20","26,946.00","27,059.95","67,327"
"02-Jul-2021","27,280.00","27,280.00","26,840.05","27,014.90","49,970"
"05-Jul-2021","27,190.00","27,250.00","26,950.00","26,987.60","25,475"
"06-Jul-2021","27,179.20","27,925.00","27,000.00","27,769.10","93,088"
"07-Jul-2021","27,705.00","28,114.10","27,169.45","27,547.00","78,838"
"08-Jul-2021","27,690.00","28,090.00","27,441.70","27,581.80","54,037"
"09-Jul-2021","27,511.05","27,632.75","27,230.00","27,502.75","45,571"
"12-Jul-2021","27,698.50","28,419.00","27,584.05","28,034.95","66,083"
"13-Jul-2021","28,150.00","28,413.30","27,800.00","28,070.40","32,129"
"14-Jul-2021","28,000.00","28,490.00","27,860.25","28,414.70","38,221"
"15-Jul-2021","28,414.70","28,580.00","28,251.30","28,427.45","25,188"
"16-Jul-2021","28,427.45","28,500.00","28,000.00","28,096.15","37,668"
"19-Jul-2021","28,050.00","28,108.10","27,817.10","27,996.85","24,450"
"20-Jul-2021","28,099.90","28,555.00","28,000.00","28,082.90","71,764"
"22-Jul-2021","28,150.00","28,226.25","27,915.00","28,080.00","22,745"
"23-Jul-2021","28,085.10","28,227.65","27,855.20","27,986.40","28,958"
"26-Jul-2021","27,900.00","28,228.35","27,812.05","27,968.30","37,460"
"27-Jul-2021","28,000.00","28,473.00","27,751.30","27,865.15","46,133"
"28-Jul-2021","27,990.00","27,996.90","27,162.80","27,491.45","23,638"
"29-Jul-2021","27,680.00","27,877.45","27,500.00","27,638.95","26,531"
"30-Jul-2021","27,661.00","28,333.75","27,583.15","28,265.75","45,521"
"02-Aug-2021","28,280.20","29,375.00","28,280.20","29,294.25","86,807"
"03-Aug-2021","29,301.00","29,410.00","28,909.10","29,203.50","46,640"
"04-Aug-2021","29,252.10","30,100.00","29,017.05","29,133.15","80,489"
"05-Aug-2021","29,280.00","29,429.80","28,869.95","28,966.65","28,919"
"06-Aug-2021","29,095.00","29,095.00","28,332.00","28,386.60","30,787"
"09-Aug-2021","28,599.00","28,999.00","28,052.35","28,272.95","30,592"
"10-Aug-2021","28,195.00","28,195.00","27,003.35","27,117.65","123,170"
"11-Aug-2021","27,215.00","27,418.00","26,385.05","26,547.50","91,088"
"12-Aug-2021","26,700.00","27,062.15","26,500.05","26,593.00","75,502"
"13-Aug-2021","26,819.00","27,050.00","26,525.65","26,600.40","49,672"
"16-Aug-2021","26,735.00","26,735.00","25,940.20","25,978.55","74,959"
"17-Aug-2021","26,000.00","26,250.00","25,725.05","26,200.25","37,050"
"18-Aug-2021","26,239.00","26,560.00","26,115.00","26,327.30","52,442"
"20-Aug-2021","26,200.00","26,365.00","25,865.65","26,291.15","35,529"
"23-Aug-2021","26,400.00","26,450.00","25,805.25","25,985.95","58,352"
"24-Aug-2021","25,986.00","26,359.85","25,749.65","26,232.95","31,064"
"25-Aug-2021","26,232.95","26,459.75","26,192.00","26,288.25","23,925"
"26-Aug-2021","26,251.00","26,630.00","26,116.00","26,556.05","49,409"
"27-Aug-2021","26,605.00","27,031.60","26,450.75","26,897.75","43,602"
"30-Aug-2021","26,900.10","27,420.00","26,830.80","27,157.85","41,390"
"31-Aug-2021","27,150.00","28,469.00","27,048.75","28,287.90","102,061"
"01-Sep-2021","28,296.00","28,600.00","27,948.10","28,478.25","75,809"
"02-Sep-2021","28,550.00","30,514.85","28,480.00","30,323.25","157,100"
"03-Sep-2021","30,290.10","30,590.80","29,962.10","30,440.80","81,600"
"06-Sep-2021","30,499.00","31,256.95","30,400.05","30,535.55","96,454"
"07-Sep-2021","30,501.00","30,872.95","30,260.15","30,653.60","59,828"
"08-Sep-2021","30,734.50","30,930.30","30,300.00","30,794.80","45,814"
"09-Sep-2021","30,790.00","30,830.00","30,401.00","30,671.35","38,503"
"13-Sep-2021","30,672.00","30,832.65","30,327.45","30,663.35","28,668"
"14-Sep-2021","30,665.10","30,785.00","30,403.00","30,658.50","33,014"
"15-Sep-2021","30,770.00","31,469.95","30,650.00","31,040.45","83,901"
"16-Sep-2021","31,043.50","31,246.25","30,305.35","30,660.65","92,615"
"17-Sep-2021","30,860.00","31,039.40","30,128.00","30,559.45","78,489"
"20-Sep-2021","30,450.00","30,700.00","29,838.25","30,101.90","52,781"
"21-Sep-2021","30,250.00","30,354.65","29,486.25","30,059.90","66,855"
"22-Sep-2021","30,100.00","30,247.30","29,575.05","29,792.50","44,040"
"23-Sep-2021","29,851.20","30,090.50","29,554.65","29,919.25","35,742"
"24-Sep-2021","29,999.00","30,036.35","29,120.05","29,411.80","45,317"
"27-Sep-2021","29,632.15","29,820.00","29,288.35","29,476.00","28,033"
"28-Sep-2021","29,499.00","29,800.00","29,090.60","29,242.95","31,253"
"29-Sep-2021","29,220.00","29,525.10","29,168.00","29,382.40","20,612"
"30-Sep-2021","29,382.40","29,399.95","28,750.00","28,901.55","29,347"
"01-Oct-2021","28,800.30","29,198.00","28,581.85","29,099.55","33,997"
"04-Oct-2021","29,219.55","29,340.00","29,040.50","29,289.30","22,608"
"05-Oct-2021","29,289.30","29,425.25","28,701.00","28,766.45","42,151"
"06-Oct-2021","28,819.00","28,931.25","28,006.20","28,109.75","35,139"
"07-Oct-2021","28,205.00","28,344.80","27,869.40","28,059.35","43,358"
"08-Oct-2021","28,219.20","28,219.20","27,721.95","27,757.15","29,947"
"11-Oct-2021","27,755.00","28,096.25","27,627.00","28,022.45","25,350"
"12-Oct-2021","28,020.00","28,089.60","27,661.00","27,705.80","30,650"
"13-Oct-2021","27,880.50","28,240.00","27,684.40","27,815.70","53,052"
"14-Oct-2021","27,997.80","28,300.00","27,911.15","27,956.45","46,335"
"18-Oct-2021","28,177.70","28,300.00","27,950.00","28,191.30","35,497"
"19-Oct-2021","28,200.05","28,393.35","27,556.20","27,696.80","20,380"
"20-Oct-2021","27,699.00","28,027.25","27,296.35","27,457.40","36,072"
"21-Oct-2021","27,722.00","27,786.75","27,199.65","27,618.70","26,460"
"22-Oct-2021","27,847.30","28,014.25","27,226.00","27,738.20","27,130"
"25-Oct-2021","27,625.00","27,738.15","26,811.20","27,275.00","20,656"
"26-Oct-2021","27,320.00","27,995.00","27,319.00","27,777.90","28,367"
"27-Oct-2021","27,780.00","28,480.10","27,654.90","28,107.75","50,424"
"28-Oct-2021","28,244.00","28,437.30","27,861.25","28,193.05","39,917"
"29-Oct-2021","28,395.70","29,000.00","27,705.00","28,635.25","35,291"
"01-Nov-2021","28,800.00","29,600.00","28,600.00","29,145.75","55,692"
"02-Nov-2021","29,299.10","29,424.95","28,705.25","28,868.15","21,184"
"03-Nov-2021","28,922.00","29,131.00","28,700.00","28,980.55","33,175"
"04-Nov-2021","29,000.00","29,219.70","28,980.55","29,047.20","2,078"
"08-Nov-2021","29,050.00","29,818.90","28,978.45","29,526.55","38,204"
"09-Nov-2021","29,700.00","29,760.00","29,151.50","29,229.65","18,387"
"10-Nov-2021","29,099.00","29,428.90","28,965.00","29,355.80","23,034"
"11-Nov-2021","29,198.50","29,298.40","28,850.00","29,010.55","18,576"
"12-Nov-2021","29,228.45","29,539.90","28,869.60","29,388.90","23,683"
"15-Nov-2021","29,450.00","29,748.00","29,031.25","29,077.20","12,910"
"16-Nov-2021","29,239.85","29,275.45","28,002.25","28,138.95","46,214"
"17-Nov-2021","28,148.00","28,294.45","27,618.75","27,691.05","29,245"
"18-Nov-2021","27,692.00","28,024.75","26,935.05","27,167.30","40,803"
"22-Nov-2021","27,290.00","27,290.00","26,327.60","26,603.05","23,769"
"23-Nov-2021","26,520.00","26,926.55","26,205.50","26,740.50","32,528"
"24-Nov-2021","26,895.00","27,000.00","26,665.00","26,883.75","29,212"
"25-Nov-2021","26,700.00","26,823.20","26,302.10","26,670.50","31,286"
"26-Nov-2021","26,450.00","26,539.90","25,812.00","25,945.80","29,540"
"29-Nov-2021","25,900.00","25,925.00","25,198.25","25,566.10","27,395"
"30-Nov-2021","25,480.00","26,350.00","25,330.95","26,102.25","97,672"
"01-Dec-2021","26,350.00","26,426.35","25,850.00","26,092.00","30,525"
"02-Dec-2021","26,092.00","26,749.00","26,020.15","26,289.80","40,560"
"03-Dec-2021","26,280.55","26,419.90","25,563.65","25,914.05","62,632"
"06-Dec-2021","25,933.50","26,149.45","25,529.95","25,612.35","22,538"
"07-Dec-2021","25,650.50","26,089.85","25,613.10","25,746.55","22,609"
"08-Dec-2021","25,939.85","26,279.55","25,850.00","26,152.85","15,145"
"09-Dec-2021","26,250.00","26,465.00","25,859.15","26,416.50","23,747"
"10-Dec-2021","26,305.00","26,527.60","26,182.70","26,406.45","20,165"
"13-Dec-2021","26,500.00","26,636.10","26,176.20","26,433.65","25,375"
"14-Dec-2021","26,349.65","26,500.00","25,968.90","26,461.40","24,245"
"15-Dec-2021","26,415.00","26,415.05","26,102.00","26,251.30","26,704"
"16-Dec-2021","26,400.00","26,500.00","25,936.40","26,366.05","24,978"
"17-Dec-2021","26,175.00","26,332.25","25,857.05","26,224.85","27,863"
"20-Dec-2021","26,140.00","26,140.00","25,000.05","25,470.35","38,865"
"21-Dec-2021","25,600.00","26,280.00","25,371.00","25,837.45","32,966"
"22-Dec-2021","25,842.60","26,268.60","25,677.05","26,197.25","16,341"
"23-Dec-2021","26,250.20","26,390.00","25,912.10","26,332.75","29,456"
"24-Dec-2021","26,450.00","26,510.00","25,929.85","26,310.95","16,055"
"27-Dec-2021","26,160.20","26,450.00","25,910.25","26,295.20","7,736"
"28-Dec-2021","26,382.00","26,750.30","26,328.45","26,716.80","18,855"
"29-Dec-2021","26,624.00","26,745.15","26,460.10","26,615.35","25,992"
"30-Dec-2021","26,600.00","26,844.95","26,100.00","26,413.50","26,096"
"31-Dec-2021","26,450.40","27,323.85","26,450.40","26,987.45","28,883"
"03-Jan-2022","27,000.00","27,349.85","26,890.00","27,247.40","19,537"
"04-Jan-2022","27,247.40","27,335.55","26,658.50","26,954.10","26,215"
"05-Jan-2022","26,902.00","27,300.00","26,850.20","27,214.65","17,262"
"06-Jan-2022","27,000.00","27,167.10","26,250.65","26,528.05","25,411"
"07-Jan-2022","26,658.65","27,266.25","26,572.55","27,046.25","32,658"
"10-Jan-2022","27,000.00","27,236.95","26,820.05","26,945.05","21,424"
"11-Jan-2022","27,000.50","27,220.00","26,800.00","27,038.55","26,722"
"12-Jan-2022","27,120.00","27,283.70","26,583.00","26,715.50","41,881"
"13-Jan-2022","26,888.00","26,950.00","26,360.00","26,855.30","32,020"
"14-Jan-2022","26,830.00","27,150.00","26,577.25","27,078.45","24,063"
"17-Jan-2022","27,005.00","27,936.75","26,654.50","27,545.35","47,661"
"18-Jan-2022","27,550.00","27,639.65","26,850.00","27,155.55","44,022"
"19-Jan-2022","26,950.50","27,099.50","26,350.00","26,402.25","48,367"
"20-Jan-2022","26,578.80","26,713.00","25,954.90","26,072.35","40,050"
"21-Jan-2022","25,885.00","25,885.00","24,811.55","25,037.20","133,581"
"24-Jan-2022","25,182.60","25,289.95","24,072.60","24,320.90","50,537"
"25-Jan-2022","24,100.00","24,671.95","23,500.05","24,497.50","43,208"
"27-Jan-2022","24,390.00","24,390.00","23,752.15","23,961.80","38,764"
"28-Jan-2022","23,943.90","24,597.80","23,943.90","24,124.70","24,109"
"31-Jan-2022","24,550.00","24,550.00","24,210.60","24,267.10","19,599"
"01-Feb-2022","24,590.00","25,635.00","24,340.05","25,489.65","78,151"
"02-Feb-2022","25,590.00","25,884.60","25,160.00","25,265.45","25,400"
"03-Feb-2022","25,280.00","25,399.95","24,712.05","24,800.90","21,469"
"04-Feb-2022","24,805.00","25,224.00","24,625.00","24,724.05","34,121"
"07-Feb-2022","24,489.00","25,125.00","24,300.00","24,865.55","39,058"
"08-Feb-2022","24,920.00","25,029.75","24,507.05","24,764.00","29,111"
"09-Feb-2022","24,925.00","25,599.00","24,677.85","25,466.15","32,205"
"10-Feb-2022","25,467.00","25,559.90","25,183.15","25,247.40","19,294"
"11-Feb-2022","24,900.00","25,174.55","24,680.05","24,900.30","19,479"
"14-Feb-2022","24,550.00","24,630.00","23,511.00","23,589.20","35,182"
"15-Feb-2022","23,605.00","24,972.85","23,589.20","24,909.20","53,569"
"16-Feb-2022","24,931.50","25,184.60","24,565.70","24,916.35","35,980"
"17-Feb-2022","25,189.75","25,189.75","24,579.25","24,723.85","30,441"
"18-Feb-2022","24,590.00","24,740.00","24,110.10","24,349.55","36,614"
"21-Feb-2022","24,340.00","24,993.00","24,050.05","24,678.35","65,698"
"22-Feb-2022","23,991.00","24,550.00","23,910.00","24,393.70","62,313"
"23-Feb-2022","24,600.00","24,799.35","24,146.00","24,603.45","46,904"
"24-Feb-2022","24,100.30","24,229.20","22,832.00","23,152.25","93,756"
"25-Feb-2022","23,615.30","24,090.00","23,500.00","23,983.45","46,935"
"28-Feb-2022","23,870.00","24,496.00","23,560.30","24,414.70","39,994"
"02-Mar-2022","24,105.00","24,200.00","23,656.00","23,932.65","44,055"
"03-Mar-2022","24,026.00","24,226.00","22,748.45","22,827.05","80,837"
"04-Mar-2022","22,899.00","22,899.00","22,116.65","22,550.35","92,672"
"07-Mar-2022","22,149.85","22,370.15","21,650.00","21,990.35","55,412"
"08-Mar-2022","21,985.00","22,703.95","21,712.00","22,583.85","51,900"
"09-Mar-2022","22,583.00","22,697.90","21,848.55","21,964.65","246,411"
"10-Mar-2022","22,300.00","22,749.90","22,050.00","22,197.60","342,415"
"11-Mar-2022","22,150.00","22,434.40","21,919.30","22,394.60","45,123"
"14-Mar-2022","22,394.60","22,424.95","21,960.00","22,361.45","31,448"
"15-Mar-2022","22,322.05","22,850.00","22,301.05","22,800.50","83,329"
"16-Mar-2022","22,950.00","23,714.85","22,762.90","23,595.45","58,201"
"17-Mar-2022","23,801.00","24,385.00","23,701.40","24,090.20","65,189"
"21-Mar-2022","24,188.05","24,188.05","23,333.00","23,390.30","50,943"
"22-Mar-2022","23,345.80","23,669.50","23,032.00","23,373.30","39,121"
"23-Mar-2022","23,460.00","23,650.00","23,275.00","23,413.20","39,577"
"24-Mar-2022","23,413.20","23,630.00","23,200.20","23,273.75","29,951"
"25-Mar-2022","23,495.95","23,495.95","23,151.00","23,259.35","34,349"
"28-Mar-2022","23,411.55","23,449.70","22,905.00","23,197.55","28,362"
"29-Mar-2022","23,230.00","23,740.00","23,230.00","23,645.55","31,238"
"30-Mar-2022","23,840.00","24,150.00","23,709.50","24,089.15","34,361"
"31-Mar-2022","24,309.00","24,329.55","23,905.75","24,032.60","22,006"
"01-Apr-2022","23,995.00","24,651.00","23,951.05","24,612.85","34,916"
"04-Apr-2022","24,590.00","24,820.00","24,328.95","24,765.05","23,605"
"05-Apr-2022","24,720.00","25,270.00","24,682.50","25,157.95","32,602"
"06-Apr-2022","25,000.00","25,278.50","24,657.95","24,733.00","33,643"
"07-Apr-2022","24,730.00","25,066.45","24,567.00","24,742.50","30,112"
"08-Apr-2022","24,750.00","25,290.00","24,601.85","25,260.65","29,884"
"11-Apr-2022","25,260.65","25,492.85","24,951.00","25,203.65","35,975"
"12-Apr-2022","25,100.00","25,399.95","24,850.00","25,122.65","46,653"
"13-Apr-2022","25,122.65","25,515.35","25,120.00","25,363.55","36,907"
"18-Apr-2022","25,170.00","25,500.05","24,900.00","25,435.35","34,525"
"19-Apr-2022","25,400.00","25,775.35","24,649.40","24,860.90","38,327"
"20-Apr-2022","25,099.00","25,775.00","24,880.05","25,713.85","46,140"
"21-Apr-2022","25,750.00","26,100.00","25,625.10","26,056.55","20,640"
"22-Apr-2022","25,801.10","26,015.00","25,605.85","25,855.25","17,334"
"25-Apr-2022","25,700.50","26,023.35","25,515.00","25,649.60","26,453"
"26-Apr-2022","25,975.00","26,330.75","25,840.50","26,171.30","26,557"
"27-Apr-2022","26,011.00","26,080.00","25,441.95","25,574.80","26,064"
"28-Apr-2022","25,890.00","26,075.00","25,482.40","25,872.60","27,928"
"29-Apr-2022","25,872.80","26,340.00","25,777.55","25,921.50","34,276"
"02-May-2022","25,812.85","26,284.75","25,601.45","26,230.20","33,592"
"04-May-2022","26,199.00","26,199.00","25,108.10","25,193.50","29,265"
"05-May-2022","25,427.30","26,100.00","25,018.10","25,088.65","33,435"
"06-May-2022","24,850.00","25,059.20","23,850.00","23,973.65","43,939"
"09-May-2022","23,880.00","24,187.70","23,500.05","24,058.30","35,191"
"10-May-2022","24,000.30","24,516.90","23,899.15","24,300.60","33,489"
"11-May-2022","24,460.00","24,740.00","23,251.05","23,382.30","43,449"
"12-May-2022","23,172.00","23,382.30","22,508.85","22,627.40","43,801"
"13-May-2022","23,000.00","23,080.05","22,400.00","22,565.35","44,842"
"16-May-2022","22,845.00","22,845.00","21,690.00","21,980.85","51,382"
"17-May-2022","22,010.00","22,223.30","21,790.00","22,035.80","43,000"
"18-May-2022","22,115.00","22,587.40","21,978.95","22,501.30","57,388"
"19-May-2022","21,705.20","22,300.00","21,705.20","22,216.35","28,366"
"20-May-2022","22,670.00","23,975.00","21,820.15","22,001.20","50,620"
"23-May-2022","21,805.05","22,174.90","21,750.00","21,941.70","56,200"
"24-May-2022","22,001.00","22,098.80","21,575.05","21,647.40","39,072"
"25-May-2022","21,744.90","21,779.00","21,079.95","21,253.80","34,128"
"26-May-2022","21,230.00","21,866.05","20,676.00","21,691.20","67,112"
"27-May-2022","21,700.00","21,986.00","21,660.05","21,927.05","17,959"
"30-May-2022","21,900.20","22,639.65","21,900.20","22,460.40","30,978"
"31-May-2022","22,390.00","22,441.85","22,010.10","22,116.30","59,959"
"01-Jun-2022","22,100.00","22,172.50","21,600.00","21,791.50","29,100"
"02-Jun-2022","21,750.00","21,779.00","21,414.00","21,634.75","38,808"
"03-Jun-2022","21,810.00","21,848.95","20,550.00","20,638.00","105,159"
"06-Jun-2022","20,599.95","20,599.95","19,913.00","20,002.70","69,175"
"07-Jun-2022","19,810.20","19,991.10","19,502.00","19,785.40","72,631"
"08-Jun-2022","19,900.00","19,904.20","19,515.00","19,583.75","72,900"
"09-Jun-2022","19,526.00","19,574.85","19,080.05","19,198.00","60,727"
"10-Jun-2022","18,977.00","19,331.60","18,760.85","19,178.85","64,693"
"13-Jun-2022","18,603.45","19,345.95","18,591.40","19,135.65","46,950"
"14-Jun-2022","19,128.00","19,424.95","18,898.20","19,208.85","36,353"
"15-Jun-2022","19,347.15","19,375.00","19,051.00","19,314.20","30,378"
"16-Jun-2022","19,435.00","19,489.95","18,650.00","18,711.85","49,042"
"17-Jun-2022","18,738.40","18,738.40","17,980.20","18,045.75","75,217"
"20-Jun-2022","17,949.00","18,503.50","17,865.20","18,414.00","37,518"
"21-Jun-2022","18,504.00","18,680.00","18,414.00","18,551.35","26,893"
"22-Jun-2022","18,551.35","18,590.00","18,135.00","18,496.75","27,406"
"23-Jun-2022","18,496.70","18,646.80","18,239.65","18,533.60","20,770"
"24-Jun-2022","18,600.00","18,937.40","18,561.45","18,793.65","30,264"
"27-Jun-2022","18,900.00","19,186.35","18,852.10","19,101.50","28,772"
"28-Jun-2022","19,090.00","19,352.00","18,815.00","19,236.90","37,399"
"29-Jun-2022","19,101.00","19,591.00","19,011.15","19,384.10","125,068"
"30-Jun-2022","19,400.00","19,449.00","18,870.00","19,009.70","54,351"
"01-Jul-2022","19,050.00","19,272.00","18,898.85","19,213.80","17,699"
"04-Jul-2022","19,265.95","19,527.15","19,051.00","19,292.40","18,325"
"05-Jul-2022","19,388.90","19,693.00","19,303.80","19,565.75","35,621"
"06-Jul-2022","19,450.00","20,100.00","19,400.00","19,990.85","25,203"
"07-Jul-2022","20,060.00","20,172.95","19,920.05","20,014.60","19,677"
"08-Jul-2022","20,325.00","20,348.00","19,860.00","19,932.80","21,583"
"11-Jul-2022","19,919.95","20,040.60","19,764.10","19,854.15","16,712"
"12-Jul-2022","19,800.05","20,500.00","19,586.05","19,962.10","26,628"
"13-Jul-2022","19,890.00","20,082.00","19,651.50","19,736.05","22,871"
"14-Jul-2022","19,800.00","19,945.95","19,375.00","19,562.70","21,860"
"15-Jul-2022","19,499.95","19,793.75","19,450.05","19,701.80","19,672"
"18-Jul-2022","19,799.00","20,099.00","19,780.00","20,055.70","18,144"
"19-Jul-2022","19,980.00","20,187.00","19,902.30","20,068.20","16,234"
"20-Jul-2022","20,290.00","20,375.00","20,112.95","20,208.20","19,629"
"21-Jul-2022","20,208.20","20,510.00","20,101.00","20,442.95","21,427"
"22-Jul-2022","20,449.00","20,887.20","20,351.00","20,780.00","45,573"
"25-Jul-2022","20,700.00","20,815.35","20,311.20","20,679.05","27,434"
"26-Jul-2022","20,650.00","20,740.00","20,400.00","20,652.35","21,917"
"27-Jul-2022","20,622.00","21,130.00","20,539.75","21,023.50","25,232"
"28-Jul-2022","21,150.00","21,622.00","20,039.95","20,415.45","116,841"
"29-Jul-2022","20,425.00","20,714.90","20,172.45","20,498.00","54,333"
"01-Aug-2022","20,625.25","20,985.15","20,550.00","20,947.00","32,066"
"02-Aug-2022","20,900.00","21,288.90","20,810.10","21,110.95","32,690"
"03-Aug-2022","21,200.00","21,290.00","20,834.00","20,956.45","23,018"
"04-Aug-2022","21,050.00","21,249.75","20,539.95","20,687.90","28,415"
"05-Aug-2022","20,791.35","21,277.00","20,700.10","21,237.40","32,998"
"08-Aug-2022","21,199.95","21,272.30","21,003.50","21,195.60","20,766"
"10-Aug-2022","21,240.00","21,450.00","20,855.00","21,104.90","25,095"
"11-Aug-2022","21,210.45","21,450.00","21,150.15","21,192.95","17,013"
"12-Aug-2022","21,298.95","21,300.00","21,050.00","21,152.20","16,651"
"16-Aug-2022","21,205.00","21,599.90","21,050.00","21,440.55","31,930"
"17-Aug-2022","21,459.80","21,800.00","21,361.25","21,420.95","28,971"
"18-Aug-2022","21,400.00","21,672.35","21,202.55","21,622.50","27,367"
"19-Aug-2022","21,650.00","21,775.00","21,335.00","21,423.20","26,082"
"22-Aug-2022","21,390.00","21,471.75","20,818.40","20,931.45","50,277"
"23-Aug-2022","20,899.95","21,295.55","20,742.00","21,126.65","41,131"
"24-Aug-2022","21,185.00","21,444.45","21,080.00","21,348.00","19,541"
"25-Aug-2022","21,400.00","21,935.95","21,349.35","21,712.60","88,611"
"26-Aug-2022","21,712.60","22,200.70","21,580.00","22,097.90","35,767"
"29-Aug-2022","21,415.00","22,226.00","21,410.00","21,895.80","33,834"
"30-Aug-2022","21,960.00","22,550.00","21,900.00","22,073.10","52,105"
"01-Sep-2022","22,010.00","22,050.85","21,545.00","21,586.15","34,381"
"02-Sep-2022","21,586.00","21,607.80","21,011.00","21,088.40","87,390"
"05-Sep-2022","21,193.85","21,367.85","20,801.00","21,293.65","40,749"
"06-Sep-2022","21,293.00","21,700.00","21,172.90","21,654.35","31,067"
"07-Sep-2022","21,580.00","23,574.45","21,500.00","23,181.05","227,529"
"08-Sep-2022","23,350.00","24,880.00","23,146.90","24,458.45","368,238"
"09-Sep-2022","24,587.00","25,550.00","24,232.50","24,505.60","434,043"
"12-Sep-2022","24,599.00","25,000.00","23,903.20","24,135.10","174,699"
"13-Sep-2022","24,380.00","24,947.95","23,850.00","23,932.30","137,542"
"14-Sep-2022","23,750.00","24,299.00","23,505.10","24,131.35","161,087"
"15-Sep-2022","24,350.00","24,536.30","23,710.00","23,912.60","102,259"
"16-Sep-2022","23,965.00","24,067.15","23,211.00","23,317.70","122,585"
"19-Sep-2022","23,400.00","23,735.30","23,011.50","23,401.10","74,383"
"20-Sep-2022","23,518.15","23,722.95","22,813.75","23,242.70","59,048"
"21-Sep-2022","23,294.50","23,408.40","21,800.10","22,023.95","135,651"
"22-Sep-2022","21,862.35","22,680.00","21,523.80","21,703.50","175,114"
"23-Sep-2022","21,812.05","21,999.00","21,151.15","21,201.45","85,503"
"26-Sep-2022","21,150.00","21,350.00","20,636.10","20,748.50","100,129"
"27-Sep-2022","20,852.25","21,483.70","20,585.95","21,163.25","129,321"
"28-Sep-2022","21,040.00","21,150.00","20,764.60","20,844.50","78,914"
"29-Sep-2022","20,948.75","21,588.00","20,660.10","21,287.05","655,229"
"30-Sep-2022","21,242.00","21,990.00","20,832.00","21,033.10","217,810"
"03-Oct-2022","21,102.00","21,219.80","20,611.20","20,719.05","98,780"
"04-Oct-2022","20,890.00","21,168.20","20,835.15","21,009.75","59,059"
"06-Oct-2022","21,114.80","21,446.45","20,924.95","21,321.20","56,605"
"07-Oct-2022","21,250.30","21,345.00","20,910.20","21,283.75","41,735"
"10-Oct-2022","21,100.00","21,245.00","20,980.25","21,142.65","39,434"
"11-Oct-2022","21,210.00","21,250.00","20,721.00","20,802.10","47,401"
"12-Oct-2022","20,906.15","21,097.50","20,685.00","21,012.15","104,160"
"13-Oct-2022","20,870.00","21,131.65","20,740.65","21,075.65","63,593"
"14-Oct-2022","21,349.00","21,499.00","20,971.05","21,188.50","63,317"
"17-Oct-2022","20,725.00","20,990.00","20,150.00","20,831.10","179,228"
"18-Oct-2022","20,805.00","21,190.00","20,765.00","20,967.90","74,047"
"19-Oct-2022","21,003.00","21,475.05","21,003.00","21,324.00","62,446"
"20-Oct-2022","21,099.00","22,090.00","21,099.00","21,895.70","69,424"
"21-Oct-2022","21,940.00","22,198.30","20,852.25","20,935.20","108,220"
"24-Oct-2022","21,250.00","21,250.00","21,000.00","21,044.45","7,274"
"25-Oct-2022","21,088.00","21,350.00","20,998.35","21,299.65","93,534"
"27-Oct-2022","21,365.00","21,585.00","21,201.10","21,512.20","52,523"
"28-Oct-2022","21,600.00","21,820.00","21,361.50","21,779.85","42,127"
"31-Oct-2022","21,760.50","22,800.00","21,760.50","22,740.50","74,994"
"01-Nov-2022","22,800.00","23,000.00","22,400.00","22,639.45","48,449"
"02-Nov-2022","22,700.00","22,941.00","22,230.20","22,327.20","78,457"
"03-Nov-2022","22,330.00","23,037.20","22,230.55","22,815.30","129,148"
"04-Nov-2022","22,721.00","22,999.00","22,638.80","22,963.60","49,873"
"07-Nov-2022","22,970.00","23,495.00","22,935.20","23,406.10","49,932"
"09-Nov-2022","23,500.00","23,676.90","22,935.35","23,081.70","57,776"
"10-Nov-2022","23,000.00","23,072.90","22,303.00","22,399.55","34,107"
"11-Nov-2022","22,530.00","23,092.25","22,530.00","22,864.00","45,310"
"14-Nov-2022","22,864.00","23,200.00","22,800.00","23,023.95","27,815"
"15-Nov-2022","23,130.00","23,289.90","22,991.00","23,203.50","38,556"
"16-Nov-2022","23,140.00","23,391.95","23,080.85","23,253.75","31,180"
"17-Nov-2022","23,215.00","23,325.00","23,087.75","23,239.70","29,926"
"18-Nov-2022","23,350.00","23,350.00","22,810.00","23,148.00","39,104"
"21-Nov-2022","23,050.00","23,286.10","23,018.00","23,223.50","21,914"
"22-Nov-2022","23,223.50","23,387.95","23,152.00","23,264.65","26,184"
"23-Nov-2022","23,370.00","23,370.00","23,160.20","23,288.10","23,001"
"24-Nov-2022","23,359.95","23,363.00","23,036.00","23,198.95","33,304"
"25-Nov-2022","23,304.00","23,304.00","22,900.00","23,204.35","44,115"
"28-Nov-2022","23,120.20","23,460.00","23,120.20","23,426.10","22,672"
"29-Nov-2022","23,450.00","23,525.00","23,137.75","23,218.35","31,156"
"30-Nov-2022","23,299.95","24,017.00","23,217.50","23,879.75","46,520"
"01-Dec-2022","23,900.00","24,100.00","23,670.00","24,007.50","37,020"
"02-Dec-2022","24,000.00","24,162.00","23,510.00","24,094.85","28,427"
"05-Dec-2022","24,090.00","24,110.00","23,688.85","23,755.60","23,170"
"06-Dec-2022","23,720.00","24,071.95","23,550.00","24,009.70","29,434"
"07-Dec-2022","23,970.00","24,439.10","23,828.20","24,256.30","44,520"
"08-Dec-2022","24,260.00","24,544.95","24,230.90","24,484.00","21,481"
"09-Dec-2022","24,484.00","24,612.90","24,206.10","24,441.55","22,709"
"12-Dec-2022","24,370.05","24,575.00","24,200.00","24,278.45","26,967"
"13-Dec-2022","24,330.00","24,421.00","23,976.50","24,207.95","28,325"
"14-Dec-2022","24,270.00","24,435.00","24,180.00","24,353.25","15,031"
"15-Dec-2022","24,340.00","24,569.75","24,102.65","24,296.50","18,723"
"16-Dec-2022","24,200.00","24,329.95","23,633.00","23,725.80","26,791"
"19-Dec-2022","23,775.00","23,922.50","23,566.80","23,823.65","27,421"
"20-Dec-2022","23,810.00","23,813.00","23,282.05","23,730.10","32,638"
"21-Dec-2022","23,770.00","23,940.60","23,440.00","23,571.25","35,053"
"22-Dec-2022","23,600.00","23,859.55","23,421.40","23,814.45","36,764"
"23-Dec-2022","23,699.95","23,699.95","23,170.55","23,271.40","27,459"
"26-Dec-2022","23,289.95","23,850.00","23,074.05","23,748.00","15,650"
"27-Dec-2022","23,760.00","24,222.00","23,700.00","24,133.05","14,980"
"28-Dec-2022","24,100.00","24,442.00","24,011.45","24,284.25","25,314"
"29-Dec-2022","24,110.00","24,150.00","23,225.00","23,256.75","90,610"
"30-Dec-2022","23,400.00","23,420.00","23,055.40","23,289.45","56,763"
"02-Jan-2023","23,296.50","23,519.95","23,139.00","23,454.70","23,428"
"03-Jan-2023","23,470.00","23,789.70","23,452.00","23,732.95","20,755"
"04-Jan-2023","23,699.95","24,590.00","23,660.00","24,007.55","94,884"
"05-Jan-2023","24,129.95","24,379.75","23,904.70","24,238.00","44,843"
"06-Jan-2023","24,300.00","24,366.65","23,552.10","23,853.05","28,542"
"09-Jan-2023","23,972.35","24,048.00","23,663.00","23,752.30","17,654"
"10-Jan-2023","23,840.00","23,900.00","23,205.00","23,559.50","31,716"
"11-Jan-2023","23,600.00","23,771.95","23,250.00","23,516.70","19,213"
"12-Jan-2023","23,530.00","24,000.00","23,504.55","23,854.85","37,645"
"13-Jan-2023","23,998.00","24,290.25","23,750.00","24,139.75","42,213"
"16-Jan-2023","24,120.00","24,280.00","23,980.50","24,060.40","25,269"
"17-Jan-2023","24,000.00","24,194.40","23,930.65","24,091.55","18,810"
"18-Jan-2023","24,015.05","24,138.60","23,817.00","24,059.90","22,616"
"19-Jan-2023","24,000.00","24,480.00","23,849.90","24,389.50","28,281"
"20-Jan-2023","24,350.00","24,773.00","24,200.00","24,420.95","44,330"
"23-Jan-2023","24,449.95","24,549.50","22,945.00","23,037.05","67,600"
"24-Jan-2023","23,152.25","23,347.70","22,440.05","22,608.40","84,528"
"25-Jan-2023","22,650.00","22,792.60","22,002.05","22,146.80","47,092"
"27-Jan-2023","22,257.55","22,379.90","21,410.00","21,901.20","52,018"
"30-Jan-2023","21,860.00","22,730.00","21,860.00","22,585.35","54,148"
"31-Jan-2023","22,704.20","23,743.60","22,704.20","23,684.55","82,554"
"01-Feb-2023","23,740.20","24,670.00","23,450.00","23,916.95","111,351"
"02-Feb-2023","23,850.00","24,699.90","23,750.00","24,523.25","72,967"
"03-Feb-2023","24,500.00","24,742.80","24,270.00","24,467.60","54,355"
"06-Feb-2023","24,318.95","24,359.95","24,000.00","24,120.95","30,089"
"07-Feb-2023","24,132.00","24,410.00","24,025.00","24,262.25","38,892"
"08-Feb-2023","24,368.85","24,604.85","23,750.00","24,239.95","81,785"
"09-Feb-2023","23,960.00","24,150.00","23,090.50","23,199.80","72,685"
"10-Feb-2023","23,292.50","24,074.00","22,752.00","23,970.60","70,017"
"13-Feb-2023","23,999.00","24,550.00","23,812.40","24,194.40","77,436"
"14-Feb-2023","24,145.80","24,729.00","24,061.75","24,634.80","75,478"
"15-Feb-2023","24,560.00","25,000.00","24,290.05","24,890.55","54,111"
"16-Feb-2023","24,904.00","25,175.00","24,830.00","25,117.60","50,403"
"17-Feb-2023","24,950.00","26,050.05","24,830.25","25,757.40","132,205"
"20-Feb-2023","25,600.00","26,925.95","25,540.00","26,512.90","187,893"
"21-Feb-2023","26,460.05","27,049.00","26,317.50","26,530.90","128,006"
"22-Feb-2023","26,530.00","26,530.00","25,875.00","26,214.90","93,446"
"23-Feb-2023","26,219.95","26,499.15","25,588.00","25,634.65","78,884"
"24-Feb-2023","25,750.00","25,875.00","25,200.00","25,412.80","31,612"
"27-Feb-2023","25,350.00","26,004.90","24,880.00","25,645.05","38,186"
"28-Feb-2023","25,773.30","26,214.00","25,621.00","26,087.95","63,139"
"01-Mar-2023","25,910.00","26,420.00","25,899.95","26,329.50","29,240"
"02-Mar-2023","26,299.95","26,789.00","26,159.00","26,576.80","45,919"
"03-Mar-2023","26,455.00","26,614.55","25,450.05","25,655.90","93,972"
"06-Mar-2023","25,750.00","25,892.80","25,210.00","25,571.45","64,371"
"08-Mar-2023","25,371.00","26,147.90","25,370.00","26,014.70","36,651"
"09-Mar-2023","26,130.00","26,449.90","25,505.00","25,560.85","45,802"
"10-Mar-2023","25,400.00","26,663.85","25,150.00","26,181.75","67,356"
"13-Mar-2023","26,030.05","26,151.00","25,502.00","25,766.95","36,270"
"14-Mar-2023","25,766.95","25,799.30","25,060.05","25,224.75","50,043"
"15-Mar-2023","25,400.00","25,550.65","25,194.55","25,331.10","36,837"
"16-Mar-2023","25,399.00","25,648.40","25,034.95","25,472.95","40,517"
"17-Mar-2023","25,472.95","25,600.00","25,059.00","25,161.75","41,257"
"20-Mar-2023","25,327.15","25,378.15","24,751.60","25,076.20","35,356"
"21-Mar-2023","25,190.00","25,190.00","24,878.05","25,142.90","29,461"
"22-Mar-2023","25,227.45","25,700.00","25,108.20","25,494.00","52,197"
"23-Mar-2023","25,400.05","25,638.15","25,222.00","25,413.15","27,917"
"24-Mar-2023","25,413.15","25,590.00","25,110.60","25,511.65","35,202"
"27-Mar-2023","25,450.00","25,805.90","25,331.60","25,583.65","37,651"
"28-Mar-2023","25,560.00","25,582.35","25,127.60","25,193.35","23,209"
"29-Mar-2023","25,192.90","26,014.20","25,031.00","25,804.70","41,315"
"31-Mar-2023","25,835.00","26,425.00","25,750.35","26,186.95","42,060"
"03-Apr-2023","26,299.95","26,385.00","25,830.00","26,260.85","39,037"
"05-Apr-2023","26,205.00","26,599.90","26,150.00","26,534.95","21,471"
"06-Apr-2023","26,401.05","26,572.45","26,002.65","26,164.70","18,301"
"10-Apr-2023","26,125.10","26,475.95","25,917.65","26,000.75","28,668"
"11-Apr-2023","26,000.75","26,352.00","26,000.00","26,201.40","45,833"
"12-Apr-2023","26,201.40","26,484.00","26,048.25","26,116.90","25,784"
"13-Apr-2023","26,200.00","26,200.00","25,775.25","25,808.20","27,530"
"17-Apr-2023","25,850.00","26,100.00","25,451.00","25,532.15","19,918"
"18-Apr-2023","25,600.00","26,046.85","25,215.10","25,263.65","31,230"
"19-Apr-2023","25,340.00","25,460.00","24,675.00","24,758.95","20,893"
"20-Apr-2023","24,824.95","24,898.85","24,175.95","24,254.40","37,209"
"21-Apr-2023","24,299.00","24,349.00","23,830.05","23,887.05","21,807"
"24-Apr-2023","24,048.20","24,090.00","23,550.00","23,870.35","29,799"
"25-Apr-2023","23,960.00","24,184.25","23,856.65","24,078.40","45,207"
"26-Apr-2023","23,999.95","24,269.95","23,700.00","23,962.50","35,697"
"27-Apr-2023","24,039.00","24,061.00","23,552.50","23,745.80","31,520"
"28-Apr-2023","23,848.00","24,400.00","23,674.00","24,334.45","33,989"
"02-May-2023","24,350.00","24,400.00","23,957.05","24,191.65","34,660"
"03-May-2023","24,130.00","24,325.00","23,951.20","24,258.55","28,202"
"04-May-2023","24,250.00","24,566.95","24,120.00","24,456.40","22,757"
"05-May-2023","24,410.00","24,620.00","24,300.00","24,516.20","26,761"
"08-May-2023","24,520.00","24,710.00","24,520.00","24,571.40","16,402"
"09-May-2023","24,600.40","24,741.30","24,068.95","24,207.00","23,539"
"10-May-2023","24,275.70","24,472.85","24,116.25","24,431.80","14,179"
"11-May-2023","24,450.00","24,935.00","24,400.00","24,876.85","19,207"
"12-May-2023","24,600.05","24,924.00","24,210.05","24,750.85","41,410"
"15-May-2023","24,750.85","25,050.00","24,444.55","24,591.95","19,341"
"16-May-2023","24,591.95","24,748.85","24,335.10","24,398.35","12,024"
"17-May-2023","24,400.00","24,848.95","24,350.00","24,419.00","28,274"
"18-May-2023","24,510.00","24,669.95","23,900.00","23,984.30","17,375"
"19-May-2023","24,075.55","24,498.00","23,727.60","24,408.65","29,803"
"22-May-2023","24,327.20","24,916.25","24,234.20","24,468.65","33,885"
"23-May-2023","24,410.00","25,450.00","24,410.00","24,765.80","64,597"
"24-May-2023","24,650.00","24,700.00","23,705.75","23,990.80","76,229"
"25-May-2023","24,031.80","24,300.00","23,840.00","24,247.10","37,451"
"26-May-2023","24,250.00","25,086.70","24,178.00","24,977.00","48,742"
"29-May-2023","25,050.00","25,469.50","24,992.40","25,261.35","32,876"
"30-May-2023","25,200.00","25,885.00","25,116.05","25,586.95","54,929"
"31-May-2023","25,525.00","25,590.00","24,988.15","25,165.20","208,322"
"01-Jun-2023","25,300.00","25,395.05","25,102.20","25,167.30","31,272"
"02-Jun-2023","25,300.00","25,300.05","24,969.95","25,038.40","43,663"
"05-Jun-2023","25,168.95","25,298.00","24,707.65","24,820.05","37,650"
"06-Jun-2023","24,950.00","25,857.95","24,777.05","25,793.80","77,331"
"07-Jun-2023","25,795.00","25,865.55","25,515.25","25,795.60","39,831"
"08-Jun-2023","25,795.60","26,137.90","25,560.65","25,632.00","36,793"
"09-Jun-2023","25,674.15","25,948.00","25,370.65","25,447.80","21,413"
"12-Jun-2023","25,550.00","25,749.80","25,380.55","25,715.40","17,611"
"13-Jun-2023","25,900.00","26,220.00","25,750.35","26,164.00","34,032"
"14-Jun-2023","26,200.00","26,389.95","26,085.80","26,236.10","26,924"
"15-Jun-2023","26,236.10","26,283.90","26,015.95","26,145.30","23,905"
"16-Jun-2023","26,170.00","26,400.00","26,110.05","26,213.15","31,673"
"19-Jun-2023","26,419.80","26,580.00","25,815.15","25,999.00","33,881"
"20-Jun-2023","25,910.00","26,188.80","25,740.00","25,949.20","18,089"
"21-Jun-2023","25,950.00","26,144.65","25,248.30","25,660.75","62,343"
"22-Jun-2023","25,650.00","25,975.00","25,515.05","25,656.35","35,342"
"23-Jun-2023","25,650.00","25,650.05","25,066.00","25,145.25","25,869"
"26-Jun-2023","22,630.75","24,145.00","22,605.60","23,702.15","438,935"
"27-Jun-2023","24,110.00","24,276.50","23,640.30","24,018.15","154,928"
"28-Jun-2023","24,050.00","24,299.95","23,827.70","24,053.40","71,538"
"30-Jun-2023","24,081.00","24,210.00","23,850.00","23,886.45","46,765"
"03-Jul-2023","24,200.00","24,210.00","23,950.00","24,121.00","30,015"
"04-Jul-2023","24,121.00","24,198.90","23,970.05","24,081.95","17,326"
"05-Jul-2023","24,012.00","24,559.80","24,003.60","24,432.50","43,292"
"06-Jul-2023","24,549.95","24,550.00","24,180.00","24,218.55","22,295"
"07-Jul-2023","24,218.55","24,267.55","23,722.85","23,883.35","35,053"
"10-Jul-2023","23,907.00","24,091.00","23,755.05","24,017.30","24,408"
"11-Jul-2023","24,075.30","24,346.80","23,560.90","23,955.35","105,568"
"12-Jul-2023","23,820.00","24,340.50","23,726.00","24,261.40","62,988"
"13-Jul-2023","24,312.00","24,511.90","24,015.00","24,152.95","32,096"
"14-Jul-2023","24,272.00","24,405.00","24,001.40","24,339.65","20,770"
"17-Jul-2023","24,440.00","24,527.35","24,070.00","24,117.95","36,264"
"18-Jul-2023","24,159.95","24,253.75","23,450.90","23,948.25","17,119"
"19-Jul-2023","24,050.00","24,124.90","23,905.95","24,028.30","29,499"
"20-Jul-2023","23,611.30","23,745.75","23,350.00","23,409.05","101,108"
"21-Jul-2023","23,428.05","23,459.05","23,026.00","23,088.75","37,839"
"24-Jul-2023","23,200.00","23,322.30","23,090.20","23,237.00","35,964"
"25-Jul-2023","23,323.00","23,709.95","23,200.00","23,681.80","32,141"
"26-Jul-2023","23,750.00","24,340.00","23,564.40","24,274.50","87,313"
"27-Jul-2023","24,300.00","24,314.35","23,764.65","23,869.55","36,633"
"28-Jul-2023","24,059.70","24,184.85","23,873.55","24,048.05","22,865"
"31-Jul-2023","23,800.00","24,299.00","23,800.00","24,108.40","30,798"
"01-Aug-2023","24,200.00","24,200.00","23,980.85","24,102.05","47,864"
"02-Aug-2023","24,100.00","24,100.00","23,905.00","24,045.10","34,126"
"03-Aug-2023","24,040.00","24,223.75","23,860.40","24,114.35","24,563"
"04-Aug-2023","24,230.00","24,286.00","24,102.50","24,224.20","18,589"
"07-Aug-2023","24,400.00","24,400.00","24,042.85","24,253.45","8,891"
"08-Aug-2023","24,300.00","24,377.50","24,120.15","24,270.05","20,046"
"09-Aug-2023","24,350.00","24,372.00","24,012.00","24,331.05","30,445"
"10-Aug-2023","24,200.10","24,395.00","23,926.95","24,174.55","37,905"
"11-Aug-2023","24,179.15","24,280.00","24,051.10","24,110.60","12,901"
"14-Aug-2023","24,101.00","24,129.75","23,651.00","23,720.55","16,303"
"16-Aug-2023","23,690.00","23,973.65","23,506.05","23,920.50","17,783"
"17-Aug-2023","23,960.00","24,038.75","23,720.15","23,791.15","22,943"
"18-Aug-2023","23,811.00","23,844.95","23,451.00","23,537.25","19,865"
"21-Aug-2023","23,669.95","23,775.00","23,524.25","23,610.20","24,001"
"22-Aug-2023","23,730.00","23,932.90","23,658.30","23,862.70","16,676"
"23-Aug-2023","23,869.70","24,290.00","23,625.00","23,670.50","40,294"
"24-Aug-2023","23,749.95","23,920.00","23,598.05","23,859.60","48,660"
"25-Aug-2023","23,820.00","23,898.90","23,611.00","23,852.30","21,989"
"28-Aug-2023","23,949.00","24,094.00","23,752.40","24,020.35","13,891"
"29-Aug-2023","24,024.00","24,167.95","24,008.00","24,130.20","15,323"
"30-Aug-2023","24,150.00","24,325.00","23,966.00","24,047.85","17,040"
"31-Aug-2023","24,051.00","24,100.00","23,795.00","23,801.15","61,972"
"01-Sep-2023","23,830.00","24,179.50","23,820.00","24,139.35","27,413"
"04-Sep-2023","24,590.00","25,793.70","24,449.00","25,671.55","119,316"
"05-Sep-2023","25,700.00","25,838.30","25,400.00","25,725.05","41,937"
"06-Sep-2023","25,700.00","25,819.65","25,500.00","25,650.30","37,280"
"07-Sep-2023","25,640.00","25,795.00","25,494.05","25,738.80","22,670"
"08-Sep-2023","25,700.00","26,049.20","25,650.00","25,973.10","30,009"
"11-Sep-2023","25,970.00","26,054.25","25,710.00","25,797.40","20,820"
"12-Sep-2023","25,949.90","26,197.95","25,505.65","26,035.10","46,577"
"13-Sep-2023","25,902.00","26,328.80","25,850.00","26,238.55","40,313"
"14-Sep-2023","26,200.00","26,501.00","26,150.40","26,445.00","88,963"
"15-Sep-2023","26,400.00","27,117.95","26,162.00","26,794.25","57,876"
"18-Sep-2023","26,675.35","26,822.60","26,306.00","26,392.00","20,562"
"20-Sep-2023","26,349.95","26,493.65","26,050.00","26,107.75","28,131"
"21-Sep-2023","26,100.00","26,499.95","25,950.00","26,293.60","29,874"
"22-Sep-2023","26,255.00","26,442.25","25,820.00","25,939.70","50,277"
"25-Sep-2023","25,939.70","26,053.95","25,780.05","25,856.45","25,519"
"26-Sep-2023","25,915.00","26,243.85","25,915.00","26,033.00","15,228"
"27-Sep-2023","26,085.00","26,518.90","25,900.00","26,428.55","16,809"
"28-Sep-2023","26,506.00","26,543.00","25,551.25","25,631.70","46,905"
"29-Sep-2023","25,799.00","25,800.00","25,342.55","25,465.00","22,812"
"03-Oct-2023","25,499.90","25,696.60","25,309.10","25,624.10","14,992"
"04-Oct-2023","25,590.00","25,624.90","25,313.95","25,466.95","16,317"
"05-Oct-2023","25,500.00","25,940.00","25,437.55","25,763.15","26,035"
"06-Oct-2023","25,899.70","25,899.70","25,552.05","25,787.25","9,701"
"09-Oct-2023","25,649.05","25,774.70","25,501.00","25,730.00","6,134"
"10-Oct-2023","25,750.05","26,222.00","25,750.05","26,163.75","11,972"
"11-Oct-2023","26,227.95","26,920.00","26,200.00","26,501.35","31,504"
"12-Oct-2023","26,675.00","26,795.00","26,428.50","26,653.50","21,583"
"13-Oct-2023","26,455.00","26,899.45","26,455.00","26,851.15","14,489"
"16-Oct-2023","26,850.00","27,298.95","26,576.80","26,658.90","28,766"
"17-Oct-2023","26,710.05","26,875.00","26,528.10","26,631.70","22,537"
"18-Oct-2023","26,700.05","26,915.30","26,517.00","26,813.75","21,203"
"19-Oct-2023","26,560.00","26,599.95","26,000.00","26,297.45","26,692"
"20-Oct-2023","26,297.45","26,399.85","25,900.00","26,084.65","22,799"
"23-Oct-2023","26,025.00","26,199.50","25,560.55","25,704.10","16,692"
"25-Oct-2023","25,649.00","25,990.90","25,447.30","25,707.30","39,909"
"26-Oct-2023","25,680.00","25,899.90","25,375.85","25,431.60","56,816"
"27-Oct-2023","25,431.60","25,682.25","25,309.00","25,514.50","19,096"
"30-Oct-2023","25,699.90","25,998.00","25,361.05","25,943.55","25,503"
"31-Oct-2023","25,930.70","26,081.45","25,551.05","25,655.05","22,304"
"01-Nov-2023","25,772.30","25,790.00","25,326.15","25,420.65","12,977"
"02-Nov-2023","25,500.00","25,950.00","25,426.45","25,892.25","15,029"
"03-Nov-2023","25,999.00","26,145.00","25,880.00","25,957.85","7,457"
"06-Nov-2023","26,026.00","26,494.40","25,999.60","26,401.00","20,370"
"07-Nov-2023","26,487.95","26,750.00","26,320.00","26,685.55","17,181"
"08-Nov-2023","26,669.05","26,701.85","26,200.05","26,270.50","28,452"
"09-Nov-2023","26,399.90","26,399.90","25,885.35","25,951.40","23,367"
"10-Nov-2023","25,960.50","26,471.95","25,758.05","26,358.50","41,966"
"12-Nov-2023","26,495.00","26,495.00","26,200.00","26,302.30","2,144"
"13-Nov-2023","26,300.00","26,345.25","26,075.25","26,196.20","10,644"
"15-Nov-2023","26,305.00","26,399.95","26,145.20","26,203.45","15,802"
"16-Nov-2023","26,200.00","26,275.00","25,966.95","26,174.40","16,298"
"17-Nov-2023","26,200.00","26,480.00","26,068.05","26,199.80","18,638"
"20-Nov-2023","26,199.80","26,315.00","25,905.05","25,953.65","19,776"
"21-Nov-2023","26,003.00","26,195.40","25,856.95","25,937.05","12,026"
"22-Nov-2023","25,930.35","26,100.00","25,880.05","25,997.05","39,407"
"23-Nov-2023","26,100.00","26,100.00","25,869.60","25,922.20","57,461"
"24-Nov-2023","25,922.20","26,046.85","25,600.00","25,645.40","13,597"
"28-Nov-2023","25,615.00","26,331.00","25,600.00","26,067.45","16,523"
"29-Nov-2023","26,242.10","26,242.10","25,916.05","26,106.90","15,622"
"30-Nov-2023","26,243.00","26,950.00","26,107.00","26,741.75","42,932"
"01-Dec-2023","26,839.95","27,065.45","26,625.00","27,026.55","16,305"
"04-Dec-2023","27,120.15","27,915.00","27,051.70","27,717.00","29,221"
"05-Dec-2023","27,749.90","28,050.00","27,601.00","28,003.85","20,686"
"06-Dec-2023","28,000.00","28,043.45","27,613.00","27,799.10","14,937"
"07-Dec-2023","27,900.00","28,149.80","27,551.00","28,020.50","19,069"
"08-Dec-2023","27,880.50","28,151.00","27,536.05","27,670.25","21,927"
"11-Dec-2023","27,880.00","28,381.60","27,742.85","28,302.60","22,308"
"12-Dec-2023","28,250.00","28,800.00","28,200.05","28,606.80","19,543"
"13-Dec-2023","28,507.50","28,932.45","28,220.05","28,536.85","16,860"
"14-Dec-2023","28,550.00","28,892.00","28,465.70","28,733.05","16,406"
"15-Dec-2023","28,799.00","28,997.65","28,640.00","28,758.90","18,437"
"18-Dec-2023","28,789.00","28,859.30","28,480.00","28,557.00","9,633"
"19-Dec-2023","28,700.00","28,724.65","28,407.05","28,585.95","11,149"
"20-Dec-2023","28,779.90","28,779.90","28,108.55","28,253.00","15,113"
"21-Dec-2023","28,005.00","28,498.00","27,950.00","28,213.80","32,973"
"22-Dec-2023","28,213.80","28,372.35","27,905.75","28,186.55","21,741"
"26-Dec-2023","28,370.00","28,860.00","28,257.20","28,606.75","15,472"
"27-Dec-2023","28,599.80","29,250.00","28,429.90","28,644.90","27,058"
"28-Dec-2023","28,650.00","28,879.85","28,501.00","28,601.50","9,507"
"29-Dec-2023","28,700.00","28,901.00","28,444.05","28,653.30","11,742"
"01-Jan-2024","28,750.00","28,750.00","28,351.00","28,461.60","5,760"
"02-Jan-2024","28,610.00","28,610.00","27,950.00","28,088.55","16,850"
"03-Jan-2024","28,088.55","28,435.00","28,020.40","28,221.75","9,011"
"04-Jan-2024","28,440.00","28,498.00","28,175.00","28,357.90","14,453"
"05-Jan-2024","28,200.00","28,250.05","26,931.35","27,023.30","78,459"
"08-Jan-2024","26,983.05","27,600.00","26,950.05","27,329.65","34,058"
"09-Jan-2024","27,501.00","27,736.30","27,236.30","27,312.90","18,242"
"10-Jan-2024","27,392.95","27,392.95","26,800.00","26,842.15","14,247"
"11-Jan-2024","26,970.00","27,140.00","26,600.00","26,909.95","19,750"
"12-Jan-2024","27,027.30","27,050.00","26,751.00","26,874.00","14,382"
"15-Jan-2024","26,951.00","26,955.05","26,725.65","26,813.70","11,395"
"16-Jan-2024","26,890.00","27,348.00","26,632.90","27,082.10","26,736"
"17-Jan-2024","26,959.95","27,087.85","26,062.00","26,137.00","48,405"
"18-Jan-2024","26,248.90","26,598.00","25,650.00","26,477.15","28,106"
"19-Jan-2024","26,618.95","26,780.00","26,456.15","26,649.50","52,520"
"20-Jan-2024","26,799.00","28,000.00","26,558.65","27,593.80","36,549"
"23-Jan-2024","27,600.00","28,165.00","27,414.80","27,493.75","38,128"
"24-Jan-2024","27,454.00","27,859.80","27,218.45","27,635.15","46,946"
"25-Jan-2024","27,699.95","28,249.50","27,270.45","27,948.80","25,490"
"29-Jan-2024","27,998.75","28,850.00","27,921.95","28,411.55","35,863"
"30-Jan-2024","28,434.95","28,700.00","27,999.05","28,077.75","30,799"
"31-Jan-2024","28,100.00","28,700.00","28,012.35","28,556.25","63,061"
"01-Feb-2024","29,500.00","30,737.75","29,202.10","29,613.55","174,274"
"02-Feb-2024","29,500.00","29,699.85","28,374.30","28,453.95","64,360"
"05-Feb-2024","29,000.00","29,000.05","26,699.20","26,954.80","71,596"
"06-Feb-2024","27,251.00","27,915.00","27,231.45","27,569.40","58,072"
"07-Feb-2024","27,844.90","28,207.00","27,705.05","28,116.30","19,792"
"08-Feb-2024","28,125.10","28,250.00","27,247.85","27,370.20","32,063"
"09-Feb-2024","27,450.00","27,825.00","27,200.00","27,630.10","25,267"
"12-Feb-2024","27,630.10","27,709.60","27,162.00","27,265.50","17,053"
"13-Feb-2024","27,299.95","27,500.00","26,993.85","27,249.65","19,098"
"14-Feb-2024","27,100.00","27,287.30","26,777.00","26,898.45","22,415"
"15-Feb-2024","27,144.90","27,144.90","26,250.00","26,332.90","21,511"
"16-Feb-2024","26,540.00","26,650.00","26,251.50","26,298.00","27,371"
"19-Feb-2024","26,426.00","26,894.40","26,258.35","26,815.30","23,096"
"20-Feb-2024","26,750.00","26,799.95","26,412.50","26,524.90","20,365"
"21-Feb-2024","26,690.00","26,718.75","26,224.00","26,345.00","23,910"
"22-Feb-2024","26,345.05","26,650.00","26,207.40","26,603.35","18,526"
"23-Feb-2024","26,300.65","26,779.85","26,300.65","26,489.65","14,216"
"26-Feb-2024","26,340.20","26,450.00","25,972.60","26,099.70","28,996"
"27-Feb-2024","26,190.00","26,506.90","26,100.05","26,191.30","21,987"
"28-Feb-2024","26,191.30","26,289.75","25,421.50","25,606.40","32,860"
"29-Feb-2024","25,724.90","25,833.00","25,444.10","25,504.40","56,138"
"01-Mar-2024","25,689.00","25,895.95","25,504.25","25,637.80","18,817"
"02-Mar-2024","25,795.00","25,795.00","25,550.00","25,636.55","450"
"04-Mar-2024","25,790.00","25,845.80","25,420.00","25,730.30","29,764"
"05-Mar-2024","25,801.10","25,801.10","24,954.95","25,009.75","47,317"
"06-Mar-2024","25,009.75","25,127.30","24,458.00","24,754.25","33,596"
"07-Mar-2024","24,849.95","25,031.90","24,585.30","24,705.90","73,323"
"11-Mar-2024","24,601.05","25,358.90","24,601.05","25,312.25","53,262"
"12-Mar-2024","25,359.95","25,359.95","24,767.50","24,960.40","20,622"
"13-Mar-2024","25,165.00","25,165.00","24,247.75","24,360.35","35,720"
"14-Mar-2024","24,360.35","25,043.80","24,243.60","24,957.60","22,932"
"15-Mar-2024","24,934.70","25,141.85","24,502.65","25,070.45","30,859"
"18-Mar-2024","25,096.30","25,405.35","24,950.00","25,343.20","92,583"
"19-Mar-2024","25,343.20","25,448.95","24,796.75","25,005.45","16,822"
"20-Mar-2024","25,189.80","25,189.80","24,850.00","24,935.85","18,326"
"21-Mar-2024","25,189.90","25,400.00","24,927.55","25,361.40","17,006"
"22-Mar-2024","25,399.00","25,489.95","25,232.00","25,366.05","12,712"
"26-Mar-2024","25,474.00","25,788.00","25,058.35","25,684.15","38,595"
"27-Mar-2024","25,827.30","26,334.05","25,750.00","25,939.35","27,139"
"28-Mar-2024","26,091.00","26,091.00","25,585.00","25,682.85","26,276"
"01-Apr-2024","25,850.05","26,485.80","25,800.00","26,458.00","20,317"
"02-Apr-2024","26,458.00","26,722.60","26,032.30","26,532.90","41,507"
"03-Apr-2024","26,601.00","26,743.30","26,285.10","26,354.30","150,756"
"04-Apr-2024","26,469.00","26,469.00","25,851.00","25,910.25","85,718"
"05-Apr-2024","25,800.00","25,937.95","25,699.00","25,811.05","39,306"
"08-Apr-2024","26,069.20","26,249.95","25,844.40","25,955.20","31,828"
"09-Apr-2024","26,199.00","26,711.80","25,880.10","25,991.80","50,143"
"10-Apr-2024","26,000.00","26,041.95","25,551.00","25,610.00","24,321"
"12-Apr-2024","25,699.00","25,861.70","25,201.45","25,491.15","19,756"
"15-Apr-2024","25,316.00","25,528.15","25,002.00","25,296.20","24,121"
"16-Apr-2024","25,248.20","25,248.20","24,798.55","24,882.55","12,999"
"18-Apr-2024","25,090.00","25,099.00","24,367.00","24,425.85","35,792"
"19-Apr-2024","24,390.00","24,532.45","23,984.05","24,368.75","35,614"
"22-Apr-2024","24,533.90","24,675.00","24,356.85","24,396.40","25,584"
"23-Apr-2024","24,570.00","24,570.00","24,300.00","24,377.75","18,872"
"24-Apr-2024","24,500.00","24,597.90","24,300.00","24,369.15","17,535"
"25-Apr-2024","24,451.00","24,500.00","23,780.00","23,971.60","48,298"
"26-Apr-2024","24,040.00","24,295.00","23,951.00","24,140.50","15,713"
"29-Apr-2024","24,250.25","24,295.90","24,050.00","24,145.15","25,281"
"30-Apr-2024","24,175.00","25,024.95","24,175.00","24,444.85","74,531"
"02-May-2024","24,499.95","25,372.55","24,472.15","24,827.20","98,202"
"03-May-2024","25,000.00","25,895.80","24,927.90","25,746.55","221,844"
"06-May-2024","26,100.00","26,561.65","25,105.00","25,537.00","51,843"
"07-May-2024","25,575.00","25,882.55","25,054.85","25,395.65","36,812"
"08-May-2024","25,444.20","25,742.80","25,160.50","25,660.45","31,956"
"09-May-2024","25,700.65","25,720.00","25,420.80","25,500.75","31,751"
"10-May-2024","25,600.00","25,833.10","25,377.00","25,661.25","24,366"
"13-May-2024","25,798.55","26,124.00","25,592.05","25,992.50","55,302"
"14-May-2024","26,050.00","26,436.95","25,630.00","26,024.90","84,461"
"15-May-2024","26,800.05","26,824.85","25,645.80","25,819.65","224,481"
"16-May-2024","26,097.40","26,225.00","25,505.00","25,685.60","51,248"
"17-May-2024","25,710.05","26,343.40","25,466.25","26,305.80","32,325"
"18-May-2024","26,299.95","26,350.85","26,013.10","26,288.70","2,019"
"21-May-2024","26,120.00","26,300.00","25,640.25","25,833.45","55,405"
"22-May-2024","25,950.00","25,950.00","25,520.40","25,678.95","37,478"
"23-May-2024","25,851.00","25,851.00","25,425.05","25,676.90","73,090"
"24-May-2024","25,650.10","25,750.10","25,405.00","25,456.45","30,382"
"27-May-2024","25,500.00","25,500.00","25,255.10","25,415.20","43,246"
"28-May-2024","25,489.95","25,725.05","25,412.75","25,634.65","19,032"
"29-May-2024","25,452.00","25,500.00","25,185.35","25,325.55","39,946"
"30-May-2024","25,322.25","25,322.25","24,700.10","25,062.35","40,445"
"31-May-2024","25,227.30","25,425.00","24,604.45","24,680.60","75,751"
"03-Jun-2024","25,200.00","25,625.30","25,088.10","25,309.25","42,209"
"04-Jun-2024","25,350.00","25,350.10","23,700.00","24,882.80","77,396"
"05-Jun-2024","25,194.95","25,600.00","24,862.00","25,481.05","24,620"
"06-Jun-2024","25,555.00","25,799.00","25,435.00","25,636.25","32,684"
"07-Jun-2024","25,700.00","26,250.00","25,511.20","26,077.50","77,513"
"10-Jun-2024","26,296.00","27,450.00","26,078.00","27,239.70","68,197"
"11-Jun-2024","27,239.70","27,290.00","26,816.70","27,063.85","41,867"
"12-Jun-2024","26,890.10","27,720.50","26,890.10","27,538.90","44,979"
"13-Jun-2024","27,504.00","27,625.00","27,186.40","27,490.75","29,976"
"14-Jun-2024","27,491.00","28,025.00","27,421.45","27,538.00","37,314"
"18-Jun-2024","27,682.00","27,699.90","27,263.25","27,462.10","28,615"
"19-Jun-2024","27,480.00","27,757.05","27,086.20","27,443.40","35,730"
"20-Jun-2024","27,490.00","27,766.90","27,343.85","27,698.45","30,646"
"21-Jun-2024","27,850.00","27,850.00","27,223.55","27,403.80","59,054"
"24-Jun-2024","27,400.05","27,542.85","27,086.25","27,318.80","34,949"
"25-Jun-2024","27,400.00","27,581.00","27,107.65","27,217.55","40,713"
"26-Jun-2024","27,155.00","28,191.00","27,086.25","27,498.90","58,935"
"27-Jun-2024","27,480.00","28,242.00","27,479.70","27,832.45","65,372"
"28-Jun-2024","27,850.00","28,132.40","27,711.10","27,870.40","38,614"
"01-Jul-2024","27,994.00","28,614.95","27,750.00","28,353.35","59,357"
"02-Jul-2024","28,353.40","28,527.30","27,607.65","27,697.75","21,261"
"03-Jul-2024","27,899.00","27,899.00","27,285.90","27,383.90","68,891"
"04-Jul-2024","27,548.00","27,554.90","27,170.00","27,459.05","40,849"
"05-Jul-2024","27,445.00","27,573.90","27,297.60","27,528.70","16,956"
"08-Jul-2024","27,510.00","27,549.60","26,951.95","27,193.25","21,059"
"09-Jul-2024","27,340.00","27,850.00","27,207.00","27,776.30","32,653"
"10-Jul-2024","27,776.30","27,967.95","27,324.30","27,905.45","42,280"
"11-Jul-2024","27,877.80","28,001.00","27,600.20","27,772.60","14,648"
"12-Jul-2024","27,791.00","27,885.00","27,466.00","27,665.50","17,752"
"15-Jul-2024","27,555.00","27,835.70","26,811.05","27,616.85","65,384"
"16-Jul-2024","27,747.00","28,683.20","27,647.45","27,906.80","99,513"
"18-Jul-2024","27,800.00","28,197.00","27,672.20","28,061.60","30,733"
"19-Jul-2024","27,852.00","27,998.10","27,107.95","27,284.15","46,732"
"22-Jul-2024","27,207.10","27,993.00","27,001.00","27,919.80","30,476"
"23-Jul-2024","27,801.00","28,395.00","27,605.45","28,162.20","90,200"
"24-Jul-2024","27,971.00","28,099.90","27,251.15","27,552.00","40,236"
"25-Jul-2024","27,499.95","27,587.45","27,200.00","27,484.35","20,756"
"26-Jul-2024","27,651.00","27,870.00","27,320.45","27,566.75","25,287"
"29-Jul-2024","27,800.00","27,800.00","27,155.00","27,237.90","75,146"
"30-Jul-2024","27,414.55","27,490.00","26,960.10","27,314.35","54,585"
"31-Jul-2024","27,360.50","27,813.40","27,312.30","27,740.45","51,103"
"01-Aug-2024","27,825.00","27,899.80","27,488.05","27,768.50","29,621"
"02-Aug-2024","27,555.55","27,796.00","27,052.60","27,295.35","39,746"
"05-Aug-2024","27,000.00","27,049.90","26,376.05","26,834.80","75,142"
"06-Aug-2024","26,945.00","27,092.60","26,010.00","26,101.35","155,613"
"07-Aug-2024","26,100.00","26,694.95","24,966.00","25,098.60","325,580"
"08-Aug-2024","25,050.00","25,050.00","24,027.45","24,143.40","251,869"
"09-Aug-2024","24,519.80","24,575.00","23,850.00","24,296.60","100,935"
"12-Aug-2024","24,310.00","24,456.40","24,008.45","24,408.35","96,808"
"13-Aug-2024","24,500.00","24,509.25","24,140.05","24,205.95","41,826"
"14-Aug-2024","24,209.45","24,464.95","24,011.10","24,338.95","51,638"
"16-Aug-2024","24,375.00","24,700.05","24,279.75","24,642.85","39,023"
"19-Aug-2024","24,830.30","24,965.90","24,699.00","24,848.95","28,455"
"20-Aug-2024","24,960.00","24,960.00","24,600.00","24,730.55","24,733"
"21-Aug-2024","24,757.70","24,892.45","24,672.50","24,808.05","11,582"
"22-Aug-2024","24,850.00","25,224.95","24,800.45","25,012.40","25,066"
"23-Aug-2024","25,082.40","25,100.00","24,637.90","24,706.05","28,796"
"26-Aug-2024","24,751.00","24,933.80","24,602.20","24,906.45","16,730"
"27-Aug-2024","24,906.45","25,049.75","24,730.05","24,813.20","23,212"
"28-Aug-2024","24,820.00","24,900.00","24,605.65","24,692.20","20,949"
"29-Aug-2024","24,705.55","24,889.60","24,540.05","24,821.35","41,631"
"30-Aug-2024","24,811.00","25,561.90","24,810.00","25,482.00","83,409"
"02-Sep-2024","25,590.00","25,749.90","25,260.00","25,427.30","60,617"
"03-Sep-2024","25,428.00","25,702.35","25,355.00","25,507.60","45,076"
"04-Sep-2024","25,400.00","25,866.00","25,355.35","25,770.75","46,475"
"05-Sep-2024","25,770.75","26,280.00","25,627.65","25,662.25","45,730"
"06-Sep-2024","25,888.00","25,888.00","25,281.05","25,610.45","36,981"
"09-Sep-2024","25,552.00","25,850.95","25,313.30","25,798.60","21,329"
"10-Sep-2024","25,948.00","25,948.00","25,651.05","25,725.15","18,493"
"11-Sep-2024","25,725.00","25,849.90","25,543.05","25,614.10","30,919"
"12-Sep-2024","25,651.00","26,079.60","25,623.05","26,019.65","20,307"
"13-Sep-2024","26,079.95","26,144.70","25,814.70","25,883.10","22,521"
"16-Sep-2024","26,001.00","26,050.00","25,507.70","25,619.40","18,917"
"17-Sep-2024","25,600.00","25,677.60","25,400.00","25,437.10","13,175"
"18-Sep-2024","25,450.00","25,496.65","24,909.10","25,076.65","28,048"
"19-Sep-2024","25,111.00","25,327.25","24,690.70","24,931.70","20,392"
"20-Sep-2024","25,000.00","25,272.20","24,751.00","25,141.70","36,895"
"23-Sep-2024","25,222.00","26,096.95","24,952.15","25,958.10","33,984"
"24-Sep-2024","25,958.95","26,200.00","25,771.20","25,911.65","23,216"
"25-Sep-2024","25,911.65","26,053.95","25,705.40","25,903.65","22,774"
"26-Sep-2024","25,900.05","26,195.10","25,763.50","26,123.10","24,898"
"27-Sep-2024","26,125.00","26,550.00","25,942.70","26,247.90","64,958"
"30-Sep-2024","26,149.00","26,448.25","25,907.70","26,308.90","36,112"
"01-Oct-2024","26,392.50","26,580.80","26,199.30","26,523.25","27,911"
"03-Oct-2024","26,387.85","26,698.90","25,950.30","26,259.20","29,136"
"04-Oct-2024","26,370.10","26,500.00","25,865.00","26,034.20","35,441"
"07-Oct-2024","26,034.20","26,168.00","25,240.55","25,376.45","29,707"
"08-Oct-2024","25,305.00","25,639.55","25,117.90","25,582.90","26,091"
"09-Oct-2024","25,580.95","25,580.95","24,856.40","24,975.05","55,676"
"10-Oct-2024","25,099.95","25,196.90","24,600.00","24,641.80","34,741"
"11-Oct-2024","24,551.00","24,657.65","24,219.95","24,337.05","16,368"
"14-Oct-2024","24,435.00","24,598.00","24,145.00","24,572.20","15,627"
"15-Oct-2024","24,651.00","24,966.75","24,581.00","24,718.50","25,592"
"16-Oct-2024","24,731.00","24,731.00","24,262.55","24,439.55","14,359"
"17-Oct-2024","24,501.00","24,543.20","24,050.00","24,245.10","18,593"
"18-Oct-2024","24,201.00","24,375.00","24,088.05","24,325.25","6,317"
"21-Oct-2024","24,320.40","24,432.70","23,999.85","24,297.75","29,725"
"22-Oct-2024","24,220.00","24,848.00","24,220.00","24,434.40","59,982"
"23-Oct-2024","24,434.40","24,844.00","24,350.00","24,710.25","38,391"
"24-Oct-2024","24,637.60","25,365.40","24,600.00","25,065.30","71,701"
"25-Oct-2024","25,170.00","25,182.00","24,719.60","24,956.80","34,088"
"28-Oct-2024","24,963.00","25,250.00","24,956.85","25,056.15","15,081"
"29-Oct-2024","25,194.00","25,385.30","24,986.10","25,331.75","13,388"
"30-Oct-2024","25,100.00","25,508.40","25,020.05","25,351.35","24,313"
"31-Oct-2024","25,346.50","25,555.00","24,970.60","25,072.15","44,337"
"01-Nov-2024","25,349.00","25,351.00","25,083.25","25,241.05","609"
"04-Nov-2024","25,241.05","25,400.00","24,765.20","24,865.30","12,419"
"05-Nov-2024","24,870.00","25,000.00","24,601.00","24,695.90","8,774"
"06-Nov-2024","24,697.00","25,100.00","24,697.00","25,009.15","6,207"
"07-Nov-2024","25,029.50","25,198.00","24,706.40","24,778.65","13,470"
"08-Nov-2024","24,714.95","24,849.05","24,245.50","24,533.00","17,563"
"11-Nov-2024","24,500.00","24,562.00","24,130.05","24,418.25","25,414"
"12-Nov-2024","23,500.00","24,470.85","23,500.00","24,372.80","84,516"
"13-Nov-2024","24,300.20","24,300.20","23,925.60","24,049.20","34,750"
"14-Nov-2024","24,049.20","24,238.35","23,670.05","24,091.70","40,911"
"18-Nov-2024","23,984.90","24,182.40","23,836.85","23,935.05","8,464"
"19-Nov-2024","23,935.00","24,356.75","23,850.10","24,106.35","61,232"
"21-Nov-2024","23,939.95","24,439.50","23,821.10","24,052.85","18,469"
"22-Nov-2024","24,155.00","24,822.00","24,043.65","24,794.75","13,881"
"25-Nov-2024","24,972.30","25,763.00","24,962.45","25,467.30","55,793"
"26-Nov-2024","25,501.00","25,582.05","24,925.80","24,980.65","13,259"
"27-Nov-2024","25,000.05","25,578.60","24,803.00","25,421.85","22,143"
"28-Nov-2024","25,401.25","25,660.15","25,245.80","25,545.60","25,103"
"29-Nov-2024","25,660.00","26,330.00","25,563.35","26,076.45","71,555"
"02-Dec-2024","26,000.00","27,055.00","26,000.00","26,784.00","38,030"
"03-Dec-2024","26,784.00","27,395.00","26,784.00","27,159.35","31,134"
"04-Dec-2024","27,000.25","27,521.00","27,000.25","27,403.90","64,106"
"05-Dec-2024","27,510.00","27,510.00","26,515.70","26,608.00","23,411"
"06-Dec-2024","26,607.00","27,141.35","26,515.15","27,076.65","40,294"
"09-Dec-2024","27,076.00","27,097.00","26,453.05","26,711.25","24,896"
"10-Dec-2024","26,818.05","27,196.00","26,600.00","27,119.30","15,924"
"11-Dec-2024","27,200.00","27,551.50","26,943.70","27,305.50","27,741"
"12-Dec-2024","27,300.00","27,373.55","27,127.40","27,228.75","7,755"
"13-Dec-2024","27,200.00","27,687.95","27,094.35","27,591.45","20,464"
"16-Dec-2024","27,502.00","28,115.00","27,502.00","28,091.25","37,442"
"17-Dec-2024","28,110.00","28,494.90","27,960.60","28,352.20","46,165"
"18-Dec-2024","28,320.00","28,381.45","27,851.00","27,908.80","12,410"
"19-Dec-2024","27,548.95","27,896.95","27,433.40","27,617.10","8,746"
"20-Dec-2024","27,701.00","27,786.00","27,000.00","27,063.50","21,938"
"23-Dec-2024","27,131.15","27,383.95","26,940.60","27,199.90","57,436"
"24-Dec-2024","27,186.10","27,378.80","26,627.70","26,707.70","58,697"
"26-Dec-2024","26,774.35","26,870.90","26,236.80","26,342.70","39,157"
"27-Dec-2024","26,355.00","26,440.85","25,864.65","26,049.00","15,086"
"30-Dec-2024","25,990.00","26,449.00","25,545.40","25,790.35","98,314"
"31-Dec-2024","25,710.05","26,050.00","25,637.25","25,694.20","9,098"
"01-Jan-2025","25,710.35","25,899.90","25,176.10","25,504.25","16,145"
"02-Jan-2025","25,764.20","26,750.95","25,587.70","26,689.90","41,231"
"03-Jan-2025","26,850.95","26,955.00","26,001.00","26,096.25","27,472"
"06-Jan-2025","26,121.00","26,327.95","25,780.75","25,908.60","32,735"
"07-Jan-2025","25,999.90","26,300.00","25,782.60","26,003.90","20,692"
"08-Jan-2025","26,130.00","26,249.95","25,798.55","26,027.45","18,111"
"09-Jan-2025","26,000.00","26,072.00","25,670.05","25,961.80","26,639"
"10-Jan-2025","25,950.00","26,061.75","25,550.05","25,738.30","29,569"
"13-Jan-2025","25,427.60","25,499.90","24,817.80","24,874.50","39,339"
"14-Jan-2025","24,874.50","25,301.00","24,870.05","25,130.20","12,486"
"15-Jan-2025","25,280.20","25,383.70","25,068.30","25,294.60","35,010"
"16-Jan-2025","25,350.00","25,794.00","25,305.00","25,417.45","14,703"
"17-Jan-2025","25,350.00","25,637.95","25,205.50","25,315.45","21,618"
"20-Jan-2025","25,315.45","25,315.45","24,967.55","25,146.00","15,923"
"21-Jan-2025","25,107.60","25,550.00","25,010.10","25,086.75","15,268"
"22-Jan-2025","25,105.10","25,428.00","25,025.40","25,292.55","27,398"
"23-Jan-2025","25,200.00","26,025.00","25,182.20","25,926.80","58,591"
"24-Jan-2025","25,926.80","26,393.40","25,646.80","25,783.15","31,358"
"27-Jan-2025","25,600.00","25,744.50","24,862.55","25,131.40","42,809"
"28-Jan-2025","25,150.00","26,290.25","25,069.95","26,033.00","33,890"
"29-Jan-2025","26,033.00","27,074.30","25,896.00","26,651.35","37,297"
"30-Jan-2025","26,670.00","27,374.00","26,550.95","26,830.50","32,714"
"31-Jan-2025","27,124.00","28,000.00","26,682.65","27,795.90","48,056"
"01-Feb-2025","27,918.95","27,943.85","26,419.75","27,363.75","30,109"
"03-Feb-2025","27,000.00","27,723.45","26,856.55","27,555.35","31,317"
"04-Feb-2025","27,600.00","28,029.85","27,349.75","27,933.40","22,726"
"05-Feb-2025","27,899.00","28,598.45","27,735.20","28,402.10","28,456"
"06-Feb-2025","28,401.80","28,401.80","27,731.70","27,822.55","14,552"
"07-Feb-2025","27,900.00","28,430.00","27,867.35","28,249.10","70,630"
"10-Feb-2025","28,308.00","28,500.00","27,935.85","28,044.05","13,510"
"11-Feb-2025","28,150.00","28,445.40","27,785.45","27,989.75","69,686"
"12-Feb-2025","27,800.00","28,350.00","27,352.40","28,235.05","18,436"
"13-Feb-2025","28,300.30","28,750.00","28,113.25","28,225.00","22,179"
"14-Feb-2025","28,500.00","28,748.30","27,911.00","28,556.05","64,359"
"17-Feb-2025","28,490.00","28,500.00","28,118.15","28,309.15","33,067"
"18-Feb-2025","28,330.00","28,447.60","28,007.65","28,361.20","22,494"
"19-Feb-2025","28,351.00","28,800.00","28,260.65","28,655.15","15,671"
"20-Feb-2025","28,650.00","28,900.00","28,288.10","28,496.75","23,853"
"21-Feb-2025","28,407.60","28,592.80","28,179.45","28,405.70","13,779"
"24-Feb-2025","28,301.00","28,474.85","28,186.15","28,292.40","11,442"
"25-Feb-2025","28,244.00","28,589.00","28,029.00","28,197.45","31,625"
"27-Feb-2025","28,101.00","28,510.00","27,741.55","28,306.40","53,283"
"28-Feb-2025","28,108.35","28,172.00","27,002.20","27,284.00","71,987"
"03-Mar-2025","27,284.00","27,808.65","27,270.00","27,678.90","39,731"
"04-Mar-2025","27,362.50","27,625.10","27,151.05","27,363.35","74,924"
"05-Mar-2025","27,440.00","28,231.10","27,159.50","28,155.45","30,701"
"06-Mar-2025","28,200.00","28,548.00","27,974.65","28,061.75","22,246"
"07-Mar-2025","28,061.75","28,477.00","27,900.05","27,985.20","15,712"
"10-Mar-2025","27,985.20","28,351.00","27,780.90","27,883.65","15,735"
"11-Mar-2025","27,581.45","28,190.90","27,581.45","27,937.00","13,576"
"12-Mar-2025","28,100.00","28,200.00","27,251.05","27,531.00","30,641"
"13-Mar-2025","27,737.55","27,737.55","27,400.00","27,495.15","17,124"
"17-Mar-2025","27,495.15","28,031.60","27,373.35","27,734.60","54,828"
"18-Mar-2025","27,899.95","28,008.60","27,591.05","27,824.70","42,216"
"19-Mar-2025","27,850.00","28,691.10","27,755.00","28,527.85","35,602"
"20-Mar-2025","28,744.00","28,799.90","28,177.65","28,628.85","25,300"
"21-Mar-2025","28,799.00","29,320.00","28,642.10","28,987.40","63,982"
"24-Mar-2025","29,050.00","29,644.60","28,931.00","29,442.65","20,004"
"25-Mar-2025","29,700.00","30,175.00","29,447.90","29,544.05","79,264"
"26-Mar-2025","29,555.10","30,032.90","29,451.00","29,931.10","24,799"
"27-Mar-2025","29,931.10","30,498.00","29,731.10","30,146.45","71,437"
"28-Mar-2025","30,700.00","31,237.95","30,438.55","30,502.95","58,593"
"01-Apr-2025","30,546.15","30,609.45","30,057.15","30,246.40","19,571"
"02-Apr-2025","30,498.80","30,499.00","30,037.05","30,273.40","52,150"
"03-Apr-2025","30,000.00","31,139.95","29,900.05","30,902.00","26,224"
"04-Apr-2025","30,902.00","31,000.00","30,513.50","30,694.50","14,821"
"07-Apr-2025","29,600.30","30,247.90","29,390.00","29,751.55","54,086"
"08-Apr-2025","30,247.00","30,594.95","30,165.80","30,433.20","42,775"
"09-Apr-2025","30,409.05","30,638.05","30,128.95","30,370.25","39,073"
"11-Apr-2025","30,638.00","30,709.95","29,755.00","30,107.95","32,572"
"15-Apr-2025","31,000.00","31,245.00","30,155.00","31,125.00","39,498"
"16-Apr-2025","31,000.00","31,290.00","30,590.00","30,800.00","25,525"
"17-Apr-2025","30,795.00","31,090.00","30,525.00","31,000.00","36,538"
"21-Apr-2025","31,000.00","31,415.00","30,720.00","31,155.00","28,359"
"22-Apr-2025","31,290.00","31,385.00","30,800.00","30,910.00","45,981"
"23-Apr-2025","30,910.00","31,135.00","30,280.00","30,365.00","27,170"
"24-Apr-2025","30,535.00","30,850.00","30,260.00","30,705.00","55,566"
"25-Apr-2025","30,990.00","30,990.00","29,955.00","30,540.00","26,946"
"28-Apr-2025","30,540.00","30,830.00","30,330.00","30,400.00","22,491"
"29-Apr-2025","30,780.00","30,780.00","29,690.00","30,025.00","25,432"
"30-Apr-2025","30,190.00","30,430.00","29,540.00","29,710.00","22,258"
"02-May-2025","29,710.00","29,825.00","28,980.00","29,335.00","21,183"
"05-May-2025","29,340.00","29,625.00","29,335.00","29,470.00","14,607"
"06-May-2025","29,620.00","29,925.00","29,370.00","29,485.00","28,266"
"07-May-2025","29,035.00","29,620.00","29,035.00","29,570.00","11,379"
"08-May-2025","29,695.00","29,750.00","29,100.00","29,410.00","44,201"
"09-May-2025","29,075.00","29,580.00","28,720.00","29,230.00","24,760"
"12-May-2025","29,610.00","30,240.00","29,610.00","30,135.00","13,032"
"13-May-2025","30,210.00","30,445.00","29,650.00","30,145.00","39,445"
"14-May-2025","30,295.00","30,910.00","30,110.00","30,620.00","98,120"
"15-May-2025","30,990.00","31,835.00","30,895.00","31,400.00","172,193"
"16-May-2025","31,400.00","31,720.00","31,005.00","31,615.00","34,222"
"19-May-2025","31,615.00","31,650.00","31,190.00","31,600.00","28,500"
"20-May-2025","31,310.00","31,920.00","31,310.00","31,525.00","29,706"
"21-May-2025","31,500.00","31,800.00","31,385.00","31,490.00","31,519"
"22-May-2025","31,490.00","31,650.00","31,305.00","31,410.00","34,673"
"23-May-2025","31,430.00","31,820.00","31,390.00","31,495.00","19,027"
"26-May-2025","31,495.00","31,695.00","31,000.00","31,100.00","15,503"
"27-May-2025","31,330.00","31,330.00","30,760.00","30,950.00","37,923"
"28-May-2025","31,230.00","31,230.00","29,825.00","29,895.00","34,686"
"29-May-2025","29,900.00","30,020.00","29,615.00","29,915.00","50,069"
"30-May-2025","29,950.00","30,075.00","29,480.00","29,595.00","65,782"
"02-Jun-2025","29,785.00","29,785.00","29,190.00","29,410.00","25,260"
"03-Jun-2025","29,400.00","29,635.00","29,250.00","29,375.00","26,184"
"04-Jun-2025","29,350.00","29,700.00","29,215.00","29,440.00","16,028"
"05-Jun-2025","29,460.00","29,615.00","29,340.00","29,515.00","27,504"
"06-Jun-2025","29,695.00","29,840.00","29,450.00","29,600.00","28,546"
"09-Jun-2025","29,700.00","29,890.00","29,345.00","29,825.00","26,404"
"10-Jun-2025","30,000.00","30,145.00","29,735.00","29,825.00","22,926"
"11-Jun-2025","29,950.00","30,200.00","29,655.00","29,830.00","35,659"
"12-Jun-2025","29,985.00","30,045.00","29,530.00","29,690.00","36,013"
"13-Jun-2025","29,590.00","29,695.00","29,240.00","29,610.00","16,460"
"16-Jun-2025","29,700.00","29,905.00","29,545.00","29,805.00","19,409"
"17-Jun-2025","29,850.00","29,900.00","29,505.00","29,620.00","17,595"
"18-Jun-2025","29,780.00","29,780.00","29,225.00","29,305.00","13,011"
"19-Jun-2025","29,470.00","29,470.00","29,095.00","29,310.00","15,605"
"20-Jun-2025","29,420.00","29,555.00","28,590.00","28,875.00","296,684"
"23-Jun-2025","28,755.00","28,915.00","28,450.00","28,565.00","35,494"
"24-Jun-2025","28,735.00","28,770.00","28,355.00","28,505.00","79,141"
"25-Jun-2025","28,645.00","29,185.00","28,475.00","29,075.00","92,269"
"26-Jun-2025","29,130.00","30,150.00","29,130.00","30,105.00","98,924"
"27-Jun-2025","30,005.00","31,280.00","30,000.00","31,030.00","218,128"
"30-Jun-2025","30,895.00","31,125.00","30,595.00","31,030.00","42,009"
"01-Jul-2025","31,105.00","31,650.00","31,105.00","31,185.00","46,618"
"02-Jul-2025","31,435.00","31,700.00","31,030.00","31,640.00","20,945"
"03-Jul-2025","31,640.00","31,885.00","31,340.00","31,420.00","26,592"
"04-Jul-2025","31,550.00","31,575.00","31,175.00","31,315.00","12,514"
"07-Jul-2025","31,315.00","31,385.00","30,825.00","31,105.00","15,768"
"08-Jul-2025","31,270.00","31,350.00","30,955.00","31,300.00","27,148"
"09-Jul-2025","31,260.00","31,675.00","31,150.00","31,615.00","25,101"
"10-Jul-2025","31,610.00","31,660.00","30,970.00","31,175.00","31,524"
"11-Jul-2025","31,330.00","31,570.00","31,060.00","31,210.00","26,485"
"14-Jul-2025","31,210.00","31,470.00","30,895.00","31,100.00","24,794"
"15-Jul-2025","31,150.00","31,195.00","30,830.00","31,080.00","13,064"
"16-Jul-2025","31,190.00","31,190.00","30,600.00","30,955.00","15,939"
"17-Jul-2025","31,000.00","31,000.00","30,700.00","30,845.00","10,121"
"18-Jul-2025","30,895.00","31,090.00","30,725.00","30,790.00","21,051"
"21-Jul-2025","30,900.00","31,595.00","30,880.00","31,535.00","48,993"
"22-Jul-2025","31,535.00","32,490.00","31,500.00","32,345.00","59,832"
"23-Jul-2025","32,490.00","32,490.00","31,555.00","32,115.00","34,639"
"24-Jul-2025","32,115.00","32,270.00","31,665.00","31,745.00","20,833"
"25-Jul-2025","31,745.00","31,745.00","30,770.00","30,950.00","16,681"
"28-Jul-2025","31,080.00","31,505.00","30,455.00","30,695.00","27,460"
"29-Jul-2025","30,695.00","30,710.00","30,110.00","30,410.00","20,699"
"30-Jul-2025","30,500.00","30,780.00","30,225.00","30,590.00","18,682"
"31-Jul-2025","30,400.00","31,020.00","30,390.00","30,810.00","15,010"
"01-Aug-2025","30,990.00","31,035.00","30,540.00","30,675.00","29,448"
"04-Aug-2025","30,725.00","31,110.00","30,120.00","30,645.00","91,108"
"05-Aug-2025","30,880.00","30,880.00","30,000.00","30,205.00","38,269"
"06-Aug-2025","30,300.00","30,675.00","30,100.00","30,570.00","45,369"
"07-Aug-2025","30,300.00","30,710.00","30,180.00","30,655.00","13,398"
"08-Aug-2025","30,560.00","30,935.00","30,330.00","30,415.00","14,155"
"11-Aug-2025","30,435.00","30,845.00","30,350.00","30,640.00","18,515"
"12-Aug-2025","30,640.00","30,700.00","30,355.00","30,410.00","19,839"
"13-Aug-2025","30,450.00","30,735.00","30,250.00","30,410.00","47,546"
"14-Aug-2025","30,610.00","30,610.00","30,230.00","30,400.00","34,703"
"18-Aug-2025","31,000.00","31,920.00","30,755.00","31,340.00","40,018"
"19-Aug-2025","31,495.00","31,600.00","30,640.00","30,905.00","44,452"
"20-Aug-2025","31,025.00","31,225.00","30,620.00","30,690.00","29,464"
"21-Aug-2025","30,790.00","30,950.00","30,400.00","30,605.00","12,148"
"22-Aug-2025","30,800.00","30,800.00","29,910.00","30,005.00","23,082"
"25-Aug-2025","30,150.00","30,380.00","29,940.00","30,015.00","36,110"
"26-Aug-2025","30,000.00","30,500.00","29,680.00","30,110.00","27,970"
"28-Aug-2025","30,150.00","30,155.00","29,630.00","29,675.00","32,689"
"29-Aug-2025","29,795.00","29,930.00","29,210.00","29,275.00","63,260"
"01-Sep-2025","29,350.00","29,975.00","29,305.00","29,870.00","37,442"
"02-Sep-2025","29,900.00","30,155.00","29,745.00","29,995.00","23,155"
"03-Sep-2025","30,100.00","30,275.00","29,880.00","29,940.00","23,539"
"04-Sep-2025","30,380.00","30,750.00","29,845.00","29,945.00","25,439"
"05-Sep-2025","30,100.00","30,100.00","29,670.00","30,040.00","16,653"
"08-Sep-2025","30,000.00","30,655.00","29,995.00","30,485.00","12,239"
"09-Sep-2025","30,500.00","30,660.00","30,115.00","30,190.00","22,879"
"10-Sep-2025","30,300.00","30,520.00","29,750.00","29,890.00","34,161"
"11-Sep-2025","29,925.00","30,100.00","29,625.00","29,830.00","20,878"
"12-Sep-2025","29,850.00","29,935.00","29,500.00","29,580.00","21,104"
"15-Sep-2025","29,800.00","29,800.00","29,230.00","29,275.00","25,565"
"16-Sep-2025","29,500.00","29,900.00","29,430.00","29,575.00","40,795"
"17-Sep-2025","29,780.00","30,190.00","29,540.00","29,685.00","47,492"
"18-Sep-2025","29,880.00","30,025.00","29,650.00","29,960.00","36,221"
"19-Sep-2025","30,145.00","30,145.00","29,685.00","29,880.00","62,728"
"22-Sep-2025","30,000.00","30,000.00","29,650.00","29,705.00","42,575"
"23-Sep-2025","29,895.00","30,115.00","29,690.00","29,790.00","33,031"
"24-Sep-2025","30,000.00","30,000.00","29,555.00","29,650.00","35,863"
"25-Sep-2025","29,705.00","29,915.00","29,430.00","29,515.00","31,286"
"26-Sep-2025","29,515.00","29,635.00","28,795.00","28,910.00","20,857"
"29-Sep-2025","28,910.00","30,110.00","28,720.00","29,735.00","143,519"
"30-Sep-2025","29,600.00","29,705.00","29,130.00","29,265.00","29,375"
"01-Oct-2025","29,265.00","29,455.00","28,930.00","29,295.00","26,328"
"03-Oct-2025","29,300.00","29,375.00","28,990.00","29,180.00","13,811"
"06-Oct-2025","29,000.00","29,370.00","28,905.00","29,295.00","12,202"
"07-Oct-2025","29,370.00","29,750.00","29,355.00","29,530.00","13,596"
"08-Oct-2025","29,675.00","29,690.00","29,170.00","29,285.00","10,980"
"09-Oct-2025","29,350.00","29,720.00","29,295.00","29,485.00","22,117"
"10-Oct-2025","29,470.00","29,705.00","29,345.00","29,445.00","17,432"
"13-Oct-2025","29,425.00","29,670.00","29,270.00","29,615.00","13,296"
"14-Oct-2025","29,640.00","29,745.00","29,450.00","29,615.00","15,385"
"15-Oct-2025","29,625.00","30,100.00","29,535.00","29,940.00","15,822"
"16-Oct-2025","29,985.00","30,285.00","29,940.00","30,010.00","12,514"
"17-Oct-2025","29,975.00","30,040.00","29,550.00","29,690.00","16,520"
"20-Oct-2025","29,835.00","29,840.00","28,765.00","28,880.00","23,281"
"21-Oct-2025","29,045.00","29,085.00","28,755.00","28,950.00","1,726"
"23-Oct-2025","29,025.00","29,350.00","28,850.00","28,970.00","48,966"
"24-Oct-2025","29,100.00","29,110.00","28,525.00","28,705.00","25,030"
"27-Oct-2025","28,845.00","28,930.00","28,520.00","28,590.00","36,230"
"28-Oct-2025","28,780.00","28,780.00","28,300.00","28,585.00","34,211"
"29-Oct-2025","28,585.00","29,425.00","28,450.00","29,210.00","79,429"
"30-Oct-2025","29,200.00","29,200.00","28,680.00","28,740.00","22,402"
"31-Oct-2025","28,730.00","28,740.00","28,260.00","28,310.00","24,223"
"03-Nov-2025","28,310.00","28,395.00","27,860.00","27,975.00","12,006"
"04-Nov-2025","28,095.00","28,095.00","27,540.00","27,600.00","12,031"
"06-Nov-2025","27,620.00","27,690.00","27,400.00","27,450.00","15,109"
"07-Nov-2025","27,400.00","27,760.00","27,210.00","27,375.00","23,046"
"10-Nov-2025","27,400.00","27,535.00","27,035.00","27,090.00","32,166"
"11-Nov-2025","27,250.00","27,250.00","26,915.00","27,035.00","19,431"
"12-Nov-2025","27,245.00","27,245.00","26,970.00","27,095.00","24,395"
"13-Nov-2025","27,200.00","27,275.00","26,950.00","26,995.00","14,547"
"14-Nov-2025","26,955.00","27,090.00","26,610.00","26,700.00","18,167"
"17-Nov-2025","26,820.00","26,820.00","26,610.00","26,680.00","20,761"
"18-Nov-2025","26,690.00","26,760.00","26,300.00","26,420.00","36,817"
"19-Nov-2025","26,495.00","26,630.00","26,405.00","26,510.00","12,630"
"20-Nov-2025","26,520.00","26,620.00","26,395.00","26,480.00","15,461"
"21-Nov-2025","26,505.00","26,750.00","26,420.00","26,480.00","15,422"
"24-Nov-2025","26,490.00","26,540.00","26,325.00","26,490.00","23,404"
"25-Nov-2025","26,490.00","26,505.00","26,360.00","26,455.00","35,989"
"26-Nov-2025","26,655.00","26,975.00","26,480.00","26,935.00","16,119"
"27-Nov-2025","26,935.00","26,945.00","26,615.00","26,755.00","25,657"
"28-Nov-2025","26,780.00","26,865.00","26,325.00","26,400.00","15,137"
"01-Dec-2025","26,550.00","26,565.00","26,320.00","26,415.00","16,587"
"02-Dec-2025","26,250.00","26,645.00","26,165.00","26,545.00","34,844"
"03-Dec-2025","26,645.00","26,685.00","26,115.00","26,300.00","36,102"
"04-Dec-2025","26,270.00","26,490.00","26,180.00","26,450.00","9,275"
"05-Dec-2025","26,450.00","26,455.00","26,015.00","26,075.00","30,319"
"08-Dec-2025","26,000.00","26,365.00","26,000.00","26,135.00","48,562"
"09-Dec-2025","26,135.00","26,350.00","25,750.00","26,100.00","117,831"
"10-Dec-2025","26,000.00","26,095.00","25,645.00","25,885.00","32,453"
"11-Dec-2025","25,745.00","26,350.00","25,740.00","26,080.00","46,366"
"12-Dec-2025","26,100.00","26,460.00","26,100.00","26,285.00","23,933"
"15-Dec-2025","26,285.00","26,720.00","26,025.00","26,625.00","66,214"
"16-Dec-2025","26,680.00","26,700.00","25,915.00","25,990.00","30,430"
"17-Dec-2025","25,990.00","26,185.00","25,900.00","26,045.00","64,316"
"18-Dec-2025","26,045.00","26,090.00","25,535.00","25,645.00","23,636"
"19-Dec-2025","25,490.00","25,715.00","25,360.00","25,600.00","47,019"
"22-Dec-2025","25,850.00","25,850.00","25,605.00","25,710.00","13,917"
"23-Dec-2025","25,710.00","26,150.00","25,600.00","25,940.00","46,538"
"24-Dec-2025","25,945.00","26,190.00","25,850.00","26,145.00","18,508"
"26-Dec-2025","26,140.00","26,490.00","26,070.00","26,420.00","46,123"
"29-Dec-2025","26,450.00","26,450.00","26,170.00","26,275.00","57,381"
"30-Dec-2025","26,275.00","26,405.00","26,090.00","26,340.00","137,300"
"31-Dec-2025","26,400.00","26,635.00","26,270.00","26,575.00","24,906"
"26-Feb-2026","26,865.00","27,020.00","26,605.00","26,850.00","2,161,979"
"27-Feb-2026","26,850.00","26,865.00","25,965.00","25,995.00","1,499,017"
