"Date","Open","High","Low","Close","Volume"
"01-Jan-2019","4,000.00","4,014.35","3,966.25","4,009.20","92,921"
"02-Jan-2019","4,000.00","4,018.95","3,973.95","4,006.10","143,828"
"03-Jan-2019","4,010.00","4,015.00","3,875.95","3,900.05","223,538"
"04-Jan-2019","3,928.00","3,928.00","3,853.00","3,914.55","220,079"
"07-Jan-2019","3,935.00","3,985.40","3,913.85","3,926.75","220,371"
"08-Jan-2019","3,915.00","3,943.45","3,840.00","3,916.30","271,012"
"09-Jan-2019","3,917.00","3,934.90","3,800.00","3,817.25","248,627"
"10-Jan-2019","3,820.00","3,847.00","3,804.05","3,818.20","138,524"
"11-Jan-2019","3,818.20","3,851.55","3,751.10","3,770.20","248,857"
"14-Jan-2019","3,770.20","3,796.95","3,737.95","3,776.60","198,557"
"15-Jan-2019","3,792.00","3,845.00","3,771.05","3,827.65","298,881"
"16-Jan-2019","3,843.00","3,908.00","3,835.20","3,887.00","201,711"
"17-Jan-2019","3,892.00","3,914.75","3,810.00","3,846.45","235,993"
"18-Jan-2019","3,859.00","3,859.00","3,771.60","3,819.95","237,908"
"21-Jan-2019","3,810.00","3,867.50","3,790.00","3,849.55","279,969"
"22-Jan-2019","3,850.00","3,887.00","3,800.90","3,860.50","220,491"
"23-Jan-2019","3,862.00","3,886.05","3,840.75","3,850.65","171,340"
"24-Jan-2019","3,856.00","3,878.55","3,770.05","3,790.70","808,713"
"25-Jan-2019","3,800.00","3,800.00","3,480.05","3,510.80","1,593,195"
"28-Jan-2019","3,510.00","3,510.00","3,332.45","3,374.45","1,260,559"
"29-Jan-2019","3,375.00","3,509.90","3,370.00","3,409.65","754,743"
"30-Jan-2019","3,420.00","3,467.30","3,365.00","3,442.20","303,793"
"31-Jan-2019","3,454.00","3,540.00","3,432.10","3,519.35","621,043"
"01-Feb-2019","3,530.00","3,538.55","3,446.00","3,483.65","745,604"
"04-Feb-2019","3,480.05","3,496.90","3,402.00","3,447.50","320,227"
"05-Feb-2019","3,447.50","3,472.00","3,410.00","3,461.75","286,515"
"06-Feb-2019","3,484.90","3,534.90","3,441.00","3,510.35","341,588"
"07-Feb-2019","3,509.70","3,606.85","3,497.50","3,570.55","367,134"
"08-Feb-2019","3,535.00","3,587.95","3,515.25","3,557.80","287,105"
"11-Feb-2019","3,565.60","3,565.60","3,440.10","3,449.40","206,491"
"12-Feb-2019","3,440.00","3,498.30","3,415.05","3,452.35","266,527"
"13-Feb-2019","3,482.70","3,496.80","3,450.00","3,472.25","191,197"
"14-Feb-2019","3,454.00","3,503.75","3,426.65","3,494.90","156,493"
"15-Feb-2019","3,489.90","3,489.90","3,367.05","3,439.45","276,417"
"18-Feb-2019","3,452.00","3,459.00","3,380.00","3,429.25","270,262"
"19-Feb-2019","3,410.15","3,504.95","3,410.15","3,467.60","213,945"
"20-Feb-2019","3,474.10","3,597.00","3,471.10","3,573.35","243,815"
"21-Feb-2019","3,583.00","3,654.00","3,560.00","3,631.25","394,248"
"22-Feb-2019","3,631.00","3,664.50","3,604.85","3,625.70","216,855"
"25-Feb-2019","3,620.00","3,724.45","3,617.00","3,716.60","445,514"
"26-Feb-2019","3,690.00","3,816.00","3,676.05","3,788.55","700,811"
"27-Feb-2019","3,810.00","3,905.00","3,801.70","3,889.10","681,050"
"28-Feb-2019","3,915.00","3,915.00","3,790.00","3,826.50","718,074"
"01-Mar-2019","3,839.90","3,899.50","3,826.55","3,878.35","270,365"
"05-Mar-2019","3,893.90","3,978.70","3,870.05","3,962.20","367,903"
"06-Mar-2019","3,963.00","4,020.00","3,935.80","3,978.65","349,217"
"07-Mar-2019","3,978.80","3,987.80","3,900.35","3,912.80","382,836"
"08-Mar-2019","3,924.80","3,986.15","3,885.50","3,972.00","253,766"
"11-Mar-2019","3,975.50","4,057.50","3,955.65","4,049.15","389,964"
"12-Mar-2019","4,063.90","4,147.95","4,050.50","4,095.75","609,648"
"13-Mar-2019","4,099.00","4,140.00","4,011.05","4,025.65","380,923"
"14-Mar-2019","4,036.90","4,061.15","3,932.00","3,964.15","301,915"
"15-Mar-2019","3,990.00","3,990.00","3,905.00","3,916.10","339,118"
"18-Mar-2019","3,949.00","3,979.00","3,918.05","3,970.20","286,827"
"19-Mar-2019","3,970.20","4,012.00","3,960.05","3,978.00","370,780"
"20-Mar-2019","4,004.70","4,009.75","3,910.90","3,922.30","295,550"
"22-Mar-2019","3,945.85","3,976.90","3,883.60","3,929.75","399,902"
"25-Mar-2019","3,911.00","3,911.00","3,850.00","3,871.05","265,291"
"26-Mar-2019","3,869.00","3,944.75","3,830.00","3,925.60","336,761"
"27-Mar-2019","3,951.70","3,997.20","3,880.00","3,901.95","443,206"
"28-Mar-2019","3,920.00","3,968.00","3,894.45","3,908.95","544,435"
"29-Mar-2019","3,934.70","4,010.00","3,913.00","3,998.35","385,054"
"01-Apr-2019","4,040.00","4,146.00","4,020.00","4,053.50","740,396"
"02-Apr-2019","4,062.00","4,083.50","3,985.60","4,026.00","413,689"
"03-Apr-2019","4,025.00","4,073.95","3,985.00","4,001.60","253,841"
"04-Apr-2019","4,026.40","4,112.00","4,001.60","4,079.95","713,853"
"05-Apr-2019","4,104.00","4,206.00","4,084.15","4,190.40","738,916"
"08-Apr-2019","4,224.00","4,235.45","4,136.00","4,166.85","789,953"
"09-Apr-2019","4,154.00","4,174.65","4,107.45","4,163.20","262,712"
"10-Apr-2019","4,167.90","4,169.95","4,120.00","4,131.05","231,779"
"11-Apr-2019","4,140.00","4,161.00","4,093.85","4,140.15","447,838"
"12-Apr-2019","4,150.10","4,196.90","4,137.00","4,166.50","397,313"
"15-Apr-2019","4,179.80","4,234.30","4,158.00","4,225.30","295,636"
"16-Apr-2019","4,229.60","4,285.00","4,206.10","4,255.05","269,121"
"18-Apr-2019","4,279.70","4,279.70","4,220.00","4,259.95","210,890"
"22-Apr-2019","4,235.00","4,279.00","4,180.00","4,204.85","182,038"
"23-Apr-2019","4,212.00","4,232.55","4,182.05","4,198.25","316,043"
"24-Apr-2019","4,156.30","4,432.00","4,110.50","4,394.65","1,985,862"
"25-Apr-2019","4,450.50","4,686.60","4,448.50","4,619.00","3,326,400"
"26-Apr-2019","4,630.00","4,637.60","4,562.80","4,609.95","1,004,982"
"30-Apr-2019","4,607.00","4,649.05","4,554.35","4,616.80","653,730"
"02-May-2019","4,615.00","4,634.00","4,574.10","4,616.30","505,389"
"03-May-2019","4,620.50","4,628.00","4,552.00","4,566.00","411,034"
"06-May-2019","4,500.05","4,560.00","4,485.55","4,518.55","488,749"
"07-May-2019","4,536.10","4,558.85","4,515.05","4,531.25","625,025"
"08-May-2019","4,530.00","4,550.00","4,488.00","4,507.65","567,034"
"09-May-2019","4,494.00","4,523.95","4,455.30","4,478.40","590,574"
"10-May-2019","4,508.70","4,508.70","4,422.60","4,434.25","234,079"
"13-May-2019","4,425.00","4,425.00","4,320.00","4,338.45","408,316"
"14-May-2019","4,326.00","4,460.00","4,289.05","4,424.30","617,724"
"15-May-2019","4,447.70","4,447.70","4,324.15","4,342.35","347,949"
"16-May-2019","4,345.00","4,525.00","4,322.00","4,512.80","613,573"
"17-May-2019","4,500.00","4,508.90","4,435.00","4,492.80","513,496"
"20-May-2019","4,560.25","4,807.65","4,558.10","4,774.20","974,132"
"21-May-2019","4,789.00","4,789.00","4,618.05","4,639.75","671,297"
"22-May-2019","4,662.70","4,673.65","4,592.00","4,647.35","608,316"
"23-May-2019","4,700.00","4,884.00","4,652.30","4,683.95","971,606"
"24-May-2019","4,719.00","4,817.80","4,660.20","4,800.10","782,474"
"27-May-2019","4,800.00","4,904.95","4,752.05","4,841.05","609,904"
"28-May-2019","4,848.50","4,865.00","4,752.70","4,772.95","664,517"
"29-May-2019","4,774.00","4,774.00","4,703.00","4,719.85","318,406"
"30-May-2019","4,719.00","4,771.00","4,707.05","4,758.90","767,519"
"31-May-2019","4,768.00","4,777.00","4,660.00","4,760.10","577,772"
"03-Jun-2019","4,780.00","4,792.70","4,730.05","4,762.30","641,635"
"04-Jun-2019","4,762.30","4,782.00","4,675.15","4,692.00","529,891"
"06-Jun-2019","4,692.50","4,698.85","4,534.00","4,571.20","761,710"
"07-Jun-2019","4,559.00","4,649.00","4,541.05","4,572.85","491,364"
"10-Jun-2019","4,584.70","4,620.10","4,561.10","4,597.85","436,601"
"11-Jun-2019","4,628.00","4,628.00","4,576.30","4,584.75","270,476"
"12-Jun-2019","4,575.00","4,596.00","4,536.00","4,569.10","216,496"
"13-Jun-2019","4,565.00","4,579.45","4,543.10","4,570.20","265,302"
"14-Jun-2019","4,559.00","4,574.90","4,480.00","4,501.75","296,894"
"17-Jun-2019","4,518.00","4,518.00","4,433.50","4,455.30","282,285"
"18-Jun-2019","4,437.25","4,536.00","4,437.05","4,511.45","259,249"
"19-Jun-2019","4,537.70","4,560.00","4,432.90","4,485.00","314,850"
"20-Jun-2019","4,499.00","4,589.85","4,425.00","4,576.05","462,920"
"21-Jun-2019","4,576.00","4,646.90","4,556.00","4,595.15","643,439"
"24-Jun-2019","4,555.50","4,640.30","4,543.45","4,574.80","228,331"
"25-Jun-2019","4,570.00","4,627.00","4,537.00","4,596.05","332,939"
"26-Jun-2019","4,585.20","4,634.00","4,581.05","4,597.40","444,326"
"27-Jun-2019","4,605.00","4,656.90","4,575.00","4,599.15","725,123"
"28-Jun-2019","4,610.00","4,624.95","4,531.00","4,555.85","268,574"
"01-Jul-2019","4,569.80","4,575.00","4,490.00","4,526.65","262,438"
"02-Jul-2019","4,540.00","4,554.65","4,492.30","4,544.10","243,150"
"03-Jul-2019","4,549.95","4,579.95","4,540.20","4,561.15","162,479"
"04-Jul-2019","4,567.80","4,664.00","4,567.75","4,645.35","407,225"
"05-Jul-2019","4,645.35","4,707.00","4,498.15","4,522.05","671,481"
"08-Jul-2019","4,524.00","4,524.00","4,344.35","4,392.35","326,512"
"09-Jul-2019","4,392.00","4,544.85","4,351.60","4,498.70","376,199"
"10-Jul-2019","4,476.00","4,529.00","4,431.65","4,480.70","315,481"
"11-Jul-2019","4,492.10","4,558.00","4,470.85","4,539.10","295,305"
"12-Jul-2019","4,543.80","4,618.90","4,520.10","4,565.85","483,370"
"15-Jul-2019","4,576.00","4,605.00","4,532.30","4,597.00","274,936"
"16-Jul-2019","4,590.10","4,615.00","4,568.75","4,600.90","220,077"
"17-Jul-2019","4,600.90","4,622.55","4,590.90","4,608.95","300,052"
"18-Jul-2019","4,612.30","4,621.00","4,575.00","4,601.75","233,821"
"19-Jul-2019","4,655.00","4,710.00","4,490.15","4,522.95","913,097"
"22-Jul-2019","4,523.10","4,600.85","4,450.15","4,584.10","286,422"
"23-Jul-2019","4,584.10","4,619.90","4,521.50","4,539.45","321,238"
"24-Jul-2019","4,549.00","4,553.45","4,430.05","4,442.85","225,538"
"25-Jul-2019","4,460.00","4,534.00","4,442.85","4,460.10","403,568"
"26-Jul-2019","4,477.00","4,527.00","4,425.05","4,500.55","225,799"
"29-Jul-2019","4,499.00","4,529.00","4,347.50","4,368.95","381,801"
"30-Jul-2019","4,351.00","4,407.00","4,301.00","4,317.55","379,920"
"31-Jul-2019","4,296.90","4,362.05","4,211.00","4,346.90","688,261"
"01-Aug-2019","4,296.35","4,334.70","4,180.00","4,231.70","384,975"
"02-Aug-2019","4,212.90","4,373.90","4,183.35","4,299.05","470,125"
"05-Aug-2019","4,281.30","4,316.65","4,185.50","4,246.20","315,872"
"06-Aug-2019","4,208.10","4,369.00","4,205.00","4,357.00","412,597"
"07-Aug-2019","4,348.90","4,423.30","4,321.20","4,341.65","714,639"
"08-Aug-2019","4,374.85","4,404.00","4,127.90","4,233.15","1,442,600"
"09-Aug-2019","4,351.00","4,383.70","4,240.70","4,281.35","1,030,872"
"13-Aug-2019","4,284.80","4,285.30","4,160.55","4,181.15","413,182"
"14-Aug-2019","4,195.00","4,300.00","4,195.00","4,225.90","578,309"
"16-Aug-2019","4,226.00","4,244.35","4,198.00","4,208.00","508,138"
"19-Aug-2019","4,225.00","4,269.00","4,142.40","4,158.15","399,066"
"20-Aug-2019","4,176.00","4,177.40","4,023.00","4,033.05","725,830"
"21-Aug-2019","4,036.00","4,074.05","3,898.00","3,921.40","828,459"
"22-Aug-2019","3,903.75","3,943.30","3,817.10","3,838.15","673,651"
"23-Aug-2019","3,838.00","3,899.40","3,791.10","3,861.80","783,702"
"26-Aug-2019","3,920.00","4,060.00","3,831.00","4,038.40","989,976"
"27-Aug-2019","4,118.00","4,242.95","4,066.10","4,135.70","1,555,781"
"28-Aug-2019","4,135.70","4,184.95","4,086.05","4,119.80","547,969"
"29-Aug-2019","4,105.00","4,147.95","4,045.50","4,073.90","478,219"
"30-Aug-2019","4,095.00","4,118.00","4,016.05","4,052.25","580,571"
"03-Sep-2019","3,990.25","4,013.60","3,851.00","3,885.55","673,895"
"04-Sep-2019","3,898.00","3,910.65","3,832.00","3,876.50","551,384"
"05-Sep-2019","3,899.00","3,927.45","3,872.50","3,888.80","381,459"
"06-Sep-2019","3,905.00","3,972.00","3,883.10","3,907.55","497,704"
"09-Sep-2019","3,914.60","3,960.00","3,888.55","3,905.60","478,027"
"11-Sep-2019","3,939.95","3,944.00","3,892.00","3,903.40","690,633"
"12-Sep-2019","3,920.00","4,035.90","3,916.60","4,002.05","844,400"
"13-Sep-2019","4,004.95","4,047.25","3,934.00","4,031.15","628,375"
"16-Sep-2019","4,019.70","4,056.00","3,975.00","3,992.85","424,731"
"17-Sep-2019","3,961.00","3,975.00","3,881.05","3,900.40","708,722"
"18-Sep-2019","3,910.10","3,937.95","3,885.05","3,902.80","285,674"
"19-Sep-2019","3,910.00","3,928.40","3,838.00","3,866.30","277,903"
"20-Sep-2019","3,860.00","4,323.95","3,852.65","4,269.65","1,753,403"
"23-Sep-2019","4,360.00","4,447.85","4,319.90","4,391.10","975,156"
"24-Sep-2019","4,400.00","4,410.00","4,295.10","4,318.00","448,502"
"25-Sep-2019","4,301.05","4,340.00","4,254.70","4,277.85","488,035"
"26-Sep-2019","4,285.00","4,420.00","4,285.00","4,395.60","675,169"
"27-Sep-2019","4,335.10","4,419.65","4,335.10","4,395.15","371,737"
"30-Sep-2019","4,383.60","4,390.05","4,287.05","4,341.25","477,396"
"01-Oct-2019","4,368.00","4,410.00","4,155.00","4,212.60","362,440"
"03-Oct-2019","4,219.00","4,219.00","4,114.00","4,146.80","321,369"
"04-Oct-2019","4,173.20","4,183.30","3,967.00","3,979.55","476,329"
"07-Oct-2019","3,999.00","4,008.80","3,853.00","3,870.40","413,509"
"09-Oct-2019","3,868.00","4,061.00","3,868.00","4,043.55","802,345"
"10-Oct-2019","4,047.50","4,080.00","3,947.05","3,976.30","390,651"
"11-Oct-2019","3,986.00","4,099.90","3,965.00","4,077.20","624,956"
"14-Oct-2019","4,075.00","4,207.10","4,051.55","4,170.30","467,406"
"15-Oct-2019","4,194.90","4,219.20","4,141.55","4,206.50","349,808"
"16-Oct-2019","4,232.80","4,298.00","4,226.55","4,285.30","323,562"
"17-Oct-2019","4,271.00","4,280.00","4,221.05","4,260.45","335,206"
"18-Oct-2019","4,268.70","4,363.00","4,255.65","4,295.30","539,285"
"22-Oct-2019","4,295.00","4,409.90","4,217.00","4,249.30","999,349"
"23-Oct-2019","4,275.85","4,299.00","4,212.00","4,251.30","432,380"
"24-Oct-2019","4,265.00","4,330.00","4,243.75","4,311.55","884,456"
"25-Oct-2019","4,293.80","4,306.80","4,175.00","4,196.60","587,008"
"27-Oct-2019","4,203.00","4,275.00","4,172.00","4,189.90","56,626"
"29-Oct-2019","4,219.70","4,219.70","4,081.00","4,117.70","775,239"
"30-Oct-2019","4,170.00","4,206.95","4,101.25","4,122.70","616,338"
"31-Oct-2019","4,122.70","4,166.00","4,091.40","4,143.20","763,791"
"01-Nov-2019","4,143.00","4,178.80","4,131.75","4,162.75","255,083"
"04-Nov-2019","4,172.00","4,296.70","4,172.00","4,238.70","875,545"
"05-Nov-2019","4,250.00","4,250.00","4,134.35","4,147.40","386,308"
"06-Nov-2019","4,160.00","4,176.90","4,116.05","4,135.65","417,808"
"07-Nov-2019","4,160.00","4,235.25","4,160.00","4,187.40","615,076"
"08-Nov-2019","4,170.00","4,194.85","4,126.25","4,147.25","371,096"
"11-Nov-2019","4,133.00","4,180.00","4,108.00","4,137.05","275,634"
"13-Nov-2019","4,137.05","4,172.40","4,105.10","4,115.60","519,389"
"14-Nov-2019","4,130.00","4,132.00","3,993.10","4,003.40","573,058"
"15-Nov-2019","4,043.85","4,094.00","4,015.00","4,077.40","621,773"
"18-Nov-2019","4,075.90","4,145.30","4,070.05","4,126.35","498,006"
"19-Nov-2019","4,130.00","4,130.00","4,085.25","4,100.15","561,897"
"20-Nov-2019","4,098.00","4,130.00","4,075.00","4,114.05","836,453"
"21-Nov-2019","4,110.00","4,110.00","4,064.00","4,077.25","213,325"
"22-Nov-2019","4,084.80","4,097.85","4,030.05","4,081.15","222,219"
"25-Nov-2019","4,118.00","4,129.00","4,095.05","4,113.45","413,582"
"26-Nov-2019","4,115.45","4,149.85","4,088.90","4,112.85","674,879"
"27-Nov-2019","4,123.65","4,250.00","4,123.65","4,234.65","640,193"
"28-Nov-2019","4,249.95","4,300.00","4,208.20","4,294.70","782,062"
"29-Nov-2019","4,301.60","4,337.50","4,239.75","4,259.10","463,936"
"02-Dec-2019","4,270.00","4,320.00","4,255.00","4,276.25","467,324"
"03-Dec-2019","4,288.90","4,296.00","4,171.70","4,211.70","312,478"
"04-Dec-2019","4,210.00","4,232.25","4,164.05","4,197.15","271,645"
"05-Dec-2019","4,202.15","4,270.00","4,146.35","4,160.95","483,794"
"06-Dec-2019","4,180.00","4,196.20","4,124.20","4,157.85","227,870"
"09-Dec-2019","4,173.80","4,192.00","4,121.00","4,151.45","234,928"
"10-Dec-2019","4,160.00","4,165.25","4,031.20","4,038.65","550,870"
"11-Dec-2019","4,051.00","4,064.00","3,970.00","4,001.15","474,277"
"12-Dec-2019","4,012.20","4,033.85","3,983.30","3,992.10","398,279"
"13-Dec-2019","4,034.00","4,091.50","3,999.50","4,082.60","548,283"
"16-Dec-2019","4,082.00","4,084.95","4,032.00","4,061.25","509,129"
"17-Dec-2019","4,062.20","4,145.00","4,053.85","4,119.55","447,766"
"18-Dec-2019","4,113.30","4,119.95","4,050.50","4,065.40","819,336"
"19-Dec-2019","4,050.00","4,083.60","4,024.00","4,037.85","375,655"
"20-Dec-2019","4,035.00","4,146.75","4,025.00","4,120.45","1,567,317"
"23-Dec-2019","4,115.00","4,168.00","4,068.20","4,081.90","457,733"
"24-Dec-2019","4,115.00","4,123.00","4,073.55","4,097.35","231,713"
"26-Dec-2019","4,097.00","4,125.00","4,048.75","4,062.75","362,984"
"27-Dec-2019","4,087.00","4,092.00","4,045.00","4,055.60","417,948"
"30-Dec-2019","4,073.90","4,090.00","4,043.55","4,051.95","326,955"
"31-Dec-2019","4,051.95","4,072.00","4,030.00","4,046.05","276,631"
"01-Jan-2020","4,060.00","4,071.95","4,045.00","4,065.00","163,949"
"02-Jan-2020","4,069.90","4,256.30","4,068.15","4,244.80","1,458,328"
"03-Jan-2020","4,237.00","4,258.00","4,185.85","4,219.20","635,983"
"06-Jan-2020","4,191.00","4,199.75","4,131.00","4,157.10","462,841"
"07-Jan-2020","4,199.55","4,254.00","4,164.05","4,242.10","524,372"
"08-Jan-2020","4,224.85","4,332.00","4,183.80","4,318.95","1,032,268"
"09-Jan-2020","4,337.00","4,400.00","4,331.60","4,388.00","698,429"
"10-Jan-2020","4,388.10","4,464.05","4,366.90","4,444.60","735,887"
"13-Jan-2020","4,457.55","4,492.00","4,450.05","4,468.70","403,937"
"14-Jan-2020","4,465.00","4,502.95","4,422.70","4,483.30","438,651"
"15-Jan-2020","4,451.05","4,525.25","4,410.00","4,506.50","416,924"
"16-Jan-2020","4,520.00","4,554.90","4,433.25","4,472.35","467,980"
"17-Jan-2020","4,440.00","4,522.40","4,411.30","4,486.75","360,682"
"20-Jan-2020","4,500.00","4,509.45","4,452.00","4,467.65","204,026"
"21-Jan-2020","4,455.00","4,520.00","4,440.00","4,483.55","283,173"
"22-Jan-2020","4,505.00","4,540.00","4,463.00","4,476.95","359,444"
"23-Jan-2020","4,470.00","4,540.00","4,446.05","4,526.40","401,079"
"24-Jan-2020","4,554.00","4,679.70","4,452.65","4,642.75","2,127,667"
"27-Jan-2020","4,624.90","4,754.10","4,622.00","4,676.95","1,058,884"
"28-Jan-2020","4,670.00","4,715.80","4,584.50","4,609.05","711,517"
"29-Jan-2020","4,625.00","4,653.50","4,559.50","4,568.20","595,287"
"30-Jan-2020","4,569.00","4,588.50","4,464.15","4,486.00","422,335"
"31-Jan-2020","4,502.30","4,507.30","4,405.00","4,416.10","451,630"
"01-Feb-2020","4,422.00","4,538.90","4,194.70","4,265.25","735,487"
"03-Feb-2020","4,265.00","4,386.85","4,236.15","4,370.65","537,373"
"04-Feb-2020","4,394.95","4,498.85","4,379.05","4,474.25","387,466"
"05-Feb-2020","4,477.00","4,528.60","4,397.60","4,471.80","521,783"
"06-Feb-2020","4,480.00","4,519.05","4,442.00","4,464.90","385,744"
"07-Feb-2020","4,476.40","4,547.00","4,449.65","4,471.80","547,874"
"10-Feb-2020","4,487.00","4,492.60","4,390.75","4,413.75","271,700"
"11-Feb-2020","4,447.70","4,519.50","4,433.00","4,466.45","296,451"
"12-Feb-2020","4,492.70","4,492.70","4,439.95","4,453.75","323,821"
"13-Feb-2020","4,439.95","4,473.15","4,415.00","4,450.50","186,493"
"14-Feb-2020","4,469.00","4,538.95","4,393.05","4,434.35","665,316"
"17-Feb-2020","4,443.90","4,465.00","4,401.10","4,449.85","354,909"
"18-Feb-2020","4,433.60","4,488.20","4,370.10","4,475.70","510,062"
"19-Feb-2020","4,494.00","4,530.00","4,455.00","4,473.10","384,898"
"20-Feb-2020","4,450.00","4,508.00","4,420.00","4,428.10","414,088"
"24-Feb-2020","4,415.00","4,455.00","4,320.00","4,395.00","383,261"
"25-Feb-2020","4,397.50","4,400.00","4,330.75","4,344.00","402,233"
"26-Feb-2020","4,320.25","4,423.90","4,286.05","4,341.50","642,946"
"27-Feb-2020","4,332.55","4,365.05","4,275.35","4,321.65","369,157"
"28-Feb-2020","4,270.00","4,304.15","4,200.00","4,219.60","524,557"
"02-Mar-2020","4,255.00","4,316.30","4,078.55","4,141.70","378,937"
"03-Mar-2020","4,179.90","4,329.00","4,157.55","4,299.90","606,056"
"04-Mar-2020","4,310.05","4,325.00","4,117.00","4,172.80","750,952"
"05-Mar-2020","4,182.05","4,230.00","4,151.60","4,205.55","450,539"
"06-Mar-2020","4,092.60","4,193.30","4,010.00","4,167.85","585,749"
"09-Mar-2020","4,070.00","4,164.55","3,995.00","4,097.35","588,288"
"11-Mar-2020","4,070.00","4,111.85","3,962.70","3,993.40","776,064"
"12-Mar-2020","3,890.00","3,890.00","3,612.50","3,663.50","992,102"
"13-Mar-2020","3,470.30","4,011.50","3,114.00","3,788.90","1,378,943"
"16-Mar-2020","3,650.00","3,660.00","3,405.00","3,518.05","975,878"
"17-Mar-2020","3,520.00","3,575.00","3,454.70","3,470.45","563,725"
"18-Mar-2020","3,537.90","3,537.90","3,270.50","3,303.55","790,527"
"19-Mar-2020","3,139.00","3,389.75","2,955.60","3,166.05","790,263"
"20-Mar-2020","3,185.00","3,656.80","3,140.35","3,573.85","826,169"
"23-Mar-2020","3,220.00","3,290.40","3,037.80","3,054.85","883,620"
"24-Mar-2020","3,100.00","3,237.20","2,967.45","3,018.10","1,105,711"
"25-Mar-2020","2,968.20","3,290.00","2,910.00","3,228.60","874,546"
"26-Mar-2020","3,230.00","3,385.00","3,153.60","3,229.15","931,742"
"27-Mar-2020","3,390.00","3,390.00","3,102.40","3,143.60","471,397"
"30-Mar-2020","3,116.00","3,150.00","3,070.00","3,085.90","507,698"
"31-Mar-2020","3,140.00","3,279.05","3,100.00","3,244.85","637,366"
"01-Apr-2020","3,245.00","3,259.95","3,105.25","3,140.65","390,613"
"03-Apr-2020","3,189.00","3,191.00","3,025.00","3,041.60","406,173"
"07-Apr-2020","3,184.95","3,345.75","3,080.25","3,279.50","646,709"
"08-Apr-2020","3,241.00","3,384.85","3,197.25","3,256.45","647,503"
"09-Apr-2020","3,301.00","3,389.80","3,258.50","3,366.05","501,496"
"13-Apr-2020","3,347.10","3,631.25","3,290.60","3,466.10","1,107,263"
"15-Apr-2020","3,560.00","3,674.00","3,531.50","3,600.15","1,239,945"
"16-Apr-2020","3,550.00","3,565.70","3,475.15","3,539.10","617,281"
"17-Apr-2020","3,654.00","3,664.40","3,510.85","3,534.05","775,287"
"20-Apr-2020","3,570.00","3,570.00","3,490.05","3,516.55","391,192"
"21-Apr-2020","3,469.00","3,470.00","3,376.05","3,403.25","533,462"
"22-Apr-2020","3,421.00","3,457.65","3,376.00","3,441.15","944,453"
"23-Apr-2020","3,435.00","3,470.00","3,406.00","3,442.20","977,203"
"24-Apr-2020","3,410.00","3,440.00","3,292.80","3,307.95","624,104"
"27-Apr-2020","3,336.00","3,370.00","3,316.35","3,360.65","444,246"
"28-Apr-2020","3,412.00","3,431.00","3,365.50","3,394.00","767,800"
"29-Apr-2020","3,360.10","3,453.80","3,360.10","3,434.35","393,834"
"30-Apr-2020","3,470.00","3,565.95","3,446.15","3,534.30","854,108"
"04-May-2020","3,431.00","3,461.70","3,326.05","3,347.60","519,186"
"05-May-2020","3,395.00","3,395.00","3,274.00","3,284.35","387,071"
"06-May-2020","3,300.00","3,389.50","3,247.15","3,324.40","374,625"
"07-May-2020","3,323.95","3,378.00","3,231.00","3,252.85","473,677"
"08-May-2020","3,294.00","3,325.00","3,271.05","3,305.80","421,623"
"11-May-2020","3,355.00","3,450.00","3,330.10","3,360.75","483,889"
"12-May-2020","3,344.00","3,405.50","3,275.55","3,349.35","557,262"
"13-May-2020","3,450.00","3,580.00","3,450.00","3,546.70","1,225,498"
"14-May-2020","3,512.00","3,633.80","3,491.00","3,609.50","974,743"
"15-May-2020","3,629.00","3,629.00","3,547.85","3,583.15","645,207"
"18-May-2020","3,584.40","3,588.85","3,281.10","3,307.80","817,697"
"19-May-2020","3,370.00","3,493.00","3,335.25","3,438.15","1,012,173"
"20-May-2020","3,449.95","3,599.85","3,435.00","3,528.50","1,042,217"
"21-May-2020","3,588.00","3,590.00","3,496.35","3,571.50","710,536"
"22-May-2020","3,550.00","3,668.00","3,530.00","3,638.95","1,021,158"
"26-May-2020","3,665.00","3,847.00","3,657.40","3,786.00","1,409,108"
"27-May-2020","3,801.00","3,808.00","3,691.00","3,727.40","826,875"
"28-May-2020","3,729.00","3,820.00","3,716.05","3,809.20","603,416"
"29-May-2020","3,809.00","3,940.00","3,794.85","3,904.85","1,947,052"
"01-Jun-2020","3,905.00","3,955.00","3,801.00","3,815.70","742,238"
"02-Jun-2020","3,837.00","3,854.00","3,770.00","3,834.25","734,563"
"03-Jun-2020","3,889.95","3,920.00","3,844.05","3,855.90","493,711"
"04-Jun-2020","3,831.00","3,870.65","3,731.55","3,803.90","807,841"
"05-Jun-2020","3,812.00","3,928.50","3,805.00","3,869.55","697,747"
"08-Jun-2020","3,910.00","3,910.00","3,761.70","3,778.20","547,499"
"09-Jun-2020","3,805.00","3,834.90","3,754.80","3,791.35","478,720"
"10-Jun-2020","3,825.00","3,864.85","3,780.00","3,792.45","475,926"
"11-Jun-2020","3,789.90","3,819.95","3,688.00","3,704.90","475,582"
"12-Jun-2020","3,600.00","3,805.00","3,600.00","3,788.55","592,692"
"15-Jun-2020","3,726.45","3,768.65","3,688.00","3,744.80","440,266"
"16-Jun-2020","3,785.00","3,830.30","3,734.40","3,779.95","622,735"
"17-Jun-2020","3,760.00","3,845.00","3,712.00","3,809.20","430,612"
"18-Jun-2020","3,799.70","3,882.00","3,777.00","3,844.25","348,706"
"19-Jun-2020","3,859.25","3,904.45","3,813.10","3,836.35","556,285"
"22-Jun-2020","3,836.35","3,847.45","3,790.65","3,825.25","329,145"
"23-Jun-2020","3,847.00","3,954.00","3,833.65","3,942.80","563,658"
"24-Jun-2020","3,982.80","4,016.00","3,806.45","3,821.60","501,886"
"25-Jun-2020","3,814.80","3,875.00","3,781.75","3,802.35","395,771"
"26-Jun-2020","3,835.00","3,874.00","3,780.00","3,860.60","373,568"
"29-Jun-2020","3,839.95","3,840.00","3,757.00","3,807.00","692,124"
"30-Jun-2020","3,822.00","3,904.35","3,822.00","3,893.55","494,113"
"01-Jul-2020","3,888.00","3,933.95","3,862.10","3,898.60","331,198"
"02-Jul-2020","3,911.00","3,947.00","3,882.00","3,914.95","294,329"
"03-Jul-2020","3,926.00","3,960.00","3,875.00","3,889.60","257,664"
"06-Jul-2020","3,920.00","3,944.70","3,904.50","3,930.90","254,346"
"07-Jul-2020","3,940.00","3,947.85","3,826.50","3,862.00","452,430"
"08-Jul-2020","3,884.95","3,884.95","3,776.80","3,786.65","635,619"
"09-Jul-2020","3,802.00","3,858.75","3,767.05","3,843.45","524,030"
"10-Jul-2020","3,835.05","3,844.70","3,783.00","3,798.50","336,838"
"13-Jul-2020","3,820.00","3,837.80","3,778.00","3,787.90","302,967"
"14-Jul-2020","3,784.80","3,820.80","3,744.00","3,770.90","351,720"
"15-Jul-2020","3,782.20","3,829.95","3,772.00","3,820.65","274,207"
"16-Jul-2020","3,824.95","3,834.00","3,735.00","3,816.25","412,522"
"17-Jul-2020","3,820.00","3,869.00","3,812.20","3,862.85","237,486"
"20-Jul-2020","3,863.10","3,890.00","3,826.95","3,865.10","277,775"
"21-Jul-2020","3,899.00","3,955.00","3,850.00","3,863.30","614,204"
"22-Jul-2020","3,880.00","3,905.00","3,837.90","3,862.65","433,237"
"23-Jul-2020","3,862.65","3,890.00","3,826.05","3,837.90","264,268"
"24-Jul-2020","3,839.00","3,839.05","3,735.35","3,782.50","594,689"
"27-Jul-2020","3,790.10","3,901.00","3,781.00","3,860.10","499,750"
"28-Jul-2020","3,877.00","4,213.00","3,862.15","4,136.35","2,492,216"
"29-Jul-2020","4,169.90","4,287.35","4,155.00","4,180.95","1,777,726"
"30-Jul-2020","4,199.95","4,219.75","4,128.55","4,155.55","595,249"
"31-Jul-2020","4,159.95","4,209.00","4,092.50","4,117.30","413,669"
"03-Aug-2020","4,139.00","4,155.00","4,027.60","4,045.55","490,182"
"04-Aug-2020","4,050.55","4,074.00","3,984.15","4,004.30","600,944"
"05-Aug-2020","4,034.80","4,110.00","4,015.00","4,041.05","569,833"
"06-Aug-2020","4,068.90","4,083.75","4,001.05","4,028.35","378,473"
"07-Aug-2020","4,026.00","4,072.00","3,982.45","4,004.25","348,651"
"10-Aug-2020","4,048.00","4,048.00","3,961.00","3,968.35","590,904"
"11-Aug-2020","3,994.00","4,077.30","3,961.00","3,968.75","823,633"
"12-Aug-2020","3,973.45","4,014.15","3,926.00","3,999.65","466,155"
"13-Aug-2020","4,024.90","4,075.00","4,007.10","4,047.30","545,546"
"14-Aug-2020","4,045.00","4,090.90","3,965.35","4,010.10","661,653"
"17-Aug-2020","4,040.00","4,049.95","3,985.10","4,035.60","315,955"
"18-Aug-2020","4,039.00","4,180.00","4,039.00","4,168.95","1,154,518"
"19-Aug-2020","4,186.00","4,216.00","4,172.10","4,199.85","618,696"
"20-Aug-2020","4,178.95","4,197.35","4,131.40","4,144.25","350,931"
"21-Aug-2020","4,187.90","4,202.50","4,140.10","4,187.80","490,731"
"24-Aug-2020","4,216.95","4,224.00","4,170.00","4,189.60","379,074"
"25-Aug-2020","4,191.00","4,199.00","4,142.05","4,172.35","373,790"
"26-Aug-2020","4,170.00","4,181.80","4,070.00","4,079.65","574,774"
"27-Aug-2020","4,096.00","4,116.55","4,025.80","4,047.15","458,042"
"28-Aug-2020","4,062.00","4,088.80","4,046.00","4,062.55","346,538"
"31-Aug-2020","4,062.55","4,086.30","3,882.85","3,903.85","680,896"
"01-Sep-2020","3,925.00","3,968.30","3,851.50","3,912.65","528,815"
"02-Sep-2020","3,897.20","4,045.95","3,896.15","3,941.70","759,445"
"03-Sep-2020","3,967.70","3,980.00","3,928.65","3,949.00","284,022"
"04-Sep-2020","3,913.25","3,931.95","3,880.00","3,916.10","438,236"
"07-Sep-2020","3,925.00","3,990.00","3,821.00","3,848.65","704,103"
"08-Sep-2020","3,854.80","3,862.50","3,812.65","3,823.75","456,891"
"09-Sep-2020","3,811.00","3,861.00","3,779.00","3,835.60","332,427"
"10-Sep-2020","3,837.00","3,939.00","3,825.00","3,915.50","433,018"
"11-Sep-2020","3,915.50","3,944.20","3,878.00","3,904.10","348,305"
"14-Sep-2020","3,899.95","3,969.70","3,890.00","3,914.10","472,618"
"15-Sep-2020","3,917.10","3,954.95","3,885.15","3,931.45","312,780"
"16-Sep-2020","3,933.00","3,983.85","3,920.05","3,974.90","418,072"
"17-Sep-2020","3,954.80","4,023.40","3,943.50","3,968.95","447,295"
"18-Sep-2020","3,983.90","4,019.40","3,950.00","4,002.60","440,400"
"21-Sep-2020","4,002.60","4,003.60","3,850.00","3,878.90","389,056"
"22-Sep-2020","3,879.65","3,944.50","3,794.00","3,883.15","508,999"
"23-Sep-2020","3,900.00","3,918.25","3,837.05","3,869.15","307,971"
"24-Sep-2020","3,869.00","3,869.15","3,753.90","3,777.80","456,086"
"25-Sep-2020","3,790.00","3,879.90","3,760.05","3,858.50","321,826"
"28-Sep-2020","3,890.00","3,950.00","3,870.15","3,922.00","248,628"
"29-Sep-2020","3,960.00","4,078.00","3,943.25","4,062.10","772,288"
"30-Sep-2020","4,087.70","4,102.70","4,023.10","4,049.55","548,775"
"01-Oct-2020","4,088.00","4,120.00","4,062.10","4,097.75","406,483"
"05-Oct-2020","4,114.10","4,114.10","4,031.05","4,047.15","313,282"
"06-Oct-2020","4,055.20","4,148.00","4,055.20","4,136.10","351,025"
"07-Oct-2020","4,122.75","4,285.95","4,114.10","4,213.35","1,037,715"
"08-Oct-2020","4,225.00","4,360.00","4,214.00","4,346.00","801,790"
"09-Oct-2020","4,340.00","4,374.95","4,275.50","4,298.35","405,756"
"12-Oct-2020","4,300.00","4,361.00","4,246.40","4,306.30","488,896"
"13-Oct-2020","4,448.00","4,525.00","4,339.45","4,382.75","2,369,441"
"14-Oct-2020","4,381.85","4,459.00","4,315.00","4,442.85","817,554"
"15-Oct-2020","4,459.00","4,473.00","4,366.30","4,383.30","545,475"
"16-Oct-2020","4,383.95","4,496.00","4,380.00","4,482.10","669,845"
"19-Oct-2020","4,500.00","4,549.00","4,464.85","4,514.60","636,376"
"20-Oct-2020","4,544.50","4,584.50","4,485.00","4,544.35","871,380"
"21-Oct-2020","4,545.35","4,658.00","4,440.00","4,629.10","2,032,618"
"22-Oct-2020","4,675.00","4,735.55","4,528.60","4,614.55","1,812,783"
"23-Oct-2020","4,620.00","4,642.00","4,488.40","4,504.55","886,850"
"26-Oct-2020","4,510.00","4,544.40","4,459.35","4,485.40","727,544"
"27-Oct-2020","4,495.00","4,628.00","4,485.00","4,566.95","1,088,254"
"28-Oct-2020","4,593.90","4,593.90","4,453.00","4,469.30","509,920"
"29-Oct-2020","4,449.10","4,615.35","4,440.00","4,576.80","927,672"
"30-Oct-2020","4,550.00","4,671.00","4,540.05","4,574.05","934,842"
"02-Nov-2020","4,551.00","4,589.55","4,520.00","4,550.80","489,146"
"03-Nov-2020","4,565.10","4,587.00","4,515.05","4,549.55","582,702"
"04-Nov-2020","4,550.00","4,611.00","4,501.05","4,531.60","495,599"
"05-Nov-2020","4,570.00","4,634.15","4,545.00","4,617.90","584,030"
"06-Nov-2020","4,587.60","4,617.85","4,540.00","4,556.00","426,088"
"09-Nov-2020","4,595.00","4,649.90","4,580.00","4,625.25","447,725"
"10-Nov-2020","4,642.00","4,785.00","4,630.50","4,719.55","1,235,506"
"11-Nov-2020","4,731.40","4,855.95","4,724.35","4,823.80","811,311"
"12-Nov-2020","4,852.00","4,866.50","4,784.25","4,846.10","668,501"
"13-Nov-2020","4,825.00","4,922.00","4,815.35","4,899.75","428,529"
"14-Nov-2020","4,925.00","4,939.00","4,883.00","4,908.20","47,328"
"17-Nov-2020","4,910.00","4,979.00","4,896.00","4,909.05","708,971"
"18-Nov-2020","4,904.50","4,940.00","4,860.00","4,927.50","437,973"
"19-Nov-2020","4,895.00","4,914.00","4,761.00","4,778.00","540,260"
"20-Nov-2020","4,807.90","4,871.95","4,769.05","4,862.55","445,562"
"23-Nov-2020","4,874.00","4,915.00","4,863.35","4,889.50","438,597"
"24-Nov-2020","4,900.00","4,913.15","4,842.00","4,873.20","372,131"
"25-Nov-2020","4,899.00","4,929.00","4,801.05","4,819.85","481,744"
"26-Nov-2020","4,822.00","4,873.90","4,791.55","4,834.15","486,664"
"27-Nov-2020","4,834.20","4,873.45","4,770.00","4,802.00","920,840"
"01-Dec-2020","4,815.00","4,937.20","4,805.00","4,910.50","752,883"
"02-Dec-2020","4,910.50","4,997.25","4,872.80","4,933.10","696,234"
"03-Dec-2020","4,960.00","4,960.00","4,841.20","4,893.50","740,259"
"04-Dec-2020","4,990.00","5,199.00","4,960.10","5,091.40","2,996,248"
"07-Dec-2020","5,120.00","5,176.00","5,037.00","5,056.50","910,850"
"08-Dec-2020","5,064.85","5,237.00","5,064.85","5,217.75","1,652,861"
"09-Dec-2020","5,217.75","5,259.00","5,116.35","5,144.80","1,625,022"
"10-Dec-2020","5,099.00","5,119.00","4,950.00","4,964.30","1,333,296"
"11-Dec-2020","5,005.00","5,038.65","4,956.00","5,015.00","974,421"
"14-Dec-2020","5,015.00","5,080.00","4,995.70","5,073.75","919,851"
"15-Dec-2020","5,070.00","5,230.00","5,068.00","5,156.85","1,629,308"
"16-Dec-2020","5,160.00","5,225.00","5,094.25","5,113.00","630,475"
"17-Dec-2020","5,153.70","5,219.00","5,126.60","5,171.80","834,935"
"18-Dec-2020","5,140.00","5,214.00","5,115.00","5,152.50","549,221"
"21-Dec-2020","5,155.00","5,190.00","4,865.45","5,007.85","597,997"
"22-Dec-2020","5,039.95","5,091.10","4,891.20","5,021.30","576,026"
"23-Dec-2020","4,999.60","5,075.00","4,980.25","5,033.95","449,498"
"24-Dec-2020","5,099.00","5,124.35","5,011.65","5,044.75","431,767"
"28-Dec-2020","5,055.40","5,160.00","5,055.40","5,142.15","410,405"
"29-Dec-2020","5,160.00","5,172.75","5,081.60","5,146.75","401,258"
"30-Dec-2020","5,157.05","5,400.00","5,120.05","5,354.75","1,002,535"
"31-Dec-2020","5,374.00","5,379.00","5,261.20","5,288.15","728,164"
"01-Jan-2021","5,316.90","5,349.00","5,279.30","5,290.80","355,623"
"04-Jan-2021","5,306.95","5,386.85","5,292.05","5,327.20","453,783"
"05-Jan-2021","5,336.00","5,372.90","5,245.05","5,341.20","530,958"
"06-Jan-2021","5,360.00","5,468.50","5,300.00","5,448.35","701,452"
"07-Jan-2021","5,475.00","5,517.70","5,385.00","5,397.95","742,403"
"08-Jan-2021","5,419.00","5,613.30","5,417.55","5,591.75","802,681"
"11-Jan-2021","5,550.00","5,696.75","5,504.95","5,623.70","714,576"
"12-Jan-2021","5,624.80","5,695.95","5,551.00","5,639.00","591,436"
"13-Jan-2021","5,650.00","5,674.00","5,600.00","5,650.75","423,240"
"14-Jan-2021","5,645.00","5,674.00","5,560.00","5,582.35","464,204"
"15-Jan-2021","5,587.00","5,656.75","5,425.75","5,452.25","589,866"
"18-Jan-2021","5,440.00","5,461.80","5,326.45","5,386.00","461,596"
"19-Jan-2021","5,400.10","5,535.00","5,393.75","5,490.10","483,417"
"20-Jan-2021","5,514.00","5,554.25","5,463.90","5,547.10","321,063"
"21-Jan-2021","5,599.00","5,647.00","5,511.40","5,543.45","481,346"
"22-Jan-2021","5,578.00","5,595.00","5,468.05","5,534.80","680,688"
"25-Jan-2021","5,745.00","5,831.80","5,326.65","5,368.40","3,236,487"
"27-Jan-2021","5,380.00","5,519.90","5,330.35","5,404.85","1,212,604"
"28-Jan-2021","5,350.00","5,469.95","5,340.00","5,443.70","576,548"
"29-Jan-2021","5,489.00","5,509.70","5,288.00","5,327.25","745,559"
"01-Feb-2021","5,384.00","5,793.25","5,260.00","5,744.15","1,455,212"
"02-Feb-2021","5,785.00","6,199.00","5,785.00","6,123.55","2,251,712"
"03-Feb-2021","6,155.00","6,238.00","6,040.00","6,074.70","952,770"
"04-Feb-2021","6,093.00","6,210.00","6,041.55","6,182.80","683,257"
"05-Feb-2021","6,180.00","6,399.00","6,120.00","6,352.10","1,174,059"
"08-Feb-2021","6,379.85","6,485.00","6,318.00","6,368.15","769,441"
"09-Feb-2021","6,424.80","6,480.00","6,371.85","6,420.40","947,676"
"10-Feb-2021","6,441.10","6,589.00","6,321.10","6,392.15","1,045,511"
"11-Feb-2021","6,399.50","6,468.00","6,369.30","6,427.15","390,465"
"12-Feb-2021","6,439.90","6,480.00","6,366.95","6,397.25","408,867"
"15-Feb-2021","6,435.00","6,463.95","6,387.10","6,407.75","277,851"
"16-Feb-2021","6,448.00","6,550.00","6,409.95","6,457.80","595,723"
"17-Feb-2021","6,457.80","6,544.50","6,390.95","6,419.20","555,520"
"18-Feb-2021","6,492.30","6,492.30","6,301.00","6,325.85","573,974"
"19-Feb-2021","6,315.00","6,318.65","6,175.00","6,208.50","499,669"
"22-Feb-2021","6,215.00","6,284.95","6,108.65","6,175.10","528,408"
"23-Feb-2021","6,186.00","6,347.90","6,131.05","6,268.45","453,805"
"24-Feb-2021","6,319.00","6,450.00","6,210.00","6,414.55","378,560"
"25-Feb-2021","6,406.00","6,468.00","6,338.45","6,383.30","803,072"
"26-Feb-2021","6,370.00","6,489.00","6,060.00","6,115.00","1,307,673"
"01-Mar-2021","6,218.80","6,389.80","6,170.60","6,365.05","609,302"
"02-Mar-2021","6,375.00","6,473.85","6,312.10","6,423.10","438,046"
"03-Mar-2021","6,450.00","6,535.00","6,431.00","6,500.50","467,421"
"04-Mar-2021","6,429.00","6,830.00","6,394.45","6,775.55","1,303,144"
"05-Mar-2021","6,690.50","6,944.20","6,690.50","6,810.30","1,828,811"
"08-Mar-2021","6,840.00","6,847.90","6,641.80","6,668.15","658,514"
"09-Mar-2021","6,745.00","6,824.00","6,660.00","6,697.40","483,037"
"10-Mar-2021","6,752.10","6,789.00","6,684.00","6,764.05","302,774"
"12-Mar-2021","6,768.00","6,853.65","6,612.05","6,638.15","673,811"
"15-Mar-2021","6,665.00","6,678.85","6,490.05","6,561.45","349,036"
"16-Mar-2021","6,590.00","6,703.00","6,565.10","6,639.95","614,224"
"17-Mar-2021","6,639.00","6,670.00","6,488.40","6,520.25","443,282"
"18-Mar-2021","6,595.00","6,636.65","6,466.70","6,510.05","345,807"
"19-Mar-2021","6,500.00","6,700.00","6,368.55","6,672.00","654,457"
"22-Mar-2021","6,665.90","6,785.00","6,631.30","6,728.00","467,719"
"23-Mar-2021","6,734.10","6,958.75","6,728.05","6,939.10","890,457"
"24-Mar-2021","6,890.50","6,944.00","6,840.00","6,858.65","716,392"
"25-Mar-2021","6,857.30","6,913.90","6,636.00","6,666.50","547,365"
"26-Mar-2021","6,729.80","6,785.00","6,686.45","6,735.25","303,751"
"30-Mar-2021","6,784.00","6,875.00","6,746.00","6,785.60","422,442"
"31-Mar-2021","6,856.25","6,856.25","6,713.90","6,737.95","647,600"
"01-Apr-2021","6,766.00","6,933.70","6,731.20","6,898.85","531,749"
"05-Apr-2021","6,895.00","6,994.00","6,735.00","6,795.80","540,954"
"06-Apr-2021","6,810.30","6,849.00","6,707.20","6,736.65","508,328"
"07-Apr-2021","6,745.00","6,860.00","6,713.35","6,760.05","301,479"
"08-Apr-2021","6,798.00","7,052.85","6,783.80","6,971.25","635,298"
"09-Apr-2021","7,040.00","7,055.95","6,791.85","6,825.85","592,763"
"12-Apr-2021","6,763.30","6,763.30","6,467.00","6,509.40","585,717"
"13-Apr-2021","6,550.00","6,656.45","6,504.60","6,604.45","551,188"
"15-Apr-2021","6,649.00","6,700.00","6,393.65","6,539.30","490,675"
"16-Apr-2021","6,510.00","6,786.45","6,510.00","6,715.20","636,917"
"19-Apr-2021","6,500.00","6,569.45","6,415.00","6,509.75","559,506"
"20-Apr-2021","6,644.00","6,688.60","6,180.00","6,200.85","1,272,134"
"22-Apr-2021","6,198.05","6,225.00","5,970.20","6,092.30","1,795,988"
"23-Apr-2021","6,094.00","6,155.00","5,995.80","6,067.90","968,454"
"26-Apr-2021","6,131.80","6,293.00","6,111.25","6,275.90","697,792"
"27-Apr-2021","6,279.00","6,345.90","6,235.00","6,326.80","512,910"
"28-Apr-2021","6,360.00","6,405.00","6,280.00","6,360.80","414,435"
"29-Apr-2021","6,420.00","6,447.30","6,320.40","6,382.45","406,869"
"30-Apr-2021","6,380.00","6,424.00","6,233.55","6,278.95","475,175"
"03-May-2021","6,252.00","6,380.00","6,150.00","6,350.15","402,055"
"04-May-2021","6,390.00","6,425.00","6,285.00","6,296.45","330,346"
"05-May-2021","6,344.95","6,400.00","6,294.40","6,380.35","215,973"
"06-May-2021","6,400.00","6,429.90","6,314.00","6,405.45","246,632"
"07-May-2021","6,459.95","6,524.00","6,414.95","6,481.90","745,582"
"10-May-2021","6,590.00","6,605.00","6,330.00","6,403.10","872,011"
"11-May-2021","6,390.00","6,619.95","6,310.40","6,490.60","1,139,377"
"12-May-2021","6,464.90","6,490.50","6,371.00","6,388.85","392,657"
"14-May-2021","6,418.00","6,482.00","6,256.90","6,368.10","405,281"
"17-May-2021","6,379.90","6,554.25","6,331.00","6,532.35","357,292"
"18-May-2021","6,580.00","6,670.00","6,562.60","6,653.00","451,024"
"19-May-2021","6,630.00","6,755.00","6,520.05","6,561.20","475,946"
"20-May-2021","6,600.00","6,632.45","6,520.70","6,573.85","256,088"
"21-May-2021","6,607.90","6,674.75","6,590.05","6,637.60","307,027"
"24-May-2021","6,650.00","6,672.40","6,540.05","6,562.40","288,501"
"25-May-2021","6,627.00","6,637.35","6,527.20","6,556.60","176,134"
"26-May-2021","6,594.90","6,618.00","6,525.15","6,580.90","248,015"
"27-May-2021","6,600.00","6,724.95","6,580.25","6,673.25","1,707,144"
"28-May-2021","6,724.00","6,735.00","6,585.60","6,598.50","285,093"
"31-May-2021","6,633.95","6,721.00","6,588.15","6,708.00","328,449"
"01-Jun-2021","6,723.00","6,723.00","6,560.00","6,601.35","397,989"
"02-Jun-2021","6,601.35","6,670.00","6,552.35","6,594.20","567,704"
"03-Jun-2021","6,630.00","6,655.00","6,575.00","6,641.70","349,479"
"04-Jun-2021","6,630.00","6,685.00","6,615.65","6,664.30","205,504"
"07-Jun-2021","6,689.95","6,907.95","6,663.00","6,849.65","617,042"
"08-Jun-2021","6,895.00","6,895.00","6,725.00","6,794.40","218,632"
"09-Jun-2021","6,775.00","6,787.60","6,682.00","6,724.75","345,102"
"10-Jun-2021","6,748.00","6,763.80","6,681.00","6,709.65","198,704"
"11-Jun-2021","6,725.10","6,754.95","6,650.00","6,662.85","193,014"
"14-Jun-2021","6,655.00","6,685.90","6,580.00","6,678.50","160,001"
"15-Jun-2021","6,678.50","6,746.05","6,660.35","6,668.30","193,128"
"16-Jun-2021","6,670.55","6,694.10","6,565.00","6,587.40","224,100"
"17-Jun-2021","6,555.00","6,750.00","6,550.05","6,704.85","637,296"
"18-Jun-2021","6,710.00","6,727.95","6,583.35","6,693.90","367,329"
"21-Jun-2021","6,631.00","6,790.00","6,522.20","6,775.50","361,652"
"22-Jun-2021","6,790.00","6,940.00","6,751.45","6,858.95","542,280"
"23-Jun-2021","6,874.70","6,953.70","6,782.00","6,903.35","438,444"
"24-Jun-2021","6,900.00","6,978.50","6,889.05","6,961.95","278,305"
"25-Jun-2021","7,000.00","7,000.00","6,890.00","6,923.00","183,496"
"28-Jun-2021","6,950.00","6,979.95","6,858.75","6,869.45","127,275"
"29-Jun-2021","6,875.00","6,880.00","6,799.50","6,824.70","235,008"
"30-Jun-2021","6,801.00","6,866.05","6,750.00","6,776.00","283,145"
"01-Jul-2021","6,777.30","6,799.50","6,690.00","6,707.25","274,106"
"02-Jul-2021","6,747.85","6,747.85","6,685.00","6,719.90","256,489"
"05-Jul-2021","6,720.00","6,790.00","6,694.50","6,719.85","134,014"
"06-Jul-2021","6,727.60","6,999.00","6,727.50","6,933.05","681,761"
"07-Jul-2021","6,936.50","6,962.00","6,811.05","6,925.10","382,398"
"08-Jul-2021","6,918.00","6,994.90","6,843.00","6,901.90","365,610"
"09-Jul-2021","6,890.00","6,920.65","6,835.00","6,899.55","170,542"
"12-Jul-2021","6,905.10","7,114.95","6,905.10","7,093.75","610,763"
"13-Jul-2021","7,110.00","7,160.00","7,080.95","7,128.85","372,867"
"14-Jul-2021","7,110.30","7,238.95","7,065.00","7,118.05","379,753"
"15-Jul-2021","7,134.35","7,220.00","7,101.75","7,189.65","292,170"
"16-Jul-2021","7,207.00","7,360.00","7,182.65","7,334.55","436,381"
"19-Jul-2021","7,304.80","7,385.00","7,245.00","7,312.35","365,109"
"20-Jul-2021","7,334.30","7,544.00","7,330.00","7,424.70","953,888"
"22-Jul-2021","7,514.00","7,546.50","7,290.00","7,459.00","1,163,215"
"23-Jul-2021","7,599.80","7,638.95","7,470.00","7,490.30","813,619"
"26-Jul-2021","7,515.00","7,640.00","7,419.75","7,616.70","369,346"
"27-Jul-2021","7,625.00","7,675.00","7,559.00","7,596.25","297,511"
"28-Jul-2021","7,639.95","7,685.00","7,510.00","7,654.65","289,531"
"29-Jul-2021","7,670.00","7,718.90","7,636.00","7,700.45","227,836"
"30-Jul-2021","7,719.80","7,730.00","7,592.00","7,619.20","245,105"
"02-Aug-2021","7,622.05","7,718.80","7,621.30","7,642.05","202,451"
"03-Aug-2021","7,649.00","7,867.25","7,608.40","7,843.25","385,216"
"04-Aug-2021","7,911.00","7,911.00","7,733.80","7,750.00","258,018"
"05-Aug-2021","7,750.00","7,829.85","7,645.00","7,659.00","173,662"
"06-Aug-2021","7,690.00","7,719.90","7,506.15","7,527.65","250,068"
"09-Aug-2021","7,598.00","7,616.70","7,474.00","7,495.65","236,944"
"10-Aug-2021","7,505.00","7,545.20","7,426.00","7,474.15","164,588"
"11-Aug-2021","7,465.00","7,548.00","7,366.70","7,452.45","129,339"
"12-Aug-2021","7,457.00","7,580.00","7,432.85","7,468.70","206,051"
"13-Aug-2021","7,513.40","7,529.45","7,432.00","7,460.70","207,505"
"16-Aug-2021","7,460.70","7,475.95","7,332.05","7,346.65","191,968"
"17-Aug-2021","7,377.00","7,427.20","7,298.05","7,409.05","203,995"
"18-Aug-2021","7,425.00","7,725.00","7,406.00","7,601.45","724,989"
"20-Aug-2021","7,596.60","7,624.90","7,435.55","7,493.35","358,744"
"23-Aug-2021","7,562.35","7,562.35","7,288.00","7,351.00","310,220"
"24-Aug-2021","7,420.00","7,474.70","7,370.70","7,455.35","174,447"
"25-Aug-2021","7,465.00","7,487.95","7,370.00","7,382.35","146,150"
"26-Aug-2021","7,365.00","7,418.90","7,301.00","7,307.10","183,243"
"27-Aug-2021","7,330.60","7,594.80","7,318.20","7,565.60","497,367"
"30-Aug-2021","7,571.00","7,743.60","7,571.00","7,703.80","319,952"
"31-Aug-2021","7,734.00","7,860.00","7,666.65","7,832.45","475,968"
"01-Sep-2021","7,832.00","7,930.00","7,691.50","7,766.95","352,822"
"02-Sep-2021","7,804.80","7,993.95","7,761.05","7,952.75","393,057"
"03-Sep-2021","7,995.00","8,029.50","7,872.00","7,929.85","198,454"
"06-Sep-2021","7,969.80","8,045.65","7,929.90","7,952.60","212,634"
"07-Sep-2021","7,952.60","8,060.00","7,911.50","8,026.25","240,683"
"08-Sep-2021","8,029.00","8,073.30","7,945.25","7,992.90","198,064"
"09-Sep-2021","7,936.00","7,983.00","7,900.00","7,939.65","159,693"
"13-Sep-2021","7,965.00","7,965.00","7,905.00","7,944.45","187,063"
"14-Sep-2021","7,970.00","7,973.05","7,850.00","7,856.45","168,408"
"15-Sep-2021","7,889.00","7,929.00","7,790.00","7,820.85","235,010"
"16-Sep-2021","7,858.70","7,869.65","7,730.00","7,765.45","216,078"
"17-Sep-2021","7,810.00","7,837.65","7,660.75","7,711.85","503,207"
"20-Sep-2021","7,684.00","7,730.15","7,545.65","7,576.00","291,081"
"21-Sep-2021","7,535.00","7,688.00","7,514.50","7,592.70","214,916"
"22-Sep-2021","7,599.90","7,670.00","7,576.90","7,625.60","206,063"
"23-Sep-2021","7,642.15","7,697.20","7,580.00","7,619.70","201,988"
"24-Sep-2021","7,633.00","7,642.60","7,500.00","7,521.50","341,258"
"27-Sep-2021","7,543.60","7,670.85","7,526.05","7,622.90","261,520"
"28-Sep-2021","7,629.90","7,788.00","7,550.00","7,588.30","403,030"
"29-Sep-2021","7,550.00","7,661.35","7,440.00","7,464.55","490,626"
"30-Sep-2021","7,490.00","7,498.90","7,371.00","7,396.10","422,904"
"01-Oct-2021","7,396.10","7,502.00","7,356.20","7,483.55","366,658"
"04-Oct-2021","7,496.00","7,609.90","7,495.00","7,515.60","339,796"
"05-Oct-2021","7,500.00","7,564.85","7,450.10","7,464.00","229,310"
"06-Oct-2021","7,498.85","7,539.00","7,346.00","7,363.00","279,814"
"07-Oct-2021","7,422.00","7,457.95","7,311.95","7,354.60","583,113"
"08-Oct-2021","7,376.00","7,405.20","7,328.00","7,335.75","234,324"
"11-Oct-2021","7,400.00","7,408.95","7,309.70","7,330.25","346,054"
"12-Oct-2021","7,314.00","7,358.00","7,193.00","7,250.15","407,411"
"13-Oct-2021","7,263.00","7,389.90","7,260.00","7,350.40","347,921"
"14-Oct-2021","7,440.00","7,457.95","7,340.00","7,395.50","599,817"
"18-Oct-2021","7,530.00","7,644.00","7,301.40","7,399.30","1,413,642"
"19-Oct-2021","7,489.00","7,489.00","7,153.00","7,170.10","868,388"
"20-Oct-2021","7,100.00","7,309.80","7,092.25","7,129.60","703,897"
"21-Oct-2021","7,200.85","7,205.40","7,085.00","7,129.00","318,247"
"22-Oct-2021","7,158.75","7,233.00","7,100.00","7,149.60","330,818"
"25-Oct-2021","7,149.60","7,174.95","7,007.00","7,149.80","245,401"
"26-Oct-2021","7,150.15","7,295.00","7,150.00","7,269.10","372,893"
"27-Oct-2021","7,271.00","7,372.00","7,234.00","7,354.20","364,657"
"28-Oct-2021","7,376.00","7,500.00","7,354.00","7,446.65","556,897"
"29-Oct-2021","7,465.00","7,690.00","7,343.00","7,636.05","659,277"
"01-Nov-2021","7,670.00","7,811.00","7,647.65","7,775.10","469,658"
"02-Nov-2021","7,787.00","7,815.80","7,688.40","7,713.35","177,655"
"03-Nov-2021","7,759.90","7,902.25","7,730.05","7,887.85","388,455"
"04-Nov-2021","7,897.00","7,932.90","7,861.70","7,880.80","32,611"
"08-Nov-2021","7,940.00","8,269.00","7,845.00","8,214.05","825,196"
"09-Nov-2021","8,200.00","8,255.05","8,143.00","8,166.00","253,056"
"10-Nov-2021","8,145.00","8,187.85","8,050.00","8,106.80","209,152"
"11-Nov-2021","8,100.00","8,141.85","8,005.00","8,050.65","125,814"
"12-Nov-2021","8,085.00","8,113.80","8,005.00","8,080.75","180,509"
"15-Nov-2021","8,080.00","8,172.55","8,031.00","8,050.80","119,066"
"16-Nov-2021","8,120.00","8,139.00","7,856.30","7,882.40","277,983"
"17-Nov-2021","7,845.00","7,948.95","7,801.00","7,857.70","183,623"
"18-Nov-2021","7,899.00","7,930.00","7,715.05","7,767.70","196,805"
"22-Nov-2021","7,799.00","7,808.60","7,550.60","7,653.80","383,629"
"23-Nov-2021","7,620.00","7,714.70","7,540.70","7,657.95","475,377"
"24-Nov-2021","7,730.00","7,768.05","7,550.00","7,577.30","292,766"
"25-Nov-2021","7,560.30","7,634.45","7,517.55","7,608.80","173,989"
"26-Nov-2021","7,550.00","7,599.00","7,370.10","7,394.75","265,808"
"29-Nov-2021","7,354.50","7,434.95","7,201.40","7,388.25","382,413"
"30-Nov-2021","7,387.30","7,519.00","7,347.55","7,433.75","547,664"
"01-Dec-2021","7,612.00","7,678.75","7,291.00","7,322.60","509,749"
"02-Dec-2021","7,360.00","7,389.00","7,262.00","7,323.20","239,691"
"03-Dec-2021","7,378.45","7,455.00","7,296.15","7,332.45","401,430"
"06-Dec-2021","7,344.85","7,389.60","7,201.00","7,214.60","173,852"
"07-Dec-2021","7,285.00","7,336.95","7,235.00","7,299.40","162,646"
"08-Dec-2021","7,329.00","7,458.75","7,300.00","7,423.95","209,590"
"09-Dec-2021","7,476.80","7,515.20","7,390.00","7,433.85","198,582"
"10-Dec-2021","7,450.00","7,451.85","7,390.30","7,440.45","144,726"
"13-Dec-2021","7,514.00","7,539.90","7,392.10","7,414.45","220,084"
"14-Dec-2021","7,409.00","7,458.90","7,337.10","7,386.40","210,516"
"15-Dec-2021","7,416.00","7,416.00","7,330.00","7,371.35","113,049"
"16-Dec-2021","7,414.80","7,440.00","7,371.80","7,413.75","140,591"
"17-Dec-2021","7,410.80","7,410.80","7,302.00","7,337.35","279,606"
"20-Dec-2021","7,270.00","7,270.00","7,035.20","7,160.85","285,814"
"21-Dec-2021","7,238.00","7,375.00","7,180.10","7,327.35","241,099"
"22-Dec-2021","7,320.00","7,425.00","7,312.45","7,377.25","158,971"
"23-Dec-2021","7,434.80","7,434.80","7,299.95","7,340.60","210,152"
"24-Dec-2021","7,362.00","7,450.00","7,201.90","7,224.80","270,337"
"27-Dec-2021","7,219.00","7,295.00","7,172.30","7,245.05","142,927"
"28-Dec-2021","7,275.00","7,417.00","7,275.00","7,406.10","185,895"
"29-Dec-2021","7,385.00","7,460.00","7,373.70","7,420.95","219,901"
"30-Dec-2021","7,420.95","7,494.90","7,380.10","7,397.20","243,710"
"31-Dec-2021","7,450.00","7,659.50","7,421.45","7,591.05","258,372"
"03-Jan-2022","7,600.00","7,750.00","7,570.05","7,723.90","250,533"
"04-Jan-2022","7,749.00","7,772.85","7,611.70","7,650.35","315,188"
"05-Jan-2022","7,650.50","7,769.00","7,595.00","7,659.55","400,874"
"06-Jan-2022","7,639.55","7,699.95","7,425.05","7,458.55","403,448"
"07-Jan-2022","7,465.10","7,580.00","7,439.05","7,557.95","543,512"
"10-Jan-2022","7,590.00","7,617.60","7,522.30","7,585.15","213,126"
"11-Jan-2022","7,609.70","7,679.40","7,561.20","7,606.30","234,296"
"12-Jan-2022","7,663.80","7,729.00","7,609.90","7,658.70","297,378"
"13-Jan-2022","7,681.00","7,719.60","7,553.85","7,606.80","274,893"
"14-Jan-2022","7,634.00","7,700.00","7,566.90","7,660.55","250,253"
"17-Jan-2022","7,635.00","7,946.00","7,500.10","7,870.10","1,216,949"
"18-Jan-2022","7,807.00","7,894.00","7,520.00","7,555.90","565,178"
"19-Jan-2022","7,599.90","7,599.90","7,353.00","7,434.40","439,305"
"20-Jan-2022","7,470.00","7,559.55","7,395.00","7,465.50","249,483"
"21-Jan-2022","7,430.00","7,454.65","7,311.00","7,357.65","207,851"
"24-Jan-2022","7,360.00","7,365.00","7,088.65","7,156.00","319,304"
"25-Jan-2022","7,120.00","7,153.90","7,000.00","7,098.35","467,078"
"27-Jan-2022","7,140.00","7,150.30","6,950.00","7,100.70","418,032"
"28-Jan-2022","7,120.90","7,266.40","7,094.00","7,109.85","511,605"
"31-Jan-2022","7,188.90","7,279.55","7,167.60","7,216.40","250,406"
"01-Feb-2022","7,263.20","7,535.50","7,235.20","7,516.25","731,348"
"02-Feb-2022","7,572.70","7,575.00","7,425.00","7,441.00","324,627"
"03-Feb-2022","7,461.00","7,485.00","7,351.00","7,375.35","167,162"
"04-Feb-2022","7,389.00","7,529.90","7,380.15","7,439.65","462,491"
"07-Feb-2022","7,439.65","7,518.95","7,362.50","7,469.35","391,483"
"08-Feb-2022","7,475.95","7,499.00","7,355.80","7,421.35","270,604"
"09-Feb-2022","7,436.00","7,547.90","7,421.45","7,504.05","253,643"
"10-Feb-2022","7,514.70","7,548.95","7,460.30","7,474.50","284,223"
"11-Feb-2022","7,460.10","7,460.10","7,294.10","7,323.60","265,177"
"14-Feb-2022","7,242.50","7,242.50","7,050.00","7,089.10","266,661"
"15-Feb-2022","7,100.00","7,318.45","7,031.05","7,290.30","255,775"
"16-Feb-2022","7,285.00","7,320.00","7,166.95","7,178.90","322,839"
"17-Feb-2022","7,145.00","7,225.00","7,030.00","7,045.95","499,955"
"18-Feb-2022","7,049.00","7,064.85","6,900.00","6,916.60","510,600"
"21-Feb-2022","6,900.00","6,912.55","6,791.00","6,813.45","424,346"
"22-Feb-2022","6,713.00","6,770.00","6,676.15","6,749.55","359,236"
"23-Feb-2022","6,780.00","6,866.00","6,735.00","6,780.20","506,540"
"24-Feb-2022","6,624.90","6,649.15","6,396.20","6,418.45","610,393"
"25-Feb-2022","6,550.00","6,656.65","6,520.00","6,570.25","376,464"
"28-Feb-2022","6,538.00","6,602.00","6,440.15","6,567.90","557,289"
"02-Mar-2022","6,539.00","6,539.00","6,342.00","6,399.35","686,927"
"03-Mar-2022","6,416.00","6,437.15","5,964.85","5,980.70","2,406,110"
"04-Mar-2022","5,949.75","6,170.00","5,850.80","6,050.30","1,336,552"
"07-Mar-2022","5,929.30","5,929.30","5,684.65","5,698.10","1,280,108"
"08-Mar-2022","5,631.00","5,875.00","5,629.20","5,833.45","955,847"
"09-Mar-2022","5,890.00","6,058.75","5,821.20","6,017.35","813,790"
"10-Mar-2022","6,202.00","6,261.20","6,004.55","6,052.55","967,482"
"11-Mar-2022","6,043.00","6,119.95","5,980.00","6,021.00","533,023"
"14-Mar-2022","6,050.00","6,067.90","5,956.05","6,035.90","466,938"
"15-Mar-2022","6,095.85","6,172.00","5,972.05","6,021.25","819,263"
"16-Mar-2022","6,130.00","6,317.20","6,080.00","6,305.90","888,929"
"17-Mar-2022","6,380.35","6,469.50","6,340.00","6,373.60","979,987"
"21-Mar-2022","6,370.00","6,370.00","6,176.05","6,191.25","531,422"
"22-Mar-2022","6,160.00","6,225.85","6,059.10","6,211.60","1,073,804"
"23-Mar-2022","6,312.50","6,312.50","6,195.05","6,234.00","664,235"
"24-Mar-2022","6,202.00","6,379.55","6,200.00","6,351.85","642,226"
"25-Mar-2022","6,385.00","6,390.65","6,284.05","6,312.70","321,023"
"28-Mar-2022","6,345.00","6,394.95","6,245.05","6,359.95","325,668"
"29-Mar-2022","6,377.00","6,548.00","6,376.00","6,526.60","671,879"
"30-Mar-2022","6,542.50","6,668.80","6,542.50","6,642.70","705,385"
"31-Mar-2022","6,660.00","6,699.00","6,581.00","6,602.30","399,272"
"01-Apr-2022","6,603.00","6,688.85","6,565.05","6,670.55","216,837"
"04-Apr-2022","6,632.00","6,758.45","6,622.00","6,743.90","268,314"
"05-Apr-2022","6,770.00","6,816.00","6,680.05","6,726.15","412,049"
"06-Apr-2022","6,700.00","6,792.00","6,690.00","6,736.15","297,453"
"07-Apr-2022","6,696.00","6,796.50","6,696.00","6,736.65","234,000"
"08-Apr-2022","6,799.00","6,850.00","6,722.85","6,837.00","309,692"
"11-Apr-2022","6,834.65","6,918.50","6,800.00","6,858.75","359,038"
"12-Apr-2022","6,850.00","6,858.75","6,721.80","6,775.55","385,829"
"13-Apr-2022","6,750.00","6,840.00","6,694.20","6,730.05","386,535"
"18-Apr-2022","6,645.50","6,689.90","6,570.05","6,639.60","240,392"
"19-Apr-2022","6,700.00","6,764.25","6,506.05","6,585.70","353,426"
"20-Apr-2022","6,587.00","6,827.75","6,585.70","6,807.15","328,054"
"21-Apr-2022","6,830.00","6,887.00","6,808.00","6,846.50","181,457"
"22-Apr-2022","6,800.00","6,809.95","6,710.10","6,744.10","237,385"
"25-Apr-2022","6,694.00","6,713.05","6,556.65","6,595.05","227,496"
"26-Apr-2022","6,680.00","6,694.20","6,615.00","6,660.20","279,555"
"27-Apr-2022","6,575.00","6,629.85","6,536.05","6,548.45","327,597"
"28-Apr-2022","6,598.00","6,635.00","6,551.05","6,616.95","243,308"
"29-Apr-2022","6,617.40","6,797.00","6,520.20","6,630.25","1,139,560"
"02-May-2022","6,607.60","6,730.00","6,542.90","6,679.00","329,548"
"04-May-2022","6,679.00","6,708.60","6,501.00","6,521.95","228,457"
"05-May-2022","6,560.00","6,595.90","6,340.00","6,355.70","344,367"
"06-May-2022","6,300.00","6,300.00","6,160.00","6,200.20","499,910"
"09-May-2022","6,175.00","6,274.90","6,115.00","6,224.60","355,285"
"10-May-2022","6,210.85","6,423.45","6,200.55","6,366.45","359,456"
"11-May-2022","6,369.95","6,436.50","6,209.95","6,340.20","217,452"
"12-May-2022","6,300.00","6,300.00","6,077.60","6,185.45","323,730"
"13-May-2022","6,268.40","6,292.80","6,142.80","6,196.55","319,217"
"16-May-2022","6,194.70","6,194.70","5,821.00","6,012.80","685,657"
"17-May-2022","6,012.80","6,125.85","5,980.40","6,107.75","637,179"
"18-May-2022","6,164.00","6,279.00","6,130.05","6,233.75","371,945"
"19-May-2022","6,129.00","6,176.40","6,050.00","6,072.60","259,111"
"20-May-2022","6,165.00","6,165.00","6,064.20","6,128.65","374,540"
"23-May-2022","6,174.00","6,224.00","5,900.00","5,916.30","528,566"
"24-May-2022","5,947.95","5,957.60","5,833.65","5,868.05","458,962"
"25-May-2022","5,894.00","5,979.00","5,778.25","5,792.20","571,568"
"26-May-2022","5,821.00","5,917.00","5,706.75","5,874.25","512,954"
"27-May-2022","5,905.00","5,976.50","5,886.05","5,948.00","290,626"
"30-May-2022","6,000.00","6,156.75","5,965.55","6,102.65","330,562"
"31-May-2022","6,110.00","6,140.00","6,045.05","6,082.60","431,470"
"01-Jun-2022","6,080.00","6,099.70","5,950.00","5,975.65","268,629"
"02-Jun-2022","5,966.00","6,023.95","5,906.00","6,007.85","320,094"
"03-Jun-2022","6,115.00","6,115.00","5,610.00","5,678.85","2,216,480"
"06-Jun-2022","5,680.00","5,735.00","5,575.00","5,581.35","999,722"
"07-Jun-2022","5,560.00","5,576.30","5,410.00","5,555.20","1,203,977"
"08-Jun-2022","5,581.95","5,613.30","5,500.00","5,531.85","605,175"
"09-Jun-2022","5,525.00","5,535.00","5,445.00","5,481.90","375,314"
"10-Jun-2022","5,455.90","5,535.70","5,409.00","5,511.05","493,489"
"13-Jun-2022","5,431.00","5,450.00","5,337.00","5,356.15","441,354"
"14-Jun-2022","5,350.00","5,498.00","5,324.00","5,428.60","610,906"
"15-Jun-2022","5,440.90","5,473.55","5,401.00","5,454.15","286,759"
"16-Jun-2022","5,480.00","5,486.00","5,277.05","5,305.25","732,233"
"17-Jun-2022","5,300.00","5,302.95","5,157.05","5,177.30","819,352"
"20-Jun-2022","5,179.00","5,347.45","5,161.80","5,333.30","506,142"
"21-Jun-2022","5,355.00","5,433.00","5,262.05","5,418.90","292,408"
"22-Jun-2022","5,400.00","5,428.00","5,320.00","5,409.95","214,821"
"23-Jun-2022","5,428.00","5,498.90","5,358.05","5,410.30","296,712"
"24-Jun-2022","5,450.00","5,510.00","5,435.20","5,468.30","265,862"
"27-Jun-2022","5,510.00","5,582.00","5,488.05","5,560.25","226,613"
"28-Jun-2022","5,560.00","5,585.00","5,480.00","5,572.75","278,114"
"29-Jun-2022","5,542.00","5,648.00","5,521.10","5,618.30","490,615"
"30-Jun-2022","5,629.00","5,649.00","5,535.00","5,607.30","572,821"
"01-Jul-2022","5,600.00","5,699.75","5,485.00","5,691.70","329,610"
"04-Jul-2022","5,679.90","5,745.00","5,632.10","5,709.05","165,959"
"05-Jul-2022","5,710.50","5,763.00","5,700.35","5,729.95","307,970"
"06-Jul-2022","5,750.00","5,844.90","5,728.25","5,828.05","371,948"
"07-Jul-2022","5,855.00","5,871.95","5,771.25","5,838.85","261,593"
"08-Jul-2022","5,851.00","5,958.95","5,805.60","5,839.10","410,980"
"11-Jul-2022","5,820.00","5,869.00","5,780.60","5,854.25","189,671"
"12-Jul-2022","5,823.10","5,836.55","5,730.00","5,778.85","171,919"
"13-Jul-2022","5,782.00","5,885.00","5,770.35","5,798.95","263,686"
"14-Jul-2022","5,800.00","5,851.95","5,682.25","5,735.05","285,686"
"15-Jul-2022","5,720.00","5,832.00","5,701.00","5,807.05","255,753"
"18-Jul-2022","5,832.00","5,991.00","5,811.40","5,982.40","512,929"
"19-Jul-2022","5,994.90","6,095.95","5,982.65","6,085.85","555,572"
"20-Jul-2022","6,111.00","6,145.00","6,077.00","6,089.00","371,187"
"21-Jul-2022","6,125.00","6,149.15","6,036.00","6,130.70","328,612"
"22-Jul-2022","6,131.00","6,495.00","6,099.05","6,458.70","1,441,549"
"25-Jul-2022","6,349.00","6,446.80","6,260.05","6,382.90","919,050"
"26-Jul-2022","6,389.50","6,462.05","6,307.20","6,399.65","549,442"
"27-Jul-2022","6,390.30","6,551.00","6,365.90","6,535.35","424,070"
"28-Jul-2022","6,560.00","6,560.00","6,445.00","6,471.25","462,464"
"29-Jul-2022","6,539.70","6,577.25","6,490.00","6,544.80","360,851"
"01-Aug-2022","6,587.95","6,664.00","6,560.05","6,657.65","414,339"
"02-Aug-2022","6,627.85","6,694.00","6,595.00","6,651.30","274,658"
"03-Aug-2022","6,665.00","6,695.00","6,514.05","6,602.70","266,360"
"04-Aug-2022","6,648.00","6,685.35","6,550.00","6,588.05","275,815"
"05-Aug-2022","6,588.05","6,799.00","6,588.05","6,775.20","741,250"
"08-Aug-2022","6,755.00","6,775.20","6,647.00","6,677.85","313,912"
"10-Aug-2022","6,724.35","6,742.10","6,580.55","6,595.65","271,291"
"11-Aug-2022","6,630.10","6,654.95","6,573.60","6,597.10","303,393"
"12-Aug-2022","6,595.00","6,610.15","6,515.00","6,559.30","269,932"
"16-Aug-2022","6,592.10","6,679.00","6,560.05","6,656.00","270,299"
"17-Aug-2022","6,710.00","6,723.75","6,594.05","6,609.85","341,063"
"18-Aug-2022","6,609.10","6,710.25","6,609.10","6,703.95","300,992"
"19-Aug-2022","6,725.00","6,782.90","6,606.00","6,647.55","641,293"
"22-Aug-2022","6,655.00","6,666.85","6,445.05","6,467.50","345,960"
"23-Aug-2022","6,445.00","6,580.00","6,405.10","6,495.40","379,309"
"24-Aug-2022","6,452.10","6,533.70","6,452.10","6,508.35","223,101"
"25-Aug-2022","6,530.00","6,606.00","6,454.60","6,475.05","470,687"
"26-Aug-2022","6,507.45","6,570.00","6,471.00","6,517.15","415,698"
"29-Aug-2022","6,402.00","6,580.00","6,402.00","6,506.30","366,457"
"30-Aug-2022","6,538.85","6,690.00","6,525.00","6,677.85","467,147"
"01-Sep-2022","6,629.00","6,760.00","6,605.00","6,632.50","386,222"
"02-Sep-2022","6,640.00","6,666.65","6,545.00","6,577.50","268,505"
"05-Sep-2022","6,575.00","6,619.85","6,496.40","6,521.95","385,312"
"06-Sep-2022","6,540.00","6,556.00","6,456.05","6,495.50","341,220"
"07-Sep-2022","6,460.00","6,798.00","6,431.00","6,770.80","918,604"
"08-Sep-2022","6,844.00","6,939.00","6,780.00","6,919.65","879,685"
"09-Sep-2022","6,930.00","7,029.00","6,764.15","6,783.65","567,059"
"12-Sep-2022","6,783.65","6,900.00","6,740.00","6,869.60","488,043"
"13-Sep-2022","6,899.00","6,969.60","6,855.00","6,896.30","412,295"
"14-Sep-2022","6,790.00","6,964.40","6,760.10","6,875.75","543,948"
"15-Sep-2022","6,909.00","6,925.00","6,758.15","6,790.05","437,578"
"16-Sep-2022","6,790.05","6,818.75","6,451.00","6,481.40","831,639"
"19-Sep-2022","6,395.00","6,511.95","6,244.60","6,459.85","808,807"
"20-Sep-2022","6,492.70","6,563.35","6,457.95","6,484.65","373,825"
"21-Sep-2022","6,500.00","6,532.95","6,296.55","6,313.75","616,165"
"22-Sep-2022","6,300.00","6,364.85","6,230.00","6,239.40","492,098"
"23-Sep-2022","6,260.00","6,283.95","6,127.15","6,139.95","570,526"
"26-Sep-2022","6,119.95","6,240.00","6,005.00","6,177.10","497,458"
"27-Sep-2022","6,208.00","6,273.95","6,128.00","6,192.85","467,962"
"28-Sep-2022","6,150.00","6,277.65","6,112.05","6,172.95","378,895"
"29-Sep-2022","6,218.00","6,262.85","6,145.00","6,175.90","407,574"
"30-Sep-2022","6,172.20","6,325.00","6,172.00","6,255.10","442,887"
"03-Oct-2022","6,286.40","6,355.30","6,229.20","6,242.55","337,932"
"04-Oct-2022","6,348.90","6,381.85","6,280.15","6,307.55","307,268"
"06-Oct-2022","6,340.00","6,366.85","6,257.50","6,287.25","495,617"
"07-Oct-2022","6,300.00","6,307.20","6,133.40","6,203.50","454,883"
"10-Oct-2022","6,156.20","6,173.25","6,120.00","6,149.90","282,642"
"11-Oct-2022","6,180.65","6,205.00","6,060.60","6,076.75","276,525"
"12-Oct-2022","6,085.00","6,190.00","6,057.80","6,177.70","223,353"
"13-Oct-2022","6,172.00","6,216.00","6,101.00","6,181.75","314,360"
"14-Oct-2022","6,260.00","6,260.00","6,169.00","6,192.00","249,291"
"17-Oct-2022","6,170.00","6,281.80","6,082.20","6,271.50","453,912"
"18-Oct-2022","6,305.00","6,444.00","6,290.25","6,346.75","558,284"
"19-Oct-2022","6,348.10","6,446.00","6,250.10","6,398.40","919,146"
"20-Oct-2022","6,340.00","6,413.00","6,277.00","6,302.30","476,962"
"21-Oct-2022","6,315.60","6,421.00","6,315.60","6,362.90","307,899"
"24-Oct-2022","6,440.00","6,444.00","6,370.35","6,394.60","56,532"
"25-Oct-2022","6,420.00","6,474.00","6,387.20","6,415.70","313,500"
"27-Oct-2022","6,474.00","6,474.00","6,372.00","6,436.80","248,556"
"28-Oct-2022","6,442.00","6,470.00","6,406.50","6,445.85","151,834"
"31-Oct-2022","6,478.10","6,730.90","6,454.75","6,714.95","538,107"
"01-Nov-2022","6,743.95","6,850.00","6,718.20","6,820.90","429,855"
"02-Nov-2022","6,825.05","6,875.00","6,725.05","6,779.90","255,634"
"03-Nov-2022","6,730.05","6,784.00","6,670.05","6,728.25","217,701"
"04-Nov-2022","6,759.00","6,960.00","6,735.80","6,893.05","646,411"
"07-Nov-2022","6,925.00","7,018.00","6,868.00","6,973.50","353,341"
"09-Nov-2022","7,000.00","7,060.00","6,858.00","6,903.50","312,745"
"10-Nov-2022","6,895.00","6,895.00","6,790.00","6,801.30","330,402"
"11-Nov-2022","6,839.95","6,927.80","6,787.45","6,813.20","293,195"
"14-Nov-2022","6,845.00","6,897.50","6,819.40","6,854.40","484,476"
"15-Nov-2022","6,880.00","7,000.00","6,867.05","6,964.55","625,270"
"16-Nov-2022","6,986.95","7,035.00","6,868.80","6,912.00","307,352"
"17-Nov-2022","6,933.00","6,959.60","6,850.10","6,871.85","196,795"
"18-Nov-2022","6,900.00","6,939.10","6,762.00","6,814.45","296,995"
"21-Nov-2022","6,809.80","6,875.85","6,740.55","6,754.85","249,498"
"22-Nov-2022","6,755.10","6,917.00","6,740.55","6,843.05","393,509"
"23-Nov-2022","6,877.20","6,904.50","6,801.35","6,824.05","258,946"
"24-Nov-2022","6,844.90","6,890.00","6,831.00","6,860.20","297,230"
"25-Nov-2022","6,904.00","6,943.00","6,850.00","6,874.00","377,893"
"28-Nov-2022","6,874.00","6,924.90","6,863.00","6,892.30","239,438"
"29-Nov-2022","6,900.00","7,005.00","6,895.00","6,928.90","336,266"
"30-Nov-2022","6,948.00","7,095.00","6,905.05","7,077.00","489,956"
"01-Dec-2022","7,100.00","7,299.00","7,035.05","7,274.00","1,086,727"
"02-Dec-2022","7,275.00","7,299.00","7,159.00","7,237.05","442,739"
"05-Dec-2022","7,260.00","7,285.00","7,157.50","7,198.60","235,887"
"06-Dec-2022","7,185.05","7,273.70","7,140.00","7,242.05","312,838"
"07-Dec-2022","7,255.00","7,294.90","7,146.00","7,162.20","324,940"
"08-Dec-2022","7,199.00","7,219.60","7,154.00","7,179.05","262,827"
"09-Dec-2022","7,201.20","7,223.10","7,040.00","7,077.40","211,582"
"12-Dec-2022","7,089.00","7,163.95","6,970.15","7,146.85","260,579"
"13-Dec-2022","7,179.95","7,243.00","7,155.20","7,225.30","285,708"
"14-Dec-2022","7,245.90","7,278.95","7,175.00","7,197.55","226,179"
"15-Dec-2022","7,197.55","7,217.55","7,088.00","7,113.90","241,610"
"16-Dec-2022","7,108.05","7,164.80","6,993.15","7,014.10","285,180"
"19-Dec-2022","7,042.80","7,114.40","7,010.00","7,076.00","251,219"
"20-Dec-2022","7,090.00","7,125.05","7,005.60","7,098.00","488,123"
"21-Dec-2022","7,130.50","7,153.30","6,926.00","6,950.70","388,167"
"22-Dec-2022","6,981.00","7,092.00","6,860.00","7,012.40","338,708"
"23-Dec-2022","6,970.95","6,985.00","6,875.10","6,909.40","289,661"
"26-Dec-2022","6,911.00","7,104.90","6,864.35","7,074.00","328,414"
"27-Dec-2022","7,100.00","7,165.95","7,041.00","7,107.20","295,144"
"28-Dec-2022","7,106.40","7,157.50","7,026.30","7,053.80","260,015"
"29-Dec-2022","7,030.05","7,035.40","6,905.00","6,982.20","449,116"
"30-Dec-2022","7,000.00","7,053.05","6,950.25","6,959.05","232,317"
"02-Jan-2023","6,979.90","7,039.95","6,950.10","7,017.95","212,580"
"03-Jan-2023","7,029.95","7,039.00","6,960.05","6,993.60","188,315"
"04-Jan-2023","7,000.00","7,062.00","6,983.85","7,005.35","319,221"
"05-Jan-2023","7,014.95","7,042.20","6,945.00","7,007.00","236,570"
"06-Jan-2023","7,007.00","7,029.90","6,951.00","6,982.20","160,184"
"09-Jan-2023","7,040.00","7,064.00","7,002.90","7,034.85","298,470"
"10-Jan-2023","7,049.95","7,049.95","6,889.15","6,920.30","263,888"
"11-Jan-2023","6,948.00","7,033.00","6,922.00","7,021.95","295,408"
"12-Jan-2023","7,024.95","7,166.95","7,024.95","7,153.35","566,492"
"13-Jan-2023","7,175.00","7,258.00","7,138.00","7,248.90","462,134"
"16-Jan-2023","7,270.00","7,334.75","7,250.25","7,284.85","440,500"
"17-Jan-2023","7,280.00","7,389.00","7,262.85","7,377.65","385,734"
"18-Jan-2023","7,373.00","7,383.00","7,270.00","7,283.45","447,736"
"19-Jan-2023","7,260.00","7,260.00","7,186.05","7,212.35","412,001"
"20-Jan-2023","7,212.35","7,265.00","7,150.00","7,177.15","353,292"
"23-Jan-2023","7,125.00","7,184.95","6,830.00","6,849.75","998,103"
"24-Jan-2023","6,882.00","6,897.65","6,782.60","6,809.70","444,188"
"25-Jan-2023","6,805.95","6,830.85","6,672.00","6,705.10","509,299"
"27-Jan-2023","6,734.00","6,799.00","6,604.10","6,715.60","635,582"
"30-Jan-2023","6,747.00","6,903.95","6,642.55","6,887.70","699,269"
"31-Jan-2023","6,925.00","7,099.00","6,892.55","7,085.55","593,220"
"01-Feb-2023","7,085.00","7,239.00","6,981.60","7,141.40","648,015"
"02-Feb-2023","7,100.00","7,310.00","7,005.05","7,167.65","647,192"
"03-Feb-2023","7,184.95","7,225.00","7,131.00","7,189.20","364,197"
"06-Feb-2023","7,156.30","7,207.75","7,112.80","7,127.25","314,446"
"07-Feb-2023","7,154.95","7,205.00","7,052.15","7,071.80","295,067"
"08-Feb-2023","7,114.00","7,293.75","7,114.00","7,250.35","559,696"
"09-Feb-2023","7,250.00","7,250.00","7,160.00","7,179.75","334,529"
"10-Feb-2023","7,175.00","7,226.90","7,147.05","7,206.05","407,822"
"13-Feb-2023","7,215.00","7,250.00","7,155.00","7,179.25","323,236"
"14-Feb-2023","7,215.15","7,229.90","7,125.55","7,139.20","328,419"
"15-Feb-2023","7,138.00","7,177.00","7,047.65","7,151.85","404,971"
"16-Feb-2023","7,187.65","7,193.80","7,108.00","7,171.75","264,069"
"17-Feb-2023","7,176.00","7,393.30","7,176.00","7,297.85","1,063,293"
"20-Feb-2023","7,301.00","7,492.00","7,301.00","7,426.85","713,498"
"21-Feb-2023","7,444.80","7,485.00","7,321.00","7,340.55","399,493"
"22-Feb-2023","7,327.00","7,331.85","7,192.00","7,205.75","402,548"
"23-Feb-2023","7,241.80","7,266.00","7,142.10","7,176.95","286,748"
"24-Feb-2023","7,212.85","7,241.80","7,165.90","7,216.70","206,602"
"27-Feb-2023","7,220.00","7,235.00","7,136.45","7,186.65","295,092"
"28-Feb-2023","7,182.05","7,283.95","7,162.20","7,261.30","429,256"
"01-Mar-2023","7,227.00","7,344.00","7,220.00","7,274.15","317,216"
"02-Mar-2023","7,274.15","7,330.00","7,252.85","7,289.20","180,178"
"03-Mar-2023","7,330.00","7,350.00","7,188.25","7,215.95","408,754"
"06-Mar-2023","7,244.00","7,255.50","7,191.00","7,200.60","154,817"
"08-Mar-2023","7,214.95","7,283.45","7,187.30","7,267.25","237,790"
"09-Mar-2023","7,267.00","7,301.25","7,207.10","7,242.95","158,808"
"10-Mar-2023","7,200.00","7,242.95","7,136.40","7,226.40","154,319"
"13-Mar-2023","7,225.00","7,258.00","7,054.80","7,075.60","176,576"
"14-Mar-2023","7,080.00","7,115.00","6,991.00","7,063.95","210,976"
"15-Mar-2023","7,126.00","7,188.00","7,082.20","7,100.75","265,536"
"16-Mar-2023","7,135.60","7,149.80","7,076.05","7,104.60","459,814"
"17-Mar-2023","7,159.15","7,308.90","7,159.15","7,289.95","383,505"
"20-Mar-2023","7,275.00","7,284.40","7,098.00","7,243.20","520,041"
"21-Mar-2023","7,243.00","7,360.00","7,237.10","7,352.75","350,524"
"22-Mar-2023","7,360.00","7,449.10","7,353.00","7,396.65","381,601"
"23-Mar-2023","7,371.00","7,465.00","7,358.45","7,407.95","232,908"
"24-Mar-2023","7,404.00","7,431.20","7,327.55","7,405.65","228,994"
"27-Mar-2023","7,407.00","7,483.45","7,392.45","7,450.20","251,626"
"28-Mar-2023","7,484.00","7,511.90","7,368.35","7,403.10","249,783"
"29-Mar-2023","7,419.80","7,600.00","7,400.00","7,570.75","445,346"
"31-Mar-2023","7,575.10","7,644.30","7,547.05","7,622.15","378,456"
"03-Apr-2023","7,670.90","7,737.00","7,580.10","7,640.50","360,584"
"05-Apr-2023","7,575.00","7,699.65","7,575.00","7,691.95","233,489"
"06-Apr-2023","7,690.00","7,730.00","7,668.85","7,701.85","227,682"
"10-Apr-2023","7,701.85","7,772.00","7,668.00","7,696.25","226,983"
"11-Apr-2023","7,715.00","7,793.95","7,715.00","7,741.45","354,799"
"12-Apr-2023","7,750.00","7,794.00","7,675.00","7,682.85","264,416"
"13-Apr-2023","7,705.05","7,749.00","7,628.45","7,655.25","292,568"
"17-Apr-2023","7,655.25","7,824.00","7,645.05","7,742.45","488,286"
"18-Apr-2023","7,779.00","7,779.00","7,570.00","7,595.30","437,232"
"19-Apr-2023","7,605.00","7,634.00","7,478.50","7,515.90","341,302"
"20-Apr-2023","7,572.60","7,600.00","7,445.60","7,475.80","263,429"
"21-Apr-2023","7,500.05","7,517.45","7,339.25","7,358.50","388,408"
"24-Apr-2023","7,350.00","7,458.00","7,308.55","7,440.55","513,771"
"25-Apr-2023","7,455.90","7,507.45","7,425.30","7,439.20","285,446"
"26-Apr-2023","7,464.00","7,480.00","7,300.00","7,456.90","230,254"
"27-Apr-2023","7,459.00","7,508.00","7,436.90","7,500.90","205,177"
"28-Apr-2023","7,512.00","7,579.00","7,490.00","7,556.20","457,487"
"02-May-2023","7,545.50","7,582.00","7,440.00","7,456.60","544,731"
"03-May-2023","7,524.00","7,542.00","7,434.45","7,507.20","384,431"
"04-May-2023","7,514.70","7,529.00","7,485.05","7,502.25","232,203"
"05-May-2023","7,520.00","7,668.90","7,505.50","7,628.80","319,654"
"08-May-2023","7,630.00","7,754.00","7,620.00","7,735.45","295,156"
"09-May-2023","7,758.95","7,823.00","7,687.50","7,716.25","289,797"
"10-May-2023","7,760.00","7,775.00","7,722.00","7,743.20","234,884"
"11-May-2023","7,790.00","7,855.80","7,750.10","7,835.45","320,219"
"12-May-2023","7,839.95","7,920.00","7,691.80","7,702.95","246,799"
"15-May-2023","7,728.90","7,775.00","7,716.50","7,760.95","183,594"
"16-May-2023","7,770.00","7,805.35","7,685.00","7,698.70","250,490"
"17-May-2023","7,717.00","7,759.95","7,653.00","7,700.45","205,629"
"18-May-2023","7,744.80","7,767.85","7,586.50","7,604.15","157,714"
"19-May-2023","7,637.00","7,689.15","7,585.10","7,681.30","138,709"
"22-May-2023","7,655.00","7,738.00","7,650.00","7,715.65","139,603"
"23-May-2023","7,675.00","7,752.40","7,625.30","7,654.25","149,291"
"24-May-2023","7,650.00","7,683.95","7,590.05","7,653.80","160,565"
"25-May-2023","7,644.30","7,668.10","7,594.30","7,621.75","257,361"
"26-May-2023","7,670.00","7,750.00","7,633.90","7,721.85","252,078"
"29-May-2023","7,750.00","7,857.70","7,735.00","7,840.55","210,769"
"30-May-2023","7,865.00","7,970.00","7,840.60","7,901.95","414,785"
"31-May-2023","7,895.00","7,927.45","7,779.85","7,870.05","1,137,662"
"01-Jun-2023","7,871.00","7,898.80","7,809.80","7,842.80","184,642"
"02-Jun-2023","7,861.00","7,947.45","7,826.45","7,850.65","248,325"
"05-Jun-2023","7,897.00","7,925.00","7,865.00","7,882.00","186,015"
"06-Jun-2023","7,888.00","8,120.00","7,888.00","8,109.55","635,244"
"07-Jun-2023","8,135.10","8,171.90","8,082.55","8,157.60","298,650"
"08-Jun-2023","8,170.00","8,213.95","8,086.00","8,100.15","349,085"
"09-Jun-2023","8,158.00","8,217.70","8,108.20","8,153.25","325,814"
"12-Jun-2023","8,160.50","8,205.00","8,102.35","8,198.60","195,134"
"13-Jun-2023","8,212.50","8,318.30","8,211.75","8,276.30","249,199"
"14-Jun-2023","8,308.95","8,366.95","8,276.75","8,358.30","289,643"
"15-Jun-2023","8,380.00","8,428.00","8,309.00","8,333.20","406,197"
"16-Jun-2023","8,364.95","8,432.15","8,305.85","8,333.25","356,982"
"19-Jun-2023","8,358.00","8,415.60","8,252.90","8,268.60","187,488"
"20-Jun-2023","8,268.00","8,291.40","8,171.30","8,243.45","343,189"
"21-Jun-2023","8,252.40","8,352.65","8,227.00","8,241.55","373,929"
"22-Jun-2023","8,277.00","8,279.00","8,145.70","8,162.75","226,654"
"23-Jun-2023","8,163.20","8,165.05","8,060.00","8,080.20","198,255"
"26-Jun-2023","8,060.00","8,270.00","8,060.00","8,167.10","241,856"
"27-Jun-2023","8,184.95","8,229.10","8,168.65","8,208.50","236,562"
"28-Jun-2023","8,201.10","8,318.80","8,182.00","8,260.65","282,115"
"30-Jun-2023","8,300.00","8,319.00","8,236.70","8,294.75","225,746"
"03-Jul-2023","8,383.00","8,499.00","8,363.30","8,463.80","373,703"
"04-Jul-2023","8,498.00","8,498.00","8,384.00","8,411.70","206,677"
"05-Jul-2023","8,429.95","8,452.00","8,342.75","8,377.20","195,350"
"06-Jul-2023","8,415.00","8,479.95","8,380.00","8,410.20","275,687"
"07-Jul-2023","8,417.95","8,447.40","8,325.60","8,336.45","354,695"
"10-Jul-2023","8,350.00","8,434.45","8,336.00","8,351.35","173,234"
"11-Jul-2023","8,395.30","8,443.30","8,305.05","8,325.90","300,378"
"12-Jul-2023","8,364.00","8,373.35","8,152.50","8,220.50","508,967"
"13-Jul-2023","8,268.00","8,350.00","8,206.50","8,234.00","272,841"
"14-Jul-2023","8,299.00","8,299.00","8,148.00","8,182.55","249,245"
"17-Jul-2023","8,207.00","8,260.00","8,189.95","8,251.00","202,735"
"18-Jul-2023","8,225.00","8,251.00","8,157.00","8,176.00","280,527"
"19-Jul-2023","8,166.00","8,356.85","8,163.75","8,329.20","150,429"
"20-Jul-2023","8,349.95","8,349.95","8,165.00","8,224.15","307,197"
"21-Jul-2023","8,244.00","8,313.50","8,072.00","8,119.20","656,733"
"24-Jul-2023","8,200.00","8,244.15","8,088.40","8,219.85","482,809"
"25-Jul-2023","8,244.70","8,415.00","8,244.70","8,393.30","583,167"
"26-Jul-2023","8,415.90","8,458.60","8,340.00","8,352.35","191,345"
"27-Jul-2023","8,352.00","8,390.80","8,255.00","8,288.25","216,816"
"28-Jul-2023","8,295.00","8,341.65","8,225.00","8,306.75","204,996"
"31-Jul-2023","8,329.00","8,410.00","8,301.55","8,318.15","240,038"
"01-Aug-2023","8,347.00","8,368.00","8,270.60","8,281.80","217,562"
"02-Aug-2023","8,268.00","8,315.00","8,213.40","8,287.70","134,414"
"03-Aug-2023","8,285.10","8,285.10","8,080.00","8,136.15","390,602"
"04-Aug-2023","8,178.00","8,231.85","8,148.75","8,158.15","248,048"
"07-Aug-2023","8,188.30","8,250.00","8,160.00","8,175.45","195,297"
"08-Aug-2023","8,175.45","8,229.95","8,137.00","8,156.85","166,007"
"09-Aug-2023","8,160.00","8,173.95","8,086.00","8,111.25","222,338"
"10-Aug-2023","8,134.00","8,205.00","8,076.00","8,102.20","296,178"
"11-Aug-2023","8,125.00","8,155.00","8,044.75","8,132.95","293,096"
"14-Aug-2023","8,129.80","8,142.55","8,019.05","8,054.30","544,313"
"16-Aug-2023","8,004.95","8,265.00","7,987.65","8,251.90","282,782"
"17-Aug-2023","8,225.10","8,233.10","8,150.05","8,207.35","248,724"
"18-Aug-2023","8,200.00","8,246.40","8,165.80","8,214.85","265,260"
"21-Aug-2023","8,214.40","8,278.95","8,205.50","8,219.30","216,794"
"22-Aug-2023","8,222.05","8,267.95","8,192.05","8,203.50","193,112"
"23-Aug-2023","8,209.90","8,234.90","8,147.00","8,161.90","208,545"
"24-Aug-2023","8,211.00","8,324.00","8,164.00","8,211.40","273,837"
"25-Aug-2023","8,179.00","8,190.00","8,061.00","8,071.45","191,154"
"28-Aug-2023","8,134.80","8,150.40","8,048.45","8,117.65","327,780"
"29-Aug-2023","8,159.90","8,218.00","8,125.15","8,199.70","230,713"
"30-Aug-2023","8,230.00","8,314.80","8,200.05","8,265.95","223,225"
"31-Aug-2023","8,288.80","8,360.00","8,226.00","8,297.45","482,614"
"01-Sep-2023","8,300.00","8,345.00","8,249.00","8,262.40","215,635"
"04-Sep-2023","8,284.95","8,594.00","8,282.55","8,582.55","620,108"
"05-Sep-2023","8,582.00","8,600.00","8,448.20","8,454.85","210,587"
"06-Sep-2023","8,484.85","8,556.80","8,444.10","8,537.40","327,847"
"07-Sep-2023","8,537.40","8,545.00","8,430.00","8,495.15","203,477"
"08-Sep-2023","8,535.00","8,550.00","8,400.00","8,430.55","125,962"
"11-Sep-2023","8,450.95","8,498.65","8,426.15","8,461.70","131,688"
"12-Sep-2023","8,519.95","8,609.85","8,395.00","8,571.65","335,823"
"13-Sep-2023","8,590.00","8,685.00","8,525.50","8,636.35","321,018"
"14-Sep-2023","8,666.00","8,700.00","8,603.00","8,687.95","311,971"
"15-Sep-2023","8,721.00","8,750.95","8,661.25","8,728.35","357,249"
"18-Sep-2023","8,728.00","8,737.60","8,607.00","8,628.00","129,308"
"20-Sep-2023","8,590.00","8,623.50","8,441.05","8,458.15","317,399"
"21-Sep-2023","8,375.10","8,438.00","8,286.65","8,313.55","393,954"
"22-Sep-2023","8,275.00","8,310.65","8,179.05","8,187.40","524,827"
"25-Sep-2023","8,217.00","8,279.95","8,156.10","8,206.20","467,415"
"26-Sep-2023","8,237.00","8,328.00","8,206.20","8,228.90","515,796"
"27-Sep-2023","8,237.00","8,289.95","8,205.00","8,262.70","541,638"
"28-Sep-2023","8,264.80","8,323.95","8,134.00","8,154.35","370,431"
"29-Sep-2023","8,200.00","8,285.95","8,132.00","8,254.85","320,974"
"03-Oct-2023","8,289.00","8,377.00","8,221.20","8,304.90","454,402"
"04-Oct-2023","8,292.55","8,292.55","8,045.05","8,120.85","884,369"
"05-Oct-2023","8,177.00","8,208.80","8,125.00","8,177.45","310,506"
"06-Oct-2023","8,198.00","8,239.65","8,151.25","8,195.45","158,491"
"09-Oct-2023","8,170.05","8,199.85","8,087.20","8,110.10","152,525"
"10-Oct-2023","8,147.80","8,186.35","8,105.00","8,158.30","187,020"
"11-Oct-2023","8,195.95","8,390.00","8,179.20","8,343.00","439,622"
"12-Oct-2023","8,364.95","8,385.00","8,302.00","8,351.75","177,704"
"13-Oct-2023","8,316.50","8,417.00","8,307.00","8,369.00","285,076"
"16-Oct-2023","8,369.05","8,455.00","8,274.00","8,292.20","363,990"
"17-Oct-2023","8,330.00","8,332.00","8,280.00","8,301.40","205,234"
"18-Oct-2023","8,324.90","8,349.85","8,248.00","8,278.30","322,136"
"19-Oct-2023","8,249.60","8,538.00","8,193.35","8,518.55","837,498"
"20-Oct-2023","8,536.00","8,648.35","8,410.90","8,461.05","539,291"
"23-Oct-2023","8,415.00","8,523.60","8,302.55","8,325.25","217,546"
"25-Oct-2023","8,355.00","8,398.50","8,186.25","8,256.35","255,678"
"26-Oct-2023","8,236.00","8,236.00","8,155.55","8,205.30","637,430"
"27-Oct-2023","8,211.00","8,270.00","8,180.00","8,210.15","227,682"
"30-Oct-2023","8,242.00","8,416.30","8,197.45","8,401.60","244,073"
"31-Oct-2023","8,404.70","8,452.10","8,351.10","8,422.25","218,908"
"01-Nov-2023","8,440.00","8,445.00","8,370.10","8,381.45","209,234"
"02-Nov-2023","8,385.50","8,473.20","8,374.95","8,459.00","200,590"
"03-Nov-2023","8,475.00","8,530.00","8,436.00","8,522.60","243,686"
"06-Nov-2023","8,539.00","8,650.00","8,521.20","8,640.95","194,715"
"07-Nov-2023","8,640.95","8,695.00","8,582.55","8,685.75","206,360"
"08-Nov-2023","8,689.00","8,719.15","8,652.85","8,698.85","132,370"
"09-Nov-2023","8,685.00","8,719.00","8,617.75","8,627.05","128,138"
"10-Nov-2023","8,591.05","8,729.95","8,588.60","8,710.85","149,939"
"12-Nov-2023","8,730.00","8,745.00","8,678.35","8,711.10","13,691"
"13-Nov-2023","8,711.10","8,723.80","8,660.00","8,677.40","64,412"
"15-Nov-2023","8,709.00","8,815.75","8,695.25","8,766.90","192,348"
"16-Nov-2023","8,789.60","8,811.70","8,700.00","8,775.05","233,428"
"17-Nov-2023","8,785.00","8,869.60","8,771.65","8,790.95","151,817"
"20-Nov-2023","8,800.00","8,815.20","8,651.10","8,661.50","174,311"
"21-Nov-2023","8,664.80","8,737.90","8,664.80","8,708.35","183,507"
"22-Nov-2023","8,734.00","8,775.00","8,612.25","8,759.90","325,320"
"23-Nov-2023","8,750.00","8,767.00","8,590.00","8,605.25","344,271"
"24-Nov-2023","8,638.00","8,655.00","8,545.05","8,556.20","197,278"
"28-Nov-2023","8,638.00","8,735.50","8,588.25","8,726.50","343,335"
"29-Nov-2023","8,759.90","8,790.00","8,692.00","8,732.75","207,727"
"30-Nov-2023","8,776.55","9,019.15","8,763.45","9,003.65","1,025,481"
"01-Dec-2023","9,103.80","9,163.40","8,972.00","9,033.85","353,015"
"04-Dec-2023","9,150.00","9,340.80","9,086.15","9,317.75","473,570"
"05-Dec-2023","9,321.00","9,400.00","9,243.15","9,329.75","448,461"
"06-Dec-2023","9,329.75","9,347.95","9,129.55","9,213.00","308,912"
"07-Dec-2023","9,266.00","9,381.00","9,236.15","9,354.55","346,830"
"08-Dec-2023","9,378.30","9,431.65","9,341.15","9,413.55","311,761"
"11-Dec-2023","9,414.00","9,730.00","9,400.00","9,670.90","588,082"
"12-Dec-2023","9,702.45","9,961.15","9,635.05","9,863.50","1,060,266"
"13-Dec-2023","9,899.95","10,042.95","9,676.80","9,739.15","1,501,931"
"14-Dec-2023","9,830.00","9,990.00","9,777.00","9,963.30","710,415"
"15-Dec-2023","10,000.00","10,059.50","9,900.65","10,029.45","439,516"
"18-Dec-2023","10,028.00","10,028.00","9,941.75","9,970.35","266,562"
"19-Dec-2023","9,970.35","10,050.00","9,953.00","10,017.10","675,166"
"20-Dec-2023","10,027.00","10,128.00","9,858.15","9,887.45","501,448"
"21-Dec-2023","9,881.00","9,985.00","9,824.85","9,954.45","216,730"
"22-Dec-2023","9,987.00","9,999.00","9,902.00","9,969.00","226,940"
"26-Dec-2023","9,975.00","10,054.80","9,970.10","10,018.65","226,114"
"27-Dec-2023","10,100.95","10,470.00","10,037.75","10,436.10","658,122"
"28-Dec-2023","10,492.00","10,498.95","10,328.10","10,426.30","421,406"
"29-Dec-2023","10,420.05","10,526.00","10,361.55","10,503.05","243,089"
"01-Jan-2024","10,503.05","10,520.00","10,414.60","10,464.00","97,677"
"02-Jan-2024","10,489.90","10,489.90","10,104.10","10,204.70","337,528"
"03-Jan-2024","10,204.75","10,245.00","10,089.60","10,111.55","179,575"
"04-Jan-2024","10,160.00","10,164.55","10,001.00","10,014.80","313,755"
"05-Jan-2024","10,100.00","10,100.00","9,995.00","10,016.05","163,191"
"08-Jan-2024","10,078.00","10,080.00","9,925.05","9,934.50","176,843"
"09-Jan-2024","9,989.60","10,016.95","9,870.20","9,899.10","242,925"
"10-Jan-2024","9,898.95","9,906.75","9,730.00","9,776.20","374,333"
"11-Jan-2024","9,839.90","9,944.95","9,719.15","9,920.45","375,210"
"12-Jan-2024","9,979.95","9,979.95","9,794.05","9,808.45","376,816"
"15-Jan-2024","9,879.00","9,996.80","9,820.00","9,954.55","273,931"
"16-Jan-2024","9,953.95","10,046.80","9,880.35","9,969.60","146,779"
"17-Jan-2024","9,959.00","10,046.10","9,825.00","9,854.65","252,817"
"18-Jan-2024","9,854.00","9,933.05","9,770.00","9,892.25","278,338"
"19-Jan-2024","9,999.00","10,128.70","9,845.00","10,093.70","567,616"
"20-Jan-2024","10,200.00","10,200.00","9,906.00","9,997.40","138,261"
"23-Jan-2024","10,000.00","10,085.00","9,815.00","9,831.00","580,285"
"24-Jan-2024","9,865.00","10,032.60","9,734.60","9,990.50","272,419"
"25-Jan-2024","9,984.60","10,048.20","9,881.20","9,969.35","296,269"
"29-Jan-2024","10,000.10","10,300.00","9,989.50","10,274.05","334,463"
"30-Jan-2024","10,289.75","10,320.00","9,942.00","9,963.60","368,827"
"31-Jan-2024","9,960.00","10,186.15","9,903.15","10,167.35","341,574"
"01-Feb-2024","10,169.95","10,233.25","9,900.05","9,922.30","401,503"
"02-Feb-2024","10,000.00","10,165.90","9,992.30","10,098.55","334,386"
"05-Feb-2024","10,050.00","10,128.30","9,878.45","9,916.35","162,473"
"06-Feb-2024","9,980.00","10,075.00","9,920.30","10,048.75","250,870"
"07-Feb-2024","10,114.00","10,287.60","10,080.30","10,226.50","250,184"
"08-Feb-2024","10,290.00","10,295.00","9,950.50","9,997.65","320,905"
"09-Feb-2024","10,074.80","10,074.80","9,852.00","9,945.75","400,823"
"12-Feb-2024","9,951.00","10,017.45","9,906.90","9,963.85","191,687"
"13-Feb-2024","9,997.80","10,004.70","9,830.60","9,852.40","276,453"
"14-Feb-2024","9,802.05","9,824.85","9,703.95","9,787.80","417,802"
"15-Feb-2024","9,835.90","9,839.15","9,706.00","9,814.30","415,090"
"16-Feb-2024","9,875.05","9,948.00","9,851.10","9,916.20","250,550"
"19-Feb-2024","9,948.95","9,948.95","9,885.00","9,902.20","109,778"
"20-Feb-2024","9,902.20","10,000.00","9,855.00","9,978.95","320,905"
"21-Feb-2024","9,970.25","10,115.00","9,920.00","9,968.40","322,960"
"22-Feb-2024","10,000.00","10,020.90","9,802.30","9,961.20","363,840"
"23-Feb-2024","9,961.20","10,028.00","9,894.05","10,000.90","304,238"
"26-Feb-2024","9,999.05","10,049.95","9,900.95","9,930.05","162,530"
"27-Feb-2024","9,930.05","10,151.00","9,881.45","9,951.10","214,186"
"28-Feb-2024","9,960.00","9,989.95","9,780.90","9,804.95","300,668"
"29-Feb-2024","9,785.00","9,935.00","9,705.65","9,892.40","328,848"
"01-Mar-2024","9,900.00","10,183.85","9,892.40","10,135.50","352,952"
"02-Mar-2024","10,140.00","10,155.00","9,900.00","10,106.35","6,955"
"04-Mar-2024","10,157.00","10,166.00","9,966.20","9,978.40","221,282"
"05-Mar-2024","9,978.40","10,030.90","9,830.00","9,838.35","310,715"
"06-Mar-2024","9,899.90","9,914.25","9,532.00","9,641.05","534,825"
"07-Mar-2024","9,641.05","9,715.00","9,569.10","9,673.15","585,012"
"11-Mar-2024","9,694.05","9,824.60","9,672.90","9,697.90","319,303"
"12-Mar-2024","9,728.95","9,728.95","9,575.40","9,615.50","235,430"
"13-Mar-2024","9,624.70","9,653.00","9,500.00","9,593.55","415,925"
"14-Mar-2024","9,455.00","9,708.00","9,454.00","9,696.95","347,822"
"15-Mar-2024","9,680.00","9,750.90","9,543.80","9,632.95","379,648"
"18-Mar-2024","9,625.00","9,673.80","9,570.00","9,611.35","226,448"
"19-Mar-2024","9,591.35","9,607.45","9,435.15","9,453.25","316,008"
"20-Mar-2024","9,535.00","9,535.00","9,445.00","9,484.55","171,219"
"21-Mar-2024","9,525.00","9,639.70","9,504.90","9,600.75","215,837"
"22-Mar-2024","9,610.00","9,751.80","9,580.00","9,681.75","224,511"
"26-Mar-2024","9,631.10","9,689.80","9,570.00","9,600.70","397,803"
"27-Mar-2024","9,630.00","9,708.00","9,571.05","9,623.45","267,937"
"28-Mar-2024","9,680.00","9,853.95","9,641.55","9,749.15","506,387"
"01-Apr-2024","9,749.15","9,997.05","9,749.15","9,954.40","387,442"
"02-Apr-2024","9,890.10","10,084.20","9,845.00","10,038.15","307,109"
"03-Apr-2024","10,200.00","10,277.70","9,982.15","10,001.90","481,855"
"04-Apr-2024","10,078.00","10,078.90","9,900.00","10,005.10","346,378"
"05-Apr-2024","10,001.00","10,019.85","9,802.20","9,823.60","280,079"
"08-Apr-2024","9,852.95","9,899.00","9,801.00","9,863.75","215,228"
"09-Apr-2024","9,900.00","9,993.80","9,759.10","9,769.15","275,924"
"10-Apr-2024","9,810.00","9,858.00","9,705.05","9,817.85","186,223"
"12-Apr-2024","9,789.95","9,850.00","9,610.00","9,652.55","440,963"
"15-Apr-2024","9,617.90","9,617.90","9,486.60","9,506.25","220,692"
"16-Apr-2024","9,448.90","9,494.95","9,351.00","9,463.80","547,648"
"18-Apr-2024","9,470.00","9,526.80","9,340.80","9,382.75","584,270"
"19-Apr-2024","9,325.00","9,400.00","9,250.00","9,363.95","415,558"
"22-Apr-2024","9,505.00","9,590.00","9,456.10","9,565.25","277,781"
"23-Apr-2024","9,540.00","9,625.00","9,522.00","9,533.55","317,450"
"24-Apr-2024","9,578.00","9,686.80","9,542.80","9,658.85","317,929"
"25-Apr-2024","9,620.15","9,706.00","9,560.05","9,683.75","398,260"
"26-Apr-2024","9,727.00","9,777.00","9,646.90","9,700.90","265,782"
"29-Apr-2024","9,765.00","10,011.00","9,743.05","9,964.45","808,505"
"30-Apr-2024","10,160.30","10,180.00","9,911.35","9,971.85","777,837"
"02-May-2024","9,971.85","10,045.00","9,946.50","9,983.45","318,855"
"03-May-2024","9,982.00","10,030.00","9,779.35","9,816.30","517,348"
"06-May-2024","9,875.00","9,929.00","9,746.15","9,776.90","238,521"
"07-May-2024","9,799.00","9,948.00","9,630.00","9,682.40","214,305"
"08-May-2024","9,674.95","9,674.95","9,501.40","9,519.40","392,065"
"09-May-2024","9,524.00","9,560.00","9,408.05","9,446.10","328,724"
"10-May-2024","9,462.80","9,518.95","9,416.05","9,491.70","205,200"
"13-May-2024","9,515.95","9,578.00","9,427.10","9,551.50","215,387"
"14-May-2024","9,535.05","9,699.50","9,529.95","9,660.65","171,935"
"15-May-2024","9,691.00","9,693.15","9,560.00","9,614.10","161,067"
"16-May-2024","9,630.60","9,725.70","9,525.50","9,709.10","368,451"
"17-May-2024","9,740.00","9,900.00","9,685.25","9,890.35","283,850"
"18-May-2024","9,948.00","9,948.00","9,840.00","9,865.60","12,290"
"21-May-2024","9,826.00","9,850.75","9,762.05","9,789.40","346,947"
"22-May-2024","9,870.00","9,950.00","9,822.25","9,894.85","280,237"
"23-May-2024","9,905.15","10,199.85","9,855.00","10,170.55","521,622"
"24-May-2024","10,165.00","10,369.00","10,122.55","10,231.10","519,418"
"27-May-2024","10,277.95","10,353.95","10,177.65","10,225.50","389,326"
"28-May-2024","10,264.00","10,365.85","10,146.45","10,178.90","403,774"
"29-May-2024","10,177.95","10,177.95","9,961.00","10,023.40","317,883"
"30-May-2024","10,021.00","10,025.00","9,830.00","9,868.85","323,424"
"31-May-2024","9,932.00","10,080.00","9,750.10","9,915.50","791,072"
"03-Jun-2024","10,300.00","10,519.80","10,216.35","10,470.05","732,632"
"04-Jun-2024","10,475.00","10,498.50","9,534.95","9,918.30","972,018"
"05-Jun-2024","9,989.95","10,070.00","9,740.00","10,038.10","361,720"
"06-Jun-2024","9,995.00","10,176.50","9,931.10","10,054.95","483,566"
"07-Jun-2024","9,965.00","10,505.00","9,965.00","10,463.15","545,284"
"10-Jun-2024","10,495.00","10,907.95","10,463.15","10,826.25","705,256"
"11-Jun-2024","10,903.95","10,989.00","10,826.25","10,933.55","650,137"
"12-Jun-2024","10,871.50","11,099.95","10,871.50","11,044.80","439,143"
"13-Jun-2024","11,250.00","11,299.00","10,996.15","11,173.80","602,322"
"14-Jun-2024","11,170.00","11,271.00","11,147.30","11,242.80","305,318"
"18-Jun-2024","11,250.00","11,269.35","11,051.65","11,119.05","322,724"
"19-Jun-2024","11,150.00","11,177.70","10,968.25","10,995.55","659,266"
"20-Jun-2024","11,008.90","11,173.90","10,875.40","10,903.20","445,369"
"21-Jun-2024","10,882.50","10,961.45","10,611.55","10,662.40","586,745"
"24-Jun-2024","10,717.50","10,845.00","10,594.65","10,786.00","276,148"
"25-Jun-2024","10,801.95","11,007.95","10,800.40","10,846.20","562,075"
"26-Jun-2024","10,907.70","11,261.00","10,903.00","11,143.10","793,197"
"27-Jun-2024","11,270.00","11,874.95","11,269.00","11,716.70","2,339,734"
"28-Jun-2024","11,699.90","11,779.00","11,469.85","11,667.90","684,790"
"01-Jul-2024","11,669.00","12,031.60","11,667.90","11,904.65","520,339"
"02-Jul-2024","11,944.00","12,078.00","11,800.00","11,853.95","422,173"
"03-Jul-2024","11,855.25","11,899.00","11,761.95","11,872.10","206,171"
"04-Jul-2024","11,885.00","11,936.85","11,721.55","11,760.05","227,230"
"05-Jul-2024","11,796.55","11,824.55","11,620.25","11,690.15","425,987"
"08-Jul-2024","11,694.00","11,714.80","11,530.00","11,582.90","149,210"
"09-Jul-2024","11,582.95","11,761.70","11,484.45","11,679.80","530,901"
"10-Jul-2024","11,689.00","11,739.80","11,470.00","11,634.25","202,406"
"11-Jul-2024","11,599.00","11,640.00","11,499.00","11,554.95","366,819"
"12-Jul-2024","11,554.00","11,680.00","11,470.05","11,602.30","366,274"
"15-Jul-2024","11,752.90","11,898.00","11,661.90","11,833.65","394,470"
"16-Jul-2024","11,907.05","11,907.05","11,631.90","11,658.70","556,056"
"18-Jul-2024","11,650.00","11,683.85","11,475.00","11,647.25","731,274"
"19-Jul-2024","11,645.00","11,645.00","11,228.65","11,258.30","514,154"
"22-Jul-2024","11,289.90","11,570.00","11,231.30","11,515.70","573,833"
"23-Jul-2024","11,649.95","11,735.40","11,329.10","11,545.80","525,157"
"24-Jul-2024","11,540.00","11,560.75","11,355.65","11,453.40","268,139"
"25-Jul-2024","11,418.00","11,476.80","11,291.00","11,441.50","254,683"
"26-Jul-2024","11,441.50","11,742.45","11,395.60","11,673.05","333,210"
"29-Jul-2024","11,680.00","11,940.00","11,673.05","11,873.80","496,437"
"30-Jul-2024","11,858.00","11,858.00","11,644.50","11,806.45","438,108"
"31-Jul-2024","11,818.95","11,915.00","11,750.35","11,887.20","322,531"
"01-Aug-2024","11,887.20","12,032.30","11,803.50","11,984.50","250,126"
"02-Aug-2024","11,833.05","11,949.00","11,700.00","11,764.50","273,420"
"05-Aug-2024","11,700.00","11,700.00","11,351.20","11,417.25","400,844"
"06-Aug-2024","11,449.95","11,575.80","11,272.10","11,325.30","368,949"
"07-Aug-2024","11,499.00","11,589.95","11,430.20","11,543.20","230,210"
"08-Aug-2024","11,500.00","11,524.20","11,228.75","11,258.00","290,349"
"09-Aug-2024","11,449.00","11,449.00","11,231.05","11,300.35","189,230"
"12-Aug-2024","11,290.00","11,379.80","11,211.20","11,302.85","200,411"
"13-Aug-2024","11,364.00","11,364.00","11,234.65","11,271.20","189,972"
"14-Aug-2024","11,200.00","11,200.00","10,963.10","11,002.60","404,673"
"16-Aug-2024","11,040.00","11,325.00","10,950.20","11,295.70","435,631"
"19-Aug-2024","11,320.00","11,468.10","11,271.75","11,315.35","244,264"
"20-Aug-2024","11,365.00","11,525.00","11,277.45","11,349.70","421,084"
"21-Aug-2024","11,274.00","11,312.55","11,161.55","11,200.90","456,794"
"22-Aug-2024","11,260.00","11,377.40","11,205.00","11,309.40","305,457"
"23-Aug-2024","11,315.00","11,380.00","11,204.45","11,341.80","258,730"
"26-Aug-2024","11,340.00","11,360.95","11,271.40","11,337.10","234,215"
"27-Aug-2024","11,389.10","11,450.00","11,286.45","11,300.35","184,428"
"28-Aug-2024","11,280.00","11,317.60","11,211.00","11,234.80","201,101"
"29-Aug-2024","11,230.00","11,256.70","11,115.40","11,222.00","406,261"
"30-Aug-2024","11,225.05","11,360.90","11,222.00","11,301.90","462,185"
"02-Sep-2024","11,325.00","11,465.00","11,325.00","11,424.90","248,673"
"03-Sep-2024","11,434.50","11,504.05","11,361.00","11,460.80","181,723"
"04-Sep-2024","11,392.00","11,637.45","11,381.85","11,580.45","198,185"
"05-Sep-2024","11,630.45","11,822.75","11,514.20","11,542.65","406,821"
"06-Sep-2024","11,500.00","11,525.00","11,320.00","11,432.85","245,248"
"09-Sep-2024","11,400.00","11,518.45","11,308.00","11,494.35","154,665"
"10-Sep-2024","11,539.90","11,639.45","11,460.50","11,541.05","237,496"
"11-Sep-2024","11,570.00","11,611.00","11,460.20","11,487.45","141,341"
"12-Sep-2024","11,507.85","11,735.00","11,442.25","11,710.25","455,934"
"13-Sep-2024","11,695.00","11,762.60","11,625.20","11,717.95","279,660"
"16-Sep-2024","11,675.00","11,797.95","11,604.00","11,642.65","257,856"
"17-Sep-2024","11,602.55","11,718.60","11,575.00","11,645.65","202,725"
"18-Sep-2024","11,683.00","11,763.30","11,535.85","11,630.90","185,067"
"19-Sep-2024","11,630.90","11,740.15","11,540.00","11,627.50","227,247"
"20-Sep-2024","11,660.00","11,843.90","11,579.60","11,798.30","608,787"
"23-Sep-2024","11,835.00","11,998.00","11,800.05","11,962.05","279,318"
"24-Sep-2024","11,948.10","11,969.85","11,740.35","11,761.65","242,038"
"25-Sep-2024","11,811.00","11,855.60","11,680.00","11,816.30","196,686"
"26-Sep-2024","11,835.00","12,080.00","11,767.80","12,065.00","277,079"
"27-Sep-2024","12,065.00","12,138.00","11,924.75","11,952.30","404,276"
"30-Sep-2024","11,924.00","11,924.00","11,774.05","11,802.00","405,493"
"01-Oct-2024","11,802.00","11,887.70","11,650.25","11,837.15","324,906"
"03-Oct-2024","11,627.10","11,930.00","11,613.10","11,724.80","304,610"
"04-Oct-2024","11,700.00","11,829.15","11,380.00","11,450.25","357,277"
"07-Oct-2024","11,491.95","11,529.95","11,192.10","11,230.35","374,655"
"08-Oct-2024","11,231.00","11,475.00","11,231.00","11,389.80","447,220"
"09-Oct-2024","11,404.05","11,511.00","11,333.00","11,350.15","286,382"
"10-Oct-2024","11,439.95","11,459.00","11,353.55","11,430.05","180,542"
"11-Oct-2024","11,390.75","11,468.30","11,360.20","11,421.30","120,279"
"14-Oct-2024","11,399.95","11,429.95","11,240.00","11,300.30","144,163"
"15-Oct-2024","11,400.00","11,432.95","11,290.00","11,416.90","182,286"
"16-Oct-2024","11,341.00","11,412.00","11,233.00","11,322.30","276,811"
"17-Oct-2024","11,351.00","11,363.95","10,934.05","11,017.30","353,330"
"18-Oct-2024","11,017.30","11,139.95","10,901.00","11,069.30","330,703"
"21-Oct-2024","11,050.00","11,166.65","10,771.40","10,869.30","566,667"
"22-Oct-2024","10,751.00","11,080.80","10,740.00","10,825.15","793,887"
"23-Oct-2024","10,821.95","10,843.65","10,672.00","10,753.05","351,717"
"24-Oct-2024","10,753.05","11,085.00","10,718.40","11,043.60","341,400"
"25-Oct-2024","11,063.70","11,115.00","10,950.00","10,995.20","519,646"
"28-Oct-2024","11,000.00","11,199.35","10,899.60","11,092.60","229,113"
"29-Oct-2024","11,074.00","11,136.95","10,917.05","11,112.10","266,761"
"30-Oct-2024","11,115.00","11,230.00","11,011.40","11,205.10","239,933"
"31-Oct-2024","11,156.80","11,250.90","11,042.55","11,065.65","423,687"
"01-Nov-2024","11,079.95","11,171.30","11,078.55","11,145.80","19,032"
"04-Nov-2024","11,147.00","11,156.75","10,930.05","11,001.85","276,984"
"05-Nov-2024","10,983.65","11,188.05","10,973.25","11,176.35","274,422"
"06-Nov-2024","11,225.00","11,306.90","11,112.00","11,274.40","282,486"
"07-Nov-2024","11,241.55","11,244.95","11,001.10","11,050.80","326,254"
"08-Nov-2024","11,029.10","11,139.35","10,960.70","11,043.35","155,894"
"11-Nov-2024","11,015.00","11,109.95","10,896.05","10,970.45","107,472"
"12-Nov-2024","10,970.50","11,074.75","10,840.00","10,892.00","166,347"
"13-Nov-2024","10,803.30","10,873.50","10,750.00","10,782.20","216,900"
"14-Nov-2024","10,726.00","10,832.50","10,542.50","10,728.50","297,442"
"18-Nov-2024","10,632.10","10,766.85","10,580.40","10,630.90","424,186"
"19-Nov-2024","10,684.05","10,870.00","10,657.90","10,769.55","220,357"
"21-Nov-2024","10,555.00","11,005.85","10,555.00","10,954.85","256,924"
"22-Nov-2024","10,999.00","11,409.90","10,931.65","11,375.30","328,426"
"25-Nov-2024","11,450.00","11,690.00","11,437.25","11,457.45","465,057"
"26-Nov-2024","11,457.45","11,497.30","11,106.00","11,121.05","243,711"
"27-Nov-2024","11,020.60","11,188.95","10,960.00","11,139.90","330,284"
"28-Nov-2024","11,174.00","11,190.00","10,957.60","10,997.80","326,140"
"29-Nov-2024","10,915.00","11,233.00","10,915.00","11,202.15","367,574"
"02-Dec-2024","11,206.70","11,780.00","11,206.70","11,648.55","633,694"
"03-Dec-2024","11,674.75","11,935.00","11,624.95","11,852.35","501,811"
"04-Dec-2024","11,866.20","11,920.35","11,748.05","11,766.80","306,770"
"05-Dec-2024","11,745.00","12,001.95","11,722.85","11,932.80","436,371"
"06-Dec-2024","11,939.00","11,956.35","11,818.00","11,848.50","193,324"
"09-Dec-2024","11,858.40","11,890.00","11,718.00","11,814.80","268,177"
"10-Dec-2024","11,745.00","11,807.10","11,695.00","11,745.80","232,758"
"11-Dec-2024","11,851.00","12,065.00","11,815.30","11,898.50","527,029"
"12-Dec-2024","11,944.00","11,944.00","11,790.90","11,856.95","247,809"
"13-Dec-2024","11,800.00","12,118.50","11,730.00","12,083.90","408,880"
"16-Dec-2024","12,050.00","12,145.35","11,871.00","11,942.50","214,946"
"17-Dec-2024","11,930.65","11,974.15","11,683.20","11,774.95","244,639"
"18-Dec-2024","11,775.00","11,855.00","11,700.00","11,763.95","222,900"
"19-Dec-2024","11,638.00","11,760.00","11,572.05","11,670.80","162,249"
"20-Dec-2024","11,664.85","11,748.00","11,397.65","11,422.80","299,802"
"23-Dec-2024","11,520.00","11,582.45","11,375.00","11,472.60","149,350"
"24-Dec-2024","11,471.00","11,587.05","11,360.00","11,390.35","108,000"
"26-Dec-2024","11,390.35","11,799.00","11,334.50","11,460.65","144,283"
"27-Dec-2024","11,491.60","11,555.00","11,385.00","11,406.55","118,410"
"30-Dec-2024","11,419.45","11,507.65","11,239.70","11,288.35","164,726"
"31-Dec-2024","11,270.00","11,465.00","11,194.05","11,426.35","241,737"
"01-Jan-2025","11,411.00","11,520.90","11,305.00","11,447.00","107,951"
"02-Jan-2025","11,500.00","11,829.15","11,455.05","11,797.70","267,609"
"03-Jan-2025","11,799.00","11,861.65","11,713.00","11,786.00","237,651"
"06-Jan-2025","11,801.95","11,854.75","11,450.20","11,503.60","139,820"
"07-Jan-2025","11,514.95","11,635.15","11,485.15","11,618.55","197,212"
"08-Jan-2025","11,618.55","11,629.95","11,370.00","11,403.55","159,583"
"09-Jan-2025","11,403.55","11,432.45","11,183.00","11,259.80","196,555"
"10-Jan-2025","11,203.25","11,287.25","10,837.55","10,865.20","228,618"
"13-Jan-2025","10,700.00","10,830.00","10,593.40","10,615.15","225,902"
"14-Jan-2025","10,570.00","10,733.00","10,462.00","10,483.75","344,404"
"15-Jan-2025","10,540.00","10,643.40","10,466.75","10,521.65","371,459"
"16-Jan-2025","10,590.00","10,807.60","10,550.00","10,636.20","375,910"
"17-Jan-2025","10,636.20","10,723.95","10,500.10","10,580.00","297,759"
"20-Jan-2025","10,587.40","10,652.80","10,484.25","10,624.45","332,061"
"21-Jan-2025","10,677.50","10,968.05","10,642.05","10,667.80","593,842"
"22-Jan-2025","10,700.00","10,797.80","10,606.75","10,693.75","249,552"
"23-Jan-2025","10,690.00","11,571.45","10,689.95","11,420.90","1,510,866"
"24-Jan-2025","11,251.00","11,609.70","11,222.40","11,285.85","545,939"
"27-Jan-2025","11,260.00","11,360.00","11,150.00","11,239.50","414,994"
"28-Jan-2025","11,215.00","11,411.60","11,066.00","11,296.35","436,707"
"29-Jan-2025","11,296.35","11,574.95","11,260.85","11,544.85","377,755"
"30-Jan-2025","11,544.85","11,612.50","11,450.00","11,479.40","274,820"
"31-Jan-2025","11,488.65","11,599.00","11,392.15","11,487.45","361,656"
"01-Feb-2025","11,544.90","11,787.00","10,798.25","11,259.15","513,602"
"03-Feb-2025","11,120.25","11,282.80","10,951.40","11,174.65","450,593"
"04-Feb-2025","11,200.10","11,547.85","11,112.15","11,519.15","314,752"
"05-Feb-2025","11,519.10","11,632.85","11,433.00","11,585.70","236,897"
"06-Feb-2025","11,577.20","11,619.55","11,327.70","11,477.35","308,664"
"07-Feb-2025","11,501.10","11,733.00","11,475.05","11,640.60","310,549"
"10-Feb-2025","11,520.00","11,613.70","11,490.00","11,532.30","262,455"
"11-Feb-2025","11,497.00","11,515.60","11,240.25","11,300.20","301,338"
"12-Feb-2025","11,300.00","11,599.00","11,074.60","11,478.50","347,198"
"13-Feb-2025","11,500.00","11,649.90","11,422.20","11,546.45","336,128"
"14-Feb-2025","11,589.00","11,589.00","11,182.00","11,263.85","279,199"
"17-Feb-2025","11,219.00","11,509.90","11,043.40","11,490.10","166,053"
"18-Feb-2025","11,450.00","11,460.60","11,251.00","11,308.90","268,795"
"19-Feb-2025","11,290.00","11,460.00","11,231.00","11,291.55","157,580"
"20-Feb-2025","11,291.10","11,330.00","11,245.20","11,287.60","142,187"
"21-Feb-2025","11,265.00","11,290.00","10,990.00","11,157.25","320,240"
"24-Feb-2025","11,008.65","11,170.00","10,975.05","11,042.65","175,294"
"25-Feb-2025","11,042.65","11,054.25","10,841.00","10,964.15","296,499"
"27-Feb-2025","10,800.00","10,800.00","10,264.40","10,447.65","1,722,295"
"28-Feb-2025","10,490.00","10,490.00","10,047.85","10,128.45","1,230,856"
"03-Mar-2025","10,319.25","10,621.80","10,283.15","10,340.80","835,344"
"04-Mar-2025","10,250.00","10,454.80","10,240.00","10,370.10","352,922"
"05-Mar-2025","10,387.90","10,506.80","10,295.25","10,464.20","310,832"
"06-Mar-2025","10,539.80","10,540.00","10,317.20","10,493.50","365,920"
"07-Mar-2025","10,501.00","10,609.60","10,446.70","10,582.40","302,339"
"10-Mar-2025","10,589.00","10,645.60","10,477.00","10,520.10","165,649"
"11-Mar-2025","10,411.00","10,508.55","10,356.25","10,439.25","180,753"
"12-Mar-2025","10,480.00","10,549.80","10,362.00","10,520.40","299,765"
"13-Mar-2025","10,520.00","10,520.00","10,380.10","10,452.10","219,474"
"17-Mar-2025","10,546.50","10,577.35","10,448.00","10,547.10","212,061"
"18-Mar-2025","10,570.00","10,745.00","10,551.00","10,698.10","354,620"
"19-Mar-2025","10,710.00","10,945.10","10,700.00","10,933.25","269,175"
"20-Mar-2025","10,931.15","11,240.00","10,816.00","10,948.15","549,251"
"21-Mar-2025","11,019.00","11,064.00","10,885.65","10,976.75","656,565"
"24-Mar-2025","11,018.95","11,077.95","10,853.85","11,051.20","294,688"
"25-Mar-2025","11,240.00","11,478.85","11,204.70","11,421.20","754,457"
"26-Mar-2025","11,381.00","11,487.00","11,300.00","11,402.10","401,569"
"27-Mar-2025","11,400.50","11,629.95","11,350.00","11,599.60","406,112"
"28-Mar-2025","11,585.50","11,699.00","11,458.65","11,509.55","280,960"
"01-Apr-2025","11,350.00","11,565.65","11,337.15","11,378.65","263,144"
"02-Apr-2025","11,360.00","11,360.00","11,178.10","11,250.95","376,468"
"03-Apr-2025","11,189.00","11,650.05","11,155.00","11,606.60","361,884"
"04-Apr-2025","11,599.00","11,613.50","11,421.00","11,498.65","222,191"
"07-Apr-2025","11,200.00","11,300.05","11,015.05","11,191.60","484,513"
"08-Apr-2025","11,317.75","11,542.75","11,240.80","11,270.45","602,120"
"09-Apr-2025","11,288.85","11,423.00","11,180.00","11,397.05","230,611"
"11-Apr-2025","11,842.35","11,842.35","11,454.05","11,502.65","351,037"
"15-Apr-2025","11,749.00","11,749.00","11,581.00","11,719.00","345,260"
"16-Apr-2025","11,667.00","11,827.00","11,667.00","11,728.00","268,150"
"17-Apr-2025","11,667.00","11,922.00","11,600.00","11,901.00","290,473"
"21-Apr-2025","11,816.00","12,110.00","11,781.00","11,934.00","230,595"
"22-Apr-2025","11,934.00","12,017.00","11,850.00","11,959.00","334,667"
"23-Apr-2025","12,040.00","12,040.00","11,826.00","11,949.00","267,717"
"24-Apr-2025","11,877.00","12,188.00","11,870.00","12,159.00","339,743"
"25-Apr-2025","12,149.00","12,304.00","11,860.00","12,237.00","412,558"
"28-Apr-2025","12,232.00","12,339.00","12,001.00","12,114.00","516,745"
"29-Apr-2025","12,201.00","12,222.00","11,800.00","11,869.00","516,495"
"30-Apr-2025","11,869.00","11,925.00","11,500.00","11,641.00","630,392"
"02-May-2025","11,641.00","11,750.00","11,481.00","11,644.00","255,248"
"05-May-2025","11,702.00","11,728.00","11,652.00","11,670.00","145,699"
"06-May-2025","11,699.00","11,729.00","11,544.00","11,693.00","273,048"
"07-May-2025","11,651.00","11,700.00","11,553.00","11,658.00","217,460"
"08-May-2025","11,601.00","11,740.00","11,539.00","11,631.00","388,912"
"09-May-2025","11,480.00","11,558.00","11,313.00","11,364.00","200,270"
"12-May-2025","11,590.00","11,767.00","11,565.00","11,736.00","182,795"
"13-May-2025","11,700.00","11,748.00","11,566.00","11,661.00","307,678"
"14-May-2025","11,676.00","11,741.00","11,624.00","11,672.00","179,337"
"15-May-2025","11,672.00","11,932.00","11,643.00","11,894.00","371,371"
"16-May-2025","11,950.00","11,990.00","11,857.00","11,905.00","209,706"
"19-May-2025","11,904.00","11,991.00","11,880.00","11,929.00","128,237"
"20-May-2025","11,969.00","11,980.00","11,669.00","11,697.00","158,934"
"21-May-2025","11,697.00","11,910.00","11,634.00","11,666.00","173,017"
"22-May-2025","11,666.00","11,700.00","11,517.00","11,680.00","175,370"
"23-May-2025","11,727.00","11,875.00","11,661.00","11,746.00","181,463"
"26-May-2025","11,800.00","11,884.00","11,645.00","11,689.00","198,003"
"27-May-2025","11,676.00","11,722.00","11,375.00","11,421.00","478,345"
"28-May-2025","11,455.00","11,470.00","11,200.00","11,238.00","201,200"
"29-May-2025","11,249.00","11,337.00","11,151.00","11,269.00","350,206"
"30-May-2025","11,265.00","11,310.00","11,170.00","11,210.00","394,181"
"02-Jun-2025","11,180.00","11,219.00","11,019.00","11,195.00","314,936"
"03-Jun-2025","11,280.00","11,292.00","11,000.00","11,035.00","349,615"
"04-Jun-2025","11,040.00","11,055.00","10,920.00","11,033.00","345,047"
"05-Jun-2025","11,038.00","11,180.00","11,003.00","11,159.00","191,183"
"06-Jun-2025","11,180.00","11,311.00","11,120.00","11,253.00","143,723"
"09-Jun-2025","11,260.00","11,318.00","11,166.00","11,260.00","209,231"
"10-Jun-2025","11,410.00","11,484.00","11,335.00","11,391.00","279,918"
"11-Jun-2025","11,380.00","11,518.00","11,340.00","11,464.00","237,747"
"12-Jun-2025","11,475.00","11,505.00","11,280.00","11,323.00","262,530"
"13-Jun-2025","11,111.00","11,250.00","11,018.00","11,224.00","181,355"
"16-Jun-2025","11,270.00","11,518.00","11,197.00","11,495.00","401,104"
"17-Jun-2025","11,500.00","11,509.00","11,360.00","11,383.00","121,415"
"18-Jun-2025","11,383.00","11,479.00","11,343.00","11,406.00","156,816"
"19-Jun-2025","11,400.00","11,485.00","11,353.00","11,420.00","157,757"
"20-Jun-2025","11,420.00","11,525.00","11,370.00","11,458.00","629,895"
"23-Jun-2025","11,401.00","11,490.00","11,321.00","11,449.00","304,907"
"24-Jun-2025","11,559.00","11,824.00","11,514.00","11,579.00","735,700"
"25-Jun-2025","11,635.00","11,771.00","11,634.00","11,733.00","253,134"
"26-Jun-2025","11,690.00","11,986.00","11,681.00","11,951.00","506,580"
"27-Jun-2025","11,980.00","12,246.00","11,917.00","12,213.00","501,287"
"30-Jun-2025","12,215.00","12,271.00","12,018.00","12,093.00","333,104"
"01-Jul-2025","12,105.00","12,225.00","12,060.00","12,210.00","207,437"
"02-Jul-2025","12,210.00","12,527.00","12,170.00","12,436.00","445,829"
"03-Jul-2025","12,436.00","12,575.00","12,376.00","12,398.00","275,755"
"04-Jul-2025","12,400.00","12,542.00","12,341.00","12,506.00","191,516"
"07-Jul-2025","12,476.00","12,500.00","12,306.00","12,345.00","149,939"
"08-Jul-2025","12,345.00","12,495.00","12,305.00","12,445.00","219,226"
"09-Jul-2025","12,410.00","12,580.00","12,376.00","12,562.00","379,924"
"10-Jul-2025","12,518.00","12,667.00","12,482.00","12,516.00","269,323"
"11-Jul-2025","12,516.00","12,637.00","12,452.00","12,495.00","240,034"
"14-Jul-2025","12,495.00","12,579.00","12,430.00","12,516.00","278,918"
"15-Jul-2025","12,545.00","12,545.00","12,425.00","12,502.00","154,124"
"16-Jul-2025","12,504.00","12,515.00","12,398.00","12,453.00","156,311"
"17-Jul-2025","12,465.00","12,548.00","12,432.00","12,495.00","166,142"
"18-Jul-2025","12,520.00","12,558.00","12,441.00","12,498.00","98,339"
"21-Jul-2025","12,560.00","12,714.00","12,374.00","12,577.00","512,521"
"22-Jul-2025","12,649.00","12,699.00","12,295.00","12,452.00","533,617"
"23-Jul-2025","12,460.00","12,515.00","12,358.00","12,372.00","189,617"
"24-Jul-2025","12,372.00","12,399.00","12,230.00","12,304.00","180,080"
"25-Jul-2025","12,245.00","12,345.00","12,193.00","12,250.00","290,381"
"28-Jul-2025","12,274.00","12,368.00","12,210.00","12,240.00","214,107"
"29-Jul-2025","12,200.00","12,262.00","12,122.00","12,221.00","208,446"
"30-Jul-2025","12,205.00","12,381.00","12,201.00","12,268.00","185,681"
"31-Jul-2025","12,201.00","12,329.00","12,155.00","12,249.00","150,379"
"01-Aug-2025","12,181.00","12,289.00","12,075.00","12,113.00","212,570"
"04-Aug-2025","12,158.00","12,290.00","12,132.00","12,257.00","207,875"
"05-Aug-2025","12,330.00","12,378.00","12,262.00","12,298.00","267,535"
"06-Aug-2025","12,298.00","12,390.00","12,208.00","12,226.00","192,086"
"07-Aug-2025","12,204.00","12,309.00","12,125.00","12,273.00","202,031"
"08-Aug-2025","12,285.00","12,315.00","12,135.00","12,157.00","201,770"
"11-Aug-2025","12,161.00","12,425.00","12,161.00","12,405.00","218,605"
"12-Aug-2025","12,447.00","12,530.00","12,397.00","12,449.00","334,100"
"13-Aug-2025","12,485.00","12,517.00","12,388.00","12,401.00","207,359"
"14-Aug-2025","12,413.00","12,428.00","12,225.00","12,317.00","235,741"
"18-Aug-2025","12,628.00","12,904.00","12,556.00","12,765.00","808,480"
"19-Aug-2025","12,787.00","12,880.00","12,629.00","12,863.00","351,252"
"20-Aug-2025","12,850.00","12,930.00","12,765.00","12,874.00","290,957"
"21-Aug-2025","12,890.00","12,906.00","12,790.00","12,870.00","155,457"
"22-Aug-2025","12,864.00","12,864.00","12,563.00","12,589.00","226,948"
"25-Aug-2025","12,648.00","12,731.00","12,556.00","12,606.00","199,190"
"26-Aug-2025","12,581.00","12,770.00","12,480.00","12,610.00","290,322"
"28-Aug-2025","12,570.00","12,648.00","12,472.00","12,521.00","283,677"
"29-Aug-2025","12,521.00","12,729.00","12,521.00","12,640.00","177,858"
"01-Sep-2025","12,639.00","12,852.00","12,636.00","12,826.00","214,241"
"02-Sep-2025","12,788.00","12,848.00","12,687.00","12,730.00","214,101"
"03-Sep-2025","12,700.00","12,770.00","12,657.00","12,733.00","140,022"
"04-Sep-2025","13,000.00","13,097.00","12,634.00","12,651.00","305,040"
"05-Sep-2025","12,680.00","12,738.00","12,530.00","12,601.00","153,774"
"08-Sep-2025","12,601.00","12,743.00","12,601.00","12,664.00","126,448"
"09-Sep-2025","12,699.00","12,708.00","12,533.00","12,572.00","240,234"
"10-Sep-2025","12,625.00","12,626.00","12,420.00","12,478.00","175,576"
"11-Sep-2025","12,478.00","12,517.00","12,360.00","12,392.00","132,660"
"12-Sep-2025","12,396.00","12,479.00","12,343.00","12,370.00","153,086"
"15-Sep-2025","12,370.00","12,481.00","12,324.00","12,435.00","179,530"
"16-Sep-2025","12,497.00","12,599.00","12,446.00","12,578.00","189,043"
"17-Sep-2025","12,678.00","12,800.00","12,614.00","12,721.00","264,319"
"18-Sep-2025","12,730.00","12,749.00","12,562.00","12,626.00","190,079"
"19-Sep-2025","12,602.00","12,644.00","12,484.00","12,508.00","571,670"
"22-Sep-2025","12,547.00","12,706.00","12,542.00","12,650.00","499,548"
"23-Sep-2025","12,650.00","12,698.00","12,361.00","12,401.00","403,638"
"24-Sep-2025","12,427.00","12,448.00","12,200.00","12,214.00","166,517"
"25-Sep-2025","12,210.00","12,275.00","12,120.00","12,141.00","272,540"
"26-Sep-2025","12,140.00","12,199.00","11,990.00","12,070.00","181,541"
"29-Sep-2025","12,100.00","12,146.00","11,962.00","12,041.00","214,806"
"30-Sep-2025","12,041.00","12,261.00","12,041.00","12,222.00","279,155"
"01-Oct-2025","12,274.00","12,274.00","12,071.00","12,095.00","129,528"
"03-Oct-2025","12,095.00","12,139.00","11,982.00","12,019.00","258,411"
"06-Oct-2025","12,019.00","12,100.00","11,991.00","12,055.00","106,362"
"07-Oct-2025","12,059.00","12,210.00","12,025.00","12,184.00","225,472"
"08-Oct-2025","12,150.00","12,182.00","11,940.00","11,991.00","173,973"
"09-Oct-2025","11,991.00","12,211.00","11,973.00","12,192.00","171,737"
"10-Oct-2025","12,180.00","12,324.00","12,111.00","12,281.00","198,464"
"13-Oct-2025","12,225.00","12,249.00","12,150.00","12,172.00","87,745"
"14-Oct-2025","12,172.00","12,251.00","12,026.00","12,070.00","129,196"
"15-Oct-2025","12,085.00","12,325.00","12,085.00","12,311.00","142,328"
"16-Oct-2025","12,306.00","12,405.00","12,268.00","12,358.00","129,372"
"17-Oct-2025","12,300.00","12,390.00","12,259.00","12,370.00","182,242"
"20-Oct-2025","12,420.00","12,448.00","12,175.00","12,346.00","393,365"
"21-Oct-2025","12,371.00","12,417.00","12,271.00","12,342.00","14,465"
"23-Oct-2025","12,390.00","12,415.00","12,112.00","12,145.00","370,812"
"24-Oct-2025","12,149.00","12,174.00","11,876.00","11,918.00","318,840"
"27-Oct-2025","11,922.00","12,049.00","11,920.00","12,015.00","408,073"
"28-Oct-2025","12,025.00","12,048.00","11,866.00","11,931.00","513,095"
"29-Oct-2025","11,940.00","12,060.00","11,899.00","11,999.00","394,272"
"30-Oct-2025","12,040.00","12,084.00","11,950.00","12,053.00","159,943"
"31-Oct-2025","12,053.00","12,102.00","11,917.00","11,947.00","175,191"
"03-Nov-2025","11,927.00","11,984.00","11,885.00","11,950.00","98,394"
"04-Nov-2025","11,960.00","11,960.00","11,785.00","11,819.00","199,364"
"06-Nov-2025","11,800.00","11,985.00","11,798.00","11,910.00","189,652"
"07-Nov-2025","11,871.00","11,951.00","11,834.00","11,849.00","148,161"
"10-Nov-2025","11,851.00","11,890.00","11,701.00","11,728.00","197,085"
"11-Nov-2025","11,750.00","11,849.00","11,720.00","11,825.00","125,847"
"12-Nov-2025","11,861.00","11,949.00","11,831.00","11,921.00","184,542"
"13-Nov-2025","11,921.00","12,016.00","11,907.00","11,934.00","174,415"
"14-Nov-2025","11,941.00","11,941.00","11,786.00","11,874.00","161,315"
"17-Nov-2025","11,810.00","11,855.00","11,745.00","11,778.00","194,379"
"18-Nov-2025","11,888.00","11,888.00","11,688.00","11,707.00","318,116"
"19-Nov-2025","11,707.00","11,754.00","11,638.00","11,666.00","271,396"
"20-Nov-2025","11,720.00","11,773.00","11,661.00","11,753.00","185,397"
"21-Nov-2025","11,758.00","11,788.00","11,691.00","11,729.00","192,051"
"24-Nov-2025","11,738.00","11,738.00","11,561.00","11,584.00","407,297"
"25-Nov-2025","11,600.00","11,647.00","11,538.00","11,580.00","200,149"
"26-Nov-2025","11,589.00","11,773.00","11,585.00","11,759.00","187,481"
"27-Nov-2025","11,776.00","11,787.00","11,599.00","11,617.00","275,290"
"28-Nov-2025","11,620.00","11,640.00","11,557.00","11,600.00","159,990"
"01-Dec-2025","11,620.00","12,021.00","11,556.00","11,662.00","228,729"
"02-Dec-2025","11,702.00","11,713.00","11,590.00","11,666.00","190,930"
"03-Dec-2025","11,700.00","11,702.00","11,520.00","11,591.00","206,293"
"04-Dec-2025","11,580.00","11,631.00","11,524.00","11,608.00","159,687"
"05-Dec-2025","11,630.00","11,665.00","11,561.00","11,597.00","226,572"
"08-Dec-2025","11,610.00","11,632.00","11,490.00","11,540.00","148,186"
"09-Dec-2025","11,500.00","11,525.00","11,379.00","11,414.00","274,482"
"10-Dec-2025","11,425.00","11,499.00","11,297.00","11,317.00","272,923"
"11-Dec-2025","11,340.00","11,484.00","11,266.00","11,472.00","196,507"
"12-Dec-2025","11,491.00","11,738.00","11,481.00","11,723.00","389,481"
"15-Dec-2025","11,658.00","11,804.00","11,658.00","11,728.00","178,073"
"16-Dec-2025","11,700.00","11,700.00","11,510.00","11,528.00","179,690"
"17-Dec-2025","11,505.00","11,591.00","11,495.00","11,540.00","205,337"
"18-Dec-2025","11,545.00","11,565.00","11,412.00","11,461.00","103,462"
"19-Dec-2025","11,503.00","11,529.00","11,442.00","11,496.00","152,956"
"22-Dec-2025","11,496.00","11,548.00","11,431.00","11,532.00","170,807"
"23-Dec-2025","11,550.00","11,750.00","11,530.00","11,678.00","161,830"
"24-Dec-2025","11,715.00","11,790.00","11,671.00","11,764.00","182,050"
"26-Dec-2025","11,766.00","11,855.00","11,743.00","11,794.00","193,121"
"29-Dec-2025","11,778.00","11,820.00","11,731.00","11,799.00","197,600"
"30-Dec-2025","11,810.00","11,811.00","11,651.00","11,705.00","236,323"
"31-Dec-2025","11,681.00","11,794.00","11,680.00","11,784.00","172,267"
"26-Feb-2026","13,089.00","13,089.00","12,830.00","12,933.00","2,676,284"
