"Date","Open","High","Low","Close","Volume"
"01-Jan-2019","386.30","390.90","384.05","389.00","1,233,249"
"02-Jan-2019","388.00","388.95","378.00","381.30","1,506,543"
"03-Jan-2019","382.40","385.30","376.60","378.10","1,902,063"
"04-Jan-2019","378.65","383.95","375.85","382.15","1,669,709"
"07-Jan-2019","385.00","386.95","379.35","381.65","1,260,331"
"08-Jan-2019","383.00","383.00","375.75","378.75","2,154,121"
"09-Jan-2019","382.00","382.00","373.30","377.30","1,166,498"
"10-Jan-2019","377.95","381.80","376.95","380.25","1,286,641"
"11-Jan-2019","380.30","381.00","375.10","377.15","1,829,555"
"14-Jan-2019","377.00","377.00","372.40","374.45","927,301"
"15-Jan-2019","375.00","386.00","375.00","385.15","1,965,520"
"16-Jan-2019","385.30","390.70","379.20","389.30","2,847,403"
"17-Jan-2019","391.20","395.45","386.50","394.50","4,156,932"
"18-Jan-2019","396.50","399.95","392.25","399.30","3,617,922"
"21-Jan-2019","397.50","402.70","392.10","396.20","2,563,705"
"22-Jan-2019","393.40","394.70","387.10","390.60","3,328,908"
"23-Jan-2019","390.00","392.00","383.60","385.20","3,653,992"
"24-Jan-2019","386.00","386.50","377.60","380.95","3,633,336"
"25-Jan-2019","382.50","383.75","372.25","373.85","4,760,625"
"28-Jan-2019","374.95","375.35","292.10","326.10","15,177,384"
"29-Jan-2019","330.00","354.60","327.60","349.25","9,816,333"
"30-Jan-2019","349.05","349.05","335.60","338.15","7,672,859"
"31-Jan-2019","339.90","341.70","330.20","338.65","6,403,921"
"01-Feb-2019","339.90","346.80","333.35","338.45","3,119,675"
"04-Feb-2019","337.25","338.80","329.05","335.65","4,517,829"
"05-Feb-2019","333.10","340.95","330.75","339.80","3,262,960"
"06-Feb-2019","338.80","341.80","318.85","330.35","6,687,853"
"07-Feb-2019","330.55","336.35","322.60","332.35","4,871,712"
"08-Feb-2019","333.00","336.50","328.00","331.50","2,915,806"
"11-Feb-2019","332.95","333.95","318.40","328.80","3,783,848"
"12-Feb-2019","328.80","329.95","323.25","326.80","4,496,913"
"13-Feb-2019","328.15","349.45","328.15","341.65","17,852,712"
"14-Feb-2019","342.00","352.20","340.05","349.10","6,612,759"
"15-Feb-2019","347.55","352.90","347.30","350.15","7,728,519"
"18-Feb-2019","348.00","352.90","345.55","347.30","6,875,440"
"19-Feb-2019","347.50","348.50","337.55","339.55","3,300,497"
"20-Feb-2019","342.00","356.35","340.95","354.75","4,885,571"
"21-Feb-2019","352.10","359.25","350.80","355.75","4,089,677"
"22-Feb-2019","353.55","358.60","352.70","354.30","1,719,606"
"25-Feb-2019","329.00","339.55","320.60","324.55","21,795,407"
"26-Feb-2019","324.00","326.50","315.75","323.50","14,243,781"
"27-Feb-2019","326.55","332.30","322.60","325.25","5,738,757"
"28-Feb-2019","328.70","329.70","325.15","325.85","5,059,506"
"01-Mar-2019","328.80","334.80","327.00","333.20","4,756,894"
"05-Mar-2019","333.25","340.50","330.50","339.25","5,098,498"
"06-Mar-2019","342.50","349.20","334.05","337.05","7,949,482"
"07-Mar-2019","338.00","342.50","335.00","340.90","3,047,318"
"08-Mar-2019","340.90","342.95","338.10","342.15","2,265,000"
"11-Mar-2019","343.20","352.90","342.15","351.30","2,918,059"
"12-Mar-2019","352.55","365.15","351.60","361.05","5,386,817"
"13-Mar-2019","361.45","369.40","357.80","367.15","3,888,377"
"14-Mar-2019","367.00","369.20","360.20","366.00","1,775,804"
"15-Mar-2019","366.25","368.95","361.50","367.10","3,057,825"
"18-Mar-2019","365.05","375.80","365.05","369.00","3,037,029"
"19-Mar-2019","370.00","372.00","362.50","365.75","1,933,040"
"20-Mar-2019","367.00","367.55","359.50","360.60","2,925,322"
"22-Mar-2019","359.60","362.00","355.30","360.75","3,229,387"
"25-Mar-2019","358.90","363.00","353.15","361.35","3,162,063"
"26-Mar-2019","361.35","369.85","361.35","368.60","2,657,710"
"27-Mar-2019","367.20","371.70","364.20","366.30","2,965,654"
"28-Mar-2019","368.85","382.65","366.30","381.30","5,909,606"
"29-Mar-2019","383.30","385.90","375.50","378.15","4,126,878"
"01-Apr-2019","380.95","386.50","378.80","383.05","2,479,521"
"02-Apr-2019","383.00","386.00","377.50","379.70","1,825,681"
"03-Apr-2019","380.30","386.30","380.00","382.00","2,701,443"
"04-Apr-2019","382.00","382.05","374.70","380.20","1,909,852"
"05-Apr-2019","379.00","388.90","377.40","387.15","2,443,633"
"08-Apr-2019","388.30","388.30","375.15","379.90","2,624,528"
"09-Apr-2019","379.75","381.60","373.00","380.70","1,542,463"
"10-Apr-2019","378.40","385.40","375.20","383.45","2,067,637"
"11-Apr-2019","382.50","383.00","377.50","379.45","1,621,369"
"12-Apr-2019","379.20","387.00","377.30","385.65","2,146,541"
"15-Apr-2019","385.00","389.00","382.75","387.05","2,070,828"
"16-Apr-2019","387.05","396.55","386.10","395.65","3,728,013"
"18-Apr-2019","395.00","395.50","388.90","390.55","3,218,018"
"22-Apr-2019","388.40","391.80","384.25","391.05","2,279,282"
"23-Apr-2019","389.55","391.70","385.55","390.90","2,424,827"
"24-Apr-2019","387.70","394.00","386.10","391.75","1,674,322"
"25-Apr-2019","390.00","392.90","387.65","389.25","5,163,069"
"26-Apr-2019","387.30","393.70","385.65","391.75","1,681,376"
"30-Apr-2019","391.15","393.95","384.80","392.80","2,502,107"
"02-May-2019","392.80","397.00","390.15","395.30","2,139,442"
"03-May-2019","393.00","398.40","385.05","387.25","1,863,548"
"06-May-2019","386.00","386.05","378.45","379.80","1,648,057"
"07-May-2019","381.00","383.95","370.10","371.90","1,628,805"
"08-May-2019","370.05","374.90","367.70","369.80","1,688,110"
"09-May-2019","369.90","370.70","361.10","363.90","1,315,271"
"10-May-2019","363.90","378.70","363.90","372.55","3,030,255"
"13-May-2019","369.90","372.30","362.95","364.75","1,520,562"
"14-May-2019","362.90","373.80","362.00","370.55","3,050,760"
"15-May-2019","371.00","375.00","359.10","360.15","2,499,138"
"16-May-2019","361.00","374.00","361.00","371.50","3,157,194"
"17-May-2019","368.80","372.80","362.00","367.10","3,059,404"
"20-May-2019","388.50","408.20","376.05","400.10","10,973,781"
"21-May-2019","409.00","411.40","385.30","387.60","9,115,899"
"22-May-2019","389.00","393.45","378.40","385.95","4,543,570"
"23-May-2019","398.95","430.60","392.15","407.55","23,021,274"
"24-May-2019","408.45","414.85","399.50","410.25","9,272,570"
"27-May-2019","409.25","417.30","405.60","412.40","5,088,602"
"28-May-2019","420.00","426.80","408.70","412.65","18,296,760"
"29-May-2019","412.30","412.95","404.30","406.55","2,511,011"
"30-May-2019","406.55","411.80","401.60","409.30","5,598,272"
"31-May-2019","408.80","417.70","407.35","416.40","4,217,665"
"03-Jun-2019","416.40","426.35","412.10","424.75","3,852,273"
"04-Jun-2019","423.40","429.85","417.40","425.55","7,683,485"
"06-Jun-2019","428.15","429.50","420.80","426.30","4,848,580"
"07-Jun-2019","426.30","427.40","419.45","425.20","2,648,848"
"10-Jun-2019","424.10","429.50","420.60","425.75","2,374,282"
"11-Jun-2019","424.70","427.80","423.15","426.30","1,707,108"
"12-Jun-2019","425.25","429.40","423.00","424.95","2,329,686"
"13-Jun-2019","424.00","426.30","422.50","424.95","2,925,612"
"14-Jun-2019","424.95","428.15","423.75","426.40","2,745,328"
"17-Jun-2019","426.00","426.35","422.10","422.85","2,736,051"
"18-Jun-2019","424.90","425.70","418.60","421.40","3,509,487"
"19-Jun-2019","423.50","424.85","400.70","407.70","5,938,743"
"20-Jun-2019","397.95","412.60","389.70","401.20","8,383,317"
"21-Jun-2019","402.15","407.65","397.65","402.00","4,710,025"
"24-Jun-2019","400.00","407.40","399.80","406.00","2,582,740"
"25-Jun-2019","404.00","407.20","402.65","405.65","2,099,347"
"26-Jun-2019","405.40","417.60","404.00","414.95","3,327,963"
"27-Jun-2019","415.25","418.30","404.70","406.50","8,841,636"
"28-Jun-2019","408.70","413.35","407.00","410.20","2,148,799"
"01-Jul-2019","412.00","414.00","408.50","413.25","1,457,022"
"02-Jul-2019","413.00","416.45","409.40","414.05","1,671,598"
"03-Jul-2019","414.00","419.50","414.00","414.90","2,542,307"
"04-Jul-2019","416.00","417.25","413.35","414.90","1,101,623"
"05-Jul-2019","416.40","416.50","400.55","402.45","1,670,037"
"08-Jul-2019","401.00","404.45","395.95","397.80","1,648,021"
"09-Jul-2019","397.70","406.00","392.65","405.00","1,952,280"
"10-Jul-2019","406.95","408.80","402.35","405.00","2,023,029"
"11-Jul-2019","408.20","413.70","403.90","412.90","1,732,979"
"12-Jul-2019","411.95","419.40","409.60","415.30","2,818,537"
"15-Jul-2019","413.55","416.20","408.10","409.10","2,601,603"
"16-Jul-2019","411.65","421.50","407.65","417.75","2,111,513"
"17-Jul-2019","420.20","421.10","414.30","417.05","1,698,318"
"18-Jul-2019","416.70","419.30","410.75","412.40","1,300,071"
"19-Jul-2019","414.55","416.65","401.75","405.50","1,894,624"
"22-Jul-2019","403.80","409.50","396.50","407.20","1,941,825"
"23-Jul-2019","409.00","409.00","398.00","399.75","2,835,920"
"24-Jul-2019","400.00","400.55","378.00","380.80","4,748,109"
"25-Jul-2019","380.80","385.55","377.00","380.35","2,998,970"
"26-Jul-2019","380.65","384.40","377.20","381.65","2,701,597"
"29-Jul-2019","381.55","382.80","372.00","373.85","1,888,927"
"30-Jul-2019","376.60","379.90","371.10","373.45","2,312,161"
"31-Jul-2019","373.00","381.80","368.65","377.55","2,429,787"
"01-Aug-2019","376.00","377.85","366.30","371.10","1,720,133"
"02-Aug-2019","368.50","379.75","363.65","375.45","3,029,294"
"05-Aug-2019","372.00","372.00","359.15","367.85","2,432,675"
"06-Aug-2019","365.60","378.60","365.25","376.95","3,719,169"
"07-Aug-2019","379.55","379.55","365.65","372.25","3,419,644"
"08-Aug-2019","378.00","379.50","367.45","373.95","3,397,923"
"09-Aug-2019","377.70","380.50","374.25","376.60","2,223,023"
"13-Aug-2019","376.40","379.55","359.10","360.55","2,576,776"
"14-Aug-2019","361.55","363.00","356.60","358.85","4,506,969"
"16-Aug-2019","356.05","358.55","350.00","357.35","4,433,448"
"19-Aug-2019","357.60","363.40","356.50","357.40","2,152,462"
"20-Aug-2019","357.40","359.75","352.00","354.95","1,767,899"
"21-Aug-2019","355.00","355.00","348.40","350.70","1,459,740"
"22-Aug-2019","348.80","348.80","340.80","345.05","2,171,160"
"23-Aug-2019","346.40","354.15","339.65","349.35","2,246,560"
"26-Aug-2019","366.00","375.00","349.35","368.20","4,974,219"
"27-Aug-2019","370.30","374.25","367.30","372.05","3,040,184"
"28-Aug-2019","373.10","374.25","364.05","365.95","2,186,454"
"29-Aug-2019","367.00","370.30","361.30","366.20","1,725,632"
"30-Aug-2019","368.45","368.85","359.40","365.70","2,313,806"
"03-Sep-2019","362.70","367.15","359.55","361.30","1,638,833"
"04-Sep-2019","361.30","365.75","356.65","364.35","1,846,644"
"05-Sep-2019","365.70","367.75","361.25","366.55","1,642,165"
"06-Sep-2019","368.00","368.70","363.80","365.75","2,366,109"
"09-Sep-2019","365.80","371.80","363.65","369.55","2,954,338"
"11-Sep-2019","371.20","374.95","366.50","373.35","3,341,392"
"12-Sep-2019","375.00","376.20","370.50","372.45","2,625,251"
"13-Sep-2019","376.50","377.00","370.40","374.20","2,925,109"
"16-Sep-2019","373.00","373.80","368.10","370.60","2,561,643"
"17-Sep-2019","370.60","373.25","362.80","365.30","2,609,989"
"18-Sep-2019","365.00","368.30","364.20","366.35","1,469,778"
"19-Sep-2019","366.30","366.50","357.85","361.90","1,317,155"
"20-Sep-2019","362.45","384.80","361.00","380.70","6,134,710"
"23-Sep-2019","394.00","417.50","386.10","410.95","6,695,717"
"24-Sep-2019","409.95","417.50","403.95","413.85","3,112,368"
"25-Sep-2019","409.30","417.95","409.10","414.80","2,997,555"
"26-Sep-2019","412.20","420.60","412.00","419.15","8,639,414"
"27-Sep-2019","418.00","420.50","406.10","408.60","3,789,544"
"30-Sep-2019","403.00","415.55","401.45","413.95","3,152,658"
"01-Oct-2019","415.20","417.90","401.60","404.05","2,532,760"
"03-Oct-2019","403.50","406.20","398.60","403.90","2,619,077"
"04-Oct-2019","405.50","407.25","392.95","394.60","1,610,595"
"07-Oct-2019","396.00","400.75","390.65","395.25","1,399,825"
"09-Oct-2019","396.35","402.85","391.55","400.45","3,905,912"
"10-Oct-2019","397.80","401.60","395.60","399.90","3,034,826"
"11-Oct-2019","401.25","410.25","395.90","409.05","2,283,201"
"14-Oct-2019","410.90","413.00","404.80","407.45","3,313,476"
"15-Oct-2019","408.85","414.50","407.45","413.75","2,434,978"
"16-Oct-2019","413.00","413.75","403.60","410.00","2,008,661"
"17-Oct-2019","409.10","411.20","404.60","409.15","2,478,950"
"18-Oct-2019","410.00","423.80","408.00","421.70","4,047,650"
"22-Oct-2019","421.50","428.85","417.10","420.75","2,380,735"
"23-Oct-2019","418.00","419.00","395.00","396.10","6,752,056"
"24-Oct-2019","399.00","401.45","393.35","399.15","6,433,637"
"25-Oct-2019","402.95","402.95","396.85","398.95","3,272,059"
"27-Oct-2019","402.25","402.25","398.55","399.80","110,114"
"29-Oct-2019","401.00","401.00","398.15","398.95","2,269,051"
"30-Oct-2019","399.20","405.00","395.50","398.10","5,590,453"
"31-Oct-2019","399.25","400.00","393.65","395.80","2,529,130"
"01-Nov-2019","396.00","397.25","387.85","389.75","3,665,336"
"04-Nov-2019","390.00","394.95","389.75","391.00","3,146,855"
"05-Nov-2019","391.70","392.90","386.50","390.00","1,395,899"
"06-Nov-2019","390.00","394.40","388.50","391.00","2,277,683"
"07-Nov-2019","390.50","392.00","388.05","390.45","1,615,593"
"08-Nov-2019","391.20","391.20","385.50","386.15","1,206,504"
"11-Nov-2019","386.15","389.15","382.50","387.90","2,300,763"
"13-Nov-2019","391.00","391.80","369.40","370.80","5,392,849"
"14-Nov-2019","371.90","374.10","365.85","369.10","2,662,084"
"15-Nov-2019","369.10","370.90","365.50","366.30","2,362,065"
"18-Nov-2019","366.30","367.45","364.10","365.65","1,835,202"
"19-Nov-2019","367.50","368.15","361.55","364.05","2,758,083"
"20-Nov-2019","364.50","377.10","364.00","366.70","6,385,953"
"21-Nov-2019","368.00","376.25","368.00","372.10","6,556,285"
"22-Nov-2019","372.25","375.55","370.45","371.45","3,679,373"
"25-Nov-2019","372.00","379.20","371.50","374.70","3,050,808"
"26-Nov-2019","377.05","378.00","368.45","370.40","4,348,236"
"27-Nov-2019","372.00","374.35","367.25","372.95","1,417,796"
"28-Nov-2019","376.00","377.70","370.50","372.60","1,649,478"
"29-Nov-2019","372.00","384.95","370.80","382.05","30,111,277"
"02-Dec-2019","381.10","383.35","375.85","377.75","3,783,084"
"03-Dec-2019","380.00","380.00","359.55","361.95","4,189,825"
"04-Dec-2019","361.50","370.35","357.35","367.85","4,369,308"
"05-Dec-2019","368.00","373.60","365.15","368.40","3,179,935"
"06-Dec-2019","370.65","371.30","363.40","366.15","2,376,977"
"09-Dec-2019","368.25","377.50","364.95","373.60","4,988,293"
"10-Dec-2019","373.90","375.85","366.05","366.90","2,108,098"
"11-Dec-2019","368.95","370.85","365.00","369.70","1,710,192"
"12-Dec-2019","371.45","376.50","370.90","372.50","2,012,086"
"13-Dec-2019","372.55","380.90","372.55","376.95","2,699,035"
"16-Dec-2019","377.25","380.45","366.95","368.35","3,579,883"
"17-Dec-2019","369.20","373.00","367.55","371.25","4,226,416"
"18-Dec-2019","372.10","375.80","369.10","374.50","3,960,881"
"19-Dec-2019","374.00","374.25","367.60","369.65","2,769,484"
"20-Dec-2019","370.20","378.00","370.20","372.30","10,808,900"
"23-Dec-2019","372.05","374.20","364.25","366.90","4,275,342"
"24-Dec-2019","368.00","372.00","366.00","368.60","2,948,878"
"26-Dec-2019","368.80","370.60","362.10","363.65","2,503,435"
"27-Dec-2019","366.75","367.90","362.80","363.70","2,146,972"
"30-Dec-2019","371.00","371.00","363.75","365.95","4,732,203"
"31-Dec-2019","366.00","368.65","364.90","366.00","2,043,206"
"01-Jan-2020","368.00","379.25","366.00","377.65","11,377,167"
"02-Jan-2020","377.95","384.70","376.50","383.15","5,919,760"
"03-Jan-2020","382.70","384.35","379.20","382.50","3,684,824"
"06-Jan-2020","388.00","388.00","374.75","380.20","12,482,680"
"07-Jan-2020","384.05","389.75","382.40","384.80","8,091,465"
"08-Jan-2020","379.00","387.60","378.25","385.65","4,620,991"
"09-Jan-2020","389.15","394.00","386.05","391.80","4,186,783"
"10-Jan-2020","391.80","394.30","390.00","392.05","2,405,154"
"13-Jan-2020","391.90","393.90","389.30","390.35","1,516,112"
"14-Jan-2020","391.00","392.60","386.00","389.20","1,963,128"
"15-Jan-2020","389.30","391.40","386.00","390.80","1,536,571"
"16-Jan-2020","392.00","394.60","389.80","390.95","1,340,762"
"17-Jan-2020","390.90","392.40","386.00","387.60","1,644,832"
"20-Jan-2020","387.65","389.20","378.80","380.05","1,760,945"
"21-Jan-2020","378.80","382.00","375.30","379.95","2,005,178"
"22-Jan-2020","379.95","385.00","379.00","383.60","1,817,459"
"23-Jan-2020","384.45","386.75","380.75","385.85","1,202,104"
"24-Jan-2020","383.00","387.40","380.30","384.75","1,572,385"
"27-Jan-2020","383.70","386.25","379.80","381.25","1,076,027"
"28-Jan-2020","380.70","381.50","370.20","372.95","2,220,618"
"29-Jan-2020","377.50","387.75","373.75","383.35","3,588,224"
"30-Jan-2020","381.00","383.70","376.85","378.00","1,526,892"
"31-Jan-2020","380.05","381.55","368.25","369.40","2,912,256"
"01-Feb-2020","369.80","371.40","360.65","362.30","1,839,534"
"03-Feb-2020","364.00","370.00","355.50","367.35","2,857,926"
"04-Feb-2020","370.10","376.00","366.35","372.50","3,061,868"
"05-Feb-2020","372.00","372.50","361.10","366.60","3,441,871"
"06-Feb-2020","370.00","373.20","367.65","370.20","4,172,547"
"07-Feb-2020","370.20","373.70","367.20","369.55","2,197,903"
"10-Feb-2020","370.05","373.45","366.15","368.25","1,537,598"
"11-Feb-2020","370.50","378.40","369.05","374.20","2,836,917"
"12-Feb-2020","376.95","378.90","371.60","374.10","1,873,710"
"13-Feb-2020","374.00","374.70","367.00","369.10","1,602,247"
"14-Feb-2020","370.30","372.00","366.00","366.85","1,012,713"
"17-Feb-2020","366.85","366.85","359.40","362.80","1,979,626"
"18-Feb-2020","362.50","368.45","358.35","366.60","1,693,616"
"19-Feb-2020","371.00","374.45","367.35","371.30","2,057,811"
"20-Feb-2020","371.00","374.50","370.00","370.85","1,799,254"
"24-Feb-2020","367.65","371.40","361.50","362.25","2,070,656"
"25-Feb-2020","362.30","364.70","355.60","358.40","2,530,137"
"26-Feb-2020","356.90","362.50","352.90","358.40","4,164,401"
"27-Feb-2020","358.70","360.75","351.50","353.70","1,977,795"
"28-Feb-2020","347.00","348.65","339.20","342.20","4,299,292"
"02-Mar-2020","346.10","351.05","338.30","340.65","2,510,491"
"03-Mar-2020","344.00","349.05","342.00","347.30","3,671,071"
"04-Mar-2020","347.80","349.80","339.90","345.95","3,490,806"
"05-Mar-2020","347.30","351.90","346.50","349.15","2,709,900"
"06-Mar-2020","339.80","343.20","331.25","341.40","3,966,036"
"09-Mar-2020","334.70","334.70","316.85","321.90","3,230,319"
"11-Mar-2020","322.80","326.35","316.20","320.20","5,634,636"
"12-Mar-2020","288.20","301.90","284.00","287.65","9,895,077"
"13-Mar-2020","260.00","300.70","232.00","292.75","21,079,070"
"16-Mar-2020","273.00","276.85","252.00","261.40","7,727,956"
"17-Mar-2020","265.00","283.35","265.00","267.15","9,691,227"
"18-Mar-2020","270.00","273.00","256.00","260.40","5,581,367"
"19-Mar-2020","248.00","264.15","241.00","258.35","8,727,962"
"20-Mar-2020","257.60","264.50","247.20","256.40","7,028,925"
"23-Mar-2020","235.00","235.80","203.00","207.80","5,716,818"
"24-Mar-2020","216.00","238.75","212.60","231.75","9,694,177"
"25-Mar-2020","222.30","266.50","222.30","255.60","11,745,146"
"26-Mar-2020","257.65","260.10","241.50","248.20","8,701,776"
"27-Mar-2020","259.00","259.60","244.00","251.30","4,871,655"
"30-Mar-2020","248.00","254.85","237.00","251.65","8,946,439"
"31-Mar-2020","255.00","259.60","247.05","251.30","6,401,288"
"01-Apr-2020","246.05","247.80","235.05","244.80","4,034,211"
"03-Apr-2020","246.00","252.80","238.90","244.80","7,210,453"
"07-Apr-2020","254.20","255.85","245.60","248.10","7,360,798"
"08-Apr-2020","248.00","255.85","242.75","250.85","6,897,883"
"09-Apr-2020","254.00","254.60","247.45","251.90","5,290,672"
"13-Apr-2020","252.00","265.50","247.50","262.85","6,979,354"
"15-Apr-2020","265.00","279.40","265.00","268.90","7,606,729"
"16-Apr-2020","267.00","271.30","260.30","267.60","3,267,294"
"17-Apr-2020","275.00","275.90","263.60","268.15","3,470,271"
"20-Apr-2020","273.50","273.50","266.55","270.50","2,234,365"
"21-Apr-2020","266.05","269.60","260.90","265.20","2,562,045"
"22-Apr-2020","260.00","273.85","258.50","271.90","3,229,099"
"23-Apr-2020","273.50","279.70","268.50","277.60","3,594,118"
"24-Apr-2020","273.95","276.95","269.55","270.65","2,515,755"
"27-Apr-2020","273.30","277.10","269.50","271.15","1,845,577"
"28-Apr-2020","271.15","274.70","270.00","272.95","1,808,291"
"29-Apr-2020","274.00","293.20","272.70","287.65","4,058,322"
"30-Apr-2020","295.05","296.00","285.10","290.10","4,675,412"
"04-May-2020","275.00","280.00","262.00","266.35","6,359,013"
"05-May-2020","271.70","271.70","261.10","263.10","4,866,839"
"06-May-2020","261.10","273.50","261.10","270.15","10,547,916"
"07-May-2020","271.20","284.50","268.45","282.40","6,505,707"
"08-May-2020","285.10","286.85","280.55","285.05","2,594,067"
"11-May-2020","285.20","293.25","285.20","289.70","3,204,070"
"12-May-2020","289.00","292.80","285.25","291.50","4,602,741"
"13-May-2020","297.00","311.90","262.35","309.35","9,560,014"
"14-May-2020","301.10","311.45","301.10","308.40","5,684,067"
"15-May-2020","309.00","312.00","305.35","309.25","3,712,050"
"18-May-2020","306.00","307.35","291.35","293.30","3,625,909"
"19-May-2020","299.80","320.90","297.35","319.20","10,540,356"
"20-May-2020","318.00","324.80","311.55","323.75","6,985,480"
"21-May-2020","319.40","322.15","315.40","317.15","4,602,568"
"22-May-2020","315.00","315.00","306.55","310.60","3,428,549"
"26-May-2020","312.40","320.55","309.60","315.60","4,031,218"
"27-May-2020","313.00","328.50","313.00","326.65","6,352,246"
"28-May-2020","329.50","334.15","327.45","331.80","5,655,407"
"29-May-2020","330.00","330.00","322.05","323.80","12,299,544"
"01-Jun-2020","326.00","336.35","326.00","329.35","2,865,760"
"02-Jun-2020","330.20","341.65","325.80","339.95","4,668,325"
"03-Jun-2020","344.00","344.95","336.85","339.55","5,177,337"
"04-Jun-2020","341.00","342.90","337.60","339.20","4,625,619"
"05-Jun-2020","340.10","347.15","337.20","341.15","2,348,630"
"08-Jun-2020","343.10","347.65","340.95","343.30","2,771,175"
"09-Jun-2020","344.50","351.35","341.30","346.05","3,388,265"
"10-Jun-2020","346.05","349.75","340.40","346.55","2,324,983"
"11-Jun-2020","348.00","348.00","336.80","338.65","4,260,956"
"12-Jun-2020","330.65","347.80","327.70","345.30","3,022,904"
"15-Jun-2020","346.50","346.85","336.85","339.75","2,474,153"
"16-Jun-2020","347.00","347.00","335.90","340.80","2,686,021"
"17-Jun-2020","341.00","346.45","337.55","341.30","2,458,021"
"18-Jun-2020","340.35","345.50","335.15","343.80","2,502,231"
"19-Jun-2020","344.40","354.90","341.50","348.90","6,917,610"
"22-Jun-2020","350.00","353.90","346.70","349.60","2,515,842"
"23-Jun-2020","350.00","357.20","346.75","355.65","2,715,738"
"24-Jun-2020","355.35","360.00","349.60","351.85","2,841,354"
"25-Jun-2020","349.80","351.50","342.20","344.00","5,056,963"
"26-Jun-2020","348.00","349.00","339.60","343.20","3,979,519"
"29-Jun-2020","341.35","344.05","339.10","342.65","3,263,757"
"30-Jun-2020","344.00","349.80","342.40","343.90","2,828,820"
"01-Jul-2020","345.90","347.05","341.30","343.80","1,202,080"
"02-Jul-2020","346.00","349.60","344.90","346.80","1,204,040"
"03-Jul-2020","350.20","366.80","348.65","360.40","9,300,948"
"06-Jul-2020","365.10","366.00","356.10","359.45","3,360,577"
"07-Jul-2020","361.00","361.00","344.25","345.95","4,348,443"
"08-Jul-2020","349.00","349.65","339.30","340.60","3,988,479"
"09-Jul-2020","341.00","346.50","340.00","343.15","3,635,224"
"10-Jul-2020","341.00","342.70","332.25","334.95","3,368,457"
"13-Jul-2020","336.25","339.65","331.50","332.20","2,187,706"
"14-Jul-2020","332.70","333.50","319.70","320.40","3,146,962"
"15-Jul-2020","320.55","324.50","312.90","315.15","3,905,269"
"16-Jul-2020","317.00","317.45","309.60","311.20","3,122,868"
"17-Jul-2020","312.00","318.90","310.60","313.00","3,264,266"
"20-Jul-2020","316.00","318.70","310.35","317.30","4,328,922"
"21-Jul-2020","320.90","325.35","313.60","314.70","4,264,604"
"22-Jul-2020","316.20","318.65","309.10","312.00","3,068,805"
"23-Jul-2020","313.40","315.95","311.60","313.90","2,831,417"
"24-Jul-2020","313.90","313.95","305.35","309.40","2,457,671"
"27-Jul-2020","309.00","310.70","298.00","309.05","5,465,737"
"28-Jul-2020","309.90","320.00","308.05","318.60","4,973,848"
"29-Jul-2020","317.05","323.00","312.05","315.15","4,000,041"
"30-Jul-2020","317.85","321.75","310.10","312.50","2,498,355"
"31-Jul-2020","315.00","318.15","312.75","315.20","1,945,026"
"03-Aug-2020","311.00","319.55","308.65","311.35","2,408,531"
"04-Aug-2020","313.00","317.75","311.35","314.95","3,182,644"
"05-Aug-2020","316.40","328.80","313.40","327.10","8,387,056"
"06-Aug-2020","330.10","330.90","321.40","323.80","3,282,020"
"07-Aug-2020","323.90","328.35","321.55","326.65","2,634,956"
"10-Aug-2020","329.00","333.95","325.70","331.30","3,187,734"
"11-Aug-2020","333.50","336.75","330.70","335.00","3,504,783"
"12-Aug-2020","336.00","347.75","331.75","341.20","10,674,205"
"13-Aug-2020","343.55","348.95","341.75","347.65","2,707,033"
"14-Aug-2020","353.75","353.75","343.65","348.10","3,377,000"
"17-Aug-2020","350.85","358.00","346.80","357.45","4,508,358"
"18-Aug-2020","356.90","359.50","354.50","357.45","2,151,419"
"19-Aug-2020","360.00","366.20","355.50","356.65","3,269,190"
"20-Aug-2020","354.95","357.10","347.95","353.60","3,533,916"
"21-Aug-2020","357.90","359.35","353.00","354.35","1,342,269"
"24-Aug-2020","358.40","363.30","347.60","349.00","3,489,262"
"25-Aug-2020","351.90","352.00","341.00","346.10","3,532,971"
"26-Aug-2020","346.35","366.90","346.35","354.25","11,568,961"
"27-Aug-2020","356.00","357.45","349.55","350.55","2,996,658"
"28-Aug-2020","355.00","363.00","348.50","360.05","5,406,554"
"31-Aug-2020","365.00","378.35","352.00","355.75","19,379,274"
"01-Sep-2020","357.00","365.35","341.40","348.80","6,726,316"
"02-Sep-2020","352.95","363.50","344.10","359.90","5,694,675"
"03-Sep-2020","363.50","368.00","359.55","366.00","4,286,269"
"04-Sep-2020","363.40","363.40","351.10","353.00","7,628,188"
"07-Sep-2020","355.00","357.95","347.20","352.05","3,344,349"
"08-Sep-2020","352.70","355.95","343.55","345.60","2,339,457"
"09-Sep-2020","344.40","346.30","335.35","343.85","3,413,215"
"10-Sep-2020","346.00","348.95","336.60","341.60","3,893,126"
"11-Sep-2020","341.00","343.90","333.45","342.50","4,656,343"
"14-Sep-2020","345.00","353.60","343.45","351.65","4,221,864"
"15-Sep-2020","355.10","356.80","351.00","352.65","2,042,343"
"16-Sep-2020","352.25","356.10","348.95","353.55","1,998,100"
"17-Sep-2020","352.00","355.50","345.00","346.10","2,433,213"
"18-Sep-2020","348.70","359.80","347.10","357.85","4,963,128"
"21-Sep-2020","358.00","359.00","343.95","347.85","3,086,223"
"22-Sep-2020","347.85","348.35","327.15","332.30","4,670,215"
"23-Sep-2020","332.55","335.35","320.15","324.60","4,281,300"
"24-Sep-2020","321.55","322.95","312.10","313.75","6,857,200"
"25-Sep-2020","319.00","329.70","315.60","326.15","6,282,538"
"28-Sep-2020","327.80","343.20","327.80","339.55","4,249,775"
"29-Sep-2020","343.40","346.40","336.90","341.00","3,490,719"
"30-Sep-2020","340.55","346.55","330.00","341.75","2,757,175"
"01-Oct-2020","345.50","354.90","344.50","353.30","3,004,005"
"05-Oct-2020","355.90","358.00","348.45","350.35","11,896,462"
"06-Oct-2020","356.00","364.50","354.85","362.90","7,483,578"
"07-Oct-2020","362.55","368.75","359.00","360.65","4,024,902"
"08-Oct-2020","359.80","362.80","356.35","359.75","3,036,028"
"09-Oct-2020","361.00","362.45","355.15","357.20","1,988,867"
"12-Oct-2020","359.10","362.85","355.05","357.65","3,626,399"
"13-Oct-2020","357.65","358.65","348.40","349.90","2,413,111"
"14-Oct-2020","349.10","351.20","344.70","348.95","2,363,439"
"15-Oct-2020","350.60","353.85","341.25","342.80","2,855,273"
"16-Oct-2020","344.35","354.75","341.95","349.95","2,635,081"
"19-Oct-2020","352.60","352.60","344.80","347.55","2,181,975"
"20-Oct-2020","346.70","352.30","345.65","348.95","1,999,765"
"21-Oct-2020","350.25","360.15","349.55","355.35","4,398,526"
"22-Oct-2020","350.55","364.05","350.15","358.35","4,506,437"
"23-Oct-2020","360.00","369.00","357.65","364.35","6,357,073"
"26-Oct-2020","366.00","373.90","360.35","363.70","7,541,567"
"27-Oct-2020","360.20","366.20","351.00","364.40","5,869,581"
"28-Oct-2020","363.00","370.00","352.00","353.65","3,863,941"
"29-Oct-2020","350.55","350.55","341.15","342.70","3,346,474"
"30-Oct-2020","345.20","362.70","343.20","359.85","12,044,260"
"02-Nov-2020","360.00","362.70","351.20","356.90","9,364,431"
"03-Nov-2020","362.00","362.65","347.20","353.65","7,971,473"
"04-Nov-2020","367.65","369.50","349.60","361.10","17,940,352"
"05-Nov-2020","366.05","374.65","364.30","368.65","16,920,686"
"06-Nov-2020","368.65","375.90","365.80","371.10","7,290,106"
"09-Nov-2020","375.00","376.00","366.00","367.05","7,038,841"
"10-Nov-2020","370.70","374.50","364.15","366.75","6,850,175"
"11-Nov-2020","366.75","372.45","365.25","371.60","4,370,366"
"12-Nov-2020","373.00","375.60","366.10","368.05","4,759,659"
"13-Nov-2020","367.50","370.40","362.70","365.50","4,156,320"
"14-Nov-2020","369.00","369.00","363.00","366.10","444,529"
"17-Nov-2020","368.50","386.75","366.25","379.65","11,192,618"
"18-Nov-2020","382.00","395.20","382.00","391.10","15,514,329"
"19-Nov-2020","390.00","392.70","379.60","381.90","6,894,431"
"20-Nov-2020","381.00","382.65","373.00","375.85","5,562,369"
"23-Nov-2020","375.85","379.35","370.30","375.15","4,065,424"
"24-Nov-2020","378.00","402.00","376.00","392.25","19,485,370"
"25-Nov-2020","396.30","404.70","384.40","398.95","18,238,080"
"26-Nov-2020","400.80","413.00","395.65","410.15","12,856,261"
"27-Nov-2020","411.00","416.00","408.20","411.55","10,593,353"
"01-Dec-2020","415.00","426.00","412.00","423.80","9,170,159"
"02-Dec-2020","424.90","442.00","420.35","438.20","13,049,398"
"03-Dec-2020","442.00","444.50","433.05","435.80","10,810,399"
"04-Dec-2020","439.70","458.30","439.00","453.70","10,271,034"
"07-Dec-2020","461.00","474.90","459.00","471.50","16,140,936"
"08-Dec-2020","472.70","474.70","457.55","463.35","9,218,366"
"09-Dec-2020","467.65","469.90","458.15","463.90","5,811,412"
"10-Dec-2020","463.90","474.10","457.00","471.00","4,785,102"
"11-Dec-2020","471.75","475.00","462.70","466.30","4,922,448"
"14-Dec-2020","468.60","472.45","463.10","467.00","5,943,652"
"15-Dec-2020","469.50","479.65","461.45","475.75","10,973,876"
"16-Dec-2020","480.00","480.45","473.15","475.55","5,452,263"
"17-Dec-2020","478.00","478.80","465.55","467.75","6,757,703"
"18-Dec-2020","467.75","472.95","458.50","463.30","5,980,780"
"21-Dec-2020","459.00","467.00","427.20","444.25","8,223,842"
"22-Dec-2020","444.25","470.50","435.00","468.65","9,462,053"
"23-Dec-2020","467.15","476.70","462.50","470.75","7,943,560"
"24-Dec-2020","474.90","482.90","466.00","478.55","7,679,078"
"28-Dec-2020","480.00","492.95","480.00","483.55","8,372,924"
"29-Dec-2020","485.00","489.85","478.20","483.40","5,866,837"
"30-Dec-2020","484.00","487.60","478.15","485.40","3,736,356"
"31-Dec-2020","485.40","490.80","480.25","483.75","4,386,328"
"01-Jan-2021","485.00","508.00","482.55","503.85","7,815,730"
"04-Jan-2021","507.00","510.90","495.20","498.90","9,998,803"
"05-Jan-2021","498.90","504.50","492.00","499.45","5,135,408"
"06-Jan-2021","501.80","504.95","489.50","496.80","5,203,982"
"07-Jan-2021","500.10","520.90","499.50","513.85","10,295,126"
"08-Jan-2021","520.00","527.35","514.50","517.00","7,272,250"
"11-Jan-2021","520.45","522.50","504.00","508.35","7,156,036"
"12-Jan-2021","507.00","520.65","502.55","511.25","6,751,375"
"13-Jan-2021","515.90","540.00","514.60","536.65","11,045,555"
"14-Jan-2021","537.95","542.45","530.10","536.95","6,066,782"
"15-Jan-2021","536.80","541.00","524.00","527.95","5,427,713"
"18-Jan-2021","531.00","532.30","503.80","515.50","6,258,367"
"19-Jan-2021","516.00","535.00","516.00","532.80","6,694,907"
"20-Jan-2021","529.00","562.50","529.00","558.60","14,440,729"
"21-Jan-2021","561.85","561.85","542.65","547.65","8,870,257"
"22-Jan-2021","549.50","557.50","531.70","535.80","6,843,849"
"25-Jan-2021","543.00","547.45","522.00","523.65","5,816,153"
"27-Jan-2021","528.25","536.00","512.50","518.85","8,920,054"
"28-Jan-2021","515.70","527.95","507.05","519.10","5,707,393"
"29-Jan-2021","527.55","533.10","507.10","509.70","6,781,488"
"01-Feb-2021","514.30","545.45","500.10","542.75","10,259,084"
"02-Feb-2021","548.70","554.85","540.00","550.80","7,160,471"
"03-Feb-2021","549.55","562.30","542.00","560.10","7,462,289"
"04-Feb-2021","557.90","573.40","554.05","568.40","6,850,462"
"05-Feb-2021","571.00","573.95","561.65","566.95","5,586,868"
"08-Feb-2021","572.15","594.00","571.10","582.05","8,887,710"
"09-Feb-2021","589.65","589.80","573.20","581.95","10,917,915"
"10-Feb-2021","584.75","587.00","550.50","576.85","19,987,392"
"11-Feb-2021","576.85","593.70","576.30","591.85","10,595,917"
"12-Feb-2021","592.30","621.65","586.10","616.60","24,953,701"
"15-Feb-2021","617.95","639.90","610.80","627.75","15,146,033"
"16-Feb-2021","629.80","643.50","628.05","636.55","15,120,148"
"17-Feb-2021","658.00","670.00","646.90","655.75","34,868,085"
"18-Feb-2021","660.80","670.00","649.05","664.05","13,189,027"
"19-Feb-2021","664.95","676.65","628.65","653.50","17,553,743"
"22-Feb-2021","658.80","678.50","649.00","673.80","16,739,107"
"23-Feb-2021","680.00","682.70","659.25","662.00","11,247,164"
"24-Feb-2021","666.70","671.00","653.40","665.20","3,919,187"
"25-Feb-2021","669.40","711.35","667.15","704.30","18,596,690"
"26-Feb-2021","697.10","703.45","668.00","675.90","19,909,990"
"01-Mar-2021","684.60","704.65","673.30","692.90","11,600,468"
"02-Mar-2021","697.60","724.70","696.00","720.50","11,486,477"
"03-Mar-2021","732.00","754.95","723.40","729.85","19,961,472"
"04-Mar-2021","733.25","765.70","715.85","752.45","30,607,959"
"05-Mar-2021","752.45","761.00","730.50","748.95","17,665,200"
"08-Mar-2021","762.70","767.80","744.20","748.40","15,286,852"
"09-Mar-2021","755.55","759.40","738.65","750.75","8,548,163"
"10-Mar-2021","757.50","759.10","743.00","745.35","5,235,249"
"12-Mar-2021","749.00","752.10","723.00","728.15","10,961,076"
"15-Mar-2021","727.80","727.80","706.05","719.05","13,403,595"
"16-Mar-2021","731.40","735.70","714.25","717.35","14,979,009"
"17-Mar-2021","715.00","716.95","683.80","688.25","8,151,544"
"18-Mar-2021","695.00","705.50","675.40","679.65","10,925,357"
"19-Mar-2021","677.40","691.50","657.10","686.25","10,373,422"
"22-Mar-2021","686.00","726.25","681.00","721.90","22,864,950"
"23-Mar-2021","730.25","755.00","727.10","738.55","30,612,174"
"24-Mar-2021","741.00","750.50","697.65","706.85","21,213,413"
"25-Mar-2021","711.00","712.35","683.15","688.25","16,860,086"
"26-Mar-2021","698.00","710.70","692.60","703.05","12,350,673"
"30-Mar-2021","703.05","718.00","697.30","710.55","9,109,505"
"31-Mar-2021","705.00","719.90","698.60","702.40","7,752,226"
"01-Apr-2021","713.50","742.00","705.00","736.25","15,017,049"
"05-Apr-2021","731.75","745.00","715.00","742.25","15,622,924"
"06-Apr-2021","756.00","852.70","743.00","835.55","64,555,516"
"07-Apr-2021","857.00","885.00","795.00","814.75","97,717,880"
"08-Apr-2021","818.00","838.00","806.00","823.00","34,025,873"
"09-Apr-2021","824.75","837.00","817.05","823.60","21,804,785"
"12-Apr-2021","809.90","809.90","735.00","744.65","28,112,240"
"13-Apr-2021","750.00","755.75","701.35","731.05","52,812,517"
"15-Apr-2021","735.90","754.50","725.00","750.35","26,108,614"
"16-Apr-2021","750.90","794.85","743.00","755.50","41,791,181"
"19-Apr-2021","715.00","730.90","707.45","720.95","22,935,238"
"20-Apr-2021","744.70","745.90","710.00","720.45","21,315,167"
"22-Apr-2021","689.50","744.90","689.50","737.80","26,840,536"
"23-Apr-2021","736.45","746.90","720.10","725.35","18,435,449"
"26-Apr-2021","733.00","739.65","728.90","730.75","9,390,549"
"27-Apr-2021","735.00","757.50","727.35","749.15","20,573,107"
"28-Apr-2021","755.00","760.00","741.10","746.25","11,156,977"
"29-Apr-2021","753.20","765.85","743.40","746.75","13,851,910"
"30-Apr-2021","739.00","759.45","724.50","730.05","12,600,934"
"03-May-2021","727.65","764.00","713.75","761.40","25,953,577"
"04-May-2021","779.85","782.00","760.05","768.75","31,400,296"
"05-May-2021","772.00","774.80","732.70","738.10","29,426,971"
"06-May-2021","745.00","753.70","735.60","740.80","11,926,793"
"07-May-2021","747.70","778.00","745.25","767.75","20,782,117"
"10-May-2021","774.40","779.50","762.45","765.45","9,201,326"
"11-May-2021","751.00","789.70","750.35","762.65","12,978,165"
"12-May-2021","763.00","772.80","747.70","751.60","10,615,003"
"14-May-2021","757.90","758.65","727.50","733.55","10,876,267"
"17-May-2021","740.00","760.00","737.00","754.20","12,271,212"
"18-May-2021","765.00","780.00","757.10","775.90","9,877,934"
"19-May-2021","784.00","791.90","769.30","772.40","15,666,729"
"20-May-2021","776.50","779.50","761.05","765.70","6,964,023"
"21-May-2021","772.00","775.25","766.65","769.20","5,274,817"
"24-May-2021","769.70","779.90","746.60","766.55","8,354,397"
"25-May-2021","773.00","776.70","759.00","764.00","4,730,725"
"26-May-2021","767.85","769.90","757.00","758.30","7,375,242"
"27-May-2021","758.30","765.00","749.45","751.40","7,909,776"
"28-May-2021","755.00","784.90","754.00","776.15","13,623,565"
"31-May-2021","779.95","779.95","761.70","769.55","7,820,165"
"01-Jun-2021","773.10","801.80","764.30","798.20","17,847,137"
"02-Jun-2021","802.95","824.00","802.95","811.50","27,748,928"
"03-Jun-2021","818.85","849.00","810.70","825.30","24,105,079"
"04-Jun-2021","830.80","841.95","823.00","833.85","14,457,348"
"07-Jun-2021","837.40","898.80","835.65","878.60","33,684,310"
"08-Jun-2021","883.40","887.80","859.15","874.20","16,422,574"
"09-Jun-2021","879.25","901.00","831.30","852.60","31,225,441"
"10-Jun-2021","858.55","863.95","843.30","846.75","11,744,190"
"11-Jun-2021","852.00","856.40","820.70","839.75","17,460,610"
"14-Jun-2021","755.80","783.70","681.10","768.45","89,771,631"
"15-Jun-2021","802.90","802.90","755.00","761.85","45,408,426"
"16-Jun-2021","755.00","755.00","697.80","706.70","29,440,056"
"17-Jun-2021","683.00","704.65","638.35","646.90","70,812,142"
"18-Jun-2021","643.20","704.60","638.10","694.35","76,266,975"
"21-Jun-2021","692.00","744.65","685.10","731.05","51,759,617"
"22-Jun-2021","740.00","761.65","738.00","742.90","35,597,113"
"23-Jun-2021","749.00","757.00","715.50","718.70","31,168,761"
"24-Jun-2021","724.00","725.00","701.70","709.90","21,503,302"
"25-Jun-2021","715.00","719.00","706.50","712.20","12,085,421"
"28-Jun-2021","719.00","729.95","713.00","716.25","14,139,292"
"29-Jun-2021","717.50","723.00","709.00","711.00","9,303,151"
"30-Jun-2021","717.60","717.60","702.10","703.70","9,100,756"
"01-Jul-2021","706.00","711.85","700.00","703.10","8,035,542"
"02-Jul-2021","705.00","724.30","705.00","710.40","17,676,086"
"05-Jul-2021","717.00","721.00","703.00","710.05","11,105,134"
"06-Jul-2021","712.00","731.95","707.10","712.70","14,580,124"
"07-Jul-2021","716.90","723.00","706.00","720.10","8,719,991"
"08-Jul-2021","724.00","728.00","709.10","711.70","7,804,439"
"09-Jul-2021","712.50","737.00","708.35","728.50","14,924,156"
"12-Jul-2021","734.40","735.65","715.05","718.05","8,664,504"
"13-Jul-2021","720.00","720.90","702.00","704.00","12,287,372"
"14-Jul-2021","709.40","711.50","695.35","697.25","13,812,481"
"15-Jul-2021","699.70","706.40","695.50","699.10","7,490,612"
"16-Jul-2021","699.70","702.90","685.25","687.60","6,941,246"
"19-Jul-2021","686.00","693.00","661.40","673.70","13,618,862"
"20-Jul-2021","661.00","680.85","660.00","672.60","11,533,588"
"22-Jul-2021","678.00","695.00","666.70","691.80","9,740,403"
"23-Jul-2021","700.00","700.00","677.20","680.05","8,682,097"
"26-Jul-2021","680.00","690.95","674.45","682.80","5,339,116"
"27-Jul-2021","682.80","686.30","660.35","663.20","7,133,113"
"28-Jul-2021","668.40","676.75","654.20","665.40","11,132,158"
"29-Jul-2021","671.00","671.00","657.95","659.65","4,572,153"
"30-Jul-2021","661.25","687.80","659.50","674.50","13,440,904"
"02-Aug-2021","682.00","695.00","678.00","692.00","8,925,708"
"03-Aug-2021","698.00","714.95","695.25","705.05","18,429,941"
"04-Aug-2021","718.00","718.00","692.00","694.70","14,045,587"
"05-Aug-2021","695.00","700.50","684.00","693.55","5,851,411"
"06-Aug-2021","692.95","719.90","691.45","710.70","17,504,802"
"09-Aug-2021","714.00","717.00","694.10","699.90","7,521,213"
"10-Aug-2021","701.70","706.75","683.25","693.00","5,937,282"
"11-Aug-2021","693.40","705.00","684.55","699.15","6,297,975"
"12-Aug-2021","701.00","710.40","700.00","704.05","5,068,665"
"13-Aug-2021","704.45","709.50","699.05","704.15","3,390,071"
"16-Aug-2021","704.00","716.45","702.00","706.90","6,385,995"
"17-Aug-2021","705.80","714.90","686.05","692.65","7,262,774"
"18-Aug-2021","696.45","708.30","688.70","705.40","7,354,758"
"20-Aug-2021","690.00","706.40","680.80","687.20","6,274,741"
"23-Aug-2021","691.80","691.80","665.00","668.30","6,636,881"
"24-Aug-2021","673.00","702.00","668.50","695.40","7,640,710"
"25-Aug-2021","698.50","725.00","695.40","720.75","21,275,432"
"26-Aug-2021","725.00","733.00","717.70","721.70","14,969,643"
"27-Aug-2021","724.00","731.95","722.25","727.00","6,751,256"
"30-Aug-2021","730.60","735.40","727.10","730.00","4,757,858"
"31-Aug-2021","732.30","754.00","728.10","748.30","15,419,587"
"01-Sep-2021","750.05","751.85","737.60","744.75","5,320,381"
"02-Sep-2021","745.00","760.65","744.00","753.85","5,788,915"
"03-Sep-2021","755.95","762.00","745.30","754.90","4,491,254"
"06-Sep-2021","758.40","765.00","747.25","751.20","5,260,360"
"07-Sep-2021","753.90","755.15","741.65","745.50","3,515,903"
"08-Sep-2021","748.80","753.00","738.25","746.85","4,036,193"
"09-Sep-2021","745.10","751.00","742.00","749.70","2,829,060"
"13-Sep-2021","748.00","752.65","740.50","745.10","2,514,604"
"14-Sep-2021","747.80","762.75","745.45","755.40","5,615,411"
"15-Sep-2021","758.55","769.80","753.60","765.95","7,039,338"
"16-Sep-2021","769.00","772.75","760.00","769.65","4,625,316"
"17-Sep-2021","773.30","786.00","760.00","767.10","9,701,785"
"20-Sep-2021","759.80","776.00","746.10","748.90","5,570,433"
"21-Sep-2021","754.00","758.80","734.05","749.60","7,766,479"
"22-Sep-2021","750.00","759.60","742.00","745.30","4,343,365"
"23-Sep-2021","754.40","760.00","750.55","754.50","3,526,253"
"24-Sep-2021","756.00","764.90","743.00","744.80","4,445,517"
"27-Sep-2021","749.70","753.80","736.40","750.25","3,803,939"
"28-Sep-2021","754.00","756.90","733.00","738.70","3,748,173"
"29-Sep-2021","737.65","747.85","736.00","742.00","2,734,053"
"30-Sep-2021","745.80","756.50","736.00","737.90","4,356,469"
"01-Oct-2021","735.85","738.25","722.00","734.95","4,008,108"
"04-Oct-2021","738.85","747.50","736.05","744.20","3,414,151"
"05-Oct-2021","744.15","753.80","742.00","743.95","3,270,764"
"06-Oct-2021","747.70","749.00","721.85","724.00","3,615,568"
"07-Oct-2021","730.00","738.80","726.55","736.15","3,237,419"
"08-Oct-2021","739.70","747.00","733.50","739.90","2,878,232"
"11-Oct-2021","743.90","746.00","736.50","737.45","2,118,247"
"12-Oct-2021","737.65","740.95","728.85","736.90","2,152,513"
"13-Oct-2021","740.60","764.60","739.10","759.00","9,083,125"
"14-Oct-2021","766.10","817.70","764.25","812.80","19,754,735"
"18-Oct-2021","820.90","829.90","807.00","810.55","8,883,845"
"19-Oct-2021","815.00","820.00","785.00","792.25","5,543,852"
"20-Oct-2021","792.00","802.90","777.50","794.90","5,467,049"
"21-Oct-2021","799.00","802.90","775.30","779.35","4,607,499"
"22-Oct-2021","780.30","787.30","753.90","761.80","3,860,760"
"25-Oct-2021","765.00","765.55","738.55","752.05","2,973,109"
"26-Oct-2021","752.00","758.55","740.05","749.90","3,093,933"
"27-Oct-2021","753.65","756.55","743.65","745.85","3,246,881"
"28-Oct-2021","724.35","734.50","681.15","688.10","18,160,551"
"29-Oct-2021","697.00","709.60","687.00","693.00","7,612,968"
"01-Nov-2021","705.00","707.00","690.00","704.40","3,233,662"
"02-Nov-2021","707.00","715.00","700.65","702.35","3,028,354"
"03-Nov-2021","702.00","719.80","702.00","709.20","3,036,191"
"04-Nov-2021","713.00","716.45","713.00","713.70","453,287"
"08-Nov-2021","717.00","735.10","709.10","730.45","3,227,351"
"09-Nov-2021","731.00","744.50","727.80","737.35","3,456,614"
"10-Nov-2021","736.40","745.05","730.10","737.90","2,751,881"
"11-Nov-2021","734.95","741.55","728.50","735.10","2,325,810"
"12-Nov-2021","737.70","755.50","734.25","750.30","4,585,484"
"15-Nov-2021","753.90","756.50","740.55","749.80","2,434,426"
"16-Nov-2021","752.70","761.70","743.45","746.45","3,378,779"
"17-Nov-2021","744.40","745.00","733.00","735.55","2,444,025"
"18-Nov-2021","739.45","741.30","716.15","726.05","2,202,581"
"22-Nov-2021","725.00","733.40","704.00","715.00","3,557,560"
"23-Nov-2021","714.00","733.60","705.20","729.25","3,487,221"
"24-Nov-2021","735.65","772.35","732.00","763.05","11,647,665"
"25-Nov-2021","764.80","774.30","755.50","762.45","6,140,941"
"26-Nov-2021","750.00","766.00","713.25","717.15","7,219,931"
"29-Nov-2021","707.00","715.00","682.65","702.60","5,930,351"
"30-Nov-2021","704.00","712.65","679.70","683.85","6,190,734"
"01-Dec-2021","695.00","711.05","682.75","707.95","5,582,125"
"02-Dec-2021","710.00","742.30","702.30","739.10","8,478,638"
"03-Dec-2021","739.00","746.50","734.00","737.45","5,578,503"
"06-Dec-2021","739.00","744.50","721.50","723.45","3,537,411"
"07-Dec-2021","729.00","749.95","725.80","744.70","3,993,342"
"08-Dec-2021","751.20","764.40","748.20","761.40","4,621,331"
"09-Dec-2021","766.70","775.80","760.00","769.75","4,687,479"
"10-Dec-2021","768.85","794.95","763.00","767.70","10,049,545"
"13-Dec-2021","775.00","778.80","750.10","758.45","4,985,928"
"14-Dec-2021","755.90","766.00","750.50","763.70","2,919,015"
"15-Dec-2021","763.70","766.65","742.95","745.50","4,673,906"
"16-Dec-2021","752.00","756.45","739.35","745.15","3,303,620"
"17-Dec-2021","744.50","744.50","721.20","723.95","4,973,404"
"20-Dec-2021","717.00","717.00","685.50","701.70","4,559,002"
"21-Dec-2021","710.00","728.00","701.70","725.60","6,943,546"
"22-Dec-2021","727.00","729.90","717.25","722.85","3,626,585"
"23-Dec-2021","732.80","747.50","728.85","731.30","6,641,505"
"24-Dec-2021","732.50","734.90","713.40","722.40","3,946,754"
"27-Dec-2021","717.00","726.40","713.00","723.20","2,663,285"
"28-Dec-2021","727.10","738.90","725.20","729.25","3,604,123"
"29-Dec-2021","729.00","734.20","720.10","722.75","2,396,416"
"30-Dec-2021","722.90","726.00","716.45","724.25","3,654,532"
"31-Dec-2021","725.00","735.00","725.00","730.30","2,538,092"
"03-Jan-2022","732.00","738.65","730.50","736.60","2,377,227"
"04-Jan-2022","743.00","747.00","732.65","739.25","4,068,551"
"05-Jan-2022","739.00","758.80","734.05","754.90","5,409,002"
"06-Jan-2022","748.90","748.90","730.10","739.80","5,440,633"
"07-Jan-2022","744.70","747.70","730.50","736.10","2,590,751"
"10-Jan-2022","737.10","743.00","734.10","738.85","2,173,107"
"11-Jan-2022","738.65","768.90","728.50","765.10","8,959,781"
"12-Jan-2022","769.50","774.90","754.00","763.55","5,775,798"
"13-Jan-2022","763.00","776.00","760.00","772.20","4,049,411"
"14-Jan-2022","769.00","795.00","763.65","780.10","9,627,761"
"17-Jan-2022","783.50","789.40","773.90","779.05","3,187,871"
"18-Jan-2022","780.00","790.00","760.00","762.95","4,300,929"
"19-Jan-2022","761.75","761.75","736.00","744.20","5,843,870"
"20-Jan-2022","744.00","751.70","735.00","738.00","4,741,333"
"21-Jan-2022","732.00","733.65","714.45","723.90","9,244,367"
"24-Jan-2022","723.90","725.25","689.00","702.45","5,349,759"
"25-Jan-2022","696.00","712.85","690.00","711.10","4,482,325"
"27-Jan-2022","699.80","712.30","691.00","709.10","4,749,083"
"28-Jan-2022","713.00","732.80","707.50","710.15","3,543,413"
"31-Jan-2022","719.70","723.90","714.55","716.30","2,152,066"
"01-Feb-2022","721.00","744.30","720.65","738.75","6,052,108"
"02-Feb-2022","723.90","746.85","721.50","745.20","6,167,378"
"03-Feb-2022","744.05","745.00","729.40","732.50","2,689,612"
"04-Feb-2022","735.00","741.15","724.00","726.95","2,453,595"
"07-Feb-2022","728.80","729.90","713.35","715.15","2,610,637"
"08-Feb-2022","719.00","723.00","703.00","717.80","3,207,780"
"09-Feb-2022","722.00","735.40","719.05","733.45","3,186,942"
"10-Feb-2022","736.90","741.55","728.05","731.05","4,752,601"
"11-Feb-2022","727.90","733.90","719.45","723.70","3,621,116"
"14-Feb-2022","714.80","714.80","691.00","695.75","6,219,506"
"15-Feb-2022","699.70","722.45","690.00","720.60","3,319,096"
"16-Feb-2022","724.90","750.85","722.10","740.75","9,382,605"
"17-Feb-2022","741.10","745.00","731.35","734.20","3,407,347"
"18-Feb-2022","729.90","739.20","725.50","727.50","2,151,557"
"21-Feb-2022","722.70","726.75","709.55","711.10","2,805,791"
"22-Feb-2022","698.00","711.10","685.00","705.55","6,112,926"
"23-Feb-2022","711.00","719.40","705.00","706.70","2,978,284"
"24-Feb-2022","682.00","688.00","651.95","654.85","9,547,717"
"25-Feb-2022","674.50","703.00","670.25","695.15","5,738,223"
"28-Feb-2022","690.00","709.65","684.50","707.50","4,288,186"
"02-Mar-2022","702.95","717.90","697.60","710.30","4,448,558"
"03-Mar-2022","718.80","724.60","703.00","706.70","7,533,817"
"04-Mar-2022","699.90","710.70","689.05","700.15","7,941,457"
"07-Mar-2022","690.00","691.70","663.55","677.80","4,890,958"
"08-Mar-2022","679.65","692.00","670.60","688.85","3,831,397"
"09-Mar-2022","697.00","718.00","692.70","714.10","5,351,552"
"10-Mar-2022","727.90","737.65","720.60","730.40","5,850,213"
"11-Mar-2022","729.50","731.75","722.30","729.45","2,864,685"
"14-Mar-2022","725.95","733.50","724.00","730.55","1,905,433"
"15-Mar-2022","733.00","736.00","716.25","721.30","4,228,582"
"16-Mar-2022","726.00","729.50","721.00","723.80","2,693,057"
"17-Mar-2022","730.50","743.80","729.55","740.10","4,957,379"
"21-Mar-2022","741.00","750.45","725.40","735.15","6,662,688"
"22-Mar-2022","735.00","743.90","723.05","739.15","5,010,054"
"23-Mar-2022","747.95","751.00","731.80","733.75","4,698,808"
"24-Mar-2022","733.00","742.30","731.00","733.45","2,914,647"
"25-Mar-2022","737.00","746.90","730.05","743.25","4,003,497"
"28-Mar-2022","747.00","749.70","726.55","737.00","5,691,095"
"29-Mar-2022","741.00","766.90","738.05","761.95","11,423,551"
"30-Mar-2022","768.80","775.95","762.10","767.40","6,913,983"
"31-Mar-2022","767.40","781.00","765.50","774.20","5,468,951"
"01-Apr-2022","774.50","790.70","774.50","785.75","6,816,743"
"04-Apr-2022","791.00","822.15","783.65","818.55","13,743,062"
"05-Apr-2022","840.00","860.90","826.00","848.05","21,090,646"
"06-Apr-2022","852.95","862.65","840.00","849.85","8,785,541"
"07-Apr-2022","850.00","866.00","813.60","817.40","11,662,093"
"08-Apr-2022","823.00","844.80","817.40","839.30","5,777,924"
"11-Apr-2022","840.00","860.00","839.30","854.55","6,030,153"
"12-Apr-2022","853.90","859.00","835.00","844.90","5,597,246"
"13-Apr-2022","849.90","854.90","836.50","840.50","2,955,807"
"18-Apr-2022","831.35","846.75","821.40","842.70","3,969,878"
"19-Apr-2022","849.00","850.25","807.00","819.30","4,472,320"
"20-Apr-2022","825.60","835.95","820.00","827.65","3,071,216"
"21-Apr-2022","833.00","858.90","832.30","850.50","5,539,106"
"22-Apr-2022","847.45","886.00","840.70","874.15","17,864,000"
"25-Apr-2022","873.95","880.95","848.65","859.55","10,145,325"
"26-Apr-2022","868.00","913.00","865.40","909.50","21,010,788"
"27-Apr-2022","914.05","924.65","880.00","887.30","20,793,885"
"28-Apr-2022","899.00","900.25","876.80","887.10","8,778,304"
"29-Apr-2022","892.70","898.90","852.10","856.40","11,543,840"
"02-May-2022","850.00","862.85","838.05","856.55","5,760,499"
"04-May-2022","860.50","864.20","805.80","812.80","7,969,164"
"05-May-2022","820.90","835.50","806.00","811.35","6,597,383"
"06-May-2022","797.90","820.95","790.20","811.40","6,150,326"
"09-May-2022","807.45","807.45","783.00","792.60","4,768,026"
"10-May-2022","795.20","803.95","765.05","769.10","5,344,522"
"11-May-2022","771.00","784.95","749.05","759.90","8,985,117"
"12-May-2022","759.00","759.00","705.30","713.30","10,570,456"
"13-May-2022","727.00","735.90","701.80","705.90","7,247,809"
"16-May-2022","715.00","728.15","704.00","712.50","5,606,071"
"17-May-2022","720.00","747.30","715.35","744.75","4,430,294"
"18-May-2022","752.65","767.20","742.00","759.80","9,020,504"
"19-May-2022","744.00","747.35","730.00","732.80","4,445,667"
"20-May-2022","749.95","772.80","745.10","767.55","5,434,279"
"23-May-2022","774.85","779.90","751.25","753.55","4,787,481"
"24-May-2022","756.60","764.80","747.50","752.15","4,653,281"
"25-May-2022","735.00","743.95","705.40","707.90","7,699,306"
"26-May-2022","712.00","719.30","668.15","701.50","13,569,693"
"27-May-2022","714.10","714.10","697.00","703.10","5,815,428"
"30-May-2022","714.00","737.00","710.00","734.70","5,546,106"
"31-May-2022","731.10","749.00","728.00","739.85","6,346,866"
"01-Jun-2022","739.80","743.70","729.05","736.90","3,196,984"
"02-Jun-2022","737.00","751.90","730.25","748.45","3,536,560"
"03-Jun-2022","758.00","758.50","738.75","739.90","2,960,614"
"06-Jun-2022","738.50","745.00","725.30","741.25","2,753,267"
"07-Jun-2022","739.00","742.50","713.40","734.55","2,488,075"
"08-Jun-2022","735.55","740.00","725.35","728.60","2,839,931"
"09-Jun-2022","726.00","737.00","723.10","735.50","2,604,731"
"10-Jun-2022","726.00","732.15","718.20","726.40","3,377,686"
"13-Jun-2022","711.00","714.70","688.80","695.25","4,535,069"
"14-Jun-2022","695.40","721.80","693.55","704.70","6,144,330"
"15-Jun-2022","710.90","713.30","701.60","703.75","2,447,673"
"16-Jun-2022","711.95","717.10","677.00","681.70","4,301,251"
"17-Jun-2022","677.00","689.45","663.00","668.95","6,103,963"
"20-Jun-2022","671.00","673.90","653.10","663.15","3,507,676"
"21-Jun-2022","670.50","691.55","667.10","689.10","3,313,116"
"22-Jun-2022","684.90","687.85","665.55","668.30","2,964,156"
"23-Jun-2022","672.70","683.30","666.20","675.30","2,762,533"
"24-Jun-2022","683.00","687.95","677.10","686.40","2,740,927"
"27-Jun-2022","698.00","698.70","684.90","687.75","2,711,512"
"28-Jun-2022","681.00","683.80","670.25","678.05","4,596,840"
"29-Jun-2022","675.00","684.40","667.00","677.80","3,332,554"
"30-Jun-2022","680.55","685.90","666.60","672.05","3,502,799"
"01-Jul-2022","670.00","680.00","656.00","677.90","3,151,179"
"04-Jul-2022","679.85","684.30","673.10","682.00","1,874,921"
"05-Jul-2022","686.45","694.20","676.95","678.75","2,472,875"
"06-Jul-2022","678.00","696.30","677.15","694.35","2,634,839"
"07-Jul-2022","701.00","707.00","695.00","703.60","2,896,584"
"08-Jul-2022","709.90","717.75","706.55","715.70","3,880,791"
"11-Jul-2022","715.00","732.00","713.05","729.20","3,814,715"
"12-Jul-2022","729.00","742.90","726.35","731.90","5,846,548"
"13-Jul-2022","737.05","739.00","724.35","726.75","2,373,553"
"14-Jul-2022","729.00","730.80","716.55","724.45","2,859,869"
"15-Jul-2022","737.70","738.45","726.10","730.90","4,127,381"
"18-Jul-2022","736.95","742.50","732.60","739.75","2,403,691"
"19-Jul-2022","736.95","751.80","734.05","749.00","2,864,129"
"20-Jul-2022","756.95","756.95","741.90","743.55","2,176,017"
"21-Jul-2022","747.70","756.90","741.20","754.25","2,639,283"
"22-Jul-2022","757.65","764.95","751.55","754.25","2,854,708"
"25-Jul-2022","757.00","757.25","746.05","749.95","1,592,179"
"26-Jul-2022","749.90","753.50","745.00","749.10","1,803,260"
"27-Jul-2022","748.70","762.20","747.05","760.65","2,539,587"
"28-Jul-2022","763.65","768.60","757.65","764.50","2,696,358"
"29-Jul-2022","769.00","775.65","758.85","763.70","3,182,798"
"01-Aug-2022","770.00","804.00","765.05","801.25","6,459,641"
"02-Aug-2022","800.85","810.40","795.00","802.30","4,393,310"
"03-Aug-2022","802.80","809.90","795.35","807.20","3,326,267"
"04-Aug-2022","811.05","820.50","796.50","807.25","4,641,779"
"05-Aug-2022","811.10","818.70","805.50","810.25","2,807,602"
"08-Aug-2022","812.90","823.00","795.35","801.65","7,519,923"
"10-Aug-2022","803.00","808.00","778.30","790.55","5,541,103"
"11-Aug-2022","794.70","799.90","788.30","792.75","2,140,171"
"12-Aug-2022","793.50","799.70","785.50","788.35","2,281,608"
"16-Aug-2022","792.30","826.00","791.15","824.15","6,820,860"
"17-Aug-2022","827.35","831.95","821.15","824.75","3,694,850"
"18-Aug-2022","824.75","836.45","820.45","833.05","3,836,669"
"19-Aug-2022","837.25","883.90","833.95","871.80","24,506,694"
"22-Aug-2022","876.20","891.90","837.35","840.25","14,693,558"
"23-Aug-2022","835.80","857.20","806.10","832.50","13,515,300"
"24-Aug-2022","830.25","838.15","817.10","836.30","6,558,722"
"25-Aug-2022","840.50","842.35","812.30","816.00","6,287,921"
"26-Aug-2022","821.00","845.00","817.65","837.70","8,513,113"
"29-Aug-2022","815.10","844.60","815.00","836.40","6,652,807"
"30-Aug-2022","844.00","860.60","838.70","842.15","9,490,984"
"01-Sep-2022","841.80","846.55","831.35","837.80","3,888,408"
"02-Sep-2022","842.00","860.90","838.05","851.95","8,840,020"
"05-Sep-2022","854.95","864.90","848.20","850.90","5,434,684"
"06-Sep-2022","854.70","858.55","844.05","850.35","3,380,947"
"07-Sep-2022","847.00","878.75","845.10","874.90","8,930,248"
"08-Sep-2022","880.60","888.40","867.00","885.05","7,943,521"
"09-Sep-2022","888.80","925.00","887.00","906.85","18,369,177"
"12-Sep-2022","914.70","942.00","911.00","938.50","12,571,292"
"13-Sep-2022","946.00","953.90","933.00","948.80","9,651,873"
"14-Sep-2022","941.00","958.80","939.00","947.85","8,500,355"
"15-Sep-2022","955.00","972.70","950.40","968.55","8,703,534"
"16-Sep-2022","970.25","976.45","926.15","938.20","10,712,402"
"19-Sep-2022","942.90","972.60","935.30","959.60","7,922,869"
"20-Sep-2022","974.20","987.85","967.00","970.25","7,539,047"
"21-Sep-2022","974.00","976.10","917.10","932.90","13,178,269"
"22-Sep-2022","933.90","953.50","928.05","946.65","8,855,564"
"23-Sep-2022","950.00","950.85","910.15","913.80","6,646,619"
"26-Sep-2022","909.00","909.90","855.25","863.40","9,880,236"
"27-Sep-2022","861.00","875.00","833.80","844.20","11,598,728"
"28-Sep-2022","835.90","847.00","823.35","827.10","7,040,943"
"29-Sep-2022","839.00","847.50","813.05","816.40","7,476,709"
"30-Sep-2022","822.50","830.45","801.00","820.65","10,406,215"
"03-Oct-2022","821.00","834.40","773.15","784.40","12,903,551"
"04-Oct-2022","804.00","826.30","790.10","823.05","10,445,528"
"06-Oct-2022","832.90","835.00","822.30","824.10","6,175,752"
"07-Oct-2022","821.00","826.00","806.35","816.90","6,086,925"
"10-Oct-2022","807.50","813.95","799.00","808.10","4,642,360"
"11-Oct-2022","814.00","820.60","795.25","797.35","6,193,388"
"12-Oct-2022","801.00","806.50","786.35","803.90","5,628,537"
"13-Oct-2022","807.00","811.75","777.00","784.75","7,491,563"
"14-Oct-2022","804.00","806.60","778.25","780.10","4,562,526"
"17-Oct-2022","782.10","789.95","771.65","786.20","4,602,870"
"18-Oct-2022","791.45","815.00","790.50","809.95","7,372,253"
"19-Oct-2022","814.00","823.45","801.15","805.05","5,222,275"
"20-Oct-2022","801.00","822.25","795.05","820.05","4,481,441"
"21-Oct-2022","824.20","824.20","799.40","801.65","5,266,210"
"24-Oct-2022","808.00","810.00","802.00","805.50","665,021"
"25-Oct-2022","806.70","812.75","797.10","800.35","4,485,050"
"27-Oct-2022","805.00","824.00","795.00","821.25","7,110,289"
"28-Oct-2022","824.00","834.80","817.30","820.30","6,898,541"
"31-Oct-2022","824.00","831.00","819.50","823.55","4,487,537"
"01-Nov-2022","827.70","844.90","823.55","841.80","7,769,108"
"02-Nov-2022","850.00","850.00","829.00","833.40","11,859,603"
"03-Nov-2022","825.00","837.80","823.50","833.85","6,632,872"
"04-Nov-2022","837.00","867.00","832.00","862.90","11,128,361"
"07-Nov-2022","867.20","869.00","845.55","853.00","7,995,787"
"09-Nov-2022","859.50","901.00","859.00","890.80","20,088,415"
"10-Nov-2022","894.00","898.00","876.30","893.45","9,906,420"
"11-Nov-2022","905.00","907.80","890.80","894.50","8,777,095"
"14-Nov-2022","895.00","907.50","885.00","895.05","7,653,024"
"15-Nov-2022","898.90","915.50","895.00","906.90","10,675,723"
"16-Nov-2022","915.00","916.00","874.40","887.35","11,504,802"
"17-Nov-2022","886.00","897.70","880.50","890.85","5,190,475"
"18-Nov-2022","892.05","894.90","879.60","888.90","5,384,458"
"21-Nov-2022","885.00","888.00","869.00","871.60","6,108,453"
"22-Nov-2022","871.60","885.75","870.50","882.45","5,466,001"
"23-Nov-2022","885.45","887.50","866.65","873.60","5,319,949"
"24-Nov-2022","873.90","882.50","868.30","876.65","5,111,180"
"25-Nov-2022","877.00","881.00","872.10","879.60","5,079,099"
"28-Nov-2022","876.00","885.25","873.50","878.60","4,168,244"
"29-Nov-2022","878.00","891.80","874.65","878.20","3,663,099"
"30-Nov-2022","878.90","884.15","873.30","881.00","3,797,377"
"01-Dec-2022","884.75","896.50","882.00","890.55","4,491,806"
"02-Dec-2022","894.00","903.60","884.25","888.20","6,279,538"
"05-Dec-2022","891.60","896.50","878.55","893.15","3,966,501"
"06-Dec-2022","893.80","902.30","886.00","896.45","4,836,193"
"07-Dec-2022","897.80","902.50","884.80","886.75","2,867,882"
"08-Dec-2022","888.00","898.50","887.35","892.90","2,822,061"
"09-Dec-2022","896.05","912.00","882.20","890.75","6,979,639"
"12-Dec-2022","892.05","894.85","878.55","881.30","3,412,185"
"13-Dec-2022","884.95","898.00","881.30","894.80","3,821,073"
"14-Dec-2022","897.20","908.50","891.65","900.55","4,930,906"
"15-Dec-2022","900.25","906.95","880.35","883.95","3,679,459"
"16-Dec-2022","882.95","890.95","854.40","860.45","7,791,763"
"19-Dec-2022","860.45","896.00","859.60","892.85","5,205,837"
"20-Dec-2022","894.10","895.30","871.30","884.25","4,023,275"
"21-Dec-2022","887.00","893.00","851.55","857.65","4,660,583"
"22-Dec-2022","864.70","874.30","845.55","856.90","5,517,570"
"23-Dec-2022","853.00","853.95","790.20","794.10","9,112,806"
"26-Dec-2022","798.00","812.00","785.30","806.05","7,205,540"
"27-Dec-2022","810.10","821.20","798.10","817.15","4,872,234"
"28-Dec-2022","815.75","817.00","808.80","810.35","3,624,974"
"29-Dec-2022","807.00","822.50","799.55","819.55","5,308,353"
"30-Dec-2022","822.45","826.75","815.60","818.10","3,252,956"
"02-Jan-2023","823.00","826.75","816.30","822.30","2,042,294"
"03-Jan-2023","822.25","826.40","817.80","820.45","2,166,531"
"04-Jan-2023","820.80","822.00","806.50","810.00","3,260,112"
"05-Jan-2023","814.05","821.60","797.00","819.60","3,119,740"
"06-Jan-2023","819.90","824.40","803.50","806.10","2,892,006"
"09-Jan-2023","810.45","820.25","809.10","816.65","2,040,072"
"10-Jan-2023","817.00","820.65","781.10","796.40","4,545,808"
"11-Jan-2023","800.00","803.10","789.05","796.45","3,618,663"
"12-Jan-2023","796.70","799.45","786.10","792.95","2,670,641"
"13-Jan-2023","795.60","800.25","786.00","794.65","4,059,998"
"16-Jan-2023","797.00","797.50","784.40","787.05","3,601,251"
"17-Jan-2023","788.35","791.45","778.10","784.75","2,948,618"
"18-Jan-2023","784.00","795.85","776.60","786.50","5,585,785"
"19-Jan-2023","783.95","783.95","771.75","776.05","5,086,667"
"20-Jan-2023","776.00","786.60","772.45","774.45","3,328,697"
"23-Jan-2023","778.35","778.35","762.40","769.05","4,283,589"
"24-Jan-2023","769.15","774.00","758.00","761.20","3,011,438"
"25-Jan-2023","753.00","756.90","706.00","713.15","17,085,455"
"27-Jan-2023","699.00","699.85","537.00","596.95","64,194,046"
"30-Jan-2023","620.00","656.60","566.95","597.00","58,256,575"
"31-Jan-2023","600.00","626.90","588.10","612.65","33,272,489"
"01-Feb-2023","627.00","629.00","459.50","495.15","46,557,720"
"02-Feb-2023","510.00","534.00","424.05","462.45","115,517,458"
"03-Feb-2023","459.00","507.00","395.10","498.85","89,662,866"
"06-Feb-2023","498.00","548.70","476.70","545.45","38,363,919"
"07-Feb-2023","550.00","598.45","543.00","553.15","46,650,736"
"08-Feb-2023","564.00","605.00","563.00","599.25","31,111,885"
"09-Feb-2023","587.25","589.00","546.20","582.30","22,494,005"
"10-Feb-2023","573.60","599.90","560.00","583.95","12,527,188"
"13-Feb-2023","587.90","596.10","537.40","553.70","19,528,545"
"14-Feb-2023","551.00","581.25","538.30","565.10","17,976,429"
"15-Feb-2023","567.80","578.85","561.90","569.05","9,259,895"
"16-Feb-2023","580.00","590.80","573.30","577.20","9,909,820"
"17-Feb-2023","579.00","586.00","569.10","578.65","8,880,620"
"20-Feb-2023","567.30","581.65","560.00","579.70","9,507,162"
"21-Feb-2023","585.00","593.80","579.20","583.20","7,702,230"
"22-Feb-2023","583.50","583.55","540.00","547.10","10,994,235"
"23-Feb-2023","539.50","558.15","533.65","551.85","10,711,597"
"24-Feb-2023","557.00","565.90","543.20","558.90","8,631,548"
"27-Feb-2023","559.00","571.95","553.10","562.00","8,484,384"
"28-Feb-2023","563.00","614.45","551.95","592.45","25,360,275"
"01-Mar-2023","598.00","616.00","594.60","602.10","18,661,166"
"02-Mar-2023","603.95","625.00","585.60","622.90","21,080,489"
"03-Mar-2023","663.00","704.00","650.55","684.65","42,832,968"
"06-Mar-2023","690.00","722.75","681.10","690.75","37,435,406"
"08-Mar-2023","700.00","715.00","682.00","712.05","20,232,587"
"09-Mar-2023","713.90","716.60","686.00","697.25","17,041,388"
"10-Mar-2023","684.80","701.75","680.65","697.80","12,138,642"
"13-Mar-2023","703.70","710.55","677.15","681.20","9,693,337"
"14-Mar-2023","681.20","684.55","638.60","654.50","18,147,337"
"15-Mar-2023","661.55","687.85","657.25","679.35","15,514,873"
"16-Mar-2023","686.90","692.35","675.15","679.60","12,992,236"
"17-Mar-2023","688.50","691.75","671.30","680.35","7,625,895"
"20-Mar-2023","671.00","677.75","659.30","666.75","5,250,369"
"21-Mar-2023","671.50","674.40","661.20","664.80","5,011,027"
"22-Mar-2023","669.90","671.90","654.15","657.15","4,457,720"
"23-Mar-2023","655.00","667.35","652.05","654.95","4,491,324"
"24-Mar-2023","658.20","660.65","633.95","638.00","6,072,701"
"27-Mar-2023","638.00","644.85","625.50","629.10","5,621,870"
"28-Mar-2023","622.60","627.80","571.55","593.40","19,860,622"
"29-Mar-2023","593.35","642.55","590.10","636.65","17,057,169"
"31-Mar-2023","643.90","655.40","627.35","631.90","9,466,910"
"03-Apr-2023","638.55","639.00","622.15","627.80","6,072,184"
"05-Apr-2023","626.90","639.80","625.05","636.75","6,622,367"
"06-Apr-2023","637.00","651.35","631.55","641.60","7,094,042"
"10-Apr-2023","646.00","657.00","643.00","652.00","4,254,629"
"11-Apr-2023","655.00","660.25","647.40","653.95","3,798,770"
"12-Apr-2023","656.00","662.00","650.00","657.75","4,271,203"
"13-Apr-2023","659.70","664.90","653.40","661.65","3,306,659"
"17-Apr-2023","663.00","666.70","658.00","664.70","2,731,225"
"18-Apr-2023","668.00","671.40","651.05","658.55","2,964,854"
"19-Apr-2023","659.00","665.00","654.90","658.40","2,683,546"
"20-Apr-2023","663.00","678.50","661.20","666.10","5,009,410"
"21-Apr-2023","668.00","670.60","658.65","661.60","1,982,614"
"24-Apr-2023","665.10","672.75","656.00","671.30","3,357,178"
"25-Apr-2023","675.00","682.50","668.85","671.45","4,814,190"
"26-Apr-2023","671.00","671.60","662.10","664.70","3,373,385"
"27-Apr-2023","667.90","668.20","657.20","659.75","3,197,568"
"28-Apr-2023","666.20","683.00","662.15","681.30","6,162,262"
"02-May-2023","683.80","685.90","672.60","681.50","5,563,089"
"03-May-2023","675.00","684.85","656.75","669.65","5,645,727"
"04-May-2023","670.00","682.00","667.70","679.75","5,124,811"
"05-May-2023","682.80","693.60","677.50","683.90","5,193,692"
"08-May-2023","684.70","690.65","678.60","685.10","3,671,007"
"09-May-2023","685.10","695.90","684.50","690.50","4,029,312"
"10-May-2023","692.00","692.40","685.55","691.00","1,794,579"
"11-May-2023","694.00","714.00","692.25","708.80","5,979,387"
"12-May-2023","712.00","712.00","695.05","700.00","4,025,355"
"15-May-2023","699.80","701.70","687.50","694.05","2,616,737"
"16-May-2023","694.05","698.80","685.30","687.00","1,403,759"
"17-May-2023","687.25","691.95","682.55","684.60","2,295,396"
"18-May-2023","689.70","689.70","661.30","664.95","4,405,410"
"19-May-2023","664.00","694.15","659.50","688.10","6,340,270"
"22-May-2023","698.90","753.40","693.15","729.70","30,204,070"
"23-May-2023","744.30","785.65","730.00","734.05","39,497,528"
"24-May-2023","739.00","739.00","708.75","718.25","12,809,164"
"25-May-2023","717.00","727.00","705.60","724.50","7,458,008"
"26-May-2023","729.10","730.35","720.60","726.85","4,507,617"
"29-May-2023","731.00","740.00","728.05","737.50","4,302,323"
"30-May-2023","740.00","742.35","727.65","734.05","4,785,799"
"31-May-2023","736.00","749.00","721.30","738.85","13,649,365"
"01-Jun-2023","730.50","744.95","729.00","732.05","3,771,760"
"02-Jun-2023","738.00","744.00","734.00","736.60","5,554,473"
"05-Jun-2023","738.00","744.00","735.00","738.80","5,166,097"
"06-Jun-2023","742.90","747.00","740.00","745.40","5,492,469"
"07-Jun-2023","750.00","751.00","741.95","743.75","2,129,238"
"08-Jun-2023","744.95","749.00","733.00","736.40","2,141,709"
"09-Jun-2023","738.00","742.00","733.00","734.95","1,335,172"
"12-Jun-2023","735.20","746.55","733.55","742.10","4,571,836"
"13-Jun-2023","741.00","742.40","735.05","737.85","3,636,359"
"14-Jun-2023","736.35","742.75","735.80","739.35","3,900,945"
"15-Jun-2023","737.30","748.70","737.00","739.50","6,448,934"
"16-Jun-2023","741.00","749.70","740.80","747.40","6,800,269"
"19-Jun-2023","749.90","749.90","731.00","735.65","5,256,363"
"20-Jun-2023","738.00","742.00","730.20","737.80","6,753,358"
"21-Jun-2023","739.90","753.25","733.30","749.45","9,312,613"
"22-Jun-2023","755.00","758.00","741.00","745.60","10,061,086"
"23-Jun-2023","741.00","741.00","703.00","714.30","15,398,550"
"26-Jun-2023","710.00","726.30","705.10","724.40","5,696,079"
"27-Jun-2023","724.35","730.45","716.00","720.25","6,935,089"
"28-Jun-2023","722.95","759.00","721.80","756.50","17,910,387"
"30-Jun-2023","752.80","759.90","738.00","739.25","6,629,272"
"03-Jul-2023","744.50","747.45","732.70","737.40","2,808,490"
"04-Jul-2023","740.05","751.00","735.00","741.70","3,263,045"
"05-Jul-2023","741.00","746.90","734.05","742.75","2,212,779"
"06-Jul-2023","742.40","745.90","738.20","740.05","1,949,877"
"07-Jul-2023","739.95","740.00","716.20","718.70","4,248,724"
"10-Jul-2023","722.00","730.00","708.00","720.10","5,135,483"
"11-Jul-2023","723.95","732.45","719.05","729.90","2,716,491"
"12-Jul-2023","731.85","732.45","722.00","724.20","1,349,350"
"13-Jul-2023","724.95","729.25","715.00","717.20","1,378,288"
"14-Jul-2023","718.65","727.45","714.70","726.10","2,043,145"
"17-Jul-2023","730.20","742.80","730.10","731.05","2,683,898"
"18-Jul-2023","731.00","747.50","725.60","728.15","4,464,508"
"19-Jul-2023","731.90","735.45","729.00","731.40","1,039,827"
"20-Jul-2023","733.45","735.95","728.10","732.45","1,423,489"
"21-Jul-2023","728.80","735.35","726.30","728.45","1,491,198"
"24-Jul-2023","730.00","740.25","728.45","735.30","1,919,024"
"25-Jul-2023","737.65","752.00","733.15","749.25","3,210,148"
"26-Jul-2023","752.95","765.40","745.00","752.65","5,868,377"
"27-Jul-2023","753.90","758.85","741.90","748.75","2,243,079"
"28-Jul-2023","750.00","760.80","743.10","755.70","3,257,195"
"31-Jul-2023","758.65","780.00","754.40","777.85","5,854,918"
"01-Aug-2023","778.95","781.00","761.60","765.35","2,590,545"
"02-Aug-2023","767.00","773.90","751.55","761.45","3,017,482"
"03-Aug-2023","761.45","779.50","753.40","773.35","4,135,776"
"04-Aug-2023","776.45","779.90","768.75","775.25","2,758,619"
"07-Aug-2023","777.05","794.65","771.20","791.40","4,175,164"
"08-Aug-2023","793.75","805.00","764.30","784.20","11,993,737"
"09-Aug-2023","792.70","806.85","784.00","791.10","7,007,648"
"10-Aug-2023","793.00","819.80","792.00","802.80","8,064,730"
"11-Aug-2023","806.90","810.45","794.25","801.05","9,040,236"
"14-Aug-2023","781.00","794.20","771.10","787.15","17,841,454"
"16-Aug-2023","786.00","786.00","772.45","776.10","11,481,440"
"17-Aug-2023","778.00","813.60","776.85","809.65","14,011,644"
"18-Aug-2023","807.00","849.60","804.30","835.90","22,502,392"
"21-Aug-2023","840.10","864.10","838.50","858.15","17,432,300"
"22-Aug-2023","863.90","869.00","853.35","854.50","8,037,324"
"23-Aug-2023","858.55","862.45","820.10","825.70","4,748,732"
"24-Aug-2023","834.00","844.40","820.20","822.35","4,692,796"
"25-Aug-2023","823.00","830.40","803.50","806.60","4,442,243"
"28-Aug-2023","816.00","824.00","798.50","807.45","5,067,265"
"29-Aug-2023","809.50","830.80","800.05","823.55","5,935,085"
"30-Aug-2023","828.00","833.00","816.60","818.70","8,592,012"
"31-Aug-2023","803.90","810.90","787.70","792.20","9,998,925"
"01-Sep-2023","780.00","808.00","779.65","799.50","11,900,199"
"04-Sep-2023","807.55","811.75","795.55","801.05","12,522,148"
"05-Sep-2023","805.00","810.90","797.50","804.95","10,483,413"
"06-Sep-2023","806.00","808.50","800.45","807.05","6,729,598"
"07-Sep-2023","809.70","812.95","805.05","809.90","9,787,939"
"08-Sep-2023","810.90","828.80","810.15","825.00","11,683,222"
"11-Sep-2023","840.00","887.20","835.00","882.45","20,638,175"
"12-Sep-2023","889.50","889.50","853.05","858.75","8,036,897"
"13-Sep-2023","859.00","867.20","843.15","849.70","7,180,448"
"14-Sep-2023","854.05","857.85","841.00","849.80","6,234,825"
"15-Sep-2023","846.00","854.60","841.50","845.65","4,013,431"
"18-Sep-2023","848.05","848.05","828.15","831.25","2,801,202"
"20-Sep-2023","832.00","837.60","815.00","818.05","3,016,411"
"21-Sep-2023","821.15","842.40","820.00","831.10","6,437,320"
"22-Sep-2023","833.90","838.70","822.10","827.05","3,156,509"
"25-Sep-2023","828.70","831.70","818.95","825.65","2,395,763"
"26-Sep-2023","826.10","831.00","819.00","821.35","1,569,635"
"27-Sep-2023","825.80","833.00","821.50","830.70","2,463,842"
"28-Sep-2023","833.25","841.35","819.15","823.10","5,057,959"
"29-Sep-2023","826.50","832.50","822.30","825.15","1,468,496"
"03-Oct-2023","826.00","836.75","824.25","831.40","2,453,090"
"04-Oct-2023","830.95","845.45","819.35","824.60","4,096,647"
"05-Oct-2023","830.85","832.00","820.25","825.20","2,083,505"
"06-Oct-2023","830.00","836.50","826.40","830.75","1,877,058"
"09-Oct-2023","815.00","818.80","785.00","790.05","5,994,282"
"10-Oct-2023","800.55","823.70","800.55","819.50","7,591,327"
"11-Oct-2023","827.40","827.40","812.35","814.85","3,281,387"
"12-Oct-2023","818.55","823.25","812.55","814.95","2,563,606"
"13-Oct-2023","812.00","824.80","805.85","813.75","3,801,000"
"16-Oct-2023","818.50","818.50","803.25","805.65","2,664,794"
"17-Oct-2023","812.00","814.40","804.00","805.10","2,162,192"
"18-Oct-2023","808.95","809.05","795.40","798.60","2,271,927"
"19-Oct-2023","796.75","797.30","787.45","792.85","2,862,500"
"20-Oct-2023","791.80","803.00","788.65","793.65","2,434,862"
"23-Oct-2023","793.65","795.80","769.90","771.45","2,002,377"
"25-Oct-2023","772.50","783.35","761.05","769.10","2,581,498"
"26-Oct-2023","764.00","771.80","754.50","770.35","3,855,358"
"27-Oct-2023","774.90","786.40","773.05","782.40","2,995,404"
"30-Oct-2023","785.90","794.40","779.80","785.00","3,522,068"
"31-Oct-2023","789.80","791.10","782.50","784.75","2,825,760"
"01-Nov-2023","784.75","790.50","767.20","769.10","2,693,768"
"02-Nov-2023","776.90","783.50","772.05","774.30","1,741,799"
"03-Nov-2023","780.00","798.80","777.30","795.40","4,310,765"
"06-Nov-2023","801.50","806.25","799.30","802.50","2,270,316"
"07-Nov-2023","803.00","808.40","796.00","797.55","2,394,891"
"08-Nov-2023","802.00","823.80","800.05","818.70","5,123,208"
"09-Nov-2023","825.00","827.70","798.10","806.20","4,982,049"
"10-Nov-2023","808.00","818.80","806.20","808.60","3,903,183"
"12-Nov-2023","816.70","816.70","811.00","812.25","265,239"
"13-Nov-2023","810.00","828.00","807.50","809.85","1,050,882"
"15-Nov-2023","818.00","818.00","809.05","810.75","1,694,698"
"16-Nov-2023","814.40","818.40","808.10","813.60","1,689,762"
"17-Nov-2023","811.70","821.95","809.05","810.05","3,218,979"
"20-Nov-2023","810.05","816.00","801.10","803.60","3,227,659"
"21-Nov-2023","805.00","814.90","799.30","801.35","3,643,664"
"22-Nov-2023","804.00","804.95","788.55","791.90","3,212,329"
"23-Nov-2023","795.00","804.70","791.45","793.10","3,776,615"
"24-Nov-2023","795.90","802.95","785.00","795.55","4,421,350"
"28-Nov-2023","806.00","854.40","806.00","837.70","15,929,818"
"29-Nov-2023","850.00","850.00","833.30","835.55","8,057,644"
"30-Nov-2023","839.00","839.00","823.00","825.50","5,998,210"
"01-Dec-2023","839.20","839.20","825.50","827.80","2,932,775"
"04-Dec-2023","865.00","883.35","858.50","878.65","11,064,795"
"05-Dec-2023","884.00","1,024.30","880.00","1,013.10","46,564,412"
"06-Dec-2023","1,045.00","1,082.50","1,008.10","1,017.95","41,008,947"
"07-Dec-2023","1,029.00","1,058.75","1,021.65","1,039.65","14,840,081"
"08-Dec-2023","1,048.00","1,055.00","992.30","1,022.95","12,202,462"
"11-Dec-2023","1,026.80","1,048.00","1,015.65","1,031.90","7,889,666"
"12-Dec-2023","1,037.05","1,048.45","1,023.25","1,041.95","4,902,289"
"13-Dec-2023","1,045.00","1,075.00","1,028.80","1,063.50","8,151,639"
"14-Dec-2023","1,080.00","1,089.90","1,063.00","1,074.70","8,004,131"
"15-Dec-2023","1,079.00","1,086.50","1,067.05","1,078.55","11,672,787"
"18-Dec-2023","1,079.00","1,102.40","1,072.75","1,094.30","5,448,342"
"19-Dec-2023","1,095.00","1,099.00","1,068.60","1,074.00","5,993,252"
"20-Dec-2023","1,078.00","1,083.85","1,005.00","1,012.15","8,467,564"
"21-Dec-2023","996.15","1,028.00","989.25","1,018.95","5,352,057"
"22-Dec-2023","1,034.00","1,050.95","1,019.00","1,027.50","5,252,106"
"26-Dec-2023","1,034.10","1,041.00","1,026.10","1,028.75","2,176,775"
"27-Dec-2023","1,037.00","1,037.05","1,018.00","1,024.40","2,803,997"
"28-Dec-2023","1,029.55","1,031.20","1,014.65","1,016.95","4,865,603"
"29-Dec-2023","1,021.80","1,034.90","1,017.60","1,024.35","2,429,250"
"01-Jan-2024","1,026.55","1,057.95","1,023.00","1,047.85","3,989,711"
"02-Jan-2024","1,047.85","1,082.90","1,031.10","1,078.40","6,344,621"
"03-Jan-2024","1,105.00","1,144.00","1,062.75","1,094.25","33,060,778"
"04-Jan-2024","1,117.00","1,131.00","1,103.55","1,123.20","9,771,995"
"05-Jan-2024","1,129.10","1,160.00","1,125.40","1,154.25","10,622,789"
"08-Jan-2024","1,160.00","1,182.00","1,152.00","1,168.85","8,760,094"
"09-Jan-2024","1,182.00","1,229.90","1,178.50","1,197.10","14,701,104"
"10-Jan-2024","1,220.00","1,220.00","1,197.00","1,214.35","7,036,728"
"11-Jan-2024","1,221.00","1,223.60","1,200.00","1,202.95","3,721,202"
"12-Jan-2024","1,210.40","1,218.75","1,201.05","1,207.10","3,912,779"
"15-Jan-2024","1,214.00","1,215.35","1,189.10","1,203.10","2,825,654"
"16-Jan-2024","1,203.60","1,212.00","1,186.80","1,193.35","3,173,587"
"17-Jan-2024","1,180.00","1,204.70","1,159.45","1,166.85","5,268,593"
"18-Jan-2024","1,171.05","1,184.30","1,143.45","1,154.05","5,918,594"
"19-Jan-2024","1,162.25","1,166.80","1,150.00","1,152.45","2,732,559"
"20-Jan-2024","1,158.90","1,198.75","1,150.00","1,193.00","2,521,107"
"23-Jan-2024","1,199.15","1,207.20","1,130.25","1,137.10","7,201,014"
"24-Jan-2024","1,138.00","1,146.75","1,118.35","1,120.60","18,373,913"
"25-Jan-2024","1,122.15","1,155.75","1,111.60","1,146.30","4,305,042"
"29-Jan-2024","1,155.00","1,204.90","1,151.00","1,196.65","6,768,033"
"30-Jan-2024","1,200.00","1,217.20","1,181.00","1,187.35","4,683,729"
"31-Jan-2024","1,195.80","1,214.25","1,191.65","1,207.65","5,510,242"
"01-Feb-2024","1,213.60","1,239.50","1,200.30","1,218.85","7,433,628"
"02-Feb-2024","1,233.05","1,287.50","1,231.70","1,261.45","10,450,227"
"05-Feb-2024","1,269.50","1,291.25","1,248.85","1,258.55","5,611,298"
"06-Feb-2024","1,266.00","1,284.60","1,248.85","1,273.10","4,408,002"
"07-Feb-2024","1,280.00","1,286.35","1,252.15","1,255.65","3,359,763"
"08-Feb-2024","1,264.05","1,264.50","1,236.75","1,245.20","3,354,609"
"09-Feb-2024","1,252.60","1,275.50","1,232.10","1,271.50","3,538,164"
"12-Feb-2024","1,278.00","1,279.75","1,243.90","1,249.35","2,204,823"
"13-Feb-2024","1,249.95","1,271.00","1,226.65","1,264.80","2,245,009"
"14-Feb-2024","1,261.95","1,281.55","1,248.65","1,267.85","3,382,943"
"15-Feb-2024","1,275.00","1,277.55","1,262.10","1,267.05","3,382,824"
"16-Feb-2024","1,269.80","1,311.00","1,265.55","1,306.85","5,476,230"
"19-Feb-2024","1,313.40","1,327.00","1,302.15","1,307.00","2,700,240"
"20-Feb-2024","1,311.00","1,312.90","1,293.70","1,300.50","1,856,718"
"21-Feb-2024","1,304.80","1,315.00","1,281.45","1,291.00","2,770,510"
"22-Feb-2024","1,296.00","1,317.00","1,281.00","1,310.95","2,556,009"
"23-Feb-2024","1,312.05","1,332.00","1,298.00","1,320.70","2,924,829"
"26-Feb-2024","1,320.00","1,343.00","1,316.75","1,338.15","2,802,425"
"27-Feb-2024","1,336.85","1,339.20","1,314.25","1,329.45","2,197,456"
"28-Feb-2024","1,334.50","1,334.90","1,295.15","1,299.50","2,121,625"
"29-Feb-2024","1,300.00","1,329.90","1,293.05","1,320.50","2,672,239"
"01-Mar-2024","1,335.00","1,349.00","1,312.40","1,322.10","3,301,090"
"02-Mar-2024","1,326.90","1,346.90","1,325.00","1,338.30","386,697"
"04-Mar-2024","1,345.25","1,356.55","1,336.40","1,342.60","2,170,214"
"05-Mar-2024","1,344.05","1,354.95","1,334.00","1,338.30","1,815,438"
"06-Mar-2024","1,342.70","1,344.60","1,304.00","1,324.80","2,758,443"
"07-Mar-2024","1,329.80","1,335.35","1,315.00","1,325.45","1,640,786"
"11-Mar-2024","1,331.00","1,342.35","1,322.05","1,326.95","2,217,673"
"12-Mar-2024","1,335.00","1,346.95","1,293.45","1,301.30","3,139,768"
"13-Mar-2024","1,307.00","1,308.00","1,188.10","1,209.55","8,670,336"
"14-Mar-2024","1,210.00","1,276.00","1,195.70","1,267.85","7,195,603"
"15-Mar-2024","1,273.80","1,288.85","1,256.65","1,283.00","4,024,586"
"18-Mar-2024","1,250.00","1,270.05","1,227.25","1,266.60","4,858,444"
"19-Mar-2024","1,271.05","1,272.85","1,237.25","1,241.20","2,311,324"
"20-Mar-2024","1,248.00","1,252.95","1,230.20","1,245.40","2,772,098"
"21-Mar-2024","1,260.00","1,268.70","1,251.30","1,262.45","3,155,563"
"22-Mar-2024","1,262.45","1,289.10","1,255.05","1,281.60","3,076,926"
"26-Mar-2024","1,281.60","1,314.00","1,281.00","1,304.20","3,610,644"
"27-Mar-2024","1,315.00","1,343.00","1,312.10","1,322.80","4,938,400"
"28-Mar-2024","1,334.00","1,358.70","1,314.00","1,341.85","4,188,741"
"01-Apr-2024","1,356.80","1,381.75","1,350.25","1,375.90","3,251,462"
"02-Apr-2024","1,397.80","1,424.95","1,388.20","1,404.15","5,769,001"
"03-Apr-2024","1,399.85","1,402.00","1,389.20","1,397.20","2,727,582"
"04-Apr-2024","1,408.60","1,408.60","1,362.25","1,366.85","4,197,697"
"05-Apr-2024","1,367.00","1,381.90","1,357.35","1,375.55","1,853,120"
"08-Apr-2024","1,381.95","1,381.95","1,337.00","1,348.65","14,038,860"
"09-Apr-2024","1,356.15","1,364.90","1,346.10","1,356.50","1,935,801"
"10-Apr-2024","1,359.00","1,359.90","1,348.20","1,352.30","3,984,001"
"12-Apr-2024","1,350.00","1,358.40","1,341.00","1,344.20","2,183,230"
"15-Apr-2024","1,320.00","1,335.00","1,308.60","1,315.55","3,372,368"
"16-Apr-2024","1,302.00","1,322.00","1,294.40","1,304.35","2,696,593"
"18-Apr-2024","1,315.95","1,336.50","1,291.00","1,295.55","6,219,274"
"19-Apr-2024","1,280.00","1,316.00","1,270.00","1,310.00","3,899,281"
"22-Apr-2024","1,321.10","1,331.00","1,315.00","1,321.10","8,903,130"
"23-Apr-2024","1,321.10","1,338.55","1,318.90","1,322.10","3,847,872"
"24-Apr-2024","1,331.00","1,332.90","1,318.05","1,320.50","2,553,035"
"25-Apr-2024","1,320.50","1,336.95","1,316.80","1,330.55","6,097,087"
"26-Apr-2024","1,340.00","1,341.60","1,321.10","1,324.60","2,565,490"
"29-Apr-2024","1,334.30","1,335.75","1,307.00","1,317.25","2,191,564"
"30-Apr-2024","1,323.55","1,334.65","1,316.25","1,324.90","2,321,071"
"02-May-2024","1,333.95","1,348.70","1,306.55","1,338.80","7,991,511"
"03-May-2024","1,353.00","1,354.00","1,310.45","1,320.30","3,528,822"
"06-May-2024","1,322.50","1,322.50","1,257.00","1,289.95","4,000,668"
"07-May-2024","1,291.10","1,301.15","1,265.00","1,287.65","3,474,340"
"08-May-2024","1,293.35","1,293.70","1,269.05","1,277.25","1,627,418"
"09-May-2024","1,279.00","1,285.80","1,240.00","1,244.55","2,591,646"
"10-May-2024","1,250.00","1,278.70","1,245.75","1,266.75","2,022,402"
"13-May-2024","1,267.00","1,313.00","1,261.65","1,306.40","2,495,810"
"14-May-2024","1,306.40","1,339.90","1,285.25","1,331.25","2,989,543"
"15-May-2024","1,337.85","1,353.95","1,333.00","1,337.85","2,189,768"
"16-May-2024","1,352.20","1,366.75","1,310.50","1,345.05","4,822,618"
"17-May-2024","1,330.00","1,343.30","1,321.15","1,335.70","1,945,123"
"18-May-2024","1,342.00","1,345.20","1,335.10","1,340.20","192,526"
"21-May-2024","1,344.00","1,398.80","1,333.00","1,385.50","4,200,578"
"22-May-2024","1,394.35","1,394.35","1,364.20","1,378.20","1,878,562"
"23-May-2024","1,384.00","1,448.80","1,369.90","1,443.35","7,821,034"
"24-May-2024","1,435.00","1,444.95","1,382.15","1,416.10","19,100,263"
"27-May-2024","1,445.00","1,457.05","1,423.60","1,431.65","5,517,078"
"28-May-2024","1,438.00","1,438.00","1,398.00","1,400.50","4,070,886"
"29-May-2024","1,406.00","1,427.85","1,382.90","1,410.00","3,214,475"
"30-May-2024","1,410.00","1,413.65","1,373.65","1,383.50","3,477,661"
"31-May-2024","1,391.00","1,451.00","1,391.00","1,437.40","8,238,969"
"03-Jun-2024","1,549.00","1,621.40","1,535.00","1,583.95","23,398,347"
"04-Jun-2024","1,558.00","1,558.00","1,188.00","1,248.95","52,109,624"
"05-Jun-2024","1,281.00","1,368.00","1,160.60","1,354.60","20,879,925"
"06-Jun-2024","1,384.00","1,404.00","1,344.80","1,352.95","12,153,840"
"07-Jun-2024","1,357.70","1,385.00","1,355.05","1,378.85","5,884,018"
"10-Jun-2024","1,404.00","1,415.35","1,381.25","1,384.05","4,843,234"
"11-Jun-2024","1,391.00","1,418.80","1,384.05","1,403.45","4,122,878"
"12-Jun-2024","1,411.75","1,414.45","1,390.60","1,393.95","3,258,265"
"13-Jun-2024","1,403.60","1,411.00","1,388.05","1,404.45","2,839,159"
"14-Jun-2024","1,409.00","1,442.00","1,395.45","1,430.70","5,651,491"
"18-Jun-2024","1,447.00","1,458.60","1,434.05","1,445.00","5,651,898"
"19-Jun-2024","1,446.00","1,452.00","1,420.45","1,448.40","4,484,742"
"20-Jun-2024","1,459.30","1,476.80","1,444.10","1,469.40","4,905,603"
"21-Jun-2024","1,479.95","1,498.90","1,470.00","1,485.50","25,891,893"
"24-Jun-2024","1,474.85","1,479.65","1,450.20","1,460.25","3,009,931"
"25-Jun-2024","1,466.15","1,468.90","1,437.00","1,456.15","3,343,186"
"26-Jun-2024","1,458.90","1,474.50","1,451.05","1,467.80","3,217,949"
"27-Jun-2024","1,475.60","1,494.00","1,459.00","1,485.50","7,803,408"
"28-Jun-2024","1,480.00","1,494.00","1,445.00","1,478.10","11,534,763"
"01-Jul-2024","1,483.00","1,491.40","1,471.60","1,474.50","3,372,730"
"02-Jul-2024","1,479.50","1,489.60","1,455.05","1,474.85","5,368,562"
"03-Jul-2024","1,479.80","1,514.00","1,470.80","1,510.65","4,435,563"
"04-Jul-2024","1,514.65","1,520.00","1,494.35","1,503.65","2,980,840"
"05-Jul-2024","1,508.00","1,509.50","1,493.90","1,500.45","2,111,633"
"08-Jul-2024","1,496.00","1,501.05","1,469.00","1,475.30","2,177,821"
"09-Jul-2024","1,480.00","1,503.95","1,475.00","1,478.00","2,256,634"
"10-Jul-2024","1,492.00","1,494.45","1,460.00","1,487.80","2,082,079"
"11-Jul-2024","1,495.00","1,498.50","1,477.90","1,483.85","1,765,496"
"12-Jul-2024","1,490.00","1,497.00","1,481.15","1,486.70","2,018,935"
"15-Jul-2024","1,494.00","1,505.00","1,485.30","1,495.05","1,913,095"
"16-Jul-2024","1,496.00","1,510.60","1,493.25","1,499.05","2,170,314"
"18-Jul-2024","1,490.00","1,504.25","1,472.20","1,493.90","3,263,419"
"19-Jul-2024","1,492.55","1,502.20","1,465.50","1,469.30","2,568,243"
"22-Jul-2024","1,470.00","1,475.00","1,442.55","1,467.35","1,721,261"
"23-Jul-2024","1,468.00","1,517.00","1,419.00","1,507.35","5,987,213"
"24-Jul-2024","1,508.00","1,513.55","1,480.00","1,484.80","2,201,442"
"25-Jul-2024","1,471.00","1,499.45","1,466.85","1,487.00","2,211,808"
"26-Jul-2024","1,495.90","1,547.90","1,490.00","1,542.75","4,500,728"
"29-Jul-2024","1,547.90","1,559.00","1,540.00","1,548.70","1,928,637"
"30-Jul-2024","1,554.60","1,556.90","1,536.00","1,546.25","2,800,881"
"31-Jul-2024","1,557.00","1,577.90","1,547.00","1,569.90","2,622,023"
"01-Aug-2024","1,580.95","1,604.95","1,568.50","1,590.15","7,160,588"
"02-Aug-2024","1,579.95","1,599.70","1,550.20","1,588.00","4,313,297"
"05-Aug-2024","1,540.00","1,563.45","1,471.55","1,493.85","7,147,230"
"06-Aug-2024","1,524.90","1,539.75","1,488.10","1,494.10","3,159,971"
"07-Aug-2024","1,520.00","1,547.85","1,514.20","1,543.80","2,258,441"
"08-Aug-2024","1,538.00","1,556.00","1,513.80","1,519.00","2,468,123"
"09-Aug-2024","1,541.50","1,543.50","1,519.00","1,533.80","1,503,033"
"12-Aug-2024","1,500.00","1,524.25","1,457.35","1,501.40","9,230,512"
"13-Aug-2024","1,505.85","1,517.45","1,479.50","1,483.45","2,485,446"
"14-Aug-2024","1,488.00","1,488.00","1,452.00","1,461.95","2,648,057"
"16-Aug-2024","1,471.20","1,497.20","1,457.05","1,493.45","1,985,315"
"19-Aug-2024","1,500.95","1,507.00","1,490.00","1,496.45","1,343,387"
"20-Aug-2024","1,504.95","1,510.00","1,486.30","1,492.55","990,643"
"21-Aug-2024","1,499.10","1,517.00","1,492.55","1,503.50","1,551,436"
"22-Aug-2024","1,507.00","1,509.50","1,490.40","1,492.30","1,442,064"
"23-Aug-2024","1,493.00","1,503.00","1,486.10","1,491.30","1,181,075"
"26-Aug-2024","1,495.50","1,497.00","1,480.00","1,482.55","1,087,057"
"27-Aug-2024","1,484.90","1,496.90","1,475.60","1,478.35","910,064"
"28-Aug-2024","1,479.40","1,486.40","1,467.00","1,469.80","1,225,101"
"29-Aug-2024","1,472.05","1,483.00","1,452.60","1,476.05","3,359,850"
"30-Aug-2024","1,480.95","1,487.00","1,466.00","1,481.90","1,996,592"
"02-Sep-2024","1,490.00","1,499.50","1,478.80","1,494.50","2,054,244"
"03-Sep-2024","1,494.50","1,498.10","1,476.60","1,479.55","882,478"
"04-Sep-2024","1,472.00","1,475.15","1,461.05","1,472.10","1,122,071"
"05-Sep-2024","1,476.75","1,476.80","1,463.00","1,465.55","959,956"
"06-Sep-2024","1,465.60","1,468.75","1,427.55","1,442.40","3,340,767"
"09-Sep-2024","1,431.00","1,441.60","1,411.00","1,435.90","1,621,371"
"10-Sep-2024","1,439.00","1,464.00","1,435.00","1,453.40","1,542,798"
"11-Sep-2024","1,454.95","1,457.85","1,425.10","1,430.60","1,637,596"
"12-Sep-2024","1,444.00","1,475.00","1,440.20","1,472.60","4,003,674"
"13-Sep-2024","1,472.95","1,475.65","1,450.00","1,452.10","1,683,544"
"16-Sep-2024","1,455.10","1,461.15","1,438.80","1,440.70","1,673,805"
"17-Sep-2024","1,442.80","1,445.00","1,420.10","1,426.60","1,321,316"
"18-Sep-2024","1,430.00","1,439.25","1,415.05","1,428.80","1,421,406"
"19-Sep-2024","1,433.00","1,438.00","1,394.45","1,408.20","2,072,872"
"20-Sep-2024","1,418.95","1,453.05","1,409.20","1,438.70","4,407,151"
"23-Sep-2024","1,448.00","1,458.95","1,443.85","1,456.15","1,139,915"
"24-Sep-2024","1,456.15","1,465.85","1,447.00","1,456.65","1,537,307"
"25-Sep-2024","1,459.00","1,464.00","1,438.20","1,452.55","1,227,806"
"26-Sep-2024","1,456.85","1,475.75","1,448.00","1,472.60","2,066,994"
"27-Sep-2024","1,485.00","1,485.00","1,452.45","1,456.70","2,694,100"
"30-Sep-2024","1,456.70","1,468.75","1,444.00","1,448.20","2,042,408"
"01-Oct-2024","1,448.20","1,472.85","1,448.00","1,467.50","1,687,795"
"03-Oct-2024","1,452.75","1,469.00","1,414.20","1,425.20","3,967,953"
"04-Oct-2024","1,424.80","1,446.40","1,404.20","1,413.70","2,611,371"
"07-Oct-2024","1,410.00","1,423.90","1,337.00","1,355.20","4,531,821"
"08-Oct-2024","1,342.00","1,424.35","1,342.00","1,418.55","3,031,170"
"09-Oct-2024","1,424.75","1,432.95","1,404.35","1,408.15","1,507,508"
"10-Oct-2024","1,417.00","1,430.05","1,406.85","1,417.20","1,628,495"
"11-Oct-2024","1,415.20","1,426.85","1,405.20","1,408.25","1,158,809"
"14-Oct-2024","1,418.00","1,426.00","1,407.15","1,410.30","762,384"
"15-Oct-2024","1,415.95","1,424.70","1,407.00","1,420.30","1,018,477"
"16-Oct-2024","1,418.00","1,418.40","1,392.00","1,403.80","1,450,465"
"17-Oct-2024","1,403.80","1,408.00","1,387.55","1,394.70","1,418,861"
"18-Oct-2024","1,389.00","1,410.55","1,376.00","1,405.60","1,290,065"
"21-Oct-2024","1,409.90","1,412.90","1,371.30","1,375.50","1,644,382"
"22-Oct-2024","1,374.70","1,387.10","1,353.90","1,362.85","2,467,299"
"23-Oct-2024","1,362.80","1,370.80","1,335.20","1,340.45","1,916,219"
"24-Oct-2024","1,345.00","1,359.00","1,336.20","1,354.40","1,115,993"
"25-Oct-2024","1,360.00","1,368.00","1,304.15","1,318.70","2,078,274"
"28-Oct-2024","1,326.85","1,364.10","1,303.15","1,352.20","2,126,411"
"29-Oct-2024","1,364.70","1,377.45","1,322.00","1,372.70","3,790,528"
"30-Oct-2024","1,379.95","1,414.90","1,358.05","1,396.20","2,526,884"
"31-Oct-2024","1,407.95","1,408.00","1,372.10","1,375.95","1,891,761"
"01-Nov-2024","1,386.50","1,397.95","1,378.40","1,394.40","243,881"
"04-Nov-2024","1,394.20","1,395.00","1,336.00","1,349.25","1,700,308"
"05-Nov-2024","1,350.00","1,353.05","1,295.90","1,329.35","4,852,958"
"06-Nov-2024","1,330.00","1,382.00","1,315.20","1,370.00","3,645,515"
"07-Nov-2024","1,372.95","1,372.95","1,350.00","1,353.10","1,292,794"
"08-Nov-2024","1,353.10","1,367.30","1,338.60","1,362.10","1,400,491"
"11-Nov-2024","1,355.10","1,357.95","1,339.05","1,347.90","1,269,498"
"12-Nov-2024","1,348.05","1,354.80","1,320.00","1,326.00","1,038,042"
"13-Nov-2024","1,322.00","1,329.25","1,284.85","1,287.90","1,437,072"
"14-Nov-2024","1,289.95","1,296.65","1,260.65","1,264.55","2,963,013"
"18-Nov-2024","1,264.00","1,288.90","1,261.30","1,279.30","1,445,637"
"19-Nov-2024","1,285.00","1,321.45","1,282.00","1,289.65","2,631,778"
"21-Nov-2024","1,160.70","1,160.70","995.65","1,114.65","46,926,687"
"22-Nov-2024","1,072.60","1,155.90","1,054.00","1,136.75","27,086,168"
"25-Nov-2024","1,185.00","1,191.40","1,139.70","1,166.80","10,532,688"
"26-Nov-2024","1,172.05","1,174.45","1,119.35","1,128.85","5,802,555"
"27-Nov-2024","1,102.00","1,231.70","1,102.00","1,199.95","24,434,211"
"28-Nov-2024","1,196.65","1,226.90","1,163.15","1,167.60","15,602,469"
"29-Nov-2024","1,175.00","1,215.60","1,168.90","1,190.05","9,412,850"
"02-Dec-2024","1,201.90","1,220.90","1,189.40","1,215.80","6,941,125"
"03-Dec-2024","1,226.95","1,309.50","1,220.00","1,288.65","16,753,958"
"04-Dec-2024","1,301.00","1,301.00","1,262.00","1,269.55","4,874,025"
"05-Dec-2024","1,274.00","1,284.80","1,254.20","1,277.05","4,369,917"
"06-Dec-2024","1,279.00","1,282.50","1,256.10","1,259.05","2,232,531"
"09-Dec-2024","1,257.80","1,277.55","1,249.00","1,266.85","2,849,557"
"10-Dec-2024","1,272.90","1,272.90","1,244.40","1,248.75","2,406,907"
"11-Dec-2024","1,254.10","1,258.35","1,230.75","1,233.80","2,595,435"
"12-Dec-2024","1,233.80","1,268.00","1,223.45","1,244.00","5,457,302"
"13-Dec-2024","1,241.95","1,262.00","1,230.00","1,259.95","2,818,291"
"16-Dec-2024","1,258.00","1,261.85","1,240.95","1,243.15","1,337,624"
"17-Dec-2024","1,235.10","1,259.50","1,229.05","1,231.90","2,684,726"
"18-Dec-2024","1,236.00","1,238.90","1,207.25","1,210.05","1,931,870"
"19-Dec-2024","1,187.50","1,209.00","1,185.00","1,205.00","1,541,271"
"20-Dec-2024","1,205.00","1,215.90","1,176.20","1,182.45","3,045,185"
"23-Dec-2024","1,189.95","1,199.00","1,174.25","1,191.80","1,540,796"
"24-Dec-2024","1,198.00","1,203.10","1,180.00","1,182.20","1,380,778"
"26-Dec-2024","1,187.00","1,249.00","1,182.55","1,243.95","3,827,047"
"27-Dec-2024","1,248.45","1,250.95","1,225.75","1,230.70","2,595,142"
"30-Dec-2024","1,233.75","1,258.80","1,212.00","1,218.50","8,312,636"
"31-Dec-2024","1,222.00","1,236.80","1,208.15","1,231.10","1,717,204"
"01-Jan-2025","1,223.00","1,231.80","1,206.35","1,218.70","1,937,930"
"02-Jan-2025","1,223.80","1,228.40","1,208.10","1,226.00","3,772,207"
"03-Jan-2025","1,234.50","1,237.60","1,197.00","1,199.55","3,040,564"
"06-Jan-2025","1,199.55","1,200.90","1,158.05","1,163.05","2,298,522"
"07-Jan-2025","1,163.05","1,182.15","1,162.05","1,174.00","2,010,913"
"08-Jan-2025","1,183.55","1,183.55","1,141.10","1,152.30","2,900,996"
"09-Jan-2025","1,156.70","1,156.70","1,129.95","1,132.35","1,884,725"
"10-Jan-2025","1,134.90","1,137.40","1,106.30","1,112.20","1,902,237"
"13-Jan-2025","1,100.90","1,106.45","1,058.95","1,066.65","2,273,302"
"14-Jan-2025","1,078.85","1,131.40","1,075.05","1,117.10","6,277,854"
"15-Jan-2025","1,125.00","1,141.95","1,118.50","1,128.90","3,135,942"
"16-Jan-2025","1,179.95","1,190.00","1,145.40","1,150.75","3,997,547"
"17-Jan-2025","1,163.00","1,173.65","1,145.50","1,163.50","2,464,355"
"20-Jan-2025","1,172.00","1,172.00","1,146.50","1,148.70","1,312,101"
"21-Jan-2025","1,150.00","1,154.25","1,104.00","1,106.20","3,134,022"
"22-Jan-2025","1,115.50","1,118.05","1,080.45","1,102.25","1,906,032"
"23-Jan-2025","1,102.25","1,114.25","1,089.65","1,104.00","1,968,815"
"24-Jan-2025","1,104.15","1,115.00","1,088.25","1,094.15","2,400,140"
"27-Jan-2025","1,085.10","1,093.60","1,067.55","1,082.00","2,371,555"
"28-Jan-2025","1,087.00","1,096.65","1,061.25","1,080.70","2,404,643"
"29-Jan-2025","1,085.00","1,102.85","1,074.50","1,096.95","4,603,700"
"30-Jan-2025","1,103.90","1,118.50","1,010.75","1,077.05","14,097,862"
"31-Jan-2025","1,085.00","1,109.25","1,074.00","1,099.35","4,659,891"
"01-Feb-2025","1,105.90","1,117.50","1,063.00","1,084.10","4,919,797"
"03-Feb-2025","1,084.00","1,094.00","1,055.00","1,084.85","3,961,203"
"04-Feb-2025","1,100.00","1,127.90","1,091.75","1,125.10","4,071,098"
"05-Feb-2025","1,126.00","1,154.90","1,123.55","1,144.35","2,979,646"
"06-Feb-2025","1,155.60","1,169.40","1,140.10","1,164.05","6,263,278"
"07-Feb-2025","1,160.00","1,175.65","1,132.80","1,146.10","4,079,540"
"10-Feb-2025","1,150.00","1,158.85","1,127.25","1,144.20","2,415,627"
"11-Feb-2025","1,144.20","1,160.00","1,114.05","1,140.10","4,901,591"
"12-Feb-2025","1,140.00","1,144.20","1,098.95","1,128.95","2,862,155"
"13-Feb-2025","1,133.80","1,151.65","1,106.05","1,111.55","3,763,868"
"14-Feb-2025","1,120.00","1,120.00","1,042.15","1,062.70","4,565,339"
"17-Feb-2025","1,058.95","1,089.30","1,040.00","1,082.90","2,518,527"
"18-Feb-2025","1,082.90","1,087.90","1,061.95","1,085.15","1,715,308"
"19-Feb-2025","1,061.60","1,091.70","1,054.55","1,082.85","1,792,268"
"20-Feb-2025","1,074.20","1,126.00","1,074.00","1,111.70","3,714,173"
"21-Feb-2025","1,111.70","1,119.10","1,080.00","1,083.25","2,360,177"
"24-Feb-2025","1,083.25","1,083.25","1,065.70","1,070.40","1,669,749"
"25-Feb-2025","1,074.60","1,091.40","1,067.75","1,080.35","1,665,355"
"27-Feb-2025","1,083.00","1,087.95","1,069.10","1,078.95","1,819,078"
"28-Feb-2025","1,074.00","1,082.90","1,059.20","1,069.40","2,849,138"
"03-Mar-2025","1,074.95","1,081.00","1,040.60","1,053.05","2,274,285"
"04-Mar-2025","1,047.95","1,063.00","1,036.50","1,057.95","1,788,886"
"05-Mar-2025","1,056.80","1,118.65","1,055.00","1,112.70","3,785,743"
"06-Mar-2025","1,118.20","1,148.75","1,101.85","1,136.20","4,020,627"
"07-Mar-2025","1,136.20","1,156.95","1,134.10","1,144.50","2,211,623"
"10-Mar-2025","1,146.00","1,168.65","1,136.95","1,142.90","2,430,740"
"11-Mar-2025","1,137.30","1,145.90","1,124.40","1,135.00","2,399,428"
"12-Mar-2025","1,139.00","1,155.15","1,105.00","1,128.30","2,842,848"
"13-Mar-2025","1,135.00","1,139.45","1,115.05","1,119.20","1,358,839"
"17-Mar-2025","1,114.80","1,148.55","1,111.20","1,137.15","1,489,541"
"18-Mar-2025","1,149.90","1,161.00","1,137.95","1,158.80","1,865,040"
"19-Mar-2025","1,160.00","1,184.50","1,158.80","1,173.50","2,416,781"
"20-Mar-2025","1,185.00","1,186.95","1,161.20","1,177.45","1,919,013"
"21-Mar-2025","1,182.00","1,202.55","1,172.05","1,188.80","3,127,446"
"24-Mar-2025","1,196.00","1,210.85","1,186.05","1,200.80","2,135,192"
"25-Mar-2025","1,205.00","1,209.10","1,174.55","1,182.45","2,090,037"
"26-Mar-2025","1,183.00","1,202.20","1,173.05","1,181.60","1,676,081"
"27-Mar-2025","1,182.00","1,212.00","1,175.00","1,196.75","2,004,036"
"28-Mar-2025","1,197.70","1,205.00","1,175.20","1,182.95","1,670,913"
"01-Apr-2025","1,179.00","1,202.00","1,168.05","1,174.75","1,584,541"
"02-Apr-2025","1,182.40","1,198.95","1,167.35","1,195.45","1,232,853"
"03-Apr-2025","1,170.25","1,205.80","1,170.25","1,199.90","1,300,511"
"04-Apr-2025","1,196.00","1,200.10","1,143.00","1,148.35","1,785,093"
"07-Apr-2025","1,049.95","1,119.00","1,041.50","1,110.65","2,192,949"
"08-Apr-2025","1,135.00","1,155.65","1,111.05","1,131.35","2,423,486"
"09-Apr-2025","1,133.85","1,135.60","1,112.00","1,131.80","1,537,177"
"11-Apr-2025","1,163.00","1,170.30","1,148.00","1,164.55","3,536,245"
"15-Apr-2025","1,200.00","1,225.90","1,179.00","1,210.80","3,176,522"
"16-Apr-2025","1,210.00","1,235.50","1,201.60","1,232.90","1,909,731"
"17-Apr-2025","1,232.90","1,282.50","1,218.60","1,259.40","4,280,765"
"21-Apr-2025","1,259.40","1,260.00","1,209.40","1,243.10","6,049,182"
"22-Apr-2025","1,249.60","1,255.60","1,227.00","1,233.20","2,932,537"
"23-Apr-2025","1,240.10","1,242.80","1,216.80","1,239.10","2,580,999"
"24-Apr-2025","1,238.00","1,248.00","1,231.60","1,236.40","2,133,285"
"25-Apr-2025","1,236.30","1,243.40","1,181.20","1,193.00","3,628,854"
"28-Apr-2025","1,188.10","1,214.70","1,184.10","1,209.90","2,646,406"
"29-Apr-2025","1,212.00","1,223.90","1,202.50","1,216.40","2,381,980"
"30-Apr-2025","1,215.10","1,226.50","1,203.90","1,216.50","1,824,334"
"02-May-2025","1,255.00","1,295.00","1,242.70","1,267.10","12,024,229"
"05-May-2025","1,290.00","1,377.00","1,285.70","1,347.10","14,191,797"
"06-May-2025","1,350.00","1,356.30","1,315.00","1,320.80","3,604,276"
"07-May-2025","1,298.80","1,341.30","1,298.70","1,338.20","3,269,847"
"08-May-2025","1,340.00","1,366.90","1,316.40","1,333.10","5,077,662"
"09-May-2025","1,300.00","1,324.90","1,292.60","1,306.30","2,979,366"
"12-May-2025","1,360.00","1,375.00","1,345.50","1,362.10","3,662,785"
"13-May-2025","1,360.60","1,391.90","1,347.10","1,369.20","3,356,599"
"14-May-2025","1,380.00","1,381.90","1,362.00","1,371.80","1,557,379"
"15-May-2025","1,375.60","1,409.90","1,371.90","1,406.20","3,706,424"
"16-May-2025","1,410.90","1,424.90","1,401.00","1,407.40","2,777,119"
"19-May-2025","1,407.50","1,410.60","1,392.00","1,398.30","1,317,210"
"20-May-2025","1,399.00","1,407.30","1,381.40","1,384.60","2,970,441"
"21-May-2025","1,380.00","1,391.00","1,370.20","1,384.60","1,993,690"
"22-May-2025","1,380.10","1,408.00","1,358.60","1,371.40","3,186,493"
"23-May-2025","1,383.10","1,398.50","1,375.00","1,395.40","1,715,309"
"26-May-2025","1,395.80","1,410.60","1,394.80","1,400.20","1,024,835"
"27-May-2025","1,397.00","1,419.00","1,385.40","1,404.20","2,571,237"
"28-May-2025","1,405.00","1,427.80","1,403.00","1,411.00","2,035,398"
"29-May-2025","1,421.00","1,441.00","1,410.50","1,438.60","1,662,886"
"30-May-2025","1,442.00","1,457.50","1,428.80","1,432.80","2,575,127"
"02-Jun-2025","1,432.80","1,482.00","1,425.30","1,468.00","3,164,701"
"03-Jun-2025","1,470.00","1,472.00","1,426.70","1,432.30","3,677,200"
"04-Jun-2025","1,432.30","1,441.10","1,423.10","1,436.20","1,446,972"
"05-Jun-2025","1,443.80","1,467.70","1,438.00","1,456.70","2,019,939"
"06-Jun-2025","1,456.70","1,478.90","1,453.70","1,471.70","1,269,864"
"09-Jun-2025","1,482.00","1,484.00","1,463.10","1,467.10","1,493,331"
"10-Jun-2025","1,472.00","1,494.00","1,469.80","1,473.80","2,125,187"
"11-Jun-2025","1,473.80","1,476.00","1,448.80","1,456.40","2,192,673"
"12-Jun-2025","1,459.80","1,465.60","1,440.10","1,445.80","2,192,452"
"13-Jun-2025","1,405.00","1,423.80","1,397.10","1,405.00","3,380,550"
"16-Jun-2025","1,389.00","1,411.20","1,375.00","1,400.60","2,823,300"
"17-Jun-2025","1,400.50","1,414.80","1,384.00","1,392.30","1,571,621"
"18-Jun-2025","1,387.00","1,395.20","1,365.20","1,372.60","1,732,093"
"19-Jun-2025","1,370.50","1,372.60","1,331.60","1,338.00","2,950,283"
"20-Jun-2025","1,338.00","1,356.70","1,334.60","1,349.30","4,541,583"
"23-Jun-2025","1,341.00","1,364.90","1,335.70","1,354.80","3,921,155"
"24-Jun-2025","1,395.10","1,418.70","1,385.10","1,389.50","7,635,176"
"25-Jun-2025","1,399.70","1,404.00","1,385.50","1,393.10","1,915,989"
"26-Jun-2025","1,399.00","1,433.00","1,395.20","1,429.30","2,877,806"
"27-Jun-2025","1,434.90","1,456.80","1,427.00","1,440.20","2,888,390"
"30-Jun-2025","1,440.80","1,453.50","1,432.70","1,450.20","1,586,196"
"01-Jul-2025","1,450.30","1,459.80","1,442.00","1,447.00","2,134,736"
"02-Jul-2025","1,458.00","1,458.00","1,440.00","1,443.90","1,219,600"
"03-Jul-2025","1,444.00","1,451.10","1,426.70","1,431.10","978,007"
"04-Jul-2025","1,432.00","1,439.90","1,416.60","1,424.40","608,462"
"07-Jul-2025","1,424.40","1,437.80","1,417.00","1,435.60","764,520"
"08-Jul-2025","1,438.00","1,449.90","1,430.00","1,448.50","824,935"
"09-Jul-2025","1,448.40","1,455.80","1,438.30","1,443.00","1,008,636"
"10-Jul-2025","1,444.00","1,450.20","1,437.20","1,443.10","1,035,509"
"11-Jul-2025","1,444.00","1,453.90","1,428.30","1,431.70","819,864"
"14-Jul-2025","1,432.00","1,446.50","1,426.10","1,433.00","718,442"
"15-Jul-2025","1,434.40","1,449.30","1,429.00","1,445.10","735,108"
"16-Jul-2025","1,447.50","1,474.00","1,442.90","1,456.70","2,488,981"
"17-Jul-2025","1,455.00","1,464.00","1,448.90","1,452.50","1,168,071"
"18-Jul-2025","1,452.40","1,456.50","1,429.10","1,443.10","1,147,990"
"21-Jul-2025","1,442.10","1,453.10","1,430.00","1,450.50","815,780"
"22-Jul-2025","1,454.50","1,454.50","1,417.10","1,420.70","976,668"
"23-Jul-2025","1,430.00","1,438.50","1,419.00","1,420.80","740,816"
"24-Jul-2025","1,423.20","1,426.00","1,405.00","1,411.60","598,011"
"25-Jul-2025","1,411.70","1,416.70","1,390.00","1,396.30","744,410"
"28-Jul-2025","1,396.30","1,404.10","1,373.50","1,376.00","790,020"
"29-Jul-2025","1,376.00","1,398.70","1,373.60","1,395.90","782,760"
"30-Jul-2025","1,398.80","1,403.10","1,391.50","1,394.00","627,316"
"31-Jul-2025","1,382.10","1,395.80","1,370.30","1,373.10","1,412,892"
"01-Aug-2025","1,371.00","1,375.90","1,342.80","1,347.10","1,239,941"
"04-Aug-2025","1,349.80","1,397.00","1,345.20","1,388.90","1,368,323"
"05-Aug-2025","1,392.00","1,394.20","1,346.00","1,358.10","3,000,067"
"06-Aug-2025","1,374.00","1,386.90","1,358.10","1,367.10","2,293,293"
"07-Aug-2025","1,351.00","1,357.90","1,315.00","1,345.40","2,857,406"
"08-Aug-2025","1,345.40","1,356.90","1,317.70","1,325.00","1,561,061"
"11-Aug-2025","1,325.00","1,348.30","1,313.70","1,339.40","2,053,173"
"12-Aug-2025","1,342.00","1,349.60","1,328.20","1,330.50","1,260,241"
"13-Aug-2025","1,335.20","1,339.30","1,316.60","1,319.60","1,205,658"
"14-Aug-2025","1,324.80","1,329.00","1,290.50","1,300.30","2,298,528"
"18-Aug-2025","1,321.90","1,332.00","1,295.00","1,327.20","10,225,114"
"19-Aug-2025","1,332.00","1,371.70","1,325.00","1,369.40","3,150,673"
"20-Aug-2025","1,369.40","1,374.60","1,358.00","1,370.60","1,594,619"
"21-Aug-2025","1,371.10","1,377.80","1,355.30","1,361.80","1,227,167"
"22-Aug-2025","1,364.00","1,364.00","1,338.20","1,341.20","1,210,284"
"25-Aug-2025","1,341.30","1,348.90","1,332.50","1,340.40","1,214,246"
"26-Aug-2025","1,335.20","1,339.90","1,310.00","1,315.40","1,652,272"
"28-Aug-2025","1,316.90","1,338.80","1,311.20","1,315.40","1,785,681"
"29-Aug-2025","1,318.00","1,322.90","1,303.00","1,312.80","1,592,903"
"01-Sep-2025","1,318.30","1,338.50","1,316.10","1,335.30","983,914"
"02-Sep-2025","1,340.90","1,348.80","1,328.20","1,336.20","1,495,993"
"03-Sep-2025","1,338.00","1,344.80","1,327.60","1,332.40","1,774,676"
"04-Sep-2025","1,338.00","1,348.00","1,326.00","1,328.20","1,350,147"
"05-Sep-2025","1,330.00","1,335.70","1,312.80","1,321.80","1,135,666"
"08-Sep-2025","1,321.90","1,363.40","1,321.90","1,348.30","1,445,628"
"09-Sep-2025","1,354.70","1,385.00","1,348.30","1,380.90","3,515,252"
"10-Sep-2025","1,400.00","1,404.90","1,385.00","1,389.10","2,553,605"
"11-Sep-2025","1,404.90","1,423.10","1,388.00","1,393.10","4,041,646"
"12-Sep-2025","1,395.50","1,406.50","1,391.10","1,393.10","1,466,190"
"15-Sep-2025","1,393.10","1,409.00","1,392.20","1,395.20","1,254,831"
"16-Sep-2025","1,400.00","1,412.60","1,396.60","1,408.20","1,636,246"
"17-Sep-2025","1,410.00","1,413.10","1,396.20","1,406.10","1,062,568"
"18-Sep-2025","1,410.00","1,415.00","1,401.00","1,412.80","1,416,920"
"19-Sep-2025","1,447.80","1,460.00","1,425.00","1,427.80","8,069,167"
"22-Sep-2025","1,433.00","1,461.70","1,425.00","1,444.20","5,490,489"
"23-Sep-2025","1,453.00","1,455.00","1,423.10","1,441.60","2,550,337"
"24-Sep-2025","1,445.00","1,452.40","1,429.10","1,431.60","2,603,193"
"25-Sep-2025","1,431.70","1,439.90","1,404.10","1,407.20","1,970,560"
"26-Sep-2025","1,407.20","1,416.70","1,390.30","1,392.00","1,899,079"
"29-Sep-2025","1,393.60","1,401.30","1,377.60","1,383.20","1,978,395"
"30-Sep-2025","1,389.70","1,408.00","1,387.20","1,403.50","1,999,250"
"01-Oct-2025","1,406.00","1,426.90","1,392.70","1,422.70","1,602,493"
"03-Oct-2025","1,413.00","1,431.00","1,412.50","1,419.10","1,576,970"
"06-Oct-2025","1,419.10","1,419.10","1,395.00","1,400.50","1,338,654"
"07-Oct-2025","1,400.80","1,415.00","1,397.30","1,399.50","1,608,151"
"08-Oct-2025","1,399.40","1,411.10","1,386.00","1,394.30","1,704,405"
"09-Oct-2025","1,394.50","1,399.80","1,388.40","1,395.60","1,250,770"
"10-Oct-2025","1,400.50","1,418.00","1,395.70","1,409.40","1,359,246"
"13-Oct-2025","1,400.80","1,441.90","1,396.00","1,437.80","2,245,061"
"14-Oct-2025","1,440.00","1,442.20","1,422.00","1,429.00","2,640,234"
"15-Oct-2025","1,430.00","1,456.30","1,430.00","1,450.70","2,675,240"
"16-Oct-2025","1,454.00","1,490.50","1,453.00","1,479.50","6,512,312"
"17-Oct-2025","1,479.50","1,489.00","1,462.50","1,479.40","3,290,072"
"20-Oct-2025","1,488.00","1,489.00","1,459.10","1,467.00","2,660,484"
"21-Oct-2025","1,477.00","1,481.50","1,470.00","1,473.50","394,024"
"23-Oct-2025","1,478.80","1,483.50","1,450.30","1,453.10","2,999,137"
"24-Oct-2025","1,463.00","1,463.50","1,422.30","1,429.00","1,907,383"
"27-Oct-2025","1,429.00","1,429.80","1,410.00","1,420.60","2,280,976"
"28-Oct-2025","1,425.90","1,435.00","1,410.00","1,417.90","2,068,057"
"29-Oct-2025","1,424.10","1,464.80","1,421.60","1,454.80","3,578,596"
"30-Oct-2025","1,458.00","1,463.00","1,449.60","1,457.90","1,380,931"
"31-Oct-2025","1,457.90","1,461.70","1,443.00","1,451.50","1,141,853"
"03-Nov-2025","1,451.50","1,457.40","1,435.30","1,444.70","1,059,573"
"04-Nov-2025","1,449.60","1,466.30","1,432.00","1,444.40","3,554,714"
"06-Nov-2025","1,452.10","1,466.30","1,434.30","1,436.80","2,745,063"
"07-Nov-2025","1,435.00","1,464.00","1,425.00","1,448.30","2,184,538"
"10-Nov-2025","1,452.20","1,463.90","1,441.00","1,444.90","1,161,695"
"11-Nov-2025","1,453.00","1,476.00","1,437.80","1,474.40","2,258,827"
"12-Nov-2025","1,477.00","1,515.00","1,475.50","1,506.90","4,641,466"
"13-Nov-2025","1,515.00","1,515.00","1,487.80","1,499.00","2,304,918"
"14-Nov-2025","1,500.00","1,523.60","1,497.00","1,512.70","2,345,593"
"17-Nov-2025","1,518.90","1,519.00","1,503.00","1,507.60","1,750,560"
"18-Nov-2025","1,518.90","1,518.90","1,490.20","1,495.00","1,818,617"
"19-Nov-2025","1,499.00","1,499.50","1,478.00","1,484.20","1,746,304"
"20-Nov-2025","1,500.00","1,505.00","1,487.60","1,491.10","1,459,401"
"21-Nov-2025","1,492.00","1,492.30","1,467.10","1,479.80","1,165,365"
"24-Nov-2025","1,482.00","1,490.20","1,471.30","1,485.90","2,485,518"
"25-Nov-2025","1,490.00","1,492.40","1,474.50","1,483.90","1,355,333"
"26-Nov-2025","1,484.30","1,523.00","1,484.30","1,506.20","3,986,754"
"27-Nov-2025","1,511.80","1,513.90","1,501.00","1,509.10","861,910"
"28-Nov-2025","1,510.00","1,534.30","1,503.10","1,516.90","2,612,938"
"01-Dec-2025","1,530.00","1,549.00","1,523.00","1,530.50","4,059,126"
"02-Dec-2025","1,528.10","1,530.00","1,510.00","1,518.10","1,974,536"
"03-Dec-2025","1,514.00","1,524.00","1,488.60","1,497.70","1,958,074"
"04-Dec-2025","1,497.70","1,509.10","1,490.20","1,505.60","1,591,805"
"05-Dec-2025","1,504.60","1,514.00","1,493.30","1,509.40","1,141,428"
"08-Dec-2025","1,509.40","1,510.90","1,472.60","1,480.50","1,070,689"
"09-Dec-2025","1,476.90","1,499.20","1,460.90","1,497.20","1,327,921"
"10-Dec-2025","1,500.00","1,521.00","1,493.60","1,498.10","1,677,388"
"11-Dec-2025","1,496.00","1,515.00","1,495.00","1,504.00","1,451,645"
"12-Dec-2025","1,512.00","1,527.40","1,509.50","1,522.80","1,152,570"
"15-Dec-2025","1,522.80","1,522.80","1,508.10","1,512.60","850,425"
"16-Dec-2025","1,512.60","1,512.60","1,494.20","1,499.00","1,122,212"
"17-Dec-2025","1,494.10","1,500.00","1,479.30","1,486.30","964,352"
"18-Dec-2025","1,486.40","1,498.00","1,476.00","1,495.70","683,681"
"19-Dec-2025","1,495.00","1,503.70","1,490.70","1,496.40","1,276,175"
"22-Dec-2025","1,497.50","1,515.00","1,497.50","1,508.70","1,116,833"
"23-Dec-2025","1,508.70","1,513.80","1,491.20","1,493.60","928,446"
"24-Dec-2025","1,503.00","1,507.20","1,492.00","1,494.30","1,318,023"
"26-Dec-2025","1,499.60","1,501.40","1,485.00","1,487.10","876,540"
"29-Dec-2025","1,487.10","1,487.10","1,451.00","1,454.40","1,568,472"
"30-Dec-2025","1,450.00","1,470.50","1,447.30","1,461.20","3,463,973"
"31-Dec-2025","1,468.50","1,475.00","1,461.30","1,469.80","707,055"
"26-Feb-2026","1,537.60","1,554.60","1,526.00","1,548.00","2,672,227"
