"Date","Open","High","Low","Close","Volume"
"01-Jan-2019","1,445.00","1,445.00","1,425.20","1,441.90","786,846"
"02-Jan-2019","1,441.00","1,444.90","1,417.10","1,425.50","2,058,504"
"03-Jan-2019","1,426.00","1,429.00","1,391.00","1,395.00","2,290,756"
"04-Jan-2019","1,401.90","1,407.60","1,373.55","1,388.05","2,711,485"
"07-Jan-2019","1,397.00","1,408.60","1,379.05","1,383.80","1,851,513"
"08-Jan-2019","1,387.50","1,393.85","1,375.00","1,382.20","1,437,271"
"09-Jan-2019","1,389.50","1,393.55","1,372.00","1,386.05","1,413,005"
"10-Jan-2019","1,388.00","1,398.90","1,383.25","1,392.60","1,063,647"
"11-Jan-2019","1,393.00","1,393.90","1,361.05","1,369.60","2,489,197"
"14-Jan-2019","1,367.20","1,367.20","1,331.00","1,333.90","3,080,984"
"15-Jan-2019","1,340.00","1,348.00","1,330.00","1,340.90","3,079,248"
"16-Jan-2019","1,342.90","1,361.50","1,336.00","1,342.15","2,454,470"
"17-Jan-2019","1,345.10","1,351.80","1,336.95","1,346.05","1,610,419"
"18-Jan-2019","1,350.85","1,352.00","1,313.00","1,317.90","2,135,781"
"21-Jan-2019","1,279.00","1,337.25","1,273.45","1,314.55","8,813,681"
"22-Jan-2019","1,316.90","1,321.50","1,298.10","1,301.15","2,544,978"
"23-Jan-2019","1,301.00","1,306.90","1,293.55","1,301.45","1,821,323"
"24-Jan-2019","1,305.00","1,305.55","1,287.00","1,295.35","1,654,706"
"25-Jan-2019","1,300.00","1,314.10","1,281.50","1,285.45","3,136,788"
"28-Jan-2019","1,295.45","1,337.90","1,291.65","1,300.45","8,004,136"
"29-Jan-2019","1,304.00","1,308.80","1,268.20","1,278.05","3,685,535"
"30-Jan-2019","1,284.30","1,309.00","1,281.00","1,294.45","2,385,425"
"31-Jan-2019","1,304.00","1,321.70","1,296.55","1,314.30","5,852,257"
"01-Feb-2019","1,315.50","1,334.55","1,313.00","1,324.60","2,515,736"
"04-Feb-2019","1,326.85","1,326.85","1,302.60","1,307.40","2,308,931"
"05-Feb-2019","1,310.70","1,323.00","1,300.00","1,304.60","1,447,400"
"06-Feb-2019","1,308.00","1,322.00","1,293.05","1,314.40","2,034,886"
"07-Feb-2019","1,314.00","1,320.85","1,289.20","1,296.05","1,556,295"
"08-Feb-2019","1,295.00","1,298.90","1,255.55","1,261.75","2,993,525"
"11-Feb-2019","1,259.00","1,259.00","1,221.00","1,246.50","2,981,408"
"12-Feb-2019","1,244.50","1,264.90","1,241.55","1,246.85","1,571,390"
"13-Feb-2019","1,248.20","1,254.85","1,211.90","1,216.65","2,527,941"
"14-Feb-2019","1,219.00","1,231.75","1,201.10","1,227.60","6,974,738"
"15-Feb-2019","1,244.00","1,253.90","1,230.90","1,243.10","3,620,228"
"18-Feb-2019","1,245.00","1,259.55","1,240.00","1,244.50","2,186,849"
"19-Feb-2019","1,245.00","1,270.00","1,245.00","1,258.30","2,389,086"
"20-Feb-2019","1,265.00","1,282.65","1,264.20","1,276.55","2,433,082"
"21-Feb-2019","1,282.00","1,291.50","1,265.10","1,284.10","2,392,129"
"22-Feb-2019","1,282.00","1,283.40","1,265.50","1,280.35","2,390,188"
"25-Feb-2019","1,280.35","1,286.45","1,264.00","1,275.85","5,873,730"
"26-Feb-2019","1,263.80","1,275.00","1,253.00","1,265.85","2,417,931"
"27-Feb-2019","1,270.55","1,295.00","1,268.00","1,284.70","3,555,914"
"28-Feb-2019","1,293.00","1,302.95","1,273.30","1,292.95","9,321,535"
"01-Mar-2019","1,300.30","1,311.95","1,297.25","1,308.55","2,831,577"
"05-Mar-2019","1,302.00","1,310.40","1,277.05","1,305.80","3,948,051"
"06-Mar-2019","1,310.50","1,327.55","1,310.50","1,317.00","2,776,738"
"07-Mar-2019","1,323.85","1,357.30","1,310.00","1,352.40","6,207,580"
"08-Mar-2019","1,350.00","1,363.00","1,337.00","1,339.40","4,868,283"
"11-Mar-2019","1,343.55","1,351.00","1,340.00","1,346.55","2,661,353"
"12-Mar-2019","1,355.00","1,403.00","1,355.00","1,388.90","6,631,152"
"13-Mar-2019","1,395.70","1,397.55","1,372.85","1,378.60","2,241,672"
"14-Mar-2019","1,384.70","1,396.00","1,377.00","1,379.75","1,838,850"
"15-Mar-2019","1,386.00","1,410.80","1,378.60","1,396.50","5,723,980"
"18-Mar-2019","1,397.00","1,411.70","1,370.35","1,378.90","2,450,686"
"19-Mar-2019","1,371.00","1,374.95","1,346.50","1,357.95","4,053,209"
"20-Mar-2019","1,362.00","1,382.00","1,361.00","1,370.90","3,871,744"
"22-Mar-2019","1,379.00","1,415.00","1,376.20","1,394.70","3,788,604"
"25-Mar-2019","1,387.00","1,389.00","1,370.10","1,376.75","1,666,203"
"26-Mar-2019","1,379.80","1,388.80","1,367.75","1,372.80","2,021,089"
"27-Mar-2019","1,379.00","1,391.10","1,363.15","1,366.45","2,558,997"
"28-Mar-2019","1,371.00","1,392.50","1,364.00","1,386.70","3,184,285"
"29-Mar-2019","1,394.90","1,405.00","1,380.50","1,385.30","2,917,356"
"01-Apr-2019","1,390.10","1,424.00","1,390.10","1,412.20","3,842,703"
"02-Apr-2019","1,415.10","1,426.95","1,403.50","1,409.75","2,737,093"
"03-Apr-2019","1,409.40","1,415.00","1,375.00","1,378.05","2,366,304"
"04-Apr-2019","1,384.90","1,393.90","1,365.70","1,368.70","1,980,318"
"05-Apr-2019","1,373.75","1,392.75","1,370.30","1,373.80","2,037,782"
"08-Apr-2019","1,379.70","1,386.80","1,365.45","1,373.65","1,013,017"
"09-Apr-2019","1,375.90","1,387.00","1,366.00","1,375.20","2,209,945"
"10-Apr-2019","1,370.00","1,382.00","1,365.00","1,371.55","2,014,958"
"11-Apr-2019","1,371.65","1,387.95","1,371.65","1,378.00","3,110,225"
"12-Apr-2019","1,380.00","1,381.85","1,358.30","1,360.90","2,751,659"
"15-Apr-2019","1,365.00","1,368.00","1,354.00","1,356.90","1,933,204"
"16-Apr-2019","1,360.00","1,390.90","1,360.00","1,381.40","3,217,456"
"18-Apr-2019","1,387.00","1,387.60","1,357.40","1,360.70","2,594,906"
"22-Apr-2019","1,362.00","1,370.90","1,352.50","1,360.15","3,101,477"
"23-Apr-2019","1,361.70","1,365.00","1,336.60","1,348.20","2,016,454"
"24-Apr-2019","1,353.00","1,363.45","1,350.00","1,360.65","1,753,395"
"25-Apr-2019","1,366.85","1,380.55","1,352.15","1,355.15","2,886,022"
"26-Apr-2019","1,358.20","1,367.00","1,351.00","1,358.20","1,767,153"
"30-Apr-2019","1,365.00","1,366.50","1,340.00","1,348.55","1,905,624"
"02-May-2019","1,349.45","1,376.50","1,342.00","1,358.75","1,985,540"
"03-May-2019","1,362.00","1,373.20","1,360.00","1,363.60","1,239,667"
"06-May-2019","1,353.30","1,364.85","1,349.90","1,352.70","1,515,052"
"07-May-2019","1,357.40","1,374.35","1,350.00","1,366.60","2,596,385"
"08-May-2019","1,363.90","1,371.00","1,355.00","1,360.35","1,601,700"
"09-May-2019","1,357.00","1,368.80","1,337.60","1,356.45","2,464,425"
"10-May-2019","1,359.65","1,362.50","1,345.10","1,355.50","1,466,154"
"13-May-2019","1,345.00","1,355.00","1,312.00","1,317.65","3,422,913"
"14-May-2019","1,309.00","1,347.65","1,285.30","1,341.80","3,132,767"
"15-May-2019","1,347.50","1,355.00","1,320.50","1,325.80","2,054,728"
"16-May-2019","1,326.00","1,348.00","1,308.30","1,337.15","2,058,450"
"17-May-2019","1,335.00","1,371.50","1,332.55","1,361.90","2,776,586"
"20-May-2019","1,400.00","1,455.00","1,400.00","1,451.45","6,210,427"
"21-May-2019","1,455.00","1,462.05","1,437.85","1,449.10","2,961,180"
"22-May-2019","1,450.10","1,473.40","1,441.60","1,461.10","3,304,912"
"23-May-2019","1,476.20","1,562.40","1,466.00","1,476.10","10,485,813"
"24-May-2019","1,493.00","1,549.20","1,490.35","1,544.15","5,626,500"
"27-May-2019","1,543.70","1,600.00","1,532.10","1,596.00","6,730,594"
"28-May-2019","1,596.00","1,607.00","1,563.30","1,574.50","4,987,068"
"29-May-2019","1,570.20","1,596.95","1,546.20","1,552.45","3,070,738"
"30-May-2019","1,550.00","1,569.35","1,540.00","1,558.60","2,675,199"
"31-May-2019","1,569.95","1,581.50","1,534.80","1,557.55","3,945,900"
"03-Jun-2019","1,563.70","1,570.00","1,546.40","1,559.40","2,617,068"
"04-Jun-2019","1,561.00","1,585.00","1,558.00","1,569.80","3,854,101"
"06-Jun-2019","1,569.65","1,571.80","1,511.60","1,515.90","3,268,594"
"07-Jun-2019","1,518.55","1,533.70","1,495.50","1,513.85","2,572,146"
"10-Jun-2019","1,525.00","1,542.00","1,521.30","1,532.10","1,608,705"
"11-Jun-2019","1,540.20","1,540.20","1,522.00","1,524.30","1,745,105"
"12-Jun-2019","1,524.10","1,525.90","1,503.70","1,509.25","1,495,586"
"13-Jun-2019","1,509.00","1,529.00","1,504.60","1,517.55","1,828,211"
"14-Jun-2019","1,521.00","1,539.90","1,513.05","1,526.30","1,854,211"
"17-Jun-2019","1,530.00","1,537.00","1,495.25","1,498.75","2,048,759"
"18-Jun-2019","1,500.00","1,519.95","1,497.80","1,505.30","2,098,714"
"19-Jun-2019","1,513.95","1,530.00","1,497.00","1,505.15","2,140,698"
"20-Jun-2019","1,509.25","1,563.00","1,507.05","1,557.10","3,483,179"
"21-Jun-2019","1,560.00","1,569.95","1,530.00","1,539.75","3,028,524"
"24-Jun-2019","1,545.50","1,563.45","1,537.15","1,541.00","1,941,777"
"25-Jun-2019","1,545.80","1,552.00","1,521.10","1,535.00","2,384,122"
"26-Jun-2019","1,533.00","1,563.75","1,529.00","1,551.20","2,789,166"
"27-Jun-2019","1,560.00","1,568.95","1,540.65","1,550.90","3,763,146"
"28-Jun-2019","1,556.20","1,573.90","1,547.65","1,553.20","3,002,811"
"01-Jul-2019","1,563.45","1,569.00","1,552.25","1,556.65","1,537,022"
"02-Jul-2019","1,560.00","1,565.95","1,553.00","1,563.85","1,294,135"
"03-Jul-2019","1,565.00","1,583.90","1,560.20","1,578.05","2,800,104"
"04-Jul-2019","1,582.95","1,590.60","1,568.25","1,571.70","1,981,745"
"05-Jul-2019","1,581.00","1,591.65","1,545.55","1,558.35","3,693,134"
"08-Jul-2019","1,549.90","1,551.25","1,461.55","1,490.35","4,697,122"
"09-Jul-2019","1,486.60","1,538.40","1,485.35","1,526.60","4,329,323"
"10-Jul-2019","1,523.80","1,529.60","1,482.70","1,499.55","2,823,544"
"11-Jul-2019","1,512.00","1,512.95","1,490.10","1,495.20","2,156,264"
"12-Jul-2019","1,499.00","1,499.00","1,462.00","1,466.85","3,495,971"
"15-Jul-2019","1,471.00","1,473.95","1,431.90","1,440.60","3,950,399"
"16-Jul-2019","1,442.00","1,464.00","1,426.90","1,461.20","3,654,380"
"17-Jul-2019","1,461.00","1,470.55","1,452.00","1,455.45","2,225,647"
"18-Jul-2019","1,444.80","1,454.95","1,432.00","1,435.20","2,342,881"
"19-Jul-2019","1,446.40","1,446.80","1,402.10","1,411.55","3,199,700"
"22-Jul-2019","1,409.60","1,419.00","1,394.00","1,403.70","2,646,126"
"23-Jul-2019","1,414.80","1,414.80","1,386.20","1,409.50","4,013,444"
"24-Jul-2019","1,410.25","1,420.20","1,376.15","1,387.35","5,434,450"
"25-Jul-2019","1,395.10","1,402.90","1,369.00","1,372.40","4,181,824"
"26-Jul-2019","1,370.90","1,397.25","1,363.10","1,392.15","3,019,850"
"29-Jul-2019","1,393.45","1,398.00","1,360.50","1,371.50","1,987,927"
"30-Jul-2019","1,376.00","1,393.15","1,372.30","1,376.35","2,714,475"
"31-Jul-2019","1,371.65","1,397.95","1,367.10","1,387.30","2,693,653"
"01-Aug-2019","1,380.00","1,386.00","1,339.00","1,358.05","2,774,996"
"02-Aug-2019","1,352.60","1,376.90","1,340.00","1,370.25","2,776,965"
"05-Aug-2019","1,355.00","1,358.80","1,325.00","1,345.80","2,287,548"
"06-Aug-2019","1,342.70","1,399.40","1,340.05","1,377.50","4,152,548"
"07-Aug-2019","1,380.00","1,389.90","1,352.85","1,360.05","2,247,223"
"08-Aug-2019","1,370.00","1,372.00","1,340.10","1,360.65","2,788,577"
"09-Aug-2019","1,372.00","1,392.50","1,361.10","1,364.60","2,419,380"
"13-Aug-2019","1,370.00","1,370.00","1,307.00","1,313.25","3,135,817"
"14-Aug-2019","1,320.00","1,340.95","1,316.00","1,333.70","2,798,429"
"16-Aug-2019","1,335.00","1,339.90","1,320.50","1,335.25","2,654,524"
"19-Aug-2019","1,339.00","1,360.95","1,339.00","1,352.20","2,509,331"
"20-Aug-2019","1,352.95","1,355.55","1,334.00","1,342.50","2,145,169"
"21-Aug-2019","1,341.20","1,341.90","1,302.55","1,310.65","2,361,165"
"22-Aug-2019","1,302.00","1,327.45","1,283.15","1,294.25","3,780,476"
"23-Aug-2019","1,290.00","1,297.45","1,274.00","1,286.50","5,252,370"
"26-Aug-2019","1,310.00","1,343.20","1,276.55","1,333.65","3,759,248"
"27-Aug-2019","1,344.85","1,379.95","1,343.65","1,356.95","5,431,422"
"28-Aug-2019","1,362.10","1,370.00","1,336.10","1,344.65","2,272,465"
"29-Aug-2019","1,339.90","1,355.00","1,332.25","1,342.45","2,421,312"
"30-Aug-2019","1,344.95","1,356.90","1,302.90","1,328.25","3,715,119"
"03-Sep-2019","1,327.00","1,327.00","1,290.00","1,294.40","3,617,815"
"04-Sep-2019","1,296.00","1,314.30","1,292.40","1,308.05","2,786,181"
"05-Sep-2019","1,312.85","1,338.00","1,308.65","1,320.30","2,758,679"
"06-Sep-2019","1,328.45","1,334.00","1,320.35","1,328.65","1,694,661"
"09-Sep-2019","1,330.00","1,361.80","1,323.05","1,357.00","3,508,361"
"11-Sep-2019","1,364.00","1,383.80","1,356.00","1,363.65","2,545,642"
"12-Sep-2019","1,370.10","1,379.75","1,355.35","1,362.40","2,249,695"
"13-Sep-2019","1,362.00","1,366.95","1,344.10","1,363.45","1,771,658"
"16-Sep-2019","1,354.00","1,356.95","1,338.60","1,343.60","1,835,805"
"17-Sep-2019","1,344.00","1,345.00","1,310.20","1,313.70","2,210,178"
"18-Sep-2019","1,320.10","1,328.40","1,313.30","1,318.00","2,081,625"
"19-Sep-2019","1,320.00","1,320.20","1,298.00","1,300.70","1,808,736"
"20-Sep-2019","1,305.00","1,416.45","1,289.10","1,411.50","9,975,807"
"23-Sep-2019","1,452.00","1,551.00","1,451.00","1,528.50","12,082,820"
"24-Sep-2019","1,524.00","1,524.00","1,475.55","1,481.30","3,831,602"
"25-Sep-2019","1,480.90","1,481.70","1,446.65","1,450.10","2,746,428"
"26-Sep-2019","1,456.30","1,495.00","1,456.30","1,489.85","3,560,962"
"27-Sep-2019","1,484.05","1,491.70","1,462.00","1,472.65","2,167,976"
"30-Sep-2019","1,473.00","1,484.00","1,448.20","1,474.25","2,961,398"
"01-Oct-2019","1,480.00","1,496.45","1,439.15","1,464.05","2,578,275"
"03-Oct-2019","1,445.45","1,475.50","1,422.25","1,458.05","1,966,976"
"04-Oct-2019","1,463.80","1,474.00","1,420.10","1,424.90","3,266,487"
"07-Oct-2019","1,420.00","1,429.00","1,381.05","1,397.85","2,192,329"
"09-Oct-2019","1,401.00","1,433.40","1,399.10","1,426.25","1,818,865"
"10-Oct-2019","1,423.00","1,432.00","1,407.05","1,425.10","1,626,821"
"11-Oct-2019","1,431.00","1,450.00","1,420.20","1,427.70","2,024,214"
"14-Oct-2019","1,435.00","1,439.90","1,418.35","1,423.95","2,220,364"
"15-Oct-2019","1,429.10","1,444.80","1,420.65","1,432.25","1,797,471"
"16-Oct-2019","1,440.00","1,441.80","1,416.25","1,424.20","2,446,615"
"17-Oct-2019","1,428.00","1,438.60","1,420.20","1,424.35","2,304,434"
"18-Oct-2019","1,428.00","1,457.00","1,425.40","1,447.80","3,516,394"
"22-Oct-2019","1,448.50","1,467.80","1,439.15","1,442.55","2,858,390"
"23-Oct-2019","1,445.00","1,448.90","1,418.60","1,431.80","2,410,781"
"24-Oct-2019","1,460.00","1,467.00","1,426.35","1,432.25","3,646,005"
"25-Oct-2019","1,439.95","1,441.70","1,420.10","1,425.00","2,013,793"
"27-Oct-2019","1,436.70","1,438.95","1,428.85","1,434.40","398,268"
"29-Oct-2019","1,435.50","1,464.80","1,431.00","1,461.10","3,351,491"
"30-Oct-2019","1,469.95","1,491.95","1,465.00","1,474.25","3,722,066"
"31-Oct-2019","1,481.00","1,486.50","1,467.25","1,473.05","2,210,277"
"01-Nov-2019","1,476.70","1,481.05","1,445.00","1,449.40","2,287,220"
"04-Nov-2019","1,457.80","1,468.00","1,450.00","1,452.20","1,459,894"
"05-Nov-2019","1,455.00","1,459.60","1,432.00","1,439.80","2,401,916"
"06-Nov-2019","1,440.00","1,466.95","1,437.75","1,453.05","2,434,431"
"07-Nov-2019","1,459.95","1,459.95","1,431.00","1,435.05","1,999,085"
"08-Nov-2019","1,429.95","1,448.00","1,420.00","1,423.00","2,217,408"
"11-Nov-2019","1,419.20","1,430.75","1,408.05","1,417.00","2,097,492"
"13-Nov-2019","1,418.45","1,419.85","1,389.05","1,393.00","2,929,404"
"14-Nov-2019","1,397.00","1,405.95","1,376.95","1,380.45","3,000,518"
"15-Nov-2019","1,383.60","1,392.70","1,366.20","1,377.65","3,409,434"
"18-Nov-2019","1,388.00","1,393.80","1,361.25","1,364.50","2,733,161"
"19-Nov-2019","1,364.50","1,378.20","1,361.50","1,365.75","2,396,206"
"20-Nov-2019","1,372.00","1,393.35","1,365.35","1,380.80","3,914,075"
"21-Nov-2019","1,405.00","1,417.90","1,385.00","1,392.70","5,719,318"
"22-Nov-2019","1,393.75","1,398.95","1,371.00","1,378.65","2,363,205"
"25-Nov-2019","1,378.50","1,389.00","1,371.10","1,380.85","2,956,576"
"26-Nov-2019","1,379.35","1,380.00","1,359.55","1,363.00","4,853,977"
"27-Nov-2019","1,365.00","1,370.00","1,314.15","1,335.50","7,904,745"
"28-Nov-2019","1,344.00","1,354.00","1,327.20","1,349.90","4,503,913"
"29-Nov-2019","1,350.00","1,350.20","1,328.00","1,330.55","2,515,083"
"02-Dec-2019","1,330.55","1,342.90","1,320.35","1,333.35","3,044,008"
"03-Dec-2019","1,333.45","1,333.45","1,310.00","1,313.20","3,068,849"
"04-Dec-2019","1,310.00","1,312.00","1,282.15","1,285.10","10,230,371"
"05-Dec-2019","1,294.00","1,313.00","1,285.15","1,302.20","6,644,324"
"06-Dec-2019","1,308.85","1,309.00","1,283.10","1,290.80","3,302,384"
"09-Dec-2019","1,294.00","1,298.90","1,271.80","1,276.00","3,038,475"
"10-Dec-2019","1,277.00","1,284.00","1,267.15","1,279.00","2,759,100"
"11-Dec-2019","1,282.95","1,288.75","1,255.00","1,264.30","3,949,135"
"12-Dec-2019","1,270.00","1,282.85","1,268.20","1,279.70","3,264,836"
"13-Dec-2019","1,287.95","1,308.00","1,285.30","1,305.30","3,655,956"
"16-Dec-2019","1,314.45","1,318.00","1,300.00","1,303.00","3,969,819"
"17-Dec-2019","1,309.20","1,325.00","1,303.80","1,317.95","3,719,446"
"18-Dec-2019","1,324.75","1,325.95","1,314.60","1,319.35","2,961,222"
"19-Dec-2019","1,316.75","1,321.00","1,307.10","1,311.75","1,936,623"
"20-Dec-2019","1,313.00","1,327.90","1,307.30","1,311.55","3,297,390"
"23-Dec-2019","1,307.90","1,322.00","1,305.00","1,311.25","3,394,916"
"24-Dec-2019","1,314.65","1,319.00","1,298.00","1,301.00","1,803,814"
"26-Dec-2019","1,299.65","1,306.70","1,277.00","1,279.30","3,723,801"
"27-Dec-2019","1,281.55","1,301.85","1,280.15","1,299.60","2,459,664"
"30-Dec-2019","1,301.90","1,307.20","1,296.50","1,302.30","2,072,838"
"31-Dec-2019","1,300.00","1,310.00","1,291.15","1,298.20","3,043,254"
"01-Jan-2020","1,308.40","1,318.90","1,303.00","1,309.95","3,123,998"
"02-Jan-2020","1,312.00","1,348.00","1,311.00","1,345.30","4,335,359"
"03-Jan-2020","1,344.95","1,344.95","1,330.15","1,335.05","2,059,871"
"06-Jan-2020","1,331.00","1,332.00","1,314.10","1,316.75","2,646,905"
"07-Jan-2020","1,328.00","1,339.50","1,313.75","1,320.50","2,077,893"
"08-Jan-2020","1,302.00","1,308.70","1,283.35","1,291.55","4,147,568"
"09-Jan-2020","1,311.00","1,319.90","1,305.10","1,316.15","2,067,779"
"10-Jan-2020","1,319.00","1,335.95","1,319.00","1,324.60","2,360,798"
"13-Jan-2020","1,329.00","1,339.40","1,328.70","1,334.70","1,825,244"
"14-Jan-2020","1,329.80","1,331.00","1,315.10","1,326.10","2,046,500"
"15-Jan-2020","1,325.60","1,336.15","1,320.00","1,323.60","2,127,677"
"16-Jan-2020","1,327.70","1,332.90","1,317.40","1,319.30","1,773,135"
"17-Jan-2020","1,320.60","1,325.95","1,302.00","1,304.20","2,941,837"
"20-Jan-2020","1,313.95","1,319.90","1,306.50","1,309.60","2,542,477"
"21-Jan-2020","1,304.75","1,313.90","1,300.45","1,302.35","1,361,576"
"22-Jan-2020","1,311.00","1,312.00","1,292.00","1,294.20","2,449,753"
"23-Jan-2020","1,307.00","1,339.85","1,306.00","1,332.30","10,056,067"
"24-Jan-2020","1,332.00","1,367.85","1,332.00","1,359.20","5,837,319"
"27-Jan-2020","1,340.00","1,364.90","1,340.00","1,348.60","2,510,013"
"28-Jan-2020","1,350.90","1,355.00","1,338.00","1,346.65","2,352,852"
"29-Jan-2020","1,353.10","1,374.95","1,352.10","1,365.70","3,678,474"
"30-Jan-2020","1,365.95","1,376.80","1,353.00","1,370.20","2,743,506"
"31-Jan-2020","1,375.95","1,377.00","1,360.45","1,369.30","3,939,306"
"01-Feb-2020","1,372.60","1,383.70","1,280.00","1,287.40","8,300,700"
"03-Feb-2020","1,290.00","1,303.90","1,272.00","1,286.65","5,767,353"
"04-Feb-2020","1,296.00","1,307.30","1,287.55","1,291.75","3,604,309"
"05-Feb-2020","1,297.90","1,325.00","1,295.00","1,310.05","4,220,104"
"06-Feb-2020","1,322.90","1,325.00","1,309.05","1,317.60","2,354,458"
"07-Feb-2020","1,313.05","1,314.40","1,296.00","1,299.00","3,053,804"
"10-Feb-2020","1,300.00","1,302.45","1,273.10","1,285.30","3,039,992"
"11-Feb-2020","1,292.00","1,298.95","1,284.00","1,286.90","2,200,796"
"12-Feb-2020","1,289.10","1,299.85","1,280.00","1,297.30","2,568,696"
"13-Feb-2020","1,299.00","1,299.85","1,285.00","1,292.25","1,545,536"
"14-Feb-2020","1,295.00","1,304.95","1,290.60","1,295.15","1,780,119"
"17-Feb-2020","1,297.00","1,297.85","1,277.00","1,280.20","2,155,085"
"18-Feb-2020","1,281.50","1,289.80","1,266.45","1,286.35","2,347,917"
"19-Feb-2020","1,298.00","1,299.00","1,276.60","1,281.40","1,820,353"
"20-Feb-2020","1,279.90","1,288.90","1,275.30","1,280.60","3,034,681"
"24-Feb-2020","1,271.90","1,271.90","1,252.65","1,259.70","3,414,064"
"25-Feb-2020","1,262.20","1,265.65","1,240.15","1,242.05","3,133,077"
"26-Feb-2020","1,235.00","1,238.00","1,206.00","1,211.15","5,721,483"
"27-Feb-2020","1,212.35","1,216.95","1,200.00","1,210.35","4,003,149"
"28-Feb-2020","1,189.65","1,196.45","1,162.00","1,187.55","6,286,647"
"02-Mar-2020","1,205.00","1,212.35","1,150.55","1,160.90","3,177,486"
"03-Mar-2020","1,166.00","1,186.80","1,162.05","1,181.30","3,134,527"
"04-Mar-2020","1,185.00","1,187.85","1,158.00","1,176.65","3,135,151"
"05-Mar-2020","1,180.10","1,187.25","1,166.20","1,182.45","2,625,152"
"06-Mar-2020","1,148.00","1,164.00","1,130.85","1,158.90","3,956,575"
"09-Mar-2020","1,135.80","1,135.80","1,067.30","1,101.95","8,038,432"
"11-Mar-2020","1,090.00","1,120.95","1,085.80","1,116.95","5,628,178"
"12-Mar-2020","1,070.00","1,070.05","1,004.10","1,016.55","9,200,492"
"13-Mar-2020","950.00","1,060.45","890.00","1,051.45","8,117,968"
"16-Mar-2020","1,014.25","1,042.00","961.90","968.70","6,672,579"
"17-Mar-2020","972.00","1,005.00","940.15","956.75","4,720,357"
"18-Mar-2020","968.00","974.75","900.00","904.55","5,586,629"
"19-Mar-2020","873.90","884.00","837.70","843.10","7,252,149"
"20-Mar-2020","849.00","877.80","831.30","864.70","6,130,498"
"23-Mar-2020","809.00","809.95","706.00","724.05","7,310,033"
"24-Mar-2020","755.00","755.75","672.00","707.90","7,113,438"
"25-Mar-2020","697.20","775.00","661.00","765.75","16,122,626"
"26-Mar-2020","787.75","842.30","754.15","838.00","9,028,697"
"27-Mar-2020","867.90","890.00","812.00","837.05","6,573,602"
"30-Mar-2020","801.00","815.00","791.00","798.65","4,474,168"
"31-Mar-2020","820.00","823.00","791.20","808.50","8,045,539"
"01-Apr-2020","806.85","812.40","766.55","774.35","4,104,461"
"03-Apr-2020","791.10","791.10","762.80","774.65","4,268,501"
"07-Apr-2020","805.00","813.00","791.00","801.65","5,769,216"
"08-Apr-2020","804.00","832.00","797.70","807.10","6,151,093"
"09-Apr-2020","834.35","834.35","804.40","812.80","6,410,629"
"13-Apr-2020","812.80","872.40","807.95","865.45","9,462,929"
"15-Apr-2020","890.95","926.60","869.00","880.15","10,435,586"
"16-Apr-2020","875.95","919.80","870.15","911.65","6,980,628"
"17-Apr-2020","930.00","940.00","916.00","932.90","5,827,735"
"20-Apr-2020","940.80","943.00","911.00","915.60","4,958,437"
"21-Apr-2020","897.00","906.60","863.00","870.35","5,122,597"
"22-Apr-2020","873.00","885.50","850.00","852.60","6,090,177"
"23-Apr-2020","860.00","869.50","835.00","840.60","6,322,048"
"24-Apr-2020","838.00","869.00","834.15","851.20","7,960,660"
"27-Apr-2020","861.95","874.90","852.25","855.25","4,224,467"
"28-Apr-2020","863.80","867.70","852.10","857.15","3,773,038"
"29-Apr-2020","862.00","883.05","854.00","875.35","4,841,417"
"30-Apr-2020","890.20","916.80","884.10","897.55","6,333,023"
"04-May-2020","880.00","880.00","845.00","850.65","4,678,679"
"05-May-2020","861.00","869.80","835.00","836.90","4,296,534"
"06-May-2020","838.00","848.00","817.60","837.30","5,081,614"
"07-May-2020","833.00","836.05","820.10","822.85","3,529,156"
"08-May-2020","833.00","834.85","810.00","815.95","4,394,534"
"11-May-2020","821.20","827.50","816.35","821.60","2,882,960"
"12-May-2020","817.00","819.25","804.00","814.80","3,024,386"
"13-May-2020","863.70","871.95","850.50","862.90","8,625,530"
"14-May-2020","858.90","879.60","841.50","871.65","6,778,688"
"15-May-2020","881.95","885.00","854.00","864.40","5,654,025"
"18-May-2020","869.90","870.00","810.00","813.35","6,211,450"
"19-May-2020","827.10","833.80","791.70","796.35","5,533,176"
"20-May-2020","800.00","841.00","800.00","835.00","5,950,015"
"21-May-2020","835.95","845.00","818.10","820.50","4,701,980"
"22-May-2020","815.00","826.50","810.10","815.70","4,609,134"
"26-May-2020","821.90","842.70","821.00","825.55","4,335,430"
"27-May-2020","831.95","857.20","827.00","850.85","5,159,303"
"28-May-2020","855.00","912.00","855.00","905.50","11,481,632"
"29-May-2020","893.20","937.50","891.00","932.25","10,166,680"
"01-Jun-2020","944.65","974.15","924.00","928.15","7,617,393"
"02-Jun-2020","935.00","953.00","913.05","945.45","7,325,689"
"03-Jun-2020","955.95","972.85","955.00","961.30","4,651,583"
"04-Jun-2020","961.05","968.00","928.60","930.70","5,355,971"
"05-Jun-2020","940.00","959.90","936.60","955.25","6,071,134"
"08-Jun-2020","979.50","995.00","949.00","961.35","9,859,059"
"09-Jun-2020","964.50","970.25","949.70","953.30","5,118,269"
"10-Jun-2020","957.00","959.50","935.70","946.55","5,176,121"
"11-Jun-2020","944.00","952.00","928.20","930.45","3,603,243"
"12-Jun-2020","890.00","929.90","890.00","926.40","5,411,426"
"15-Jun-2020","921.80","929.45","894.10","899.90","4,982,534"
"16-Jun-2020","920.00","924.70","891.15","895.05","4,661,880"
"17-Jun-2020","892.70","899.75","881.10","884.80","4,681,399"
"18-Jun-2020","876.00","900.00","874.00","896.65","5,870,459"
"19-Jun-2020","902.00","915.90","895.10","898.20","5,410,276"
"22-Jun-2020","905.00","916.00","896.00","907.45","6,841,671"
"23-Jun-2020","910.00","970.00","909.00","967.60","14,580,386"
"24-Jun-2020","979.00","989.90","952.00","955.55","11,985,144"
"25-Jun-2020","949.90","964.80","936.25","943.10","7,508,089"
"26-Jun-2020","955.00","976.10","940.50","962.20","6,554,208"
"29-Jun-2020","950.00","956.10","930.00","936.60","4,575,981"
"30-Jun-2020","948.70","952.15","931.40","943.65","3,656,535"
"01-Jul-2020","941.00","941.00","917.00","924.30","6,426,447"
"02-Jul-2020","936.00","950.70","926.00","941.30","6,542,838"
"03-Jul-2020","948.00","955.40","941.60","944.25","3,928,373"
"06-Jul-2020","953.10","959.50","946.65","951.20","3,901,314"
"07-Jul-2020","955.00","961.90","940.00","943.60","4,051,823"
"08-Jul-2020","944.95","964.40","938.00","941.25","5,227,150"
"09-Jul-2020","945.00","952.00","940.00","944.95","3,777,810"
"10-Jul-2020","940.00","952.00","930.55","932.15","4,537,693"
"13-Jul-2020","940.00","944.80","925.00","928.15","3,821,343"
"14-Jul-2020","928.00","934.95","905.85","912.90","3,646,381"
"15-Jul-2020","918.05","925.00","909.30","912.20","3,229,981"
"16-Jul-2020","913.00","924.00","898.45","921.15","3,134,583"
"17-Jul-2020","922.10","929.95","918.00","925.55","2,040,652"
"20-Jul-2020","929.00","931.90","915.00","919.60","3,036,076"
"21-Jul-2020","927.00","942.30","920.60","938.05","4,759,427"
"22-Jul-2020","939.20","941.00","910.00","920.90","4,977,538"
"23-Jul-2020","912.00","937.95","911.35","916.55","9,075,111"
"24-Jul-2020","914.40","914.50","898.05","904.40","6,059,497"
"27-Jul-2020","908.00","915.00","896.30","903.80","3,615,980"
"28-Jul-2020","908.80","917.00","899.00","913.50","3,793,771"
"29-Jul-2020","919.60","940.85","917.25","921.95","7,245,293"
"30-Jul-2020","929.00","932.70","904.20","908.25","3,364,418"
"31-Jul-2020","913.90","922.90","907.05","913.45","2,944,063"
"03-Aug-2020","913.00","919.75","903.55","915.90","3,583,271"
"04-Aug-2020","918.00","930.00","916.60","924.25","3,860,457"
"05-Aug-2020","923.95","934.50","920.80","925.75","3,008,672"
"06-Aug-2020","926.05","933.70","920.25","922.15","2,188,238"
"07-Aug-2020","922.55","926.85","914.10","915.65","2,461,159"
"10-Aug-2020","925.00","970.00","925.00","960.05","11,861,752"
"11-Aug-2020","969.60","979.70","957.10","961.90","5,427,537"
"12-Aug-2020","952.00","956.00","945.00","949.75","3,673,009"
"13-Aug-2020","957.00","993.65","951.55","990.70","8,816,753"
"14-Aug-2020","999.95","1,017.00","973.40","982.80","13,444,105"
"17-Aug-2020","1,002.00","1,007.00","987.70","1,000.80","4,735,275"
"18-Aug-2020","1,005.95","1,008.00","995.40","1,004.55","4,362,052"
"19-Aug-2020","1,017.25","1,024.95","1,005.40","1,009.10","4,914,253"
"20-Aug-2020","986.00","1,005.00","981.00","995.75","4,791,067"
"21-Aug-2020","1,010.00","1,010.00","992.00","994.15","2,806,880"
"24-Aug-2020","996.00","1,001.40","990.00","991.35","2,026,316"
"25-Aug-2020","993.00","999.90","977.80","980.40","2,914,757"
"26-Aug-2020","987.00","988.00","965.00","968.95","4,482,342"
"27-Aug-2020","975.25","980.00","965.30","975.60","4,466,694"
"28-Aug-2020","988.00","1,004.70","978.20","981.85","7,821,217"
"31-Aug-2020","988.10","995.40","940.40","944.95","8,490,694"
"01-Sep-2020","964.95","966.00","943.30","955.20","5,100,024"
"02-Sep-2020","956.45","959.80","948.00","955.55","2,107,726"
"03-Sep-2020","960.00","971.00","953.30","961.15","3,279,009"
"04-Sep-2020","948.00","956.15","940.00","942.50","3,130,771"
"07-Sep-2020","947.15","950.75","916.25","932.15","3,470,842"
"08-Sep-2020","936.00","936.00","912.95","916.70","3,739,099"
"09-Sep-2020","907.55","928.00","901.00","909.50","5,656,608"
"10-Sep-2020","917.70","923.00","912.00","920.95","2,948,624"
"11-Sep-2020","920.00","921.55","912.00","917.40","2,632,367"
"14-Sep-2020","922.40","923.35","901.00","902.10","5,006,822"
"15-Sep-2020","910.00","915.20","900.00","909.95","4,488,940"
"16-Sep-2020","915.00","924.00","911.35","921.80","3,596,210"
"17-Sep-2020","915.00","917.95","905.05","906.30","4,512,699"
"18-Sep-2020","911.20","914.10","897.00","900.70","7,496,745"
"21-Sep-2020","901.00","903.80","874.30","881.85","4,598,553"
"22-Sep-2020","887.95","887.95","852.00","856.50","5,089,088"
"23-Sep-2020","866.20","873.70","854.55","860.60","3,709,625"
"24-Sep-2020","856.00","859.90","843.00","850.70","11,609,455"
"25-Sep-2020","860.10","895.40","852.00","889.25","4,961,986"
"28-Sep-2020","898.00","917.50","893.00","902.85","3,853,608"
"29-Sep-2020","909.95","912.85","892.40","895.45","3,362,403"
"30-Sep-2020","897.80","904.50","884.10","901.60","3,582,799"
"01-Oct-2020","909.95","913.60","900.70","902.80","2,506,559"
"05-Oct-2020","907.95","908.55","895.05","896.95","2,788,003"
"06-Oct-2020","901.05","904.55","888.25","892.60","3,497,327"
"07-Oct-2020","895.00","895.00","876.05","887.90","5,074,140"
"08-Oct-2020","890.30","894.00","879.05","881.05","3,918,967"
"09-Oct-2020","887.40","914.95","885.60","908.45","9,668,658"
"12-Oct-2020","916.95","925.75","902.05","905.75","6,188,907"
"13-Oct-2020","907.95","915.70","888.85","896.45","4,548,652"
"14-Oct-2020","897.00","917.00","887.20","915.20","5,287,050"
"15-Oct-2020","913.00","919.00","885.40","888.80","4,927,842"
"16-Oct-2020","894.00","903.50","889.50","894.10","2,373,465"
"19-Oct-2020","899.00","906.00","884.00","902.90","5,800,528"
"20-Oct-2020","919.00","935.50","913.00","917.30","13,188,768"
"21-Oct-2020","924.95","931.00","908.65","924.45","6,391,002"
"22-Oct-2020","922.00","939.00","920.15","936.30","6,151,489"
"23-Oct-2020","940.00","948.50","928.00","941.25","5,102,393"
"26-Oct-2020","949.85","959.25","943.00","951.75","6,976,099"
"27-Oct-2020","960.00","986.00","955.15","981.95","9,638,582"
"28-Oct-2020","989.95","994.65","974.20","982.85","7,369,226"
"29-Oct-2020","951.10","958.80","926.00","934.50","11,853,447"
"30-Oct-2020","941.00","946.80","924.20","929.50","4,797,494"
"02-Nov-2020","930.00","937.95","920.65","929.30","3,682,174"
"03-Nov-2020","944.90","952.90","932.50","947.75","4,049,112"
"04-Nov-2020","934.25","950.65","930.00","939.85","3,369,408"
"05-Nov-2020","952.00","959.80","944.30","958.10","2,889,134"
"06-Nov-2020","959.00","967.50","950.10","960.75","3,419,233"
"09-Nov-2020","971.00","974.60","962.40","965.85","3,040,456"
"10-Nov-2020","975.00","1,036.90","971.60","1,033.70","12,149,416"
"11-Nov-2020","1,040.00","1,062.80","1,021.25","1,059.45","10,254,627"
"12-Nov-2020","1,054.90","1,075.85","1,052.45","1,073.20","6,743,163"
"13-Nov-2020","1,065.05","1,068.15","1,038.10","1,051.50","5,025,096"
"14-Nov-2020","1,060.05","1,067.80","1,054.00","1,059.20","911,852"
"17-Nov-2020","1,063.00","1,096.85","1,061.05","1,080.90","7,611,327"
"18-Nov-2020","1,080.90","1,154.25","1,079.15","1,148.15","13,436,421"
"19-Nov-2020","1,125.05","1,177.00","1,107.70","1,134.25","10,841,151"
"20-Nov-2020","1,140.00","1,161.00","1,118.50","1,132.30","7,009,257"
"23-Nov-2020","1,138.80","1,147.85","1,122.85","1,125.85","4,998,877"
"24-Nov-2020","1,135.00","1,144.00","1,128.30","1,135.50","4,623,887"
"25-Nov-2020","1,141.50","1,147.80","1,112.45","1,116.00","4,651,911"
"26-Nov-2020","1,130.00","1,134.95","1,101.55","1,118.85","7,360,928"
"27-Nov-2020","1,129.00","1,139.80","1,092.00","1,122.40","18,995,549"
"01-Dec-2020","1,140.00","1,140.00","1,111.20","1,115.95","3,551,604"
"02-Dec-2020","1,120.05","1,132.05","1,104.10","1,113.75","4,434,968"
"03-Dec-2020","1,135.00","1,137.45","1,120.30","1,125.15","4,087,608"
"04-Dec-2020","1,130.00","1,162.00","1,128.75","1,149.50","6,542,918"
"07-Dec-2020","1,154.80","1,171.90","1,144.00","1,169.70","5,484,461"
"08-Dec-2020","1,174.95","1,182.50","1,148.05","1,171.40","4,982,626"
"09-Dec-2020","1,178.00","1,185.00","1,166.35","1,181.00","4,304,573"
"10-Dec-2020","1,182.00","1,193.75","1,170.05","1,190.35","4,921,373"
"11-Dec-2020","1,188.00","1,216.80","1,182.00","1,194.30","6,689,415"
"14-Dec-2020","1,198.10","1,263.90","1,198.10","1,249.65","9,723,233"
"15-Dec-2020","1,250.00","1,252.00","1,216.10","1,246.25","6,953,407"
"16-Dec-2020","1,256.25","1,278.00","1,247.05","1,268.25","5,729,223"
"17-Dec-2020","1,270.00","1,284.00","1,254.05","1,278.80","5,345,257"
"18-Dec-2020","1,283.95","1,301.00","1,270.00","1,281.55","10,315,248"
"21-Dec-2020","1,276.25","1,338.50","1,154.00","1,234.85","21,153,346"
"22-Dec-2020","1,235.25","1,268.00","1,213.55","1,262.70","7,998,730"
"23-Dec-2020","1,268.00","1,271.30","1,248.35","1,264.80","4,057,070"
"24-Dec-2020","1,275.00","1,281.00","1,253.50","1,262.20","3,277,840"
"28-Dec-2020","1,275.00","1,291.00","1,266.50","1,289.40","3,405,825"
"29-Dec-2020","1,294.95","1,295.05","1,267.70","1,284.85","3,778,319"
"30-Dec-2020","1,288.20","1,296.35","1,271.00","1,292.05","2,866,392"
"31-Dec-2020","1,293.00","1,304.00","1,282.00","1,287.60","3,889,877"
"01-Jan-2021","1,283.00","1,299.95","1,283.00","1,297.00","2,058,419"
"04-Jan-2021","1,305.00","1,322.55","1,302.00","1,314.60","4,014,636"
"05-Jan-2021","1,307.00","1,313.00","1,295.05","1,306.30","2,833,637"
"06-Jan-2021","1,308.00","1,330.00","1,300.00","1,314.00","4,615,963"
"07-Jan-2021","1,330.00","1,346.80","1,325.00","1,338.95","4,270,598"
"08-Jan-2021","1,349.80","1,382.95","1,347.00","1,373.40","4,984,995"
"11-Jan-2021","1,382.00","1,384.95","1,345.00","1,350.00","3,252,470"
"12-Jan-2021","1,354.00","1,366.85","1,344.05","1,349.80","2,836,161"
"13-Jan-2021","1,354.00","1,373.00","1,344.30","1,352.50","4,389,762"
"14-Jan-2021","1,358.00","1,389.70","1,356.25","1,376.60","5,168,591"
"15-Jan-2021","1,376.70","1,384.50","1,345.05","1,354.15","2,587,576"
"18-Jan-2021","1,345.20","1,353.85","1,326.15","1,336.05","3,185,998"
"19-Jan-2021","1,340.05","1,382.00","1,337.00","1,369.85","3,885,798"
"20-Jan-2021","1,369.00","1,393.05","1,362.55","1,382.65","3,957,992"
"21-Jan-2021","1,395.00","1,396.00","1,361.05","1,371.30","2,985,423"
"22-Jan-2021","1,362.00","1,375.00","1,348.50","1,362.10","3,282,665"
"25-Jan-2021","1,370.00","1,396.40","1,342.00","1,361.30","4,847,989"
"27-Jan-2021","1,368.80","1,392.70","1,330.10","1,359.85","8,896,211"
"28-Jan-2021","1,344.70","1,365.10","1,340.00","1,345.35","2,962,948"
"29-Jan-2021","1,362.00","1,369.00","1,325.10","1,334.70","5,130,876"
"01-Feb-2021","1,345.75","1,462.00","1,337.20","1,448.85","11,317,043"
"02-Feb-2021","1,474.00","1,593.00","1,474.00","1,520.20","14,349,665"
"03-Feb-2021","1,530.00","1,558.00","1,505.00","1,528.55","6,197,782"
"04-Feb-2021","1,525.00","1,550.00","1,510.00","1,529.80","3,957,579"
"05-Feb-2021","1,534.40","1,547.00","1,511.10","1,516.50","3,270,494"
"08-Feb-2021","1,521.15","1,570.00","1,520.00","1,551.80","5,223,019"
"09-Feb-2021","1,557.00","1,574.50","1,545.00","1,566.45","3,825,206"
"10-Feb-2021","1,560.00","1,564.00","1,528.70","1,552.85","2,578,777"
"11-Feb-2021","1,549.40","1,559.90","1,526.55","1,530.50","2,720,190"
"12-Feb-2021","1,535.00","1,544.00","1,516.10","1,521.35","1,867,284"
"15-Feb-2021","1,527.00","1,544.00","1,521.35","1,537.65","1,917,477"
"16-Feb-2021","1,540.00","1,574.00","1,539.00","1,549.45","3,838,556"
"17-Feb-2021","1,544.00","1,567.00","1,533.00","1,548.35","2,340,184"
"18-Feb-2021","1,542.20","1,551.20","1,515.15","1,524.60","2,446,843"
"19-Feb-2021","1,523.85","1,547.00","1,498.85","1,508.80","3,044,240"
"22-Feb-2021","1,510.90","1,511.95","1,447.10","1,452.20","6,168,108"
"23-Feb-2021","1,462.00","1,498.00","1,460.00","1,486.30","3,733,776"
"24-Feb-2021","1,486.70","1,532.00","1,486.70","1,526.60","2,380,414"
"25-Feb-2021","1,534.00","1,540.60","1,502.00","1,506.45","3,168,105"
"26-Feb-2021","1,482.00","1,493.50","1,435.15","1,442.50","5,579,058"
"01-Mar-2021","1,456.00","1,486.00","1,438.20","1,472.85","2,494,481"
"02-Mar-2021","1,479.30","1,489.65","1,458.15","1,485.65","2,089,473"
"03-Mar-2021","1,493.50","1,510.00","1,481.35","1,496.90","2,184,001"
"04-Mar-2021","1,473.00","1,494.35","1,458.00","1,462.60","3,530,366"
"05-Mar-2021","1,453.60","1,477.20","1,439.10","1,463.55","3,306,902"
"08-Mar-2021","1,478.00","1,525.00","1,470.00","1,515.20","4,150,049"
"09-Mar-2021","1,525.00","1,532.30","1,491.80","1,508.30","3,779,948"
"10-Mar-2021","1,523.00","1,534.75","1,507.50","1,524.20","2,210,547"
"12-Mar-2021","1,526.30","1,565.00","1,503.15","1,514.00","4,885,349"
"15-Mar-2021","1,520.00","1,528.10","1,463.30","1,483.75","3,181,524"
"16-Mar-2021","1,488.30","1,497.00","1,457.00","1,461.80","3,233,903"
"17-Mar-2021","1,476.00","1,492.95","1,431.75","1,437.65","5,178,384"
"18-Mar-2021","1,455.55","1,469.70","1,420.00","1,428.10","3,381,940"
"19-Mar-2021","1,415.00","1,421.85","1,378.60","1,411.25","9,920,812"
"22-Mar-2021","1,409.00","1,417.40","1,392.25","1,400.05","2,964,175"
"23-Mar-2021","1,401.90","1,416.50","1,398.10","1,404.35","2,564,844"
"24-Mar-2021","1,400.00","1,407.00","1,360.05","1,369.15","4,237,815"
"25-Mar-2021","1,361.00","1,389.00","1,361.00","1,371.10","3,894,604"
"26-Mar-2021","1,386.30","1,408.00","1,382.00","1,398.30","3,093,766"
"30-Mar-2021","1,408.00","1,428.20","1,395.55","1,423.55","2,801,283"
"31-Mar-2021","1,423.60","1,431.60","1,410.40","1,418.90","2,400,871"
"01-Apr-2021","1,432.00","1,447.85","1,420.50","1,444.60","1,380,763"
"05-Apr-2021","1,439.00","1,439.00","1,381.40","1,403.80","2,548,649"
"06-Apr-2021","1,405.90","1,416.30","1,393.30","1,401.00","1,824,079"
"07-Apr-2021","1,402.00","1,417.20","1,389.25","1,404.15","1,841,308"
"08-Apr-2021","1,410.00","1,434.80","1,410.00","1,419.15","1,644,834"
"09-Apr-2021","1,414.00","1,417.00","1,397.10","1,404.10","2,015,002"
"12-Apr-2021","1,393.95","1,393.95","1,332.00","1,345.15","3,755,497"
"13-Apr-2021","1,347.25","1,382.00","1,347.25","1,373.70","2,063,654"
"15-Apr-2021","1,378.95","1,391.10","1,358.10","1,374.65","2,625,838"
"16-Apr-2021","1,360.50","1,393.30","1,355.30","1,359.15","3,752,588"
"19-Apr-2021","1,340.00","1,346.20","1,306.00","1,310.45","4,157,065"
"20-Apr-2021","1,320.00","1,339.45","1,317.70","1,331.50","2,989,204"
"22-Apr-2021","1,310.00","1,339.50","1,307.25","1,336.80","2,398,100"
"23-Apr-2021","1,330.00","1,344.65","1,314.45","1,322.90","2,062,964"
"26-Apr-2021","1,330.05","1,341.20","1,323.00","1,335.90","1,431,562"
"27-Apr-2021","1,339.00","1,388.45","1,335.90","1,380.65","4,303,909"
"28-Apr-2021","1,384.85","1,399.95","1,372.50","1,375.90","3,220,346"
"29-Apr-2021","1,383.95","1,389.55","1,353.50","1,358.65","2,221,346"
"30-Apr-2021","1,350.00","1,365.00","1,336.10","1,340.45","1,968,093"
"03-May-2021","1,325.50","1,351.30","1,319.15","1,342.50","1,653,245"
"04-May-2021","1,350.00","1,350.90","1,331.00","1,337.60","2,029,558"
"05-May-2021","1,342.20","1,346.75","1,324.00","1,338.65","1,813,150"
"06-May-2021","1,344.00","1,356.55","1,335.75","1,339.90","2,333,882"
"07-May-2021","1,347.00","1,359.90","1,339.00","1,342.70","2,362,325"
"10-May-2021","1,347.00","1,398.85","1,347.00","1,395.00","3,929,224"
"11-May-2021","1,380.00","1,399.90","1,376.10","1,383.60","1,975,828"
"12-May-2021","1,380.00","1,425.00","1,377.00","1,385.30","4,283,174"
"14-May-2021","1,394.00","1,423.90","1,374.05","1,415.50","4,558,155"
"17-May-2021","1,433.00","1,441.00","1,368.20","1,386.75","9,620,003"
"18-May-2021","1,405.00","1,422.00","1,397.00","1,417.30","3,312,380"
"19-May-2021","1,414.00","1,435.00","1,400.00","1,403.45","3,215,258"
"20-May-2021","1,410.80","1,426.95","1,401.65","1,409.75","1,996,254"
"21-May-2021","1,415.00","1,424.70","1,407.10","1,418.05","2,185,322"
"24-May-2021","1,420.00","1,458.00","1,410.00","1,443.25","5,035,538"
"25-May-2021","1,460.00","1,461.95","1,442.10","1,450.95","2,892,219"
"26-May-2021","1,458.90","1,476.60","1,452.80","1,472.90","3,230,579"
"27-May-2021","1,475.95","1,485.00","1,461.75","1,482.85","3,747,221"
"28-May-2021","1,487.10","1,499.65","1,473.90","1,478.10","2,315,923"
"31-May-2021","1,472.30","1,476.00","1,457.55","1,467.70","2,405,318"
"01-Jun-2021","1,465.95","1,492.50","1,463.00","1,474.65","2,077,742"
"02-Jun-2021","1,468.30","1,474.60","1,455.05","1,471.05","2,469,417"
"03-Jun-2021","1,480.10","1,515.00","1,473.20","1,510.85","3,025,466"
"04-Jun-2021","1,518.95","1,547.25","1,516.90","1,537.55","5,677,538"
"07-Jun-2021","1,545.45","1,569.50","1,540.75","1,557.80","3,131,245"
"08-Jun-2021","1,561.00","1,583.00","1,546.05","1,549.15","3,945,382"
"09-Jun-2021","1,550.00","1,555.00","1,513.30","1,519.30","3,025,732"
"10-Jun-2021","1,525.00","1,534.00","1,515.00","1,519.70","1,584,311"
"11-Jun-2021","1,521.00","1,527.15","1,498.65","1,503.45","1,909,384"
"14-Jun-2021","1,503.45","1,519.50","1,478.00","1,515.75","2,005,404"
"15-Jun-2021","1,520.00","1,523.70","1,505.85","1,510.80","1,831,871"
"16-Jun-2021","1,505.85","1,516.00","1,488.00","1,490.90","1,504,791"
"17-Jun-2021","1,481.00","1,499.85","1,480.25","1,487.55","1,675,778"
"18-Jun-2021","1,487.55","1,490.95","1,460.10","1,476.00","4,649,835"
"21-Jun-2021","1,460.00","1,469.40","1,447.25","1,467.05","1,970,012"
"22-Jun-2021","1,470.10","1,504.80","1,469.55","1,499.20","3,862,264"
"23-Jun-2021","1,505.00","1,507.00","1,476.10","1,479.25","1,818,874"
"24-Jun-2021","1,490.00","1,513.20","1,482.00","1,504.05","2,762,042"
"25-Jun-2021","1,510.50","1,529.30","1,507.50","1,523.85","2,099,002"
"28-Jun-2021","1,526.00","1,527.95","1,510.35","1,514.45","1,173,658"
"29-Jun-2021","1,513.00","1,529.80","1,503.90","1,510.90","2,174,022"
"30-Jun-2021","1,516.00","1,523.40","1,495.50","1,500.55","2,139,362"
"01-Jul-2021","1,497.10","1,503.00","1,480.15","1,492.30","2,060,651"
"02-Jul-2021","1,500.00","1,500.65","1,475.50","1,485.65","1,814,564"
"05-Jul-2021","1,490.00","1,514.00","1,488.00","1,507.95","1,605,396"
"06-Jul-2021","1,506.00","1,519.00","1,500.00","1,505.50","1,072,506"
"07-Jul-2021","1,495.00","1,519.70","1,495.00","1,516.45","1,096,808"
"08-Jul-2021","1,503.00","1,524.00","1,497.00","1,500.70","1,456,033"
"09-Jul-2021","1,497.90","1,502.85","1,485.50","1,499.60","1,248,405"
"12-Jul-2021","1,504.40","1,516.00","1,491.60","1,500.75","865,284"
"13-Jul-2021","1,515.00","1,515.00","1,501.35","1,513.60","995,833"
"14-Jul-2021","1,513.55","1,549.90","1,508.00","1,544.70","4,010,254"
"15-Jul-2021","1,550.00","1,625.00","1,549.95","1,609.35","9,066,480"
"16-Jul-2021","1,609.35","1,622.80","1,595.10","1,618.75","4,157,388"
"19-Jul-2021","1,600.00","1,639.40","1,597.60","1,609.60","3,027,093"
"20-Jul-2021","1,609.85","1,622.65","1,582.00","1,590.35","1,847,026"
"22-Jul-2021","1,610.00","1,647.15","1,591.55","1,642.15","3,231,269"
"23-Jul-2021","1,644.00","1,645.95","1,606.85","1,611.75","2,259,058"
"26-Jul-2021","1,611.75","1,627.30","1,592.80","1,597.60","2,219,416"
"27-Jul-2021","1,610.15","1,619.00","1,584.25","1,608.25","3,984,778"
"28-Jul-2021","1,592.45","1,601.30","1,553.00","1,594.20","4,119,892"
"29-Jul-2021","1,594.00","1,607.35","1,586.00","1,596.00","1,672,177"
"30-Jul-2021","1,598.00","1,624.90","1,585.00","1,601.45","2,536,568"
"02-Aug-2021","1,606.30","1,618.00","1,602.05","1,613.95","1,083,353"
"03-Aug-2021","1,625.00","1,638.70","1,610.30","1,634.35","1,777,140"
"04-Aug-2021","1,640.00","1,644.30","1,613.60","1,623.20","2,067,087"
"05-Aug-2021","1,620.00","1,632.85","1,608.80","1,627.40","1,831,728"
"06-Aug-2021","1,627.00","1,639.00","1,608.30","1,610.35","1,192,143"
"09-Aug-2021","1,620.00","1,624.00","1,590.00","1,597.45","1,223,794"
"10-Aug-2021","1,606.00","1,609.90","1,572.00","1,588.45","1,429,931"
"11-Aug-2021","1,590.20","1,597.90","1,562.75","1,583.30","1,370,930"
"12-Aug-2021","1,590.00","1,627.00","1,582.00","1,623.45","1,645,811"
"13-Aug-2021","1,626.00","1,676.80","1,625.00","1,668.40","5,439,442"
"16-Aug-2021","1,674.00","1,677.05","1,653.35","1,656.10","1,794,407"
"17-Aug-2021","1,658.00","1,665.00","1,625.05","1,638.75","1,838,525"
"18-Aug-2021","1,647.00","1,661.10","1,627.10","1,632.85","1,570,228"
"20-Aug-2021","1,618.90","1,623.00","1,590.00","1,593.60","2,416,059"
"23-Aug-2021","1,600.10","1,619.00","1,567.90","1,580.75","1,973,841"
"24-Aug-2021","1,590.00","1,613.35","1,582.80","1,605.80","1,580,003"
"25-Aug-2021","1,614.95","1,626.00","1,590.00","1,593.80","1,795,313"
"26-Aug-2021","1,593.80","1,602.95","1,585.00","1,595.75","2,051,262"
"27-Aug-2021","1,604.00","1,666.70","1,598.05","1,638.10","4,903,187"
"30-Aug-2021","1,646.70","1,684.95","1,645.10","1,660.10","3,345,934"
"31-Aug-2021","1,660.05","1,676.00","1,645.00","1,672.20","3,264,644"
"01-Sep-2021","1,672.25","1,718.00","1,672.20","1,686.40","3,530,101"
"02-Sep-2021","1,687.90","1,710.00","1,682.00","1,686.20","2,400,278"
"03-Sep-2021","1,697.00","1,704.30","1,672.10","1,691.50","2,336,258"
"06-Sep-2021","1,700.00","1,716.00","1,690.20","1,694.20","1,850,835"
"07-Sep-2021","1,694.20","1,705.00","1,679.45","1,681.70","1,734,879"
"08-Sep-2021","1,682.00","1,694.70","1,658.00","1,666.55","1,644,392"
"09-Sep-2021","1,655.20","1,680.60","1,655.20","1,670.05","1,225,239"
"13-Sep-2021","1,662.05","1,675.65","1,660.50","1,671.70","1,578,773"
"14-Sep-2021","1,676.00","1,698.80","1,675.40","1,696.45","1,407,269"
"15-Sep-2021","1,700.00","1,724.60","1,697.00","1,717.00","2,757,989"
"16-Sep-2021","1,709.60","1,728.50","1,709.25","1,721.25","2,128,381"
"17-Sep-2021","1,724.00","1,741.70","1,706.10","1,716.20","3,473,932"
"20-Sep-2021","1,700.20","1,735.00","1,699.95","1,704.35","1,820,374"
"21-Sep-2021","1,698.60","1,730.75","1,692.40","1,720.90","2,029,747"
"22-Sep-2021","1,720.90","1,730.00","1,706.00","1,710.90","1,487,933"
"23-Sep-2021","1,718.30","1,775.00","1,715.05","1,769.70","3,702,946"
"24-Sep-2021","1,780.00","1,810.00","1,750.00","1,768.75","3,612,494"
"27-Sep-2021","1,772.00","1,782.75","1,737.00","1,739.60","1,650,711"
"28-Sep-2021","1,745.30","1,759.05","1,719.00","1,737.15","1,442,615"
"29-Sep-2021","1,732.00","1,742.00","1,716.60","1,721.00","1,698,747"
"30-Sep-2021","1,719.95","1,734.25","1,697.00","1,702.95","1,792,078"
"01-Oct-2021","1,697.50","1,712.50","1,687.50","1,696.90","1,563,937"
"04-Oct-2021","1,696.50","1,723.95","1,684.05","1,715.25","1,588,493"
"05-Oct-2021","1,714.50","1,740.00","1,706.00","1,716.70","1,705,242"
"06-Oct-2021","1,716.70","1,735.90","1,690.00","1,695.05","1,845,661"
"07-Oct-2021","1,710.00","1,729.30","1,700.00","1,712.45","1,378,863"
"08-Oct-2021","1,740.00","1,741.00","1,720.00","1,726.90","1,755,402"
"11-Oct-2021","1,733.75","1,746.85","1,715.00","1,716.90","1,528,151"
"12-Oct-2021","1,710.50","1,725.55","1,700.00","1,718.20","1,671,988"
"13-Oct-2021","1,727.00","1,763.90","1,724.05","1,752.05","2,105,025"
"14-Oct-2021","1,775.00","1,817.90","1,767.45","1,789.30","4,440,909"
"18-Oct-2021","1,807.15","1,810.50","1,782.00","1,788.45","1,918,546"
"19-Oct-2021","1,809.80","1,885.00","1,802.05","1,846.05","6,639,827"
"20-Oct-2021","1,855.00","1,868.65","1,796.30","1,806.70","3,295,376"
"21-Oct-2021","1,815.00","1,826.50","1,791.05","1,805.75","2,774,633"
"22-Oct-2021","1,816.00","1,831.50","1,781.35","1,792.25","1,520,637"
"25-Oct-2021","1,792.25","1,812.80","1,760.35","1,784.15","2,488,386"
"26-Oct-2021","1,785.00","1,811.90","1,781.55","1,796.25","1,930,107"
"27-Oct-2021","1,801.00","1,814.00","1,775.10","1,784.55","1,408,879"
"28-Oct-2021","1,799.55","1,862.00","1,791.00","1,814.25","6,379,424"
"29-Oct-2021","1,822.00","1,824.90","1,735.80","1,766.65","3,984,689"
"01-Nov-2021","1,776.00","1,805.00","1,751.20","1,795.35","2,316,925"
"02-Nov-2021","1,800.00","1,824.45","1,795.40","1,815.65","1,687,119"
"03-Nov-2021","1,818.00","1,915.00","1,818.00","1,889.50","11,580,233"
"04-Nov-2021","1,900.00","1,920.85","1,900.00","1,908.95","764,191"
"08-Nov-2021","1,944.55","1,953.90","1,912.20","1,924.55","3,674,523"
"09-Nov-2021","1,933.50","1,964.10","1,930.30","1,943.60","3,550,645"
"10-Nov-2021","1,932.70","1,954.00","1,932.00","1,950.15","3,208,195"
"11-Nov-2021","1,947.85","1,981.75","1,925.65","1,931.70","7,061,537"
"12-Nov-2021","1,940.00","1,965.00","1,928.10","1,959.95","2,026,320"
"15-Nov-2021","1,961.25","1,974.50","1,943.00","1,947.05","1,127,678"
"16-Nov-2021","1,950.00","1,979.95","1,944.00","1,955.30","2,279,531"
"17-Nov-2021","1,949.00","1,978.90","1,943.55","1,952.90","2,166,686"
"18-Nov-2021","1,952.90","1,954.00","1,893.00","1,897.00","1,883,794"
"22-Nov-2021","1,898.25","1,900.00","1,837.85","1,864.50","2,407,464"
"23-Nov-2021","1,850.00","1,895.60","1,844.50","1,886.35","2,028,470"
"24-Nov-2021","1,894.00","1,902.40","1,845.95","1,862.50","1,361,828"
"25-Nov-2021","1,855.00","1,866.85","1,838.20","1,849.90","1,930,012"
"26-Nov-2021","1,820.00","1,841.75","1,768.60","1,778.15","2,796,595"
"29-Nov-2021","1,778.00","1,790.05","1,735.15","1,767.25","2,111,420"
"30-Nov-2021","1,767.25","1,798.90","1,751.30","1,764.75","3,385,628"
"01-Dec-2021","1,764.00","1,794.00","1,762.05","1,786.00","1,359,786"
"02-Dec-2021","1,785.95","1,794.00","1,763.00","1,789.20","2,813,690"
"03-Dec-2021","1,799.95","1,844.80","1,796.55","1,801.25","3,612,772"
"06-Dec-2021","1,799.00","1,821.00","1,778.00","1,782.65","1,566,109"
"07-Dec-2021","1,790.20","1,810.00","1,772.10","1,798.10","2,097,201"
"08-Dec-2021","1,802.00","1,841.00","1,802.00","1,825.05","3,433,206"
"09-Dec-2021","1,835.00","1,884.15","1,827.95","1,879.80","3,791,595"
"10-Dec-2021","1,879.80","1,890.85","1,861.05","1,873.40","1,771,926"
"13-Dec-2021","1,893.70","1,896.25","1,855.05","1,861.50","1,857,829"
"14-Dec-2021","1,850.00","1,874.00","1,846.20","1,865.70","1,685,243"
"15-Dec-2021","1,866.00","1,898.75","1,863.65","1,880.80","2,176,709"
"16-Dec-2021","1,892.00","1,908.00","1,866.30","1,873.90","2,469,902"
"17-Dec-2021","1,866.50","1,874.70","1,831.70","1,847.10","2,352,938"
"20-Dec-2021","1,821.00","1,829.65","1,771.50","1,799.35","2,488,158"
"21-Dec-2021","1,817.90","1,852.20","1,812.50","1,827.55","2,077,840"
"22-Dec-2021","1,827.55","1,879.55","1,827.55","1,871.00","1,692,505"
"23-Dec-2021","1,883.00","1,887.85","1,862.10","1,878.45","1,677,127"
"24-Dec-2021","1,888.75","1,888.75","1,850.00","1,859.40","1,203,991"
"27-Dec-2021","1,859.40","1,875.65","1,845.80","1,866.20","1,139,744"
"28-Dec-2021","1,872.10","1,909.00","1,872.10","1,899.50","1,916,098"
"29-Dec-2021","1,895.00","1,908.95","1,890.05","1,894.85","1,287,946"
"30-Dec-2021","1,892.30","1,901.70","1,880.90","1,885.70","1,805,349"
"31-Dec-2021","1,887.35","1,907.10","1,887.30","1,895.90","1,145,546"
"03-Jan-2022","1,895.00","1,937.45","1,893.65","1,922.85","1,906,676"
"04-Jan-2022","1,922.85","1,943.00","1,914.55","1,937.55","1,643,920"
"05-Jan-2022","1,940.70","1,951.00","1,927.65","1,948.60","1,711,667"
"06-Jan-2022","1,944.50","1,953.00","1,919.60","1,924.50","1,372,015"
"07-Jan-2022","1,929.05","1,934.95","1,897.15","1,904.90","1,447,123"
"10-Jan-2022","1,910.00","1,959.95","1,907.25","1,953.10","2,397,846"
"11-Jan-2022","1,949.00","1,970.00","1,937.65","1,961.15","2,232,435"
"12-Jan-2022","1,978.50","1,984.00","1,960.30","1,974.20","1,585,970"
"13-Jan-2022","1,975.55","2,029.00","1,975.55","2,018.40","2,373,324"
"14-Jan-2022","2,014.00","2,049.95","2,007.00","2,044.75","3,124,945"
"17-Jan-2022","2,044.75","2,071.95","2,042.00","2,069.40","1,858,651"
"18-Jan-2022","2,075.65","2,078.55","2,010.55","2,022.20","1,460,676"
"19-Jan-2022","2,019.90","2,027.00","1,987.00","2,020.90","2,336,679"
"20-Jan-2022","2,020.00","2,035.00","1,984.10","2,003.50","2,031,107"
"21-Jan-2022","1,982.15","1,994.80","1,943.05","1,956.05","2,209,132"
"24-Jan-2022","1,955.00","1,959.00","1,881.55","1,899.90","2,307,120"
"25-Jan-2022","1,895.00","1,931.30","1,850.10","1,925.30","2,998,042"
"27-Jan-2022","1,914.55","1,922.00","1,867.00","1,910.85","2,932,713"
"28-Jan-2022","1,916.10","1,948.00","1,891.30","1,897.55","2,233,620"
"31-Jan-2022","1,890.20","1,924.00","1,850.45","1,909.20","3,161,064"
"01-Feb-2022","1,928.65","1,999.90","1,917.00","1,990.50","5,392,787"
"02-Feb-2022","1,995.10","2,008.00","1,970.60","1,982.70","3,579,380"
"03-Feb-2022","1,981.50","1,985.00","1,930.00","1,933.65","2,262,217"
"04-Feb-2022","1,948.00","1,957.80","1,923.30","1,947.95","1,440,816"
"07-Feb-2022","1,932.50","1,947.50","1,874.55","1,884.50","2,641,464"
"08-Feb-2022","1,890.00","1,896.95","1,848.00","1,875.60","2,040,523"
"09-Feb-2022","1,884.50","1,899.90","1,875.60","1,888.80","1,390,810"
"10-Feb-2022","1,892.00","1,911.00","1,881.00","1,901.00","1,288,856"
"11-Feb-2022","1,889.00","1,889.00","1,850.00","1,871.25","1,744,894"
"14-Feb-2022","1,843.25","1,846.95","1,795.00","1,799.00","2,290,199"
"15-Feb-2022","1,810.00","1,882.00","1,806.15","1,876.05","2,602,134"
"16-Feb-2022","1,876.05","1,887.30","1,842.15","1,860.70","1,898,439"
"17-Feb-2022","1,869.00","1,884.90","1,854.10","1,868.70","1,459,905"
"18-Feb-2022","1,870.00","1,896.00","1,865.15","1,883.10","1,912,482"
"21-Feb-2022","1,874.95","1,883.90","1,848.85","1,863.95","1,262,585"
"22-Feb-2022","1,813.00","1,855.00","1,800.50","1,844.45","2,288,298"
"23-Feb-2022","1,849.00","1,852.00","1,816.15","1,820.30","1,583,872"
"24-Feb-2022","1,783.25","1,800.00","1,751.00","1,757.35","3,616,355"
"25-Feb-2022","1,782.00","1,798.70","1,765.00","1,777.05","2,476,882"
"28-Feb-2022","1,764.90","1,822.25","1,752.80","1,816.75","2,553,662"
"02-Mar-2022","1,800.00","1,826.95","1,768.50","1,784.50","3,152,628"
"03-Mar-2022","1,810.00","1,813.55","1,745.55","1,752.30","2,259,979"
"04-Mar-2022","1,740.00","1,754.05","1,703.00","1,711.75","3,906,819"
"07-Mar-2022","1,658.25","1,666.80","1,605.55","1,634.45","6,318,251"
"08-Mar-2022","1,627.90","1,666.00","1,595.00","1,658.50","4,421,730"
"09-Mar-2022","1,676.50","1,699.80","1,650.05","1,690.95","3,306,502"
"10-Mar-2022","1,740.00","1,758.00","1,707.00","1,728.20","2,776,325"
"11-Mar-2022","1,720.00","1,735.45","1,705.80","1,728.65","1,577,597"
"14-Mar-2022","1,735.00","1,754.00","1,715.50","1,746.75","1,558,334"
"15-Mar-2022","1,748.00","1,765.00","1,726.60","1,743.45","2,062,332"
"16-Mar-2022","1,761.00","1,770.65","1,746.20","1,756.20","2,101,909"
"17-Mar-2022","1,781.15","1,804.60","1,768.45","1,787.90","3,383,036"
"21-Mar-2022","1,805.00","1,805.00","1,745.00","1,756.30","2,301,462"
"22-Mar-2022","1,756.30","1,777.00","1,721.15","1,774.05","3,986,030"
"23-Mar-2022","1,780.00","1,791.55","1,759.15","1,767.25","1,574,226"
"24-Mar-2022","1,755.00","1,779.70","1,751.00","1,771.55","1,580,887"
"25-Mar-2022","1,775.60","1,777.90","1,739.00","1,751.10","1,483,897"
"28-Mar-2022","1,752.00","1,755.00","1,725.10","1,741.60","1,799,629"
"29-Mar-2022","1,748.70","1,754.10","1,733.00","1,746.65","2,071,779"
"30-Mar-2022","1,766.90","1,777.05","1,754.10","1,773.60","1,712,835"
"31-Mar-2022","1,779.95","1,781.35","1,758.00","1,767.65","1,401,916"
"01-Apr-2022","1,759.00","1,794.00","1,759.00","1,790.10","2,050,573"
"04-Apr-2022","1,784.00","1,829.85","1,776.60","1,826.35","1,955,281"
"05-Apr-2022","1,840.00","1,845.00","1,827.00","1,836.05","1,718,581"
"06-Apr-2022","1,833.00","1,858.00","1,827.70","1,852.80","2,245,496"
"07-Apr-2022","1,849.90","1,855.85","1,810.15","1,826.30","2,003,954"
"08-Apr-2022","1,835.40","1,838.90","1,818.05","1,830.75","1,903,321"
"11-Apr-2022","1,820.25","1,829.75","1,779.00","1,781.50","2,262,446"
"12-Apr-2022","1,780.00","1,781.50","1,733.60","1,747.70","4,215,141"
"13-Apr-2022","1,754.20","1,772.85","1,747.10","1,760.80","1,673,417"
"18-Apr-2022","1,746.30","1,749.95","1,715.00","1,738.35","1,808,707"
"19-Apr-2022","1,748.30","1,760.75","1,687.00","1,705.75","2,737,766"
"20-Apr-2022","1,709.95","1,712.40","1,671.35","1,691.60","3,832,617"
"21-Apr-2022","1,702.95","1,725.80","1,700.00","1,714.50","1,797,489"
"22-Apr-2022","1,701.00","1,716.40","1,690.40","1,694.35","1,474,689"
"25-Apr-2022","1,675.00","1,675.00","1,652.00","1,657.35","1,964,344"
"26-Apr-2022","1,680.00","1,703.10","1,664.00","1,699.95","2,440,990"
"27-Apr-2022","1,675.00","1,691.60","1,666.70","1,677.05","1,346,726"
"28-Apr-2022","1,690.00","1,731.00","1,680.00","1,719.25","3,117,433"
"29-Apr-2022","1,731.00","1,739.00","1,687.15","1,694.35","2,404,830"
"02-May-2022","1,668.60","1,685.95","1,655.05","1,679.45","1,399,802"
"04-May-2022","1,679.50","1,681.90","1,625.05","1,633.95","1,777,673"
"05-May-2022","1,650.70","1,671.20","1,633.00","1,637.65","1,707,752"
"06-May-2022","1,616.00","1,633.00","1,612.10","1,622.45","1,439,520"
"09-May-2022","1,607.55","1,629.85","1,591.25","1,616.15","1,400,010"
"10-May-2022","1,611.00","1,629.60","1,601.00","1,607.95","1,176,030"
"11-May-2022","1,600.50","1,609.00","1,557.35","1,570.80","2,988,788"
"12-May-2022","1,550.00","1,554.95","1,513.10","1,526.15","3,407,191"
"13-May-2022","1,530.00","1,574.90","1,502.00","1,534.50","4,328,846"
"16-May-2022","1,550.00","1,567.50","1,539.45","1,542.90","1,775,914"
"17-May-2022","1,545.00","1,607.90","1,545.00","1,604.10","1,608,711"
"18-May-2022","1,623.00","1,623.00","1,565.00","1,572.50","2,984,009"
"19-May-2022","1,550.00","1,562.75","1,540.35","1,547.95","1,798,843"
"20-May-2022","1,569.40","1,613.45","1,561.05","1,610.10","2,175,224"
"23-May-2022","1,629.00","1,660.00","1,605.60","1,644.15","4,177,811"
"24-May-2022","1,644.80","1,653.70","1,610.10","1,626.30","1,970,395"
"25-May-2022","1,633.00","1,639.70","1,571.10","1,574.75","1,417,130"
"26-May-2022","1,575.00","1,588.90","1,536.65","1,564.55","3,578,710"
"27-May-2022","1,575.20","1,606.00","1,574.00","1,600.30","1,279,218"
"30-May-2022","1,620.00","1,663.70","1,613.60","1,660.85","2,119,326"
"31-May-2022","1,660.50","1,674.40","1,645.00","1,654.50","3,534,742"
"01-Jun-2022","1,653.55","1,661.00","1,638.45","1,648.00","1,425,466"
"02-Jun-2022","1,632.00","1,649.45","1,623.70","1,637.15","1,852,251"
"03-Jun-2022","1,657.95","1,673.70","1,644.95","1,652.05","2,928,263"
"06-Jun-2022","1,652.15","1,662.30","1,634.10","1,640.20","1,538,005"
"07-Jun-2022","1,630.00","1,638.40","1,586.10","1,589.45","2,157,491"
"08-Jun-2022","1,595.00","1,607.80","1,570.10","1,584.55","2,122,442"
"09-Jun-2022","1,556.20","1,600.00","1,556.20","1,595.10","1,361,104"
"10-Jun-2022","1,570.00","1,594.50","1,569.05","1,585.10","1,337,799"
"13-Jun-2022","1,560.15","1,565.95","1,518.30","1,532.05","2,460,367"
"14-Jun-2022","1,532.05","1,554.30","1,525.20","1,544.65","1,983,405"
"15-Jun-2022","1,547.95","1,567.00","1,539.05","1,560.35","1,461,683"
"16-Jun-2022","1,568.40","1,575.00","1,516.75","1,527.40","2,329,325"
"17-Jun-2022","1,522.00","1,529.95","1,481.40","1,489.95","4,548,572"
"20-Jun-2022","1,490.00","1,497.85","1,456.35","1,471.80","1,837,431"
"21-Jun-2022","1,480.00","1,515.20","1,476.90","1,500.30","1,458,922"
"22-Jun-2022","1,490.00","1,490.95","1,468.00","1,478.75","1,906,619"
"23-Jun-2022","1,481.50","1,511.75","1,481.50","1,494.30","1,828,491"
"24-Jun-2022","1,501.75","1,512.00","1,489.00","1,494.85","1,731,440"
"27-Jun-2022","1,524.00","1,544.70","1,509.75","1,535.80","2,389,778"
"28-Jun-2022","1,530.00","1,557.50","1,524.10","1,551.50","2,072,405"
"29-Jun-2022","1,531.25","1,554.00","1,525.40","1,547.90","1,480,197"
"30-Jun-2022","1,549.05","1,566.90","1,542.10","1,558.25","3,308,971"
"01-Jul-2022","1,560.95","1,576.00","1,534.60","1,572.15","1,294,305"
"04-Jul-2022","1,572.10","1,587.45","1,550.20","1,581.70","1,269,969"
"05-Jul-2022","1,584.00","1,597.25","1,561.60","1,564.90","1,445,200"
"06-Jul-2022","1,565.55","1,590.50","1,551.80","1,556.15","2,422,594"
"07-Jul-2022","1,565.90","1,614.15","1,565.65","1,611.10","1,697,912"
"08-Jul-2022","1,621.00","1,702.00","1,618.00","1,687.45","6,516,138"
"11-Jul-2022","1,684.95","1,688.85","1,653.40","1,663.00","1,316,037"
"12-Jul-2022","1,655.00","1,672.90","1,649.05","1,653.75","781,516"
"13-Jul-2022","1,664.00","1,683.25","1,644.40","1,647.25","1,914,814"
"14-Jul-2022","1,651.85","1,667.35","1,634.60","1,646.15","1,170,472"
"15-Jul-2022","1,653.90","1,687.85","1,649.20","1,684.85","1,345,141"
"18-Jul-2022","1,696.05","1,734.60","1,690.00","1,727.65","3,200,640"
"19-Jul-2022","1,719.95","1,734.95","1,714.00","1,729.80","1,351,783"
"20-Jul-2022","1,740.35","1,746.85","1,727.95","1,739.95","1,509,911"
"21-Jul-2022","1,726.90","1,768.95","1,715.10","1,765.15","2,827,327"
"22-Jul-2022","1,765.50","1,779.55","1,752.55","1,767.75","1,495,629"
"25-Jul-2022","1,765.00","1,785.50","1,760.05","1,782.45","1,916,615"
"26-Jul-2022","1,780.75","1,780.75","1,741.90","1,751.25","1,585,897"
"27-Jul-2022","1,754.00","1,819.50","1,750.00","1,796.65","5,369,460"
"28-Jul-2022","1,805.00","1,816.00","1,786.95","1,801.25","1,831,059"
"29-Jul-2022","1,814.95","1,832.50","1,794.00","1,808.05","1,747,781"
"01-Aug-2022","1,808.00","1,817.85","1,790.30","1,814.70","1,341,943"
"02-Aug-2022","1,809.00","1,811.65","1,775.70","1,793.05","1,749,346"
"03-Aug-2022","1,793.05","1,804.00","1,773.00","1,789.80","1,264,299"
"04-Aug-2022","1,793.80","1,814.80","1,775.00","1,780.10","1,856,927"
"05-Aug-2022","1,782.95","1,807.00","1,775.30","1,787.45","1,430,542"
"08-Aug-2022","1,796.40","1,832.05","1,790.25","1,829.65","2,625,195"
"10-Aug-2022","1,830.00","1,867.00","1,822.25","1,855.15","3,422,074"
"11-Aug-2022","1,870.05","1,878.80","1,855.20","1,867.15","1,918,049"
"12-Aug-2022","1,865.00","1,869.00","1,838.00","1,846.45","1,041,383"
"16-Aug-2022","1,860.00","1,864.00","1,842.00","1,848.90","1,426,893"
"17-Aug-2022","1,861.45","1,867.35","1,850.05","1,855.70","1,748,371"
"18-Aug-2022","1,857.00","1,898.55","1,850.00","1,894.55","2,519,639"
"19-Aug-2022","1,894.10","1,942.00","1,892.75","1,936.05","4,134,598"
"22-Aug-2022","1,937.10","1,944.00","1,875.00","1,880.65","3,175,874"
"23-Aug-2022","1,870.00","1,911.95","1,865.70","1,877.05","1,811,509"
"24-Aug-2022","1,876.00","1,898.00","1,851.60","1,893.35","1,534,933"
"25-Aug-2022","1,900.00","1,918.00","1,873.00","1,877.90","1,121,363"
"26-Aug-2022","1,890.20","1,912.00","1,887.20","1,905.40","1,119,310"
"29-Aug-2022","1,870.00","1,890.00","1,861.00","1,881.50","1,183,546"
"30-Aug-2022","1,893.90","1,928.00","1,889.15","1,922.50","1,394,462"
"01-Sep-2022","1,905.00","1,930.50","1,892.10","1,912.95","2,014,905"
"02-Sep-2022","1,900.50","1,958.80","1,900.25","1,940.50","3,201,140"
"05-Sep-2022","1,947.95","1,972.75","1,942.10","1,968.35","2,474,746"
"06-Sep-2022","1,973.80","1,985.10","1,951.30","1,962.30","1,172,733"
"07-Sep-2022","1,941.10","1,961.35","1,934.00","1,958.10","1,238,549"
"08-Sep-2022","1,967.90","1,977.00","1,947.55","1,974.40","1,632,797"
"09-Sep-2022","1,977.35","1,987.40","1,944.00","1,949.75","980,869"
"12-Sep-2022","1,949.75","1,967.00","1,947.90","1,961.90","791,708"
"13-Sep-2022","1,968.90","1,995.00","1,963.10","1,991.35","1,761,021"
"14-Sep-2022","1,964.65","1,972.95","1,949.40","1,953.90","2,322,752"
"15-Sep-2022","1,959.10","1,984.70","1,954.80","1,957.50","1,566,565"
"16-Sep-2022","1,947.00","1,956.90","1,915.00","1,920.00","3,881,617"
"19-Sep-2022","1,921.10","1,931.95","1,905.00","1,910.70","1,755,456"
"20-Sep-2022","1,931.00","1,955.80","1,925.00","1,932.70","1,666,658"
"21-Sep-2022","1,921.10","1,946.30","1,891.60","1,895.65","1,618,385"
"22-Sep-2022","1,882.00","1,905.60","1,873.00","1,888.20","1,875,115"
"23-Sep-2022","1,890.00","1,895.45","1,852.55","1,856.85","1,948,766"
"26-Sep-2022","1,849.00","1,876.80","1,818.00","1,851.45","1,529,101"
"27-Sep-2022","1,856.00","1,864.00","1,832.50","1,841.20","1,443,698"
"28-Sep-2022","1,829.70","1,856.00","1,825.60","1,835.45","1,853,503"
"29-Sep-2022","1,844.65","1,857.40","1,797.40","1,815.50","2,377,718"
"30-Sep-2022","1,823.95","1,882.95","1,816.05","1,847.70","2,339,518"
"03-Oct-2022","1,852.00","1,852.00","1,814.00","1,819.30","1,850,414"
"04-Oct-2022","1,835.30","1,880.95","1,835.30","1,871.55","1,637,532"
"06-Oct-2022","1,882.00","1,919.00","1,878.10","1,912.95","2,771,898"
"07-Oct-2022","1,905.00","1,928.95","1,903.05","1,924.55","1,469,264"
"10-Oct-2022","1,905.00","1,917.00","1,883.50","1,909.65","1,656,954"
"11-Oct-2022","1,923.80","1,923.80","1,871.25","1,878.95","1,047,963"
"12-Oct-2022","1,880.00","1,916.00","1,858.05","1,911.25","1,907,748"
"13-Oct-2022","1,901.00","1,912.00","1,868.25","1,876.15","1,303,645"
"14-Oct-2022","1,900.00","1,936.75","1,898.45","1,911.60","1,819,114"
"17-Oct-2022","1,902.90","1,914.00","1,878.40","1,883.20","2,588,147"
"18-Oct-2022","1,893.10","1,931.20","1,893.10","1,918.10","1,401,849"
"19-Oct-2022","1,920.00","1,947.00","1,901.65","1,904.90","1,636,141"
"20-Oct-2022","1,898.65","1,917.80","1,886.30","1,904.15","1,374,019"
"21-Oct-2022","1,913.70","1,925.00","1,867.10","1,876.75","2,225,676"
"24-Oct-2022","1,906.00","1,919.90","1,900.00","1,909.75","269,400"
"25-Oct-2022","1,915.00","1,954.65","1,891.55","1,949.10","2,136,147"
"27-Oct-2022","1,952.10","1,971.85","1,949.90","1,964.05","2,245,395"
"28-Oct-2022","1,972.00","1,986.00","1,963.80","1,975.05","2,013,794"
"31-Oct-2022","1,986.00","2,034.65","1,978.20","2,023.10","3,176,507"
"01-Nov-2022","2,032.00","2,056.00","1,990.05","2,024.45","4,464,211"
"02-Nov-2022","2,036.50","2,042.00","2,000.00","2,013.30","1,889,651"
"03-Nov-2022","2,006.00","2,022.50","1,993.00","2,008.70","1,052,241"
"04-Nov-2022","2,010.00","2,029.35","2,004.75","2,015.10","2,312,753"
"07-Nov-2022","2,021.40","2,032.00","1,993.00","2,017.65","1,395,070"
"09-Nov-2022","2,025.05","2,036.95","1,996.25","2,003.50","1,301,233"
"10-Nov-2022","1,995.00","2,001.85","1,970.20","1,977.65","1,261,210"
"11-Nov-2022","2,003.60","2,018.80","1,991.95","2,011.10","1,203,125"
"14-Nov-2022","2,013.05","2,021.90","1,995.25","1,999.80","1,175,155"
"15-Nov-2022","2,003.00","2,017.00","1,978.10","1,996.55","1,450,841"
"16-Nov-2022","1,986.00","2,009.85","1,985.05","2,003.60","1,195,832"
"17-Nov-2022","2,002.00","2,059.00","2,001.10","2,029.55","3,786,182"
"18-Nov-2022","2,039.00","2,050.95","2,006.85","2,024.45","1,248,459"
"21-Nov-2022","2,019.00","2,033.00","2,007.00","2,011.45","714,687"
"22-Nov-2022","2,021.55","2,033.15","2,019.60","2,029.80","1,337,869"
"23-Nov-2022","2,038.95","2,044.00","2,018.00","2,025.00","1,046,988"
"24-Nov-2022","2,030.50","2,060.00","2,028.40","2,052.20","1,611,889"
"25-Nov-2022","2,061.00","2,095.80","2,058.45","2,062.75","2,652,761"
"28-Nov-2022","2,064.35","2,072.00","2,052.00","2,064.45","1,105,372"
"29-Nov-2022","2,070.00","2,072.00","2,038.60","2,050.55","1,413,764"
"30-Nov-2022","2,053.00","2,086.00","2,045.00","2,074.85","2,104,550"
"01-Dec-2022","2,085.25","2,110.00","2,079.45","2,104.25","2,614,357"
"02-Dec-2022","2,096.10","2,098.90","2,069.15","2,085.50","1,957,264"
"05-Dec-2022","2,095.95","2,096.80","2,068.85","2,085.60","1,767,537"
"06-Dec-2022","2,081.00","2,100.00","2,067.00","2,093.50","1,530,731"
"07-Dec-2022","2,096.30","2,144.00","2,096.30","2,124.00","3,438,327"
"08-Dec-2022","2,120.00","2,175.00","2,120.00","2,167.70","3,743,754"
"09-Dec-2022","2,168.00","2,194.35","2,137.50","2,154.05","2,573,609"
"12-Dec-2022","2,148.90","2,169.00","2,134.55","2,163.70","1,536,090"
"13-Dec-2022","2,170.00","2,175.70","2,152.50","2,172.90","1,233,124"
"14-Dec-2022","2,176.95","2,210.00","2,175.05","2,195.45","1,516,631"
"15-Dec-2022","2,196.70","2,209.00","2,173.60","2,177.55","1,323,412"
"16-Dec-2022","2,161.00","2,211.60","2,161.00","2,175.00","2,822,390"
"19-Dec-2022","2,171.00","2,187.45","2,155.05","2,184.00","1,592,779"
"20-Dec-2022","2,179.90","2,179.90","2,138.00","2,163.25","1,747,181"
"21-Dec-2022","2,153.10","2,174.95","2,142.85","2,146.30","1,979,681"
"22-Dec-2022","2,144.00","2,148.35","2,096.90","2,109.95","1,993,744"
"23-Dec-2022","2,094.50","2,104.15","2,050.10","2,062.75","2,026,125"
"26-Dec-2022","2,052.75","2,108.00","2,051.00","2,091.05","1,154,610"
"27-Dec-2022","2,101.55","2,128.00","2,085.00","2,124.10","1,059,351"
"28-Dec-2022","2,129.00","2,136.00","2,113.65","2,121.10","1,153,883"
"29-Dec-2022","2,109.65","2,120.55","2,094.15","2,110.90","1,517,150"
"30-Dec-2022","2,115.00","2,133.00","2,081.10","2,085.80","1,189,427"
"02-Jan-2023","2,092.90","2,097.60","2,075.05","2,089.45","807,344"
"03-Jan-2023","2,088.00","2,096.80","2,067.95","2,088.95","1,260,225"
"04-Jan-2023","2,090.95","2,101.45","2,058.00","2,070.55","1,015,547"
"05-Jan-2023","2,080.00","2,099.20","2,068.50","2,087.35","1,881,403"
"06-Jan-2023","2,090.20","2,121.70","2,071.85","2,086.55","1,877,917"
"09-Jan-2023","2,108.00","2,127.30","2,100.75","2,121.70","1,844,365"
"10-Jan-2023","2,131.90","2,131.90","2,097.20","2,106.65","1,425,414"
"11-Jan-2023","2,106.10","2,140.00","2,097.10","2,125.35","1,455,621"
"12-Jan-2023","2,118.10","2,164.65","2,118.10","2,159.75","2,726,901"
"13-Jan-2023","2,161.90","2,164.85","2,117.20","2,153.40","2,180,210"
"16-Jan-2023","2,147.00","2,161.00","2,132.30","2,137.20","1,009,649"
"17-Jan-2023","2,139.90","2,217.80","2,136.40","2,213.10","4,645,453"
"18-Jan-2023","2,221.00","2,274.80","2,200.00","2,266.50","4,090,049"
"19-Jan-2023","2,259.85","2,283.80","2,241.00","2,273.10","2,176,835"
"20-Jan-2023","2,282.45","2,297.65","2,238.45","2,249.95","1,962,410"
"23-Jan-2023","2,255.00","2,273.30","2,227.00","2,233.50","1,466,706"
"24-Jan-2023","2,244.70","2,252.30","2,200.00","2,207.50","1,036,962"
"25-Jan-2023","2,201.00","2,205.00","2,155.00","2,174.70","2,134,447"
"27-Jan-2023","2,174.70","2,195.00","2,127.10","2,159.85","1,647,900"
"30-Jan-2023","2,129.40","2,173.25","2,083.80","2,112.90","3,441,304"
"31-Jan-2023","2,119.95","2,132.75","2,072.65","2,124.40","4,516,463"
"01-Feb-2023","2,133.00","2,215.95","2,080.30","2,145.55","6,868,872"
"02-Feb-2023","2,135.60","2,166.95","2,107.85","2,144.90","3,488,506"
"03-Feb-2023","2,176.95","2,181.85","2,131.05","2,166.55","2,045,634"
"06-Feb-2023","2,164.25","2,181.60","2,142.30","2,156.10","1,332,484"
"07-Feb-2023","2,162.25","2,172.00","2,150.05","2,165.30","1,089,248"
"08-Feb-2023","2,160.55","2,175.25","2,125.55","2,130.85","1,452,145"
"09-Feb-2023","2,150.00","2,151.95","2,135.70","2,147.40","1,563,181"
"10-Feb-2023","2,140.20","2,169.95","2,137.55","2,163.85","1,454,665"
"13-Feb-2023","2,173.00","2,210.40","2,160.20","2,203.30","2,978,938"
"14-Feb-2023","2,215.00","2,216.00","2,182.15","2,191.65","1,874,906"
"15-Feb-2023","2,186.00","2,187.85","2,157.25","2,175.05","1,946,344"
"16-Feb-2023","2,186.80","2,202.30","2,171.70","2,178.30","2,464,602"
"17-Feb-2023","2,169.80","2,249.00","2,160.00","2,226.35","3,753,179"
"20-Feb-2023","2,233.70","2,252.00","2,215.00","2,225.50","1,779,752"
"21-Feb-2023","2,239.00","2,262.00","2,222.70","2,229.45","1,882,604"
"22-Feb-2023","2,229.00","2,241.00","2,182.05","2,194.75","2,103,097"
"23-Feb-2023","2,204.00","2,208.20","2,153.50","2,159.15","2,000,556"
"24-Feb-2023","2,160.00","2,172.30","2,118.75","2,134.05","1,479,060"
"27-Feb-2023","2,134.05","2,139.90","2,082.10","2,113.70","1,398,112"
"28-Feb-2023","2,115.00","2,138.30","2,085.00","2,109.15","2,108,587"
"01-Mar-2023","2,100.00","2,130.00","2,100.00","2,115.30","1,389,077"
"02-Mar-2023","2,129.95","2,149.00","2,107.55","2,121.60","1,727,640"
"03-Mar-2023","2,140.00","2,159.90","2,132.25","2,152.05","1,821,066"
"06-Mar-2023","2,158.25","2,184.85","2,139.80","2,141.15","1,821,012"
"08-Mar-2023","2,152.00","2,189.60","2,140.60","2,170.80","2,965,342"
"09-Mar-2023","2,174.95","2,199.00","2,171.50","2,193.20","1,873,933"
"10-Mar-2023","2,171.50","2,182.00","2,133.00","2,157.85","1,900,535"
"13-Mar-2023","2,164.05","2,178.95","2,107.00","2,133.85","2,334,468"
"14-Mar-2023","2,144.35","2,171.00","2,134.40","2,144.20","2,871,343"
"15-Mar-2023","2,164.20","2,212.45","2,160.00","2,176.65","3,044,201"
"16-Mar-2023","2,184.90","2,187.00","2,132.00","2,173.60","2,946,792"
"17-Mar-2023","2,186.70","2,228.90","2,186.70","2,195.75","3,286,473"
"20-Mar-2023","2,191.10","2,205.00","2,152.00","2,177.55","1,996,773"
"21-Mar-2023","2,182.70","2,227.00","2,182.00","2,208.45","3,178,680"
"22-Mar-2023","2,219.50","2,246.25","2,207.90","2,213.95","1,956,033"
"23-Mar-2023","2,214.00","2,242.00","2,200.55","2,206.65","2,455,799"
"24-Mar-2023","2,206.00","2,219.35","2,153.05","2,166.15","1,449,544"
"27-Mar-2023","2,175.05","2,190.00","2,150.00","2,154.00","1,540,581"
"28-Mar-2023","2,167.75","2,169.80","2,122.45","2,133.60","1,627,243"
"29-Mar-2023","2,137.65","2,159.30","2,121.00","2,147.45","2,372,385"
"31-Mar-2023","2,156.50","2,176.95","2,150.55","2,164.20","1,489,542"
"03-Apr-2023","2,180.00","2,183.50","2,155.00","2,170.15","1,231,654"
"05-Apr-2023","2,170.00","2,262.50","2,165.00","2,257.75","2,763,363"
"06-Apr-2023","2,257.75","2,291.65","2,254.45","2,274.25","2,389,899"
"10-Apr-2023","2,284.90","2,319.90","2,278.05","2,309.70","1,955,914"
"11-Apr-2023","2,320.00","2,330.00","2,287.30","2,301.50","1,342,440"
"12-Apr-2023","2,304.00","2,312.70","2,281.95","2,288.50","1,165,839"
"13-Apr-2023","2,294.80","2,295.00","2,242.45","2,258.75","1,956,668"
"17-Apr-2023","2,258.75","2,273.80","2,201.15","2,214.00","4,125,850"
"18-Apr-2023","2,220.00","2,230.00","2,188.00","2,216.60","2,848,601"
"19-Apr-2023","2,208.10","2,235.00","2,208.10","2,219.60","1,970,015"
"20-Apr-2023","2,225.00","2,251.45","2,222.25","2,232.75","1,898,996"
"21-Apr-2023","2,240.15","2,243.00","2,202.00","2,215.20","1,009,316"
"24-Apr-2023","2,220.00","2,232.70","2,186.55","2,228.90","1,239,073"
"25-Apr-2023","2,231.05","2,254.00","2,218.10","2,247.95","1,350,118"
"26-Apr-2023","2,247.85","2,287.30","2,244.05","2,276.15","1,894,812"
"27-Apr-2023","2,275.75","2,310.00","2,267.10","2,305.60","1,252,989"
"28-Apr-2023","2,312.30","2,369.00","2,312.30","2,364.40","2,884,961"
"02-May-2023","2,373.20","2,416.35","2,373.20","2,384.45","1,840,153"
"03-May-2023","2,384.10","2,390.00","2,348.50","2,356.30","998,235"
"04-May-2023","2,361.80","2,381.65","2,342.85","2,356.90","1,230,912"
"05-May-2023","2,357.00","2,406.95","2,357.00","2,377.50","2,425,866"
"08-May-2023","2,377.45","2,385.00","2,354.05","2,365.40","1,583,576"
"09-May-2023","2,367.65","2,401.90","2,367.65","2,374.35","1,417,301"
"10-May-2023","2,387.00","2,388.95","2,350.00","2,364.45","1,675,409"
"11-May-2023","2,300.00","2,314.05","2,237.35","2,242.15","9,470,848"
"12-May-2023","2,222.65","2,235.00","2,197.35","2,221.10","5,367,292"
"15-May-2023","2,220.90","2,260.00","2,215.00","2,246.85","2,662,740"
"16-May-2023","2,254.60","2,255.00","2,223.10","2,227.20","2,528,855"
"17-May-2023","2,224.35","2,244.00","2,210.20","2,219.60","1,961,004"
"18-May-2023","2,230.00","2,233.55","2,181.00","2,188.20","2,290,757"
"19-May-2023","2,192.00","2,199.05","2,168.50","2,190.05","1,729,803"
"22-May-2023","2,190.00","2,222.00","2,178.40","2,216.60","1,112,099"
"23-May-2023","2,225.60","2,228.60","2,194.00","2,197.65","2,265,389"
"24-May-2023","2,200.00","2,208.50","2,176.00","2,185.15","2,648,479"
"25-May-2023","2,190.00","2,207.30","2,178.00","2,204.70","1,689,521"
"26-May-2023","2,209.00","2,220.75","2,201.00","2,218.45","1,249,128"
"29-May-2023","2,225.00","2,241.80","2,220.20","2,224.55","1,369,656"
"30-May-2023","2,230.00","2,237.00","2,207.20","2,210.80","1,716,729"
"31-May-2023","2,201.10","2,224.00","2,200.00","2,205.65","2,809,284"
"01-Jun-2023","2,217.00","2,222.00","2,202.15","2,207.80","1,049,488"
"02-Jun-2023","2,221.00","2,237.30","2,212.15","2,234.55","1,399,950"
"05-Jun-2023","2,245.00","2,272.80","2,240.00","2,268.30","2,344,944"
"06-Jun-2023","2,269.00","2,280.70","2,263.70","2,277.95","1,677,680"
"07-Jun-2023","2,278.00","2,318.00","2,278.00","2,315.50","2,128,603"
"08-Jun-2023","2,316.95","2,345.05","2,312.75","2,340.30","2,556,995"
"09-Jun-2023","2,345.00","2,368.85","2,338.25","2,363.00","2,501,720"
"12-Jun-2023","2,365.00","2,370.00","2,333.10","2,339.95","1,172,382"
"13-Jun-2023","2,345.85","2,357.90","2,327.10","2,354.40","1,688,768"
"14-Jun-2023","2,352.90","2,360.00","2,340.00","2,355.05","1,013,564"
"15-Jun-2023","2,355.00","2,369.50","2,349.00","2,361.30","2,561,534"
"16-Jun-2023","2,363.75","2,380.00","2,352.25","2,366.80","1,794,542"
"19-Jun-2023","2,379.00","2,419.90","2,361.00","2,366.35","3,111,256"
"20-Jun-2023","2,364.95","2,389.65","2,354.45","2,382.00","1,771,306"
"21-Jun-2023","2,382.00","2,412.00","2,382.00","2,394.45","1,607,299"
"22-Jun-2023","2,394.60","2,424.00","2,380.00","2,416.25","1,741,775"
"23-Jun-2023","2,418.95","2,427.00","2,383.25","2,389.55","1,212,955"
"26-Jun-2023","2,398.10","2,403.85","2,367.95","2,377.55","793,572"
"27-Jun-2023","2,387.45","2,396.95","2,371.55","2,388.05","1,012,317"
"28-Jun-2023","2,400.00","2,432.90","2,390.05","2,421.45","1,734,938"
"30-Jun-2023","2,420.00","2,483.50","2,415.05","2,475.55","2,690,699"
"03-Jul-2023","2,478.20","2,492.40","2,448.00","2,454.05","1,078,456"
"04-Jul-2023","2,458.20","2,484.40","2,458.20","2,461.85","1,441,581"
"05-Jul-2023","2,461.00","2,484.95","2,454.35","2,470.80","1,191,896"
"06-Jul-2023","2,468.10","2,499.95","2,467.55","2,488.60","1,796,824"
"07-Jul-2023","2,482.75","2,504.00","2,444.60","2,449.35","1,837,661"
"10-Jul-2023","2,450.00","2,463.35","2,420.00","2,438.75","1,178,479"
"11-Jul-2023","2,447.20","2,479.00","2,447.20","2,474.55","1,219,658"
"12-Jul-2023","2,480.30","2,485.95","2,447.80","2,454.95","1,822,435"
"13-Jul-2023","2,466.00","2,484.90","2,446.25","2,450.15","1,141,663"
"14-Jul-2023","2,450.25","2,477.05","2,448.65","2,472.25","845,623"
"17-Jul-2023","2,475.00","2,494.00","2,465.00","2,468.80","878,697"
"18-Jul-2023","2,469.00","2,489.95","2,468.10","2,474.70","720,865"
"19-Jul-2023","2,474.60","2,502.95","2,466.40","2,494.15","1,431,080"
"20-Jul-2023","2,494.00","2,495.70","2,469.05","2,489.70","1,045,704"
"21-Jul-2023","2,522.00","2,595.00","2,521.10","2,586.25","4,610,417"
"24-Jul-2023","2,637.65","2,638.00","2,583.90","2,605.25","2,155,297"
"25-Jul-2023","2,616.00","2,617.75","2,553.00","2,560.90","2,068,876"
"26-Jul-2023","2,591.00","2,673.85","2,585.00","2,646.25","5,820,099"
"27-Jul-2023","2,668.95","2,676.35","2,646.45","2,660.20","2,117,794"
"28-Jul-2023","2,660.15","2,668.15","2,625.00","2,649.55","1,325,724"
"31-Jul-2023","2,655.00","2,690.00","2,631.10","2,681.35","1,284,981"
"01-Aug-2023","2,681.35","2,689.00","2,655.35","2,666.65","1,298,745"
"02-Aug-2023","2,638.00","2,644.95","2,602.70","2,622.15","1,479,486"
"03-Aug-2023","2,615.00","2,642.75","2,586.30","2,598.10","1,612,618"
"04-Aug-2023","2,605.00","2,635.00","2,598.50","2,626.90","1,101,278"
"07-Aug-2023","2,628.00","2,654.00","2,623.10","2,635.90","1,163,125"
"08-Aug-2023","2,639.05","2,649.50","2,628.30","2,632.20","767,310"
"09-Aug-2023","2,635.00","2,655.00","2,615.25","2,651.60","906,865"
"10-Aug-2023","2,640.10","2,661.60","2,621.65","2,643.50","1,040,041"
"11-Aug-2023","2,642.05","2,656.90","2,631.25","2,638.50","1,320,121"
"14-Aug-2023","2,637.00","2,663.55","2,616.00","2,659.90","1,364,413"
"16-Aug-2023","2,669.00","2,695.00","2,652.05","2,691.05","1,703,875"
"17-Aug-2023","2,691.05","2,691.05","2,642.00","2,652.50","1,629,067"
"18-Aug-2023","2,650.00","2,674.70","2,632.75","2,641.95","1,898,966"
"21-Aug-2023","2,641.85","2,666.60","2,623.45","2,662.25","1,376,318"
"22-Aug-2023","2,668.00","2,685.65","2,662.00","2,678.80","1,497,180"
"23-Aug-2023","2,689.55","2,726.00","2,682.45","2,717.60","1,990,672"
"24-Aug-2023","2,747.50","2,766.80","2,680.60","2,688.15","2,619,182"
"25-Aug-2023","2,677.45","2,682.70","2,631.00","2,638.40","1,408,427"
"28-Aug-2023","2,653.55","2,700.00","2,650.05","2,695.35","1,551,734"
"29-Aug-2023","2,710.00","2,722.10","2,696.30","2,718.95","1,101,830"
"30-Aug-2023","2,722.95","2,737.65","2,707.00","2,709.00","1,920,079"
"31-Aug-2023","2,720.00","2,724.60","2,678.35","2,702.70","2,439,625"
"01-Sep-2023","2,710.00","2,715.95","2,688.30","2,702.10","1,263,430"
"04-Sep-2023","2,733.00","2,742.00","2,705.00","2,711.10","1,548,282"
"05-Sep-2023","2,720.50","2,739.00","2,720.00","2,732.95","1,066,447"
"06-Sep-2023","2,740.00","2,742.80","2,712.00","2,730.45","1,747,425"
"07-Sep-2023","2,733.00","2,855.95","2,730.00","2,846.40","4,100,519"
"08-Sep-2023","2,888.00","2,928.70","2,872.45","2,901.60","3,638,510"
"11-Sep-2023","2,905.00","2,926.00","2,890.05","2,894.20","1,545,803"
"12-Sep-2023","2,951.60","3,009.00","2,932.45","2,944.10","7,788,759"
"13-Sep-2023","2,943.50","2,943.70","2,888.45","2,906.75","2,458,417"
"14-Sep-2023","2,924.90","2,931.65","2,906.00","2,918.60","1,910,041"
"15-Sep-2023","2,933.00","2,934.95","2,900.00","2,908.55","1,655,275"
"18-Sep-2023","2,910.00","2,930.00","2,907.00","2,919.85","736,631"
"20-Sep-2023","2,926.95","2,944.95","2,886.05","2,890.00","1,399,240"
"21-Sep-2023","2,885.05","2,905.10","2,846.05","2,899.35","2,444,711"
"22-Sep-2023","2,908.70","2,936.45","2,902.25","2,918.50","1,965,569"
"25-Sep-2023","2,917.95","2,923.80","2,871.00","2,902.50","1,049,532"
"26-Sep-2023","2,915.00","2,944.00","2,910.00","2,912.55","953,456"
"27-Sep-2023","2,922.00","2,994.90","2,911.65","2,965.05","2,903,693"
"28-Sep-2023","2,989.00","3,050.50","2,978.25","3,010.00","4,081,102"
"29-Sep-2023","3,040.00","3,058.35","3,005.25","3,023.55","2,698,016"
"03-Oct-2023","3,040.50","3,077.45","2,995.10","3,073.25","3,254,492"
"04-Oct-2023","3,064.10","3,064.10","2,990.05","3,027.75","3,100,946"
"05-Oct-2023","3,032.55","3,114.90","3,032.55","3,096.05","3,413,447"
"06-Oct-2023","3,114.95","3,114.95","3,073.15","3,093.70","1,898,118"
"09-Oct-2023","3,075.00","3,085.00","3,055.55","3,074.70","1,181,760"
"10-Oct-2023","3,073.85","3,099.00","3,072.15","3,076.00","1,551,789"
"11-Oct-2023","3,090.00","3,110.00","3,084.40","3,088.70","2,066,921"
"12-Oct-2023","3,094.00","3,105.05","3,067.05","3,081.75","1,870,280"
"13-Oct-2023","3,067.75","3,099.00","3,063.50","3,089.60","1,437,808"
"16-Oct-2023","3,098.95","3,113.25","3,074.70","3,101.90","818,794"
"17-Oct-2023","3,109.90","3,114.20","3,063.00","3,066.30","1,847,182"
"18-Oct-2023","3,068.65","3,079.15","3,037.15","3,045.60","1,350,839"
"19-Oct-2023","3,025.60","3,069.90","3,007.15","3,054.40","1,599,104"
"20-Oct-2023","3,039.95","3,056.25","2,977.30","3,012.35","1,667,471"
"23-Oct-2023","3,003.00","3,006.90","2,949.00","2,958.30","1,614,030"
"25-Oct-2023","2,959.00","2,965.50","2,910.30","2,916.10","2,108,353"
"26-Oct-2023","2,906.00","2,916.15","2,857.05","2,864.60","3,286,109"
"27-Oct-2023","2,864.65","2,910.55","2,857.65","2,901.90","2,399,538"
"30-Oct-2023","2,899.20","2,932.00","2,856.15","2,926.35","1,693,052"
"31-Oct-2023","2,929.95","2,951.55","2,907.95","2,929.05","1,556,467"
"01-Nov-2023","2,947.45","2,983.15","2,871.05","2,895.30","3,875,595"
"02-Nov-2023","2,935.00","2,937.85","2,903.20","2,918.10","1,451,606"
"03-Nov-2023","2,934.00","2,948.05","2,905.00","2,911.25","1,136,175"
"06-Nov-2023","2,933.00","2,979.00","2,927.25","2,975.45","1,235,499"
"07-Nov-2023","2,970.00","2,983.60","2,956.10","2,961.30","1,112,206"
"08-Nov-2023","2,974.70","3,002.75","2,961.00","2,996.45","1,013,438"
"09-Nov-2023","3,003.00","3,028.70","2,997.00","3,024.85","1,719,911"
"10-Nov-2023","3,021.05","3,044.00","3,005.25","3,033.25","947,753"
"12-Nov-2023","3,054.95","3,060.00","3,044.00","3,052.00","256,389"
"13-Nov-2023","3,050.00","3,054.35","3,031.65","3,048.50","531,769"
"15-Nov-2023","3,062.35","3,071.05","3,055.00","3,064.95","1,160,184"
"16-Nov-2023","3,057.95","3,082.10","3,045.00","3,051.15","1,597,607"
"17-Nov-2023","3,050.00","3,115.45","3,045.15","3,109.00","1,325,050"
"20-Nov-2023","3,095.10","3,111.95","3,076.20","3,088.80","1,231,164"
"21-Nov-2023","3,088.50","3,099.00","3,062.45","3,074.85","1,884,782"
"22-Nov-2023","3,074.85","3,088.65","3,062.50","3,082.30","1,104,208"
"23-Nov-2023","3,080.00","3,088.00","3,031.05","3,045.65","1,514,688"
"24-Nov-2023","3,050.00","3,067.00","3,039.60","3,054.25","915,121"
"28-Nov-2023","3,054.00","3,059.15","3,035.00","3,050.00","1,210,508"
"29-Nov-2023","3,050.00","3,089.90","3,049.00","3,083.75","1,801,107"
"30-Nov-2023","3,076.30","3,124.55","3,058.70","3,109.20","3,131,624"
"01-Dec-2023","3,129.95","3,197.95","3,121.05","3,190.65","2,112,908"
"04-Dec-2023","3,285.00","3,347.55","3,250.00","3,313.55","3,095,974"
"05-Dec-2023","3,319.05","3,325.00","3,279.05","3,315.45","1,659,309"
"06-Dec-2023","3,330.00","3,401.00","3,321.00","3,392.30","2,057,233"
"07-Dec-2023","3,392.30","3,409.90","3,337.05","3,355.60","2,128,823"
"08-Dec-2023","3,377.00","3,430.00","3,366.00","3,378.45","2,428,891"
"11-Dec-2023","3,377.95","3,405.00","3,360.00","3,385.80","1,534,238"
"12-Dec-2023","3,375.00","3,375.00","3,332.00","3,342.40","1,888,423"
"13-Dec-2023","3,352.95","3,410.00","3,346.20","3,399.80","1,509,107"
"14-Dec-2023","3,425.95","3,440.00","3,400.10","3,433.10","2,425,646"
"15-Dec-2023","3,435.15","3,498.90","3,432.85","3,488.00","2,632,935"
"18-Dec-2023","3,496.00","3,506.00","3,466.00","3,491.60","1,767,429"
"19-Dec-2023","3,488.95","3,525.00","3,476.05","3,498.95","1,311,700"
"20-Dec-2023","3,505.00","3,514.60","3,412.55","3,418.50","1,876,048"
"21-Dec-2023","3,390.05","3,439.95","3,333.00","3,424.15","2,292,802"
"22-Dec-2023","3,424.00","3,496.00","3,408.60","3,477.95","1,681,707"
"26-Dec-2023","3,477.95","3,508.35","3,477.95","3,490.05","1,072,263"
"27-Dec-2023","3,510.00","3,549.00","3,504.15","3,544.00","1,389,266"
"28-Dec-2023","3,545.00","3,559.95","3,500.50","3,518.05","3,371,121"
"29-Dec-2023","3,531.00","3,540.00","3,495.00","3,526.00","968,577"
"01-Jan-2024","3,538.00","3,538.00","3,496.05","3,525.45","777,080"
"02-Jan-2024","3,525.05","3,525.45","3,432.00","3,438.10","1,511,464"
"03-Jan-2024","3,433.00","3,465.85","3,411.60","3,440.35","1,283,859"
"04-Jan-2024","3,441.05","3,480.10","3,423.00","3,458.70","1,651,616"
"05-Jan-2024","3,464.95","3,555.00","3,460.00","3,521.90","2,069,018"
"08-Jan-2024","3,540.00","3,559.95","3,490.00","3,501.10","1,993,855"
"09-Jan-2024","3,527.45","3,593.75","3,520.10","3,555.95","1,807,271"
"10-Jan-2024","3,549.95","3,558.95","3,520.00","3,545.50","1,534,821"
"11-Jan-2024","3,545.50","3,559.55","3,500.55","3,504.85","1,105,348"
"12-Jan-2024","3,505.05","3,578.65","3,494.05","3,568.80","1,782,631"
"15-Jan-2024","3,576.10","3,605.70","3,538.05","3,543.05","1,783,518"
"16-Jan-2024","3,548.00","3,589.00","3,538.00","3,573.50","1,791,818"
"17-Jan-2024","3,555.00","3,614.45","3,547.70","3,570.95","2,699,076"
"18-Jan-2024","3,570.80","3,616.95","3,525.00","3,596.00","2,148,898"
"19-Jan-2024","3,603.00","3,655.85","3,603.00","3,646.00","1,913,923"
"20-Jan-2024","3,667.00","3,670.00","3,621.05","3,634.50","468,514"
"23-Jan-2024","3,637.60","3,661.35","3,536.20","3,551.00","1,742,142"
"24-Jan-2024","3,570.00","3,617.95","3,521.70","3,589.20","3,711,521"
"25-Jan-2024","3,599.90","3,618.25","3,564.80","3,593.45","2,206,540"
"29-Jan-2024","3,604.00","3,733.85","3,600.10","3,708.00","2,072,982"
"30-Jan-2024","3,715.95","3,737.90","3,624.90","3,633.30","1,454,989"
"31-Jan-2024","3,520.00","3,538.00","3,387.05","3,479.75","9,637,606"
"01-Feb-2024","3,480.00","3,493.75","3,371.00","3,398.00","6,149,780"
"02-Feb-2024","3,402.70","3,436.35","3,361.00","3,376.05","7,579,802"
"05-Feb-2024","3,375.50","3,407.95","3,318.45","3,341.75","2,954,238"
"06-Feb-2024","3,346.00","3,427.75","3,337.55","3,424.25","2,545,192"
"07-Feb-2024","3,445.00","3,447.00","3,389.00","3,394.70","2,099,940"
"08-Feb-2024","3,413.00","3,417.80","3,293.85","3,335.50","3,471,727"
"09-Feb-2024","3,336.25","3,390.00","3,308.95","3,324.55","3,121,873"
"12-Feb-2024","3,330.00","3,339.15","3,287.00","3,299.55","1,922,273"
"13-Feb-2024","3,312.00","3,338.55","3,284.10","3,321.50","2,151,493"
"14-Feb-2024","3,290.05","3,316.95","3,263.05","3,309.00","2,502,138"
"15-Feb-2024","3,309.00","3,321.95","3,290.20","3,300.30","1,999,189"
"16-Feb-2024","3,304.95","3,398.00","3,304.05","3,386.75","2,768,329"
"19-Feb-2024","3,400.55","3,408.00","3,335.50","3,339.85","1,216,447"
"20-Feb-2024","3,339.85","3,367.75","3,328.45","3,356.75","1,578,162"
"21-Feb-2024","3,356.90","3,356.90","3,290.05","3,296.40","2,430,672"
"22-Feb-2024","3,310.00","3,369.00","3,276.95","3,363.75","2,521,388"
"23-Feb-2024","3,363.75","3,399.90","3,340.75","3,387.95","2,107,176"
"26-Feb-2024","3,400.00","3,491.65","3,393.00","3,470.15","4,122,419"
"27-Feb-2024","3,475.00","3,512.00","3,451.90","3,506.45","2,122,286"
"28-Feb-2024","3,505.00","3,513.00","3,446.15","3,470.20","1,666,903"
"29-Feb-2024","3,485.00","3,496.00","3,436.45","3,477.55","2,119,512"
"01-Mar-2024","3,501.65","3,658.35","3,500.00","3,633.50","4,407,803"
"02-Mar-2024","3,647.90","3,690.00","3,646.20","3,655.25","246,957"
"04-Mar-2024","3,670.00","3,679.80","3,622.05","3,644.45","1,307,501"
"05-Mar-2024","3,631.20","3,644.45","3,590.30","3,612.60","1,981,370"
"06-Mar-2024","3,618.00","3,652.45","3,586.05","3,642.20","1,500,196"
"07-Mar-2024","3,660.75","3,705.15","3,643.25","3,676.95","2,344,401"
"11-Mar-2024","3,700.00","3,700.00","3,631.45","3,640.60","1,748,541"
"12-Mar-2024","3,639.05","3,672.00","3,613.15","3,621.65","1,470,377"
"13-Mar-2024","3,634.90","3,636.80","3,511.90","3,538.55","2,503,293"
"14-Mar-2024","3,527.05","3,636.00","3,522.00","3,608.20","4,528,490"
"15-Mar-2024","3,598.00","3,603.00","3,524.05","3,537.15","4,054,210"
"18-Mar-2024","3,537.15","3,572.20","3,526.70","3,561.20","1,354,787"
"19-Mar-2024","3,541.00","3,549.50","3,481.00","3,501.70","1,447,405"
"20-Mar-2024","3,502.75","3,524.95","3,487.75","3,509.70","1,442,811"
"21-Mar-2024","3,525.15","3,596.00","3,525.15","3,560.00","2,504,962"
"22-Mar-2024","3,546.20","3,647.30","3,546.20","3,617.80","3,020,545"
"26-Mar-2024","3,605.00","3,676.90","3,600.00","3,670.10","2,320,963"
"27-Mar-2024","3,683.00","3,727.20","3,670.10","3,706.40","2,387,693"
"28-Mar-2024","3,706.55","3,813.35","3,697.55","3,763.90","4,278,668"
"01-Apr-2024","3,780.85","3,851.85","3,780.85","3,838.00","1,905,190"
"02-Apr-2024","3,849.80","3,860.00","3,771.25","3,807.40","3,608,162"
"03-Apr-2024","3,799.70","3,799.70","3,770.15","3,782.45","1,684,618"
"04-Apr-2024","3,804.90","3,819.75","3,731.05","3,797.85","2,339,529"
"05-Apr-2024","3,770.10","3,790.00","3,716.25","3,743.10","1,645,597"
"08-Apr-2024","3,745.00","3,819.80","3,743.10","3,807.85","1,083,395"
"09-Apr-2024","3,820.00","3,827.95","3,775.00","3,785.25","1,997,057"
"10-Apr-2024","3,800.00","3,800.00","3,750.10","3,753.20","1,951,581"
"12-Apr-2024","3,749.95","3,802.10","3,663.50","3,679.25","3,437,544"
"15-Apr-2024","3,626.05","3,679.85","3,586.20","3,600.80","1,719,910"
"16-Apr-2024","3,580.05","3,598.15","3,529.45","3,543.45","2,291,042"
"18-Apr-2024","3,561.95","3,617.65","3,539.70","3,550.95","3,273,257"
"19-Apr-2024","3,525.00","3,542.90","3,472.40","3,518.35","2,759,031"
"22-Apr-2024","3,568.75","3,620.00","3,540.95","3,612.70","2,605,754"
"23-Apr-2024","3,632.75","3,632.75","3,588.00","3,610.15","1,434,580"
"24-Apr-2024","3,616.55","3,654.95","3,601.10","3,634.85","1,501,234"
"25-Apr-2024","3,616.10","3,666.00","3,611.60","3,652.30","2,420,380"
"26-Apr-2024","3,652.00","3,660.90","3,585.00","3,605.20","1,973,113"
"29-Apr-2024","3,606.10","3,649.90","3,605.20","3,634.30","1,396,979"
"30-Apr-2024","3,639.00","3,648.95","3,584.05","3,594.30","1,571,996"
"02-May-2024","3,590.05","3,634.15","3,576.05","3,599.50","3,748,847"
"03-May-2024","3,610.00","3,622.00","3,488.45","3,499.80","4,079,696"
"06-May-2024","3,522.80","3,527.00","3,441.10","3,463.30","2,614,667"
"07-May-2024","3,479.40","3,496.00","3,425.00","3,427.75","3,376,013"
"08-May-2024","3,429.00","3,497.40","3,367.80","3,486.85","4,116,670"
"09-May-2024","3,312.75","3,377.00","3,266.65","3,275.45","12,120,574"
"10-May-2024","3,281.60","3,306.15","3,234.60","3,271.45","4,132,191"
"13-May-2024","3,267.05","3,315.00","3,225.20","3,293.85","3,557,067"
"14-May-2024","3,300.00","3,384.90","3,293.40","3,379.45","2,870,328"
"15-May-2024","3,390.00","3,417.40","3,353.15","3,411.30","2,718,682"
"16-May-2024","3,428.95","3,468.50","3,378.70","3,460.60","3,398,714"
"17-May-2024","3,475.95","3,475.95","3,412.15","3,450.75","2,676,919"
"18-May-2024","3,452.00","3,468.00","3,445.80","3,464.20","141,462"
"21-May-2024","3,458.00","3,470.30","3,434.00","3,440.95","2,100,848"
"22-May-2024","3,450.05","3,472.70","3,435.05","3,460.85","1,409,992"
"23-May-2024","3,460.90","3,601.65","3,455.00","3,585.40","4,525,637"
"24-May-2024","3,586.00","3,659.00","3,582.30","3,625.90","2,740,360"
"27-May-2024","3,644.90","3,695.00","3,600.00","3,652.00","2,570,708"
"28-May-2024","3,652.00","3,685.25","3,646.05","3,658.20","1,440,187"
"29-May-2024","3,611.00","3,661.85","3,610.35","3,634.80","1,506,146"
"30-May-2024","3,626.05","3,643.95","3,607.75","3,634.70","2,701,849"
"31-May-2024","3,636.40","3,744.80","3,636.40","3,669.30","6,432,341"
"03-Jun-2024","3,855.40","3,919.90","3,801.10","3,897.15","5,767,666"
"04-Jun-2024","3,852.00","3,898.00","3,320.00","3,403.20","9,920,882"
"05-Jun-2024","3,441.50","3,441.50","3,175.05","3,409.00","10,372,458"
"06-Jun-2024","3,438.00","3,538.20","3,385.30","3,482.55","8,374,602"
"07-Jun-2024","3,465.05","3,548.00","3,446.00","3,532.50","5,879,660"
"10-Jun-2024","3,521.05","3,585.00","3,521.05","3,543.75","3,151,257"
"11-Jun-2024","3,570.00","3,639.00","3,551.20","3,598.70","2,548,176"
"12-Jun-2024","3,615.00","3,648.95","3,578.00","3,630.30","2,242,274"
"13-Jun-2024","3,665.50","3,715.90","3,635.00","3,703.65","2,965,500"
"14-Jun-2024","3,718.00","3,720.00","3,675.00","3,687.80","1,746,508"
"18-Jun-2024","3,708.00","3,710.00","3,675.00","3,689.20","1,936,792"
"19-Jun-2024","3,690.00","3,699.00","3,575.00","3,589.95","2,936,151"
"20-Jun-2024","3,584.95","3,613.30","3,564.60","3,594.45","2,618,715"
"21-Jun-2024","3,604.05","3,610.00","3,516.00","3,535.00","4,508,508"
"24-Jun-2024","3,520.35","3,567.00","3,505.00","3,531.60","2,330,559"
"25-Jun-2024","3,556.50","3,591.95","3,528.00","3,587.80","2,158,039"
"26-Jun-2024","3,601.00","3,624.90","3,592.25","3,602.95","2,480,187"
"27-Jun-2024","3,597.45","3,601.30","3,550.00","3,564.40","5,519,875"
"28-Jun-2024","3,540.00","3,575.95","3,538.10","3,548.45","3,141,514"
"01-Jul-2024","3,535.20","3,541.40","3,514.00","3,526.55","2,961,120"
"02-Jul-2024","3,535.05","3,634.00","3,535.05","3,626.50","5,087,748"
"03-Jul-2024","3,650.35","3,650.50","3,605.00","3,614.35","1,923,801"
"04-Jul-2024","3,616.10","3,644.00","3,565.80","3,573.30","1,851,947"
"05-Jul-2024","3,573.30","3,638.00","3,568.00","3,627.15","1,635,209"
"08-Jul-2024","3,640.10","3,645.70","3,594.00","3,632.00","1,706,210"
"09-Jul-2024","3,650.00","3,685.00","3,646.10","3,666.10","2,425,176"
"10-Jul-2024","3,685.05","3,694.00","3,601.00","3,650.05","2,231,438"
"11-Jul-2024","3,660.00","3,684.60","3,603.00","3,621.10","2,942,924"
"12-Jul-2024","3,630.00","3,667.70","3,612.70","3,649.35","2,001,185"
"15-Jul-2024","3,670.00","3,674.00","3,637.00","3,651.60","943,302"
"16-Jul-2024","3,646.10","3,651.60","3,621.00","3,636.55","2,220,953"
"18-Jul-2024","3,640.00","3,679.25","3,598.65","3,656.20","3,240,772"
"19-Jul-2024","3,651.00","3,658.95","3,610.00","3,618.50","2,432,533"
"22-Jul-2024","3,617.90","3,661.85","3,567.60","3,651.45","3,639,057"
"23-Jul-2024","3,669.60","3,714.00","3,460.00","3,538.05","6,957,691"
"24-Jul-2024","3,549.00","3,557.95","3,501.00","3,519.45","3,184,060"
"25-Jul-2024","3,539.00","3,630.90","3,532.05","3,619.15","4,691,483"
"26-Jul-2024","3,629.00","3,701.00","3,596.10","3,679.90","2,617,659"
"29-Jul-2024","3,701.00","3,790.00","3,686.60","3,774.95","4,159,919"
"30-Jul-2024","3,774.85","3,795.00","3,738.60","3,784.65","1,979,989"
"31-Jul-2024","3,777.05","3,822.00","3,763.10","3,815.00","2,703,636"
"01-Aug-2024","3,810.00","3,838.95","3,765.85","3,779.30","1,998,663"
"02-Aug-2024","3,730.35","3,748.90","3,657.10","3,665.70","2,512,525"
"05-Aug-2024","3,597.00","3,607.90","3,511.50","3,528.00","2,900,685"
"06-Aug-2024","3,548.00","3,634.90","3,546.00","3,576.20","2,125,532"
"07-Aug-2024","3,630.00","3,655.75","3,610.35","3,638.25","1,613,097"
"08-Aug-2024","3,621.00","3,628.75","3,547.45","3,553.55","2,038,088"
"09-Aug-2024","3,600.00","3,605.55","3,575.70","3,592.05","848,232"
"12-Aug-2024","3,579.00","3,611.00","3,563.00","3,571.95","1,965,035"
"13-Aug-2024","3,580.00","3,607.00","3,545.20","3,551.80","1,316,218"
"14-Aug-2024","3,558.95","3,578.70","3,536.50","3,545.20","1,584,372"
"16-Aug-2024","3,578.00","3,580.90","3,533.00","3,568.35","2,808,865"
"19-Aug-2024","3,599.85","3,599.90","3,547.00","3,555.05","1,898,535"
"20-Aug-2024","3,562.00","3,580.00","3,548.00","3,572.70","1,285,569"
"21-Aug-2024","3,590.00","3,615.30","3,581.90","3,596.05","1,714,248"
"22-Aug-2024","3,607.05","3,612.15","3,583.95","3,606.50","1,734,927"
"23-Aug-2024","3,606.50","3,622.00","3,587.05","3,598.55","1,825,180"
"26-Aug-2024","3,611.00","3,648.00","3,594.70","3,641.90","1,606,911"
"27-Aug-2024","3,642.65","3,737.00","3,636.00","3,702.70","3,315,435"
"28-Aug-2024","3,705.00","3,724.40","3,685.00","3,689.05","1,278,175"
"29-Aug-2024","3,690.50","3,710.00","3,651.55","3,683.45","2,165,489"
"30-Aug-2024","3,718.35","3,745.00","3,666.40","3,704.65","2,592,912"
"02-Sep-2024","3,706.00","3,721.95","3,666.35","3,683.10","1,277,813"
"03-Sep-2024","3,693.95","3,713.95","3,666.90","3,690.15","1,211,993"
"04-Sep-2024","3,650.00","3,681.00","3,631.10","3,650.80","1,930,121"
"05-Sep-2024","3,668.00","3,668.00","3,608.40","3,624.15","2,958,770"
"06-Sep-2024","3,615.10","3,623.80","3,536.20","3,574.75","3,096,557"
"09-Sep-2024","3,584.00","3,594.00","3,553.85","3,578.30","1,454,589"
"10-Sep-2024","3,585.00","3,625.00","3,571.00","3,596.15","1,203,483"
"11-Sep-2024","3,595.00","3,603.95","3,516.40","3,536.95","1,865,165"
"12-Sep-2024","3,558.00","3,638.05","3,534.00","3,622.00","3,751,523"
"13-Sep-2024","3,622.00","3,634.75","3,600.05","3,613.00","1,752,455"
"16-Sep-2024","3,619.15","3,670.00","3,613.00","3,662.25","1,045,964"
"17-Sep-2024","3,668.00","3,705.00","3,659.70","3,695.20","1,289,060"
"18-Sep-2024","3,689.00","3,757.95","3,684.20","3,730.45","2,249,929"
"19-Sep-2024","3,750.00","3,750.40","3,674.00","3,683.70","1,711,564"
"20-Sep-2024","3,700.00","3,809.90","3,680.25","3,793.90","5,401,701"
"23-Sep-2024","3,800.00","3,838.80","3,749.00","3,787.70","1,937,874"
"24-Sep-2024","3,787.70","3,831.80","3,775.00","3,791.60","2,676,546"
"25-Sep-2024","3,787.55","3,813.20","3,778.00","3,793.85","2,113,862"
"26-Sep-2024","3,801.00","3,802.95","3,736.40","3,762.15","2,750,597"
"27-Sep-2024","3,738.00","3,738.00","3,651.00","3,705.65","4,095,425"
"30-Sep-2024","3,699.00","3,715.65","3,665.00","3,675.55","1,837,697"
"01-Oct-2024","3,667.00","3,724.00","3,639.35","3,653.50","1,674,100"
"03-Oct-2024","3,582.50","3,617.00","3,485.40","3,497.65","5,315,877"
"04-Oct-2024","3,515.00","3,553.55","3,468.50","3,493.95","3,445,879"
"07-Oct-2024","3,505.00","3,512.95","3,429.00","3,468.35","2,304,227"
"08-Oct-2024","3,492.95","3,538.50","3,469.00","3,532.40","2,249,452"
"09-Oct-2024","3,542.05","3,557.70","3,481.00","3,487.10","1,645,791"
"10-Oct-2024","3,515.00","3,554.90","3,455.50","3,460.35","2,686,116"
"11-Oct-2024","3,469.40","3,497.10","3,447.00","3,482.55","1,280,465"
"14-Oct-2024","3,510.00","3,573.85","3,501.30","3,555.05","1,974,378"
"15-Oct-2024","3,570.00","3,570.00","3,520.15","3,551.90","1,231,552"
"16-Oct-2024","3,550.00","3,581.90","3,513.55","3,532.60","1,961,835"
"17-Oct-2024","3,549.90","3,583.00","3,521.80","3,570.30","2,968,537"
"18-Oct-2024","3,569.95","3,592.45","3,540.25","3,577.80","2,102,609"
"21-Oct-2024","3,580.00","3,621.95","3,571.30","3,585.60","1,750,549"
"22-Oct-2024","3,585.00","3,591.65","3,500.00","3,511.90","1,363,574"
"23-Oct-2024","3,501.05","3,513.95","3,443.00","3,455.40","2,125,268"
"24-Oct-2024","3,444.00","3,474.60","3,416.75","3,442.65","1,924,421"
"25-Oct-2024","3,425.00","3,435.00","3,315.05","3,326.40","3,236,774"
"28-Oct-2024","3,316.00","3,373.00","3,262.55","3,340.80","2,991,674"
"29-Oct-2024","3,316.00","3,384.40","3,316.00","3,380.90","2,253,467"
"30-Oct-2024","3,379.95","3,438.40","3,353.00","3,408.35","1,785,128"
"31-Oct-2024","3,530.00","3,654.95","3,508.35","3,622.30","7,637,083"
"01-Nov-2024","3,624.95","3,641.90","3,620.00","3,626.35","212,796"
"04-Nov-2024","3,624.95","3,624.95","3,530.90","3,574.45","1,724,189"
"05-Nov-2024","3,556.00","3,585.00","3,541.90","3,574.80","1,251,506"
"06-Nov-2024","3,594.00","3,659.90","3,557.40","3,645.45","1,819,732"
"07-Nov-2024","3,647.35","3,663.00","3,620.00","3,646.55","1,581,009"
"08-Nov-2024","3,640.40","3,667.00","3,620.65","3,660.30","1,622,142"
"11-Nov-2024","3,646.00","3,661.00","3,606.00","3,628.85","926,127"
"12-Nov-2024","3,650.00","3,651.00","3,580.00","3,591.35","1,116,206"
"13-Nov-2024","3,585.00","3,604.85","3,535.65","3,547.95","1,568,694"
"14-Nov-2024","3,558.00","3,565.75","3,500.15","3,526.25","1,291,765"
"18-Nov-2024","3,521.10","3,568.30","3,510.85","3,542.15","1,233,217"
"19-Nov-2024","3,559.90","3,607.00","3,495.00","3,505.90","1,826,460"
"21-Nov-2024","3,530.00","3,530.55","3,452.45","3,483.50","1,510,581"
"22-Nov-2024","3,500.00","3,613.50","3,473.10","3,603.50","2,534,018"
"25-Nov-2024","3,660.00","3,761.00","3,654.00","3,753.00","4,753,829"
"26-Nov-2024","3,754.90","3,754.90","3,690.00","3,702.60","1,141,534"
"27-Nov-2024","3,704.00","3,720.00","3,685.00","3,698.70","971,816"
"28-Nov-2024","3,700.00","3,720.50","3,648.00","3,666.05","2,124,283"
"29-Nov-2024","3,635.10","3,750.00","3,635.10","3,724.80","2,094,305"
"02-Dec-2024","3,706.85","3,717.85","3,672.90","3,704.05","1,158,369"
"03-Dec-2024","3,721.00","3,798.85","3,701.50","3,787.05","3,252,670"
"04-Dec-2024","3,775.00","3,835.00","3,758.05","3,789.90","2,510,166"
"05-Dec-2024","3,810.00","3,884.00","3,760.00","3,831.55","2,765,170"
"06-Dec-2024","3,832.00","3,883.95","3,800.00","3,866.70","1,856,562"
"09-Dec-2024","3,867.50","3,959.00","3,867.50","3,947.30","3,332,753"
"10-Dec-2024","3,955.00","3,963.50","3,901.30","3,923.15","2,349,493"
"11-Dec-2024","3,923.15","3,947.65","3,902.00","3,916.75","1,237,958"
"12-Dec-2024","3,930.00","3,959.00","3,846.95","3,859.90","1,899,867"
"13-Dec-2024","3,859.00","3,898.00","3,794.20","3,887.00","2,300,361"
"16-Dec-2024","3,882.00","3,914.40","3,857.25","3,877.85","918,660"
"17-Dec-2024","3,863.05","3,875.40","3,797.00","3,807.20","1,690,180"
"18-Dec-2024","3,807.20","3,819.00","3,745.00","3,758.15","1,318,341"
"19-Dec-2024","3,702.15","3,762.20","3,700.00","3,716.35","1,856,838"
"20-Dec-2024","3,716.35","3,725.00","3,607.10","3,629.85","2,796,593"
"23-Dec-2024","3,670.00","3,700.00","3,617.05","3,640.50","1,217,612"
"24-Dec-2024","3,647.95","3,679.00","3,632.40","3,639.75","627,922"
"26-Dec-2024","3,658.00","3,665.15","3,610.35","3,629.50","1,124,705"
"27-Dec-2024","3,632.40","3,643.65","3,603.50","3,608.10","1,309,122"
"30-Dec-2024","3,607.90","3,623.00","3,566.00","3,578.95","1,591,690"
"31-Dec-2024","3,562.55","3,620.60","3,550.00","3,607.65","1,267,628"
"01-Jan-2025","3,600.00","3,689.00","3,599.95","3,667.50","1,202,029"
"02-Jan-2025","3,676.60","3,724.10","3,650.05","3,713.50","1,882,900"
"03-Jan-2025","3,708.00","3,719.90","3,651.45","3,659.90","1,290,107"
"06-Jan-2025","3,684.75","3,692.25","3,585.50","3,603.20","1,212,012"
"07-Jan-2025","3,607.10","3,649.85","3,595.70","3,643.30","1,453,540"
"08-Jan-2025","3,662.00","3,663.85","3,590.00","3,596.35","1,813,201"
"09-Jan-2025","3,599.90","3,606.30","3,486.00","3,527.90","2,921,681"
"10-Jan-2025","3,499.95","3,552.20","3,492.30","3,536.15","1,794,238"
"13-Jan-2025","3,505.55","3,534.50","3,448.60","3,464.30","2,137,212"
"14-Jan-2025","3,465.85","3,491.95","3,448.60","3,462.60","2,924,491"
"15-Jan-2025","3,471.30","3,526.15","3,471.30","3,501.40","1,155,446"
"16-Jan-2025","3,535.00","3,543.45","3,483.75","3,507.90","2,305,460"
"17-Jan-2025","3,524.00","3,579.85","3,511.95","3,568.65","1,600,246"
"20-Jan-2025","3,574.90","3,617.15","3,556.50","3,593.00","1,593,334"
"21-Jan-2025","3,612.75","3,643.30","3,528.10","3,541.10","2,576,596"
"22-Jan-2025","3,563.00","3,582.35","3,490.10","3,518.20","1,626,055"
"23-Jan-2025","3,492.00","3,527.80","3,460.60","3,503.25","1,993,204"
"24-Jan-2025","3,514.50","3,521.10","3,446.05","3,458.20","1,206,454"
"27-Jan-2025","3,447.20","3,493.90","3,401.15","3,457.65","1,552,938"
"28-Jan-2025","3,464.95","3,482.15","3,404.05","3,413.90","1,657,689"
"29-Jan-2025","3,431.00","3,455.00","3,412.00","3,449.70","1,238,704"
"30-Jan-2025","3,455.00","3,517.80","3,395.00","3,420.95","2,717,740"
"31-Jan-2025","3,501.05","3,590.00","3,481.05","3,567.40","3,995,513"
"01-Feb-2025","3,578.00","3,629.20","3,402.00","3,447.50","4,752,505"
"03-Feb-2025","3,420.00","3,420.00","3,270.00","3,289.20","6,077,580"
"04-Feb-2025","3,316.00","3,449.00","3,307.25","3,439.15","4,742,516"
"05-Feb-2025","3,444.65","3,450.95","3,379.45","3,383.20","2,670,316"
"06-Feb-2025","3,404.00","3,404.00","3,342.70","3,352.75","2,874,856"
"07-Feb-2025","3,367.00","3,369.95","3,311.10","3,336.90","1,722,789"
"10-Feb-2025","3,347.80","3,349.00","3,294.05","3,328.65","1,236,663"
"11-Feb-2025","3,360.95","3,361.00","3,231.00","3,239.65","2,593,537"
"12-Feb-2025","3,259.00","3,300.00","3,222.25","3,289.65","1,632,415"
"13-Feb-2025","3,289.65","3,314.90","3,252.95","3,263.65","2,127,644"
"14-Feb-2025","3,275.05","3,285.80","3,221.55","3,237.65","1,378,340"
"17-Feb-2025","3,213.55","3,239.40","3,194.55","3,221.85","1,966,689"
"18-Feb-2025","3,227.00","3,241.00","3,183.00","3,220.15","2,428,215"
"19-Feb-2025","3,220.15","3,302.85","3,211.60","3,275.90","1,677,978"
"20-Feb-2025","3,260.05","3,285.45","3,247.75","3,275.80","1,236,693"
"21-Feb-2025","3,275.80","3,324.90","3,270.90","3,315.10","1,706,850"
"24-Feb-2025","3,289.70","3,325.50","3,250.00","3,257.70","1,512,844"
"25-Feb-2025","3,233.00","3,248.95","3,206.40","3,225.90","2,529,084"
"27-Feb-2025","3,238.00","3,258.50","3,184.00","3,209.50","2,572,065"
"28-Feb-2025","3,199.80","3,199.80","3,141.00","3,163.85","2,494,680"
"03-Mar-2025","3,165.95","3,227.00","3,160.00","3,197.30","1,352,460"
"04-Mar-2025","3,171.05","3,221.00","3,167.80","3,213.00","1,442,098"
"05-Mar-2025","3,213.00","3,245.00","3,187.85","3,239.65","1,945,855"
"06-Mar-2025","3,250.10","3,266.45","3,215.00","3,259.90","1,854,837"
"07-Mar-2025","3,259.90","3,289.00","3,240.10","3,244.70","930,240"
"10-Mar-2025","3,246.00","3,246.30","3,169.05","3,177.70","1,777,752"
"11-Mar-2025","3,170.30","3,204.40","3,161.10","3,195.45","1,274,649"
"12-Mar-2025","3,205.00","3,221.95","3,153.05","3,193.65","1,360,149"
"13-Mar-2025","3,202.25","3,233.15","3,178.05","3,187.30","1,414,376"
"17-Mar-2025","3,190.00","3,240.05","3,159.00","3,173.45","2,805,790"
"18-Mar-2025","3,194.00","3,278.65","3,189.30","3,270.70","2,029,984"
"19-Mar-2025","3,275.00","3,326.60","3,268.50","3,319.55","1,616,312"
"20-Mar-2025","3,335.25","3,358.90","3,276.90","3,351.05","2,434,722"
"21-Mar-2025","3,357.00","3,455.00","3,332.75","3,415.95","3,042,073"
"24-Mar-2025","3,449.00","3,517.00","3,446.00","3,481.85","1,955,564"
"25-Mar-2025","3,505.00","3,525.00","3,435.35","3,469.60","4,235,900"
"26-Mar-2025","3,473.00","3,496.80","3,418.50","3,444.80","2,315,715"
"27-Mar-2025","3,460.00","3,528.00","3,451.00","3,501.60","3,467,864"
"28-Mar-2025","3,509.90","3,514.00","3,472.55","3,492.30","1,348,143"
"01-Apr-2025","3,480.00","3,501.60","3,430.00","3,436.80","1,935,147"
"02-Apr-2025","3,433.00","3,457.75","3,408.00","3,419.90","1,338,839"
"03-Apr-2025","3,400.00","3,463.00","3,393.00","3,420.15","1,200,631"
"04-Apr-2025","3,400.00","3,403.80","3,237.30","3,260.15","2,366,979"
"07-Apr-2025","3,049.05","3,090.60","2,965.30","3,068.50","4,953,864"
"08-Apr-2025","3,124.95","3,193.90","3,092.70","3,161.10","2,877,816"
"09-Apr-2025","3,158.80","3,158.80","3,048.00","3,054.15","4,451,381"
"11-Apr-2025","3,114.00","3,157.00","3,100.15","3,115.95","3,979,116"
"15-Apr-2025","3,180.00","3,272.00","3,176.10","3,257.60","2,161,492"
"16-Apr-2025","3,270.00","3,276.80","3,224.10","3,227.70","1,578,260"
"17-Apr-2025","3,214.10","3,249.90","3,162.40","3,247.30","3,209,331"
"21-Apr-2025","3,249.50","3,290.00","3,225.10","3,280.50","1,643,003"
"22-Apr-2025","3,280.00","3,285.00","3,248.00","3,257.80","2,060,322"
"23-Apr-2025","3,275.40","3,315.00","3,266.70","3,301.00","2,381,699"
"24-Apr-2025","3,307.00","3,307.00","3,280.00","3,300.60","1,993,448"
"25-Apr-2025","3,310.00","3,335.70","3,230.10","3,272.10","2,004,819"
"28-Apr-2025","3,260.00","3,350.80","3,254.80","3,327.30","1,689,485"
"29-Apr-2025","3,335.00","3,376.40","3,315.00","3,322.30","1,843,861"
"30-Apr-2025","3,324.00","3,355.00","3,303.30","3,341.00","1,930,714"
"02-May-2025","3,325.00","3,374.90","3,321.50","3,329.80","1,665,574"
"05-May-2025","3,350.00","3,350.00","3,300.70","3,330.20","1,947,332"
"06-May-2025","3,346.00","3,353.00","3,302.80","3,334.00","1,695,516"
"07-May-2025","3,332.00","3,339.80","3,284.10","3,321.40","2,422,707"
"08-May-2025","3,310.10","3,366.00","3,299.80","3,323.90","3,204,333"
"09-May-2025","3,331.00","3,477.00","3,331.00","3,443.90","5,637,694"
"12-May-2025","3,513.00","3,602.80","3,490.00","3,587.20","3,147,384"
"13-May-2025","3,587.20","3,606.00","3,545.00","3,567.00","2,374,439"
"14-May-2025","3,587.00","3,617.00","3,567.00","3,573.10","2,440,116"
"15-May-2025","3,594.00","3,648.70","3,543.00","3,618.20","3,720,879"
"16-May-2025","3,642.00","3,642.00","3,600.00","3,604.70","1,278,520"
"19-May-2025","3,604.70","3,619.90","3,587.00","3,600.20","1,519,244"
"20-May-2025","3,630.00","3,634.00","3,556.00","3,567.80","1,532,347"
"21-May-2025","3,565.70","3,610.50","3,555.00","3,589.00","1,563,885"
"22-May-2025","3,585.00","3,592.00","3,536.90","3,551.40","1,597,159"
"23-May-2025","3,570.00","3,631.60","3,551.20","3,599.90","1,119,217"
"26-May-2025","3,615.80","3,672.50","3,608.40","3,648.70","1,678,934"
"27-May-2025","3,648.70","3,665.00","3,603.00","3,640.00","2,013,954"
"28-May-2025","3,660.00","3,663.00","3,620.00","3,646.30","1,293,244"
"29-May-2025","3,663.90","3,668.90","3,618.00","3,655.30","1,972,248"
"30-May-2025","3,655.30","3,695.30","3,654.50","3,675.10","2,571,304"
"02-Jun-2025","3,675.10","3,697.30","3,605.60","3,679.60","1,954,517"
"03-Jun-2025","3,655.00","3,669.20","3,615.30","3,644.80","2,472,483"
"04-Jun-2025","3,645.00","3,661.70","3,615.30","3,626.50","1,086,783"
"05-Jun-2025","3,629.90","3,677.40","3,612.00","3,642.60","1,466,416"
"06-Jun-2025","3,645.00","3,667.00","3,623.00","3,656.30","1,172,711"
"09-Jun-2025","3,664.00","3,708.90","3,662.20","3,678.90","898,170"
"10-Jun-2025","3,704.00","3,704.00","3,667.20","3,679.80","1,454,535"
"11-Jun-2025","3,689.90","3,692.00","3,656.10","3,684.80","1,265,737"
"12-Jun-2025","3,684.80","3,708.00","3,585.00","3,603.90","2,335,718"
"13-Jun-2025","3,501.20","3,596.00","3,485.90","3,587.40","1,981,445"
"16-Jun-2025","3,575.50","3,653.70","3,561.80","3,628.70","1,322,630"
"17-Jun-2025","3,622.00","3,627.60","3,602.00","3,622.30","930,603"
"18-Jun-2025","3,622.00","3,639.10","3,587.20","3,601.50","743,311"
"19-Jun-2025","3,607.00","3,643.00","3,591.10","3,621.10","1,580,819"
"20-Jun-2025","3,614.00","3,669.90","3,614.00","3,662.00","2,575,277"
"23-Jun-2025","3,645.00","3,660.00","3,574.60","3,583.70","1,867,977"
"24-Jun-2025","3,637.10","3,684.00","3,597.00","3,604.80","2,751,637"
"25-Jun-2025","3,640.00","3,642.00","3,608.90","3,619.80","1,405,262"
"26-Jun-2025","3,620.10","3,669.00","3,620.10","3,659.60","2,578,926"
"27-Jun-2025","3,665.00","3,731.40","3,665.00","3,679.20","2,720,600"
"30-Jun-2025","3,682.00","3,717.50","3,652.70","3,669.80","1,508,882"
"01-Jul-2025","3,669.80","3,678.90","3,645.00","3,666.70","1,054,380"
"02-Jul-2025","3,666.60","3,674.20","3,583.90","3,596.80","1,330,176"
"03-Jul-2025","3,605.00","3,625.00","3,576.00","3,582.90","1,229,034"
"04-Jul-2025","3,590.00","3,600.00","3,570.10","3,594.60","696,402"
"07-Jul-2025","3,599.90","3,609.80","3,575.10","3,581.40","719,539"
"08-Jul-2025","3,580.00","3,614.00","3,560.00","3,606.40","1,513,912"
"09-Jul-2025","3,605.00","3,605.10","3,568.20","3,579.70","1,008,876"
"10-Jul-2025","3,575.00","3,589.90","3,569.00","3,574.70","1,063,910"
"11-Jul-2025","3,575.00","3,586.60","3,535.50","3,540.60","1,439,747"
"14-Jul-2025","3,540.60","3,548.70","3,488.00","3,495.90","1,358,844"
"15-Jul-2025","3,519.00","3,521.00","3,481.70","3,494.00","1,585,193"
"16-Jul-2025","3,504.00","3,516.00","3,477.00","3,503.80","1,266,964"
"17-Jul-2025","3,515.00","3,515.00","3,467.50","3,474.00","2,217,275"
"18-Jul-2025","3,489.00","3,499.00","3,450.00","3,464.80","1,818,696"
"21-Jul-2025","3,467.60","3,508.10","3,444.90","3,502.80","1,521,623"
"22-Jul-2025","3,502.00","3,507.60","3,454.10","3,464.60","2,586,522"
"23-Jul-2025","3,476.20","3,490.00","3,458.60","3,484.90","1,192,261"
"24-Jul-2025","3,484.90","3,493.40","3,461.00","3,477.50","1,083,671"
"25-Jul-2025","3,470.00","3,477.00","3,437.40","3,442.90","1,338,744"
"28-Jul-2025","3,430.10","3,446.10","3,405.10","3,422.20","2,256,080"
"29-Jul-2025","3,418.00","3,504.30","3,406.50","3,495.60","1,241,060"
"30-Jul-2025","3,622.00","3,685.30","3,590.00","3,665.10","8,760,659"
"31-Jul-2025","3,625.00","3,662.90","3,621.00","3,636.50","1,927,627"
"01-Aug-2025","3,636.00","3,636.00","3,578.10","3,587.30","1,205,945"
"04-Aug-2025","3,595.20","3,636.80","3,577.00","3,631.10","1,033,049"
"05-Aug-2025","3,630.00","3,657.70","3,608.30","3,652.60","1,158,433"
"06-Aug-2025","3,650.00","3,671.00","3,622.20","3,628.40","931,383"
"07-Aug-2025","3,610.30","3,649.00","3,599.20","3,641.60","1,211,790"
"08-Aug-2025","3,641.60","3,662.30","3,600.00","3,607.60","1,337,067"
"11-Aug-2025","3,610.00","3,676.90","3,600.00","3,668.40","1,822,410"
"12-Aug-2025","3,680.00","3,727.90","3,673.10","3,686.10","2,280,103"
"13-Aug-2025","3,696.00","3,716.00","3,681.30","3,693.70","1,227,196"
"14-Aug-2025","3,700.00","3,708.50","3,641.70","3,677.00","1,769,702"
"18-Aug-2025","3,699.00","3,701.50","3,621.70","3,635.10","1,950,151"
"19-Aug-2025","3,648.90","3,654.00","3,608.20","3,613.00","1,352,944"
"20-Aug-2025","3,613.50","3,619.90","3,580.00","3,592.30","1,325,096"
"21-Aug-2025","3,599.00","3,648.00","3,588.00","3,612.60","1,624,009"
"22-Aug-2025","3,610.00","3,634.50","3,582.00","3,595.80","1,060,447"
"25-Aug-2025","3,616.00","3,617.90","3,584.30","3,603.10","980,393"
"26-Aug-2025","3,599.00","3,600.00","3,531.00","3,541.30","1,787,363"
"28-Aug-2025","3,540.00","3,576.90","3,537.20","3,560.10","1,695,226"
"29-Aug-2025","3,575.60","3,615.00","3,540.20","3,601.00","1,678,055"
"01-Sep-2025","3,601.00","3,628.60","3,581.90","3,598.40","1,094,155"
"02-Sep-2025","3,598.40","3,619.90","3,560.00","3,574.90","1,230,950"
"03-Sep-2025","3,594.00","3,606.30","3,560.00","3,600.80","1,314,831"
"04-Sep-2025","3,622.90","3,624.90","3,572.50","3,592.60","1,434,998"
"05-Sep-2025","3,592.80","3,609.10","3,549.10","3,553.60","830,812"
"08-Sep-2025","3,570.00","3,579.90","3,525.00","3,529.60","1,039,999"
"09-Sep-2025","3,547.20","3,550.00","3,516.40","3,525.00","1,522,116"
"10-Sep-2025","3,559.00","3,577.40","3,541.10","3,550.00","1,136,732"
"11-Sep-2025","3,548.00","3,564.70","3,533.00","3,539.70","1,177,793"
"12-Sep-2025","3,556.40","3,595.40","3,548.10","3,579.80","1,146,873"
"15-Sep-2025","3,581.00","3,607.00","3,575.50","3,586.20","1,177,076"
"16-Sep-2025","3,603.90","3,674.00","3,593.10","3,667.80","2,928,060"
"17-Sep-2025","3,672.00","3,704.00","3,662.70","3,685.50","1,610,471"
"18-Sep-2025","3,691.00","3,700.00","3,672.50","3,686.00","1,270,148"
"19-Sep-2025","3,679.00","3,705.00","3,671.00","3,675.40","2,227,521"
"22-Sep-2025","3,693.60","3,693.60","3,633.90","3,644.50","839,430"
"23-Sep-2025","3,646.90","3,673.50","3,613.20","3,657.60","1,262,120"
"24-Sep-2025","3,657.60","3,709.20","3,637.10","3,673.80","1,745,130"
"25-Sep-2025","3,684.00","3,704.00","3,635.70","3,644.40","1,999,071"
"26-Sep-2025","3,664.00","3,794.90","3,661.00","3,729.50","5,870,301"
"29-Sep-2025","3,738.00","3,740.00","3,679.60","3,688.40","2,599,630"
"30-Sep-2025","3,695.00","3,696.60","3,648.00","3,659.00","1,676,302"
"01-Oct-2025","3,658.90","3,688.00","3,615.00","3,670.30","2,005,028"
"03-Oct-2025","3,690.00","3,746.00","3,666.30","3,733.10","1,959,124"
"06-Oct-2025","3,720.00","3,767.00","3,703.00","3,737.00","1,581,506"
"07-Oct-2025","3,748.00","3,766.00","3,725.00","3,729.70","1,673,945"
"08-Oct-2025","3,730.00","3,760.00","3,715.00","3,729.80","1,424,633"
"09-Oct-2025","3,735.50","3,796.40","3,730.10","3,769.20","1,827,249"
"10-Oct-2025","3,765.00","3,799.00","3,760.00","3,784.00","1,129,678"
"13-Oct-2025","3,780.00","3,784.00","3,745.00","3,769.50","1,191,248"
"14-Oct-2025","3,775.00","3,786.80","3,730.20","3,744.30","1,364,583"
"15-Oct-2025","3,747.00","3,843.90","3,744.30","3,828.70","2,575,918"
"16-Oct-2025","3,830.30","3,885.90","3,830.00","3,861.80","2,330,283"
"17-Oct-2025","3,860.00","3,869.50","3,830.10","3,839.40","1,337,364"
"20-Oct-2025","3,862.00","3,887.60","3,845.40","3,872.70","1,223,232"
"21-Oct-2025","3,892.00","3,895.00","3,877.20","3,888.20","260,327"
"23-Oct-2025","3,890.00","3,966.20","3,890.00","3,918.70","2,815,778"
"24-Oct-2025","3,929.30","3,939.90","3,897.50","3,904.90","1,146,636"
"27-Oct-2025","3,912.00","3,948.00","3,907.00","3,923.80","1,057,688"
"28-Oct-2025","3,922.10","3,986.00","3,917.30","3,972.80","3,391,806"
"29-Oct-2025","3,988.00","4,016.70","3,920.00","3,958.10","2,563,641"
"30-Oct-2025","3,980.00","4,062.60","3,975.60","3,987.50","4,959,400"
"31-Oct-2025","4,001.10","4,045.90","3,980.20","4,030.90","2,328,183"
"03-Nov-2025","4,030.00","4,041.00","3,974.90","3,980.50","1,154,072"
"04-Nov-2025","3,985.00","3,990.00","3,916.80","3,924.40","2,042,881"
"06-Nov-2025","3,945.00","3,978.00","3,872.10","3,881.60","1,749,063"
"07-Nov-2025","3,877.10","3,892.90","3,831.10","3,882.50","1,577,294"
"10-Nov-2025","3,895.00","3,943.80","3,894.00","3,918.50","1,397,176"
"11-Nov-2025","3,929.00","3,966.80","3,897.00","3,955.00","1,775,462"
"12-Nov-2025","3,970.00","3,973.80","3,936.90","3,954.60","981,350"
"13-Nov-2025","3,954.60","4,022.90","3,925.60","4,002.50","1,834,962"
"14-Nov-2025","4,002.00","4,011.50","3,971.60","4,004.40","1,916,910"
"17-Nov-2025","4,004.40","4,030.00","4,000.10","4,027.70","1,206,133"
"18-Nov-2025","4,020.00","4,026.80","3,978.90","3,999.60","1,748,928"
"19-Nov-2025","4,007.00","4,026.50","3,980.30","4,019.60","923,032"
"20-Nov-2025","4,035.00","4,048.00","4,007.70","4,037.40","1,463,574"
"21-Nov-2025","4,026.00","4,057.00","4,015.20","4,024.90","1,241,149"
"24-Nov-2025","4,025.00","4,038.00","4,003.70","4,013.30","1,584,741"
"25-Nov-2025","4,013.00","4,055.50","3,981.60","3,996.70","1,749,083"
"26-Nov-2025","3,999.00","4,074.60","3,998.00","4,062.00","2,058,237"
"27-Nov-2025","4,071.00","4,140.00","4,059.60","4,081.30","2,225,064"
"28-Nov-2025","4,085.00","4,104.20","4,054.70","4,069.60","1,318,133"
"01-Dec-2025","4,087.00","4,103.40","4,050.00","4,073.20","1,251,770"
"02-Dec-2025","4,066.50","4,088.60","4,023.80","4,030.50","1,490,917"
"03-Dec-2025","4,032.00","4,046.90","3,970.10","3,988.00","1,123,990"
"04-Dec-2025","3,990.00","4,009.20","3,961.70","3,983.60","1,026,968"
"05-Dec-2025","3,999.00","4,048.00","3,975.10","4,038.20","1,073,758"
"08-Dec-2025","4,047.00","4,047.90","3,976.90","3,996.70","1,127,841"
"09-Dec-2025","3,990.00","4,019.90","3,949.10","3,997.50","1,788,464"
"10-Dec-2025","4,000.00","4,030.00","3,970.00","3,991.30","957,277"
"11-Dec-2025","3,993.20","4,015.00","3,984.60","4,003.90","841,371"
"12-Dec-2025","4,061.00","4,114.00","4,048.60","4,074.10","2,207,898"
"15-Dec-2025","4,072.80","4,096.00","4,063.80","4,092.30","1,064,975"
"16-Dec-2025","4,083.70","4,103.80","4,051.20","4,063.80","2,199,214"
"17-Dec-2025","4,079.00","4,079.00","4,040.00","4,062.40","1,087,334"
"18-Dec-2025","4,067.00","4,071.80","4,023.40","4,031.10","1,004,303"
"19-Dec-2025","4,040.10","4,091.50","4,040.10","4,073.50","1,327,935"
"22-Dec-2025","4,081.00","4,098.50","4,068.50","4,072.40","764,774"
"23-Dec-2025","4,089.00","4,095.00","4,053.30","4,058.80","1,867,147"
"24-Dec-2025","4,065.00","4,080.70","4,048.10","4,053.60","1,021,436"
"26-Dec-2025","4,052.00","4,061.50","4,030.20","4,047.30","594,330"
"29-Dec-2025","4,053.00","4,061.10","4,033.40","4,038.70","952,143"
"30-Dec-2025","4,039.00","4,063.90","4,006.20","4,052.00","1,362,208"
"31-Dec-2025","4,058.00","4,094.50","4,048.00","4,083.50","1,160,164"
"27-Feb-2026","4,288.90","4,304.70","4,254.40","4,270.00","1,989,990"
