"Date","Open","High","Low","Close","Volume"
"01-Jan-2019","6,515.00","6,530.00","6,418.00","6,521.95","141,821"
"02-Jan-2019","6,475.00","6,526.00","6,360.00","6,384.00","221,274"
"03-Jan-2019","6,439.00","6,479.90","6,331.65","6,383.30","215,845"
"04-Jan-2019","6,419.95","6,460.00","6,357.00","6,410.45","156,323"
"07-Jan-2019","6,450.50","6,500.00","6,385.00","6,407.15","103,217"
"08-Jan-2019","6,430.00","6,460.00","6,355.00","6,443.05","111,249"
"09-Jan-2019","6,460.00","6,476.00","6,365.00","6,399.10","159,769"
"10-Jan-2019","6,425.00","6,430.00","6,337.70","6,371.95","164,715"
"11-Jan-2019","6,355.00","6,389.90","6,291.00","6,371.65","122,432"
"14-Jan-2019","6,388.90","6,388.90","6,265.00","6,368.80","152,409"
"15-Jan-2019","6,385.00","6,524.00","6,380.00","6,509.70","133,336"
"16-Jan-2019","6,500.00","6,535.00","6,440.40","6,464.85","119,680"
"17-Jan-2019","6,466.00","6,485.00","6,336.05","6,359.00","139,043"
"18-Jan-2019","6,366.10","6,379.95","6,230.00","6,249.90","191,626"
"21-Jan-2019","6,253.85","6,400.00","6,211.10","6,384.55","177,176"
"22-Jan-2019","6,377.00","6,447.05","6,350.00","6,435.55","173,775"
"23-Jan-2019","6,429.85","6,528.00","6,405.00","6,493.15","187,445"
"24-Jan-2019","6,515.00","6,517.50","6,382.05","6,407.30","108,993"
"25-Jan-2019","6,479.90","6,479.90","6,286.95","6,321.55","92,525"
"28-Jan-2019","6,335.00","6,352.80","5,948.80","6,050.90","299,286"
"29-Jan-2019","6,015.00","6,295.00","5,951.00","6,233.05","578,958"
"30-Jan-2019","6,295.00","6,368.80","6,200.35","6,247.20","338,788"
"31-Jan-2019","6,244.20","6,268.90","6,050.00","6,091.90","377,632"
"01-Feb-2019","6,123.90","6,250.00","6,055.00","6,096.95","311,984"
"04-Feb-2019","6,110.85","6,122.00","5,995.65","6,009.20","128,108"
"05-Feb-2019","6,019.95","6,064.00","5,969.00","6,017.10","175,304"
"06-Feb-2019","6,059.00","6,231.00","6,048.80","6,208.65","228,970"
"07-Feb-2019","6,219.95","6,288.95","6,200.00","6,253.10","134,879"
"08-Feb-2019","6,254.60","6,294.45","6,150.95","6,182.70","138,456"
"11-Feb-2019","6,184.00","6,223.50","6,077.10","6,096.25","113,518"
"12-Feb-2019","6,115.00","6,174.00","6,065.10","6,096.40","148,869"
"13-Feb-2019","6,165.00","6,216.35","6,099.80","6,127.65","262,494"
"14-Feb-2019","6,119.00","6,140.45","6,025.00","6,035.60","198,337"
"15-Feb-2019","6,050.00","6,080.00","5,855.00","6,025.45","277,871"
"18-Feb-2019","6,069.00","6,083.05","5,860.35","5,885.15","245,222"
"19-Feb-2019","5,886.50","6,030.00","5,862.35","5,969.75","213,067"
"20-Feb-2019","6,007.00","6,045.00","5,932.20","5,998.45","161,713"
"21-Feb-2019","6,040.00","6,220.00","5,982.00","6,169.10","230,121"
"22-Feb-2019","6,170.00","6,272.70","6,146.95","6,195.65","211,012"
"25-Feb-2019","6,220.00","6,391.30","6,180.00","6,333.55","232,170"
"26-Feb-2019","6,265.00","6,498.25","6,241.15","6,452.65","564,523"
"27-Feb-2019","6,475.00","6,509.70","6,380.05","6,419.85","298,539"
"28-Feb-2019","6,478.00","6,480.00","6,413.10","6,462.45","158,931"
"01-Mar-2019","6,480.00","6,540.00","6,428.05","6,440.60","222,076"
"05-Mar-2019","6,440.00","6,650.00","6,386.00","6,543.75","229,793"
"06-Mar-2019","6,610.00","6,625.00","6,518.35","6,609.15","236,921"
"07-Mar-2019","6,580.10","6,668.60","6,565.00","6,598.50","199,032"
"08-Mar-2019","6,570.00","6,640.00","6,550.00","6,616.95","144,867"
"11-Mar-2019","6,616.50","6,812.10","6,612.25","6,783.60","268,460"
"12-Mar-2019","6,858.00","6,891.00","6,791.80","6,860.90","262,373"
"13-Mar-2019","6,850.00","6,931.00","6,792.65","6,898.20","221,233"
"14-Mar-2019","6,900.00","6,955.00","6,857.65","6,932.10","181,236"
"15-Mar-2019","6,920.00","7,004.00","6,900.00","6,927.95","219,456"
"18-Mar-2019","6,970.00","7,044.90","6,880.05","7,006.80","171,373"
"19-Mar-2019","7,000.00","7,036.00","6,950.00","6,975.65","160,837"
"20-Mar-2019","6,990.00","6,998.70","6,907.20","6,953.50","119,525"
"22-Mar-2019","6,970.00","7,080.00","6,938.90","6,960.05","155,624"
"25-Mar-2019","6,942.70","6,969.20","6,881.00","6,917.25","138,280"
"26-Mar-2019","6,967.00","7,060.00","6,920.00","6,987.85","221,597"
"27-Mar-2019","7,000.00","7,079.00","6,951.35","6,980.35","444,893"
"28-Mar-2019","6,994.00","7,022.70","6,857.50","6,952.55","328,240"
"29-Mar-2019","7,001.00","7,060.00","6,941.00","7,037.05","211,740"
"01-Apr-2019","7,090.00","7,180.00","7,040.00","7,158.80","311,482"
"02-Apr-2019","7,197.40","7,311.00","7,159.90","7,279.60","264,666"
"03-Apr-2019","7,299.00","7,450.00","7,285.15","7,401.55","426,738"
"04-Apr-2019","7,411.55","7,422.00","7,282.00","7,318.55","202,173"
"05-Apr-2019","7,350.00","7,420.45","7,320.40","7,397.80","170,143"
"08-Apr-2019","7,438.80","7,440.00","7,310.00","7,347.25","165,975"
"09-Apr-2019","7,340.00","7,400.00","7,272.00","7,379.20","159,866"
"10-Apr-2019","7,373.90","7,445.00","7,345.00","7,423.30","165,487"
"11-Apr-2019","7,419.50","7,590.00","7,396.20","7,562.75","276,607"
"12-Apr-2019","7,572.00","7,594.95","7,506.00","7,536.85","180,707"
"15-Apr-2019","7,580.00","7,580.00","7,480.30","7,509.15","101,240"
"16-Apr-2019","7,548.00","7,620.00","7,496.00","7,578.95","128,121"
"18-Apr-2019","7,593.00","7,595.00","7,465.00","7,571.15","162,690"
"22-Apr-2019","7,580.00","7,580.00","7,455.35","7,472.75","127,023"
"23-Apr-2019","7,488.00","7,533.00","7,485.00","7,495.05","110,014"
"24-Apr-2019","7,490.00","7,672.50","7,475.55","7,637.95","133,887"
"25-Apr-2019","7,663.50","7,735.95","7,625.00","7,669.50","288,510"
"26-Apr-2019","7,685.10","7,747.20","7,625.00","7,721.25","109,306"
"30-Apr-2019","7,721.25","7,730.00","7,449.15","7,520.45","253,399"
"02-May-2019","7,522.00","7,625.00","7,500.85","7,578.85","103,551"
"03-May-2019","7,595.00","7,669.90","7,590.00","7,624.20","80,422"
"06-May-2019","7,580.00","7,699.75","7,557.60","7,667.95","118,824"
"07-May-2019","7,684.00","7,698.75","7,525.00","7,561.95","103,553"
"08-May-2019","7,550.00","7,551.00","7,312.30","7,345.75","230,383"
"09-May-2019","7,305.00","7,494.20","7,278.00","7,467.30","238,193"
"10-May-2019","7,495.00","7,528.95","7,351.00","7,383.70","181,924"
"13-May-2019","7,416.20","7,416.20","7,303.25","7,347.35","111,869"
"14-May-2019","7,320.15","7,418.00","7,226.05","7,365.70","269,637"
"15-May-2019","7,399.00","7,535.00","7,335.15","7,454.70","244,031"
"16-May-2019","7,483.75","7,663.15","7,422.00","7,617.45","355,788"
"17-May-2019","7,675.00","8,029.75","7,588.35","7,992.95","1,012,415"
"20-May-2019","8,056.00","8,294.00","8,056.00","8,235.00","343,089"
"21-May-2019","8,239.00","8,335.00","8,100.05","8,185.40","379,115"
"22-May-2019","8,194.00","8,273.00","8,102.00","8,221.55","215,233"
"23-May-2019","8,275.00","8,303.00","7,980.00","8,013.30","311,471"
"24-May-2019","8,013.00","8,185.00","7,998.30","8,151.70","224,594"
"27-May-2019","8,150.00","8,250.00","8,112.00","8,213.05","169,859"
"28-May-2019","8,200.00","8,242.50","8,069.50","8,128.55","263,409"
"29-May-2019","8,128.40","8,160.00","8,055.15","8,131.75","106,040"
"30-May-2019","8,150.00","8,260.00","8,120.00","8,226.90","211,411"
"31-May-2019","8,219.00","8,279.00","8,152.65","8,187.95","252,199"
"03-Jun-2019","8,194.00","8,365.00","8,194.00","8,348.10","170,966"
"04-Jun-2019","8,344.95","8,388.00","8,292.35","8,312.85","132,333"
"06-Jun-2019","8,329.00","8,362.80","8,102.10","8,125.20","176,636"
"07-Jun-2019","8,160.00","8,245.00","8,103.40","8,202.35","159,028"
"10-Jun-2019","8,260.00","8,360.00","8,226.70","8,304.45","186,362"
"11-Jun-2019","8,310.00","8,339.10","8,241.60","8,270.65","165,578"
"12-Jun-2019","8,275.00","8,288.60","8,185.90","8,245.60","125,371"
"13-Jun-2019","8,237.45","8,320.00","8,213.00","8,292.35","115,153"
"14-Jun-2019","8,287.00","8,315.00","8,200.00","8,235.15","101,331"
"17-Jun-2019","8,244.00","8,244.00","8,094.65","8,121.30","104,058"
"18-Jun-2019","8,144.00","8,275.00","8,130.00","8,246.25","134,711"
"19-Jun-2019","8,285.00","8,310.00","8,191.30","8,257.00","130,334"
"20-Jun-2019","8,177.00","8,474.00","8,177.00","8,417.85","143,596"
"21-Jun-2019","8,382.00","8,459.00","8,363.50","8,392.45","230,915"
"24-Jun-2019","8,392.45","8,432.00","8,338.00","8,354.65","107,927"
"25-Jun-2019","8,350.00","8,399.65","8,327.00","8,346.15","108,873"
"26-Jun-2019","8,339.70","8,437.95","8,304.10","8,410.50","117,884"
"27-Jun-2019","8,405.20","8,479.00","8,400.20","8,443.90","157,072"
"28-Jun-2019","8,443.90","8,557.85","8,423.80","8,524.65","224,278"
"01-Jul-2019","8,548.00","8,575.00","8,503.05","8,521.05","102,735"
"02-Jul-2019","8,549.00","8,549.00","8,422.00","8,474.85","152,306"
"03-Jul-2019","8,509.00","8,510.00","8,405.60","8,430.45","161,661"
"04-Jul-2019","8,420.00","8,556.10","8,420.00","8,537.55","144,946"
"05-Jul-2019","8,545.00","8,580.00","8,411.40","8,435.35","159,449"
"08-Jul-2019","8,499.90","8,499.90","7,463.05","7,593.05","826,206"
"09-Jul-2019","7,590.00","7,934.35","7,418.95","7,855.40","1,267,816"
"10-Jul-2019","7,819.90","7,907.20","7,602.65","7,658.20","506,277"
"11-Jul-2019","7,693.00","7,799.00","7,601.00","7,645.70","373,119"
"12-Jul-2019","7,690.00","7,779.90","7,635.00","7,725.70","350,571"
"15-Jul-2019","7,750.70","7,780.00","7,672.00","7,714.45","178,663"
"16-Jul-2019","7,711.00","7,900.00","7,702.05","7,881.70","191,188"
"17-Jul-2019","7,882.00","7,909.00","7,820.50","7,854.55","168,284"
"18-Jul-2019","7,858.70","7,907.90","7,810.00","7,847.65","134,466"
"19-Jul-2019","7,900.00","7,900.00","7,506.00","7,566.35","406,851"
"22-Jul-2019","7,541.00","7,544.00","7,080.80","7,162.45","693,477"
"23-Jul-2019","7,164.80","7,254.95","7,115.00","7,170.35","324,922"
"24-Jul-2019","7,205.00","7,223.00","6,966.05","7,065.30","441,763"
"25-Jul-2019","7,069.90","7,170.00","6,760.00","6,782.30","1,095,745"
"26-Jul-2019","6,775.00","7,298.00","6,631.70","7,233.00","1,282,898"
"29-Jul-2019","7,235.00","7,283.70","7,090.00","7,120.85","419,089"
"30-Jul-2019","7,150.00","7,257.75","7,056.00","7,078.05","342,504"
"31-Jul-2019","7,088.00","7,123.20","6,895.00","7,097.85","356,118"
"01-Aug-2019","7,075.00","7,179.80","6,970.55","7,082.00","365,797"
"02-Aug-2019","6,955.00","7,125.00","6,902.00","7,063.70","469,811"
"05-Aug-2019","6,975.00","7,035.00","6,942.00","6,986.95","296,069"
"06-Aug-2019","6,950.00","7,128.00","6,950.00","7,096.35","349,945"
"07-Aug-2019","7,115.00","7,190.00","7,076.45","7,152.45","395,853"
"08-Aug-2019","7,200.05","7,376.30","7,128.00","7,290.45","243,718"
"09-Aug-2019","7,355.00","7,590.00","7,325.00","7,504.00","416,412"
"13-Aug-2019","7,510.00","7,545.00","7,066.05","7,089.15","406,528"
"14-Aug-2019","7,198.00","7,449.90","7,130.05","7,415.20","546,578"
"16-Aug-2019","7,391.00","7,575.00","7,283.35","7,439.40","459,164"
"19-Aug-2019","7,465.30","7,530.85","7,340.55","7,376.65","300,128"
"20-Aug-2019","7,420.00","7,450.00","7,207.00","7,236.15","427,881"
"21-Aug-2019","7,241.00","7,334.00","7,117.35","7,145.85","369,263"
"22-Aug-2019","7,164.00","7,186.25","6,740.00","6,767.35","710,196"
"23-Aug-2019","6,773.00","6,963.00","6,581.00","6,884.60","613,954"
"26-Aug-2019","7,149.00","7,223.65","6,909.55","7,190.80","547,043"
"27-Aug-2019","7,220.80","7,242.00","7,095.00","7,126.50","683,327"
"28-Aug-2019","7,107.00","7,140.00","6,983.30","7,035.95","392,626"
"29-Aug-2019","7,025.00","7,055.00","6,931.20","6,979.85","312,764"
"30-Aug-2019","6,997.00","7,146.55","6,965.00","7,119.55","472,409"
"03-Sep-2019","7,050.00","7,093.95","7,000.00","7,026.30","237,446"
"04-Sep-2019","7,030.00","7,077.00","6,950.00","7,023.10","303,358"
"05-Sep-2019","7,050.00","7,094.95","6,953.60","7,001.05","281,048"
"06-Sep-2019","7,023.50","7,187.95","7,023.50","7,175.90","302,126"
"09-Sep-2019","7,160.00","7,357.40","7,137.10","7,323.95","397,840"
"11-Sep-2019","7,349.95","7,419.00","7,295.00","7,354.20","348,066"
"12-Sep-2019","7,355.00","7,357.90","7,126.65","7,291.95","250,803"
"13-Sep-2019","7,303.95","7,399.75","7,256.00","7,388.75","213,756"
"16-Sep-2019","7,314.85","7,385.00","7,252.90","7,280.25","251,990"
"17-Sep-2019","7,291.00","7,325.00","7,108.30","7,150.50","250,105"
"18-Sep-2019","7,221.00","7,348.00","7,196.00","7,255.05","307,394"
"19-Sep-2019","7,246.00","7,249.00","7,135.55","7,188.65","222,370"
"20-Sep-2019","7,230.00","7,800.00","7,102.00","7,693.65","965,027"
"23-Sep-2019","7,852.00","8,392.90","7,831.00","8,297.75","806,321"
"24-Sep-2019","8,298.00","8,374.75","8,157.05","8,240.70","376,734"
"25-Sep-2019","8,221.00","8,374.95","8,160.80","8,255.60","474,853"
"26-Sep-2019","8,300.00","8,498.80","8,295.00","8,464.60","581,577"
"27-Sep-2019","8,480.00","8,577.00","8,404.00","8,550.35","384,278"
"30-Sep-2019","8,560.00","8,668.80","8,410.35","8,513.00","462,717"
"01-Oct-2019","8,571.00","8,613.95","8,285.90","8,458.35","352,809"
"03-Oct-2019","8,433.00","8,485.00","8,320.45","8,446.45","207,759"
"04-Oct-2019","8,514.00","8,541.35","8,250.70","8,300.75","271,416"
"07-Oct-2019","8,295.00","8,355.00","8,190.00","8,220.00","276,990"
"09-Oct-2019","8,279.00","8,349.90","8,176.00","8,318.25","329,837"
"10-Oct-2019","8,280.00","8,345.00","8,175.00","8,201.85","200,005"
"11-Oct-2019","8,224.00","8,328.85","8,105.00","8,169.45","270,260"
"14-Oct-2019","8,195.00","8,254.10","8,052.00","8,082.25","190,372"
"15-Oct-2019","8,130.00","8,130.00","8,013.00","8,035.85","217,114"
"16-Oct-2019","8,085.55","8,260.00","8,065.05","8,134.30","453,154"
"17-Oct-2019","8,154.00","8,357.40","8,102.00","8,316.65","622,466"
"18-Oct-2019","8,316.00","8,437.60","8,230.00","8,265.95","352,909"
"22-Oct-2019","8,300.00","8,393.00","7,975.25","8,008.85","503,368"
"23-Oct-2019","8,173.00","8,276.60","8,021.00","8,070.95","570,989"
"24-Oct-2019","8,129.95","8,200.00","8,035.00","8,091.00","336,515"
"25-Oct-2019","8,141.00","8,160.00","7,852.00","7,972.15","354,844"
"27-Oct-2019","7,980.00","8,085.45","7,954.35","8,001.50","41,755"
"29-Oct-2019","8,113.00","8,174.35","8,013.00","8,150.90","389,923"
"30-Oct-2019","8,196.85","8,199.05","8,061.25","8,082.40","226,406"
"31-Oct-2019","8,120.00","8,241.95","8,100.00","8,134.35","423,287"
"01-Nov-2019","8,168.00","8,429.00","8,110.50","8,384.75","656,439"
"04-Nov-2019","8,480.00","8,750.00","8,450.25","8,706.60","552,812"
"05-Nov-2019","8,800.00","8,887.75","8,655.40","8,845.75","598,420"
"06-Nov-2019","8,800.00","8,875.00","8,721.05","8,772.85","320,303"
"07-Nov-2019","8,798.00","8,859.70","8,762.05","8,832.90","213,383"
"08-Nov-2019","8,795.00","8,950.00","8,750.00","8,818.85","294,904"
"11-Nov-2019","8,799.00","8,925.00","8,775.00","8,903.30","174,978"
"13-Nov-2019","8,888.00","9,027.00","8,855.55","8,978.35","360,673"
"14-Nov-2019","8,979.95","9,091.00","8,900.00","9,061.85","348,634"
"15-Nov-2019","9,070.20","9,140.00","9,033.60","9,057.85","295,919"
"18-Nov-2019","9,065.50","9,126.00","9,015.45","9,104.25","211,760"
"19-Nov-2019","9,070.00","9,189.00","9,066.30","9,152.80","237,653"
"20-Nov-2019","9,135.00","9,185.00","9,060.00","9,079.25","243,993"
"21-Nov-2019","9,085.00","9,117.00","9,032.00","9,055.10","173,328"
"22-Nov-2019","9,059.80","9,080.00","8,981.00","9,039.30","155,772"
"25-Nov-2019","9,051.00","9,220.00","9,015.20","9,175.00","148,437"
"26-Nov-2019","9,170.00","9,215.00","9,089.60","9,121.30","295,094"
"27-Nov-2019","9,141.00","9,260.30","9,121.30","9,228.45","147,351"
"28-Nov-2019","9,254.50","9,284.75","9,190.05","9,240.10","164,635"
"29-Nov-2019","9,230.00","9,235.80","9,095.30","9,110.25","148,877"
"02-Dec-2019","9,110.00","9,110.00","8,900.00","8,948.30","320,750"
"03-Dec-2019","8,975.00","9,127.30","8,926.50","9,089.75","180,880"
"04-Dec-2019","9,068.90","9,088.00","8,955.05","9,030.25","216,459"
"05-Dec-2019","9,015.00","9,030.25","8,935.05","8,965.50","119,246"
"06-Dec-2019","9,012.00","9,035.50","8,824.25","8,853.10","167,027"
"09-Dec-2019","8,896.70","8,994.75","8,821.05","8,929.00","149,833"
"10-Dec-2019","8,910.00","8,993.00","8,879.00","8,927.20","143,935"
"11-Dec-2019","8,950.00","9,100.00","8,935.05","9,079.10","225,881"
"12-Dec-2019","9,100.00","9,184.00","9,081.20","9,169.25","191,985"
"13-Dec-2019","9,200.00","9,274.90","9,142.15","9,210.30","215,357"
"16-Dec-2019","9,250.00","9,300.00","9,150.00","9,288.10","197,075"
"17-Dec-2019","9,281.80","9,389.80","9,261.40","9,361.75","220,998"
"18-Dec-2019","9,365.00","9,421.00","9,326.65","9,362.60","228,424"
"19-Dec-2019","9,350.00","9,358.80","9,256.60","9,270.75","135,843"
"20-Dec-2019","9,290.00","9,333.00","9,260.00","9,280.05","167,670"
"23-Dec-2019","9,281.75","9,370.00","9,260.75","9,304.05","169,704"
"24-Dec-2019","9,290.05","9,327.90","9,252.30","9,294.85","100,160"
"26-Dec-2019","9,325.00","9,392.00","9,290.00","9,350.10","165,007"
"27-Dec-2019","9,360.00","9,465.00","9,348.05","9,443.15","133,407"
"30-Dec-2019","9,444.00","9,482.00","9,402.55","9,439.20","124,965"
"31-Dec-2019","9,422.40","9,444.95","9,379.00","9,393.35","116,732"
"01-Jan-2020","9,420.00","9,432.45","9,351.95","9,378.45","63,668"
"02-Jan-2020","9,378.50","9,530.95","9,378.45","9,505.60","157,891"
"03-Jan-2020","9,465.00","9,504.60","9,324.00","9,345.85","182,479"
"06-Jan-2020","9,339.00","9,339.00","9,022.00","9,042.70","244,289"
"07-Jan-2020","9,125.00","9,265.00","9,065.05","9,095.65","242,676"
"08-Jan-2020","8,971.00","9,166.85","8,961.60","9,145.50","269,718"
"09-Jan-2020","9,499.90","9,499.90","9,209.00","9,395.25","214,197"
"10-Jan-2020","9,375.15","9,434.85","9,338.30","9,372.25","139,393"
"13-Jan-2020","9,399.80","9,468.00","9,365.00","9,455.25","150,713"
"14-Jan-2020","9,446.00","9,579.80","9,405.30","9,554.85","162,899"
"15-Jan-2020","9,539.85","9,619.00","9,501.60","9,589.15","137,230"
"16-Jan-2020","9,590.00","9,640.00","9,565.05","9,622.15","135,782"
"17-Jan-2020","9,614.00","9,740.30","9,601.00","9,715.00","284,129"
"20-Jan-2020","9,725.00","9,764.35","9,550.00","9,572.75","184,198"
"21-Jan-2020","9,583.95","9,625.00","9,508.20","9,534.30","174,507"
"22-Jan-2020","9,590.00","9,600.00","9,495.00","9,547.50","139,525"
"23-Jan-2020","9,547.50","9,596.00","9,484.15","9,534.20","181,280"
"24-Jan-2020","9,519.20","9,650.00","9,480.10","9,633.75","123,978"
"27-Jan-2020","9,590.00","9,648.90","9,535.00","9,557.60","113,128"
"28-Jan-2020","9,557.60","9,710.00","9,530.00","9,631.30","190,469"
"29-Jan-2020","9,649.00","9,929.00","9,649.00","9,894.25","501,913"
"30-Jan-2020","9,924.00","9,950.00","9,603.35","9,639.65","412,825"
"31-Jan-2020","9,708.00","9,708.00","9,410.00","9,441.40","329,541"
"01-Feb-2020","9,442.55","9,614.00","8,820.00","8,947.40","714,893"
"03-Feb-2020","8,955.00","9,235.00","8,885.00","9,086.15","502,551"
"04-Feb-2020","9,180.00","9,624.90","9,161.30","9,534.90","463,697"
"05-Feb-2020","9,540.00","9,684.00","9,457.70","9,591.40","324,540"
"06-Feb-2020","9,600.00","9,709.00","9,560.00","9,619.70","271,343"
"07-Feb-2020","9,610.00","9,673.65","9,561.05","9,623.30","142,626"
"10-Feb-2020","9,605.00","9,657.95","9,531.00","9,627.00","143,528"
"11-Feb-2020","9,643.50","9,810.00","9,643.50","9,731.60","195,579"
"12-Feb-2020","9,738.00","9,840.95","9,685.25","9,771.85","188,528"
"13-Feb-2020","9,758.00","9,795.00","9,689.00","9,717.20","136,630"
"14-Feb-2020","9,735.00","9,795.00","9,653.05","9,690.50","139,237"
"17-Feb-2020","9,699.80","9,785.25","9,514.55","9,528.85","175,401"
"18-Feb-2020","9,527.00","9,564.95","9,416.00","9,529.50","266,384"
"19-Feb-2020","9,580.00","9,780.00","9,580.00","9,758.65","221,132"
"20-Feb-2020","9,758.00","9,827.55","9,693.75","9,709.70","167,020"
"24-Feb-2020","9,680.00","9,680.00","9,448.30","9,466.90","199,329"
"25-Feb-2020","9,500.00","9,550.00","9,351.10","9,525.00","222,018"
"26-Feb-2020","9,455.00","9,494.90","9,360.00","9,387.00","175,517"
"27-Feb-2020","9,385.00","9,494.70","9,266.80","9,408.00","207,583"
"28-Feb-2020","9,270.50","9,286.55","8,825.05","9,050.75","537,852"
"02-Mar-2020","9,300.00","9,300.00","8,808.00","8,914.50","309,031"
"03-Mar-2020","9,000.00","9,116.65","8,680.00","8,963.65","550,729"
"04-Mar-2020","9,000.00","9,066.60","8,593.25","8,799.70","440,251"
"05-Mar-2020","8,870.00","8,970.00","8,761.05","8,879.90","319,853"
"06-Mar-2020","8,570.00","8,625.00","8,400.00","8,603.20","408,699"
"09-Mar-2020","8,439.00","8,450.00","8,160.00","8,207.10","370,508"
"11-Mar-2020","8,180.00","8,397.10","8,128.05","8,254.00","372,353"
"12-Mar-2020","7,900.00","7,981.95","7,400.00","7,438.05","619,201"
"13-Mar-2020","6,800.00","7,883.90","6,524.25","7,742.00","595,673"
"16-Mar-2020","7,450.00","7,566.50","7,200.00","7,495.60","562,246"
"17-Mar-2020","7,501.00","7,521.95","6,956.80","7,017.50","447,612"
"18-Mar-2020","7,150.00","7,200.00","6,257.40","6,310.20","645,498"
"19-Mar-2020","5,865.00","6,205.85","5,442.65","5,785.50","816,638"
"20-Mar-2020","5,725.20","6,391.95","5,700.00","6,233.05","657,470"
"23-Mar-2020","5,640.00","5,890.40","4,449.00","4,621.05","688,028"
"24-Mar-2020","4,900.00","5,080.00","4,160.25","4,497.75","1,558,786"
"25-Mar-2020","4,450.00","4,920.00","4,400.05","4,830.30","797,273"
"26-Mar-2020","4,975.00","5,554.80","4,825.20","5,147.25","1,019,124"
"27-Mar-2020","5,477.00","5,660.00","4,675.00","4,890.60","1,291,819"
"30-Mar-2020","4,700.00","4,779.60","4,555.00","4,661.15","750,912"
"31-Mar-2020","4,810.00","4,879.55","4,430.00","4,591.20","1,156,179"
"01-Apr-2020","4,560.00","4,667.70","4,460.00","4,501.90","757,772"
"03-Apr-2020","4,560.00","4,646.00","4,430.00","4,510.75","722,316"
"07-Apr-2020","4,620.00","4,818.80","4,329.05","4,724.90","1,130,738"
"08-Apr-2020","4,575.00","4,950.00","4,537.80","4,608.50","1,113,057"
"09-Apr-2020","4,705.00","4,848.00","4,662.00","4,820.25","864,222"
"13-Apr-2020","4,844.00","4,844.00","4,469.35","4,491.40","891,709"
"15-Apr-2020","4,551.00","4,664.25","4,480.00","4,599.10","983,071"
"16-Apr-2020","4,570.00","4,760.00","4,508.80","4,699.60","747,354"
"17-Apr-2020","4,876.00","5,136.00","4,855.05","4,999.70","1,352,223"
"20-Apr-2020","5,085.80","5,090.00","4,720.45","4,882.25","903,157"
"21-Apr-2020","4,749.00","4,749.00","4,575.00","4,595.05","670,944"
"22-Apr-2020","4,585.00","4,815.65","4,485.00","4,775.75","792,158"
"23-Apr-2020","4,800.00","4,858.00","4,705.05","4,729.60","691,838"
"24-Apr-2020","4,675.00","4,675.00","4,365.00","4,389.80","1,022,043"
"27-Apr-2020","4,430.20","4,670.00","4,288.00","4,617.50","1,133,888"
"28-Apr-2020","4,691.00","4,910.00","4,581.15","4,861.80","1,520,428"
"29-Apr-2020","4,865.10","5,070.00","4,822.40","4,998.65","1,523,528"
"30-Apr-2020","5,108.00","5,175.00","5,050.85","5,104.35","1,064,409"
"04-May-2020","4,922.00","4,939.90","4,720.00","4,762.35","810,709"
"05-May-2020","4,890.00","4,920.00","4,610.00","4,629.20","815,889"
"06-May-2020","4,647.00","4,789.80","4,542.00","4,692.90","1,262,830"
"07-May-2020","4,678.00","4,796.00","4,640.00","4,673.40","645,431"
"08-May-2020","4,768.00","4,778.40","4,577.35","4,601.00","488,587"
"11-May-2020","4,687.30","4,717.70","4,540.10","4,558.00","585,230"
"12-May-2020","4,528.00","4,715.80","4,455.50","4,668.20","1,018,893"
"13-May-2020","4,948.00","5,050.00","4,778.10","4,816.40","698,755"
"14-May-2020","4,770.00","4,937.85","4,720.00","4,790.25","792,868"
"15-May-2020","4,792.00","4,833.65","4,701.00","4,723.25","395,124"
"18-May-2020","4,724.60","4,739.05","4,451.00","4,465.45","646,942"
"19-May-2020","4,520.00","4,595.00","4,433.25","4,535.45","574,151"
"20-May-2020","4,548.00","4,739.85","4,521.45","4,702.05","582,885"
"21-May-2020","4,725.00","4,742.70","4,515.00","4,539.20","1,092,621"
"22-May-2020","4,509.10","4,578.45","4,087.00","4,315.55","2,725,018"
"26-May-2020","4,360.00","4,400.00","4,051.80","4,097.25","1,575,820"
"27-May-2020","4,100.00","4,276.95","3,985.30","4,258.05","2,498,693"
"28-May-2020","4,250.00","4,325.00","4,211.85","4,285.95","1,247,257"
"29-May-2020","4,240.00","4,428.95","4,201.50","4,404.90","1,394,430"
"01-Jun-2020","4,500.00","4,845.35","4,476.75","4,763.20","2,110,631"
"02-Jun-2020","4,793.95","5,238.00","4,742.65","5,184.70","2,693,375"
"03-Jun-2020","5,344.00","5,529.80","5,217.10","5,286.05","2,412,624"
"04-Jun-2020","5,289.00","5,335.95","5,068.00","5,136.80","1,994,489"
"05-Jun-2020","5,162.00","5,285.00","5,096.25","5,236.40","1,513,932"
"08-Jun-2020","5,360.00","5,495.00","5,360.00","5,440.95","1,396,631"
"09-Jun-2020","5,500.00","5,523.95","5,250.05","5,310.80","1,163,434"
"10-Jun-2020","5,310.80","5,344.00","5,160.00","5,223.00","1,162,257"
"11-Jun-2020","5,200.00","5,285.00","5,130.00","5,158.00","1,057,333"
"12-Jun-2020","4,900.00","5,339.00","4,900.00","5,285.95","1,655,263"
"15-Jun-2020","5,281.00","5,281.00","5,076.60","5,103.60","1,023,491"
"16-Jun-2020","5,250.00","5,270.00","4,980.70","5,128.30","1,169,103"
"17-Jun-2020","5,036.00","5,130.00","5,007.90","5,036.95","1,049,874"
"18-Jun-2020","5,036.95","5,499.00","5,021.55","5,427.55","1,806,208"
"19-Jun-2020","5,450.00","5,970.30","5,443.80","5,899.80","3,595,572"
"22-Jun-2020","5,969.00","6,350.00","5,960.00","6,183.55","2,514,021"
"23-Jun-2020","6,275.00","6,382.00","6,090.80","6,319.65","1,981,286"
"24-Jun-2020","6,455.00","6,455.00","5,980.40","6,046.05","1,886,491"
"25-Jun-2020","5,966.00","6,125.00","5,920.25","6,021.15","1,900,316"
"26-Jun-2020","6,089.00","6,133.55","5,870.00","5,946.30","1,067,247"
"29-Jun-2020","5,832.00","5,937.30","5,751.30","5,890.20","1,010,274"
"30-Jun-2020","5,990.00","6,043.65","5,815.80","5,845.15","976,674"
"01-Jul-2020","5,818.00","6,194.80","5,802.65","6,169.35","1,724,244"
"02-Jul-2020","6,199.95","6,267.00","6,112.65","6,188.80","1,529,252"
"03-Jul-2020","6,220.00","6,238.30","6,128.00","6,149.40","833,077"
"06-Jul-2020","6,217.00","6,321.00","6,161.00","6,285.00","1,220,298"
"07-Jul-2020","6,323.00","6,629.70","6,275.05","6,589.60","2,007,354"
"08-Jul-2020","6,600.00","6,680.00","6,369.90","6,405.40","1,400,367"
"09-Jul-2020","6,430.50","6,638.00","6,375.00","6,569.20","1,322,799"
"10-Jul-2020","6,515.00","6,645.00","6,441.00","6,483.80","1,220,643"
"13-Jul-2020","6,574.00","6,592.40","6,400.00","6,461.45","810,726"
"14-Jul-2020","6,460.00","6,460.00","6,211.00","6,243.45","1,128,715"
"15-Jul-2020","6,320.00","6,439.85","6,103.00","6,168.45","981,394"
"16-Jul-2020","6,200.00","6,280.00","6,065.00","6,264.90","830,422"
"17-Jul-2020","6,299.95","6,382.85","6,280.00","6,361.60","570,041"
"20-Jul-2020","6,400.00","6,635.00","6,380.00","6,620.15","1,221,890"
"21-Jul-2020","6,688.80","6,710.00","6,338.45","6,384.35","1,862,522"
"22-Jul-2020","6,599.00","6,599.00","6,271.00","6,347.40","2,158,054"
"23-Jul-2020","6,369.95","6,454.95","6,313.15","6,381.35","924,850"
"24-Jul-2020","6,307.95","6,355.00","6,225.00","6,270.30","874,719"
"27-Jul-2020","6,279.00","6,315.05","6,135.80","6,173.20","656,208"
"28-Jul-2020","6,175.00","6,387.35","6,174.00","6,342.80","837,865"
"29-Jul-2020","6,324.10","6,425.00","6,292.55","6,328.60","764,541"
"30-Jul-2020","6,377.25","6,421.00","6,160.00","6,177.60","610,302"
"31-Jul-2020","6,220.00","6,305.00","6,120.00","6,205.90","749,710"
"03-Aug-2020","6,223.00","6,223.00","6,060.00","6,103.15","509,598"
"04-Aug-2020","6,160.10","6,228.00","6,071.90","6,162.00","616,503"
"05-Aug-2020","6,225.00","6,345.00","6,188.40","6,242.05","695,449"
"06-Aug-2020","6,279.95","6,370.00","6,242.00","6,295.70","626,113"
"07-Aug-2020","6,285.00","6,500.00","6,250.00","6,467.15","825,773"
"10-Aug-2020","6,509.95","6,570.00","6,367.00","6,402.80","605,241"
"11-Aug-2020","6,450.00","6,496.00","6,391.00","6,440.35","430,944"
"12-Aug-2020","6,400.00","6,400.00","6,315.10","6,357.20","385,422"
"13-Aug-2020","6,400.00","6,432.00","6,324.10","6,350.00","390,585"
"14-Aug-2020","6,390.00","6,400.00","6,190.00","6,246.70","421,720"
"17-Aug-2020","6,300.00","6,319.10","6,201.00","6,269.10","435,939"
"18-Aug-2020","6,290.00","6,375.00","6,242.00","6,343.05","457,147"
"19-Aug-2020","6,375.00","6,425.00","6,283.00","6,299.05","493,072"
"20-Aug-2020","6,255.00","6,314.00","6,231.05","6,289.45","314,948"
"21-Aug-2020","6,346.10","6,366.00","6,260.05","6,282.40","303,240"
"24-Aug-2020","6,313.85","6,454.85","6,294.20","6,400.45","586,109"
"25-Aug-2020","6,439.95","6,522.00","6,401.00","6,502.60","748,345"
"26-Aug-2020","6,535.00","6,700.00","6,520.75","6,564.40","1,001,348"
"27-Aug-2020","6,604.95","6,604.95","6,487.50","6,530.75","461,882"
"28-Aug-2020","6,580.00","6,650.00","6,515.00","6,545.55","490,168"
"31-Aug-2020","6,604.50","6,670.00","6,135.00","6,190.35","1,179,922"
"01-Sep-2020","6,250.00","6,396.75","6,146.55","6,359.60","807,355"
"02-Sep-2020","6,367.00","6,415.00","6,255.00","6,365.05","443,995"
"03-Sep-2020","6,390.00","6,455.00","6,300.00","6,355.55","394,268"
"04-Sep-2020","6,250.00","6,422.95","6,201.00","6,277.20","544,380"
"07-Sep-2020","6,324.00","6,349.25","6,212.00","6,263.65","498,573"
"08-Sep-2020","6,299.00","6,330.00","6,212.05","6,234.25","391,769"
"09-Sep-2020","6,208.80","6,220.00","5,981.60","6,026.80","929,750"
"10-Sep-2020","6,079.00","6,192.00","6,042.85","6,129.25","531,609"
"11-Sep-2020","6,128.55","6,174.60","6,080.00","6,128.40","465,485"
"14-Sep-2020","6,158.00","6,194.00","6,091.00","6,112.15","416,142"
"15-Sep-2020","6,130.00","6,159.00","6,027.45","6,115.55","492,987"
"16-Sep-2020","6,141.60","6,239.95","6,101.15","6,145.95","403,278"
"17-Sep-2020","6,118.90","6,123.65","5,990.10","6,007.00","519,253"
"18-Sep-2020","6,040.05","6,060.00","5,862.45","5,888.45","856,383"
"21-Sep-2020","5,896.00","5,909.90","5,631.00","5,712.25","492,137"
"22-Sep-2020","5,712.25","5,756.00","5,545.00","5,682.30","645,230"
"23-Sep-2020","5,715.00","5,757.00","5,555.00","5,646.65","460,124"
"24-Sep-2020","5,580.00","5,600.00","5,400.00","5,425.70","498,778"
"25-Sep-2020","5,500.00","5,906.15","5,430.15","5,803.30","978,396"
"28-Sep-2020","5,861.65","6,040.00","5,820.00","5,985.95","672,201"
"29-Sep-2020","6,031.75","6,049.50","5,832.55","5,876.70","634,635"
"30-Sep-2020","5,885.00","5,929.00","5,820.00","5,852.35","375,600"
"01-Oct-2020","5,907.00","6,104.80","5,895.05","6,053.60","680,757"
"05-Oct-2020","6,090.00","6,169.50","5,857.80","5,881.15","737,911"
"06-Oct-2020","5,957.00","6,018.00","5,890.00","5,995.40","606,115"
"07-Oct-2020","5,920.00","5,938.00","5,820.00","5,905.25","581,228"
"08-Oct-2020","5,950.00","6,033.20","5,852.25","5,871.95","588,982"
"09-Oct-2020","5,885.00","6,014.00","5,870.00","5,915.20","659,334"
"12-Oct-2020","5,967.50","6,000.00","5,891.00","5,912.75","401,483"
"13-Oct-2020","5,900.00","5,914.50","5,825.00","5,867.65","365,642"
"14-Oct-2020","5,870.00","6,145.00","5,855.05","6,100.05","1,029,536"
"15-Oct-2020","6,125.00","6,168.00","5,880.10","5,899.05","781,990"
"16-Oct-2020","5,939.70","5,980.00","5,866.00","5,952.30","476,247"
"19-Oct-2020","6,000.00","6,037.95","5,925.10","5,981.10","379,685"
"20-Oct-2020","5,972.00","6,025.00","5,911.25","5,951.85","311,122"
"21-Oct-2020","5,967.50","6,010.00","5,735.10","5,904.15","605,561"
"22-Oct-2020","5,848.00","6,080.00","5,845.95","5,873.40","1,229,943"
"23-Oct-2020","5,934.85","5,962.00","5,823.85","5,831.55","646,899"
"26-Oct-2020","5,872.65","5,872.65","5,645.00","5,700.95","783,118"
"27-Oct-2020","5,700.00","5,806.50","5,632.00","5,667.25","1,550,762"
"28-Oct-2020","5,678.00","5,743.00","5,605.00","5,642.35","658,790"
"29-Oct-2020","5,640.00","5,688.00","5,607.20","5,623.95","980,842"
"30-Oct-2020","5,650.00","5,680.00","5,511.05","5,573.50","526,350"
"02-Nov-2020","5,601.40","5,725.00","5,560.00","5,701.45","491,399"
"03-Nov-2020","5,752.00","5,810.00","5,696.70","5,743.60","575,536"
"04-Nov-2020","5,743.60","5,839.00","5,715.95","5,811.85","590,961"
"05-Nov-2020","5,855.00","6,080.60","5,845.25","6,055.15","848,673"
"06-Nov-2020","6,025.00","6,350.00","6,025.00","6,286.45","1,559,339"
"09-Nov-2020","6,350.00","6,439.00","6,257.50","6,283.35","968,156"
"10-Nov-2020","6,450.00","6,733.75","6,311.05","6,687.65","2,170,438"
"11-Nov-2020","6,690.00","6,977.75","6,586.15","6,944.80","2,542,469"
"12-Nov-2020","6,943.95","7,060.00","6,850.65","7,026.20","1,280,916"
"13-Nov-2020","6,940.00","7,300.00","6,935.90","7,261.10","1,654,574"
"14-Nov-2020","7,350.00","7,444.00","7,250.00","7,335.55","316,485"
"17-Nov-2020","7,361.00","7,407.60","7,251.00","7,365.35","1,172,544"
"18-Nov-2020","7,372.00","7,845.00","7,320.40","7,789.95","1,475,637"
"19-Nov-2020","7,789.95","8,199.90","7,750.00","7,823.40","3,387,040"
"20-Nov-2020","7,843.00","8,588.65","7,843.00","8,542.60","4,110,412"
"23-Nov-2020","8,710.00","8,982.65","8,621.00","8,774.35","3,607,587"
"24-Nov-2020","8,819.90","8,908.00","8,695.10","8,859.70","1,789,862"
"25-Nov-2020","8,940.00","9,009.00","8,642.75","8,717.75","1,986,153"
"26-Nov-2020","8,740.00","8,842.00","8,671.00","8,806.70","1,262,234"
"27-Nov-2020","8,844.95","8,934.45","8,680.00","8,758.80","1,419,350"
"01-Dec-2020","8,800.00","8,828.85","8,712.65","8,746.55","694,283"
"02-Dec-2020","8,750.00","8,879.50","8,661.65","8,802.20","884,969"
"03-Dec-2020","8,831.00","9,191.20","8,811.10","9,114.05","1,437,048"
"04-Dec-2020","9,159.00","9,234.50","8,970.00","9,052.45","1,062,443"
"07-Dec-2020","9,064.00","9,129.00","8,955.60","9,051.95","707,405"
"08-Dec-2020","9,056.00","9,080.00","8,901.00","8,969.40","583,147"
"09-Dec-2020","9,013.80","9,075.00","8,951.00","9,010.65","451,818"
"10-Dec-2020","9,010.65","9,074.00","8,939.00","9,028.85","466,726"
"11-Dec-2020","9,067.00","9,139.00","8,951.00","8,995.05","551,456"
"14-Dec-2020","9,066.80","9,066.80","8,895.15","8,933.50","444,884"
"15-Dec-2020","8,925.00","9,338.90","8,870.00","9,296.95","1,124,527"
"16-Dec-2020","9,369.60","9,450.00","9,212.00","9,257.70","761,170"
"17-Dec-2020","9,257.70","9,399.90","9,208.00","9,294.10","550,738"
"18-Dec-2020","9,249.90","9,315.00","9,125.00","9,215.60","480,333"
"21-Dec-2020","9,189.00","9,245.00","8,569.65","8,846.75","713,285"
"22-Dec-2020","8,850.00","8,963.80","8,621.20","8,938.85","783,296"
"23-Dec-2020","8,900.00","9,140.00","8,880.00","9,013.25","575,454"
"24-Dec-2020","9,083.60","9,123.95","8,964.10","8,992.55","498,397"
"28-Dec-2020","9,064.65","9,115.00","8,965.00","8,995.05","344,994"
"29-Dec-2020","9,040.10","9,056.10","8,897.45","8,976.05","406,601"
"30-Dec-2020","9,000.00","9,020.95","8,921.00","8,961.70","491,074"
"31-Dec-2020","8,949.00","9,030.00","8,840.00","8,906.35","476,050"
"01-Jan-2021","8,930.00","8,958.70","8,840.00","8,870.45","288,101"
"04-Jan-2021","8,940.00","9,065.00","8,841.75","8,898.75","613,306"
"05-Jan-2021","8,900.05","8,920.00","8,736.95","8,820.85","486,214"
"06-Jan-2021","8,900.00","8,900.00","8,636.00","8,786.35","599,193"
"07-Jan-2021","8,820.00","9,069.00","8,812.00","8,988.00","601,648"
"08-Jan-2021","9,036.00","9,265.00","8,948.00","9,171.60","824,261"
"11-Jan-2021","9,201.00","9,262.00","8,955.00","8,986.10","542,444"
"12-Jan-2021","9,004.00","9,069.90","8,922.50","8,959.00","577,045"
"13-Jan-2021","9,004.80","9,030.00","8,710.15","8,793.65","514,078"
"14-Jan-2021","8,814.00","8,929.95","8,675.00","8,747.35","568,437"
"15-Jan-2021","8,754.80","8,826.20","8,610.00","8,636.10","519,651"
"18-Jan-2021","8,636.10","8,636.10","8,273.70","8,354.60","634,436"
"19-Jan-2021","8,400.00","8,978.00","8,400.00","8,924.15","1,379,718"
"20-Jan-2021","8,938.00","9,025.00","8,838.00","8,938.25","786,496"
"21-Jan-2021","8,995.00","9,388.85","8,950.50","9,052.80","1,645,377"
"22-Jan-2021","9,070.00","9,213.50","8,965.20","9,071.00","839,822"
"25-Jan-2021","9,144.00","9,344.90","9,080.00","9,198.90","781,122"
"27-Jan-2021","9,165.00","9,284.95","9,042.05","9,126.10","616,631"
"28-Jan-2021","9,020.00","9,215.25","8,817.60","8,955.30","844,736"
"29-Jan-2021","9,041.95","9,109.35","8,675.55","8,722.75","727,352"
"01-Feb-2021","8,750.00","9,838.90","8,638.00","9,721.80","1,565,365"
"02-Feb-2021","9,827.70","9,990.00","9,315.00","9,476.30","1,394,390"
"03-Feb-2021","9,561.60","9,639.30","9,435.35","9,536.05","623,545"
"04-Feb-2021","9,510.00","9,760.00","9,470.50","9,700.55","604,727"
"05-Feb-2021","9,780.00","9,940.00","9,556.00","9,722.20","922,561"
"08-Feb-2021","9,750.00","10,110.00","9,738.05","10,021.05","985,855"
"09-Feb-2021","10,067.00","10,068.00","9,882.00","9,941.65","512,607"
"10-Feb-2021","9,901.00","10,354.60","9,901.00","10,227.95","1,430,667"
"11-Feb-2021","10,105.00","10,417.90","10,105.00","10,216.65","715,538"
"12-Feb-2021","10,250.00","10,331.15","10,168.00","10,278.80","380,285"
"15-Feb-2021","10,330.20","10,579.00","10,280.00","10,537.70","536,406"
"16-Feb-2021","10,500.00","10,532.00","10,361.00","10,460.60","358,604"
"17-Feb-2021","10,420.00","10,498.80","10,112.20","10,185.65","582,259"
"18-Feb-2021","10,310.00","10,310.00","10,135.00","10,198.95","434,741"
"19-Feb-2021","10,150.00","10,427.65","10,140.00","10,250.45","623,343"
"22-Feb-2021","10,230.00","10,249.20","9,960.15","10,000.60","426,908"
"23-Feb-2021","10,051.00","10,195.00","9,929.15","10,008.65","342,610"
"24-Feb-2021","10,030.00","10,250.00","10,015.05","10,199.60","269,976"
"25-Feb-2021","10,340.00","10,377.95","10,131.60","10,264.45","354,802"
"26-Feb-2021","9,950.00","10,114.70","9,600.00","9,648.60","846,505"
"01-Mar-2021","9,799.00","9,848.60","9,613.70","9,774.05","322,437"
"02-Mar-2021","9,850.00","9,965.00","9,779.10","9,877.00","297,001"
"03-Mar-2021","9,926.40","10,444.95","9,890.40","10,395.60","504,122"
"04-Mar-2021","10,150.00","10,280.00","10,077.75","10,129.95","412,117"
"05-Mar-2021","10,080.00","10,161.00","9,900.05","9,958.10","355,126"
"08-Mar-2021","9,970.00","10,045.65","9,805.30","9,839.10","264,007"
"09-Mar-2021","10,000.00","10,119.95","9,860.20","9,969.15","306,211"
"10-Mar-2021","10,025.00","10,094.70","9,930.60","9,991.45","244,632"
"12-Mar-2021","10,081.50","10,216.10","9,840.00","9,934.10","454,348"
"15-Mar-2021","9,969.00","9,969.00","9,544.00","9,689.05","545,919"
"16-Mar-2021","9,725.00","9,785.65","9,585.00","9,613.30","370,587"
"17-Mar-2021","9,630.00","9,661.85","9,480.05","9,525.10","293,449"
"18-Mar-2021","9,600.00","9,735.00","9,372.00","9,430.15","401,135"
"19-Mar-2021","9,350.00","9,489.85","9,211.60","9,440.65","488,126"
"22-Mar-2021","9,450.00","9,494.95","9,312.05","9,405.85","293,029"
"23-Mar-2021","9,424.00","9,506.60","9,382.30","9,405.20","296,483"
"24-Mar-2021","9,370.00","9,378.65","9,179.25","9,202.05","335,439"
"25-Mar-2021","9,225.00","9,250.00","8,960.05","9,057.55","382,008"
"26-Mar-2021","9,140.00","9,507.00","9,140.00","9,467.45","678,636"
"30-Mar-2021","9,547.00","9,645.00","9,440.05","9,502.35","356,516"
"31-Mar-2021","9,512.35","9,715.60","9,450.00","9,668.60","424,140"
"01-Apr-2021","9,730.00","9,826.00","9,667.50","9,789.50","310,065"
"05-Apr-2021","9,760.00","9,763.90","9,150.00","9,481.65","612,166"
"06-Apr-2021","9,551.00","9,625.00","9,475.05","9,519.50","344,125"
"07-Apr-2021","9,519.50","9,658.40","9,466.35","9,539.60","300,003"
"08-Apr-2021","9,590.00","9,735.15","9,575.05","9,654.80","353,634"
"09-Apr-2021","9,611.00","9,715.00","9,561.00","9,629.05","328,699"
"12-Apr-2021","9,419.95","9,459.80","9,035.85","9,163.15","566,836"
"13-Apr-2021","9,200.00","9,847.50","9,190.05","9,806.70","830,915"
"15-Apr-2021","9,751.70","9,834.00","9,597.00","9,739.70","587,504"
"16-Apr-2021","9,765.00","9,880.00","9,765.00","9,824.75","400,132"
"19-Apr-2021","9,505.50","9,654.00","9,392.60","9,469.90","697,435"
"20-Apr-2021","9,600.00","9,945.50","9,600.00","9,819.40","798,732"
"22-Apr-2021","9,700.00","9,911.90","9,610.00","9,853.85","582,210"
"23-Apr-2021","9,740.00","10,142.40","9,740.00","9,916.65","628,025"
"26-Apr-2021","9,992.00","10,125.00","9,902.20","10,001.75","419,596"
"27-Apr-2021","10,000.00","10,133.00","9,964.70","10,091.35","342,847"
"28-Apr-2021","10,200.00","10,615.95","10,151.15","10,489.30","1,113,881"
"29-Apr-2021","10,540.00","11,300.00","10,520.00","11,176.55","1,696,498"
"30-Apr-2021","11,000.00","11,225.00","10,868.70","11,041.65","835,355"
"03-May-2021","10,901.00","11,110.85","10,814.15","11,041.70","396,931"
"04-May-2021","11,200.00","11,218.85","10,872.00","10,986.45","522,101"
"05-May-2021","11,111.00","11,194.65","10,915.20","11,114.45","307,750"
"06-May-2021","11,100.00","11,194.10","10,990.00","11,027.95","228,840"
"07-May-2021","11,050.00","11,392.90","11,009.90","11,318.45","343,443"
"10-May-2021","11,390.00","11,549.00","11,280.00","11,332.00","432,037"
"11-May-2021","11,194.00","11,310.65","11,139.15","11,193.05","198,664"
"12-May-2021","11,190.00","11,325.00","11,052.40","11,087.95","226,953"
"14-May-2021","11,111.00","11,163.75","10,868.00","10,971.50","313,603"
"17-May-2021","10,970.00","11,375.00","10,942.65","11,249.35","318,021"
"18-May-2021","11,345.65","11,589.00","11,290.10","11,396.80","403,959"
"19-May-2021","11,390.00","11,434.00","11,170.05","11,215.15","227,567"
"20-May-2021","11,260.00","11,299.95","11,130.70","11,227.90","177,897"
"21-May-2021","11,296.70","11,415.00","11,213.00","11,265.15","277,521"
"24-May-2021","11,265.45","11,365.00","11,095.00","11,166.80","214,229"
"25-May-2021","11,245.00","11,405.00","11,201.30","11,375.85","394,151"
"26-May-2021","11,400.00","11,980.00","11,385.15","11,906.40","1,015,265"
"27-May-2021","11,910.00","11,968.15","11,732.05","11,888.80","407,973"
"28-May-2021","11,925.00","12,024.95","11,680.00","11,713.20","263,315"
"31-May-2021","11,713.20","11,855.05","11,618.00","11,806.30","241,152"
"01-Jun-2021","11,830.00","11,947.60","11,627.05","11,829.90","302,421"
"02-Jun-2021","11,709.00","11,860.00","11,701.55","11,823.60","183,421"
"03-Jun-2021","11,899.00","11,923.90","11,780.55","11,819.85","183,816"
"04-Jun-2021","11,855.00","12,190.00","11,785.00","12,155.65","410,769"
"07-Jun-2021","11,880.00","12,008.80","11,684.65","11,828.55","514,727"
"08-Jun-2021","11,900.00","11,900.00","11,670.00","11,733.10","289,609"
"09-Jun-2021","11,740.00","11,838.00","11,430.50","11,558.85","308,286"
"10-Jun-2021","11,551.00","12,208.00","11,500.35","11,993.10","629,998"
"11-Jun-2021","12,000.00","12,080.00","11,852.90","11,907.50","352,994"
"14-Jun-2021","11,851.00","12,015.00","11,671.65","11,926.15","288,785"
"15-Jun-2021","11,949.00","12,084.90","11,765.00","11,798.70","314,841"
"16-Jun-2021","11,810.00","11,985.00","11,775.00","11,856.15","247,539"
"17-Jun-2021","11,750.00","11,937.20","11,739.95","11,818.55","220,170"
"18-Jun-2021","11,860.00","12,100.00","11,720.85","11,999.35","489,567"
"21-Jun-2021","11,800.00","12,199.75","11,776.85","12,156.40","294,853"
"22-Jun-2021","12,199.00","12,266.00","12,081.00","12,131.65","274,923"
"23-Jun-2021","12,225.00","12,400.00","12,080.00","12,282.25","378,555"
"24-Jun-2021","12,282.25","12,396.00","12,165.00","12,333.25","278,573"
"25-Jun-2021","12,355.00","12,520.00","12,320.50","12,486.60","218,717"
"28-Jun-2021","12,500.00","12,519.60","12,320.00","12,377.90","165,517"
"29-Jun-2021","12,389.00","12,490.00","12,271.05","12,299.90","157,178"
"30-Jun-2021","12,346.00","12,369.55","12,065.00","12,109.05","231,546"
"01-Jul-2021","12,198.00","12,198.00","11,801.00","11,816.45","321,521"
"02-Jul-2021","11,969.00","11,969.00","11,651.00","11,750.45","355,437"
"05-Jul-2021","11,799.00","11,942.00","11,799.00","11,923.10","155,869"
"06-Jul-2021","11,890.00","12,282.35","11,871.30","12,090.80","320,522"
"07-Jul-2021","12,000.00","12,399.00","12,000.00","12,374.15","404,800"
"08-Jul-2021","12,320.00","12,450.00","12,240.00","12,333.90","206,630"
"09-Jul-2021","12,351.00","12,912.00","12,345.00","12,854.75","791,922"
"12-Jul-2021","12,888.95","12,945.40","12,738.95","12,908.90","409,158"
"13-Jul-2021","12,902.40","12,998.80","12,805.00","12,909.40","274,181"
"14-Jul-2021","12,862.50","13,033.00","12,851.50","12,991.20","240,151"
"15-Jul-2021","12,976.00","13,110.00","12,922.00","12,958.95","177,991"
"16-Jul-2021","12,958.95","13,025.00","12,725.75","12,745.70","252,782"
"19-Jul-2021","12,680.00","12,820.00","12,643.20","12,721.10","188,197"
"20-Jul-2021","12,725.00","12,771.00","12,536.55","12,597.15","145,137"
"22-Jul-2021","12,310.10","13,100.00","12,300.05","13,064.60","524,877"
"23-Jul-2021","13,044.00","13,243.95","12,945.05","13,201.20","289,870"
"26-Jul-2021","13,199.00","13,575.45","13,154.90","13,525.05","421,170"
"27-Jul-2021","13,531.15","13,844.95","13,503.15","13,807.85","413,415"
"28-Jul-2021","13,847.85","14,001.00","13,755.00","13,970.55","319,493"
"29-Jul-2021","13,960.00","14,925.00","13,940.10","14,599.05","710,514"
"30-Jul-2021","14,605.00","14,613.85","14,161.00","14,222.20","354,543"
"02-Aug-2021","14,375.00","14,399.95","14,082.55","14,125.15","264,709"
"03-Aug-2021","14,250.00","14,318.35","14,160.00","14,295.00","202,430"
"04-Aug-2021","14,289.95","14,485.00","14,156.10","14,187.20","283,194"
"05-Aug-2021","14,207.80","14,248.90","13,961.60","13,994.90","291,527"
"06-Aug-2021","14,070.00","14,108.70","13,975.00","14,005.65","137,473"
"09-Aug-2021","14,007.60","14,460.00","14,007.60","14,242.90","318,865"
"10-Aug-2021","14,270.00","14,333.75","14,004.00","14,036.50","206,363"
"11-Aug-2021","14,099.00","14,233.45","13,852.75","14,206.20","211,850"
"12-Aug-2021","14,210.00","14,380.00","14,130.00","14,340.70","160,934"
"13-Aug-2021","14,340.00","14,430.90","14,265.00","14,317.50","153,843"
"16-Aug-2021","14,316.40","14,607.00","14,309.00","14,549.30","243,262"
"17-Aug-2021","14,525.00","14,800.00","14,360.05","14,737.25","242,069"
"18-Aug-2021","14,737.25","15,238.00","14,736.70","15,006.35","391,734"
"20-Aug-2021","14,856.35","15,149.00","14,800.05","14,978.55","275,052"
"23-Aug-2021","15,148.00","15,420.00","15,065.00","15,271.90","326,688"
"24-Aug-2021","15,367.55","16,584.80","15,260.00","16,461.70","1,274,393"
"25-Aug-2021","16,545.00","16,799.00","15,850.00","15,904.40","974,598"
"26-Aug-2021","16,000.50","16,124.20","15,678.30","15,958.80","606,882"
"27-Aug-2021","16,080.00","16,251.95","15,780.05","16,195.60","441,475"
"30-Aug-2021","16,475.00","16,595.00","16,260.00","16,560.40","336,038"
"31-Aug-2021","16,500.00","17,200.00","16,428.25","17,148.75","652,127"
"01-Sep-2021","17,166.45","17,263.50","16,740.15","16,786.30","461,843"
"02-Sep-2021","16,865.00","16,900.00","16,610.00","16,703.25","276,879"
"03-Sep-2021","16,776.80","16,859.85","16,560.00","16,734.35","248,555"
"06-Sep-2021","16,835.00","16,968.95","16,675.00","16,747.00","176,958"
"07-Sep-2021","16,749.00","16,944.70","16,630.95","16,781.20","188,193"
"08-Sep-2021","16,760.00","16,888.95","16,529.00","16,560.75","190,932"
"09-Sep-2021","16,594.00","16,826.95","16,484.05","16,750.50","180,816"
"13-Sep-2021","16,740.00","16,994.00","16,580.00","16,938.20","216,614"
"14-Sep-2021","17,000.00","17,040.00","16,795.80","16,831.25","159,227"
"15-Sep-2021","16,851.25","16,982.00","16,802.00","16,828.90","123,199"
"16-Sep-2021","16,890.00","16,950.40","16,625.00","16,733.00","154,209"
"17-Sep-2021","16,840.00","17,499.00","16,750.05","16,840.20","654,951"
"20-Sep-2021","16,775.05","17,334.00","16,700.10","17,018.95","325,204"
"21-Sep-2021","17,100.00","17,655.00","16,814.05","17,587.25","384,694"
"22-Sep-2021","17,589.05","17,780.00","17,505.00","17,614.75","256,982"
"23-Sep-2021","17,787.50","18,750.00","17,682.05","18,503.85","712,551"
"24-Sep-2021","18,599.95","18,813.00","18,317.40","18,526.00","373,175"
"27-Sep-2021","18,570.00","18,747.60","17,930.05","18,031.10","407,168"
"28-Sep-2021","18,185.00","18,186.00","17,430.10","17,550.35","322,058"
"29-Sep-2021","17,498.80","17,647.90","17,307.80","17,433.75","309,712"
"30-Sep-2021","17,500.00","17,859.95","17,412.20","17,786.75","343,000"
"01-Oct-2021","17,736.05","17,736.05","17,050.00","17,177.80","432,677"
"04-Oct-2021","17,359.95","17,936.00","17,301.00","17,806.20","401,325"
"05-Oct-2021","17,754.00","17,950.00","17,525.00","17,847.50","268,163"
"06-Oct-2021","17,974.00","18,145.55","17,557.95","17,616.60","300,421"
"07-Oct-2021","17,800.00","17,880.00","17,425.00","17,470.25","224,100"
"08-Oct-2021","17,620.00","17,740.50","17,460.00","17,549.45","152,238"
"11-Oct-2021","17,665.65","18,045.00","17,607.00","17,713.95","234,090"
"12-Oct-2021","17,713.95","18,475.00","17,631.00","18,222.65","454,592"
"13-Oct-2021","18,355.00","18,574.90","18,148.60","18,188.25","318,388"
"14-Oct-2021","18,350.00","18,540.00","18,215.10","18,488.90","196,805"
"18-Oct-2021","18,850.00","19,100.00","18,552.80","18,677.95","293,948"
"19-Oct-2021","19,000.00","19,325.00","18,600.50","19,076.55","387,846"
"20-Oct-2021","19,063.00","19,063.00","18,404.25","18,603.20","224,798"
"21-Oct-2021","18,788.00","18,789.30","18,346.70","18,579.60","192,533"
"22-Oct-2021","18,600.00","19,250.55","18,550.00","18,658.15","505,330"
"25-Oct-2021","18,700.00","18,947.00","18,000.00","18,087.15","301,804"
"26-Oct-2021","18,200.00","18,450.00","17,975.05","18,353.35","296,749"
"27-Oct-2021","18,599.00","18,599.00","17,770.00","18,012.00","325,301"
"28-Oct-2021","18,012.00","18,372.05","17,802.00","17,987.70","342,550"
"29-Oct-2021","17,987.70","18,174.00","17,139.55","17,821.15","320,536"
"01-Nov-2021","17,900.00","17,980.00","17,171.00","17,565.70","384,929"
"02-Nov-2021","17,650.00","17,894.90","17,392.55","17,542.60","271,929"
"03-Nov-2021","17,579.70","17,754.75","17,449.10","17,509.45","183,802"
"04-Nov-2021","17,650.00","17,750.00","17,500.00","17,594.00","31,506"
"08-Nov-2021","17,650.90","18,392.95","17,515.00","18,319.75","316,199"
"09-Nov-2021","18,320.00","18,475.00","18,080.00","18,172.50","198,087"
"10-Nov-2021","18,142.50","18,375.00","18,002.50","18,326.15","178,433"
"11-Nov-2021","18,250.00","18,350.00","17,810.00","17,871.35","215,558"
"12-Nov-2021","18,135.00","18,349.00","17,925.05","18,273.80","207,802"
"15-Nov-2021","18,275.00","18,345.00","18,000.00","18,130.50","170,461"
"16-Nov-2021","18,230.00","18,511.00","18,118.75","18,209.75","218,955"
"17-Nov-2021","18,185.00","18,420.00","18,111.90","18,255.40","146,100"
"18-Nov-2021","18,256.00","18,472.00","17,811.20","17,921.25","274,556"
"22-Nov-2021","18,140.00","18,140.00","16,830.05","17,073.75","370,700"
"23-Nov-2021","16,880.00","17,437.85","16,757.25","17,368.10","251,315"
"24-Nov-2021","17,432.00","17,647.00","17,140.40","17,408.70","274,024"
"25-Nov-2021","17,349.00","17,522.00","17,225.25","17,368.85","161,620"
"26-Nov-2021","17,200.00","17,237.20","16,610.00","16,682.55","342,486"
"29-Nov-2021","16,670.00","17,098.00","16,273.65","16,890.40","304,218"
"30-Nov-2021","16,880.00","17,500.00","16,880.00","17,237.35","458,642"
"01-Dec-2021","17,444.00","17,546.70","17,201.00","17,382.95","238,349"
"02-Dec-2021","17,400.00","17,890.00","17,273.45","17,758.15","213,881"
"03-Dec-2021","17,750.00","17,889.75","17,450.00","17,488.70","203,459"
"06-Dec-2021","17,487.00","17,598.95","16,851.00","16,893.45","203,690"
"07-Dec-2021","17,140.00","17,250.00","16,931.70","17,109.00","230,078"
"08-Dec-2021","17,166.00","17,674.25","17,166.00","17,621.65","284,299"
"09-Dec-2021","17,625.35","17,771.90","17,487.00","17,596.60","210,382"
"10-Dec-2021","17,580.00","17,763.55","17,300.65","17,711.10","233,314"
"13-Dec-2021","17,750.00","17,835.95","17,250.00","17,324.00","219,913"
"14-Dec-2021","17,200.00","17,260.00","16,865.00","17,123.50","242,026"
"15-Dec-2021","17,169.00","17,214.95","16,620.00","16,660.70","253,221"
"16-Dec-2021","16,870.00","16,950.00","16,575.00","16,703.35","325,350"
"17-Dec-2021","16,650.00","16,850.00","16,133.00","16,204.20","305,435"
"20-Dec-2021","15,940.00","15,940.00","15,450.00","15,826.20","337,160"
"21-Dec-2021","16,150.00","16,150.00","15,677.00","15,831.95","336,805"
"22-Dec-2021","15,931.00","16,184.95","15,830.00","15,945.90","261,292"
"23-Dec-2021","16,100.00","16,219.55","16,026.50","16,169.90","181,118"
"24-Dec-2021","16,250.00","16,250.00","15,800.00","15,920.55","208,736"
"27-Dec-2021","15,610.35","16,139.95","15,561.05","16,013.10","235,114"
"28-Dec-2021","16,172.35","16,249.00","16,021.65","16,100.85","145,722"
"29-Dec-2021","16,100.30","16,330.00","15,966.00","16,249.05","172,428"
"30-Dec-2021","16,200.00","16,281.80","15,974.50","16,167.55","283,146"
"31-Dec-2021","16,197.55","16,500.00","16,170.00","16,406.20","230,086"
"03-Jan-2022","16,406.50","17,040.00","16,406.50","16,981.30","271,061"
"04-Jan-2022","17,099.00","17,190.00","16,852.10","17,135.45","230,043"
"05-Jan-2022","17,100.00","18,050.00","17,100.00","17,988.40","608,210"
"06-Jan-2022","17,701.00","18,080.00","17,701.00","17,986.50","351,136"
"07-Jan-2022","18,075.00","18,142.95","17,580.00","17,756.90","322,914"
"10-Jan-2022","17,800.00","18,000.00","17,730.65","17,798.80","169,797"
"11-Jan-2022","17,700.00","17,935.05","17,621.10","17,799.50","164,818"
"12-Jan-2022","17,900.00","18,190.00","17,750.00","17,935.30","223,394"
"13-Jan-2022","17,997.70","18,274.90","17,900.00","18,225.00","248,013"
"14-Jan-2022","18,044.00","18,333.45","18,000.00","18,209.70","155,328"
"17-Jan-2022","18,290.00","18,435.00","18,221.00","18,370.60","135,273"
"18-Jan-2022","18,376.85","18,558.75","18,100.05","18,153.55","205,667"
"19-Jan-2022","18,240.00","18,621.00","17,875.35","18,077.30","348,174"
"20-Jan-2022","18,075.00","18,262.00","17,080.00","17,258.95","544,473"
"21-Jan-2022","17,000.00","17,095.00","16,220.00","16,335.20","558,291"
"24-Jan-2022","16,388.50","16,433.95","15,444.00","15,707.15","473,643"
"25-Jan-2022","15,550.50","15,682.45","15,250.30","15,528.95","409,064"
"27-Jan-2022","15,386.00","15,570.40","15,012.00","15,359.85","349,727"
"28-Jan-2022","15,601.00","15,787.65","15,150.00","15,198.75","350,931"
"31-Jan-2022","15,590.00","15,741.00","15,329.70","15,689.55","312,992"
"01-Feb-2022","15,828.95","16,014.95","15,500.00","15,903.85","357,187"
"02-Feb-2022","16,030.10","16,750.00","15,925.00","16,706.00","525,745"
"03-Feb-2022","16,706.00","16,717.00","16,263.70","16,348.10","289,137"
"04-Feb-2022","16,348.00","16,469.35","16,145.00","16,205.75","294,505"
"07-Feb-2022","16,160.00","16,364.05","15,650.00","15,711.35","356,664"
"08-Feb-2022","15,810.00","16,119.80","15,720.00","15,989.15","410,373"
"09-Feb-2022","16,180.00","16,414.90","16,120.00","16,257.80","251,023"
"10-Feb-2022","16,344.90","16,550.00","16,033.00","16,393.60","299,770"
"11-Feb-2022","16,000.00","16,200.00","15,910.00","16,113.10","244,696"
"14-Feb-2022","15,805.00","15,887.95","15,451.00","15,674.15","296,115"
"15-Feb-2022","15,890.00","16,427.50","15,649.00","16,375.25","359,213"
"16-Feb-2022","16,428.00","16,589.90","16,190.10","16,272.45","273,874"
"17-Feb-2022","16,366.00","16,418.30","16,081.00","16,181.20","214,433"
"18-Feb-2022","16,061.00","16,289.00","16,025.85","16,096.55","174,327"
"21-Feb-2022","16,038.00","16,238.15","15,780.00","16,012.25","227,592"
"22-Feb-2022","15,300.00","16,270.00","15,275.00","16,189.45","322,374"
"23-Feb-2022","16,390.00","16,390.00","16,035.05","16,133.60","241,830"
"24-Feb-2022","15,600.00","15,895.90","15,200.00","15,245.20","361,563"
"25-Feb-2022","15,788.00","16,065.00","15,570.00","15,772.15","320,337"
"28-Feb-2022","15,700.00","16,084.85","15,365.00","16,012.55","373,257"
"02-Mar-2022","15,705.00","16,157.15","15,632.00","16,053.00","281,715"
"03-Mar-2022","16,300.00","16,347.95","15,646.80","15,704.10","340,014"
"04-Mar-2022","15,590.00","15,672.30","15,212.00","15,333.20","338,059"
"07-Mar-2022","14,994.00","14,994.00","13,799.90","14,373.20","371,521"
"08-Mar-2022","14,400.00","14,525.00","13,951.05","14,450.70","462,569"
"09-Mar-2022","14,501.10","15,199.55","14,400.00","15,015.20","391,341"
"10-Mar-2022","15,649.00","15,850.00","15,305.05","15,467.45","476,405"
"11-Mar-2022","15,400.00","15,750.00","15,280.00","15,569.00","329,632"
"14-Mar-2022","15,475.60","15,735.00","15,411.50","15,678.50","285,201"
"15-Mar-2022","15,749.00","15,950.00","15,534.05","15,708.90","296,511"
"16-Mar-2022","15,900.60","16,240.00","15,851.05","16,124.85","298,317"
"17-Mar-2022","16,399.00","16,589.00","16,255.00","16,370.80","402,068"
"21-Mar-2022","16,399.95","16,443.95","16,150.00","16,180.80","201,635"
"22-Mar-2022","16,250.00","16,590.00","15,951.00","16,494.60","265,279"
"23-Mar-2022","16,600.00","16,728.75","16,344.20","16,407.35","229,079"
"24-Mar-2022","16,350.00","16,512.00","16,270.00","16,378.70","183,924"
"25-Mar-2022","16,500.00","16,500.00","16,240.15","16,333.30","147,748"
"28-Mar-2022","16,400.00","16,560.00","16,101.05","16,518.95","175,187"
"29-Mar-2022","16,536.00","16,620.00","16,423.15","16,501.70","198,138"
"30-Mar-2022","16,600.00","17,249.85","16,531.00","17,128.90","454,764"
"31-Mar-2022","17,100.00","17,300.00","16,982.00","17,060.45","298,692"
"01-Apr-2022","17,030.00","17,200.00","17,011.20","17,139.20","210,141"
"04-Apr-2022","17,199.00","17,480.00","16,955.25","17,196.35","324,394"
"05-Apr-2022","17,220.00","17,300.00","16,758.55","16,818.85","385,537"
"06-Apr-2022","16,818.85","16,899.10","16,651.00","16,720.00","246,552"
"07-Apr-2022","16,650.00","16,700.00","16,480.00","16,553.90","216,790"
"08-Apr-2022","16,700.00","16,840.00","16,517.30","16,749.00","213,383"
"11-Apr-2022","16,675.00","16,845.45","16,550.05","16,577.85","169,686"
"12-Apr-2022","16,502.00","16,502.00","16,222.10","16,318.05","247,647"
"13-Apr-2022","16,404.00","16,500.00","16,050.00","16,090.05","248,390"
"18-Apr-2022","16,040.00","16,040.00","15,654.35","15,827.25","281,889"
"19-Apr-2022","15,999.00","16,080.00","15,591.50","15,720.55","259,696"
"20-Apr-2022","15,721.00","15,799.95","15,323.30","15,509.30","251,707"
"21-Apr-2022","15,601.00","16,021.00","15,592.65","15,835.75","236,489"
"22-Apr-2022","15,700.05","15,748.50","15,430.00","15,454.20","214,876"
"25-Apr-2022","15,350.00","15,400.00","15,200.00","15,265.15","164,219"
"26-Apr-2022","15,550.00","15,633.25","15,300.05","15,434.35","220,638"
"27-Apr-2022","15,341.10","15,341.10","14,751.35","14,826.40","341,192"
"28-Apr-2022","15,000.00","15,250.00","14,660.65","15,011.85","347,500"
"29-Apr-2022","15,280.00","15,280.00","14,850.00","14,911.15","221,107"
"02-May-2022","14,612.85","15,022.75","14,600.05","14,957.45","190,798"
"04-May-2022","14,957.35","15,058.75","14,270.00","14,322.45","316,404"
"05-May-2022","14,499.00","14,711.00","14,050.00","14,139.25","296,928"
"06-May-2022","13,800.00","13,895.30","13,510.00","13,640.50","351,616"
"09-May-2022","13,540.00","14,011.65","13,362.85","13,783.85","403,409"
"10-May-2022","13,820.00","13,979.20","13,562.00","13,630.10","256,312"
"11-May-2022","13,725.00","13,830.65","13,152.05","13,329.80","291,848"
"12-May-2022","13,269.00","13,269.00","12,750.00","12,850.70","325,696"
"13-May-2022","13,129.00","13,234.75","12,575.00","12,608.30","348,764"
"16-May-2022","12,700.00","12,778.70","12,450.00","12,655.25","434,004"
"17-May-2022","12,704.80","13,020.70","12,630.00","12,972.10","428,606"
"18-May-2022","13,080.00","13,149.65","12,610.05","12,762.15","374,054"
"19-May-2022","12,481.90","12,551.95","12,173.80","12,413.85","286,401"
"20-May-2022","12,639.00","12,699.00","12,431.65","12,561.70","323,330"
"23-May-2022","12,650.00","12,794.00","12,500.00","12,572.90","278,886"
"24-May-2022","12,590.00","12,621.80","12,287.75","12,357.30","255,475"
"25-May-2022","12,445.00","12,588.10","12,333.00","12,406.05","217,599"
"26-May-2022","12,450.00","12,585.00","12,062.25","12,477.75","379,204"
"27-May-2022","12,650.00","12,890.00","12,604.55","12,758.40","329,534"
"30-May-2022","12,924.00","12,990.00","12,837.00","12,924.05","280,392"
"31-May-2022","12,924.05","13,111.95","12,773.60","12,934.00","419,919"
"01-Jun-2022","12,959.00","13,024.95","12,532.00","12,596.60","281,233"
"02-Jun-2022","12,544.00","13,030.00","12,450.05","12,936.00","366,146"
"03-Jun-2022","13,100.00","13,220.00","12,652.05","12,691.60","317,180"
"06-Jun-2022","12,689.00","12,689.00","12,282.05","12,516.40","309,747"
"07-Jun-2022","12,440.00","12,449.95","12,232.35","12,338.70","176,548"
"08-Jun-2022","12,411.00","12,645.00","12,250.00","12,465.00","236,843"
"09-Jun-2022","12,325.50","12,517.95","12,255.00","12,471.00","174,239"
"10-Jun-2022","12,300.00","12,380.95","12,175.65","12,253.50","290,670"
"13-Jun-2022","12,000.00","12,000.00","11,350.00","11,386.05","487,732"
"14-Jun-2022","11,385.00","11,577.65","11,265.05","11,336.50","366,948"
"15-Jun-2022","11,400.00","11,870.00","11,400.00","11,809.70","496,289"
"16-Jun-2022","12,025.00","12,069.80","11,411.05","11,471.90","394,041"
"17-Jun-2022","11,360.05","11,864.40","11,350.00","11,754.85","419,362"
"20-Jun-2022","11,850.00","11,850.00","11,532.05","11,709.65","242,858"
"21-Jun-2022","11,843.80","11,927.40","11,679.90","11,749.90","307,918"
"22-Jun-2022","11,700.00","11,700.00","11,350.00","11,435.55","284,833"
"23-Jun-2022","11,537.50","11,589.00","11,314.85","11,552.85","253,553"
"24-Jun-2022","11,660.00","11,685.95","11,430.00","11,582.95","366,291"
"27-Jun-2022","11,780.00","11,780.00","11,550.00","11,595.15","246,370"
"28-Jun-2022","11,547.55","11,550.00","11,290.00","11,364.45","349,057"
"29-Jun-2022","11,200.00","11,248.95","11,040.50","11,109.75","390,273"
"30-Jun-2022","11,149.00","11,196.00","10,909.00","10,931.75","348,184"
"01-Jul-2022","10,920.00","11,343.00","10,727.20","11,322.55","408,983"
"04-Jul-2022","11,310.00","11,443.00","11,215.20","11,388.30","300,425"
"05-Jul-2022","11,479.75","11,748.00","11,409.75","11,524.70","422,348"
"06-Jul-2022","11,535.00","12,070.00","11,530.00","12,028.50","478,294"
"07-Jul-2022","12,168.00","12,200.00","11,850.00","11,967.35","272,925"
"08-Jul-2022","12,050.00","12,127.30","11,880.00","12,003.10","169,011"
"11-Jul-2022","11,895.00","12,046.55","11,839.55","11,938.15","161,368"
"12-Jul-2022","11,880.00","11,990.00","11,741.00","11,864.75","227,244"
"13-Jul-2022","11,891.00","12,120.00","11,720.00","11,770.20","267,249"
"14-Jul-2022","11,863.15","11,956.80","11,632.70","11,726.25","240,544"
"15-Jul-2022","11,797.00","11,870.80","11,680.00","11,840.25","171,104"
"18-Jul-2022","11,940.00","12,286.60","11,920.05","12,250.00","283,483"
"19-Jul-2022","12,200.00","12,470.00","12,093.05","12,444.80","423,063"
"20-Jul-2022","12,638.00","12,638.00","12,372.00","12,420.75","272,147"
"21-Jul-2022","12,400.00","12,757.35","12,381.05","12,716.45","271,330"
"22-Jul-2022","12,825.65","12,865.00","12,657.70","12,754.25","302,422"
"25-Jul-2022","12,700.00","12,794.95","12,570.00","12,619.55","174,702"
"26-Jul-2022","13,000.00","13,548.85","12,790.00","13,313.00","1,327,024"
"27-Jul-2022","13,349.95","13,388.95","13,009.55","13,307.05","533,966"
"28-Jul-2022","13,507.00","15,223.25","13,507.00","14,642.05","1,627,626"
"29-Jul-2022","15,000.00","15,201.00","14,812.15","15,047.60","1,044,235"
"01-Aug-2022","15,199.95","15,250.00","14,931.00","15,073.10","432,016"
"02-Aug-2022","15,000.00","15,290.00","14,861.35","15,224.15","424,893"
"03-Aug-2022","15,210.00","15,338.00","15,115.35","15,243.90","309,650"
"04-Aug-2022","15,349.00","15,406.95","15,055.00","15,185.30","311,361"
"05-Aug-2022","15,176.00","15,251.00","15,023.40","15,085.85","207,847"
"08-Aug-2022","15,065.00","15,589.00","15,040.75","15,530.65","487,073"
"10-Aug-2022","15,530.00","15,674.00","15,426.00","15,643.20","442,548"
"11-Aug-2022","15,930.00","15,930.00","15,701.20","15,736.95","253,651"
"12-Aug-2022","15,770.00","15,888.40","15,680.00","15,765.45","205,251"
"16-Aug-2022","15,815.00","15,970.00","15,810.00","15,915.75","152,219"
"17-Aug-2022","15,977.00","17,141.50","15,930.00","16,840.30","943,581"
"18-Aug-2022","16,880.00","16,989.00","16,620.65","16,805.90","361,659"
"19-Aug-2022","16,880.00","16,947.00","16,125.00","16,287.60","512,683"
"22-Aug-2022","16,288.00","16,298.75","15,815.85","15,871.70","372,201"
"23-Aug-2022","15,799.90","16,520.50","15,671.70","16,303.90","706,407"
"24-Aug-2022","16,295.00","16,426.40","16,180.25","16,333.85","264,919"
"25-Aug-2022","16,415.55","16,595.00","16,200.00","16,246.30","369,315"
"26-Aug-2022","16,423.00","16,506.55","16,256.35","16,286.00","207,178"
"29-Aug-2022","15,726.00","16,190.00","15,711.00","16,086.40","307,940"
"30-Aug-2022","16,390.00","17,000.00","16,370.00","16,962.15","766,144"
"01-Sep-2022","16,810.00","17,686.95","16,804.50","17,406.40","1,017,192"
"02-Sep-2022","17,695.00","17,845.00","17,250.00","17,329.25","694,408"
"05-Sep-2022","17,420.00","17,528.90","17,205.05","17,376.10","370,053"
"06-Sep-2022","17,425.00","17,486.00","16,931.30","16,968.95","507,798"
"07-Sep-2022","16,950.00","17,144.00","16,810.30","17,055.60","320,773"
"08-Sep-2022","17,280.00","17,490.00","17,042.00","17,382.85","430,117"
"09-Sep-2022","17,550.00","17,585.00","17,154.05","17,205.65","395,730"
"12-Sep-2022","17,380.00","17,420.00","17,052.20","17,138.05","425,082"
"13-Sep-2022","1,755.00","1,844.00","1,750.00","1,784.75","10,413,183"
"14-Sep-2022","1,769.00","1,813.45","1,752.00","1,805.35","3,784,309"
"15-Sep-2022","1,815.00","1,823.95","1,770.00","1,772.20","3,051,984"
"16-Sep-2022","1,772.20","1,785.50","1,712.00","1,734.90","3,277,213"
"19-Sep-2022","1,738.55","1,779.30","1,737.00","1,765.95","2,309,647"
"20-Sep-2022","1,785.00","1,812.95","1,780.00","1,799.60","2,832,208"
"21-Sep-2022","1,800.00","1,820.00","1,778.05","1,802.00","2,080,898"
"22-Sep-2022","1,786.80","1,788.00","1,733.00","1,772.35","4,480,817"
"23-Sep-2022","1,772.00","1,778.20","1,714.40","1,721.90","2,759,913"
"26-Sep-2022","1,700.00","1,745.10","1,661.50","1,676.80","4,915,173"
"27-Sep-2022","1,688.50","1,715.75","1,665.00","1,679.55","2,624,336"
"28-Sep-2022","1,670.00","1,678.90","1,645.25","1,652.20","2,114,266"
"29-Sep-2022","1,671.95","1,685.00","1,628.00","1,635.90","2,418,856"
"30-Sep-2022","1,625.75","1,699.00","1,621.00","1,678.35","2,788,387"
"03-Oct-2022","1,686.00","1,686.00","1,638.00","1,646.60","1,464,138"
"04-Oct-2022","1,682.00","1,705.00","1,670.05","1,701.15","1,806,381"
"06-Oct-2022","1,718.00","1,724.15","1,694.90","1,710.55","1,661,891"
"07-Oct-2022","1,708.00","1,709.85","1,684.50","1,699.00","1,150,275"
"10-Oct-2022","1,675.30","1,693.95","1,657.00","1,684.40","1,229,639"
"11-Oct-2022","1,684.40","1,707.05","1,665.00","1,672.65","1,402,150"
"12-Oct-2022","1,681.05","1,701.60","1,667.40","1,694.65","1,538,819"
"13-Oct-2022","1,692.95","1,694.55","1,666.45","1,681.75","1,065,166"
"14-Oct-2022","1,709.00","1,709.00","1,685.10","1,688.30","1,239,168"
"17-Oct-2022","1,684.00","1,725.00","1,674.00","1,719.25","1,551,410"
"18-Oct-2022","1,730.00","1,736.25","1,712.00","1,726.25","1,661,431"
"19-Oct-2022","1,725.00","1,731.00","1,692.40","1,698.80","1,804,532"
"20-Oct-2022","1,687.00","1,730.00","1,676.50","1,725.70","1,438,398"
"21-Oct-2022","1,731.50","1,740.40","1,675.10","1,684.45","2,734,130"
"24-Oct-2022","1,712.85","1,724.20","1,693.00","1,701.80","499,690"
"25-Oct-2022","1,700.00","1,700.90","1,655.00","1,658.55","1,870,289"
"27-Oct-2022","1,671.65","1,676.55","1,621.00","1,630.95","2,177,395"
"28-Oct-2022","1,639.15","1,660.50","1,635.00","1,653.40","2,115,388"
"31-Oct-2022","1,665.00","1,689.85","1,662.15","1,687.50","2,217,631"
"01-Nov-2022","1,692.00","1,714.70","1,691.00","1,709.05","2,002,317"
"02-Nov-2022","1,705.00","1,722.50","1,699.25","1,710.40","2,036,615"
"03-Nov-2022","1,697.90","1,732.50","1,694.00","1,723.50","2,205,874"
"04-Nov-2022","1,722.90","1,805.00","1,721.05","1,800.70","6,981,242"
"07-Nov-2022","1,813.20","1,817.90","1,765.55","1,778.05","2,464,569"
"09-Nov-2022","1,797.70","1,798.00","1,745.55","1,752.70","1,762,741"
"10-Nov-2022","1,745.00","1,756.90","1,694.00","1,700.35","2,030,748"
"11-Nov-2022","1,740.00","1,748.00","1,707.35","1,719.25","1,671,510"
"14-Nov-2022","1,724.00","1,735.00","1,708.15","1,718.35","1,459,293"
"15-Nov-2022","1,723.40","1,729.80","1,696.30","1,708.50","1,401,141"
"16-Nov-2022","1,713.70","1,714.50","1,675.00","1,685.65","2,040,699"
"17-Nov-2022","1,685.60","1,699.95","1,660.20","1,664.60","1,875,515"
"18-Nov-2022","1,668.00","1,674.65","1,641.20","1,654.40","1,581,747"
"21-Nov-2022","1,654.40","1,657.70","1,625.00","1,635.85","1,943,750"
"22-Nov-2022","1,635.05","1,659.90","1,632.00","1,643.35","1,508,906"
"23-Nov-2022","1,651.60","1,656.00","1,630.05","1,636.20","1,837,952"
"24-Nov-2022","1,639.00","1,647.45","1,620.00","1,634.00","1,660,403"
"25-Nov-2022","1,634.00","1,646.95","1,624.50","1,633.70","1,140,578"
"28-Nov-2022","1,630.00","1,661.90","1,628.85","1,652.85","2,005,182"
"29-Nov-2022","1,649.00","1,652.85","1,630.05","1,632.00","1,346,735"
"30-Nov-2022","1,634.20","1,644.65","1,623.30","1,626.50","2,900,845"
"01-Dec-2022","1,634.80","1,642.50","1,624.20","1,638.80","2,111,362"
"02-Dec-2022","1,632.20","1,653.00","1,625.25","1,642.65","1,682,841"
"05-Dec-2022","1,650.00","1,655.00","1,631.40","1,634.20","1,383,542"
"06-Dec-2022","1,630.00","1,646.90","1,628.00","1,635.25","1,177,485"
"07-Dec-2022","1,635.40","1,642.00","1,593.00","1,606.70","2,376,490"
"08-Dec-2022","1,610.00","1,621.80","1,600.20","1,618.60","1,161,239"
"09-Dec-2022","1,622.00","1,626.95","1,582.00","1,598.60","1,766,412"
"12-Dec-2022","1,586.15","1,603.95","1,570.10","1,592.10","1,365,732"
"13-Dec-2022","1,600.10","1,616.90","1,591.25","1,611.45","1,279,634"
"14-Dec-2022","1,619.75","1,627.90","1,613.30","1,623.05","1,137,059"
"15-Dec-2022","1,620.00","1,631.70","1,600.00","1,604.90","1,041,690"
"16-Dec-2022","1,599.00","1,610.00","1,581.15","1,587.10","1,533,418"
"19-Dec-2022","1,595.05","1,627.00","1,590.15","1,619.05","1,508,476"
"20-Dec-2022","1,614.95","1,618.50","1,593.05","1,615.65","866,377"
"21-Dec-2022","1,618.50","1,629.25","1,575.50","1,581.80","1,397,725"
"22-Dec-2022","1,586.10","1,594.20","1,530.00","1,544.30","2,100,618"
"23-Dec-2022","1,524.30","1,543.30","1,492.00","1,497.05","1,673,592"
"26-Dec-2022","1,496.90","1,544.95","1,483.15","1,535.00","1,329,547"
"27-Dec-2022","1,545.00","1,551.40","1,518.00","1,537.70","1,102,198"
"28-Dec-2022","1,534.70","1,534.70","1,513.00","1,522.70","1,411,078"
"29-Dec-2022","1,515.00","1,522.00","1,503.05","1,511.70","3,417,120"
"30-Dec-2022","1,528.00","1,573.00","1,525.85","1,547.85","2,638,505"
"02-Jan-2023","1,550.00","1,560.00","1,528.55","1,552.50","1,061,404"
"03-Jan-2023","1,549.00","1,570.00","1,544.05","1,563.00","1,306,648"
"04-Jan-2023","1,562.00","1,567.35","1,540.40","1,547.85","1,036,103"
"05-Jan-2023","1,548.00","1,548.00","1,454.70","1,468.85","5,979,381"
"06-Jan-2023","1,473.55","1,473.55","1,423.00","1,430.35","5,207,616"
"09-Jan-2023","1,447.00","1,450.90","1,408.65","1,414.00","4,513,767"
"10-Jan-2023","1,429.00","1,429.00","1,391.00","1,413.30","2,903,001"
"11-Jan-2023","1,418.00","1,422.85","1,397.05","1,399.70","2,327,598"
"12-Jan-2023","1,405.00","1,414.95","1,379.00","1,387.80","3,168,742"
"13-Jan-2023","1,394.75","1,399.85","1,374.35","1,391.15","3,754,686"
"16-Jan-2023","1,398.15","1,418.45","1,379.20","1,383.90","3,480,545"
"17-Jan-2023","1,389.00","1,391.60","1,353.95","1,372.90","3,681,802"
"18-Jan-2023","1,379.80","1,380.00","1,365.00","1,367.30","2,589,016"
"19-Jan-2023","1,365.00","1,365.95","1,348.10","1,355.15","1,910,318"
"20-Jan-2023","1,360.00","1,361.65","1,326.55","1,333.20","2,091,612"
"23-Jan-2023","1,330.00","1,345.00","1,319.55","1,332.75","1,832,743"
"24-Jan-2023","1,336.25","1,349.00","1,329.55","1,332.70","1,311,451"
"25-Jan-2023","1,334.90","1,334.90","1,310.00","1,314.35","1,549,899"
"27-Jan-2023","1,315.10","1,336.15","1,302.05","1,314.20","1,829,556"
"30-Jan-2023","1,320.80","1,360.00","1,317.85","1,343.85","4,411,750"
"31-Jan-2023","1,354.40","1,357.15","1,323.80","1,342.45","2,213,909"
"01-Feb-2023","1,348.00","1,360.00","1,246.85","1,268.30","4,761,664"
"02-Feb-2023","1,269.00","1,288.65","1,252.10","1,271.90","2,419,664"
"03-Feb-2023","1,305.00","1,340.80","1,281.30","1,337.45","3,271,913"
"06-Feb-2023","1,337.45","1,349.00","1,322.10","1,343.05","1,546,926"
"07-Feb-2023","1,345.15","1,362.35","1,337.10","1,350.40","1,604,424"
"08-Feb-2023","1,356.95","1,377.00","1,345.20","1,368.90","1,516,979"
"09-Feb-2023","1,370.00","1,409.90","1,356.65","1,400.25","2,593,600"
"10-Feb-2023","1,406.00","1,418.65","1,394.00","1,401.75","2,069,492"
"13-Feb-2023","1,404.00","1,415.00","1,381.75","1,388.55","1,467,695"
"14-Feb-2023","1,390.00","1,405.00","1,373.65","1,398.60","1,390,992"
"15-Feb-2023","1,398.00","1,423.95","1,388.05","1,420.80","1,518,171"
"16-Feb-2023","1,429.00","1,435.00","1,413.05","1,428.20","2,153,424"
"17-Feb-2023","1,420.05","1,427.20","1,410.00","1,414.05","994,199"
"20-Feb-2023","1,418.00","1,425.80","1,400.80","1,404.60","993,735"
"21-Feb-2023","1,409.40","1,409.40","1,390.00","1,394.30","1,117,177"
"22-Feb-2023","1,389.90","1,392.00","1,356.00","1,360.95","1,402,505"
"23-Feb-2023","1,362.00","1,365.95","1,341.00","1,346.95","1,095,460"
"24-Feb-2023","1,353.70","1,386.00","1,350.35","1,359.00","1,342,454"
"27-Feb-2023","1,357.95","1,367.25","1,345.00","1,357.40","972,575"
"28-Feb-2023","1,364.20","1,371.90","1,330.00","1,334.90","1,597,380"
"01-Mar-2023","1,335.70","1,360.00","1,334.90","1,343.90","1,134,472"
"02-Mar-2023","1,375.00","1,385.95","1,337.20","1,343.55","3,267,851"
"03-Mar-2023","1,357.00","1,364.45","1,346.10","1,355.35","1,199,487"
"06-Mar-2023","1,357.25","1,399.45","1,357.25","1,380.80","2,466,703"
"08-Mar-2023","1,375.00","1,383.80","1,357.90","1,380.80","1,557,533"
"09-Mar-2023","1,378.00","1,378.95","1,350.00","1,352.55","1,545,024"
"10-Mar-2023","1,340.00","1,342.00","1,321.05","1,328.85","1,389,890"
"13-Mar-2023","1,326.00","1,341.20","1,291.90","1,295.70","1,668,502"
"14-Mar-2023","1,300.00","1,302.30","1,269.00","1,280.55","2,060,607"
"15-Mar-2023","1,290.00","1,309.70","1,278.00","1,282.60","1,376,141"
"16-Mar-2023","1,285.50","1,304.00","1,270.55","1,293.60","1,539,281"
"17-Mar-2023","1,304.95","1,316.30","1,293.00","1,301.75","1,332,869"
"20-Mar-2023","1,305.00","1,307.95","1,231.00","1,245.40","3,970,911"
"21-Mar-2023","1,259.00","1,271.50","1,248.60","1,268.10","2,333,183"
"22-Mar-2023","1,271.00","1,314.95","1,270.55","1,294.55","2,884,348"
"23-Mar-2023","1,291.95","1,310.50","1,278.30","1,290.00","1,947,186"
"24-Mar-2023","1,281.30","1,290.00","1,236.20","1,240.65","2,676,573"
"27-Mar-2023","1,245.00","1,251.60","1,226.65","1,239.10","1,553,877"
"28-Mar-2023","1,245.30","1,247.85","1,215.00","1,223.15","1,510,246"
"29-Mar-2023","1,229.30","1,252.00","1,225.45","1,246.05","1,657,420"
"31-Mar-2023","1,252.30","1,270.00","1,250.00","1,266.50","1,830,686"
"03-Apr-2023","1,273.00","1,286.55","1,265.50","1,282.95","1,381,342"
"05-Apr-2023","1,296.00","1,324.00","1,275.50","1,279.30","3,366,621"
"06-Apr-2023","1,279.30","1,311.45","1,271.35","1,303.95","1,819,711"
"10-Apr-2023","1,311.00","1,317.25","1,295.65","1,305.05","1,297,282"
"11-Apr-2023","1,312.95","1,325.00","1,307.20","1,323.20","1,281,834"
"12-Apr-2023","1,321.00","1,329.00","1,315.55","1,321.55","1,105,734"
"13-Apr-2023","1,320.90","1,346.00","1,318.00","1,341.30","1,330,391"
"17-Apr-2023","1,345.00","1,352.95","1,330.55","1,341.15","1,073,923"
"18-Apr-2023","1,340.00","1,348.70","1,329.00","1,335.20","1,236,391"
"19-Apr-2023","1,335.00","1,338.95","1,322.05","1,331.35","590,360"
"20-Apr-2023","1,333.95","1,341.35","1,325.05","1,332.10","467,602"
"21-Apr-2023","1,336.50","1,338.00","1,306.55","1,317.90","825,513"
"24-Apr-2023","1,315.10","1,322.90","1,307.85","1,319.75","1,051,329"
"25-Apr-2023","1,325.00","1,352.00","1,322.10","1,345.80","2,725,305"
"26-Apr-2023","1,345.80","1,349.50","1,328.65","1,334.70","889,092"
"27-Apr-2023","1,352.50","1,374.00","1,340.15","1,360.00","3,982,526"
"28-Apr-2023","1,368.95","1,368.95","1,318.80","1,354.65","3,376,186"
"02-May-2023","1,360.00","1,370.90","1,345.90","1,349.05","1,387,425"
"03-May-2023","1,345.00","1,350.95","1,330.00","1,347.00","903,123"
"04-May-2023","1,342.30","1,378.30","1,340.00","1,374.45","2,213,569"
"05-May-2023","1,371.50","1,394.00","1,355.40","1,359.25","2,572,062"
"08-May-2023","1,367.80","1,410.80","1,363.10","1,404.80","2,912,772"
"09-May-2023","1,410.95","1,446.70","1,402.50","1,408.70","3,772,745"
"10-May-2023","1,419.00","1,420.85","1,395.00","1,414.45","1,297,980"
"11-May-2023","1,421.00","1,427.75","1,413.05","1,420.40","915,163"
"12-May-2023","1,420.00","1,428.00","1,407.00","1,423.45","1,300,969"
"15-May-2023","1,424.00","1,430.00","1,416.00","1,421.35","1,003,664"
"16-May-2023","1,429.90","1,438.00","1,421.00","1,428.35","1,678,746"
"17-May-2023","1,430.40","1,430.40","1,405.00","1,415.40","804,968"
"18-May-2023","1,422.35","1,430.00","1,412.05","1,415.45","739,262"
"19-May-2023","1,422.10","1,422.70","1,397.05","1,415.10","754,504"
"22-May-2023","1,411.00","1,418.70","1,405.00","1,413.00","591,903"
"23-May-2023","1,415.60","1,447.80","1,415.50","1,437.25","1,991,556"
"24-May-2023","1,437.25","1,447.00","1,421.15","1,426.45","1,047,736"
"25-May-2023","1,421.10","1,429.65","1,416.00","1,427.35","688,673"
"26-May-2023","1,431.00","1,446.30","1,431.00","1,439.15","1,023,550"
"29-May-2023","1,448.95","1,468.50","1,444.50","1,449.55","1,659,680"
"30-May-2023","1,453.45","1,467.20","1,439.50","1,465.85","1,506,999"
"31-May-2023","1,465.00","1,465.00","1,447.25","1,451.05","1,704,213"
"01-Jun-2023","1,455.50","1,459.00","1,444.00","1,450.15","939,379"
"02-Jun-2023","1,460.00","1,466.90","1,448.40","1,457.25","1,129,346"
"05-Jun-2023","1,469.00","1,469.50","1,456.20","1,458.90","829,929"
"06-Jun-2023","1,466.50","1,478.90","1,463.10","1,475.10","1,472,972"
"07-Jun-2023","1,483.00","1,483.20","1,472.00","1,480.90","837,622"
"08-Jun-2023","1,483.00","1,485.00","1,463.00","1,467.40","722,068"
"09-Jun-2023","1,471.00","1,476.00","1,461.55","1,466.50","499,104"
"12-Jun-2023","1,473.00","1,473.00","1,461.95","1,466.00","465,964"
"13-Jun-2023","1,470.00","1,492.00","1,470.00","1,486.20","1,205,104"
"14-Jun-2023","1,490.00","1,491.90","1,469.00","1,480.40","763,762"
"15-Jun-2023","1,479.95","1,482.00","1,469.60","1,474.70","853,566"
"16-Jun-2023","1,479.00","1,515.00","1,474.70","1,508.60","2,090,874"
"19-Jun-2023","1,522.95","1,553.30","1,516.65","1,541.95","3,446,484"
"20-Jun-2023","1,543.20","1,543.20","1,502.15","1,521.05","1,943,763"
"21-Jun-2023","1,525.90","1,535.00","1,513.25","1,519.25","799,052"
"22-Jun-2023","1,523.00","1,527.20","1,504.85","1,507.65","966,522"
"23-Jun-2023","1,507.50","1,519.70","1,483.95","1,501.95","1,237,464"
"26-Jun-2023","1,504.45","1,510.85","1,487.20","1,507.55","647,496"
"27-Jun-2023","1,512.00","1,527.35","1,503.00","1,522.95","763,062"
"28-Jun-2023","1,530.00","1,535.00","1,515.80","1,518.85","1,158,136"
"30-Jun-2023","1,521.00","1,536.60","1,519.00","1,528.00","934,639"
"03-Jul-2023","1,528.00","1,544.50","1,526.60","1,540.10","1,068,533"
"04-Jul-2023","1,565.10","1,634.95","1,565.10","1,629.50","7,337,423"
"05-Jul-2023","1,631.00","1,642.00","1,607.55","1,613.70","2,006,206"
"06-Jul-2023","1,615.05","1,624.00","1,607.00","1,619.90","937,466"
"07-Jul-2023","1,611.85","1,626.65","1,605.40","1,614.90","1,456,642"
"10-Jul-2023","1,611.95","1,622.00","1,579.75","1,597.80","1,731,894"
"11-Jul-2023","1,598.00","1,632.00","1,587.90","1,592.40","1,500,679"
"12-Jul-2023","1,595.65","1,605.10","1,581.25","1,593.20","1,281,286"
"13-Jul-2023","1,595.00","1,625.00","1,595.00","1,615.10","1,136,620"
"14-Jul-2023","1,623.15","1,635.00","1,604.25","1,614.20","1,088,010"
"17-Jul-2023","1,620.00","1,621.95","1,603.00","1,610.25","823,296"
"18-Jul-2023","1,618.35","1,625.00","1,602.00","1,618.30","2,077,115"
"19-Jul-2023","1,618.30","1,649.80","1,614.00","1,644.10","1,920,501"
"20-Jul-2023","1,650.90","1,658.25","1,625.00","1,635.80","1,159,938"
"21-Jul-2023","1,633.00","1,645.00","1,620.30","1,632.85","1,149,031"
"24-Jul-2023","1,630.00","1,660.00","1,622.00","1,657.50","1,455,663"
"25-Jul-2023","1,664.90","1,664.90","1,635.05","1,648.85","1,378,736"
"26-Jul-2023","1,649.40","1,664.90","1,618.05","1,626.45","2,225,230"
"27-Jul-2023","1,641.50","1,662.70","1,602.00","1,614.55","3,402,069"
"28-Jul-2023","1,625.00","1,630.00","1,568.40","1,584.85","3,285,744"
"31-Jul-2023","1,565.80","1,602.80","1,565.80","1,598.30","1,323,373"
"01-Aug-2023","1,598.30","1,599.95","1,569.65","1,572.35","1,641,917"
"02-Aug-2023","1,572.00","1,572.35","1,524.00","1,527.00","2,170,178"
"03-Aug-2023","1,522.90","1,522.90","1,477.80","1,493.65","2,785,017"
"04-Aug-2023","1,501.95","1,507.35","1,470.75","1,486.30","2,703,607"
"07-Aug-2023","1,498.00","1,512.25","1,485.00","1,508.40","1,228,780"
"08-Aug-2023","1,509.50","1,520.30","1,492.90","1,515.75","1,409,271"
"09-Aug-2023","1,525.00","1,529.75","1,505.00","1,516.60","1,065,831"
"10-Aug-2023","1,512.55","1,529.75","1,505.10","1,519.40","900,666"
"11-Aug-2023","1,518.95","1,521.80","1,497.65","1,504.00","792,201"
"14-Aug-2023","1,496.00","1,497.95","1,467.05","1,482.05","1,549,409"
"16-Aug-2023","1,482.00","1,482.00","1,463.00","1,469.85","834,135"
"17-Aug-2023","1,473.00","1,480.00","1,465.40","1,476.85","1,048,714"
"18-Aug-2023","1,470.00","1,478.30","1,456.00","1,460.15","1,053,734"
"21-Aug-2023","1,455.00","1,484.50","1,451.00","1,478.30","1,498,685"
"22-Aug-2023","1,485.00","1,494.00","1,464.35","1,467.80","1,557,523"
"23-Aug-2023","1,474.00","1,474.00","1,458.05","1,470.10","961,649"
"24-Aug-2023","1,480.00","1,492.00","1,465.00","1,468.60","847,606"
"25-Aug-2023","1,468.60","1,509.50","1,465.65","1,503.90","3,624,097"
"28-Aug-2023","1,513.50","1,514.00","1,487.00","1,499.90","1,066,459"
"29-Aug-2023","1,509.85","1,514.00","1,497.25","1,503.45","1,377,001"
"30-Aug-2023","1,510.00","1,518.85","1,499.00","1,501.50","700,372"
"31-Aug-2023","1,501.05","1,507.80","1,480.20","1,488.90","1,542,837"
"01-Sep-2023","1,494.00","1,518.70","1,487.35","1,514.50","904,596"
"04-Sep-2023","1,521.00","1,525.95","1,506.05","1,510.10","685,689"
"05-Sep-2023","1,512.00","1,519.80","1,506.00","1,510.45","1,298,151"
"06-Sep-2023","1,510.95","1,522.45","1,504.20","1,518.20","712,220"
"07-Sep-2023","1,524.80","1,524.80","1,510.10","1,519.55","647,590"
"08-Sep-2023","1,530.00","1,558.80","1,525.05","1,541.00","2,168,354"
"11-Sep-2023","1,549.50","1,552.00","1,540.00","1,549.70","841,557"
"12-Sep-2023","1,558.90","1,558.90","1,527.65","1,542.45","1,444,688"
"13-Sep-2023","1,542.00","1,565.05","1,521.00","1,552.80","1,193,072"
"14-Sep-2023","1,556.95","1,563.60","1,541.20","1,550.90","920,905"
"15-Sep-2023","1,548.05","1,567.60","1,531.30","1,538.10","3,116,428"
"18-Sep-2023","1,538.10","1,565.35","1,532.90","1,559.95","1,403,635"
"20-Sep-2023","1,554.90","1,568.20","1,545.10","1,553.35","1,076,887"
"21-Sep-2023","1,530.50","1,552.25","1,514.00","1,526.20","1,772,341"
"22-Sep-2023","1,528.00","1,551.00","1,524.90","1,543.70","1,321,743"
"25-Sep-2023","1,549.70","1,591.00","1,546.70","1,577.40","2,962,182"
"26-Sep-2023","1,583.00","1,583.00","1,551.00","1,567.70","2,472,382"
"27-Sep-2023","1,567.70","1,570.00","1,554.20","1,565.75","964,400"
"28-Sep-2023","1,565.00","1,574.95","1,535.05","1,539.70","831,496"
"29-Sep-2023","1,548.00","1,552.95","1,532.05","1,540.25","1,109,857"
"03-Oct-2023","1,530.25","1,564.20","1,527.00","1,561.05","1,083,086"
"04-Oct-2023","1,555.00","1,555.85","1,521.15","1,532.55","1,614,123"
"05-Oct-2023","1,540.00","1,556.00","1,532.30","1,542.55","1,153,064"
"06-Oct-2023","1,559.35","1,640.70","1,551.05","1,634.65","7,384,628"
"09-Oct-2023","1,617.15","1,628.00","1,606.60","1,621.55","1,712,235"
"10-Oct-2023","1,630.00","1,643.95","1,617.00","1,633.10","1,453,653"
"11-Oct-2023","1,641.40","1,650.95","1,633.50","1,636.55","952,433"
"12-Oct-2023","1,637.00","1,642.95","1,622.85","1,634.80","1,052,767"
"13-Oct-2023","1,631.00","1,649.00","1,620.00","1,646.55","1,212,989"
"16-Oct-2023","1,644.00","1,649.40","1,630.40","1,642.35","859,548"
"17-Oct-2023","1,649.90","1,676.75","1,645.55","1,657.65","1,689,224"
"18-Oct-2023","1,665.00","1,665.00","1,622.05","1,628.20","1,230,439"
"19-Oct-2023","1,625.00","1,642.95","1,597.40","1,634.75","1,429,935"
"20-Oct-2023","1,627.80","1,639.75","1,615.00","1,635.05","1,191,783"
"23-Oct-2023","1,627.00","1,651.70","1,605.50","1,613.15","1,093,182"
"25-Oct-2023","1,612.90","1,630.00","1,598.85","1,611.45","1,490,405"
"26-Oct-2023","1,590.00","1,608.40","1,552.00","1,560.00","1,780,025"
"27-Oct-2023","1,575.60","1,593.25","1,551.35","1,566.40","2,003,579"
"30-Oct-2023","1,568.90","1,571.10","1,528.00","1,561.10","850,025"
"31-Oct-2023","1,552.40","1,581.45","1,552.40","1,569.55","1,592,788"
"01-Nov-2023","1,574.90","1,580.00","1,565.00","1,572.85","770,557"
"02-Nov-2023","1,587.70","1,592.60","1,566.10","1,575.60","1,020,303"
"03-Nov-2023","1,584.25","1,593.65","1,527.90","1,536.15","2,519,096"
"06-Nov-2023","1,547.00","1,566.00","1,540.00","1,564.40","917,415"
"07-Nov-2023","1,602.00","1,607.80","1,550.00","1,569.80","2,532,282"
"08-Nov-2023","1,576.00","1,579.95","1,559.20","1,575.50","831,310"
"09-Nov-2023","1,575.00","1,589.00","1,569.00","1,582.25","1,108,425"
"10-Nov-2023","1,581.00","1,598.80","1,572.65","1,596.00","672,720"
"12-Nov-2023","1,606.00","1,607.00","1,588.40","1,594.60","148,384"
"13-Nov-2023","1,594.60","1,597.95","1,568.70","1,585.20","853,825"
"15-Nov-2023","1,600.00","1,615.00","1,579.95","1,587.05","1,684,967"
"16-Nov-2023","1,561.05","1,628.00","1,539.05","1,620.65","3,213,352"
"17-Nov-2023","1,593.05","1,620.65","1,581.60","1,615.90","1,783,393"
"20-Nov-2023","1,611.90","1,616.55","1,586.15","1,593.80","1,256,179"
"21-Nov-2023","1,593.80","1,616.45","1,593.60","1,610.40","1,714,833"
"22-Nov-2023","1,610.00","1,626.00","1,602.50","1,623.90","807,316"
"23-Nov-2023","1,623.90","1,636.85","1,620.20","1,623.95","695,592"
"24-Nov-2023","1,624.45","1,628.95","1,612.00","1,617.25","625,345"
"28-Nov-2023","1,617.50","1,657.00","1,617.50","1,654.40","1,564,478"
"29-Nov-2023","1,660.00","1,665.00","1,649.00","1,653.50","746,796"
"30-Nov-2023","1,653.00","1,679.90","1,644.55","1,673.50","1,577,522"
"01-Dec-2023","1,680.00","1,688.70","1,669.95","1,685.95","1,101,136"
"04-Dec-2023","1,700.00","1,714.70","1,685.90","1,696.25","1,419,178"
"05-Dec-2023","1,696.30","1,713.40","1,673.25","1,692.70","1,778,602"
"06-Dec-2023","1,701.00","1,710.00","1,692.90","1,700.35","737,176"
"07-Dec-2023","1,700.35","1,724.00","1,690.00","1,704.05","941,890"
"08-Dec-2023","1,705.00","1,714.55","1,692.50","1,710.15","1,376,050"
"11-Dec-2023","1,700.15","1,717.00","1,698.25","1,702.80","1,003,371"
"12-Dec-2023","1,704.80","1,719.75","1,700.50","1,706.75","1,390,539"
"13-Dec-2023","1,708.00","1,709.50","1,668.20","1,684.55","1,168,629"
"14-Dec-2023","1,700.00","1,733.90","1,698.00","1,730.95","2,130,836"
"15-Dec-2023","1,738.95","1,741.00","1,718.75","1,733.15","1,486,079"
"18-Dec-2023","1,732.65","1,738.55","1,718.55","1,724.60","696,124"
"19-Dec-2023","1,725.00","1,726.55","1,696.80","1,709.75","1,214,352"
"20-Dec-2023","1,715.70","1,741.00","1,672.00","1,680.90","1,540,009"
"21-Dec-2023","1,663.00","1,681.80","1,660.25","1,666.85","988,034"
"22-Dec-2023","1,669.00","1,690.00","1,663.60","1,672.05","1,279,614"
"26-Dec-2023","1,675.00","1,684.00","1,637.05","1,645.30","1,296,291"
"27-Dec-2023","1,657.00","1,674.05","1,653.80","1,669.45","1,181,177"
"28-Dec-2023","1,674.05","1,698.80","1,667.20","1,681.20","1,360,425"
"29-Dec-2023","1,682.45","1,692.70","1,674.60","1,685.80","738,203"
"01-Jan-2024","1,685.80","1,691.70","1,671.00","1,676.40","692,280"
"02-Jan-2024","1,675.90","1,689.85","1,663.45","1,686.20","1,099,965"
"03-Jan-2024","1,680.00","1,708.00","1,676.00","1,677.65","804,258"
"04-Jan-2024","1,694.35","1,723.95","1,690.00","1,701.95","2,268,009"
"05-Jan-2024","1,702.95","1,717.10","1,697.65","1,709.50","835,592"
"08-Jan-2024","1,715.95","1,723.65","1,690.20","1,696.35","684,254"
"09-Jan-2024","1,710.45","1,715.00","1,674.30","1,682.45","1,235,008"
"10-Jan-2024","1,685.00","1,685.00","1,658.65","1,671.85","607,010"
"11-Jan-2024","1,679.00","1,702.65","1,660.15","1,669.25","861,924"
"12-Jan-2024","1,670.25","1,674.95","1,642.00","1,651.90","1,314,964"
"15-Jan-2024","1,655.00","1,664.15","1,630.05","1,632.40","1,089,891"
"16-Jan-2024","1,634.00","1,646.30","1,620.00","1,623.50","1,063,676"
"17-Jan-2024","1,614.95","1,622.00","1,578.05","1,586.15","1,488,186"
"18-Jan-2024","1,586.00","1,605.35","1,559.00","1,581.15","1,133,236"
"19-Jan-2024","1,590.95","1,606.35","1,581.00","1,600.50","1,139,473"
"20-Jan-2024","1,600.50","1,610.95","1,577.75","1,581.00","404,125"
"23-Jan-2024","1,597.45","1,615.25","1,575.00","1,582.50","3,028,946"
"24-Jan-2024","1,594.70","1,622.85","1,578.35","1,620.85","1,393,463"
"25-Jan-2024","1,621.75","1,635.00","1,613.70","1,630.15","1,744,604"
"29-Jan-2024","1,630.00","1,641.60","1,618.50","1,636.95","940,220"
"30-Jan-2024","1,629.00","1,629.00","1,585.00","1,590.55","4,851,835"
"31-Jan-2024","1,594.00","1,632.00","1,585.00","1,627.30","1,486,444"
"01-Feb-2024","1,632.00","1,632.00","1,613.00","1,622.25","1,352,416"
"02-Feb-2024","1,635.00","1,664.00","1,626.70","1,651.50","1,514,648"
"05-Feb-2024","1,650.00","1,659.90","1,608.55","1,614.90","2,578,535"
"06-Feb-2024","1,626.80","1,626.80","1,578.60","1,597.05","2,376,798"
"07-Feb-2024","1,609.00","1,623.75","1,589.40","1,596.20","1,477,982"
"08-Feb-2024","1,607.95","1,607.95","1,565.00","1,570.55","1,486,674"
"09-Feb-2024","1,586.25","1,587.30","1,562.70","1,570.95","1,049,368"
"12-Feb-2024","1,578.75","1,579.30","1,551.50","1,557.25","803,753"
"13-Feb-2024","1,560.00","1,586.45","1,552.20","1,568.00","1,833,289"
"14-Feb-2024","1,560.00","1,583.00","1,555.00","1,579.70","763,689"
"15-Feb-2024","1,589.95","1,590.00","1,564.55","1,569.40","803,588"
"16-Feb-2024","1,583.10","1,585.00","1,567.05","1,575.90","850,341"
"19-Feb-2024","1,576.00","1,625.00","1,572.00","1,620.15","1,162,373"
"20-Feb-2024","1,617.95","1,619.00","1,597.50","1,602.85","1,232,581"
"21-Feb-2024","1,604.00","1,618.60","1,580.60","1,586.95","674,394"
"22-Feb-2024","1,599.00","1,599.00","1,565.85","1,592.55","1,149,519"
"23-Feb-2024","1,596.00","1,620.90","1,596.00","1,616.55","1,199,419"
"26-Feb-2024","1,616.00","1,629.40","1,610.00","1,614.30","742,382"
"27-Feb-2024","1,614.30","1,623.45","1,595.00","1,600.60","931,236"
"28-Feb-2024","1,603.00","1,609.70","1,580.00","1,584.50","790,763"
"29-Feb-2024","1,584.95","1,603.60","1,568.35","1,593.80","1,352,363"
"01-Mar-2024","1,597.95","1,620.30","1,595.20","1,613.40","740,120"
"02-Mar-2024","1,613.40","1,615.90","1,605.00","1,610.15","44,273"
"04-Mar-2024","1,616.00","1,625.00","1,603.30","1,619.30","589,948"
"05-Mar-2024","1,630.00","1,636.60","1,541.15","1,550.50","2,343,463"
"06-Mar-2024","1,558.00","1,558.00","1,530.80","1,554.60","1,239,370"
"07-Mar-2024","1,557.15","1,589.65","1,557.15","1,582.80","1,380,840"
"11-Mar-2024","1,597.50","1,616.15","1,583.00","1,598.80","1,285,565"
"12-Mar-2024","1,590.10","1,612.00","1,565.15","1,593.55","1,587,096"
"13-Mar-2024","1,592.30","1,598.95","1,562.00","1,573.15","1,279,653"
"14-Mar-2024","1,565.60","1,580.00","1,550.10","1,563.70","1,289,823"
"15-Mar-2024","1,547.50","1,589.60","1,547.50","1,571.45","1,929,597"
"18-Mar-2024","1,570.95","1,579.15","1,561.00","1,577.05","645,594"
"19-Mar-2024","1,574.05","1,590.00","1,551.10","1,581.50","1,385,006"
"20-Mar-2024","1,582.50","1,593.50","1,566.10","1,584.70","723,724"
"21-Mar-2024","1,596.00","1,609.45","1,592.00","1,602.60","1,166,497"
"22-Mar-2024","1,593.00","1,610.00","1,583.40","1,587.55","1,570,412"
"26-Mar-2024","1,589.00","1,619.00","1,589.00","1,593.90","1,616,192"
"27-Mar-2024","1,590.00","1,609.90","1,578.20","1,582.65","1,205,575"
"28-Mar-2024","1,588.00","1,669.00","1,588.00","1,643.85","5,210,310"
"01-Apr-2024","1,659.05","1,674.00","1,640.35","1,646.00","767,676"
"02-Apr-2024","1,650.90","1,662.90","1,625.70","1,656.55","1,605,925"
"03-Apr-2024","1,654.00","1,654.85","1,635.00","1,640.35","1,055,536"
"04-Apr-2024","1,650.00","1,662.50","1,630.00","1,655.80","1,328,509"
"05-Apr-2024","1,658.50","1,681.50","1,651.95","1,677.95","2,364,243"
"08-Apr-2024","1,690.00","1,702.00","1,684.85","1,689.15","1,345,380"
"09-Apr-2024","1,694.95","1,715.00","1,687.25","1,710.40","1,284,145"
"10-Apr-2024","1,717.00","1,722.00","1,696.00","1,704.10","1,031,729"
"12-Apr-2024","1,700.00","1,706.20","1,689.55","1,698.65","1,312,132"
"15-Apr-2024","1,672.00","1,692.00","1,654.20","1,656.85","828,843"
"16-Apr-2024","1,640.00","1,648.70","1,611.35","1,618.50","1,528,544"
"18-Apr-2024","1,625.00","1,630.10","1,589.30","1,593.90","1,325,537"
"19-Apr-2024","1,587.00","1,628.75","1,568.70","1,619.00","1,242,066"
"22-Apr-2024","1,627.00","1,648.00","1,617.50","1,629.45","703,167"
"23-Apr-2024","1,628.60","1,652.00","1,616.00","1,621.10","1,297,705"
"24-Apr-2024","1,625.00","1,648.85","1,618.05","1,630.35","578,310"
"25-Apr-2024","1,630.00","1,672.00","1,615.65","1,655.55","1,569,437"
"26-Apr-2024","1,649.05","1,649.05","1,578.45","1,597.35","5,325,417"
"29-Apr-2024","1,603.00","1,603.00","1,587.35","1,595.65","1,132,800"
"30-Apr-2024","1,596.00","1,633.95","1,591.30","1,615.00","1,748,360"
"02-May-2024","1,615.00","1,635.00","1,611.00","1,615.45","1,304,846"
"03-May-2024","1,650.20","1,725.00","1,618.00","1,627.30","5,227,529"
"06-May-2024","1,637.90","1,637.90","1,607.05","1,611.35","725,360"
"07-May-2024","1,621.00","1,625.00","1,593.00","1,615.15","1,348,125"
"08-May-2024","1,601.00","1,620.00","1,598.75","1,603.05","802,342"
"09-May-2024","1,606.70","1,613.10","1,559.60","1,564.60","1,364,729"
"10-May-2024","1,560.00","1,584.15","1,556.00","1,572.70","768,117"
"13-May-2024","1,574.00","1,587.00","1,556.30","1,580.55","466,042"
"14-May-2024","1,575.35","1,589.90","1,569.05","1,576.45","652,248"
"15-May-2024","1,580.00","1,589.65","1,566.60","1,569.05","581,805"
"16-May-2024","1,575.05","1,601.00","1,560.45","1,596.00","1,212,568"
"17-May-2024","1,595.00","1,598.00","1,580.05","1,584.75","699,522"
"18-May-2024","1,584.70","1,600.00","1,575.00","1,587.50","58,954"
"21-May-2024","1,587.50","1,595.30","1,572.00","1,582.55","903,561"
"22-May-2024","1,582.55","1,590.00","1,575.00","1,583.95","578,669"
"23-May-2024","1,587.10","1,613.25","1,581.25","1,608.45","1,547,483"
"24-May-2024","1,609.00","1,620.00","1,597.05","1,601.70","566,278"
"27-May-2024","1,605.00","1,612.85","1,590.30","1,595.80","1,365,230"
"28-May-2024","1,602.95","1,605.00","1,589.45","1,599.65","1,306,333"
"29-May-2024","1,594.15","1,602.35","1,565.10","1,569.90","1,665,575"
"30-May-2024","1,566.75","1,575.20","1,517.00","1,524.10","2,285,079"
"31-May-2024","1,530.00","1,552.05","1,518.90","1,528.60","2,794,001"
"03-Jun-2024","1,580.00","1,583.00","1,556.45","1,575.80","1,826,290"
"04-Jun-2024","1,556.00","1,569.20","1,419.05","1,477.30","4,388,491"
"05-Jun-2024","1,490.00","1,528.00","1,472.90","1,517.70","1,456,768"
"06-Jun-2024","1,521.50","1,541.50","1,510.80","1,526.45","2,891,789"
"07-Jun-2024","1,538.95","1,580.00","1,530.55","1,567.70","2,787,254"
"10-Jun-2024","1,586.05","1,589.00","1,559.35","1,565.80","1,154,334"
"11-Jun-2024","1,573.00","1,577.40","1,558.00","1,568.25","1,184,425"
"12-Jun-2024","1,568.00","1,593.75","1,562.00","1,579.10","1,799,090"
"13-Jun-2024","1,586.95","1,595.55","1,581.00","1,590.10","1,095,701"
"14-Jun-2024","1,590.10","1,596.00","1,575.35","1,591.75","681,385"
"18-Jun-2024","1,599.00","1,604.90","1,585.00","1,597.95","1,282,756"
"19-Jun-2024","1,600.00","1,600.00","1,582.50","1,594.90","1,269,273"
"20-Jun-2024","1,592.50","1,595.00","1,573.10","1,586.00","1,649,421"
"21-Jun-2024","1,586.00","1,610.85","1,570.50","1,578.90","3,345,305"
"24-Jun-2024","1,570.05","1,589.85","1,561.00","1,587.65","822,750"
"25-Jun-2024","1,587.65","1,610.75","1,571.00","1,603.35","3,093,861"
"26-Jun-2024","1,607.00","1,616.50","1,593.75","1,600.25","1,310,438"
"27-Jun-2024","1,600.25","1,614.70","1,595.05","1,603.10","2,620,064"
"28-Jun-2024","1,603.10","1,622.00","1,583.10","1,588.15","2,058,302"
"01-Jul-2024","1,588.20","1,590.95","1,578.00","1,580.20","2,444,681"
"02-Jul-2024","1,580.20","1,585.00","1,561.10","1,579.75","2,572,175"
"03-Jul-2024","1,583.00","1,597.50","1,573.60","1,594.15","892,102"
"04-Jul-2024","1,610.00","1,610.00","1,580.80","1,585.70","1,450,706"
"05-Jul-2024","1,587.00","1,590.70","1,570.10","1,579.60","1,070,592"
"08-Jul-2024","1,579.60","1,579.60","1,562.00","1,570.10","1,000,005"
"09-Jul-2024","1,577.70","1,583.90","1,567.00","1,581.60","1,233,946"
"10-Jul-2024","1,583.90","1,589.00","1,570.75","1,582.55","1,355,610"
"11-Jul-2024","1,584.00","1,596.00","1,576.00","1,587.85","1,848,978"
"12-Jul-2024","1,604.85","1,604.85","1,585.15","1,597.25","1,003,699"
"15-Jul-2024","1,597.00","1,605.00","1,588.00","1,602.20","1,753,186"
"16-Jul-2024","1,605.00","1,615.00","1,598.40","1,609.55","980,434"
"18-Jul-2024","1,606.00","1,654.00","1,593.05","1,651.25","2,999,670"
"19-Jul-2024","1,652.00","1,660.00","1,635.00","1,640.25","1,865,129"
"22-Jul-2024","1,625.00","1,651.80","1,623.05","1,631.15","784,867"
"23-Jul-2024","1,635.00","1,647.95","1,599.45","1,618.85","2,718,846"
"24-Jul-2024","1,600.60","1,611.90","1,562.00","1,579.25","3,675,430"
"25-Jul-2024","1,565.60","1,582.65","1,558.00","1,571.95","1,694,503"
"26-Jul-2024","1,578.00","1,592.75","1,569.05","1,586.45","2,768,936"
"29-Jul-2024","1,588.15","1,625.00","1,582.50","1,617.15","2,217,892"
"30-Jul-2024","1,614.00","1,669.90","1,595.20","1,642.65","3,703,774"
"31-Jul-2024","1,650.90","1,656.25","1,637.65","1,651.65","1,324,150"
"01-Aug-2024","1,655.00","1,659.00","1,630.00","1,634.80","747,329"
"02-Aug-2024","1,620.00","1,629.00","1,603.00","1,623.45","1,105,569"
"05-Aug-2024","1,590.00","1,605.00","1,562.00","1,567.70","2,058,076"
"06-Aug-2024","1,575.15","1,598.00","1,557.10","1,564.10","1,897,942"
"07-Aug-2024","1,584.10","1,584.80","1,563.65","1,571.40","1,443,063"
"08-Aug-2024","1,562.45","1,576.45","1,532.55","1,540.05","1,683,534"
"09-Aug-2024","1,559.90","1,562.55","1,545.50","1,560.20","1,014,828"
"12-Aug-2024","1,557.00","1,570.85","1,548.10","1,559.00","1,125,254"
"13-Aug-2024","1,554.00","1,569.00","1,537.05","1,543.35","1,817,066"
"14-Aug-2024","1,545.00","1,546.45","1,526.80","1,529.15","1,173,504"
"16-Aug-2024","1,539.00","1,552.45","1,523.25","1,549.90","1,841,887"
"19-Aug-2024","1,563.90","1,563.90","1,545.05","1,551.10","940,893"
"20-Aug-2024","1,554.95","1,624.90","1,551.50","1,602.10","3,149,863"
"21-Aug-2024","1,600.00","1,628.80","1,599.95","1,620.95","1,966,030"
"22-Aug-2024","1,624.80","1,630.00","1,614.05","1,625.70","1,325,535"
"23-Aug-2024","1,627.90","1,644.95","1,623.20","1,639.90","1,114,056"
"26-Aug-2024","1,649.00","1,688.00","1,638.75","1,686.20","2,446,507"
"27-Aug-2024","1,686.20","1,729.00","1,652.00","1,719.00","4,205,533"
"28-Aug-2024","1,728.00","1,735.00","1,700.05","1,713.50","1,444,329"
"29-Aug-2024","1,716.00","1,772.00","1,711.55","1,755.65","5,508,206"
"30-Aug-2024","1,769.95","1,793.50","1,750.05","1,783.05","3,865,499"
"02-Sep-2024","1,796.40","1,862.00","1,787.80","1,840.55","5,442,576"
"03-Sep-2024","1,850.00","1,870.95","1,811.95","1,865.60","4,429,269"
"04-Sep-2024","1,840.20","1,879.70","1,833.05","1,871.90","2,634,954"
"05-Sep-2024","1,868.00","1,874.70","1,850.00","1,864.95","1,441,842"
"06-Sep-2024","1,864.00","1,898.00","1,836.00","1,857.15","2,970,645"
"09-Sep-2024","1,860.00","1,873.75","1,839.05","1,860.45","1,576,721"
"10-Sep-2024","1,874.80","1,874.80","1,815.25","1,824.50","2,155,688"
"11-Sep-2024","1,829.00","1,853.80","1,814.25","1,833.15","1,492,450"
"12-Sep-2024","1,850.70","1,860.00","1,816.80","1,854.85","2,040,386"
"13-Sep-2024","1,874.80","1,906.90","1,846.50","1,894.45","3,078,216"
"16-Sep-2024","1,902.00","1,921.00","1,838.05","1,857.60","3,180,768"
"17-Sep-2024","1,859.00","1,876.85","1,838.55","1,848.70","1,920,113"
"18-Sep-2024","1,848.70","1,897.00","1,843.20","1,888.20","2,960,854"
"19-Sep-2024","1,890.00","1,902.00","1,876.00","1,890.40","1,821,882"
"20-Sep-2024","1,892.10","1,924.50","1,884.35","1,916.80","4,225,587"
"23-Sep-2024","1,929.85","1,934.00","1,914.60","1,919.95","1,118,846"
"24-Sep-2024","1,920.00","1,923.60","1,898.35","1,904.65","1,461,016"
"25-Sep-2024","1,905.00","1,938.80","1,896.05","1,928.50","901,659"
"26-Sep-2024","1,940.00","1,988.25","1,930.15","1,982.80","2,541,200"
"27-Sep-2024","1,976.85","2,029.90","1,966.30","2,010.70","3,718,693"
"30-Sep-2024","2,010.70","2,018.95","1,968.30","1,973.40","1,859,917"
"01-Oct-2024","1,973.00","2,007.10","1,969.05","1,975.25","1,326,900"
"03-Oct-2024","1,961.00","1,970.05","1,896.50","1,913.40","1,702,709"
"04-Oct-2024","1,913.30","1,935.00","1,865.25","1,884.55","2,423,416"
"07-Oct-2024","1,884.55","1,901.60","1,868.80","1,879.30","1,423,722"
"08-Oct-2024","1,873.20","1,893.95","1,833.10","1,838.15","1,423,384"
"09-Oct-2024","1,849.00","1,881.20","1,835.55","1,866.95","1,411,255"
"10-Oct-2024","1,874.80","1,887.85","1,860.00","1,875.70","1,209,065"
"11-Oct-2024","1,875.95","1,883.80","1,855.10","1,876.40","516,757"
"14-Oct-2024","1,885.10","1,885.10","1,862.55","1,867.20","809,881"
"15-Oct-2024","1,873.60","1,895.75","1,842.00","1,853.95","2,072,690"
"16-Oct-2024","1,855.00","1,871.00","1,847.25","1,862.05","850,008"
"17-Oct-2024","1,868.00","1,869.45","1,809.10","1,815.80","1,115,879"
"18-Oct-2024","1,815.00","1,833.30","1,793.00","1,819.90","990,257"
"21-Oct-2024","1,822.00","1,823.90","1,753.95","1,758.40","1,663,903"
"22-Oct-2024","1,758.55","1,770.95","1,716.15","1,722.60","3,142,294"
"23-Oct-2024","1,727.55","1,779.50","1,727.55","1,739.70","2,585,058"
"24-Oct-2024","1,740.05","1,764.00","1,718.65","1,742.10","1,502,718"
"25-Oct-2024","1,742.10","1,751.90","1,698.10","1,707.40","875,973"
"28-Oct-2024","1,710.75","1,737.85","1,701.95","1,730.45","653,158"
"29-Oct-2024","1,725.15","1,775.50","1,703.00","1,766.70","1,561,586"
"30-Oct-2024","1,766.70","1,777.45","1,740.20","1,752.45","826,677"
"31-Oct-2024","1,745.20","1,755.00","1,725.05","1,750.75","869,480"
"01-Nov-2024","1,762.00","1,772.15","1,746.30","1,754.70","134,827"
"04-Nov-2024","1,754.70","1,758.00","1,694.05","1,712.50","1,294,236"
"05-Nov-2024","1,714.10","1,744.30","1,686.00","1,735.65","1,646,381"
"06-Nov-2024","1,732.10","1,759.70","1,732.10","1,748.70","926,170"
"07-Nov-2024","1,745.00","1,757.00","1,705.05","1,729.70","855,044"
"08-Nov-2024","1,739.00","1,743.50","1,717.00","1,739.75","869,560"
"11-Nov-2024","1,727.55","1,751.95","1,713.05","1,717.45","696,798"
"12-Nov-2024","1,725.00","1,732.95","1,688.75","1,691.75","903,492"
"13-Nov-2024","1,690.00","1,695.95","1,657.45","1,664.45","668,302"
"14-Nov-2024","1,665.00","1,673.55","1,633.55","1,639.80","744,472"
"18-Nov-2024","1,634.00","1,641.95","1,610.00","1,616.00","1,618,700"
"19-Nov-2024","1,622.95","1,625.95","1,580.55","1,596.35","2,569,730"
"21-Nov-2024","1,596.00","1,596.00","1,565.25","1,569.25","984,265"
"22-Nov-2024","1,569.95","1,606.00","1,562.05","1,600.85","2,082,813"
"25-Nov-2024","1,618.00","1,638.80","1,600.00","1,604.90","2,191,916"
"26-Nov-2024","1,614.90","1,614.90","1,582.00","1,594.40","2,483,861"
"27-Nov-2024","1,595.95","1,608.60","1,589.00","1,600.05","1,335,825"
"28-Nov-2024","1,605.00","1,610.05","1,567.65","1,575.05","3,458,405"
"29-Nov-2024","1,581.90","1,587.95","1,574.95","1,579.95","1,998,058"
"02-Dec-2024","1,588.00","1,603.80","1,567.00","1,596.65","1,423,549"
"03-Dec-2024","1,597.10","1,609.90","1,595.05","1,607.10","1,045,367"
"04-Dec-2024","1,619.00","1,632.25","1,606.10","1,628.10","2,271,608"
"05-Dec-2024","1,636.75","1,654.10","1,605.45","1,644.10","1,706,032"
"06-Dec-2024","1,640.00","1,649.95","1,625.05","1,635.20","1,049,225"
"09-Dec-2024","1,642.00","1,647.55","1,619.20","1,637.05","859,106"
"10-Dec-2024","1,644.75","1,673.00","1,637.10","1,663.40","1,673,974"
"11-Dec-2024","1,667.10","1,690.35","1,649.00","1,686.50","2,131,913"
"12-Dec-2024","1,685.00","1,690.50","1,674.60","1,679.30","1,137,744"
"13-Dec-2024","1,667.10","1,683.60","1,635.00","1,679.70","1,389,802"
"16-Dec-2024","1,675.00","1,683.95","1,660.40","1,673.65","797,240"
"17-Dec-2024","1,673.00","1,673.65","1,633.05","1,643.15","1,045,630"
"18-Dec-2024","1,642.00","1,647.40","1,622.60","1,630.75","952,592"
"19-Dec-2024","1,616.80","1,624.15","1,583.05","1,589.55","1,681,562"
"20-Dec-2024","1,589.55","1,603.60","1,565.00","1,569.65","1,806,341"
"23-Dec-2024","1,583.00","1,594.75","1,560.55","1,563.40","1,017,438"
"24-Dec-2024","1,563.10","1,572.85","1,551.65","1,564.55","810,638"
"26-Dec-2024","1,554.45","1,574.90","1,554.45","1,559.30","760,870"
"27-Dec-2024","1,567.95","1,586.00","1,561.10","1,579.30","1,174,865"
"30-Dec-2024","1,580.00","1,587.85","1,560.45","1,576.70","1,307,371"
"31-Dec-2024","1,569.95","1,575.95","1,560.00","1,568.10","1,041,557"
"01-Jan-2025","1,565.00","1,584.05","1,565.00","1,576.40","464,064"
"02-Jan-2025","1,581.30","1,717.90","1,576.40","1,700.65","8,022,190"
"03-Jan-2025","1,700.00","1,720.00","1,692.00","1,701.10","1,563,600"
"06-Jan-2025","1,715.00","1,732.95","1,675.00","1,684.60","1,837,772"
"07-Jan-2025","1,692.00","1,703.65","1,674.20","1,682.75","1,242,573"
"08-Jan-2025","1,681.00","1,709.00","1,668.55","1,697.00","1,437,122"
"09-Jan-2025","1,697.00","1,700.50","1,675.00","1,690.30","1,036,731"
"10-Jan-2025","1,682.00","1,718.20","1,680.00","1,701.25","1,467,079"
"13-Jan-2025","1,689.60","1,700.00","1,666.60","1,674.15","1,177,882"
"14-Jan-2025","1,689.00","1,730.00","1,684.00","1,713.50","2,084,348"
"15-Jan-2025","1,721.10","1,730.45","1,650.00","1,671.65","2,098,490"
"16-Jan-2025","1,680.00","1,705.95","1,679.20","1,697.35","1,105,433"
"17-Jan-2025","1,686.10","1,698.40","1,670.95","1,680.65","905,680"
"20-Jan-2025","1,686.30","1,738.00","1,674.40","1,735.20","1,674,215"
"21-Jan-2025","1,745.00","1,751.00","1,711.00","1,717.00","2,008,953"
"22-Jan-2025","1,720.00","1,746.85","1,710.50","1,743.30","1,369,310"
"23-Jan-2025","1,742.55","1,766.00","1,730.45","1,746.15","1,888,122"
"24-Jan-2025","1,751.00","1,754.90","1,725.00","1,728.70","747,930"
"27-Jan-2025","1,714.85","1,732.65","1,702.00","1,711.60","1,017,680"
"28-Jan-2025","1,732.95","1,788.05","1,715.00","1,768.95","2,439,528"
"29-Jan-2025","1,776.95","1,804.95","1,767.25","1,790.40","1,880,079"
"30-Jan-2025","1,825.00","1,856.00","1,741.00","1,745.20","5,190,089"
"31-Jan-2025","1,713.60","1,753.70","1,698.20","1,736.10","1,917,476"
"01-Feb-2025","1,747.00","1,780.00","1,617.00","1,754.00","2,887,325"
"03-Feb-2025","1,735.00","1,805.00","1,733.35","1,794.85","2,918,355"
"04-Feb-2025","1,800.00","1,818.90","1,772.80","1,813.25","2,285,643"
"05-Feb-2025","1,811.00","1,826.55","1,780.00","1,796.75","1,286,850"
"06-Feb-2025","1,808.00","1,812.95","1,779.45","1,788.00","1,119,866"
"07-Feb-2025","1,801.00","1,822.00","1,784.35","1,798.35","1,748,940"
"10-Feb-2025","1,804.90","1,806.95","1,774.80","1,792.40","908,769"
"11-Feb-2025","1,792.40","1,795.30","1,742.00","1,744.85","1,944,713"
"12-Feb-2025","1,749.00","1,800.85","1,727.25","1,788.70","1,888,823"
"13-Feb-2025","1,803.95","1,853.50","1,796.65","1,849.25","4,070,038"
"14-Feb-2025","1,853.50","1,867.60","1,825.00","1,841.30","1,823,774"
"17-Feb-2025","1,841.30","1,898.75","1,830.45","1,894.85","3,022,597"
"18-Feb-2025","1,892.00","1,913.80","1,880.80","1,893.70","2,116,513"
"19-Feb-2025","1,891.05","1,899.20","1,868.05","1,875.35","768,994"
"20-Feb-2025","1,867.85","1,887.50","1,861.05","1,881.25","1,012,144"
"21-Feb-2025","1,872.20","1,893.30","1,866.40","1,879.35","852,037"
"24-Feb-2025","1,868.00","1,889.90","1,853.00","1,857.80","1,076,484"
"25-Feb-2025","1,857.80","1,896.00","1,857.80","1,875.10","1,761,019"
"27-Feb-2025","1,882.15","1,938.80","1,881.00","1,925.55","2,878,330"
"28-Feb-2025","1,911.05","1,920.00","1,862.55","1,872.30","1,797,567"
"03-Mar-2025","1,884.70","1,884.70","1,818.70","1,838.55","1,046,987"
"04-Mar-2025","1,829.75","1,833.50","1,785.25","1,790.30","1,443,339"
"05-Mar-2025","1,787.00","1,808.80","1,733.00","1,801.80","2,143,253"
"06-Mar-2025","1,818.80","1,853.00","1,784.10","1,845.45","2,176,883"
"07-Mar-2025","1,845.15","1,865.55","1,836.50","1,845.30","1,332,323"
"10-Mar-2025","1,844.75","1,888.75","1,835.00","1,840.35","1,703,046"
"11-Mar-2025","1,830.00","1,836.85","1,788.25","1,805.40","2,298,735"
"12-Mar-2025","1,814.00","1,824.35","1,800.00","1,819.45","1,196,955"
"13-Mar-2025","1,828.00","1,840.00","1,803.15","1,807.45","1,333,932"
"17-Mar-2025","1,820.00","1,880.90","1,797.15","1,871.60","6,994,838"
"18-Mar-2025","1,900.00","1,907.85","1,833.25","1,844.65","4,342,446"
"19-Mar-2025","1,855.00","1,864.40","1,840.00","1,842.25","2,411,880"
"20-Mar-2025","1,842.25","1,855.00","1,814.10","1,851.85","2,306,910"
"21-Mar-2025","1,878.00","1,880.00","1,825.00","1,847.25","3,537,391"
"24-Mar-2025","1,855.35","1,898.70","1,845.50","1,894.15","1,864,839"
"25-Mar-2025","1,905.00","1,954.40","1,894.90","1,945.05","3,512,725"
"26-Mar-2025","1,951.00","1,978.00","1,935.00","1,943.40","2,779,682"
"27-Mar-2025","1,940.00","2,011.50","1,932.60","2,005.75","4,506,778"
"28-Mar-2025","1,995.75","2,022.00","1,994.20","2,007.35","1,907,116"
"01-Apr-2025","1,998.00","2,002.00","1,932.50","1,937.10","2,125,921"
"02-Apr-2025","1,946.30","1,963.50","1,920.95","1,930.95","1,057,344"
"03-Apr-2025","1,915.00","1,950.00","1,904.95","1,920.45","1,598,430"
"04-Apr-2025","1,912.00","1,929.95","1,897.00","1,912.30","2,120,708"
"07-Apr-2025","1,835.00","1,894.00","1,823.50","1,852.65","2,594,074"
"08-Apr-2025","1,890.00","1,934.00","1,873.70","1,903.20","3,182,018"
"09-Apr-2025","1,899.00","1,918.30","1,878.00","1,895.70","1,394,829"
"11-Apr-2025","1,909.45","1,966.00","1,906.55","1,946.30","1,880,510"
"15-Apr-2025","1,984.00","1,984.00","1,960.80","1,968.00","1,250,872"
"16-Apr-2025","1,961.00","1,975.70","1,949.60","1,969.20","1,033,717"
"17-Apr-2025","1,961.50","2,039.70","1,955.00","2,035.30","2,104,540"
"21-Apr-2025","2,037.10","2,118.70","2,035.70","2,103.50","2,642,028"
"22-Apr-2025","2,104.00","2,110.00","2,070.00","2,077.00","1,447,675"
"23-Apr-2025","2,094.00","2,117.80","2,057.40","2,100.80","1,483,177"
"24-Apr-2025","2,121.80","2,135.00","2,085.40","2,105.00","1,465,968"
"25-Apr-2025","2,105.00","2,125.00","2,023.10","2,045.50","1,960,343"
"28-Apr-2025","2,040.00","2,094.80","2,040.00","2,049.70","6,311,008"
"29-Apr-2025","2,061.00","2,082.00","2,028.80","2,066.90","2,119,823"
"30-Apr-2025","2,018.20","2,020.00","1,926.50","1,951.60","4,684,518"
"02-May-2025","1,955.00","1,986.60","1,917.20","1,958.00","2,236,491"
"05-May-2025","1,964.90","2,036.60","1,959.10","2,026.20","2,072,898"
"06-May-2025","2,028.90","2,045.00","2,008.10","2,035.80","1,698,230"
"07-May-2025","2,011.30","2,045.50","2,009.70","2,030.30","1,078,158"
"08-May-2025","2,032.00","2,050.00","1,992.90","2,006.00","1,697,652"
"09-May-2025","1,970.00","1,999.00","1,963.00","1,970.00","1,207,361"
"12-May-2025","2,024.90","2,057.60","2,011.80","2,050.40","1,057,561"
"13-May-2025","2,046.90","2,061.40","2,010.60","2,018.20","2,217,985"
"14-May-2025","2,028.90","2,042.00","2,010.00","2,020.40","1,670,853"
"15-May-2025","2,015.10","2,050.40","1,996.70","2,041.90","2,640,223"
"16-May-2025","2,054.00","2,071.00","2,022.00","2,033.60","1,568,556"
"19-May-2025","2,038.90","2,053.00","2,035.00","2,038.30","1,379,603"
"20-May-2025","2,047.00","2,047.00","1,995.00","2,005.10","2,170,575"
"21-May-2025","2,011.50","2,047.00","1,998.20","2,037.30","1,291,354"
"22-May-2025","2,037.30","2,041.80","1,992.00","2,001.00","1,178,160"
"23-May-2025","2,005.90","2,048.70","2,003.20","2,036.50","1,085,026"
"26-May-2025","2,044.00","2,070.00","2,040.20","2,052.60","714,431"
"27-May-2025","2,050.00","2,058.00","2,014.50","2,029.90","1,175,928"
"28-May-2025","2,044.90","2,044.90","2,018.00","2,022.40","415,312"
"29-May-2025","2,031.40","2,032.90","2,000.10","2,010.90","874,950"
"30-May-2025","2,010.90","2,031.70","2,010.90","2,017.40","2,144,136"
"02-Jun-2025","2,017.40","2,035.70","1,995.10","2,029.00","1,339,043"
"03-Jun-2025","2,039.10","2,044.80","1,980.00","1,991.90","1,522,876"
"04-Jun-2025","2,000.00","2,007.80","1,944.10","1,956.10","1,169,875"
"05-Jun-2025","1,961.00","1,965.90","1,929.10","1,944.00","1,808,602"
"06-Jun-2025","1,968.00","2,018.70","1,921.00","1,990.00","6,970,191"
"09-Jun-2025","2,001.00","2,057.70","1,991.00","2,017.40","4,221,378"
"10-Jun-2025","2,022.10","2,028.30","1,988.10","1,998.10","3,306,765"
"11-Jun-2025","2,004.00","2,029.00","1,982.90","2,012.90","2,245,988"
"12-Jun-2025","2,016.00","2,059.70","2,012.20","2,028.80","3,783,347"
"13-Jun-2025","2,000.00","2,016.90","1,980.00","2,011.00","1,418,715"
"16-Jun-2025","2,005.00","2,040.00","1,998.00","2,028.20","1,645,983"
"17-Jun-2025","2,030.00","2,033.90","1,996.20","2,003.30","1,220,096"
"18-Jun-2025","2,002.00","2,018.00","1,975.80","1,981.40","1,401,356"
"19-Jun-2025","1,982.00","1,996.20","1,957.40","1,967.60","745,887"
"20-Jun-2025","1,974.80","1,998.90","1,965.00","1,986.20","1,931,248"
"23-Jun-2025","1,976.30","2,008.40","1,950.70","1,997.60","1,125,629"
"24-Jun-2025","2,019.00","2,032.40","1,999.20","2,009.20","1,717,823"
"25-Jun-2025","2,028.00","2,028.00","2,004.00","2,011.80","998,245"
"26-Jun-2025","2,018.00","2,058.00","2,011.80","2,053.60","1,828,277"
"27-Jun-2025","2,060.00","2,065.00","2,005.00","2,044.00","6,315,182"
"30-Jun-2025","2,040.00","2,064.00","2,028.00","2,056.00","1,363,779"
"01-Jul-2025","2,055.10","2,068.50","2,042.60","2,053.80","1,002,015"
"02-Jul-2025","2,054.00","2,057.50","1,996.60","2,007.90","1,204,931"
"03-Jul-2025","2,008.00","2,014.40","1,977.60","1,980.70","1,133,593"
"04-Jul-2025","1,993.00","2,032.90","1,985.00","1,994.40","1,509,178"
"07-Jul-2025","1,996.80","2,016.90","1,993.00","2,006.40","861,699"
"08-Jul-2025","2,000.00","2,020.60","1,998.70","2,018.30","986,803"
"09-Jul-2025","2,013.00","2,037.60","2,012.00","2,026.40","1,161,769"
"10-Jul-2025","2,034.00","2,049.00","2,021.80","2,039.40","1,230,564"
"11-Jul-2025","2,037.00","2,040.70","2,000.20","2,017.20","1,145,529"
"14-Jul-2025","2,010.00","2,015.00","1,989.00","2,003.60","605,261"
"15-Jul-2025","2,010.00","2,046.00","2,004.10","2,036.50","888,117"
"16-Jul-2025","2,040.10","2,043.70","2,018.10","2,036.00","633,132"
"17-Jul-2025","2,037.60","2,047.50","2,020.30","2,026.50","458,912"
"18-Jul-2025","2,029.90","2,038.90","2,007.30","2,029.60","995,783"
"21-Jul-2025","2,026.90","2,056.00","2,017.60","2,053.90","999,643"
"22-Jul-2025","2,047.90","2,049.00","2,015.20","2,039.60","1,214,275"
"23-Jul-2025","2,047.70","2,063.20","2,033.70","2,060.50","878,101"
"24-Jul-2025","2,060.50","2,060.60","2,025.00","2,032.30","658,995"
"25-Jul-2025","1,999.00","2,000.00","1,932.90","1,985.80","4,102,292"
"28-Jul-2025","1,990.00","2,023.00","1,971.10","1,977.80","1,469,727"
"29-Jul-2025","1,977.80","1,984.50","1,943.80","1,972.60","847,965"
"30-Jul-2025","1,972.70","1,989.10","1,945.10","1,959.80","932,988"
"31-Jul-2025","1,953.10","1,968.30","1,941.10","1,948.00","985,553"
"01-Aug-2025","1,945.00","1,977.90","1,911.20","1,916.30","836,974"
"04-Aug-2025","1,923.00","1,944.40","1,923.00","1,933.60","982,532"
"05-Aug-2025","1,930.10","1,942.70","1,916.00","1,939.40","1,101,680"
"06-Aug-2025","1,939.40","1,946.70","1,912.20","1,924.00","875,588"
"07-Aug-2025","1,919.70","1,932.90","1,890.60","1,914.00","905,353"
"08-Aug-2025","1,915.00","1,929.70","1,906.40","1,919.20","507,893"
"11-Aug-2025","1,918.00","1,939.80","1,903.10","1,922.80","1,489,228"
"12-Aug-2025","1,925.00","1,934.30","1,904.00","1,908.00","899,579"
"13-Aug-2025","1,914.00","1,920.00","1,892.90","1,914.40","710,014"
"14-Aug-2025","1,914.40","1,939.10","1,912.50","1,925.10","765,742"
"18-Aug-2025","1,950.00","2,017.00","1,950.00","1,993.50","1,473,915"
"19-Aug-2025","1,994.00","1,997.60","1,964.80","1,972.20","1,389,770"
"20-Aug-2025","1,972.80","1,976.50","1,949.20","1,958.50","1,461,680"
"21-Aug-2025","1,984.00","1,998.00","1,974.50","1,980.00","2,346,236"
"22-Aug-2025","1,975.00","1,977.30","1,963.50","1,965.90","709,444"
"25-Aug-2025","1,959.10","1,967.80","1,953.00","1,963.80","869,509"
"26-Aug-2025","1,960.00","1,963.40","1,917.60","1,924.20","1,179,819"
"28-Aug-2025","1,920.00","1,939.70","1,910.60","1,917.60","985,012"
"29-Aug-2025","1,923.10","1,931.10","1,910.00","1,913.50","735,268"
"01-Sep-2025","1,918.90","1,946.00","1,913.00","1,943.50","590,079"
"02-Sep-2025","1,945.00","1,958.70","1,938.60","1,955.90","907,972"
"03-Sep-2025","1,950.00","1,972.00","1,950.00","1,966.10","934,230"
"04-Sep-2025","1,985.00","2,033.80","1,971.00","2,002.20","2,459,026"
"05-Sep-2025","2,013.90","2,023.80","2,002.10","2,014.40","1,077,230"
"08-Sep-2025","2,014.40","2,026.40","2,006.10","2,008.40","338,055"
"09-Sep-2025","2,012.00","2,039.00","2,012.00","2,025.30","1,240,640"
"10-Sep-2025","2,035.10","2,047.00","2,026.60","2,038.20","927,634"
"11-Sep-2025","2,038.00","2,048.80","2,028.40","2,037.80","720,797"
"12-Sep-2025","2,036.10","2,089.00","2,034.30","2,081.50","1,546,838"
"15-Sep-2025","2,078.00","2,097.00","2,068.00","2,080.00","1,014,957"
"16-Sep-2025","2,085.00","2,104.90","2,077.60","2,080.30","928,203"
"17-Sep-2025","2,088.00","2,090.00","2,054.90","2,057.00","1,199,866"
"18-Sep-2025","2,066.00","2,075.00","2,045.00","2,069.20","904,666"
"19-Sep-2025","2,069.00","2,077.20","2,053.70","2,067.30","1,973,991"
"22-Sep-2025","2,067.30","2,082.00","2,062.30","2,069.50","633,360"
"23-Sep-2025","2,068.00","2,092.00","2,068.00","2,084.40","1,177,350"
"24-Sep-2025","2,084.10","2,088.80","2,062.90","2,069.20","602,541"
"25-Sep-2025","2,069.20","2,074.00","2,032.40","2,035.60","952,122"
"26-Sep-2025","2,040.00","2,047.50","1,996.10","2,003.20","754,739"
"29-Sep-2025","2,007.90","2,031.00","1,994.90","2,024.70","2,005,041"
"30-Sep-2025","2,025.00","2,036.40","2,001.00","2,006.40","924,425"
"01-Oct-2025","2,008.90","2,014.00","1,979.50","2,007.00","683,568"
"03-Oct-2025","2,016.50","2,017.00","1,968.00","2,000.90","789,048"
"06-Oct-2025","1,996.10","2,042.20","1,995.10","2,033.20","821,515"
"07-Oct-2025","2,038.70","2,056.40","2,029.00","2,032.60","641,471"
"08-Oct-2025","2,031.50","2,038.20","2,005.00","2,013.60","369,526"
"09-Oct-2025","2,013.60","2,025.90","2,005.00","2,014.60","437,357"
"10-Oct-2025","2,014.60","2,026.00","2,001.20","2,004.30","772,401"
"13-Oct-2025","2,004.10","2,025.00","1,996.60","2,020.40","1,013,809"
"14-Oct-2025","2,024.90","2,036.80","2,006.60","2,019.40","668,246"
"15-Oct-2025","2,024.50","2,088.80","2,020.10","2,084.10","1,497,249"
"16-Oct-2025","2,078.50","2,100.00","2,078.00","2,090.20","1,424,932"
"17-Oct-2025","2,090.00","2,104.00","2,077.00","2,083.70","609,393"
"20-Oct-2025","2,088.00","2,149.50","2,088.00","2,139.80","1,844,869"
"21-Oct-2025","2,150.00","2,184.00","2,134.00","2,169.10","367,784"
"23-Oct-2025","2,170.00","2,195.00","2,159.10","2,176.60","1,291,839"
"24-Oct-2025","2,176.60","2,184.00","2,144.60","2,159.50","517,200"
"27-Oct-2025","2,159.50","2,178.50","2,149.90","2,170.20","433,573"
"28-Oct-2025","2,172.00","2,188.70","2,123.10","2,140.20","1,200,996"
"29-Oct-2025","2,150.00","2,150.00","2,124.20","2,137.00","343,434"
"30-Oct-2025","2,140.00","2,146.00","2,101.30","2,114.60","488,305"
"31-Oct-2025","2,115.00","2,128.90","2,085.40","2,088.30","586,237"
"03-Nov-2025","2,086.00","2,100.00","2,070.00","2,081.60","546,962"
"04-Nov-2025","2,087.00","2,098.80","2,061.50","2,073.20","610,128"
"06-Nov-2025","2,079.00","2,080.40","2,057.20","2,063.20","1,175,380"
"07-Nov-2025","2,060.00","2,112.00","2,042.80","2,102.10","839,091"
"10-Nov-2025","2,114.70","2,126.80","2,096.30","2,118.30","985,115"
"11-Nov-2025","2,085.00","2,099.00","1,952.40","1,989.40","4,943,745"
"12-Nov-2025","2,009.50","2,039.00","1,995.00","2,035.50","2,396,251"
"13-Nov-2025","2,045.00","2,072.40","2,032.30","2,056.20","1,839,900"
"14-Nov-2025","2,050.00","2,072.00","2,044.20","2,065.80","1,433,249"
"17-Nov-2025","2,065.80","2,081.10","2,055.00","2,079.60","817,576"
"18-Nov-2025","2,073.00","2,075.50","2,047.00","2,050.20","734,236"
"19-Nov-2025","2,059.40","2,059.40","2,035.00","2,050.20","704,802"
"20-Nov-2025","2,064.70","2,105.00","2,042.90","2,095.60","1,576,354"
"21-Nov-2025","2,100.00","2,100.00","2,045.10","2,052.40","1,019,782"
"24-Nov-2025","2,064.00","2,064.00","2,025.80","2,030.80","1,422,874"
"25-Nov-2025","2,039.00","2,051.50","2,026.40","2,030.20","688,300"
"26-Nov-2025","2,035.00","2,088.50","2,030.90","2,085.10","928,388"
"27-Nov-2025","2,085.10","2,118.00","2,075.60","2,103.20","1,125,896"
"28-Nov-2025","2,110.00","2,113.00","2,086.50","2,094.00","590,610"
"01-Dec-2025","2,102.50","2,105.90","2,075.00","2,081.80","533,604"
"02-Dec-2025","2,070.10","2,081.50","2,059.50","2,065.90","682,583"
"03-Dec-2025","2,065.90","2,072.40","2,035.00","2,046.00","785,536"
"04-Dec-2025","2,046.00","2,061.90","2,034.00","2,049.20","758,590"
"05-Dec-2025","2,050.00","2,110.00","2,045.80","2,096.50","1,742,156"
"08-Dec-2025","2,100.00","2,104.90","2,038.50","2,059.20","904,146"
"09-Dec-2025","2,050.00","2,081.80","2,039.00","2,069.50","1,176,704"
"10-Dec-2025","2,070.00","2,098.20","2,060.00","2,065.80","937,777"
"11-Dec-2025","2,080.00","2,082.70","2,050.00","2,065.80","624,077"
"12-Dec-2025","2,075.80","2,093.00","2,069.20","2,083.10","554,885"
"15-Dec-2025","2,079.90","2,080.80","2,061.00","2,070.50","483,403"
"16-Dec-2025","2,066.10","2,067.80","2,029.00","2,035.20","506,106"
"17-Dec-2025","2,035.20","2,044.00","2,011.60","2,021.20","398,342"
"18-Dec-2025","2,020.00","2,038.00","2,012.60","2,026.30","438,810"
"19-Dec-2025","2,019.00","2,055.00","2,017.90","2,043.80","1,104,767"
"22-Dec-2025","2,044.10","2,053.90","2,037.20","2,049.80","1,038,998"
"23-Dec-2025","2,049.00","2,057.50","2,042.00","2,047.60","677,615"
"24-Dec-2025","2,048.50","2,064.50","2,024.30","2,035.70","1,344,198"
"26-Dec-2025","2,035.70","2,035.70","2,005.40","2,017.60","1,755,050"
"29-Dec-2025","2,020.00","2,026.40","1,997.20","2,012.10","1,415,166"
"30-Dec-2025","2,012.00","2,047.80","1,980.40","2,026.40","5,450,560"
"31-Dec-2025","2,030.20","2,046.30","2,010.40","2,039.90","1,377,422"
"26-Feb-2026","2,057.00","2,063.80","2,028.00","2,042.00","1,939,716"
"27-Feb-2026","2,022.70","2,039.60","1,986.60","1,994.60","2,456,060"
