"Date","Open","High","Low","Close","Volume"
"01-Jan-2019","2,645.00","2,664.00","2,612.10","2,656.85","917,872"
"02-Jan-2019","2,635.10","2,662.00","2,601.90","2,614.05","1,304,915"
"03-Jan-2019","2,612.00","2,648.00","2,575.30","2,586.20","1,282,478"
"04-Jan-2019","2,601.00","2,611.90","2,563.65","2,576.05","1,051,021"
"07-Jan-2019","2,601.00","2,605.00","2,545.35","2,553.60","1,024,328"
"08-Jan-2019","2,560.00","2,582.00","2,525.05","2,537.05","1,233,379"
"09-Jan-2019","2,546.00","2,559.80","2,510.00","2,524.35","1,093,992"
"10-Jan-2019","2,526.00","2,542.45","2,504.70","2,514.65","910,839"
"11-Jan-2019","2,516.00","2,530.00","2,488.00","2,514.20","818,218"
"14-Jan-2019","2,515.95","2,552.90","2,484.15","2,544.80","1,021,504"
"15-Jan-2019","2,551.00","2,613.00","2,551.00","2,604.20","1,466,303"
"16-Jan-2019","2,598.40","2,612.15","2,562.80","2,569.85","952,597"
"17-Jan-2019","2,574.00","2,586.55","2,527.05","2,535.90","994,183"
"18-Jan-2019","2,545.00","2,555.00","2,525.10","2,542.90","753,775"
"21-Jan-2019","2,548.00","2,606.00","2,526.60","2,594.20","1,332,159"
"22-Jan-2019","2,585.00","2,635.00","2,575.00","2,621.90","1,474,713"
"23-Jan-2019","2,619.00","2,653.00","2,611.00","2,634.35","992,504"
"24-Jan-2019","2,639.00","2,653.50","2,603.10","2,635.65","753,856"
"25-Jan-2019","2,649.00","2,661.00","2,585.00","2,599.55","916,927"
"28-Jan-2019","2,610.00","2,610.00","2,355.00","2,458.50","2,364,047"
"29-Jan-2019","2,468.00","2,570.10","2,371.65","2,515.55","6,118,833"
"30-Jan-2019","2,580.00","2,623.70","2,546.00","2,595.50","3,879,707"
"31-Jan-2019","2,608.00","2,608.00","2,526.00","2,574.85","2,083,418"
"01-Jan-2020","4,237.80","4,252.00","4,221.00","4,231.30","407,042"
"02-Jan-2020","4,240.00","4,295.75","4,235.00","4,246.05","863,844"
"03-Jan-2020","4,220.00","4,234.80","4,173.00","4,193.45","1,176,850"
"06-Jan-2020","4,164.00","4,204.00","3,983.80","3,996.70","2,866,735"
"07-Jan-2020","4,055.00","4,092.00","3,996.20","4,007.65","2,149,042"
"08-Jan-2020","3,950.00","4,060.35","3,950.00","4,049.95","1,630,576"
"09-Jan-2020","4,105.90","4,148.00","4,080.00","4,124.20","1,419,388"
"10-Jan-2020","4,130.10","4,185.90","4,118.00","4,144.85","1,106,624"
"13-Jan-2020","4,168.00","4,182.25","4,146.00","4,164.50","645,152"
"14-Jan-2020","4,170.00","4,202.40","4,150.45","4,193.00","703,434"
"15-Jan-2020","4,189.95","4,220.00","4,170.05","4,207.25","616,976"
"16-Jan-2020","4,190.00","4,229.95","4,188.00","4,220.25","578,728"
"17-Jan-2020","4,217.00","4,242.00","4,202.00","4,231.75","671,129"
"20-Jan-2020","4,229.00","4,252.95","4,125.15","4,152.60","848,639"
"21-Jan-2020","4,149.95","4,186.10","4,117.05","4,138.60","897,922"
"22-Jan-2020","4,186.00","4,186.50","4,123.35","4,142.20","797,901"
"23-Jan-2020","4,123.00","4,163.85","4,085.00","4,125.80","1,154,522"
"24-Jan-2020","4,120.00","4,205.65","4,111.00","4,194.50","864,892"
"27-Jan-2020","4,174.00","4,208.00","4,154.00","4,164.35","782,155"
"28-Jan-2020","4,150.15","4,249.00","4,150.15","4,213.00","1,052,764"
"29-Jan-2020","4,244.90","4,444.00","4,215.10","4,419.00","4,581,413"
"30-Jan-2020","4,464.00","4,485.00","4,344.85","4,364.30","3,577,774"
"31-Jan-2020","4,370.00","4,420.10","4,333.80","4,365.90","1,736,927"
"01-Feb-2020","4,350.00","4,447.50","4,203.30","4,276.05","2,152,563"
"03-Feb-2020","4,250.20","4,376.90","4,250.20","4,359.35","1,094,181"
"04-Feb-2020","4,387.95","4,550.00","4,377.15","4,519.25","1,958,323"
"05-Feb-2020","4,515.00","4,539.95","4,477.65","4,528.20","1,285,631"
"06-Feb-2020","4,528.20","4,677.85","4,525.00","4,666.35","1,846,477"
"07-Feb-2020","4,663.95","4,686.90","4,626.10","4,654.30","950,326"
"10-Feb-2020","4,660.00","4,734.00","4,640.00","4,721.75","1,160,879"
"11-Feb-2020","4,737.00","4,785.00","4,736.00","4,749.35","1,167,429"
"12-Feb-2020","4,770.00","4,782.20","4,722.00","4,768.70","882,964"
"13-Feb-2020","4,766.00","4,800.60","4,735.00","4,795.35","681,039"
"14-Feb-2020","4,800.00","4,815.00","4,768.00","4,781.75","731,118"
"17-Feb-2020","4,781.75","4,798.00","4,750.05","4,776.65","716,484"
"18-Feb-2020","4,769.40","4,771.95","4,701.60","4,758.00","728,611"
"19-Feb-2020","4,785.00","4,887.00","4,780.10","4,878.05","1,172,049"
"20-Feb-2020","4,867.90","4,923.40","4,853.75","4,880.45","1,634,643"
"24-Feb-2020","4,840.00","4,876.00","4,751.20","4,803.95","1,263,389"
"25-Feb-2020","4,849.90","4,849.90","4,784.00","4,825.95","959,309"
"26-Feb-2020","4,815.00","4,837.75","4,767.25","4,810.00","851,346"
"27-Feb-2020","4,815.00","4,815.00","4,712.10","4,759.80","1,174,870"
"28-Feb-2020","4,640.00","4,640.00","4,311.75","4,465.85","4,941,410"
"02-Mar-2020","4,600.00","4,617.95","4,305.65","4,360.75","2,238,216"
"03-Mar-2020","4,400.00","4,474.95","4,320.05","4,454.10","2,023,503"
"04-Mar-2020","4,466.00","4,496.80","4,225.00","4,286.40","2,472,991"
"05-Mar-2020","4,310.00","4,367.55","4,273.15","4,330.70","1,833,295"
"06-Mar-2020","4,125.00","4,238.00","4,036.50","4,225.85","3,312,238"
"09-Mar-2020","4,070.00","4,127.50","3,945.15","4,026.80","3,545,633"
"11-Mar-2020","4,014.00","4,118.90","3,985.00","4,030.65","2,793,788"
"12-Mar-2020","3,860.00","3,869.95","3,628.10","3,734.35","5,272,622"
"13-Mar-2020","3,440.00","4,043.50","3,281.05","3,952.55","4,849,922"
"16-Mar-2020","3,833.45","3,833.45","3,600.00","3,672.25","3,140,526"
"17-Mar-2020","3,702.10","3,734.70","3,402.00","3,444.85","2,558,616"
"18-Mar-2020","3,490.00","3,530.00","3,018.90","3,061.35","5,443,764"
"19-Mar-2020","2,800.00","3,053.05","2,484.70","2,746.10","8,324,859"
"20-Mar-2020","2,799.85","3,044.00","2,621.65","2,951.90","6,110,309"
"23-Mar-2020","2,656.75","2,700.00","2,225.00","2,266.15","4,844,366"
"24-Mar-2020","2,472.00","2,568.65","2,104.65","2,474.20","6,257,226"
"25-Mar-2020","2,450.00","2,700.00","2,400.00","2,585.60","6,226,366"
"26-Mar-2020","2,637.30","2,936.50","2,565.05","2,793.70","5,096,124"
"27-Mar-2020","2,955.00","3,040.00","2,500.00","2,542.30","7,170,719"
"30-Mar-2020","2,390.05","2,414.40","2,226.00","2,242.10","7,698,376"
"31-Mar-2020","2,305.10","2,340.00","2,100.00","2,215.80","11,043,174"
"01-Apr-2020","2,180.00","2,286.90","2,132.65","2,219.35","6,408,401"
"03-Apr-2020","2,268.80","2,343.70","2,183.05","2,207.50","6,172,683"
"07-Apr-2020","2,245.00","2,286.00","2,081.50","2,253.35","11,163,774"
"08-Apr-2020","2,184.00","2,374.00","2,144.15","2,332.90","9,109,346"
"09-Apr-2020","2,391.00","2,566.15","2,367.10","2,551.85","7,193,807"
"13-Apr-2020","2,520.00","2,520.00","2,265.95","2,287.30","8,183,271"
"15-Apr-2020","2,345.00","2,368.00","2,168.40","2,182.45","9,333,672"
"16-Apr-2020","2,145.00","2,250.00","2,122.00","2,220.00","7,246,740"
"17-Apr-2020","2,355.00","2,375.90","2,235.20","2,308.15","10,191,558"
"20-Apr-2020","2,325.00","2,345.50","2,265.00","2,308.25","5,403,325"
"21-Apr-2020","2,210.00","2,210.00","2,085.00","2,099.75","7,384,077"
"22-Apr-2020","2,059.95","2,170.00","2,022.35","2,148.25","9,062,724"
"23-Apr-2020","2,160.00","2,219.10","2,112.00","2,172.45","7,144,627"
"24-Apr-2020","2,113.50","2,113.50","1,970.05","1,976.25","10,494,521"
"27-Apr-2020","2,000.00","2,085.00","1,915.65","2,044.05","14,495,302"
"28-Apr-2020","2,081.00","2,244.10","2,035.00","2,228.10","14,756,379"
"29-Apr-2020","2,200.05","2,375.00","2,200.05","2,296.45","15,060,598"
"30-Apr-2020","2,365.05","2,418.95","2,291.15","2,318.10","8,884,225"
"04-May-2020","2,200.00","2,202.20","2,028.55","2,079.65","7,312,754"
"05-May-2020","2,130.00","2,135.00","1,997.00","2,002.35","11,521,295"
"06-May-2020","2,010.00","2,131.90","1,952.35","2,106.25","13,149,700"
"07-May-2020","2,098.95","2,169.85","2,048.35","2,060.55","7,770,204"
"08-May-2020","2,130.00","2,130.00","2,015.00","2,024.15","6,966,405"
"11-May-2020","2,070.00","2,092.70","1,995.30","2,015.05","7,655,033"
"12-May-2020","1,989.70","2,080.00","1,977.10","2,069.70","10,336,528"
"13-May-2020","2,220.00","2,239.95","2,145.00","2,161.05","9,441,305"
"14-May-2020","2,159.00","2,258.95","2,096.80","2,112.00","14,307,614"
"15-May-2020","2,119.95","2,136.60","2,056.00","2,086.45","8,026,847"
"18-May-2020","2,090.00","2,093.45","1,926.00","1,938.60","10,820,656"
"19-May-2020","1,960.00","2,003.55","1,922.20","1,964.95","9,413,722"
"20-May-2020","1,970.00","2,060.00","1,935.00","2,042.80","16,318,576"
"21-May-2020","2,059.00","2,077.55","1,974.50","1,990.20","9,880,430"
"22-May-2020","1,975.00","2,007.00","1,865.25","1,895.30","16,195,152"
"26-May-2020","1,918.00","1,933.75","1,821.55","1,829.00","9,869,545"
"27-May-2020","1,830.00","1,946.00","1,783.00","1,936.45","17,335,783"
"28-May-2020","1,954.00","1,983.00","1,927.00","1,947.70","9,051,786"
"29-May-2020","1,914.00","1,980.00","1,891.00","1,953.65","10,362,057"
"01-Jun-2020","1,997.05","2,226.40","1,997.05","2,160.85","18,916,613"
"02-Jun-2020","2,165.25","2,375.00","2,160.85","2,346.20","23,442,768"
"03-Jun-2020","2,417.00","2,496.85","2,398.00","2,411.90","18,705,500"
"04-Jun-2020","2,414.00","2,453.65","2,276.80","2,313.05","16,315,382"
"05-Jun-2020","2,344.00","2,409.00","2,275.00","2,390.35","15,850,081"
"08-Jun-2020","2,505.00","2,547.70","2,475.55","2,507.25","14,992,618"
"09-Jun-2020","2,535.00","2,535.00","2,415.30","2,443.60","12,373,212"
"10-Jun-2020","2,440.00","2,470.00","2,401.00","2,435.65","8,961,543"
"11-Jun-2020","2,410.00","2,459.00","2,320.10","2,338.90","10,042,834"
"12-Jun-2020","2,200.00","2,470.00","2,199.00","2,450.15","16,802,757"
"15-Jun-2020","2,420.00","2,429.95","2,331.00","2,351.40","12,070,372"
"16-Jun-2020","2,452.00","2,455.40","2,285.00","2,365.00","12,914,388"
"17-Jun-2020","2,347.00","2,425.00","2,332.05","2,396.00","9,650,300"
"18-Jun-2020","2,375.00","2,541.70","2,373.00","2,525.95","12,738,830"
"19-Jun-2020","2,562.00","2,714.55","2,560.00","2,698.60","18,604,004"
"22-Jun-2020","2,740.00","2,863.60","2,728.00","2,840.30","13,939,367"
"23-Jun-2020","2,899.95","3,109.25","2,833.00","3,025.50","16,187,020"
"24-Jun-2020","3,125.00","3,125.00","2,911.00","2,934.45","20,110,277"
"25-Jun-2020","2,878.05","3,046.00","2,851.00","3,005.35","15,982,155"
"26-Jun-2020","3,042.50","3,058.80","2,872.05","2,903.50","12,573,521"
"29-Jun-2020","2,834.00","2,894.45","2,770.00","2,857.95","11,614,003"
"30-Jun-2020","2,910.00","2,936.65","2,816.00","2,831.00","9,703,086"
"01-Jul-2020","2,831.00","2,968.70","2,806.00","2,953.90","12,705,275"
"02-Jul-2020","2,980.00","3,016.00","2,925.00","2,964.25","11,619,767"
"03-Jul-2020","2,980.00","2,989.45","2,921.00","2,931.50","8,543,799"
"06-Jul-2020","2,970.00","3,134.65","2,955.00","3,108.80","11,437,602"
"07-Jul-2020","3,150.00","3,419.65","3,125.30","3,351.95","22,876,465"
"08-Jul-2020","3,351.95","3,408.80","3,180.10","3,208.05","19,126,508"
"09-Jul-2020","3,235.00","3,379.90","3,195.10","3,330.00","18,758,148"
"10-Jul-2020","3,275.00","3,395.00","3,272.05","3,314.15","16,150,425"
"13-Jul-2020","3,360.00","3,378.00","3,216.20","3,234.60","13,136,482"
"14-Jul-2020","3,219.80","3,219.80","3,122.35","3,190.95","12,404,466"
"15-Jul-2020","3,230.00","3,297.70","3,122.25","3,149.25","10,980,342"
"16-Jul-2020","3,180.00","3,215.00","3,102.30","3,204.80","9,999,964"
"17-Jul-2020","3,210.00","3,323.00","3,205.00","3,301.30","8,425,645"
"20-Jul-2020","3,344.95","3,453.95","3,316.50","3,441.50","10,556,334"
"21-Jul-2020","3,500.00","3,519.50","3,218.65","3,292.45","25,960,105"
"22-Jul-2020","3,320.00","3,340.00","3,193.60","3,253.00","17,070,171"
"23-Jul-2020","3,253.00","3,320.00","3,216.05","3,297.80","8,718,708"
"24-Jul-2020","3,245.00","3,290.00","3,220.00","3,251.85","6,637,888"
"27-Jul-2020","3,263.00","3,280.00","3,152.20","3,171.15","7,089,907"
"28-Jul-2020","3,175.00","3,260.00","3,161.20","3,239.60","8,211,858"
"29-Jul-2020","3,245.00","3,329.00","3,239.60","3,284.25","8,070,284"
"30-Jul-2020","3,295.40","3,324.00","3,205.05","3,218.30","6,508,389"
"31-Jul-2020","3,236.00","3,273.00","3,181.25","3,251.30","7,235,401"
"03-Aug-2020","3,244.00","3,244.00","3,169.00","3,174.50","4,464,171"
"04-Aug-2020","3,202.00","3,260.00","3,142.85","3,235.60","6,679,173"
"05-Aug-2020","3,256.00","3,330.00","3,247.95","3,262.15","6,985,383"
"06-Aug-2020","3,292.00","3,378.80","3,255.00","3,345.20","8,172,921"
"07-Aug-2020","3,333.00","3,481.45","3,310.00","3,464.30","10,151,345"
"10-Aug-2020","3,494.00","3,556.85","3,413.20","3,442.95","7,129,352"
"11-Aug-2020","3,462.30","3,494.55","3,404.70","3,457.40","5,571,895"
"12-Aug-2020","3,425.00","3,450.00","3,362.00","3,418.25","5,662,542"
"13-Aug-2020","3,450.00","3,472.00","3,401.00","3,419.65","4,663,383"
"14-Aug-2020","3,425.00","3,448.80","3,306.20","3,331.10","5,532,004"
"17-Aug-2020","3,350.00","3,399.50","3,312.40","3,384.80","4,670,621"
"18-Aug-2020","3,399.00","3,437.95","3,366.60","3,419.90","4,706,306"
"19-Aug-2020","3,447.00","3,465.00","3,401.00","3,409.95","4,199,099"
"20-Aug-2020","3,378.00","3,414.50","3,353.05","3,393.80","3,677,466"
"21-Aug-2020","3,430.00","3,440.00","3,380.00","3,389.30","2,627,381"
"24-Aug-2020","3,403.00","3,515.00","3,401.05","3,492.05","6,205,576"
"25-Aug-2020","3,525.00","3,660.00","3,510.00","3,642.90","9,854,070"
"26-Aug-2020","3,665.00","3,707.00","3,631.00","3,645.55","6,665,336"
"27-Aug-2020","3,656.95","3,668.40","3,596.40","3,632.50","4,611,132"
"28-Aug-2020","3,650.00","3,688.00","3,617.05","3,670.80","4,251,575"
"31-Aug-2020","3,715.00","3,749.85","3,465.00","3,487.80","8,529,788"
"01-Sep-2020","3,517.00","3,674.00","3,500.20","3,643.85","6,065,233"
"02-Sep-2020","3,642.70","3,680.00","3,573.45","3,668.65","4,281,052"
"03-Sep-2020","3,668.00","3,676.75","3,605.00","3,619.70","3,221,369"
"04-Sep-2020","3,541.50","3,649.80","3,520.75","3,596.80","4,914,709"
"07-Sep-2020","3,607.00","3,629.00","3,477.60","3,505.15","4,665,183"
"08-Sep-2020","3,520.00","3,574.90","3,475.00","3,500.00","4,448,718"
"09-Sep-2020","3,477.00","3,493.45","3,392.45","3,422.85","4,563,247"
"10-Sep-2020","3,456.50","3,523.45","3,418.00","3,498.70","4,762,302"
"11-Sep-2020","3,490.00","3,557.70","3,456.70","3,544.40","4,608,384"
"14-Sep-2020","3,557.00","3,575.05","3,420.00","3,440.70","4,531,611"
"15-Sep-2020","3,475.00","3,524.20","3,455.00","3,513.40","3,893,649"
"16-Sep-2020","3,517.95","3,567.40","3,481.65","3,521.50","3,907,721"
"17-Sep-2020","3,488.80","3,517.00","3,456.20","3,471.95","2,781,196"
"18-Sep-2020","3,491.40","3,503.80","3,429.00","3,474.80","3,769,116"
"21-Sep-2020","3,462.80","3,467.00","3,314.25","3,330.15","3,627,585"
"22-Sep-2020","3,329.00","3,353.80","3,217.05","3,303.00","4,224,977"
"23-Sep-2020","3,330.00","3,344.00","3,200.20","3,243.85","4,244,428"
"24-Sep-2020","3,191.00","3,194.75","3,006.90","3,028.90","5,963,849"
"25-Sep-2020","3,080.00","3,167.15","3,028.80","3,138.95","6,232,618"
"28-Sep-2020","3,178.00","3,350.00","3,162.75","3,335.15","5,588,695"
"29-Sep-2020","3,358.00","3,372.00","3,254.50","3,294.75","4,643,491"
"30-Sep-2020","3,293.90","3,343.85","3,260.00","3,278.60","3,603,553"
"01-Oct-2020","3,325.00","3,460.00","3,315.05","3,442.80","5,382,106"
"05-Oct-2020","3,465.00","3,519.00","3,370.25","3,382.90","4,207,264"
"06-Oct-2020","3,439.90","3,480.00","3,391.20","3,474.30","4,758,841"
"07-Oct-2020","3,400.00","3,400.00","3,285.30","3,331.15","6,571,280"
"08-Oct-2020","3,354.00","3,388.00","3,302.00","3,326.45","4,461,846"
"09-Oct-2020","3,324.90","3,418.45","3,305.00","3,317.90","5,684,150"
"12-Oct-2020","3,350.00","3,379.40","3,305.00","3,327.20","3,204,677"
"13-Oct-2020","3,319.95","3,340.00","3,243.65","3,272.60","3,777,675"
"14-Oct-2020","3,268.00","3,382.35","3,232.70","3,372.05","5,304,447"
"15-Oct-2020","3,368.20","3,370.00","3,201.00","3,214.75","5,268,171"
"16-Oct-2020","3,236.35","3,269.45","3,170.10","3,231.35","5,076,251"
"19-Oct-2020","3,255.10","3,294.70","3,196.60","3,267.20","4,206,802"
"20-Oct-2020","3,255.00","3,289.50","3,226.80","3,262.15","3,252,493"
"21-Oct-2020","3,270.00","3,295.00","3,101.35","3,232.85","7,536,460"
"22-Oct-2020","3,160.00","3,345.00","3,150.00","3,314.45","7,085,782"
"23-Oct-2020","3,331.40","3,356.80","3,303.00","3,316.90","3,204,780"
"26-Oct-2020","3,330.00","3,330.00","3,236.65","3,293.90","3,546,292"
"27-Oct-2020","3,326.00","3,465.00","3,278.00","3,453.25","6,020,950"
"28-Oct-2020","3,448.95","3,489.90","3,347.90","3,370.80","4,649,120"
"29-Oct-2020","3,367.80","3,432.00","3,333.75","3,380.05","3,780,452"
"30-Oct-2020","3,364.95","3,391.00","3,252.85","3,309.00","4,287,635"
"02-Nov-2020","3,325.55","3,447.40","3,274.65","3,419.80","4,288,551"
"03-Nov-2020","3,430.00","3,520.00","3,415.85","3,490.80","4,446,045"
"04-Nov-2020","3,469.00","3,569.95","3,462.00","3,561.45","4,371,143"
"05-Nov-2020","3,610.00","3,750.00","3,587.65","3,736.90","6,332,141"
"06-Nov-2020","3,734.10","3,827.30","3,704.10","3,780.75","5,744,050"
"09-Nov-2020","3,810.00","3,878.70","3,786.05","3,865.00","4,149,898"
"10-Nov-2020","3,898.95","4,243.95","3,882.80","4,208.55","11,421,448"
"11-Nov-2020","4,211.00","4,429.55","4,133.95","4,268.80","13,896,654"
"12-Nov-2020","4,260.00","4,325.00","4,200.05","4,298.30","5,590,038"
"13-Nov-2020","4,260.00","4,410.00","4,250.00","4,376.05","6,088,459"
"14-Nov-2020","4,400.00","4,435.00","4,340.00","4,374.80","789,479"
"17-Nov-2020","4,398.70","4,503.95","4,345.00","4,488.00","5,851,523"
"18-Nov-2020","4,475.00","4,678.00","4,464.00","4,653.75","7,513,019"
"19-Nov-2020","4,628.90","4,785.00","4,512.55","4,536.55","8,351,005"
"20-Nov-2020","4,571.95","4,762.15","4,515.25","4,715.85","8,736,410"
"23-Nov-2020","4,769.00","4,869.30","4,733.55","4,811.45","7,325,039"
"24-Nov-2020","4,835.00","4,862.00","4,770.00","4,810.65","4,297,385"
"25-Nov-2020","4,822.00","4,825.00","4,675.00","4,689.75","4,763,321"
"26-Nov-2020","4,655.00","4,854.00","4,640.00","4,821.25","6,273,208"
"27-Nov-2020","4,859.00","4,960.00","4,785.15","4,908.80","12,364,707"
"01-Dec-2020","4,951.20","4,952.40","4,825.25","4,861.10","4,017,427"
"02-Dec-2020","4,864.00","4,884.00","4,785.00","4,823.90","3,654,970"
"03-Dec-2020","4,865.00","4,890.00","4,817.00","4,867.45","2,876,844"
"04-Dec-2020","4,870.00","4,958.00","4,815.00","4,875.35","3,679,378"
"07-Dec-2020","4,870.00","4,924.95","4,815.00","4,829.45","3,115,124"
"08-Dec-2020","4,850.00","4,865.00","4,775.00","4,792.15","2,971,076"
"09-Dec-2020","4,820.00","4,852.85","4,791.20","4,844.15","1,965,992"
"10-Dec-2020","4,850.00","4,860.00","4,785.00","4,794.80","1,925,963"
"11-Dec-2020","4,805.00","4,889.00","4,805.00","4,843.85","2,670,019"
"14-Dec-2020","4,857.50","4,914.70","4,848.00","4,898.65","1,786,348"
"15-Dec-2020","4,889.95","5,150.00","4,868.85","5,122.50","5,936,796"
"16-Dec-2020","5,199.00","5,225.00","5,120.00","5,146.60","3,269,184"
"17-Dec-2020","5,139.85","5,303.15","5,101.60","5,286.70","3,733,152"
"18-Dec-2020","5,250.00","5,284.95","5,165.00","5,252.50","3,255,043"
"21-Dec-2020","5,228.00","5,234.70","4,905.20","5,041.85","3,551,570"
"22-Dec-2020","5,070.00","5,125.00","4,826.35","5,011.40","5,473,521"
"23-Dec-2020","5,000.00","5,166.00","4,970.35","5,088.90","3,431,457"
"24-Dec-2020","5,138.95","5,218.95","5,106.00","5,184.90","2,625,559"
"28-Dec-2020","5,184.90","5,244.80","5,175.00","5,204.10","1,932,606"
"29-Dec-2020","5,225.00","5,247.00","5,167.50","5,200.50","1,969,529"
"30-Dec-2020","5,200.50","5,348.00","5,174.00","5,334.15","3,864,700"
"31-Dec-2020","5,335.00","5,372.50","5,272.00","5,295.20","2,869,212"
"01-Jan-2021","5,310.20","5,338.00","5,250.00","5,280.15","1,447,187"
"04-Jan-2021","5,324.00","5,324.00","5,196.20","5,216.20","2,333,659"
"05-Jan-2021","5,218.00","5,224.20","5,062.50","5,119.00","3,953,400"
"06-Jan-2021","5,130.00","5,168.35","4,990.30","5,030.30","3,607,923"
"07-Jan-2021","5,065.00","5,131.55","5,021.30","5,081.00","3,035,750"
"08-Jan-2021","5,130.00","5,138.75","5,042.00","5,082.00","2,998,451"
"11-Jan-2021","5,108.00","5,110.95","4,958.25","4,984.25","2,924,164"
"12-Jan-2021","4,984.25","5,099.00","4,951.00","5,042.20","3,335,908"
"13-Jan-2021","5,066.00","5,074.00","4,826.25","4,902.90","3,269,373"
"14-Jan-2021","4,902.90","4,966.80","4,834.00","4,877.35","2,680,811"
"15-Jan-2021","4,877.00","4,927.00","4,842.40","4,883.60","2,544,916"
"18-Jan-2021","4,870.00","4,880.00","4,686.00","4,719.85","3,703,413"
"19-Jan-2021","4,765.10","4,994.95","4,752.00","4,959.15","4,767,465"
"20-Jan-2021","4,968.00","5,032.60","4,901.00","4,981.95","3,314,707"
"21-Jan-2021","4,993.00","5,225.00","4,990.00","5,118.30","7,061,809"
"22-Jan-2021","5,135.00","5,137.00","4,945.60","4,972.55","3,084,796"
"25-Jan-2021","5,049.00","5,163.00","4,890.00","4,908.70","3,673,060"
"27-Jan-2021","4,921.30","4,945.60","4,811.00","4,845.00","2,800,493"
"28-Jan-2021","4,779.55","4,909.00","4,723.10","4,810.25","3,477,329"
"29-Jan-2021","4,886.70","4,950.00","4,707.10","4,734.55","4,260,795"
"01-Feb-2021","4,775.00","5,080.00","4,666.50","5,058.60","4,290,745"
"02-Feb-2021","5,100.00","5,337.95","5,094.90","5,173.20","4,347,993"
"03-Feb-2021","5,218.60","5,270.00","5,140.00","5,245.10","2,650,783"
"04-Feb-2021","5,214.00","5,543.00","5,206.05","5,504.85","5,325,888"
"05-Feb-2021","5,526.00","5,627.00","5,470.00","5,538.55","4,437,987"
"08-Feb-2021","5,542.00","5,665.00","5,475.30","5,497.70","2,800,809"
"09-Feb-2021","5,537.50","5,539.00","5,382.60","5,400.30","2,263,904"
"10-Feb-2021","5,434.70","5,502.35","5,395.00","5,475.90","2,638,012"
"11-Feb-2021","5,470.00","5,588.00","5,455.75","5,567.05","2,028,947"
"12-Feb-2021","5,570.00","5,618.00","5,532.05","5,577.45","1,625,268"
"15-Feb-2021","5,605.35","5,799.00","5,600.00","5,779.85","3,168,826"
"16-Feb-2021","5,791.40","5,822.20","5,690.30","5,760.25","2,126,810"
"17-Feb-2021","5,730.00","5,799.00","5,670.00","5,705.15","2,346,395"
"18-Feb-2021","5,699.00","5,714.75","5,522.20","5,563.35","2,317,513"
"19-Feb-2021","5,560.00","5,621.95","5,425.00","5,497.95","2,744,456"
"22-Feb-2021","5,480.00","5,538.70","5,334.75","5,376.85","2,000,563"
"23-Feb-2021","5,420.00","5,504.65","5,350.00","5,383.70","2,190,245"
"24-Feb-2021","5,444.00","5,578.90","5,383.00","5,562.90","1,908,795"
"25-Feb-2021","5,601.00","5,619.95","5,511.35","5,529.95","1,584,595"
"26-Feb-2021","5,430.00","5,454.00","5,221.00","5,264.90","3,713,326"
"01-Mar-2021","5,315.00","5,369.90","5,195.00","5,266.80","2,031,881"
"02-Mar-2021","5,300.00","5,410.00","5,262.05","5,316.30","2,208,634"
"03-Mar-2021","5,364.15","5,573.35","5,340.10","5,542.90","2,252,413"
"04-Mar-2021","5,430.00","5,567.15","5,401.00","5,485.90","2,234,698"
"05-Mar-2021","5,440.00","5,519.75","5,402.10","5,444.90","2,075,760"
"08-Mar-2021","5,469.00","5,493.95","5,311.00","5,320.65","1,721,042"
"09-Mar-2021","5,371.00","5,445.00","5,335.00","5,415.05","1,811,496"
"10-Mar-2021","5,440.00","5,561.00","5,440.00","5,545.05","2,191,250"
"12-Mar-2021","5,600.00","5,670.00","5,521.00","5,557.85","2,508,013"
"15-Mar-2021","5,571.05","5,585.65","5,350.55","5,439.05","2,087,010"
"16-Mar-2021","5,488.45","5,507.00","5,420.00","5,455.95","1,561,305"
"17-Mar-2021","5,460.00","5,460.40","5,344.45","5,359.80","1,134,758"
"18-Mar-2021","5,423.00","5,545.00","5,305.00","5,371.85","2,339,058"
"19-Mar-2021","5,316.00","5,479.00","5,190.05","5,453.25","3,220,310"
"22-Mar-2021","5,446.50","5,497.00","5,337.00","5,389.35","1,938,461"
"23-Mar-2021","5,410.00","5,445.00","5,350.00","5,378.80","1,849,038"
"24-Mar-2021","5,374.00","5,374.00","5,260.00","5,270.30","1,737,643"
"25-Mar-2021","5,280.00","5,300.00","5,103.15","5,122.20","2,343,271"
"26-Mar-2021","5,170.00","5,248.00","5,135.00","5,183.05","2,347,460"
"30-Mar-2021","5,234.85","5,260.00","5,150.00","5,193.55","1,845,391"
"31-Mar-2021","5,185.00","5,218.80","5,122.95","5,149.85","1,845,975"
"01-Apr-2021","5,210.00","5,288.50","5,161.95","5,272.15","2,148,234"
"05-Apr-2021","5,259.00","5,259.00","4,920.60","4,962.50","3,739,680"
"06-Apr-2021","5,050.00","5,059.45","4,952.60","4,993.10","2,070,906"
"07-Apr-2021","4,980.00","5,109.00","4,940.00","5,077.10","2,402,782"
"08-Apr-2021","5,100.00","5,115.00","5,015.00","5,029.50","1,407,879"
"09-Apr-2021","5,000.00","5,010.00","4,845.00","4,872.30","2,902,646"
"12-Apr-2021","4,740.00","4,740.00","4,400.00","4,511.00","4,500,046"
"13-Apr-2021","4,535.10","4,774.90","4,514.05","4,728.75","3,175,019"
"15-Apr-2021","4,708.10","4,750.00","4,566.10","4,660.30","2,897,185"
"16-Apr-2021","4,661.00","4,690.00","4,590.00","4,616.60","2,142,648"
"19-Apr-2021","4,450.00","4,504.00","4,362.00","4,479.60","3,426,507"
"20-Apr-2021","4,563.00","4,699.00","4,555.20","4,613.65","3,394,597"
"22-Apr-2021","4,550.00","4,714.00","4,505.75","4,688.70","2,563,539"
"23-Apr-2021","4,621.10","4,759.80","4,610.50","4,667.80","2,729,525"
"26-Apr-2021","4,690.00","4,829.00","4,690.00","4,736.55","2,903,989"
"27-Apr-2021","4,747.00","4,889.85","4,746.55","4,865.05","2,644,997"
"28-Apr-2021","4,915.00","5,310.00","4,915.00","5,280.90","8,576,454"
"29-Apr-2021","5,350.00","5,525.00","5,330.00","5,484.85","7,258,486"
"30-Apr-2021","5,350.00","5,524.65","5,327.70","5,451.90","4,124,888"
"03-May-2021","5,316.30","5,580.00","5,291.25","5,551.15","4,033,591"
"04-May-2021","5,610.00","5,749.95","5,560.00","5,615.75","4,838,347"
"05-May-2021","5,683.00","5,700.00","5,452.40","5,515.15","4,378,693"
"06-May-2021","5,568.00","5,619.90","5,473.35","5,528.80","2,223,111"
"07-May-2021","5,590.00","5,613.15","5,458.00","5,493.80","1,851,033"
"10-May-2021","5,575.00","5,575.00","5,445.00","5,497.50","1,997,339"
"11-May-2021","5,411.25","5,458.10","5,390.00","5,424.70","1,617,248"
"12-May-2021","5,413.10","5,440.00","5,329.40","5,358.40","1,539,336"
"14-May-2021","5,405.00","5,405.00","5,267.00","5,330.35","1,525,762"
"17-May-2021","5,350.00","5,490.00","5,315.05","5,430.10","2,411,583"
"18-May-2021","5,501.00","5,705.00","5,501.00","5,688.75","3,147,883"
"19-May-2021","5,674.95","5,722.90","5,595.00","5,631.20","2,250,906"
"20-May-2021","5,628.00","5,658.00","5,545.00","5,588.75","1,488,827"
"21-May-2021","5,660.00","5,695.00","5,586.30","5,631.75","1,856,966"
"24-May-2021","5,634.00","5,688.00","5,590.00","5,602.90","1,215,060"
"25-May-2021","5,640.00","5,658.80","5,582.00","5,618.65","1,315,546"
"26-May-2021","5,640.00","5,794.80","5,586.10","5,771.15","2,916,746"
"27-May-2021","5,779.95","5,782.15","5,651.00","5,682.20","2,152,590"
"28-May-2021","5,724.00","5,750.00","5,592.10","5,610.75","1,526,375"
"31-May-2021","5,620.00","5,664.70","5,560.00","5,627.95","1,795,811"
"01-Jun-2021","5,644.00","5,818.00","5,625.40","5,784.80","2,853,451"
"02-Jun-2021","5,756.50","5,845.00","5,742.55","5,808.65","2,013,195"
"03-Jun-2021","5,840.00","5,915.00","5,780.15","5,901.50","2,230,378"
"04-Jun-2021","5,915.00","6,010.00","5,900.00","5,993.45","2,445,367"
"07-Jun-2021","5,800.00","5,843.85","5,682.45","5,729.75","2,835,805"
"08-Jun-2021","5,751.00","5,817.00","5,720.15","5,755.40","1,789,007"
"09-Jun-2021","5,795.00","5,795.00","5,627.30","5,674.50","1,538,112"
"10-Jun-2021","5,715.00","6,115.00","5,677.00","6,086.40","5,296,120"
"11-Jun-2021","6,105.35","6,230.00","6,045.20","6,120.00","3,702,721"
"14-Jun-2021","6,069.70","6,249.00","5,975.60","6,194.15","2,633,601"
"15-Jun-2021","6,219.00","6,239.80","6,150.00","6,161.15","1,523,661"
"16-Jun-2021","6,140.00","6,160.90","6,062.80","6,081.60","1,481,658"
"17-Jun-2021","5,920.00","6,115.00","5,920.00","6,050.25","1,871,857"
"18-Jun-2021","6,089.90","6,148.00","5,965.05","6,087.05","2,709,615"
"21-Jun-2021","6,000.00","6,135.00","5,987.10","6,116.00","1,271,962"
"22-Jun-2021","6,150.00","6,189.00","6,000.00","6,016.80","1,540,611"
"23-Jun-2021","6,051.00","6,115.00","6,001.00","6,015.60","1,238,215"
"24-Jun-2021","6,027.00","6,108.00","6,011.00","6,043.60","1,082,421"
"25-Jun-2021","6,057.00","6,107.00","6,030.20","6,075.80","961,994"
"28-Jun-2021","6,100.00","6,117.70","6,015.00","6,037.05","828,481"
"29-Jun-2021","6,040.00","6,137.65","6,002.10","6,052.40","1,310,079"
"30-Jun-2021","6,050.00","6,125.00","6,000.00","6,015.85","1,225,794"
"01-Jul-2021","6,040.00","6,040.00","5,940.00","5,967.15","1,120,601"
"02-Jul-2021","6,000.00","6,030.00","5,965.00","5,997.75","811,298"
"05-Jul-2021","6,029.00","6,095.95","6,006.05","6,072.70","863,179"
"06-Jul-2021","6,055.00","6,342.80","6,053.00","6,202.40","3,491,393"
"07-Jul-2021","6,220.00","6,286.00","6,160.40","6,198.60","1,947,925"
"08-Jul-2021","6,180.00","6,220.90","6,080.40","6,117.80","1,130,560"
"09-Jul-2021","6,083.00","6,171.00","6,061.05","6,136.15","1,447,544"
"12-Jul-2021","6,175.00","6,198.90","6,103.60","6,149.55","978,740"
"13-Jul-2021","6,185.00","6,225.00","6,140.00","6,154.30","1,002,127"
"14-Jul-2021","6,150.00","6,182.00","6,120.00","6,133.90","776,574"
"15-Jul-2021","6,133.90","6,177.20","6,102.00","6,129.70","870,990"
"16-Jul-2021","6,125.00","6,190.00","6,097.20","6,125.45","963,121"
"19-Jul-2021","6,088.00","6,123.00","5,935.00","6,015.40","1,290,532"
"20-Jul-2021","6,020.00","6,027.95","5,868.00","5,941.85","1,401,837"
"22-Jul-2021","5,930.00","6,244.00","5,921.15","6,195.55","3,488,591"
"23-Jul-2021","6,189.00","6,225.00","6,140.00","6,180.90","953,739"
"26-Jul-2021","6,150.00","6,198.30","6,130.00","6,162.45","733,502"
"27-Jul-2021","6,180.00","6,327.00","6,175.00","6,231.45","2,068,528"
"28-Jul-2021","6,257.90","6,284.00","6,157.00","6,262.00","1,149,153"
"29-Jul-2021","6,289.95","6,430.00","6,264.05","6,400.10","1,484,664"
"30-Jul-2021","6,416.85","6,416.85","6,212.20","6,228.10","1,406,885"
"02-Aug-2021","6,270.00","6,283.95","6,170.00","6,200.50","1,012,435"
"03-Aug-2021","6,215.00","6,342.00","6,206.00","6,331.90","1,091,710"
"04-Aug-2021","6,343.00","6,477.45","6,315.00","6,359.15","1,632,091"
"05-Aug-2021","6,354.00","6,355.50","6,232.00","6,248.25","866,567"
"06-Aug-2021","6,285.00","6,299.50","6,211.00","6,224.30","729,789"
"09-Aug-2021","6,225.00","6,269.95","6,136.05","6,193.15","881,179"
"10-Aug-2021","6,225.00","6,248.45","6,142.05","6,170.10","731,009"
"11-Aug-2021","6,176.10","6,199.95","6,057.00","6,167.80","791,929"
"12-Aug-2021","6,181.00","6,254.90","6,151.25","6,199.50","794,602"
"13-Aug-2021","6,210.00","6,228.85","6,131.00","6,156.55","667,932"
"16-Aug-2021","6,149.00","6,395.00","6,103.85","6,377.15","1,423,335"
"17-Aug-2021","6,409.95","6,436.85","6,305.00","6,410.10","1,602,776"
"18-Aug-2021","6,434.00","6,640.00","6,406.05","6,544.10","2,153,730"
"20-Aug-2021","6,471.95","6,732.70","6,455.65","6,661.10","2,164,732"
"23-Aug-2021","6,740.00","6,819.50","6,697.00","6,752.20","1,738,340"
"24-Aug-2021","6,775.00","7,049.00","6,727.95","6,980.10","2,622,990"
"25-Aug-2021","7,005.00","7,054.00","6,921.00","6,944.95","1,509,667"
"26-Aug-2021","6,900.00","6,993.25","6,855.00","6,931.95","1,234,588"
"27-Aug-2021","6,950.00","7,024.35","6,872.00","6,966.60","935,906"
"30-Aug-2021","6,995.95","7,197.00","6,980.00","7,165.50","1,504,382"
"31-Aug-2021","7,160.00","7,598.80","7,130.00","7,524.50","2,946,438"
"01-Sep-2021","7,525.00","7,674.50","7,483.35","7,519.60","2,227,789"
"02-Sep-2021","7,500.00","7,586.40","7,445.05","7,498.45","1,183,378"
"03-Sep-2021","7,500.00","7,555.00","7,461.75","7,523.40","880,247"
"06-Sep-2021","7,550.00","7,615.00","7,485.10","7,506.35","897,071"
"07-Sep-2021","7,528.90","7,566.25","7,407.20","7,457.30","836,013"
"08-Sep-2021","7,457.00","7,514.00","7,411.05","7,463.20","859,256"
"09-Sep-2021","7,430.00","7,460.00","7,380.00","7,430.65","700,436"
"13-Sep-2021","7,430.65","7,495.00","7,352.00","7,445.55","802,565"
"14-Sep-2021","7,480.00","7,530.00","7,408.00","7,417.55","719,258"
"15-Sep-2021","7,445.00","7,480.00","7,380.00","7,414.15","657,283"
"16-Sep-2021","7,445.00","7,445.00","7,330.50","7,411.50","577,129"
"17-Sep-2021","7,445.50","7,679.95","7,360.00","7,428.80","3,474,969"
"20-Sep-2021","7,360.00","7,581.00","7,320.75","7,442.45","1,083,806"
"21-Sep-2021","7,481.15","7,847.10","7,401.00","7,813.85","1,993,133"
"22-Sep-2021","7,850.00","7,895.00","7,771.00","7,793.65","1,500,541"
"23-Sep-2021","7,863.60","7,999.00","7,804.65","7,899.05","2,109,147"
"24-Sep-2021","7,949.85","7,949.85","7,725.65","7,793.40","1,129,346"
"27-Sep-2021","7,849.00","7,860.00","7,740.05","7,795.45","650,774"
"28-Sep-2021","7,815.00","7,825.00","7,425.05","7,543.30","1,572,301"
"29-Sep-2021","7,529.00","7,635.85","7,456.15","7,515.40","945,879"
"30-Sep-2021","7,545.00","7,700.00","7,490.90","7,668.10","1,490,707"
"01-Oct-2021","7,620.00","7,639.20","7,475.00","7,522.75","937,740"
"04-Oct-2021","7,588.00","7,769.00","7,560.15","7,695.05","1,090,198"
"05-Oct-2021","7,683.00","7,765.00","7,634.10","7,724.20","773,243"
"06-Oct-2021","7,810.00","7,880.60","7,685.00","7,735.15","1,764,631"
"07-Oct-2021","7,845.90","7,885.00","7,738.00","7,747.90","940,550"
"08-Oct-2021","7,750.00","7,829.00","7,712.00","7,732.20","756,571"
"11-Oct-2021","7,773.90","7,904.40","7,752.00","7,817.10","908,648"
"12-Oct-2021","7,810.00","7,925.00","7,750.00","7,855.75","1,099,449"
"13-Oct-2021","7,907.90","8,010.00","7,861.30","7,929.30","1,052,438"
"14-Oct-2021","7,969.00","7,969.00","7,812.35","7,862.90","1,134,849"
"18-Oct-2021","8,050.00","8,050.00","7,800.80","7,865.55","855,098"
"19-Oct-2021","7,890.00","7,914.70","7,671.00","7,739.30","1,244,989"
"20-Oct-2021","7,741.00","7,833.55","7,575.00","7,761.35","1,102,899"
"21-Oct-2021","7,830.00","7,830.00","7,685.00","7,737.30","639,461"
"22-Oct-2021","7,756.00","7,935.00","7,665.00","7,710.20","1,517,376"
"25-Oct-2021","7,750.00","7,837.75","7,350.50","7,646.65","1,169,729"
"26-Oct-2021","7,695.00","7,894.95","7,651.10","7,855.65","1,660,575"
"27-Oct-2021","7,870.00","7,919.95","7,461.00","7,482.15","3,112,233"
"28-Oct-2021","7,540.00","7,596.00","7,353.40","7,484.25","1,572,302"
"29-Oct-2021","7,480.00","7,549.70","7,313.05","7,400.20","948,334"
"01-Nov-2021","7,430.00","7,500.20","7,220.00","7,413.95","1,037,314"
"02-Nov-2021","7,466.70","7,555.00","7,400.25","7,455.35","687,116"
"03-Nov-2021","7,486.00","7,538.80","7,451.00","7,516.25","668,704"
"04-Nov-2021","7,561.00","7,569.00","7,515.00","7,525.10","94,033"
"08-Nov-2021","7,543.90","7,713.15","7,486.00","7,673.65","900,301"
"09-Nov-2021","7,700.00","7,754.40","7,550.00","7,577.50","800,247"
"10-Nov-2021","7,545.00","7,610.00","7,505.00","7,581.45","464,989"
"11-Nov-2021","7,570.20","7,600.95","7,410.00","7,452.70","634,400"
"12-Nov-2021","7,500.00","7,600.25","7,453.00","7,579.10","497,128"
"15-Nov-2021","7,579.00","7,627.45","7,490.00","7,534.25","402,518"
"16-Nov-2021","7,525.00","7,650.00","7,500.75","7,555.70","598,049"
"17-Nov-2021","7,528.00","7,692.00","7,521.25","7,607.65","645,574"
"18-Nov-2021","7,620.00","7,697.70","7,440.00","7,484.95","772,539"
"22-Nov-2021","7,492.00","7,514.50","6,990.05","7,058.30","1,935,243"
"23-Nov-2021","7,000.00","7,178.00","6,924.10","7,114.30","1,187,589"
"24-Nov-2021","7,160.00","7,319.80","7,066.00","7,177.30","1,099,380"
"25-Nov-2021","7,150.00","7,205.00","7,086.80","7,125.80","615,486"
"26-Nov-2021","7,021.00","7,047.90","6,775.00","6,807.05","1,689,082"
"29-Nov-2021","6,767.00","6,980.00","6,678.30","6,905.75","1,491,815"
"30-Nov-2021","6,910.00","7,199.80","6,849.25","6,997.25","2,195,539"
"01-Dec-2021","7,032.20","7,107.70","6,951.00","7,038.70","1,136,768"
"02-Dec-2021","7,090.00","7,210.00","7,022.40","7,180.50","847,704"
"03-Dec-2021","7,160.00","7,233.80","7,055.00","7,069.25","816,411"
"06-Dec-2021","7,069.25","7,095.90","6,938.10","6,951.75","858,253"
"07-Dec-2021","7,048.00","7,170.00","6,958.00","7,103.15","1,079,608"
"08-Dec-2021","7,120.00","7,386.35","7,120.00","7,361.50","1,402,691"
"09-Dec-2021","7,400.00","7,468.10","7,337.00","7,440.30","1,076,950"
"10-Dec-2021","7,374.00","7,467.00","7,360.00","7,452.50","679,145"
"13-Dec-2021","7,470.00","7,477.00","7,199.00","7,218.75","1,298,599"
"14-Dec-2021","7,180.00","7,180.00","7,035.00","7,065.90","1,276,481"
"15-Dec-2021","7,072.50","7,072.50","6,831.00","6,847.25","1,817,528"
"16-Dec-2021","6,945.00","7,063.45","6,932.90","7,028.85","1,768,318"
"17-Dec-2021","7,000.00","7,025.00","6,865.00","6,901.10","1,680,511"
"20-Dec-2021","6,850.00","6,864.85","6,492.60","6,634.15","2,226,319"
"21-Dec-2021","6,725.15","6,750.00","6,540.00","6,577.55","1,375,591"
"22-Dec-2021","6,635.00","6,790.75","6,623.80","6,771.20","1,267,898"
"23-Dec-2021","6,840.00","6,993.50","6,838.25","6,917.75","1,339,399"
"24-Dec-2021","6,984.90","6,987.95","6,757.60","6,852.00","980,774"
"27-Dec-2021","6,751.00","6,908.80","6,654.05","6,890.75","912,360"
"28-Dec-2021","6,980.00","6,980.00","6,861.75","6,906.65","862,464"
"29-Dec-2021","6,884.90","6,949.95","6,853.05","6,911.65","532,379"
"30-Dec-2021","6,899.90","6,944.95","6,856.90","6,871.10","658,992"
"31-Dec-2021","6,882.00","6,999.00","6,875.55","6,977.30","769,907"
"03-Jan-2022","6,975.00","7,243.95","6,975.00","7,219.60","1,269,725"
"04-Jan-2022","7,250.00","7,375.00","7,235.50","7,343.00","959,173"
"05-Jan-2022","7,469.90","7,691.15","7,415.00","7,670.80","2,583,262"
"06-Jan-2022","7,525.00","7,779.35","7,521.00","7,748.25","1,535,986"
"07-Jan-2022","7,763.95","7,785.00","7,585.00","7,659.35","1,165,951"
"10-Jan-2022","7,686.00","7,759.00","7,669.75","7,731.30","639,060"
"11-Jan-2022","7,739.00","7,759.95","7,571.00","7,669.85","1,037,912"
"12-Jan-2022","7,726.00","7,869.00","7,691.80","7,774.50","1,458,404"
"13-Jan-2022","7,828.00","7,849.55","7,774.00","7,808.35","616,374"
"14-Jan-2022","7,775.00","7,846.10","7,728.50","7,832.20","569,635"
"17-Jan-2022","7,819.50","7,910.00","7,801.55","7,852.60","679,774"
"18-Jan-2022","7,899.95","7,945.00","7,716.05","7,744.00","1,130,024"
"19-Jan-2022","7,850.00","8,045.00","7,473.00","7,571.80","5,000,317"
"20-Jan-2022","7,610.00","7,650.00","7,401.00","7,530.25","2,910,383"
"21-Jan-2022","7,402.50","7,499.00","7,305.85","7,373.75","1,370,450"
"24-Jan-2022","7,350.00","7,350.00","6,817.70","6,931.75","2,502,582"
"25-Jan-2022","6,900.00","6,996.00","6,752.20","6,963.75","2,525,934"
"27-Jan-2022","6,823.60","6,902.35","6,708.10","6,837.00","1,761,028"
"28-Jan-2022","6,961.05","7,045.60","6,845.00","6,867.25","1,467,522"
"31-Jan-2022","6,979.90","7,075.90","6,930.10","7,000.25","1,251,249"
"01-Feb-2022","7,075.90","7,115.80","6,886.00","7,014.60","1,383,449"
"02-Feb-2022","7,100.00","7,280.00","7,095.00","7,247.45","1,339,821"
"03-Feb-2022","7,253.00","7,287.05","7,100.00","7,110.65","839,856"
"04-Feb-2022","7,090.00","7,188.40","7,055.00","7,158.40","823,208"
"07-Feb-2022","7,165.00","7,165.00","6,881.00","6,930.60","1,183,012"
"08-Feb-2022","7,000.00","7,147.00","6,914.70","7,055.00","1,640,542"
"09-Feb-2022","7,128.55","7,157.90","7,070.00","7,117.35","649,166"
"10-Feb-2022","7,135.00","7,240.00","7,065.00","7,137.00","1,244,200"
"11-Feb-2022","7,040.00","7,079.95","6,921.05","7,011.60","1,276,461"
"14-Feb-2022","6,810.00","6,930.00","6,744.05","6,785.95","1,169,766"
"15-Feb-2022","6,800.00","7,195.00","6,785.95","7,142.05","1,346,820"
"16-Feb-2022","7,185.00","7,224.95","7,050.00","7,068.60","1,054,041"
"17-Feb-2022","7,120.00","7,128.00","6,982.00","7,082.45","903,616"
"18-Feb-2022","7,020.00","7,116.00","7,010.00","7,030.10","762,517"
"21-Feb-2022","7,000.00","7,080.90","6,911.00","7,006.35","816,664"
"22-Feb-2022","6,800.00","7,036.15","6,789.00","7,011.35","1,258,732"
"23-Feb-2022","7,060.00","7,117.35","7,027.45","7,044.55","795,228"
"24-Feb-2022","6,800.00","6,900.20","6,592.45","6,627.80","1,930,040"
"25-Feb-2022","6,800.00","6,989.95","6,759.00","6,969.40","1,413,281"
"28-Feb-2022","6,860.00","7,025.00","6,806.60","7,002.30","1,580,891"
"02-Mar-2022","6,918.00","6,936.35","6,762.00","6,831.55","1,608,009"
"03-Mar-2022","6,920.00","6,944.30","6,725.00","6,748.35","1,333,999"
"04-Mar-2022","6,688.40","6,698.00","6,500.00","6,537.90","1,996,509"
"07-Mar-2022","6,350.00","6,370.00","6,100.00","6,125.00","2,843,588"
"08-Mar-2022","6,128.00","6,217.35","5,912.90","6,161.85","2,885,783"
"09-Mar-2022","6,219.50","6,525.00","6,121.85","6,472.50","2,280,131"
"10-Mar-2022","6,794.00","6,794.00","6,501.00","6,584.90","2,091,561"
"11-Mar-2022","6,550.00","6,685.00","6,490.05","6,628.00","1,264,771"
"14-Mar-2022","6,601.00","6,689.00","6,500.00","6,665.45","1,266,846"
"15-Mar-2022","6,677.20","6,750.00","6,605.00","6,666.55","1,479,270"
"16-Mar-2022","6,780.00","6,899.40","6,743.35","6,840.60","1,633,596"
"17-Mar-2022","6,947.70","7,056.90","6,930.10","6,994.40","1,670,678"
"21-Mar-2022","7,000.00","7,018.75","6,850.00","6,870.40","962,019"
"22-Mar-2022","6,870.00","7,010.00","6,767.00","6,985.80","1,273,796"
"23-Mar-2022","7,050.00","7,104.00","6,970.00","7,004.80","1,176,750"
"24-Mar-2022","6,969.00","7,035.55","6,881.25","6,997.55","783,716"
"25-Mar-2022","7,059.00","7,067.45","6,940.00","6,973.50","702,373"
"28-Mar-2022","6,990.00","7,035.00","6,870.00","7,001.40","936,973"
"29-Mar-2022","7,040.00","7,060.00","6,984.50","7,039.35","715,950"
"30-Mar-2022","7,100.00","7,274.45","7,099.00","7,251.85","1,272,254"
"31-Mar-2022","7,287.95","7,445.00","7,240.65","7,259.95","1,633,011"
"01-Apr-2022","7,229.95","7,449.00","7,220.30","7,408.10","871,513"
"04-Apr-2022","7,449.00","7,590.90","7,430.00","7,490.65","1,049,759"
"05-Apr-2022","7,435.00","7,479.95","7,330.00","7,388.45","1,072,082"
"06-Apr-2022","7,350.00","7,425.00","7,300.00","7,346.95","767,031"
"07-Apr-2022","7,310.00","7,356.00","7,270.00","7,290.20","718,266"
"08-Apr-2022","7,328.30","7,425.00","7,260.00","7,366.60","881,973"
"11-Apr-2022","7,345.05","7,384.00","7,295.00","7,336.65","597,508"
"12-Apr-2022","7,299.95","7,299.95","7,220.00","7,274.50","805,598"
"13-Apr-2022","7,313.00","7,380.00","7,282.05","7,328.45","672,317"
"18-Apr-2022","7,265.50","7,375.00","7,231.60","7,261.45","758,222"
"19-Apr-2022","7,300.00","7,443.30","7,151.00","7,259.55","1,191,110"
"20-Apr-2022","7,274.95","7,294.70","6,960.00","7,032.50","1,558,181"
"21-Apr-2022","7,099.00","7,187.00","7,047.30","7,138.10","875,343"
"22-Apr-2022","7,080.00","7,207.00","7,071.40","7,110.75","807,987"
"25-Apr-2022","7,000.00","7,074.95","6,950.00","7,005.50","684,953"
"26-Apr-2022","7,131.00","7,262.95","7,097.00","7,240.55","1,012,419"
"27-Apr-2022","7,100.00","7,100.00","6,688.85","6,714.10","3,984,357"
"28-Apr-2022","6,748.00","6,805.00","6,580.00","6,727.65","2,499,094"
"29-Apr-2022","6,800.00","6,823.60","6,651.00","6,671.80","1,337,517"
"02-May-2022","6,550.00","6,649.85","6,525.50","6,626.15","1,238,741"
"04-May-2022","6,629.90","6,667.80","6,290.00","6,339.75","1,649,115"
"05-May-2022","6,400.00","6,497.45","6,290.00","6,309.45","1,486,028"
"06-May-2022","6,201.00","6,205.05","5,975.00","6,000.30","3,064,865"
"09-May-2022","5,961.00","6,135.25","5,832.55","6,036.95","1,935,648"
"10-May-2022","6,000.00","6,113.05","5,900.00","5,928.45","1,177,933"
"11-May-2022","5,957.00","5,996.60","5,737.00","5,807.00","1,861,339"
"12-May-2022","5,750.00","5,764.75","5,505.90","5,593.40","2,494,044"
"13-May-2022","5,700.00","5,749.00","5,500.00","5,515.75","2,105,315"
"16-May-2022","5,575.00","5,711.95","5,488.00","5,645.40","1,414,955"
"17-May-2022","5,660.00","5,849.00","5,652.00","5,837.30","1,401,770"
"18-May-2022","5,889.95","5,956.70","5,790.00","5,815.20","1,655,094"
"19-May-2022","5,651.00","5,745.00","5,611.00","5,707.00","1,065,025"
"20-May-2022","5,840.00","5,841.95","5,712.00","5,769.60","1,098,610"
"23-May-2022","5,825.00","5,906.25","5,771.20","5,794.00","968,021"
"24-May-2022","5,783.00","5,833.00","5,725.00","5,798.80","1,084,069"
"25-May-2022","5,839.00","5,877.70","5,801.80","5,827.40","867,598"
"26-May-2022","5,850.00","5,875.45","5,653.40","5,817.80","1,259,546"
"27-May-2022","5,900.00","6,077.00","5,861.05","5,993.50","1,625,805"
"30-May-2022","6,088.00","6,127.00","6,041.10","6,111.20","817,484"
"31-May-2022","6,110.00","6,169.20","6,016.45","6,082.15","1,548,966"
"01-Jun-2022","6,060.00","6,130.00","5,977.25","6,010.15","887,620"
"02-Jun-2022","6,007.00","6,080.00","5,949.20","6,057.85","750,809"
"03-Jun-2022","6,125.00","6,168.00","6,014.00","6,028.20","1,043,465"
"06-Jun-2022","6,008.20","6,050.00","5,911.00","6,021.00","737,657"
"07-Jun-2022","5,980.00","5,989.95","5,833.65","5,878.60","896,982"
"08-Jun-2022","5,900.00","6,054.00","5,802.25","5,954.30","1,334,146"
"09-Jun-2022","5,905.00","5,931.60","5,855.00","5,898.55","1,237,674"
"10-Jun-2022","5,825.00","5,835.00","5,652.40","5,667.50","2,151,891"
"13-Jun-2022","5,525.05","5,554.00","5,325.00","5,358.25","1,932,785"
"14-Jun-2022","5,347.00","5,461.00","5,284.20","5,375.75","1,884,541"
"15-Jun-2022","5,418.00","5,499.90","5,396.15","5,484.95","1,659,943"
"16-Jun-2022","5,565.00","5,614.95","5,254.85","5,283.90","2,179,686"
"17-Jun-2022","5,220.00","5,475.00","5,220.00","5,419.55","1,937,939"
"20-Jun-2022","5,428.00","5,510.00","5,352.00","5,470.45","1,119,456"
"21-Jun-2022","5,525.00","5,564.00","5,455.00","5,549.15","1,002,359"
"22-Jun-2022","5,531.50","5,531.50","5,405.00","5,439.60","898,346"
"23-Jun-2022","5,445.60","5,495.00","5,343.00","5,448.15","1,101,857"
"24-Jun-2022","5,510.00","5,616.65","5,455.00","5,587.75","1,304,933"
"27-Jun-2022","5,700.00","5,725.00","5,587.75","5,641.20","1,049,008"
"28-Jun-2022","5,607.00","5,619.00","5,525.00","5,576.25","739,500"
"29-Jun-2022","5,485.00","5,554.00","5,460.00","5,512.80","755,982"
"30-Jun-2022","5,512.80","5,535.20","5,377.00","5,400.50","1,198,275"
"01-Jul-2022","5,364.00","5,633.95","5,335.05","5,614.40","1,221,890"
"04-Jul-2022","5,612.90","5,648.95","5,541.00","5,630.30","789,818"
"05-Jul-2022","5,660.00","5,755.00","5,626.45","5,661.10","1,228,453"
"06-Jul-2022","5,680.00","5,938.85","5,645.90","5,916.70","2,222,952"
"07-Jul-2022","5,935.00","5,986.90","5,816.00","5,860.70","1,335,247"
"08-Jul-2022","5,928.00","5,928.00","5,801.00","5,873.20","803,282"
"11-Jul-2022","5,850.00","5,903.95","5,813.80","5,861.50","761,337"
"12-Jul-2022","5,849.80","5,959.55","5,784.00","5,873.55","975,446"
"13-Jul-2022","5,929.95","5,979.00","5,866.60","5,878.90","886,934"
"14-Jul-2022","5,925.00","5,926.95","5,794.70","5,830.85","692,920"
"15-Jul-2022","5,855.00","5,928.25","5,812.85","5,915.20","569,859"
"18-Jul-2022","5,969.90","6,068.10","5,931.35","6,059.80","966,432"
"19-Jul-2022","6,040.00","6,098.15","6,002.05","6,065.95","978,560"
"20-Jul-2022","6,149.00","6,149.60","6,042.05","6,074.40","827,092"
"21-Jul-2022","6,079.00","6,283.15","6,036.00","6,266.90","1,325,493"
"22-Jul-2022","6,271.00","6,325.00","6,217.70","6,258.25","953,295"
"25-Jul-2022","6,240.00","6,334.00","6,185.00","6,227.00","724,023"
"26-Jul-2022","6,300.00","6,383.70","6,212.50","6,264.45","1,530,406"
"27-Jul-2022","6,279.00","6,429.40","6,195.00","6,396.35","1,444,989"
"28-Jul-2022","6,522.00","7,109.95","6,522.00","7,076.60","6,485,782"
"29-Jul-2022","7,175.00","7,260.00","7,125.00","7,209.10","2,606,762"
"01-Aug-2022","7,251.05","7,310.00","7,192.00","7,261.00","1,227,077"
"02-Aug-2022","7,201.45","7,356.00","7,182.20","7,341.90","1,249,124"
"03-Aug-2022","7,326.00","7,376.40","7,218.00","7,296.35","1,218,621"
"04-Aug-2022","7,338.95","7,385.00","7,205.00","7,316.65","949,481"
"05-Aug-2022","7,339.95","7,367.95","7,276.05","7,304.70","758,078"
"08-Aug-2022","7,300.00","7,398.00","7,264.00","7,342.20","957,482"
"10-Aug-2022","7,369.00","7,369.00","7,105.00","7,149.40","1,906,523"
"11-Aug-2022","7,244.00","7,325.00","7,217.35","7,318.95","1,027,051"
"12-Aug-2022","7,302.00","7,343.00","7,272.05","7,309.40","1,036,941"
"16-Aug-2022","7,339.00","7,384.00","7,272.10","7,286.10","804,464"
"17-Aug-2022","7,300.00","7,638.00","7,296.00","7,527.10","2,344,414"
"18-Aug-2022","7,490.00","7,588.80","7,452.40","7,488.25","835,354"
"19-Aug-2022","7,510.00","7,538.70","7,271.00","7,301.70","1,100,427"
"22-Aug-2022","7,261.00","7,279.80","7,088.85","7,102.20","1,060,862"
"23-Aug-2022","7,085.00","7,250.00","7,050.00","7,207.70","1,088,603"
"24-Aug-2022","7,165.00","7,236.40","7,140.00","7,176.90","953,096"
"25-Aug-2022","7,212.80","7,239.00","7,025.10","7,047.15","1,354,296"
"26-Aug-2022","7,120.00","7,141.50","7,025.70","7,062.10","759,139"
"29-Aug-2022","6,881.00","7,015.50","6,861.35","6,964.35","996,735"
"30-Aug-2022","7,000.00","7,335.00","7,000.00","7,306.25","1,731,381"
"01-Sep-2022","7,228.60","7,333.85","7,142.00","7,181.30","1,462,579"
"02-Sep-2022","7,217.10","7,313.00","7,173.45","7,190.35","906,370"
"05-Sep-2022","7,190.70","7,254.00","7,158.00","7,196.20","707,025"
"06-Sep-2022","7,228.75","7,255.00","7,105.00","7,119.35","791,905"
"07-Sep-2022","7,078.00","7,207.95","7,070.00","7,166.50","791,994"
"08-Sep-2022","7,220.00","7,279.45","7,175.00","7,257.65","772,251"
"09-Sep-2022","7,300.00","7,324.00","7,165.00","7,180.90","649,607"
"12-Sep-2022","7,216.85","7,319.90","7,187.85","7,286.90","834,716"
"13-Sep-2022","7,330.00","7,444.00","7,312.40","7,403.45","1,382,700"
"14-Sep-2022","7,272.15","7,560.00","7,272.15","7,483.45","1,493,388"
"15-Sep-2022","7,489.95","7,532.85","7,369.70","7,386.30","717,420"
"16-Sep-2022","7,385.00","7,480.15","7,194.35","7,274.10","1,187,036"
"19-Sep-2022","7,275.00","7,524.45","7,190.95","7,496.10","1,648,117"
"20-Sep-2022","7,569.95","7,715.00","7,565.00","7,635.40","1,613,450"
"21-Sep-2022","7,640.00","7,735.00","7,586.05","7,690.65","1,239,262"
"22-Sep-2022","7,670.00","7,778.00","7,600.00","7,719.55","1,281,039"
"23-Sep-2022","7,714.80","7,731.50","7,475.00","7,507.15","1,412,331"
"26-Sep-2022","7,437.00","7,460.00","7,129.00","7,259.50","1,875,205"
"27-Sep-2022","7,325.00","7,379.95","7,210.05","7,242.85","1,142,829"
"28-Sep-2022","7,179.00","7,297.50","7,160.10","7,202.50","869,069"
"29-Sep-2022","7,312.50","7,316.90","7,088.05","7,104.75","969,632"
"30-Sep-2022","7,081.00","7,362.00","7,026.80","7,335.75","1,618,665"
"03-Oct-2022","7,337.00","7,398.00","7,144.60","7,171.80","820,198"
"04-Oct-2022","7,335.00","7,505.00","7,306.35","7,488.70","1,191,495"
"06-Oct-2022","7,550.00","7,599.00","7,346.90","7,404.15","1,510,060"
"07-Oct-2022","7,385.45","7,407.75","7,272.25","7,345.15","991,196"
"10-Oct-2022","7,265.00","7,338.00","7,221.00","7,293.40","653,113"
"11-Oct-2022","7,307.00","7,352.50","7,172.60","7,202.80","732,206"
"12-Oct-2022","7,205.00","7,258.50","7,145.00","7,226.20","740,731"
"13-Oct-2022","7,220.50","7,226.00","7,114.70","7,151.65","608,655"
"14-Oct-2022","7,300.00","7,345.00","7,221.00","7,272.50","839,012"
"17-Oct-2022","7,254.95","7,372.30","7,217.00","7,355.20","617,401"
"18-Oct-2022","7,400.00","7,430.00","7,321.00","7,390.40","906,975"
"19-Oct-2022","7,417.00","7,440.00","7,350.00","7,380.40","627,177"
"20-Oct-2022","7,369.95","7,449.00","7,261.00","7,432.40","1,026,054"
"21-Oct-2022","7,490.00","7,490.00","7,153.05","7,192.75","2,386,960"
"24-Oct-2022","7,310.00","7,310.00","7,190.00","7,206.50","227,884"
"25-Oct-2022","7,242.55","7,242.55","7,090.00","7,102.90","909,899"
"27-Oct-2022","7,186.00","7,210.00","6,931.00","6,971.10","1,641,458"
"28-Oct-2022","7,000.00","7,090.00","6,980.00","7,006.85","839,669"
"31-Oct-2022","7,094.00","7,149.60","7,046.00","7,144.10","818,986"
"01-Nov-2022","7,196.95","7,236.00","7,160.00","7,209.50","762,742"
"02-Nov-2022","7,207.00","7,240.00","7,140.05","7,156.20","585,914"
"03-Nov-2022","7,105.00","7,195.00","7,092.10","7,121.60","632,313"
"04-Nov-2022","7,121.60","7,224.90","7,121.60","7,212.00","921,925"
"07-Nov-2022","7,248.10","7,250.65","7,111.00","7,190.05","722,494"
"09-Nov-2022","7,235.00","7,235.00","7,114.65","7,144.00","689,634"
"10-Nov-2022","7,158.00","7,165.00","6,964.55","6,975.10","1,008,182"
"11-Nov-2022","7,149.00","7,157.85","6,995.00","7,051.45","1,233,342"
"14-Nov-2022","7,054.90","7,107.00","7,001.05","7,025.80","855,060"
"15-Nov-2022","7,035.15","7,062.40","6,981.00","7,025.75","719,521"
"16-Nov-2022","7,011.00","7,034.85","6,852.60","6,895.05","1,336,204"
"17-Nov-2022","6,870.00","6,950.00","6,832.00","6,895.05","733,944"
"18-Nov-2022","6,909.90","6,928.00","6,750.00","6,791.50","1,327,689"
"21-Nov-2022","6,747.00","6,747.00","6,610.35","6,679.10","1,071,748"
"22-Nov-2022","6,680.25","6,727.75","6,660.30","6,685.05","958,769"
"23-Nov-2022","6,718.50","6,805.00","6,690.00","6,780.05","893,667"
"24-Nov-2022","6,813.95","6,839.85","6,737.30","6,771.35","754,611"
"25-Nov-2022","6,770.00","6,778.00","6,675.00","6,747.50","859,058"
"28-Nov-2022","6,729.00","6,832.80","6,728.55","6,777.45","604,054"
"29-Nov-2022","6,775.00","6,808.90","6,721.00","6,734.15","681,860"
"30-Nov-2022","6,735.00","6,754.20","6,678.00","6,720.95","1,482,831"
"01-Dec-2022","6,754.60","6,770.00","6,707.00","6,747.75","981,616"
"02-Dec-2022","6,730.20","6,741.95","6,647.00","6,675.75","1,438,602"
"05-Dec-2022","6,674.55","6,699.00","6,632.00","6,660.45","1,029,250"
"06-Dec-2022","6,674.40","6,735.00","6,632.00","6,698.55","840,980"
"07-Dec-2022","6,724.95","6,724.95","6,601.00","6,625.20","961,027"
"08-Dec-2022","6,680.00","6,680.00","6,560.00","6,581.95","1,137,784"
"09-Dec-2022","6,602.50","6,618.00","6,490.00","6,517.45","1,131,292"
"12-Dec-2022","6,508.10","6,539.00","6,392.00","6,506.50","1,100,048"
"13-Dec-2022","6,507.00","6,648.00","6,507.00","6,620.10","958,636"
"14-Dec-2022","6,658.00","6,688.55","6,626.60","6,655.20","678,283"
"15-Dec-2022","6,632.00","6,714.00","6,604.00","6,625.40","857,706"
"16-Dec-2022","6,590.00","6,695.30","6,560.00","6,596.90","880,233"
"19-Dec-2022","6,600.10","6,705.00","6,597.00","6,687.00","659,559"
"20-Dec-2022","6,660.00","6,698.85","6,585.00","6,642.85","607,716"
"21-Dec-2022","6,693.90","6,693.90","6,505.00","6,526.70","622,390"
"22-Dec-2022","6,570.00","6,575.00","6,407.00","6,490.65","849,706"
"23-Dec-2022","6,450.00","6,466.00","6,340.05","6,374.60","994,303"
"26-Dec-2022","6,374.65","6,469.90","6,300.00","6,433.70","530,535"
"27-Dec-2022","6,466.00","6,530.00","6,430.00","6,504.70","781,035"
"28-Dec-2022","6,475.00","6,570.00","6,464.05","6,476.10","755,934"
"29-Dec-2022","6,440.00","6,520.50","6,402.40","6,510.90","521,880"
"30-Dec-2022","6,550.00","6,719.90","6,515.00","6,575.20","1,520,266"
"02-Jan-2023","6,565.00","6,610.00","6,484.75","6,553.75","579,340"
"03-Jan-2023","6,565.00","6,660.00","6,530.00","6,606.25","742,081"
"04-Jan-2023","6,595.00","6,638.00","6,550.00","6,571.00","671,253"
"05-Jan-2023","6,490.00","6,490.00","6,025.05","6,100.05","5,102,300"
"06-Jan-2023","6,130.00","6,139.95","5,941.60","5,980.40","2,931,922"
"09-Jan-2023","6,020.00","6,078.00","5,955.00","5,993.35","1,400,548"
"10-Jan-2023","5,999.00","6,015.00","5,875.00","5,904.15","1,120,375"
"11-Jan-2023","5,930.00","5,949.00","5,865.55","5,895.75","1,108,891"
"12-Jan-2023","5,906.55","5,964.90","5,857.00","5,898.40","1,476,949"
"13-Jan-2023","5,920.00","5,985.00","5,872.00","5,977.80","1,108,490"
"16-Jan-2023","6,000.00","6,072.20","5,974.55","6,010.90","908,339"
"17-Jan-2023","6,019.95","6,019.95","5,940.00","5,984.95","817,005"
"18-Jan-2023","6,003.95","6,049.00","5,985.00","5,998.65","796,281"
"19-Jan-2023","5,983.00","6,029.65","5,960.65","6,012.45","548,142"
"20-Jan-2023","6,012.50","6,019.75","5,837.20","5,860.40","833,090"
"23-Jan-2023","5,881.00","5,935.00","5,841.00","5,863.00","856,064"
"24-Jan-2023","5,892.35","5,921.00","5,842.65","5,855.05","608,145"
"25-Jan-2023","5,850.05","5,855.05","5,777.00","5,795.90","827,837"
"27-Jan-2023","5,815.00","5,861.55","5,680.00","5,760.70","1,621,352"
"30-Jan-2023","5,770.05","6,066.20","5,770.05","6,021.80","2,448,160"
"31-Jan-2023","6,050.00","6,050.00","5,874.00","5,886.40","1,996,788"
"01-Feb-2023","5,944.00","5,980.40","5,708.90","5,817.20","2,634,866"
"02-Feb-2023","5,819.00","5,819.00","5,645.00","5,717.65","2,025,044"
"03-Feb-2023","5,770.00","6,030.00","5,747.05","6,014.25","1,486,892"
"06-Feb-2023","6,000.00","6,124.00","5,955.60","6,104.20","1,073,820"
"07-Feb-2023","6,122.95","6,182.00","6,100.00","6,160.55","1,472,193"
"08-Feb-2023","6,165.00","6,377.00","6,162.80","6,351.65","1,903,208"
"09-Feb-2023","6,374.90","6,487.80","6,335.25","6,455.00","1,838,154"
"10-Feb-2023","6,453.95","6,527.60","6,420.00","6,435.50","1,291,282"
"13-Feb-2023","6,434.95","6,473.15","6,297.05","6,345.50","736,557"
"14-Feb-2023","6,353.80","6,472.35","6,310.00","6,458.70","1,034,090"
"15-Feb-2023","6,450.00","6,496.00","6,397.30","6,489.95","618,979"
"16-Feb-2023","6,505.00","6,524.75","6,420.00","6,437.30","529,048"
"17-Feb-2023","6,410.00","6,475.80","6,367.50","6,416.70","616,044"
"20-Feb-2023","6,425.00","6,443.55","6,343.00","6,367.40","465,732"
"21-Feb-2023","6,395.00","6,408.25","6,352.00","6,379.25","448,509"
"22-Feb-2023","6,331.00","6,360.00","6,185.00","6,198.65","934,700"
"23-Feb-2023","6,214.00","6,262.45","6,122.65","6,202.35","809,768"
"24-Feb-2023","6,253.75","6,286.00","6,200.00","6,236.25","607,761"
"27-Feb-2023","6,215.00","6,241.00","6,135.00","6,194.50","595,004"
"28-Feb-2023","6,220.00","6,246.60","6,090.00","6,112.10","977,852"
"01-Mar-2023","6,100.10","6,203.95","6,100.10","6,154.85","544,804"
"02-Mar-2023","6,165.20","6,209.60","6,070.05","6,083.00","582,298"
"03-Mar-2023","6,121.80","6,141.00","6,073.00","6,100.05","712,037"
"06-Mar-2023","6,140.00","6,183.00","6,120.05","6,134.85","608,477"
"08-Mar-2023","6,129.00","6,129.00","5,985.00","5,996.85","1,342,795"
"09-Mar-2023","6,000.00","6,040.00","5,890.10","5,901.30","940,858"
"10-Mar-2023","5,865.00","5,887.40","5,781.00","5,874.15","770,861"
"13-Mar-2023","5,869.00","5,947.50","5,811.00","5,833.55","793,356"
"14-Mar-2023","5,840.00","5,850.00","5,716.15","5,731.55","1,372,565"
"15-Mar-2023","5,800.00","5,820.00","5,701.00","5,718.75","679,473"
"16-Mar-2023","5,729.70","5,755.00","5,665.00","5,715.10","884,963"
"17-Mar-2023","5,740.05","5,816.75","5,688.10","5,732.35","1,047,151"
"20-Mar-2023","5,739.00","5,740.45","5,485.70","5,550.80","1,712,756"
"21-Mar-2023","5,601.80","5,715.00","5,586.15","5,710.10","1,130,114"
"22-Mar-2023","5,749.80","5,857.00","5,735.00","5,834.20","1,242,534"
"23-Mar-2023","5,809.50","5,900.00","5,772.50","5,833.05","1,054,419"
"24-Mar-2023","5,803.90","5,829.75","5,627.20","5,649.25","1,278,042"
"27-Mar-2023","5,698.00","5,725.00","5,584.55","5,593.05","1,118,743"
"28-Mar-2023","5,621.05","5,624.40","5,522.70","5,534.45","948,136"
"29-Mar-2023","5,562.15","5,646.00","5,555.00","5,625.20","1,109,612"
"31-Mar-2023","5,694.00","5,694.00","5,586.20","5,616.75","1,267,828"
"03-Apr-2023","5,655.00","5,734.00","5,632.20","5,715.05","745,386"
"05-Apr-2023","5,832.00","5,947.05","5,743.15","5,761.30","2,433,329"
"06-Apr-2023","5,761.00","5,959.00","5,705.55","5,932.20","1,740,502"
"10-Apr-2023","5,944.95","5,969.90","5,811.00","5,828.80","928,257"
"11-Apr-2023","5,858.00","5,880.00","5,811.15","5,837.75","811,620"
"12-Apr-2023","5,837.00","5,876.75","5,786.00","5,856.95","1,023,069"
"13-Apr-2023","5,856.95","5,937.00","5,850.40","5,904.45","833,006"
"17-Apr-2023","5,998.00","5,998.00","5,900.00","5,961.45","672,857"
"18-Apr-2023","5,975.00","5,994.00","5,870.25","5,915.65","640,889"
"19-Apr-2023","5,915.65","5,960.00","5,880.00","5,947.75","554,928"
"20-Apr-2023","5,960.00","5,965.95","5,886.15","5,912.70","436,731"
"21-Apr-2023","5,913.00","5,945.00","5,828.00","5,937.90","643,101"
"24-Apr-2023","5,940.00","5,964.70","5,877.00","5,933.75","544,892"
"25-Apr-2023","5,959.90","6,092.70","5,928.70","6,075.25","1,494,475"
"26-Apr-2023","6,100.00","6,119.80","6,013.30","6,055.95","974,007"
"27-Apr-2023","6,075.00","6,254.45","6,066.00","6,200.05","2,827,136"
"28-Apr-2023","6,243.90","6,296.00","6,111.00","6,280.10","1,489,668"
"02-May-2023","6,330.00","6,334.65","6,224.80","6,249.15","991,254"
"03-May-2023","6,238.05","6,255.00","6,155.95","6,180.25","668,251"
"04-May-2023","6,197.00","6,399.00","6,182.15","6,390.25","1,245,141"
"05-May-2023","6,379.95","6,448.00","6,331.65","6,389.85","1,160,040"
"08-May-2023","6,394.45","6,695.10","6,388.00","6,657.95","2,224,735"
"09-May-2023","6,650.00","6,739.85","6,542.00","6,552.25","2,130,770"
"10-May-2023","6,590.95","6,665.00","6,525.00","6,631.50","835,321"
"11-May-2023","6,659.00","6,680.00","6,625.00","6,663.45","567,494"
"12-May-2023","6,650.00","6,733.65","6,604.70","6,714.40","912,078"
"15-May-2023","6,714.40","6,750.00","6,685.80","6,712.30","739,076"
"16-May-2023","6,720.00","6,849.00","6,700.00","6,784.60","1,265,133"
"17-May-2023","6,785.00","6,810.45","6,662.00","6,705.05","740,785"
"18-May-2023","6,759.80","6,830.65","6,745.15","6,789.40","1,106,718"
"19-May-2023","6,800.00","6,820.00","6,712.00","6,784.20","592,834"
"22-May-2023","6,784.20","6,818.00","6,761.90","6,793.05","419,792"
"23-May-2023","6,810.05","6,873.95","6,757.10","6,780.55","790,196"
"24-May-2023","6,769.00","6,848.55","6,729.75","6,785.95","553,936"
"25-May-2023","6,778.00","6,848.00","6,746.10","6,841.15","530,260"
"26-May-2023","6,846.60","6,920.00","6,841.20","6,904.50","694,073"
"29-May-2023","6,940.20","6,971.90","6,901.80","6,932.05","640,728"
"30-May-2023","6,948.00","7,018.75","6,930.05","7,005.80","881,923"
"31-May-2023","7,004.90","7,026.00","6,927.30","6,989.85","2,147,627"
"01-Jun-2023","7,024.00","7,057.30","6,951.10","7,040.50","590,026"
"02-Jun-2023","7,075.75","7,100.00","7,005.00","7,023.90","664,209"
"05-Jun-2023","7,070.00","7,091.60","7,013.05","7,043.20","577,162"
"06-Jun-2023","7,025.00","7,132.00","7,025.00","7,113.95","690,586"
"07-Jun-2023","7,120.00","7,141.00","7,062.00","7,079.95","534,483"
"08-Jun-2023","7,080.00","7,111.00","6,995.15","7,010.10","455,360"
"09-Jun-2023","7,012.75","7,082.50","7,012.05","7,037.15","447,361"
"12-Jun-2023","7,050.15","7,110.00","7,041.60","7,097.70","513,255"
"13-Jun-2023","7,100.00","7,200.00","7,100.00","7,166.75","800,134"
"14-Jun-2023","7,182.00","7,182.00","7,082.05","7,096.85","401,520"
"15-Jun-2023","7,095.00","7,141.70","7,056.00","7,126.60","437,018"
"16-Jun-2023","7,170.00","7,218.60","7,131.00","7,203.20","1,414,858"
"19-Jun-2023","7,211.95","7,398.85","7,202.25","7,386.20","1,184,590"
"20-Jun-2023","7,376.15","7,376.15","7,201.00","7,248.80","863,826"
"21-Jun-2023","7,275.00","7,285.90","7,177.00","7,206.15","546,804"
"22-Jun-2023","7,200.10","7,204.15","7,020.00","7,030.00","827,194"
"23-Jun-2023","7,020.95","7,055.00","6,956.10","6,989.65","815,226"
"26-Jun-2023","6,990.00","7,035.00","6,945.00","6,998.70","563,539"
"27-Jun-2023","7,030.00","7,030.00","6,954.00","7,019.25","709,789"
"28-Jun-2023","7,054.35","7,125.00","7,040.00","7,090.20","709,782"
"30-Jun-2023","7,100.00","7,195.00","7,091.20","7,160.60","887,908"
"03-Jul-2023","7,160.60","7,355.00","7,160.00","7,333.00","1,209,227"
"04-Jul-2023","7,650.00","7,920.00","7,612.65","7,860.45","4,162,208"
"05-Jul-2023","7,879.95","7,999.90","7,780.00","7,838.75","1,978,666"
"06-Jul-2023","7,776.00","7,824.00","7,735.00","7,766.25","1,045,984"
"07-Jul-2023","7,720.00","7,748.90","7,605.60","7,622.35","1,094,915"
"10-Jul-2023","7,622.35","7,629.95","7,432.30","7,533.25","1,451,518"
"11-Jul-2023","7,567.00","7,680.00","7,381.00","7,444.00","1,675,043"
"12-Jul-2023","7,469.90","7,508.00","7,398.15","7,431.95","1,131,755"
"13-Jul-2023","7,469.95","7,522.90","7,416.00","7,474.60","747,052"
"14-Jul-2023","7,474.00","7,518.90","7,399.90","7,482.35","726,600"
"17-Jul-2023","7,520.00","7,542.00","7,442.00","7,510.95","506,744"
"18-Jul-2023","7,520.00","7,555.00","7,373.10","7,420.00","1,309,709"
"19-Jul-2023","7,441.95","7,599.00","7,430.00","7,584.70","975,943"
"20-Jul-2023","7,551.00","7,637.15","7,502.00","7,596.60","649,436"
"21-Jul-2023","7,596.60","7,657.70","7,533.10","7,581.75","673,394"
"24-Jul-2023","7,581.65","7,644.80","7,560.35","7,581.60","584,342"
"25-Jul-2023","7,649.40","7,649.40","7,541.05","7,606.45","850,869"
"26-Jul-2023","7,635.00","7,734.00","7,331.00","7,433.15","2,228,866"
"27-Jul-2023","7,577.90","7,577.90","7,267.70","7,284.10","2,147,172"
"28-Jul-2023","7,319.00","7,394.60","7,210.00","7,381.60","1,007,050"
"31-Jul-2023","7,345.00","7,369.90","7,281.05","7,300.30","749,315"
"01-Aug-2023","7,300.30","7,330.00","7,244.00","7,269.70","752,765"
"02-Aug-2023","7,290.00","7,290.00","7,145.00","7,203.45","898,536"
"03-Aug-2023","7,175.00","7,224.30","7,018.05","7,108.35","1,081,898"
"04-Aug-2023","7,139.00","7,205.00","7,071.30","7,148.70","731,349"
"07-Aug-2023","7,162.00","7,182.75","7,071.60","7,122.15","718,409"
"08-Aug-2023","7,135.00","7,205.00","7,085.15","7,173.60","807,362"
"09-Aug-2023","7,200.00","7,214.00","7,090.00","7,125.35","511,572"
"10-Aug-2023","7,100.05","7,174.00","7,092.00","7,143.85","616,130"
"11-Aug-2023","7,143.85","7,159.00","7,031.05","7,060.60","630,396"
"14-Aug-2023","7,040.00","7,058.90","6,940.55","7,018.05","693,785"
"16-Aug-2023","6,994.00","6,994.00","6,920.00","6,981.50","598,795"
"17-Aug-2023","7,020.00","7,020.00","6,903.00","6,923.25","710,118"
"18-Aug-2023","6,893.50","6,915.80","6,845.00","6,862.10","745,533"
"21-Aug-2023","6,801.00","7,063.00","6,801.00","7,048.20","1,230,831"
"22-Aug-2023","7,051.05","7,153.50","7,050.00","7,069.95","1,248,780"
"23-Aug-2023","7,100.00","7,149.00","7,003.00","7,116.45","803,248"
"24-Aug-2023","7,150.00","7,185.95","7,121.00","7,137.45","910,360"
"25-Aug-2023","7,115.00","7,278.10","7,101.00","7,211.50","1,303,276"
"28-Aug-2023","7,224.95","7,261.00","7,138.10","7,235.60","703,626"
"29-Aug-2023","7,250.00","7,310.95","7,236.00","7,293.35","1,418,305"
"30-Aug-2023","7,326.00","7,330.90","7,258.00","7,268.10","460,268"
"31-Aug-2023","7,280.00","7,285.00","7,135.00","7,163.00","1,412,980"
"01-Sep-2023","7,168.55","7,329.40","7,155.00","7,320.60","676,076"
"04-Sep-2023","7,370.00","7,370.00","7,258.40","7,270.25","581,363"
"05-Sep-2023","7,283.00","7,358.45","7,280.00","7,345.10","1,221,353"
"06-Sep-2023","7,315.30","7,397.00","7,290.70","7,387.80","605,157"
"07-Sep-2023","7,380.00","7,387.80","7,303.70","7,363.20","549,622"
"08-Sep-2023","7,390.00","7,449.95","7,370.00","7,410.65","624,642"
"11-Sep-2023","7,425.00","7,444.00","7,362.00","7,391.65","406,849"
"12-Sep-2023","7,421.00","7,459.00","7,305.50","7,431.30","963,517"
"13-Sep-2023","7,429.30","7,508.25","7,380.65","7,475.90","579,846"
"14-Sep-2023","7,475.90","7,511.70","7,427.05","7,494.30","650,372"
"15-Sep-2023","7,499.00","7,565.15","7,455.55","7,492.20","787,494"
"18-Sep-2023","7,488.90","7,560.00","7,465.00","7,548.65","706,618"
"20-Sep-2023","7,488.65","7,647.00","7,483.00","7,539.00","844,190"
"21-Sep-2023","7,530.00","7,583.65","7,425.00","7,484.20","675,725"
"22-Sep-2023","7,493.95","7,577.00","7,453.60","7,471.35","526,304"
"25-Sep-2023","7,575.00","7,849.90","7,510.00","7,819.85","2,347,533"
"26-Sep-2023","7,819.90","7,899.95","7,775.00","7,870.65","1,246,820"
"27-Sep-2023","7,855.00","7,855.00","7,742.75","7,837.55","744,110"
"28-Sep-2023","7,804.75","7,829.00","7,718.05","7,739.00","777,505"
"29-Sep-2023","7,739.00","7,848.00","7,725.00","7,810.75","573,005"
"03-Oct-2023","7,780.80","7,975.50","7,755.00","7,967.60","944,555"
"04-Oct-2023","8,025.00","8,043.00","7,820.00","7,854.05","1,176,384"
"05-Oct-2023","7,914.85","7,914.85","7,826.90","7,850.90","795,061"
"06-Oct-2023","7,850.00","8,192.00","7,845.00","8,168.55","2,145,034"
"09-Oct-2023","8,102.05","8,135.00","8,018.00","8,027.70","747,800"
"10-Oct-2023","8,055.00","8,135.00","8,021.00","8,083.60","965,024"
"11-Oct-2023","8,139.80","8,173.00","8,095.45","8,101.95","712,372"
"12-Oct-2023","8,125.00","8,127.00","8,003.00","8,014.30","764,092"
"13-Oct-2023","7,999.55","8,082.90","7,956.05","8,051.65","662,282"
"16-Oct-2023","8,044.30","8,069.00","7,982.65","8,036.00","438,246"
"17-Oct-2023","8,080.00","8,159.00","8,057.55","8,093.00","838,283"
"18-Oct-2023","8,050.00","8,084.60","7,850.00","7,866.55","1,544,642"
"19-Oct-2023","7,843.30","7,923.00","7,731.00","7,841.55","1,061,453"
"20-Oct-2023","7,810.00","7,832.35","7,722.50","7,769.20","771,153"
"23-Oct-2023","7,800.00","7,884.90","7,761.35","7,798.90","882,230"
"25-Oct-2023","7,798.90","7,856.95","7,676.00","7,694.45","708,774"
"26-Oct-2023","7,625.10","7,656.00","7,401.20","7,421.80","1,324,630"
"27-Oct-2023","7,509.95","7,549.00","7,416.60","7,507.20","911,944"
"30-Oct-2023","7,505.80","7,526.85","7,352.50","7,503.05","799,276"
"31-Oct-2023","7,569.80","7,579.70","7,460.50","7,492.65","749,410"
"01-Nov-2023","7,520.00","7,549.00","7,457.65","7,471.90","462,778"
"02-Nov-2023","7,530.00","7,615.00","7,411.20","7,449.10","855,030"
"03-Nov-2023","7,528.00","7,537.95","7,372.45","7,411.50","1,138,755"
"06-Nov-2023","7,456.00","7,571.95","7,442.60","7,562.05","634,043"
"07-Nov-2023","7,640.00","7,640.00","7,446.00","7,495.60","1,563,007"
"08-Nov-2023","7,527.00","7,536.00","7,406.65","7,459.95","916,717"
"09-Nov-2023","7,485.00","7,485.00","7,366.70","7,386.70","771,791"
"10-Nov-2023","7,370.00","7,454.00","7,346.45","7,444.80","496,261"
"12-Nov-2023","7,470.05","7,498.00","7,447.05","7,456.90","79,745"
"13-Nov-2023","7,447.80","7,450.00","7,319.00","7,360.85","732,240"
"15-Nov-2023","7,439.40","7,476.20","7,119.15","7,224.30","1,923,440"
"16-Nov-2023","6,944.55","7,380.70","6,931.25","7,362.45","4,557,043"
"17-Nov-2023","7,140.50","7,260.00","7,108.05","7,221.00","2,080,034"
"20-Nov-2023","7,151.00","7,239.00","7,050.10","7,068.60","1,902,940"
"21-Nov-2023","7,085.00","7,128.85","7,030.00","7,103.15","1,666,225"
"22-Nov-2023","7,086.45","7,177.85","7,065.50","7,128.35","1,041,404"
"23-Nov-2023","7,135.00","7,160.00","7,056.00","7,073.65","606,158"
"24-Nov-2023","7,108.00","7,116.80","7,011.00","7,020.80","726,499"
"28-Nov-2023","7,035.00","7,135.00","7,029.90","7,127.55","728,158"
"29-Nov-2023","7,134.00","7,168.60","7,114.05","7,130.10","682,430"
"30-Nov-2023","7,132.00","7,163.60","7,085.65","7,121.90","1,271,934"
"01-Dec-2023","7,160.00","7,279.85","7,142.00","7,259.35","900,477"
"04-Dec-2023","7,340.00","7,420.00","7,315.05","7,407.65","1,101,426"
"05-Dec-2023","7,430.00","7,440.00","7,320.05","7,349.80","1,522,242"
"06-Dec-2023","7,390.00","7,459.00","7,365.05","7,427.10","701,800"
"07-Dec-2023","7,390.00","7,440.00","7,326.00","7,391.20","668,862"
"08-Dec-2023","7,390.55","7,398.10","7,274.00","7,307.60","1,144,388"
"11-Dec-2023","7,325.00","7,352.70","7,270.05","7,292.75","590,055"
"12-Dec-2023","7,280.00","7,354.00","7,280.00","7,314.55","633,312"
"13-Dec-2023","7,299.85","7,304.50","7,207.00","7,258.00","682,955"
"14-Dec-2023","7,368.50","7,511.25","7,300.10","7,474.20","1,729,567"
"15-Dec-2023","7,528.85","7,528.90","7,445.00","7,515.05","1,173,938"
"18-Dec-2023","7,548.00","7,610.00","7,526.00","7,587.60","1,082,798"
"19-Dec-2023","7,641.00","7,641.60","7,535.00","7,632.65","791,408"
"20-Dec-2023","7,650.00","7,695.00","7,460.15","7,493.95","874,546"
"21-Dec-2023","7,426.60","7,477.00","7,305.50","7,367.15","913,082"
"22-Dec-2023","7,418.95","7,440.00","7,243.00","7,295.30","1,129,485"
"26-Dec-2023","7,325.00","7,344.00","7,145.25","7,162.30","1,225,844"
"27-Dec-2023","7,219.90","7,323.40","7,190.90","7,232.80","1,605,279"
"28-Dec-2023","7,275.00","7,290.00","7,200.00","7,258.65","1,856,064"
"29-Dec-2023","7,231.65","7,343.00","7,205.15","7,327.75","912,802"
"01-Jan-2024","7,336.95","7,336.95","7,273.00","7,299.05","331,489"
"02-Jan-2024","7,324.00","7,445.10","7,280.05","7,430.05","1,112,990"
"03-Jan-2024","7,444.95","7,485.85","7,368.20","7,384.80","553,405"
"04-Jan-2024","7,560.00","7,733.95","7,560.00","7,705.55","2,911,879"
"05-Jan-2024","7,734.95","7,789.00","7,673.10","7,711.15","1,052,601"
"08-Jan-2024","7,677.00","7,830.00","7,631.30","7,736.00","1,121,209"
"09-Jan-2024","7,774.00","7,810.00","7,698.00","7,725.45","1,247,083"
"10-Jan-2024","7,716.00","7,735.25","7,660.00","7,680.55","559,072"
"11-Jan-2024","7,680.00","7,793.30","7,651.05","7,669.75","651,741"
"12-Jan-2024","7,684.00","7,718.95","7,617.00","7,661.05","808,638"
"15-Jan-2024","7,697.95","7,697.95","7,454.00","7,478.00","997,220"
"16-Jan-2024","7,475.00","7,614.50","7,427.90","7,456.65","1,194,723"
"17-Jan-2024","7,303.30","7,478.20","7,302.20","7,358.85","1,380,271"
"18-Jan-2024","7,296.00","7,351.75","7,234.00","7,265.55","1,686,996"
"19-Jan-2024","7,360.00","7,388.80","7,261.25","7,319.10","830,810"
"20-Jan-2024","7,327.75","7,386.30","7,291.00","7,301.30","219,358"
"23-Jan-2024","7,352.90","7,355.00","7,042.60","7,070.70","2,533,297"
"24-Jan-2024","7,104.00","7,104.00","6,996.80","7,055.30","2,063,675"
"25-Jan-2024","7,055.30","7,125.80","7,036.00","7,085.50","1,168,349"
"29-Jan-2024","7,085.50","7,224.95","7,085.10","7,191.65","1,860,361"
"30-Jan-2024","6,988.50","6,988.50","6,805.00","6,817.20","4,153,147"
"31-Jan-2024","6,820.00","6,921.00","6,812.00","6,862.90","1,810,512"
"01-Feb-2024","6,865.90","6,879.95","6,733.00","6,743.30","1,911,137"
"02-Feb-2024","6,755.00","6,910.00","6,753.00","6,848.30","1,367,508"
"05-Feb-2024","6,894.00","6,895.00","6,600.00","6,608.20","1,771,222"
"06-Feb-2024","6,648.00","6,699.00","6,535.00","6,598.15","2,439,533"
"07-Feb-2024","6,641.00","6,737.60","6,625.25","6,709.20","1,538,237"
"08-Feb-2024","6,731.85","6,737.50","6,536.70","6,575.65","2,193,209"
"09-Feb-2024","6,580.00","6,677.70","6,572.00","6,654.50","1,209,874"
"12-Feb-2024","6,669.45","6,671.85","6,551.50","6,569.15","544,784"
"13-Feb-2024","6,600.00","6,639.00","6,553.10","6,603.65","948,014"
"14-Feb-2024","6,563.85","6,656.00","6,550.00","6,646.50","636,126"
"15-Feb-2024","6,646.00","6,677.40","6,585.65","6,619.40","880,859"
"16-Feb-2024","6,650.05","6,660.00","6,602.00","6,619.20","1,029,431"
"19-Feb-2024","6,648.90","6,806.90","6,625.30","6,712.80","1,315,881"
"20-Feb-2024","6,711.90","6,792.00","6,681.25","6,763.60","1,106,709"
"21-Feb-2024","6,790.00","6,790.00","6,665.05","6,688.80","854,944"
"22-Feb-2024","6,691.05","6,706.85","6,561.00","6,674.95","1,022,374"
"23-Feb-2024","6,674.00","6,719.00","6,632.60","6,697.85","1,280,311"
"26-Feb-2024","6,690.00","6,708.00","6,624.20","6,643.25","892,056"
"27-Feb-2024","6,631.00","6,642.00","6,491.10","6,556.25","1,150,306"
"28-Feb-2024","6,572.00","6,596.75","6,475.00","6,498.70","535,321"
"29-Feb-2024","6,499.00","6,539.00","6,366.20","6,495.35","1,699,098"
"01-Mar-2024","6,511.75","6,608.70","6,502.10","6,571.45","919,080"
"02-Mar-2024","6,565.00","6,605.00","6,565.00","6,584.35","49,760"
"04-Mar-2024","6,588.00","6,639.95","6,557.45","6,602.45","397,118"
"05-Mar-2024","6,602.45","6,636.25","6,272.00","6,324.25","1,717,558"
"06-Mar-2024","6,332.50","6,345.90","6,187.80","6,311.25","2,104,792"
"07-Mar-2024","6,350.00","6,468.60","6,325.40","6,421.05","1,469,421"
"11-Mar-2024","6,550.00","6,552.00","6,404.00","6,433.75","1,203,971"
"12-Mar-2024","6,405.00","6,485.00","6,341.35","6,436.05","1,094,677"
"13-Mar-2024","6,439.25","6,514.95","6,391.55","6,456.15","1,132,183"
"14-Mar-2024","6,456.15","6,470.00","6,297.80","6,397.45","1,219,865"
"15-Mar-2024","6,375.05","6,578.00","6,360.00","6,514.35","1,970,500"
"18-Mar-2024","6,514.35","6,555.00","6,456.10","6,504.65","676,425"
"19-Mar-2024","6,509.70","6,667.20","6,505.00","6,596.25","1,408,087"
"20-Mar-2024","6,610.00","6,731.00","6,606.00","6,649.50","1,490,831"
"21-Mar-2024","6,707.50","6,771.65","6,657.15","6,715.75","1,806,092"
"22-Mar-2024","6,705.00","6,803.00","6,686.30","6,760.90","1,125,238"
"26-Mar-2024","6,754.50","6,945.00","6,745.00","6,910.10","1,850,321"
"27-Mar-2024","6,945.75","7,049.00","6,905.00","7,022.75","1,551,275"
"28-Mar-2024","7,032.10","7,349.30","7,032.10","7,245.25","3,574,518"
"01-Apr-2024","7,261.25","7,343.45","7,220.05","7,250.95","1,125,238"
"02-Apr-2024","7,250.95","7,255.00","7,135.00","7,207.40","967,615"
"03-Apr-2024","7,197.00","7,323.35","7,186.15","7,309.25","958,943"
"04-Apr-2024","7,345.00","7,350.00","7,255.00","7,283.40","1,040,589"
"05-Apr-2024","7,234.75","7,259.00","7,156.00","7,175.65","1,200,494"
"08-Apr-2024","7,215.00","7,226.95","7,142.80","7,178.55","518,210"
"09-Apr-2024","7,220.00","7,235.35","7,124.50","7,193.60","710,281"
"10-Apr-2024","7,235.90","7,254.00","7,160.00","7,230.25","567,986"
"12-Apr-2024","7,224.00","7,264.00","7,156.30","7,229.55","1,092,588"
"15-Apr-2024","7,145.05","7,198.80","7,063.45","7,076.25","758,448"
"16-Apr-2024","7,009.95","7,034.30","6,931.00","6,954.25","963,293"
"18-Apr-2024","6,928.10","6,995.00","6,866.00","6,893.20","1,385,133"
"19-Apr-2024","6,840.05","7,150.00","6,810.05","7,119.50","1,218,375"
"22-Apr-2024","7,167.30","7,306.00","7,167.30","7,292.20","1,165,272"
"23-Apr-2024","7,309.00","7,339.90","7,236.80","7,259.90","1,081,567"
"24-Apr-2024","7,283.00","7,419.45","7,250.00","7,329.15","886,929"
"25-Apr-2024","7,330.00","7,364.85","7,125.10","7,294.90","1,173,354"
"26-Apr-2024","7,000.00","7,000.00","6,691.50","6,731.20","5,814,723"
"29-Apr-2024","6,789.95","6,839.60","6,713.05","6,826.60","1,681,030"
"30-Apr-2024","6,829.95","6,975.00","6,821.95","6,923.55","1,798,675"
"02-May-2024","6,937.85","6,969.95","6,865.00","6,882.70","1,139,572"
"03-May-2024","7,329.00","7,400.00","6,906.95","6,931.50","6,818,601"
"06-May-2024","7,007.95","7,019.95","6,845.00","6,859.85","1,229,988"
"07-May-2024","6,889.95","6,943.10","6,788.00","6,872.55","1,298,126"
"08-May-2024","6,871.50","6,879.55","6,785.00","6,799.45","725,925"
"09-May-2024","6,799.90","6,832.70","6,585.00","6,605.15","1,381,115"
"10-May-2024","6,638.90","6,698.00","6,601.20","6,684.15","824,908"
"13-May-2024","6,684.00","6,744.30","6,620.00","6,718.75","512,256"
"14-May-2024","6,710.00","6,741.85","6,657.60","6,675.70","755,840"
"15-May-2024","6,692.00","6,731.95","6,645.05","6,680.00","595,059"
"16-May-2024","6,700.35","6,762.10","6,623.05","6,747.15","1,059,851"
"17-May-2024","6,747.00","6,780.00","6,701.05","6,727.40","480,158"
"18-May-2024","6,725.00","6,758.00","6,725.00","6,738.00","49,892"
"21-May-2024","6,705.00","6,785.00","6,705.00","6,742.85","761,624"
"22-May-2024","6,777.45","6,777.45","6,727.25","6,744.55","416,046"
"23-May-2024","6,759.55","6,853.50","6,730.05","6,826.65","709,317"
"24-May-2024","6,820.00","6,910.00","6,793.00","6,836.90","742,043"
"27-May-2024","6,859.00","6,959.55","6,810.00","6,895.50","655,471"
"28-May-2024","6,913.95","6,945.00","6,856.90","6,873.05","752,867"
"29-May-2024","6,878.00","6,908.00","6,785.35","6,806.70","721,331"
"30-May-2024","6,779.90","6,798.95","6,594.05","6,616.45","1,155,575"
"31-May-2024","6,664.95","6,771.95","6,642.40","6,697.70","2,841,733"
"03-Jun-2024","6,948.85","6,988.70","6,832.95","6,915.55","1,148,212"
"04-Jun-2024","6,915.95","6,915.95","6,375.70","6,509.55","3,299,387"
"05-Jun-2024","6,604.00","6,862.00","6,535.55","6,836.65","1,218,517"
"06-Jun-2024","6,850.00","7,012.95","6,822.30","6,925.80","1,465,716"
"07-Jun-2024","6,995.00","7,299.00","6,941.00","7,191.40","2,984,052"
"10-Jun-2024","7,250.00","7,250.00","7,075.25","7,088.85","872,318"
"11-Jun-2024","7,083.00","7,169.00","7,051.00","7,138.10","1,205,213"
"12-Jun-2024","7,148.00","7,277.00","7,115.00","7,217.75","1,268,508"
"13-Jun-2024","7,252.20","7,325.00","7,232.15","7,294.95","1,345,495"
"14-Jun-2024","7,296.05","7,370.00","7,247.00","7,341.55","1,187,488"
"18-Jun-2024","7,365.00","7,429.45","7,300.00","7,334.70","946,904"
"19-Jun-2024","7,334.70","7,348.95","7,177.90","7,233.95","520,400"
"20-Jun-2024","7,220.00","7,264.90","7,111.00","7,207.10","900,158"
"21-Jun-2024","7,239.30","7,265.00","7,075.00","7,134.25","1,499,818"
"24-Jun-2024","7,076.00","7,106.95","7,020.55","7,081.85","635,654"
"25-Jun-2024","7,101.00","7,140.00","6,998.00","7,074.45","1,560,811"
"26-Jun-2024","7,070.00","7,179.25","7,035.00","7,158.20","912,552"
"27-Jun-2024","7,150.00","7,239.00","7,083.05","7,166.75","1,137,606"
"28-Jun-2024","7,165.00","7,226.00","7,105.30","7,115.55","829,584"
"01-Jul-2024","7,075.00","7,304.00","7,075.00","7,276.75","772,745"
"02-Jul-2024","7,275.00","7,275.95","7,122.00","7,165.60","1,281,027"
"03-Jul-2024","7,189.95","7,284.65","7,170.00","7,258.80","836,393"
"04-Jul-2024","7,301.05","7,325.00","7,100.00","7,107.05","1,897,977"
"05-Jul-2024","7,134.00","7,149.90","7,077.00","7,138.00","931,079"
"08-Jul-2024","7,144.95","7,147.65","7,047.00","7,098.25","677,705"
"09-Jul-2024","7,109.85","7,142.40","7,042.00","7,068.05","973,503"
"10-Jul-2024","7,068.00","7,129.35","7,021.00","7,054.95","809,714"
"11-Jul-2024","7,087.90","7,087.90","6,930.00","6,950.30","971,801"
"12-Jul-2024","6,996.95","7,045.00","6,915.05","7,004.30","1,068,833"
"15-Jul-2024","7,020.05","7,085.00","6,995.25","7,063.75","533,373"
"16-Jul-2024","7,080.00","7,090.00","7,005.20","7,059.10","558,200"
"18-Jul-2024","7,047.10","7,117.90","6,971.15","7,110.00","864,605"
"19-Jul-2024","7,110.00","7,110.00","6,910.00","6,932.30","938,598"
"22-Jul-2024","6,932.00","6,958.60","6,849.40","6,884.25","575,193"
"23-Jul-2024","6,934.00","6,944.85","6,620.00","6,727.10","1,932,212"
"24-Jul-2024","6,630.00","6,654.70","6,541.05","6,607.15","3,100,626"
"25-Jul-2024","6,560.00","6,666.00","6,551.45","6,647.75","950,965"
"26-Jul-2024","6,675.05","6,808.40","6,667.10","6,789.75","1,110,184"
"29-Jul-2024","6,823.85","6,855.00","6,765.75","6,812.45","748,565"
"30-Jul-2024","6,812.45","6,899.00","6,783.00","6,823.60","1,179,413"
"31-Jul-2024","6,826.95","6,855.00","6,793.00","6,806.95","889,659"
"01-Aug-2024","6,831.50","6,844.00","6,750.00","6,771.65","839,523"
"02-Aug-2024","6,725.00","6,750.00","6,673.10","6,725.00","622,218"
"05-Aug-2024","6,650.00","6,650.00","6,532.60","6,596.70","944,041"
"06-Aug-2024","6,626.00","6,697.00","6,511.50","6,538.35","891,828"
"07-Aug-2024","6,600.00","6,659.35","6,581.10","6,637.15","464,284"
"08-Aug-2024","6,625.05","6,678.05","6,571.35","6,582.20","690,389"
"09-Aug-2024","6,700.00","6,700.00","6,591.00","6,618.20","699,490"
"12-Aug-2024","6,619.10","6,645.00","6,564.05","6,608.15","674,887"
"13-Aug-2024","6,644.95","6,644.95","6,452.20","6,465.05","1,072,327"
"14-Aug-2024","6,482.50","6,489.95","6,430.95","6,458.50","774,276"
"16-Aug-2024","6,505.00","6,600.00","6,425.00","6,590.90","753,419"
"19-Aug-2024","6,638.00","6,656.00","6,593.60","6,616.35","528,730"
"20-Aug-2024","6,647.35","6,773.90","6,616.35","6,722.20","957,159"
"21-Aug-2024","6,721.95","6,747.30","6,695.00","6,735.35","633,111"
"22-Aug-2024","6,750.00","6,765.00","6,723.90","6,743.60","728,260"
"23-Aug-2024","6,755.00","6,762.00","6,704.95","6,735.85","618,045"
"26-Aug-2024","6,776.00","6,819.00","6,756.05","6,778.35","898,343"
"27-Aug-2024","6,778.35","6,873.35","6,730.00","6,863.60","2,035,902"
"28-Aug-2024","6,876.00","6,917.00","6,852.00","6,900.00","848,986"
"29-Aug-2024","6,889.05","7,158.00","6,881.55","7,063.55","2,639,159"
"30-Aug-2024","7,071.05","7,215.05","7,071.05","7,200.15","2,044,367"
"02-Sep-2024","7,274.00","7,450.00","7,229.00","7,440.05","2,296,378"
"03-Sep-2024","7,460.00","7,460.00","7,206.10","7,353.80","1,898,656"
"04-Sep-2024","7,254.95","7,377.00","7,245.25","7,299.50","886,746"
"05-Sep-2024","7,320.00","7,326.65","7,193.00","7,244.90","673,447"
"06-Sep-2024","7,255.55","7,395.00","7,255.55","7,317.15","1,842,827"
"09-Sep-2024","7,324.00","7,377.95","7,262.80","7,347.45","878,938"
"10-Sep-2024","7,369.95","7,369.95","7,193.00","7,241.85","1,308,932"
"11-Sep-2024","7,250.00","7,432.00","7,206.30","7,345.55","1,104,890"
"12-Sep-2024","7,420.00","7,440.00","7,296.60","7,428.30","1,446,764"
"13-Sep-2024","7,428.30","7,660.00","7,352.00","7,598.50","2,208,438"
"16-Sep-2024","7,680.00","7,680.00","7,322.00","7,345.75","2,679,555"
"17-Sep-2024","7,337.50","7,455.00","7,286.15","7,365.50","1,567,786"
"18-Sep-2024","7,387.25","7,672.50","7,378.50","7,631.10","2,974,993"
"19-Sep-2024","7,675.00","7,748.00","7,560.00","7,590.35","1,720,644"
"20-Sep-2024","7,635.00","7,655.00","7,487.25","7,582.45","1,645,004"
"23-Sep-2024","7,625.75","7,635.95","7,531.70","7,595.10","573,497"
"24-Sep-2024","7,597.00","7,603.45","7,483.90","7,554.20","1,069,540"
"25-Sep-2024","7,545.00","7,640.00","7,498.05","7,623.90","1,272,038"
"26-Sep-2024","7,640.00","7,779.40","7,587.55","7,768.40","1,668,165"
"27-Sep-2024","7,780.00","7,810.00","7,711.00","7,756.00","1,178,131"
"30-Sep-2024","7,746.00","7,824.00","7,676.15","7,703.00","961,952"
"01-Oct-2024","7,660.10","7,814.65","7,651.00","7,703.00","788,288"
"03-Oct-2024","7,610.00","7,700.00","7,381.00","7,433.85","1,040,662"
"04-Oct-2024","7,420.00","7,430.00","7,155.00","7,211.35","1,768,111"
"07-Oct-2024","7,211.35","7,324.00","7,190.30","7,269.40","936,227"
"08-Oct-2024","7,264.85","7,295.40","7,160.05","7,186.95","903,805"
"09-Oct-2024","7,216.00","7,426.80","7,206.10","7,300.45","1,054,375"
"10-Oct-2024","7,320.00","7,368.00","7,273.00","7,319.70","559,427"
"11-Oct-2024","7,325.00","7,330.00","7,226.05","7,302.00","361,587"
"14-Oct-2024","7,292.70","7,313.85","7,200.00","7,208.80","445,181"
"15-Oct-2024","7,244.90","7,256.15","6,979.00","7,016.90","1,485,567"
"16-Oct-2024","7,010.00","7,059.35","6,920.00","6,956.35","1,125,698"
"17-Oct-2024","6,980.95","6,998.80","6,871.00","6,899.50","689,755"
"18-Oct-2024","6,893.00","6,938.65","6,820.70","6,899.55","744,929"
"21-Oct-2024","6,909.05","6,950.75","6,717.25","6,780.90","2,209,966"
"22-Oct-2024","6,800.00","6,833.00","6,643.65","6,677.90","1,700,619"
"23-Oct-2024","6,605.75","7,098.85","6,601.00","6,995.80","2,637,391"
"24-Oct-2024","7,012.50","7,122.85","6,990.60","7,040.90","895,125"
"25-Oct-2024","7,040.90","7,059.95","6,893.30","6,910.15","1,022,324"
"28-Oct-2024","6,920.00","7,045.00","6,875.00","6,911.35","714,981"
"29-Oct-2024","6,909.10","7,060.00","6,802.20","7,022.50","1,409,750"
"30-Oct-2024","6,999.00","7,020.45","6,932.00","6,955.00","566,044"
"31-Oct-2024","6,949.00","6,970.80","6,879.75","6,889.75","730,153"
"01-Nov-2024","6,930.00","6,944.55","6,902.00","6,923.60","45,011"
"04-Nov-2024","6,975.00","6,975.00","6,752.90","6,843.70","716,239"
"05-Nov-2024","6,845.00","7,014.95","6,712.00","6,930.35","1,223,430"
"06-Nov-2024","6,935.00","7,024.10","6,892.30","7,006.20","696,262"
"07-Nov-2024","7,006.20","7,038.95","6,870.00","6,904.50","459,047"
"08-Nov-2024","6,904.50","6,951.55","6,841.00","6,895.95","424,840"
"11-Nov-2024","6,860.00","6,904.20","6,752.15","6,778.80","762,316"
"12-Nov-2024","6,819.00","6,836.85","6,615.00","6,638.20","1,057,233"
"13-Nov-2024","6,635.00","6,702.25","6,526.60","6,566.00","867,347"
"14-Nov-2024","6,572.30","6,639.45","6,530.00","6,549.15","527,703"
"18-Nov-2024","6,633.00","6,657.00","6,555.00","6,567.95","596,535"
"19-Nov-2024","6,594.35","6,644.80","6,561.00","6,595.30","804,046"
"21-Nov-2024","6,614.00","6,614.00","6,451.00","6,465.65","1,101,080"
"22-Nov-2024","6,470.00","6,722.40","6,456.05","6,683.95","969,855"
"25-Nov-2024","6,789.90","6,863.00","6,667.30","6,685.40","1,132,751"
"26-Nov-2024","6,722.00","6,739.80","6,608.45","6,617.95","663,278"
"27-Nov-2024","6,650.00","6,733.30","6,612.25","6,705.20","642,010"
"28-Nov-2024","6,714.00","6,726.25","6,495.00","6,509.40","1,576,882"
"29-Nov-2024","6,519.00","6,609.00","6,510.35","6,575.90","709,643"
"02-Dec-2024","6,595.00","6,665.00","6,491.00","6,650.65","920,249"
"03-Dec-2024","6,696.15","6,722.40","6,630.80","6,675.45","1,313,666"
"04-Dec-2024","6,701.75","6,764.40","6,666.85","6,740.00","1,130,441"
"05-Dec-2024","6,760.00","6,889.90","6,685.45","6,850.40","1,348,243"
"06-Dec-2024","6,875.95","6,935.00","6,778.65","6,850.30","833,207"
"09-Dec-2024","6,850.10","6,925.00","6,827.90","6,868.35","840,910"
"10-Dec-2024","6,884.80","6,958.85","6,844.05","6,936.20","1,204,563"
"11-Dec-2024","6,959.90","7,165.00","6,893.10","7,115.10","1,993,104"
"12-Dec-2024","7,121.85","7,148.40","7,075.00","7,125.80","966,796"
"13-Dec-2024","7,099.00","7,217.25","6,980.60","7,182.80","1,250,436"
"16-Dec-2024","7,182.80","7,248.00","7,156.10","7,208.40","796,074"
"17-Dec-2024","7,200.00","7,257.40","7,110.00","7,152.80","1,031,856"
"18-Dec-2024","7,149.00","7,178.80","7,060.40","7,074.45","727,514"
"19-Dec-2024","6,950.00","7,024.45","6,887.85","6,918.55","907,675"
"20-Dec-2024","6,913.35","7,024.00","6,804.70","6,848.25","2,700,019"
"23-Dec-2024","6,897.00","6,976.90","6,855.95","6,866.70","582,928"
"24-Dec-2024","6,882.00","6,910.00","6,794.00","6,808.20","601,427"
"26-Dec-2024","6,830.40","6,858.00","6,800.05","6,815.75","329,096"
"27-Dec-2024","6,846.85","6,976.70","6,830.40","6,907.75","555,418"
"30-Dec-2024","6,900.00","6,995.00","6,865.00","6,888.25","490,876"
"31-Dec-2024","6,869.95","6,877.00","6,792.00","6,823.00","615,398"
"01-Jan-2025","6,823.00","6,947.95","6,806.00","6,935.30","418,721"
"02-Jan-2025","6,980.00","7,430.00","6,971.00","7,389.20","3,171,651"
"03-Jan-2025","7,389.75","7,500.00","7,359.25","7,407.25","1,505,928"
"06-Jan-2025","7,500.00","7,599.90","7,316.75","7,349.35","1,905,976"
"07-Jan-2025","7,354.95","7,446.90","7,301.45","7,353.95","1,042,538"
"08-Jan-2025","7,361.85","7,388.45","7,256.70","7,355.40","844,466"
"09-Jan-2025","7,338.45","7,355.40","7,236.00","7,277.45","668,141"
"10-Jan-2025","7,277.45","7,367.05","7,245.05","7,288.05","808,963"
"13-Jan-2025","7,240.00","7,255.10","7,134.00","7,150.95","664,274"
"14-Jan-2025","7,230.00","7,388.00","7,191.15","7,335.00","998,011"
"15-Jan-2025","7,340.50","7,350.00","7,105.20","7,177.40","681,750"
"16-Jan-2025","7,200.00","7,289.00","7,194.05","7,259.75","860,849"
"17-Jan-2025","7,221.00","7,284.95","7,156.30","7,182.10","665,274"
"20-Jan-2025","7,182.10","7,470.00","7,182.10","7,440.10","1,067,971"
"21-Jan-2025","7,450.00","7,485.00","7,277.60","7,291.65","1,003,206"
"22-Jan-2025","7,339.00","7,420.25","7,260.35","7,397.15","727,368"
"23-Jan-2025","7,341.00","7,524.00","7,325.00","7,443.25","1,030,295"
"24-Jan-2025","7,443.25","7,505.00","7,338.30","7,438.60","679,687"
"27-Jan-2025","7,380.10","7,474.50","7,260.00","7,295.45","692,810"
"28-Jan-2025","7,390.00","7,706.80","7,345.00","7,606.60","2,478,933"
"29-Jan-2025","7,657.25","7,787.00","7,568.95","7,759.65","1,514,920"
"30-Jan-2025","7,850.00","8,250.65","7,850.00","7,901.65","5,648,883"
"31-Jan-2025","7,925.00","7,980.65","7,791.00","7,885.10","1,833,546"
"01-Feb-2025","7,880.00","8,109.95","7,784.40","8,000.10","1,615,378"
"03-Feb-2025","7,922.20","8,439.30","7,921.05","8,425.80","4,336,926"
"04-Feb-2025","8,425.00","8,490.00","8,303.00","8,475.35","1,966,300"
"05-Feb-2025","8,500.00","8,588.70","8,445.50","8,509.45","1,867,493"
"06-Feb-2025","8,534.25","8,662.80","8,462.00","8,507.30","1,709,473"
"07-Feb-2025","8,585.00","8,585.00","8,383.90","8,474.25","966,540"
"10-Feb-2025","8,478.80","8,488.00","8,220.00","8,286.80","1,243,838"
"11-Feb-2025","8,299.00","8,355.10","8,139.35","8,191.20","963,059"
"12-Feb-2025","8,149.65","8,284.00","8,025.00","8,214.05","1,483,731"
"13-Feb-2025","8,197.05","8,498.00","8,197.05","8,409.00","1,800,313"
"14-Feb-2025","8,408.55","8,455.60","8,282.00","8,392.30","863,315"
"17-Feb-2025","8,220.25","8,488.00","8,220.25","8,426.60","862,799"
"18-Feb-2025","8,430.00","8,480.00","8,360.70","8,465.90","868,977"
"19-Feb-2025","8,459.15","8,529.00","8,400.00","8,439.45","896,198"
"20-Feb-2025","8,355.85","8,455.60","8,345.65","8,399.45","790,070"
"21-Feb-2025","8,360.00","8,420.30","8,288.00","8,396.70","608,647"
"24-Feb-2025","8,328.00","8,399.00","8,311.05","8,354.95","355,260"
"25-Feb-2025","8,354.95","8,526.65","8,338.05","8,488.80","1,098,541"
"27-Feb-2025","8,542.60","8,739.00","8,542.60","8,705.40","1,838,283"
"28-Feb-2025","8,665.00","8,670.00","8,510.05","8,530.30","1,754,580"
"03-Mar-2025","8,536.00","8,650.80","8,438.10","8,627.85","874,996"
"04-Mar-2025","8,522.20","8,619.30","8,513.65","8,585.95","765,506"
"05-Mar-2025","8,455.00","8,500.00","8,221.00","8,298.70","1,630,092"
"06-Mar-2025","8,365.00","8,459.80","8,275.55","8,410.85","881,422"
"07-Mar-2025","8,409.90","8,470.00","8,366.45","8,404.50","472,946"
"10-Mar-2025","8,437.75","8,637.90","8,326.05","8,342.60","1,016,453"
"11-Mar-2025","8,305.00","8,375.00","8,211.25","8,340.45","813,567"
"12-Mar-2025","8,341.10","8,524.50","8,272.55","8,484.45","2,088,223"
"13-Mar-2025","8,500.00","8,560.00","8,393.00","8,420.45","1,217,351"
"17-Mar-2025","8,399.20","8,629.95","8,386.00","8,580.35","1,102,085"
"18-Mar-2025","8,615.00","8,699.00","8,494.80","8,682.50","1,103,110"
"19-Mar-2025","8,700.00","8,879.00","8,682.60","8,731.60","1,289,820"
"20-Mar-2025","8,725.00","8,768.05","8,541.15","8,679.65","792,433"
"21-Mar-2025","9,039.95","9,089.00","8,831.00","8,916.10","2,744,801"
"24-Mar-2025","9,095.95","9,115.00","8,927.00","9,090.05","1,433,217"
"25-Mar-2025","9,125.00","9,260.05","8,977.05","9,067.25","1,748,260"
"26-Mar-2025","9,102.05","9,126.90","8,849.95","8,866.05","886,211"
"27-Mar-2025","8,861.00","9,055.40","8,822.25","9,003.85","2,092,044"
"28-Mar-2025","8,997.60","9,028.90","8,861.00","8,945.60","977,099"
"01-Apr-2025","8,783.30","8,925.00","8,671.00","8,698.20","1,183,424"
"02-Apr-2025","8,730.00","8,759.85","8,612.00","8,669.25","646,495"
"03-Apr-2025","8,650.00","8,765.00","8,460.20","8,594.60","1,396,633"
"04-Apr-2025","8,656.00","8,797.00","8,583.80","8,718.85","1,849,658"
"07-Apr-2025","8,340.00","8,600.50","8,307.15","8,568.00","1,398,124"
"08-Apr-2025","8,650.00","8,873.00","8,650.00","8,822.25","1,477,563"
"09-Apr-2025","8,815.00","8,842.00","8,625.00","8,735.80","1,048,774"
"11-Apr-2025","8,825.05","8,973.50","8,810.70","8,921.10","1,009,722"
"15-Apr-2025","9,255.50","9,290.00","9,075.50","9,141.00","1,263,361"
"16-Apr-2025","9,149.50","9,171.50","8,964.00","9,056.50","719,822"
"17-Apr-2025","9,040.00","9,190.00","8,952.00","9,162.50","1,141,513"
"21-Apr-2025","9,170.00","9,315.00","9,141.50","9,273.50","782,415"
"22-Apr-2025","9,295.00","9,393.00","9,230.00","9,260.50","1,129,358"
"23-Apr-2025","9,282.00","9,348.50","9,150.00","9,323.00","1,081,872"
"24-Apr-2025","9,620.00","9,660.00","9,273.00","9,301.00","1,849,671"
"25-Apr-2025","9,310.50","9,344.50","8,990.00","9,112.00","1,089,354"
"28-Apr-2025","9,080.00","9,125.00","9,000.50","9,093.00","994,656"
"29-Apr-2025","9,130.00","9,146.00","8,960.00","9,093.00","1,176,818"
"30-Apr-2025","8,840.00","8,888.00","8,556.00","8,634.50","3,969,057"
"02-May-2025","8,575.50","8,915.00","8,566.00","8,862.50","2,202,675"
"05-May-2025","8,877.50","9,033.00","8,866.00","8,932.00","893,061"
"06-May-2025","8,911.00","8,974.00","8,750.00","8,797.50","1,204,087"
"07-May-2025","8,750.00","8,997.50","8,723.00","8,986.50","1,163,557"
"08-May-2025","8,977.00","9,074.50","8,775.00","8,832.50","1,201,809"
"09-May-2025","8,650.00","8,781.00","8,605.00","8,641.00","1,215,134"
"12-May-2025","8,849.00","9,030.00","8,825.50","9,018.50","1,063,822"
"13-May-2025","9,004.00","9,163.50","8,991.00","9,042.00","1,336,300"
"14-May-2025","9,045.00","9,110.50","9,012.00","9,081.00","759,400"
"15-May-2025","9,099.50","9,215.00","9,028.00","9,188.50","1,038,500"
"16-May-2025","9,188.50","9,286.00","9,133.50","9,167.00","625,192"
"19-May-2025","9,167.00","9,289.50","9,167.00","9,255.50","716,274"
"20-May-2025","9,298.00","9,310.00","9,069.00","9,079.00","810,616"
"21-May-2025","9,100.00","9,280.00","9,028.50","9,197.50","732,150"
"22-May-2025","9,197.50","9,199.00","9,070.50","9,139.00","615,974"
"23-May-2025","9,139.00","9,286.50","9,111.00","9,243.50","425,169"
"26-May-2025","9,255.00","9,336.50","9,250.00","9,269.50","547,679"
"27-May-2025","9,270.00","9,290.00","9,143.00","9,171.00","715,000"
"28-May-2025","9,245.00","9,294.50","9,141.00","9,267.50","650,740"
"29-May-2025","9,250.00","9,279.50","9,160.00","9,204.00","708,175"
"30-May-2025","9,170.00","9,203.50","9,121.00","9,180.50","1,504,174"
"02-Jun-2025","9,130.00","9,165.00","9,040.00","9,118.50","661,963"
"03-Jun-2025","9,106.00","9,128.00","8,970.00","8,979.00","908,027"
"04-Jun-2025","8,975.00","9,039.50","8,964.50","8,987.00","554,493"
"05-Jun-2025","8,987.00","8,987.00","8,869.50","8,934.00","785,332"
"06-Jun-2025","8,945.00","9,434.00","8,876.00","9,371.50","1,978,386"
"09-Jun-2025","9,550.00","9,788.00","9,403.00","9,607.50","2,349,601"
"10-Jun-2025","9,700.00","9,700.00","9,485.50","9,497.50","904,404"
"11-Jun-2025","9,490.00","9,570.00","9,404.00","9,425.00","1,186,081"
"12-Jun-2025","9,449.00","9,533.00","9,355.00","9,368.50","1,238,833"
"13-Jun-2025","9,150.00","9,365.50","9,147.00","9,331.00","1,018,202"
"16-Jun-2025","956.00","956.00","925.00","938.00","7,016,290"
"17-Jun-2025","941.50","943.50","917.50","923.00","6,110,175"
"18-Jun-2025","927.00","932.50","915.00","919.00","5,002,923"
"19-Jun-2025","919.00","922.50","894.00","900.50","6,585,940"
"20-Jun-2025","897.00","907.50","886.00","905.00","14,320,241"
"23-Jun-2025","899.00","918.00","890.50","915.50","5,870,597"
"24-Jun-2025","920.00","936.00","914.50","916.50","11,555,634"
"25-Jun-2025","918.00","930.00","916.00","928.00","6,623,799"
"26-Jun-2025","930.00","953.50","928.50","951.50","11,677,790"
"27-Jun-2025","950.00","959.50","936.00","947.00","21,637,194"
"30-Jun-2025","956.00","956.00","934.00","936.50","6,086,081"
"01-Jul-2025","932.50","941.80","928.00","936.65","5,381,327"
"02-Jul-2025","933.00","939.85","914.00","923.00","9,394,493"
"03-Jul-2025","922.00","924.50","905.20","910.15","7,606,558"
"04-Jul-2025","922.00","940.70","919.00","925.30","10,613,046"
"07-Jul-2025","925.00","929.30","918.10","924.65","3,383,973"
"08-Jul-2025","918.80","929.50","918.80","927.65","3,851,432"
"09-Jul-2025","926.50","946.00","924.00","940.60","5,341,529"
"10-Jul-2025","943.00","951.70","942.25","947.65","5,409,906"
"11-Jul-2025","938.70","947.15","931.55","933.50","4,278,038"
"14-Jul-2025","932.00","932.00","911.30","918.85","6,657,978"
"15-Jul-2025","919.00","930.60","918.00","928.40","3,892,075"
"16-Jul-2025","924.00","927.00","919.40","921.75","3,952,491"
"17-Jul-2025","925.95","926.25","916.00","923.30","4,583,882"
"18-Jul-2025","920.50","944.90","920.00","942.00","7,893,820"
"21-Jul-2025","938.90","951.00","937.35","948.45","4,660,232"
"22-Jul-2025","955.00","962.00","940.00","952.55","6,237,382"
"23-Jul-2025","954.00","970.95","953.65","968.30","9,694,991"
"24-Jul-2025","970.00","970.00","954.00","958.95","5,189,112"
"25-Jul-2025","906.40","924.90","898.00","913.75","24,415,481"
"28-Jul-2025","909.25","913.75","879.00","880.50","14,011,284"
"29-Jul-2025","875.05","894.00","873.50","886.55","11,323,854"
"30-Jul-2025","890.95","892.60","875.00","884.85","5,054,496"
"31-Jul-2025","872.00","887.85","868.00","881.20","6,999,179"
"01-Aug-2025","884.80","895.85","873.00","875.60","5,300,299"
"04-Aug-2025","874.00","886.75","873.70","885.30","3,969,985"
"05-Aug-2025","889.00","893.60","882.40","891.90","4,446,791"
"06-Aug-2025","888.00","895.50","874.60","876.65","4,212,648"
"07-Aug-2025","871.00","882.00","867.25","879.10","5,998,002"
"08-Aug-2025","877.00","888.30","876.00","877.15","3,736,916"
"11-Aug-2025","877.15","888.30","872.75","877.80","5,367,926"
"12-Aug-2025","877.20","884.90","851.50","853.00","8,257,312"
"13-Aug-2025","854.55","864.00","849.00","860.00","10,117,225"
"14-Aug-2025","860.00","866.90","855.45","861.45","5,379,250"
"18-Aug-2025","875.00","919.65","875.00","905.20","16,277,779"
"19-Aug-2025","905.95","909.90","890.50","902.30","5,764,382"
"20-Aug-2025","900.55","902.00","886.05","887.80","5,561,646"
"21-Aug-2025","888.00","901.30","884.00","895.60","6,697,533"
"22-Aug-2025","895.00","903.90","892.00","894.50","6,424,895"
"25-Aug-2025","902.10","908.00","898.15","900.80","5,837,876"
"26-Aug-2025","899.95","901.90","873.50","876.25","6,712,926"
"28-Aug-2025","870.20","884.50","869.70","876.85","8,349,342"
"29-Aug-2025","870.85","888.00","870.85","877.85","5,672,446"
"01-Sep-2025","877.85","894.80","877.85","889.35","4,101,526"
"02-Sep-2025","895.00","899.55","886.15","890.10","6,103,185"
"03-Sep-2025","892.70","898.85","880.05","896.30","5,493,809"
"04-Sep-2025","915.00","948.00","912.25","934.75","21,738,706"
"05-Sep-2025","942.00","942.35","932.00","937.60","5,467,260"
"08-Sep-2025","937.60","949.65","935.65","944.30","5,657,331"
"09-Sep-2025","944.00","949.40","940.00","948.40","5,417,393"
"10-Sep-2025","951.05","969.65","947.70","967.95","6,836,239"
"11-Sep-2025","968.00","975.90","965.60","970.25","5,982,627"
"12-Sep-2025","972.25","1,004.60","970.85","1,003.25","11,412,561"
"15-Sep-2025","999.00","1,025.70","998.10","1,009.85","9,989,753"
"16-Sep-2025","1,005.85","1,015.30","1,000.00","1,003.25","7,602,155"
"17-Sep-2025","1,010.00","1,011.80","1,000.35","1,007.50","6,995,023"
"18-Sep-2025","1,007.00","1,009.80","990.00","996.50","9,738,376"
"19-Sep-2025","991.00","996.00","988.60","992.45","6,736,440"
"22-Sep-2025","989.95","1,010.90","989.00","1,006.50","4,250,045"
"23-Sep-2025","999.00","1,028.80","999.00","1,025.50","10,230,040"
"24-Sep-2025","1,021.50","1,036.00","1,020.40","1,029.75","6,433,184"
"25-Sep-2025","1,020.00","1,031.10","1,008.00","1,012.75","16,731,453"
"26-Sep-2025","1,008.05","1,010.50","981.05","985.10","9,109,737"
"29-Sep-2025","990.00","997.80","981.10","990.95","5,804,877"
"30-Sep-2025","990.00","1,002.30","989.45","998.90","7,182,200"
"01-Oct-2025","991.50","1,000.00","977.75","987.70","6,932,272"
"03-Oct-2025","975.00","992.20","972.00","989.75","7,692,197"
"06-Oct-2025","993.00","1,023.00","992.10","1,008.90","9,299,635"
"07-Oct-2025","1,008.90","1,029.50","1,008.90","1,016.55","7,991,437"
"08-Oct-2025","1,012.05","1,028.00","1,012.05","1,023.15","4,448,915"
"09-Oct-2025","1,023.00","1,029.00","1,014.95","1,024.10","4,444,154"
"10-Oct-2025","1,018.10","1,027.50","1,017.00","1,023.85","3,714,548"
"13-Oct-2025","1,023.85","1,040.00","1,021.50","1,036.75","7,684,523"
"14-Oct-2025","1,040.00","1,042.10","1,011.35","1,019.15","7,668,358"
"15-Oct-2025","1,026.00","1,063.00","1,018.40","1,059.90","10,205,158"
"16-Oct-2025","1,062.00","1,081.10","1,058.85","1,065.75","9,901,992"
"17-Oct-2025","1,056.10","1,076.45","1,056.10","1,070.10","5,761,670"
"20-Oct-2025","1,081.50","1,086.50","1,072.20","1,081.00","5,700,858"
"21-Oct-2025","1,084.90","1,089.00","1,081.00","1,086.50","911,624"
"23-Oct-2025","1,090.00","1,102.50","1,083.90","1,094.15","11,143,407"
"24-Oct-2025","1,093.50","1,098.60","1,087.40","1,089.75","6,440,277"
"27-Oct-2025","1,090.95","1,094.00","1,075.75","1,084.40","7,366,175"
"28-Oct-2025","1,078.00","1,092.40","1,063.05","1,072.75","12,324,341"
"29-Oct-2025","1,072.00","1,079.15","1,061.25","1,062.95","5,386,803"
"30-Oct-2025","1,063.00","1,066.80","1,045.00","1,052.30","4,271,927"
"31-Oct-2025","1,052.00","1,069.45","1,041.40","1,042.80","5,315,632"
"03-Nov-2025","1,037.00","1,048.00","1,031.00","1,043.10","4,135,617"
"04-Nov-2025","1,040.00","1,060.40","1,035.00","1,057.00","6,202,540"
"06-Nov-2025","1,037.00","1,052.80","1,035.00","1,041.90","5,776,277"
"07-Nov-2025","1,039.00","1,076.90","1,034.20","1,066.60","6,940,923"
"10-Nov-2025","1,066.60","1,088.00","1,062.90","1,085.00","5,692,236"
"11-Nov-2025","1,043.70","1,043.70","997.00","1,005.20","23,762,890"
"12-Nov-2025","1,011.00","1,018.40","1,008.80","1,013.20","11,131,278"
"13-Nov-2025","1,012.50","1,019.40","1,003.50","1,005.40","8,503,994"
"14-Nov-2025","1,004.90","1,019.90","1,002.60","1,018.50","4,381,122"
"17-Nov-2025","1,021.00","1,033.00","1,017.00","1,026.80","6,011,603"
"18-Nov-2025","1,021.20","1,024.10","1,011.70","1,013.60","4,562,185"
"19-Nov-2025","1,009.00","1,016.10","1,004.60","1,005.60","5,158,832"
"20-Nov-2025","1,015.00","1,031.70","1,007.30","1,028.60","5,459,073"
"21-Nov-2025","1,020.00","1,027.60","1,001.50","1,004.10","6,304,584"
"24-Nov-2025","1,005.00","1,009.30","990.00","994.00","9,574,900"
"25-Nov-2025","995.00","996.90","984.50","986.20","6,376,983"
"26-Nov-2025","986.20","1,012.80","981.30","1,010.70","9,772,235"
"27-Nov-2025","1,015.60","1,044.90","1,010.90","1,033.80","12,076,038"
"28-Nov-2025","1,038.00","1,043.50","1,031.00","1,037.50","4,983,147"
"01-Dec-2025","1,041.90","1,042.00","1,018.80","1,021.10","6,459,837"
"02-Dec-2025","1,014.50","1,036.00","1,013.90","1,025.50","6,706,145"
"03-Dec-2025","1,021.00","1,026.30","1,014.20","1,021.40","5,895,670"
"04-Dec-2025","1,018.00","1,032.30","1,016.00","1,029.10","5,404,918"
"05-Dec-2025","1,028.90","1,061.00","1,026.50","1,048.00","13,123,572"
"08-Dec-2025","1,048.00","1,049.80","1,023.00","1,026.40","5,189,635"
"09-Dec-2025","1,025.00","1,026.00","1,013.70","1,016.70","5,968,501"
"10-Dec-2025","1,016.00","1,021.70","1,007.30","1,010.30","4,990,527"
"11-Dec-2025","1,011.90","1,020.50","1,000.10","1,006.40","4,670,539"
"12-Dec-2025","1,000.00","1,020.80","1,000.00","1,017.30","4,381,711"
"15-Dec-2025","1,015.00","1,016.50","1,008.00","1,012.70","3,958,977"
"16-Dec-2025","1,007.50","1,010.60","996.50","998.40","3,861,617"
"17-Dec-2025","1,000.00","1,011.20","995.30","999.60","4,695,550"
"18-Dec-2025","1,002.10","1,009.70","995.00","1,000.30","3,103,997"
"19-Dec-2025","1,003.20","1,014.00","1,002.50","1,008.30","5,126,009"
"22-Dec-2025","1,008.30","1,015.40","1,005.00","1,007.80","3,921,237"
"23-Dec-2025","1,013.50","1,018.00","1,005.70","1,011.40","4,712,043"
"24-Dec-2025","1,011.00","1,037.40","1,006.00","1,011.70","5,984,816"
"26-Dec-2025","1,011.70","1,011.70","998.00","1,000.00","5,211,460"
"29-Dec-2025","1,003.00","1,003.90","989.60","998.00","6,715,489"
"30-Dec-2025","994.10","997.60","987.10","989.30","7,473,887"
"31-Dec-2025","990.00","994.20","978.40","986.80","9,895,270"
"26-Feb-2026","1,020.75","1,031.20","1,006.05","1,014.15","2,993,700"
