"Date","Open","High","Low","Close","Volume"
"01-Jan-2019","2,127.65","2,151.00","2,105.60","2,148.10","1,593,360"
"02-Jan-2019","2,142.80","2,147.50","2,119.70","2,128.50","2,033,558"
"03-Jan-2019","2,124.20","2,128.25","2,103.00","2,111.80","3,192,916"
"04-Jan-2019","2,115.25","2,128.50","2,110.35","2,117.45","1,821,780"
"07-Jan-2019","2,127.70","2,135.35","2,118.00","2,120.65","1,346,753"
"08-Jan-2019","2,122.00","2,123.50","2,096.65","2,103.00","2,085,865"
"09-Jan-2019","2,118.00","2,121.35","2,102.60","2,116.80","2,142,157"
"10-Jan-2019","2,117.00","2,123.80","2,092.65","2,108.50","1,922,885"
"11-Jan-2019","2,113.80","2,124.00","2,108.00","2,111.90","1,602,010"
"14-Jan-2019","2,109.90","2,109.90","2,098.45","2,101.65","1,213,790"
"15-Jan-2019","2,105.05","2,126.50","2,102.00","2,121.90","1,271,889"
"16-Jan-2019","2,120.05","2,125.00","2,108.25","2,120.20","1,313,113"
"17-Jan-2019","2,125.25","2,135.90","2,113.35","2,132.30","2,060,057"
"18-Jan-2019","2,135.00","2,139.00","2,114.55","2,130.25","1,301,994"
"21-Jan-2019","2,139.95","2,166.50","2,126.50","2,148.15","4,390,378"
"22-Jan-2019","2,146.00","2,146.80","2,129.05","2,135.85","2,199,244"
"23-Jan-2019","2,134.00","2,135.85","2,101.45","2,105.40","1,906,072"
"24-Jan-2019","2,110.00","2,121.65","2,097.90","2,102.25","2,527,893"
"25-Jan-2019","2,093.00","2,110.00","2,090.00","2,096.00","2,815,559"
"28-Jan-2019","2,090.00","2,102.05","2,076.75","2,084.15","3,840,109"
"29-Jan-2019","2,078.25","2,083.00","2,053.00","2,057.60","3,690,697"
"30-Jan-2019","2,057.25","2,057.25","2,028.00","2,034.70","4,628,540"
"31-Jan-2019","2,031.00","2,089.75","2,022.00","2,079.95","4,144,851"
"01-Feb-2019","2,079.95","2,117.00","2,076.60","2,090.45","3,913,547"
"04-Feb-2019","2,095.00","2,113.00","2,082.65","2,104.90","1,984,572"
"05-Feb-2019","2,108.00","2,119.00","2,097.00","2,114.05","2,172,572"
"06-Feb-2019","2,116.25","2,127.00","2,113.60","2,122.65","2,718,921"
"07-Feb-2019","2,125.05","2,130.00","2,105.85","2,117.25","1,804,327"
"08-Feb-2019","2,112.00","2,144.95","2,106.65","2,122.65","3,058,911"
"11-Feb-2019","2,113.30","2,142.90","2,113.30","2,139.65","1,759,091"
"12-Feb-2019","2,138.00","2,148.00","2,124.80","2,129.70","2,443,097"
"13-Feb-2019","2,135.55","2,155.00","2,132.30","2,143.45","2,360,187"
"14-Feb-2019","2,140.00","2,140.00","2,105.60","2,110.20","1,860,347"
"15-Feb-2019","2,107.35","2,108.10","2,078.20","2,100.65","2,104,131"
"18-Feb-2019","2,106.80","2,118.00","2,086.00","2,089.90","1,784,686"
"19-Feb-2019","2,089.70","2,108.15","2,078.20","2,084.05","1,317,159"
"20-Feb-2019","2,088.50","2,111.00","2,081.90","2,108.35","1,223,125"
"21-Feb-2019","2,101.70","2,119.95","2,093.60","2,115.90","1,315,386"
"22-Feb-2019","2,119.40","2,128.10","2,089.10","2,091.45","2,222,677"
"25-Feb-2019","2,095.15","2,129.95","2,095.15","2,125.40","2,035,149"
"26-Feb-2019","2,111.25","2,125.00","2,101.10","2,110.65","2,401,857"
"27-Feb-2019","2,116.10","2,124.45","2,088.15","2,092.25","1,757,523"
"28-Feb-2019","2,093.10","2,105.85","2,073.20","2,077.55","2,911,344"
"01-Mar-2019","2,086.25","2,100.90","2,077.00","2,083.35","2,338,232"
"05-Mar-2019","2,088.90","2,111.10","2,070.00","2,107.10","2,959,319"
"06-Mar-2019","2,110.00","2,110.30","2,090.55","2,104.25","2,114,511"
"07-Mar-2019","2,109.60","2,130.00","2,095.00","2,126.50","2,551,213"
"08-Mar-2019","2,115.05","2,130.00","2,109.45","2,128.20","1,763,365"
"11-Mar-2019","2,132.00","2,143.70","2,122.20","2,128.45","2,306,027"
"12-Mar-2019","2,147.00","2,175.00","2,137.00","2,171.00","3,774,323"
"13-Mar-2019","2,175.00","2,234.00","2,172.10","2,226.55","14,291,587"
"14-Mar-2019","2,244.85","2,247.50","2,210.60","2,224.75","3,844,966"
"15-Mar-2019","2,231.00","2,259.90","2,228.05","2,253.00","3,190,772"
"18-Mar-2019","2,261.90","2,291.65","2,247.00","2,261.45","3,589,680"
"19-Mar-2019","2,269.50","2,275.90","2,251.00","2,267.75","2,989,498"
"20-Mar-2019","2,269.00","2,300.00","2,261.05","2,299.00","2,927,998"
"22-Mar-2019","2,300.00","2,307.00","2,270.80","2,276.15","7,600,970"
"25-Mar-2019","2,260.00","2,287.85","2,253.00","2,281.30","2,299,815"
"26-Mar-2019","2,275.90","2,315.00","2,272.60","2,311.35","2,946,712"
"27-Mar-2019","2,318.55","2,328.05","2,279.05","2,299.45","3,471,325"
"28-Mar-2019","2,298.80","2,325.00","2,287.85","2,302.80","4,888,582"
"29-Mar-2019","2,304.60","2,325.00","2,294.00","2,318.90","2,986,742"
"01-Apr-2019","2,325.25","2,332.00","2,304.60","2,311.80","2,411,769"
"02-Apr-2019","2,320.00","2,320.00","2,285.45","2,294.85","2,727,624"
"03-Apr-2019","2,292.10","2,316.00","2,288.25","2,292.75","1,914,863"
"04-Apr-2019","2,292.75","2,313.00","2,280.00","2,283.95","2,302,888"
"05-Apr-2019","2,287.80","2,313.75","2,282.00","2,305.60","2,087,795"
"08-Apr-2019","2,319.00","2,322.95","2,280.10","2,289.40","1,599,533"
"09-Apr-2019","2,296.60","2,303.00","2,267.00","2,287.25","2,694,400"
"10-Apr-2019","2,250.00","2,284.00","2,231.00","2,237.35","27,032,175"
"11-Apr-2019","2,244.90","2,263.00","2,236.95","2,257.50","2,198,325"
"12-Apr-2019","2,252.10","2,272.20","2,252.10","2,265.25","2,292,611"
"15-Apr-2019","2,270.00","2,292.90","2,264.35","2,288.80","2,554,945"
"16-Apr-2019","2,290.95","2,309.90","2,280.30","2,305.05","2,068,444"
"18-Apr-2019","2,313.00","2,315.05","2,288.00","2,293.65","2,653,714"
"22-Apr-2019","2,325.00","2,325.00","2,261.00","2,268.70","5,245,105"
"23-Apr-2019","2,277.55","2,290.00","2,241.60","2,245.30","3,820,600"
"24-Apr-2019","2,250.00","2,283.90","2,247.05","2,279.75","3,088,532"
"25-Apr-2019","2,286.90","2,298.80","2,257.95","2,263.45","4,521,659"
"26-Apr-2019","2,265.90","2,285.00","2,256.90","2,280.95","2,926,892"
"30-Apr-2019","2,285.00","2,320.00","2,278.40","2,317.45","3,134,209"
"02-May-2019","2,323.50","2,359.65","2,317.50","2,355.80","4,292,325"
"03-May-2019","2,364.20","2,378.00","2,356.50","2,367.95","3,087,880"
"06-May-2019","2,348.00","2,351.90","2,317.05","2,328.45","3,437,023"
"07-May-2019","2,351.90","2,358.00","2,318.00","2,322.35","2,481,051"
"08-May-2019","2,322.55","2,323.80","2,288.00","2,307.25","3,016,052"
"09-May-2019","2,300.00","2,300.00","2,271.60","2,290.90","2,256,931"
"10-May-2019","2,291.35","2,324.90","2,291.35","2,296.50","2,648,550"
"13-May-2019","2,296.05","2,313.35","2,280.00","2,287.20","2,767,908"
"14-May-2019","2,296.70","2,311.00","2,275.55","2,287.90","2,623,686"
"15-May-2019","2,296.00","2,307.20","2,282.20","2,286.70","2,239,087"
"16-May-2019","2,280.55","2,319.00","2,280.00","2,310.65","2,012,534"
"17-May-2019","2,313.00","2,369.30","2,311.60","2,362.10","3,689,695"
"20-May-2019","2,408.00","2,438.70","2,380.00","2,432.35","4,424,908"
"21-May-2019","2,438.00","2,449.40","2,399.45","2,403.70","2,581,294"
"22-May-2019","2,411.85","2,426.00","2,394.25","2,405.75","2,846,665"
"23-May-2019","2,409.00","2,439.90","2,319.10","2,332.10","8,270,499"
"24-May-2019","2,359.70","2,386.15","2,340.15","2,373.35","3,423,200"
"27-May-2019","2,378.90","2,421.90","2,372.25","2,408.35","3,012,256"
"28-May-2019","2,416.50","2,420.00","2,387.05","2,416.20","1,841,210"
"29-May-2019","2,410.20","2,430.80","2,410.20","2,416.90","1,868,804"
"30-May-2019","2,416.00","2,447.90","2,413.05","2,439.55","2,339,800"
"31-May-2019","2,456.80","2,465.00","2,356.80","2,425.35","4,946,270"
"03-Jun-2019","2,427.00","2,459.80","2,424.95","2,457.10","2,120,215"
"04-Jun-2019","2,455.00","2,465.75","2,441.05","2,452.30","1,610,747"
"06-Jun-2019","2,453.20","2,470.00","2,413.35","2,423.35","3,908,731"
"07-Jun-2019","2,425.65","2,454.25","2,409.00","2,447.65","1,992,733"
"10-Jun-2019","2,469.95","2,469.95","2,432.10","2,440.20","1,769,285"
"11-Jun-2019","2,451.50","2,459.90","2,440.35","2,448.40","1,775,823"
"12-Jun-2019","2,445.00","2,448.40","2,423.65","2,427.05","1,827,155"
"13-Jun-2019","2,435.95","2,452.00","2,415.95","2,444.70","2,776,987"
"14-Jun-2019","2,442.95","2,458.95","2,425.00","2,435.10","2,989,230"
"17-Jun-2019","2,435.00","2,439.90","2,417.30","2,422.00","3,202,505"
"18-Jun-2019","2,418.00","2,432.00","2,404.00","2,417.25","3,104,913"
"19-Jun-2019","2,427.00","2,444.90","2,416.70","2,428.35","2,686,069"
"20-Jun-2019","2,428.35","2,437.00","2,414.60","2,426.35","2,792,873"
"21-Jun-2019","2,426.00","2,429.70","2,405.65","2,414.20","3,312,565"
"24-Jun-2019","2,411.95","2,430.60","2,410.00","2,417.95","1,728,750"
"25-Jun-2019","2,419.85","2,441.50","2,403.00","2,428.70","2,224,950"
"26-Jun-2019","2,424.70","2,470.00","2,422.00","2,467.90","2,633,409"
"27-Jun-2019","2,468.75","2,494.50","2,456.15","2,462.30","4,969,809"
"28-Jun-2019","2,464.00","2,475.00","2,437.05","2,443.75","3,189,211"
"01-Jul-2019","2,456.00","2,489.00","2,450.05","2,485.55","2,131,040"
"02-Jul-2019","2,488.00","2,497.50","2,467.20","2,495.00","1,811,707"
"03-Jul-2019","2,499.00","2,503.30","2,483.00","2,489.65","1,865,814"
"04-Jul-2019","2,494.80","2,497.90","2,472.00","2,483.80","1,998,491"
"05-Jul-2019","2,485.10","2,494.95","2,460.00","2,472.40","1,895,765"
"08-Jul-2019","2,474.55","2,474.60","2,397.05","2,409.60","3,651,785"
"09-Jul-2019","2,403.85","2,410.80","2,373.00","2,379.15","4,120,672"
"10-Jul-2019","2,378.75","2,398.00","2,366.25","2,388.75","2,892,287"
"11-Jul-2019","2,403.00","2,414.00","2,395.65","2,407.15","2,274,399"
"12-Jul-2019","2,418.00","2,418.00","2,385.05","2,393.90","2,244,068"
"15-Jul-2019","2,396.00","2,403.00","2,377.35","2,394.75","2,058,296"
"16-Jul-2019","2,418.00","2,418.00","2,382.00","2,391.20","3,192,642"
"17-Jul-2019","2,392.95","2,411.60","2,391.30","2,397.45","1,939,934"
"18-Jul-2019","2,403.00","2,429.00","2,401.90","2,411.90","2,700,646"
"19-Jul-2019","2,415.00","2,420.70","2,367.00","2,375.65","2,234,807"
"22-Jul-2019","2,345.00","2,349.85","2,281.25","2,297.25","5,542,824"
"23-Jul-2019","2,294.50","2,294.50","2,242.05","2,263.50","6,950,716"
"24-Jul-2019","2,256.75","2,293.00","2,251.00","2,280.90","4,340,935"
"25-Jul-2019","2,285.00","2,315.45","2,280.25","2,286.05","4,865,502"
"26-Jul-2019","2,278.20","2,293.65","2,272.85","2,277.30","3,207,457"
"29-Jul-2019","2,273.55","2,273.55","2,223.05","2,244.30","2,494,123"
"30-Jul-2019","2,255.00","2,271.20","2,239.90","2,252.25","2,598,534"
"31-Jul-2019","2,240.00","2,267.00","2,234.25","2,251.65","3,472,960"
"01-Aug-2019","2,229.10","2,240.00","2,197.00","2,221.80","4,560,419"
"02-Aug-2019","2,211.00","2,224.00","2,182.00","2,214.35","6,956,384"
"05-Aug-2019","2,197.05","2,200.00","2,162.50","2,179.25","4,955,610"
"06-Aug-2019","2,167.00","2,210.25","2,167.00","2,189.10","6,222,735"
"07-Aug-2019","2,190.00","2,202.00","2,165.00","2,184.00","4,687,534"
"08-Aug-2019","2,198.00","2,243.00","2,183.00","2,233.15","4,927,900"
"09-Aug-2019","2,247.00","2,289.00","2,239.80","2,282.00","7,609,028"
"13-Aug-2019","2,273.30","2,273.30","2,202.60","2,220.35","3,860,017"
"14-Aug-2019","2,235.40","2,235.40","2,203.05","2,229.45","3,563,513"
"16-Aug-2019","2,214.00","2,233.00","2,204.10","2,227.70","3,811,890"
"19-Aug-2019","2,238.50","2,242.00","2,201.70","2,206.85","2,124,550"
"20-Aug-2019","2,209.25","2,227.80","2,206.85","2,220.60","2,567,648"
"21-Aug-2019","2,224.90","2,241.20","2,214.20","2,225.85","2,618,178"
"22-Aug-2019","2,220.85","2,220.85","2,167.05","2,174.10","3,498,011"
"23-Aug-2019","2,161.00","2,177.00","2,139.60","2,162.70","5,024,904"
"26-Aug-2019","2,194.90","2,266.15","2,167.00","2,256.15","6,320,061"
"27-Aug-2019","2,256.00","2,272.90","2,240.10","2,259.95","5,165,208"
"28-Aug-2019","2,250.00","2,257.35","2,226.35","2,247.50","3,415,647"
"29-Aug-2019","2,246.00","2,253.70","2,220.30","2,226.95","3,695,929"
"30-Aug-2019","2,233.50","2,260.00","2,222.00","2,227.95","4,808,330"
"03-Sep-2019","2,220.00","2,221.00","2,196.15","2,210.95","2,857,169"
"04-Sep-2019","2,207.00","2,274.00","2,199.00","2,247.75","3,765,176"
"05-Sep-2019","2,249.00","2,272.40","2,225.00","2,235.15","4,324,063"
"06-Sep-2019","2,228.00","2,256.60","2,221.30","2,245.90","3,217,501"
"09-Sep-2019","2,246.00","2,260.90","2,216.10","2,249.60","2,660,851"
"11-Sep-2019","2,274.00","2,274.00","2,241.15","2,251.30","3,802,279"
"12-Sep-2019","2,250.70","2,288.80","2,248.15","2,270.85","4,533,075"
"13-Sep-2019","2,251.00","2,267.45","2,238.00","2,257.45","3,842,835"
"16-Sep-2019","2,251.90","2,262.65","2,241.00","2,244.15","2,757,546"
"17-Sep-2019","2,247.90","2,248.50","2,198.10","2,211.35","2,664,139"
"18-Sep-2019","2,217.30","2,224.15","2,180.00","2,187.75","3,239,971"
"19-Sep-2019","1,099.90","1,107.05","1,084.00","1,101.05","5,311,655"
"20-Sep-2019","1,108.00","1,209.90","1,105.40","1,199.60","23,075,017"
"23-Sep-2019","1,259.55","1,282.70","1,229.00","1,257.25","20,960,205"
"24-Sep-2019","1,250.00","1,261.95","1,227.55","1,253.80","11,689,524"
"25-Sep-2019","1,249.90","1,249.90","1,230.10","1,239.70","7,804,488"
"26-Sep-2019","1,239.80","1,275.00","1,236.35","1,242.50","15,335,780"
"27-Sep-2019","1,248.25","1,253.50","1,237.60","1,244.20","7,436,585"
"30-Sep-2019","1,228.80","1,240.00","1,216.50","1,227.45","9,109,229"
"01-Oct-2019","1,231.50","1,255.00","1,221.10","1,248.80","9,384,176"
"03-Oct-2019","1,239.95","1,243.80","1,216.35","1,223.55","8,149,438"
"04-Oct-2019","1,236.65","1,239.60","1,185.30","1,189.70","9,201,816"
"07-Oct-2019","1,201.20","1,219.85","1,181.15","1,186.90","11,256,610"
"09-Oct-2019","1,197.10","1,229.90","1,190.00","1,228.15","8,713,635"
"10-Oct-2019","1,221.80","1,225.95","1,197.20","1,200.55","5,778,429"
"11-Oct-2019","1,213.40","1,224.00","1,188.95","1,198.80","8,593,159"
"14-Oct-2019","1,209.00","1,219.90","1,197.40","1,204.40","6,133,901"
"15-Oct-2019","1,207.00","1,225.00","1,206.85","1,223.05","4,200,187"
"16-Oct-2019","1,231.65","1,235.00","1,210.10","1,221.10","5,293,408"
"17-Oct-2019","1,227.50","1,229.85","1,213.10","1,220.00","6,121,807"
"18-Oct-2019","1,225.45","1,233.85","1,220.35","1,229.00","5,616,903"
"22-Oct-2019","1,257.00","1,257.00","1,232.60","1,239.30","10,003,114"
"23-Oct-2019","1,246.85","1,249.75","1,233.00","1,241.60","5,095,107"
"24-Oct-2019","1,248.00","1,254.15","1,226.35","1,236.10","6,553,747"
"25-Oct-2019","1,240.00","1,246.85","1,220.00","1,229.00","6,496,771"
"27-Oct-2019","1,239.95","1,241.90","1,235.00","1,237.70","875,425"
"29-Oct-2019","1,238.00","1,257.35","1,237.70","1,242.50","7,116,284"
"30-Oct-2019","1,246.90","1,262.70","1,243.00","1,248.35","6,005,683"
"31-Oct-2019","1,257.70","1,263.90","1,227.10","1,230.35","6,608,853"
"01-Nov-2019","1,239.00","1,243.75","1,227.60","1,240.05","5,756,130"
"04-Nov-2019","1,246.45","1,250.00","1,229.05","1,236.85","4,967,588"
"05-Nov-2019","1,241.00","1,244.80","1,229.05","1,239.50","6,183,905"
"06-Nov-2019","1,242.45","1,259.00","1,228.05","1,256.65","6,065,168"
"07-Nov-2019","1,261.00","1,269.70","1,250.00","1,263.70","8,481,517"
"08-Nov-2019","1,259.00","1,267.00","1,251.45","1,255.60","6,625,748"
"11-Nov-2019","1,252.55","1,268.50","1,250.50","1,264.75","7,143,305"
"13-Nov-2019","1,261.95","1,270.00","1,253.60","1,257.55","4,646,748"
"14-Nov-2019","1,263.80","1,277.00","1,257.20","1,273.90","5,527,609"
"15-Nov-2019","1,283.85","1,285.00","1,271.10","1,277.90","4,639,506"
"18-Nov-2019","1,277.00","1,279.45","1,258.70","1,262.05","4,565,146"
"19-Nov-2019","1,265.30","1,275.00","1,261.10","1,271.90","5,285,289"
"20-Nov-2019","1,273.00","1,282.95","1,267.00","1,273.35","5,527,129"
"21-Nov-2019","1,270.25","1,287.00","1,268.35","1,283.35","6,009,763"
"22-Nov-2019","1,283.65","1,283.65","1,262.00","1,264.75","3,844,005"
"25-Nov-2019","1,264.15","1,279.50","1,264.15","1,271.10","3,946,778"
"26-Nov-2019","1,278.45","1,279.75","1,266.95","1,275.05","4,358,001"
"27-Nov-2019","1,276.00","1,285.75","1,271.20","1,278.40","4,790,333"
"28-Nov-2019","1,280.20","1,283.05","1,262.00","1,265.30","6,183,020"
"29-Nov-2019","1,267.70","1,279.90","1,252.00","1,274.95","7,783,813"
"02-Dec-2019","1,273.95","1,273.95","1,258.60","1,265.75","4,473,102"
"03-Dec-2019","1,268.20","1,269.00","1,253.80","1,255.40","3,495,953"
"04-Dec-2019","1,252.50","1,256.90","1,234.20","1,251.65","5,697,807"
"05-Dec-2019","1,255.60","1,258.75","1,240.75","1,245.60","6,386,247"
"06-Dec-2019","1,248.95","1,260.00","1,238.20","1,246.05","6,887,325"
"09-Dec-2019","1,249.50","1,249.85","1,237.55","1,242.95","4,132,675"
"10-Dec-2019","1,251.00","1,253.65","1,245.10","1,249.50","4,894,450"
"11-Dec-2019","1,250.10","1,254.00","1,242.50","1,248.75","5,527,321"
"12-Dec-2019","1,253.00","1,269.45","1,253.00","1,263.60","6,456,574"
"13-Dec-2019","1,265.00","1,272.35","1,259.25","1,263.85","5,887,593"
"16-Dec-2019","1,269.25","1,270.00","1,248.20","1,257.35","5,663,788"
"17-Dec-2019","1,260.00","1,274.80","1,255.35","1,271.10","6,213,677"
"18-Dec-2019","1,283.00","1,299.00","1,273.65","1,292.35","8,723,586"
"19-Dec-2019","1,305.00","1,305.50","1,286.10","1,288.80","6,509,188"
"20-Dec-2019","1,288.75","1,299.60","1,280.05","1,296.70","7,513,022"
"23-Dec-2019","1,299.00","1,304.00","1,288.80","1,302.40","5,097,891"
"24-Dec-2019","1,298.60","1,301.10","1,286.95","1,289.15","3,589,604"
"26-Dec-2019","1,289.70","1,291.85","1,264.65","1,270.45","7,474,879"
"27-Dec-2019","1,272.00","1,279.00","1,270.00","1,275.00","3,546,496"
"30-Dec-2019","1,282.00","1,288.75","1,274.05","1,282.15","4,667,095"
"31-Dec-2019","1,281.95","1,281.95","1,268.65","1,272.10","4,178,528"
"01-Jan-2020","1,276.10","1,280.00","1,270.60","1,278.60","1,836,849"
"02-Jan-2020","1,279.00","1,288.00","1,279.00","1,286.75","3,068,583"
"03-Jan-2020","1,282.20","1,285.00","1,263.60","1,268.40","5,427,775"
"06-Jan-2020","1,260.00","1,261.80","1,236.00","1,240.95","5,445,093"
"07-Jan-2020","1,258.90","1,271.45","1,252.25","1,260.60","7,362,247"
"08-Jan-2020","1,246.95","1,262.15","1,240.05","1,257.30","5,666,055"
"09-Jan-2020","1,265.00","1,275.80","1,263.10","1,271.40","4,773,158"
"10-Jan-2020","1,284.10","1,286.90","1,275.10","1,282.70","4,607,290"
"13-Jan-2020","1,282.70","1,296.50","1,276.00","1,286.00","3,725,784"
"14-Jan-2020","1,289.00","1,292.55","1,277.50","1,289.50","3,943,145"
"15-Jan-2020","1,286.40","1,287.95","1,274.10","1,284.25","5,893,724"
"16-Jan-2020","1,282.05","1,291.00","1,279.35","1,287.65","3,575,200"
"17-Jan-2020","1,281.75","1,284.90","1,271.90","1,278.15","8,459,407"
"20-Jan-2020","1,304.85","1,304.85","1,252.50","1,254.90","11,089,225"
"21-Jan-2020","1,250.00","1,250.00","1,238.40","1,244.35","7,492,402"
"22-Jan-2020","1,248.05","1,255.00","1,234.40","1,240.85","9,184,155"
"23-Jan-2020","1,240.00","1,246.85","1,231.00","1,244.85","5,754,460"
"24-Jan-2020","1,246.00","1,254.00","1,239.10","1,244.55","5,915,878"
"27-Jan-2020","1,235.00","1,235.00","1,211.75","1,213.20","9,444,276"
"28-Jan-2020","1,218.80","1,227.80","1,213.25","1,223.20","6,706,079"
"29-Jan-2020","1,225.30","1,242.00","1,222.25","1,235.85","6,894,175"
"30-Jan-2020","1,238.95","1,238.95","1,217.20","1,226.05","6,055,992"
"31-Jan-2020","1,231.45","1,237.80","1,220.25","1,226.30","5,589,134"
"01-Feb-2020","1,220.00","1,227.70","1,191.35","1,198.70","4,913,643"
"03-Feb-2020","1,197.00","1,197.95","1,177.70","1,192.80","6,538,505"
"04-Feb-2020","1,198.00","1,234.00","1,198.00","1,229.80","10,448,852"
"05-Feb-2020","1,234.90","1,248.00","1,227.30","1,244.65","9,010,341"
"06-Feb-2020","1,244.65","1,248.70","1,237.20","1,239.80","5,913,775"
"07-Feb-2020","1,246.00","1,247.00","1,231.60","1,242.20","3,407,724"
"10-Feb-2020","1,242.95","1,242.95","1,226.05","1,240.30","4,609,917"
"11-Feb-2020","1,243.30","1,255.00","1,238.05","1,240.60","5,806,760"
"12-Feb-2020","1,245.20","1,252.90","1,244.05","1,249.00","3,148,965"
"13-Feb-2020","1,259.90","1,259.90","1,233.60","1,241.40","4,556,070"
"14-Feb-2020","1,243.20","1,248.40","1,215.00","1,219.35","7,344,429"
"17-Feb-2020","1,225.00","1,233.00","1,214.45","1,217.15","5,076,345"
"18-Feb-2020","1,216.90","1,218.50","1,203.50","1,213.25","5,264,558"
"19-Feb-2020","1,222.50","1,230.00","1,213.90","1,227.20","5,006,134"
"20-Feb-2020","1,230.00","1,230.00","1,214.10","1,217.10","5,561,707"
"24-Feb-2020","1,208.95","1,214.75","1,200.00","1,209.95","8,284,042"
"25-Feb-2020","1,204.00","1,209.00","1,198.00","1,200.30","6,943,340"
"26-Feb-2020","1,197.50","1,204.70","1,185.65","1,199.25","6,907,393"
"27-Feb-2020","1,195.00","1,202.50","1,181.00","1,199.45","10,327,549"
"28-Feb-2020","1,175.50","1,185.00","1,170.10","1,177.65","12,156,528"
"02-Mar-2020","1,200.20","1,201.15","1,166.15","1,179.60","7,332,449"
"03-Mar-2020","1,175.00","1,185.35","1,168.00","1,181.80","11,184,775"
"04-Mar-2020","1,178.35","1,180.00","1,133.10","1,148.85","17,144,435"
"05-Mar-2020","1,153.00","1,165.00","1,142.75","1,151.35","9,774,854"
"06-Mar-2020","1,125.00","1,140.90","1,101.00","1,134.90","11,526,783"
"09-Mar-2020","1,110.00","1,118.40","1,065.00","1,107.30","17,210,297"
"11-Mar-2020","1,105.00","1,120.00","1,092.00","1,113.80","17,769,198"
"12-Mar-2020","1,075.00","1,080.00","1,003.45","1,021.30","29,500,406"
"13-Mar-2020","980.05","1,081.45","919.20","1,069.80","33,171,603"
"16-Mar-2020","1,035.00","1,037.00","995.00","999.50","15,993,174"
"17-Mar-2020","1,008.00","1,010.00","954.70","975.10","21,338,641"
"18-Mar-2020","985.00","993.00","865.00","876.90","30,593,809"
"19-Mar-2020","847.00","919.95","795.00","895.55","33,610,239"
"20-Mar-2020","875.00","914.60","824.55","882.85","44,319,015"
"23-Mar-2020","794.60","838.75","765.00","771.55","25,142,273"
"24-Mar-2020","795.25","810.00","738.75","767.70","30,528,676"
"25-Mar-2020","770.45","867.45","755.25","856.75","23,614,449"
"26-Mar-2020","870.10","937.70","841.00","901.10","28,521,681"
"27-Mar-2020","944.95","988.65","872.10","904.45","27,619,436"
"30-Mar-2020","880.00","887.00","828.00","831.65","19,634,313"
"31-Mar-2020","853.80","873.60","838.00","861.90","17,605,997"
"01-Apr-2020","863.85","863.85","820.00","829.65","14,551,758"
"03-Apr-2020","843.00","844.00","810.00","813.85","17,499,063"
"07-Apr-2020","874.00","907.30","845.35","896.10","30,206,626"
"08-Apr-2020","879.95","945.00","866.10","888.90","28,109,877"
"09-Apr-2020","913.00","930.90","890.00","925.05","22,229,012"
"13-Apr-2020","934.00","946.70","886.20","895.35","17,079,259"
"15-Apr-2020","930.50","930.50","843.00","863.30","28,989,523"
"16-Apr-2020","865.00","890.70","856.25","879.75","26,927,231"
"17-Apr-2020","915.00","920.00","887.25","910.30","27,941,831"
"20-Apr-2020","951.00","960.95","935.00","944.85","33,116,614"
"21-Apr-2020","925.00","934.00","908.00","921.65","16,589,148"
"22-Apr-2020","919.15","933.00","907.30","928.60","19,144,678"
"23-Apr-2020","935.00","958.50","912.55","954.95","20,450,895"
"24-Apr-2020","933.00","958.40","926.00","938.05","16,642,831"
"27-Apr-2020","945.15","957.40","926.30","929.70","13,710,727"
"28-Apr-2020","943.80","943.80","922.00","931.40","14,720,773"
"29-Apr-2020","935.00","992.70","934.10","977.10","27,939,019"
"30-Apr-2020","1,001.40","1,019.00","992.10","1,001.80","21,897,643"
"04-May-2020","957.50","960.00","917.50","923.00","13,361,177"
"05-May-2020","938.00","944.00","908.05","911.45","14,837,190"
"06-May-2020","919.00","950.00","905.65","946.40","16,893,140"
"07-May-2020","940.50","943.30","921.35","925.00","10,916,003"
"08-May-2020","942.00","943.95","925.20","929.05","10,403,747"
"11-May-2020","937.00","954.00","914.00","915.80","14,275,392"
"12-May-2020","901.00","909.40","871.10","901.55","24,784,324"
"13-May-2020","951.00","960.00","922.10","927.65","22,173,554"
"14-May-2020","898.00","911.00","890.00","893.70","19,777,445"
"15-May-2020","890.50","892.40","875.00","888.15","12,174,870"
"18-May-2020","888.00","888.00","831.30","836.65","23,326,656"
"19-May-2020","860.85","867.30","826.10","830.65","23,730,561"
"20-May-2020","836.45","864.00","832.20","857.10","20,007,413"
"21-May-2020","861.45","884.00","852.30","859.55","24,239,683"
"22-May-2020","850.00","870.30","833.05","838.85","21,025,849"
"26-May-2020","857.00","871.75","848.75","852.40","19,002,589"
"27-May-2020","859.90","909.80","857.15","903.65","28,013,227"
"28-May-2020","920.00","950.00","913.95","945.25","37,744,926"
"29-May-2020","944.00","955.00","923.45","951.65","26,512,600"
"01-Jun-2020","975.00","995.00","966.10","987.65","19,595,373"
"02-Jun-2020","986.70","1,005.00","975.20","1,001.00","20,811,909"
"03-Jun-2020","1,020.00","1,046.25","1,015.45","1,022.25","25,273,067"
"04-Jun-2020","1,028.05","1,038.95","991.10","1,001.70","27,139,478"
"05-Jun-2020","1,003.10","1,042.40","1,002.80","1,033.35","17,598,103"
"08-Jun-2020","1,060.00","1,066.65","1,006.40","1,015.90","24,906,362"
"09-Jun-2020","1,020.00","1,026.75","979.55","987.30","30,922,894"
"10-Jun-2020","990.00","999.85","978.20","991.85","18,248,880"
"11-Jun-2020","985.00","988.40","965.00","968.60","15,449,142"
"12-Jun-2020","928.00","986.65","928.00","982.75","21,322,880"
"15-Jun-2020","968.00","974.00","943.00","949.85","16,004,973"
"16-Jun-2020","975.00","993.95","952.00","990.40","22,700,113"
"17-Jun-2020","989.00","998.90","973.25","979.25","18,479,504"
"18-Jun-2020","980.00","1,024.90","972.00","1,019.95","20,435,469"
"19-Jun-2020","1,017.95","1,043.00","1,012.15","1,033.35","23,939,324"
"22-Jun-2020","1,039.45","1,045.95","1,023.80","1,028.75","14,847,321"
"23-Jun-2020","1,039.00","1,045.00","1,016.55","1,042.30","14,415,640"
"24-Jun-2020","1,048.50","1,057.50","1,030.05","1,032.50","19,714,664"
"25-Jun-2020","1,021.90","1,049.00","1,007.00","1,028.75","35,323,457"
"26-Jun-2020","1,041.00","1,063.00","1,028.00","1,056.45","19,986,677"
"29-Jun-2020","1,037.00","1,082.60","1,037.00","1,076.05","23,003,725"
"30-Jun-2020","1,074.00","1,078.55","1,056.30","1,065.85","17,873,316"
"01-Jul-2020","1,065.85","1,096.00","1,061.30","1,084.60","17,423,378"
"02-Jul-2020","1,090.30","1,111.25","1,085.20","1,089.40","18,477,248"
"03-Jul-2020","1,093.00","1,095.80","1,070.00","1,073.95","13,798,879"
"06-Jul-2020","1,107.95","1,119.90","1,100.00","1,103.00","17,779,243"
"07-Jul-2020","1,109.40","1,111.70","1,093.05","1,105.15","12,175,425"
"08-Jul-2020","1,107.00","1,124.90","1,105.00","1,110.35","15,028,412"
"09-Jul-2020","1,118.00","1,129.70","1,107.25","1,124.95","10,057,717"
"10-Jul-2020","1,117.90","1,120.00","1,099.55","1,105.10","8,781,604"
"13-Jul-2020","1,109.90","1,113.00","1,071.30","1,080.25","14,961,695"
"14-Jul-2020","1,062.60","1,068.90","1,050.00","1,058.85","13,306,511"
"15-Jul-2020","1,070.20","1,079.00","1,050.10","1,053.15","10,487,246"
"16-Jul-2020","1,053.65","1,065.50","1,034.10","1,062.55","11,831,256"
"17-Jul-2020","1,059.05","1,104.00","1,058.30","1,098.45","14,202,933"
"20-Jul-2020","1,135.00","1,152.90","1,124.15","1,133.05","32,562,064"
"21-Jul-2020","1,152.05","1,157.95","1,134.00","1,138.55","23,757,768"
"22-Jul-2020","1,138.50","1,144.50","1,117.55","1,126.35","12,359,024"
"23-Jul-2020","1,125.00","1,143.90","1,116.25","1,130.40","10,074,805"
"24-Jul-2020","1,122.90","1,122.90","1,101.25","1,119.10","9,799,222"
"27-Jul-2020","1,099.85","1,103.00","1,075.35","1,079.50","18,985,167"
"28-Jul-2020","1,079.00","1,094.40","1,059.50","1,086.65","17,798,330"
"29-Jul-2020","1,081.00","1,088.50","1,055.55","1,064.60","16,796,652"
"30-Jul-2020","1,074.00","1,083.65","1,046.70","1,050.65","13,478,951"
"31-Jul-2020","1,057.70","1,057.70","1,020.05","1,032.80","18,865,230"
"03-Aug-2020","1,025.95","1,026.95","993.00","1,002.00","15,891,781"
"04-Aug-2020","1,008.00","1,061.05","1,003.00","1,041.65","30,153,418"
"05-Aug-2020","1,047.95","1,055.80","1,020.00","1,027.55","16,610,696"
"06-Aug-2020","1,037.00","1,055.00","1,026.25","1,040.70","16,823,558"
"07-Aug-2020","1,034.85","1,047.20","1,020.60","1,043.85","12,418,816"
"10-Aug-2020","1,044.00","1,064.00","1,043.80","1,050.65","11,086,465"
"11-Aug-2020","1,048.50","1,071.00","1,048.50","1,066.65","10,068,150"
"12-Aug-2020","1,065.00","1,066.00","1,048.00","1,063.70","10,333,222"
"13-Aug-2020","1,067.95","1,071.35","1,056.50","1,059.05","9,946,370"
"14-Aug-2020","1,065.90","1,065.90","1,027.30","1,034.45","10,462,350"
"17-Aug-2020","1,047.00","1,047.00","1,020.20","1,032.75","9,780,591"
"18-Aug-2020","1,028.00","1,061.65","1,022.00","1,056.50","12,020,562"
"19-Aug-2020","1,065.00","1,069.80","1,056.25","1,066.60","8,858,056"
"20-Aug-2020","1,054.95","1,068.95","1,052.00","1,059.00","9,608,591"
"21-Aug-2020","1,065.40","1,088.80","1,064.60","1,085.65","14,462,237"
"24-Aug-2020","1,086.00","1,122.95","1,085.65","1,117.05","18,389,929"
"25-Aug-2020","1,119.00","1,127.00","1,106.20","1,119.70","13,800,972"
"26-Aug-2020","1,121.00","1,131.75","1,109.50","1,118.45","12,595,131"
"27-Aug-2020","1,125.80","1,129.90","1,106.25","1,112.10","10,323,015"
"28-Aug-2020","1,111.95","1,125.00","1,095.00","1,114.50","19,349,069"
"31-Aug-2020","1,129.50","1,148.80","1,100.70","1,115.85","19,250,721"
"01-Sep-2020","1,128.00","1,143.60","1,108.00","1,127.30","14,438,949"
"02-Sep-2020","1,124.10","1,139.00","1,120.70","1,134.15","9,880,855"
"03-Sep-2020","1,137.25","1,145.95","1,128.00","1,130.90","9,916,701"
"04-Sep-2020","1,110.00","1,125.40","1,104.40","1,119.30","11,830,686"
"07-Sep-2020","1,116.30","1,119.50","1,099.00","1,110.50","8,807,764"
"08-Sep-2020","1,114.00","1,118.80","1,103.00","1,112.45","7,312,460"
"09-Sep-2020","1,101.00","1,110.00","1,091.25","1,096.50","7,864,545"
"10-Sep-2020","1,103.00","1,104.85","1,084.00","1,090.55","7,594,209"
"11-Sep-2020","1,096.45","1,104.85","1,071.00","1,078.65","10,397,545"
"14-Sep-2020","1,088.00","1,094.00","1,052.35","1,057.95","10,825,874"
"15-Sep-2020","1,068.00","1,076.15","1,058.10","1,070.50","8,252,566"
"16-Sep-2020","1,070.20","1,096.00","1,068.35","1,093.65","9,355,126"
"17-Sep-2020","1,084.00","1,094.00","1,078.00","1,083.60","9,159,413"
"18-Sep-2020","1,092.00","1,092.20","1,047.20","1,057.30","11,740,889"
"21-Sep-2020","1,055.00","1,071.35","1,041.50","1,049.30","9,921,439"
"22-Sep-2020","1,054.05","1,058.15","1,029.50","1,035.40","9,310,339"
"23-Sep-2020","1,046.00","1,055.00","1,034.35","1,047.25","8,039,935"
"24-Sep-2020","1,038.00","1,047.00","1,025.00","1,030.40","9,904,895"
"25-Sep-2020","1,050.00","1,051.95","1,025.65","1,044.00","10,160,775"
"28-Sep-2020","1,048.95","1,059.00","1,042.65","1,054.20","8,076,211"
"29-Sep-2020","1,058.00","1,069.90","1,051.00","1,062.55","6,322,274"
"30-Sep-2020","1,060.00","1,086.90","1,052.00","1,078.60","9,407,038"
"01-Oct-2020","1,090.10","1,110.00","1,090.10","1,106.95","10,601,566"
"05-Oct-2020","1,112.00","1,132.00","1,111.00","1,114.35","8,470,109"
"06-Oct-2020","1,135.05","1,148.00","1,126.20","1,144.10","9,685,997"
"07-Oct-2020","1,144.90","1,164.85","1,137.60","1,162.25","10,624,527"
"08-Oct-2020","1,180.00","1,203.00","1,163.35","1,191.80","17,530,368"
"09-Oct-2020","1,201.00","1,237.00","1,191.65","1,233.55","22,486,215"
"12-Oct-2020","1,231.55","1,242.75","1,205.60","1,213.65","9,610,277"
"13-Oct-2020","1,213.40","1,222.45","1,195.00","1,198.45","9,177,015"
"14-Oct-2020","1,195.55","1,214.30","1,175.50","1,211.50","11,291,473"
"15-Oct-2020","1,214.20","1,217.00","1,164.00","1,169.25","14,123,569"
"16-Oct-2020","1,180.00","1,203.50","1,173.00","1,199.35","12,911,559"
"19-Oct-2020","1,235.00","1,235.00","1,192.60","1,203.55","21,179,884"
"20-Oct-2020","1,207.50","1,227.40","1,205.90","1,223.95","13,705,994"
"21-Oct-2020","1,230.60","1,251.00","1,221.70","1,246.70","17,820,565"
"22-Oct-2020","1,239.95","1,250.00","1,223.00","1,233.30","10,956,548"
"23-Oct-2020","1,243.50","1,248.45","1,231.20","1,235.80","7,933,126"
"26-Oct-2020","1,229.80","1,242.00","1,204.60","1,210.90","9,786,023"
"27-Oct-2020","1,226.00","1,236.00","1,197.85","1,233.10","12,158,922"
"28-Oct-2020","1,228.00","1,232.00","1,201.50","1,209.60","8,285,625"
"29-Oct-2020","1,200.60","1,204.45","1,178.50","1,187.20","11,530,152"
"30-Oct-2020","1,182.55","1,199.30","1,176.35","1,183.55","5,761,470"
"02-Nov-2020","1,194.35","1,225.00","1,177.50","1,215.25","10,963,040"
"03-Nov-2020","1,226.45","1,250.75","1,225.50","1,247.95","14,082,115"
"04-Nov-2020","1,252.00","1,264.80","1,230.00","1,257.40","11,702,411"
"05-Nov-2020","1,266.00","1,276.00","1,252.35","1,269.20","10,716,964"
"06-Nov-2020","1,266.25","1,310.00","1,265.50","1,307.65","17,852,862"
"09-Nov-2020","1,315.20","1,345.95","1,315.20","1,340.55","13,144,220"
"10-Nov-2020","1,357.00","1,395.00","1,351.55","1,393.65","20,758,678"
"11-Nov-2020","1,399.90","1,414.80","1,370.50","1,389.95","18,058,097"
"12-Nov-2020","1,377.40","1,388.55","1,360.00","1,371.70","13,526,974"
"13-Nov-2020","1,368.80","1,368.80","1,347.00","1,358.80","11,236,240"
"14-Nov-2020","1,367.80","1,374.95","1,365.20","1,369.70","917,533"
"17-Nov-2020","1,385.80","1,412.60","1,380.60","1,408.45","15,529,950"
"18-Nov-2020","1,403.00","1,419.00","1,399.05","1,408.70","9,431,388"
"19-Nov-2020","1,389.70","1,399.45","1,368.00","1,374.35","10,133,441"
"20-Nov-2020","1,372.65","1,408.40","1,365.05","1,403.65","10,202,681"
"23-Nov-2020","1,415.00","1,423.65","1,375.35","1,394.60","12,623,318"
"24-Nov-2020","1,408.00","1,445.00","1,402.05","1,438.20","20,077,200"
"25-Nov-2020","1,451.30","1,464.40","1,397.00","1,402.80","12,076,301"
"26-Nov-2020","1,415.00","1,432.00","1,387.00","1,426.65","13,971,563"
"27-Nov-2020","1,431.80","1,446.00","1,415.55","1,440.85","8,997,290"
"01-Dec-2020","1,440.85","1,449.00","1,425.50","1,433.30","8,573,787"
"02-Dec-2020","1,431.00","1,431.80","1,394.80","1,406.95","8,946,075"
"03-Dec-2020","1,429.00","1,432.00","1,374.05","1,377.20","18,966,611"
"04-Dec-2020","1,381.00","1,401.45","1,373.30","1,385.60","13,456,161"
"07-Dec-2020","1,375.00","1,379.95","1,358.10","1,372.25","12,158,159"
"08-Dec-2020","1,375.00","1,388.80","1,365.15","1,376.30","9,728,948"
"09-Dec-2020","1,377.00","1,410.05","1,375.05","1,407.20","11,034,537"
"10-Dec-2020","1,398.00","1,402.00","1,375.75","1,385.85","9,863,983"
"11-Dec-2020","1,390.05","1,395.00","1,373.00","1,382.80","10,678,192"
"14-Dec-2020","1,383.00","1,388.00","1,368.00","1,372.15","8,611,025"
"15-Dec-2020","1,380.80","1,394.95","1,366.00","1,391.30","10,780,718"
"16-Dec-2020","1,404.00","1,416.80","1,394.50","1,410.70","8,416,046"
"17-Dec-2020","1,418.60","1,445.00","1,404.50","1,441.80","10,962,239"
"18-Dec-2020","1,435.00","1,439.70","1,406.30","1,411.35","11,497,959"
"21-Dec-2020","1,417.50","1,423.85","1,366.70","1,372.65","11,880,912"
"22-Dec-2020","1,384.80","1,384.80","1,345.00","1,373.10","11,425,779"
"23-Dec-2020","1,367.50","1,380.95","1,361.05","1,375.65","7,733,697"
"24-Dec-2020","1,389.40","1,404.00","1,377.00","1,397.10","7,476,094"
"28-Dec-2020","1,405.00","1,421.00","1,404.00","1,412.85","5,849,597"
"29-Dec-2020","1,421.05","1,434.75","1,420.00","1,427.20","7,247,673"
"30-Dec-2020","1,439.90","1,439.90","1,413.00","1,432.50","8,108,363"
"31-Dec-2020","1,435.00","1,444.00","1,425.05","1,436.30","11,072,875"
"01-Jan-2021","1,440.00","1,443.00","1,420.60","1,425.05","4,405,469"
"04-Jan-2021","1,438.00","1,438.00","1,399.00","1,416.00","7,870,096"
"05-Jan-2021","1,419.20","1,430.75","1,409.00","1,426.70","7,193,412"
"06-Jan-2021","1,435.00","1,440.00","1,413.10","1,420.55","11,067,025"
"07-Jan-2021","1,432.50","1,432.60","1,412.55","1,416.25","9,947,421"
"08-Jan-2021","1,432.00","1,442.00","1,423.10","1,431.65","6,884,382"
"11-Jan-2021","1,450.00","1,464.90","1,436.30","1,451.45","8,665,696"
"12-Jan-2021","1,452.45","1,487.70","1,449.10","1,481.00","10,194,078"
"13-Jan-2021","1,492.90","1,496.90","1,462.10","1,470.65","8,467,325"
"14-Jan-2021","1,471.15","1,488.00","1,456.00","1,468.75","6,148,583"
"15-Jan-2021","1,469.10","1,471.65","1,445.00","1,466.65","7,082,618"
"18-Jan-2021","1,469.90","1,502.85","1,467.00","1,483.10","21,412,816"
"19-Jan-2021","1,491.80","1,511.65","1,467.00","1,503.85","8,680,127"
"20-Jan-2021","1,501.00","1,501.00","1,486.00","1,492.00","6,673,026"
"21-Jan-2021","1,492.00","1,494.35","1,468.15","1,474.80","13,166,527"
"22-Jan-2021","1,467.90","1,467.90","1,440.15","1,443.55","7,696,182"
"25-Jan-2021","1,465.10","1,481.00","1,455.15","1,462.85","10,172,359"
"27-Jan-2021","1,468.00","1,471.90","1,406.15","1,409.60","11,778,138"
"28-Jan-2021","1,389.90","1,401.30","1,342.00","1,371.45","21,352,223"
"29-Jan-2021","1,391.35","1,408.75","1,364.50","1,390.50","14,352,251"
"01-Feb-2021","1,410.25","1,482.50","1,401.00","1,476.75","13,185,272"
"02-Feb-2021","1,501.00","1,578.50","1,497.40","1,560.55","21,210,103"
"03-Feb-2021","1,579.00","1,581.70","1,542.00","1,574.80","10,118,627"
"04-Feb-2021","1,566.00","1,588.00","1,543.45","1,579.10","12,242,342"
"05-Feb-2021","1,548.00","1,618.25","1,548.00","1,597.60","13,527,358"
"08-Feb-2021","1,620.00","1,631.65","1,595.70","1,605.25","8,723,790"
"09-Feb-2021","1,610.00","1,628.00","1,586.70","1,611.85","9,210,683"
"10-Feb-2021","1,608.35","1,614.85","1,567.00","1,581.75","9,894,003"
"11-Feb-2021","1,582.00","1,597.80","1,564.20","1,572.35","6,824,309"
"12-Feb-2021","1,573.90","1,592.50","1,573.00","1,581.95","4,955,053"
"15-Feb-2021","1,600.10","1,625.00","1,596.70","1,616.60","5,177,622"
"16-Feb-2021","1,621.20","1,641.00","1,608.45","1,626.65","6,948,679"
"17-Feb-2021","1,620.00","1,621.80","1,583.00","1,586.50","6,397,213"
"18-Feb-2021","1,605.95","1,605.95","1,548.00","1,554.30","7,360,280"
"19-Feb-2021","1,545.00","1,564.20","1,533.00","1,539.10","8,569,754"
"22-Feb-2021","1,545.05","1,573.90","1,539.45","1,548.00","14,725,919"
"23-Feb-2021","1,553.75","1,557.70","1,522.65","1,529.15","9,119,953"
"24-Feb-2021","1,526.50","1,613.95","1,516.25","1,606.45","7,157,166"
"25-Feb-2021","1,609.75","1,636.25","1,602.00","1,606.40","10,054,785"
"26-Feb-2021","1,587.05","1,588.90","1,521.00","1,534.40","13,956,423"
"01-Mar-2021","1,564.00","1,572.55","1,540.70","1,558.90","6,768,009"
"02-Mar-2021","1,575.70","1,587.50","1,551.00","1,568.20","8,055,019"
"03-Mar-2021","1,584.00","1,596.00","1,565.00","1,586.85","5,611,205"
"04-Mar-2021","1,548.55","1,571.00","1,539.10","1,552.05","8,145,719"
"05-Mar-2021","1,531.00","1,545.60","1,521.10","1,530.00","8,722,911"
"08-Mar-2021","1,542.00","1,555.00","1,512.50","1,519.50","7,558,525"
"09-Mar-2021","1,545.00","1,565.70","1,538.25","1,562.50","7,533,348"
"10-Mar-2021","1,572.00","1,575.00","1,552.15","1,555.75","5,527,508"
"12-Mar-2021","1,600.00","1,600.00","1,535.05","1,551.95","7,815,602"
"15-Mar-2021","1,548.40","1,548.40","1,515.30","1,528.65","6,115,242"
"16-Mar-2021","1,530.90","1,540.40","1,510.00","1,512.15","6,861,183"
"17-Mar-2021","1,524.25","1,539.00","1,490.20","1,495.35","10,532,214"
"18-Mar-2021","1,511.75","1,522.05","1,481.15","1,491.00","9,032,770"
"19-Mar-2021","1,485.00","1,511.20","1,474.05","1,497.50","10,617,510"
"22-Mar-2021","1,494.90","1,494.90","1,460.40","1,469.15","7,007,816"
"23-Mar-2021","1,470.00","1,507.45","1,469.10","1,500.15","9,880,714"
"24-Mar-2021","1,490.90","1,506.45","1,471.00","1,478.80","8,184,450"
"25-Mar-2021","1,490.20","1,495.55","1,450.25","1,463.35","11,982,178"
"26-Mar-2021","1,494.00","1,499.00","1,474.00","1,491.30","6,010,629"
"30-Mar-2021","1,506.65","1,562.55","1,501.55","1,553.70","12,804,032"
"31-Mar-2021","1,548.00","1,548.00","1,488.00","1,493.65","15,387,253"
"01-Apr-2021","1,499.40","1,499.40","1,465.00","1,486.75","17,881,881"
"05-Apr-2021","1,480.00","1,485.00","1,431.00","1,449.60","8,003,293"
"06-Apr-2021","1,460.00","1,462.65","1,432.65","1,440.25","7,537,867"
"07-Apr-2021","1,439.30","1,456.70","1,421.55","1,447.20","12,544,090"
"08-Apr-2021","1,453.00","1,460.90","1,430.50","1,432.80","8,806,796"
"09-Apr-2021","1,426.00","1,432.80","1,415.10","1,421.75","14,078,908"
"12-Apr-2021","1,393.00","1,399.00","1,353.00","1,367.05","11,274,564"
"13-Apr-2021","1,368.00","1,406.45","1,361.00","1,400.35","9,300,341"
"15-Apr-2021","1,405.00","1,436.70","1,391.00","1,430.10","17,222,492"
"16-Apr-2021","1,434.95","1,445.00","1,423.50","1,428.65","7,803,263"
"19-Apr-2021","1,390.00","1,417.70","1,372.30","1,412.40","12,034,621"
"20-Apr-2021","1,425.00","1,426.40","1,383.95","1,391.40","11,593,135"
"22-Apr-2021","1,380.00","1,426.80","1,371.05","1,422.50","19,242,656"
"23-Apr-2021","1,409.00","1,434.60","1,400.20","1,414.15","11,356,764"
"26-Apr-2021","1,413.00","1,429.00","1,402.75","1,404.80","15,085,476"
"27-Apr-2021","1,407.25","1,442.00","1,404.80","1,438.70","10,296,453"
"28-Apr-2021","1,436.25","1,479.00","1,431.00","1,476.80","12,051,970"
"29-Apr-2021","1,486.20","1,503.65","1,461.00","1,472.50","12,039,276"
"30-Apr-2021","1,445.00","1,453.80","1,407.50","1,412.30","17,616,451"
"03-May-2021","1,393.00","1,421.90","1,377.30","1,414.45","11,236,850"
"04-May-2021","1,409.95","1,423.00","1,383.30","1,388.35","10,743,164"
"05-May-2021","1,401.00","1,409.60","1,381.70","1,402.60","7,210,806"
"06-May-2021","1,407.60","1,410.80","1,395.00","1,400.90","5,738,522"
"07-May-2021","1,412.95","1,424.95","1,410.25","1,414.75","6,024,167"
"10-May-2021","1,427.00","1,430.00","1,412.80","1,419.85","5,530,025"
"11-May-2021","1,396.00","1,424.20","1,395.05","1,403.55","7,259,517"
"12-May-2021","1,399.75","1,408.60","1,388.85","1,399.50","6,887,463"
"14-May-2021","1,394.35","1,398.90","1,382.35","1,386.85","5,302,071"
"17-May-2021","1,395.15","1,442.60","1,381.30","1,440.25","7,560,346"
"18-May-2021","1,458.95","1,482.75","1,455.00","1,476.70","11,082,640"
"19-May-2021","1,470.20","1,478.85","1,452.55","1,458.20","5,065,458"
"20-May-2021","1,458.35","1,465.90","1,428.50","1,432.80","5,342,092"
"21-May-2021","1,443.00","1,501.90","1,443.00","1,497.30","9,670,823"
"24-May-2021","1,503.25","1,520.45","1,498.50","1,509.95","11,073,051"
"25-May-2021","1,510.50","1,513.75","1,470.50","1,478.95","9,618,487"
"26-May-2021","1,480.00","1,487.00","1,470.00","1,477.05","6,141,995"
"27-May-2021","1,473.10","1,489.00","1,462.45","1,482.65","10,219,748"
"28-May-2021","1,490.90","1,513.00","1,478.75","1,503.45","8,875,010"
"31-May-2021","1,500.00","1,519.50","1,487.50","1,515.85","7,830,527"
"01-Jun-2021","1,520.30","1,527.00","1,507.25","1,511.70","5,515,081"
"02-Jun-2021","1,510.00","1,510.20","1,493.00","1,504.00","5,312,008"
"03-Jun-2021","1,508.00","1,524.95","1,487.75","1,520.55","5,143,630"
"04-Jun-2021","1,516.00","1,520.65","1,499.20","1,500.95","4,712,238"
"07-Jun-2021","1,510.00","1,514.00","1,496.00","1,499.85","4,045,834"
"08-Jun-2021","1,496.55","1,501.30","1,481.50","1,483.05","4,936,270"
"09-Jun-2021","1,483.90","1,502.00","1,472.05","1,480.30","5,111,721"
"10-Jun-2021","1,482.10","1,489.00","1,473.65","1,481.05","5,741,770"
"11-Jun-2021","1,491.00","1,496.55","1,481.05","1,486.35","3,602,987"
"14-Jun-2021","1,478.25","1,486.00","1,462.55","1,479.45","4,440,982"
"15-Jun-2021","1,486.00","1,496.00","1,474.80","1,490.25","3,784,801"
"16-Jun-2021","1,488.00","1,494.00","1,478.10","1,484.60","3,851,049"
"17-Jun-2021","1,466.00","1,478.75","1,460.00","1,466.10","4,641,901"
"18-Jun-2021","1,469.50","1,490.00","1,455.00","1,479.80","5,969,030"
"21-Jun-2021","1,461.35","1,491.80","1,459.00","1,488.70","3,630,236"
"22-Jun-2021","1,497.00","1,508.00","1,480.00","1,483.80","7,183,412"
"23-Jun-2021","1,490.00","1,497.80","1,478.60","1,485.50","3,922,434"
"24-Jun-2021","1,490.00","1,513.45","1,488.00","1,506.25","7,392,512"
"25-Jun-2021","1,511.10","1,522.00","1,507.00","1,515.10","5,191,588"
"28-Jun-2021","1,520.00","1,523.00","1,505.00","1,508.35","4,678,393"
"29-Jun-2021","1,507.00","1,508.20","1,492.15","1,502.05","5,485,846"
"30-Jun-2021","1,498.00","1,509.00","1,494.10","1,497.90","4,839,511"
"01-Jul-2021","1,502.00","1,502.00","1,483.00","1,486.75","8,455,721"
"02-Jul-2021","1,485.00","1,489.25","1,477.00","1,480.40","7,413,518"
"05-Jul-2021","1,489.95","1,504.50","1,484.55","1,495.45","3,686,941"
"06-Jul-2021","1,497.00","1,540.00","1,496.00","1,534.70","8,834,516"
"07-Jul-2021","1,534.00","1,545.35","1,527.70","1,539.50","4,814,595"
"08-Jul-2021","1,525.00","1,537.70","1,513.45","1,520.45","4,210,461"
"09-Jul-2021","1,512.55","1,516.00","1,497.50","1,502.00","5,347,921"
"12-Jul-2021","1,502.00","1,502.00","1,484.00","1,487.00","7,229,489"
"13-Jul-2021","1,496.10","1,506.10","1,484.10","1,501.85","9,089,071"
"14-Jul-2021","1,497.50","1,507.35","1,491.10","1,499.15","4,894,247"
"15-Jul-2021","1,505.00","1,526.75","1,499.65","1,520.70","5,219,401"
"16-Jul-2021","1,527.95","1,529.95","1,518.80","1,522.35","2,585,314"
"19-Jul-2021","1,487.00","1,488.85","1,466.00","1,471.00","12,555,800"
"20-Jul-2021","1,442.00","1,454.00","1,436.15","1,443.15","12,087,125"
"22-Jul-2021","1,456.10","1,468.50","1,445.00","1,448.70","6,603,557"
"23-Jul-2021","1,451.50","1,457.45","1,435.30","1,442.75","6,563,342"
"26-Jul-2021","1,430.00","1,444.00","1,428.10","1,434.55","6,583,583"
"27-Jul-2021","1,436.10","1,449.90","1,436.10","1,439.75","11,200,715"
"28-Jul-2021","1,435.05","1,438.70","1,404.00","1,417.30","10,335,171"
"29-Jul-2021","1,428.25","1,429.95","1,413.30","1,418.25","6,851,115"
"30-Jul-2021","1,419.00","1,431.75","1,407.95","1,426.45","5,827,744"
"02-Aug-2021","1,435.00","1,435.00","1,416.25","1,422.65","6,629,393"
"03-Aug-2021","1,410.00","1,439.90","1,410.00","1,434.70","6,016,560"
"04-Aug-2021","1,441.00","1,474.50","1,440.00","1,465.30","11,026,974"
"05-Aug-2021","1,467.10","1,507.05","1,457.40","1,484.85","9,411,204"
"06-Aug-2021","1,483.55","1,500.00","1,474.00","1,492.65","6,669,635"
"09-Aug-2021","1,492.00","1,507.35","1,476.00","1,503.90","5,499,024"
"10-Aug-2021","1,489.00","1,519.75","1,489.00","1,507.65","7,419,173"
"11-Aug-2021","1,514.90","1,518.85","1,491.05","1,494.95","6,292,893"
"12-Aug-2021","1,497.00","1,507.60","1,489.30","1,501.40","4,298,837"
"13-Aug-2021","1,501.20","1,531.00","1,501.00","1,526.20","8,329,214"
"16-Aug-2021","1,526.15","1,535.00","1,521.45","1,530.60","3,126,389"
"17-Aug-2021","1,517.20","1,524.00","1,505.30","1,514.65","4,141,333"
"18-Aug-2021","1,556.70","1,565.35","1,508.35","1,513.00","11,492,966"
"20-Aug-2021","1,486.05","1,519.80","1,486.05","1,514.75","6,575,203"
"23-Aug-2021","1,529.85","1,533.15","1,508.65","1,524.60","5,421,527"
"24-Aug-2021","1,530.00","1,564.50","1,527.45","1,558.85","9,190,657"
"25-Aug-2021","1,552.10","1,564.80","1,548.00","1,557.40","3,863,987"
"26-Aug-2021","1,550.00","1,571.00","1,543.45","1,554.80","5,559,501"
"27-Aug-2021","1,552.00","1,558.65","1,545.25","1,548.45","3,191,069"
"30-Aug-2021","1,555.60","1,570.00","1,551.60","1,568.25","4,524,583"
"31-Aug-2021","1,563.50","1,583.35","1,562.20","1,581.40","6,031,288"
"01-Sep-2021","1,575.00","1,598.00","1,574.50","1,579.10","6,211,279"
"02-Sep-2021","1,574.10","1,592.00","1,571.25","1,589.00","4,809,262"
"03-Sep-2021","1,586.10","1,598.00","1,568.30","1,576.05","5,367,667"
"06-Sep-2021","1,579.95","1,580.95","1,561.95","1,565.70","3,938,448"
"07-Sep-2021","1,562.50","1,582.00","1,555.20","1,569.25","3,622,748"
"08-Sep-2021","1,571.95","1,580.50","1,565.60","1,576.40","3,362,040"
"09-Sep-2021","1,574.00","1,579.45","1,561.00","1,568.60","4,125,474"
"13-Sep-2021","1,562.00","1,584.00","1,553.65","1,555.55","4,479,582"
"14-Sep-2021","1,560.00","1,564.50","1,546.60","1,548.55","4,879,253"
"15-Sep-2021","1,535.00","1,554.80","1,535.00","1,546.80","7,411,499"
"16-Sep-2021","1,537.75","1,564.30","1,536.30","1,559.95","5,130,275"
"17-Sep-2021","1,569.00","1,589.00","1,559.20","1,582.15","10,249,051"
"20-Sep-2021","1,564.00","1,581.70","1,558.00","1,559.85","4,390,805"
"21-Sep-2021","1,562.00","1,568.65","1,528.95","1,551.95","7,387,498"
"22-Sep-2021","1,549.00","1,550.15","1,530.00","1,533.70","5,291,101"
"23-Sep-2021","1,542.00","1,572.00","1,542.00","1,570.00","6,832,152"
"24-Sep-2021","1,579.00","1,607.95","1,575.00","1,601.55","10,403,351"
"27-Sep-2021","1,615.70","1,635.50","1,608.00","1,625.10","8,207,731"
"28-Sep-2021","1,632.00","1,632.00","1,582.00","1,615.05","6,386,895"
"29-Sep-2021","1,597.00","1,606.60","1,585.15","1,593.85","8,131,518"
"30-Sep-2021","1,586.00","1,606.35","1,583.10","1,594.95","7,987,674"
"01-Oct-2021","1,583.00","1,589.00","1,565.25","1,582.70","5,564,298"
"04-Oct-2021","1,589.00","1,601.35","1,583.60","1,585.75","3,525,514"
"05-Oct-2021","1,592.00","1,597.50","1,576.25","1,595.45","5,128,589"
"06-Oct-2021","1,596.00","1,626.85","1,587.00","1,614.90","9,300,415"
"07-Oct-2021","1,626.60","1,627.70","1,607.00","1,610.50","5,632,862"
"08-Oct-2021","1,612.00","1,622.00","1,600.15","1,602.65","3,622,781"
"11-Oct-2021","1,599.90","1,645.00","1,599.00","1,633.80","6,540,424"
"12-Oct-2021","1,625.00","1,641.55","1,625.00","1,629.60","4,088,473"
"13-Oct-2021","1,637.00","1,648.00","1,630.00","1,639.40","3,112,822"
"14-Oct-2021","1,638.00","1,690.00","1,638.00","1,687.40","7,378,644"
"18-Oct-2021","1,705.00","1,725.00","1,667.05","1,670.30","14,428,228"
"19-Oct-2021","1,675.45","1,692.45","1,671.00","1,688.70","4,493,770"
"20-Oct-2021","1,689.10","1,698.75","1,664.45","1,673.85","5,454,284"
"21-Oct-2021","1,671.80","1,681.95","1,660.85","1,676.30","4,869,095"
"22-Oct-2021","1,680.10","1,708.00","1,670.75","1,680.75","6,087,777"
"25-Oct-2021","1,690.00","1,690.00","1,613.80","1,657.00","8,213,383"
"26-Oct-2021","1,650.00","1,673.85","1,646.35","1,652.75","6,045,328"
"27-Oct-2021","1,652.75","1,665.05","1,637.30","1,642.80","6,624,821"
"28-Oct-2021","1,650.00","1,650.00","1,587.15","1,593.60","8,898,875"
"29-Oct-2021","1,590.00","1,602.00","1,560.00","1,582.85","6,203,437"
"01-Nov-2021","1,585.00","1,611.00","1,583.55","1,605.30","4,061,160"
"02-Nov-2021","1,606.00","1,622.00","1,600.05","1,606.75","6,618,861"
"03-Nov-2021","1,605.10","1,609.90","1,575.55","1,581.45","5,103,669"
"04-Nov-2021","1,595.00","1,597.85","1,590.10","1,593.95","548,404"
"08-Nov-2021","1,592.10","1,604.70","1,570.45","1,600.25","9,471,790"
"09-Nov-2021","1,594.60","1,594.60","1,569.05","1,572.25","6,347,738"
"10-Nov-2021","1,568.00","1,569.00","1,550.00","1,555.25","6,857,063"
"11-Nov-2021","1,550.05","1,554.90","1,535.60","1,548.30","3,999,702"
"12-Nov-2021","1,550.00","1,559.05","1,545.05","1,553.00","7,457,046"
"15-Nov-2021","1,562.10","1,571.85","1,554.40","1,557.25","4,766,797"
"16-Nov-2021","1,555.00","1,557.20","1,541.60","1,548.00","4,122,703"
"17-Nov-2021","1,536.90","1,544.00","1,528.50","1,530.80","3,799,439"
"18-Nov-2021","1,526.05","1,543.50","1,525.25","1,539.40","4,576,437"
"22-Nov-2021","1,546.00","1,552.70","1,499.05","1,515.35","7,630,636"
"23-Nov-2021","1,502.00","1,527.80","1,496.35","1,515.55","5,617,607"
"24-Nov-2021","1,524.00","1,536.35","1,514.05","1,518.05","15,401,143"
"25-Nov-2021","1,514.80","1,533.30","1,507.00","1,525.95","5,125,826"
"26-Nov-2021","1,500.00","1,506.70","1,485.00","1,489.90","9,312,468"
"29-Nov-2021","1,494.80","1,507.65","1,462.00","1,501.25","6,495,498"
"30-Nov-2021","1,495.00","1,529.00","1,486.55","1,493.55","12,610,771"
"01-Dec-2021","1,495.00","1,507.05","1,489.10","1,504.65","4,338,817"
"02-Dec-2021","1,504.50","1,528.80","1,500.00","1,525.75","5,601,555"
"03-Dec-2021","1,525.80","1,535.95","1,507.05","1,513.55","4,062,347"
"06-Dec-2021","1,513.00","1,518.80","1,497.35","1,503.80","3,514,766"
"07-Dec-2021","1,513.95","1,532.00","1,509.90","1,525.70","6,213,767"
"08-Dec-2021","1,536.00","1,555.05","1,534.00","1,553.80","7,647,767"
"09-Dec-2021","1,545.20","1,554.70","1,522.00","1,526.85","5,873,872"
"10-Dec-2021","1,524.90","1,528.00","1,508.45","1,522.55","3,889,692"
"13-Dec-2021","1,526.00","1,537.65","1,507.20","1,511.15","5,161,071"
"14-Dec-2021","1,502.50","1,516.00","1,497.05","1,502.45","4,595,550"
"15-Dec-2021","1,503.00","1,523.35","1,495.65","1,500.00","5,057,574"
"16-Dec-2021","1,512.80","1,517.00","1,494.00","1,500.10","6,605,216"
"17-Dec-2021","1,497.00","1,506.00","1,467.70","1,473.05","7,497,384"
"20-Dec-2021","1,452.00","1,458.00","1,414.10","1,425.65","10,578,334"
"21-Dec-2021","1,439.50","1,450.75","1,430.00","1,441.80","4,559,375"
"22-Dec-2021","1,452.30","1,456.00","1,435.70","1,445.20","4,288,742"
"23-Dec-2021","1,453.25","1,457.80","1,436.85","1,444.10","4,889,583"
"24-Dec-2021","1,445.50","1,452.00","1,428.00","1,438.90","2,780,512"
"27-Dec-2021","1,428.90","1,454.00","1,422.15","1,450.80","2,352,549"
"28-Dec-2021","1,460.70","1,466.90","1,453.40","1,460.80","2,725,339"
"29-Dec-2021","1,456.05","1,461.00","1,447.40","1,453.85","3,834,351"
"30-Dec-2021","1,458.50","1,466.85","1,445.00","1,461.50","3,607,959"
"31-Dec-2021","1,461.50","1,484.80","1,461.50","1,479.40","3,162,868"
"03-Jan-2022","1,485.00","1,523.00","1,480.50","1,519.65","4,534,592"
"04-Jan-2022","1,520.00","1,532.90","1,507.80","1,528.55","4,428,676"
"05-Jan-2022","1,536.80","1,572.00","1,528.10","1,564.85","7,166,319"
"06-Jan-2022","1,543.00","1,554.75","1,530.05","1,539.75","4,814,465"
"07-Jan-2022","1,544.00","1,566.75","1,535.90","1,550.55","5,589,692"
"10-Jan-2022","1,558.00","1,572.00","1,545.50","1,559.15","4,428,248"
"11-Jan-2022","1,561.55","1,568.70","1,547.80","1,565.90","4,194,599"
"12-Jan-2022","1,568.00","1,576.65","1,552.00","1,556.65","10,542,765"
"13-Jan-2022","1,555.00","1,555.00","1,520.40","1,528.00","20,981,948"
"14-Jan-2022","1,530.00","1,548.70","1,519.00","1,545.15","5,604,484"
"17-Jan-2022","1,530.00","1,556.00","1,519.15","1,521.50","11,494,686"
"18-Jan-2022","1,533.00","1,550.90","1,523.00","1,529.25","6,170,576"
"19-Jan-2022","1,534.00","1,539.75","1,513.35","1,518.45","7,158,813"
"20-Jan-2022","1,528.45","1,528.50","1,500.10","1,509.00","7,598,923"
"21-Jan-2022","1,500.00","1,529.80","1,485.60","1,521.60","5,768,847"
"24-Jan-2022","1,509.95","1,521.25","1,467.55","1,486.65","5,934,254"
"25-Jan-2022","1,458.65","1,495.00","1,444.00","1,488.05","6,797,124"
"27-Jan-2022","1,450.00","1,485.00","1,435.00","1,474.95","14,308,919"
"28-Jan-2022","1,477.50","1,486.70","1,460.00","1,463.25","12,462,604"
"31-Jan-2022","1,472.75","1,491.55","1,466.80","1,485.70","6,421,273"
"01-Feb-2022","1,508.50","1,517.00","1,473.45","1,497.00","7,369,742"
"02-Feb-2022","1,511.95","1,535.00","1,505.60","1,531.20","6,984,645"
"03-Feb-2022","1,528.75","1,539.95","1,509.00","1,515.35","5,282,381"
"04-Feb-2022","1,528.40","1,532.85","1,514.10","1,524.00","5,789,979"
"07-Feb-2022","1,512.10","1,519.00","1,460.00","1,468.15","6,134,021"
"08-Feb-2022","1,476.40","1,478.45","1,444.55","1,461.85","6,990,565"
"09-Feb-2022","1,474.00","1,499.70","1,467.00","1,497.60","5,654,171"
"10-Feb-2022","1,514.00","1,535.50","1,501.65","1,525.10","7,157,265"
"11-Feb-2022","1,500.25","1,525.00","1,499.50","1,518.85","5,355,552"
"14-Feb-2022","1,490.00","1,499.45","1,469.30","1,473.70","7,328,310"
"15-Feb-2022","1,476.00","1,524.90","1,473.05","1,517.80","6,567,533"
"16-Feb-2022","1,534.35","1,534.75","1,507.00","1,515.75","5,016,132"
"17-Feb-2022","1,513.10","1,522.00","1,502.00","1,506.50","3,675,604"
"18-Feb-2022","1,498.30","1,517.00","1,490.45","1,512.35","3,898,064"
"21-Feb-2022","1,504.00","1,530.70","1,495.55","1,522.10","3,734,033"
"22-Feb-2022","1,489.80","1,522.10","1,487.95","1,510.70","4,768,098"
"23-Feb-2022","1,525.10","1,525.70","1,495.65","1,500.90","4,514,781"
"24-Feb-2022","1,449.90","1,474.95","1,407.15","1,419.40","11,815,383"
"25-Feb-2022","1,439.95","1,465.90","1,432.85","1,456.10","9,159,327"
"28-Feb-2022","1,426.00","1,438.55","1,414.05","1,426.25","12,440,416"
"02-Mar-2022","1,386.50","1,398.40","1,354.40","1,374.25","19,252,780"
"03-Mar-2022","1,381.00","1,392.00","1,362.90","1,371.00","8,763,961"
"04-Mar-2022","1,360.00","1,386.00","1,336.90","1,366.50","10,609,682"
"07-Mar-2022","1,318.50","1,332.35","1,297.05","1,324.80","13,527,229"
"08-Mar-2022","1,302.20","1,334.00","1,292.00","1,327.80","19,606,246"
"09-Mar-2022","1,330.00","1,374.70","1,318.85","1,371.15","11,567,347"
"10-Mar-2022","1,427.00","1,427.00","1,380.25","1,392.70","11,136,603"
"11-Mar-2022","1,388.00","1,408.95","1,372.70","1,396.80","7,575,390"
"14-Mar-2022","1,415.00","1,450.00","1,415.00","1,442.55","12,509,063"
"15-Mar-2022","1,443.50","1,449.50","1,411.75","1,424.00","9,433,964"
"16-Mar-2022","1,447.00","1,455.00","1,436.20","1,448.15","6,682,054"
"17-Mar-2022","1,472.00","1,489.80","1,470.55","1,480.05","7,411,977"
"21-Mar-2022","1,487.00","1,493.65","1,472.80","1,486.50","6,128,938"
"22-Mar-2022","1,481.30","1,498.00","1,457.20","1,494.15","5,230,907"
"23-Mar-2022","1,507.00","1,518.80","1,473.60","1,479.25","15,594,128"
"24-Mar-2022","1,466.00","1,469.65","1,434.55","1,442.65","10,080,022"
"25-Mar-2022","1,451.00","1,452.00","1,419.00","1,430.90","8,183,231"
"28-Mar-2022","1,430.90","1,438.00","1,401.60","1,432.80","7,877,443"
"29-Mar-2022","1,441.00","1,460.25","1,430.00","1,451.80","6,188,724"
"30-Mar-2022","1,472.00","1,482.75","1,454.05","1,476.95","10,054,871"
"31-Mar-2022","1,471.00","1,484.70","1,465.90","1,470.35","7,147,857"
"01-Apr-2022","1,476.40","1,510.00","1,470.30","1,506.00","7,284,278"
"04-Apr-2022","1,580.00","1,722.10","1,562.55","1,656.80","48,725,485"
"05-Apr-2022","1,666.70","1,666.70","1,602.00","1,608.25","15,461,291"
"06-Apr-2022","1,587.70","1,589.80","1,547.35","1,550.85","13,513,930"
"07-Apr-2022","1,541.30","1,541.35","1,513.70","1,516.75","20,390,866"
"08-Apr-2022","1,512.10","1,525.75","1,497.30","1,514.65","20,628,161"
"11-Apr-2022","1,506.00","1,510.00","1,493.25","1,496.15","10,399,533"
"12-Apr-2022","1,484.00","1,506.85","1,480.15","1,493.50","13,717,701"
"13-Apr-2022","1,490.00","1,502.30","1,462.65","1,464.95","14,446,260"
"18-Apr-2022","1,418.85","1,431.65","1,390.05","1,395.45","22,810,188"
"19-Apr-2022","1,380.90","1,389.55","1,327.00","1,342.20","37,048,011"
"20-Apr-2022","1,354.45","1,359.90","1,335.35","1,354.30","24,662,868"
"21-Apr-2022","1,365.00","1,379.80","1,353.30","1,374.35","26,223,135"
"22-Apr-2022","1,360.00","1,375.35","1,349.15","1,355.60","10,329,574"
"25-Apr-2022","1,350.00","1,370.65","1,322.25","1,365.75","10,467,744"
"26-Apr-2022","1,372.00","1,381.95","1,357.15","1,372.05","8,508,421"
"27-Apr-2022","1,360.00","1,379.00","1,356.10","1,372.55","9,027,167"
"28-Apr-2022","1,372.00","1,379.00","1,362.10","1,371.35","10,386,861"
"29-Apr-2022","1,380.35","1,404.75","1,371.55","1,384.60","14,200,738"
"02-May-2022","1,362.05","1,406.45","1,362.05","1,403.70","9,747,158"
"04-May-2022","1,400.00","1,403.60","1,350.00","1,356.00","14,527,958"
"05-May-2022","1,375.00","1,375.00","1,346.50","1,352.95","8,931,456"
"06-May-2022","1,330.00","1,335.00","1,313.00","1,317.60","13,365,634"
"09-May-2022","1,300.00","1,326.50","1,295.50","1,319.85","16,381,217"
"10-May-2022","1,315.05","1,353.00","1,315.05","1,341.05","10,056,906"
"11-May-2022","1,353.00","1,355.00","1,328.65","1,348.60","8,551,462"
"12-May-2022","1,321.10","1,326.80","1,293.00","1,303.05","11,191,145"
"13-May-2022","1,310.05","1,318.00","1,287.00","1,291.35","8,384,119"
"16-May-2022","1,299.00","1,312.00","1,285.30","1,305.10","4,902,178"
"17-May-2022","1,312.60","1,317.00","1,298.20","1,314.00","8,320,722"
"18-May-2022","1,324.05","1,333.30","1,310.00","1,313.90","7,866,192"
"19-May-2022","1,286.20","1,296.40","1,278.30","1,287.05","10,268,753"
"20-May-2022","1,303.00","1,324.20","1,292.35","1,320.95","6,959,675"
"23-May-2022","1,314.00","1,329.95","1,299.10","1,304.00","9,743,160"
"24-May-2022","1,300.00","1,325.00","1,296.90","1,318.95","6,435,398"
"25-May-2022","1,330.00","1,335.95","1,323.20","1,328.80","6,443,556"
"26-May-2022","1,342.15","1,371.00","1,340.00","1,366.70","13,496,214"
"27-May-2022","1,371.80","1,394.70","1,370.75","1,392.05","12,015,859"
"30-May-2022","1,410.25","1,420.50","1,398.45","1,401.55","6,312,337"
"31-May-2022","1,395.90","1,404.80","1,380.00","1,388.95","6,742,694"
"01-Jun-2022","1,380.00","1,400.45","1,379.15","1,394.85","6,045,948"
"02-Jun-2022","1,387.25","1,388.00","1,378.60","1,385.10","5,737,510"
"03-Jun-2022","1,398.30","1,400.75","1,376.30","1,380.30","3,478,622"
"06-Jun-2022","1,376.30","1,387.00","1,360.65","1,378.45","3,086,633"
"07-Jun-2022","1,362.00","1,374.30","1,354.10","1,362.60","5,126,983"
"08-Jun-2022","1,373.30","1,381.00","1,357.00","1,367.40","2,993,294"
"09-Jun-2022","1,362.25","1,382.05","1,357.15","1,377.70","3,655,908"
"10-Jun-2022","1,360.10","1,367.95","1,343.60","1,351.10","4,577,715"
"13-Jun-2022","1,323.60","1,330.00","1,308.30","1,326.60","5,446,286"
"14-Jun-2022","1,311.25","1,326.00","1,305.00","1,312.00","5,935,178"
"15-Jun-2022","1,301.65","1,315.80","1,298.40","1,307.45","5,905,235"
"16-Jun-2022","1,310.00","1,320.55","1,278.00","1,281.30","6,084,596"
"17-Jun-2022","1,275.00","1,299.00","1,271.60","1,289.75","7,361,961"
"20-Jun-2022","1,304.70","1,325.00","1,294.15","1,322.15","7,968,420"
"21-Jun-2022","1,336.90","1,354.00","1,324.05","1,336.55","6,610,342"
"22-Jun-2022","1,332.25","1,336.95","1,323.20","1,330.25","4,079,849"
"23-Jun-2022","1,330.50","1,348.00","1,318.50","1,335.15","7,686,122"
"24-Jun-2022","1,338.55","1,361.65","1,338.55","1,353.80","4,006,716"
"27-Jun-2022","1,370.00","1,376.00","1,352.00","1,356.25","4,902,082"
"28-Jun-2022","1,344.00","1,351.00","1,338.40","1,345.90","4,885,287"
"29-Jun-2022","1,331.25","1,350.75","1,331.25","1,343.95","4,997,023"
"30-Jun-2022","1,336.00","1,354.00","1,336.00","1,348.00","6,237,911"
"01-Jul-2022","1,343.95","1,360.00","1,330.05","1,353.75","5,736,226"
"04-Jul-2022","1,353.70","1,360.20","1,342.25","1,355.65","4,243,740"
"05-Jul-2022","1,364.00","1,379.35","1,348.30","1,352.60","7,162,859"
"06-Jul-2022","1,348.00","1,373.40","1,347.10","1,371.25","7,524,539"
"07-Jul-2022","1,380.00","1,398.00","1,374.45","1,395.80","8,871,571"
"08-Jul-2022","1,410.00","1,410.00","1,394.75","1,397.10","6,237,015"
"11-Jul-2022","1,394.00","1,409.90","1,393.25","1,406.15","3,731,440"
"12-Jul-2022","1,405.25","1,405.25","1,389.40","1,391.80","4,938,487"
"13-Jul-2022","1,390.00","1,394.20","1,354.25","1,357.85","7,972,805"
"14-Jul-2022","1,362.00","1,372.65","1,349.25","1,351.05","5,186,205"
"15-Jul-2022","1,353.00","1,364.90","1,346.80","1,362.05","6,797,823"
"18-Jul-2022","1,348.00","1,366.10","1,342.05","1,347.55","10,166,110"
"19-Jul-2022","1,337.00","1,358.55","1,337.00","1,348.05","7,896,269"
"20-Jul-2022","1,359.90","1,371.10","1,355.25","1,365.05","10,173,931"
"21-Jul-2022","1,360.55","1,369.50","1,358.10","1,360.75","6,320,139"
"22-Jul-2022","1,366.00","1,397.00","1,362.40","1,392.50","6,364,796"
"25-Jul-2022","1,395.00","1,404.60","1,383.30","1,396.60","5,071,563"
"26-Jul-2022","1,396.00","1,402.00","1,386.30","1,393.75","4,263,982"
"27-Jul-2022","1,388.90","1,406.00","1,384.25","1,404.40","4,606,389"
"28-Jul-2022","1,415.05","1,424.00","1,411.00","1,416.85","8,710,203"
"29-Jul-2022","1,438.00","1,438.60","1,415.30","1,434.20","10,009,868"
"01-Aug-2022","1,439.00","1,448.45","1,430.05","1,446.15","6,596,518"
"02-Aug-2022","1,442.00","1,444.60","1,423.05","1,430.25","7,518,255"
"03-Aug-2022","1,424.95","1,435.75","1,417.00","1,433.60","5,487,749"
"04-Aug-2022","1,440.00","1,446.70","1,412.95","1,431.90","6,006,103"
"05-Aug-2022","1,433.00","1,436.95","1,421.15","1,427.05","4,634,491"
"08-Aug-2022","1,428.00","1,464.50","1,427.10","1,462.05","7,678,868"
"10-Aug-2022","1,461.35","1,471.50","1,449.05","1,466.30","8,676,551"
"11-Aug-2022","1,486.50","1,491.00","1,474.55","1,485.70","9,150,883"
"12-Aug-2022","1,485.00","1,489.30","1,475.95","1,485.15","4,425,185"
"16-Aug-2022","1,494.80","1,508.50","1,488.05","1,502.15","6,281,878"
"17-Aug-2022","1,500.00","1,512.75","1,485.75","1,509.90","6,192,175"
"18-Aug-2022","1,500.00","1,513.90","1,499.65","1,511.70","4,171,069"
"19-Aug-2022","1,510.00","1,512.00","1,490.00","1,493.05","4,031,851"
"22-Aug-2022","1,484.80","1,488.35","1,467.70","1,470.35","4,117,033"
"23-Aug-2022","1,453.30","1,475.95","1,450.40","1,465.80","7,483,442"
"24-Aug-2022","1,461.90","1,475.50","1,459.20","1,472.85","6,727,760"
"25-Aug-2022","1,479.90","1,486.80","1,457.00","1,464.85","5,911,520"
"26-Aug-2022","1,472.05","1,481.80","1,461.20","1,465.10","3,853,088"
"29-Aug-2022","1,437.00","1,446.00","1,428.60","1,439.40","4,326,589"
"30-Aug-2022","1,446.45","1,489.95","1,443.10","1,486.10","5,067,700"
"01-Sep-2022","1,464.75","1,489.45","1,459.00","1,472.15","11,201,568"
"02-Sep-2022","1,472.15","1,490.50","1,465.20","1,485.50","6,019,043"
"05-Sep-2022","1,486.10","1,499.00","1,484.10","1,495.05","6,065,966"
"06-Sep-2022","1,498.90","1,506.65","1,486.45","1,489.35","6,119,348"
"07-Sep-2022","1,471.30","1,490.00","1,471.30","1,482.30","4,888,103"
"08-Sep-2022","1,490.10","1,500.00","1,482.15","1,497.60","5,582,345"
"09-Sep-2022","1,496.20","1,509.00","1,494.05","1,498.60","7,564,444"
"12-Sep-2022","1,500.00","1,504.00","1,490.00","1,493.55","5,540,246"
"13-Sep-2022","1,498.90","1,515.90","1,498.55","1,513.10","6,500,983"
"14-Sep-2022","1,494.05","1,538.90","1,492.35","1,528.65","10,109,880"
"15-Sep-2022","1,530.00","1,540.95","1,512.00","1,520.70","6,769,686"
"16-Sep-2022","1,503.10","1,514.70","1,483.00","1,492.75","10,280,023"
"19-Sep-2022","1,489.00","1,514.00","1,480.00","1,502.60","6,038,019"
"20-Sep-2022","1,514.00","1,524.00","1,509.90","1,520.70","5,390,834"
"21-Sep-2022","1,508.00","1,521.50","1,505.00","1,518.35","4,536,152"
"22-Sep-2022","1,502.00","1,510.15","1,482.75","1,486.00","6,024,072"
"23-Sep-2022","1,472.35","1,475.00","1,437.00","1,446.15","7,903,126"
"26-Sep-2022","1,425.35","1,436.45","1,418.00","1,426.65","4,461,743"
"27-Sep-2022","1,432.40","1,440.00","1,407.00","1,413.85","6,319,850"
"28-Sep-2022","1,406.00","1,410.60","1,385.90","1,389.55","5,908,066"
"29-Sep-2022","1,396.30","1,402.20","1,378.80","1,382.35","7,205,194"
"30-Sep-2022","1,378.80","1,431.45","1,365.00","1,421.35","7,890,878"
"03-Oct-2022","1,409.95","1,417.85","1,401.10","1,413.20","5,770,556"
"04-Oct-2022","1,429.50","1,458.00","1,426.15","1,453.00","5,769,263"
"06-Oct-2022","1,459.95","1,462.60","1,434.20","1,437.00","6,274,599"
"07-Oct-2022","1,430.25","1,434.95","1,420.35","1,430.80","6,648,997"
"10-Oct-2022","1,408.00","1,426.00","1,398.20","1,415.00","6,554,651"
"11-Oct-2022","1,401.10","1,417.00","1,399.45","1,400.65","7,260,810"
"12-Oct-2022","1,403.20","1,414.85","1,397.30","1,409.80","4,612,525"
"13-Oct-2022","1,402.05","1,406.25","1,384.00","1,393.60","7,357,117"
"14-Oct-2022","1,417.00","1,447.00","1,415.25","1,439.00","6,424,960"
"17-Oct-2022","1,435.00","1,457.60","1,427.00","1,446.55","9,205,250"
"18-Oct-2022","1,458.05","1,462.90","1,440.00","1,443.85","5,280,554"
"19-Oct-2022","1,464.00","1,477.40","1,453.40","1,458.65","6,483,520"
"20-Oct-2022","1,444.00","1,452.90","1,442.50","1,448.80","3,949,039"
"21-Oct-2022","1,452.00","1,457.65","1,434.00","1,438.60","5,246,303"
"24-Oct-2022","1,454.30","1,463.00","1,454.30","1,461.05","1,083,897"
"25-Oct-2022","1,461.10","1,467.80","1,445.00","1,450.90","6,886,697"
"27-Oct-2022","1,464.50","1,467.35","1,451.25","1,454.40","7,968,638"
"28-Oct-2022","1,450.00","1,467.00","1,447.40","1,458.70","5,237,139"
"31-Oct-2022","1,472.00","1,498.00","1,467.25","1,496.70","6,415,264"
"01-Nov-2022","1,503.50","1,529.00","1,498.90","1,513.25","9,536,878"
"02-Nov-2022","1,517.00","1,528.25","1,511.60","1,514.20","6,360,203"
"03-Nov-2022","1,497.70","1,520.25","1,497.00","1,507.55","5,166,176"
"04-Nov-2022","1,503.20","1,516.10","1,489.60","1,497.15","5,409,030"
"07-Nov-2022","1,510.00","1,512.00","1,492.10","1,508.80","4,917,917"
"09-Nov-2022","1,515.05","1,517.95","1,504.00","1,508.35","4,634,895"
"10-Nov-2022","1,497.10","1,527.00","1,495.05","1,524.75","6,387,091"
"11-Nov-2022","1,545.00","1,637.00","1,538.00","1,611.15","28,361,169"
"14-Nov-2022","1,612.00","1,628.00","1,598.00","1,615.05","9,597,695"
"15-Nov-2022","1,623.15","1,623.15","1,605.25","1,619.00","5,515,101"
"16-Nov-2022","1,618.65","1,642.00","1,612.00","1,632.90","6,789,075"
"17-Nov-2022","1,618.10","1,631.55","1,613.90","1,618.15","6,050,465"
"18-Nov-2022","1,621.00","1,623.00","1,605.25","1,613.90","5,229,616"
"21-Nov-2022","1,607.65","1,612.00","1,590.20","1,597.35","4,172,408"
"22-Nov-2022","1,600.00","1,604.35","1,591.00","1,595.00","4,273,157"
"23-Nov-2022","1,605.00","1,605.00","1,594.00","1,599.15","5,092,869"
"24-Nov-2022","1,605.95","1,632.00","1,599.15","1,625.15","8,598,980"
"25-Nov-2022","1,629.70","1,631.70","1,614.10","1,617.65","4,205,248"
"28-Nov-2022","1,602.90","1,607.45","1,594.05","1,600.25","8,052,990"
"29-Nov-2022","1,597.25","1,612.35","1,592.85","1,597.85","6,319,118"
"30-Nov-2022","1,597.10","1,612.90","1,597.10","1,608.45","7,592,403"
"01-Dec-2022","1,622.00","1,637.00","1,615.00","1,619.50","10,223,183"
"02-Dec-2022","1,610.00","1,618.60","1,605.15","1,607.10","3,905,539"
"05-Dec-2022","1,609.95","1,614.60","1,596.20","1,612.95","5,796,311"
"06-Dec-2022","1,601.00","1,613.70","1,600.00","1,611.15","6,176,546"
"07-Dec-2022","1,614.15","1,618.60","1,604.45","1,610.45","5,837,360"
"08-Dec-2022","1,610.00","1,626.00","1,605.00","1,619.50","7,401,817"
"09-Dec-2022","1,626.00","1,634.85","1,620.00","1,631.05","5,981,692"
"12-Dec-2022","1,625.00","1,653.60","1,621.40","1,643.75","7,217,404"
"13-Dec-2022","1,650.00","1,657.00","1,645.00","1,648.30","8,515,851"
"14-Dec-2022","1,653.00","1,665.50","1,650.00","1,662.25","7,113,820"
"15-Dec-2022","1,657.05","1,669.40","1,627.05","1,631.80","9,091,324"
"16-Dec-2022","1,620.05","1,645.10","1,609.00","1,639.65","7,323,979"
"19-Dec-2022","1,644.00","1,646.65","1,626.20","1,644.75","4,802,271"
"20-Dec-2022","1,620.20","1,636.40","1,620.20","1,633.40","3,587,349"
"21-Dec-2022","1,641.00","1,644.80","1,606.55","1,617.60","4,634,599"
"22-Dec-2022","1,622.20","1,627.50","1,609.00","1,612.05","4,873,548"
"23-Dec-2022","1,587.00","1,604.15","1,585.45","1,597.65","5,346,576"
"26-Dec-2022","1,599.50","1,639.00","1,590.00","1,629.45","4,953,661"
"27-Dec-2022","1,633.00","1,635.95","1,613.50","1,631.10","3,963,386"
"28-Dec-2022","1,623.10","1,633.00","1,623.10","1,629.80","4,345,935"
"29-Dec-2022","1,620.10","1,643.50","1,611.00","1,641.30","5,506,448"
"30-Dec-2022","1,645.00","1,645.00","1,620.00","1,628.15","3,561,320"
"02-Jan-2023","1,627.00","1,639.75","1,618.55","1,628.70","2,190,689"
"03-Jan-2023","1,622.20","1,643.00","1,622.20","1,639.35","4,189,015"
"04-Jan-2023","1,635.00","1,645.75","1,607.00","1,610.05","5,175,800"
"05-Jan-2023","1,615.00","1,618.05","1,589.40","1,599.70","5,470,718"
"06-Jan-2023","1,602.00","1,609.10","1,578.20","1,594.40","4,546,231"
"09-Jan-2023","1,596.00","1,611.55","1,590.00","1,597.50","5,364,670"
"10-Jan-2023","1,600.00","1,600.00","1,565.00","1,568.30","8,185,883"
"11-Jan-2023","1,567.95","1,598.00","1,560.00","1,590.90","7,597,899"
"12-Jan-2023","1,587.80","1,603.90","1,584.15","1,599.40","4,625,035"
"13-Jan-2023","1,598.75","1,609.90","1,586.00","1,600.65","4,622,273"
"16-Jan-2023","1,615.00","1,621.30","1,580.30","1,585.30","7,374,047"
"17-Jan-2023","1,589.80","1,611.00","1,577.50","1,608.90","5,393,177"
"18-Jan-2023","1,605.00","1,641.60","1,599.70","1,637.30","9,545,321"
"19-Jan-2023","1,637.00","1,650.00","1,633.00","1,644.10","5,586,081"
"20-Jan-2023","1,644.10","1,669.00","1,643.40","1,660.95","9,421,702"
"23-Jan-2023","1,666.25","1,682.60","1,661.40","1,673.10","7,722,200"
"24-Jan-2023","1,675.05","1,702.40","1,675.00","1,695.50","12,491,970"
"25-Jan-2023","1,691.40","1,692.95","1,645.30","1,648.65","7,352,071"
"27-Jan-2023","1,632.00","1,637.00","1,589.95","1,615.80","17,589,974"
"30-Jan-2023","1,595.00","1,625.30","1,582.00","1,614.15","9,256,411"
"31-Jan-2023","1,619.70","1,622.70","1,595.00","1,603.50","9,298,122"
"01-Feb-2023","1,624.00","1,665.00","1,606.00","1,627.55","8,651,395"
"02-Feb-2023","1,608.10","1,624.50","1,588.75","1,603.35","8,748,553"
"03-Feb-2023","1,611.00","1,660.50","1,607.00","1,658.80","7,205,550"
"06-Feb-2023","1,660.00","1,669.40","1,646.20","1,651.75","5,583,836"
"07-Feb-2023","1,659.40","1,664.90","1,632.60","1,654.20","5,132,294"
"08-Feb-2023","1,654.25","1,668.20","1,650.00","1,654.00","4,222,413"
"09-Feb-2023","1,660.00","1,661.65","1,635.55","1,650.55","5,888,668"
"10-Feb-2023","1,648.80","1,658.50","1,642.20","1,657.10","4,086,058"
"13-Feb-2023","1,655.00","1,661.75","1,644.55","1,658.35","2,868,472"
"14-Feb-2023","1,665.00","1,677.50","1,657.95","1,673.70","5,454,296"
"15-Feb-2023","1,678.00","1,678.00","1,656.75","1,670.30","5,719,356"
"16-Feb-2023","1,673.20","1,681.90","1,661.00","1,664.25","4,031,250"
"17-Feb-2023","1,661.00","1,668.15","1,642.95","1,655.90","4,478,135"
"20-Feb-2023","1,660.00","1,669.45","1,634.80","1,640.35","4,043,353"
"21-Feb-2023","1,640.00","1,662.35","1,634.00","1,646.50","6,194,648"
"22-Feb-2023","1,639.00","1,641.95","1,609.05","1,614.20","5,179,551"
"23-Feb-2023","1,613.00","1,618.85","1,592.10","1,603.25","13,941,005"
"24-Feb-2023","1,617.90","1,617.90","1,585.20","1,588.95","8,530,870"
"27-Feb-2023","1,585.90","1,599.00","1,577.30","1,592.90","7,156,486"
"28-Feb-2023","1,592.00","1,605.30","1,588.70","1,599.60","9,496,996"
"01-Mar-2023","1,612.00","1,613.00","1,595.75","1,598.05","7,068,628"
"02-Mar-2023","1,594.00","1,605.95","1,582.00","1,584.45","8,695,907"
"03-Mar-2023","1,596.00","1,620.00","1,588.00","1,615.90","7,493,117"
"06-Mar-2023","1,620.00","1,639.45","1,618.05","1,627.30","13,502,355"
"08-Mar-2023","1,620.00","1,639.50","1,620.00","1,630.55","10,049,887"
"09-Mar-2023","1,629.95","1,645.95","1,627.00","1,630.70","10,350,083"
"10-Mar-2023","1,610.45","1,613.75","1,585.00","1,588.65","13,693,500"
"13-Mar-2023","1,587.90","1,603.80","1,564.95","1,568.55","13,221,775"
"14-Mar-2023","1,570.25","1,583.60","1,559.30","1,564.35","16,592,806"
"15-Mar-2023","1,578.00","1,582.90","1,536.60","1,541.90","18,632,377"
"16-Mar-2023","1,539.00","1,559.10","1,532.05","1,551.90","10,876,671"
"17-Mar-2023","1,557.50","1,579.20","1,540.00","1,572.65","11,475,438"
"20-Mar-2023","1,567.95","1,568.10","1,545.40","1,561.75","13,251,557"
"21-Mar-2023","1,571.95","1,582.50","1,556.20","1,579.45","16,525,247"
"22-Mar-2023","1,584.00","1,586.05","1,565.30","1,575.80","7,088,662"
"23-Mar-2023","1,567.75","1,590.35","1,558.55","1,563.15","14,182,089"
"24-Mar-2023","1,560.00","1,573.90","1,554.95","1,560.65","15,738,874"
"27-Mar-2023","1,562.20","1,579.45","1,558.90","1,567.45","15,936,003"
"28-Mar-2023","1,565.70","1,582.90","1,564.10","1,580.20","19,638,151"
"29-Mar-2023","1,584.00","1,602.00","1,581.90","1,587.80","19,881,806"
"31-Mar-2023","1,595.60","1,612.95","1,592.40","1,609.55","17,355,614"
"03-Apr-2023","1,607.55","1,615.70","1,602.75","1,610.55","20,012,699"
"05-Apr-2023","1,618.60","1,656.00","1,616.00","1,653.75","21,682,696"
"06-Apr-2023","1,648.55","1,669.20","1,647.10","1,666.35","22,318,672"
"10-Apr-2023","1,663.25","1,671.00","1,654.00","1,658.45","15,906,643"
"11-Apr-2023","1,659.00","1,669.40","1,651.10","1,663.30","21,180,771"
"12-Apr-2023","1,668.00","1,688.20","1,667.80","1,684.90","13,477,752"
"13-Apr-2023","1,688.30","1,697.05","1,678.15","1,692.45","17,665,043"
"17-Apr-2023","1,720.00","1,720.00","1,653.30","1,666.65","16,202,574"
"18-Apr-2023","1,670.00","1,677.25","1,656.40","1,659.60","14,818,613"
"19-Apr-2023","1,665.00","1,670.30","1,657.15","1,665.70","12,370,584"
"20-Apr-2023","1,671.70","1,677.45","1,666.40","1,671.90","16,461,358"
"21-Apr-2023","1,669.00","1,676.95","1,663.25","1,674.60","10,064,309"
"24-Apr-2023","1,687.00","1,691.45","1,674.10","1,688.15","17,837,926"
"25-Apr-2023","1,687.70","1,687.70","1,661.90","1,664.15","25,176,534"
"26-Apr-2023","1,660.00","1,675.00","1,655.00","1,671.80","13,696,375"
"27-Apr-2023","1,670.50","1,685.25","1,665.85","1,681.00","23,895,196"
"28-Apr-2023","1,684.70","1,691.00","1,670.00","1,687.60","13,958,136"
"02-May-2023","1,688.70","1,699.00","1,682.00","1,687.25","16,110,592"
"03-May-2023","1,684.95","1,696.00","1,679.65","1,693.15","14,703,635"
"04-May-2023","1,687.10","1,734.45","1,687.10","1,727.80","28,427,319"
"05-May-2023","1,639.00","1,660.95","1,622.10","1,625.65","31,385,208"
"08-May-2023","1,635.00","1,650.35","1,630.00","1,644.45","18,622,262"
"09-May-2023","1,649.90","1,656.00","1,639.95","1,644.50","21,844,469"
"10-May-2023","1,644.50","1,654.65","1,633.10","1,652.10","23,170,275"
"11-May-2023","1,665.15","1,688.00","1,649.25","1,653.20","17,867,309"
"12-May-2023","1,647.00","1,672.80","1,644.25","1,667.80","11,239,380"
"15-May-2023","1,672.00","1,680.75","1,665.10","1,675.80","9,256,130"
"16-May-2023","1,671.80","1,671.80","1,644.00","1,647.30","16,361,043"
"17-May-2023","1,650.00","1,650.00","1,625.35","1,638.45","15,233,434"
"18-May-2023","1,648.00","1,653.95","1,640.00","1,645.00","24,823,471"
"19-May-2023","1,648.00","1,650.00","1,631.55","1,646.90","15,230,166"
"22-May-2023","1,645.00","1,652.90","1,632.70","1,641.05","14,167,016"
"23-May-2023","1,649.00","1,649.60","1,633.45","1,637.20","11,235,037"
"24-May-2023","1,627.55","1,634.75","1,613.60","1,615.80","16,794,056"
"25-May-2023","1,615.70","1,620.05","1,597.35","1,609.60","14,888,465"
"26-May-2023","1,619.00","1,619.00","1,602.25","1,615.80","13,317,533"
"29-May-2023","1,628.50","1,641.00","1,624.85","1,635.50","10,908,146"
"30-May-2023","1,633.60","1,642.65","1,628.55","1,636.75","18,562,964"
"31-May-2023","1,629.90","1,634.95","1,604.65","1,610.85","21,667,135"
"01-Jun-2023","1,619.90","1,619.90","1,600.00","1,604.00","25,183,469"
"02-Jun-2023","1,612.45","1,614.80","1,601.00","1,606.50","8,929,855"
"05-Jun-2023","1,614.50","1,616.50","1,602.45","1,604.40","9,348,621"
"06-Jun-2023","1,607.65","1,609.85","1,592.25","1,599.40","16,091,426"
"07-Jun-2023","1,603.45","1,612.55","1,596.00","1,607.70","12,474,513"
"08-Jun-2023","1,603.25","1,626.00","1,603.25","1,608.70","18,697,761"
"09-Jun-2023","1,615.90","1,618.50","1,607.00","1,610.60","9,106,289"
"12-Jun-2023","1,612.55","1,615.80","1,599.45","1,600.80","6,704,146"
"13-Jun-2023","1,590.10","1,609.00","1,590.10","1,603.50","13,963,054"
"14-Jun-2023","1,610.45","1,612.00","1,600.20","1,601.75","10,056,984"
"15-Jun-2023","1,604.00","1,605.95","1,579.00","1,582.05","17,688,738"
"16-Jun-2023","1,587.15","1,609.20","1,584.00","1,602.75","7,889,636"
"19-Jun-2023","1,611.00","1,614.25","1,598.35","1,604.15","12,414,573"
"20-Jun-2023","1,604.15","1,611.00","1,590.65","1,607.50","10,002,813"
"21-Jun-2023","1,616.00","1,637.25","1,611.00","1,635.60","12,154,473"
"22-Jun-2023","1,640.00","1,657.55","1,639.05","1,643.60","28,298,070"
"23-Jun-2023","1,637.55","1,659.90","1,634.05","1,643.50","10,669,609"
"26-Jun-2023","1,645.00","1,650.75","1,628.70","1,635.55","8,065,157"
"27-Jun-2023","1,642.95","1,672.90","1,638.55","1,658.60","16,915,932"
"28-Jun-2023","1,670.00","1,679.90","1,660.50","1,676.15","29,781,475"
"30-Jun-2023","1,704.00","1,708.80","1,683.25","1,701.40","20,349,508"
"03-Jul-2023","1,712.50","1,757.50","1,710.00","1,719.80","22,052,058"
"04-Jul-2023","1,723.45","1,747.00","1,713.80","1,728.20","19,397,594"
"05-Jul-2023","1,716.25","1,720.00","1,668.55","1,673.30","18,582,877"
"06-Jul-2023","1,673.00","1,687.85","1,660.40","1,675.00","26,078,272"
"07-Jul-2023","1,665.00","1,675.00","1,656.30","1,660.40","9,963,168"
"10-Jul-2023","1,661.00","1,676.75","1,649.70","1,656.45","19,199,221"
"11-Jul-2023","1,663.00","1,676.00","1,645.50","1,648.40","25,335,213"
"12-Jul-2023","1,655.35","1,666.30","1,627.15","1,632.95","35,479,179"
"13-Jul-2023","1,656.70","1,657.45","1,638.05","1,641.10","20,956,773"
"14-Jul-2023","1,653.60","1,653.60","1,635.00","1,644.50","12,363,607"
"17-Jul-2023","1,650.00","1,682.00","1,633.00","1,678.90","24,626,464"
"18-Jul-2023","1,698.00","1,704.00","1,670.00","1,677.50","40,538,409"
"19-Jul-2023","1,681.10","1,688.75","1,675.00","1,685.10","16,467,567"
"20-Jul-2023","1,681.15","1,692.00","1,680.00","1,688.75","28,105,474"
"21-Jul-2023","1,680.00","1,689.80","1,673.25","1,675.75","21,077,124"
"24-Jul-2023","1,678.50","1,684.65","1,670.10","1,678.40","16,089,722"
"25-Jul-2023","1,684.65","1,699.00","1,678.40","1,696.60","27,996,298"
"26-Jul-2023","1,699.60","1,699.60","1,688.00","1,690.70","12,397,179"
"27-Jul-2023","1,699.90","1,703.00","1,667.45","1,673.15","29,870,651"
"28-Jul-2023","1,661.50","1,668.90","1,641.10","1,643.50","20,507,842"
"31-Jul-2023","1,650.05","1,656.80","1,638.70","1,651.20","17,282,503"
"01-Aug-2023","1,654.45","1,667.45","1,650.00","1,662.25","17,697,094"
"02-Aug-2023","1,642.00","1,651.50","1,633.15","1,640.50","14,058,161"
"03-Aug-2023","1,640.00","1,651.35","1,623.00","1,628.65","28,836,973"
"04-Aug-2023","1,635.15","1,656.50","1,629.25","1,652.20","18,694,152"
"07-Aug-2023","1,663.10","1,663.10","1,647.55","1,651.25","14,150,459"
"08-Aug-2023","1,651.70","1,655.60","1,642.05","1,649.90","21,886,914"
"09-Aug-2023","1,653.00","1,654.50","1,631.10","1,650.50","16,680,618"
"10-Aug-2023","1,647.05","1,654.25","1,631.00","1,635.85","25,390,559"
"11-Aug-2023","1,638.40","1,638.40","1,616.20","1,618.80","14,112,911"
"14-Aug-2023","1,611.00","1,615.00","1,600.25","1,610.90","15,652,205"
"16-Aug-2023","1,583.10","1,609.65","1,581.30","1,606.20","17,068,771"
"17-Aug-2023","1,597.60","1,609.90","1,594.00","1,597.30","26,442,020"
"18-Aug-2023","1,587.55","1,596.30","1,585.50","1,590.75","12,816,683"
"21-Aug-2023","1,600.50","1,600.50","1,587.00","1,589.50","10,918,635"
"22-Aug-2023","1,596.35","1,598.00","1,580.00","1,582.70","16,136,785"
"23-Aug-2023","1,580.00","1,590.55","1,573.25","1,586.60","18,249,294"
"24-Aug-2023","1,593.30","1,596.20","1,576.15","1,579.30","21,572,896"
"25-Aug-2023","1,574.55","1,577.50","1,558.40","1,561.50","15,034,878"
"28-Aug-2023","1,561.50","1,582.65","1,561.50","1,577.75","14,433,619"
"29-Aug-2023","1,589.70","1,592.65","1,581.45","1,590.30","17,769,466"
"30-Aug-2023","1,603.95","1,603.95","1,573.70","1,578.70","14,042,102"
"31-Aug-2023","1,579.00","1,583.15","1,563.10","1,571.45","50,037,886"
"01-Sep-2023","1,571.00","1,579.00","1,559.35","1,574.70","21,613,388"
"04-Sep-2023","1,590.00","1,591.45","1,574.90","1,584.55","12,536,819"
"05-Sep-2023","1,588.40","1,588.40","1,570.60","1,574.90","19,356,041"
"06-Sep-2023","1,576.80","1,600.00","1,574.90","1,595.50","28,160,455"
"07-Sep-2023","1,595.50","1,614.00","1,587.15","1,610.85","17,104,171"
"08-Sep-2023","1,608.30","1,632.90","1,607.60","1,623.40","17,251,105"
"11-Sep-2023","1,628.90","1,636.50","1,624.00","1,631.80","15,786,511"
"12-Sep-2023","1,640.00","1,642.90","1,625.05","1,636.90","19,516,670"
"13-Sep-2023","1,631.30","1,651.60","1,628.60","1,643.90","23,210,047"
"14-Sep-2023","1,644.25","1,650.00","1,635.10","1,642.90","11,769,424"
"15-Sep-2023","1,650.00","1,670.00","1,650.00","1,661.75","86,705,601"
"18-Sep-2023","1,653.75","1,655.00","1,626.10","1,629.05","18,528,144"
"20-Sep-2023","1,599.00","1,599.00","1,560.40","1,563.70","57,737,324"
"21-Sep-2023","1,553.00","1,568.95","1,537.05","1,553.35","36,420,721"
"22-Sep-2023","1,559.00","1,564.40","1,523.75","1,529.65","30,852,125"
"25-Sep-2023","1,525.00","1,540.70","1,525.00","1,531.00","20,104,377"
"26-Sep-2023","1,525.00","1,540.00","1,525.00","1,537.65","13,787,654"
"27-Sep-2023","1,523.00","1,532.50","1,515.00","1,526.85","19,669,269"
"28-Sep-2023","1,534.00","1,537.60","1,518.35","1,523.70","27,677,094"
"29-Sep-2023","1,523.70","1,535.45","1,522.30","1,526.30","16,026,891"
"03-Oct-2023","1,527.00","1,527.00","1,506.00","1,508.05","19,485,847"
"04-Oct-2023","1,495.00","1,535.00","1,489.25","1,529.55","27,324,715"
"05-Oct-2023","1,535.05","1,551.55","1,532.60","1,535.75","24,256,337"
"06-Oct-2023","1,544.00","1,545.00","1,529.85","1,534.05","8,879,678"
"09-Oct-2023","1,528.00","1,530.00","1,512.00","1,516.25","8,227,486"
"10-Oct-2023","1,520.55","1,529.00","1,515.20","1,524.85","16,633,146"
"11-Oct-2023","1,530.10","1,542.15","1,528.50","1,539.60","15,666,680"
"12-Oct-2023","1,536.10","1,552.00","1,531.60","1,549.85","11,012,668"
"13-Oct-2023","1,540.00","1,548.80","1,529.95","1,535.75","19,872,650"
"16-Oct-2023","1,531.50","1,534.45","1,520.50","1,529.60","8,928,042"
"17-Oct-2023","1,555.75","1,555.75","1,535.00","1,541.20","16,451,279"
"18-Oct-2023","1,541.20","1,541.20","1,518.10","1,519.75","15,608,100"
"19-Oct-2023","1,505.40","1,526.25","1,503.20","1,514.95","15,126,182"
"20-Oct-2023","1,505.00","1,527.00","1,505.00","1,522.80","10,547,005"
"23-Oct-2023","1,523.50","1,528.75","1,500.10","1,506.05","11,188,068"
"25-Oct-2023","1,521.00","1,522.80","1,491.45","1,496.50","14,155,998"
"26-Oct-2023","1,491.25","1,492.00","1,460.25","1,463.40","27,780,899"
"27-Oct-2023","1,469.50","1,478.00","1,466.90","1,469.15","15,970,266"
"30-Oct-2023","1,463.25","1,489.95","1,461.90","1,485.10","11,655,491"
"31-Oct-2023","1,504.00","1,504.00","1,474.00","1,476.50","16,317,412"
"01-Nov-2023","1,462.25","1,477.45","1,462.25","1,474.50","16,938,733"
"02-Nov-2023","1,485.00","1,490.50","1,467.15","1,476.75","22,612,577"
"03-Nov-2023","1,488.00","1,491.40","1,481.65","1,483.75","9,047,670"
"06-Nov-2023","1,498.00","1,498.00","1,483.00","1,494.50","12,796,865"
"07-Nov-2023","1,494.00","1,494.00","1,477.20","1,487.25","20,976,424"
"08-Nov-2023","1,483.95","1,493.45","1,481.00","1,491.55","15,699,773"
"09-Nov-2023","1,486.00","1,492.60","1,483.50","1,485.65","11,058,370"
"10-Nov-2023","1,480.10","1,496.00","1,480.05","1,491.50","7,007,593"
"12-Nov-2023","1,500.00","1,502.00","1,496.15","1,500.00","1,975,463"
"13-Nov-2023","1,492.10","1,495.95","1,485.90","1,488.80","10,302,957"
"15-Nov-2023","1,504.10","1,510.95","1,500.55","1,504.40","20,622,730"
"16-Nov-2023","1,509.70","1,519.00","1,503.75","1,508.35","14,856,919"
"17-Nov-2023","1,490.00","1,507.50","1,489.00","1,505.10","11,850,937"
"20-Nov-2023","1,513.00","1,513.00","1,501.55","1,505.20","9,665,726"
"21-Nov-2023","1,519.00","1,522.00","1,512.10","1,517.95","12,479,986"
"22-Nov-2023","1,520.00","1,520.00","1,503.55","1,512.55","14,561,825"
"23-Nov-2023","1,508.50","1,523.85","1,508.50","1,521.30","6,523,110"
"24-Nov-2023","1,521.20","1,533.15","1,519.85","1,532.10","8,234,596"
"28-Nov-2023","1,535.20","1,537.25","1,525.80","1,528.65","14,244,669"
"29-Nov-2023","1,533.90","1,563.00","1,533.00","1,559.15","17,021,244"
"30-Nov-2023","1,569.15","1,572.45","1,542.15","1,558.80","34,745,720"
"01-Dec-2023","1,557.90","1,565.75","1,552.10","1,555.40","11,076,768"
"04-Dec-2023","1,588.00","1,612.00","1,573.65","1,609.40","25,331,228"
"05-Dec-2023","1,636.50","1,639.00","1,616.50","1,623.70","26,115,410"
"06-Dec-2023","1,638.45","1,638.45","1,616.65","1,627.80","19,306,530"
"07-Dec-2023","1,625.00","1,634.00","1,616.20","1,630.45","10,225,193"
"08-Dec-2023","1,630.45","1,655.00","1,630.45","1,653.20","16,864,019"
"11-Dec-2023","1,650.05","1,663.70","1,647.00","1,651.00","11,593,810"
"12-Dec-2023","1,654.20","1,656.25","1,631.85","1,634.60","18,290,738"
"13-Dec-2023","1,632.45","1,636.00","1,615.10","1,630.90","14,673,457"
"14-Dec-2023","1,646.00","1,658.95","1,645.00","1,650.15","17,586,183"
"15-Dec-2023","1,650.00","1,668.00","1,646.60","1,656.55","69,418,565"
"18-Dec-2023","1,660.70","1,664.70","1,650.95","1,655.70","9,007,377"
"19-Dec-2023","1,650.00","1,658.65","1,644.05","1,652.90","12,004,223"
"20-Dec-2023","1,658.00","1,668.95","1,644.45","1,657.00","17,116,260"
"21-Dec-2023","1,657.00","1,689.75","1,650.25","1,686.70","18,294,620"
"22-Dec-2023","1,683.60","1,685.90","1,667.10","1,670.85","24,289,425"
"26-Dec-2023","1,673.25","1,685.95","1,668.55","1,682.45","9,022,928"
"27-Dec-2023","1,681.50","1,706.50","1,678.60","1,703.30","13,504,539"
"28-Dec-2023","1,709.30","1,721.40","1,702.00","1,705.25","22,038,235"
"29-Dec-2023","1,697.00","1,714.90","1,696.00","1,709.25","12,505,713"
"01-Jan-2024","1,706.00","1,709.15","1,692.00","1,698.10","7,119,843"
"02-Jan-2024","1,698.80","1,702.80","1,688.70","1,699.10","14,621,046"
"03-Jan-2024","1,702.00","1,704.70","1,668.95","1,672.90","14,194,881"
"04-Jan-2024","1,678.00","1,694.95","1,670.70","1,690.85","13,367,028"
"05-Jan-2024","1,687.15","1,704.90","1,668.10","1,682.20","15,944,735"
"08-Jan-2024","1,678.50","1,682.35","1,660.00","1,663.45","8,999,235"
"09-Jan-2024","1,667.15","1,677.80","1,646.75","1,650.50","12,663,444"
"10-Jan-2024","1,643.00","1,659.95","1,641.40","1,655.95","8,057,912"
"11-Jan-2024","1,660.00","1,662.90","1,643.00","1,649.00","9,157,005"
"12-Jan-2024","1,652.00","1,656.00","1,633.60","1,641.20","9,886,776"
"15-Jan-2024","1,647.70","1,680.90","1,643.60","1,672.80","14,160,178"
"16-Jan-2024","1,673.00","1,683.65","1,658.10","1,679.15","12,661,250"
"17-Jan-2024","1,570.00","1,596.80","1,528.40","1,537.50","85,072,618"
"18-Jan-2024","1,494.00","1,515.00","1,480.05","1,486.15","80,535,465"
"19-Jan-2024","1,505.95","1,510.25","1,468.40","1,470.65","54,800,269"
"20-Jan-2024","1,483.20","1,495.70","1,476.00","1,478.85","12,920,293"
"23-Jan-2024","1,465.00","1,474.70","1,425.00","1,427.35","57,734,701"
"24-Jan-2024","1,380.25","1,458.45","1,380.25","1,455.90","43,002,202"
"25-Jan-2024","1,452.50","1,457.35","1,419.40","1,434.90","49,470,926"
"29-Jan-2024","1,448.05","1,462.80","1,445.80","1,454.65","32,822,749"
"30-Jan-2024","1,454.55","1,463.20","1,440.90","1,444.30","20,864,384"
"31-Jan-2024","1,439.50","1,474.95","1,436.80","1,462.55","32,880,520"
"01-Feb-2024","1,465.05","1,473.60","1,456.05","1,466.35","16,345,370"
"02-Feb-2024","1,475.00","1,480.85","1,442.05","1,446.15","22,433,877"
"05-Feb-2024","1,446.00","1,451.90","1,434.05","1,444.85","19,302,523"
"06-Feb-2024","1,445.55","1,449.70","1,432.60","1,444.10","20,537,870"
"07-Feb-2024","1,453.00","1,453.80","1,426.65","1,429.95","27,418,543"
"08-Feb-2024","1,429.85","1,438.95","1,400.50","1,403.05","34,553,062"
"09-Feb-2024","1,392.15","1,414.20","1,387.00","1,403.60","28,321,062"
"12-Feb-2024","1,399.65","1,413.65","1,383.35","1,390.00","17,223,906"
"13-Feb-2024","1,391.95","1,404.35","1,384.35","1,394.45","28,790,497"
"14-Feb-2024","1,376.00","1,391.50","1,363.55","1,384.05","45,660,405"
"15-Feb-2024","1,385.00","1,415.50","1,384.35","1,414.05","20,792,472"
"16-Feb-2024","1,423.90","1,427.70","1,408.45","1,419.90","16,087,871"
"19-Feb-2024","1,429.00","1,429.00","1,415.20","1,417.10","17,225,878"
"20-Feb-2024","1,415.00","1,457.25","1,411.80","1,454.30","28,066,754"
"21-Feb-2024","1,464.00","1,464.00","1,435.00","1,439.15","22,946,568"
"22-Feb-2024","1,417.75","1,428.80","1,412.20","1,419.55","25,280,441"
"23-Feb-2024","1,422.55","1,433.90","1,418.00","1,420.60","14,916,726"
"26-Feb-2024","1,413.55","1,434.85","1,413.55","1,422.30","11,753,435"
"27-Feb-2024","1,413.55","1,426.70","1,413.05","1,420.15","16,043,575"
"28-Feb-2024","1,420.15","1,424.20","1,404.00","1,409.40","12,660,993"
"29-Feb-2024","1,402.10","1,410.40","1,397.30","1,403.40","26,647,850"
"01-Mar-2024","1,400.00","1,432.75","1,400.00","1,430.75","17,369,449"
"02-Mar-2024","1,434.55","1,436.00","1,428.10","1,430.75","895,265"
"04-Mar-2024","1,430.95","1,437.00","1,424.30","1,432.70","17,808,237"
"05-Mar-2024","1,422.00","1,443.00","1,421.65","1,440.85","18,995,836"
"06-Mar-2024","1,433.55","1,452.85","1,433.55","1,442.60","21,204,765"
"07-Mar-2024","1,445.50","1,451.05","1,441.40","1,446.10","24,674,023"
"11-Mar-2024","1,430.00","1,445.95","1,423.00","1,427.80","25,265,547"
"12-Mar-2024","1,434.00","1,464.00","1,429.25","1,459.55","32,709,227"
"13-Mar-2024","1,465.50","1,471.60","1,450.10","1,460.40","31,533,727"
"14-Mar-2024","1,462.10","1,466.00","1,444.30","1,455.45","26,216,079"
"15-Mar-2024","1,450.00","1,459.30","1,442.25","1,452.65","71,806,902"
"18-Mar-2024","1,447.00","1,456.00","1,435.80","1,446.05","10,718,928"
"19-Mar-2024","1,435.50","1,452.40","1,435.50","1,449.35","18,091,797"
"20-Mar-2024","1,449.05","1,451.65","1,424.65","1,431.05","21,803,047"
"21-Mar-2024","1,442.60","1,451.25","1,438.30","1,445.75","14,461,430"
"22-Mar-2024","1,441.00","1,450.75","1,437.75","1,442.85","22,990,163"
"26-Mar-2024","1,427.20","1,437.95","1,422.15","1,425.40","28,422,145"
"27-Mar-2024","1,423.55","1,447.95","1,421.25","1,440.70","31,084,334"
"28-Mar-2024","1,440.70","1,460.50","1,440.70","1,447.90","27,796,071"
"01-Apr-2024","1,458.00","1,473.80","1,455.60","1,470.50","12,599,785"
"02-Apr-2024","1,465.15","1,494.85","1,463.25","1,480.15","20,612,723"
"03-Apr-2024","1,472.10","1,495.65","1,471.40","1,482.30","22,792,193"
"04-Apr-2024","1,504.00","1,530.00","1,504.00","1,527.60","44,467,533"
"05-Apr-2024","1,539.00","1,554.50","1,530.15","1,549.55","29,527,951"
"08-Apr-2024","1,554.95","1,557.25","1,541.55","1,546.60","10,241,470"
"09-Apr-2024","1,554.85","1,554.85","1,540.30","1,548.55","10,942,247"
"10-Apr-2024","1,549.90","1,549.90","1,532.95","1,536.35","13,903,700"
"12-Apr-2024","1,521.00","1,529.85","1,513.45","1,518.95","20,542,104"
"15-Apr-2024","1,497.55","1,510.00","1,492.05","1,494.70","11,707,624"
"16-Apr-2024","1,487.00","1,512.90","1,482.25","1,509.25","10,372,443"
"18-Apr-2024","1,509.80","1,518.85","1,491.05","1,494.70","17,117,442"
"19-Apr-2024","1,486.55","1,534.95","1,480.25","1,531.30","17,288,217"
"22-Apr-2024","1,557.40","1,557.40","1,508.30","1,512.20","21,149,219"
"23-Apr-2024","1,526.30","1,526.50","1,503.25","1,507.60","13,413,530"
"24-Apr-2024","1,515.00","1,521.75","1,509.05","1,511.70","11,220,790"
"25-Apr-2024","1,506.25","1,519.70","1,506.25","1,510.75","17,722,602"
"26-Apr-2024","1,519.80","1,528.00","1,505.55","1,509.80","12,427,347"
"29-Apr-2024","1,515.00","1,534.45","1,506.55","1,529.50","18,046,675"
"30-Apr-2024","1,529.20","1,539.50","1,514.90","1,520.10","26,153,691"
"02-May-2024","1,522.00","1,537.00","1,520.35","1,532.25","16,737,503"
"03-May-2024","1,533.25","1,540.60","1,507.20","1,519.60","15,932,621"
"06-May-2024","1,522.00","1,534.50","1,517.15","1,522.65","14,396,698"
"07-May-2024","1,521.95","1,524.05","1,504.15","1,506.15","14,240,301"
"08-May-2024","1,495.95","1,496.95","1,480.35","1,482.65","20,843,931"
"09-May-2024","1,474.95","1,486.75","1,445.30","1,447.50","23,140,639"
"10-May-2024","1,439.00","1,451.95","1,426.80","1,437.90","13,638,304"
"13-May-2024","1,432.00","1,459.80","1,430.30","1,455.25","13,523,601"
"14-May-2024","1,452.25","1,465.50","1,450.30","1,460.95","12,832,571"
"15-May-2024","1,459.70","1,459.70","1,435.80","1,438.50","19,465,998"
"16-May-2024","1,446.05","1,462.55","1,435.50","1,460.25","17,472,618"
"17-May-2024","1,446.20","1,468.00","1,446.20","1,464.10","10,460,095"
"18-May-2024","1,466.00","1,467.10","1,463.05","1,466.05","528,557"
"21-May-2024","1,450.10","1,469.70","1,450.10","1,458.80","21,884,989"
"22-May-2024","1,457.85","1,465.60","1,448.15","1,459.20","19,998,139"
"23-May-2024","1,458.65","1,495.65","1,457.05","1,492.60","20,430,960"
"24-May-2024","1,487.50","1,519.90","1,486.00","1,517.20","15,530,103"
"27-May-2024","1,523.35","1,545.00","1,519.05","1,527.70","14,692,720"
"28-May-2024","1,530.10","1,536.05","1,524.80","1,530.50","13,954,452"
"29-May-2024","1,518.00","1,523.85","1,501.25","1,508.30","17,573,853"
"30-May-2024","1,499.20","1,523.60","1,497.65","1,514.85","16,877,675"
"31-May-2024","1,519.00","1,536.00","1,514.00","1,531.55","37,039,794"
"03-Jun-2024","1,599.00","1,599.00","1,550.00","1,572.20","36,318,628"
"04-Jun-2024","1,557.00","1,559.00","1,454.00","1,483.15","44,765,620"
"05-Jun-2024","1,494.05","1,559.60","1,482.35","1,551.80","40,815,825"
"06-Jun-2024","1,564.90","1,565.45","1,546.60","1,559.70","23,211,435"
"07-Jun-2024","1,561.05","1,584.35","1,552.05","1,573.35","18,356,108"
"10-Jun-2024","1,574.00","1,580.65","1,557.60","1,561.30","11,227,029"
"11-Jun-2024","1,556.00","1,571.00","1,552.20","1,564.80","14,772,663"
"12-Jun-2024","1,575.00","1,588.30","1,566.40","1,574.15","19,640,218"
"13-Jun-2024","1,581.75","1,585.70","1,574.00","1,580.75","12,060,096"
"14-Jun-2024","1,584.00","1,599.00","1,577.70","1,596.90","12,770,277"
"18-Jun-2024","1,596.90","1,610.50","1,589.45","1,607.80","16,207,857"
"19-Jun-2024","1,613.40","1,669.90","1,604.00","1,657.85","45,065,598"
"20-Jun-2024","1,669.80","1,681.45","1,652.00","1,669.35","20,704,371"
"21-Jun-2024","1,672.85","1,672.85","1,643.15","1,665.75","25,815,388"
"24-Jun-2024","1,647.00","1,675.10","1,645.75","1,672.40","14,272,497"
"25-Jun-2024","1,671.10","1,716.95","1,671.10","1,711.35","37,260,774"
"26-Jun-2024","1,707.95","1,710.90","1,691.10","1,701.50","23,798,333"
"27-Jun-2024","1,696.10","1,713.00","1,686.60","1,696.15","27,537,325"
"28-Jun-2024","1,697.60","1,706.60","1,679.00","1,683.80","13,238,023"
"01-Jul-2024","1,680.00","1,707.30","1,680.00","1,705.20","10,593,512"
"02-Jul-2024","1,715.00","1,734.90","1,702.75","1,730.60","22,960,845"
"03-Jul-2024","1,791.00","1,794.00","1,764.65","1,768.65","61,608,901"
"04-Jul-2024","1,759.75","1,759.75","1,724.85","1,727.15","22,924,329"
"05-Jul-2024","1,685.00","1,685.00","1,642.20","1,648.10","41,121,274"
"08-Jul-2024","1,645.30","1,654.95","1,627.15","1,635.35","19,543,900"
"09-Jul-2024","1,625.00","1,646.70","1,620.35","1,636.50","24,275,439"
"10-Jul-2024","1,629.95","1,640.00","1,620.75","1,626.10","22,753,591"
"11-Jul-2024","1,623.95","1,625.85","1,601.00","1,621.90","22,088,537"
"12-Jul-2024","1,622.00","1,638.40","1,611.15","1,622.70","28,024,980"
"15-Jul-2024","1,623.50","1,629.80","1,615.20","1,622.10","16,687,847"
"16-Jul-2024","1,620.75","1,627.00","1,616.80","1,619.75","14,475,162"
"18-Jul-2024","1,608.00","1,623.95","1,599.15","1,614.80","16,858,532"
"19-Jul-2024","1,616.00","1,623.00","1,603.50","1,607.30","13,001,076"
"22-Jul-2024","1,617.00","1,651.00","1,612.65","1,642.55","26,872,411"
"23-Jul-2024","1,647.55","1,647.80","1,605.00","1,618.40","26,001,076"
"24-Jul-2024","1,608.15","1,621.00","1,588.05","1,604.05","30,864,103"
"25-Jul-2024","1,593.00","1,625.00","1,593.00","1,616.60","12,767,866"
"26-Jul-2024","1,605.00","1,621.75","1,596.45","1,618.15","21,905,270"
"29-Jul-2024","1,615.00","1,631.85","1,598.30","1,605.05","25,500,574"
"30-Jul-2024","1,602.00","1,634.75","1,599.00","1,615.55","27,297,917"
"31-Jul-2024","1,614.00","1,627.90","1,609.20","1,615.75","18,910,242"
"01-Aug-2024","1,622.90","1,650.05","1,617.95","1,638.80","13,107,587"
"02-Aug-2024","1,631.00","1,670.50","1,631.00","1,659.15","22,059,619"
"05-Aug-2024","1,640.10","1,646.00","1,601.00","1,615.75","20,666,817"
"06-Aug-2024","1,630.00","1,632.95","1,593.30","1,601.20","22,558,025"
"07-Aug-2024","1,617.00","1,630.00","1,602.20","1,623.50","21,173,132"
"08-Aug-2024","1,624.00","1,653.30","1,619.25","1,642.70","16,988,475"
"09-Aug-2024","1,652.00","1,662.55","1,645.80","1,650.20","13,322,309"
"12-Aug-2024","1,652.00","1,675.95","1,647.35","1,660.10","19,658,098"
"13-Aug-2024","1,628.00","1,632.40","1,601.15","1,603.20","27,027,521"
"14-Aug-2024","1,606.50","1,613.70","1,603.20","1,607.80","16,167,214"
"16-Aug-2024","1,628.50","1,634.15","1,611.00","1,632.10","13,924,623"
"19-Aug-2024","1,637.65","1,637.65","1,623.70","1,631.55","9,751,082"
"20-Aug-2024","1,627.45","1,646.00","1,627.45","1,637.70","15,567,247"
"21-Aug-2024","1,628.10","1,634.55","1,617.80","1,625.80","23,815,452"
"22-Aug-2024","1,632.00","1,638.30","1,628.00","1,631.30","10,650,319"
"23-Aug-2024","1,634.00","1,634.00","1,623.00","1,625.05","10,166,711"
"26-Aug-2024","1,632.20","1,647.95","1,632.20","1,639.95","11,182,133"
"27-Aug-2024","1,643.40","1,647.40","1,632.20","1,637.75","17,886,622"
"28-Aug-2024","1,637.75","1,639.75","1,630.20","1,637.10","13,460,594"
"29-Aug-2024","1,642.00","1,644.40","1,631.15","1,638.55","24,526,302"
"30-Aug-2024","1,656.00","1,662.00","1,621.15","1,636.90","222,671,050"
"02-Sep-2024","1,646.80","1,646.80","1,623.20","1,626.95","17,024,840"
"03-Sep-2024","1,634.00","1,639.95","1,624.60","1,637.35","18,641,430"
"04-Sep-2024","1,639.00","1,644.80","1,632.00","1,641.80","12,341,372"
"05-Sep-2024","1,646.00","1,649.90","1,642.00","1,645.45","11,438,159"
"06-Sep-2024","1,638.30","1,647.75","1,634.10","1,636.95","13,014,801"
"09-Sep-2024","1,638.00","1,648.50","1,630.10","1,646.50","11,896,457"
"10-Sep-2024","1,654.00","1,654.00","1,638.00","1,650.35","13,303,323"
"11-Sep-2024","1,650.40","1,652.50","1,639.20","1,643.90","11,113,342"
"12-Sep-2024","1,654.00","1,670.00","1,647.05","1,666.60","16,212,023"
"13-Sep-2024","1,674.00","1,674.00","1,657.05","1,665.95","11,930,266"
"16-Sep-2024","1,667.00","1,677.80","1,664.05","1,670.95","7,586,410"
"17-Sep-2024","1,678.00","1,678.00","1,664.15","1,668.80","10,063,561"
"18-Sep-2024","1,671.85","1,698.90","1,671.10","1,694.80","20,458,671"
"19-Sep-2024","1,699.20","1,719.00","1,699.15","1,708.50","15,325,888"
"20-Sep-2024","1,716.50","1,744.95","1,707.55","1,741.20","30,311,693"
"23-Sep-2024","1,749.00","1,766.35","1,740.25","1,759.80","13,482,675"
"24-Sep-2024","1,765.00","1,781.65","1,754.25","1,768.05","16,519,518"
"25-Sep-2024","1,760.15","1,788.00","1,760.15","1,779.10","15,982,656"
"26-Sep-2024","1,773.05","1,788.00","1,768.05","1,783.45","15,949,822"
"27-Sep-2024","1,777.00","1,778.20","1,750.00","1,752.65","17,806,751"
"30-Sep-2024","1,748.80","1,751.45","1,724.40","1,732.05","13,191,767"
"01-Oct-2024","1,724.00","1,742.00","1,720.10","1,726.20","12,286,142"
"03-Oct-2024","1,715.65","1,726.15","1,673.35","1,682.00","24,236,699"
"04-Oct-2024","1,674.50","1,690.65","1,653.00","1,657.65","24,341,616"
"07-Oct-2024","1,652.20","1,659.00","1,613.00","1,617.80","47,229,148"
"08-Oct-2024","1,630.00","1,656.80","1,622.00","1,651.05","14,867,203"
"09-Oct-2024","1,649.50","1,656.75","1,628.70","1,633.15","20,562,821"
"10-Oct-2024","1,639.00","1,665.45","1,632.50","1,662.40","10,877,383"
"11-Oct-2024","1,664.45","1,664.45","1,643.25","1,651.00","11,836,297"
"14-Oct-2024","1,656.05","1,692.05","1,654.00","1,688.10","9,263,754"
"15-Oct-2024","1,694.00","1,698.00","1,675.50","1,684.10","9,825,565"
"16-Oct-2024","1,680.10","1,707.95","1,680.10","1,699.80","10,235,341"
"17-Oct-2024","1,694.95","1,697.65","1,665.20","1,673.15","7,347,866"
"18-Oct-2024","1,663.10","1,691.00","1,654.10","1,681.85","12,404,862"
"21-Oct-2024","1,715.00","1,748.15","1,711.05","1,728.70","23,274,177"
"22-Oct-2024","1,730.05","1,740.00","1,710.70","1,714.55","19,437,640"
"23-Oct-2024","1,705.05","1,746.50","1,705.05","1,735.80","19,018,045"
"24-Oct-2024","1,738.10","1,768.65","1,738.10","1,749.65","15,416,129"
"25-Oct-2024","1,755.00","1,757.85","1,728.70","1,743.40","13,065,239"
"28-Oct-2024","1,742.00","1,751.00","1,728.90","1,734.20","11,006,071"
"29-Oct-2024","1,726.15","1,764.00","1,725.10","1,751.85","17,897,463"
"30-Oct-2024","1,742.00","1,754.75","1,724.20","1,734.60","16,357,862"
"31-Oct-2024","1,728.00","1,738.90","1,719.40","1,735.70","11,447,956"
"01-Nov-2024","1,733.00","1,744.10","1,726.10","1,737.30","879,846"
"04-Nov-2024","1,745.00","1,745.00","1,710.90","1,714.10","14,044,624"
"05-Nov-2024","1,703.00","1,762.70","1,697.90","1,757.85","22,116,203"
"06-Nov-2024","1,771.50","1,771.50","1,745.35","1,755.25","13,893,955"
"07-Nov-2024","1,744.30","1,760.95","1,738.00","1,746.55","9,447,728"
"08-Nov-2024","1,752.00","1,761.80","1,745.85","1,754.45","9,951,493"
"11-Nov-2024","1,754.55","1,782.80","1,751.20","1,766.30","12,282,681"
"12-Nov-2024","1,772.00","1,775.00","1,708.65","1,718.20","15,697,703"
"13-Nov-2024","1,716.75","1,729.40","1,673.00","1,681.35","17,864,250"
"14-Nov-2024","1,673.10","1,704.85","1,672.10","1,692.75","13,573,235"
"18-Nov-2024","1,700.00","1,718.90","1,695.00","1,705.10","13,540,984"
"19-Nov-2024","1,714.00","1,753.75","1,702.70","1,742.25","25,490,636"
"21-Nov-2024","1,749.40","1,759.00","1,734.20","1,741.20","17,858,256"
"22-Nov-2024","1,743.55","1,754.30","1,729.55","1,745.60","12,386,806"
"25-Nov-2024","1,785.05","1,803.55","1,764.90","1,785.60","213,868,637"
"26-Nov-2024","1,810.00","1,810.00","1,769.80","1,785.55","15,467,783"
"27-Nov-2024","1,789.90","1,817.35","1,785.15","1,812.30","16,357,488"
"28-Nov-2024","1,819.00","1,836.10","1,788.00","1,793.15","17,861,196"
"29-Nov-2024","1,801.30","1,804.60","1,782.90","1,796.05","13,834,768"
"02-Dec-2024","1,803.50","1,808.15","1,775.00","1,804.70","7,555,438"
"03-Dec-2024","1,822.70","1,837.40","1,816.10","1,826.30","21,705,121"
"04-Dec-2024","1,838.00","1,865.00","1,831.15","1,860.10","22,334,542"
"05-Dec-2024","1,860.00","1,879.95","1,835.20","1,865.75","19,841,357"
"06-Dec-2024","1,857.00","1,864.20","1,844.00","1,855.85","8,891,578"
"09-Dec-2024","1,853.65","1,880.00","1,849.00","1,870.00","13,473,956"
"10-Dec-2024","1,877.70","1,877.70","1,858.55","1,868.10","6,662,740"
"11-Dec-2024","1,861.70","1,871.90","1,856.75","1,863.10","7,022,713"
"12-Dec-2024","1,851.00","1,868.65","1,848.70","1,859.25","8,646,895"
"13-Dec-2024","1,862.50","1,875.00","1,829.25","1,871.75","9,504,501"
"16-Dec-2024","1,865.10","1,869.95","1,855.25","1,865.20","6,553,541"
"17-Dec-2024","1,856.35","1,862.35","1,826.50","1,833.25","10,539,766"
"18-Dec-2024","1,829.85","1,836.00","1,807.15","1,810.70","11,711,156"
"19-Dec-2024","1,799.60","1,801.10","1,779.00","1,793.50","12,690,385"
"20-Dec-2024","1,782.20","1,797.55","1,767.05","1,771.50","12,846,174"
"23-Dec-2024","1,782.00","1,806.00","1,781.30","1,801.00","5,522,296"
"24-Dec-2024","1,802.05","1,808.70","1,789.55","1,798.10","7,242,917"
"26-Dec-2024","1,798.55","1,812.00","1,780.75","1,790.75","5,240,839"
"27-Dec-2024","1,794.80","1,805.95","1,789.10","1,798.25","3,629,665"
"30-Dec-2024","1,792.20","1,815.00","1,771.00","1,777.90","11,111,109"
"31-Dec-2024","1,770.30","1,781.80","1,765.60","1,772.85","7,058,618"
"01-Jan-2025","1,773.45","1,794.00","1,761.10","1,782.75","3,656,903"
"02-Jan-2025","1,777.10","1,803.45","1,773.00","1,793.75","9,279,288"
"03-Jan-2025","1,791.00","1,795.25","1,746.30","1,749.20","12,213,097"
"06-Jan-2025","1,740.10","1,757.20","1,705.80","1,710.50","9,408,174"
"07-Jan-2025","1,715.00","1,721.00","1,700.00","1,713.40","6,763,953"
"08-Jan-2025","1,708.25","1,711.65","1,683.35","1,694.30","9,869,095"
"09-Jan-2025","1,684.15","1,689.00","1,658.10","1,667.80","20,210,111"
"10-Jan-2025","1,671.00","1,674.90","1,654.00","1,656.75","8,726,640"
"13-Jan-2025","1,640.00","1,646.75","1,624.30","1,630.85","10,834,533"
"14-Jan-2025","1,639.90","1,656.20","1,637.00","1,646.60","13,330,716"
"15-Jan-2025","1,656.50","1,662.70","1,636.30","1,643.05","7,011,446"
"16-Jan-2025","1,652.85","1,660.55","1,642.85","1,652.05","10,606,227"
"17-Jan-2025","1,643.50","1,650.50","1,628.50","1,636.75","11,556,038"
"20-Jan-2025","1,626.00","1,660.95","1,626.00","1,651.25","8,778,809"
"21-Jan-2025","1,658.25","1,661.05","1,633.05","1,642.40","15,579,072"
"22-Jan-2025","1,642.40","1,671.90","1,625.45","1,666.05","15,309,653"
"23-Jan-2025","1,687.00","1,687.00","1,651.25","1,664.90","17,454,579"
"24-Jan-2025","1,660.00","1,670.30","1,644.50","1,649.80","12,118,100"
"27-Jan-2025","1,641.10","1,643.60","1,626.00","1,629.80","11,402,083"
"28-Jan-2025","1,647.00","1,684.30","1,647.00","1,670.40","15,089,656"
"29-Jan-2025","1,675.00","1,681.15","1,668.85","1,677.30","6,309,945"
"30-Jan-2025","1,681.00","1,697.90","1,672.55","1,691.50","12,872,423"
"31-Jan-2025","1,687.25","1,704.70","1,683.95","1,698.75","7,910,843"
"01-Feb-2025","1,697.50","1,713.00","1,676.05","1,690.95","2,793,764"
"03-Feb-2025","1,670.00","1,686.80","1,663.45","1,678.00","10,138,270"
"04-Feb-2025","1,688.70","1,725.80","1,680.05","1,720.90","14,308,251"
"05-Feb-2025","1,733.00","1,744.20","1,718.90","1,737.80","11,837,753"
"06-Feb-2025","1,735.50","1,749.00","1,724.00","1,743.85","13,380,358"
"07-Feb-2025","1,750.00","1,767.00","1,725.00","1,732.75","11,754,800"
"10-Feb-2025","1,717.30","1,723.45","1,708.50","1,715.75","8,597,975"
"11-Feb-2025","1,703.00","1,711.00","1,688.70","1,701.40","11,362,352"
"12-Feb-2025","1,693.00","1,712.00","1,681.20","1,706.80","11,404,785"
"13-Feb-2025","1,699.00","1,714.25","1,693.55","1,697.70","6,301,217"
"14-Feb-2025","1,701.90","1,701.90","1,680.00","1,694.85","9,979,946"
"17-Feb-2025","1,685.20","1,720.00","1,681.25","1,717.35","6,469,473"
"18-Feb-2025","1,713.05","1,731.55","1,706.15","1,723.05","8,175,455"
"19-Feb-2025","1,717.00","1,737.90","1,712.45","1,727.20","5,942,056"
"20-Feb-2025","1,711.00","1,714.70","1,685.30","1,687.10","13,195,255"
"21-Feb-2025","1,680.90","1,694.95","1,677.25","1,692.50","7,840,470"
"24-Feb-2025","1,681.10","1,684.20","1,661.10","1,677.10","10,346,823"
"25-Feb-2025","1,671.10","1,688.00","1,671.10","1,682.35","12,069,354"
"27-Feb-2025","1,682.55","1,710.75","1,682.55","1,700.70","17,893,400"
"28-Feb-2025","1,685.00","1,737.25","1,685.00","1,732.40","27,258,364"
"03-Mar-2025","1,739.80","1,743.05","1,694.10","1,701.55","10,602,682"
"04-Mar-2025","1,698.00","1,714.30","1,693.25","1,710.00","9,960,479"
"05-Mar-2025","1,701.95","1,710.80","1,688.25","1,690.00","10,791,936"
"06-Mar-2025","1,687.00","1,699.90","1,672.25","1,691.20","16,483,044"
"07-Mar-2025","1,682.00","1,701.15","1,677.60","1,689.25","6,686,457"
"10-Mar-2025","1,689.00","1,699.90","1,683.05","1,687.50","7,802,025"
"11-Mar-2025","1,682.40","1,694.00","1,670.05","1,685.50","9,949,215"
"12-Mar-2025","1,691.55","1,718.50","1,691.55","1,711.15","9,392,053"
"13-Mar-2025","1,716.05","1,720.80","1,700.05","1,706.60","7,868,132"
"17-Mar-2025","1,705.00","1,724.00","1,705.00","1,710.40","9,475,957"
"18-Mar-2025","1,728.00","1,737.40","1,715.05","1,732.20","10,953,589"
"19-Mar-2025","1,735.00","1,751.00","1,732.20","1,744.10","7,610,703"
"20-Mar-2025","1,754.00","1,774.00","1,749.30","1,768.75","8,916,989"
"21-Mar-2025","1,755.55","1,774.10","1,755.55","1,770.35","16,754,132"
"24-Mar-2025","1,779.00","1,804.40","1,773.65","1,800.00","8,696,868"
"25-Mar-2025","1,804.90","1,843.70","1,801.50","1,821.45","19,550,708"
"26-Mar-2025","1,825.00","1,827.50","1,802.00","1,806.55","12,239,221"
"27-Mar-2025","1,800.00","1,841.00","1,798.10","1,825.35","20,829,050"
"28-Mar-2025","1,829.00","1,836.00","1,805.85","1,828.20","14,386,824"
"01-Apr-2025","1,802.00","1,809.90","1,765.35","1,767.85","14,255,503"
"02-Apr-2025","1,770.70","1,799.20","1,770.70","1,796.90","5,786,782"
"03-Apr-2025","1,781.10","1,804.00","1,777.00","1,794.85","5,625,019"
"04-Apr-2025","1,813.00","1,841.95","1,811.10","1,817.30","16,770,227"
"07-Apr-2025","1,762.80","1,779.85","1,738.20","1,757.70","18,997,725"
"08-Apr-2025","1,765.00","1,782.00","1,750.30","1,769.15","17,781,936"
"09-Apr-2025","1,765.00","1,775.00","1,753.50","1,765.00","11,227,304"
"11-Apr-2025","1,774.75","1,819.40","1,774.75","1,806.75","16,387,883"
"15-Apr-2025","1,865.00","1,876.80","1,855.00","1,864.90","24,649,172"
"16-Apr-2025","1,883.80","1,883.80","1,860.50","1,878.00","9,568,410"
"17-Apr-2025","1,882.00","1,919.70","1,876.70","1,906.70","17,851,542"
"21-Apr-2025","1,924.00","1,950.70","1,910.00","1,927.10","17,123,649"
"22-Apr-2025","1,935.00","1,970.60","1,935.00","1,961.70","22,980,875"
"23-Apr-2025","1,978.90","1,978.90","1,920.50","1,923.90","15,285,321"
"24-Apr-2025","1,910.00","1,923.90","1,905.10","1,916.80","12,965,877"
"25-Apr-2025","1,924.80","1,933.00","1,891.80","1,911.20","9,250,439"
"28-Apr-2025","1,911.20","1,929.70","1,908.40","1,920.20","6,960,246"
"29-Apr-2025","1,918.80","1,928.80","1,900.20","1,908.80","9,459,154"
"30-Apr-2025","1,913.00","1,936.90","1,910.30","1,925.00","15,968,435"
"02-May-2025","1,929.80","1,941.90","1,920.00","1,925.00","11,406,024"
"05-May-2025","1,939.00","1,952.00","1,932.30","1,936.80","7,534,012"
"06-May-2025","1,930.00","1,940.10","1,924.30","1,931.70","8,745,078"
"07-May-2025","1,934.00","1,948.70","1,922.40","1,945.60","10,710,389"
"08-May-2025","1,954.80","1,954.80","1,919.10","1,928.50","17,401,715"
"09-May-2025","1,910.10","1,919.00","1,886.80","1,889.70","8,594,398"
"12-May-2025","1,917.60","1,959.90","1,912.30","1,957.20","9,309,486"
"13-May-2025","1,950.00","1,961.70","1,920.00","1,922.60","12,121,051"
"14-May-2025","1,922.10","1,930.20","1,903.00","1,910.60","7,722,654"
"15-May-2025","1,913.50","1,944.80","1,897.00","1,933.80","16,120,729"
"16-May-2025","1,933.80","1,943.80","1,928.40","1,934.70","7,934,005"
"19-May-2025","1,937.00","1,945.00","1,931.00","1,938.70","5,101,482"
"20-May-2025","1,928.10","1,934.60","1,913.00","1,914.90","11,939,545"
"21-May-2025","1,927.00","1,946.90","1,921.10","1,926.80","7,566,020"
"22-May-2025","1,915.20","1,924.20","1,905.20","1,919.90","10,653,335"
"23-May-2025","1,920.10","1,937.00","1,914.50","1,933.60","4,783,036"
"26-May-2025","1,935.00","1,949.90","1,926.90","1,940.20","5,401,430"
"27-May-2025","1,931.60","1,948.00","1,916.30","1,926.30","13,081,074"
"28-May-2025","1,920.20","1,934.50","1,917.70","1,923.50","9,078,797"
"29-May-2025","1,928.00","1,940.80","1,907.30","1,927.50","14,458,897"
"30-May-2025","1,931.90","1,948.80","1,925.40","1,944.90","14,374,039"
"02-Jun-2025","1,930.10","1,936.00","1,908.00","1,932.10","7,334,411"
"03-Jun-2025","1,938.00","1,952.00","1,920.00","1,924.60","12,188,792"
"04-Jun-2025","1,921.00","1,943.30","1,920.90","1,941.20","6,480,771"
"05-Jun-2025","1,948.00","1,958.90","1,940.20","1,949.60","11,127,709"
"06-Jun-2025","1,944.00","1,996.30","1,942.70","1,978.70","15,063,504"
"09-Jun-2025","1,995.00","1,995.00","1,975.90","1,978.90","6,601,294"
"10-Jun-2025","1,982.80","1,982.80","1,961.10","1,965.30","7,766,563"
"11-Jun-2025","1,967.60","1,967.60","1,947.00","1,950.40","5,548,197"
"12-Jun-2025","1,950.00","1,961.00","1,935.30","1,943.40","8,174,565"
"13-Jun-2025","1,920.00","1,933.00","1,913.00","1,917.60","6,058,881"
"16-Jun-2025","1,924.00","1,938.90","1,920.10","1,935.40","8,256,873"
"17-Jun-2025","1,937.00","1,941.60","1,919.10","1,929.60","8,489,368"
"18-Jun-2025","1,917.00","1,936.30","1,917.00","1,933.90","9,216,908"
"19-Jun-2025","1,933.90","1,946.80","1,925.60","1,935.30","8,438,110"
"20-Jun-2025","1,931.60","1,969.90","1,931.60","1,964.70","16,450,204"
"23-Jun-2025","1,948.40","1,957.90","1,941.80","1,948.40","5,869,759"
"24-Jun-2025","1,965.00","1,979.00","1,955.60","1,960.90","11,312,661"
"25-Jun-2025","1,966.00","1,982.00","1,963.90","1,980.20","9,202,966"
"26-Jun-2025","1,981.40","2,027.10","1,980.00","2,021.80","25,042,415"
"27-Jun-2025","2,013.00","2,019.80","1,993.40","2,014.90","14,106,692"
"30-Jun-2025","2,011.50","2,013.80","1,995.50","2,001.50","6,824,510"
"01-Jul-2025","2,005.00","2,016.00","2,004.00","2,012.10","7,194,693"
"02-Jul-2025","2,019.90","2,019.90","1,977.90","1,986.00","9,439,125"
"03-Jul-2025","1,994.90","2,008.00","1,984.30","1,987.10","8,430,253"
"04-Jul-2025","1,987.10","2,003.50","1,980.00","1,989.30","3,931,972"
"07-Jul-2025","1,989.00","1,998.40","1,983.80","1,987.40","5,674,713"
"08-Jul-2025","1,977.00","2,005.00","1,977.00","2,001.40","7,612,158"
"09-Jul-2025","2,007.00","2,013.80","1,998.10","2,011.20","6,930,714"
"10-Jul-2025","2,016.00","2,017.00","2,000.00","2,006.20","8,515,155"
"11-Jul-2025","1,998.00","2,004.80","1,980.90","1,983.70","6,258,461"
"14-Jul-2025","1,983.00","1,988.70","1,970.60","1,983.00","6,544,425"
"15-Jul-2025","1,973.00","2,003.60","1,973.00","1,995.50","7,249,084"
"16-Jul-2025","2,018.00","2,022.70","1,992.60","1,996.30","8,997,306"
"17-Jul-2025","2,004.00","2,004.80","1,982.70","1,986.90","11,264,579"
"18-Jul-2025","1,986.90","1,997.00","1,953.00","1,957.40","8,064,723"
"21-Jul-2025","1,978.20","2,002.00","1,976.50","2,000.50","11,154,539"
"22-Jul-2025","2,013.10","2,018.00","2,003.00","2,007.10","7,418,407"
"23-Jul-2025","2,011.00","2,029.80","2,003.00","2,024.30","6,817,458"
"24-Jul-2025","2,037.70","2,037.70","2,008.40","2,014.20","9,553,588"
"25-Jul-2025","2,015.00","2,015.00","1,999.00","2,004.60","4,653,299"
"28-Jul-2025","2,003.00","2,021.40","2,000.50","2,008.50","6,029,790"
"29-Jul-2025","1,999.90","2,026.50","1,996.30","2,021.60","9,947,848"
"30-Jul-2025","2,028.00","2,032.60","2,017.00","2,025.80","7,577,018"
"31-Jul-2025","2,014.60","2,031.40","2,008.00","2,018.20","11,091,516"
"01-Aug-2025","2,014.00","2,028.30","2,009.30","2,012.20","5,658,629"
"04-Aug-2025","2,010.10","2,018.50","1,988.10","1,992.00","6,966,973"
"05-Aug-2025","1,986.50","1,994.40","1,965.50","1,977.60","11,989,029"
"06-Aug-2025","1,971.10","1,988.00","1,970.00","1,985.30","7,040,102"
"07-Aug-2025","1,980.10","2,001.60","1,976.80","1,995.40","6,540,593"
"08-Aug-2025","1,987.10","1,992.80","1,970.00","1,973.90","6,947,632"
"11-Aug-2025","1,975.90","1,997.60","1,973.10","1,995.60","4,552,927"
"12-Aug-2025","1,991.90","1,996.00","1,967.50","1,969.90","6,468,901"
"13-Aug-2025","1,994.00","1,994.00","1,969.10","1,980.30","6,788,698"
"14-Aug-2025","1,978.00","1,996.00","1,971.20","1,991.10","8,755,858"
"18-Aug-2025","2,010.00","2,026.60","1,995.60","2,003.60","9,642,398"
"19-Aug-2025","1,998.30","2,006.10","1,986.70","1,991.10","6,176,219"
"20-Aug-2025","1,987.00","1,992.00","1,979.00","1,988.20","4,975,114"
"21-Aug-2025","1,997.50","1,997.50","1,983.20","1,991.20","6,219,925"
"22-Aug-2025","1,989.90","1,996.00","1,957.10","1,964.60","9,916,751"
"25-Aug-2025","1,960.20","1,977.40","1,957.00","1,964.10","8,759,022"
"26-Aug-2025","979.50","985.70","968.00","973.40","16,917,731"
"28-Aug-2025","967.00","972.20","955.00","957.80","25,438,255"
"29-Aug-2025","954.00","963.30","950.10","951.60","14,823,813"
"01-Sep-2025","949.60","957.45","946.35","950.60","20,178,344"
"02-Sep-2025","951.00","954.80","944.00","944.50","14,196,320"
"03-Sep-2025","945.00","956.30","940.00","954.45","16,083,481"
"04-Sep-2025","960.20","965.70","956.25","961.25","17,597,657"
"05-Sep-2025","967.50","967.50","954.05","963.40","11,602,111"
"08-Sep-2025","969.00","973.15","960.45","966.00","11,711,307"
"09-Sep-2025","974.00","974.40","962.70","965.15","13,985,539"
"10-Sep-2025","973.90","973.90","961.70","965.90","18,091,100"
"11-Sep-2025","960.30","969.25","959.90","967.80","15,113,633"
"12-Sep-2025","969.90","970.75","962.25","967.30","14,363,519"
"15-Sep-2025","969.60","972.35","965.00","967.05","14,486,377"
"16-Sep-2025","961.20","969.35","961.20","966.85","18,661,794"
"17-Sep-2025","965.15","974.40","964.35","966.50","17,361,476"
"18-Sep-2025","973.30","979.65","969.25","976.90","17,791,598"
"19-Sep-2025","974.90","976.70","962.10","966.90","31,243,267"
"22-Sep-2025","964.00","971.20","961.95","964.20","10,854,415"
"23-Sep-2025","967.00","968.20","955.50","957.20","21,022,298"
"24-Sep-2025","952.20","956.45","943.00","951.05","15,117,220"
"25-Sep-2025","952.50","958.00","947.40","949.85","31,413,279"
"26-Sep-2025","945.10","951.45","941.30","945.05","14,874,656"
"29-Sep-2025","946.05","956.80","939.10","950.30","32,398,179"
"30-Sep-2025","958.05","960.00","946.30","951.00","28,296,687"
"01-Oct-2025","952.70","969.60","946.00","965.25","25,350,832"
"03-Oct-2025","952.00","966.75","952.00","965.15","26,658,296"
"06-Oct-2025","971.90","977.40","962.00","973.45","18,542,683"
"07-Oct-2025","974.00","989.85","971.00","982.50","25,535,736"
"08-Oct-2025","976.00","985.90","974.55","978.70","15,939,710"
"09-Oct-2025","974.50","979.00","970.15","977.10","15,370,950"
"10-Oct-2025","979.00","986.20","978.10","980.90","13,757,080"
"13-Oct-2025","974.30","981.00","972.00","977.00","18,634,254"
"14-Oct-2025","970.00","980.45","967.00","977.15","22,934,382"
"15-Oct-2025","975.00","984.90","973.35","978.25","23,310,447"
"16-Oct-2025","982.65","996.60","981.50","994.35","22,936,566"
"17-Oct-2025","993.95","1,009.00","986.00","1,002.55","25,210,511"
"20-Oct-2025","997.00","1,020.00","997.00","1,002.95","22,195,202"
"21-Oct-2025","1,006.00","1,010.00","1,004.00","1,007.70","3,471,600"
"23-Oct-2025","1,016.00","1,020.50","1,006.00","1,008.80","43,526,526"
"24-Oct-2025","1,011.00","1,011.95","991.30","994.75","17,707,768"
"27-Oct-2025","996.50","1,009.05","996.20","1,002.95","15,700,796"
"28-Oct-2025","997.65","1,008.00","995.00","1,003.55","33,904,289"
"29-Oct-2025","1,004.90","1,012.50","1,000.00","1,007.85","17,769,445"
"30-Oct-2025","1,000.00","1,009.50","997.10","998.15","19,962,917"
"31-Oct-2025","994.00","1,004.45","981.15","987.30","23,221,330"
"03-Nov-2025","985.00","994.55","983.30","992.65","16,607,180"
"04-Nov-2025","987.00","997.00","983.70","985.25","20,024,544"
"06-Nov-2025","981.00","991.05","974.00","984.65","22,279,516"
"07-Nov-2025","980.00","984.90","974.75","982.30","15,004,568"
"10-Nov-2025","982.30","990.95","980.20","984.50","15,988,262"
"11-Nov-2025","983.50","993.50","978.00","991.70","10,200,530"
"12-Nov-2025","998.80","999.00","987.70","989.50","13,137,263"
"13-Nov-2025","984.00","990.10","982.60","986.65","14,124,839"
"14-Nov-2025","976.05","991.65","976.05","989.60","21,386,965"
"17-Nov-2025","991.25","997.95","985.60","996.55","18,396,408"
"18-Nov-2025","997.65","999.00","990.00","992.45","20,002,640"
"19-Nov-2025","990.00","996.55","984.00","994.60","19,813,847"
"20-Nov-2025","995.30","1,011.60","992.45","1,008.85","19,850,865"
"21-Nov-2025","1,003.10","1,008.30","996.55","998.05","17,499,897"
"24-Nov-2025","1,000.00","1,011.45","993.60","999.15","32,204,053"
"25-Nov-2025","1,004.00","1,006.10","988.40","989.80","24,989,383"
"26-Nov-2025","981.30","1,006.95","981.30","1,003.90","19,494,356"
"27-Nov-2025","1,002.10","1,016.80","1,001.00","1,009.50","25,536,848"
"28-Nov-2025","1,007.00","1,012.05","1,004.20","1,007.60","15,988,807"
"01-Dec-2025","1,017.50","1,017.50","999.30","1,002.10","16,746,566"
"02-Dec-2025","988.00","994.40","985.00","989.80","27,316,662"
"03-Dec-2025","986.00","1,002.30","986.00","1,000.50","15,448,777"
"04-Dec-2025","1,000.00","1,004.70","993.00","997.20","14,528,169"
"05-Dec-2025","992.00","1,008.00","990.20","1,003.30","12,843,366"
"08-Dec-2025","1,000.00","1,006.50","997.50","1,003.10","12,901,022"
"09-Dec-2025","994.90","1,002.80","994.00","997.10","15,294,322"
"10-Dec-2025","997.50","998.50","985.30","989.80","15,322,830"
"11-Dec-2025","990.00","1,002.70","988.50","1,000.30","11,844,809"
"12-Dec-2025","1,003.00","1,004.70","998.20","1,001.50","11,988,618"
"15-Dec-2025","992.00","1,001.80","992.00","996.10","9,790,060"
"16-Dec-2025","990.10","998.70","990.10","994.30","20,049,088"
"17-Dec-2025","996.00","996.00","980.80","984.00","19,080,922"
"18-Dec-2025","973.30","987.40","973.30","979.70","14,912,404"
"19-Dec-2025","987.00","988.00","978.70","985.50","25,952,384"
"22-Dec-2025","988.00","992.90","983.90","987.70","13,540,411"
"23-Dec-2025","990.50","998.90","987.70","996.60","17,927,849"
"24-Dec-2025","993.00","999.40","993.00","997.20","13,699,996"
"26-Dec-2025","996.00","997.20","987.70","992.10","9,360,853"
"29-Dec-2025","993.10","997.40","987.20","991.70","13,545,749"
"30-Dec-2025","990.20","995.00","982.20","990.90","33,155,849"
"31-Dec-2025","991.00","997.60","987.60","991.20","10,963,454"
"26-Feb-2026","912.00","912.00","895.00","896.00","2,623,461"
