"Date","Open","High","Low","Close","Volume"
"01-Jan-2019","361.50","364.80","356.40","363.75","7,759,872"
"02-Jan-2019","361.50","367.90","360.30","364.60","18,243,156"
"03-Jan-2019","365.00","367.30","362.05","363.25","12,884,409"
"04-Jan-2019","361.85","368.80","358.05","365.20","22,896,026"
"07-Jan-2019","367.50","371.00","366.55","367.70","12,719,847"
"08-Jan-2019","367.80","381.80","366.60","380.15","21,501,136"
"09-Jan-2019","381.65","383.55","375.60","382.25","21,730,142"
"10-Jan-2019","380.95","382.15","376.05","379.50","14,497,154"
"11-Jan-2019","380.60","381.20","375.25","378.55","12,537,973"
"14-Jan-2019","378.70","378.70","372.70","373.35","14,844,029"
"15-Jan-2019","373.55","375.40","370.60","372.75","12,960,779"
"16-Jan-2019","372.05","379.75","372.05","375.30","15,106,484"
"17-Jan-2019","376.00","377.95","372.80","374.60","13,171,721"
"18-Jan-2019","374.60","376.40","370.35","372.00","12,212,121"
"21-Jan-2019","373.00","376.15","370.60","371.70","8,908,581"
"22-Jan-2019","370.55","372.50","366.10","369.05","14,756,076"
"23-Jan-2019","368.80","373.70","366.45","367.40","9,726,450"
"24-Jan-2019","366.60","368.50","361.75","364.80","17,521,254"
"25-Jan-2019","362.35","364.65","354.55","357.20","22,978,238"
"28-Jan-2019","353.20","354.90","336.65","343.55","34,362,360"
"29-Jan-2019","342.95","350.10","341.35","346.85","20,738,442"
"30-Jan-2019","351.00","368.60","351.00","365.90","39,400,056"
"31-Jan-2019","372.70","376.65","354.10","364.45","85,917,249"
"01-Feb-2019","364.50","364.90","348.75","354.65","25,605,469"
"04-Feb-2019","351.00","356.90","346.00","354.55","17,039,321"
"05-Feb-2019","354.60","356.10","348.85","352.65","12,197,271"
"06-Feb-2019","353.60","361.90","353.20","359.30","15,396,216"
"07-Feb-2019","359.10","361.80","356.50","358.65","10,247,434"
"08-Feb-2019","356.90","358.40","350.75","355.10","9,308,651"
"11-Feb-2019","354.60","354.70","349.05","350.05","9,419,635"
"12-Feb-2019","349.00","352.00","343.25","344.30","14,924,394"
"13-Feb-2019","345.05","347.75","339.05","339.75","11,742,509"
"14-Feb-2019","339.85","346.85","336.15","343.95","15,172,596"
"15-Feb-2019","344.05","347.75","340.60","342.15","20,316,848"
"18-Feb-2019","342.20","343.00","337.55","338.75","10,601,490"
"19-Feb-2019","339.10","350.40","339.10","343.25","14,384,763"
"20-Feb-2019","345.00","347.60","342.35","345.20","9,474,758"
"21-Feb-2019","346.80","354.95","346.25","351.30","18,631,331"
"22-Feb-2019","351.40","354.10","351.30","352.05","10,997,730"
"25-Feb-2019","353.05","357.45","353.05","355.60","10,344,411"
"26-Feb-2019","350.00","352.70","346.60","348.20","18,096,382"
"27-Feb-2019","351.00","354.70","343.30","345.55","17,325,417"
"28-Feb-2019","348.45","351.75","345.00","350.15","18,347,113"
"01-Mar-2019","352.05","355.00","350.65","354.25","14,190,221"
"05-Mar-2019","355.00","364.15","352.80","363.25","17,638,277"
"06-Mar-2019","365.25","372.85","365.25","371.95","31,436,190"
"07-Mar-2019","371.50","374.00","368.50","370.80","15,355,303"
"08-Mar-2019","369.80","373.40","367.65","370.60","16,143,455"
"11-Mar-2019","371.80","378.40","370.00","375.85","11,449,587"
"12-Mar-2019","378.00","389.00","377.35","388.20","37,108,265"
"13-Mar-2019","387.90","393.25","384.30","391.90","19,574,619"
"14-Mar-2019","392.00","393.00","386.80","387.90","13,182,462"
"15-Mar-2019","388.85","398.25","388.10","395.30","31,466,545"
"18-Mar-2019","396.25","399.90","393.50","398.05","21,220,626"
"19-Mar-2019","398.40","400.95","393.90","398.40","11,670,392"
"20-Mar-2019","397.60","398.15","392.20","392.90","14,181,408"
"22-Mar-2019","394.45","396.30","390.00","391.80","17,409,249"
"25-Mar-2019","387.95","387.95","382.50","383.50","12,345,034"
"26-Mar-2019","384.95","395.50","383.40","394.10","14,063,632"
"27-Mar-2019","395.40","398.45","390.15","393.20","17,950,017"
"28-Mar-2019","392.75","401.90","392.75","400.55","23,117,485"
"29-Mar-2019","402.15","402.40","395.10","400.50","18,813,782"
"01-Apr-2019","401.45","409.55","395.75","398.25","16,106,604"
"02-Apr-2019","400.00","400.00","393.45","397.15","13,010,810"
"03-Apr-2019","399.00","402.80","390.65","392.10","12,317,200"
"04-Apr-2019","394.40","395.70","387.30","388.75","14,521,564"
"05-Apr-2019","389.25","392.50","385.60","390.55","10,853,927"
"08-Apr-2019","391.45","391.45","385.00","387.10","6,305,407"
"09-Apr-2019","387.40","398.35","387.15","397.15","13,206,348"
"10-Apr-2019","395.55","398.80","392.70","394.20","14,000,018"
"11-Apr-2019","394.50","394.50","387.55","390.05","8,704,774"
"12-Apr-2019","390.60","395.55","388.25","394.60","7,035,256"
"15-Apr-2019","394.20","396.95","391.80","392.75","9,770,752"
"16-Apr-2019","397.50","408.40","397.50","407.00","24,487,788"
"18-Apr-2019","411.00","411.00","402.60","404.40","18,660,434"
"22-Apr-2019","404.25","404.60","393.70","394.50","10,493,872"
"23-Apr-2019","396.10","399.95","393.60","396.50","10,203,957"
"24-Apr-2019","397.10","402.65","393.45","401.10","11,397,163"
"25-Apr-2019","400.90","402.40","394.30","395.40","16,524,091"
"26-Apr-2019","400.00","408.00","394.25","407.20","14,286,163"
"30-Apr-2019","407.75","409.80","403.30","407.50","19,375,553"
"02-May-2019","403.70","405.00","394.40","395.55","16,572,948"
"03-May-2019","397.15","405.20","394.70","401.80","24,431,248"
"06-May-2019","396.50","404.90","394.65","401.30","20,751,521"
"07-May-2019","398.00","407.35","384.30","386.50","41,519,416"
"08-May-2019","386.30","390.00","380.10","382.20","22,509,400"
"09-May-2019","380.95","385.70","377.55","381.40","19,739,885"
"10-May-2019","383.50","389.20","382.25","385.10","18,361,701"
"13-May-2019","385.00","385.75","375.25","376.30","13,828,080"
"14-May-2019","378.10","386.75","376.50","380.40","21,481,226"
"15-May-2019","382.35","384.50","375.80","377.05","16,183,425"
"16-May-2019","379.00","385.00","377.55","382.50","13,430,281"
"17-May-2019","381.20","392.00","380.75","389.70","19,096,980"
"20-May-2019","405.25","414.00","402.00","407.70","33,350,816"
"21-May-2019","408.60","410.80","397.60","400.15","18,286,421"
"22-May-2019","403.00","408.40","401.55","405.35","15,370,847"
"23-May-2019","414.00","427.95","407.40","410.85","43,279,956"
"24-May-2019","415.50","433.55","412.65","431.75","37,708,344"
"27-May-2019","432.25","438.80","429.65","435.50","23,397,222"
"28-May-2019","435.05","439.20","428.10","434.30","23,389,724"
"29-May-2019","428.60","430.45","422.10","423.30","22,132,254"
"30-May-2019","420.85","428.00","419.60","426.20","18,281,037"
"31-May-2019","427.00","430.20","414.30","423.70","24,644,955"
"03-Jun-2019","426.00","426.40","419.60","422.90","17,125,380"
"04-Jun-2019","417.70","422.75","417.50","419.10","14,514,451"
"06-Jun-2019","417.40","417.85","410.35","411.55","17,762,399"
"07-Jun-2019","413.50","418.95","407.90","416.60","14,107,696"
"10-Jun-2019","418.90","422.75","413.00","416.10","13,074,522"
"11-Jun-2019","418.45","423.70","413.05","421.35","10,939,138"
"12-Jun-2019","422.00","422.00","414.80","418.00","11,136,959"
"13-Jun-2019","416.70","422.30","415.30","419.60","12,164,077"
"14-Jun-2019","420.30","422.00","416.10","417.75","8,601,256"
"17-Jun-2019","418.95","419.70","413.15","414.20","9,539,802"
"18-Jun-2019","415.45","426.05","415.10","422.15","17,761,348"
"19-Jun-2019","423.75","426.00","417.35","419.80","17,010,384"
"20-Jun-2019","419.75","434.65","419.00","433.40","24,315,929"
"21-Jun-2019","434.20","435.20","428.85","430.80","13,909,654"
"24-Jun-2019","431.45","433.80","428.20","429.45","8,545,999"
"25-Jun-2019","427.90","434.80","424.60","433.65","12,964,387"
"26-Jun-2019","432.50","440.00","432.50","438.65","12,261,068"
"27-Jun-2019","438.00","443.90","437.60","440.95","18,787,957"
"28-Jun-2019","439.50","440.50","433.60","437.10","13,459,208"
"01-Jul-2019","439.50","442.00","437.70","439.00","6,871,979"
"02-Jul-2019","439.00","440.00","433.60","436.75","7,787,303"
"03-Jul-2019","437.90","440.00","434.20","435.95","10,415,896"
"04-Jul-2019","438.00","441.40","434.10","436.20","11,810,688"
"05-Jul-2019","436.45","439.90","433.20","436.35","12,154,330"
"08-Jul-2019","434.00","435.35","422.00","425.90","12,184,946"
"09-Jul-2019","426.00","429.80","424.65","428.50","11,679,067"
"10-Jul-2019","430.00","432.70","427.20","430.90","16,494,282"
"11-Jul-2019","432.65","432.90","424.80","426.55","16,535,185"
"12-Jul-2019","427.30","433.00","424.00","427.05","8,824,728"
"15-Jul-2019","428.40","428.40","421.60","422.30","7,825,336"
"16-Jul-2019","421.55","430.55","421.55","424.60","12,149,205"
"17-Jul-2019","424.60","427.05","422.50","424.70","10,961,022"
"18-Jul-2019","425.00","425.50","417.50","418.65","10,651,654"
"19-Jul-2019","419.90","420.35","408.50","410.30","12,260,757"
"22-Jul-2019","409.75","412.95","404.25","411.50","17,937,246"
"23-Jul-2019","412.80","416.00","409.75","411.95","14,207,080"
"24-Jul-2019","411.85","411.85","401.70","408.50","16,505,930"
"25-Jul-2019","409.20","413.85","405.30","409.00","16,852,479"
"26-Jul-2019","410.25","419.40","408.55","415.75","17,493,739"
"29-Jul-2019","433.00","435.35","425.30","429.35","46,754,670"
"30-Jul-2019","433.00","438.70","422.75","425.35","23,617,273"
"31-Jul-2019","423.90","430.20","421.20","424.60","22,329,888"
"01-Aug-2019","423.25","426.35","410.65","417.05","18,269,866"
"02-Aug-2019","413.90","417.85","405.50","410.60","30,939,803"
"05-Aug-2019","403.65","406.65","395.75","402.65","25,033,370"
"06-Aug-2019","401.00","411.50","400.90","410.25","30,665,326"
"07-Aug-2019","409.30","415.00","406.30","408.40","20,977,349"
"08-Aug-2019","411.00","416.60","404.15","414.40","19,046,657"
"09-Aug-2019","416.50","422.40","414.50","420.15","17,664,017"
"13-Aug-2019","417.00","421.70","409.15","410.25","18,389,104"
"14-Aug-2019","411.90","422.20","411.25","417.30","13,307,755"
"16-Aug-2019","417.80","420.00","412.10","418.95","15,154,141"
"19-Aug-2019","420.10","427.90","420.10","423.40","12,304,262"
"20-Aug-2019","420.80","423.20","412.50","416.90","16,181,488"
"21-Aug-2019","416.00","418.70","410.55","412.05","12,868,183"
"22-Aug-2019","411.00","412.50","398.00","399.10","18,182,520"
"23-Aug-2019","389.00","403.50","385.80","395.40","26,883,695"
"26-Aug-2019","407.00","414.00","392.85","411.65","26,701,988"
"27-Aug-2019","412.80","420.50","411.25","418.60","28,793,372"
"28-Aug-2019","418.00","418.25","409.70","412.95","12,154,347"
"29-Aug-2019","409.90","410.80","399.35","404.40","30,331,105"
"30-Aug-2019","406.50","412.85","402.65","409.65","18,314,194"
"03-Sep-2019","405.05","406.40","391.05","392.15","20,194,305"
"04-Sep-2019","391.00","399.65","389.90","397.50","18,614,965"
"05-Sep-2019","389.55","394.00","388.00","389.00","25,022,673"
"06-Sep-2019","391.00","394.50","389.20","391.35","17,564,286"
"09-Sep-2019","393.00","400.40","389.10","395.45","18,651,819"
"11-Sep-2019","394.90","399.00","393.35","394.60","17,463,978"
"12-Sep-2019","399.65","407.20","399.65","402.70","19,577,114"
"13-Sep-2019","406.80","414.90","400.65","413.40","17,775,449"
"16-Sep-2019","408.50","415.65","406.75","412.15","17,629,622"
"17-Sep-2019","405.85","411.90","398.30","400.65","20,793,363"
"18-Sep-2019","405.45","405.45","396.50","399.35","18,477,377"
"19-Sep-2019","395.70","395.70","384.35","386.60","22,647,508"
"20-Sep-2019","389.00","424.00","386.65","417.50","75,217,723"
"23-Sep-2019","435.80","450.00","428.45","446.30","57,490,445"
"24-Sep-2019","441.50","448.65","433.35","440.90","26,639,931"
"25-Sep-2019","439.10","440.95","429.60","434.20","19,987,241"
"26-Sep-2019","439.00","458.65","438.55","451.95","40,909,369"
"27-Sep-2019","449.50","451.85","443.30","449.20","19,432,963"
"30-Sep-2019","443.30","445.15","431.00","433.70","27,524,660"
"01-Oct-2019","436.95","443.20","416.70","424.60","30,623,906"
"03-Oct-2019","424.00","434.60","422.30","427.30","23,275,379"
"04-Oct-2019","428.50","429.30","412.05","413.90","17,952,697"
"07-Oct-2019","415.10","423.50","411.50","416.10","21,933,703"
"09-Oct-2019","420.25","438.40","417.10","436.70","34,533,981"
"10-Oct-2019","430.00","431.50","420.50","423.70","19,074,005"
"11-Oct-2019","427.95","433.25","422.10","428.55","18,004,922"
"14-Oct-2019","430.00","436.40","426.00","428.85","17,211,042"
"15-Oct-2019","430.00","435.45","428.20","431.85","14,971,985"
"16-Oct-2019","434.50","439.50","431.15","435.30","17,833,051"
"17-Oct-2019","436.00","443.35","433.70","440.60","12,452,421"
"18-Oct-2019","437.70","443.70","435.25","437.80","15,988,455"
"22-Oct-2019","440.50","458.70","437.55","451.15","34,966,169"
"23-Oct-2019","452.00","459.00","448.20","455.10","25,196,183"
"24-Oct-2019","457.40","459.00","451.00","454.75","23,542,540"
"25-Oct-2019","457.70","470.65","454.40","469.10","34,397,573"
"27-Oct-2019","471.00","473.50","465.00","469.55","8,207,818"
"29-Oct-2019","470.20","482.00","466.85","477.40","33,686,172"
"30-Oct-2019","479.00","479.00","470.00","471.15","22,396,012"
"31-Oct-2019","475.00","476.75","461.30","463.05","21,198,377"
"01-Nov-2019","466.65","466.95","460.50","462.25","13,522,994"
"04-Nov-2019","463.00","472.30","463.00","470.50","16,254,715"
"05-Nov-2019","472.10","474.00","466.90","468.35","14,952,189"
"06-Nov-2019","467.15","483.90","464.75","480.70","24,922,680"
"07-Nov-2019","483.00","483.00","475.65","478.55","18,312,032"
"08-Nov-2019","480.75","496.00","480.30","489.45","52,207,121"
"11-Nov-2019","488.00","499.00","484.60","496.80","24,766,065"
"13-Nov-2019","496.80","497.50","483.30","485.75","24,272,664"
"14-Nov-2019","489.75","499.85","483.75","498.65","35,396,276"
"15-Nov-2019","497.85","509.70","496.00","499.85","42,074,833"
"18-Nov-2019","498.75","504.45","496.65","498.35","22,910,109"
"19-Nov-2019","497.95","502.00","489.85","493.50","27,939,336"
"20-Nov-2019","495.20","498.00","492.50","495.00","22,606,112"
"21-Nov-2019","498.10","503.80","491.25","498.25","25,745,594"
"22-Nov-2019","501.10","501.75","492.15","496.80","18,462,401"
"25-Nov-2019","492.00","500.00","491.55","497.80","25,692,878"
"26-Nov-2019","501.80","517.55","501.00","510.70","286,857,658"
"27-Nov-2019","513.90","515.85","504.30","505.50","29,866,539"
"28-Nov-2019","509.55","520.00","508.00","519.15","35,706,498"
"29-Nov-2019","516.00","516.50","510.30","512.60","13,324,549"
"02-Dec-2019","513.45","514.00","507.25","510.90","10,130,049"
"03-Dec-2019","509.75","511.25","504.65","509.35","12,795,657"
"04-Dec-2019","510.00","531.35","509.30","529.25","30,992,538"
"05-Dec-2019","532.55","537.50","526.05","528.10","32,354,118"
"06-Dec-2019","530.05","533.50","521.65","524.80","24,868,376"
"09-Dec-2019","524.05","529.30","522.20","526.50","12,980,877"
"10-Dec-2019","526.05","530.25","524.70","528.70","12,021,443"
"11-Dec-2019","530.60","535.20","527.20","533.55","13,768,156"
"12-Dec-2019","534.85","537.10","529.80","535.35","12,385,216"
"13-Dec-2019","537.90","542.80","535.70","537.05","17,884,861"
"16-Dec-2019","539.50","541.40","536.70","539.25","13,070,575"
"17-Dec-2019","540.95","543.00","538.75","541.15","11,516,163"
"18-Dec-2019","542.05","542.90","535.95","541.40","12,906,168"
"19-Dec-2019","537.20","541.20","533.70","540.20","12,082,790"
"20-Dec-2019","540.95","549.50","539.25","546.10","27,691,592"
"23-Dec-2019","547.00","548.85","537.60","541.30","11,521,942"
"24-Dec-2019","542.00","543.95","539.30","541.10","6,715,007"
"26-Dec-2019","541.10","542.40","537.65","538.75","7,831,074"
"27-Dec-2019","541.00","550.50","538.35","549.40","11,247,684"
"30-Dec-2019","549.60","552.20","542.60","543.95","13,180,302"
"31-Dec-2019","543.80","543.80","538.00","538.90","12,491,978"
"01-Jan-2020","539.90","542.50","535.70","536.75","7,642,793"
"02-Jan-2020","536.00","541.90","535.85","540.60","10,264,223"
"03-Jan-2020","538.00","540.80","536.25","538.85","9,594,690"
"06-Jan-2020","537.25","537.25","523.80","525.70","12,534,334"
"07-Jan-2020","531.30","535.60","521.65","522.90","16,101,835"
"08-Jan-2020","516.00","527.35","515.00","525.95","16,094,310"
"09-Jan-2020","530.70","547.40","530.30","546.30","18,934,019"
"10-Jan-2020","544.90","546.50","538.50","540.25","12,335,407"
"13-Jan-2020","539.40","546.05","538.00","538.60","7,901,800"
"14-Jan-2020","536.20","538.95","534.15","537.60","13,939,440"
"15-Jan-2020","535.10","536.95","530.65","535.60","12,353,176"
"16-Jan-2020","533.90","540.00","533.20","537.15","11,249,232"
"17-Jan-2020","534.50","538.00","530.60","532.05","18,312,609"
"20-Jan-2020","533.00","544.00","531.00","534.85","19,159,996"
"21-Jan-2020","532.95","540.25","530.20","531.05","13,477,994"
"22-Jan-2020","531.50","534.95","520.75","522.85","17,527,408"
"23-Jan-2020","521.40","530.25","517.05","527.70","17,061,293"
"24-Jan-2020","529.25","537.40","527.00","533.85","17,851,868"
"27-Jan-2020","538.50","545.00","531.50","537.25","38,149,166"
"28-Jan-2020","538.10","540.60","524.45","528.20","24,009,224"
"29-Jan-2020","531.55","534.80","525.30","526.60","16,400,827"
"30-Jan-2020","527.65","533.95","524.15","532.20","14,319,317"
"31-Jan-2020","530.00","532.75","522.40","525.65","16,292,578"
"01-Feb-2020","524.00","528.00","501.85","504.60","11,815,597"
"03-Feb-2020","504.00","519.15","502.00","515.55","22,531,888"
"04-Feb-2020","520.00","534.65","516.65","530.80","17,781,475"
"05-Feb-2020","529.05","540.40","525.70","539.10","18,782,476"
"06-Feb-2020","540.35","547.00","536.25","541.60","15,296,851"
"07-Feb-2020","540.95","541.75","535.15","536.45","8,297,149"
"10-Feb-2020","538.65","542.25","530.50","533.95","12,536,053"
"11-Feb-2020","537.70","544.80","537.50","539.75","11,243,552"
"12-Feb-2020","545.80","550.70","542.70","549.30","14,026,335"
"13-Feb-2020","549.00","549.00","538.00","541.00","9,227,235"
"14-Feb-2020","541.25","548.65","536.55","545.80","14,458,649"
"17-Feb-2020","543.00","545.35","537.75","541.60","7,793,293"
"18-Feb-2020","541.00","544.40","536.00","541.20","15,918,303"
"19-Feb-2020","543.50","546.50","540.50","544.80","8,704,234"
"20-Feb-2020","545.50","549.35","541.80","547.00","13,588,526"
"24-Feb-2020","539.50","541.85","527.55","529.85","16,940,750"
"25-Feb-2020","532.45","538.80","525.30","530.95","14,942,960"
"26-Feb-2020","526.85","529.35","522.20","523.70","15,743,918"
"27-Feb-2020","522.80","523.30","512.65","515.35","26,315,054"
"28-Feb-2020","501.60","506.85","492.20","497.25","32,737,933"
"02-Mar-2020","508.25","520.55","498.45","506.10","28,642,076"
"03-Mar-2020","509.85","519.50","508.50","514.75","19,661,945"
"04-Mar-2020","517.50","517.50","497.05","508.35","21,883,404"
"05-Mar-2020","509.75","511.15","500.00","504.50","16,671,516"
"06-Mar-2020","485.00","496.80","477.30","486.35","31,024,353"
"09-Mar-2020","475.00","475.00","442.95","457.75","42,027,546"
"11-Mar-2020","450.00","471.75","449.60","465.65","31,018,901"
"12-Mar-2020","438.00","445.95","416.00","425.65","50,757,036"
"13-Mar-2020","401.00","464.75","395.20","447.20","67,105,024"
"16-Mar-2020","424.20","424.20","397.45","402.90","34,834,779"
"17-Mar-2020","407.00","408.45","364.00","367.25","47,233,442"
"18-Mar-2020","369.10","375.50","342.30","355.05","61,204,129"
"19-Mar-2020","336.10","369.60","323.00","338.55","57,986,210"
"20-Mar-2020","328.00","359.80","323.00","345.70","88,640,850"
"23-Mar-2020","311.15","313.70","280.00","284.00","56,868,412"
"24-Mar-2020","295.30","305.00","268.30","296.50","67,896,591"
"25-Mar-2020","284.00","334.15","281.60","316.90","66,545,735"
"26-Mar-2020","322.00","364.40","314.25","330.25","76,174,000"
"27-Mar-2020","355.80","359.55","326.00","339.85","72,890,796"
"30-Mar-2020","330.10","333.90","311.10","313.40","36,560,532"
"31-Mar-2020","324.70","334.85","316.00","323.75","46,280,029"
"01-Apr-2020","319.00","323.75","308.10","311.15","33,142,102"
"03-Apr-2020","309.50","309.50","281.50","286.65","57,330,285"
"07-Apr-2020","308.30","329.60","296.85","326.10","57,662,681"
"08-Apr-2020","322.85","352.75","315.10","318.95","73,931,642"
"09-Apr-2020","332.40","345.00","322.65","342.70","52,432,049"
"13-Apr-2020","341.05","345.80","329.25","330.65","30,995,409"
"15-Apr-2020","342.70","351.90","325.00","327.35","49,134,201"
"16-Apr-2020","325.30","347.80","319.35","342.00","56,494,211"
"17-Apr-2020","362.00","385.50","349.05","375.55","69,008,019"
"20-Apr-2020","376.00","378.90","357.00","361.30","55,811,178"
"21-Apr-2020","341.00","346.20","328.00","331.85","50,118,816"
"22-Apr-2020","326.00","338.00","323.05","335.95","49,115,661"
"23-Apr-2020","340.25","354.80","338.00","352.95","45,953,483"
"24-Apr-2020","337.90","343.25","331.50","334.85","38,513,311"
"27-Apr-2020","339.30","352.90","338.00","347.90","38,981,101"
"28-Apr-2020","353.75","362.85","350.25","359.85","32,934,538"
"29-Apr-2020","353.00","376.50","351.65","370.45","39,342,166"
"30-Apr-2020","382.00","392.95","374.15","380.15","45,735,197"
"04-May-2020","359.00","359.00","336.00","338.05","38,837,866"
"05-May-2020","348.00","348.00","329.55","330.85","45,071,600"
"06-May-2020","331.50","345.55","325.25","341.40","49,953,121"
"07-May-2020","337.00","342.90","333.70","336.75","27,657,193"
"08-May-2020","344.00","352.50","333.70","337.70","42,970,794"
"11-May-2020","341.00","343.55","318.20","320.15","83,666,044"
"12-May-2020","318.30","324.40","308.00","321.20","69,072,372"
"13-May-2020","343.50","348.40","332.30","338.05","72,818,140"
"14-May-2020","330.00","334.50","325.65","327.40","33,999,679"
"15-May-2020","329.30","330.55","318.80","322.70","31,829,841"
"18-May-2020","320.00","320.50","293.25","298.50","74,034,470"
"19-May-2020","307.05","311.50","297.10","300.30","61,828,639"
"20-May-2020","299.00","308.25","297.50","305.65","42,239,472"
"21-May-2020","306.00","312.80","302.00","304.40","43,076,017"
"22-May-2020","301.00","307.70","285.55","291.05","80,359,014"
"26-May-2020","296.05","297.90","290.00","292.70","46,684,636"
"27-May-2020","296.10","321.95","294.85","318.85","80,543,561"
"28-May-2020","322.25","329.75","320.75","326.85","66,136,528"
"29-May-2020","322.90","334.30","320.00","331.95","60,488,688"
"01-Jun-2020","339.00","348.00","336.20","339.25","44,025,817"
"02-Jun-2020","337.00","350.00","332.50","348.40","47,558,564"
"03-Jun-2020","357.90","373.00","353.80","356.85","69,689,849"
"04-Jun-2020","357.00","363.00","345.50","347.85","57,061,955"
"05-Jun-2020","350.00","360.00","347.00","357.20","37,251,290"
"08-Jun-2020","366.55","373.75","353.15","359.80","46,827,650"
"09-Jun-2020","360.05","369.35","345.25","348.55","47,622,914"
"10-Jun-2020","348.55","356.85","345.30","353.00","36,292,503"
"11-Jun-2020","352.45","354.20","340.10","341.25","37,000,065"
"12-Jun-2020","324.20","346.15","324.10","344.20","47,509,639"
"15-Jun-2020","341.20","342.25","325.50","331.10","43,501,834"
"16-Jun-2020","342.25","347.90","326.05","342.95","57,511,276"
"17-Jun-2020","338.60","351.00","336.10","341.95","37,107,569"
"18-Jun-2020","340.00","354.70","337.20","352.00","39,286,577"
"19-Jun-2020","351.00","365.45","349.20","363.80","51,368,058"
"22-Jun-2020","367.00","375.25","365.15","367.55","40,135,946"
"23-Jun-2020","369.00","378.30","364.20","376.15","32,495,431"
"24-Jun-2020","380.00","380.00","345.00","348.10","57,956,306"
"25-Jun-2020","345.90","355.60","338.50","351.00","69,905,394"
"26-Jun-2020","355.60","358.50","346.10","349.10","34,596,718"
"29-Jun-2020","345.25","345.60","338.50","343.10","27,385,252"
"30-Jun-2020","347.00","354.45","346.30","351.45","47,526,205"
"01-Jul-2020","354.25","365.75","351.60","364.05","36,922,717"
"02-Jul-2020","366.00","370.90","361.35","362.85","50,964,872"
"03-Jul-2020","364.65","367.15","359.80","361.00","28,779,331"
"06-Jul-2020","367.85","367.85","360.50","361.85","33,334,119"
"07-Jul-2020","363.00","378.00","362.10","376.05","46,031,349"
"08-Jul-2020","377.90","379.00","367.55","368.95","46,317,703"
"09-Jul-2020","373.45","376.00","365.30","370.35","35,144,717"
"10-Jul-2020","364.90","368.20","359.00","360.35","27,865,749"
"13-Jul-2020","364.10","367.00","352.50","353.60","32,379,950"
"14-Jul-2020","351.50","352.45","340.60","345.55","34,033,233"
"15-Jul-2020","349.50","356.80","343.75","345.80","30,442,572"
"16-Jul-2020","347.95","348.60","341.00","344.65","35,536,953"
"17-Jul-2020","346.00","356.00","345.45","353.80","27,511,987"
"20-Jul-2020","358.00","366.35","355.25","363.00","36,313,319"
"21-Jul-2020","371.00","379.90","370.05","378.80","45,560,259"
"22-Jul-2020","386.90","389.50","375.30","381.10","45,500,596"
"23-Jul-2020","382.55","395.65","378.85","392.25","37,838,253"
"24-Jul-2020","388.30","388.70","372.15","381.80","52,981,627"
"27-Jul-2020","385.00","385.80","356.60","358.50","73,276,759"
"28-Jul-2020","361.10","362.75","343.20","352.10","125,940,299"
"29-Jul-2020","353.20","357.65","348.20","351.05","50,196,627"
"30-Jul-2020","353.40","354.60","340.40","344.95","40,820,799"
"31-Jul-2020","346.45","353.00","342.05","346.80","37,345,608"
"03-Aug-2020","346.80","349.35","340.50","343.25","32,120,023"
"04-Aug-2020","347.00","353.20","344.20","351.00","30,813,885"
"05-Aug-2020","353.40","360.00","350.75","352.20","37,058,091"
"06-Aug-2020","353.45","363.75","348.60","358.75","48,022,799"
"07-Aug-2020","359.45","359.65","353.15","357.95","28,512,323"
"10-Aug-2020","359.50","364.95","357.35","363.55","22,857,226"
"11-Aug-2020","370.00","374.30","364.05","367.35","45,446,756"
"12-Aug-2020","365.75","368.75","363.75","366.85","25,706,440"
"13-Aug-2020","368.95","372.35","366.25","368.05","26,257,725"
"14-Aug-2020","371.80","371.80","354.20","361.40","28,893,922"
"17-Aug-2020","366.00","366.35","354.35","360.20","24,232,602"
"18-Aug-2020","361.90","370.00","361.60","369.55","26,517,539"
"19-Aug-2020","374.00","375.85","370.40","374.45","35,790,626"
"20-Aug-2020","367.00","369.65","362.60","367.75","68,447,536"
"21-Aug-2020","370.00","373.00","367.05","371.15","34,111,143"
"24-Aug-2020","374.85","381.20","373.85","380.35","32,907,517"
"25-Aug-2020","382.50","389.80","381.40","386.35","53,073,080"
"26-Aug-2020","388.20","391.65","384.20","389.35","37,164,029"
"27-Aug-2020","389.95","397.45","387.60","392.20","36,910,773"
"28-Aug-2020","393.90","411.90","392.90","409.70","83,472,448"
"31-Aug-2020","414.85","422.00","387.50","394.60","72,744,912"
"01-Sep-2020","394.70","399.65","385.30","390.95","34,872,816"
"02-Sep-2020","387.25","394.00","381.10","392.40","31,297,334"
"03-Sep-2020","392.40","392.55","381.05","382.75","26,135,711"
"04-Sep-2020","375.00","379.95","368.35","372.55","33,119,184"
"07-Sep-2020","374.10","376.85","369.00","373.40","22,324,954"
"08-Sep-2020","372.40","381.30","369.15","375.70","32,052,949"
"09-Sep-2020","370.80","372.40","361.90","367.60","25,285,243"
"10-Sep-2020","371.70","375.00","365.45","370.70","24,852,406"
"11-Sep-2020","373.00","373.65","365.10","370.50","22,678,883"
"14-Sep-2020","373.50","373.85","359.35","363.70","27,140,811"
"15-Sep-2020","364.05","372.25","363.70","371.55","24,968,263"
"16-Sep-2020","371.35","376.70","365.00","374.70","22,069,463"
"17-Sep-2020","370.00","371.75","367.40","369.00","24,086,056"
"18-Sep-2020","370.00","374.65","364.55","369.55","78,166,940"
"21-Sep-2020","366.65","367.40","348.50","350.70","28,933,176"
"22-Sep-2020","354.00","356.15","349.50","354.40","28,593,294"
"23-Sep-2020","356.60","357.10","342.45","351.85","22,740,367"
"24-Sep-2020","344.95","346.95","333.75","335.70","25,841,151"
"25-Sep-2020","339.05","350.50","336.60","348.65","23,231,692"
"28-Sep-2020","351.50","363.95","349.10","363.00","18,496,082"
"29-Sep-2020","363.75","363.75","354.25","357.05","17,080,960"
"30-Sep-2020","356.95","357.50","349.35","354.75","19,565,088"
"01-Oct-2020","358.25","371.20","358.25","369.20","23,237,126"
"05-Oct-2020","370.75","382.65","370.75","373.10","26,530,162"
"06-Oct-2020","377.10","381.80","375.10","380.60","18,093,629"
"07-Oct-2020","379.30","384.35","374.10","382.65","21,845,796"
"08-Oct-2020","385.00","389.70","382.65","387.50","21,085,576"
"09-Oct-2020","390.70","403.50","386.90","401.50","41,641,261"
"12-Oct-2020","403.45","410.00","400.70","404.05","25,742,604"
"13-Oct-2020","401.00","401.00","393.50","396.25","19,922,840"
"14-Oct-2020","394.35","409.25","389.00","406.80","23,368,688"
"15-Oct-2020","406.90","409.90","389.15","391.00","34,238,713"
"16-Oct-2020","394.00","401.30","390.50","396.10","25,339,477"
"19-Oct-2020","402.05","418.75","401.15","417.10","41,073,000"
"20-Oct-2020","413.50","416.90","411.00","414.60","26,159,021"
"21-Oct-2020","416.00","428.50","410.30","420.30","43,125,095"
"22-Oct-2020","416.40","419.65","407.65","412.90","33,090,057"
"23-Oct-2020","417.00","420.50","411.75","416.95","22,151,465"
"26-Oct-2020","418.05","419.15","401.45","404.45","21,712,470"
"27-Oct-2020","406.35","412.40","393.25","409.95","33,571,188"
"28-Oct-2020","409.90","409.90","394.80","396.05","28,145,199"
"29-Oct-2020","392.25","402.90","389.65","399.90","32,615,570"
"30-Oct-2020","399.40","402.70","388.05","392.60","27,226,359"
"02-Nov-2020","417.00","422.80","407.00","417.45","72,698,777"
"03-Nov-2020","425.00","446.90","424.20","443.85","61,813,071"
"04-Nov-2020","437.30","442.00","425.30","437.05","43,426,662"
"05-Nov-2020","445.00","446.25","435.60","438.50","30,129,938"
"06-Nov-2020","439.85","444.90","436.20","442.80","27,831,424"
"09-Nov-2020","450.00","464.60","449.00","462.70","40,995,422"
"10-Nov-2020","485.80","487.05","473.00","483.85","57,535,138"
"11-Nov-2020","484.75","490.55","472.10","486.55","45,609,279"
"12-Nov-2020","481.60","483.55","471.35","476.70","31,071,572"
"13-Nov-2020","472.70","487.10","467.55","485.55","34,815,091"
"14-Nov-2020","489.85","489.85","484.65","486.90","3,636,073"
"17-Nov-2020","490.50","493.00","478.15","486.40","36,127,378"
"18-Nov-2020","488.00","499.00","486.25","497.65","29,156,543"
"19-Nov-2020","490.00","493.35","475.80","478.75","31,896,908"
"20-Nov-2020","479.50","483.45","468.10","480.20","30,089,190"
"23-Nov-2020","481.80","483.35","466.50","468.25","29,513,544"
"24-Nov-2020","474.00","480.00","471.20","478.20","23,135,994"
"25-Nov-2020","485.00","489.95","471.10","472.70","34,168,305"
"26-Nov-2020","475.10","477.20","465.80","475.30","28,707,911"
"27-Nov-2020","476.40","479.55","471.30","473.35","48,390,771"
"01-Dec-2020","479.70","488.50","474.30","485.10","20,120,049"
"02-Dec-2020","486.35","487.00","472.20","480.45","21,244,707"
"03-Dec-2020","482.10","485.00","478.85","481.85","22,701,738"
"04-Dec-2020","483.70","504.00","483.00","502.05","39,547,014"
"07-Dec-2020","505.00","515.60","504.15","510.45","37,778,332"
"08-Dec-2020","511.50","512.00","505.40","508.40","19,339,943"
"09-Dec-2020","510.00","515.00","506.05","511.50","21,272,782"
"10-Dec-2020","508.10","514.40","498.75","506.95","20,419,020"
"11-Dec-2020","509.25","516.90","506.10","515.45","25,335,765"
"14-Dec-2020","518.10","527.80","518.10","525.80","26,369,591"
"15-Dec-2020","524.00","524.25","513.10","518.05","26,969,145"
"16-Dec-2020","520.05","521.70","511.10","512.45","24,263,586"
"17-Dec-2020","514.00","516.50","509.10","510.40","23,883,288"
"18-Dec-2020","514.00","518.25","509.15","517.15","21,735,833"
"21-Dec-2020","514.60","514.70","488.20","494.50","29,157,759"
"22-Dec-2020","497.30","501.80","489.10","500.30","32,328,041"
"23-Dec-2020","499.00","505.50","496.55","503.60","19,205,951"
"24-Dec-2020","506.75","515.95","505.10","513.55","17,576,807"
"28-Dec-2020","515.90","521.20","513.60","520.10","14,470,472"
"29-Dec-2020","522.55","530.80","517.85","528.80","19,092,649"
"30-Dec-2020","531.65","533.00","524.55","528.75","21,365,141"
"31-Dec-2020","530.10","538.50","526.50","535.05","27,817,770"
"01-Jan-2021","535.55","537.00","526.10","527.50","13,592,625"
"04-Jan-2021","532.30","535.00","524.30","531.70","16,549,750"
"05-Jan-2021","526.65","539.95","523.00","537.25","23,311,516"
"06-Jan-2021","538.75","550.60","535.85","546.70","28,178,838"
"07-Jan-2021","552.15","554.40","539.75","541.10","21,138,034"
"08-Jan-2021","547.00","547.10","536.35","542.05","21,937,965"
"11-Jan-2021","545.15","546.00","535.00","544.70","19,394,393"
"12-Jan-2021","541.00","550.65","537.10","548.00","16,388,310"
"13-Jan-2021","551.50","561.00","548.25","556.50","21,920,297"
"14-Jan-2021","554.05","558.45","550.60","553.30","13,330,898"
"15-Jan-2021","550.00","551.00","541.50","543.00","15,708,956"
"18-Jan-2021","544.50","548.40","528.90","533.15","21,580,313"
"19-Jan-2021","539.00","547.75","533.90","546.45","20,575,358"
"20-Jan-2021","546.45","554.60","546.00","551.00","16,097,138"
"21-Jan-2021","555.00","561.00","549.70","552.70","18,189,277"
"22-Jan-2021","553.10","553.50","530.60","533.80","24,515,997"
"25-Jan-2021","536.55","542.30","531.20","538.05","23,415,249"
"27-Jan-2021","537.80","539.20","519.10","522.35","28,049,286"
"28-Jan-2021","514.60","529.85","512.00","528.25","29,836,591"
"29-Jan-2021","533.35","544.95","529.45","537.00","33,172,808"
"01-Feb-2021","552.00","609.45","551.00","603.80","69,354,326"
"02-Feb-2021","613.00","624.00","598.70","617.35","42,362,384"
"03-Feb-2021","623.40","627.50","614.00","622.35","27,155,908"
"04-Feb-2021","618.80","631.65","609.00","628.30","29,982,222"
"05-Feb-2021","628.30","635.30","611.00","614.15","32,015,570"
"08-Feb-2021","622.35","633.95","622.35","629.60","18,230,551"
"09-Feb-2021","631.35","643.20","628.60","633.35","27,155,615"
"10-Feb-2021","633.35","638.20","626.40","632.15","23,967,387"
"11-Feb-2021","626.75","633.60","624.10","630.65","16,072,702"
"12-Feb-2021","629.90","649.90","629.40","647.60","19,049,709"
"15-Feb-2021","655.00","676.80","652.00","673.95","27,155,194"
"16-Feb-2021","673.40","679.40","649.55","658.35","24,966,739"
"17-Feb-2021","654.80","664.95","649.35","657.35","21,684,753"
"18-Feb-2021","650.00","652.40","637.60","644.65","27,845,347"
"19-Feb-2021","635.50","635.50","619.00","624.05","24,055,811"
"22-Feb-2021","622.00","629.30","607.30","609.85","27,092,321"
"23-Feb-2021","614.75","623.05","609.05","616.30","23,534,585"
"24-Feb-2021","615.10","645.00","615.10","641.10","17,762,047"
"25-Feb-2021","642.70","648.40","626.30","628.00","38,571,809"
"26-Feb-2021","615.00","615.00","590.90","597.75","57,349,273"
"01-Mar-2021","607.55","611.85","600.20","608.35","21,527,318"
"02-Mar-2021","610.00","616.50","599.00","610.50","24,051,433"
"03-Mar-2021","618.00","633.75","613.85","632.10","21,036,174"
"04-Mar-2021","618.75","630.90","615.80","620.75","25,057,198"
"05-Mar-2021","613.20","614.70","601.50","609.45","26,645,968"
"08-Mar-2021","611.60","616.00","601.15","608.05","19,632,433"
"09-Mar-2021","614.85","628.35","612.30","625.10","23,056,249"
"10-Mar-2021","628.75","630.50","621.80","625.60","15,838,994"
"12-Mar-2021","631.45","638.00","608.35","612.85","21,757,862"
"15-Mar-2021","611.90","612.85","590.60","603.50","24,348,723"
"16-Mar-2021","606.85","607.00","593.65","594.95","17,925,629"
"17-Mar-2021","597.55","603.65","587.00","589.50","20,214,082"
"18-Mar-2021","594.75","601.40","575.50","578.60","22,776,537"
"19-Mar-2021","575.20","588.90","570.00","586.65","29,162,618"
"22-Mar-2021","586.85","586.85","569.50","573.45","21,755,401"
"23-Mar-2021","576.00","589.25","574.30","586.40","29,486,417"
"24-Mar-2021","580.00","580.55","565.00","567.50","24,434,219"
"25-Mar-2021","568.10","579.00","557.10","571.55","27,170,186"
"26-Mar-2021","584.50","584.50","574.30","578.55","20,724,410"
"30-Mar-2021","582.00","593.10","582.00","591.45","28,012,288"
"31-Mar-2021","586.00","589.65","579.00","582.10","20,119,972"
"01-Apr-2021","587.55","596.10","580.20","594.40","15,631,940"
"05-Apr-2021","592.00","592.00","563.50","571.25","23,260,127"
"06-Apr-2021","574.70","578.50","564.40","565.90","23,284,697"
"07-Apr-2021","566.55","580.00","559.40","577.65","23,984,399"
"08-Apr-2021","582.00","585.85","573.30","576.70","19,262,565"
"09-Apr-2021","573.95","579.00","565.00","566.20","23,239,564"
"12-Apr-2021","551.40","551.95","531.15","538.55","26,601,702"
"13-Apr-2021","541.00","563.80","537.85","560.60","25,445,897"
"15-Apr-2021","565.95","576.75","554.15","575.20","37,614,884"
"16-Apr-2021","574.60","577.75","564.10","566.95","24,045,008"
"19-Apr-2021","550.00","562.30","534.40","559.75","28,526,176"
"20-Apr-2021","565.20","572.65","552.60","559.10","24,425,842"
"22-Apr-2021","552.00","580.60","546.90","579.20","34,942,633"
"23-Apr-2021","569.90","580.50","567.05","569.95","33,749,097"
"26-Apr-2021","602.00","605.50","588.00","591.10","62,584,522"
"27-Apr-2021","593.25","601.95","591.10","598.75","24,239,685"
"28-Apr-2021","598.00","622.80","598.00","621.35","33,292,864"
"29-Apr-2021","622.55","628.45","609.00","621.45","34,537,860"
"30-Apr-2021","610.10","616.35","598.10","600.50","23,653,258"
"03-May-2021","592.55","598.85","587.50","596.75","18,010,557"
"04-May-2021","596.65","608.00","589.00","591.55","15,115,127"
"05-May-2021","595.30","604.80","584.70","602.80","17,253,943"
"06-May-2021","602.80","610.85","599.25","608.20","16,949,763"
"07-May-2021","612.00","614.80","603.70","607.10","10,941,083"
"10-May-2021","611.00","617.00","611.00","613.25","12,060,808"
"11-May-2021","606.40","612.90","603.25","609.85","13,818,480"
"12-May-2021","603.20","606.65","593.20","594.75","14,785,569"
"14-May-2021","592.00","601.95","591.10","597.30","12,675,754"
"17-May-2021","603.25","624.50","601.20","623.60","20,453,101"
"18-May-2021","628.00","635.50","626.00","633.20","19,242,627"
"19-May-2021","627.10","634.00","623.35","625.45","13,911,576"
"20-May-2021","628.05","632.90","616.65","618.60","13,900,762"
"21-May-2021","622.30","643.95","622.30","642.45","23,975,898"
"24-May-2021","643.25","653.45","638.00","647.35","20,323,003"
"25-May-2021","650.10","652.00","642.50","650.30","14,884,778"
"26-May-2021","649.35","656.65","643.30","652.50","14,487,031"
"27-May-2021","651.10","656.50","648.10","652.25","23,349,546"
"28-May-2021","658.05","660.00","639.25","643.05","14,191,446"
"31-May-2021","643.75","665.00","643.75","662.75","21,786,138"
"01-Jun-2021","664.55","664.90","648.35","650.10","14,123,196"
"02-Jun-2021","648.50","649.35","641.10","648.35","16,025,108"
"03-Jun-2021","653.45","653.65","644.75","650.25","11,805,702"
"04-Jun-2021","653.00","654.90","639.40","642.70","15,111,572"
"07-Jun-2021","645.20","650.00","644.25","648.20","7,556,341"
"08-Jun-2021","648.00","648.00","637.40","642.40","11,912,935"
"09-Jun-2021","644.40","645.60","628.80","636.10","15,823,094"
"10-Jun-2021","635.45","642.40","631.00","640.40","10,712,418"
"11-Jun-2021","644.00","644.55","631.50","635.70","9,015,059"
"14-Jun-2021","635.70","636.10","623.35","635.15","10,170,497"
"15-Jun-2021","636.35","646.20","636.00","645.30","11,039,987"
"16-Jun-2021","644.90","649.20","637.60","640.10","8,601,339"
"17-Jun-2021","633.05","637.55","626.70","633.00","9,720,060"
"18-Jun-2021","632.60","636.60","620.70","630.40","13,820,690"
"21-Jun-2021","622.85","633.10","616.25","631.25","13,407,446"
"22-Jun-2021","635.00","644.10","629.55","630.85","15,270,093"
"23-Jun-2021","633.75","635.00","623.45","624.70","10,950,633"
"24-Jun-2021","627.00","636.30","624.45","634.05","12,815,724"
"25-Jun-2021","636.10","650.00","636.10","649.00","14,785,922"
"28-Jun-2021","651.00","653.00","646.15","650.30","12,093,491"
"29-Jun-2021","646.30","648.75","636.45","640.10","12,225,470"
"30-Jun-2021","638.30","640.80","629.80","630.90","14,276,494"
"01-Jul-2021","633.95","637.40","630.05","630.85","10,517,081"
"02-Jul-2021","632.25","641.35","632.25","640.25","10,999,396"
"05-Jul-2021","642.75","648.50","641.20","647.85","7,358,568"
"06-Jul-2021","645.20","655.00","645.20","650.30","9,209,891"
"07-Jul-2021","650.90","654.75","645.90","654.00","7,741,559"
"08-Jul-2021","650.50","654.00","638.10","641.90","10,782,941"
"09-Jul-2021","639.50","641.15","633.80","638.55","7,069,698"
"12-Jul-2021","646.00","650.25","642.40","646.25","6,992,783"
"13-Jul-2021","655.15","666.35","653.00","664.95","19,825,411"
"14-Jul-2021","662.00","668.00","658.20","664.35","11,648,541"
"15-Jul-2021","665.10","669.60","661.10","667.45","8,244,429"
"16-Jul-2021","667.45","667.75","657.70","660.30","9,212,875"
"19-Jul-2021","645.65","656.90","645.55","655.90","9,121,737"
"20-Jul-2021","648.65","651.25","639.10","641.90","13,169,127"
"22-Jul-2021","652.50","660.30","648.30","655.95","13,123,569"
"23-Jul-2021","655.95","677.85","650.75","676.65","19,298,083"
"26-Jul-2021","680.00","687.75","663.60","676.75","31,054,759"
"27-Jul-2021","680.15","685.60","673.30","677.45","12,598,869"
"28-Jul-2021","677.90","687.00","670.05","685.05","18,367,497"
"29-Jul-2021","692.50","692.50","683.10","687.50","11,043,138"
"30-Jul-2021","687.00","687.65","678.00","682.50","14,536,250"
"02-Aug-2021","684.05","688.05","677.70","681.40","9,348,206"
"03-Aug-2021","683.00","691.90","676.65","690.40","10,162,609"
"04-Aug-2021","694.00","717.40","693.20","714.65","28,730,606"
"05-Aug-2021","715.50","716.50","699.05","702.45","17,774,554"
"06-Aug-2021","705.05","706.00","695.70","697.65","14,701,949"
"09-Aug-2021","697.40","706.30","694.35","702.85","8,602,980"
"10-Aug-2021","704.10","708.30","697.30","700.90","10,843,554"
"11-Aug-2021","706.25","707.15","690.00","693.55","9,748,084"
"12-Aug-2021","693.50","702.95","693.30","701.35","8,840,339"
"13-Aug-2021","707.05","709.90","701.00","704.80","12,787,590"
"16-Aug-2021","702.40","707.40","698.65","702.65","7,920,846"
"17-Aug-2021","699.80","702.90","691.50","701.20","8,669,653"
"18-Aug-2021","700.85","700.85","683.60","688.30","11,069,373"
"20-Aug-2021","683.85","684.40","675.35","680.70","13,121,808"
"23-Aug-2021","689.95","689.95","673.85","682.70","10,917,371"
"24-Aug-2021","683.25","697.25","680.40","694.45","9,821,388"
"25-Aug-2021","699.95","700.45","687.15","691.05","9,535,359"
"26-Aug-2021","692.05","701.55","690.00","698.80","10,756,731"
"27-Aug-2021","696.10","700.45","689.05","699.75","9,135,827"
"30-Aug-2021","704.50","715.00","700.90","713.65","10,797,869"
"31-Aug-2021","714.00","719.90","709.35","719.05","19,760,246"
"01-Sep-2021","727.60","734.80","717.20","719.90","13,729,351"
"02-Sep-2021","722.30","728.05","717.50","725.15","8,627,956"
"03-Sep-2021","724.75","731.80","721.10","724.30","8,993,813"
"06-Sep-2021","725.40","728.00","720.00","721.15","5,329,995"
"07-Sep-2021","720.90","722.45","711.65","716.90","6,242,711"
"08-Sep-2021","716.50","722.75","715.00","720.95","7,118,011"
"09-Sep-2021","720.80","723.90","717.60","720.25","6,243,422"
"13-Sep-2021","717.90","717.90","705.20","707.40","6,967,906"
"14-Sep-2021","713.25","714.00","706.50","707.45","5,241,865"
"15-Sep-2021","707.10","716.00","706.30","714.35","5,936,741"
"16-Sep-2021","720.00","729.40","712.85","727.20","13,557,169"
"17-Sep-2021","732.90","734.40","714.00","720.15","17,075,003"
"20-Sep-2021","710.00","720.40","706.50","710.00","7,943,459"
"21-Sep-2021","711.15","714.50","694.40","711.85","10,009,615"
"22-Sep-2021","715.00","715.00","702.25","703.35","9,740,470"
"23-Sep-2021","711.00","720.00","707.15","717.00","10,412,491"
"24-Sep-2021","722.60","724.60","716.55","722.95","11,780,868"
"27-Sep-2021","724.50","731.75","722.30","730.00","7,712,240"
"28-Sep-2021","734.10","735.40","706.60","717.15","13,491,839"
"29-Sep-2021","707.35","711.95","701.30","709.50","11,453,404"
"30-Sep-2021","709.60","713.90","698.80","700.85","18,487,517"
"01-Oct-2021","693.00","694.85","687.90","692.35","10,935,810"
"04-Oct-2021","697.05","703.35","694.05","700.20","8,976,533"
"05-Oct-2021","693.00","699.00","691.85","697.10","7,497,208"
"06-Oct-2021","696.60","705.00","688.35","689.50","13,200,810"
"07-Oct-2021","697.55","704.95","693.45","702.20","10,041,549"
"08-Oct-2021","706.00","710.00","698.30","703.40","9,383,924"
"11-Oct-2021","702.00","719.40","700.30","713.30","9,337,637"
"12-Oct-2021","706.50","713.00","704.40","708.60","7,376,091"
"13-Oct-2021","713.85","715.90","707.95","709.95","6,357,766"
"14-Oct-2021","710.25","729.80","709.05","727.30","8,950,350"
"18-Oct-2021","739.00","748.90","732.05","745.45","15,345,601"
"19-Oct-2021","755.00","755.00","738.75","747.45","11,349,799"
"20-Oct-2021","746.75","757.45","741.90","745.85","12,762,996"
"21-Oct-2021","748.90","759.85","737.40","755.50","12,166,996"
"22-Oct-2021","758.50","765.85","753.35","759.30","13,248,928"
"25-Oct-2021","800.00","867.00","798.40","841.70","96,124,084"
"26-Oct-2021","828.70","841.70","822.35","829.40","16,925,115"
"27-Oct-2021","828.75","849.00","824.20","835.00","22,898,400"
"28-Oct-2021","830.10","831.95","796.25","798.70","18,750,423"
"29-Oct-2021","798.00","808.75","783.90","802.05","15,701,200"
"01-Nov-2021","807.70","809.70","793.00","803.90","11,406,421"
"02-Nov-2021","809.00","810.00","798.00","800.95","9,452,457"
"03-Nov-2021","806.00","806.00","780.45","785.95","11,839,149"
"04-Nov-2021","788.50","789.00","779.00","782.10","3,149,310"
"08-Nov-2021","793.00","793.00","773.15","780.15","13,967,995"
"09-Nov-2021","784.00","788.60","779.20","786.55","10,084,357"
"10-Nov-2021","782.55","784.30","773.10","780.90","9,507,347"
"11-Nov-2021","776.70","777.00","766.10","771.45","9,221,059"
"12-Nov-2021","772.70","779.90","771.20","776.60","15,380,106"
"15-Nov-2021","777.00","784.55","771.55","773.30","10,934,583"
"16-Nov-2021","773.30","775.75","762.00","764.05","12,785,837"
"17-Nov-2021","760.90","771.95","756.30","761.30","11,657,214"
"18-Nov-2021","764.90","767.50","756.40","762.90","20,644,385"
"22-Nov-2021","768.30","770.45","740.25","752.00","20,403,786"
"23-Nov-2021","740.95","757.95","731.20","751.85","24,913,042"
"24-Nov-2021","750.25","772.25","746.70","760.20","23,186,419"
"25-Nov-2021","754.90","754.95","745.30","751.05","17,749,726"
"26-Nov-2021","739.00","742.05","718.60","722.20","18,987,552"
"29-Nov-2021","726.75","727.75","710.50","718.40","15,878,074"
"30-Nov-2021","716.75","732.30","711.10","714.35","23,965,914"
"01-Dec-2021","716.40","732.75","715.00","727.70","15,214,913"
"02-Dec-2021","724.60","727.10","715.20","722.40","21,924,640"
"03-Dec-2021","720.50","729.50","715.10","716.30","20,130,259"
"06-Dec-2021","719.00","726.80","707.50","709.55","20,129,080"
"07-Dec-2021","717.00","740.95","712.00","734.65","30,513,303"
"08-Dec-2021","747.90","758.80","744.10","753.40","33,432,411"
"09-Dec-2021","759.05","763.00","748.40","755.00","16,007,459"
"10-Dec-2021","756.50","759.80","751.05","758.00","7,627,774"
"13-Dec-2021","763.00","769.70","752.50","754.00","16,855,546"
"14-Dec-2021","751.05","764.35","746.30","758.65","17,488,089"
"15-Dec-2021","757.60","759.50","750.90","752.25","7,358,740"
"16-Dec-2021","757.90","757.90","738.95","741.15","14,123,215"
"17-Dec-2021","742.00","742.00","726.05","728.30","13,227,787"
"20-Dec-2021","718.10","720.20","698.20","709.95","16,900,016"
"21-Dec-2021","720.00","728.95","716.15","720.35","14,563,335"
"22-Dec-2021","726.25","734.95","720.05","732.80","9,843,359"
"23-Dec-2021","739.05","739.50","727.95","731.30","9,994,049"
"24-Dec-2021","733.90","733.90","719.60","727.10","8,800,690"
"27-Dec-2021","724.00","738.75","716.10","736.00","7,955,163"
"28-Dec-2021","740.40","742.45","732.50","735.80","17,833,655"
"29-Dec-2021","738.00","744.95","731.90","735.70","7,143,073"
"30-Dec-2021","733.30","740.50","729.00","735.70","14,326,182"
"31-Dec-2021","736.55","746.25","736.55","740.15","6,973,055"
"03-Jan-2022","743.05","766.00","743.00","764.70","9,653,095"
"04-Jan-2022","767.95","778.00","763.60","772.85","12,114,437"
"05-Jan-2022","773.00","795.85","771.20","788.05","19,741,360"
"06-Jan-2022","775.05","792.50","774.00","785.05","13,018,067"
"07-Jan-2022","792.20","802.30","786.25","793.25","12,250,210"
"10-Jan-2022","800.25","812.80","799.00","810.75","10,905,080"
"11-Jan-2022","809.75","814.70","801.90","810.65","9,982,061"
"12-Jan-2022","818.60","825.45","812.05","823.75","13,034,848"
"13-Jan-2022","821.00","828.00","817.40","824.70","9,372,244"
"14-Jan-2022","821.00","822.00","811.60","820.00","7,552,844"
"17-Jan-2022","820.00","828.90","814.55","819.30","6,722,700"
"18-Jan-2022","821.00","836.00","818.20","823.10","10,835,146"
"19-Jan-2022","816.00","821.00","803.25","808.60","16,416,144"
"20-Jan-2022","803.00","812.95","795.40","810.25","13,567,654"
"21-Jan-2022","803.00","811.35","795.50","804.50","12,078,277"
"24-Jan-2022","813.00","816.70","783.30","798.45","29,612,316"
"25-Jan-2022","789.00","804.30","786.05","801.65","19,513,184"
"27-Jan-2022","786.90","801.50","781.05","794.65","23,984,679"
"28-Jan-2022","803.75","805.85","778.50","781.15","14,072,314"
"31-Jan-2022","788.95","798.70","784.00","788.80","14,824,509"
"01-Feb-2022","802.05","812.85","789.30","810.30","20,031,583"
"02-Feb-2022","815.00","818.70","808.85","813.75","11,214,375"
"03-Feb-2022","814.05","818.40","806.00","808.95","9,755,335"
"04-Feb-2022","809.80","812.00","795.80","805.05","10,314,067"
"07-Feb-2022","798.05","805.00","781.45","786.40","14,659,368"
"08-Feb-2022","790.00","795.70","774.30","792.50","14,642,455"
"09-Feb-2022","797.25","804.25","794.20","802.80","8,855,292"
"10-Feb-2022","805.95","808.80","796.30","805.50","13,159,771"
"11-Feb-2022","796.85","797.40","787.90","790.80","13,138,408"
"14-Feb-2022","772.00","773.95","751.15","753.70","16,170,656"
"15-Feb-2022","752.95","778.00","743.20","776.05","18,880,659"
"16-Feb-2022","775.70","777.55","760.40","764.05","10,549,784"
"17-Feb-2022","766.50","767.25","746.30","750.35","16,683,808"
"18-Feb-2022","746.85","756.80","745.55","748.90","8,945,567"
"21-Feb-2022","746.25","762.90","740.00","754.45","10,967,164"
"22-Feb-2022","738.40","759.75","737.75","751.30","13,156,371"
"23-Feb-2022","754.60","756.40","742.70","744.60","11,624,282"
"24-Feb-2022","712.90","727.10","702.30","707.40","28,023,104"
"25-Feb-2022","724.95","739.30","720.25","730.05","16,935,750"
"28-Feb-2022","722.95","744.75","715.40","742.70","20,547,432"
"02-Mar-2022","717.00","724.95","707.75","714.85","25,252,492"
"03-Mar-2022","717.60","721.95","693.45","698.30","23,190,595"
"04-Mar-2022","691.00","706.55","685.00","688.05","18,697,223"
"07-Mar-2022","663.50","667.00","642.15","653.75","27,799,873"
"08-Mar-2022","643.30","669.45","643.00","665.00","26,716,975"
"09-Mar-2022","664.70","674.50","658.00","667.45","33,728,639"
"10-Mar-2022","693.95","701.00","673.65","676.60","35,959,638"
"11-Mar-2022","674.65","684.70","670.60","677.90","20,546,724"
"14-Mar-2022","678.10","698.45","677.25","696.15","24,648,981"
"15-Mar-2022","701.50","708.10","688.00","697.35","27,714,580"
"16-Mar-2022","706.90","711.40","701.25","708.00","14,621,688"
"17-Mar-2022","717.80","725.00","716.20","720.10","18,329,844"
"21-Mar-2022","721.00","722.90","705.50","710.75","12,866,839"
"22-Mar-2022","708.65","721.00","699.50","718.20","11,761,758"
"23-Mar-2022","725.00","726.80","714.25","718.30","7,140,403"
"24-Mar-2022","702.45","712.70","698.00","704.20","17,727,969"
"25-Mar-2022","705.00","706.10","696.65","699.25","15,263,007"
"28-Mar-2022","702.00","713.40","695.65","710.35","13,806,166"
"29-Mar-2022","714.30","716.95","705.85","715.30","11,489,374"
"30-Mar-2022","721.05","731.75","719.10","730.90","20,154,520"
"31-Mar-2022","739.90","739.90","727.80","730.30","16,046,383"
"01-Apr-2022","725.00","738.30","723.10","736.25","12,658,848"
"04-Apr-2022","742.00","749.80","725.00","746.60","17,192,197"
"05-Apr-2022","746.80","755.45","738.00","741.80","12,290,391"
"06-Apr-2022","732.30","744.90","732.10","741.60","13,518,142"
"07-Apr-2022","737.10","757.80","737.10","748.55","15,087,175"
"08-Apr-2022","749.85","756.00","743.60","754.30","15,480,705"
"11-Apr-2022","752.30","765.45","751.65","759.60","13,216,391"
"12-Apr-2022","757.00","768.90","750.25","763.85","14,020,000"
"13-Apr-2022","769.60","772.55","760.70","762.25","16,119,956"
"18-Apr-2022","751.00","762.90","749.20","757.80","17,651,530"
"19-Apr-2022","761.80","777.90","757.00","766.30","31,088,359"
"20-Apr-2022","766.80","770.00","753.80","755.55","15,984,202"
"21-Apr-2022","759.05","764.20","751.20","762.35","8,953,098"
"22-Apr-2022","757.00","758.85","745.90","747.65","14,411,607"
"25-Apr-2022","747.65","762.20","744.00","752.20","35,417,460"
"26-Apr-2022","768.00","768.55","751.65","753.75","18,727,514"
"27-Apr-2022","749.00","750.00","732.55","736.70","21,441,480"
"28-Apr-2022","739.10","751.90","734.65","747.15","18,649,559"
"29-Apr-2022","750.10","759.95","740.10","743.30","19,560,317"
"02-May-2022","732.00","743.80","731.10","741.00","10,903,446"
"04-May-2022","746.20","747.00","721.15","724.25","12,212,165"
"05-May-2022","730.80","743.00","726.50","728.80","9,121,547"
"06-May-2022","716.25","723.00","710.30","719.25","12,455,025"
"09-May-2022","705.30","720.00","704.45","710.35","13,055,889"
"10-May-2022","705.00","720.00","705.00","711.30","12,797,419"
"11-May-2022","718.00","719.80","707.15","714.20","13,516,852"
"12-May-2022","707.55","710.70","693.30","695.80","16,685,166"
"13-May-2022","702.40","702.40","675.00","677.35","15,717,043"
"16-May-2022","676.70","690.95","675.75","683.00","9,025,623"
"17-May-2022","686.10","712.00","685.15","710.00","12,765,052"
"18-May-2022","712.35","717.00","706.10","707.35","11,835,013"
"19-May-2022","693.10","698.70","685.60","690.30","16,661,023"
"20-May-2022","694.80","711.90","693.70","709.55","11,695,528"
"23-May-2022","709.55","725.95","707.45","711.05","17,438,451"
"24-May-2022","711.05","717.35","706.05","708.15","13,779,981"
"25-May-2022","712.05","720.85","711.60","713.35","10,457,589"
"26-May-2022","723.00","733.00","715.45","728.50","14,028,733"
"27-May-2022","733.55","741.20","731.25","739.80","8,110,620"
"30-May-2022","748.75","751.95","744.30","748.50","7,628,515"
"31-May-2022","741.00","756.70","740.50","752.85","20,272,212"
"01-Jun-2022","748.00","755.60","744.20","752.65","10,102,092"
"02-Jun-2022","751.05","751.75","743.20","749.75","10,949,759"
"03-Jun-2022","756.15","757.00","741.20","744.30","8,563,791"
"06-Jun-2022","740.20","750.95","739.60","746.75","9,107,831"
"07-Jun-2022","741.00","742.95","732.35","735.25","9,938,912"
"08-Jun-2022","736.60","741.00","726.45","729.50","9,369,224"
"09-Jun-2022","725.00","734.10","722.15","732.75","7,444,368"
"10-Jun-2022","724.75","728.30","718.00","720.00","7,990,818"
"13-Jun-2022","702.25","702.30","682.10","688.00","16,622,521"
"14-Jun-2022","682.40","694.65","680.65","685.50","13,348,598"
"15-Jun-2022","687.50","696.35","686.10","687.25","9,199,591"
"16-Jun-2022","700.00","700.05","676.30","678.50","13,237,239"
"17-Jun-2022","671.25","692.65","669.95","686.85","16,335,613"
"20-Jun-2022","686.00","687.80","677.60","685.95","10,981,042"
"21-Jun-2022","690.55","708.00","688.60","696.10","13,319,648"
"22-Jun-2022","694.25","698.90","685.10","686.60","6,838,249"
"23-Jun-2022","690.20","706.00","687.00","699.15","14,960,412"
"24-Jun-2022","710.90","715.25","706.55","713.45","10,856,736"
"27-Jun-2022","728.85","728.85","716.10","717.35","8,285,225"
"28-Jun-2022","711.05","717.30","707.00","710.30","8,339,931"
"29-Jun-2022","704.95","706.70","700.95","702.75","9,570,557"
"30-Jun-2022","702.75","711.90","701.20","707.20","11,970,404"
"01-Jul-2022","703.45","706.75","694.10","703.90","9,884,899"
"04-Jul-2022","704.85","721.10","704.85","720.10","8,303,732"
"05-Jul-2022","723.05","732.15","718.10","719.45","11,460,367"
"06-Jul-2022","723.00","731.90","722.00","725.95","12,163,533"
"07-Jul-2022","735.95","744.00","733.00","742.00","10,374,018"
"08-Jul-2022","751.30","757.50","744.55","755.70","9,797,700"
"11-Jul-2022","755.00","771.55","755.00","769.50","12,440,573"
"12-Jul-2022","765.35","767.45","757.70","759.90","10,219,829"
"13-Jul-2022","764.75","764.75","749.90","753.20","8,674,121"
"14-Jul-2022","750.00","759.50","748.80","752.40","7,044,542"
"15-Jul-2022","753.25","759.00","744.20","751.20","6,358,018"
"18-Jul-2022","759.25","773.15","757.85","772.00","8,045,363"
"19-Jul-2022","767.80","782.00","767.15","780.65","12,825,591"
"20-Jul-2022","789.50","789.55","780.30","783.10","8,152,179"
"21-Jul-2022","784.90","788.95","780.10","786.00","8,312,338"
"22-Jul-2022","789.10","803.90","789.10","800.05","12,267,898"
"25-Jul-2022","803.00","817.80","797.10","800.90","21,034,148"
"26-Jul-2022","801.60","802.80","791.65","796.30","7,374,145"
"27-Jul-2022","795.00","803.80","794.65","800.50","9,536,564"
"28-Jul-2022","806.95","815.50","805.30","814.60","11,124,518"
"29-Jul-2022","820.65","823.40","808.00","818.60","11,095,993"
"01-Aug-2022","820.70","825.00","817.30","823.40","7,974,903"
"02-Aug-2022","820.00","822.00","812.20","817.75","11,106,772"
"03-Aug-2022","817.75","828.00","811.55","824.80","11,073,975"
"04-Aug-2022","824.00","829.95","808.35","820.25","11,113,742"
"05-Aug-2022","823.10","840.90","823.10","838.20","16,056,522"
"08-Aug-2022","836.60","842.30","831.15","836.95","12,142,951"
"10-Aug-2022","842.15","853.00","842.15","848.75","23,658,553"
"11-Aug-2022","860.05","866.50","858.10","859.70","22,787,391"
"12-Aug-2022","863.95","877.25","858.50","874.40","10,792,853"
"16-Aug-2022","881.45","884.50","876.40","879.25","13,804,836"
"17-Aug-2022","881.80","885.50","878.40","883.25","9,058,040"
"18-Aug-2022","880.55","887.65","875.05","885.10","13,137,856"
"19-Aug-2022","885.00","886.90","864.30","870.40","10,787,199"
"22-Aug-2022","865.55","867.40","849.60","852.25","13,848,023"
"23-Aug-2022","845.35","868.00","842.80","863.90","13,254,855"
"24-Aug-2022","857.05","875.35","857.05","873.30","10,494,109"
"25-Aug-2022","873.30","881.45","866.70","872.35","9,827,829"
"26-Aug-2022","874.15","877.50","867.30","870.85","5,976,725"
"29-Aug-2022","850.05","861.00","847.00","855.85","7,755,134"
"30-Aug-2022","860.50","890.75","859.10","887.30","12,544,701"
"01-Sep-2022","863.00","885.70","863.00","874.35","15,877,583"
"02-Sep-2022","874.10","881.30","867.00","872.40","8,401,284"
"05-Sep-2022","871.55","885.90","871.55","882.45","8,744,999"
"06-Sep-2022","882.50","889.95","878.10","883.65","9,879,326"
"07-Sep-2022","878.55","882.65","872.50","876.20","8,814,960"
"08-Sep-2022","885.50","900.80","885.50","898.80","12,163,106"
"09-Sep-2022","910.15","911.95","897.70","901.25","9,936,230"
"12-Sep-2022","905.05","908.90","902.80","907.20","6,016,978"
"13-Sep-2022","913.95","913.95","905.30","910.00","10,400,475"
"14-Sep-2022","898.25","922.25","898.05","918.10","14,712,947"
"15-Sep-2022","920.00","936.65","915.75","917.60","16,253,099"
"16-Sep-2022","914.90","917.60","905.20","909.10","11,966,860"
"19-Sep-2022","904.95","912.50","895.35","899.20","11,235,656"
"20-Sep-2022","909.20","922.50","907.35","916.75","12,090,663"
"21-Sep-2022","912.00","917.00","905.65","915.25","8,917,640"
"22-Sep-2022","906.00","911.70","895.30","903.40","11,125,669"
"23-Sep-2022","901.70","904.90","878.75","882.25","15,927,517"
"26-Sep-2022","870.00","877.90","859.20","861.05","14,208,640"
"27-Sep-2022","864.95","874.85","848.60","852.55","12,493,809"
"28-Sep-2022","844.00","863.25","844.00","849.50","11,411,458"
"29-Sep-2022","858.00","861.60","841.10","843.90","13,803,629"
"30-Sep-2022","843.90","867.05","837.50","862.00","13,175,031"
"03-Oct-2022","859.70","860.95","845.70","848.35","8,232,026"
"04-Oct-2022","865.00","872.65","860.10","867.65","8,975,095"
"06-Oct-2022","873.05","891.70","873.05","885.45","12,116,698"
"07-Oct-2022","877.20","884.50","872.80","882.55","9,705,750"
"10-Oct-2022","872.00","889.80","870.70","881.75","7,357,588"
"11-Oct-2022","883.25","883.25","865.45","870.60","11,130,051"
"12-Oct-2022","867.95","871.70","861.50","868.35","14,557,532"
"13-Oct-2022","862.35","865.45","850.50","853.60","11,563,124"
"14-Oct-2022","883.80","883.80","868.55","870.25","8,199,540"
"17-Oct-2022","872.00","887.50","868.55","885.20","8,936,947"
"18-Oct-2022","896.05","900.70","891.15","896.90","8,097,552"
"19-Oct-2022","900.05","900.65","885.55","892.10","5,529,462"
"20-Oct-2022","889.70","893.30","880.10","888.65","8,107,159"
"21-Oct-2022","888.00","910.00","885.70","907.15","17,022,807"
"24-Oct-2022","925.00","933.50","917.60","926.30","4,390,050"
"25-Oct-2022","942.05","943.25","922.95","925.05","15,838,120"
"27-Oct-2022","926.05","933.70","920.25","924.40","16,080,842"
"28-Oct-2022","918.00","927.50","901.00","907.85","9,854,094"
"31-Oct-2022","912.60","917.05","904.60","908.70","9,000,840"
"01-Nov-2022","921.00","921.00","899.55","908.60","9,823,761"
"02-Nov-2022","920.60","920.75","902.35","904.70","7,690,974"
"03-Nov-2022","901.05","913.85","897.05","908.65","9,022,366"
"04-Nov-2022","906.30","913.40","900.20","905.30","7,099,336"
"07-Nov-2022","910.25","920.10","903.45","917.50","11,100,219"
"09-Nov-2022","920.00","921.90","905.75","910.50","11,590,409"
"10-Nov-2022","907.55","912.95","903.95","910.70","10,009,741"
"11-Nov-2022","925.90","928.00","903.50","906.55","17,921,457"
"14-Nov-2022","905.00","906.55","891.25","894.95","12,641,308"
"15-Nov-2022","900.55","913.65","898.80","911.70","15,176,911"
"16-Nov-2022","912.55","918.10","908.10","913.60","13,008,311"
"17-Nov-2022","913.00","922.30","910.35","919.80","12,584,194"
"18-Nov-2022","919.80","922.00","910.55","920.35","10,874,061"
"21-Nov-2022","914.05","924.80","914.05","921.40","9,245,704"
"22-Nov-2022","923.75","926.50","920.40","923.70","11,256,509"
"23-Nov-2022","927.00","931.85","923.70","927.45","10,959,704"
"24-Nov-2022","927.55","940.65","927.55","938.85","10,844,395"
"25-Nov-2022","940.30","942.90","927.50","930.30","9,815,055"
"28-Nov-2022","924.00","943.80","923.95","937.40","9,381,474"
"29-Nov-2022","933.55","949.90","933.55","946.75","13,096,845"
"30-Nov-2022","948.05","958.20","941.00","952.90","20,858,573"
"01-Dec-2022","956.00","957.00","936.25","940.20","15,920,653"
"02-Dec-2022","928.25","934.50","926.10","930.60","14,228,874"
"05-Dec-2022","937.00","937.00","928.40","933.60","10,984,608"
"06-Dec-2022","925.00","929.75","920.20","922.65","18,220,912"
"07-Dec-2022","922.00","933.20","920.65","922.15","15,675,663"
"08-Dec-2022","925.00","933.55","923.80","931.90","10,136,870"
"09-Dec-2022","932.00","934.80","925.05","929.90","9,575,331"
"12-Dec-2022","925.05","933.90","925.05","930.30","8,493,863"
"13-Dec-2022","929.50","935.90","927.80","932.95","10,415,140"
"14-Dec-2022","936.00","936.05","920.00","921.75","12,319,827"
"15-Dec-2022","916.00","919.90","905.00","908.80","8,929,748"
"16-Dec-2022","905.50","913.70","899.65","902.00","9,157,260"
"19-Dec-2022","908.00","910.60","901.15","906.45","7,015,083"
"20-Dec-2022","906.00","912.45","895.70","909.70","6,384,331"
"21-Dec-2022","910.25","915.85","887.00","892.25","11,341,147"
"22-Dec-2022","900.50","903.85","886.35","890.65","9,788,367"
"23-Dec-2022","883.05","889.65","875.30","878.90","11,059,215"
"26-Dec-2022","881.10","897.00","875.25","893.20","6,943,159"
"27-Dec-2022","897.70","902.75","888.20","900.65","4,994,381"
"28-Dec-2022","896.00","903.95","895.80","898.95","8,980,300"
"29-Dec-2022","897.90","923.35","889.35","908.05","11,994,220"
"30-Dec-2022","908.50","908.50","888.55","890.85","9,688,527"
"02-Jan-2023","894.00","907.00","894.00","902.45","4,315,403"
"03-Jan-2023","898.50","905.95","896.75","901.35","5,846,855"
"04-Jan-2023","899.00","907.90","894.80","899.10","12,454,582"
"05-Jan-2023","900.90","903.00","872.00","879.15","16,547,196"
"06-Jan-2023","878.95","878.95","860.50","870.10","14,804,613"
"09-Jan-2023","874.25","878.75","862.30","873.35","16,811,853"
"10-Jan-2023","875.40","878.40","856.60","861.35","13,470,142"
"11-Jan-2023","862.90","870.85","854.85","866.30","15,558,460"
"12-Jan-2023","865.50","869.35","854.95","860.65","16,659,001"
"13-Jan-2023","864.70","874.90","858.30","873.45","11,223,103"
"16-Jan-2023","877.25","877.45","861.05","865.25","8,319,812"
"17-Jan-2023","866.95","867.95","858.10","865.15","12,624,859"
"18-Jan-2023","864.45","872.00","858.65","869.50","11,313,898"
"19-Jan-2023","868.00","870.55","862.00","866.15","6,694,679"
"20-Jan-2023","873.50","876.50","865.55","870.35","8,127,162"
"23-Jan-2023","882.00","883.30","864.60","871.70","16,882,379"
"24-Jan-2023","879.00","881.70","868.00","870.75","11,504,090"
"25-Jan-2023","873.30","876.80","848.00","855.30","14,918,485"
"27-Jan-2023","839.15","843.00","813.10","817.20","39,718,683"
"30-Jan-2023","800.00","826.25","796.00","823.50","36,301,441"
"31-Jan-2023","826.00","838.30","814.10","831.90","27,291,226"
"01-Feb-2023","843.45","875.20","823.15","847.95","39,237,711"
"02-Feb-2023","828.40","860.60","826.10","857.90","16,798,190"
"03-Feb-2023","864.65","872.65","852.10","863.80","14,914,366"
"06-Feb-2023","861.50","867.80","849.65","853.70","8,463,833"
"07-Feb-2023","855.00","856.00","847.20","852.75","9,337,066"
"08-Feb-2023","852.50","860.70","851.90","859.10","8,082,983"
"09-Feb-2023","858.50","864.90","851.60","860.80","6,299,265"
"10-Feb-2023","855.55","861.90","852.00","853.85","8,656,405"
"13-Feb-2023","853.40","859.30","849.35","850.65","9,394,365"
"14-Feb-2023","853.90","867.30","852.10","865.30","13,402,934"
"15-Feb-2023","866.40","873.25","860.60","870.80","12,070,288"
"16-Feb-2023","875.95","877.80","864.85","869.45","10,715,685"
"17-Feb-2023","867.55","867.55","855.15","862.65","9,990,618"
"20-Feb-2023","862.65","866.55","850.25","852.10","9,013,430"
"21-Feb-2023","854.40","859.45","846.85","854.20","11,704,445"
"22-Feb-2023","851.25","854.10","834.75","839.25","13,880,984"
"23-Feb-2023","836.55","844.45","833.55","839.75","11,743,574"
"24-Feb-2023","843.95","845.60","835.55","839.70","8,246,139"
"27-Feb-2023","833.55","858.30","833.55","856.40","14,422,574"
"28-Feb-2023","854.90","858.00","850.00","854.85","19,600,146"
"01-Mar-2023","864.00","864.00","851.85","856.30","11,015,843"
"02-Mar-2023","853.00","861.85","851.10","854.00","12,327,141"
"03-Mar-2023","856.75","873.00","849.85","868.55","12,823,098"
"06-Mar-2023","871.75","876.85","865.35","867.75","13,904,231"
"08-Mar-2023","866.65","873.65","861.50","872.10","16,144,568"
"09-Mar-2023","867.20","869.80","854.15","855.95","10,624,440"
"10-Mar-2023","844.70","845.35","836.25","842.65","17,273,189"
"13-Mar-2023","841.45","855.30","823.95","828.40","16,413,159"
"14-Mar-2023","827.00","834.45","818.25","830.35","15,456,802"
"15-Mar-2023","836.45","843.95","822.20","825.90","12,914,488"
"16-Mar-2023","829.70","831.30","810.30","823.90","14,987,868"
"17-Mar-2023","831.80","838.40","818.65","836.25","11,104,490"
"20-Mar-2023","837.00","837.80","825.00","836.45","14,838,651"
"21-Mar-2023","843.00","854.50","839.05","852.40","18,755,854"
"22-Mar-2023","857.65","862.55","851.00","860.20","17,431,520"
"23-Mar-2023","857.00","867.45","852.80","855.45","17,920,621"
"24-Mar-2023","852.50","860.00","849.15","852.40","17,295,696"
"27-Mar-2023","854.95","856.40","844.05","848.70","17,047,675"
"28-Mar-2023","855.55","858.90","848.20","854.75","24,469,018"
"29-Mar-2023","857.05","862.10","848.00","851.00","34,881,515"
"31-Mar-2023","861.95","881.00","858.50","877.25","25,739,021"
"03-Apr-2023","880.20","887.10","868.85","883.80","26,416,933"
"05-Apr-2023","886.60","887.75","874.00","884.60","21,068,934"
"06-Apr-2023","882.00","890.10","872.70","875.00","26,042,745"
"10-Apr-2023","880.05","882.80","864.40","868.45","30,906,205"
"11-Apr-2023","873.70","885.60","865.00","881.90","39,504,022"
"12-Apr-2023","883.45","892.00","880.30","890.15","22,686,032"
"13-Apr-2023","891.10","901.65","886.50","899.00","34,439,635"
"17-Apr-2023","917.30","917.30","893.15","901.30","29,957,514"
"18-Apr-2023","907.95","907.95","894.10","896.85","26,699,379"
"19-Apr-2023","895.90","896.90","887.25","891.90","24,377,956"
"20-Apr-2023","892.25","899.30","889.20","894.40","16,999,919"
"21-Apr-2023","894.55","900.70","882.40","885.65","29,578,071"
"24-Apr-2023","905.00","906.50","895.00","904.75","30,881,665"
"25-Apr-2023","906.30","916.00","903.10","913.45","41,383,839"
"26-Apr-2023","911.45","916.95","905.75","914.95","30,371,555"
"27-Apr-2023","909.50","919.90","908.55","918.35","25,835,108"
"28-Apr-2023","915.10","920.45","910.25","917.65","20,381,002"
"02-May-2023","924.00","925.80","918.70","922.10","17,515,017"
"03-May-2023","919.55","923.85","911.55","922.85","18,715,142"
"04-May-2023","920.00","923.90","911.80","921.70","20,485,002"
"05-May-2023","925.00","942.45","923.45","926.95","19,002,035"
"08-May-2023","927.00","941.70","927.00","937.90","18,623,913"
"09-May-2023","941.00","945.00","931.80","934.40","21,507,610"
"10-May-2023","934.60","941.00","928.25","936.05","25,910,923"
"11-May-2023","940.05","947.00","933.85","939.20","20,027,372"
"12-May-2023","939.75","948.00","935.10","943.90","13,873,480"
"15-May-2023","943.75","949.00","938.20","945.75","10,453,762"
"16-May-2023","950.00","952.20","943.00","946.35","19,612,293"
"17-May-2023","947.30","948.40","935.80","939.35","19,273,344"
"18-May-2023","947.95","952.25","942.10","946.50","21,550,141"
"19-May-2023","951.45","956.00","941.60","954.30","15,427,412"
"22-May-2023","951.05","954.25","946.15","950.35","15,509,525"
"23-May-2023","952.00","958.85","945.00","953.40","16,579,935"
"24-May-2023","946.70","953.85","938.50","940.65","18,049,620"
"25-May-2023","937.00","941.60","932.95","939.85","19,328,582"
"26-May-2023","939.80","952.45","935.55","950.70","10,957,182"
"29-May-2023","953.85","957.60","946.80","948.15","12,108,079"
"30-May-2023","945.35","952.30","944.65","949.95","18,483,624"
"31-May-2023","949.50","952.00","940.50","949.15","27,254,425"
"01-Jun-2023","954.25","954.25","932.80","936.10","21,650,700"
"02-Jun-2023","943.00","944.65","935.05","938.15","12,494,376"
"05-Jun-2023","943.00","951.80","943.00","946.75","10,751,684"
"06-Jun-2023","946.50","947.80","938.10","942.10","11,894,330"
"07-Jun-2023","944.35","945.85","933.80","940.20","16,486,469"
"08-Jun-2023","936.60","950.50","935.20","937.90","17,608,140"
"09-Jun-2023","941.40","944.00","936.20","938.05","12,253,128"
"12-Jun-2023","938.00","943.50","933.30","935.95","10,520,125"
"13-Jun-2023","935.90","946.25","934.10","943.55","13,528,776"
"14-Jun-2023","946.05","946.95","936.25","939.80","13,489,262"
"15-Jun-2023","940.70","942.95","924.35","926.60","19,366,819"
"16-Jun-2023","929.30","937.75","927.00","934.20","11,249,387"
"19-Jun-2023","933.50","933.95","918.70","923.15","19,351,375"
"20-Jun-2023","920.95","928.55","914.80","925.55","15,212,286"
"21-Jun-2023","928.00","928.40","920.00","924.70","9,210,553"
"22-Jun-2023","924.40","935.55","920.70","925.75","27,291,569"
"23-Jun-2023","926.05","931.90","919.00","923.50","8,767,733"
"26-Jun-2023","927.10","931.80","923.20","927.45","11,749,040"
"27-Jun-2023","930.00","939.95","922.20","936.10","13,422,726"
"28-Jun-2023","944.00","944.00","934.30","937.45","25,708,001"
"30-Jun-2023","940.50","942.20","930.65","934.60","13,843,218"
"03-Jul-2023","937.00","945.75","936.50","942.55","12,350,359"
"04-Jul-2023","947.25","951.30","942.00","944.70","14,041,699"
"05-Jul-2023","942.05","964.75","941.00","958.00","13,817,767"
"06-Jul-2023","954.70","963.90","954.00","959.40","16,334,427"
"07-Jul-2023","953.00","955.05","943.80","946.40","8,593,807"
"10-Jul-2023","946.00","952.90","941.35","948.40","12,069,184"
"11-Jul-2023","948.40","952.70","941.90","944.95","16,977,595"
"12-Jul-2023","948.40","951.15","941.25","944.40","21,511,161"
"13-Jul-2023","947.70","959.25","942.20","955.70","23,222,286"
"14-Jul-2023","959.75","965.00","951.35","960.05","12,871,569"
"17-Jul-2023","962.90","973.80","952.85","968.70","16,290,763"
"18-Jul-2023","978.00","987.95","971.15","975.45","29,709,508"
"19-Jul-2023","980.00","980.00","967.55","973.45","15,994,261"
"20-Jul-2023","976.05","998.15","972.10","995.60","26,487,838"
"21-Jul-2023","995.30","1,001.45","988.80","997.00","16,903,003"
"24-Jul-2023","1,004.95","1,008.70","990.10","992.00","21,687,719"
"25-Jul-2023","999.00","999.00","988.25","994.70","29,325,327"
"26-Jul-2023","993.10","997.75","990.00","996.45","12,780,537"
"27-Jul-2023","1,002.55","1,006.50","987.20","990.25","25,932,395"
"28-Jul-2023","988.00","998.70","977.05","996.20","12,584,130"
"31-Jul-2023","996.00","999.40","988.60","998.30","14,303,116"
"01-Aug-2023","1,001.65","1,003.70","990.45","994.55","15,508,569"
"02-Aug-2023","985.25","994.10","977.50","986.95","15,787,996"
"03-Aug-2023","976.55","983.00","960.05","965.00","30,994,707"
"04-Aug-2023","968.65","976.00","961.25","970.50","20,582,882"
"07-Aug-2023","970.95","981.50","968.20","975.65","16,686,062"
"08-Aug-2023","975.75","986.60","972.30","979.90","23,784,778"
"09-Aug-2023","974.95","975.30","963.60","972.70","19,317,331"
"10-Aug-2023","971.55","973.65","959.45","964.10","24,858,441"
"11-Aug-2023","963.40","963.50","950.00","952.85","17,162,177"
"14-Aug-2023","949.00","962.90","946.00","959.55","19,026,691"
"16-Aug-2023","954.45","959.80","946.60","956.50","17,930,805"
"17-Aug-2023","956.95","957.80","946.45","951.65","27,077,611"
"18-Aug-2023","947.90","955.00","946.00","950.65","13,257,508"
"21-Aug-2023","950.70","959.30","948.40","955.20","13,358,017"
"22-Aug-2023","956.40","956.95","949.30","952.00","16,872,719"
"23-Aug-2023","954.00","968.05","949.85","966.85","14,707,331"
"24-Aug-2023","972.50","982.40","966.75","968.95","28,389,740"
"25-Aug-2023","962.95","972.60","960.20","970.40","10,275,758"
"28-Aug-2023","969.95","975.00","965.05","970.55","10,481,574"
"29-Aug-2023","973.30","977.25","965.65","967.75","13,209,913"
"30-Aug-2023","970.45","975.90","955.40","958.90","13,936,165"
"31-Aug-2023","960.00","966.20","954.05","958.75","36,675,400"
"01-Sep-2023","956.90","973.05","952.80","968.70","16,268,147"
"04-Sep-2023","968.70","969.05","960.55","967.35","9,512,956"
"05-Sep-2023","964.10","970.00","962.25","968.40","16,623,486"
"06-Sep-2023","962.55","969.50","950.80","957.50","30,802,100"
"07-Sep-2023","957.40","969.50","954.70","965.65","13,462,347"
"08-Sep-2023","967.50","975.00","961.25","970.55","13,086,915"
"11-Sep-2023","974.95","982.00","969.35","978.25","7,894,110"
"12-Sep-2023","990.10","995.15","982.65","990.50","20,959,591"
"13-Sep-2023","989.80","994.85","980.55","989.80","21,997,553"
"14-Sep-2023","992.30","992.90","982.25","987.70","11,464,188"
"15-Sep-2023","990.35","997.50","988.60","992.45","13,307,980"
"18-Sep-2023","990.10","996.25","987.30","990.20","16,713,222"
"20-Sep-2023","981.55","996.00","980.65","987.15","25,741,856"
"21-Sep-2023","979.95","982.50","957.45","959.30","19,742,813"
"22-Sep-2023","956.50","960.90","947.40","950.30","12,701,888"
"25-Sep-2023","950.30","961.20","941.50","956.35","8,997,098"
"26-Sep-2023","958.95","958.95","947.10","948.70","10,521,409"
"27-Sep-2023","946.30","946.50","934.40","943.10","15,152,973"
"28-Sep-2023","945.50","947.25","934.75","942.60","25,991,282"
"29-Sep-2023","946.70","956.00","943.70","951.90","10,447,334"
"03-Oct-2023","951.60","951.60","939.00","940.30","11,131,636"
"04-Oct-2023","935.00","935.50","925.00","930.05","17,334,739"
"05-Oct-2023","935.20","943.95","934.55","940.85","10,478,856"
"06-Oct-2023","946.00","946.55","938.00","945.20","6,355,755"
"09-Oct-2023","940.25","942.05","936.30","938.60","6,725,306"
"10-Oct-2023","940.40","957.50","940.35","951.20","11,452,715"
"11-Oct-2023","954.90","962.05","950.75","953.10","12,233,117"
"12-Oct-2023","952.85","960.10","948.40","954.25","7,836,818"
"13-Oct-2023","949.95","957.40","944.55","951.30","6,650,442"
"16-Oct-2023","948.50","954.85","946.15","951.40","5,763,024"
"17-Oct-2023","955.40","960.95","951.50","953.90","7,747,527"
"18-Oct-2023","949.20","950.65","939.10","943.75","12,000,153"
"19-Oct-2023","936.00","945.00","934.00","935.75","8,612,676"
"20-Oct-2023","932.00","940.00","930.00","932.75","6,586,576"
"23-Oct-2023","942.00","944.80","925.40","929.95","11,856,890"
"25-Oct-2023","926.05","933.80","911.40","916.10","12,593,434"
"26-Oct-2023","914.30","916.60","899.00","908.65","21,693,345"
"27-Oct-2023","916.00","918.15","911.30","912.75","8,645,505"
"30-Oct-2023","909.10","926.30","908.20","924.90","7,687,791"
"31-Oct-2023","929.30","931.00","914.10","915.35","17,211,107"
"01-Nov-2023","913.80","917.60","909.30","914.05","12,927,203"
"02-Nov-2023","920.05","924.80","912.80","919.95","9,747,311"
"03-Nov-2023","928.55","934.50","926.80","933.80","7,146,961"
"06-Nov-2023","941.00","947.75","937.40","945.45","10,338,367"
"07-Nov-2023","943.60","950.45","930.45","948.10","15,704,942"
"08-Nov-2023","948.45","948.45","934.10","935.75","17,606,074"
"09-Nov-2023","934.00","942.35","933.00","937.35","9,406,117"
"10-Nov-2023","934.90","941.45","932.40","938.60","9,560,455"
"12-Nov-2023","942.00","943.20","939.60","942.35","1,561,479"
"13-Nov-2023","940.90","940.90","932.00","934.45","11,470,096"
"15-Nov-2023","944.40","944.40","938.75","941.10","19,492,138"
"16-Nov-2023","939.00","946.20","934.00","936.00","19,706,373"
"17-Nov-2023","926.55","938.40","920.15","921.85","10,956,653"
"20-Nov-2023","922.00","926.75","917.50","921.45","10,562,301"
"21-Nov-2023","924.40","928.05","922.00","926.10","8,989,572"
"22-Nov-2023","923.25","925.20","914.75","922.75","12,197,979"
"23-Nov-2023","923.00","925.35","918.50","923.00","5,534,614"
"24-Nov-2023","921.50","930.40","920.20","929.40","7,452,002"
"28-Nov-2023","928.90","931.05","921.70","925.50","14,231,987"
"29-Nov-2023","930.90","941.10","926.00","939.60","11,680,078"
"30-Nov-2023","938.95","940.85","928.20","934.95","23,950,292"
"01-Dec-2023","935.95","952.00","933.00","946.70","16,986,046"
"04-Dec-2023","963.70","994.85","961.40","991.20","33,131,257"
"05-Dec-2023","1,002.50","1,015.75","995.05","1,013.45","31,378,461"
"06-Dec-2023","1,014.00","1,016.25","1,000.25","1,003.25","18,786,590"
"07-Dec-2023","996.35","1,002.20","988.15","999.00","11,841,945"
"08-Dec-2023","994.50","1,012.85","993.25","1,010.85","16,116,363"
"11-Dec-2023","1,007.10","1,020.00","1,004.65","1,017.10","11,714,606"
"12-Dec-2023","1,017.10","1,021.00","1,008.60","1,015.70","12,380,856"
"13-Dec-2023","1,014.80","1,020.70","1,009.20","1,013.90","15,887,040"
"14-Dec-2023","1,022.25","1,040.00","1,021.25","1,033.65","16,317,672"
"15-Dec-2023","1,043.65","1,043.70","1,025.70","1,037.40","14,306,067"
"18-Dec-2023","1,029.95","1,029.95","1,018.00","1,021.45","8,592,711"
"19-Dec-2023","1,025.50","1,025.50","1,012.60","1,015.45","10,094,256"
"20-Dec-2023","1,022.00","1,022.00","1,002.00","1,006.65","16,490,281"
"21-Dec-2023","996.55","1,010.90","989.20","1,004.40","18,064,916"
"22-Dec-2023","1,002.95","1,009.55","991.60","994.30","20,881,976"
"26-Dec-2023","994.90","997.50","989.90","995.10","14,339,699"
"27-Dec-2023","997.95","1,004.90","992.00","1,002.25","12,996,468"
"28-Dec-2023","1,008.00","1,011.70","999.10","1,005.90","24,915,990"
"29-Dec-2023","1,004.05","1,008.55","993.70","996.60","12,280,140"
"01-Jan-2024","991.55","1,004.85","991.00","999.40","7,683,792"
"02-Jan-2024","997.00","997.65","980.25","982.25","16,263,825"
"03-Jan-2024","984.70","988.00","975.10","984.05","16,826,752"
"04-Jan-2024","986.40","989.15","981.90","987.15","22,789,140"
"05-Jan-2024","988.00","998.30","983.80","993.70","14,875,499"
"08-Jan-2024","994.00","998.20","980.30","982.00","8,393,164"
"09-Jan-2024","986.25","995.00","975.40","979.75","14,660,414"
"10-Jan-2024","974.30","994.95","974.30","993.05","9,409,181"
"11-Jan-2024","995.30","998.50","986.85","991.15","6,451,345"
"12-Jan-2024","994.80","1,008.70","991.75","1,003.50","12,255,743"
"15-Jan-2024","1,003.50","1,011.65","999.25","1,009.85","12,388,044"
"16-Jan-2024","1,006.10","1,015.80","1,004.60","1,009.05","11,505,126"
"17-Jan-2024","987.90","1,007.80","976.75","981.75","41,914,771"
"18-Jan-2024","973.95","994.30","970.15","986.35","17,902,484"
"19-Jan-2024","991.30","1,010.90","987.55","999.20","23,271,148"
"20-Jan-2024","1,005.95","1,014.70","995.30","1,008.70","8,788,873"
"23-Jan-2024","1,059.10","1,059.40","1,021.20","1,029.05","50,797,448"
"24-Jan-2024","1,029.45","1,035.95","996.65","999.20","34,578,943"
"25-Jan-2024","998.40","1,015.10","988.15","1,009.95","28,315,035"
"29-Jan-2024","1,020.00","1,032.00","1,010.00","1,016.40","14,078,922"
"30-Jan-2024","1,014.95","1,023.85","1,008.00","1,016.90","16,085,742"
"31-Jan-2024","1,016.80","1,039.00","1,003.25","1,028.15","25,627,447"
"01-Feb-2024","1,033.95","1,033.95","1,017.40","1,025.15","13,058,880"
"02-Feb-2024","1,037.10","1,050.00","1,021.65","1,024.00","14,774,650"
"05-Feb-2024","1,022.50","1,026.45","1,012.10","1,023.50","12,948,430"
"06-Feb-2024","1,023.55","1,034.90","1,016.70","1,026.40","12,886,927"
"07-Feb-2024","1,028.00","1,031.55","1,013.00","1,022.15","16,410,895"
"08-Feb-2024","1,024.10","1,028.25","985.25","989.30","20,565,502"
"09-Feb-2024","988.85","1,013.75","985.50","1,010.70","12,799,837"
"12-Feb-2024","1,010.40","1,012.20","985.25","996.10","8,050,066"
"13-Feb-2024","1,006.00","1,027.05","1,000.30","1,019.80","18,706,292"
"14-Feb-2024","1,009.55","1,035.70","1,007.55","1,022.70","17,878,720"
"15-Feb-2024","1,022.85","1,026.65","1,006.60","1,016.65","10,069,878"
"16-Feb-2024","1,023.20","1,026.20","1,016.90","1,023.25","7,159,395"
"19-Feb-2024","1,023.35","1,046.00","1,023.35","1,043.75","9,388,255"
"20-Feb-2024","1,041.05","1,052.65","1,033.25","1,048.75","11,293,528"
"21-Feb-2024","1,056.80","1,064.00","1,048.00","1,051.95","15,946,325"
"22-Feb-2024","1,056.00","1,066.00","1,040.30","1,062.70","13,432,573"
"23-Feb-2024","1,070.00","1,070.00","1,057.65","1,061.30","13,142,759"
"26-Feb-2024","1,053.10","1,062.30","1,050.50","1,054.20","7,875,941"
"27-Feb-2024","1,050.75","1,066.20","1,046.50","1,060.20","10,580,973"
"28-Feb-2024","1,063.00","1,064.85","1,042.15","1,046.20","7,730,332"
"29-Feb-2024","1,043.05","1,060.70","1,038.50","1,052.20","20,944,844"
"01-Mar-2024","1,055.00","1,089.95","1,054.00","1,086.90","14,909,562"
"02-Mar-2024","1,087.25","1,089.45","1,080.50","1,084.65","481,475"
"04-Mar-2024","1,081.00","1,095.00","1,080.10","1,092.35","11,424,581"
"05-Mar-2024","1,086.20","1,099.50","1,076.50","1,088.05","9,222,544"
"06-Mar-2024","1,080.30","1,113.55","1,080.30","1,097.10","21,796,484"
"07-Mar-2024","1,094.95","1,095.00","1,082.70","1,087.95","9,963,926"
"11-Mar-2024","1,087.95","1,087.95","1,076.75","1,078.70","13,310,362"
"12-Mar-2024","1,077.05","1,094.80","1,055.65","1,076.85","21,785,435"
"13-Mar-2024","1,077.15","1,089.65","1,073.15","1,083.95","24,855,870"
"14-Mar-2024","1,080.00","1,097.10","1,075.05","1,083.60","14,231,421"
"15-Mar-2024","1,072.00","1,086.25","1,070.00","1,080.35","66,192,734"
"18-Mar-2024","1,075.05","1,084.80","1,060.05","1,081.20","8,769,440"
"19-Mar-2024","1,078.45","1,088.75","1,075.25","1,083.95","16,708,715"
"20-Mar-2024","1,080.00","1,090.00","1,067.50","1,084.50","18,725,251"
"21-Mar-2024","1,092.00","1,100.00","1,079.15","1,081.80","19,992,607"
"22-Mar-2024","1,081.15","1,093.70","1,078.70","1,090.30","17,214,415"
"26-Mar-2024","1,081.00","1,089.15","1,076.95","1,083.70","13,367,635"
"27-Mar-2024","1,083.70","1,092.50","1,079.55","1,083.75","26,907,245"
"28-Mar-2024","1,085.00","1,105.05","1,085.00","1,093.30","22,070,566"
"01-Apr-2024","1,096.05","1,102.95","1,094.45","1,099.65","10,848,191"
"02-Apr-2024","1,094.45","1,094.45","1,079.25","1,081.20","14,380,396"
"03-Apr-2024","1,075.00","1,083.65","1,072.25","1,077.20","15,477,184"
"04-Apr-2024","1,084.75","1,085.80","1,063.45","1,078.85","21,419,689"
"05-Apr-2024","1,070.00","1,086.00","1,067.45","1,083.40","15,340,637"
"08-Apr-2024","1,078.35","1,091.75","1,076.30","1,087.15","8,023,461"
"09-Apr-2024","1,091.95","1,115.25","1,088.30","1,107.05","12,298,463"
"10-Apr-2024","1,110.95","1,116.55","1,105.15","1,109.40","10,598,000"
"12-Apr-2024","1,103.50","1,111.85","1,095.80","1,104.40","12,216,657"
"15-Apr-2024","1,100.20","1,106.15","1,076.60","1,078.35","10,526,597"
"16-Apr-2024","1,070.55","1,074.60","1,062.70","1,067.05","11,278,092"
"18-Apr-2024","1,074.00","1,078.05","1,050.45","1,055.45","16,564,216"
"19-Apr-2024","1,052.95","1,072.00","1,048.10","1,067.25","11,284,433"
"22-Apr-2024","1,078.80","1,088.70","1,070.35","1,086.65","10,346,714"
"23-Apr-2024","1,100.00","1,100.00","1,082.70","1,090.25","9,848,215"
"24-Apr-2024","1,092.25","1,098.40","1,089.00","1,096.75","5,461,309"
"25-Apr-2024","1,090.00","1,125.65","1,089.95","1,113.75","19,905,338"
"26-Apr-2024","1,112.15","1,120.00","1,102.75","1,107.90","14,190,059"
"29-Apr-2024","1,108.00","1,163.45","1,107.90","1,160.15","28,578,063"
"30-Apr-2024","1,159.95","1,169.55","1,146.75","1,150.40","29,568,491"
"02-May-2024","1,143.00","1,155.50","1,133.25","1,139.45","25,118,334"
"03-May-2024","1,141.30","1,157.40","1,135.45","1,142.05","19,933,604"
"06-May-2024","1,141.55","1,158.45","1,138.10","1,146.30","14,970,524"
"07-May-2024","1,147.95","1,152.75","1,126.30","1,131.90","15,097,728"
"08-May-2024","1,126.55","1,132.00","1,116.05","1,123.00","19,913,090"
"09-May-2024","1,120.55","1,128.85","1,110.00","1,115.70","12,229,853"
"10-May-2024","1,118.00","1,128.90","1,112.05","1,117.05","8,573,656"
"13-May-2024","1,112.40","1,130.65","1,106.70","1,128.00","9,707,983"
"14-May-2024","1,125.90","1,127.90","1,118.55","1,120.55","8,944,262"
"15-May-2024","1,122.10","1,127.80","1,113.50","1,124.35","10,743,423"
"16-May-2024","1,133.00","1,136.55","1,112.80","1,131.05","14,265,565"
"17-May-2024","1,131.05","1,144.00","1,120.60","1,130.50","8,641,784"
"18-May-2024","1,131.00","1,133.00","1,126.90","1,130.75","312,750"
"21-May-2024","1,122.20","1,133.80","1,116.25","1,120.95","10,452,900"
"22-May-2024","1,125.00","1,125.90","1,098.10","1,111.10","17,527,411"
"23-May-2024","1,115.55","1,137.00","1,111.40","1,134.50","13,787,687"
"24-May-2024","1,130.00","1,135.00","1,124.15","1,131.95","6,312,670"
"27-May-2024","1,131.90","1,147.80","1,121.55","1,129.80","11,599,857"
"28-May-2024","1,132.50","1,135.20","1,125.00","1,126.95","9,311,718"
"29-May-2024","1,115.05","1,123.55","1,098.50","1,102.00","19,268,547"
"30-May-2024","1,097.00","1,121.00","1,096.90","1,113.70","15,255,387"
"31-May-2024","1,118.00","1,130.60","1,111.25","1,121.05","26,197,718"
"03-Jun-2024","1,170.00","1,173.00","1,136.30","1,160.00","25,699,977"
"04-Jun-2024","1,157.90","1,159.40","1,053.55","1,071.45","43,476,837"
"05-Jun-2024","1,085.00","1,123.25","1,051.05","1,108.65","42,172,104"
"06-Jun-2024","1,118.00","1,118.00","1,096.60","1,110.40","18,574,162"
"07-Jun-2024","1,110.40","1,128.30","1,103.60","1,121.70","17,197,635"
"10-Jun-2024","1,116.00","1,133.20","1,115.10","1,123.80","10,851,455"
"11-Jun-2024","1,119.75","1,129.05","1,111.00","1,118.20","12,250,002"
"12-Jun-2024","1,121.00","1,133.40","1,112.00","1,119.55","16,096,514"
"13-Jun-2024","1,122.20","1,123.20","1,105.00","1,107.35","12,494,254"
"14-Jun-2024","1,114.00","1,114.00","1,099.45","1,105.65","11,377,979"
"18-Jun-2024","1,113.95","1,135.05","1,101.20","1,122.85","18,306,176"
"19-Jun-2024","1,127.95","1,165.55","1,126.15","1,144.45","34,309,514"
"20-Jun-2024","1,154.05","1,160.00","1,135.50","1,156.80","15,475,933"
"21-Jun-2024","1,163.55","1,169.90","1,150.65","1,158.65","69,259,425"
"24-Jun-2024","1,154.65","1,175.65","1,152.65","1,170.10","12,210,295"
"25-Jun-2024","1,170.25","1,206.00","1,167.65","1,197.95","27,309,845"
"26-Jun-2024","1,202.00","1,222.85","1,193.85","1,218.00","25,403,461"
"27-Jun-2024","1,228.35","1,235.00","1,209.10","1,219.90","20,516,632"
"28-Jun-2024","1,227.00","1,227.00","1,196.35","1,199.60","12,507,092"
"01-Jul-2024","1,199.60","1,215.35","1,192.05","1,211.85","8,636,894"
"02-Jul-2024","1,217.00","1,217.00","1,185.55","1,190.60","16,153,925"
"03-Jul-2024","1,196.85","1,215.85","1,179.45","1,201.60","22,330,897"
"04-Jul-2024","1,229.00","1,234.95","1,214.30","1,233.00","15,275,791"
"05-Jul-2024","1,225.00","1,242.60","1,220.85","1,233.40","9,535,575"
"08-Jul-2024","1,228.90","1,239.50","1,216.90","1,235.05","6,617,190"
"09-Jul-2024","1,234.95","1,250.20","1,229.30","1,248.25","13,366,874"
"10-Jul-2024","1,252.75","1,252.75","1,236.35","1,243.20","18,226,503"
"11-Jul-2024","1,246.35","1,257.80","1,225.05","1,238.45","11,307,116"
"12-Jul-2024","1,235.90","1,252.90","1,230.10","1,232.90","12,208,290"
"15-Jul-2024","1,233.10","1,238.45","1,224.05","1,229.95","15,612,671"
"16-Jul-2024","1,230.00","1,245.00","1,229.00","1,239.90","12,320,605"
"18-Jul-2024","1,234.90","1,256.45","1,231.70","1,250.30","10,999,632"
"19-Jul-2024","1,244.00","1,250.50","1,240.25","1,248.65","7,958,817"
"22-Jul-2024","1,240.00","1,245.30","1,232.90","1,241.15","9,958,965"
"23-Jul-2024","1,241.15","1,248.65","1,212.50","1,226.75","19,369,832"
"24-Jul-2024","1,225.00","1,233.65","1,202.05","1,223.00","20,122,521"
"25-Jul-2024","1,205.50","1,218.25","1,190.60","1,197.90","14,154,461"
"26-Jul-2024","1,190.00","1,220.00","1,185.95","1,207.20","19,309,265"
"29-Jul-2024","1,215.15","1,242.75","1,204.15","1,212.70","28,458,261"
"30-Jul-2024","1,213.00","1,230.85","1,204.40","1,209.45","23,972,277"
"31-Jul-2024","1,219.00","1,224.65","1,211.00","1,214.90","22,297,629"
"01-Aug-2024","1,212.50","1,222.65","1,206.90","1,210.10","8,725,046"
"02-Aug-2024","1,197.00","1,201.65","1,190.10","1,196.55","10,735,395"
"05-Aug-2024","1,182.00","1,188.90","1,167.00","1,172.60","14,306,771"
"06-Aug-2024","1,175.00","1,187.70","1,161.50","1,166.85","13,575,619"
"07-Aug-2024","1,178.95","1,179.80","1,161.60","1,172.45","15,753,644"
"08-Aug-2024","1,166.95","1,174.40","1,158.90","1,164.60","10,806,438"
"09-Aug-2024","1,176.55","1,180.95","1,169.00","1,171.60","8,687,307"
"12-Aug-2024","1,171.00","1,178.25","1,156.00","1,172.80","10,860,455"
"13-Aug-2024","1,183.20","1,189.25","1,163.60","1,168.35","13,117,927"
"14-Aug-2024","1,167.00","1,170.05","1,153.00","1,161.65","13,431,801"
"16-Aug-2024","1,170.00","1,193.00","1,165.65","1,187.25","10,961,370"
"19-Aug-2024","1,191.00","1,195.75","1,173.30","1,175.90","6,686,394"
"20-Aug-2024","1,174.20","1,189.80","1,170.00","1,179.45","10,427,061"
"21-Aug-2024","1,177.00","1,178.65","1,165.10","1,174.85","17,234,142"
"22-Aug-2024","1,182.00","1,192.60","1,176.60","1,191.10","8,564,142"
"23-Aug-2024","1,193.00","1,205.00","1,188.55","1,203.50","7,518,309"
"26-Aug-2024","1,205.55","1,214.95","1,201.05","1,213.30","10,920,226"
"27-Aug-2024","1,213.30","1,232.50","1,208.90","1,226.35","16,295,325"
"28-Aug-2024","1,222.65","1,226.40","1,217.30","1,223.85","12,291,305"
"29-Aug-2024","1,218.95","1,235.00","1,217.00","1,221.90","10,806,748"
"30-Aug-2024","1,230.00","1,235.55","1,218.90","1,229.20","21,211,148"
"02-Sep-2024","1,239.00","1,239.20","1,222.50","1,229.95","12,516,759"
"03-Sep-2024","1,227.20","1,250.95","1,220.40","1,247.70","19,114,907"
"04-Sep-2024","1,239.85","1,243.70","1,232.80","1,236.35","13,505,843"
"05-Sep-2024","1,238.00","1,244.85","1,231.30","1,235.95","9,142,811"
"06-Sep-2024","1,225.95","1,233.90","1,205.00","1,208.15","10,170,479"
"09-Sep-2024","1,202.90","1,238.30","1,200.45","1,235.00","13,863,250"
"10-Sep-2024","1,236.95","1,241.35","1,227.00","1,237.30","15,545,130"
"11-Sep-2024","1,231.50","1,239.30","1,226.40","1,236.35","11,993,242"
"12-Sep-2024","1,238.00","1,257.00","1,226.35","1,252.15","15,376,442"
"13-Sep-2024","1,252.00","1,255.95","1,242.05","1,250.35","9,877,288"
"16-Sep-2024","1,251.00","1,265.60","1,244.70","1,262.85","8,973,335"
"17-Sep-2024","1,259.95","1,272.25","1,258.40","1,268.10","11,513,121"
"18-Sep-2024","1,262.00","1,295.35","1,262.00","1,288.35","12,466,597"
"19-Sep-2024","1,288.35","1,300.00","1,285.35","1,292.00","13,172,268"
"20-Sep-2024","1,295.00","1,362.35","1,291.55","1,338.45","73,257,767"
"23-Sep-2024","1,331.00","1,331.80","1,308.50","1,321.90","11,380,409"
"24-Sep-2024","1,321.00","1,331.40","1,315.45","1,318.60","13,886,037"
"25-Sep-2024","1,310.75","1,327.75","1,310.10","1,323.85","8,728,019"
"26-Sep-2024","1,320.00","1,333.35","1,316.90","1,329.05","11,100,869"
"27-Sep-2024","1,333.00","1,333.00","1,303.85","1,306.60","17,117,379"
"30-Sep-2024","1,292.10","1,296.80","1,270.90","1,273.00","12,622,212"
"01-Oct-2024","1,269.80","1,280.25","1,267.60","1,274.40","10,972,413"
"03-Oct-2024","1,253.60","1,265.75","1,248.15","1,256.35","17,648,551"
"04-Oct-2024","1,247.10","1,264.40","1,236.20","1,239.75","13,488,887"
"07-Oct-2024","1,241.55","1,262.95","1,225.00","1,233.90","20,667,247"
"08-Oct-2024","1,241.00","1,247.80","1,229.75","1,236.60","12,219,259"
"09-Oct-2024","1,243.05","1,265.10","1,232.65","1,244.15","14,765,997"
"10-Oct-2024","1,246.75","1,254.70","1,238.00","1,243.50","9,118,195"
"11-Oct-2024","1,237.00","1,240.80","1,222.00","1,223.00","8,472,512"
"14-Oct-2024","1,221.00","1,237.90","1,217.40","1,231.75","11,833,929"
"15-Oct-2024","1,238.95","1,258.30","1,235.40","1,255.50","11,657,338"
"16-Oct-2024","1,248.50","1,254.95","1,241.60","1,243.15","7,869,727"
"17-Oct-2024","1,249.45","1,256.95","1,224.40","1,231.25","8,459,497"
"18-Oct-2024","1,227.95","1,268.90","1,225.25","1,264.50","11,018,126"
"21-Oct-2024","1,264.50","1,272.35","1,250.55","1,259.05","7,742,775"
"22-Oct-2024","1,266.60","1,284.90","1,259.75","1,267.50","20,090,801"
"23-Oct-2024","1,261.00","1,267.95","1,243.05","1,251.60","14,055,447"
"24-Oct-2024","1,250.25","1,260.45","1,241.05","1,252.75","12,223,031"
"25-Oct-2024","1,247.25","1,268.90","1,234.20","1,255.45","13,546,055"
"28-Oct-2024","1,285.50","1,307.80","1,280.60","1,292.85","24,096,412"
"29-Oct-2024","1,301.35","1,335.35","1,299.25","1,331.85","20,656,117"
"30-Oct-2024","1,324.00","1,330.90","1,305.60","1,312.15","15,055,031"
"31-Oct-2024","1,307.25","1,318.95","1,288.55","1,292.25","23,497,314"
"01-Nov-2024","1,289.95","1,296.20","1,286.25","1,291.80","1,007,022"
"04-Nov-2024","1,290.10","1,291.80","1,270.05","1,277.20","14,309,121"
"05-Nov-2024","1,273.00","1,301.30","1,263.10","1,296.70","16,431,920"
"06-Nov-2024","1,300.25","1,315.00","1,292.70","1,302.35","12,037,405"
"07-Nov-2024","1,297.15","1,302.80","1,275.25","1,278.70","9,909,035"
"08-Nov-2024","1,270.00","1,275.00","1,252.70","1,258.85","11,195,808"
"11-Nov-2024","1,262.00","1,275.90","1,246.65","1,269.30","8,387,780"
"12-Nov-2024","1,276.15","1,295.00","1,264.50","1,270.60","13,486,168"
"13-Nov-2024","1,270.60","1,276.25","1,250.00","1,253.70","12,260,404"
"14-Nov-2024","1,253.75","1,267.70","1,243.05","1,256.95","9,506,892"
"18-Nov-2024","1,260.00","1,262.60","1,249.40","1,253.45","6,195,554"
"19-Nov-2024","1,257.05","1,261.00","1,240.85","1,249.10","11,537,317"
"21-Nov-2024","1,248.55","1,256.90","1,232.55","1,250.55","9,593,870"
"22-Nov-2024","1,258.00","1,281.40","1,256.00","1,278.05","11,604,338"
"25-Nov-2024","1,296.00","1,311.20","1,290.00","1,300.95","22,717,581"
"26-Nov-2024","1,310.60","1,314.25","1,302.45","1,304.95","7,646,955"
"27-Nov-2024","1,298.50","1,310.85","1,297.85","1,300.70","21,938,082"
"28-Nov-2024","1,301.05","1,310.50","1,282.30","1,286.35","22,803,745"
"29-Nov-2024","1,283.10","1,303.25","1,283.10","1,300.10","11,397,228"
"02-Dec-2024","1,299.90","1,310.55","1,289.15","1,304.65","9,626,400"
"03-Dec-2024","1,303.95","1,312.80","1,296.10","1,308.40","11,509,276"
"04-Dec-2024","1,302.60","1,320.00","1,301.70","1,316.05","11,570,281"
"05-Dec-2024","1,316.25","1,342.90","1,308.60","1,336.50","19,210,697"
"06-Dec-2024","1,342.50","1,347.10","1,326.70","1,328.75","8,942,672"
"09-Dec-2024","1,322.10","1,329.05","1,320.25","1,322.30","8,000,764"
"10-Dec-2024","1,319.00","1,332.00","1,315.25","1,330.45","8,218,214"
"11-Dec-2024","1,324.70","1,331.25","1,316.00","1,327.50","8,138,066"
"12-Dec-2024","1,321.55","1,338.75","1,321.55","1,329.25","9,076,896"
"13-Dec-2024","1,325.35","1,347.15","1,313.50","1,344.90","13,536,684"
"16-Dec-2024","1,344.90","1,350.45","1,340.05","1,346.10","9,071,006"
"17-Dec-2024","1,342.00","1,348.10","1,326.05","1,333.75","9,879,257"
"18-Dec-2024","1,325.25","1,334.95","1,307.45","1,314.15","8,510,595"
"19-Dec-2024","1,286.00","1,303.00","1,284.45","1,286.90","11,517,304"
"20-Dec-2024","1,283.95","1,297.75","1,272.40","1,288.40","58,491,181"
"23-Dec-2024","1,294.65","1,307.00","1,287.05","1,296.80","6,827,512"
"24-Dec-2024","1,296.80","1,304.50","1,290.25","1,297.25","7,138,516"
"26-Dec-2024","1,307.00","1,312.75","1,289.20","1,297.35","7,338,444"
"27-Dec-2024","1,298.55","1,315.95","1,298.55","1,307.55","4,756,066"
"30-Dec-2024","1,304.95","1,326.50","1,289.45","1,294.65","14,207,425"
"31-Dec-2024","1,286.90","1,289.95","1,280.10","1,281.65","8,449,607"
"01-Jan-2025","1,281.65","1,293.00","1,267.10","1,283.65","4,705,399"
"02-Jan-2025","1,285.10","1,293.40","1,278.40","1,290.60","7,433,222"
"03-Jan-2025","1,286.20","1,288.00","1,262.25","1,265.05","11,194,997"
"06-Jan-2025","1,268.05","1,277.75","1,257.00","1,264.10","7,504,047"
"07-Jan-2025","1,266.50","1,288.95","1,266.50","1,279.25","7,539,758"
"08-Jan-2025","1,280.55","1,285.00","1,252.35","1,263.75","7,566,309"
"09-Jan-2025","1,258.00","1,264.75","1,248.10","1,262.40","8,684,920"
"10-Jan-2025","1,259.00","1,264.95","1,243.10","1,249.85","7,854,524"
"13-Jan-2025","1,234.90","1,243.95","1,224.90","1,229.75","9,669,336"
"14-Jan-2025","1,233.35","1,244.85","1,227.45","1,240.30","10,342,698"
"15-Jan-2025","1,234.00","1,244.40","1,230.00","1,238.25","5,355,382"
"16-Jan-2025","1,245.10","1,255.50","1,239.65","1,249.10","11,895,924"
"17-Jan-2025","1,243.35","1,249.00","1,218.00","1,225.45","9,790,533"
"20-Jan-2025","1,223.90","1,241.75","1,215.25","1,232.95","7,676,418"
"21-Jan-2025","1,236.95","1,238.95","1,192.70","1,196.15","20,520,898"
"22-Jan-2025","1,201.00","1,207.50","1,191.80","1,200.45","10,377,123"
"23-Jan-2025","1,197.25","1,207.90","1,186.00","1,201.75","8,770,650"
"24-Jan-2025","1,203.10","1,218.00","1,202.00","1,209.20","9,216,792"
"27-Jan-2025","1,195.00","1,234.65","1,193.10","1,227.95","16,164,687"
"28-Jan-2025","1,247.35","1,264.00","1,236.00","1,246.90","18,066,499"
"29-Jan-2025","1,252.00","1,255.80","1,243.05","1,251.65","7,666,777"
"30-Jan-2025","1,250.00","1,259.85","1,239.50","1,255.60","11,921,041"
"31-Jan-2025","1,254.50","1,256.00","1,239.10","1,252.80","10,195,417"
"01-Feb-2025","1,251.15","1,261.35","1,233.80","1,255.55","3,011,914"
"03-Feb-2025","1,246.85","1,260.00","1,237.80","1,253.00","6,176,831"
"04-Feb-2025","1,262.80","1,280.50","1,260.00","1,268.20","14,839,077"
"05-Feb-2025","1,270.20","1,277.75","1,265.15","1,267.70","6,840,709"
"06-Feb-2025","1,275.00","1,279.00","1,263.20","1,272.40","8,396,554"
"07-Feb-2025","1,272.00","1,275.00","1,249.55","1,256.90","7,382,039"
"10-Feb-2025","1,257.20","1,265.00","1,249.35","1,262.60","5,740,361"
"11-Feb-2025","1,255.85","1,261.85","1,248.40","1,252.75","6,586,627"
"12-Feb-2025","1,257.20","1,269.75","1,244.65","1,251.80","8,809,352"
"13-Feb-2025","1,252.55","1,266.00","1,245.90","1,248.90","7,263,785"
"14-Feb-2025","1,252.10","1,263.50","1,244.45","1,260.10","10,368,438"
"17-Feb-2025","1,251.15","1,258.15","1,233.25","1,251.15","8,386,151"
"18-Feb-2025","1,252.90","1,257.60","1,237.05","1,243.05","8,135,042"
"19-Feb-2025","1,234.85","1,264.45","1,230.25","1,261.65","10,683,412"
"20-Feb-2025","1,255.35","1,264.00","1,246.75","1,249.95","8,398,849"
"21-Feb-2025","1,241.10","1,244.70","1,224.55","1,232.95","7,786,428"
"24-Feb-2025","1,226.70","1,231.90","1,210.25","1,218.35","11,522,480"
"25-Feb-2025","1,226.60","1,231.65","1,221.00","1,224.15","11,059,417"
"27-Feb-2025","1,225.15","1,234.85","1,218.45","1,222.45","12,008,162"
"28-Feb-2025","1,216.00","1,225.00","1,200.10","1,204.10","20,215,075"
"03-Mar-2025","1,210.50","1,217.00","1,204.15","1,206.20","8,158,881"
"04-Mar-2025","1,207.15","1,216.65","1,206.25","1,210.40","9,574,490"
"05-Mar-2025","1,217.00","1,225.95","1,211.30","1,215.70","9,052,846"
"06-Mar-2025","1,227.95","1,227.95","1,209.00","1,218.05","11,949,475"
"07-Mar-2025","1,211.10","1,217.85","1,206.30","1,214.55","6,620,284"
"10-Mar-2025","1,208.00","1,225.80","1,208.00","1,214.85","7,363,437"
"11-Mar-2025","1,217.20","1,248.00","1,217.20","1,245.40","10,927,950"
"12-Mar-2025","1,246.95","1,251.95","1,235.30","1,243.95","11,548,372"
"13-Mar-2025","1,251.05","1,255.60","1,245.30","1,250.05","8,132,940"
"17-Mar-2025","1,257.05","1,273.95","1,254.75","1,269.00","11,164,882"
"18-Mar-2025","1,285.50","1,313.85","1,280.65","1,309.85","15,645,427"
"19-Mar-2025","1,305.60","1,318.30","1,302.15","1,313.10","11,278,014"
"20-Mar-2025","1,320.00","1,324.25","1,311.05","1,321.70","10,886,735"
"21-Mar-2025","1,316.00","1,349.00","1,311.60","1,343.10","60,494,318"
"24-Mar-2025","1,355.95","1,373.00","1,345.05","1,358.15","9,352,280"
"25-Mar-2025","1,359.00","1,363.80","1,330.05","1,343.70","16,419,207"
"26-Mar-2025","1,344.05","1,358.00","1,331.50","1,335.90","10,859,639"
"27-Mar-2025","1,333.15","1,351.50","1,333.15","1,336.65","15,109,614"
"28-Mar-2025","1,336.00","1,357.95","1,327.20","1,348.35","8,266,544"
"01-Apr-2025","1,340.00","1,352.35","1,315.40","1,318.45","14,288,024"
"02-Apr-2025","1,322.15","1,337.95","1,322.15","1,331.25","8,042,214"
"03-Apr-2025","1,321.95","1,333.00","1,321.25","1,329.55","4,591,008"
"04-Apr-2025","1,329.55","1,338.55","1,322.10","1,335.30","8,648,542"
"07-Apr-2025","1,295.25","1,325.00","1,265.00","1,287.55","19,185,012"
"08-Apr-2025","1,299.85","1,310.05","1,287.35","1,299.90","13,085,762"
"09-Apr-2025","1,304.95","1,305.10","1,284.50","1,300.80","13,005,622"
"11-Apr-2025","1,305.10","1,325.00","1,305.10","1,311.65","13,064,247"
"15-Apr-2025","1,351.00","1,354.30","1,336.20","1,350.20","15,202,603"
"16-Apr-2025","1,357.00","1,359.70","1,342.90","1,356.40","14,039,073"
"17-Apr-2025","1,362.00","1,408.90","1,360.10","1,406.70","17,490,424"
"21-Apr-2025","1,436.00","1,436.00","1,404.70","1,409.80","16,882,426"
"22-Apr-2025","1,412.80","1,418.80","1,398.90","1,416.50","16,135,274"
"23-Apr-2025","1,429.00","1,429.90","1,411.30","1,424.40","13,990,764"
"24-Apr-2025","1,416.30","1,421.20","1,398.80","1,402.70","15,678,099"
"25-Apr-2025","1,410.00","1,414.80","1,388.40","1,404.80","11,705,093"
"28-Apr-2025","1,405.60","1,435.00","1,403.80","1,428.80","10,948,561"
"29-Apr-2025","1,428.80","1,438.30","1,422.60","1,429.80","10,786,910"
"30-Apr-2025","1,433.00","1,433.70","1,400.00","1,427.00","14,192,027"
"02-May-2025","1,426.90","1,446.60","1,424.60","1,432.40","10,763,492"
"05-May-2025","1,440.00","1,446.80","1,426.00","1,429.40","4,565,705"
"06-May-2025","1,429.00","1,433.70","1,420.40","1,431.60","6,301,690"
"07-May-2025","1,425.00","1,442.00","1,421.00","1,435.40","10,480,453"
"08-May-2025","1,438.60","1,448.90","1,426.10","1,435.50","15,306,490"
"09-May-2025","1,415.20","1,419.90","1,387.00","1,388.90","13,491,197"
"12-May-2025","1,409.40","1,453.00","1,404.00","1,448.50","9,925,445"
"13-May-2025","1,440.10","1,447.90","1,427.40","1,430.60","12,475,424"
"14-May-2025","1,429.90","1,440.70","1,417.30","1,426.20","8,026,837"
"15-May-2025","1,425.90","1,456.50","1,415.50","1,450.80","18,209,264"
"16-May-2025","1,453.30","1,458.70","1,447.00","1,454.00","6,439,208"
"19-May-2025","1,446.50","1,459.70","1,443.80","1,449.00","6,005,334"
"20-May-2025","1,450.20","1,459.00","1,435.50","1,438.20","11,352,383"
"21-May-2025","1,442.90","1,451.30","1,438.50","1,444.70","5,510,460"
"22-May-2025","1,441.10","1,445.30","1,427.80","1,442.10","7,245,933"
"23-May-2025","1,442.20","1,451.80","1,434.40","1,449.80","5,203,706"
"26-May-2025","1,458.00","1,471.60","1,455.00","1,460.60","5,608,725"
"27-May-2025","1,452.50","1,463.00","1,435.70","1,446.40","14,842,959"
"28-May-2025","1,447.60","1,458.00","1,442.50","1,453.80","8,618,343"
"29-May-2025","1,456.60","1,462.90","1,445.00","1,456.50","15,545,514"
"30-May-2025","1,459.90","1,460.90","1,444.30","1,445.80","11,803,975"
"02-Jun-2025","1,442.00","1,460.00","1,432.80","1,450.50","9,458,990"
"03-Jun-2025","1,454.90","1,455.00","1,432.00","1,437.90","11,167,345"
"04-Jun-2025","1,437.40","1,440.10","1,426.40","1,431.00","8,025,388"
"05-Jun-2025","1,430.90","1,459.00","1,427.30","1,454.80","11,385,668"
"06-Jun-2025","1,448.60","1,461.40","1,442.10","1,459.70","11,580,994"
"09-Jun-2025","1,465.00","1,466.80","1,433.40","1,434.80","11,022,031"
"10-Jun-2025","1,439.00","1,441.70","1,416.50","1,422.90","12,905,272"
"11-Jun-2025","1,421.80","1,434.50","1,418.60","1,431.00","7,136,877"
"12-Jun-2025","1,430.50","1,436.50","1,420.00","1,425.20","7,953,247"
"13-Jun-2025","1,403.60","1,421.50","1,403.60","1,416.10","7,573,103"
"16-Jun-2025","1,416.60","1,429.00","1,414.20","1,426.90","5,451,137"
"17-Jun-2025","1,426.90","1,429.80","1,417.80","1,423.20","6,970,098"
"18-Jun-2025","1,417.00","1,432.00","1,410.20","1,412.60","6,751,745"
"19-Jun-2025","1,408.00","1,414.70","1,404.70","1,411.30","8,849,883"
"20-Jun-2025","1,411.30","1,433.30","1,410.20","1,427.10","12,408,178"
"23-Jun-2025","1,417.00","1,423.20","1,411.90","1,420.10","5,514,384"
"24-Jun-2025","1,427.70","1,435.90","1,416.50","1,424.10","11,188,438"
"25-Jun-2025","1,422.00","1,428.90","1,415.30","1,425.80","7,527,388"
"26-Jun-2025","1,424.80","1,447.50","1,421.70","1,439.10","13,617,435"
"27-Jun-2025","1,438.90","1,466.00","1,437.10","1,462.20","22,532,899"
"30-Jun-2025","1,461.80","1,461.90","1,442.30","1,445.80","6,325,073"
"01-Jul-2025","1,445.70","1,447.60","1,429.60","1,432.00","7,761,449"
"02-Jul-2025","1,432.20","1,451.00","1,422.60","1,427.80","13,372,280"
"03-Jul-2025","1,432.10","1,446.10","1,423.70","1,425.90","10,177,738"
"04-Jul-2025","1,427.00","1,444.40","1,421.10","1,442.80","5,066,503"
"07-Jul-2025","1,437.00","1,440.90","1,429.60","1,435.70","5,177,477"
"08-Jul-2025","1,432.00","1,445.00","1,430.00","1,442.00","5,315,847"
"09-Jul-2025","1,436.20","1,438.70","1,426.60","1,431.90","8,827,347"
"10-Jul-2025","1,436.80","1,439.00","1,422.10","1,424.10","7,795,964"
"11-Jul-2025","1,422.00","1,428.00","1,414.60","1,421.90","7,158,015"
"14-Jul-2025","1,424.90","1,424.90","1,416.10","1,423.00","5,846,154"
"15-Jul-2025","1,421.10","1,433.80","1,419.00","1,430.80","6,041,457"
"16-Jul-2025","1,426.00","1,429.20","1,419.10","1,426.40","5,649,093"
"17-Jul-2025","1,421.00","1,423.20","1,409.50","1,418.70","12,927,394"
"18-Jul-2025","1,415.80","1,429.00","1,408.50","1,425.80","11,297,246"
"21-Jul-2025","1,448.00","1,467.70","1,437.00","1,465.80","13,867,136"
"22-Jul-2025","1,474.10","1,482.00","1,469.70","1,473.60","8,930,165"
"23-Jul-2025","1,482.90","1,490.00","1,472.60","1,488.60","11,974,174"
"24-Jul-2025","1,487.70","1,488.70","1,478.10","1,483.40","6,700,578"
"25-Jul-2025","1,500.00","1,500.00","1,473.60","1,477.10","8,696,077"
"28-Jul-2025","1,477.10","1,493.80","1,477.10","1,488.40","7,507,479"
"29-Jul-2025","1,479.90","1,489.80","1,475.40","1,486.20","9,776,027"
"30-Jul-2025","1,487.70","1,488.50","1,477.30","1,482.40","7,238,625"
"31-Jul-2025","1,469.90","1,494.50","1,464.00","1,481.40","12,406,146"
"01-Aug-2025","1,480.40","1,485.10","1,469.80","1,471.60","4,416,771"
"04-Aug-2025","1,476.80","1,478.80","1,461.30","1,463.20","6,140,054"
"05-Aug-2025","1,453.00","1,461.50","1,441.00","1,444.40","14,799,343"
"06-Aug-2025","1,442.30","1,454.00","1,441.60","1,443.60","7,805,252"
"07-Aug-2025","1,441.10","1,447.90","1,429.10","1,440.30","7,432,535"
"08-Aug-2025","1,445.90","1,447.60","1,432.00","1,435.90","5,415,511"
"11-Aug-2025","1,427.90","1,438.40","1,420.40","1,436.60","8,492,484"
"12-Aug-2025","1,431.00","1,433.80","1,420.10","1,422.00","5,913,947"
"13-Aug-2025","1,424.60","1,427.70","1,415.20","1,420.80","9,009,465"
"14-Aug-2025","1,412.00","1,431.10","1,412.00","1,427.30","7,577,793"
"18-Aug-2025","1,450.00","1,452.40","1,431.00","1,434.60","6,908,844"
"19-Aug-2025","1,431.10","1,438.50","1,426.30","1,436.30","6,709,554"
"20-Aug-2025","1,432.60","1,435.90","1,423.00","1,430.60","5,817,858"
"21-Aug-2025","1,440.10","1,447.80","1,436.40","1,446.00","6,238,645"
"22-Aug-2025","1,444.30","1,446.00","1,429.40","1,436.40","6,657,207"
"25-Aug-2025","1,435.90","1,435.90","1,424.00","1,433.20","6,738,427"
"26-Aug-2025","1,427.90","1,427.90","1,413.10","1,416.60","8,720,155"
"28-Aug-2025","1,408.00","1,411.80","1,396.30","1,399.10","12,990,789"
"29-Aug-2025","1,392.10","1,405.00","1,392.10","1,397.80","8,519,507"
"01-Sep-2025","1,398.10","1,412.40","1,398.10","1,411.00","4,927,348"
"02-Sep-2025","1,413.90","1,413.90","1,390.00","1,394.20","7,163,073"
"03-Sep-2025","1,389.00","1,400.00","1,384.20","1,397.00","9,813,382"
"04-Sep-2025","1,409.90","1,415.10","1,401.90","1,405.50","10,564,859"
"05-Sep-2025","1,411.00","1,411.50","1,387.70","1,402.80","6,621,077"
"08-Sep-2025","1,402.20","1,410.60","1,397.60","1,402.70","5,880,943"
"09-Sep-2025","1,399.00","1,407.50","1,395.20","1,403.70","6,470,679"
"10-Sep-2025","1,410.00","1,413.70","1,402.10","1,403.90","7,452,347"
"11-Sep-2025","1,398.00","1,408.00","1,396.00","1,401.60","10,192,026"
"12-Sep-2025","1,405.10","1,419.70","1,400.10","1,417.70","7,770,038"
"15-Sep-2025","1,422.00","1,426.80","1,416.30","1,419.40","5,845,637"
"16-Sep-2025","1,414.00","1,424.90","1,413.70","1,421.60","8,213,151"
"17-Sep-2025","1,420.10","1,426.10","1,416.40","1,419.20","7,484,283"
"18-Sep-2025","1,431.10","1,432.80","1,415.30","1,421.70","8,130,537"
"19-Sep-2025","1,416.10","1,418.00","1,400.20","1,402.20","13,457,344"
"22-Sep-2025","1,403.90","1,409.90","1,397.20","1,401.50","8,847,948"
"23-Sep-2025","1,391.00","1,403.30","1,391.00","1,394.30","12,827,524"
"24-Sep-2025","1,386.40","1,390.90","1,376.50","1,382.70","9,735,678"
"25-Sep-2025","1,377.00","1,391.50","1,371.80","1,375.80","21,613,389"
"26-Sep-2025","1,368.00","1,372.70","1,357.00","1,359.60","18,342,280"
"29-Sep-2025","1,359.60","1,366.50","1,346.20","1,348.10","20,563,163"
"30-Sep-2025","1,353.70","1,356.60","1,342.60","1,348.00","20,166,871"
"01-Oct-2025","1,348.00","1,379.40","1,347.10","1,372.00","20,952,632"
"03-Oct-2025","1,371.90","1,371.90","1,361.30","1,365.20","12,163,695"
"06-Oct-2025","1,371.00","1,372.60","1,359.10","1,363.40","14,314,283"
"07-Oct-2025","1,363.60","1,383.10","1,363.60","1,375.90","16,126,464"
"08-Oct-2025","1,372.30","1,381.60","1,364.30","1,370.30","8,100,832"
"09-Oct-2025","1,369.80","1,378.70","1,365.10","1,376.20","7,909,575"
"10-Oct-2025","1,370.30","1,385.00","1,370.30","1,380.30","7,673,816"
"13-Oct-2025","1,373.10","1,386.40","1,373.10","1,379.40","8,923,018"
"14-Oct-2025","1,389.00","1,389.00","1,375.10","1,384.10","10,610,855"
"15-Oct-2025","1,386.50","1,400.40","1,385.50","1,398.40","8,988,550"
"16-Oct-2025","1,401.00","1,418.90","1,399.40","1,417.30","12,185,032"
"17-Oct-2025","1,412.00","1,439.60","1,410.90","1,436.60","17,037,215"
"20-Oct-2025","1,442.00","1,445.00","1,389.20","1,390.30","23,330,227"
"21-Oct-2025","1,384.50","1,387.60","1,375.90","1,382.00","3,415,560"
"23-Oct-2025","1,385.00","1,389.80","1,360.10","1,363.70","21,124,942"
"24-Oct-2025","1,368.10","1,381.60","1,368.10","1,377.70","10,570,263"
"27-Oct-2025","1,382.10","1,386.80","1,374.00","1,377.60","11,499,836"
"28-Oct-2025","1,373.00","1,375.80","1,356.20","1,363.10","26,477,914"
"29-Oct-2025","1,364.60","1,371.70","1,358.40","1,370.40","16,129,382"
"30-Oct-2025","1,362.40","1,370.20","1,361.30","1,362.40","9,324,401"
"31-Oct-2025","1,357.00","1,362.00","1,343.30","1,345.30","15,926,798"
"03-Nov-2025","1,340.50","1,351.60","1,337.90","1,346.40","11,071,450"
"04-Nov-2025","1,342.60","1,349.80","1,333.20","1,336.90","15,211,183"
"06-Nov-2025","1,330.00","1,342.20","1,317.40","1,320.40","24,221,853"
"07-Nov-2025","1,320.40","1,344.30","1,318.60","1,343.00","7,719,245"
"10-Nov-2025","1,342.90","1,349.60","1,341.00","1,348.00","8,542,340"
"11-Nov-2025","1,349.00","1,360.40","1,346.20","1,358.30","8,305,184"
"12-Nov-2025","1,370.00","1,370.00","1,355.40","1,358.90","9,736,761"
"13-Nov-2025","1,358.90","1,390.40","1,358.50","1,385.90","18,296,626"
"14-Nov-2025","1,374.00","1,381.20","1,363.20","1,373.00","9,694,498"
"17-Nov-2025","1,375.10","1,382.50","1,373.60","1,379.00","7,660,717"
"18-Nov-2025","1,380.20","1,382.80","1,369.10","1,373.40","9,529,560"
"19-Nov-2025","1,373.50","1,384.00","1,371.60","1,383.10","10,393,918"
"20-Nov-2025","1,380.10","1,388.30","1,375.40","1,383.00","10,131,863"
"21-Nov-2025","1,373.00","1,376.00","1,364.60","1,369.50","11,483,595"
"24-Nov-2025","1,373.30","1,377.00","1,361.50","1,368.40","15,896,003"
"25-Nov-2025","1,365.00","1,376.90","1,354.30","1,357.80","12,235,000"
"26-Nov-2025","1,360.00","1,377.00","1,359.90","1,375.00","9,659,004"
"27-Nov-2025","1,379.00","1,394.00","1,375.70","1,392.20","15,158,741"
"28-Nov-2025","1,392.00","1,398.50","1,385.60","1,388.80","7,683,986"
"01-Dec-2025","1,394.00","1,400.00","1,385.40","1,390.10","8,867,593"
"02-Dec-2025","1,381.80","1,381.80","1,370.60","1,373.00","12,126,396"
"03-Dec-2025","1,367.00","1,394.20","1,367.00","1,391.50","7,955,933"
"04-Dec-2025","1,387.00","1,391.60","1,379.90","1,386.70","7,373,909"
"05-Dec-2025","1,381.00","1,395.30","1,381.00","1,392.50","4,942,638"
"08-Dec-2025","1,387.00","1,394.90","1,383.30","1,389.60","7,826,227"
"09-Dec-2025","1,379.90","1,384.30","1,373.40","1,375.20","10,492,030"
"10-Dec-2025","1,377.90","1,379.40","1,357.90","1,363.60","8,725,381"
"11-Dec-2025","1,363.70","1,366.60","1,352.80","1,360.00","6,734,750"
"12-Dec-2025","1,368.00","1,370.70","1,363.30","1,366.00","3,890,885"
"15-Dec-2025","1,356.10","1,370.00","1,356.10","1,365.20","5,342,530"
"16-Dec-2025","1,364.00","1,368.70","1,355.50","1,366.00","12,359,741"
"17-Dec-2025","1,365.00","1,365.00","1,343.10","1,352.40","9,440,391"
"18-Dec-2025","1,346.30","1,369.50","1,345.50","1,356.80","7,314,573"
"19-Dec-2025","1,354.00","1,360.40","1,350.80","1,354.10","14,318,512"
"22-Dec-2025","1,358.00","1,371.30","1,354.80","1,368.50","9,375,294"
"23-Dec-2025","1,361.10","1,365.00","1,357.00","1,363.00","9,105,467"
"24-Dec-2025","1,363.80","1,368.20","1,357.60","1,359.80","8,955,140"
"26-Dec-2025","1,356.50","1,362.00","1,348.50","1,350.40","2,812,144"
"29-Dec-2025","1,352.10","1,355.70","1,341.50","1,343.30","6,057,201"
"30-Dec-2025","1,343.30","1,347.10","1,338.10","1,342.50","18,621,277"
"31-Dec-2025","1,342.80","1,350.00","1,339.50","1,342.90","6,150,634"
"26-Feb-2026","1,405.10","1,410.00","1,392.10","1,401.60","2,202,360"
