"Date","Open","High","Low","Close","Volume"
"01-Jan-2019","1,254.00","1,256.00","1,242.25","1,250.45","1,202,580"
"02-Jan-2019","1,247.90","1,248.25","1,227.00","1,240.60","1,713,677"
"03-Jan-2019","1,240.00","1,251.00","1,227.65","1,235.25","1,825,888"
"04-Jan-2019","1,238.00","1,252.00","1,230.00","1,247.95","1,468,796"
"07-Jan-2019","1,250.95","1,254.00","1,241.00","1,246.60","1,211,456"
"08-Jan-2019","1,243.00","1,244.20","1,225.95","1,228.90","1,661,528"
"09-Jan-2019","1,237.35","1,244.00","1,228.10","1,238.25","1,647,622"
"10-Jan-2019","1,239.00","1,242.00","1,216.35","1,219.55","1,651,443"
"11-Jan-2019","1,225.00","1,229.20","1,213.20","1,223.20","2,129,299"
"14-Jan-2019","1,217.00","1,224.45","1,206.40","1,211.75","1,364,695"
"15-Jan-2019","1,217.00","1,220.00","1,210.30","1,213.40","1,153,871"
"16-Jan-2019","1,215.70","1,216.95","1,198.00","1,202.75","2,374,649"
"17-Jan-2019","1,208.00","1,225.05","1,200.00","1,219.95","3,934,500"
"18-Jan-2019","1,220.10","1,243.00","1,216.50","1,240.20","2,598,572"
"21-Jan-2019","1,240.70","1,275.50","1,222.65","1,267.60","9,785,366"
"22-Jan-2019","1,279.00","1,307.95","1,273.10","1,291.75","9,072,680"
"23-Jan-2019","1,298.90","1,298.90","1,271.05","1,276.50","3,258,582"
"24-Jan-2019","1,274.00","1,276.50","1,263.00","1,267.75","1,459,776"
"25-Jan-2019","1,268.80","1,287.70","1,258.55","1,266.15","1,441,296"
"28-Jan-2019","1,269.00","1,285.00","1,255.00","1,260.45","2,054,592"
"29-Jan-2019","1,260.00","1,273.00","1,248.00","1,251.40","2,591,590"
"30-Jan-2019","1,255.00","1,255.50","1,217.80","1,222.20","2,754,232"
"31-Jan-2019","1,222.00","1,260.00","1,211.40","1,255.75","2,968,660"
"01-Feb-2019","1,257.05","1,270.80","1,240.20","1,255.70","2,189,154"
"04-Feb-2019","1,245.00","1,274.70","1,245.00","1,272.20","1,379,319"
"05-Feb-2019","1,276.00","1,287.00","1,267.50","1,279.15","1,917,782"
"06-Feb-2019","1,280.00","1,288.80","1,276.35","1,279.50","1,158,741"
"07-Feb-2019","1,280.00","1,295.00","1,275.30","1,284.55","1,198,410"
"08-Feb-2019","1,284.00","1,311.00","1,277.30","1,299.40","2,481,433"
"11-Feb-2019","1,296.00","1,315.00","1,294.00","1,301.55","3,144,675"
"12-Feb-2019","1,300.00","1,310.00","1,295.30","1,298.65","1,482,010"
"13-Feb-2019","1,305.00","1,306.75","1,292.80","1,298.30","902,822"
"14-Feb-2019","1,302.00","1,302.25","1,271.55","1,286.80","2,491,111"
"15-Feb-2019","1,287.80","1,290.00","1,270.00","1,283.65","2,006,955"
"18-Feb-2019","1,281.00","1,288.00","1,273.25","1,277.05","1,265,173"
"19-Feb-2019","1,277.00","1,285.25","1,271.85","1,280.45","1,268,328"
"20-Feb-2019","1,281.30","1,292.00","1,279.20","1,289.75","1,350,202"
"21-Feb-2019","1,291.90","1,297.60","1,283.50","1,289.15","1,819,094"
"22-Feb-2019","1,251.00","1,258.00","1,225.00","1,237.90","83,859,904"
"25-Feb-2019","1,243.40","1,246.85","1,230.00","1,240.95","3,735,590"
"26-Feb-2019","1,224.00","1,249.70","1,220.10","1,236.15","5,026,571"
"27-Feb-2019","1,238.00","1,241.60","1,211.10","1,216.15","5,388,722"
"28-Feb-2019","1,213.20","1,225.05","1,210.00","1,213.10","8,722,836"
"01-Mar-2019","1,221.70","1,230.50","1,217.35","1,225.95","2,162,834"
"05-Mar-2019","1,223.90","1,246.30","1,217.80","1,240.45","3,128,451"
"06-Mar-2019","1,242.10","1,247.00","1,236.60","1,241.30","2,306,834"
"07-Mar-2019","1,244.00","1,246.00","1,235.20","1,237.20","1,434,561"
"08-Mar-2019","1,237.00","1,243.50","1,231.70","1,238.90","1,051,433"
"11-Mar-2019","1,238.00","1,254.90","1,234.00","1,249.55","2,065,386"
"12-Mar-2019","1,260.45","1,272.00","1,253.10","1,263.35","3,541,360"
"13-Mar-2019","1,263.50","1,269.10","1,247.05","1,261.25","2,425,470"
"14-Mar-2019","1,263.00","1,277.45","1,257.00","1,268.95","2,497,386"
"15-Mar-2019","1,271.90","1,339.35","1,270.00","1,325.15","10,393,505"
"18-Mar-2019","1,340.00","1,360.00","1,330.80","1,343.65","5,384,740"
"19-Mar-2019","1,350.00","1,355.00","1,338.55","1,347.75","3,117,212"
"20-Mar-2019","1,349.10","1,357.90","1,331.00","1,351.60","3,969,408"
"22-Mar-2019","1,354.70","1,364.65","1,331.00","1,336.25","2,620,049"
"25-Mar-2019","1,325.95","1,330.85","1,303.20","1,308.65","2,869,564"
"26-Mar-2019","1,312.25","1,347.95","1,310.05","1,342.95","2,051,170"
"27-Mar-2019","1,349.95","1,363.90","1,325.05","1,332.85","3,039,458"
"28-Mar-2019","1,338.00","1,352.00","1,328.90","1,340.75","4,616,695"
"29-Mar-2019","1,350.00","1,352.00","1,329.10","1,334.50","2,257,766"
"01-Apr-2019","1,336.00","1,362.00","1,326.05","1,339.40","3,167,512"
"02-Apr-2019","1,344.00","1,344.85","1,328.00","1,339.45","1,775,599"
"03-Apr-2019","1,342.00","1,357.45","1,331.00","1,334.20","2,766,566"
"04-Apr-2019","1,337.40","1,344.75","1,317.05","1,322.90","2,592,949"
"05-Apr-2019","1,330.00","1,340.05","1,326.15","1,335.95","1,743,729"
"08-Apr-2019","1,341.00","1,347.50","1,333.20","1,343.25","1,587,867"
"09-Apr-2019","1,339.95","1,347.15","1,322.10","1,341.45","2,246,843"
"10-Apr-2019","1,338.05","1,367.95","1,338.05","1,349.90","3,031,207"
"11-Apr-2019","1,349.70","1,349.95","1,333.55","1,343.20","1,348,573"
"12-Apr-2019","1,343.20","1,348.00","1,336.55","1,343.45","1,704,832"
"15-Apr-2019","1,348.00","1,378.00","1,343.45","1,373.85","2,879,023"
"16-Apr-2019","1,382.40","1,390.45","1,370.10","1,386.40","2,332,796"
"18-Apr-2019","1,386.40","1,392.00","1,362.85","1,369.65","2,408,936"
"22-Apr-2019","1,360.00","1,365.80","1,346.10","1,356.70","2,419,108"
"23-Apr-2019","1,357.95","1,368.55","1,351.00","1,355.35","1,619,687"
"24-Apr-2019","1,355.00","1,370.00","1,339.65","1,366.75","1,934,411"
"25-Apr-2019","1,368.90","1,377.00","1,355.00","1,360.40","1,807,598"
"26-Apr-2019","1,362.00","1,384.40","1,342.80","1,379.25","2,560,864"
"30-Apr-2019","1,382.20","1,397.00","1,351.05","1,386.55","6,210,573"
"02-May-2019","1,394.00","1,421.75","1,382.50","1,406.35","4,780,805"
"03-May-2019","1,406.40","1,435.75","1,400.20","1,417.80","4,269,675"
"06-May-2019","1,400.00","1,417.00","1,399.70","1,410.40","2,109,507"
"07-May-2019","1,410.00","1,425.00","1,399.25","1,408.15","2,786,736"
"08-May-2019","1,404.00","1,414.90","1,388.70","1,402.20","2,539,315"
"09-May-2019","1,394.20","1,407.90","1,366.30","1,385.50","4,704,782"
"10-May-2019","1,370.00","1,406.50","1,368.10","1,398.15","4,149,709"
"13-May-2019","1,396.00","1,399.75","1,380.05","1,389.35","1,654,964"
"14-May-2019","1,388.50","1,397.00","1,368.60","1,382.95","2,930,296"
"15-May-2019","1,384.00","1,403.55","1,378.70","1,395.80","2,122,200"
"16-May-2019","1,396.90","1,423.45","1,378.65","1,413.15","1,423,360"
"17-May-2019","1,416.00","1,469.80","1,415.40","1,460.00","3,799,219"
"20-May-2019","1,491.00","1,505.30","1,461.10","1,502.55","4,668,729"
"21-May-2019","1,503.00","1,514.80","1,483.80","1,487.90","3,224,278"
"22-May-2019","1,493.00","1,517.70","1,488.70","1,495.25","2,498,663"
"23-May-2019","1,519.00","1,555.90","1,489.20","1,499.75","5,796,574"
"24-May-2019","1,510.00","1,524.00","1,490.00","1,511.70","2,873,390"
"27-May-2019","1,506.65","1,533.00","1,500.00","1,529.40","2,228,063"
"28-May-2019","1,533.00","1,533.00","1,500.00","1,511.00","1,993,302"
"29-May-2019","1,509.30","1,530.00","1,502.00","1,513.90","1,450,826"
"30-May-2019","1,513.90","1,541.75","1,511.90","1,535.35","2,939,419"
"31-May-2019","1,536.00","1,544.00","1,467.40","1,522.15","2,760,214"
"03-Jun-2019","1,513.20","1,534.80","1,506.00","1,531.25","1,235,302"
"04-Jun-2019","1,530.00","1,540.00","1,522.20","1,531.35","1,174,433"
"06-Jun-2019","1,532.55","1,540.90","1,501.00","1,514.25","2,044,919"
"07-Jun-2019","1,523.80","1,523.80","1,487.75","1,511.80","1,533,892"
"10-Jun-2019","1,503.30","1,510.90","1,486.60","1,502.60","1,715,150"
"11-Jun-2019","1,509.30","1,514.25","1,492.55","1,507.70","944,811"
"12-Jun-2019","1,500.00","1,502.50","1,476.15","1,483.50","1,768,429"
"13-Jun-2019","1,482.00","1,509.00","1,476.95","1,504.00","2,303,315"
"14-Jun-2019","1,504.05","1,504.05","1,465.60","1,473.85","1,953,510"
"17-Jun-2019","1,478.00","1,478.40","1,451.10","1,460.35","2,366,222"
"18-Jun-2019","1,465.00","1,474.50","1,455.15","1,461.85","2,424,818"
"19-Jun-2019","1,473.00","1,504.80","1,471.90","1,497.80","3,891,330"
"20-Jun-2019","1,500.50","1,520.00","1,497.00","1,518.35","2,567,566"
"21-Jun-2019","1,516.00","1,516.00","1,483.20","1,489.80","1,214,842"
"24-Jun-2019","1,489.00","1,497.30","1,464.35","1,470.60","2,026,531"
"25-Jun-2019","1,471.85","1,491.25","1,467.00","1,483.90","2,052,490"
"26-Jun-2019","1,485.00","1,496.00","1,475.35","1,490.60","2,210,462"
"27-Jun-2019","1,500.00","1,506.70","1,477.50","1,481.60","3,860,539"
"28-Jun-2019","1,485.00","1,486.10","1,471.60","1,477.10","1,814,086"
"01-Jul-2019","1,486.90","1,490.90","1,469.40","1,481.20","1,904,359"
"02-Jul-2019","1,483.90","1,486.95","1,467.05","1,471.50","1,803,732"
"03-Jul-2019","1,473.95","1,482.00","1,462.35","1,475.00","2,647,048"
"04-Jul-2019","1,475.00","1,504.85","1,475.00","1,497.80","3,025,925"
"05-Jul-2019","1,504.85","1,520.00","1,500.05","1,517.20","2,967,320"
"08-Jul-2019","1,513.40","1,513.40","1,470.05","1,475.30","1,792,258"
"09-Jul-2019","1,471.00","1,473.00","1,440.00","1,462.85","2,297,420"
"10-Jul-2019","1,463.00","1,481.85","1,460.85","1,475.85","2,180,732"
"11-Jul-2019","1,479.00","1,493.80","1,472.05","1,484.95","1,598,491"
"12-Jul-2019","1,486.95","1,494.50","1,475.90","1,483.65","2,072,545"
"15-Jul-2019","1,489.00","1,510.95","1,478.60","1,508.10","1,752,154"
"16-Jul-2019","1,508.00","1,511.50","1,490.00","1,501.45","1,351,435"
"17-Jul-2019","1,501.90","1,546.85","1,497.05","1,534.60","6,202,534"
"18-Jul-2019","1,531.35","1,543.25","1,526.20","1,538.25","2,266,820"
"19-Jul-2019","1,540.00","1,540.75","1,490.00","1,498.90","2,094,229"
"22-Jul-2019","1,493.00","1,496.95","1,442.15","1,454.30","3,423,157"
"23-Jul-2019","1,460.00","1,512.00","1,455.25","1,494.00","7,659,628"
"24-Jul-2019","1,493.00","1,510.00","1,476.55","1,497.20","2,938,236"
"25-Jul-2019","1,492.00","1,504.00","1,479.95","1,485.05","2,838,923"
"26-Jul-2019","1,490.00","1,517.95","1,477.05","1,511.85","1,681,353"
"29-Jul-2019","1,513.75","1,524.45","1,497.20","1,502.50","2,099,735"
"30-Jul-2019","1,505.00","1,509.60","1,484.05","1,498.70","1,743,748"
"31-Jul-2019","1,490.10","1,534.70","1,480.75","1,519.55","2,947,808"
"01-Aug-2019","1,505.95","1,519.00","1,486.00","1,495.80","2,257,753"
"02-Aug-2019","1,488.00","1,514.95","1,470.05","1,507.60","3,870,809"
"05-Aug-2019","1,495.00","1,495.00","1,455.05","1,460.10","3,864,546"
"06-Aug-2019","1,454.30","1,493.85","1,451.65","1,485.30","2,830,608"
"07-Aug-2019","1,493.90","1,499.60","1,465.55","1,476.30","2,362,381"
"08-Aug-2019","1,485.00","1,509.80","1,466.95","1,502.75","1,932,121"
"09-Aug-2019","1,506.00","1,535.50","1,504.25","1,532.10","2,445,659"
"13-Aug-2019","1,525.10","1,534.00","1,505.25","1,511.40","2,765,975"
"14-Aug-2019","1,515.00","1,515.40","1,479.45","1,491.80","2,354,908"
"16-Aug-2019","1,489.00","1,506.50","1,477.50","1,498.95","2,169,754"
"19-Aug-2019","1,505.00","1,519.50","1,490.55","1,496.35","1,547,598"
"20-Aug-2019","1,490.55","1,511.25","1,482.65","1,505.10","1,724,609"
"21-Aug-2019","1,504.00","1,517.80","1,496.00","1,505.75","1,484,415"
"22-Aug-2019","1,503.95","1,510.00","1,472.40","1,478.25","1,874,751"
"23-Aug-2019","1,479.90","1,487.00","1,446.10","1,470.20","3,615,793"
"26-Aug-2019","1,500.00","1,519.50","1,453.10","1,512.80","2,187,678"
"27-Aug-2019","1,514.00","1,522.75","1,494.45","1,501.55","2,740,804"
"28-Aug-2019","1,499.20","1,501.00","1,473.35","1,483.65","2,291,006"
"29-Aug-2019","1,479.50","1,479.50","1,446.75","1,450.85","3,931,367"
"30-Aug-2019","1,448.10","1,459.60","1,423.10","1,431.45","4,717,533"
"03-Sep-2019","1,429.00","1,429.00","1,405.05","1,414.30","2,752,565"
"04-Sep-2019","1,414.10","1,438.00","1,398.65","1,426.45","2,419,629"
"05-Sep-2019","1,431.90","1,441.85","1,405.45","1,410.15","2,381,023"
"06-Sep-2019","1,412.50","1,444.60","1,412.50","1,441.55","2,245,219"
"09-Sep-2019","1,439.00","1,474.55","1,424.05","1,471.30","3,212,756"
"11-Sep-2019","1,471.30","1,478.90","1,459.00","1,475.20","2,604,896"
"12-Sep-2019","1,480.00","1,483.65","1,452.00","1,457.55","2,424,954"
"13-Sep-2019","1,457.00","1,486.00","1,447.20","1,484.25","1,768,490"
"16-Sep-2019","1,474.00","1,491.85","1,465.00","1,474.95","1,857,768"
"17-Sep-2019","1,471.25","1,480.95","1,444.00","1,448.30","1,354,586"
"18-Sep-2019","1,450.00","1,478.95","1,449.90","1,464.75","1,854,425"
"19-Sep-2019","1,464.80","1,464.80","1,445.00","1,452.60","1,449,873"
"20-Sep-2019","1,455.00","1,598.90","1,450.50","1,538.85","7,159,489"
"23-Sep-2019","1,575.00","1,652.00","1,528.80","1,640.60","6,854,029"
"24-Sep-2019","1,633.30","1,641.70","1,590.00","1,618.10","3,770,541"
"25-Sep-2019","1,617.00","1,617.00","1,580.50","1,601.60","3,567,544"
"26-Sep-2019","1,607.00","1,683.95","1,605.25","1,626.85","4,308,028"
"27-Sep-2019","1,615.85","1,649.40","1,605.95","1,643.50","2,582,561"
"30-Sep-2019","1,635.10","1,662.00","1,614.30","1,644.45","3,357,859"
"01-Oct-2019","1,638.80","1,657.00","1,623.70","1,648.20","2,925,536"
"03-Oct-2019","1,644.25","1,644.25","1,607.00","1,615.75","2,654,566"
"04-Oct-2019","1,630.00","1,633.70","1,557.30","1,563.15","5,487,681"
"07-Oct-2019","1,563.00","1,593.60","1,549.30","1,555.65","3,045,534"
"09-Oct-2019","1,559.30","1,627.75","1,547.75","1,612.35","2,598,430"
"10-Oct-2019","1,599.90","1,607.35","1,567.00","1,584.80","1,569,421"
"11-Oct-2019","1,595.20","1,625.00","1,575.20","1,587.75","2,425,841"
"14-Oct-2019","1,598.00","1,609.00","1,576.25","1,585.50","2,010,190"
"15-Oct-2019","1,595.40","1,629.50","1,577.50","1,615.60","2,706,471"
"16-Oct-2019","1,615.00","1,623.30","1,592.60","1,605.55","2,686,333"
"17-Oct-2019","1,610.00","1,613.60","1,586.50","1,604.55","2,076,349"
"18-Oct-2019","1,603.80","1,619.60","1,591.00","1,615.25","2,357,607"
"22-Oct-2019","1,626.85","1,643.00","1,592.00","1,628.85","4,895,082"
"23-Oct-2019","1,630.00","1,638.70","1,603.30","1,613.65","3,085,230"
"24-Oct-2019","1,619.90","1,629.90","1,597.55","1,613.20","1,600,001"
"25-Oct-2019","1,613.85","1,613.85","1,569.15","1,588.60","2,867,020"
"27-Oct-2019","1,594.00","1,601.00","1,590.15","1,593.00","197,634"
"29-Oct-2019","1,597.40","1,597.40","1,568.00","1,575.55","3,002,530"
"30-Oct-2019","1,579.90","1,588.55","1,573.80","1,578.90","1,677,269"
"31-Oct-2019","1,583.95","1,605.00","1,566.00","1,574.50","2,481,421"
"01-Nov-2019","1,572.00","1,585.95","1,563.00","1,579.90","2,219,737"
"04-Nov-2019","1,584.00","1,596.80","1,565.00","1,571.05","1,434,393"
"05-Nov-2019","1,568.60","1,569.75","1,550.30","1,553.90","2,263,394"
"06-Nov-2019","1,556.45","1,587.95","1,541.00","1,571.05","2,247,235"
"07-Nov-2019","1,577.00","1,587.00","1,558.95","1,584.00","2,511,912"
"08-Nov-2019","1,578.90","1,606.00","1,572.00","1,600.25","3,913,627"
"11-Nov-2019","1,594.90","1,619.40","1,592.00","1,616.90","2,923,574"
"13-Nov-2019","1,617.00","1,628.00","1,601.10","1,605.80","2,603,834"
"14-Nov-2019","1,606.00","1,610.40","1,584.05","1,597.60","2,639,298"
"15-Nov-2019","1,606.00","1,629.00","1,602.50","1,622.75","2,068,406"
"18-Nov-2019","1,626.65","1,635.00","1,616.55","1,627.20","2,014,974"
"19-Nov-2019","1,629.90","1,631.10","1,614.15","1,623.80","1,596,482"
"20-Nov-2019","1,623.00","1,623.80","1,596.20","1,599.45","1,562,436"
"21-Nov-2019","1,603.45","1,604.90","1,587.50","1,595.25","1,673,814"
"22-Nov-2019","1,591.95","1,593.90","1,565.10","1,569.10","1,862,434"
"25-Nov-2019","1,574.00","1,606.00","1,570.05","1,603.65","2,018,421"
"26-Nov-2019","1,601.00","1,610.50","1,591.30","1,604.40","1,556,808"
"27-Nov-2019","1,604.95","1,624.00","1,601.70","1,617.90","2,040,883"
"28-Nov-2019","1,617.00","1,626.10","1,607.10","1,615.00","2,237,760"
"29-Nov-2019","1,610.00","1,622.00","1,592.30","1,615.20","1,730,478"
"02-Dec-2019","1,614.50","1,636.50","1,600.20","1,633.00","2,289,704"
"03-Dec-2019","1,634.50","1,650.00","1,631.45","1,646.75","2,321,783"
"04-Dec-2019","1,643.30","1,659.90","1,633.20","1,651.25","2,704,079"
"05-Dec-2019","1,651.25","1,660.00","1,640.40","1,649.30","2,936,890"
"06-Dec-2019","1,650.00","1,680.00","1,643.30","1,674.30","3,799,507"
"09-Dec-2019","1,677.95","1,679.00","1,656.50","1,659.25","1,893,740"
"10-Dec-2019","1,665.00","1,665.95","1,651.05","1,662.40","1,413,156"
"11-Dec-2019","1,666.00","1,690.85","1,659.10","1,686.55","2,029,117"
"12-Dec-2019","1,690.20","1,720.00","1,682.00","1,715.60","2,695,588"
"13-Dec-2019","1,716.20","1,719.00","1,687.25","1,692.75","3,527,634"
"16-Dec-2019","1,694.00","1,730.00","1,694.00","1,703.95","3,662,127"
"17-Dec-2019","1,716.05","1,721.40","1,708.60","1,713.30","2,646,882"
"18-Dec-2019","1,719.00","1,725.95","1,706.30","1,724.35","4,592,668"
"19-Dec-2019","1,724.95","1,734.80","1,715.30","1,729.50","2,701,502"
"20-Dec-2019","1,723.15","1,724.40","1,687.30","1,692.70","3,058,679"
"23-Dec-2019","1,699.00","1,711.20","1,695.10","1,704.90","1,745,488"
"24-Dec-2019","1,704.95","1,716.50","1,700.00","1,711.55","1,702,704"
"26-Dec-2019","1,711.05","1,715.00","1,689.70","1,694.25","1,646,970"
"27-Dec-2019","1,705.00","1,705.00","1,681.35","1,685.60","1,529,366"
"30-Dec-2019","1,690.00","1,706.80","1,685.50","1,690.40","1,868,284"
"31-Dec-2019","1,690.40","1,691.25","1,670.35","1,684.35","1,969,679"
"01-Jan-2020","1,689.00","1,696.75","1,672.00","1,674.05","1,475,056"
"02-Jan-2020","1,680.00","1,683.50","1,664.65","1,671.55","1,852,089"
"03-Jan-2020","1,670.95","1,673.00","1,645.55","1,657.10","1,594,089"
"06-Jan-2020","1,657.10","1,657.45","1,638.60","1,652.55","1,480,087"
"07-Jan-2020","1,661.05","1,674.75","1,650.40","1,670.85","2,497,931"
"08-Jan-2020","1,654.70","1,661.45","1,638.00","1,654.85","3,125,931"
"09-Jan-2020","1,673.50","1,673.75","1,658.70","1,665.05","2,668,424"
"10-Jan-2020","1,674.10","1,692.00","1,671.20","1,684.70","2,536,083"
"13-Jan-2020","1,692.00","1,704.50","1,685.55","1,691.10","1,807,958"
"14-Jan-2020","1,696.00","1,696.10","1,671.00","1,676.80","2,136,892"
"15-Jan-2020","1,675.95","1,686.60","1,665.90","1,675.60","2,490,245"
"16-Jan-2020","1,678.90","1,705.60","1,678.90","1,701.55","3,321,282"
"17-Jan-2020","1,703.90","1,705.85","1,690.10","1,698.10","2,295,875"
"20-Jan-2020","1,709.00","1,709.00","1,611.00","1,617.90","8,004,034"
"21-Jan-2020","1,605.00","1,630.60","1,585.20","1,625.10","5,745,469"
"22-Jan-2020","1,633.20","1,637.90","1,576.00","1,585.50","5,479,162"
"23-Jan-2020","1,588.00","1,608.40","1,581.30","1,605.85","3,495,683"
"24-Jan-2020","1,605.45","1,649.00","1,587.00","1,642.95","4,252,937"
"27-Jan-2020","1,628.70","1,629.00","1,608.40","1,618.35","1,874,429"
"28-Jan-2020","1,620.00","1,638.00","1,610.25","1,626.05","1,981,104"
"29-Jan-2020","1,633.00","1,646.20","1,623.05","1,640.45","2,227,493"
"30-Jan-2020","1,637.80","1,640.30","1,617.50","1,628.25","1,590,156"
"31-Jan-2020","1,709.65","1,729.00","1,683.15","1,691.75","9,495,046"
"01-Feb-2020","1,684.00","1,689.45","1,630.05","1,647.95","2,263,314"
"03-Feb-2020","1,645.60","1,680.80","1,634.00","1,676.25","2,510,294"
"04-Feb-2020","1,684.05","1,702.80","1,670.15","1,698.30","2,070,417"
"05-Feb-2020","1,702.00","1,707.45","1,677.10","1,689.75","2,096,512"
"06-Feb-2020","1,693.90","1,697.90","1,668.00","1,674.00","2,532,618"
"07-Feb-2020","1,675.75","1,677.95","1,644.00","1,653.05","2,290,151"
"10-Feb-2020","1,660.00","1,674.60","1,645.70","1,669.30","1,355,124"
"11-Feb-2020","1,682.45","1,685.80","1,666.55","1,677.45","1,914,766"
"12-Feb-2020","1,680.10","1,720.00","1,675.00","1,714.90","3,010,537"
"13-Feb-2020","1,714.70","1,714.70","1,682.30","1,689.80","2,246,920"
"14-Feb-2020","1,696.00","1,703.00","1,663.60","1,680.95","1,892,157"
"17-Feb-2020","1,685.00","1,699.20","1,672.25","1,691.10","1,812,765"
"18-Feb-2020","1,682.50","1,699.80","1,678.30","1,691.00","2,219,039"
"19-Feb-2020","1,740.00","1,740.00","1,695.40","1,701.10","3,168,534"
"20-Feb-2020","1,697.30","1,699.25","1,676.20","1,685.95","2,099,903"
"24-Feb-2020","1,672.00","1,683.75","1,662.30","1,678.25","1,926,133"
"25-Feb-2020","1,676.20","1,689.70","1,668.35","1,675.80","1,535,555"
"26-Feb-2020","1,670.10","1,677.70","1,657.00","1,666.50","2,585,895"
"27-Feb-2020","1,666.00","1,688.90","1,660.60","1,682.75","2,689,352"
"28-Feb-2020","1,654.90","1,660.10","1,613.75","1,620.35","3,743,312"
"02-Mar-2020","1,631.00","1,637.30","1,584.20","1,599.00","4,762,847"
"03-Mar-2020","1,603.80","1,636.35","1,587.00","1,626.30","2,918,386"
"04-Mar-2020","1,632.20","1,633.10","1,577.60","1,607.95","2,530,221"
"05-Mar-2020","1,615.00","1,676.50","1,608.00","1,651.35","5,060,962"
"06-Mar-2020","1,605.20","1,644.00","1,598.20","1,631.05","3,542,243"
"09-Mar-2020","1,595.00","1,609.95","1,542.60","1,578.15","5,535,703"
"11-Mar-2020","1,575.95","1,604.90","1,542.50","1,589.30","4,714,213"
"12-Mar-2020","1,509.90","1,546.45","1,350.95","1,465.05","7,807,923"
"13-Mar-2020","1,400.00","1,505.00","1,172.05","1,470.05","11,408,950"
"16-Mar-2020","1,417.00","1,444.75","1,375.00","1,383.70","6,580,531"
"17-Mar-2020","1,392.00","1,402.95","1,303.10","1,322.70","4,821,135"
"18-Mar-2020","1,326.00","1,329.00","1,162.10","1,171.95","11,167,547"
"19-Mar-2020","1,095.05","1,253.60","1,001.00","1,210.85","9,917,261"
"20-Mar-2020","1,217.00","1,283.60","1,146.50","1,262.35","10,380,019"
"23-Mar-2020","1,137.50","1,204.45","1,078.15","1,098.25","6,694,405"
"24-Mar-2020","1,153.15","1,185.00","1,041.10","1,152.90","7,371,834"
"25-Mar-2020","1,140.00","1,324.00","1,125.05","1,290.15","6,449,061"
"26-Mar-2020","1,300.00","1,390.00","1,252.80","1,372.95","7,254,949"
"27-Mar-2020","1,436.00","1,450.00","1,374.55","1,399.10","10,225,249"
"30-Mar-2020","1,345.20","1,380.00","1,275.80","1,293.70","5,570,369"
"31-Mar-2020","1,328.30","1,330.00","1,285.00","1,296.05","4,476,861"
"01-Apr-2020","1,294.90","1,294.90","1,158.00","1,181.65","10,838,532"
"03-Apr-2020","1,181.65","1,183.00","1,087.00","1,140.85","10,111,593"
"07-Apr-2020","1,221.00","1,229.05","1,171.00","1,198.05","8,552,666"
"08-Apr-2020","1,184.80","1,242.55","1,160.35","1,187.65","7,405,110"
"09-Apr-2020","1,215.00","1,281.20","1,190.10","1,272.90","8,097,402"
"13-Apr-2020","1,250.00","1,257.15","1,216.00","1,250.90","4,250,597"
"15-Apr-2020","1,265.85","1,270.95","1,153.30","1,173.75","9,045,751"
"16-Apr-2020","1,164.95","1,164.95","1,114.45","1,130.85","11,055,210"
"17-Apr-2020","1,187.35","1,197.95","1,135.00","1,186.25","8,585,462"
"20-Apr-2020","1,220.00","1,224.50","1,172.25","1,177.75","6,560,230"
"21-Apr-2020","1,150.00","1,155.00","1,125.00","1,130.15","4,799,848"
"22-Apr-2020","1,127.05","1,166.75","1,108.20","1,152.15","6,963,697"
"23-Apr-2020","1,172.00","1,255.00","1,158.10","1,249.65","10,558,455"
"24-Apr-2020","1,219.00","1,258.00","1,213.35","1,239.55","6,784,237"
"27-Apr-2020","1,251.90","1,324.90","1,251.90","1,303.60","7,771,419"
"28-Apr-2020","1,310.10","1,336.50","1,310.10","1,326.65","6,678,450"
"29-Apr-2020","1,327.00","1,352.00","1,315.20","1,327.85","6,703,973"
"30-Apr-2020","1,340.00","1,380.00","1,334.05","1,357.20","6,272,569"
"04-May-2020","1,295.00","1,305.90","1,263.70","1,277.80","5,096,460"
"05-May-2020","1,297.00","1,302.90","1,225.00","1,238.35","5,004,851"
"06-May-2020","1,231.00","1,277.40","1,214.25","1,245.95","4,604,274"
"07-May-2020","1,230.50","1,240.00","1,184.25","1,199.80","6,843,277"
"08-May-2020","1,222.00","1,242.95","1,211.05","1,217.45","3,511,244"
"11-May-2020","1,240.55","1,252.30","1,185.00","1,188.45","4,674,247"
"12-May-2020","1,178.00","1,178.00","1,137.00","1,157.20","10,268,551"
"13-May-2020","1,215.05","1,220.00","1,172.70","1,186.70","11,914,949"
"14-May-2020","1,178.90","1,214.00","1,167.15","1,173.10","7,100,070"
"15-May-2020","1,179.85","1,189.90","1,154.20","1,178.30","3,864,229"
"18-May-2020","1,175.00","1,176.00","1,110.00","1,113.65","6,397,446"
"19-May-2020","1,150.00","1,169.90","1,125.30","1,130.45","6,383,233"
"20-May-2020","1,130.00","1,178.00","1,115.00","1,160.10","5,254,389"
"21-May-2020","1,165.00","1,189.55","1,144.60","1,150.25","5,978,133"
"22-May-2020","1,140.00","1,167.20","1,116.50","1,160.20","5,189,775"
"26-May-2020","1,160.00","1,175.00","1,144.55","1,153.20","5,470,825"
"27-May-2020","1,163.95","1,243.00","1,161.00","1,217.55","11,746,762"
"28-May-2020","1,224.00","1,254.90","1,209.60","1,229.45","10,710,015"
"29-May-2020","1,216.50","1,229.80","1,200.05","1,224.00","5,497,352"
"01-Jun-2020","1,249.00","1,279.20","1,238.00","1,248.40","6,943,586"
"02-Jun-2020","1,323.00","1,353.25","1,298.05","1,342.90","17,320,032"
"03-Jun-2020","1,364.00","1,428.20","1,342.20","1,386.55","12,344,415"
"04-Jun-2020","1,380.05","1,380.05","1,330.35","1,334.40","6,004,149"
"05-Jun-2020","1,344.00","1,358.00","1,321.00","1,337.80","5,688,226"
"08-Jun-2020","1,355.00","1,365.00","1,315.50","1,336.75","5,302,332"
"09-Jun-2020","1,341.95","1,360.00","1,299.10","1,304.15","5,477,338"
"10-Jun-2020","1,304.50","1,344.30","1,303.60","1,332.25","4,876,381"
"11-Jun-2020","1,334.00","1,334.40","1,289.20","1,298.70","4,376,824"
"12-Jun-2020","1,240.00","1,289.70","1,231.60","1,279.80","8,992,434"
"15-Jun-2020","1,270.00","1,271.15","1,237.20","1,248.90","7,553,579"
"16-Jun-2020","1,276.00","1,295.80","1,238.10","1,276.80","5,266,312"
"17-Jun-2020","1,269.45","1,284.95","1,236.60","1,243.80","5,429,464"
"18-Jun-2020","1,240.00","1,309.90","1,228.35","1,303.35","6,672,822"
"19-Jun-2020","1,304.00","1,315.75","1,276.35","1,302.50","8,492,619"
"22-Jun-2020","1,309.80","1,385.00","1,295.95","1,355.35","7,633,967"
"23-Jun-2020","1,355.00","1,395.70","1,350.05","1,389.90","4,669,833"
"24-Jun-2020","1,392.00","1,398.00","1,336.95","1,343.90","5,332,634"
"25-Jun-2020","1,337.00","1,389.75","1,325.00","1,381.70","9,985,038"
"26-Jun-2020","1,380.00","1,382.95","1,326.95","1,340.10","6,694,715"
"29-Jun-2020","1,336.10","1,366.90","1,313.00","1,355.65","3,819,683"
"30-Jun-2020","1,364.90","1,372.90","1,345.05","1,360.45","4,783,169"
"01-Jul-2020","1,319.00","1,364.80","1,316.00","1,356.75","8,939,592"
"02-Jul-2020","1,358.15","1,371.90","1,342.30","1,352.00","4,993,438"
"03-Jul-2020","1,359.90","1,368.70","1,350.05","1,353.80","2,768,223"
"06-Jul-2020","1,370.00","1,381.25","1,361.00","1,367.90","3,248,093"
"07-Jul-2020","1,370.00","1,374.40","1,351.50","1,368.25","3,574,298"
"08-Jul-2020","1,368.00","1,378.85","1,348.00","1,352.75","3,383,105"
"09-Jul-2020","1,355.75","1,374.60","1,347.75","1,368.15","3,446,020"
"10-Jul-2020","1,363.40","1,375.00","1,345.55","1,349.35","3,017,959"
"13-Jul-2020","1,360.00","1,364.90","1,324.10","1,335.55","3,356,703"
"14-Jul-2020","1,328.80","1,331.40","1,293.30","1,298.30","2,915,153"
"15-Jul-2020","1,306.40","1,311.95","1,280.00","1,290.00","4,372,736"
"16-Jul-2020","1,288.60","1,327.90","1,267.00","1,322.65","4,204,068"
"17-Jul-2020","1,317.00","1,337.90","1,301.10","1,327.45","4,200,204"
"20-Jul-2020","1,330.00","1,336.70","1,309.00","1,319.05","3,481,861"
"21-Jul-2020","1,325.10","1,363.00","1,325.00","1,359.00","4,404,246"
"22-Jul-2020","1,365.00","1,366.35","1,330.95","1,342.35","4,172,575"
"23-Jul-2020","1,340.00","1,379.85","1,335.30","1,374.05","4,308,774"
"24-Jul-2020","1,360.00","1,365.00","1,341.60","1,350.00","3,112,388"
"27-Jul-2020","1,365.00","1,379.50","1,310.15","1,322.60","7,560,905"
"28-Jul-2020","1,330.10","1,401.80","1,319.40","1,384.05","6,751,892"
"29-Jul-2020","1,385.00","1,397.95","1,345.90","1,389.45","4,067,806"
"30-Jul-2020","1,395.10","1,424.70","1,376.00","1,385.00","6,097,126"
"31-Jul-2020","1,375.00","1,389.95","1,350.35","1,365.75","3,223,070"
"03-Aug-2020","1,356.00","1,356.00","1,300.10","1,308.55","5,241,260"
"04-Aug-2020","1,320.00","1,331.35","1,302.00","1,323.95","4,946,596"
"05-Aug-2020","1,332.00","1,353.00","1,322.00","1,334.20","3,475,603"
"06-Aug-2020","1,345.00","1,367.40","1,330.65","1,340.10","3,677,840"
"07-Aug-2020","1,341.50","1,347.80","1,323.25","1,342.50","2,807,078"
"10-Aug-2020","1,349.00","1,380.00","1,346.20","1,360.20","2,960,057"
"11-Aug-2020","1,373.00","1,385.00","1,357.15","1,364.60","2,502,993"
"12-Aug-2020","1,350.00","1,354.85","1,333.55","1,335.10","3,840,205"
"13-Aug-2020","1,341.90","1,358.50","1,333.95","1,336.25","3,331,333"
"14-Aug-2020","1,337.55","1,346.80","1,302.30","1,307.45","3,331,587"
"17-Aug-2020","1,320.10","1,333.55","1,312.20","1,327.55","2,831,340"
"18-Aug-2020","1,318.60","1,374.95","1,318.00","1,369.35","4,261,949"
"19-Aug-2020","1,372.35","1,380.90","1,349.95","1,355.60","3,397,098"
"20-Aug-2020","1,343.00","1,350.00","1,330.15","1,338.35","2,841,401"
"21-Aug-2020","1,342.00","1,352.00","1,331.05","1,339.40","2,485,266"
"24-Aug-2020","1,347.60","1,396.50","1,342.35","1,387.25","6,029,279"
"25-Aug-2020","1,392.00","1,405.00","1,380.55","1,400.10","4,562,238"
"26-Aug-2020","1,410.00","1,441.65","1,403.20","1,436.70","5,718,774"
"27-Aug-2020","1,441.00","1,445.85","1,411.55","1,420.00","4,283,671"
"28-Aug-2020","1,410.00","1,474.00","1,401.00","1,467.10","10,645,875"
"31-Aug-2020","1,488.00","1,501.50","1,374.00","1,401.35","6,973,853"
"01-Sep-2020","1,419.85","1,442.00","1,386.10","1,430.65","4,258,229"
"02-Sep-2020","1,425.00","1,437.50","1,407.15","1,423.50","3,325,250"
"03-Sep-2020","1,433.80","1,437.00","1,390.00","1,396.70","2,395,159"
"04-Sep-2020","1,380.00","1,394.70","1,354.00","1,380.05","4,101,756"
"07-Sep-2020","1,379.00","1,379.00","1,356.40","1,368.75","2,321,552"
"08-Sep-2020","1,371.90","1,372.15","1,347.70","1,350.70","2,823,919"
"09-Sep-2020","1,343.00","1,350.25","1,313.10","1,326.15","3,443,401"
"10-Sep-2020","1,330.00","1,343.05","1,315.10","1,319.50","3,289,998"
"11-Sep-2020","1,317.00","1,336.20","1,311.00","1,330.35","3,500,326"
"14-Sep-2020","1,337.00","1,347.95","1,300.00","1,304.70","3,891,183"
"15-Sep-2020","1,308.10","1,328.85","1,289.00","1,323.95","5,029,913"
"16-Sep-2020","1,324.00","1,332.00","1,300.55","1,325.40","3,285,937"
"17-Sep-2020","1,315.00","1,326.60","1,301.20","1,305.10","3,309,015"
"18-Sep-2020","1,313.10","1,314.00","1,262.50","1,277.10","6,529,412"
"21-Sep-2020","1,276.00","1,319.45","1,273.15","1,287.85","6,859,866"
"22-Sep-2020","1,288.05","1,301.50","1,261.70","1,270.55","4,238,325"
"23-Sep-2020","1,280.05","1,287.45","1,265.15","1,275.40","2,835,350"
"24-Sep-2020","1,267.00","1,284.90","1,236.00","1,246.10","5,616,236"
"25-Sep-2020","1,255.05","1,258.40","1,230.60","1,253.05","3,640,049"
"28-Sep-2020","1,258.00","1,283.95","1,253.65","1,278.70","1,892,118"
"29-Sep-2020","1,286.80","1,292.90","1,259.10","1,263.25","2,349,689"
"30-Sep-2020","1,263.25","1,276.95","1,252.00","1,268.20","2,950,621"
"01-Oct-2020","1,280.00","1,309.80","1,278.90","1,305.05","3,162,424"
"05-Oct-2020","1,310.00","1,333.70","1,308.60","1,314.60","3,860,011"
"06-Oct-2020","1,325.00","1,342.00","1,311.05","1,338.25","2,632,531"
"07-Oct-2020","1,339.90","1,340.00","1,321.85","1,324.70","2,834,734"
"08-Oct-2020","1,326.50","1,341.25","1,311.25","1,320.10","5,171,263"
"09-Oct-2020","1,323.00","1,338.25","1,305.60","1,319.85","5,312,701"
"12-Oct-2020","1,328.00","1,358.20","1,307.50","1,312.90","5,175,329"
"13-Oct-2020","1,319.65","1,349.70","1,307.20","1,344.95","4,872,154"
"14-Oct-2020","1,335.25","1,358.00","1,324.15","1,353.35","3,358,472"
"15-Oct-2020","1,353.35","1,365.95","1,301.25","1,309.55","3,496,590"
"16-Oct-2020","1,308.50","1,343.30","1,308.50","1,336.55","2,358,054"
"19-Oct-2020","1,350.00","1,380.00","1,333.50","1,376.70","3,971,028"
"20-Oct-2020","1,371.70","1,386.00","1,355.50","1,368.80","3,228,111"
"21-Oct-2020","1,375.00","1,400.00","1,358.65","1,393.30","4,280,457"
"22-Oct-2020","1,388.00","1,405.00","1,377.55","1,393.05","3,610,102"
"23-Oct-2020","1,400.00","1,407.70","1,378.25","1,383.05","2,385,861"
"26-Oct-2020","1,399.00","1,429.00","1,347.35","1,416.90","8,022,562"
"27-Oct-2020","1,452.50","1,602.00","1,452.50","1,587.65","33,167,143"
"28-Oct-2020","1,575.00","1,575.00","1,541.00","1,551.35","7,245,009"
"29-Oct-2020","1,532.00","1,588.80","1,525.00","1,570.90","7,286,144"
"30-Oct-2020","1,574.00","1,574.65","1,518.60","1,547.40","4,201,984"
"02-Nov-2020","1,555.00","1,604.80","1,534.80","1,580.70","5,712,460"
"03-Nov-2020","1,581.00","1,601.50","1,570.20","1,593.60","5,260,618"
"04-Nov-2020","1,589.00","1,635.80","1,578.00","1,630.70","5,088,061"
"05-Nov-2020","1,643.00","1,680.00","1,632.05","1,675.45","6,074,505"
"06-Nov-2020","1,660.00","1,725.00","1,650.00","1,718.05","5,957,659"
"09-Nov-2020","1,730.00","1,751.80","1,700.30","1,728.15","5,210,211"
"10-Nov-2020","1,731.00","1,794.45","1,725.45","1,752.95","8,003,823"
"11-Nov-2020","1,774.00","1,818.45","1,760.00","1,807.85","10,534,339"
"12-Nov-2020","1,799.00","1,799.00","1,748.45","1,754.75","6,775,199"
"13-Nov-2020","1,749.90","1,774.80","1,720.35","1,763.30","6,264,556"
"14-Nov-2020","1,773.95","1,775.00","1,764.90","1,770.55","310,853"
"17-Nov-2020","1,771.80","1,802.00","1,764.50","1,796.65","5,826,745"
"18-Nov-2020","1,791.50","1,849.80","1,784.15","1,830.60","6,175,248"
"19-Nov-2020","1,819.00","1,860.70","1,816.05","1,826.35","8,717,768"
"20-Nov-2020","1,820.00","1,899.00","1,812.10","1,889.40","9,116,266"
"23-Nov-2020","1,892.40","1,905.30","1,871.15","1,897.85","10,443,439"
"24-Nov-2020","1,896.00","1,948.40","1,890.85","1,924.90","8,949,886"
"25-Nov-2020","1,939.00","1,939.00","1,853.10","1,862.45","6,837,169"
"26-Nov-2020","1,875.00","1,900.05","1,850.05","1,889.10","6,864,571"
"27-Nov-2020","1,895.00","1,925.15","1,846.95","1,907.10","78,702,124"
"01-Dec-2020","1,930.00","1,930.00","1,864.55","1,875.85","7,955,798"
"02-Dec-2020","1,880.00","1,883.65","1,809.00","1,814.20","7,458,011"
"03-Dec-2020","1,836.00","1,844.00","1,811.70","1,821.00","4,462,528"
"04-Dec-2020","1,828.00","1,857.00","1,802.40","1,846.25","3,989,431"
"07-Dec-2020","1,849.45","1,856.00","1,805.00","1,820.55","6,032,173"
"08-Dec-2020","1,832.30","1,839.00","1,817.25","1,833.80","3,953,436"
"09-Dec-2020","1,836.10","1,889.00","1,836.10","1,883.55","4,370,644"
"10-Dec-2020","1,900.00","1,919.90","1,859.85","1,903.30","4,695,216"
"11-Dec-2020","1,893.50","1,928.70","1,893.50","1,920.40","5,466,598"
"14-Dec-2020","1,934.00","1,946.90","1,899.00","1,939.35","3,456,971"
"15-Dec-2020","1,948.00","1,958.00","1,919.30","1,951.15","4,141,898"
"16-Dec-2020","1,965.00","1,965.00","1,936.55","1,952.55","2,764,698"
"17-Dec-2020","1,965.00","1,969.00","1,942.55","1,965.45","3,460,370"
"18-Dec-2020","1,963.80","1,963.80","1,921.35","1,949.35","3,371,676"
"21-Dec-2020","1,935.00","1,959.00","1,907.60","1,920.85","3,941,511"
"22-Dec-2020","1,930.00","1,930.25","1,886.10","1,902.95","5,073,744"
"23-Dec-2020","1,901.00","1,924.80","1,892.50","1,920.75","2,340,819"
"24-Dec-2020","1,918.00","1,978.00","1,917.00","1,960.60","3,337,164"
"28-Dec-2020","1,963.00","1,996.10","1,962.10","1,988.90","2,743,069"
"29-Dec-2020","1,983.00","2,017.00","1,983.00","1,999.30","3,152,865"
"30-Dec-2020","2,003.20","2,027.00","1,999.00","2,017.95","2,657,431"
"31-Dec-2020","2,016.70","2,018.75","1,987.00","1,995.60","2,794,829"
"01-Jan-2021","1,996.90","2,007.95","1,990.70","1,994.05","1,106,099"
"04-Jan-2021","2,004.00","2,005.95","1,955.00","1,965.55","3,141,429"
"05-Jan-2021","1,959.50","1,964.40","1,935.00","1,959.75","3,263,230"
"06-Jan-2021","1,973.90","1,979.00","1,948.40","1,970.40","3,452,515"
"07-Jan-2021","1,984.00","1,984.00","1,947.50","1,952.40","3,419,317"
"08-Jan-2021","1,972.00","1,976.00","1,946.25","1,970.70","3,262,897"
"11-Jan-2021","1,960.00","1,966.90","1,935.40","1,938.15","2,995,521"
"12-Jan-2021","1,929.80","1,930.10","1,895.85","1,903.45","6,035,580"
"13-Jan-2021","1,911.00","1,911.00","1,877.00","1,882.10","5,583,130"
"14-Jan-2021","1,892.00","1,905.00","1,871.05","1,892.65","4,803,638"
"15-Jan-2021","1,894.20","1,904.00","1,854.05","1,863.90","2,715,164"
"18-Jan-2021","1,870.50","1,872.25","1,838.85","1,846.95","5,004,628"
"19-Jan-2021","1,856.10","1,892.00","1,845.25","1,887.00","4,805,514"
"20-Jan-2021","1,890.00","1,890.00","1,869.45","1,883.60","3,041,448"
"21-Jan-2021","1,900.00","1,904.90","1,845.75","1,857.80","5,668,862"
"22-Jan-2021","1,850.00","1,875.00","1,824.50","1,828.00","4,298,175"
"25-Jan-2021","1,845.00","1,867.40","1,775.00","1,794.40","6,610,138"
"27-Jan-2021","1,798.00","1,823.45","1,746.35","1,764.70","7,892,319"
"28-Jan-2021","1,731.00","1,764.45","1,701.00","1,722.85","6,035,924"
"29-Jan-2021","1,749.85","1,749.85","1,704.00","1,712.95","5,140,687"
"01-Feb-2021","1,730.00","1,809.80","1,696.05","1,801.50","4,829,210"
"02-Feb-2021","1,830.00","1,879.10","1,800.05","1,861.30","5,871,337"
"03-Feb-2021","1,870.00","1,883.15","1,820.00","1,852.20","4,289,395"
"04-Feb-2021","1,839.00","1,915.00","1,831.00","1,910.40","9,641,674"
"05-Feb-2021","1,915.00","1,998.50","1,913.15","1,982.70","16,268,336"
"08-Feb-2021","2,000.00","2,030.00","1,951.50","1,957.15","4,021,475"
"09-Feb-2021","1,960.00","1,975.00","1,937.85","1,949.15","2,230,923"
"10-Feb-2021","1,950.00","1,962.90","1,937.00","1,952.05","2,860,941"
"11-Feb-2021","1,949.20","1,984.75","1,941.25","1,961.00","2,246,777"
"12-Feb-2021","1,960.00","1,975.00","1,946.00","1,951.05","1,690,753"
"15-Feb-2021","1,960.00","1,999.00","1,957.00","1,985.95","2,930,435"
"16-Feb-2021","2,000.00","2,049.00","1,998.00","2,019.65","5,480,183"
"17-Feb-2021","2,015.10","2,023.50","1,969.15","1,989.45","4,395,224"
"18-Feb-2021","1,979.15","1,984.85","1,938.10","1,945.45","3,538,208"
"19-Feb-2021","1,942.25","1,969.85","1,925.10","1,938.75","2,735,683"
"22-Feb-2021","1,938.75","1,962.05","1,921.60","1,949.60","3,853,276"
"23-Feb-2021","1,965.00","1,965.00","1,866.00","1,872.95","5,572,402"
"24-Feb-2021","1,889.10","1,924.00","1,852.05","1,911.20","3,821,416"
"25-Feb-2021","1,927.00","1,965.20","1,887.55","1,895.50","5,622,516"
"26-Feb-2021","1,869.00","1,869.00","1,773.00","1,780.35","8,400,096"
"01-Mar-2021","1,811.00","1,854.90","1,801.40","1,845.40","3,260,044"
"02-Mar-2021","1,845.00","1,868.40","1,820.10","1,844.65","3,837,149"
"03-Mar-2021","1,855.00","1,908.75","1,851.20","1,899.50","2,875,618"
"04-Mar-2021","1,863.90","1,910.40","1,850.00","1,897.70","4,022,514"
"05-Mar-2021","1,875.50","1,928.30","1,868.00","1,922.50","5,407,986"
"08-Mar-2021","1,920.00","1,947.85","1,893.30","1,915.85","4,698,010"
"09-Mar-2021","1,917.80","1,991.00","1,917.80","1,978.95","7,918,345"
"10-Mar-2021","1,983.25","1,999.35","1,957.20","1,963.95","2,761,470"
"12-Mar-2021","1,979.00","1,980.00","1,912.00","1,935.15","2,620,265"
"15-Mar-2021","1,944.00","1,944.00","1,893.10","1,918.65","2,643,554"
"16-Mar-2021","1,925.10","1,941.70","1,900.00","1,903.20","2,769,224"
"17-Mar-2021","1,903.20","1,917.70","1,861.00","1,868.35","2,694,994"
"18-Mar-2021","1,881.00","1,892.90","1,825.10","1,830.40","2,197,575"
"19-Mar-2021","1,818.45","1,872.00","1,814.05","1,834.15","4,803,016"
"22-Mar-2021","1,833.00","1,849.95","1,805.00","1,822.65","2,434,097"
"23-Mar-2021","1,844.00","1,844.00","1,798.85","1,812.65","4,250,856"
"24-Mar-2021","1,800.00","1,805.00","1,773.35","1,782.45","3,046,161"
"25-Mar-2021","1,792.90","1,798.80","1,745.00","1,762.90","4,113,013"
"26-Mar-2021","1,785.00","1,792.40","1,762.75","1,771.05","3,310,757"
"30-Mar-2021","1,782.10","1,801.95","1,775.00","1,781.25","5,575,571"
"31-Mar-2021","1,778.80","1,779.00","1,742.60","1,753.00","3,798,383"
"01-Apr-2021","1,770.00","1,813.25","1,750.65","1,804.55","3,802,652"
"05-Apr-2021","1,786.10","1,799.60","1,734.40","1,759.20","2,448,241"
"06-Apr-2021","1,776.00","1,781.45","1,728.70","1,768.30","2,873,045"
"07-Apr-2021","1,766.05","1,810.70","1,745.60","1,792.00","3,158,142"
"08-Apr-2021","1,796.00","1,823.70","1,778.70","1,783.25","2,890,290"
"09-Apr-2021","1,770.00","1,806.45","1,744.10","1,799.25","3,139,384"
"12-Apr-2021","1,757.25","1,768.00","1,723.30","1,742.50","3,328,336"
"13-Apr-2021","1,745.80","1,786.05","1,723.45","1,775.85","3,118,742"
"15-Apr-2021","1,800.00","1,809.50","1,752.60","1,773.25","3,546,886"
"16-Apr-2021","1,774.00","1,788.15","1,760.05","1,764.10","2,912,279"
"19-Apr-2021","1,720.00","1,720.00","1,675.00","1,700.75","3,865,423"
"20-Apr-2021","1,725.00","1,733.60","1,684.35","1,697.70","3,317,008"
"22-Apr-2021","1,689.75","1,739.75","1,669.20","1,736.05","3,590,444"
"23-Apr-2021","1,733.90","1,756.35","1,720.25","1,734.20","1,893,450"
"26-Apr-2021","1,740.00","1,783.00","1,733.30","1,759.65","3,253,062"
"27-Apr-2021","1,750.00","1,762.60","1,724.55","1,750.30","4,533,360"
"28-Apr-2021","1,762.50","1,824.00","1,754.00","1,811.45","4,174,599"
"29-Apr-2021","1,825.10","1,845.45","1,780.55","1,805.00","3,960,095"
"30-Apr-2021","1,780.00","1,802.00","1,739.45","1,748.80","2,621,783"
"03-May-2021","1,735.00","1,759.00","1,685.00","1,725.45","5,593,869"
"04-May-2021","1,751.00","1,764.00","1,725.30","1,732.65","4,255,151"
"05-May-2021","1,741.00","1,778.00","1,721.90","1,770.75","2,411,643"
"06-May-2021","1,781.70","1,793.70","1,763.20","1,788.25","2,380,255"
"07-May-2021","1,796.00","1,813.00","1,773.50","1,780.35","1,610,730"
"10-May-2021","1,809.00","1,813.25","1,790.60","1,809.35","1,332,490"
"11-May-2021","1,776.60","1,794.40","1,753.25","1,755.45","2,955,976"
"12-May-2021","1,754.00","1,754.00","1,715.55","1,718.85","3,181,830"
"14-May-2021","1,728.90","1,728.90","1,701.10","1,706.65","2,937,892"
"17-May-2021","1,717.00","1,755.00","1,710.00","1,744.15","4,211,441"
"18-May-2021","1,768.00","1,770.95","1,750.10","1,755.10","4,658,414"
"19-May-2021","1,747.95","1,750.35","1,727.45","1,730.55","2,372,042"
"20-May-2021","1,732.00","1,737.00","1,705.10","1,708.20","2,598,038"
"21-May-2021","1,715.50","1,764.45","1,715.50","1,757.65","4,293,112"
"24-May-2021","1,763.65","1,778.90","1,742.00","1,757.00","3,613,907"
"25-May-2021","1,770.40","1,773.90","1,738.00","1,750.50","2,201,625"
"26-May-2021","1,760.05","1,761.80","1,736.90","1,740.65","2,845,100"
"27-May-2021","1,740.00","1,783.45","1,725.70","1,777.25","5,339,988"
"28-May-2021","1,786.00","1,813.00","1,778.25","1,800.75","3,247,009"
"31-May-2021","1,799.00","1,811.80","1,785.00","1,807.70","2,310,809"
"01-Jun-2021","1,815.00","1,824.00","1,788.00","1,797.00","2,289,816"
"02-Jun-2021","1,793.00","1,793.00","1,770.00","1,783.10","3,098,849"
"03-Jun-2021","1,790.00","1,827.95","1,790.00","1,814.20","3,444,131"
"04-Jun-2021","1,820.00","1,820.95","1,797.00","1,811.20","1,508,706"
"07-Jun-2021","1,825.00","1,825.00","1,807.00","1,814.90","1,096,139"
"08-Jun-2021","1,815.00","1,816.50","1,787.85","1,793.55","1,331,031"
"09-Jun-2021","1,789.90","1,812.00","1,775.00","1,782.90","2,037,714"
"10-Jun-2021","1,787.70","1,803.00","1,776.00","1,799.55","1,854,489"
"11-Jun-2021","1,809.00","1,810.00","1,788.00","1,794.35","1,621,928"
"14-Jun-2021","1,789.90","1,789.90","1,759.50","1,768.05","2,543,002"
"15-Jun-2021","1,775.80","1,784.15","1,766.00","1,770.90","1,735,824"
"16-Jun-2021","1,770.85","1,780.95","1,753.00","1,760.60","2,845,543"
"17-Jun-2021","1,747.25","1,771.80","1,736.00","1,766.05","2,578,242"
"18-Jun-2021","1,774.95","1,776.65","1,733.25","1,760.45","2,678,789"
"21-Jun-2021","1,740.00","1,777.20","1,731.30","1,772.05","1,279,321"
"22-Jun-2021","1,780.00","1,785.00","1,754.00","1,757.10","1,571,743"
"23-Jun-2021","1,764.00","1,764.00","1,727.25","1,736.70","7,602,349"
"24-Jun-2021","1,735.00","1,742.90","1,727.20","1,737.90","3,595,393"
"25-Jun-2021","1,735.00","1,754.00","1,720.90","1,735.00","9,577,645"
"28-Jun-2021","1,735.00","1,748.00","1,722.20","1,733.05","3,500,507"
"29-Jun-2021","1,737.80","1,738.00","1,702.00","1,705.85","10,394,662"
"30-Jun-2021","1,705.85","1,743.50","1,698.45","1,705.85","8,822,099"
"01-Jul-2021","1,709.90","1,725.20","1,706.15","1,716.10","2,988,386"
"02-Jul-2021","1,727.00","1,728.00","1,710.00","1,715.15","2,242,551"
"05-Jul-2021","1,727.00","1,739.80","1,721.50","1,731.10","1,887,671"
"06-Jul-2021","1,729.00","1,760.00","1,727.00","1,755.35","3,692,222"
"07-Jul-2021","1,756.00","1,768.50","1,743.15","1,761.80","2,726,182"
"08-Jul-2021","1,758.00","1,763.00","1,725.00","1,732.30","2,208,015"
"09-Jul-2021","1,729.00","1,730.00","1,714.95","1,720.05","1,698,166"
"12-Jul-2021","1,732.00","1,743.00","1,725.15","1,731.95","1,737,065"
"13-Jul-2021","1,743.00","1,752.50","1,723.60","1,747.15","2,066,639"
"14-Jul-2021","1,740.00","1,757.95","1,735.60","1,748.15","2,158,984"
"15-Jul-2021","1,757.00","1,757.00","1,740.00","1,750.05","1,950,556"
"16-Jul-2021","1,755.50","1,762.00","1,740.00","1,749.50","1,838,050"
"19-Jul-2021","1,733.90","1,740.00","1,712.00","1,722.80","2,146,337"
"20-Jul-2021","1,722.80","1,723.80","1,696.00","1,702.65","2,143,859"
"22-Jul-2021","1,706.55","1,721.95","1,703.15","1,707.20","1,858,253"
"23-Jul-2021","1,710.00","1,727.30","1,694.15","1,722.95","1,995,800"
"26-Jul-2021","1,711.60","1,750.00","1,673.35","1,740.60","3,939,095"
"27-Jul-2021","1,752.00","1,753.00","1,693.85","1,697.95","4,301,131"
"28-Jul-2021","1,705.00","1,705.80","1,646.00","1,652.85","5,052,755"
"29-Jul-2021","1,664.00","1,664.00","1,635.10","1,641.65","2,994,265"
"30-Jul-2021","1,641.65","1,669.90","1,626.00","1,654.80","3,222,001"
"02-Aug-2021","1,665.00","1,677.30","1,657.50","1,665.10","2,590,976"
"03-Aug-2021","1,665.00","1,689.25","1,665.00","1,685.65","3,230,140"
"04-Aug-2021","1,698.70","1,753.25","1,685.00","1,749.95","7,004,160"
"05-Aug-2021","1,761.70","1,793.00","1,752.55","1,771.75","6,052,092"
"06-Aug-2021","1,769.00","1,784.70","1,756.15","1,777.20","3,640,469"
"09-Aug-2021","1,777.20","1,789.60","1,762.10","1,780.90","1,596,886"
"10-Aug-2021","1,785.00","1,824.90","1,779.30","1,813.25","4,594,848"
"11-Aug-2021","1,820.00","1,820.00","1,762.15","1,780.60","3,101,903"
"12-Aug-2021","1,775.10","1,791.00","1,762.00","1,787.70","1,641,690"
"13-Aug-2021","1,784.00","1,799.00","1,773.85","1,788.00","1,839,917"
"16-Aug-2021","1,784.00","1,801.20","1,771.75","1,782.35","1,553,661"
"17-Aug-2021","1,779.00","1,795.00","1,777.05","1,788.35","1,419,337"
"18-Aug-2021","1,788.35","1,790.55","1,745.60","1,749.70","2,763,653"
"20-Aug-2021","1,732.00","1,732.00","1,697.00","1,703.55","5,643,242"
"23-Aug-2021","1,724.55","1,724.55","1,700.00","1,716.85","3,093,169"
"24-Aug-2021","1,725.00","1,725.00","1,691.60","1,704.90","4,707,971"
"25-Aug-2021","1,705.00","1,716.70","1,694.00","1,697.20","2,913,810"
"26-Aug-2021","1,693.80","1,716.50","1,688.90","1,697.50","4,382,577"
"27-Aug-2021","1,695.00","1,723.80","1,695.00","1,713.55","3,661,315"
"30-Aug-2021","1,715.95","1,739.55","1,715.95","1,735.85","2,561,253"
"31-Aug-2021","1,744.05","1,759.60","1,739.05","1,753.70","4,492,609"
"01-Sep-2021","1,753.75","1,753.85","1,738.00","1,746.65","7,266,354"
"02-Sep-2021","1,752.00","1,788.40","1,744.00","1,776.40","5,763,844"
"03-Sep-2021","1,793.00","1,811.45","1,777.55","1,791.85","4,845,134"
"06-Sep-2021","1,808.00","1,808.00","1,770.00","1,774.55","1,901,931"
"07-Sep-2021","1,774.55","1,779.45","1,746.00","1,764.85","2,922,837"
"08-Sep-2021","1,760.10","1,828.00","1,755.00","1,815.35","15,249,557"
"09-Sep-2021","1,826.00","1,841.70","1,806.80","1,817.85","3,642,925"
"13-Sep-2021","1,828.50","1,849.80","1,794.75","1,840.05","3,271,615"
"14-Sep-2021","1,850.00","1,879.00","1,845.15","1,867.75","4,168,080"
"15-Sep-2021","1,874.00","1,898.45","1,858.00","1,871.70","4,814,023"
"16-Sep-2021","1,877.00","1,910.00","1,868.00","1,906.80","4,128,783"
"17-Sep-2021","1,916.00","2,017.00","1,913.00","2,007.95","14,638,489"
"20-Sep-2021","1,990.00","2,037.20","1,981.35","2,001.45","5,881,089"
"21-Sep-2021","2,017.00","2,027.65","1,996.10","2,010.95","3,866,888"
"22-Sep-2021","2,016.50","2,022.40","1,978.80","1,985.55","1,911,809"
"23-Sep-2021","2,004.00","2,052.00","1,990.90","2,024.00","2,989,107"
"24-Sep-2021","2,030.00","2,052.35","2,013.90","2,028.10","2,114,888"
"27-Sep-2021","2,031.20","2,058.00","2,025.50","2,033.35","1,830,064"
"28-Sep-2021","2,040.00","2,077.80","2,012.90","2,068.20","3,899,267"
"29-Sep-2021","2,059.90","2,060.00","2,020.15","2,030.45","3,420,314"
"30-Sep-2021","2,025.45","2,035.00","1,996.80","2,005.50","4,572,748"
"01-Oct-2021","1,997.00","2,010.80","1,971.90","1,993.55","3,373,978"
"04-Oct-2021","1,995.00","2,014.90","1,988.00","1,990.95","2,043,053"
"05-Oct-2021","1,994.90","1,997.95","1,975.50","1,982.35","2,719,807"
"06-Oct-2021","1,976.05","2,005.00","1,942.10","1,955.75","2,979,275"
"07-Oct-2021","1,968.00","1,982.25","1,949.25","1,952.45","2,222,130"
"08-Oct-2021","1,950.00","1,966.15","1,931.00","1,936.35","1,937,834"
"11-Oct-2021","1,949.00","2,005.00","1,945.00","1,975.40","2,376,167"
"12-Oct-2021","1,980.00","2,004.00","1,965.00","1,995.10","1,890,902"
"13-Oct-2021","2,004.00","2,022.00","1,994.55","2,009.35","1,742,478"
"14-Oct-2021","2,008.00","2,025.50","1,985.00","2,017.80","1,652,356"
"18-Oct-2021","2,017.80","2,046.95","2,007.95","2,011.60","2,166,779"
"19-Oct-2021","2,011.90","2,044.95","1,992.10","2,035.35","1,695,203"
"20-Oct-2021","2,042.00","2,044.95","1,998.20","2,015.45","1,794,893"
"21-Oct-2021","2,031.00","2,155.00","2,022.00","2,143.75","9,495,518"
"22-Oct-2021","2,154.90","2,201.65","2,122.75","2,171.40","5,931,826"
"25-Oct-2021","2,152.00","2,182.95","2,115.05","2,154.50","6,777,262"
"26-Oct-2021","2,154.50","2,240.00","2,123.70","2,210.95","10,669,001"
"27-Oct-2021","2,200.00","2,253.00","2,176.60","2,188.25","4,550,568"
"28-Oct-2021","2,188.25","2,190.00","2,090.40","2,098.50","3,102,289"
"29-Oct-2021","2,077.55","2,096.95","2,015.00","2,031.15","4,666,345"
"01-Nov-2021","2,055.00","2,086.80","2,034.80","2,076.50","1,966,588"
"02-Nov-2021","2,066.15","2,093.50","2,060.00","2,076.65","1,536,206"
"03-Nov-2021","2,080.00","2,111.60","2,028.00","2,037.55","2,067,291"
"04-Nov-2021","2,040.00","2,062.00","2,039.00","2,057.00","205,177"
"08-Nov-2021","2,055.00","2,127.60","2,055.00","2,118.85","2,121,996"
"09-Nov-2021","2,120.00","2,126.95","2,083.30","2,097.20","1,777,573"
"10-Nov-2021","2,085.00","2,091.35","2,063.05","2,076.05","1,445,788"
"11-Nov-2021","2,073.00","2,077.70","2,047.55","2,054.10","1,547,153"
"12-Nov-2021","2,068.00","2,080.00","2,053.05","2,074.70","1,434,428"
"15-Nov-2021","2,080.10","2,108.00","2,080.00","2,097.30","1,819,328"
"16-Nov-2021","2,099.90","2,103.85","2,070.00","2,082.85","1,545,107"
"17-Nov-2021","2,070.00","2,081.85","2,045.50","2,053.10","1,446,763"
"18-Nov-2021","2,050.00","2,062.45","2,008.90","2,024.45","2,793,199"
"22-Nov-2021","2,044.00","2,044.00","1,941.00","1,955.45","2,748,329"
"23-Nov-2021","1,938.00","1,993.15","1,932.70","1,982.90","3,229,625"
"24-Nov-2021","1,979.55","2,024.95","1,970.00","2,011.40","1,947,483"
"25-Nov-2021","2,020.00","2,048.00","2,013.05","2,035.10","3,164,428"
"26-Nov-2021","2,002.00","2,007.00","1,955.10","1,964.30","2,647,553"
"29-Nov-2021","1,993.00","2,045.00","1,937.20","2,019.60","4,171,900"
"30-Nov-2021","2,023.00","2,039.60","1,946.90","1,961.90","4,265,816"
"01-Dec-2021","1,979.00","1,985.90","1,940.00","1,953.35","2,585,693"
"02-Dec-2021","1,947.55","1,980.95","1,945.60","1,964.25","1,932,929"
"03-Dec-2021","1,966.70","1,989.90","1,905.20","1,914.20","3,491,724"
"06-Dec-2021","1,920.00","1,926.50","1,877.00","1,885.20","3,081,336"
"07-Dec-2021","1,912.00","1,963.80","1,910.20","1,937.15","7,344,475"
"08-Dec-2021","1,970.00","1,970.00","1,915.45","1,920.45","5,125,595"
"09-Dec-2021","1,926.00","1,936.90","1,886.10","1,916.35","4,654,453"
"10-Dec-2021","1,915.00","1,920.00","1,888.50","1,896.75","3,054,922"
"13-Dec-2021","1,910.00","1,916.00","1,862.25","1,873.10","4,085,110"
"14-Dec-2021","1,873.10","1,874.00","1,816.05","1,840.40","10,111,252"
"15-Dec-2021","1,845.60","1,881.75","1,836.75","1,867.40","5,305,747"
"16-Dec-2021","1,885.90","1,890.95","1,850.90","1,860.75","3,054,462"
"17-Dec-2021","1,855.00","1,859.95","1,790.00","1,793.80","2,935,126"
"20-Dec-2021","1,780.00","1,780.00","1,722.40","1,742.50","3,269,179"
"21-Dec-2021","1,761.05","1,768.00","1,721.00","1,736.55","2,264,231"
"22-Dec-2021","1,748.00","1,770.00","1,733.15","1,762.40","3,453,839"
"23-Dec-2021","1,784.90","1,788.70","1,767.35","1,775.60","1,919,649"
"24-Dec-2021","1,780.00","1,780.00","1,730.00","1,748.40","2,271,570"
"27-Dec-2021","1,743.10","1,778.95","1,721.00","1,773.45","1,653,833"
"28-Dec-2021","1,785.00","1,789.70","1,765.55","1,774.90","1,285,671"
"29-Dec-2021","1,774.00","1,780.00","1,754.10","1,764.20","1,411,908"
"30-Dec-2021","1,759.00","1,769.95","1,743.65","1,755.25","2,498,395"
"31-Dec-2021","1,762.00","1,801.00","1,760.05","1,796.10","2,212,892"
"03-Jan-2022","1,797.00","1,828.10","1,791.60","1,824.45","1,985,109"
"04-Jan-2022","1,830.00","1,857.00","1,815.30","1,852.60","2,635,575"
"05-Jan-2022","1,857.00","1,928.35","1,840.10","1,922.15","4,208,167"
"06-Jan-2022","1,907.10","1,915.00","1,875.00","1,891.90","2,258,030"
"07-Jan-2022","1,891.90","1,925.40","1,883.60","1,904.25","2,303,351"
"10-Jan-2022","1,904.25","1,955.30","1,901.35","1,947.95","2,862,087"
"11-Jan-2022","1,948.00","1,954.25","1,920.20","1,936.80","2,714,019"
"12-Jan-2022","1,954.80","1,976.15","1,947.15","1,956.60","2,149,396"
"13-Jan-2022","1,960.00","1,966.90","1,922.55","1,926.35","1,487,152"
"14-Jan-2022","1,909.00","1,945.00","1,898.00","1,938.20","1,828,762"
"17-Jan-2022","1,922.00","1,952.95","1,918.60","1,937.45","1,676,473"
"18-Jan-2022","1,930.00","1,975.00","1,930.00","1,942.15","2,081,456"
"19-Jan-2022","1,945.00","1,945.00","1,900.10","1,905.65","1,521,702"
"20-Jan-2022","1,925.00","1,925.00","1,877.00","1,892.60","1,489,821"
"21-Jan-2022","1,868.25","1,901.00","1,849.55","1,893.75","1,753,896"
"24-Jan-2022","1,884.10","1,887.90","1,810.00","1,830.90","2,547,434"
"25-Jan-2022","1,814.70","1,873.90","1,782.20","1,854.65","2,569,065"
"27-Jan-2022","1,840.00","1,898.55","1,821.15","1,889.25","3,718,619"
"28-Jan-2022","1,895.00","1,956.90","1,888.65","1,898.30","4,971,964"
"31-Jan-2022","1,920.00","1,938.90","1,841.00","1,857.25","4,516,625"
"01-Feb-2022","1,882.00","1,905.00","1,834.10","1,882.30","3,097,086"
"02-Feb-2022","1,910.80","1,948.00","1,896.90","1,942.60","2,710,508"
"03-Feb-2022","1,939.90","1,942.45","1,896.05","1,909.05","2,239,713"
"04-Feb-2022","1,914.00","1,918.00","1,880.25","1,884.20","1,771,267"
"07-Feb-2022","1,850.00","1,890.00","1,820.00","1,828.45","2,053,959"
"08-Feb-2022","1,835.00","1,848.05","1,793.10","1,817.80","3,569,370"
"09-Feb-2022","1,835.60","1,847.80","1,822.65","1,835.00","1,624,058"
"10-Feb-2022","1,835.00","1,888.90","1,830.25","1,867.20","2,508,081"
"11-Feb-2022","1,854.10","1,854.10","1,822.00","1,828.25","1,859,755"
"14-Feb-2022","1,790.05","1,823.85","1,737.95","1,746.85","3,026,821"
"15-Feb-2022","1,756.00","1,819.00","1,746.05","1,813.10","2,055,275"
"16-Feb-2022","1,815.10","1,852.85","1,800.00","1,830.05","2,269,756"
"17-Feb-2022","1,835.00","1,844.25","1,810.40","1,817.30","2,810,229"
"18-Feb-2022","1,809.05","1,831.00","1,805.85","1,826.55","1,229,668"
"21-Feb-2022","1,808.00","1,851.30","1,802.10","1,827.10","1,343,911"
"22-Feb-2022","1,790.00","1,849.10","1,790.00","1,841.75","3,022,075"
"23-Feb-2022","1,852.90","1,912.85","1,852.90","1,886.10","6,915,921"
"24-Feb-2022","1,834.35","1,874.40","1,776.75","1,794.85","4,956,043"
"25-Feb-2022","1,820.95","1,866.25","1,801.05","1,856.70","3,993,886"
"28-Feb-2022","1,837.00","1,852.00","1,814.70","1,842.75","2,712,562"
"02-Mar-2022","1,811.80","1,819.35","1,775.30","1,806.00","2,830,955"
"03-Mar-2022","1,812.95","1,819.60","1,772.60","1,792.25","2,962,143"
"04-Mar-2022","1,770.00","1,785.95","1,733.70","1,752.15","2,549,194"
"07-Mar-2022","1,693.50","1,730.90","1,680.05","1,711.90","2,697,935"
"08-Mar-2022","1,700.00","1,729.50","1,672.55","1,723.10","5,436,496"
"09-Mar-2022","1,723.10","1,748.15","1,692.00","1,739.10","6,919,461"
"10-Mar-2022","1,800.00","1,813.00","1,736.00","1,754.35","4,188,469"
"11-Mar-2022","1,745.00","1,779.90","1,736.00","1,763.00","2,506,340"
"14-Mar-2022","1,745.45","1,797.35","1,742.00","1,788.75","3,316,649"
"15-Mar-2022","1,784.00","1,789.95","1,714.00","1,733.75","4,807,455"
"16-Mar-2022","1,760.00","1,774.80","1,752.75","1,760.50","2,927,241"
"17-Mar-2022","1,790.00","1,827.60","1,782.55","1,820.00","3,359,007"
"21-Mar-2022","1,815.65","1,830.00","1,773.00","1,777.10","2,397,699"
"22-Mar-2022","1,777.10","1,813.60","1,755.35","1,807.85","3,397,456"
"23-Mar-2022","1,815.00","1,827.25","1,758.00","1,769.75","3,226,340"
"24-Mar-2022","1,715.00","1,728.90","1,701.00","1,714.15","19,710,178"
"25-Mar-2022","1,728.00","1,731.80","1,712.00","1,722.25","3,039,150"
"28-Mar-2022","1,728.00","1,728.00","1,692.05","1,725.20","3,070,204"
"29-Mar-2022","1,738.00","1,740.90","1,718.75","1,730.00","2,585,790"
"30-Mar-2022","1,749.40","1,768.85","1,736.00","1,763.10","3,358,154"
"31-Mar-2022","1,755.10","1,778.75","1,747.00","1,753.85","2,848,408"
"01-Apr-2022","1,749.30","1,780.00","1,745.60","1,776.65","2,373,773"
"04-Apr-2022","1,787.00","1,840.00","1,735.00","1,836.05","3,997,566"
"05-Apr-2022","1,836.05","1,838.05","1,794.20","1,802.20","2,132,871"
"06-Apr-2022","1,787.50","1,793.00","1,771.75","1,779.40","2,349,001"
"07-Apr-2022","1,771.00","1,792.00","1,763.00","1,766.45","4,388,783"
"08-Apr-2022","1,775.25","1,790.00","1,756.10","1,784.50","2,381,671"
"11-Apr-2022","1,775.00","1,806.15","1,763.30","1,783.45","1,917,942"
"12-Apr-2022","1,771.05","1,812.65","1,770.00","1,801.85","2,412,242"
"13-Apr-2022","1,807.70","1,818.50","1,772.75","1,779.60","1,923,692"
"18-Apr-2022","1,775.60","1,775.60","1,730.00","1,750.40","1,960,141"
"19-Apr-2022","1,763.00","1,766.70","1,687.00","1,707.50","2,389,574"
"20-Apr-2022","1,713.00","1,727.00","1,683.40","1,721.30","3,201,545"
"21-Apr-2022","1,725.00","1,773.45","1,724.05","1,760.85","2,730,691"
"22-Apr-2022","1,740.00","1,748.90","1,721.40","1,727.75","2,256,038"
"25-Apr-2022","1,702.50","1,737.90","1,694.00","1,728.85","2,149,394"
"26-Apr-2022","1,746.10","1,748.00","1,731.25","1,742.70","1,454,777"
"27-Apr-2022","1,724.00","1,752.00","1,724.00","1,741.50","2,822,592"
"28-Apr-2022","1,749.00","1,773.00","1,732.40","1,765.65","2,342,497"
"29-Apr-2022","1,768.95","1,810.30","1,767.00","1,790.75","3,688,659"
"02-May-2022","1,765.55","1,780.45","1,750.05","1,774.35","1,979,466"
"04-May-2022","1,768.00","1,823.70","1,768.00","1,775.60","5,746,474"
"05-May-2022","1,801.00","1,821.00","1,784.30","1,797.60","3,568,047"
"06-May-2022","1,755.15","1,794.95","1,750.00","1,775.30","2,847,483"
"09-May-2022","1,745.00","1,784.00","1,743.00","1,767.50","2,169,362"
"10-May-2022","1,770.00","1,808.80","1,767.50","1,797.15","1,989,854"
"11-May-2022","1,798.00","1,818.00","1,796.00","1,809.95","2,621,884"
"12-May-2022","1,802.80","1,806.60","1,757.00","1,760.90","4,282,268"
"13-May-2022","1,785.00","1,795.00","1,756.00","1,779.55","2,737,022"
"16-May-2022","1,781.00","1,825.00","1,766.15","1,812.85","3,039,181"
"17-May-2022","1,823.00","1,844.90","1,817.60","1,840.30","3,020,781"
"18-May-2022","1,846.95","1,864.00","1,840.85","1,846.80","5,321,784"
"19-May-2022","1,812.00","1,827.30","1,778.35","1,783.40","3,108,321"
"20-May-2022","1,811.00","1,839.90","1,794.45","1,829.15","2,649,672"
"23-May-2022","1,852.00","1,871.50","1,841.25","1,854.30","2,826,078"
"24-May-2022","1,857.95","1,890.00","1,842.80","1,882.60","3,421,900"
"25-May-2022","1,897.85","1,941.50","1,886.30","1,907.55","6,252,602"
"26-May-2022","1,914.95","1,922.00","1,884.05","1,908.65","4,949,829"
"27-May-2022","1,921.00","1,950.00","1,913.00","1,946.20","2,440,367"
"30-May-2022","1,945.25","1,951.75","1,895.55","1,903.20","3,987,800"
"31-May-2022","1,891.10","1,896.15","1,828.35","1,846.85","14,830,306"
"01-Jun-2022","1,840.00","1,874.00","1,835.35","1,865.10","2,382,645"
"02-Jun-2022","1,848.20","1,879.00","1,846.00","1,857.65","2,664,301"
"03-Jun-2022","1,879.00","1,879.00","1,853.10","1,858.65","1,815,375"
"06-Jun-2022","1,845.00","1,877.00","1,843.15","1,869.30","2,588,097"
"07-Jun-2022","1,864.00","1,865.00","1,832.00","1,858.15","1,711,639"
"08-Jun-2022","1,860.00","1,880.10","1,838.75","1,845.50","1,465,616"
"09-Jun-2022","1,838.75","1,872.85","1,827.70","1,865.20","1,280,868"
"10-Jun-2022","1,840.00","1,854.20","1,784.05","1,791.80","2,859,950"
"13-Jun-2022","1,743.00","1,752.60","1,718.65","1,737.35","2,349,445"
"14-Jun-2022","1,735.60","1,748.65","1,721.60","1,739.70","1,551,047"
"15-Jun-2022","1,738.00","1,750.00","1,728.90","1,736.65","1,770,169"
"16-Jun-2022","1,742.00","1,753.55","1,670.00","1,675.80","2,973,292"
"17-Jun-2022","1,661.00","1,683.70","1,648.60","1,673.60","3,163,864"
"20-Jun-2022","1,673.60","1,689.85","1,652.00","1,679.20","1,767,577"
"21-Jun-2022","1,690.00","1,709.00","1,672.55","1,681.50","2,503,603"
"22-Jun-2022","1,665.00","1,675.85","1,653.00","1,669.70","1,771,925"
"23-Jun-2022","1,675.00","1,695.00","1,648.80","1,684.10","2,490,801"
"24-Jun-2022","1,700.00","1,714.90","1,690.15","1,698.40","1,617,721"
"27-Jun-2022","1,717.20","1,719.90","1,685.00","1,691.55","2,128,112"
"28-Jun-2022","1,684.90","1,692.35","1,664.70","1,668.80","2,799,443"
"29-Jun-2022","1,650.00","1,658.95","1,636.70","1,642.45","2,932,830"
"30-Jun-2022","1,632.00","1,676.90","1,631.00","1,661.10","3,982,064"
"01-Jul-2022","1,645.00","1,679.50","1,636.00","1,667.75","2,300,514"
"04-Jul-2022","1,666.55","1,684.45","1,660.05","1,670.90","1,868,781"
"05-Jul-2022","1,675.00","1,694.80","1,656.95","1,663.05","2,642,097"
"06-Jul-2022","1,682.00","1,712.40","1,671.00","1,704.50","5,572,949"
"07-Jul-2022","1,718.00","1,744.00","1,716.05","1,738.50","3,170,065"
"08-Jul-2022","1,755.00","1,756.45","1,732.20","1,744.75","1,778,149"
"11-Jul-2022","1,743.00","1,747.00","1,728.20","1,741.25","1,533,179"
"12-Jul-2022","1,721.50","1,739.00","1,711.95","1,718.95","1,828,832"
"13-Jul-2022","1,724.00","1,745.95","1,723.40","1,742.05","3,613,468"
"14-Jul-2022","1,740.00","1,777.00","1,737.05","1,770.05","6,570,982"
"15-Jul-2022","1,772.30","1,790.00","1,770.00","1,787.70","2,333,732"
"18-Jul-2022","1,800.00","1,850.00","1,794.25","1,845.65","3,117,038"
"19-Jul-2022","1,835.00","1,852.00","1,828.05","1,834.95","2,895,175"
"20-Jul-2022","1,846.25","1,850.00","1,818.10","1,827.75","2,571,469"
"21-Jul-2022","1,825.00","1,825.00","1,787.80","1,800.55","2,186,674"
"22-Jul-2022","1,801.00","1,842.00","1,789.70","1,827.10","3,349,580"
"25-Jul-2022","1,816.00","1,848.80","1,785.10","1,795.55","1,886,515"
"26-Jul-2022","1,791.00","1,794.95","1,752.00","1,761.60","1,802,447"
"27-Jul-2022","1,761.15","1,761.15","1,732.35","1,754.10","3,479,645"
"28-Jul-2022","1,774.80","1,831.85","1,765.00","1,828.50","2,154,401"
"29-Jul-2022","1,837.65","1,856.90","1,803.65","1,810.35","2,387,998"
"01-Aug-2022","1,815.00","1,862.00","1,812.00","1,855.75","1,655,537"
"02-Aug-2022","1,851.70","1,893.00","1,834.20","1,884.60","3,357,606"
"03-Aug-2022","1,875.00","1,879.80","1,840.00","1,851.10","2,535,679"
"04-Aug-2022","1,856.60","1,859.00","1,814.25","1,835.55","2,361,186"
"05-Aug-2022","1,844.75","1,850.00","1,822.65","1,833.90","1,664,571"
"08-Aug-2022","1,830.00","1,849.50","1,816.80","1,844.50","1,555,925"
"10-Aug-2022","1,848.00","1,849.25","1,821.05","1,828.35","1,657,327"
"11-Aug-2022","1,849.00","1,856.65","1,833.00","1,853.50","2,778,338"
"12-Aug-2022","1,860.00","1,860.00","1,836.50","1,841.20","1,396,522"
"16-Aug-2022","1,850.45","1,861.80","1,838.55","1,846.35","1,313,624"
"17-Aug-2022","1,854.00","1,854.00","1,831.15","1,839.70","3,383,334"
"18-Aug-2022","1,839.00","1,912.00","1,832.00","1,904.50","3,661,316"
"19-Aug-2022","1,919.00","1,942.45","1,871.00","1,877.00","4,563,906"
"22-Aug-2022","1,826.95","1,838.00","1,811.30","1,832.05","4,162,757"
"23-Aug-2022","1,824.00","1,869.00","1,820.00","1,855.75","2,214,300"
"24-Aug-2022","1,851.00","1,873.95","1,841.40","1,867.60","1,415,625"
"25-Aug-2022","1,875.10","1,905.45","1,856.15","1,868.75","2,204,409"
"26-Aug-2022","1,872.35","1,927.00","1,868.90","1,902.05","3,343,088"
"29-Aug-2022","1,858.00","1,877.95","1,845.00","1,850.00","3,639,673"
"30-Aug-2022","1,864.85","1,920.00","1,857.00","1,915.45","3,885,850"
"01-Sep-2022","1,875.00","1,925.50","1,875.00","1,902.85","4,207,842"
"02-Sep-2022","1,916.95","1,929.00","1,904.40","1,918.85","3,331,376"
"05-Sep-2022","1,911.00","1,957.00","1,911.00","1,937.90","3,806,770"
"06-Sep-2022","1,944.95","1,949.95","1,910.00","1,915.70","2,767,854"
"07-Sep-2022","1,900.00","1,915.10","1,885.70","1,908.25","1,976,258"
"08-Sep-2022","1,920.10","1,938.00","1,912.00","1,930.05","2,412,183"
"09-Sep-2022","1,950.00","1,950.70","1,916.50","1,926.35","2,817,973"
"12-Sep-2022","1,925.00","1,944.00","1,917.75","1,924.00","1,483,681"
"13-Sep-2022","1,933.00","1,940.00","1,920.15","1,923.40","1,584,581"
"14-Sep-2022","1,892.00","1,977.80","1,892.00","1,954.70","3,742,429"
"15-Sep-2022","1,967.50","1,987.20","1,923.00","1,934.15","3,747,498"
"16-Sep-2022","1,926.25","1,980.00","1,910.10","1,930.30","5,168,822"
"19-Sep-2022","1,923.10","1,940.00","1,907.55","1,929.50","1,675,912"
"20-Sep-2022","1,944.00","1,961.70","1,933.00","1,939.75","1,612,730"
"21-Sep-2022","1,927.00","1,950.00","1,898.40","1,918.50","2,238,276"
"22-Sep-2022","1,905.55","1,924.60","1,881.20","1,892.75","1,857,227"
"23-Sep-2022","1,870.10","1,888.70","1,841.90","1,862.70","2,613,759"
"26-Sep-2022","1,836.00","1,858.00","1,816.65","1,829.00","2,285,176"
"27-Sep-2022","1,832.20","1,834.85","1,792.05","1,799.30","2,740,144"
"28-Sep-2022","1,790.00","1,808.00","1,775.10","1,792.60","1,771,117"
"29-Sep-2022","1,802.00","1,810.00","1,759.75","1,765.30","2,799,627"
"30-Sep-2022","1,768.00","1,826.45","1,757.70","1,819.20","2,804,653"
"03-Oct-2022","1,808.00","1,813.00","1,773.30","1,783.90","2,440,064"
"04-Oct-2022","1,808.00","1,827.80","1,802.00","1,822.25","1,668,922"
"06-Oct-2022","1,825.00","1,840.00","1,811.85","1,818.90","1,748,151"
"07-Oct-2022","1,810.50","1,830.00","1,802.20","1,825.40","1,063,844"
"10-Oct-2022","1,801.10","1,821.75","1,794.55","1,808.25","1,037,722"
"11-Oct-2022","1,809.85","1,809.85","1,783.30","1,787.90","1,496,718"
"12-Oct-2022","1,788.00","1,813.00","1,780.20","1,810.20","1,035,118"
"13-Oct-2022","1,805.00","1,815.90","1,793.00","1,801.50","1,172,979"
"14-Oct-2022","1,828.00","1,858.00","1,822.50","1,834.00","1,670,238"
"17-Oct-2022","1,828.05","1,862.20","1,820.25","1,858.15","1,104,283"
"18-Oct-2022","1,867.45","1,875.90","1,855.10","1,859.70","1,609,858"
"19-Oct-2022","1,869.00","1,877.45","1,855.00","1,869.35","913,286"
"20-Oct-2022","1,860.00","1,882.95","1,855.35","1,863.55","1,591,107"
"21-Oct-2022","1,870.00","1,925.00","1,866.30","1,902.65","3,941,971"
"24-Oct-2022","1,902.50","1,915.00","1,890.00","1,895.80","649,081"
"25-Oct-2022","1,911.00","1,911.60","1,842.00","1,846.60","3,511,650"
"27-Oct-2022","1,883.70","1,888.00","1,849.45","1,865.00","4,593,492"
"28-Oct-2022","1,874.00","1,894.85","1,871.05","1,884.25","3,048,687"
"31-Oct-2022","1,899.00","1,912.00","1,889.00","1,901.95","1,874,348"
"01-Nov-2022","1,908.00","1,941.50","1,903.40","1,909.20","2,545,417"
"02-Nov-2022","1,918.75","1,920.00","1,897.50","1,909.95","1,864,081"
"03-Nov-2022","1,904.80","1,913.00","1,893.60","1,900.15","1,591,871"
"04-Nov-2022","1,906.00","1,908.00","1,894.30","1,899.95","2,081,413"
"07-Nov-2022","1,908.00","1,910.00","1,871.65","1,882.60","2,624,601"
"09-Nov-2022","1,898.00","1,903.60","1,880.70","1,893.40","2,322,634"
"10-Nov-2022","1,895.00","1,915.00","1,891.70","1,912.15","2,510,124"
"11-Nov-2022","1,933.00","1,933.90","1,890.90","1,899.10","3,424,030"
"14-Nov-2022","1,902.85","1,928.70","1,901.00","1,922.80","2,142,267"
"15-Nov-2022","1,925.00","1,933.30","1,895.30","1,912.40","1,990,292"
"16-Nov-2022","1,914.00","1,968.65","1,913.95","1,965.90","6,437,651"
"17-Nov-2022","1,963.80","1,965.00","1,943.25","1,950.55","2,408,671"
"18-Nov-2022","1,960.95","1,997.55","1,947.90","1,959.55","4,272,040"
"21-Nov-2022","1,954.55","1,954.55","1,932.80","1,944.10","1,192,610"
"22-Nov-2022","1,953.85","1,953.85","1,930.10","1,939.75","1,166,755"
"23-Nov-2022","1,950.50","1,961.50","1,945.65","1,953.35","2,500,563"
"24-Nov-2022","1,954.50","1,956.30","1,933.05","1,944.85","1,400,421"
"25-Nov-2022","1,949.00","1,949.00","1,920.00","1,928.40","2,097,541"
"28-Nov-2022","1,916.00","1,942.95","1,916.00","1,928.15","1,564,504"
"29-Nov-2022","1,931.60","1,939.00","1,923.25","1,925.55","1,363,505"
"30-Nov-2022","1,939.00","1,955.00","1,916.00","1,947.05","2,950,734"
"01-Dec-2022","1,955.00","1,961.75","1,927.85","1,934.30","2,471,005"
"02-Dec-2022","1,917.10","1,934.90","1,917.10","1,930.80","1,590,968"
"05-Dec-2022","1,942.00","1,943.95","1,920.00","1,938.45","1,245,509"
"06-Dec-2022","1,920.55","1,943.10","1,920.55","1,935.25","1,366,698"
"07-Dec-2022","1,932.50","1,932.50","1,905.50","1,911.45","2,362,280"
"08-Dec-2022","1,898.90","1,904.80","1,877.10","1,897.00","12,619,838"
"09-Dec-2022","1,914.00","1,916.75","1,879.25","1,888.05","2,648,455"
"12-Dec-2022","1,865.00","1,879.70","1,863.00","1,865.75","3,281,447"
"13-Dec-2022","1,863.75","1,871.75","1,858.20","1,868.50","6,939,565"
"14-Dec-2022","1,871.10","1,875.95","1,863.75","1,873.20","3,747,141"
"15-Dec-2022","1,875.55","1,881.80","1,854.90","1,863.20","2,041,799"
"16-Dec-2022","1,854.70","1,856.95","1,835.20","1,840.55","2,487,828"
"19-Dec-2022","1,840.55","1,864.00","1,840.50","1,858.15","1,713,647"
"20-Dec-2022","1,845.00","1,861.95","1,834.75","1,847.10","1,410,586"
"21-Dec-2022","1,860.50","1,860.95","1,809.00","1,814.60","2,382,869"
"22-Dec-2022","1,826.00","1,835.00","1,819.00","1,826.05","1,714,093"
"23-Dec-2022","1,815.95","1,839.15","1,811.95","1,821.95","2,102,126"
"26-Dec-2022","1,821.95","1,826.10","1,794.20","1,813.55","4,746,738"
"27-Dec-2022","1,822.65","1,827.95","1,807.00","1,820.90","1,548,286"
"28-Dec-2022","1,824.40","1,831.40","1,815.25","1,820.10","1,904,268"
"29-Dec-2022","1,814.40","1,820.00","1,801.00","1,818.75","2,154,490"
"30-Dec-2022","1,825.10","1,838.00","1,822.30","1,827.25","2,692,688"
"02-Jan-2023","1,827.80","1,833.00","1,816.45","1,825.05","1,125,001"
"03-Jan-2023","1,822.25","1,836.50","1,821.00","1,832.85","1,663,448"
"04-Jan-2023","1,834.90","1,834.90","1,813.95","1,820.75","1,664,104"
"05-Jan-2023","1,820.00","1,832.80","1,806.15","1,820.30","1,732,618"
"06-Jan-2023","1,826.00","1,826.00","1,770.65","1,786.80","3,799,655"
"09-Jan-2023","1,801.00","1,816.00","1,789.00","1,811.90","3,426,868"
"10-Jan-2023","1,808.55","1,816.00","1,788.90","1,795.55","1,474,131"
"11-Jan-2023","1,800.00","1,804.15","1,784.10","1,801.85","1,603,701"
"12-Jan-2023","1,807.00","1,807.00","1,772.40","1,779.50","3,529,605"
"13-Jan-2023","1,779.50","1,787.30","1,759.00","1,780.30","3,983,197"
"16-Jan-2023","1,787.00","1,799.00","1,780.00","1,784.80","2,118,161"
"17-Jan-2023","1,780.00","1,801.95","1,776.60","1,797.65","2,132,394"
"18-Jan-2023","1,802.95","1,827.00","1,796.00","1,799.10","2,835,232"
"19-Jan-2023","1,803.50","1,803.50","1,765.00","1,767.30","4,425,644"
"20-Jan-2023","1,778.90","1,778.90","1,757.00","1,762.90","4,270,294"
"23-Jan-2023","1,790.00","1,799.65","1,770.00","1,783.75","7,764,627"
"24-Jan-2023","1,792.70","1,792.70","1,748.75","1,760.25","4,159,188"
"25-Jan-2023","1,757.00","1,760.40","1,733.00","1,749.80","4,280,333"
"27-Jan-2023","1,752.10","1,752.10","1,704.00","1,713.10","7,516,979"
"30-Jan-2023","1,713.10","1,730.60","1,683.85","1,726.25","4,939,556"
"31-Jan-2023","1,730.50","1,738.60","1,713.05","1,731.00","4,385,384"
"01-Feb-2023","1,745.00","1,784.00","1,720.75","1,744.70","3,652,098"
"02-Feb-2023","1,720.00","1,768.00","1,720.00","1,761.75","4,184,470"
"03-Feb-2023","1,770.60","1,783.70","1,745.20","1,780.30","2,675,212"
"06-Feb-2023","1,775.00","1,778.25","1,740.00","1,747.00","3,040,209"
"07-Feb-2023","1,752.20","1,780.00","1,747.05","1,775.40","3,643,187"
"08-Feb-2023","1,778.80","1,780.00","1,761.10","1,765.50","1,446,690"
"09-Feb-2023","1,767.95","1,775.20","1,747.95","1,770.90","2,163,825"
"10-Feb-2023","1,767.90","1,778.65","1,765.00","1,772.05","1,445,942"
"13-Feb-2023","1,775.10","1,784.45","1,761.65","1,773.80","2,389,142"
"14-Feb-2023","1,770.00","1,777.00","1,763.75","1,770.35","1,614,893"
"15-Feb-2023","1,768.45","1,790.00","1,760.25","1,785.50","2,409,292"
"16-Feb-2023","1,794.00","1,803.90","1,783.55","1,787.95","2,291,602"
"17-Feb-2023","1,783.10","1,791.40","1,751.05","1,759.25","2,587,909"
"20-Feb-2023","1,768.05","1,768.05","1,730.10","1,737.30","3,224,839"
"21-Feb-2023","1,745.00","1,745.00","1,725.05","1,730.20","2,936,934"
"22-Feb-2023","1,723.95","1,726.10","1,698.00","1,700.55","3,539,149"
"23-Feb-2023","1,707.40","1,713.75","1,687.75","1,707.15","2,770,110"
"24-Feb-2023","1,713.00","1,724.25","1,694.00","1,697.30","2,080,363"
"27-Feb-2023","1,698.30","1,729.80","1,690.80","1,725.95","2,343,798"
"28-Feb-2023","1,725.95","1,741.40","1,721.65","1,729.25","4,395,098"
"01-Mar-2023","1,729.25","1,750.60","1,726.00","1,744.90","5,613,386"
"02-Mar-2023","1,735.60","1,746.35","1,718.00","1,721.70","4,119,935"
"03-Mar-2023","1,732.00","1,765.00","1,719.90","1,751.00","3,626,269"
"06-Mar-2023","1,756.30","1,764.60","1,741.45","1,751.00","5,186,846"
"08-Mar-2023","1,736.00","1,744.30","1,726.85","1,740.20","5,202,608"
"09-Mar-2023","1,739.30","1,744.55","1,713.70","1,716.70","6,928,316"
"10-Mar-2023","1,707.00","1,713.50","1,692.00","1,699.30","4,876,144"
"13-Mar-2023","1,699.00","1,723.30","1,666.20","1,673.90","8,978,938"
"14-Mar-2023","1,673.00","1,677.55","1,643.50","1,648.25","14,138,986"
"15-Mar-2023","1,668.00","1,688.00","1,661.60","1,665.95","4,692,363"
"16-Mar-2023","1,670.00","1,678.85","1,648.20","1,663.55","3,632,063"
"17-Mar-2023","1,679.60","1,706.20","1,671.15","1,693.10","8,928,301"
"20-Mar-2023","1,687.00","1,702.95","1,681.05","1,699.65","4,463,937"
"21-Mar-2023","1,707.55","1,711.95","1,692.00","1,706.85","1,805,180"
"22-Mar-2023","1,710.00","1,713.20","1,692.10","1,705.15","3,326,099"
"23-Mar-2023","1,699.15","1,700.00","1,675.00","1,679.70","5,642,151"
"24-Mar-2023","1,676.05","1,708.95","1,675.00","1,692.15","5,480,609"
"27-Mar-2023","1,700.65","1,712.85","1,693.10","1,705.20","2,837,204"
"28-Mar-2023","1,708.95","1,709.80","1,685.45","1,698.90","2,371,652"
"29-Mar-2023","1,700.10","1,727.00","1,695.00","1,721.05","2,821,000"
"31-Mar-2023","1,725.50","1,740.65","1,721.00","1,732.85","3,565,755"
"03-Apr-2023","1,734.00","1,752.20","1,733.20","1,745.70","2,436,866"
"05-Apr-2023","1,745.00","1,759.70","1,739.05","1,751.90","2,526,350"
"06-Apr-2023","1,750.00","1,761.45","1,739.35","1,757.10","1,557,355"
"10-Apr-2023","1,757.15","1,768.00","1,749.65","1,759.30","1,253,171"
"11-Apr-2023","1,847.20","1,859.00","1,826.00","1,846.50","9,293,763"
"12-Apr-2023","1,842.00","1,850.95","1,831.50","1,844.05","3,408,713"
"13-Apr-2023","1,838.00","1,874.30","1,831.00","1,869.50","2,924,116"
"17-Apr-2023","1,888.95","1,913.80","1,826.10","1,895.15","10,354,299"
"18-Apr-2023","1,900.95","1,904.60","1,885.90","1,888.30","2,972,721"
"19-Apr-2023","1,888.30","1,888.35","1,876.15","1,884.90","1,876,656"
"20-Apr-2023","1,884.30","1,903.40","1,872.05","1,884.00","2,322,777"
"21-Apr-2023","1,882.00","1,903.65","1,877.15","1,893.65","1,671,341"
"24-Apr-2023","1,890.20","1,902.00","1,877.55","1,897.25","2,017,406"
"25-Apr-2023","1,902.00","1,907.00","1,877.00","1,889.30","4,738,419"
"26-Apr-2023","1,877.50","1,894.40","1,863.35","1,878.60","3,159,518"
"27-Apr-2023","1,876.90","1,913.00","1,876.85","1,908.60","5,061,293"
"28-Apr-2023","1,906.00","1,943.30","1,896.10","1,938.05","4,367,612"
"02-May-2023","1,918.00","1,937.45","1,890.00","1,921.15","4,605,771"
"03-May-2023","1,919.00","1,933.85","1,912.70","1,930.95","3,449,007"
"04-May-2023","1,929.95","1,951.10","1,921.75","1,947.60","3,451,579"
"05-May-2023","1,952.15","1,974.00","1,915.50","1,928.70","3,484,218"
"08-May-2023","1,935.90","1,968.50","1,921.00","1,958.85","3,870,941"
"09-May-2023","1,964.85","1,970.00","1,948.15","1,954.30","3,623,075"
"10-May-2023","1,960.00","1,964.00","1,931.65","1,958.70","3,912,439"
"11-May-2023","1,970.00","1,980.00","1,951.85","1,957.95","4,411,824"
"12-May-2023","1,954.00","1,968.00","1,943.65","1,960.60","3,217,081"
"15-May-2023","1,957.05","1,977.00","1,952.40","1,973.00","2,971,692"
"16-May-2023","1,978.00","1,978.00","1,938.00","1,947.05","4,569,497"
"17-May-2023","1,949.80","1,950.90","1,895.55","1,909.15","5,482,017"
"18-May-2023","1,924.00","1,933.65","1,911.20","1,927.40","4,145,228"
"19-May-2023","1,930.00","1,946.85","1,923.50","1,941.65","3,946,927"
"22-May-2023","1,945.00","1,952.50","1,923.65","1,940.20","3,400,880"
"23-May-2023","1,940.20","1,940.20","1,915.00","1,921.50","4,335,524"
"24-May-2023","1,921.95","1,940.00","1,897.40","1,910.35","3,557,537"
"25-May-2023","1,918.00","1,933.55","1,907.55","1,929.95","5,966,757"
"26-May-2023","1,949.95","1,949.95","1,923.50","1,945.05","3,295,412"
"29-May-2023","1,963.10","1,973.30","1,948.25","1,953.20","3,775,509"
"30-May-2023","1,957.85","1,979.10","1,952.35","1,974.70","7,429,705"
"31-May-2023","1,984.95","2,064.40","1,953.90","2,014.35","88,598,126"
"01-Jun-2023","1,968.00","1,979.15","1,925.00","1,930.05","5,967,432"
"02-Jun-2023","1,944.95","1,951.35","1,928.00","1,938.75","3,558,072"
"05-Jun-2023","1,945.00","1,951.50","1,922.25","1,924.90","2,405,909"
"06-Jun-2023","1,934.90","1,966.40","1,930.15","1,959.05","4,112,841"
"07-Jun-2023","1,972.00","1,972.00","1,936.00","1,939.40","3,100,414"
"08-Jun-2023","1,936.90","1,936.90","1,879.55","1,886.50","5,491,614"
"09-Jun-2023","1,862.00","1,897.70","1,860.70","1,872.00","14,196,924"
"12-Jun-2023","1,874.85","1,884.00","1,864.45","1,879.45","2,815,173"
"13-Jun-2023","1,875.35","1,883.00","1,852.00","1,855.95","9,561,827"
"14-Jun-2023","1,855.95","1,867.95","1,846.40","1,864.65","5,578,543"
"15-Jun-2023","1,867.95","1,869.00","1,828.70","1,833.50","4,838,188"
"16-Jun-2023","1,836.95","1,861.65","1,833.00","1,857.40","3,197,657"
"19-Jun-2023","1,863.85","1,868.45","1,818.00","1,824.55","7,609,913"
"20-Jun-2023","1,820.00","1,847.00","1,815.30","1,844.00","4,622,905"
"21-Jun-2023","1,847.05","1,849.75","1,836.10","1,845.55","2,399,108"
"22-Jun-2023","1,845.55","1,847.30","1,830.40","1,836.10","3,428,210"
"23-Jun-2023","1,833.00","1,845.55","1,823.90","1,828.55","2,584,063"
"26-Jun-2023","1,831.95","1,831.95","1,819.90","1,822.95","2,213,679"
"27-Jun-2023","1,827.70","1,847.00","1,820.65","1,844.70","2,138,665"
"28-Jun-2023","1,846.00","1,848.10","1,829.40","1,840.55","5,339,982"
"30-Jun-2023","1,847.90","1,850.55","1,832.95","1,846.55","3,934,720"
"03-Jul-2023","1,856.00","1,859.00","1,838.00","1,843.95","3,208,540"
"04-Jul-2023","1,850.00","1,868.35","1,836.05","1,861.70","6,575,587"
"05-Jul-2023","1,862.80","1,867.80","1,853.15","1,864.85","3,119,185"
"06-Jul-2023","1,860.00","1,882.85","1,859.05","1,877.30","3,654,241"
"07-Jul-2023","1,872.00","1,874.40","1,850.50","1,853.50","2,076,544"
"10-Jul-2023","1,853.00","1,874.35","1,845.00","1,866.90","3,437,542"
"11-Jul-2023","1,874.00","1,893.80","1,863.30","1,866.60","4,096,757"
"12-Jul-2023","1,874.90","1,890.90","1,867.90","1,878.10","4,355,083"
"13-Jul-2023","1,889.00","1,901.60","1,866.45","1,869.70","5,265,370"
"14-Jul-2023","1,870.10","1,887.35","1,860.00","1,869.00","7,131,916"
"17-Jul-2023","1,871.20","1,899.45","1,866.65","1,897.05","3,329,856"
"18-Jul-2023","1,895.35","1,908.00","1,879.35","1,890.85","5,795,645"
"19-Jul-2023","1,894.80","1,915.00","1,891.55","1,906.60","3,377,787"
"20-Jul-2023","1,901.00","1,962.40","1,892.90","1,956.90","9,305,585"
"21-Jul-2023","1,951.90","1,987.75","1,950.60","1,970.20","3,849,750"
"24-Jul-2023","1,950.00","1,950.00","1,888.20","1,897.25","7,033,093"
"25-Jul-2023","1,901.00","1,902.00","1,856.45","1,875.50","7,944,916"
"26-Jul-2023","1,880.00","1,897.90","1,875.65","1,895.30","2,462,073"
"27-Jul-2023","1,889.00","1,902.60","1,862.55","1,873.75","6,290,001"
"28-Jul-2023","1,869.60","1,885.80","1,861.10","1,876.85","2,302,033"
"31-Jul-2023","1,866.00","1,875.00","1,849.15","1,856.55","4,025,207"
"01-Aug-2023","1,850.00","1,865.75","1,844.40","1,850.00","4,467,942"
"02-Aug-2023","1,840.55","1,847.90","1,818.05","1,823.70","4,180,451"
"03-Aug-2023","1,820.10","1,833.85","1,805.85","1,823.25","7,015,292"
"04-Aug-2023","1,829.00","1,842.80","1,811.15","1,838.50","5,443,532"
"07-Aug-2023","1,845.00","1,845.00","1,826.40","1,831.55","3,708,310"
"08-Aug-2023","1,831.50","1,842.65","1,822.05","1,828.00","4,089,623"
"09-Aug-2023","1,834.00","1,834.00","1,816.75","1,831.50","2,624,324"
"10-Aug-2023","1,825.75","1,832.40","1,796.00","1,800.85","5,112,099"
"11-Aug-2023","1,798.00","1,800.00","1,782.00","1,791.45","4,265,616"
"14-Aug-2023","1,789.00","1,802.35","1,785.00","1,794.10","3,299,919"
"16-Aug-2023","1,787.00","1,789.85","1,777.50","1,786.20","1,883,940"
"17-Aug-2023","1,782.00","1,787.40","1,763.00","1,765.70","5,131,739"
"18-Aug-2023","1,757.10","1,768.40","1,746.50","1,750.80","4,113,292"
"21-Aug-2023","1,751.00","1,772.60","1,748.85","1,760.35","3,955,468"
"22-Aug-2023","1,769.00","1,772.00","1,758.45","1,763.10","3,328,812"
"23-Aug-2023","1,769.80","1,781.90","1,754.00","1,780.05","3,338,285"
"24-Aug-2023","1,789.00","1,799.00","1,776.25","1,780.95","4,123,791"
"25-Aug-2023","1,771.20","1,789.35","1,767.00","1,778.85","2,043,350"
"28-Aug-2023","1,778.85","1,796.60","1,774.65","1,790.35","1,980,536"
"29-Aug-2023","1,796.95","1,797.55","1,779.00","1,783.10","2,708,692"
"30-Aug-2023","1,791.00","1,792.95","1,765.00","1,774.90","2,595,896"
"31-Aug-2023","1,774.90","1,783.80","1,754.30","1,758.75","8,314,010"
"01-Sep-2023","1,763.90","1,779.60","1,754.35","1,771.10","2,695,210"
"04-Sep-2023","1,777.40","1,789.00","1,757.30","1,762.20","4,697,683"
"05-Sep-2023","1,765.00","1,783.00","1,763.10","1,771.05","4,257,343"
"06-Sep-2023","1,771.00","1,777.00","1,760.20","1,770.30","6,220,223"
"07-Sep-2023","1,775.00","1,792.35","1,767.30","1,789.00","2,208,089"
"08-Sep-2023","1,797.00","1,805.00","1,781.55","1,793.20","2,386,182"
"11-Sep-2023","1,800.00","1,811.50","1,795.25","1,807.90","2,316,902"
"12-Sep-2023","1,819.00","1,819.00","1,796.40","1,811.20","3,408,966"
"13-Sep-2023","1,800.60","1,836.00","1,800.60","1,824.60","5,931,870"
"14-Sep-2023","1,828.00","1,831.75","1,814.00","1,821.55","2,559,423"
"15-Sep-2023","1,816.20","1,823.45","1,811.00","1,813.90","4,121,540"
"18-Sep-2023","1,811.00","1,812.00","1,794.00","1,798.35","3,970,112"
"20-Sep-2023","1,786.95","1,803.45","1,775.70","1,789.45","5,368,143"
"21-Sep-2023","1,784.00","1,790.80","1,751.00","1,755.70","4,784,751"
"22-Sep-2023","1,758.00","1,769.90","1,752.15","1,756.45","3,710,123"
"25-Sep-2023","1,764.00","1,789.30","1,756.80","1,784.40","2,226,567"
"26-Sep-2023","1,776.10","1,781.80","1,753.70","1,764.10","3,656,167"
"27-Sep-2023","1,764.00","1,771.10","1,750.00","1,765.15","3,004,206"
"28-Sep-2023","1,762.20","1,771.90","1,729.00","1,733.20","8,263,197"
"29-Sep-2023","1,744.00","1,744.00","1,732.95","1,735.70","3,571,729"
"03-Oct-2023","1,730.00","1,735.00","1,715.45","1,727.05","5,534,869"
"04-Oct-2023","1,715.00","1,727.00","1,709.00","1,722.05","6,220,979"
"05-Oct-2023","1,730.00","1,747.00","1,721.15","1,734.25","2,966,801"
"06-Oct-2023","1,735.30","1,747.00","1,730.20","1,743.90","1,992,323"
"09-Oct-2023","1,730.00","1,733.80","1,717.05","1,719.30","1,839,513"
"10-Oct-2023","1,727.50","1,768.70","1,720.60","1,756.10","3,368,982"
"11-Oct-2023","1,760.05","1,779.95","1,760.05","1,771.40","3,499,844"
"12-Oct-2023","1,775.00","1,776.90","1,761.25","1,763.85","2,383,827"
"13-Oct-2023","1,755.00","1,769.95","1,752.15","1,762.00","2,123,927"
"16-Oct-2023","1,761.00","1,762.15","1,746.45","1,749.75","1,579,957"
"17-Oct-2023","1,755.00","1,774.80","1,750.80","1,771.55","3,217,357"
"18-Oct-2023","1,773.00","1,775.20","1,745.10","1,753.40","3,051,680"
"19-Oct-2023","1,742.00","1,753.40","1,735.60","1,738.45","1,993,179"
"20-Oct-2023","1,733.50","1,773.20","1,732.65","1,769.60","4,072,383"
"23-Oct-2023","1,769.00","1,769.00","1,722.45","1,740.75","7,546,442"
"25-Oct-2023","1,749.00","1,761.75","1,722.00","1,728.05","3,512,668"
"26-Oct-2023","1,727.70","1,727.70","1,689.00","1,694.85","6,279,280"
"27-Oct-2023","1,708.00","1,708.00","1,689.00","1,702.70","2,974,830"
"30-Oct-2023","1,702.00","1,720.90","1,688.40","1,717.50","1,511,563"
"31-Oct-2023","1,727.70","1,747.00","1,716.85","1,739.40","4,839,336"
"01-Nov-2023","1,731.00","1,735.95","1,717.85","1,724.40","2,528,105"
"02-Nov-2023","1,735.00","1,758.65","1,732.10","1,737.70","2,550,558"
"03-Nov-2023","1,740.00","1,744.25","1,730.10","1,733.25","1,558,958"
"06-Nov-2023","1,744.00","1,747.00","1,732.00","1,740.20","1,186,685"
"07-Nov-2023","1,735.15","1,754.40","1,726.10","1,751.25","3,599,603"
"08-Nov-2023","1,753.00","1,760.95","1,740.00","1,746.25","3,642,837"
"09-Nov-2023","1,745.90","1,756.70","1,739.10","1,744.95","1,943,711"
"10-Nov-2023","1,734.60","1,749.25","1,734.60","1,745.45","1,634,799"
"12-Nov-2023","1,752.00","1,755.90","1,747.00","1,752.50","200,366"
"13-Nov-2023","1,751.00","1,752.20","1,733.50","1,748.20","2,855,277"
"15-Nov-2023","1,761.00","1,772.30","1,750.15","1,769.50","3,432,271"
"16-Nov-2023","1,771.00","1,783.40","1,765.00","1,772.85","2,079,116"
"17-Nov-2023","1,760.00","1,784.25","1,759.30","1,764.60","2,710,870"
"20-Nov-2023","1,756.00","1,775.95","1,750.10","1,770.55","1,923,651"
"21-Nov-2023","1,778.95","1,778.95","1,760.65","1,767.20","2,705,765"
"22-Nov-2023","1,758.00","1,763.00","1,737.50","1,745.65","4,513,732"
"23-Nov-2023","1,740.05","1,748.80","1,737.00","1,739.30","2,836,289"
"24-Nov-2023","1,739.50","1,749.50","1,733.70","1,744.00","2,561,979"
"28-Nov-2023","1,745.00","1,748.00","1,738.00","1,742.25","3,349,292"
"29-Nov-2023","1,748.50","1,759.25","1,740.20","1,753.45","3,473,140"
"30-Nov-2023","1,756.45","1,766.00","1,745.95","1,755.45","6,254,947"
"01-Dec-2023","1,760.00","1,766.00","1,748.25","1,750.50","2,002,378"
"04-Dec-2023","1,770.00","1,825.95","1,752.65","1,818.55","4,579,173"
"05-Dec-2023","1,828.00","1,837.00","1,808.50","1,828.45","5,571,472"
"06-Dec-2023","1,832.05","1,839.35","1,813.15","1,821.40","4,695,880"
"07-Dec-2023","1,825.00","1,836.85","1,813.40","1,826.85","2,500,642"
"08-Dec-2023","1,826.85","1,843.00","1,820.70","1,838.45","2,985,466"
"11-Dec-2023","1,845.00","1,861.65","1,840.30","1,844.05","3,205,833"
"12-Dec-2023","1,848.00","1,853.00","1,819.05","1,824.35","3,814,962"
"13-Dec-2023","1,824.00","1,835.75","1,813.10","1,826.20","3,251,332"
"14-Dec-2023","1,844.00","1,865.45","1,832.45","1,853.85","4,878,863"
"15-Dec-2023","1,865.00","1,865.00","1,842.75","1,850.60","3,877,197"
"18-Dec-2023","1,845.20","1,855.90","1,840.00","1,846.95","3,758,730"
"19-Dec-2023","1,849.85","1,854.85","1,835.70","1,846.55","3,088,923"
"20-Dec-2023","1,852.15","1,864.00","1,815.30","1,826.50","3,968,562"
"21-Dec-2023","1,821.00","1,857.45","1,805.00","1,852.70","2,403,840"
"22-Dec-2023","1,854.70","1,879.65","1,851.00","1,860.50","3,309,295"
"26-Dec-2023","1,867.00","1,899.00","1,857.15","1,886.85","4,350,669"
"27-Dec-2023","1,894.00","1,910.00","1,883.15","1,902.35","3,407,243"
"28-Dec-2023","1,911.00","1,926.50","1,903.10","1,921.35","4,950,014"
"29-Dec-2023","1,912.10","1,917.75","1,890.05","1,908.10","2,446,170"
"01-Jan-2024","1,909.00","1,919.00","1,893.10","1,909.15","1,425,902"
"02-Jan-2024","1,908.00","1,908.00","1,860.10","1,865.05","5,120,796"
"03-Jan-2024","1,864.00","1,870.00","1,847.65","1,865.90","3,781,515"
"04-Jan-2024","1,871.50","1,871.50","1,860.55","1,863.60","2,865,766"
"05-Jan-2024","1,865.50","1,869.90","1,841.40","1,847.60","7,799,341"
"08-Jan-2024","1,848.00","1,851.45","1,818.60","1,826.10","12,253,167"
"09-Jan-2024","1,837.00","1,858.00","1,821.00","1,826.65","4,339,223"
"10-Jan-2024","1,820.80","1,832.50","1,811.60","1,820.80","7,052,758"
"11-Jan-2024","1,832.00","1,841.40","1,815.35","1,822.85","4,170,070"
"12-Jan-2024","1,825.00","1,842.55","1,814.40","1,833.25","2,172,621"
"15-Jan-2024","1,843.00","1,853.60","1,836.25","1,851.50","6,172,312"
"16-Jan-2024","1,850.55","1,860.95","1,841.00","1,848.00","4,650,898"
"17-Jan-2024","1,823.05","1,834.65","1,776.10","1,779.65","10,836,883"
"18-Jan-2024","1,770.00","1,792.70","1,764.60","1,777.25","4,293,450"
"19-Jan-2024","1,787.05","1,799.95","1,754.15","1,764.30","4,560,329"
"20-Jan-2024","1,774.45","1,829.45","1,758.10","1,806.80","5,456,020"
"23-Jan-2024","1,801.00","1,824.90","1,763.90","1,784.50","6,780,824"
"24-Jan-2024","1,789.00","1,803.50","1,762.90","1,788.60","3,268,351"
"25-Jan-2024","1,790.00","1,797.60","1,752.40","1,768.40","6,702,170"
"29-Jan-2024","1,785.30","1,830.05","1,776.00","1,822.90","5,236,148"
"30-Jan-2024","1,825.00","1,839.45","1,803.35","1,823.60","3,829,187"
"31-Jan-2024","1,816.00","1,841.45","1,788.50","1,825.25","8,117,401"
"01-Feb-2024","1,830.00","1,832.05","1,813.20","1,822.75","2,072,168"
"02-Feb-2024","1,841.80","1,850.00","1,818.40","1,822.95","5,049,876"
"05-Feb-2024","1,825.00","1,826.95","1,799.00","1,808.35","3,460,806"
"06-Feb-2024","1,814.00","1,814.00","1,783.15","1,787.00","4,691,897"
"07-Feb-2024","1,791.00","1,809.80","1,784.00","1,792.60","4,592,224"
"08-Feb-2024","1,801.55","1,803.80","1,727.05","1,729.70","4,542,774"
"09-Feb-2024","1,730.00","1,749.00","1,719.00","1,742.45","4,063,976"
"12-Feb-2024","1,743.00","1,749.00","1,691.10","1,709.55","4,506,489"
"13-Feb-2024","1,713.00","1,745.10","1,709.00","1,737.15","4,492,334"
"14-Feb-2024","1,723.65","1,764.80","1,712.15","1,748.95","3,850,323"
"15-Feb-2024","1,755.00","1,757.45","1,720.05","1,739.25","2,541,670"
"16-Feb-2024","1,749.95","1,751.00","1,732.20","1,735.25","1,643,146"
"19-Feb-2024","1,744.00","1,744.00","1,726.15","1,731.40","4,447,954"
"20-Feb-2024","1,739.70","1,768.65","1,737.35","1,762.50","7,611,124"
"21-Feb-2024","1,769.00","1,769.00","1,740.55","1,746.10","4,184,871"
"22-Feb-2024","1,744.50","1,745.00","1,714.20","1,724.75","6,200,760"
"23-Feb-2024","1,724.50","1,732.75","1,715.40","1,724.00","3,453,766"
"26-Feb-2024","1,722.10","1,725.40","1,701.95","1,706.30","5,958,066"
"27-Feb-2024","1,713.00","1,714.95","1,697.00","1,706.75","4,431,652"
"28-Feb-2024","1,711.00","1,712.85","1,675.20","1,683.60","3,076,327"
"29-Feb-2024","1,687.00","1,702.25","1,667.40","1,689.45","6,606,975"
"01-Mar-2024","1,695.50","1,730.25","1,695.00","1,727.70","3,444,150"
"02-Mar-2024","1,728.00","1,733.00","1,717.20","1,723.70","179,918"
"04-Mar-2024","1,727.95","1,741.50","1,718.50","1,727.20","2,777,198"
"05-Mar-2024","1,726.90","1,727.20","1,708.95","1,715.70","3,122,194"
"06-Mar-2024","1,722.85","1,771.95","1,718.40","1,759.75","7,451,712"
"07-Mar-2024","1,759.75","1,764.90","1,745.00","1,748.05","3,139,360"
"11-Mar-2024","1,765.90","1,769.85","1,724.25","1,729.65","3,640,143"
"12-Mar-2024","1,734.90","1,743.45","1,707.35","1,720.35","10,243,298"
"13-Mar-2024","1,720.35","1,742.75","1,717.20","1,729.55","5,816,083"
"14-Mar-2024","1,725.00","1,757.85","1,719.15","1,742.40","4,809,633"
"15-Mar-2024","1,735.80","1,756.00","1,721.20","1,738.30","15,507,454"
"18-Mar-2024","1,737.40","1,744.85","1,715.30","1,737.90","2,314,143"
"19-Mar-2024","1,734.85","1,756.90","1,730.55","1,749.65","4,481,075"
"20-Mar-2024","1,751.40","1,768.50","1,730.80","1,765.40","4,420,886"
"21-Mar-2024","1,772.10","1,790.65","1,764.30","1,772.15","3,783,681"
"22-Mar-2024","1,769.90","1,782.50","1,765.00","1,776.40","7,061,283"
"26-Mar-2024","1,765.00","1,775.40","1,750.00","1,753.70","5,303,630"
"27-Mar-2024","1,758.00","1,779.80","1,753.90","1,775.60","8,231,130"
"28-Mar-2024","1,777.95","1,803.90","1,774.20","1,785.50","6,630,072"
"01-Apr-2024","1,795.00","1,817.65","1,786.50","1,790.70","2,885,880"
"02-Apr-2024","1,793.90","1,798.00","1,754.45","1,757.40","6,851,190"
"03-Apr-2024","1,753.50","1,756.70","1,729.00","1,731.15","12,683,551"
"04-Apr-2024","1,747.00","1,751.70","1,723.30","1,749.15","13,125,292"
"05-Apr-2024","1,749.05","1,787.20","1,740.10","1,785.15","6,558,023"
"08-Apr-2024","1,793.80","1,801.85","1,785.10","1,788.40","2,634,811"
"09-Apr-2024","1,790.35","1,793.00","1,775.70","1,780.60","2,373,231"
"10-Apr-2024","1,788.90","1,829.90","1,784.00","1,825.95","5,525,818"
"12-Apr-2024","1,811.00","1,818.10","1,799.35","1,813.05","3,966,227"
"15-Apr-2024","1,789.95","1,809.70","1,780.00","1,798.15","4,319,868"
"16-Apr-2024","1,778.00","1,804.60","1,775.65","1,792.60","4,096,778"
"18-Apr-2024","1,790.05","1,813.00","1,783.10","1,786.75","4,250,740"
"19-Apr-2024","1,764.00","1,805.00","1,763.00","1,792.65","3,870,380"
"22-Apr-2024","1,813.00","1,822.50","1,800.00","1,809.95","6,151,139"
"23-Apr-2024","1,810.00","1,829.00","1,803.10","1,813.05","5,956,005"
"24-Apr-2024","1,812.00","1,845.50","1,807.80","1,842.80","3,295,077"
"25-Apr-2024","1,665.00","1,697.80","1,602.00","1,642.45","66,179,079"
"26-Apr-2024","1,642.45","1,655.00","1,605.00","1,608.50","22,146,849"
"29-Apr-2024","1,610.10","1,647.25","1,609.50","1,640.40","11,227,409"
"30-Apr-2024","1,640.40","1,647.00","1,620.00","1,623.95","18,206,448"
"02-May-2024","1,590.00","1,594.50","1,552.40","1,575.65","26,640,478"
"03-May-2024","1,583.00","1,587.90","1,543.85","1,546.70","16,123,589"
"06-May-2024","1,605.00","1,633.00","1,594.00","1,624.30","21,608,211"
"07-May-2024","1,628.70","1,647.35","1,618.00","1,643.90","9,866,785"
"08-May-2024","1,640.00","1,657.45","1,636.10","1,648.35","9,853,753"
"09-May-2024","1,648.00","1,661.85","1,637.00","1,643.10","4,656,044"
"10-May-2024","1,643.00","1,653.10","1,615.90","1,627.95","11,769,402"
"13-May-2024","1,627.00","1,643.65","1,616.00","1,641.20","5,839,248"
"14-May-2024","1,642.00","1,650.00","1,632.50","1,646.30","4,282,026"
"15-May-2024","1,649.70","1,654.00","1,637.05","1,650.80","5,260,900"
"16-May-2024","1,655.00","1,675.00","1,647.20","1,672.05","6,998,357"
"17-May-2024","1,674.00","1,705.65","1,665.00","1,696.55","9,617,451"
"18-May-2024","1,698.00","1,704.00","1,691.95","1,696.95","291,295"
"21-May-2024","1,692.00","1,715.00","1,690.00","1,698.25","5,810,167"
"22-May-2024","1,702.80","1,704.95","1,681.10","1,699.55","6,058,697"
"23-May-2024","1,700.00","1,713.60","1,697.05","1,709.05","5,681,295"
"24-May-2024","1,711.00","1,717.85","1,694.70","1,703.45","4,936,177"
"27-May-2024","1,703.45","1,722.00","1,702.50","1,711.00","3,454,287"
"28-May-2024","1,712.30","1,716.00","1,698.00","1,703.65","3,716,141"
"29-May-2024","1,698.00","1,710.90","1,682.20","1,687.85","4,952,472"
"30-May-2024","1,684.35","1,707.60","1,683.00","1,690.10","5,580,489"
"31-May-2024","1,703.00","1,703.00","1,660.55","1,680.40","12,804,476"
"03-Jun-2024","1,721.45","1,738.85","1,700.10","1,718.05","9,801,071"
"04-Jun-2024","1,703.25","1,715.50","1,602.45","1,637.95","15,229,468"
"05-Jun-2024","1,662.55","1,724.75","1,645.00","1,718.10","14,426,318"
"06-Jun-2024","1,721.00","1,738.50","1,703.80","1,734.70","6,359,901"
"07-Jun-2024","1,730.05","1,758.65","1,722.00","1,753.70","4,608,146"
"10-Jun-2024","1,750.10","1,773.45","1,736.15","1,745.65","4,848,044"
"11-Jun-2024","1,746.60","1,747.20","1,717.10","1,720.00","4,105,647"
"12-Jun-2024","1,720.10","1,734.00","1,712.90","1,715.75","5,881,576"
"13-Jun-2024","1,731.40","1,737.55","1,719.00","1,726.35","6,016,145"
"14-Jun-2024","1,723.00","1,734.90","1,710.40","1,717.20","3,153,666"
"18-Jun-2024","1,718.60","1,724.65","1,703.25","1,719.40","5,707,330"
"19-Jun-2024","1,729.00","1,763.05","1,715.00","1,746.70","9,959,798"
"20-Jun-2024","1,765.00","1,789.85","1,760.30","1,766.25","9,243,104"
"21-Jun-2024","1,770.00","1,789.00","1,745.30","1,775.65","19,031,689"
"24-Jun-2024","1,757.15","1,775.20","1,749.75","1,772.55","4,228,888"
"25-Jun-2024","1,776.55","1,798.25","1,763.00","1,781.90","5,933,859"
"26-Jun-2024","1,780.00","1,816.00","1,776.10","1,798.15","6,685,932"
"27-Jun-2024","1,791.00","1,838.00","1,785.00","1,830.55","13,342,769"
"28-Jun-2024","1,822.20","1,847.95","1,798.90","1,802.50","4,969,007"
"01-Jul-2024","1,802.50","1,813.15","1,790.00","1,808.10","2,901,510"
"02-Jul-2024","1,820.95","1,820.95","1,737.10","1,769.60","9,625,017"
"03-Jul-2024","1,765.80","1,815.85","1,752.20","1,810.70","8,981,003"
"04-Jul-2024","1,806.60","1,838.55","1,801.30","1,833.85","5,068,893"
"05-Jul-2024","1,820.00","1,857.95","1,818.45","1,852.70","3,465,653"
"08-Jul-2024","1,854.00","1,857.25","1,835.45","1,853.20","3,861,203"
"09-Jul-2024","1,861.20","1,870.00","1,830.00","1,847.85","3,920,211"
"10-Jul-2024","1,843.00","1,844.50","1,820.20","1,829.85","5,629,789"
"11-Jul-2024","1,830.85","1,852.00","1,821.55","1,844.50","4,615,372"
"12-Jul-2024","1,844.50","1,851.00","1,826.25","1,832.85","4,240,855"
"15-Jul-2024","1,839.00","1,857.90","1,826.65","1,843.55","5,909,996"
"16-Jul-2024","1,842.10","1,849.10","1,800.90","1,805.30","6,542,702"
"18-Jul-2024","1,805.00","1,831.20","1,793.15","1,826.75","7,590,838"
"19-Jul-2024","1,818.50","1,831.00","1,805.95","1,821.60","4,138,865"
"22-Jul-2024","1,821.00","1,821.00","1,748.90","1,757.55","10,742,361"
"23-Jul-2024","1,769.00","1,780.50","1,739.15","1,768.90","6,155,196"
"24-Jul-2024","1,767.95","1,780.90","1,729.05","1,746.20","7,487,207"
"25-Jul-2024","1,732.00","1,779.00","1,732.00","1,775.15","3,096,397"
"26-Jul-2024","1,758.10","1,829.85","1,758.10","1,813.85","5,309,351"
"29-Jul-2024","1,824.70","1,827.00","1,783.50","1,793.90","8,006,367"
"30-Jul-2024","1,793.90","1,806.65","1,781.30","1,786.10","5,679,537"
"31-Jul-2024","1,793.00","1,816.00","1,773.15","1,807.90","5,806,257"
"01-Aug-2024","1,807.10","1,818.25","1,786.25","1,792.65","3,816,044"
"02-Aug-2024","1,781.10","1,810.00","1,775.00","1,803.45","3,242,589"
"05-Aug-2024","1,770.20","1,805.60","1,768.55","1,773.65","4,911,818"
"06-Aug-2024","1,785.00","1,792.20","1,760.00","1,770.55","3,924,022"
"07-Aug-2024","1,785.00","1,786.60","1,760.05","1,776.55","3,537,745"
"08-Aug-2024","1,766.65","1,781.80","1,762.65","1,772.75","2,472,221"
"09-Aug-2024","1,785.05","1,785.45","1,765.00","1,769.65","2,464,443"
"12-Aug-2024","1,761.00","1,791.05","1,751.25","1,772.55","4,544,443"
"13-Aug-2024","1,763.00","1,791.50","1,746.10","1,752.05","3,530,319"
"14-Aug-2024","1,755.00","1,760.00","1,744.55","1,747.90","2,585,649"
"16-Aug-2024","1,762.00","1,785.75","1,746.00","1,777.30","2,961,871"
"19-Aug-2024","1,780.55","1,790.00","1,771.00","1,781.35","2,172,279"
"20-Aug-2024","1,783.00","1,813.05","1,776.25","1,805.65","3,115,486"
"21-Aug-2024","1,800.00","1,817.00","1,787.35","1,812.95","5,717,190"
"22-Aug-2024","1,814.00","1,824.30","1,805.80","1,821.50","3,217,988"
"23-Aug-2024","1,821.50","1,827.90","1,812.70","1,818.00","1,815,186"
"26-Aug-2024","1,820.00","1,822.95","1,809.70","1,812.50","2,356,257"
"27-Aug-2024","1,811.05","1,813.10","1,791.70","1,803.35","4,541,696"
"28-Aug-2024","1,796.00","1,805.90","1,785.85","1,791.30","4,280,796"
"29-Aug-2024","1,783.25","1,798.50","1,773.00","1,777.25","5,531,158"
"30-Aug-2024","1,777.30","1,790.00","1,774.35","1,780.80","7,458,172"
"02-Sep-2024","1,782.00","1,793.45","1,772.70","1,780.25","4,048,520"
"03-Sep-2024","1,780.05","1,786.45","1,772.35","1,783.80","5,196,273"
"04-Sep-2024","1,770.00","1,788.30","1,763.50","1,783.80","3,192,443"
"05-Sep-2024","1,781.25","1,786.35","1,760.00","1,777.95","3,573,005"
"06-Sep-2024","1,767.55","1,781.95","1,756.50","1,764.15","3,254,880"
"09-Sep-2024","1,767.70","1,793.95","1,758.45","1,790.15","3,436,461"
"10-Sep-2024","1,798.00","1,799.65","1,778.05","1,791.60","3,497,612"
"11-Sep-2024","1,795.00","1,805.45","1,785.00","1,789.25","3,733,872"
"12-Sep-2024","1,803.90","1,834.15","1,795.15","1,827.45","6,365,508"
"13-Sep-2024","1,837.00","1,837.00","1,816.75","1,820.35","2,056,720"
"16-Sep-2024","1,833.00","1,845.70","1,828.30","1,831.30","2,730,634"
"17-Sep-2024","1,839.40","1,853.40","1,830.65","1,846.65","3,674,862"
"18-Sep-2024","1,850.00","1,859.45","1,835.60","1,839.70","6,877,499"
"19-Sep-2024","1,849.90","1,875.00","1,845.10","1,871.95","2,892,430"
"20-Sep-2024","1,874.00","1,926.30","1,870.00","1,904.50","18,849,579"
"23-Sep-2024","1,914.95","1,942.00","1,908.20","1,934.70","3,686,272"
"24-Sep-2024","1,935.00","1,938.60","1,909.60","1,914.70","3,709,386"
"25-Sep-2024","1,910.05","1,922.70","1,894.30","1,897.95","3,307,467"
"26-Sep-2024","1,895.00","1,913.30","1,884.30","1,902.30","4,204,513"
"27-Sep-2024","1,900.00","1,910.00","1,866.30","1,872.45","6,643,112"
"30-Sep-2024","1,856.70","1,884.45","1,843.10","1,853.95","3,246,840"
"01-Oct-2024","1,847.00","1,884.75","1,847.00","1,879.40","4,871,526"
"03-Oct-2024","1,857.90","1,863.65","1,815.80","1,822.80","6,363,232"
"04-Oct-2024","1,815.50","1,850.00","1,798.35","1,809.00","3,734,632"
"07-Oct-2024","1,810.00","1,836.40","1,769.40","1,790.25","7,446,633"
"08-Oct-2024","1,800.00","1,814.00","1,781.85","1,803.40","5,097,103"
"09-Oct-2024","1,801.00","1,820.00","1,789.90","1,800.80","7,078,802"
"10-Oct-2024","1,809.90","1,884.00","1,805.30","1,876.10","5,905,798"
"11-Oct-2024","1,872.20","1,893.60","1,861.15","1,882.40","5,211,580"
"14-Oct-2024","1,885.05","1,916.00","1,882.45","1,910.80","4,391,138"
"15-Oct-2024","1,912.20","1,915.35","1,887.45","1,895.20","4,295,493"
"16-Oct-2024","1,884.00","1,892.45","1,868.15","1,876.35","3,145,556"
"17-Oct-2024","1,876.35","1,878.30","1,851.30","1,864.05","3,541,432"
"18-Oct-2024","1,868.00","1,878.50","1,848.00","1,871.05","3,834,767"
"21-Oct-2024","1,850.00","1,855.00","1,735.00","1,789.20","13,178,137"
"22-Oct-2024","1,791.95","1,795.50","1,758.85","1,763.15","5,494,382"
"23-Oct-2024","1,761.15","1,787.05","1,758.10","1,767.80","2,836,137"
"24-Oct-2024","1,766.00","1,772.75","1,750.30","1,762.20","2,316,820"
"25-Oct-2024","1,765.00","1,786.50","1,757.00","1,768.85","2,829,227"
"28-Oct-2024","1,768.00","1,780.65","1,745.05","1,749.85","3,302,148"
"29-Oct-2024","1,743.50","1,767.15","1,730.70","1,760.20","4,158,119"
"30-Oct-2024","1,727.00","1,760.00","1,726.60","1,734.60","4,385,949"
"31-Oct-2024","1,727.35","1,746.60","1,723.95","1,731.10","2,944,670"
"01-Nov-2024","1,739.60","1,754.15","1,736.35","1,744.40","182,489"
"04-Nov-2024","1,744.00","1,744.00","1,724.25","1,729.35","2,884,830"
"05-Nov-2024","1,721.50","1,760.50","1,711.00","1,757.15","4,028,615"
"06-Nov-2024","1,760.10","1,768.45","1,746.60","1,762.60","3,652,252"
"07-Nov-2024","1,763.00","1,765.00","1,733.00","1,746.90","3,060,984"
"08-Nov-2024","1,745.00","1,764.10","1,738.90","1,745.80","3,646,825"
"11-Nov-2024","1,745.00","1,763.30","1,737.20","1,744.00","3,205,030"
"12-Nov-2024","1,744.80","1,749.40","1,715.20","1,721.40","3,228,390"
"13-Nov-2024","1,714.00","1,728.15","1,679.05","1,687.85","3,593,490"
"14-Nov-2024","1,690.00","1,712.60","1,689.80","1,707.90","3,327,758"
"18-Nov-2024","1,714.00","1,728.25","1,699.70","1,722.75","2,082,415"
"19-Nov-2024","1,729.80","1,739.80","1,713.50","1,727.75","2,759,663"
"21-Nov-2024","1,715.10","1,740.75","1,703.75","1,737.10","3,294,059"
"22-Nov-2024","1,734.00","1,772.20","1,732.90","1,761.45","3,553,726"
"25-Nov-2024","1,782.00","1,794.60","1,766.90","1,790.75","6,871,432"
"26-Nov-2024","1,795.00","1,795.95","1,775.00","1,783.60","2,312,739"
"27-Nov-2024","1,780.95","1,805.50","1,779.10","1,783.20","3,202,444"
"28-Nov-2024","1,783.25","1,788.90","1,753.50","1,759.20","3,971,395"
"29-Nov-2024","1,757.00","1,773.60","1,757.00","1,765.25","2,987,994"
"02-Dec-2024","1,765.00","1,772.60","1,746.00","1,753.95","4,265,280"
"03-Dec-2024","1,760.00","1,761.20","1,740.00","1,749.90","3,971,650"
"04-Dec-2024","1,752.00","1,767.00","1,746.40","1,757.50","3,186,786"
"05-Dec-2024","1,764.00","1,788.65","1,748.00","1,775.15","5,697,229"
"06-Dec-2024","1,773.90","1,785.05","1,761.00","1,776.95","2,595,882"
"09-Dec-2024","1,768.10","1,804.95","1,768.10","1,786.25","2,554,023"
"10-Dec-2024","1,783.25","1,802.80","1,783.25","1,794.70","1,979,884"
"11-Dec-2024","1,796.00","1,806.80","1,789.95","1,794.70","2,393,428"
"12-Dec-2024","1,790.00","1,796.45","1,765.35","1,768.70","3,488,259"
"13-Dec-2024","1,758.35","1,809.00","1,748.05","1,805.65","3,893,531"
"16-Dec-2024","1,803.00","1,813.00","1,793.85","1,804.45","2,989,393"
"17-Dec-2024","1,796.10","1,806.85","1,775.00","1,784.05","3,592,861"
"18-Dec-2024","1,782.00","1,786.70","1,770.35","1,780.00","3,529,430"
"19-Dec-2024","1,763.45","1,768.00","1,745.40","1,762.10","4,074,080"
"20-Dec-2024","1,755.00","1,768.85","1,733.35","1,743.55","14,685,688"
"23-Dec-2024","1,747.50","1,764.20","1,740.00","1,745.35","2,748,036"
"24-Dec-2024","1,742.55","1,754.65","1,738.05","1,749.05","2,712,625"
"26-Dec-2024","1,756.80","1,769.45","1,742.05","1,752.80","1,132,006"
"27-Dec-2024","1,760.00","1,777.20","1,754.00","1,759.90","2,448,271"
"30-Dec-2024","1,765.00","1,781.00","1,733.50","1,740.70","5,502,772"
"31-Dec-2024","1,735.05","1,796.60","1,735.05","1,786.05","4,731,698"
"01-Jan-2025","1,779.25","1,796.75","1,777.00","1,788.40","1,484,828"
"02-Jan-2025","1,800.00","1,840.20","1,796.90","1,837.15","5,096,987"
"03-Jan-2025","1,851.00","1,853.00","1,817.10","1,838.65","4,277,149"
"06-Jan-2025","1,821.00","1,825.00","1,772.90","1,779.65","3,992,395"
"07-Jan-2025","1,787.00","1,797.45","1,769.90","1,772.05","4,399,938"
"08-Jan-2025","1,780.10","1,784.70","1,762.45","1,768.65","4,364,679"
"09-Jan-2025","1,774.00","1,808.70","1,774.00","1,790.20","5,469,827"
"10-Jan-2025","1,784.20","1,789.65","1,753.35","1,756.20","3,502,618"
"13-Jan-2025","1,732.90","1,744.55","1,723.75","1,738.40","3,092,388"
"14-Jan-2025","1,749.60","1,768.85","1,729.60","1,750.60","4,948,961"
"15-Jan-2025","1,760.10","1,795.00","1,760.10","1,789.60","3,509,861"
"16-Jan-2025","1,795.80","1,814.95","1,785.35","1,805.55","4,451,534"
"17-Jan-2025","1,797.00","1,805.50","1,748.30","1,758.60","3,521,728"
"20-Jan-2025","1,890.00","1,929.90","1,866.00","1,920.50","13,324,315"
"21-Jan-2025","1,920.95","1,920.95","1,891.00","1,893.30","4,415,663"
"22-Jan-2025","1,899.00","1,920.50","1,887.05","1,917.50","4,176,669"
"23-Jan-2025","1,907.10","1,923.95","1,892.10","1,894.85","3,161,159"
"24-Jan-2025","1,891.00","1,918.50","1,873.05","1,886.20","4,025,366"
"27-Jan-2025","1,875.00","1,898.80","1,862.75","1,881.40","1,928,503"
"28-Jan-2025","1,895.00","1,905.00","1,870.80","1,887.75","5,157,384"
"29-Jan-2025","1,887.80","1,924.70","1,885.00","1,920.35","2,351,631"
"30-Jan-2025","1,920.35","1,938.10","1,877.45","1,901.50","4,239,181"
"31-Jan-2025","1,903.05","1,908.95","1,889.60","1,901.30","2,333,229"
"01-Feb-2025","1,899.00","1,917.15","1,871.60","1,903.10","1,096,357"
"03-Feb-2025","1,893.60","1,903.80","1,881.55","1,884.50","3,319,808"
"04-Feb-2025","1,891.05","1,941.20","1,877.20","1,928.50","5,332,618"
"05-Feb-2025","1,937.80","1,938.95","1,902.35","1,911.75","3,427,385"
"06-Feb-2025","1,917.00","1,920.00","1,896.45","1,915.95","3,193,971"
"07-Feb-2025","1,921.00","1,960.60","1,907.90","1,929.25","4,414,174"
"10-Feb-2025","1,935.30","1,965.00","1,923.55","1,960.15","3,569,373"
"11-Feb-2025","1,964.60","1,970.50","1,906.60","1,918.60","3,506,682"
"12-Feb-2025","1,923.45","1,949.00","1,904.95","1,943.95","3,219,004"
"13-Feb-2025","1,963.00","1,992.80","1,960.55","1,972.80","12,678,373"
"14-Feb-2025","1,974.00","1,974.00","1,933.35","1,952.40","2,610,048"
"17-Feb-2025","1,955.00","1,963.95","1,932.65","1,945.30","2,300,119"
"18-Feb-2025","1,942.05","1,966.00","1,939.15","1,963.35","4,344,125"
"19-Feb-2025","1,963.95","1,994.90","1,962.00","1,985.00","3,914,165"
"20-Feb-2025","1,982.30","1,982.35","1,960.00","1,970.55","4,724,372"
"21-Feb-2025","1,970.55","1,978.35","1,934.50","1,953.05","4,008,552"
"24-Feb-2025","1,938.30","1,970.00","1,933.55","1,966.10","2,218,081"
"25-Feb-2025","1,969.00","1,979.55","1,958.60","1,967.25","4,019,894"
"27-Feb-2025","1,972.00","1,975.00","1,939.90","1,947.55","3,708,068"
"28-Feb-2025","1,937.05","1,937.05","1,893.90","1,902.95","6,970,315"
"03-Mar-2025","1,905.55","1,923.65","1,895.20","1,914.60","2,607,790"
"04-Mar-2025","1,901.15","1,916.00","1,896.75","1,907.80","3,172,050"
"05-Mar-2025","1,903.10","1,953.65","1,895.40","1,933.10","3,811,688"
"06-Mar-2025","1,944.00","1,944.95","1,909.85","1,921.70","5,193,093"
"07-Mar-2025","1,917.00","1,940.60","1,910.05","1,935.40","2,780,338"
"10-Mar-2025","1,932.50","1,940.05","1,916.35","1,921.75","2,228,534"
"11-Mar-2025","1,923.00","1,944.00","1,904.45","1,935.20","3,207,052"
"12-Mar-2025","1,940.00","1,997.70","1,938.00","1,982.55","6,704,494"
"13-Mar-2025","1,975.70","1,993.35","1,969.55","1,985.10","4,925,794"
"17-Mar-2025","1,980.10","1,998.85","1,974.25","1,993.10","3,170,929"
"18-Mar-2025","2,000.00","2,039.00","1,988.60","2,034.00","5,384,288"
"19-Mar-2025","2,039.25","2,051.00","2,017.25","2,021.55","5,338,288"
"20-Mar-2025","2,031.00","2,038.90","2,016.50","2,035.65","2,683,306"
"21-Mar-2025","2,040.00","2,097.60","2,035.00","2,079.00","18,850,808"
"24-Mar-2025","2,100.00","2,184.25","2,090.25","2,176.15","8,508,351"
"25-Mar-2025","2,179.90","2,202.50","2,160.00","2,170.00","7,342,433"
"26-Mar-2025","2,175.00","2,176.00","2,129.90","2,144.90","3,016,916"
"27-Mar-2025","2,144.00","2,151.40","2,111.85","2,128.65","9,421,224"
"28-Mar-2025","2,139.30","2,179.90","2,139.00","2,171.20","3,672,253"
"01-Apr-2025","2,174.30","2,178.50","2,135.90","2,145.90","3,750,939"
"02-Apr-2025","2,141.00","2,160.65","2,139.65","2,154.60","2,132,192"
"03-Apr-2025","2,129.00","2,151.70","2,127.15","2,132.60","1,694,038"
"04-Apr-2025","2,130.90","2,146.30","2,118.15","2,131.95","3,788,403"
"07-Apr-2025","2,018.70","2,083.60","2,000.80","2,037.85","7,139,049"
"08-Apr-2025","2,062.45","2,079.90","2,038.00","2,055.15","4,094,339"
"09-Apr-2025","2,054.00","2,065.00","2,042.10","2,052.70","3,919,578"
"11-Apr-2025","2,065.00","2,139.50","2,058.50","2,111.20","5,594,689"
"15-Apr-2025","2,145.00","2,147.00","2,099.60","2,120.20","5,635,664"
"16-Apr-2025","2,120.00","2,151.60","2,113.30","2,123.40","2,899,779"
"17-Apr-2025","2,115.00","2,193.90","2,097.70","2,188.10","5,388,632"
"21-Apr-2025","2,195.00","2,261.20","2,175.40","2,241.40","4,886,498"
"22-Apr-2025","2,249.00","2,301.90","2,245.40","2,268.80","6,732,983"
"23-Apr-2025","2,285.00","2,290.00","2,220.00","2,227.00","3,523,879"
"24-Apr-2025","2,218.00","2,237.90","2,213.70","2,223.00","4,168,537"
"25-Apr-2025","2,220.00","2,233.40","2,178.20","2,204.40","2,136,003"
"28-Apr-2025","2,197.00","2,231.80","2,189.40","2,225.60","2,438,178"
"29-Apr-2025","2,225.60","2,247.00","2,198.80","2,205.00","3,058,265"
"30-Apr-2025","2,213.90","2,231.00","2,188.20","2,208.10","4,622,917"
"02-May-2025","2,204.00","2,223.60","2,171.20","2,185.20","2,679,156"
"05-May-2025","2,105.10","2,133.80","2,058.00","2,084.90","8,821,617"
"06-May-2025","2,086.00","2,091.40","2,065.00","2,074.00","3,405,097"
"07-May-2025","2,063.70","2,101.80","2,054.50","2,094.90","3,739,456"
"08-May-2025","2,099.00","2,138.70","2,094.90","2,112.60","6,924,871"
"09-May-2025","2,075.00","2,120.00","2,075.00","2,103.10","4,654,300"
"12-May-2025","2,134.00","2,163.60","2,126.10","2,145.00","3,021,874"
"13-May-2025","2,135.00","2,146.10","2,101.10","2,115.60","4,307,824"
"14-May-2025","2,111.00","2,119.90","2,084.00","2,092.40","2,137,594"
"15-May-2025","2,085.10","2,112.00","2,065.40","2,106.40","4,262,359"
"16-May-2025","2,099.90","2,114.90","2,090.10","2,108.20","2,057,908"
"19-May-2025","2,102.00","2,124.00","2,100.40","2,111.20","1,505,704"
"20-May-2025","2,114.80","2,117.90","2,084.70","2,090.10","3,909,098"
"21-May-2025","2,095.00","2,096.30","2,060.00","2,071.30","2,141,740"
"22-May-2025","2,074.00","2,077.60","2,050.70","2,065.80","3,289,328"
"23-May-2025","2,065.80","2,109.30","2,065.80","2,100.80","1,650,953"
"26-May-2025","2,090.10","2,112.00","2,085.10","2,089.30","2,040,285"
"27-May-2025","2,090.00","2,099.00","2,061.20","2,077.40","3,459,940"
"28-May-2025","2,075.00","2,080.40","2,063.40","2,074.30","1,634,636"
"29-May-2025","2,077.30","2,096.00","2,055.00","2,081.60","4,987,382"
"30-May-2025","2,081.60","2,090.20","2,065.50","2,074.70","9,807,728"
"02-Jun-2025","2,067.00","2,075.80","2,051.20","2,063.60","2,701,140"
"03-Jun-2025","2,070.00","2,075.80","2,034.20","2,044.50","6,463,818"
"04-Jun-2025","2,047.10","2,058.50","2,040.80","2,046.30","2,331,114"
"05-Jun-2025","2,054.80","2,056.40","2,034.20","2,039.90","3,725,332"
"06-Jun-2025","2,043.90","2,084.90","2,033.80","2,073.40","4,424,324"
"09-Jun-2025","2,111.00","2,142.40","2,090.00","2,138.20","5,779,088"
"10-Jun-2025","2,146.70","2,172.90","2,138.20","2,151.10","4,915,742"
"11-Jun-2025","2,149.00","2,160.70","2,133.00","2,145.30","1,782,061"
"12-Jun-2025","2,145.30","2,148.80","2,122.20","2,126.80","2,978,172"
"13-Jun-2025","2,072.00","2,122.00","2,072.00","2,107.40","4,467,274"
"16-Jun-2025","2,107.90","2,144.70","2,088.80","2,139.00","2,941,596"
"17-Jun-2025","2,139.00","2,155.80","2,130.20","2,136.80","3,108,300"
"18-Jun-2025","2,125.00","2,137.40","2,108.70","2,132.40","3,900,651"
"19-Jun-2025","2,139.50","2,154.70","2,133.10","2,146.40","3,405,199"
"20-Jun-2025","2,145.00","2,176.00","2,131.30","2,169.80","3,372,636"
"23-Jun-2025","2,158.10","2,189.70","2,151.20","2,184.10","1,720,614"
"24-Jun-2025","2,208.00","2,233.60","2,191.40","2,223.60","5,604,520"
"25-Jun-2025","2,223.00","2,223.60","2,191.00","2,198.30","3,575,429"
"26-Jun-2025","2,202.40","2,210.00","2,180.00","2,203.90","5,670,127"
"27-Jun-2025","2,210.00","2,217.30","2,182.60","2,207.90","9,649,439"
"30-Jun-2025","2,207.90","2,209.00","2,154.50","2,163.50","3,727,657"
"01-Jul-2025","2,163.50","2,186.50","2,159.30","2,183.60","4,025,754"
"02-Jul-2025","2,185.00","2,197.20","2,161.00","2,169.10","1,876,511"
"03-Jul-2025","2,139.10","2,151.90","2,121.90","2,126.60","4,667,399"
"04-Jul-2025","2,124.00","2,137.30","2,111.00","2,129.80","1,686,215"
"07-Jul-2025","2,130.00","2,156.80","2,121.80","2,149.80","2,170,585"
"08-Jul-2025","2,185.00","2,241.50","2,176.20","2,224.50","7,526,291"
"09-Jul-2025","2,217.00","2,234.10","2,214.00","2,229.30","2,020,902"
"10-Jul-2025","2,229.10","2,242.70","2,186.90","2,203.80","5,721,813"
"11-Jul-2025","2,201.80","2,225.00","2,198.60","2,220.60","2,679,166"
"14-Jul-2025","2,223.90","2,227.00","2,197.30","2,203.80","2,395,337"
"15-Jul-2025","2,210.00","2,233.60","2,181.90","2,188.10","2,974,143"
"16-Jul-2025","2,184.10","2,190.00","2,156.00","2,179.40","2,287,703"
"17-Jul-2025","2,175.00","2,191.70","2,166.70","2,170.80","2,179,561"
"18-Jul-2025","2,167.60","2,168.00","2,131.00","2,140.50","2,566,543"
"21-Jul-2025","2,138.10","2,167.60","2,130.20","2,165.20","1,827,099"
"22-Jul-2025","2,172.00","2,175.00","2,145.00","2,160.20","1,564,562"
"23-Jul-2025","2,171.00","2,179.80","2,156.20","2,170.40","2,790,541"
"24-Jul-2025","2,165.40","2,171.80","2,140.00","2,142.10","2,058,400"
"25-Jul-2025","2,139.10","2,149.90","2,118.30","2,124.60","1,745,475"
"28-Jul-2025","2,025.30","2,055.30","1,960.00","1,966.60","13,824,699"
"29-Jul-2025","1,967.00","1,979.70","1,953.00","1,972.70","5,043,934"
"30-Jul-2025","1,966.10","1,980.90","1,957.00","1,959.70","3,589,991"
"31-Jul-2025","1,941.20","1,998.60","1,935.00","1,978.60","4,303,918"
"01-Aug-2025","1,983.00","2,007.00","1,972.10","1,992.40","2,672,373"
"04-Aug-2025","1,987.00","2,007.00","1,982.10","1,997.00","1,543,261"
"05-Aug-2025","2,008.00","2,008.00","1,994.80","2,003.00","2,421,332"
"06-Aug-2025","2,003.00","2,025.60","1,992.70","2,002.40","2,662,279"
"07-Aug-2025","1,981.00","1,995.50","1,965.00","1,992.10","14,552,199"
"08-Aug-2025","1,993.90","1,999.50","1,948.20","1,952.70","2,185,729"
"11-Aug-2025","1,964.00","2,024.00","1,956.40","1,975.90","2,202,513"
"12-Aug-2025","1,975.00","1,985.90","1,956.40","1,959.00","1,577,824"
"13-Aug-2025","1,968.00","1,996.30","1,962.20","1,987.70","2,746,733"
"14-Aug-2025","1,988.00","1,993.50","1,975.50","1,978.20","1,984,593"
"18-Aug-2025","1,997.90","2,026.00","1,997.10","2,001.40","4,303,944"
"19-Aug-2025","1,994.00","2,032.50","1,992.50","2,029.90","3,111,769"
"20-Aug-2025","2,020.50","2,024.20","2,005.50","2,017.50","2,626,941"
"21-Aug-2025","2,039.00","2,039.00","2,012.90","2,017.80","2,898,787"
"22-Aug-2025","2,010.20","2,018.60","1,980.20","1,986.60","1,791,693"
"25-Aug-2025","1,987.00","1,998.80","1,976.70","1,983.30","2,369,815"
"26-Aug-2025","1,978.00","1,983.90","1,961.20","1,965.70","3,710,138"
"28-Aug-2025","1,955.00","1,968.00","1,941.10","1,944.70","3,597,940"
"29-Aug-2025","1,950.20","1,984.90","1,950.20","1,960.30","3,074,358"
"01-Sep-2025","1,960.30","1,972.80","1,955.20","1,968.60","1,578,322"
"02-Sep-2025","1,966.00","1,975.20","1,940.40","1,942.50","2,583,419"
"03-Sep-2025","1,944.00","1,963.80","1,931.10","1,960.20","4,007,454"
"04-Sep-2025","1,961.00","1,971.70","1,946.50","1,949.70","1,891,459"
"05-Sep-2025","1,949.70","1,957.30","1,937.10","1,945.50","1,981,252"
"08-Sep-2025","1,942.50","1,961.50","1,931.50","1,950.10","2,505,558"
"09-Sep-2025","1,956.00","1,965.90","1,939.80","1,960.40","3,174,784"
"10-Sep-2025","1,984.90","1,988.90","1,965.80","1,973.30","8,520,902"
"11-Sep-2025","1,977.00","1,985.00","1,963.30","1,972.30","2,363,267"
"12-Sep-2025","1,973.20","1,985.00","1,966.00","1,972.30","3,615,457"
"15-Sep-2025","1,968.00","1,981.60","1,964.90","1,970.80","2,619,626"
"16-Sep-2025","1,976.40","2,030.50","1,973.20","2,021.70","4,016,877"
"17-Sep-2025","2,029.00","2,052.70","2,020.30","2,050.30","4,783,438"
"18-Sep-2025","2,050.00","2,061.30","2,042.20","2,054.60","3,484,116"
"19-Sep-2025","2,054.60","2,054.60","2,027.40","2,031.00","4,486,225"
"22-Sep-2025","2,032.00","2,039.60","2,017.40","2,021.70","2,645,982"
"23-Sep-2025","2,023.00","2,053.10","2,008.40","2,047.70","5,085,648"
"24-Sep-2025","2,042.00","2,048.10","2,029.00","2,031.30","3,678,877"
"25-Sep-2025","2,032.30","2,037.50","2,010.00","2,013.50","4,007,855"
"26-Sep-2025","2,009.00","2,019.20","1,989.10","1,994.80","1,919,165"
"29-Sep-2025","1,995.90","2,003.70","1,970.30","1,991.60","5,306,102"
"30-Sep-2025","2,004.00","2,015.00","1,986.10","1,992.70","5,861,937"
"01-Oct-2025","1,986.00","2,072.00","1,986.00","2,063.30","6,115,951"
"03-Oct-2025","2,063.30","2,108.00","2,062.00","2,100.50","4,735,930"
"06-Oct-2025","2,114.00","2,154.60","2,093.00","2,146.00","5,152,836"
"07-Oct-2025","2,142.00","2,153.10","2,121.70","2,126.90","2,472,939"
"08-Oct-2025","2,126.50","2,132.50","2,112.20","2,117.80","880,495"
"09-Oct-2025","2,118.00","2,152.00","2,101.30","2,144.60","3,165,497"
"10-Oct-2025","2,145.00","2,157.80","2,136.60","2,150.10","1,936,242"
"13-Oct-2025","2,136.00","2,156.00","2,133.80","2,152.10","2,120,004"
"14-Oct-2025","2,149.00","2,165.00","2,141.60","2,151.80","1,604,563"
"15-Oct-2025","2,155.00","2,165.90","2,141.20","2,149.60","2,308,107"
"16-Oct-2025","2,152.90","2,214.60","2,152.20","2,205.40","6,738,420"
"17-Oct-2025","2,203.90","2,209.90","2,190.40","2,205.80","3,341,302"
"20-Oct-2025","2,214.00","2,266.00","2,200.20","2,213.80","3,041,417"
"21-Oct-2025","2,213.80","2,219.80","2,186.90","2,197.00","226,804"
"23-Oct-2025","2,225.00","2,244.40","2,211.00","2,225.60","4,299,221"
"24-Oct-2025","2,238.00","2,238.00","2,168.20","2,187.00","3,258,737"
"27-Oct-2025","2,172.20","2,186.00","2,122.00","2,148.60","3,719,940"
"28-Oct-2025","2,142.00","2,168.10","2,142.00","2,160.80","4,660,869"
"29-Oct-2025","2,170.00","2,174.30","2,146.90","2,150.50","1,417,783"
"30-Oct-2025","2,150.00","2,153.00","2,126.40","2,137.20","2,487,693"
"31-Oct-2025","2,146.90","2,146.90","2,100.00","2,102.20","3,786,254"
"03-Nov-2025","2,102.20","2,119.20","2,087.90","2,113.50","1,531,453"
"04-Nov-2025","2,116.70","2,121.10","2,093.00","2,096.60","1,916,377"
"06-Nov-2025","2,073.00","2,103.80","2,072.10","2,083.20","2,380,569"
"07-Nov-2025","2,078.70","2,099.30","2,059.20","2,088.30","1,400,189"
"10-Nov-2025","2,081.00","2,104.80","2,081.00","2,092.70","2,173,296"
"11-Nov-2025","2,100.00","2,103.00","2,074.90","2,086.90","2,162,842"
"12-Nov-2025","2,100.10","2,100.10","2,080.00","2,084.50","1,807,085"
"13-Nov-2025","2,089.50","2,089.50","2,064.60","2,075.20","2,142,306"
"14-Nov-2025","2,066.00","2,085.50","2,063.00","2,079.70","2,440,551"
"17-Nov-2025","2,095.00","2,119.90","2,092.40","2,102.90","5,030,328"
"18-Nov-2025","2,090.60","2,107.00","2,080.00","2,093.10","2,060,068"
"19-Nov-2025","2,099.50","2,110.00","2,089.50","2,105.90","2,492,900"
"20-Nov-2025","2,114.80","2,114.80","2,093.20","2,098.70","7,340,569"
"21-Nov-2025","2,100.00","2,111.50","2,078.50","2,087.80","7,838,842"
"24-Nov-2025","2,095.00","2,104.00","2,077.40","2,087.30","4,984,569"
"25-Nov-2025","2,094.30","2,094.30","2,066.70","2,069.90","3,032,979"
"26-Nov-2025","2,075.00","2,110.00","2,074.10","2,103.80","2,979,343"
"27-Nov-2025","2,104.00","2,130.50","2,091.40","2,110.20","4,029,795"
"28-Nov-2025","2,119.00","2,141.80","2,102.20","2,124.40","3,168,157"
"01-Dec-2025","2,134.00","2,163.00","2,128.10","2,147.60","3,262,032"
"02-Dec-2025","2,140.00","2,160.00","2,139.40","2,142.40","3,658,833"
"03-Dec-2025","2,135.10","2,151.70","2,119.10","2,146.10","2,806,203"
"04-Dec-2025","2,146.10","2,146.80","2,121.50","2,135.40","2,574,328"
"05-Dec-2025","2,135.00","2,166.00","2,132.00","2,154.90","1,931,695"
"08-Dec-2025","2,158.70","2,158.90","2,126.00","2,131.60","2,992,047"
"09-Dec-2025","2,120.00","2,133.40","2,108.90","2,127.70","3,207,510"
"10-Dec-2025","2,130.00","2,155.50","2,123.70","2,129.50","2,188,267"
"11-Dec-2025","2,129.50","2,205.00","2,119.10","2,180.20","4,995,720"
"12-Dec-2025","2,181.70","2,201.00","2,174.70","2,176.60","2,862,549"
"15-Dec-2025","2,167.10","2,185.60","2,156.50","2,181.30","2,755,980"
"16-Dec-2025","2,178.00","2,194.00","2,171.50","2,182.40","1,708,919"
"17-Dec-2025","2,188.00","2,193.20","2,163.50","2,173.20","1,612,144"
"18-Dec-2025","2,173.20","2,178.90","2,159.90","2,164.60","1,126,680"
"19-Dec-2025","2,168.50","2,177.50","2,156.30","2,159.50","2,300,934"
"22-Dec-2025","2,170.00","2,176.00","2,147.10","2,149.70","1,808,226"
"23-Dec-2025","2,152.50","2,170.90","2,149.70","2,162.70","1,614,163"
"24-Dec-2025","2,168.00","2,178.20","2,161.10","2,163.70","1,558,358"
"26-Dec-2025","2,162.00","2,173.60","2,152.90","2,164.20","738,349"
"29-Dec-2025","2,170.60","2,181.80","2,155.40","2,158.60","971,796"
"30-Dec-2025","2,159.70","2,165.00","2,138.90","2,152.70","5,672,138"
"31-Dec-2025","2,158.00","2,205.40","2,155.70","2,201.10","2,856,889"
"26-Feb-2026","426.70","426.70","421.70","424.00","1,840,910"
"27-Feb-2026","420.50","422.35","414.45","416.05","1,685,733"
