"Date","Open","High","Low","Close","Volume"
"01-Jan-2019","297.50","300.70","293.85","299.60","11,837,127"
"02-Jan-2019","299.10","302.50","293.10","293.90","25,559,853"
"03-Jan-2019","295.00","295.55","290.10","291.10","17,548,347"
"04-Jan-2019","292.10","299.00","291.50","297.65","19,514,041"
"07-Jan-2019","301.05","301.50","295.20","296.30","14,579,399"
"08-Jan-2019","295.80","306.00","294.75","305.30","22,949,961"
"09-Jan-2019","306.00","307.10","300.75","305.30","21,109,911"
"10-Jan-2019","305.10","307.50","303.50","305.55","16,295,468"
"11-Jan-2019","305.40","306.20","300.95","302.75","12,702,551"
"14-Jan-2019","301.00","303.60","299.55","300.40","10,372,933"
"15-Jan-2019","302.00","303.60","301.10","301.65","9,444,374"
"16-Jan-2019","303.00","306.65","302.10","303.15","12,111,480"
"17-Jan-2019","303.90","304.35","295.60","297.40","15,974,634"
"18-Jan-2019","298.75","299.85","294.25","294.95","9,082,501"
"21-Jan-2019","295.90","296.75","291.45","292.45","10,188,647"
"22-Jan-2019","293.00","293.00","288.20","290.25","11,297,989"
"23-Jan-2019","290.45","292.95","285.50","286.65","10,304,608"
"24-Jan-2019","286.65","289.90","285.50","288.05","11,532,528"
"25-Jan-2019","289.60","291.00","283.20","285.40","11,121,223"
"28-Jan-2019","285.65","286.60","277.30","281.60","18,905,470"
"29-Jan-2019","281.00","286.00","276.55","280.60","17,435,611"
"30-Jan-2019","281.20","289.40","280.25","287.45","18,908,654"
"31-Jan-2019","290.00","294.80","288.00","293.65","25,546,487"
"01-Feb-2019","296.90","302.70","282.00","284.40","60,015,958"
"04-Feb-2019","282.40","285.20","277.85","283.95","20,642,919"
"05-Feb-2019","284.20","287.00","283.00","284.65","13,291,133"
"06-Feb-2019","285.85","289.75","283.50","289.05","12,149,759"
"07-Feb-2019","289.40","294.00","286.60","287.40","19,733,315"
"08-Feb-2019","285.60","288.00","282.20","286.00","19,781,908"
"11-Feb-2019","285.95","285.95","280.00","280.50","15,420,017"
"12-Feb-2019","280.65","282.20","274.65","275.40","15,326,106"
"13-Feb-2019","276.50","276.70","266.70","268.20","18,662,893"
"14-Feb-2019","268.00","268.35","263.65","267.10","26,372,671"
"15-Feb-2019","268.85","268.85","261.30","262.95","23,366,091"
"18-Feb-2019","264.40","265.50","258.80","259.95","14,781,744"
"19-Feb-2019","260.90","267.50","260.30","262.90","19,064,306"
"20-Feb-2019","264.50","268.30","264.30","267.70","15,514,595"
"21-Feb-2019","270.30","271.00","267.30","268.00","13,760,702"
"22-Feb-2019","267.90","271.90","267.60","270.95","12,536,918"
"25-Feb-2019","271.30","271.40","267.90","270.15","20,793,897"
"26-Feb-2019","266.80","268.20","263.25","266.35","15,274,303"
"27-Feb-2019","268.00","272.70","266.55","267.65","20,571,652"
"28-Feb-2019","267.70","270.80","267.65","269.05","31,636,468"
"01-Mar-2019","270.55","274.60","270.10","272.95","20,024,726"
"05-Mar-2019","271.70","277.85","271.20","276.45","21,533,972"
"06-Mar-2019","277.30","282.55","276.45","278.10","22,161,376"
"07-Mar-2019","279.45","282.50","277.65","281.75","14,899,105"
"08-Mar-2019","281.85","284.25","279.60","281.20","19,943,319"
"11-Mar-2019","285.30","289.00","283.50","287.35","22,931,245"
"12-Mar-2019","289.20","289.90","285.75","286.90","20,828,136"
"13-Mar-2019","288.10","294.40","284.70","293.15","23,725,641"
"14-Mar-2019","294.50","294.70","290.75","291.90","16,164,017"
"15-Mar-2019","292.60","301.30","292.50","298.40","37,928,480"
"18-Mar-2019","298.90","300.90","294.65","298.95","23,782,967"
"19-Mar-2019","300.15","306.60","299.15","303.05","27,218,691"
"20-Mar-2019","302.80","304.65","300.05","303.80","18,820,555"
"22-Mar-2019","304.30","306.40","296.95","298.05","17,865,957"
"25-Mar-2019","294.00","295.45","292.20","294.00","16,895,511"
"26-Mar-2019","294.75","305.00","294.75","303.50","18,303,791"
"27-Mar-2019","305.25","310.85","304.35","308.80","35,956,450"
"28-Mar-2019","310.10","339.65","309.05","319.00","63,244,736"
"29-Mar-2019","321.10","323.00","316.25","320.75","30,394,717"
"01-Apr-2019","321.80","327.65","321.05","322.75","22,372,357"
"02-Apr-2019","323.65","331.00","322.10","329.00","27,897,583"
"03-Apr-2019","331.00","332.45","319.50","320.50","30,552,104"
"04-Apr-2019","321.50","325.75","318.30","321.80","27,832,294"
"05-Apr-2019","323.70","323.70","315.00","317.05","23,117,232"
"08-Apr-2019","318.25","319.25","311.10","312.80","17,394,139"
"09-Apr-2019","313.95","315.70","308.10","314.75","25,556,039"
"10-Apr-2019","314.85","317.05","310.00","310.90","19,237,974"
"11-Apr-2019","311.00","315.40","308.70","314.90","14,897,935"
"12-Apr-2019","314.60","316.40","311.20","315.25","14,751,964"
"15-Apr-2019","315.50","318.70","313.75","315.60","13,864,791"
"16-Apr-2019","316.60","319.40","314.70","315.75","14,940,726"
"18-Apr-2019","315.80","315.80","308.05","310.80","15,691,168"
"22-Apr-2019","308.80","312.30","306.35","310.05","15,665,440"
"23-Apr-2019","310.05","313.75","304.60","305.25","17,324,274"
"24-Apr-2019","305.85","311.95","303.60","310.75","15,228,591"
"25-Apr-2019","311.00","312.00","305.40","306.20","30,842,477"
"26-Apr-2019","306.90","313.50","306.60","312.50","14,987,906"
"30-Apr-2019","312.00","312.00","305.00","309.95","18,178,758"
"02-May-2019","308.05","311.40","305.65","308.15","16,640,100"
"03-May-2019","309.00","311.80","308.80","310.00","12,452,689"
"06-May-2019","306.80","310.30","305.90","308.75","10,639,216"
"07-May-2019","310.70","313.40","303.75","305.45","15,219,845"
"08-May-2019","303.95","305.30","296.75","298.25","22,103,678"
"09-May-2019","297.60","301.00","296.10","299.30","12,654,440"
"10-May-2019","301.80","310.75","292.45","308.05","60,739,833"
"13-May-2019","310.00","314.20","305.30","306.90","40,101,505"
"14-May-2019","307.85","316.75","305.10","314.65","30,521,436"
"15-May-2019","316.20","317.90","311.00","312.10","27,932,459"
"16-May-2019","312.50","317.10","309.55","315.75","18,147,559"
"17-May-2019","315.65","321.95","313.45","319.25","25,838,962"
"20-May-2019","332.00","345.80","331.00","344.70","53,207,071"
"21-May-2019","345.90","347.55","336.25","337.55","33,457,162"
"22-May-2019","338.90","342.60","333.55","341.10","32,002,499"
"23-May-2019","353.00","364.00","339.20","342.20","74,413,322"
"24-May-2019","344.95","357.00","343.50","355.35","35,703,403"
"27-May-2019","355.05","362.50","354.00","361.70","31,374,994"
"28-May-2019","360.95","361.70","356.65","360.05","23,501,608"
"29-May-2019","358.00","359.00","347.15","348.65","28,370,210"
"30-May-2019","349.75","355.00","347.50","353.55","25,712,604"
"31-May-2019","354.35","357.90","344.65","352.50","32,588,069"
"03-Jun-2019","352.35","356.45","349.65","355.45","18,380,919"
"04-Jun-2019","354.00","357.20","351.40","352.40","18,130,636"
"06-Jun-2019","349.00","349.60","335.90","336.90","41,941,144"
"07-Jun-2019","337.00","342.75","336.00","342.05","29,739,710"
"10-Jun-2019","346.00","347.30","340.15","344.30","20,500,542"
"11-Jun-2019","345.05","348.30","342.85","347.10","16,281,297"
"12-Jun-2019","346.95","346.95","342.30","344.00","11,564,970"
"13-Jun-2019","343.00","347.45","339.80","346.50","15,509,948"
"14-Jun-2019","345.50","346.35","342.55","343.80","10,347,594"
"17-Jun-2019","343.75","343.75","336.95","337.85","13,779,496"
"18-Jun-2019","335.50","344.00","333.80","340.05","21,957,480"
"19-Jun-2019","343.10","345.20","335.50","338.85","16,416,903"
"20-Jun-2019","341.00","346.25","335.60","345.15","20,626,861"
"21-Jun-2019","344.80","350.70","343.15","349.40","24,749,090"
"24-Jun-2019","350.00","354.75","349.65","353.20","17,919,504"
"25-Jun-2019","352.70","357.00","351.25","356.55","15,922,634"
"26-Jun-2019","355.75","359.00","354.30","358.15","15,835,579"
"27-Jun-2019","358.10","363.00","357.25","362.15","29,658,120"
"28-Jun-2019","362.20","365.00","358.70","361.25","22,708,464"
"01-Jul-2019","362.80","363.00","358.50","361.55","12,348,793"
"02-Jul-2019","362.15","365.00","360.35","364.50","14,482,172"
"03-Jul-2019","365.25","366.70","363.00","366.15","12,626,285"
"04-Jul-2019","367.25","370.90","366.20","367.40","19,252,646"
"05-Jul-2019","369.45","373.60","366.00","370.65","30,019,347"
"08-Jul-2019","368.00","368.45","353.50","355.30","27,247,892"
"09-Jul-2019","353.50","360.00","352.50","359.50","16,579,914"
"10-Jul-2019","360.55","361.50","351.30","354.20","18,681,819"
"11-Jul-2019","358.50","364.00","357.00","363.20","20,048,321"
"12-Jul-2019","363.00","366.55","361.50","363.60","14,661,748"
"15-Jul-2019","364.10","365.00","357.60","360.05","15,665,939"
"16-Jul-2019","358.50","366.00","357.65","364.35","16,251,836"
"17-Jul-2019","364.05","373.55","363.05","372.40","17,545,177"
"18-Jul-2019","371.95","373.80","362.55","363.65","21,691,056"
"19-Jul-2019","365.10","366.05","355.15","356.00","22,213,173"
"22-Jul-2019","356.00","359.55","348.70","350.85","19,682,038"
"23-Jul-2019","351.20","353.00","341.00","342.20","27,956,145"
"24-Jul-2019","341.85","344.70","336.25","339.60","20,823,143"
"25-Jul-2019","341.70","343.20","337.40","341.30","19,857,643"
"26-Jul-2019","340.80","346.15","340.50","342.60","16,139,052"
"29-Jul-2019","343.95","346.55","336.80","343.80","17,060,483"
"30-Jul-2019","344.40","346.70","325.85","327.55","24,437,235"
"31-Jul-2019","325.10","333.20","323.90","332.20","22,741,445"
"01-Aug-2019","330.80","331.50","311.35","317.15","40,853,304"
"02-Aug-2019","315.55","322.25","307.05","308.45","64,472,348"
"05-Aug-2019","298.45","302.85","291.70","300.25","48,815,899"
"06-Aug-2019","298.80","304.25","297.25","301.40","30,442,970"
"07-Aug-2019","302.40","302.45","288.80","289.90","30,820,114"
"08-Aug-2019","290.00","295.50","285.60","294.35","32,929,233"
"09-Aug-2019","296.30","298.00","290.05","291.35","23,377,581"
"13-Aug-2019","290.90","291.55","282.50","283.35","24,231,272"
"14-Aug-2019","285.05","291.25","284.50","289.75","18,523,649"
"16-Aug-2019","287.95","292.80","284.30","290.90","20,047,399"
"19-Aug-2019","292.00","292.40","286.00","286.85","19,831,459"
"20-Aug-2019","287.30","287.40","280.65","283.70","23,204,417"
"21-Aug-2019","285.50","285.60","276.30","277.40","28,226,325"
"22-Aug-2019","278.30","278.30","267.30","268.55","27,728,925"
"23-Aug-2019","267.10","275.25","262.70","271.10","35,212,444"
"26-Aug-2019","288.00","288.00","270.00","280.20","64,066,440"
"27-Aug-2019","284.00","288.00","282.60","285.70","45,164,811"
"28-Aug-2019","286.65","286.65","282.20","284.90","18,979,998"
"29-Aug-2019","283.20","284.30","273.30","274.50","27,083,514"
"30-Aug-2019","275.95","277.95","266.85","273.85","45,702,652"
"03-Sep-2019","272.00","272.00","266.95","268.40","21,241,863"
"04-Sep-2019","269.70","275.85","267.25","275.10","27,309,675"
"05-Sep-2019","275.00","276.35","271.05","273.30","25,085,139"
"06-Sep-2019","275.05","277.00","272.10","273.95","16,675,146"
"09-Sep-2019","273.95","278.70","271.00","278.00","18,616,889"
"11-Sep-2019","278.50","285.85","278.50","285.25","20,999,669"
"12-Sep-2019","286.75","288.80","284.15","287.05","21,964,832"
"13-Sep-2019","285.00","292.50","282.00","291.70","27,303,181"
"16-Sep-2019","288.20","290.45","283.80","284.70","18,267,680"
"17-Sep-2019","285.00","286.45","273.00","273.95","21,533,362"
"18-Sep-2019","277.20","282.95","274.40","280.40","25,478,758"
"19-Sep-2019","279.95","279.95","273.05","274.05","23,387,797"
"20-Sep-2019","274.50","307.65","268.40","301.70","84,481,749"
"23-Sep-2019","307.55","316.00","300.40","313.75","54,178,171"
"24-Sep-2019","313.15","315.15","300.80","302.60","40,096,711"
"25-Sep-2019","297.00","297.50","278.70","280.25","73,063,465"
"26-Sep-2019","281.50","289.90","277.00","281.85","79,005,946"
"27-Sep-2019","282.70","286.05","280.00","281.20","37,851,718"
"30-Sep-2019","281.40","281.85","270.15","270.80","41,094,131"
"01-Oct-2019","272.75","275.50","245.55","255.95","79,350,077"
"03-Oct-2019","254.00","260.70","250.10","254.15","56,207,921"
"04-Oct-2019","258.50","260.50","248.55","249.95","60,029,186"
"07-Oct-2019","251.50","253.40","246.85","249.10","39,160,623"
"09-Oct-2019","250.10","262.00","244.35","260.95","60,328,507"
"10-Oct-2019","258.00","258.00","252.60","254.15","37,577,511"
"11-Oct-2019","256.20","261.40","251.50","254.55","43,272,106"
"14-Oct-2019","256.95","259.40","254.00","255.45","28,265,136"
"15-Oct-2019","256.45","259.90","254.80","258.45","23,444,973"
"16-Oct-2019","259.30","261.95","255.00","256.05","30,892,295"
"17-Oct-2019","256.40","266.00","255.60","265.45","37,061,013"
"18-Oct-2019","264.40","271.35","263.20","269.65","33,203,721"
"22-Oct-2019","270.40","275.00","268.50","270.50","27,574,295"
"23-Oct-2019","270.75","277.80","268.65","275.45","31,789,622"
"24-Oct-2019","276.00","277.65","248.65","262.50","63,943,183"
"25-Oct-2019","265.80","284.15","263.55","281.55","105,518,180"
"27-Oct-2019","284.95","284.95","280.25","281.80","12,185,529"
"29-Oct-2019","283.15","285.00","278.55","280.65","51,033,578"
"30-Oct-2019","283.00","291.00","279.25","289.90","51,469,048"
"31-Oct-2019","293.35","317.80","292.75","312.40","128,449,327"
"01-Nov-2019","312.40","315.00","308.60","313.55","44,894,016"
"04-Nov-2019","316.00","319.00","312.35","314.30","31,535,656"
"05-Nov-2019","313.90","322.00","312.80","319.20","50,080,853"
"06-Nov-2019","318.95","318.95","314.00","317.55","32,157,080"
"07-Nov-2019","318.25","323.30","316.80","318.15","33,926,772"
"08-Nov-2019","316.20","321.00","314.50","316.00","25,423,362"
"11-Nov-2019","314.70","319.65","313.10","318.25","20,491,942"
"13-Nov-2019","316.05","318.60","305.65","306.80","32,675,829"
"14-Nov-2019","306.95","309.50","299.70","306.00","43,617,772"
"15-Nov-2019","312.00","323.70","310.05","321.90","95,199,897"
"18-Nov-2019","324.00","329.85","323.75","325.10","39,009,263"
"19-Nov-2019","325.80","331.80","322.10","330.40","41,372,145"
"20-Nov-2019","332.00","332.50","325.10","328.80","29,972,583"
"21-Nov-2019","329.25","332.85","326.55","331.35","34,116,162"
"22-Nov-2019","331.45","333.80","328.25","329.30","28,974,967"
"25-Nov-2019","329.00","337.50","328.35","336.10","27,561,300"
"26-Nov-2019","338.00","340.00","332.60","335.50","36,464,072"
"27-Nov-2019","335.95","345.55","334.05","343.55","33,971,305"
"28-Nov-2019","346.85","351.00","344.50","349.30","42,538,227"
"29-Nov-2019","348.85","348.85","340.60","341.85","23,081,823"
"02-Dec-2019","343.90","344.35","336.20","338.50","20,648,850"
"03-Dec-2019","341.00","342.95","333.35","336.25","26,482,178"
"04-Dec-2019","334.10","342.95","331.85","341.85","26,789,483"
"05-Dec-2019","343.00","344.60","335.15","336.20","30,429,507"
"06-Dec-2019","336.70","337.65","318.00","320.00","47,027,528"
"09-Dec-2019","318.95","327.65","314.75","316.70","52,435,239"
"10-Dec-2019","317.20","322.65","312.25","313.40","52,155,809"
"11-Dec-2019","311.20","315.75","308.00","312.80","52,557,951"
"12-Dec-2019","314.00","322.95","313.55","321.85","37,804,216"
"13-Dec-2019","325.20","333.45","325.00","332.55","40,955,226"
"16-Dec-2019","335.95","337.25","330.80","331.85","35,027,613"
"17-Dec-2019","333.25","335.75","330.65","332.90","26,734,601"
"18-Dec-2019","335.00","335.55","325.80","326.95","26,449,075"
"19-Dec-2019","327.35","329.60","324.50","328.15","27,516,289"
"20-Dec-2019","330.35","339.50","330.35","337.85","51,839,714"
"23-Dec-2019","335.70","338.85","330.35","332.40","30,150,335"
"24-Dec-2019","333.20","334.20","329.20","331.45","21,747,782"
"26-Dec-2019","333.00","333.45","328.10","329.85","24,616,942"
"27-Dec-2019","333.40","338.35","333.00","337.25","33,477,173"
"30-Dec-2019","337.75","337.85","332.50","334.40","22,775,554"
"31-Dec-2019","334.40","336.35","332.55","333.75","23,801,635"
"01-Jan-2020","334.70","335.95","332.15","334.45","17,379,320"
"02-Jan-2020","334.50","339.85","333.35","339.30","20,324,236"
"03-Jan-2020","337.95","337.95","332.00","333.70","21,853,208"
"06-Jan-2020","331.70","331.70","317.70","319.00","35,645,325"
"07-Jan-2020","324.45","327.00","315.40","318.40","50,966,826"
"08-Jan-2020","312.10","321.50","311.00","319.80","44,527,485"
"09-Jan-2020","326.90","331.40","325.00","330.20","40,348,407"
"10-Jan-2020","331.00","337.95","328.10","332.25","42,377,838"
"13-Jan-2020","334.00","335.45","329.05","330.75","23,615,129"
"14-Jan-2020","329.80","331.70","326.50","328.00","26,296,117"
"15-Jan-2020","329.00","329.20","322.35","324.25","32,625,740"
"16-Jan-2020","324.00","326.90","322.35","323.30","26,653,623"
"17-Jan-2020","313.00","323.50","310.10","318.00","58,396,326"
"20-Jan-2020","321.00","321.45","313.40","314.00","30,682,902"
"21-Jan-2020","313.80","316.95","312.00","313.70","30,591,772"
"22-Jan-2020","317.00","317.00","313.70","316.15","24,994,911"
"23-Jan-2020","316.00","324.80","314.15","323.20","33,293,610"
"24-Jan-2020","323.50","327.30","321.15","324.05","22,706,879"
"27-Jan-2020","320.90","322.00","315.80","316.20","23,309,355"
"28-Jan-2020","317.95","320.00","311.05","315.10","26,488,426"
"29-Jan-2020","317.85","319.70","315.55","316.45","23,914,114"
"30-Jan-2020","316.75","316.75","305.65","310.70","35,802,330"
"31-Jan-2020","313.70","321.70","308.60","318.45","92,656,638"
"01-Feb-2020","317.95","322.65","296.30","302.60","61,841,736"
"03-Feb-2020","303.00","306.85","295.35","298.10","56,060,158"
"04-Feb-2020","302.90","307.55","297.10","306.25","51,141,567"
"05-Feb-2020","306.90","313.65","304.60","311.00","35,014,841"
"06-Feb-2020","311.20","323.50","310.10","321.95","57,757,656"
"07-Feb-2020","321.50","325.00","318.40","320.55","37,126,803"
"10-Feb-2020","319.80","322.80","316.50","318.50","24,816,396"
"11-Feb-2020","321.05","325.80","321.05","324.35","30,188,757"
"12-Feb-2020","329.90","329.90","319.25","320.20","38,930,849"
"13-Feb-2020","322.00","330.95","322.00","327.45","62,516,057"
"14-Feb-2020","328.10","331.90","318.55","319.40","48,205,947"
"17-Feb-2020","320.95","321.15","311.65","314.20","36,950,692"
"18-Feb-2020","315.40","319.20","309.40","317.55","38,588,583"
"19-Feb-2020","322.30","324.00","317.25","320.35","39,846,727"
"20-Feb-2020","319.35","329.20","318.75","327.65","40,150,409"
"24-Feb-2020","325.75","331.30","321.85","322.95","45,273,936"
"25-Feb-2020","325.90","328.15","322.20","326.80","39,050,709"
"26-Feb-2020","324.85","330.80","324.20","328.20","43,915,281"
"27-Feb-2020","328.00","330.00","318.00","321.95","47,010,040"
"28-Feb-2020","312.00","314.65","301.10","303.00","59,705,346"
"02-Mar-2020","311.00","312.00","284.05","287.40","66,711,413"
"03-Mar-2020","293.00","294.40","285.30","289.85","61,949,382"
"04-Mar-2020","291.80","293.00","275.10","285.30","73,675,736"
"05-Mar-2020","290.90","298.40","270.00","288.50","149,245,973"
"06-Mar-2020","268.00","274.40","253.95","270.50","106,043,172"
"09-Mar-2020","260.05","262.75","251.15","253.45","101,294,751"
"11-Mar-2020","253.00","258.50","243.10","245.10","90,847,179"
"12-Mar-2020","231.90","231.90","208.60","212.60","99,770,256"
"13-Mar-2020","200.00","248.80","184.65","242.00","155,703,140"
"16-Mar-2020","227.90","231.40","220.60","223.35","75,584,607"
"17-Mar-2020","227.20","229.90","212.05","215.15","65,414,721"
"18-Mar-2020","221.00","223.15","200.10","215.20","101,405,421"
"19-Mar-2020","202.95","219.75","198.15","203.65","93,535,977"
"20-Mar-2020","205.55","215.70","200.00","209.85","77,393,021"
"23-Mar-2020","190.00","199.50","180.25","181.60","61,751,758"
"24-Mar-2020","190.95","191.95","173.55","183.20","67,492,010"
"25-Mar-2020","178.00","195.25","176.45","189.90","71,568,237"
"26-Mar-2020","191.55","201.00","185.10","192.75","107,260,674"
"27-Mar-2020","202.00","211.90","195.00","195.95","114,746,995"
"30-Mar-2020","190.00","195.00","186.25","186.90","60,083,237"
"31-Mar-2020","192.00","198.50","188.05","196.85","59,543,906"
"01-Apr-2020","194.00","194.50","185.25","186.55","52,954,482"
"03-Apr-2020","187.55","188.20","175.00","175.50","64,455,937"
"07-Apr-2020","184.40","187.30","177.60","186.40","72,133,717"
"08-Apr-2020","182.90","194.40","180.45","183.00","80,436,673"
"09-Apr-2020","188.00","190.00","183.60","187.75","62,417,301"
"13-Apr-2020","186.80","188.70","183.10","183.50","51,847,574"
"15-Apr-2020","187.00","191.95","180.15","182.35","72,190,294"
"16-Apr-2020","182.00","189.90","180.25","188.50","61,165,997"
"17-Apr-2020","196.00","198.00","186.30","193.25","89,858,053"
"20-Apr-2020","194.00","197.35","190.05","192.50","81,961,666"
"21-Apr-2020","188.00","188.20","183.00","184.75","53,043,573"
"22-Apr-2020","185.50","189.50","181.35","188.70","61,503,792"
"23-Apr-2020","187.75","189.90","185.15","186.70","50,957,437"
"24-Apr-2020","184.00","184.00","179.00","179.75","65,146,846"
"27-Apr-2020","183.50","183.50","180.50","180.90","43,003,001"
"28-Apr-2020","182.00","185.35","181.20","184.30","49,590,249"
"29-Apr-2020","185.00","191.80","183.50","190.10","57,470,639"
"30-Apr-2020","193.50","195.90","189.70","190.50","63,069,460"
"04-May-2020","182.45","183.50","178.00","178.85","58,122,608"
"05-May-2020","181.00","181.25","168.80","170.40","91,050,629"
"06-May-2020","171.15","173.30","166.55","171.10","73,156,881"
"07-May-2020","170.85","172.55","168.80","170.75","42,944,139"
"08-May-2020","172.45","173.80","166.10","166.65","55,935,527"
"11-May-2020","167.95","168.90","165.00","165.45","54,594,499"
"12-May-2020","164.20","168.50","160.85","166.90","70,752,913"
"13-May-2020","178.55","178.55","170.50","174.10","81,721,884"
"14-May-2020","170.95","171.75","167.50","167.95","48,137,099"
"15-May-2020","167.95","168.25","164.70","166.40","35,498,484"
"18-May-2020","166.40","166.40","155.00","155.30","77,350,889"
"19-May-2020","157.50","157.85","152.40","152.80","71,522,983"
"20-May-2020","153.00","155.25","151.15","153.40","66,178,068"
"21-May-2020","153.65","156.15","151.50","151.95","61,150,189"
"22-May-2020","152.00","155.60","149.45","150.85","87,069,955"
"26-May-2020","152.40","153.20","150.20","151.40","48,281,208"
"27-May-2020","151.95","160.80","150.80","158.60","88,206,678"
"28-May-2020","159.45","162.40","156.70","158.20","76,970,390"
"29-May-2020","156.10","161.90","155.20","161.30","58,368,035"
"01-Jun-2020","164.00","171.40","163.35","170.05","92,742,124"
"02-Jun-2020","169.90","171.30","167.20","170.25","70,422,258"
"03-Jun-2020","172.50","179.90","172.00","174.90","113,173,574"
"04-Jun-2020","174.90","177.65","171.50","174.05","83,495,015"
"05-Jun-2020","176.55","189.80","176.00","187.80","201,325,176"
"08-Jun-2020","197.00","197.50","185.80","186.80","151,750,421"
"09-Jun-2020","187.70","191.00","183.35","184.45","96,656,234"
"10-Jun-2020","184.55","189.00","183.80","187.70","67,335,901"
"11-Jun-2020","188.00","190.40","176.35","177.15","91,729,798"
"12-Jun-2020","170.00","180.00","169.80","179.15","92,761,694"
"15-Jun-2020","177.85","177.85","172.00","173.70","63,617,286"
"16-Jun-2020","178.00","178.95","169.40","172.90","63,929,925"
"17-Jun-2020","171.00","176.20","169.25","172.95","73,867,145"
"18-Jun-2020","172.40","180.65","171.10","179.65","58,262,367"
"19-Jun-2020","180.30","184.95","179.50","184.50","76,897,890"
"22-Jun-2020","185.00","191.75","184.25","187.70","80,024,673"
"23-Jun-2020","189.60","193.10","187.85","192.45","65,487,726"
"24-Jun-2020","194.80","194.90","183.90","184.60","74,670,206"
"25-Jun-2020","182.20","186.80","180.40","185.25","73,626,947"
"26-Jun-2020","188.00","188.60","183.80","184.60","49,178,705"
"29-Jun-2020","183.00","183.10","178.50","179.25","50,967,079"
"30-Jun-2020","181.10","182.90","177.25","178.45","43,616,291"
"01-Jul-2020","179.45","185.40","178.60","184.80","54,015,536"
"02-Jul-2020","185.65","188.00","184.00","185.45","52,127,613"
"03-Jul-2020","186.65","186.85","183.40","184.70","38,050,996"
"06-Jul-2020","186.60","189.85","186.15","188.05","43,789,749"
"07-Jul-2020","187.00","189.20","184.05","188.60","55,124,984"
"08-Jul-2020","188.90","197.45","188.40","191.90","143,083,196"
"09-Jul-2020","192.80","201.00","192.55","199.10","89,540,860"
"10-Jul-2020","198.00","202.50","194.80","195.60","111,410,003"
"13-Jul-2020","198.80","199.80","191.60","192.70","61,952,344"
"14-Jul-2020","192.30","192.30","184.60","186.05","62,243,325"
"15-Jul-2020","187.95","189.95","183.00","183.80","58,528,072"
"16-Jul-2020","185.00","186.95","181.65","186.25","46,549,518"
"17-Jul-2020","186.80","189.50","185.00","188.20","47,035,751"
"20-Jul-2020","190.00","193.25","188.75","190.75","45,680,606"
"21-Jul-2020","192.45","196.20","191.50","194.40","59,286,092"
"22-Jul-2020","195.70","196.75","190.10","192.00","62,276,770"
"23-Jul-2020","192.40","199.10","191.15","198.25","70,802,269"
"24-Jul-2020","195.70","196.30","190.65","191.95","65,266,228"
"27-Jul-2020","193.00","193.20","186.50","187.15","50,714,366"
"28-Jul-2020","188.00","190.50","185.75","189.45","51,490,418"
"29-Jul-2020","187.60","195.25","187.00","191.20","73,766,851"
"30-Jul-2020","192.50","193.50","186.05","186.55","48,478,733"
"31-Jul-2020","188.00","194.85","186.70","191.45","145,903,102"
"03-Aug-2020","192.00","194.60","190.05","192.25","72,457,670"
"04-Aug-2020","193.35","193.80","190.50","191.60","43,867,110"
"05-Aug-2020","192.75","196.85","191.00","191.45","68,888,954"
"06-Aug-2020","192.30","194.50","190.25","190.95","59,740,299"
"07-Aug-2020","191.45","192.10","189.55","190.65","44,822,757"
"10-Aug-2020","191.85","195.50","191.70","193.80","48,785,067"
"11-Aug-2020","195.00","196.80","193.75","195.05","43,892,064"
"12-Aug-2020","196.00","204.25","194.60","203.30","157,820,882"
"13-Aug-2020","205.50","207.30","200.75","201.90","70,443,500"
"14-Aug-2020","203.00","204.00","194.60","196.50","56,176,117"
"17-Aug-2020","198.45","198.65","191.50","193.10","54,788,249"
"18-Aug-2020","193.80","195.75","191.70","195.10","46,295,650"
"19-Aug-2020","196.40","200.30","195.90","197.05","59,302,164"
"20-Aug-2020","194.00","196.35","193.25","194.75","37,505,379"
"21-Aug-2020","199.00","201.50","197.65","198.40","68,047,789"
"24-Aug-2020","200.00","202.80","198.60","201.45","53,866,579"
"25-Aug-2020","204.00","208.45","202.70","207.95","105,397,006"
"26-Aug-2020","208.50","210.35","206.15","209.85","66,750,983"
"27-Aug-2020","210.50","216.50","210.50","215.65","80,999,489"
"28-Aug-2020","217.00","225.90","216.80","224.85","95,983,850"
"31-Aug-2020","231.55","231.55","210.35","212.00","119,990,567"
"01-Sep-2020","213.10","218.90","211.20","218.10","75,048,317"
"02-Sep-2020","218.25","219.00","212.30","216.25","47,608,719"
"03-Sep-2020","217.50","218.25","212.30","213.15","38,595,597"
"04-Sep-2020","210.00","212.30","205.90","206.60","54,435,819"
"07-Sep-2020","207.50","209.65","205.40","207.90","35,687,677"
"08-Sep-2020","207.90","208.50","202.90","204.05","34,147,081"
"09-Sep-2020","201.10","201.40","192.50","194.85","72,716,962"
"10-Sep-2020","197.70","201.45","195.20","198.15","67,790,247"
"11-Sep-2020","198.55","203.85","197.00","202.70","48,488,142"
"14-Sep-2020","205.90","206.20","197.35","198.50","63,606,706"
"15-Sep-2020","199.90","201.00","197.10","200.15","51,762,796"
"16-Sep-2020","199.85","200.05","196.25","198.20","52,407,160"
"17-Sep-2020","197.00","198.00","195.00","195.45","41,226,058"
"18-Sep-2020","196.00","197.20","189.70","192.60","55,286,449"
"21-Sep-2020","193.05","193.50","184.25","185.80","57,614,739"
"22-Sep-2020","186.15","188.30","181.15","186.20","51,216,440"
"23-Sep-2020","188.15","188.95","181.00","183.80","44,321,881"
"24-Sep-2020","181.10","181.80","175.50","176.35","46,115,352"
"25-Sep-2020","179.00","182.75","176.15","182.20","46,550,618"
"28-Sep-2020","184.00","188.15","183.35","187.25","41,921,659"
"29-Sep-2020","188.50","188.95","183.25","185.05","35,688,939"
"30-Sep-2020","185.05","186.80","182.40","185.40","37,642,302"
"01-Oct-2020","187.00","191.20","186.90","190.30","43,589,041"
"05-Oct-2020","192.00","193.80","187.05","188.75","41,694,812"
"06-Oct-2020","191.10","192.10","188.30","191.60","31,098,807"
"07-Oct-2020","192.55","193.15","189.10","190.70","34,578,821"
"08-Oct-2020","191.35","195.80","190.55","191.50","43,351,954"
"09-Oct-2020","192.00","198.80","190.55","198.30","64,908,374"
"12-Oct-2020","199.70","205.95","197.25","198.70","69,125,880"
"13-Oct-2020","198.65","200.00","195.10","195.70","34,949,604"
"14-Oct-2020","194.05","200.90","193.05","200.05","40,550,062"
"15-Oct-2020","201.00","202.50","192.00","192.85","49,184,944"
"16-Oct-2020","194.00","196.75","191.60","195.95","36,894,938"
"19-Oct-2020","196.20","204.60","196.05","204.00","60,223,657"
"20-Oct-2020","201.00","204.35","200.70","203.05","39,317,197"
"21-Oct-2020","204.70","207.30","198.85","203.75","54,516,482"
"22-Oct-2020","201.90","204.60","201.10","203.30","33,721,761"
"23-Oct-2020","204.00","205.60","201.55","202.80","32,708,098"
"26-Oct-2020","202.70","204.00","195.60","196.70","45,471,498"
"27-Oct-2020","197.25","197.55","192.25","194.65","37,802,664"
"28-Oct-2020","195.00","195.00","189.05","190.45","46,462,213"
"29-Oct-2020","189.35","190.70","185.90","188.70","44,823,105"
"30-Oct-2020","189.35","192.00","186.15","189.25","41,520,135"
"02-Nov-2020","192.20","197.25","190.05","196.05","52,600,119"
"03-Nov-2020","198.00","205.80","197.60","204.75","69,890,201"
"04-Nov-2020","203.50","209.00","198.05","207.00","117,577,856"
"05-Nov-2020","216.00","221.00","214.75","218.65","138,023,646"
"06-Nov-2020","219.00","221.85","217.05","219.20","73,147,085"
"09-Nov-2020","222.50","222.65","217.05","219.50","60,359,458"
"10-Nov-2020","223.10","235.00","223.00","231.70","135,294,550"
"11-Nov-2020","232.75","239.35","227.75","234.20","107,094,861"
"12-Nov-2020","233.20","233.35","225.65","226.80","58,859,905"
"13-Nov-2020","225.00","230.65","220.10","229.45","70,676,525"
"14-Nov-2020","232.00","232.90","227.75","229.65","7,753,219"
"17-Nov-2020","231.85","241.60","231.00","240.20","80,501,583"
"18-Nov-2020","239.40","253.00","237.90","252.00","104,514,060"
"19-Nov-2020","248.00","251.80","239.00","239.75","82,284,278"
"20-Nov-2020","241.50","245.40","233.95","242.75","84,411,129"
"23-Nov-2020","243.50","246.15","238.10","238.70","57,538,324"
"24-Nov-2020","240.50","245.00","239.50","243.85","47,636,611"
"25-Nov-2020","245.45","249.90","241.60","243.00","74,767,232"
"26-Nov-2020","244.00","246.25","240.15","245.45","64,248,318"
"27-Nov-2020","245.45","246.25","242.05","244.25","54,355,703"
"01-Dec-2020","245.00","248.95","244.25","248.05","37,003,272"
"02-Dec-2020","248.35","250.85","244.10","246.95","56,723,083"
"03-Dec-2020","249.30","259.00","248.00","256.30","79,266,442"
"04-Dec-2020","257.00","264.35","253.55","263.50","79,252,024"
"07-Dec-2020","263.80","271.45","263.00","269.60","76,053,084"
"08-Dec-2020","270.95","273.70","265.25","271.90","65,617,502"
"09-Dec-2020","272.10","274.90","269.20","270.35","48,495,641"
"10-Dec-2020","269.00","271.00","265.55","269.55","38,676,657"
"11-Dec-2020","270.05","276.25","270.05","272.45","50,255,223"
"14-Dec-2020","274.00","276.15","272.35","274.20","31,946,501"
"15-Dec-2020","274.05","274.05","268.15","270.65","34,890,948"
"16-Dec-2020","272.80","273.65","268.50","269.40","24,844,177"
"17-Dec-2020","270.00","272.15","266.70","267.70","25,904,699"
"18-Dec-2020","267.70","271.95","265.00","271.45","29,816,205"
"21-Dec-2020","268.45","269.00","251.05","254.70","55,160,758"
"22-Dec-2020","254.80","258.70","248.25","257.45","51,189,571"
"23-Dec-2020","256.95","263.90","255.60","263.00","29,056,404"
"24-Dec-2020","265.00","268.85","264.65","266.85","28,585,509"
"28-Dec-2020","268.75","276.00","268.00","275.20","36,870,242"
"29-Dec-2020","276.30","279.90","274.70","277.90","45,032,526"
"30-Dec-2020","278.00","278.70","272.50","276.90","30,971,894"
"31-Dec-2020","275.00","277.25","272.60","274.95","29,467,966"
"01-Jan-2021","274.90","280.00","274.40","279.40","24,531,791"
"04-Jan-2021","281.85","283.90","277.75","281.05","31,450,608"
"05-Jan-2021","278.05","282.45","277.00","281.75","27,393,072"
"06-Jan-2021","283.00","289.15","281.40","285.05","40,765,708"
"07-Jan-2021","289.00","291.80","287.00","287.70","30,546,600"
"08-Jan-2021","290.10","291.40","285.20","286.00","32,543,357"
"11-Jan-2021","288.00","288.20","279.60","282.50","29,703,173"
"12-Jan-2021","280.00","293.85","277.90","292.50","44,307,145"
"13-Jan-2021","296.00","308.00","294.50","306.80","78,042,133"
"14-Jan-2021","306.70","309.25","303.80","307.25","40,123,498"
"15-Jan-2021","306.80","310.90","301.30","303.85","35,307,601"
"18-Jan-2021","303.50","308.65","292.20","294.45","54,969,750"
"19-Jan-2021","297.65","302.50","296.40","298.60","35,803,901"
"20-Jan-2021","298.80","304.70","296.85","302.55","33,759,304"
"21-Jan-2021","304.00","305.15","291.50","294.85","29,995,203"
"22-Jan-2021","295.50","298.00","282.40","283.70","44,440,810"
"25-Jan-2021","284.50","288.00","277.05","280.95","34,034,630"
"27-Jan-2021","280.20","284.85","272.70","275.65","39,211,107"
"28-Jan-2021","271.90","283.35","269.50","282.35","48,717,297"
"29-Jan-2021","285.60","290.65","279.10","282.10","42,300,984"
"01-Feb-2021","285.10","313.90","282.75","310.70","103,414,068"
"02-Feb-2021","315.00","337.40","315.00","333.10","121,434,166"
"03-Feb-2021","333.75","339.90","325.80","335.95","66,420,168"
"04-Feb-2021","334.40","358.00","331.10","355.10","145,203,439"
"05-Feb-2021","387.00","408.35","385.15","393.10","214,955,688"
"08-Feb-2021","398.00","407.80","394.75","397.05","79,389,205"
"09-Feb-2021","396.75","403.50","389.00","394.80","63,869,990"
"10-Feb-2021","394.05","397.90","388.00","392.25","54,163,507"
"11-Feb-2021","391.80","396.95","388.25","390.15","36,392,708"
"12-Feb-2021","391.00","399.35","385.55","393.15","53,589,755"
"15-Feb-2021","397.50","409.45","395.70","406.95","56,608,937"
"16-Feb-2021","412.00","415.75","400.30","402.35","80,365,431"
"17-Feb-2021","403.00","414.85","400.15","411.75","74,161,370"
"18-Feb-2021","425.05","427.70","413.70","415.20","67,154,539"
"19-Feb-2021","415.00","415.00","395.00","399.55","66,155,518"
"22-Feb-2021","400.60","401.00","385.65","389.50","52,535,049"
"23-Feb-2021","392.00","399.70","389.00","395.60","45,462,768"
"24-Feb-2021","397.00","410.50","395.20","406.25","39,632,090"
"25-Feb-2021","411.00","414.90","406.55","407.25","46,988,836"
"26-Feb-2021","399.50","401.00","387.00","390.15","64,450,414"
"01-Mar-2021","395.10","397.70","391.00","394.95","29,677,890"
"02-Mar-2021","395.00","399.55","390.55","394.20","30,534,337"
"03-Mar-2021","396.50","408.90","396.00","405.05","46,268,223"
"04-Mar-2021","398.70","403.50","394.45","395.65","43,603,653"
"05-Mar-2021","395.00","395.00","378.10","383.65","72,179,228"
"08-Mar-2021","388.45","393.40","386.05","389.60","39,147,858"
"09-Mar-2021","393.45","394.90","382.25","387.60","28,054,083"
"10-Mar-2021","391.10","393.00","385.70","387.70","22,677,399"
"12-Mar-2021","391.70","393.20","377.50","381.10","35,336,355"
"15-Mar-2021","382.50","386.00","369.35","383.90","42,722,976"
"16-Mar-2021","385.60","387.85","376.10","378.55","38,196,452"
"17-Mar-2021","378.20","379.65","366.05","368.15","33,143,064"
"18-Mar-2021","371.50","375.00","361.10","367.10","39,405,038"
"19-Mar-2021","363.95","372.90","357.25","371.15","60,309,145"
"22-Mar-2021","372.00","372.80","363.50","367.00","28,461,974"
"23-Mar-2021","368.70","377.95","367.05","372.70","41,032,380"
"24-Mar-2021","368.50","369.05","358.65","359.85","42,318,999"
"25-Mar-2021","360.00","360.85","345.20","355.20","57,495,003"
"26-Mar-2021","360.00","362.00","354.55","357.20","40,718,848"
"30-Mar-2021","360.10","364.30","356.30","360.80","39,407,496"
"31-Mar-2021","360.30","367.85","357.95","364.30","38,651,025"
"01-Apr-2021","367.70","371.90","363.10","370.65","31,883,453"
"05-Apr-2021","367.50","369.20","349.05","353.55","51,743,981"
"06-Apr-2021","355.70","357.00","349.30","350.55","44,147,709"
"07-Apr-2021","351.25","363.20","347.60","358.55","48,023,602"
"08-Apr-2021","361.00","363.30","354.30","355.60","33,370,259"
"09-Apr-2021","354.40","364.50","351.20","353.00","46,473,100"
"12-Apr-2021","344.00","344.00","322.55","328.85","75,501,713"
"13-Apr-2021","332.00","342.25","330.50","341.00","49,773,360"
"15-Apr-2021","342.10","347.55","336.10","342.70","52,992,349"
"16-Apr-2021","343.00","345.50","338.65","339.90","37,766,793"
"19-Apr-2021","327.15","332.05","321.30","331.15","53,304,377"
"20-Apr-2021","335.10","339.90","326.70","329.50","41,296,147"
"22-Apr-2021","326.00","337.65","323.30","336.65","49,105,833"
"23-Apr-2021","331.65","339.90","331.65","336.45","44,223,940"
"26-Apr-2021","339.25","347.45","339.25","344.30","49,234,985"
"27-Apr-2021","344.00","354.95","342.40","353.05","46,003,023"
"28-Apr-2021","357.00","364.30","356.05","363.40","56,696,255"
"29-Apr-2021","365.00","369.95","355.50","359.40","63,692,926"
"30-Apr-2021","353.45","362.50","350.45","353.50","53,832,840"
"03-May-2021","349.60","352.50","341.40","350.60","43,691,860"
"04-May-2021","355.00","362.90","350.20","351.50","57,749,307"
"05-May-2021","356.50","357.45","348.00","355.40","40,872,501"
"06-May-2021","358.00","359.35","350.55","355.55","36,294,427"
"07-May-2021","357.50","362.00","353.00","358.25","38,357,618"
"10-May-2021","360.50","367.00","358.80","361.70","41,739,324"
"11-May-2021","356.85","366.40","354.75","364.65","41,892,770"
"12-May-2021","362.80","373.50","361.90","367.70","53,436,590"
"14-May-2021","370.00","372.50","359.55","360.45","51,722,170"
"17-May-2021","364.40","385.20","363.65","383.10","106,555,796"
"18-May-2021","390.00","392.55","380.05","382.25","70,917,710"
"19-May-2021","382.00","389.50","381.20","384.40","48,189,573"
"20-May-2021","387.00","387.80","382.00","384.55","42,898,608"
"21-May-2021","390.00","404.40","378.00","401.20","192,810,772"
"24-May-2021","417.00","419.20","405.30","412.05","142,964,052"
"25-May-2021","415.10","415.50","408.50","412.35","56,048,127"
"26-May-2021","413.80","418.75","410.80","413.55","52,357,719"
"27-May-2021","413.70","429.10","412.00","425.20","73,392,997"
"28-May-2021","430.50","433.65","420.05","422.05","65,137,568"
"31-May-2021","421.00","426.00","418.00","424.35","38,291,043"
"01-Jun-2021","426.05","435.35","425.60","432.55","59,299,647"
"02-Jun-2021","430.80","437.95","429.15","437.25","38,657,806"
"03-Jun-2021","437.00","441.95","433.50","439.65","38,909,199"
"04-Jun-2021","437.50","441.90","431.75","433.60","36,898,769"
"07-Jun-2021","435.10","437.40","430.80","432.25","20,201,197"
"08-Jun-2021","432.25","432.50","424.00","427.20","31,113,823"
"09-Jun-2021","427.50","432.30","418.20","421.45","27,784,834"
"10-Jun-2021","424.90","433.30","422.40","432.25","27,397,712"
"11-Jun-2021","434.85","435.50","425.25","429.60","26,831,924"
"14-Jun-2021","427.00","432.45","416.70","430.35","30,106,015"
"15-Jun-2021","429.20","432.80","428.00","429.50","16,413,658"
"16-Jun-2021","428.00","432.75","425.00","425.95","19,701,175"
"17-Jun-2021","421.00","425.95","416.60","420.25","23,048,331"
"18-Jun-2021","423.90","423.90","402.65","412.90","45,748,727"
"21-Jun-2021","406.35","421.00","400.50","419.75","33,128,978"
"22-Jun-2021","423.00","425.45","417.30","418.65","28,442,965"
"23-Jun-2021","421.10","424.75","415.00","418.85","27,564,829"
"24-Jun-2021","420.35","422.75","416.30","417.20","19,214,547"
"25-Jun-2021","421.00","431.00","419.05","428.80","29,886,797"
"28-Jun-2021","430.70","433.15","424.55","426.75","29,370,660"
"29-Jun-2021","427.50","428.95","420.55","421.50","22,275,961"
"30-Jun-2021","423.00","424.90","418.30","419.20","18,337,773"
"01-Jul-2021","420.30","423.70","417.15","420.40","16,161,469"
"02-Jul-2021","420.30","425.40","419.00","424.40","16,423,811"
"05-Jul-2021","426.50","434.50","424.25","432.65","16,483,761"
"06-Jul-2021","431.70","436.50","428.20","429.75","20,195,278"
"07-Jul-2021","429.35","434.00","427.55","432.85","14,473,774"
"08-Jul-2021","432.80","435.40","422.10","424.45","21,433,043"
"09-Jul-2021","425.00","427.50","421.05","423.75","16,844,494"
"12-Jul-2021","426.50","430.25","424.60","427.45","12,886,781"
"13-Jul-2021","430.00","431.80","428.30","429.10","12,831,125"
"14-Jul-2021","429.00","432.30","426.40","431.05","12,767,351"
"15-Jul-2021","432.70","432.95","429.65","431.70","11,030,732"
"16-Jul-2021","432.00","432.50","427.45","430.00","8,713,863"
"19-Jul-2021","423.40","429.45","418.85","427.90","14,426,686"
"20-Jul-2021","427.00","427.00","418.90","420.90","14,623,321"
"22-Jul-2021","425.55","426.70","420.90","422.05","11,799,761"
"23-Jul-2021","422.90","429.95","419.50","428.90","17,704,661"
"26-Jul-2021","427.80","427.80","422.30","423.30","14,037,519"
"27-Jul-2021","424.15","433.25","424.00","429.95","24,119,619"
"28-Jul-2021","430.00","430.50","421.05","425.50","17,636,515"
"29-Jul-2021","426.00","443.60","425.50","441.55","35,263,606"
"30-Jul-2021","441.50","444.40","430.70","431.80","35,196,813"
"02-Aug-2021","434.75","436.70","431.80","434.90","16,926,025"
"03-Aug-2021","434.95","447.90","433.60","446.50","40,922,962"
"04-Aug-2021","448.65","467.45","441.50","456.95","129,761,158"
"05-Aug-2021","461.00","462.50","438.40","441.85","58,595,639"
"06-Aug-2021","443.70","447.00","434.00","435.65","38,236,066"
"09-Aug-2021","437.90","441.80","431.00","433.40","22,196,404"
"10-Aug-2021","434.40","436.40","421.70","426.45","27,794,251"
"11-Aug-2021","429.80","432.90","423.15","428.05","23,827,946"
"12-Aug-2021","430.00","430.45","425.00","427.15","16,847,144"
"13-Aug-2021","427.60","432.25","425.00","431.20","20,908,992"
"16-Aug-2021","430.00","434.00","424.00","424.85","17,608,693"
"17-Aug-2021","424.85","425.85","415.25","421.50","22,957,877"
"18-Aug-2021","422.15","424.35","418.00","419.70","17,668,574"
"20-Aug-2021","415.00","417.35","405.15","406.70","25,541,790"
"23-Aug-2021","411.10","413.00","401.25","409.50","26,559,937"
"24-Aug-2021","409.50","418.75","408.20","417.60","19,012,313"
"25-Aug-2021","419.00","421.30","414.30","416.25","16,410,980"
"26-Aug-2021","414.50","415.80","410.00","410.75","15,897,679"
"27-Aug-2021","410.35","414.35","407.50","412.45","15,090,541"
"30-Aug-2021","414.40","423.30","413.50","422.70","20,308,691"
"31-Aug-2021","423.85","427.00","418.70","426.05","26,262,421"
"01-Sep-2021","427.50","432.55","425.15","429.90","18,776,721"
"02-Sep-2021","431.40","433.50","427.75","429.75","14,372,717"
"03-Sep-2021","431.25","434.30","428.20","431.40","14,233,624"
"06-Sep-2021","432.00","433.85","430.05","431.05","10,694,099"
"07-Sep-2021","431.05","431.70","425.10","429.10","14,928,735"
"08-Sep-2021","429.00","435.40","427.35","431.35","22,817,464"
"09-Sep-2021","430.25","433.80","430.00","432.30","9,662,128"
"13-Sep-2021","430.10","433.80","428.80","432.85","9,567,921"
"14-Sep-2021","435.00","436.75","432.25","433.00","9,981,562"
"15-Sep-2021","433.00","445.00","431.45","443.85","22,181,568"
"16-Sep-2021","444.85","466.10","442.75","463.70","42,637,448"
"17-Sep-2021","468.00","471.90","450.35","454.10","41,529,478"
"20-Sep-2021","449.40","453.50","435.65","437.45","18,376,916"
"21-Sep-2021","440.15","441.35","432.65","438.80","17,279,588"
"22-Sep-2021","438.90","442.80","436.10","438.85","14,321,143"
"23-Sep-2021","442.40","451.15","442.05","449.80","20,516,770"
"24-Sep-2021","451.10","451.90","440.00","440.75","10,731,274"
"27-Sep-2021","444.90","450.55","442.25","446.60","11,746,892"
"28-Sep-2021","449.20","455.80","439.60","444.90","19,241,170"
"29-Sep-2021","441.85","462.30","439.10","460.00","38,635,938"
"30-Sep-2021","459.95","464.90","451.40","453.00","26,530,369"
"01-Oct-2021","448.50","455.55","443.80","451.65","14,777,309"
"04-Oct-2021","453.80","464.40","451.60","463.15","16,246,765"
"05-Oct-2021","462.00","469.00","458.70","464.70","16,487,568"
"06-Oct-2021","465.00","471.00","453.65","457.20","19,056,690"
"07-Oct-2021","462.10","464.00","457.10","457.90","9,984,651"
"08-Oct-2021","461.90","464.00","454.25","458.00","16,521,128"
"11-Oct-2021","460.00","474.95","458.65","469.25","20,686,981"
"12-Oct-2021","470.00","484.40","468.10","483.00","33,763,609"
"13-Oct-2021","486.15","486.15","478.00","481.70","17,638,983"
"14-Oct-2021","482.00","493.90","482.00","490.60","23,431,826"
"18-Oct-2021","494.00","501.00","491.70","497.95","20,084,248"
"19-Oct-2021","500.35","504.20","483.25","488.20","20,645,100"
"20-Oct-2021","488.80","507.50","483.10","499.90","34,080,545"
"21-Oct-2021","504.90","506.50","491.75","502.95","20,808,243"
"22-Oct-2021","504.60","508.70","500.00","502.95","24,080,485"
"25-Oct-2021","506.50","515.45","497.85","506.50","35,619,415"
"26-Oct-2021","507.60","518.20","507.60","512.55","21,107,457"
"27-Oct-2021","513.70","526.85","512.75","519.15","29,463,032"
"28-Oct-2021","519.60","520.55","497.60","501.35","28,140,401"
"29-Oct-2021","501.50","512.65","488.40","502.15","31,355,893"
"01-Nov-2021","508.50","516.95","501.00","515.70","20,679,604"
"02-Nov-2021","514.80","525.00","512.05","521.70","26,797,820"
"03-Nov-2021","524.00","542.30","515.20","527.65","80,775,924"
"04-Nov-2021","531.50","535.90","528.05","530.45","9,796,046"
"08-Nov-2021","534.45","534.45","516.45","523.25","36,802,110"
"09-Nov-2021","526.25","532.00","522.20","529.15","25,451,967"
"10-Nov-2021","525.55","528.50","521.50","524.40","15,805,538"
"11-Nov-2021","522.85","522.85","507.10","509.60","23,086,898"
"12-Nov-2021","512.00","513.00","502.70","511.35","19,836,221"
"15-Nov-2021","512.40","515.90","505.50","506.55","13,328,183"
"16-Nov-2021","507.40","507.40","493.50","495.10","19,553,216"
"17-Nov-2021","493.85","505.40","491.00","498.15","20,488,483"
"18-Nov-2021","499.10","506.20","492.30","503.80","22,471,070"
"22-Nov-2021","506.00","506.00","477.50","486.40","28,800,269"
"23-Nov-2021","485.25","495.40","480.00","493.05","20,000,371"
"24-Nov-2021","495.80","500.00","489.05","493.15","13,963,769"
"25-Nov-2021","490.00","495.45","486.30","490.55","12,894,211"
"26-Nov-2021","486.25","487.90","467.10","470.50","26,305,817"
"29-Nov-2021","470.00","477.75","454.30","465.10","22,407,465"
"30-Nov-2021","468.00","477.25","458.00","460.55","23,026,652"
"01-Dec-2021","464.45","477.25","464.00","475.30","17,156,956"
"02-Dec-2021","474.50","478.15","470.95","477.00","12,962,679"
"03-Dec-2021","475.75","481.50","470.05","473.15","16,653,993"
"06-Dec-2021","473.15","477.00","463.80","465.30","14,353,300"
"07-Dec-2021","469.20","479.70","469.20","476.70","13,644,942"
"08-Dec-2021","480.90","492.40","480.25","491.55","20,397,660"
"09-Dec-2021","492.30","493.50","486.10","488.65","12,560,970"
"10-Dec-2021","488.50","495.95","484.40","494.70","13,261,408"
"13-Dec-2021","497.75","500.45","486.35","487.80","14,047,645"
"14-Dec-2021","486.00","490.35","481.80","488.55","11,642,447"
"15-Dec-2021","490.00","491.00","483.50","484.80","8,639,835"
"16-Dec-2021","488.35","490.55","478.25","481.15","11,107,781"
"17-Dec-2021","480.05","481.40","466.50","467.80","12,648,603"
"20-Dec-2021","459.00","464.00","443.00","449.20","22,336,114"
"21-Dec-2021","457.05","458.25","444.50","446.00","16,617,447"
"22-Dec-2021","450.00","457.30","449.00","455.85","13,102,553"
"23-Dec-2021","461.00","465.00","457.75","461.80","14,471,377"
"24-Dec-2021","462.60","463.60","452.20","456.95","13,221,159"
"27-Dec-2021","453.70","460.50","450.55","458.05","8,856,482"
"28-Dec-2021","461.20","462.90","459.05","461.20","8,832,210"
"29-Dec-2021","461.00","462.15","451.40","454.40","11,757,303"
"30-Dec-2021","452.75","454.90","448.50","451.70","28,879,190"
"31-Dec-2021","454.25","461.40","453.10","460.45","10,005,842"
"03-Jan-2022","462.00","472.00","460.10","470.80","13,124,509"
"04-Jan-2022","472.50","484.70","471.05","483.50","23,296,671"
"05-Jan-2022","481.90","495.00","479.15","492.40","24,694,169"
"06-Jan-2022","487.70","494.40","485.40","491.70","18,190,843"
"07-Jan-2022","493.45","501.95","489.45","491.25","22,746,330"
"10-Jan-2022","493.35","504.95","492.50","503.65","15,832,274"
"11-Jan-2022","503.00","507.80","499.25","505.95","16,107,950"
"12-Jan-2022","509.90","513.50","508.50","510.25","14,489,616"
"13-Jan-2022","510.00","512.85","507.00","511.35","10,450,974"
"14-Jan-2022","509.00","510.35","505.15","508.35","8,724,574"
"17-Jan-2022","508.00","518.90","507.55","514.00","17,422,211"
"18-Jan-2022","514.00","517.45","505.00","506.80","12,592,506"
"19-Jan-2022","505.00","517.65","500.30","515.80","16,079,457"
"20-Jan-2022","516.00","519.15","508.00","511.40","17,724,642"
"21-Jan-2022","505.30","507.50","498.00","502.70","16,947,941"
"24-Jan-2022","502.40","506.80","488.00","494.15","20,233,933"
"25-Jan-2022","490.00","517.50","489.00","514.65","21,791,739"
"27-Jan-2022","503.55","530.85","503.20","528.95","35,409,230"
"28-Jan-2022","534.00","536.40","521.40","523.45","24,715,250"
"31-Jan-2022","529.00","540.90","527.05","538.30","28,674,232"
"01-Feb-2022","543.95","543.95","520.00","532.30","32,245,356"
"02-Feb-2022","536.65","544.25","531.35","539.80","21,661,864"
"03-Feb-2022","537.15","544.70","537.15","540.10","22,717,677"
"04-Feb-2022","542.15","546.40","527.30","530.30","25,332,894"
"07-Feb-2022","531.90","549.00","525.25","533.25","52,289,545"
"08-Feb-2022","535.50","537.65","519.00","531.35","26,567,546"
"09-Feb-2022","534.95","536.50","527.75","535.25","14,856,155"
"10-Feb-2022","537.10","543.95","534.40","540.55","18,659,370"
"11-Feb-2022","536.25","537.70","527.10","529.60","14,607,095"
"14-Feb-2022","515.00","515.60","499.70","501.40","26,153,332"
"15-Feb-2022","502.00","526.85","497.10","524.80","23,842,951"
"16-Feb-2022","526.50","528.00","514.00","516.70","19,773,807"
"17-Feb-2022","520.00","520.00","511.15","512.95","16,408,356"
"18-Feb-2022","510.10","520.90","510.10","515.30","15,111,223"
"21-Feb-2022","511.55","517.50","504.65","511.85","16,866,932"
"22-Feb-2022","500.90","505.30","495.50","498.40","27,108,772"
"23-Feb-2022","503.00","505.35","497.25","498.70","13,899,433"
"24-Feb-2022","480.00","487.95","468.00","472.65","32,356,037"
"25-Feb-2022","480.00","491.90","479.30","482.95","21,792,287"
"28-Feb-2022","476.90","485.30","473.10","483.20","18,069,367"
"02-Mar-2022","478.00","479.80","467.00","474.25","22,003,848"
"03-Mar-2022","480.00","483.40","464.60","467.40","20,358,590"
"04-Mar-2022","460.30","470.90","457.65","461.95","20,684,268"
"07-Mar-2022","447.50","453.95","433.45","440.30","33,720,472"
"08-Mar-2022","438.00","442.10","425.00","440.30","42,510,207"
"09-Mar-2022","442.00","454.30","438.55","451.70","32,331,325"
"10-Mar-2022","469.90","476.65","461.65","468.70","34,553,299"
"11-Mar-2022","466.40","474.80","462.00","470.35","22,091,309"
"14-Mar-2022","471.00","486.00","470.55","485.15","27,750,689"
"15-Mar-2022","489.00","490.50","480.65","485.85","27,204,899"
"16-Mar-2022","493.00","494.30","489.40","492.75","16,211,288"
"17-Mar-2022","499.00","503.50","498.30","501.90","22,947,673"
"21-Mar-2022","502.00","502.00","489.00","490.60","19,064,060"
"22-Mar-2022","490.60","495.80","477.25","493.70","26,157,969"
"23-Mar-2022","498.50","502.40","489.20","490.65","15,800,195"
"24-Mar-2022","485.00","494.80","483.50","487.10","18,174,877"
"25-Mar-2022","491.75","493.30","486.60","490.70","11,541,196"
"28-Mar-2022","490.95","498.60","481.95","497.50","16,738,684"
"29-Mar-2022","500.00","501.40","491.70","495.00","14,301,429"
"30-Mar-2022","499.30","500.40","492.30","494.30","16,461,225"
"31-Mar-2022","494.30","497.55","492.20","493.55","10,240,982"
"01-Apr-2022","491.00","509.75","491.00","508.20","18,527,226"
"04-Apr-2022","509.30","514.90","506.00","512.40","16,257,176"
"05-Apr-2022","514.40","516.40","507.70","509.40","13,602,384"
"06-Apr-2022","507.00","515.20","506.00","513.95","13,738,275"
"07-Apr-2022","510.05","519.90","510.05","514.95","19,620,958"
"08-Apr-2022","519.50","519.50","512.35","516.10","13,572,638"
"11-Apr-2022","513.50","522.00","513.20","514.90","12,370,288"
"12-Apr-2022","512.75","516.70","504.35","512.85","14,460,680"
"13-Apr-2022","514.30","520.90","513.75","517.70","15,440,525"
"18-Apr-2022","512.00","515.00","504.00","509.50","14,492,183"
"19-Apr-2022","513.25","520.95","505.10","511.80","20,362,934"
"20-Apr-2022","512.00","513.70","507.00","509.30","11,881,305"
"21-Apr-2022","513.40","518.00","512.20","516.30","10,035,638"
"22-Apr-2022","512.90","513.50","499.00","500.60","16,760,456"
"25-Apr-2022","495.00","499.20","490.05","494.75","14,057,444"
"26-Apr-2022","499.00","507.90","498.45","505.50","12,137,213"
"27-Apr-2022","500.00","502.80","491.85","497.25","12,367,342"
"28-Apr-2022","499.15","510.00","496.50","507.50","12,154,792"
"29-Apr-2022","508.10","512.50","494.00","496.30","12,894,773"
"02-May-2022","492.65","495.00","481.30","491.00","18,590,895"
"04-May-2022","492.00","496.45","477.50","479.65","14,645,323"
"05-May-2022","485.00","494.00","478.65","480.00","14,130,385"
"06-May-2022","471.00","486.10","471.00","483.95","16,710,020"
"09-May-2022","477.10","483.70","473.80","475.90","13,544,947"
"10-May-2022","477.00","482.55","473.50","475.20","10,884,328"
"11-May-2022","475.25","479.00","463.65","476.55","14,771,351"
"12-May-2022","473.00","473.00","456.35","462.65","18,947,096"
"13-May-2022","469.45","477.00","439.75","444.65","61,403,008"
"16-May-2022","445.00","461.50","438.85","455.00","27,940,958"
"17-May-2022","458.30","469.65","456.15","467.30","16,880,698"
"18-May-2022","467.90","468.60","457.10","458.00","15,644,497"
"19-May-2022","449.05","450.00","444.45","447.50","14,201,420"
"20-May-2022","454.85","464.00","454.15","462.40","13,596,860"
"23-May-2022","463.10","471.40","459.50","460.90","13,499,415"
"24-May-2022","462.40","466.80","460.20","462.05","17,175,179"
"25-May-2022","461.00","464.45","452.05","454.10","12,728,644"
"26-May-2022","456.85","470.10","452.50","468.90","17,055,257"
"27-May-2022","471.40","475.00","467.50","468.95","10,977,001"
"30-May-2022","473.00","476.90","471.10","474.60","9,365,470"
"31-May-2022","474.00","476.40","465.00","468.10","15,441,579"
"01-Jun-2022","468.00","472.00","464.70","468.30","9,424,008"
"02-Jun-2022","466.90","472.35","466.15","469.85","9,370,989"
"03-Jun-2022","473.25","475.50","463.50","464.50","11,306,291"
"06-Jun-2022","464.20","465.60","456.50","463.70","10,661,432"
"07-Jun-2022","461.85","465.95","460.50","463.40","7,672,515"
"08-Jun-2022","466.60","475.55","463.20","471.30","17,168,871"
"09-Jun-2022","468.95","470.90","462.45","466.95","12,635,601"
"10-Jun-2022","462.00","464.15","458.60","461.85","8,621,104"
"13-Jun-2022","454.00","454.05","442.10","445.85","13,426,836"
"14-Jun-2022","445.00","449.25","443.35","448.10","11,351,101"
"15-Jun-2022","448.95","455.45","448.60","451.35","9,920,926"
"16-Jun-2022","455.15","457.75","440.15","441.60","10,780,703"
"17-Jun-2022","440.00","447.55","437.25","441.00","14,326,050"
"20-Jun-2022","441.50","443.45","430.70","434.70","12,368,534"
"21-Jun-2022","439.50","454.95","437.60","450.75","13,801,891"
"22-Jun-2022","448.75","451.20","444.65","447.65","11,066,447"
"23-Jun-2022","449.00","456.45","446.00","451.40","12,229,833"
"24-Jun-2022","455.80","460.35","453.20","454.25","10,833,364"
"27-Jun-2022","459.95","464.85","458.05","461.20","9,509,175"
"28-Jun-2022","458.90","465.75","458.00","464.25","13,261,290"
"29-Jun-2022","460.00","462.70","458.00","459.10","11,800,876"
"30-Jun-2022","459.00","469.30","458.60","465.90","16,926,328"
"01-Jul-2022","463.35","468.80","460.55","466.85","9,405,495"
"04-Jul-2022","466.85","474.15","466.85","473.45","9,186,358"
"05-Jul-2022","475.15","480.00","471.00","472.15","12,003,244"
"06-Jul-2022","475.15","481.00","473.90","479.95","12,059,857"
"07-Jul-2022","484.00","488.25","481.60","486.75","11,497,832"
"08-Jul-2022","489.00","489.90","485.15","488.55","9,057,231"
"11-Jul-2022","485.00","491.30","485.00","488.20","7,704,792"
"12-Jul-2022","485.00","491.35","483.10","484.95","7,364,457"
"13-Jul-2022","487.75","492.45","484.55","486.50","8,208,853"
"14-Jul-2022","486.60","488.90","476.80","479.35","9,385,630"
"15-Jul-2022","482.55","484.40","474.70","479.10","6,945,602"
"18-Jul-2022","484.55","491.50","482.10","490.30","9,934,786"
"19-Jul-2022","488.00","498.55","488.00","497.95","11,724,183"
"20-Jul-2022","501.00","510.60","500.40","508.60","19,280,117"
"21-Jul-2022","509.80","513.40","506.75","512.05","13,814,893"
"22-Jul-2022","513.45","520.20","511.20","513.70","14,699,129"
"25-Jul-2022","513.40","519.00","509.15","517.80","10,229,778"
"26-Jul-2022","517.70","520.80","513.10","514.20","8,862,656"
"27-Jul-2022","515.30","529.95","512.25","528.20","15,101,546"
"28-Jul-2022","533.20","537.50","529.55","532.45","12,160,734"
"29-Jul-2022","535.05","537.00","526.75","528.35","11,921,058"
"01-Aug-2022","529.05","535.00","526.40","533.75","8,295,631"
"02-Aug-2022","531.90","544.90","531.10","542.10","16,845,027"
"03-Aug-2022","541.90","546.40","534.65","540.85","24,262,125"
"04-Aug-2022","543.65","544.00","524.20","533.25","18,072,293"
"05-Aug-2022","535.55","542.90","529.00","531.05","21,110,734"
"08-Aug-2022","524.00","524.00","513.85","520.40","32,566,317"
"10-Aug-2022","521.55","523.50","513.40","514.70","16,904,151"
"11-Aug-2022","520.00","526.00","517.20","524.75","13,862,195"
"12-Aug-2022","525.70","531.80","525.15","530.70","12,154,012"
"16-Aug-2022","533.30","533.85","525.00","525.95","10,721,167"
"17-Aug-2022","528.85","530.55","524.35","528.15","12,054,183"
"18-Aug-2022","526.85","534.80","526.20","532.35","9,013,662"
"19-Aug-2022","532.00","533.65","518.50","520.35","11,087,222"
"22-Aug-2022","519.00","519.90","510.00","511.30","9,676,954"
"23-Aug-2022","508.25","524.00","508.25","521.90","8,597,965"
"24-Aug-2022","519.00","523.00","512.30","519.30","11,930,650"
"25-Aug-2022","521.95","528.30","518.50","520.40","15,473,450"
"26-Aug-2022","523.80","529.50","522.20","523.80","12,855,886"
"29-Aug-2022","511.30","517.00","508.75","514.85","9,421,339"
"30-Aug-2022","518.20","532.50","517.95","531.25","14,835,308"
"01-Sep-2022","522.25","540.90","522.25","533.30","16,670,228"
"02-Sep-2022","537.00","537.85","531.25","536.70","10,017,930"
"05-Sep-2022","537.00","540.80","536.30","538.90","7,819,994"
"06-Sep-2022","538.00","542.70","534.10","537.80","8,657,868"
"07-Sep-2022","534.40","537.45","531.55","532.85","8,445,359"
"08-Sep-2022","536.00","546.30","535.50","544.65","12,240,707"
"09-Sep-2022","549.65","557.00","548.00","553.35","18,587,927"
"12-Sep-2022","554.90","558.60","551.25","554.90","9,677,415"
"13-Sep-2022","560.00","560.00","553.75","558.00","16,707,275"
"14-Sep-2022","550.00","574.85","549.25","571.75","21,632,641"
"15-Sep-2022","572.55","578.50","567.90","572.15","12,749,947"
"16-Sep-2022","569.10","574.00","560.30","561.80","14,739,280"
"19-Sep-2022","560.70","574.40","559.55","572.25","11,194,003"
"20-Sep-2022","577.95","577.95","572.85","574.05","8,484,017"
"21-Sep-2022","575.00","577.30","565.40","569.70","9,392,526"
"22-Sep-2022","566.75","574.00","562.00","567.30","11,869,435"
"23-Sep-2022","564.80","568.00","549.50","550.60","12,563,239"
"26-Sep-2022","545.80","549.00","533.00","543.30","16,158,750"
"27-Sep-2022","544.55","550.90","533.20","536.50","11,066,799"
"28-Sep-2022","532.90","539.80","520.35","524.85","12,233,485"
"29-Sep-2022","529.00","535.70","519.55","521.75","17,310,168"
"30-Sep-2022","524.00","536.90","516.15","530.60","17,466,950"
"03-Oct-2022","527.60","531.65","518.50","519.75","9,351,162"
"04-Oct-2022","533.00","535.80","527.80","532.70","8,745,887"
"06-Oct-2022","534.60","541.80","534.60","537.30","9,507,322"
"07-Oct-2022","535.50","535.60","526.55","530.20","11,065,307"
"10-Oct-2022","525.70","533.90","522.20","530.75","9,649,292"
"11-Oct-2022","530.75","533.70","525.50","527.40","10,825,440"
"12-Oct-2022","530.00","535.00","526.00","533.80","8,522,604"
"13-Oct-2022","533.00","533.80","520.20","521.45","12,972,765"
"14-Oct-2022","530.20","534.85","526.00","527.20","8,545,479"
"17-Oct-2022","526.40","544.70","524.20","543.65","13,485,349"
"18-Oct-2022","547.10","563.50","546.75","562.45","20,440,781"
"19-Oct-2022","563.00","563.45","551.55","553.40","9,540,583"
"20-Oct-2022","552.00","556.80","545.30","555.40","11,225,588"
"21-Oct-2022","557.25","565.80","557.25","560.85","11,767,639"
"24-Oct-2022","567.00","572.50","565.90","570.50","3,692,065"
"25-Oct-2022","572.50","586.20","568.00","578.55","19,899,324"
"27-Oct-2022","583.95","585.00","577.60","579.65","13,613,533"
"28-Oct-2022","579.95","582.65","567.00","570.75","10,043,644"
"31-Oct-2022","574.95","577.45","568.40","573.80","9,894,639"
"01-Nov-2022","576.35","585.75","574.60","576.90","12,069,579"
"02-Nov-2022","575.90","578.95","569.90","573.85","10,241,440"
"03-Nov-2022","569.00","587.95","568.00","584.90","17,557,998"
"04-Nov-2022","586.00","596.95","580.40","593.95","25,759,031"
"07-Nov-2022","613.00","622.70","607.70","614.15","44,265,903"
"09-Nov-2022","621.00","621.00","610.55","615.55","18,939,854"
"10-Nov-2022","613.10","615.10","602.20","605.75","11,618,405"
"11-Nov-2022","617.25","619.55","598.50","601.30","15,525,267"
"14-Nov-2022","603.95","603.95","591.65","592.55","12,957,268"
"15-Nov-2022","594.30","602.10","592.65","600.85","10,286,417"
"16-Nov-2022","599.95","603.50","596.00","599.75","11,555,749"
"17-Nov-2022","599.10","602.75","596.15","599.05","8,167,131"
"18-Nov-2022","601.00","605.75","597.15","602.70","12,933,675"
"21-Nov-2022","602.10","602.10","595.35","598.10","7,412,419"
"22-Nov-2022","598.15","600.70","596.15","599.10","8,048,595"
"23-Nov-2022","601.55","609.60","601.00","607.65","12,435,924"
"24-Nov-2022","609.75","611.30","605.80","609.35","8,960,032"
"25-Nov-2022","610.55","613.70","606.25","607.40","9,994,513"
"28-Nov-2022","605.60","610.90","602.35","608.60","7,934,274"
"29-Nov-2022","607.10","611.80","607.10","608.55","6,942,919"
"30-Nov-2022","608.50","611.40","598.40","602.45","15,606,230"
"01-Dec-2022","607.85","609.80","601.55","608.10","14,209,313"
"02-Dec-2022","607.50","609.60","604.25","607.55","7,533,838"
"05-Dec-2022","608.50","618.00","607.55","617.30","11,585,602"
"06-Dec-2022","614.75","619.80","607.80","608.95","12,996,244"
"07-Dec-2022","610.85","612.90","604.50","607.05","7,613,892"
"08-Dec-2022","609.75","613.80","607.15","611.65","10,020,015"
"09-Dec-2022","614.40","618.00","609.10","616.50","11,202,267"
"12-Dec-2022","614.80","618.70","611.00","613.05","9,285,187"
"13-Dec-2022","613.50","617.40","612.50","616.75","7,455,415"
"14-Dec-2022","618.50","626.75","617.50","625.50","14,010,673"
"15-Dec-2022","625.55","629.55","614.30","615.95","10,622,271"
"16-Dec-2022","612.00","615.60","602.10","603.35","9,435,071"
"19-Dec-2022","604.00","609.50","603.00","604.45","8,322,012"
"20-Dec-2022","603.00","606.50","599.55","604.45","6,753,785"
"21-Dec-2022","605.90","609.15","589.60","593.40","9,217,253"
"22-Dec-2022","597.00","599.00","587.55","593.40","8,740,149"
"23-Dec-2022","590.00","590.70","571.50","574.00","13,047,046"
"26-Dec-2022","574.00","601.70","570.70","597.10","13,201,587"
"27-Dec-2022","600.40","603.10","593.30","601.90","9,638,618"
"28-Dec-2022","600.90","607.00","598.55","601.05","7,988,631"
"29-Dec-2022","600.00","618.00","597.15","611.80","20,130,392"
"30-Dec-2022","615.25","620.55","611.35","613.70","13,052,895"
"02-Jan-2023","614.95","619.20","611.20","612.20","6,726,084"
"03-Jan-2023","614.50","616.60","610.00","612.40","6,818,062"
"04-Jan-2023","611.85","614.95","604.00","605.20","7,011,191"
"05-Jan-2023","607.00","611.60","601.95","605.10","8,241,475"
"06-Jan-2023","607.40","607.45","597.00","600.65","7,972,036"
"09-Jan-2023","605.00","609.00","600.10","607.70","8,878,905"
"10-Jan-2023","608.45","609.00","590.60","595.15","10,622,660"
"11-Jan-2023","596.45","599.50","592.25","596.70","7,419,630"
"12-Jan-2023","597.90","597.90","590.10","594.90","8,183,715"
"13-Jan-2023","597.90","602.90","593.65","600.10","7,877,610"
"16-Jan-2023","603.00","606.10","600.60","603.00","5,483,191"
"17-Jan-2023","603.00","606.00","586.05","592.95","13,461,999"
"18-Jan-2023","595.90","597.15","587.60","591.45","11,538,075"
"19-Jan-2023","591.00","591.75","587.55","589.85","7,475,688"
"20-Jan-2023","593.80","596.60","590.80","592.20","6,750,607"
"23-Jan-2023","598.50","601.75","592.95","600.45","6,604,469"
"24-Jan-2023","603.50","604.60","593.05","594.35","7,609,623"
"25-Jan-2023","595.85","595.85","567.40","568.70","25,686,294"
"27-Jan-2023","568.00","568.55","532.25","539.95","40,163,464"
"30-Jan-2023","536.00","554.35","525.20","538.20","40,797,825"
"31-Jan-2023","545.00","557.00","537.85","553.50","21,911,943"
"01-Feb-2023","561.40","565.00","499.35","527.35","38,218,810"
"02-Feb-2023","520.20","532.65","502.50","528.10","39,287,056"
"03-Feb-2023","536.00","545.95","519.15","544.20","32,317,232"
"06-Feb-2023","558.80","558.80","536.55","545.40","25,338,586"
"07-Feb-2023","548.00","551.40","541.05","547.10","16,195,947"
"08-Feb-2023","550.00","554.50","545.50","549.75","15,502,847"
"09-Feb-2023","552.00","552.00","542.80","550.80","15,061,047"
"10-Feb-2023","546.50","557.25","546.50","553.05","13,824,475"
"13-Feb-2023","554.00","556.90","533.30","537.50","18,488,732"
"14-Feb-2023","539.95","544.60","530.75","540.85","18,559,909"
"15-Feb-2023","540.00","544.65","536.80","542.25","12,796,579"
"16-Feb-2023","546.85","546.85","538.50","540.10","12,767,016"
"17-Feb-2023","538.50","539.65","527.75","531.00","14,192,008"
"20-Feb-2023","532.00","533.95","522.15","525.15","12,570,032"
"21-Feb-2023","527.10","528.95","522.40","523.45","10,223,218"
"22-Feb-2023","520.75","521.90","512.50","516.35","14,763,050"
"23-Feb-2023","516.95","524.00","511.35","521.00","15,535,085"
"24-Feb-2023","524.20","527.50","517.60","521.05","12,253,035"
"27-Feb-2023","521.10","529.80","519.00","527.70","11,048,799"
"28-Feb-2023","527.25","528.45","521.05","522.80","15,768,010"
"01-Mar-2023","523.25","537.40","523.10","536.70","13,510,198"
"02-Mar-2023","535.95","539.90","532.50","533.75","10,376,913"
"03-Mar-2023","542.00","564.30","541.75","561.20","27,656,538"
"06-Mar-2023","564.90","567.90","559.00","561.70","16,162,268"
"08-Mar-2023","560.00","565.50","556.45","564.80","12,637,578"
"09-Mar-2023","564.75","565.75","558.00","558.90","8,993,423"
"10-Mar-2023","553.10","554.95","545.00","547.35","11,522,371"
"13-Mar-2023","547.00","553.15","528.45","530.00","14,373,729"
"14-Mar-2023","527.65","532.80","520.00","525.40","14,750,800"
"15-Mar-2023","529.80","532.00","515.55","517.55","11,282,329"
"16-Mar-2023","518.40","529.35","514.30","524.50","20,040,008"
"17-Mar-2023","528.65","531.60","520.10","529.80","18,787,379"
"20-Mar-2023","526.60","526.60","515.00","519.20","14,275,315"
"21-Mar-2023","522.00","523.45","516.45","521.85","29,485,180"
"22-Mar-2023","522.20","527.00","520.10","521.55","11,619,538"
"23-Mar-2023","519.40","521.00","511.50","512.75","22,097,792"
"24-Mar-2023","514.50","514.95","503.45","505.35","14,416,984"
"27-Mar-2023","507.00","514.15","501.55","510.15","15,674,218"
"28-Mar-2023","511.45","511.75","503.85","508.10","15,833,599"
"29-Mar-2023","509.00","518.00","506.30","516.50","24,203,789"
"31-Mar-2023","520.65","524.90","519.35","523.75","17,356,345"
"03-Apr-2023","524.75","528.50","522.10","526.75","14,210,949"
"05-Apr-2023","527.00","527.60","519.05","523.00","13,574,801"
"06-Apr-2023","524.00","533.70","521.65","527.65","25,125,879"
"10-Apr-2023","529.25","530.40","524.40","526.30","17,335,453"
"11-Apr-2023","530.85","535.70","527.15","532.10","26,414,406"
"12-Apr-2023","533.20","534.00","526.00","528.20","21,292,441"
"13-Apr-2023","529.30","534.25","527.15","532.95","28,597,560"
"17-Apr-2023","528.00","545.00","528.00","544.00","32,476,990"
"18-Apr-2023","545.35","548.50","540.50","545.85","22,283,456"
"19-Apr-2023","544.00","547.50","538.25","540.30","21,156,372"
"20-Apr-2023","541.20","545.45","536.65","544.80","25,588,577"
"21-Apr-2023","545.00","546.40","539.70","543.15","22,599,418"
"24-Apr-2023","543.80","555.55","543.50","554.60","23,335,611"
"25-Apr-2023","555.00","567.90","555.00","561.80","38,142,390"
"26-Apr-2023","562.00","567.00","556.45","566.35","23,143,882"
"27-Apr-2023","565.00","567.40","561.10","564.75","17,845,169"
"28-Apr-2023","567.80","580.45","565.50","578.30","16,183,423"
"02-May-2023","580.00","580.85","573.15","575.30","13,667,511"
"03-May-2023","570.65","575.00","569.00","570.50","9,699,527"
"04-May-2023","570.20","580.80","568.50","580.00","12,533,761"
"05-May-2023","580.20","588.25","575.05","576.50","18,163,461"
"08-May-2023","577.65","587.60","577.35","583.60","12,990,869"
"09-May-2023","585.00","586.45","572.10","573.50","18,959,065"
"10-May-2023","575.00","575.00","563.25","572.20","18,561,315"
"11-May-2023","572.20","580.00","572.00","573.45","16,016,715"
"12-May-2023","574.70","580.75","571.55","578.15","11,319,335"
"15-May-2023","578.75","584.00","574.65","581.90","11,410,243"
"16-May-2023","584.00","590.40","582.00","586.30","22,178,229"
"17-May-2023","586.00","590.50","579.50","586.30","23,739,774"
"18-May-2023","590.30","593.90","571.40","574.20","45,656,620"
"19-May-2023","579.00","586.25","569.90","575.15","42,293,962"
"22-May-2023","577.50","580.30","573.45","577.15","21,484,049"
"23-May-2023","578.90","583.70","576.80","581.60","16,120,548"
"24-May-2023","579.80","585.25","578.25","582.70","17,616,658"
"25-May-2023","582.00","582.90","577.00","581.25","16,479,436"
"26-May-2023","581.25","587.75","580.55","586.00","9,788,076"
"29-May-2023","590.00","596.40","588.05","595.00","18,432,231"
"30-May-2023","595.00","595.50","591.50","592.80","15,031,640"
"31-May-2023","583.80","584.80","577.50","579.85","28,797,643"
"01-Jun-2023","581.80","586.40","581.00","582.75","17,820,226"
"02-Jun-2023","584.70","588.90","583.00","587.20","11,323,908"
"05-Jun-2023","588.50","589.80","586.00","587.20","12,920,507"
"06-Jun-2023","588.00","588.90","583.00","585.35","11,199,940"
"07-Jun-2023","588.00","590.60","586.00","589.20","11,113,781"
"08-Jun-2023","589.95","593.95","586.35","588.50","15,971,917"
"09-Jun-2023","588.00","589.10","576.75","578.70","18,870,272"
"12-Jun-2023","580.00","581.50","577.70","578.65","8,786,066"
"13-Jun-2023","579.45","581.40","574.25","576.40","12,612,098"
"14-Jun-2023","577.00","578.55","575.25","576.55","8,948,696"
"15-Jun-2023","576.00","576.70","565.25","566.50","17,934,877"
"16-Jun-2023","568.75","574.70","567.05","571.25","12,660,226"
"19-Jun-2023","571.25","572.75","565.90","568.85","17,903,691"
"20-Jun-2023","568.85","569.45","562.55","567.40","14,549,152"
"21-Jun-2023","567.40","569.50","565.65","566.35","14,946,871"
"22-Jun-2023","566.35","569.00","561.05","562.95","14,979,063"
"23-Jun-2023","562.00","562.10","553.80","554.60","12,215,712"
"26-Jun-2023","556.00","558.50","554.50","557.05","8,360,264"
"27-Jun-2023","558.25","567.95","555.65","566.10","10,694,768"
"28-Jun-2023","572.25","574.00","568.55","569.80","18,028,934"
"30-Jun-2023","574.00","574.00","570.20","572.85","8,718,232"
"03-Jul-2023","574.50","586.35","573.90","585.45","15,421,985"
"04-Jul-2023","588.20","595.95","582.25","589.25","24,799,250"
"05-Jul-2023","589.80","593.70","588.20","590.60","13,598,114"
"06-Jul-2023","590.40","593.50","589.10","592.50","11,323,509"
"07-Jul-2023","590.00","595.50","585.50","593.60","11,707,209"
"10-Jul-2023","594.65","599.80","590.25","592.60","11,417,363"
"11-Jul-2023","595.00","595.95","587.35","588.55","13,221,177"
"12-Jul-2023","589.00","594.50","588.20","589.25","16,029,716"
"13-Jul-2023","594.90","598.00","583.35","585.65","20,024,503"
"14-Jul-2023","586.75","591.30","580.70","584.40","12,190,152"
"17-Jul-2023","587.00","602.85","584.20","601.10","19,378,986"
"18-Jul-2023","603.05","604.05","588.75","592.35","25,757,209"
"19-Jul-2023","594.65","602.40","592.00","601.45","17,556,585"
"20-Jul-2023","601.40","610.80","598.75","610.05","34,038,351"
"21-Jul-2023","610.00","619.50","609.00","615.10","21,040,281"
"24-Jul-2023","615.05","621.90","614.30","617.65","11,756,364"
"25-Jul-2023","621.80","621.80","604.20","609.60","18,503,305"
"26-Jul-2023","612.00","616.35","609.15","615.15","9,999,125"
"27-Jul-2023","616.40","621.25","613.10","616.55","17,444,742"
"28-Jul-2023","616.40","619.90","613.60","616.05","11,930,586"
"31-Jul-2023","616.65","621.00","614.50","620.20","8,605,483"
"01-Aug-2023","620.20","620.85","610.60","611.85","13,493,453"
"02-Aug-2023","609.85","610.50","594.10","598.45","14,977,497"
"03-Aug-2023","598.70","600.85","585.00","590.50","27,774,877"
"04-Aug-2023","594.80","598.70","571.40","573.30","52,725,616"
"07-Aug-2023","577.00","577.00","566.65","567.90","32,736,325"
"08-Aug-2023","571.00","574.25","568.45","573.10","25,038,671"
"09-Aug-2023","575.00","575.00","568.35","573.75","15,769,111"
"10-Aug-2023","573.75","577.60","570.10","573.65","27,325,801"
"11-Aug-2023","575.45","579.00","572.00","574.15","18,221,179"
"14-Aug-2023","572.95","573.00","558.60","560.80","28,084,093"
"16-Aug-2023","558.80","566.40","554.00","565.35","15,725,767"
"17-Aug-2023","565.75","573.15","564.00","572.15","27,910,162"
"18-Aug-2023","570.00","575.25","567.40","572.95","18,253,227"
"21-Aug-2023","572.95","575.55","570.75","571.70","9,380,810"
"22-Aug-2023","572.50","574.45","567.50","568.50","14,073,413"
"23-Aug-2023","571.00","577.95","566.00","576.90","18,579,297"
"24-Aug-2023","578.15","582.00","575.55","576.95","24,131,644"
"25-Aug-2023","573.80","575.30","567.20","569.95","12,271,885"
"28-Aug-2023","572.80","574.80","569.20","572.85","9,711,932"
"29-Aug-2023","573.65","576.30","571.85","574.85","13,144,855"
"30-Aug-2023","576.70","577.70","566.10","567.40","15,281,416"
"31-Aug-2023","569.30","570.30","559.40","561.35","27,898,476"
"01-Sep-2023","562.70","571.20","562.10","569.55","18,121,168"
"04-Sep-2023","572.00","576.35","568.45","575.55","12,108,655"
"05-Sep-2023","575.60","578.25","571.35","573.00","14,444,729"
"06-Sep-2023","574.25","574.25","568.00","570.50","20,609,936"
"07-Sep-2023","568.00","581.00","568.00","579.05","12,390,597"
"08-Sep-2023","581.00","588.50","579.70","583.45","14,032,068"
"11-Sep-2023","587.00","592.30","585.35","591.70","10,946,134"
"12-Sep-2023","593.65","594.25","584.65","588.35","16,093,060"
"13-Sep-2023","588.40","598.00","583.45","596.45","19,377,172"
"14-Sep-2023","598.45","603.70","595.20","597.30","13,178,911"
"15-Sep-2023","599.35","600.70","595.20","598.80","11,756,389"
"18-Sep-2023","598.80","608.40","597.05","603.95","19,305,055"
"20-Sep-2023","600.85","606.80","599.40","601.10","21,314,600"
"21-Sep-2023","600.00","606.60","584.65","588.15","23,453,425"
"22-Sep-2023","593.50","602.00","591.40","598.15","18,784,139"
"25-Sep-2023","601.50","601.50","590.45","594.05","9,712,784"
"26-Sep-2023","594.00","595.00","591.25","594.40","8,327,427"
"27-Sep-2023","593.45","594.30","588.20","589.75","9,865,347"
"28-Sep-2023","591.25","595.20","588.85","589.95","21,960,816"
"29-Sep-2023","592.85","600.00","591.30","598.55","12,189,735"
"03-Oct-2023","596.60","604.90","589.60","602.95","15,322,196"
"04-Oct-2023","600.00","600.45","584.45","586.25","24,914,612"
"05-Oct-2023","590.00","594.35","587.10","592.15","13,248,028"
"06-Oct-2023","593.40","598.95","592.20","594.25","8,216,780"
"09-Oct-2023","588.00","589.00","581.55","585.10","9,189,597"
"10-Oct-2023","587.00","595.00","585.75","591.65","10,373,508"
"11-Oct-2023","596.90","597.00","587.60","588.35","14,220,119"
"12-Oct-2023","590.80","593.00","585.00","586.05","11,983,797"
"13-Oct-2023","577.75","581.30","574.80","576.15","19,064,577"
"16-Oct-2023","576.00","578.75","571.50","575.65","11,290,293"
"17-Oct-2023","577.70","579.95","575.30","576.45","10,765,224"
"18-Oct-2023","577.75","579.25","569.35","572.65","11,777,454"
"19-Oct-2023","569.80","574.00","567.00","571.20","11,441,499"
"20-Oct-2023","569.90","570.00","562.10","563.10","11,110,988"
"23-Oct-2023","563.10","566.00","551.00","552.95","11,875,035"
"25-Oct-2023","558.60","560.80","553.60","556.20","12,134,624"
"26-Oct-2023","551.45","552.90","543.20","547.00","19,424,825"
"27-Oct-2023","550.00","562.50","550.00","561.15","10,415,296"
"30-Oct-2023","563.00","566.70","556.50","565.20","8,593,704"
"31-Oct-2023","567.00","569.50","563.15","565.55","13,039,696"
"01-Nov-2023","566.25","569.65","563.85","566.40","13,575,575"
"02-Nov-2023","571.10","575.45","567.60","572.10","11,148,516"
"03-Nov-2023","576.00","579.50","573.45","578.15","11,371,371"
"06-Nov-2023","582.00","582.50","573.25","574.35","16,499,138"
"07-Nov-2023","574.80","581.20","572.60","579.75","17,923,281"
"08-Nov-2023","581.90","582.60","579.00","580.30","15,434,808"
"09-Nov-2023","581.00","581.85","576.50","578.35","12,434,363"
"10-Nov-2023","577.80","581.00","575.40","579.50","6,773,038"
"12-Nov-2023","584.75","584.75","580.10","581.30","1,947,722"
"13-Nov-2023","581.00","582.50","575.20","581.35","11,282,362"
"15-Nov-2023","587.25","588.00","582.60","584.70","11,397,676"
"16-Nov-2023","584.70","588.00","582.90","584.65","8,622,660"
"17-Nov-2023","574.50","574.50","562.10","563.05","37,173,221"
"20-Nov-2023","564.00","566.80","560.60","563.75","12,714,585"
"21-Nov-2023","566.00","566.65","561.00","561.50","14,280,013"
"22-Nov-2023","562.95","564.50","555.15","558.95","14,909,071"
"23-Nov-2023","561.75","563.50","558.30","559.95","6,376,210"
"24-Nov-2023","561.95","562.45","559.25","560.35","6,529,851"
"28-Nov-2023","563.60","565.20","561.10","564.45","8,153,314"
"29-Nov-2023","568.00","569.00","565.10","568.60","10,299,034"
"30-Nov-2023","569.75","570.20","563.65","564.75","19,758,998"
"01-Dec-2023","567.00","574.20","566.55","571.75","10,614,230"
"04-Dec-2023","588.00","596.00","584.55","594.70","26,077,882"
"05-Dec-2023","595.05","611.30","595.05","608.25","36,430,152"
"06-Dec-2023","614.00","614.00","604.55","608.45","21,439,069"
"07-Dec-2023","610.00","612.55","605.00","611.70","10,725,706"
"08-Dec-2023","610.00","616.80","605.35","614.15","17,722,136"
"11-Dec-2023","615.00","619.90","613.10","614.25","11,706,255"
"12-Dec-2023","617.00","617.95","610.80","612.40","14,494,836"
"13-Dec-2023","614.45","620.50","611.65","619.85","13,977,914"
"14-Dec-2023","626.00","627.75","622.40","623.65","15,813,797"
"15-Dec-2023","628.00","650.00","619.85","648.25","29,813,572"
"18-Dec-2023","646.65","655.65","642.40","648.50","16,221,796"
"19-Dec-2023","648.50","659.60","640.25","655.40","19,964,008"
"20-Dec-2023","658.70","660.40","633.95","636.45","22,542,056"
"21-Dec-2023","632.15","648.95","627.50","643.75","19,915,516"
"22-Dec-2023","644.75","649.40","635.15","636.75","14,998,068"
"26-Dec-2023","638.85","641.30","635.65","638.05","10,153,089"
"27-Dec-2023","640.75","649.45","639.00","648.55","14,417,646"
"28-Dec-2023","650.25","653.30","646.50","651.40","16,982,092"
"29-Dec-2023","645.50","649.60","639.55","642.05","13,221,898"
"01-Jan-2024","642.20","646.90","638.00","641.35","8,295,548"
"02-Jan-2024","641.35","648.00","633.85","639.45","15,164,482"
"03-Jan-2024","639.35","648.00","635.80","643.45","14,571,772"
"04-Jan-2024","642.50","646.40","638.65","642.75","13,883,388"
"05-Jan-2024","645.00","651.75","637.75","641.95","15,984,585"
"08-Jan-2024","640.00","645.00","625.05","627.00","14,739,531"
"09-Jan-2024","632.00","634.35","624.50","625.40","13,400,235"
"10-Jan-2024","624.80","625.30","618.20","621.75","12,742,464"
"11-Jan-2024","626.00","627.15","618.50","620.20","15,533,860"
"12-Jan-2024","623.80","636.50","621.10","633.60","16,620,797"
"15-Jan-2024","638.90","645.50","636.10","640.10","16,844,018"
"16-Jan-2024","640.00","644.90","633.45","636.90","15,025,543"
"17-Jan-2024","624.00","636.80","623.00","626.00","30,016,308"
"18-Jan-2024","625.80","633.45","619.05","628.30","14,695,436"
"19-Jan-2024","633.00","635.50","624.70","627.75","11,675,202"
"20-Jan-2024","629.00","633.80","624.10","631.40","9,886,760"
"23-Jan-2024","627.00","634.90","600.65","605.10","30,954,343"
"24-Jan-2024","609.95","622.35","603.10","618.30","19,221,835"
"25-Jan-2024","618.50","623.80","606.25","612.75","22,684,904"
"29-Jan-2024","619.00","629.50","615.60","622.95","19,572,140"
"30-Jan-2024","625.45","633.50","624.20","626.75","16,966,577"
"31-Jan-2024","626.40","643.20","622.00","640.50","23,270,745"
"01-Feb-2024","642.75","652.95","633.25","647.65","26,587,707"
"02-Feb-2024","652.00","660.55","646.70","649.65","27,471,811"
"05-Feb-2024","647.10","654.80","638.75","642.95","28,339,525"
"06-Feb-2024","644.45","655.00","637.70","650.25","14,079,390"
"07-Feb-2024","655.05","677.95","655.00","675.25","41,696,232"
"08-Feb-2024","680.40","718.90","678.50","699.55","74,222,434"
"09-Feb-2024","703.65","728.35","694.20","725.25","43,235,061"
"12-Feb-2024","726.00","726.00","704.50","707.90","22,873,137"
"13-Feb-2024","708.55","718.00","702.15","713.45","23,351,472"
"14-Feb-2024","705.55","748.50","705.55","743.40","36,782,182"
"15-Feb-2024","747.70","764.00","741.65","761.70","33,941,282"
"16-Feb-2024","763.45","774.60","753.35","754.70","27,365,121"
"19-Feb-2024","758.70","765.00","750.00","759.25","13,979,584"
"20-Feb-2024","759.05","763.50","754.00","760.10","12,528,399"
"21-Feb-2024","760.65","777.50","759.60","771.50","21,465,311"
"22-Feb-2024","773.00","773.00","757.00","765.90","18,799,244"
"23-Feb-2024","765.90","770.50","755.00","759.05","14,143,636"
"26-Feb-2024","755.00","766.35","752.70","758.90","11,355,186"
"27-Feb-2024","758.90","762.35","742.20","749.85","13,969,393"
"28-Feb-2024","749.85","756.75","741.00","742.50","11,263,318"
"29-Feb-2024","743.90","753.90","737.15","748.10","19,217,113"
"01-Mar-2024","752.00","772.00","751.95","769.15","17,348,526"
"02-Mar-2024","771.95","777.00","768.90","773.30","1,158,960"
"04-Mar-2024","774.40","777.00","769.00","772.05","9,789,141"
"05-Mar-2024","769.50","786.95","769.10","783.95","18,088,847"
"06-Mar-2024","783.65","790.30","772.90","783.90","26,710,525"
"07-Mar-2024","790.00","793.40","783.00","788.05","15,497,868"
"11-Mar-2024","790.00","792.80","770.55","773.70","16,778,340"
"12-Mar-2024","770.00","777.75","757.35","759.70","21,529,705"
"13-Mar-2024","758.65","763.70","743.00","747.25","27,950,252"
"14-Mar-2024","749.90","750.80","734.05","741.05","19,730,882"
"15-Mar-2024","739.25","746.55","723.00","731.90","29,792,241"
"18-Mar-2024","727.10","737.90","722.10","730.95","18,145,126"
"19-Mar-2024","730.00","734.35","721.15","723.80","15,205,043"
"20-Mar-2024","725.15","738.95","719.80","736.25","25,405,455"
"21-Mar-2024","742.00","750.60","740.55","744.30","15,161,161"
"22-Mar-2024","743.85","748.80","741.40","746.70","15,535,921"
"26-Mar-2024","743.05","747.85","738.50","740.05","14,678,342"
"27-Mar-2024","743.00","745.85","730.20","733.30","30,088,789"
"28-Mar-2024","737.75","759.55","736.90","752.35","21,705,116"
"01-Apr-2024","759.05","761.50","752.10","758.30","9,949,971"
"02-Apr-2024","758.20","768.75","753.35","766.40","15,713,063"
"03-Apr-2024","764.90","772.60","760.15","771.05","19,136,981"
"04-Apr-2024","775.00","775.30","758.10","759.30","15,889,530"
"05-Apr-2024","757.95","767.70","752.60","764.75","9,939,620"
"08-Apr-2024","766.05","770.00","761.80","768.30","9,797,174"
"09-Apr-2024","768.45","772.45","761.10","764.20","7,465,892"
"10-Apr-2024","766.50","780.70","763.65","779.05","14,530,669"
"12-Apr-2024","777.25","779.50","764.80","766.30","14,408,722"
"15-Apr-2024","759.80","763.30","748.75","757.50","11,356,572"
"16-Apr-2024","751.25","754.90","744.40","751.70","13,338,991"
"18-Apr-2024","752.05","759.95","742.00","744.80","14,589,648"
"19-Apr-2024","734.50","752.00","732.05","750.45","10,886,554"
"22-Apr-2024","754.15","769.00","750.45","766.10","17,452,186"
"23-Apr-2024","770.35","777.70","765.55","773.00","12,292,429"
"24-Apr-2024","778.50","778.50","770.20","773.10","7,842,615"
"25-Apr-2024","770.65","814.40","769.65","812.70","36,732,974"
"26-Apr-2024","815.90","816.90","798.90","801.30","14,964,358"
"29-Apr-2024","807.00","831.25","798.70","826.50","27,302,732"
"30-Apr-2024","826.50","834.85","819.90","826.25","27,449,073"
"02-May-2024","826.90","833.90","825.00","830.05","19,943,724"
"03-May-2024","834.80","836.20","820.00","831.45","22,667,634"
"06-May-2024","835.00","836.00","803.00","807.80","35,283,557"
"07-May-2024","812.00","814.65","793.20","801.90","16,725,013"
"08-May-2024","802.60","822.00","799.50","810.80","27,908,322"
"09-May-2024","811.90","839.65","803.55","819.80","49,290,254"
"10-May-2024","827.00","832.05","815.60","817.35","20,543,142"
"13-May-2024","819.85","819.85","798.60","808.80","15,398,505"
"14-May-2024","813.00","822.40","807.90","818.20","10,912,462"
"15-May-2024","821.00","825.30","818.05","820.30","9,755,062"
"16-May-2024","825.30","826.15","797.35","811.95","20,536,990"
"17-May-2024","814.50","822.45","811.20","817.85","12,492,509"
"18-May-2024","822.00","823.00","819.20","821.00","960,453"
"21-May-2024","821.00","836.30","819.60","830.65","14,037,801"
"22-May-2024","826.55","826.65","813.55","818.75","19,239,277"
"23-May-2024","824.70","835.50","822.00","832.10","17,497,488"
"24-May-2024","830.00","841.25","827.00","828.60","12,252,075"
"27-May-2024","832.60","839.40","823.00","833.70","12,295,193"
"28-May-2024","835.70","840.70","823.30","831.15","13,818,893"
"29-May-2024","828.40","834.45","819.30","822.65","14,518,232"
"30-May-2024","821.40","836.00","819.30","825.85","17,818,705"
"31-May-2024","830.70","835.00","817.10","830.35","22,267,336"
"03-Jun-2024","863.55","912.00","856.75","905.65","64,269,020"
"04-Jun-2024","897.00","897.00","731.95","775.20","122,381,193"
"05-Jun-2024","790.75","795.00","744.05","789.75","74,256,082"
"06-Jun-2024","800.00","833.35","796.00","816.95","40,555,649"
"07-Jun-2024","819.90","831.50","810.50","829.95","25,061,284"
"10-Jun-2024","834.15","845.45","829.20","831.80","16,725,508"
"11-Jun-2024","836.00","839.60","829.05","835.55","14,754,408"
"12-Jun-2024","837.00","845.55","833.00","839.10","15,071,442"
"13-Jun-2024","845.00","845.90","836.10","843.90","12,523,972"
"14-Jun-2024","845.00","849.90","835.10","839.20","12,903,496"
"18-Jun-2024","841.55","851.50","840.25","844.90","14,929,083"
"19-Jun-2024","846.80","860.60","841.00","852.60","32,925,140"
"20-Jun-2024","853.00","853.10","842.35","843.75","13,985,352"
"21-Jun-2024","844.90","848.05","828.60","836.30","18,990,090"
"24-Jun-2024","831.50","836.00","821.05","832.70","12,715,254"
"25-Jun-2024","837.00","845.85","834.30","842.25","20,917,530"
"26-Jun-2024","839.85","848.80","836.00","845.35","16,281,760"
"27-Jun-2024","843.90","847.40","838.25","844.00","20,378,887"
"28-Jun-2024","846.90","864.00","844.00","848.95","23,636,388"
"01-Jul-2024","849.35","850.50","839.95","841.95","10,967,797"
"02-Jul-2024","844.00","846.30","823.15","826.15","21,142,840"
"03-Jul-2024","829.00","843.85","825.00","839.95","23,598,009"
"04-Jul-2024","843.00","844.90","834.30","839.30","13,372,587"
"05-Jul-2024","838.00","861.25","837.00","859.75","24,873,722"
"08-Jul-2024","859.75","865.00","853.50","856.25","10,359,800"
"09-Jul-2024","859.90","869.95","856.00","861.30","13,585,081"
"10-Jul-2024","860.10","860.25","843.50","849.00","17,343,236"
"11-Jul-2024","854.40","858.30","849.75","856.70","8,501,366"
"12-Jul-2024","856.70","863.00","855.30","859.70","11,446,064"
"15-Jul-2024","859.70","887.35","859.70","881.35","25,392,820"
"16-Jul-2024","882.30","888.10","874.30","880.70","11,893,692"
"18-Jul-2024","880.65","894.90","877.50","893.55","19,435,183"
"19-Jul-2024","895.00","899.00","883.30","889.35","14,562,742"
"22-Jul-2024","881.45","895.00","868.00","876.80","14,614,111"
"23-Jul-2024","883.00","884.50","849.10","863.90","18,279,212"
"24-Jul-2024","864.20","868.00","847.20","852.00","19,624,845"
"25-Jul-2024","847.50","850.75","841.20","848.50","9,522,375"
"26-Jul-2024","844.65","864.25","844.00","862.45","12,081,506"
"29-Jul-2024","866.05","889.10","863.20","871.60","26,582,781"
"30-Jul-2024","874.70","880.55","869.00","872.80","13,528,447"
"31-Jul-2024","873.85","874.95","868.00","872.40","11,636,874"
"01-Aug-2024","877.80","881.40","859.45","862.65","11,787,203"
"02-Aug-2024","856.70","858.30","846.15","847.85","12,609,331"
"05-Aug-2024","830.00","831.35","800.00","811.65","27,676,951"
"06-Aug-2024","822.65","826.55","795.65","797.70","17,900,930"
"07-Aug-2024","809.00","810.70","800.55","808.65","17,692,355"
"08-Aug-2024","812.00","817.80","802.80","808.05","14,769,069"
"09-Aug-2024","816.00","829.95","809.55","824.30","15,320,885"
"12-Aug-2024","820.60","823.00","811.20","812.60","16,120,449"
"13-Aug-2024","813.50","820.00","795.05","797.55","17,585,172"
"14-Aug-2024","800.95","809.15","800.40","803.00","11,788,665"
"16-Aug-2024","803.00","814.90","803.00","812.10","11,427,335"
"19-Aug-2024","815.00","825.40","812.60","813.70","10,151,482"
"20-Aug-2024","817.95","823.00","813.35","820.30","10,347,493"
"21-Aug-2024","820.30","821.00","811.20","815.55","14,607,257"
"22-Aug-2024","819.00","823.90","817.10","820.30","7,832,917"
"23-Aug-2024","821.50","822.00","814.50","815.35","5,537,747"
"26-Aug-2024","818.00","823.45","813.80","815.05","8,523,795"
"27-Aug-2024","817.80","819.45","811.05","815.90","12,833,290"
"28-Aug-2024","814.75","817.20","806.50","809.40","10,371,300"
"29-Aug-2024","809.55","816.00","806.95","814.50","18,247,268"
"30-Aug-2024","817.15","820.70","814.35","815.60","8,911,426"
"02-Sep-2024","817.30","825.40","813.05","822.15","11,813,750"
"03-Sep-2024","822.15","825.95","816.40","824.80","10,548,350"
"04-Sep-2024","815.45","818.65","813.65","816.50","10,789,570"
"05-Sep-2024","818.35","822.15","814.40","818.75","8,395,074"
"06-Sep-2024","811.50","812.90","777.00","782.50","40,220,096"
"09-Sep-2024","785.00","788.20","771.00","784.25","21,322,103"
"10-Sep-2024","788.00","788.80","777.50","782.65","12,824,701"
"11-Sep-2024","780.05","788.00","765.40","768.60","20,060,665"
"12-Sep-2024","775.00","789.90","772.75","787.75","17,578,964"
"13-Sep-2024","791.00","795.00","785.10","790.85","12,950,936"
"16-Sep-2024","790.85","795.00","784.40","785.55","9,553,736"
"17-Sep-2024","785.60","787.50","780.55","782.90","10,665,630"
"18-Sep-2024","783.80","794.75","782.00","792.75","18,324,412"
"19-Sep-2024","795.05","801.35","784.05","789.95","10,645,478"
"20-Sep-2024","794.85","794.85","779.50","781.70","21,372,244"
"23-Sep-2024","786.00","805.00","784.50","801.85","17,309,545"
"24-Sep-2024","799.25","804.25","796.50","798.25","15,180,653"
"25-Sep-2024","797.90","798.00","788.70","793.10","18,465,571"
"26-Sep-2024","796.00","803.00","791.60","801.85","23,198,842"
"27-Sep-2024","801.85","808.00","798.45","802.65","15,193,681"
"30-Sep-2024","801.90","802.60","786.45","787.90","15,484,573"
"01-Oct-2024","788.00","800.35","788.00","796.95","13,280,535"
"03-Oct-2024","789.90","804.00","784.30","794.10","15,944,135"
"04-Oct-2024","792.00","809.85","785.25","796.65","20,097,454"
"07-Oct-2024","800.00","804.00","765.40","770.65","24,267,990"
"08-Oct-2024","772.25","784.40","772.25","781.45","8,560,960"
"09-Oct-2024","786.70","804.35","782.05","797.40","18,758,697"
"10-Oct-2024","799.00","804.45","795.00","797.10","10,241,015"
"11-Oct-2024","797.20","802.70","793.00","799.75","14,322,720"
"14-Oct-2024","802.00","809.25","800.80","805.15","8,967,564"
"15-Oct-2024","805.50","807.50","801.60","804.65","6,252,104"
"16-Oct-2024","802.80","809.00","802.05","805.45","6,494,240"
"17-Oct-2024","809.50","819.50","806.00","811.05","18,580,553"
"18-Oct-2024","811.10","822.60","802.90","820.40","11,704,698"
"21-Oct-2024","824.70","826.45","809.00","813.95","10,359,618"
"22-Oct-2024","814.00","816.85","787.50","790.40","16,645,356"
"23-Oct-2024","790.00","792.60","779.80","786.00","13,866,198"
"24-Oct-2024","786.05","797.00","784.65","794.55","5,607,500"
"25-Oct-2024","798.00","800.75","772.00","780.95","9,717,125"
"28-Oct-2024","783.80","803.95","783.55","792.05","13,757,251"
"29-Oct-2024","796.00","834.85","790.50","832.70","28,274,791"
"30-Oct-2024","828.00","833.00","821.05","822.45","15,977,682"
"31-Oct-2024","820.00","828.00","813.55","820.20","13,402,324"
"01-Nov-2024","822.40","825.60","818.90","821.20","1,637,141"
"04-Nov-2024","822.70","837.50","807.10","829.85","14,498,161"
"05-Nov-2024","829.85","851.40","826.25","849.20","26,254,561"
"06-Nov-2024","849.20","861.40","846.20","854.80","15,002,433"
"07-Nov-2024","861.00","862.40","846.70","859.60","15,283,847"
"08-Nov-2024","859.60","863.50","834.20","843.15","26,139,105"
"11-Nov-2024","846.00","854.00","842.00","847.65","12,621,337"
"12-Nov-2024","852.50","853.40","824.30","826.70","11,350,729"
"13-Nov-2024","823.35","831.75","804.65","808.65","13,756,706"
"14-Nov-2024","808.65","818.00","801.05","804.25","9,461,484"
"18-Nov-2024","811.00","816.70","799.25","814.30","9,322,451"
"19-Nov-2024","819.00","820.30","800.10","803.00","13,677,029"
"21-Nov-2024","798.50","798.50","761.55","780.75","29,486,577"
"22-Nov-2024","786.00","819.95","784.05","816.05","20,665,405"
"25-Nov-2024","827.00","849.60","825.65","844.45","23,434,605"
"26-Nov-2024","844.00","846.70","835.55","839.40","8,893,744"
"27-Nov-2024","838.50","842.50","832.10","834.10","8,375,108"
"28-Nov-2024","834.10","845.80","830.50","838.85","13,505,677"
"29-Nov-2024","841.10","844.05","831.55","838.95","10,822,949"
"02-Dec-2024","838.95","842.00","832.70","836.40","6,651,119"
"03-Dec-2024","838.00","856.60","836.90","853.95","12,186,182"
"04-Dec-2024","853.95","864.00","850.30","859.70","10,749,716"
"05-Dec-2024","860.00","871.45","855.60","865.45","14,716,036"
"06-Dec-2024","865.25","875.45","857.00","863.65","14,520,568"
"09-Dec-2024","859.00","866.85","856.95","858.05","9,630,346"
"10-Dec-2024","861.80","868.95","858.05","867.50","7,379,849"
"11-Dec-2024","867.50","869.85","860.95","861.60","7,006,973"
"12-Dec-2024","861.50","864.30","851.15","853.70","8,845,103"
"13-Dec-2024","852.60","862.90","835.00","861.55","9,379,370"
"16-Dec-2024","859.80","866.40","857.80","860.95","6,432,713"
"17-Dec-2024","858.55","862.60","847.05","850.55","8,791,216"
"18-Dec-2024","851.00","852.00","837.00","838.15","8,295,338"
"19-Dec-2024","824.60","838.00","820.20","832.80","9,453,398"
"20-Dec-2024","834.90","836.00","810.00","812.00","10,244,198"
"23-Dec-2024","817.30","824.00","812.20","821.15","4,933,200"
"24-Dec-2024","824.25","826.20","809.20","812.05","10,602,771"
"26-Dec-2024","813.00","822.85","808.00","812.45","8,318,714"
"27-Dec-2024","816.30","818.30","797.20","799.65","10,649,800"
"30-Dec-2024","802.00","807.95","785.00","788.30","21,515,438"
"31-Dec-2024","786.95","799.20","786.00","794.95","9,086,044"
"01-Jan-2025","795.55","798.65","789.50","793.20","7,273,098"
"02-Jan-2025","795.00","802.40","787.00","801.20","11,398,319"
"03-Jan-2025","801.20","809.50","792.15","793.40","13,336,514"
"06-Jan-2025","797.40","797.60","773.15","776.40","11,419,367"
"07-Jan-2025","779.85","783.85","774.85","778.75","9,669,152"
"08-Jan-2025","780.90","783.95","760.10","771.15","15,641,490"
"09-Jan-2025","771.15","771.35","726.25","760.45","15,351,029"
"10-Jan-2025","760.35","763.40","742.05","743.25","11,779,296"
"13-Jan-2025","741.50","743.95","722.50","729.50","10,414,733"
"14-Jan-2025","732.95","757.00","732.95","748.15","11,960,975"
"15-Jan-2025","753.15","758.90","750.00","753.70","7,792,299"
"16-Jan-2025","760.40","776.70","760.40","766.30","11,816,079"
"17-Jan-2025","766.30","767.95","759.40","764.10","5,766,573"
"20-Jan-2025","769.00","785.00","767.85","779.25","9,198,929"
"21-Jan-2025","784.80","784.90","756.05","759.05","13,751,780"
"22-Jan-2025","762.00","763.00","738.00","753.45","9,908,339"
"23-Jan-2025","750.00","755.65","743.10","745.90","10,986,405"
"24-Jan-2025","749.90","753.70","739.00","744.15","10,579,213"
"27-Jan-2025","740.00","755.35","735.90","749.20","11,433,353"
"28-Jan-2025","757.00","759.75","745.40","752.40","14,140,860"
"29-Jan-2025","753.00","760.80","749.80","758.45","9,251,973"
"30-Jan-2025","758.55","765.00","754.75","762.60","11,085,824"
"31-Jan-2025","764.90","777.55","759.50","772.90","10,083,763"
"01-Feb-2025","774.80","778.75","752.15","766.00","9,363,077"
"03-Feb-2025","762.80","762.80","753.15","760.95","7,862,190"
"04-Feb-2025","767.00","781.25","765.65","779.20","12,020,807"
"05-Feb-2025","780.00","782.00","765.00","766.05","13,419,162"
"06-Feb-2025","769.00","770.85","750.05","752.25","32,745,391"
"07-Feb-2025","759.80","759.90","731.75","737.20","37,240,692"
"10-Feb-2025","740.00","743.90","733.40","736.80","12,667,049"
"11-Feb-2025","737.45","740.15","726.55","731.10","13,017,060"
"12-Feb-2025","733.15","738.70","717.15","733.15","12,697,743"
"13-Feb-2025","734.40","737.50","726.15","727.65","12,370,571"
"14-Feb-2025","730.95","732.90","716.20","722.15","10,417,539"
"17-Feb-2025","719.05","728.75","711.55","727.70","9,093,600"
"18-Feb-2025","727.70","728.25","717.35","725.80","8,562,003"
"19-Feb-2025","722.05","734.85","722.05","727.30","6,766,606"
"20-Feb-2025","724.90","731.50","723.35","729.70","7,423,268"
"21-Feb-2025","727.30","731.70","720.00","722.00","6,571,602"
"24-Feb-2025","710.50","719.75","710.50","716.40","6,912,148"
"25-Feb-2025","718.95","718.95","710.00","710.90","8,599,635"
"27-Feb-2025","716.00","717.70","701.10","703.90","12,033,139"
"28-Feb-2025","700.90","701.35","682.60","688.80","15,780,609"
"03-Mar-2025","690.15","697.40","680.00","695.30","10,598,479"
"04-Mar-2025","693.00","718.45","692.10","716.05","14,386,214"
"05-Mar-2025","717.55","731.30","717.00","730.35","10,409,805"
"06-Mar-2025","736.00","736.75","727.00","732.05","10,928,847"
"07-Mar-2025","732.05","734.85","728.00","732.75","7,246,729"
"10-Mar-2025","732.75","738.50","726.60","728.90","7,400,109"
"11-Mar-2025","724.90","734.05","722.70","729.85","5,538,789"
"12-Mar-2025","730.60","737.00","719.05","723.05","5,547,762"
"13-Mar-2025","725.90","731.45","724.50","727.85","5,908,337"
"17-Mar-2025","728.90","731.25","722.30","723.15","5,149,565"
"18-Mar-2025","726.60","738.45","722.60","736.70","8,087,710"
"19-Mar-2025","739.60","749.30","739.10","745.10","7,604,850"
"20-Mar-2025","748.00","752.70","744.20","749.55","6,963,197"
"21-Mar-2025","749.95","755.60","747.00","753.20","9,577,327"
"24-Mar-2025","758.00","782.95","755.10","780.80","12,095,064"
"25-Mar-2025","783.90","786.00","769.20","772.85","15,190,143"
"26-Mar-2025","772.00","776.05","761.45","764.00","7,711,852"
"27-Mar-2025","763.80","775.80","760.50","772.30","15,648,616"
"28-Mar-2025","772.10","778.60","767.00","771.50","7,628,185"
"01-Apr-2025","766.80","782.75","763.20","771.70","7,011,125"
"02-Apr-2025","772.30","777.00","764.30","775.95","5,458,436"
"03-Apr-2025","770.00","784.70","769.95","779.20","7,956,680"
"04-Apr-2025","779.10","782.90","765.00","767.45","8,231,194"
"07-Apr-2025","730.00","753.70","730.00","746.90","14,923,235"
"08-Apr-2025","760.00","774.00","758.15","768.60","12,911,288"
"09-Apr-2025","767.00","767.95","741.00","742.20","11,319,387"
"11-Apr-2025","759.00","759.70","746.00","753.85","9,360,327"
"15-Apr-2025","770.00","770.70","757.10","763.50","7,859,090"
"16-Apr-2025","763.50","774.75","760.50","771.75","12,536,694"
"17-Apr-2025","772.00","801.00","767.15","797.45","27,034,818"
"21-Apr-2025","803.00","824.35","801.40","816.70","16,398,507"
"22-Apr-2025","821.15","835.50","814.00","822.40","25,117,557"
"23-Apr-2025","826.00","831.00","810.10","813.45","12,104,382"
"24-Apr-2025","812.75","819.00","811.15","813.40","12,713,521"
"25-Apr-2025","815.00","819.00","787.00","798.65","13,131,038"
"28-Apr-2025","798.65","822.80","797.40","817.35","11,317,611"
"29-Apr-2025","820.00","829.00","809.00","812.55","11,283,059"
"30-Apr-2025","811.50","811.50","784.50","788.65","25,635,764"
"02-May-2025","790.35","803.40","789.00","800.00","17,199,386"
"05-May-2025","782.00","799.00","782.00","790.00","23,986,447"
"06-May-2025","793.95","799.15","771.10","774.10","18,869,468"
"07-May-2025","765.30","782.40","764.55","776.10","15,586,266"
"08-May-2025","779.00","786.50","764.00","769.00","14,491,673"
"09-May-2025","756.50","781.70","755.50","779.25","13,578,216"
"12-May-2025","799.00","803.90","793.00","801.65","15,096,824"
"13-May-2025","798.60","807.65","797.20","801.75","13,909,596"
"14-May-2025","805.75","807.50","796.30","800.70","9,281,719"
"15-May-2025","804.45","809.45","794.50","807.75","17,058,854"
"16-May-2025","804.00","804.00","791.00","792.10","14,733,924"
"19-May-2025","792.10","801.40","792.10","795.00","10,666,184"
"20-May-2025","798.15","799.40","783.80","785.65","11,324,667"
"21-May-2025","787.00","791.00","779.10","787.10","8,206,040"
"22-May-2025","788.00","788.20","780.30","785.25","7,355,826"
"23-May-2025","787.90","794.95","786.20","790.50","5,534,158"
"26-May-2025","792.00","797.55","789.20","794.40","4,965,466"
"27-May-2025","794.40","801.35","790.05","793.70","11,995,043"
"28-May-2025","794.50","798.90","792.65","796.55","6,873,519"
"29-May-2025","799.00","800.40","791.35","797.35","14,034,127"
"30-May-2025","798.00","814.50","792.60","812.30","22,037,314"
"02-Jun-2025","812.85","822.55","809.20","813.65","26,891,575"
"03-Jun-2025","816.20","818.40","805.15","809.80","14,247,597"
"04-Jun-2025","817.00","817.00","805.25","806.50","9,607,927"
"05-Jun-2025","808.70","811.70","802.85","806.00","13,595,507"
"06-Jun-2025","806.65","816.45","803.10","813.05","17,163,935"
"09-Jun-2025","817.40","824.50","815.70","820.05","12,793,040"
"10-Jun-2025","821.00","822.05","814.60","817.05","6,560,513"
"11-Jun-2025","817.00","820.60","813.05","815.05","7,197,825"
"12-Jun-2025","816.00","816.50","801.20","805.95","13,448,521"
"13-Jun-2025","786.25","796.30","786.25","792.35","11,377,117"
"16-Jun-2025","792.50","795.40","786.15","792.50","8,085,001"
"17-Jun-2025","794.00","798.85","790.55","792.30","7,753,156"
"18-Jun-2025","792.50","795.50","788.35","791.90","5,710,169"
"19-Jun-2025","792.35","793.25","781.70","785.10","11,824,333"
"20-Jun-2025","787.50","799.45","786.10","796.15","11,367,669"
"23-Jun-2025","790.00","794.95","788.50","790.20","5,549,253"
"24-Jun-2025","799.00","806.65","793.65","795.40","11,402,190"
"25-Jun-2025","799.50","803.80","796.10","800.05","6,528,324"
"26-Jun-2025","802.00","803.35","791.40","797.05","24,704,402"
"27-Jun-2025","805.00","809.45","802.65","805.40","19,375,990"
"30-Jun-2025","809.00","821.00","807.05","820.35","19,652,607"
"01-Jul-2025","820.00","824.90","813.25","820.30","11,456,405"
"02-Jul-2025","821.00","824.05","809.00","812.90","6,661,200"
"03-Jul-2025","813.50","814.50","805.80","807.10","7,020,403"
"04-Jul-2025","808.75","813.85","804.10","811.85","4,319,538"
"07-Jul-2025","811.20","812.65","805.15","806.85","4,461,783"
"08-Jul-2025","807.90","813.55","805.35","812.65","5,935,770"
"09-Jul-2025","810.00","812.45","809.00","810.95","4,099,112"
"10-Jul-2025","811.30","815.50","806.90","808.00","12,178,137"
"11-Jul-2025","807.55","812.55","804.55","808.65","6,202,372"
"14-Jul-2025","809.80","815.50","808.00","808.85","6,938,635"
"15-Jul-2025","811.00","821.00","810.50","816.45","9,297,645"
"16-Jul-2025","816.00","834.20","815.30","831.70","16,458,920"
"17-Jul-2025","838.40","842.50","826.35","829.00","23,073,718"
"18-Jul-2025","832.00","832.65","820.25","823.35","15,387,801"
"21-Jul-2025","823.00","827.35","817.95","824.20","8,852,594"
"22-Jul-2025","827.50","828.05","814.00","815.00","7,851,163"
"23-Jul-2025","812.50","825.20","811.50","820.65","15,470,390"
"24-Jul-2025","820.00","821.95","810.65","815.70","10,118,309"
"25-Jul-2025","815.00","819.20","805.50","806.55","6,734,439"
"28-Jul-2025","806.55","808.95","796.00","797.15","7,734,158"
"29-Jul-2025","796.20","800.00","793.10","799.20","7,833,759"
"30-Jul-2025","798.95","803.40","796.20","801.65","8,743,723"
"31-Jul-2025","795.10","803.80","792.55","796.55","11,359,112"
"01-Aug-2025","795.70","801.00","792.00","794.00","15,468,391"
"04-Aug-2025","794.50","797.20","786.55","795.70","8,820,724"
"05-Aug-2025","798.00","804.05","796.30","800.60","7,381,537"
"06-Aug-2025","800.95","810.20","799.00","805.15","7,409,396"
"07-Aug-2025","801.10","806.65","793.40","805.15","7,091,392"
"08-Aug-2025","805.00","807.80","790.00","804.30","15,708,181"
"11-Aug-2025","808.00","825.00","808.00","823.45","15,236,297"
"12-Aug-2025","824.95","825.50","820.00","820.60","7,986,728"
"13-Aug-2025","822.65","824.95","820.65","821.85","4,447,508"
"14-Aug-2025","822.00","828.00","819.10","826.55","7,087,573"
"18-Aug-2025","836.00","838.00","825.15","827.65","6,138,124"
"19-Aug-2025","827.50","831.00","825.80","830.40","5,076,681"
"20-Aug-2025","828.70","831.90","827.40","828.95","4,493,888"
"21-Aug-2025","828.95","833.25","824.05","825.70","4,402,511"
"22-Aug-2025","824.00","826.00","815.70","816.25","5,097,647"
"25-Aug-2025","817.45","820.50","814.20","816.45","5,672,898"
"26-Aug-2025","814.85","815.85","806.75","807.85","6,997,817"
"28-Aug-2025","807.25","811.00","800.65","801.95","7,898,436"
"29-Aug-2025","800.70","806.70","798.50","802.50","6,861,440"
"01-Sep-2025","803.10","808.30","802.65","806.05","5,619,805"
"02-Sep-2025","806.30","810.50","802.65","803.90","5,075,460"
"03-Sep-2025","804.30","813.30","803.00","812.15","4,261,589"
"04-Sep-2025","814.65","816.75","808.00","809.40","4,471,950"
"05-Sep-2025","811.50","812.50","803.65","806.60","5,194,842"
"08-Sep-2025","808.00","813.85","806.80","808.80","4,614,227"
"09-Sep-2025","812.00","812.35","805.60","808.85","4,567,272"
"10-Sep-2025","812.00","824.60","810.40","818.20","7,285,853"
"11-Sep-2025","819.10","825.70","819.00","823.65","7,425,055"
"12-Sep-2025","824.10","825.80","819.80","823.55","5,078,018"
"15-Sep-2025","823.55","827.80","821.10","824.75","3,852,494"
"16-Sep-2025","825.10","833.00","821.65","831.55","9,467,531"
"17-Sep-2025","834.30","858.15","831.00","857.15","17,243,938"
"18-Sep-2025","858.65","860.80","851.10","854.35","10,400,847"
"19-Sep-2025","852.00","864.45","849.30","862.35","15,206,426"
"22-Sep-2025","862.00","868.20","854.00","855.25","6,594,034"
"23-Sep-2025","854.60","874.25","851.20","870.60","14,357,863"
"24-Sep-2025","876.00","880.50","864.45","866.20","12,840,160"
"25-Sep-2025","866.55","870.15","859.95","861.15","8,678,821"
"26-Sep-2025","862.00","864.35","853.00","856.95","6,959,545"
"29-Sep-2025","858.05","873.50","856.00","870.75","22,641,712"
"30-Sep-2025","869.95","877.60","867.60","872.45","12,831,593"
"01-Oct-2025","872.30","876.45","862.80","864.10","10,832,384"
"03-Oct-2025","865.15","873.00","863.80","867.30","8,019,442"
"06-Oct-2025","868.00","875.30","862.80","874.05","7,820,352"
"07-Oct-2025","874.15","877.00","863.00","864.70","9,242,580"
"08-Oct-2025","866.80","867.80","857.25","858.25","7,156,112"
"09-Oct-2025","861.60","865.80","858.10","862.10","7,020,501"
"10-Oct-2025","862.10","883.75","861.30","880.65","13,713,015"
"13-Oct-2025","879.00","888.10","876.00","882.95","11,923,143"
"14-Oct-2025","883.00","884.15","872.10","876.95","7,681,973"
"15-Oct-2025","878.10","887.50","877.05","886.10","8,269,225"
"16-Oct-2025","888.30","891.85","882.45","886.95","8,493,686"
"17-Oct-2025","887.50","894.75","883.00","889.15","8,511,854"
"20-Oct-2025","894.60","913.65","891.05","907.50","13,546,463"
"21-Oct-2025","908.00","910.00","906.40","907.85","1,783,576"
"23-Oct-2025","912.00","918.00","904.80","911.55","13,382,769"
"24-Oct-2025","910.95","914.10","900.95","904.50","5,313,227"
"27-Oct-2025","906.95","928.00","906.00","922.75","9,150,761"
"28-Oct-2025","927.10","935.85","917.70","930.25","22,066,289"
"29-Oct-2025","933.90","942.05","930.25","939.75","12,314,222"
"30-Oct-2025","939.45","944.90","933.05","934.35","13,044,473"
"31-Oct-2025","934.90","946.70","930.25","937.00","12,078,252"
"03-Nov-2025","938.75","953.40","937.50","949.70","11,744,735"
"04-Nov-2025","951.00","959.30","941.50","957.60","19,154,518"
"06-Nov-2025","969.65","971.40","955.30","960.75","23,088,096"
"07-Nov-2025","958.75","964.85","944.00","955.85","13,371,323"
"10-Nov-2025","956.00","963.20","949.10","951.15","7,343,249"
"11-Nov-2025","953.60","954.95","945.05","953.30","8,648,917"
"12-Nov-2025","957.70","961.55","951.40","957.15","7,043,323"
"13-Nov-2025","954.25","963.95","952.45","954.00","8,894,441"
"14-Nov-2025","952.95","969.05","952.00","967.85","11,032,927"
"17-Nov-2025","971.00","976.00","968.50","973.35","7,415,026"
"18-Nov-2025","975.60","976.70","968.85","972.45","6,594,686"
"19-Nov-2025","972.45","984.45","968.80","982.75","8,291,226"
"20-Nov-2025","986.00","986.60","979.35","981.55","6,440,857"
"21-Nov-2025","979.70","980.60","971.05","972.60","5,377,241"
"24-Nov-2025","975.55","977.70","968.05","970.60","9,901,946"
"25-Nov-2025","975.55","988.95","971.35","983.60","9,140,201"
"26-Nov-2025","986.60","999.00","982.15","983.90","13,943,490"
"27-Nov-2025","986.70","988.55","968.90","972.85","11,909,168"
"28-Nov-2025","976.80","983.00","973.05","979.00","8,117,842"
"01-Dec-2025","985.45","991.20","969.85","973.10","8,808,306"
"02-Dec-2025","976.00","980.45","964.90","967.30","13,444,314"
"03-Dec-2025","970.45","972.55","947.55","951.05","14,051,968"
"04-Dec-2025","951.05","952.55","944.45","948.10","13,622,724"
"05-Dec-2025","948.85","973.30","946.70","971.50","17,347,847"
"08-Dec-2025","970.85","972.50","951.70","956.40","15,386,438"
"09-Dec-2025","954.80","964.00","950.45","959.35","9,580,294"
"10-Dec-2025","960.10","963.95","955.25","959.75","6,989,178"
"11-Dec-2025","962.10","966.50","958.45","963.25","5,979,035"
"12-Dec-2025","966.00","967.00","958.00","963.15","5,681,930"
"15-Dec-2025","957.25","968.85","957.25","967.25","4,416,952"
"16-Dec-2025","966.05","969.00","958.05","961.15","4,764,786"
"17-Dec-2025","965.55","978.50","964.30","975.85","8,013,382"
"18-Dec-2025","977.90","981.45","973.50","977.55","4,926,879"
"19-Dec-2025","979.95","982.00","977.05","980.30","5,376,584"
"22-Dec-2025","981.10","983.00","972.55","974.30","5,959,037"
"23-Dec-2025","976.30","977.55","970.70","971.90","5,123,287"
"24-Dec-2025","973.20","977.30","967.50","968.95","4,105,643"
"26-Dec-2025","968.95","971.00","964.75","966.30","3,286,321"
"29-Dec-2025","966.90","968.90","961.45","965.05","5,267,233"
"30-Dec-2025","963.00","976.20","959.50","973.45","15,030,644"
"31-Dec-2025","975.25","985.65","973.50","982.20","5,807,630"
"26-Feb-2026","1,201.00","1,215.40","1,188.90","1,210.50","1,446,562"
"27-Feb-2026","1,207.00","1,211.80","1,198.60","1,201.80","1,948,912"
