"Date","Open","High","Low","Close","Volume"
"01-Jan-2019","148.95","149.60","146.40","148.70","3,342,569"
"02-Jan-2019","147.95","148.70","146.15","147.00","4,334,233"
"03-Jan-2019","147.00","147.40","142.85","143.40","5,862,736"
"04-Jan-2019","143.95","146.30","142.25","145.75","6,656,760"
"07-Jan-2019","146.25","149.70","146.15","148.60","11,768,203"
"08-Jan-2019","148.00","149.50","146.00","146.95","5,547,244"
"09-Jan-2019","147.00","148.45","145.40","146.55","3,863,786"
"10-Jan-2019","146.95","149.55","146.75","148.10","12,784,001"
"11-Jan-2019","148.00","150.30","147.20","148.00","11,316,608"
"14-Jan-2019","148.00","148.35","145.20","145.55","4,175,566"
"15-Jan-2019","146.00","146.45","144.15","145.80","12,275,812"
"16-Jan-2019","146.30","148.50","145.70","146.35","4,732,815"
"17-Jan-2019","146.90","147.65","144.25","144.90","6,274,305"
"18-Jan-2019","145.30","146.40","144.00","144.30","2,583,594"
"21-Jan-2019","146.50","146.75","142.65","143.40","10,989,731"
"22-Jan-2019","143.90","143.90","142.00","142.80","5,895,361"
"23-Jan-2019","142.90","143.60","140.30","140.75","4,436,294"
"24-Jan-2019","140.75","142.10","139.10","140.05","3,541,981"
"25-Jan-2019","140.50","141.90","138.05","138.30","4,552,697"
"28-Jan-2019","138.50","139.50","136.65","138.60","6,086,122"
"29-Jan-2019","138.60","139.40","137.40","138.50","8,106,901"
"30-Jan-2019","139.40","140.40","138.10","138.70","11,481,494"
"31-Jan-2019","140.50","141.20","139.00","139.70","36,695,700"
"01-Feb-2019","140.00","140.50","138.80","140.15","5,916,171"
"04-Feb-2019","140.10","140.40","136.75","137.25","5,596,920"
"05-Feb-2019","137.00","138.40","136.20","138.05","7,105,333"
"06-Feb-2019","135.80","137.75","135.00","137.10","10,675,675"
"07-Feb-2019","137.00","138.00","135.10","135.95","4,327,928"
"08-Feb-2019","135.40","137.40","131.55","132.05","4,664,302"
"11-Feb-2019","131.95","133.30","128.60","130.35","10,939,054"
"12-Feb-2019","130.05","133.95","130.00","133.25","12,417,295"
"13-Feb-2019","133.25","134.10","128.00","131.10","11,559,385"
"14-Feb-2019","131.00","133.30","128.10","131.25","31,594,972"
"15-Feb-2019","132.00","137.40","132.00","136.25","21,546,525"
"18-Feb-2019","135.80","140.40","134.95","137.45","10,834,305"
"19-Feb-2019","137.10","137.90","132.45","133.70","7,524,246"
"20-Feb-2019","134.20","138.90","132.30","137.20","12,462,775"
"21-Feb-2019","137.80","138.50","135.50","136.45","3,932,612"
"22-Feb-2019","136.75","140.25","135.00","139.70","9,732,276"
"25-Feb-2019","139.60","141.00","136.25","140.35","22,964,823"
"26-Feb-2019","137.20","141.20","136.30","140.55","12,918,108"
"27-Feb-2019","139.30","142.95","138.15","138.75","15,215,646"
"28-Feb-2019","140.20","142.70","138.30","141.25","41,819,652"
"01-Mar-2019","141.70","143.75","141.65","143.00","5,657,562"
"05-Mar-2019","143.00","148.20","143.00","147.00","10,823,586"
"06-Mar-2019","147.70","149.50","147.10","148.95","8,594,413"
"07-Mar-2019","149.10","150.60","145.50","146.20","6,947,851"
"08-Mar-2019","147.50","154.80","145.35","152.20","28,885,977"
"11-Mar-2019","153.00","160.30","149.50","151.40","25,006,371"
"12-Mar-2019","150.80","156.35","150.20","151.25","19,429,204"
"13-Mar-2019","151.00","151.05","145.00","148.20","17,452,596"
"14-Mar-2019","148.90","154.90","148.10","153.65","12,229,497"
"15-Mar-2019","154.60","159.25","152.65","158.05","16,963,953"
"18-Mar-2019","157.85","160.80","155.75","158.75","16,074,505"
"19-Mar-2019","133.95","137.30","130.40","134.90","25,950,621"
"20-Mar-2019","135.80","136.00","128.10","129.25","28,098,992"
"22-Mar-2019","131.00","136.20","129.70","134.65","53,779,933"
"25-Mar-2019","133.85","137.50","133.75","135.35","31,535,535"
"26-Mar-2019","136.00","142.00","136.00","140.80","23,510,777"
"27-Mar-2019","140.90","140.90","136.20","137.00","20,849,776"
"28-Mar-2019","137.50","139.35","135.10","135.75","41,232,946"
"29-Mar-2019","137.15","140.55","132.70","134.70","47,265,221"
"01-Apr-2019","136.40","137.50","133.55","135.10","26,716,877"
"02-Apr-2019","136.05","136.70","134.00","135.15","14,343,829"
"03-Apr-2019","135.95","137.50","134.00","134.80","12,596,804"
"04-Apr-2019","134.80","136.80","134.45","135.65","12,939,086"
"05-Apr-2019","135.55","136.45","134.40","134.80","7,742,848"
"08-Apr-2019","134.90","136.80","134.55","135.55","13,409,083"
"09-Apr-2019","135.50","136.45","135.05","135.90","7,506,763"
"10-Apr-2019","136.25","137.00","134.30","134.60","9,502,300"
"11-Apr-2019","134.95","136.40","134.40","135.95","8,703,097"
"12-Apr-2019","136.00","136.50","135.20","135.95","7,212,573"
"15-Apr-2019","136.25","138.30","135.40","136.75","11,013,801"
"16-Apr-2019","137.40","138.15","136.50","137.55","7,469,500"
"18-Apr-2019","137.50","137.85","135.05","135.35","6,634,192"
"22-Apr-2019","135.10","136.40","134.35","136.00","5,541,225"
"23-Apr-2019","136.00","136.10","133.25","133.65","8,790,522"
"24-Apr-2019","133.65","134.45","132.30","133.95","9,255,095"
"25-Apr-2019","134.00","135.35","132.30","132.90","29,354,749"
"26-Apr-2019","133.45","135.10","133.35","134.10","4,789,673"
"30-Apr-2019","134.25","134.80","131.45","134.05","7,527,996"
"02-May-2019","133.30","133.90","132.10","133.10","6,401,386"
"03-May-2019","133.10","136.65","133.00","135.45","9,226,969"
"06-May-2019","135.00","135.60","133.70","135.00","6,080,575"
"07-May-2019","135.45","136.20","133.60","134.10","9,137,799"
"08-May-2019","133.85","134.00","130.20","130.80","8,742,473"
"09-May-2019","130.75","130.80","126.40","127.70","14,395,488"
"10-May-2019","128.45","128.75","126.25","127.00","9,724,014"
"13-May-2019","126.90","127.00","123.00","123.55","11,507,204"
"14-May-2019","123.70","126.50","122.40","125.60","6,908,544"
"15-May-2019","126.30","126.90","123.00","123.95","9,384,447"
"16-May-2019","124.85","126.35","123.25","125.75","6,519,422"
"17-May-2019","124.75","126.60","124.00","125.50","10,003,051"
"20-May-2019","128.20","130.10","125.60","129.25","12,330,905"
"21-May-2019","129.70","129.75","127.75","128.60","8,095,621"
"22-May-2019","128.60","130.45","127.40","129.60","9,540,723"
"23-May-2019","130.60","133.45","129.35","129.85","11,017,547"
"24-May-2019","130.50","131.00","128.55","129.15","9,371,443"
"27-May-2019","132.40","136.60","130.15","133.20","19,948,676"
"28-May-2019","133.95","134.75","131.70","132.60","15,628,186"
"29-May-2019","132.00","133.25","130.20","130.90","5,397,986"
"30-May-2019","131.05","135.60","131.05","135.10","30,257,040"
"31-May-2019","135.25","136.05","132.30","133.25","11,325,445"
"03-Jun-2019","134.40","134.80","132.70","133.10","7,302,092"
"04-Jun-2019","133.15","136.35","133.15","135.05","10,439,893"
"06-Jun-2019","135.15","137.00","132.80","136.55","12,191,883"
"07-Jun-2019","137.00","137.50","134.50","135.15","9,310,029"
"10-Jun-2019","135.20","137.10","134.35","135.00","7,295,669"
"11-Jun-2019","135.40","136.65","133.75","135.30","4,554,162"
"12-Jun-2019","135.00","135.70","133.30","134.40","3,660,802"
"13-Jun-2019","134.50","135.85","133.30","134.90","5,113,806"
"14-Jun-2019","134.95","135.50","132.40","132.75","4,761,596"
"17-Jun-2019","133.45","133.85","131.40","132.25","3,655,275"
"18-Jun-2019","132.60","133.35","131.90","132.40","5,172,138"
"19-Jun-2019","132.50","135.25","132.50","134.65","5,278,372"
"20-Jun-2019","134.60","135.25","133.60","134.55","6,963,441"
"21-Jun-2019","134.85","135.20","134.05","134.55","9,456,244"
"24-Jun-2019","134.70","136.00","133.75","135.60","5,918,107"
"25-Jun-2019","135.95","139.70","135.15","138.45","18,761,799"
"26-Jun-2019","139.50","141.90","139.30","140.05","24,643,824"
"27-Jun-2019","141.05","142.00","139.05","140.15","38,789,825"
"28-Jun-2019","140.10","141.85","139.50","141.35","10,648,757"
"01-Jul-2019","142.20","145.85","138.65","142.55","31,289,422"
"02-Jul-2019","143.00","144.40","142.55","142.95","8,847,109"
"03-Jul-2019","143.85","144.40","142.65","143.25","6,947,927"
"04-Jul-2019","144.45","144.45","142.35","143.45","5,792,826"
"05-Jul-2019","142.80","143.80","135.40","136.50","21,459,265"
"08-Jul-2019","136.60","136.60","128.55","129.60","20,404,790"
"09-Jul-2019","128.45","132.00","127.60","129.55","19,374,808"
"10-Jul-2019","129.00","131.00","128.65","129.05","9,141,198"
"11-Jul-2019","130.25","130.90","128.60","128.95","6,669,919"
"12-Jul-2019","129.85","132.45","126.45","127.80","21,467,991"
"15-Jul-2019","128.00","128.95","127.30","127.95","5,852,788"
"16-Jul-2019","128.80","131.40","128.00","130.95","11,313,969"
"17-Jul-2019","131.60","132.15","128.70","129.10","10,958,942"
"18-Jul-2019","130.10","130.95","126.40","127.05","18,049,102"
"19-Jul-2019","127.95","131.00","126.05","129.90","33,840,376"
"22-Jul-2019","130.50","132.65","127.65","130.85","15,870,663"
"23-Jul-2019","131.45","133.45","130.50","133.05","9,840,729"
"24-Jul-2019","133.55","133.55","130.70","131.85","10,421,947"
"25-Jul-2019","132.00","132.85","128.40","129.75","29,337,351"
"26-Jul-2019","130.40","130.40","128.25","128.80","11,411,885"
"29-Jul-2019","128.00","128.80","126.75","127.30","22,168,687"
"30-Jul-2019","126.65","128.65","126.10","127.20","16,228,044"
"31-Jul-2019","126.20","127.35","125.50","126.55","14,557,889"
"01-Aug-2019","126.40","127.75","125.15","126.85","11,138,203"
"02-Aug-2019","126.20","126.90","122.45","123.10","21,851,409"
"05-Aug-2019","122.40","123.45","120.45","121.00","8,713,907"
"06-Aug-2019","120.00","124.90","119.75","123.35","13,232,442"
"07-Aug-2019","123.00","124.95","122.10","123.05","13,132,981"
"08-Aug-2019","123.15","125.15","122.20","124.65","8,227,791"
"09-Aug-2019","124.60","126.65","123.15","123.90","10,566,552"
"13-Aug-2019","123.00","123.00","114.75","117.15","25,954,194"
"14-Aug-2019","117.25","119.00","116.55","117.60","8,641,527"
"16-Aug-2019","117.40","119.30","116.60","117.80","10,992,249"
"19-Aug-2019","118.35","120.45","117.60","118.90","9,653,434"
"20-Aug-2019","119.00","120.25","117.35","117.95","7,758,935"
"21-Aug-2019","118.00","119.60","117.45","117.90","12,842,739"
"22-Aug-2019","118.00","118.40","113.85","114.75","16,991,585"
"23-Aug-2019","115.00","118.95","114.10","118.50","9,284,204"
"26-Aug-2019","119.00","120.60","117.70","120.05","11,965,007"
"27-Aug-2019","120.15","125.40","120.15","123.20","22,238,086"
"28-Aug-2019","123.80","124.70","119.45","119.90","11,905,383"
"29-Aug-2019","118.75","124.15","117.90","123.10","38,336,134"
"30-Aug-2019","122.90","123.65","115.60","121.65","18,833,819"
"03-Sep-2019","121.95","121.95","117.15","117.65","7,635,093"
"04-Sep-2019","118.00","119.90","116.65","119.45","7,299,231"
"05-Sep-2019","119.85","129.65","119.85","123.45","19,432,303"
"06-Sep-2019","123.45","127.80","123.30","127.00","11,891,983"
"09-Sep-2019","127.30","127.95","125.20","126.35","5,303,272"
"11-Sep-2019","126.50","127.55","123.85","124.50","5,473,674"
"12-Sep-2019","124.00","124.75","121.60","122.25","8,444,053"
"13-Sep-2019","122.35","124.30","121.25","124.05","7,509,999"
"16-Sep-2019","123.35","124.15","121.85","123.25","5,593,727"
"17-Sep-2019","122.85","123.15","120.55","120.90","5,663,425"
"18-Sep-2019","121.55","122.85","119.65","122.50","8,627,190"
"19-Sep-2019","122.95","122.95","120.10","121.70","6,031,946"
"20-Sep-2019","121.05","125.40","118.50","119.85","34,008,081"
"23-Sep-2019","121.10","121.60","114.05","116.05","33,355,557"
"24-Sep-2019","116.30","116.80","114.35","115.15","20,864,605"
"25-Sep-2019","115.60","118.60","115.05","116.90","18,851,203"
"26-Sep-2019","117.25","118.70","115.95","116.55","21,458,595"
"27-Sep-2019","117.90","119.10","116.30","117.05","9,325,734"
"30-Sep-2019","117.10","118.20","115.75","117.50","12,045,142"
"01-Oct-2019","118.00","118.90","116.25","117.05","9,718,865"
"03-Oct-2019","117.55","117.55","114.60","116.75","10,477,900"
"04-Oct-2019","117.30","120.50","116.50","117.40","20,289,650"
"07-Oct-2019","117.45","117.95","114.70","115.95","14,111,765"
"09-Oct-2019","116.00","118.00","115.40","117.25","8,413,122"
"10-Oct-2019","117.20","117.50","116.35","117.25","6,885,340"
"11-Oct-2019","117.20","118.35","115.90","116.70","9,176,578"
"14-Oct-2019","116.55","118.15","116.20","117.75","12,146,203"
"15-Oct-2019","117.00","119.80","117.00","119.40","7,630,007"
"16-Oct-2019","118.80","119.80","116.90","117.40","10,206,387"
"17-Oct-2019","117.70","119.20","116.95","118.70","10,163,035"
"18-Oct-2019","118.80","121.50","118.40","121.05","16,961,782"
"22-Oct-2019","121.65","121.65","119.95","120.90","12,091,476"
"23-Oct-2019","120.25","121.70","120.25","121.05","6,580,501"
"24-Oct-2019","122.00","122.00","119.20","120.20","8,009,018"
"25-Oct-2019","120.85","120.85","118.20","118.50","8,505,881"
"27-Oct-2019","119.00","119.10","118.55","118.80","312,159"
"29-Oct-2019","118.70","120.35","117.60","119.90","8,581,053"
"30-Oct-2019","121.00","121.75","119.25","120.95","12,119,474"
"31-Oct-2019","121.50","124.20","120.80","122.40","16,511,583"
"01-Nov-2019","123.00","123.20","121.10","121.50","4,170,369"
"04-Nov-2019","121.65","122.60","119.90","120.55","7,894,331"
"05-Nov-2019","120.20","121.50","119.55","120.60","6,156,847"
"06-Nov-2019","120.10","121.75","119.95","120.65","5,317,553"
"07-Nov-2019","121.15","121.20","119.10","119.55","6,794,239"
"08-Nov-2019","119.10","119.35","117.00","117.40","9,771,715"
"11-Nov-2019","118.95","121.75","117.75","118.25","22,943,443"
"13-Nov-2019","117.90","119.25","117.55","118.30","12,220,298"
"14-Nov-2019","118.50","119.15","117.55","118.55","5,208,393"
"15-Nov-2019","118.55","118.85","116.95","117.35","4,650,424"
"18-Nov-2019","117.05","117.85","116.80","117.45","4,727,251"
"19-Nov-2019","117.75","118.30","116.80","117.35","7,577,320"
"20-Nov-2019","117.30","117.60","116.05","117.05","10,033,434"
"21-Nov-2019","117.40","117.40","114.80","115.30","15,099,980"
"22-Nov-2019","116.95","119.20","116.95","117.80","13,934,099"
"25-Nov-2019","118.00","118.40","117.10","118.10","10,863,475"
"26-Nov-2019","118.10","118.90","116.20","116.65","14,426,269"
"27-Nov-2019","116.80","117.30","115.45","115.75","5,455,521"
"28-Nov-2019","116.15","116.25","115.05","115.55","10,014,250"
"29-Nov-2019","116.00","117.60","115.50","116.35","7,014,266"
"02-Dec-2019","115.75","116.30","115.10","115.30","6,609,154"
"03-Dec-2019","115.10","115.80","114.40","114.55","6,614,178"
"04-Dec-2019","115.05","115.30","114.00","114.80","4,444,594"
"05-Dec-2019","114.75","115.25","113.85","114.10","2,537,275"
"06-Dec-2019","114.70","114.70","112.20","112.65","3,836,996"
"09-Dec-2019","113.20","113.20","111.50","112.70","7,866,941"
"10-Dec-2019","112.50","113.15","109.70","110.00","18,958,648"
"11-Dec-2019","110.50","113.80","110.10","113.00","8,746,687"
"12-Dec-2019","113.55","114.95","113.20","114.45","3,850,652"
"13-Dec-2019","115.05","116.15","114.50","115.65","4,293,299"
"16-Dec-2019","116.20","116.30","114.60","114.95","3,659,151"
"17-Dec-2019","114.95","115.95","113.60","115.55","6,241,009"
"18-Dec-2019","115.00","116.25","113.80","114.15","8,626,400"
"19-Dec-2019","114.00","114.40","112.85","114.05","5,995,825"
"20-Dec-2019","114.05","115.40","113.80","114.70","5,813,877"
"23-Dec-2019","114.20","115.40","113.80","114.60","13,980,109"
"24-Dec-2019","114.50","115.80","114.50","115.20","7,929,835"
"26-Dec-2019","115.15","118.30","114.00","116.40","12,763,347"
"27-Dec-2019","116.30","117.20","115.75","116.85","4,474,934"
"30-Dec-2019","116.85","117.65","116.35","116.55","4,193,724"
"31-Dec-2019","116.55","119.70","116.35","119.05","12,438,719"
"01-Jan-2020","119.05","122.00","118.25","121.55","9,953,746"
"02-Jan-2020","121.50","122.15","120.60","121.40","8,731,299"
"03-Jan-2020","121.00","121.35","119.10","119.35","7,392,962"
"06-Jan-2020","119.00","119.15","116.50","118.90","6,596,841"
"07-Jan-2020","119.25","121.55","119.25","120.55","8,959,942"
"08-Jan-2020","119.70","120.75","117.55","119.95","6,372,683"
"09-Jan-2020","120.50","121.20","118.90","119.35","8,309,627"
"10-Jan-2020","119.95","121.80","119.05","120.30","5,588,344"
"13-Jan-2020","120.40","122.00","120.10","121.75","3,534,313"
"14-Jan-2020","121.75","124.00","121.35","123.50","8,631,692"
"15-Jan-2020","123.00","125.00","122.35","123.85","6,537,916"
"16-Jan-2020","123.40","123.40","120.95","121.45","8,806,007"
"17-Jan-2020","121.45","121.70","120.60","121.20","6,811,534"
"20-Jan-2020","121.00","121.75","117.80","118.25","10,655,638"
"21-Jan-2020","118.40","119.55","116.95","117.15","5,150,830"
"22-Jan-2020","114.95","115.75","111.50","112.15","19,388,739"
"23-Jan-2020","112.60","114.45","112.30","113.50","22,793,170"
"24-Jan-2020","114.00","116.30","113.55","114.75","9,898,052"
"27-Jan-2020","115.00","115.30","112.60","113.15","5,597,365"
"28-Jan-2020","113.75","113.75","110.90","112.05","12,128,081"
"29-Jan-2020","112.10","114.90","111.75","113.20","18,501,507"
"30-Jan-2020","113.45","114.80","112.05","113.65","18,545,239"
"31-Jan-2020","113.75","115.25","111.50","112.85","64,518,347"
"01-Feb-2020","112.85","112.85","108.05","109.30","25,282,713"
"03-Feb-2020","109.45","111.65","107.20","110.25","14,889,516"
"04-Feb-2020","110.35","112.30","110.25","112.00","9,743,806"
"05-Feb-2020","111.30","112.60","110.50","111.20","10,671,590"
"06-Feb-2020","110.50","112.50","110.50","112.00","11,852,617"
"07-Feb-2020","112.40","116.25","112.30","115.60","18,446,803"
"10-Feb-2020","115.80","115.90","112.05","113.50","31,637,511"
"11-Feb-2020","114.50","117.55","114.10","116.85","20,937,033"
"12-Feb-2020","117.00","118.90","116.40","116.80","13,679,292"
"13-Feb-2020","116.80","117.10","114.70","115.15","20,903,696"
"14-Feb-2020","114.80","115.50","111.90","112.70","23,827,224"
"17-Feb-2020","113.10","113.75","109.20","110.30","22,137,354"
"18-Feb-2020","109.60","110.90","103.80","109.60","34,458,578"
"19-Feb-2020","112.30","113.75","110.40","112.05","17,935,374"
"20-Feb-2020","111.70","112.40","110.95","111.35","19,663,654"
"24-Feb-2020","110.75","110.75","108.85","109.70","11,370,193"
"25-Feb-2020","110.90","112.45","109.65","110.10","10,775,289"
"26-Feb-2020","110.00","111.55","108.25","109.10","14,998,071"
"27-Feb-2020","109.20","110.30","106.65","109.05","22,610,691"
"28-Feb-2020","106.65","110.20","105.35","106.55","25,696,761"
"02-Mar-2020","109.35","110.00","102.70","103.90","15,614,944"
"03-Mar-2020","104.65","109.95","104.30","108.90","17,194,661"
"04-Mar-2020","108.65","111.00","107.50","107.95","17,095,867"
"05-Mar-2020","108.10","109.65","107.05","107.85","11,579,256"
"06-Mar-2020","104.75","107.20","102.90","105.15","13,533,444"
"09-Mar-2020","104.00","104.40","99.55","102.90","47,383,260"
"11-Mar-2020","103.00","104.80","101.50","103.05","28,434,592"
"12-Mar-2020","99.00","100.00","93.25","94.35","47,225,243"
"13-Mar-2020","90.00","100.75","81.25","98.05","49,533,058"
"16-Mar-2020","96.00","96.00","88.25","90.80","34,649,741"
"17-Mar-2020","91.00","95.90","86.35","88.10","21,246,111"
"18-Mar-2020","89.00","90.35","74.90","80.55","88,659,790"
"19-Mar-2020","78.55","84.95","75.05","78.35","33,847,230"
"20-Mar-2020","78.50","82.35","76.35","81.25","58,502,396"
"23-Mar-2020","74.90","80.00","73.20","76.40","37,653,590"
"24-Mar-2020","78.10","79.60","75.05","77.55","13,742,935"
"25-Mar-2020","78.00","80.50","75.30","79.70","16,472,741"
"26-Mar-2020","82.00","82.20","76.40","79.65","39,959,622"
"27-Mar-2020","82.50","84.40","80.25","83.00","39,363,397"
"30-Mar-2020","79.90","83.50","79.20","81.75","17,044,016"
"31-Mar-2020","82.75","84.80","81.15","84.20","28,293,281"
"01-Apr-2020","84.30","84.35","80.60","81.00","14,355,481"
"03-Apr-2020","82.05","82.10","78.85","79.55","18,319,674"
"07-Apr-2020","81.60","82.05","80.10","81.55","47,686,689"
"08-Apr-2020","81.55","86.80","80.30","85.20","38,072,780"
"09-Apr-2020","88.35","88.35","85.30","87.10","9,322,497"
"13-Apr-2020","87.10","89.15","84.75","88.65","33,267,122"
"15-Apr-2020","88.95","94.20","88.70","89.90","24,128,026"
"16-Apr-2020","87.25","96.30","87.00","95.10","20,876,392"
"17-Apr-2020","101.00","101.00","95.00","95.50","16,969,678"
"20-Apr-2020","97.00","99.30","93.40","98.90","17,639,176"
"21-Apr-2020","96.50","98.40","95.55","97.30","15,085,297"
"22-Apr-2020","97.30","98.65","94.90","97.60","10,344,379"
"23-Apr-2020","97.45","97.70","94.55","95.20","14,078,729"
"24-Apr-2020","94.75","96.35","91.95","93.40","10,149,014"
"27-Apr-2020","94.40","94.40","91.90","92.35","22,675,958"
"28-Apr-2020","92.15","92.90","88.65","90.35","19,815,466"
"29-Apr-2020","91.45","92.35","89.75","90.20","21,552,047"
"30-Apr-2020","91.35","97.00","90.40","95.05","15,151,440"
"04-May-2020","91.05","93.65","90.50","91.45","10,305,675"
"05-May-2020","92.20","94.95","91.35","92.60","10,628,541"
"06-May-2020","92.95","95.45","92.20","94.70","10,232,281"
"07-May-2020","94.10","94.40","90.15","90.45","8,449,705"
"08-May-2020","91.00","92.45","85.75","87.00","28,175,317"
"11-May-2020","88.20","89.45","85.85","86.65","12,243,824"
"12-May-2020","86.50","93.25","85.65","91.65","18,125,053"
"13-May-2020","94.95","98.50","92.65","93.05","19,038,031"
"14-May-2020","93.30","93.50","87.50","89.35","39,117,004"
"15-May-2020","90.00","91.80","89.20","90.85","16,926,082"
"18-May-2020","90.50","90.50","87.85","88.90","11,369,430"
"19-May-2020","89.60","91.90","88.20","91.05","12,262,139"
"20-May-2020","89.90","93.40","89.30","92.90","10,126,456"
"21-May-2020","92.15","92.65","89.80","90.25","20,143,414"
"22-May-2020","89.90","91.20","88.35","90.95","9,392,105"
"26-May-2020","90.15","93.40","90.15","93.00","12,350,762"
"27-May-2020","93.00","95.20","91.15","94.70","11,684,732"
"28-May-2020","95.25","96.50","94.50","95.70","12,156,769"
"29-May-2020","94.70","98.85","94.30","97.85","19,894,337"
"01-Jun-2020","98.40","99.65","97.15","97.90","10,106,453"
"02-Jun-2020","98.75","98.95","96.05","96.75","18,170,671"
"03-Jun-2020","97.75","97.80","94.40","94.70","23,202,602"
"04-Jun-2020","94.15","95.50","92.75","95.15","12,827,335"
"05-Jun-2020","95.00","98.20","94.15","97.95","11,744,405"
"08-Jun-2020","98.95","100.20","97.75","98.55","14,173,729"
"09-Jun-2020","99.00","99.70","97.20","98.00","14,232,535"
"10-Jun-2020","98.15","100.15","97.25","98.15","12,104,523"
"11-Jun-2020","98.15","99.70","96.80","98.05","10,258,977"
"12-Jun-2020","94.50","97.95","94.30","96.90","10,925,628"
"15-Jun-2020","96.70","96.95","92.60","93.20","10,980,604"
"16-Jun-2020","94.95","95.10","92.25","92.80","8,757,045"
"17-Jun-2020","92.95","93.10","90.85","91.50","17,081,361"
"18-Jun-2020","91.80","94.30","89.90","92.70","16,520,112"
"19-Jun-2020","93.05","94.05","92.40","93.00","13,836,696"
"22-Jun-2020","94.10","95.85","93.35","95.30","18,868,376"
"23-Jun-2020","95.10","101.15","95.00","100.75","20,333,453"
"24-Jun-2020","102.00","103.80","96.75","97.05","24,055,053"
"25-Jun-2020","97.05","98.55","94.35","96.10","69,278,240"
"26-Jun-2020","96.40","97.40","95.55","97.00","15,572,502"
"29-Jun-2020","97.65","98.05","94.45","94.90","18,135,588"
"30-Jun-2020","97.00","97.75","95.20","95.80","18,496,450"
"01-Jul-2020","94.70","94.70","92.30","93.60","21,639,174"
"02-Jul-2020","94.50","94.50","93.15","93.40","14,333,507"
"03-Jul-2020","93.60","95.35","92.75","94.50","15,274,892"
"06-Jul-2020","95.90","96.40","94.85","95.20","11,830,916"
"07-Jul-2020","95.40","95.45","92.25","92.55","18,786,161"
"08-Jul-2020","92.85","92.85","90.85","91.00","26,257,436"
"09-Jul-2020","91.30","92.00","90.80","91.20","11,910,945"
"10-Jul-2020","91.20","91.30","89.75","90.40","12,213,263"
"13-Jul-2020","91.05","92.85","89.50","89.90","17,512,895"
"14-Jul-2020","89.80","89.90","87.40","87.65","14,242,251"
"15-Jul-2020","88.30","89.75","87.75","88.05","11,582,899"
"16-Jul-2020","88.20","88.40","85.85","86.75","10,152,713"
"17-Jul-2020","87.20","88.65","87.00","88.30","12,239,669"
"20-Jul-2020","88.90","88.90","87.00","87.15","12,349,625"
"21-Jul-2020","88.00","88.65","86.80","88.35","20,122,602"
"22-Jul-2020","88.75","92.60","88.70","90.35","31,321,868"
"23-Jul-2020","90.90","91.60","90.25","90.55","11,161,644"
"24-Jul-2020","90.30","90.50","88.55","89.40","11,352,908"
"27-Jul-2020","89.55","89.60","87.25","87.65","10,071,266"
"28-Jul-2020","87.90","88.80","86.90","88.55","13,888,285"
"29-Jul-2020","88.50","89.65","87.90","88.15","10,733,683"
"30-Jul-2020","88.55","89.00","86.10","86.60","10,670,653"
"31-Jul-2020","86.90","87.60","86.30","87.00","7,906,812"
"03-Aug-2020","87.20","87.20","85.00","85.60","14,158,515"
"04-Aug-2020","86.50","87.00","85.35","85.60","19,622,064"
"05-Aug-2020","85.90","86.60","85.40","85.90","9,479,240"
"06-Aug-2020","86.50","87.45","85.60","86.15","12,209,723"
"07-Aug-2020","86.20","86.70","85.35","85.80","10,340,142"
"10-Aug-2020","86.80","88.70","86.15","88.20","12,215,888"
"11-Aug-2020","89.00","89.60","87.80","88.25","11,180,571"
"12-Aug-2020","88.00","89.15","87.05","88.70","14,804,335"
"13-Aug-2020","87.40","87.50","86.50","87.25","13,724,634"
"14-Aug-2020","87.35","89.85","86.70","88.40","25,405,464"
"17-Aug-2020","89.40","96.50","89.40","95.30","115,117,580"
"18-Aug-2020","96.20","97.80","94.05","95.05","52,030,586"
"19-Aug-2020","96.00","96.50","94.25","94.65","21,840,984"
"20-Aug-2020","94.60","101.90","94.25","101.10","112,341,122"
"21-Aug-2020","102.70","107.85","101.60","105.95","107,866,165"
"24-Aug-2020","107.10","108.00","103.75","105.40","49,155,456"
"25-Aug-2020","106.00","107.40","103.20","103.80","50,945,674"
"26-Aug-2020","104.60","104.60","101.60","102.80","30,829,463"
"27-Aug-2020","103.20","103.90","102.00","102.60","19,363,825"
"28-Aug-2020","103.15","104.25","101.25","101.55","21,359,093"
"31-Aug-2020","102.60","102.70","95.50","96.40","40,298,819"
"01-Sep-2020","97.50","101.15","96.50","99.80","44,304,572"
"02-Sep-2020","99.80","100.50","98.30","98.95","20,904,848"
"03-Sep-2020","99.00","99.70","96.90","97.70","19,004,482"
"04-Sep-2020","96.05","97.45","94.00","94.70","27,339,648"
"07-Sep-2020","94.80","96.00","92.05","92.40","28,474,983"
"08-Sep-2020","93.25","93.25","90.30","90.65","31,186,030"
"09-Sep-2020","90.10","91.25","88.50","90.40","28,307,198"
"10-Sep-2020","91.00","91.50","89.25","90.55","27,263,683"
"11-Sep-2020","90.20","90.90","89.45","90.10","18,190,992"
"14-Sep-2020","90.40","91.95","89.75","90.85","22,535,288"
"15-Sep-2020","90.90","92.75","90.55","91.10","26,869,515"
"16-Sep-2020","91.60","91.60","89.30","89.65","20,784,528"
"17-Sep-2020","89.05","89.45","88.30","88.65","21,804,418"
"18-Sep-2020","89.05","91.10","88.70","90.55","44,757,936"
"21-Sep-2020","91.15","91.35","87.35","88.30","17,714,799"
"22-Sep-2020","88.30","89.55","85.30","87.70","25,113,194"
"23-Sep-2020","87.65","88.15","84.20","85.10","24,108,530"
"24-Sep-2020","84.10","85.65","82.15","82.65","17,724,733"
"25-Sep-2020","83.35","85.15","82.35","84.80","15,999,527"
"28-Sep-2020","85.60","88.25","85.10","87.50","22,735,842"
"29-Sep-2020","88.50","88.90","84.65","85.15","21,328,831"
"30-Sep-2020","85.60","85.85","83.40","85.10","18,475,465"
"01-Oct-2020","85.80","85.80","84.50","84.90","18,244,685"
"05-Oct-2020","85.00","85.45","83.80","84.45","15,684,514"
"06-Oct-2020","84.45","84.65","83.65","84.15","13,094,249"
"07-Oct-2020","84.20","84.25","82.25","82.80","19,057,128"
"08-Oct-2020","83.10","83.35","82.35","82.60","11,961,713"
"09-Oct-2020","82.85","83.15","81.65","82.90","18,016,487"
"12-Oct-2020","83.65","84.55","82.40","82.75","11,714,370"
"13-Oct-2020","82.80","83.40","82.40","82.65","11,509,196"
"14-Oct-2020","82.80","83.05","78.10","79.10","47,114,567"
"15-Oct-2020","79.10","80.50","78.50","79.00","20,107,632"
"16-Oct-2020","79.00","80.50","78.45","80.30","16,578,317"
"19-Oct-2020","80.95","83.15","80.50","81.65","21,839,955"
"20-Oct-2020","81.65","81.95","80.30","80.65","14,238,588"
"21-Oct-2020","81.45","83.80","80.65","82.30","38,563,963"
"22-Oct-2020","82.30","85.90","81.40","84.65","34,256,607"
"23-Oct-2020","86.00","86.60","84.50","86.25","46,259,632"
"26-Oct-2020","87.10","88.00","84.30","85.95","34,724,657"
"27-Oct-2020","88.80","90.05","87.05","89.45","95,413,214"
"28-Oct-2020","89.45","90.65","87.50","88.10","44,763,307"
"29-Oct-2020","87.00","88.50","86.00","86.50","41,915,668"
"30-Oct-2020","86.90","88.75","86.30","87.60","40,735,912"
"02-Nov-2020","88.30","89.60","87.95","89.20","31,922,062"
"03-Nov-2020","91.45","92.00","83.05","85.95","118,128,168"
"04-Nov-2020","86.15","87.10","84.50","85.10","47,519,427"
"05-Nov-2020","85.85","87.00","85.60","86.80","41,267,817"
"06-Nov-2020","87.20","88.75","86.90","87.30","46,143,960"
"09-Nov-2020","88.65","89.85","87.70","89.45","42,703,600"
"10-Nov-2020","89.80","91.75","89.55","91.50","43,483,223"
"11-Nov-2020","92.00","93.50","91.70","92.90","51,801,855"
"12-Nov-2020","92.40","92.60","90.40","90.80","33,374,610"
"13-Nov-2020","90.00","92.35","89.20","91.45","24,025,139"
"14-Nov-2020","90.55","92.40","90.30","90.90","12,521,960"
"17-Nov-2020","91.75","92.40","88.25","88.70","55,324,429"
"18-Nov-2020","88.70","89.55","88.10","88.30","37,574,681"
"19-Nov-2020","88.40","91.90","88.00","89.80","55,196,018"
"20-Nov-2020","90.25","92.10","89.90","91.80","47,670,803"
"23-Nov-2020","92.90","94.40","92.00","93.65","54,262,598"
"24-Nov-2020","94.25","94.80","93.75","94.15","35,713,773"
"25-Nov-2020","94.45","94.90","92.85","93.95","32,464,332"
"26-Nov-2020","93.95","94.80","93.40","94.10","30,825,401"
"27-Nov-2020","95.75","97.05","91.80","94.70","216,981,706"
"01-Dec-2020","94.70","96.20","93.45","93.75","35,330,973"
"02-Dec-2020","94.65","95.20","93.80","94.80","27,650,080"
"03-Dec-2020","95.85","99.15","95.30","98.55","43,841,111"
"04-Dec-2020","99.20","99.80","97.50","98.55","34,813,873"
"07-Dec-2020","99.00","101.15","98.70","99.75","27,049,393"
"08-Dec-2020","100.55","100.85","97.80","98.20","30,386,160"
"09-Dec-2020","99.25","99.90","97.90","98.30","24,061,383"
"10-Dec-2020","98.40","99.35","96.50","97.15","25,985,382"
"11-Dec-2020","97.90","102.90","97.65","102.40","63,463,638"
"14-Dec-2020","103.45","105.35","103.00","104.60","45,802,433"
"15-Dec-2020","105.10","106.40","102.85","105.85","52,215,593"
"16-Dec-2020","106.95","107.25","104.55","104.90","25,184,934"
"17-Dec-2020","105.65","105.65","104.00","104.45","16,840,984"
"18-Dec-2020","104.55","104.80","102.85","103.75","33,596,568"
"21-Dec-2020","103.70","103.95","94.75","97.50","34,210,970"
"22-Dec-2020","97.35","99.80","96.50","98.90","29,181,188"
"23-Dec-2020","99.05","99.40","97.80","98.55","17,602,151"
"24-Dec-2020","99.30","101.50","99.00","99.95","23,052,394"
"28-Dec-2020","100.85","101.55","100.00","100.45","15,454,893"
"29-Dec-2020","100.50","101.05","97.95","98.60","23,647,197"
"30-Dec-2020","99.00","99.65","98.20","99.10","30,281,285"
"31-Dec-2020","98.10","100.25","98.00","99.35","50,363,279"
"01-Jan-2021","99.95","100.20","98.80","99.05","13,493,039"
"04-Jan-2021","99.75","100.00","98.50","99.05","22,325,584"
"05-Jan-2021","98.40","98.40","97.00","97.60","23,510,160"
"06-Jan-2021","98.00","99.00","97.25","97.85","21,952,878"
"07-Jan-2021","98.10","98.50","96.85","97.00","24,999,580"
"08-Jan-2021","97.60","100.50","97.35","100.15","43,240,591"
"11-Jan-2021","100.75","101.25","98.70","99.00","22,036,573"
"12-Jan-2021","99.00","101.00","98.30","100.15","24,262,426"
"13-Jan-2021","100.25","104.35","100.15","102.55","49,236,964"
"14-Jan-2021","103.70","103.85","101.70","102.20","29,301,114"
"15-Jan-2021","102.50","103.60","99.90","100.45","24,067,229"
"18-Jan-2021","100.45","100.90","96.80","97.55","23,613,664"
"19-Jan-2021","98.00","100.85","97.55","99.65","22,934,496"
"20-Jan-2021","99.60","99.70","98.00","98.30","25,599,184"
"21-Jan-2021","98.70","99.15","95.60","96.10","22,667,011"
"22-Jan-2021","96.30","96.50","92.90","94.05","26,029,669"
"25-Jan-2021","95.05","95.30","92.70","93.20","18,599,824"
"27-Jan-2021","93.00","93.10","90.80","91.30","22,812,859"
"28-Jan-2021","90.80","92.65","90.35","91.60","32,227,832"
"29-Jan-2021","92.00","92.60","88.15","88.95","36,962,884"
"01-Feb-2021","89.35","92.40","88.40","92.00","29,033,297"
"02-Feb-2021","92.90","95.35","92.90","94.15","29,279,584"
"03-Feb-2021","95.10","98.10","94.30","96.95","31,420,256"
"04-Feb-2021","97.30","100.20","97.00","99.05","39,264,443"
"05-Feb-2021","100.40","102.00","98.15","99.50","54,911,202"
"08-Feb-2021","96.20","100.95","96.10","100.30","53,737,961"
"09-Feb-2021","100.40","101.20","99.50","99.95","28,074,809"
"10-Feb-2021","100.00","100.50","98.65","99.85","19,070,866"
"11-Feb-2021","97.90","97.90","96.25","97.30","18,452,535"
"12-Feb-2021","97.80","97.90","94.80","95.95","21,660,998"
"15-Feb-2021","96.45","96.70","95.00","95.20","12,574,055"
"16-Feb-2021","95.85","99.15","95.50","98.00","32,865,663"
"17-Feb-2021","97.85","100.15","97.00","99.35","28,774,857"
"18-Feb-2021","99.70","104.25","99.55","103.40","50,705,280"
"19-Feb-2021","103.65","106.75","101.40","104.20","61,069,583"
"22-Feb-2021","104.30","106.30","101.40","102.05","30,636,415"
"23-Feb-2021","102.15","104.15","100.55","103.40","31,233,104"
"24-Feb-2021","104.50","104.70","102.10","103.20","16,153,025"
"25-Feb-2021","103.60","110.20","103.00","108.00","68,361,756"
"26-Feb-2021","107.10","110.95","104.80","107.30","67,331,805"
"01-Mar-2021","109.50","109.80","107.15","108.45","27,205,189"
"02-Mar-2021","108.45","113.70","107.90","112.55","53,649,872"
"03-Mar-2021","114.45","114.70","112.00","112.70","31,702,057"
"04-Mar-2021","111.50","113.00","110.50","110.80","28,057,179"
"05-Mar-2021","111.00","112.35","108.40","108.70","24,778,407"
"08-Mar-2021","110.65","113.30","109.50","110.55","28,163,362"
"09-Mar-2021","111.40","111.85","107.45","109.50","20,611,697"
"10-Mar-2021","110.35","110.60","108.95","109.65","13,207,045"
"12-Mar-2021","111.00","112.10","108.60","109.10","21,763,020"
"15-Mar-2021","109.95","111.00","107.70","110.50","20,350,678"
"16-Mar-2021","110.55","111.45","109.30","109.55","15,360,040"
"17-Mar-2021","109.70","109.90","106.15","106.55","18,850,429"
"18-Mar-2021","107.40","108.25","103.20","103.80","20,023,557"
"19-Mar-2021","102.35","109.55","102.00","108.50","72,249,183"
"22-Mar-2021","108.80","110.55","106.85","109.85","31,980,425"
"23-Mar-2021","110.00","110.20","108.10","108.65","14,060,206"
"24-Mar-2021","108.00","109.40","105.60","106.00","15,196,366"
"25-Mar-2021","106.00","106.50","102.65","103.00","22,543,755"
"26-Mar-2021","105.75","105.75","103.70","104.20","17,402,475"
"30-Mar-2021","105.85","108.70","104.60","107.70","36,130,210"
"31-Mar-2021","107.70","109.00","106.10","106.55","23,063,667"
"01-Apr-2021","107.50","108.75","106.95","107.90","13,753,303"
"05-Apr-2021","107.40","107.80","103.75","106.30","15,666,099"
"06-Apr-2021","107.75","108.10","105.80","106.05","17,393,454"
"07-Apr-2021","106.90","107.35","105.25","105.45","15,692,013"
"08-Apr-2021","106.00","106.45","104.70","105.00","11,394,998"
"09-Apr-2021","105.95","105.95","102.40","102.80","19,751,417"
"12-Apr-2021","101.50","101.50","98.05","99.05","20,221,362"
"13-Apr-2021","99.60","101.15","99.25","100.60","19,192,856"
"15-Apr-2021","101.20","103.00","99.30","101.35","13,865,351"
"16-Apr-2021","101.90","102.90","100.50","102.45","14,654,851"
"19-Apr-2021","100.00","100.40","98.65","99.05","11,652,043"
"20-Apr-2021","99.20","100.90","98.15","99.05","16,528,675"
"22-Apr-2021","98.05","99.75","97.05","98.95","18,614,270"
"23-Apr-2021","98.00","103.00","98.00","102.55","29,484,794"
"26-Apr-2021","103.95","103.95","100.85","102.40","24,369,413"
"27-Apr-2021","102.05","103.55","101.70","102.05","17,763,436"
"28-Apr-2021","102.85","103.95","102.15","103.60","15,160,578"
"29-Apr-2021","104.60","105.00","102.65","103.05","11,588,556"
"30-Apr-2021","102.25","105.65","102.05","102.45","15,321,193"
"03-May-2021","101.40","104.60","101.05","104.25","12,186,212"
"04-May-2021","104.30","106.05","103.50","103.75","12,992,684"
"05-May-2021","104.75","105.65","102.80","103.90","14,956,169"
"06-May-2021","105.00","105.10","102.65","103.05","13,547,274"
"07-May-2021","104.00","105.50","103.35","105.05","13,229,291"
"10-May-2021","106.00","108.00","105.60","107.70","23,980,945"
"11-May-2021","108.00","113.40","106.70","112.70","45,613,487"
"12-May-2021","114.20","116.75","111.75","113.30","62,158,914"
"14-May-2021","113.95","113.95","110.15","111.40","16,227,312"
"17-May-2021","111.20","112.25","109.95","111.55","12,832,920"
"18-May-2021","112.60","114.20","111.75","112.10","14,892,142"
"19-May-2021","113.15","113.15","110.95","111.95","12,610,425"
"20-May-2021","112.00","112.75","110.90","111.75","10,303,689"
"21-May-2021","112.30","113.15","111.25","112.85","12,171,685"
"24-May-2021","112.35","113.95","112.05","112.90","11,341,268"
"25-May-2021","113.90","114.85","113.05","113.30","15,289,982"
"26-May-2021","114.00","114.00","110.90","111.10","17,466,748"
"27-May-2021","111.60","111.65","109.30","110.30","34,169,451"
"28-May-2021","110.30","111.00","108.35","108.95","13,383,166"
"31-May-2021","108.95","111.35","107.80","110.50","14,754,293"
"01-Jun-2021","110.95","111.45","109.50","110.20","10,271,211"
"02-Jun-2021","110.10","111.35","110.05","111.15","6,492,771"
"03-Jun-2021","111.60","112.20","110.45","111.80","12,140,851"
"04-Jun-2021","111.50","113.00","111.05","111.75","8,930,671"
"07-Jun-2021","112.15","116.75","112.00","116.40","28,407,410"
"08-Jun-2021","117.50","118.50","116.00","116.20","43,191,813"
"09-Jun-2021","116.50","121.00","115.80","118.10","49,807,823"
"10-Jun-2021","119.35","119.90","117.30","118.50","22,144,392"
"11-Jun-2021","118.90","119.55","117.55","118.80","13,871,562"
"14-Jun-2021","118.80","118.90","116.25","118.20","14,179,055"
"15-Jun-2021","118.20","118.95","117.60","117.80","8,148,417"
"16-Jun-2021","117.80","120.60","116.85","119.80","21,585,917"
"17-Jun-2021","118.20","120.60","116.95","117.40","14,466,025"
"18-Jun-2021","117.40","118.15","112.90","113.55","43,927,941"
"21-Jun-2021","113.25","118.45","113.05","118.00","34,597,018"
"22-Jun-2021","118.50","118.90","116.95","118.30","16,712,010"
"23-Jun-2021","118.85","118.85","116.95","117.25","12,590,251"
"24-Jun-2021","117.20","118.50","115.70","118.00","14,046,692"
"25-Jun-2021","119.10","119.10","115.70","116.05","12,768,348"
"28-Jun-2021","116.90","117.85","116.00","116.15","10,709,748"
"29-Jun-2021","116.25","118.55","115.40","117.60","33,488,455"
"30-Jun-2021","117.85","118.45","116.15","116.40","16,739,618"
"01-Jul-2021","116.80","117.80","115.70","117.35","12,479,506"
"02-Jul-2021","117.55","119.05","117.00","117.50","17,215,972"
"05-Jul-2021","117.90","119.10","117.25","118.60","16,409,169"
"06-Jul-2021","118.10","118.95","117.05","117.65","14,979,094"
"07-Jul-2021","117.05","118.20","116.85","117.45","14,545,289"
"08-Jul-2021","117.35","118.70","117.20","117.45","12,037,089"
"09-Jul-2021","117.00","118.40","116.25","117.80","9,585,144"
"12-Jul-2021","118.00","118.75","117.15","117.85","7,651,672"
"13-Jul-2021","118.15","122.00","118.10","119.90","30,663,035"
"14-Jul-2021","119.95","120.95","119.80","120.75","9,539,611"
"15-Jul-2021","120.75","121.20","119.20","120.30","11,278,872"
"16-Jul-2021","120.15","120.80","118.30","119.10","17,198,632"
"19-Jul-2021","119.10","121.85","118.50","121.40","14,364,285"
"20-Jul-2021","122.00","122.00","118.20","118.45","11,360,716"
"22-Jul-2021","118.75","119.70","118.55","119.20","9,520,328"
"23-Jul-2021","119.40","120.10","118.30","118.50","10,442,400"
"26-Jul-2021","118.20","120.00","118.05","119.35","5,370,055"
"27-Jul-2021","119.30","119.60","118.20","118.85","5,280,342"
"28-Jul-2021","119.55","119.55","115.80","116.80","11,010,096"
"29-Jul-2021","117.70","118.25","115.25","116.75","11,897,018"
"30-Jul-2021","116.95","119.95","116.25","118.20","14,546,264"
"02-Aug-2021","118.60","118.75","117.00","117.75","11,742,555"
"03-Aug-2021","118.50","118.50","116.50","117.65","21,122,697"
"04-Aug-2021","118.05","118.85","116.55","117.85","9,432,176"
"05-Aug-2021","117.05","117.80","115.95","116.50","11,045,322"
"06-Aug-2021","116.50","118.70","116.45","117.65","8,434,733"
"09-Aug-2021","118.50","119.10","116.55","116.70","7,816,050"
"10-Aug-2021","116.90","117.20","113.65","114.35","9,774,255"
"11-Aug-2021","114.70","117.30","114.55","116.95","8,056,886"
"12-Aug-2021","116.95","119.40","116.50","119.15","8,640,167"
"13-Aug-2021","119.45","119.45","117.20","118.25","9,744,939"
"16-Aug-2021","118.25","119.40","118.10","118.85","8,768,804"
"17-Aug-2021","119.35","119.50","116.20","117.40","8,758,578"
"18-Aug-2021","117.40","118.90","116.10","116.55","9,357,721"
"20-Aug-2021","116.30","117.00","113.45","114.15","11,684,504"
"23-Aug-2021","115.50","115.75","112.20","113.40","6,271,685"
"24-Aug-2021","114.20","116.30","113.65","113.95","11,791,078"
"25-Aug-2021","114.70","115.25","113.80","114.00","9,491,958"
"26-Aug-2021","114.10","114.50","111.95","112.75","11,668,986"
"27-Aug-2021","112.70","114.10","112.10","113.40","8,095,717"
"30-Aug-2021","113.25","115.50","113.25","114.95","9,915,170"
"31-Aug-2021","115.25","116.35","114.70","115.95","11,386,659"
"01-Sep-2021","116.00","116.70","114.75","115.40","7,508,413"
"02-Sep-2021","115.10","116.70","115.00","116.50","5,700,524"
"03-Sep-2021","117.00","117.90","116.50","117.00","9,364,904"
"06-Sep-2021","117.65","117.65","115.90","116.45","7,005,043"
"07-Sep-2021","116.70","116.90","115.25","115.85","7,723,357"
"08-Sep-2021","113.85","114.60","112.40","114.05","10,508,654"
"09-Sep-2021","113.95","114.75","113.50","114.55","5,757,417"
"13-Sep-2021","114.65","115.50","114.15","115.00","6,322,443"
"14-Sep-2021","115.25","116.15","114.80","115.90","7,369,292"
"15-Sep-2021","116.00","124.85","116.00","124.20","48,721,413"
"16-Sep-2021","124.50","125.70","123.00","124.00","17,684,303"
"17-Sep-2021","124.15","124.70","121.55","123.75","15,763,396"
"20-Sep-2021","122.50","123.95","121.80","122.70","7,431,359"
"21-Sep-2021","122.30","125.40","122.10","124.10","8,629,222"
"22-Sep-2021","124.60","127.00","124.00","124.40","11,698,183"
"23-Sep-2021","124.80","127.00","124.65","126.20","11,053,966"
"24-Sep-2021","126.50","126.70","123.95","124.25","8,598,140"
"27-Sep-2021","125.30","127.80","124.50","126.85","8,490,460"
"28-Sep-2021","127.50","133.65","127.35","131.95","35,900,138"
"29-Sep-2021","131.40","144.25","130.60","140.65","75,859,390"
"30-Sep-2021","141.75","143.20","139.10","141.85","34,614,825"
"01-Oct-2021","140.95","144.35","137.70","139.90","22,452,069"
"04-Oct-2021","143.45","149.35","140.50","145.55","58,612,212"
"05-Oct-2021","145.55","147.85","144.20","145.40","24,390,676"
"06-Oct-2021","146.45","147.30","142.80","143.30","14,421,296"
"07-Oct-2021","144.20","145.65","142.25","142.80","10,035,682"
"08-Oct-2021","143.55","143.90","140.30","141.10","10,686,586"
"11-Oct-2021","142.00","146.75","141.45","144.80","17,449,923"
"12-Oct-2021","146.00","146.25","143.80","144.55","16,030,831"
"13-Oct-2021","145.50","147.25","144.70","146.35","19,100,941"
"14-Oct-2021","147.50","150.60","146.85","149.40","29,263,867"
"18-Oct-2021","151.25","151.70","148.70","149.55","25,346,029"
"19-Oct-2021","150.95","152.10","148.10","149.65","20,234,486"
"20-Oct-2021","150.65","150.65","145.30","146.25","16,129,487"
"21-Oct-2021","147.70","148.55","145.90","147.90","20,818,539"
"22-Oct-2021","147.85","148.10","144.00","144.90","11,379,569"
"25-Oct-2021","144.70","146.25","143.15","143.90","14,079,380"
"26-Oct-2021","145.30","145.65","142.45","143.20","16,224,116"
"27-Oct-2021","144.00","144.55","140.85","141.30","15,072,448"
"28-Oct-2021","141.30","141.85","136.30","137.35","19,999,659"
"29-Oct-2021","131.00","136.90","128.55","132.65","29,217,522"
"01-Nov-2021","133.20","135.30","130.90","134.30","10,043,407"
"02-Nov-2021","135.00","140.80","135.00","136.65","21,525,811"
"03-Nov-2021","137.95","138.95","135.55","136.75","9,808,728"
"04-Nov-2021","138.30","138.30","136.95","137.15","1,026,849"
"08-Nov-2021","138.70","140.60","136.55","140.30","12,765,483"
"09-Nov-2021","140.75","141.40","138.05","138.50","9,556,650"
"10-Nov-2021","138.20","138.25","136.75","137.40","5,479,056"
"11-Nov-2021","137.50","137.75","134.35","136.65","11,418,813"
"12-Nov-2021","138.20","138.20","134.65","136.45","9,306,659"
"15-Nov-2021","137.30","137.65","136.00","137.15","3,991,733"
"16-Nov-2021","137.70","137.80","134.00","134.30","5,762,128"
"17-Nov-2021","134.00","138.00","134.00","136.45","15,264,066"
"18-Nov-2021","136.60","137.60","134.75","135.30","9,942,974"
"22-Nov-2021","135.00","136.90","129.70","130.15","15,990,636"
"23-Nov-2021","130.05","133.75","128.15","133.50","11,510,010"
"24-Nov-2021","134.50","137.30","133.55","135.35","7,570,759"
"25-Nov-2021","135.50","136.70","132.30","135.20","13,919,886"
"26-Nov-2021","133.20","134.05","128.00","128.85","13,323,593"
"29-Nov-2021","127.80","129.35","125.05","126.50","16,077,669"
"30-Nov-2021","127.80","129.45","124.70","127.25","22,883,512"
"01-Dec-2021","130.00","132.95","125.85","127.70","17,010,938"
"02-Dec-2021","127.70","130.30","126.60","128.70","12,916,313"
"03-Dec-2021","128.70","130.25","126.40","127.00","12,827,354"
"06-Dec-2021","127.00","127.60","124.00","124.35","8,158,812"
"07-Dec-2021","125.10","126.40","124.00","125.35","8,701,301"
"08-Dec-2021","124.85","127.65","124.85","127.25","12,093,435"
"09-Dec-2021","127.25","127.65","125.65","126.05","11,518,172"
"10-Dec-2021","126.10","126.70","124.40","126.15","8,389,566"
"13-Dec-2021","127.60","128.60","125.50","125.80","13,223,189"
"14-Dec-2021","125.00","127.45","125.00","126.35","11,649,242"
"15-Dec-2021","126.15","128.45","125.90","126.70","11,916,145"
"16-Dec-2021","127.55","128.20","126.25","127.40","10,758,513"
"17-Dec-2021","127.40","127.70","124.10","125.55","13,041,775"
"20-Dec-2021","124.50","125.45","119.10","121.75","14,185,935"
"21-Dec-2021","123.55","124.70","120.85","122.20","10,168,470"
"22-Dec-2021","123.05","123.90","121.65","122.55","7,885,198"
"23-Dec-2021","123.10","125.40","122.80","124.55","9,836,979"
"24-Dec-2021","124.80","125.00","120.90","121.25","8,509,575"
"27-Dec-2021","121.25","122.15","120.60","121.85","5,097,217"
"28-Dec-2021","122.00","124.60","121.95","124.10","6,511,374"
"29-Dec-2021","124.60","124.75","122.20","123.15","8,960,770"
"30-Dec-2021","123.25","127.85","122.25","126.90","32,394,253"
"31-Dec-2021","126.80","126.80","124.00","124.40","9,155,163"
"03-Jan-2022","125.40","126.55","124.70","126.00","9,034,081"
"04-Jan-2022","127.00","133.30","126.75","132.90","33,986,738"
"05-Jan-2022","132.60","132.85","130.70","132.00","16,122,852"
"06-Jan-2022","132.35","132.35","129.30","130.90","8,037,648"
"07-Jan-2022","131.30","132.20","129.45","131.35","8,820,039"
"10-Jan-2022","131.95","132.30","130.75","131.85","7,324,926"
"11-Jan-2022","132.15","134.00","131.00","132.30","11,971,883"
"12-Jan-2022","133.35","134.20","132.35","133.85","10,439,580"
"13-Jan-2022","134.40","136.65","133.50","134.95","15,114,699"
"14-Jan-2022","134.40","136.15","133.30","135.35","9,344,382"
"17-Jan-2022","134.65","137.35","134.45","136.60","9,803,141"
"18-Jan-2022","136.60","137.75","134.40","135.00","6,473,378"
"19-Jan-2022","134.10","135.30","132.95","134.80","21,136,414"
"20-Jan-2022","134.50","136.35","134.15","134.90","8,466,412"
"21-Jan-2022","134.05","136.10","132.55","134.10","12,437,749"
"24-Jan-2022","133.00","135.25","131.00","132.60","14,284,658"
"25-Jan-2022","131.20","135.65","131.05","135.30","10,007,486"
"27-Jan-2022","134.20","136.00","133.15","135.00","18,760,325"
"28-Jan-2022","140.00","144.00","138.00","140.15","34,009,553"
"31-Jan-2022","142.00","143.40","138.55","142.05","27,928,927"
"01-Feb-2022","144.00","144.15","140.45","141.15","17,413,984"
"02-Feb-2022","142.00","142.75","140.75","141.15","10,783,943"
"03-Feb-2022","137.50","138.60","136.30","136.65","9,571,728"
"04-Feb-2022","137.00","137.45","133.90","134.20","7,213,085"
"07-Feb-2022","134.20","136.35","134.20","135.15","10,562,489"
"08-Feb-2022","135.45","135.65","132.80","135.00","8,721,631"
"09-Feb-2022","135.30","135.60","133.85","135.05","5,144,026"
"10-Feb-2022","135.15","136.85","134.30","136.45","6,081,460"
"11-Feb-2022","134.45","137.70","134.45","137.15","8,426,925"
"14-Feb-2022","134.70","136.45","131.80","132.50","7,705,072"
"15-Feb-2022","132.10","135.80","130.65","135.35","12,674,466"
"16-Feb-2022","134.90","136.70","132.85","133.20","12,946,623"
"17-Feb-2022","134.50","134.90","132.45","132.75","5,811,964"
"18-Feb-2022","132.75","134.10","131.90","132.35","6,760,078"
"21-Feb-2022","132.40","134.15","131.15","131.95","12,212,740"
"22-Feb-2022","131.05","132.50","127.90","132.10","13,578,566"
"23-Feb-2022","132.00","133.45","129.85","130.20","9,263,264"
"24-Feb-2022","127.00","129.00","123.65","124.40","18,045,779"
"25-Feb-2022","125.00","131.00","125.00","130.35","10,424,521"
"28-Feb-2022","128.95","133.95","128.80","133.50","13,262,687"
"02-Mar-2022","132.80","135.00","130.45","130.95","12,587,947"
"03-Mar-2022","132.10","133.45","130.25","132.10","15,628,119"
"04-Mar-2022","132.00","133.35","129.75","130.20","15,883,138"
"07-Mar-2022","129.00","130.50","126.90","130.05","14,985,637"
"08-Mar-2022","130.50","135.80","130.50","133.75","28,572,640"
"09-Mar-2022","133.95","133.95","131.10","131.50","14,286,413"
"10-Mar-2022","132.90","135.00","131.95","132.95","13,101,323"
"11-Mar-2022","132.90","133.40","131.50","131.95","8,669,803"
"14-Mar-2022","131.95","132.90","130.75","132.15","5,670,284"
"15-Mar-2022","131.30","132.95","130.65","131.05","6,895,190"
"16-Mar-2022","132.40","133.00","131.55","132.75","5,561,866"
"17-Mar-2022","133.50","134.30","131.90","132.90","13,995,384"
"21-Mar-2022","132.90","133.40","131.70","132.90","9,172,207"
"22-Mar-2022","133.30","134.15","131.75","132.85","10,343,712"
"23-Mar-2022","132.90","133.75","132.20","133.45","11,892,811"
"24-Mar-2022","133.50","135.70","133.35","135.40","11,276,181"
"25-Mar-2022","136.00","136.15","134.20","134.75","7,266,868"
"28-Mar-2022","135.50","135.50","133.80","134.80","7,778,682"
"29-Mar-2022","135.00","135.30","133.90","134.35","5,116,935"
"30-Mar-2022","135.00","135.95","133.45","135.30","24,047,012"
"31-Mar-2022","134.30","135.60","134.30","135.00","11,615,450"
"01-Apr-2022","138.00","143.45","136.80","142.95","32,589,741"
"04-Apr-2022","141.85","146.00","141.50","144.30","15,437,496"
"05-Apr-2022","145.40","150.60","144.75","149.10","23,958,626"
"06-Apr-2022","150.35","155.30","148.30","153.00","52,737,388"
"07-Apr-2022","152.95","158.00","152.20","153.50","37,738,903"
"08-Apr-2022","154.90","154.90","151.20","152.05","17,585,569"
"11-Apr-2022","152.45","154.60","151.85","153.10","15,583,159"
"12-Apr-2022","152.70","153.60","150.85","152.60","11,306,524"
"13-Apr-2022","153.05","156.20","152.75","153.95","19,454,061"
"18-Apr-2022","154.90","163.75","154.50","163.20","82,098,517"
"19-Apr-2022","164.90","166.35","159.50","160.65","38,522,118"
"20-Apr-2022","162.15","163.20","159.00","160.50","20,047,692"
"21-Apr-2022","161.60","163.40","160.35","162.70","21,966,151"
"22-Apr-2022","161.25","163.00","159.85","160.45","9,922,564"
"25-Apr-2022","158.60","160.90","155.40","156.10","12,008,027"
"26-Apr-2022","157.60","158.45","156.00","157.00","11,735,823"
"27-Apr-2022","156.80","159.60","155.20","155.65","17,873,048"
"28-Apr-2022","158.00","160.10","155.25","159.70","29,123,808"
"29-Apr-2022","160.40","161.00","155.70","156.20","28,941,216"
"02-May-2022","154.60","158.35","153.00","157.50","13,368,198"
"04-May-2022","158.00","161.90","157.30","158.65","24,511,385"
"05-May-2022","159.60","160.75","157.00","158.40","33,396,072"
"06-May-2022","156.45","160.35","156.05","159.00","22,604,305"
"09-May-2022","158.95","159.80","155.95","159.00","22,958,742"
"10-May-2022","158.95","161.25","154.50","155.45","20,322,427"
"11-May-2022","154.05","156.95","150.05","152.55","13,794,764"
"12-May-2022","151.10","153.00","148.00","148.55","11,818,556"
"13-May-2022","150.00","150.00","143.50","144.15","22,913,410"
"16-May-2022","143.40","148.90","141.65","148.25","16,286,682"
"17-May-2022","147.50","150.75","146.30","150.50","13,925,542"
"18-May-2022","150.50","150.90","147.20","148.50","17,611,218"
"19-May-2022","147.50","148.55","145.75","148.00","11,701,170"
"20-May-2022","150.95","150.95","147.65","149.60","17,841,739"
"23-May-2022","154.40","155.35","148.40","150.15","26,055,890"
"24-May-2022","150.15","151.85","146.30","146.90","16,581,141"
"25-May-2022","148.40","153.15","147.40","152.65","19,926,619"
"26-May-2022","153.15","155.10","150.60","154.15","22,698,086"
"27-May-2022","155.00","155.00","149.50","150.45","10,245,727"
"30-May-2022","150.05","152.50","148.80","150.90","12,513,990"
"31-May-2022","151.10","158.00","150.35","156.00","124,665,699"
"01-Jun-2022","156.45","160.20","156.25","156.80","16,084,988"
"02-Jun-2022","155.50","159.30","154.25","159.05","17,646,975"
"03-Jun-2022","159.00","159.45","154.70","155.00","14,063,328"
"06-Jun-2022","155.80","158.65","154.60","155.20","18,485,464"
"07-Jun-2022","155.20","157.70","153.50","157.25","14,911,957"
"08-Jun-2022","156.10","159.75","156.10","157.05","16,416,591"
"09-Jun-2022","155.30","158.00","154.70","155.15","13,821,409"
"10-Jun-2022","154.10","156.60","154.00","155.25","7,908,849"
"13-Jun-2022","154.00","154.90","147.75","148.90","19,208,167"
"14-Jun-2022","148.90","152.45","148.90","151.40","17,034,328"
"15-Jun-2022","152.55","153.70","147.55","148.15","15,172,295"
"16-Jun-2022","150.10","150.15","142.00","142.95","18,494,040"
"17-Jun-2022","141.10","144.45","139.55","140.45","21,387,729"
"20-Jun-2022","140.45","141.40","135.00","137.25","16,578,770"
"21-Jun-2022","138.20","141.25","137.75","139.95","51,398,446"
"22-Jun-2022","139.95","139.95","136.55","137.65","8,317,317"
"23-Jun-2022","137.90","139.15","135.65","136.50","11,257,409"
"24-Jun-2022","137.90","137.90","134.95","136.60","21,879,039"
"27-Jun-2022","137.25","139.05","136.75","138.50","12,872,030"
"28-Jun-2022","138.50","139.30","137.15","138.60","14,272,044"
"29-Jun-2022","137.80","143.10","136.80","141.75","53,487,394"
"30-Jun-2022","142.30","143.95","141.15","142.90","19,270,932"
"01-Jul-2022","142.00","143.20","139.75","140.65","9,592,229"
"04-Jul-2022","139.35","142.20","139.35","141.40","17,526,429"
"05-Jul-2022","141.40","144.25","140.20","140.85","11,370,649"
"06-Jul-2022","141.50","142.00","136.10","138.95","15,929,985"
"07-Jul-2022","140.00","142.75","139.50","140.45","18,144,208"
"08-Jul-2022","141.00","144.20","141.00","143.70","15,375,888"
"11-Jul-2022","144.00","147.00","143.60","144.80","16,779,135"
"12-Jul-2022","144.05","148.10","144.05","147.10","19,138,561"
"13-Jul-2022","147.75","149.35","147.50","148.60","13,644,449"
"14-Jul-2022","149.00","149.30","147.00","148.30","9,775,869"
"15-Jul-2022","148.45","150.15","148.15","149.75","11,518,139"
"18-Jul-2022","151.40","151.55","149.30","149.80","8,286,352"
"19-Jul-2022","149.80","151.20","149.25","150.75","6,798,359"
"20-Jul-2022","152.10","152.25","150.15","150.55","7,271,345"
"21-Jul-2022","151.00","151.25","150.00","150.85","7,521,568"
"22-Jul-2022","151.00","151.40","148.15","148.95","6,800,124"
"25-Jul-2022","149.20","150.45","147.35","150.10","7,996,687"
"26-Jul-2022","150.00","150.95","149.15","150.00","5,774,871"
"27-Jul-2022","149.55","150.55","149.05","149.70","5,403,197"
"28-Jul-2022","150.05","150.95","149.05","150.35","6,030,744"
"29-Jul-2022","150.95","154.45","150.45","152.95","11,771,461"
"01-Aug-2022","152.90","157.70","151.00","156.50","14,221,965"
"02-Aug-2022","157.10","160.10","156.55","159.55","18,278,835"
"03-Aug-2022","160.05","160.95","157.20","159.65","10,147,608"
"04-Aug-2022","159.70","160.50","153.05","154.70","15,754,128"
"05-Aug-2022","154.40","157.15","153.00","155.60","33,864,055"
"08-Aug-2022","155.50","160.00","154.95","159.40","16,964,235"
"10-Aug-2022","156.90","157.15","155.00","155.75","14,055,597"
"11-Aug-2022","156.20","156.85","152.85","153.65","15,810,624"
"12-Aug-2022","153.70","159.00","152.60","158.50","17,998,843"
"16-Aug-2022","159.00","159.80","156.95","158.75","8,309,725"
"17-Aug-2022","159.00","163.65","159.00","161.45","19,674,110"
"18-Aug-2022","161.45","162.65","159.90","160.80","9,585,888"
"19-Aug-2022","161.05","161.65","157.15","157.75","9,599,472"
"22-Aug-2022","157.30","158.95","156.00","156.50","11,400,211"
"23-Aug-2022","156.45","159.20","155.65","158.65","14,362,373"
"24-Aug-2022","158.90","163.00","158.00","160.80","20,602,844"
"25-Aug-2022","161.35","161.95","158.45","158.90","12,889,454"
"26-Aug-2022","159.00","164.70","158.90","163.40","30,724,938"
"29-Aug-2022","161.80","163.40","160.70","160.95","10,928,330"
"30-Aug-2022","161.80","165.45","161.55","164.00","24,663,153"
"01-Sep-2022","161.50","164.25","160.30","160.70","14,554,158"
"02-Sep-2022","163.00","166.40","161.25","161.80","25,106,698"
"05-Sep-2022","162.60","165.10","162.20","164.50","15,226,001"
"06-Sep-2022","165.80","168.85","164.80","168.45","27,866,331"
"07-Sep-2022","168.50","170.15","166.65","167.30","19,415,892"
"08-Sep-2022","168.00","169.20","165.95","166.80","11,595,205"
"09-Sep-2022","167.65","169.35","165.95","166.60","16,415,150"
"12-Sep-2022","167.45","168.10","165.50","166.40","15,469,466"
"13-Sep-2022","166.95","168.95","165.65","167.40","15,644,741"
"14-Sep-2022","165.00","173.05","165.00","172.35","38,751,148"
"15-Sep-2022","174.40","176.15","172.65","175.10","29,483,891"
"16-Sep-2022","173.95","174.70","171.30","172.80","26,126,152"
"19-Sep-2022","173.50","174.10","170.55","171.00","13,304,030"
"20-Sep-2022","171.90","173.15","170.90","171.90","15,395,199"
"21-Sep-2022","171.00","172.05","168.15","168.60","7,370,283"
"22-Sep-2022","167.00","169.65","166.85","168.65","7,447,846"
"23-Sep-2022","167.15","168.50","162.65","163.95","12,264,388"
"26-Sep-2022","162.45","163.85","156.60","158.60","21,951,865"
"27-Sep-2022","159.40","161.65","157.50","159.00","8,367,800"
"28-Sep-2022","157.80","159.45","155.00","157.95","14,261,815"
"29-Sep-2022","158.75","161.70","158.00","159.55","17,623,352"
"30-Sep-2022","160.00","161.55","157.40","159.65","12,015,533"
"03-Oct-2022","159.85","164.10","158.95","160.35","10,528,629"
"04-Oct-2022","161.95","164.00","161.35","162.55","9,013,773"
"06-Oct-2022","164.25","165.10","162.40","162.90","6,456,408"
"07-Oct-2022","163.10","164.85","161.35","164.30","8,825,983"
"10-Oct-2022","162.70","165.60","161.85","163.95","10,484,521"
"11-Oct-2022","164.40","164.40","160.30","161.05","13,805,741"
"12-Oct-2022","161.90","165.30","161.15","165.00","12,496,248"
"13-Oct-2022","164.85","166.80","164.25","164.75","9,447,511"
"14-Oct-2022","166.25","167.50","164.85","165.10","9,588,164"
"17-Oct-2022","165.10","169.05","164.00","168.45","13,426,449"
"18-Oct-2022","168.95","169.45","166.40","166.95","20,635,735"
"19-Oct-2022","166.50","168.10","163.85","164.05","6,947,654"
"20-Oct-2022","164.00","167.90","161.50","166.95","12,020,720"
"21-Oct-2022","167.50","168.45","164.50","165.05","7,414,335"
"24-Oct-2022","166.95","167.95","166.25","166.95","685,185"
"25-Oct-2022","167.45","169.70","165.45","169.35","8,131,380"
"27-Oct-2022","169.90","171.50","167.55","170.65","16,225,577"
"28-Oct-2022","170.65","174.70","169.90","174.05","16,185,760"
"31-Oct-2022","169.90","174.00","169.05","173.10","24,233,760"
"01-Nov-2022","174.00","182.95","173.50","181.80","41,101,936"
"02-Nov-2022","181.90","182.70","180.00","180.95","22,146,420"
"03-Nov-2022","179.35","181.85","177.25","178.15","16,719,953"
"04-Nov-2022","179.05","179.50","176.35","176.95","14,881,752"
"07-Nov-2022","177.85","179.50","174.85","175.85","12,799,401"
"09-Nov-2022","177.75","177.75","172.25","173.40","14,929,008"
"10-Nov-2022","173.50","174.20","170.55","172.10","10,668,583"
"11-Nov-2022","173.00","173.60","169.65","171.45","16,963,169"
"14-Nov-2022","172.35","173.40","171.10","171.45","10,224,241"
"15-Nov-2022","172.30","174.15","171.40","172.10","13,899,999"
"16-Nov-2022","172.10","172.95","169.15","169.95","9,781,274"
"17-Nov-2022","169.95","170.80","167.50","168.30","12,778,124"
"18-Nov-2022","168.55","169.05","165.10","165.85","11,134,908"
"21-Nov-2022","165.00","166.20","164.15","164.40","12,788,632"
"22-Nov-2022","165.25","167.50","164.85","167.05","15,198,091"
"23-Nov-2022","167.85","168.25","166.25","168.05","12,004,998"
"24-Nov-2022","168.70","170.00","167.60","169.50","10,986,350"
"25-Nov-2022","170.25","171.25","168.60","169.75","12,358,833"
"28-Nov-2022","170.00","171.90","169.40","170.40","5,471,921"
"29-Nov-2022","171.00","171.60","169.05","170.15","7,693,168"
"30-Nov-2022","170.10","172.85","169.75","172.20","9,133,076"
"01-Dec-2022","173.50","173.65","170.85","172.20","9,214,914"
"02-Dec-2022","172.40","172.85","171.15","172.15","6,376,672"
"05-Dec-2022","173.05","175.65","171.40","175.15","9,861,212"
"06-Dec-2022","175.60","176.00","173.85","175.20","7,008,295"
"07-Dec-2022","174.10","175.00","171.30","171.85","7,718,718"
"08-Dec-2022","171.85","172.45","170.00","170.35","4,225,180"
"09-Dec-2022","171.20","171.75","168.00","169.50","6,174,919"
"12-Dec-2022","170.00","170.00","167.55","168.90","7,153,044"
"13-Dec-2022","169.75","170.00","168.05","169.20","5,166,993"
"14-Dec-2022","169.95","173.70","169.45","171.60","8,562,333"
"15-Dec-2022","172.00","174.05","171.70","172.10","10,644,546"
"16-Dec-2022","171.90","173.10","169.05","169.80","9,433,166"
"19-Dec-2022","169.80","172.25","169.50","171.80","7,706,855"
"20-Dec-2022","171.15","171.45","168.55","169.75","7,387,632"
"21-Dec-2022","170.00","171.05","166.60","167.95","8,454,254"
"22-Dec-2022","168.50","168.65","164.55","165.90","6,979,001"
"23-Dec-2022","164.30","166.35","162.35","163.00","5,313,321"
"26-Dec-2022","162.00","167.75","161.90","165.65","8,321,609"
"27-Dec-2022","167.00","168.20","164.55","165.20","9,244,387"
"28-Dec-2022","165.00","167.60","164.80","165.85","9,652,984"
"29-Dec-2022","165.00","167.40","164.00","166.75","19,571,340"
"30-Dec-2022","166.75","167.80","166.00","166.45","8,626,291"
"02-Jan-2023","167.05","168.55","166.40","168.00","7,322,962"
"03-Jan-2023","168.00","169.20","166.80","167.60","9,629,995"
"04-Jan-2023","167.85","168.50","164.70","166.60","11,995,082"
"05-Jan-2023","168.00","170.35","167.15","169.90","18,887,530"
"06-Jan-2023","170.45","172.15","168.55","169.00","13,216,749"
"09-Jan-2023","170.25","171.00","169.45","170.40","6,012,344"
"10-Jan-2023","170.40","170.70","167.15","167.95","7,557,693"
"11-Jan-2023","168.45","168.80","165.50","166.05","8,463,293"
"12-Jan-2023","166.90","167.20","165.55","165.95","7,628,932"
"13-Jan-2023","166.20","168.15","165.50","167.80","5,090,393"
"16-Jan-2023","168.65","168.65","164.65","165.95","10,321,015"
"17-Jan-2023","166.60","168.20","165.80","167.70","13,015,434"
"18-Jan-2023","167.50","169.70","167.10","169.45","5,536,057"
"19-Jan-2023","170.40","170.40","167.30","168.70","6,812,613"
"20-Jan-2023","169.90","169.90","167.65","168.70","8,545,359"
"23-Jan-2023","169.40","169.50","166.00","166.85","7,787,735"
"24-Jan-2023","167.20","167.55","165.40","166.05","7,033,092"
"25-Jan-2023","166.00","166.60","164.40","165.90","9,257,370"
"27-Jan-2023","166.25","167.05","164.00","166.30","13,756,671"
"30-Jan-2023","167.60","172.25","167.10","168.85","30,768,122"
"31-Jan-2023","169.85","172.65","167.35","171.15","24,990,701"
"01-Feb-2023","172.25","173.80","167.20","170.00","13,878,016"
"02-Feb-2023","170.00","170.85","165.50","166.90","19,898,080"
"03-Feb-2023","164.50","166.45","162.55","165.55","11,730,514"
"06-Feb-2023","164.50","166.85","164.05","166.05","7,588,936"
"07-Feb-2023","166.50","167.70","164.30","165.25","8,699,758"
"08-Feb-2023","165.60","165.75","164.10","165.50","8,839,686"
"09-Feb-2023","165.95","166.65","164.65","166.00","5,507,650"
"10-Feb-2023","165.10","165.80","164.10","165.00","9,468,345"
"13-Feb-2023","165.10","168.20","164.80","167.85","9,829,152"
"14-Feb-2023","168.50","168.50","164.85","166.05","12,916,373"
"15-Feb-2023","166.00","166.50","164.20","165.80","11,855,678"
"16-Feb-2023","166.00","167.70","165.60","167.40","7,923,121"
"17-Feb-2023","167.00","169.65","166.45","168.05","10,182,025"
"20-Feb-2023","167.70","170.00","167.25","167.90","6,679,716"
"21-Feb-2023","169.05","174.25","169.05","173.25","26,883,881"
"22-Feb-2023","172.95","173.20","168.50","170.50","12,225,021"
"23-Feb-2023","170.95","171.65","169.00","169.60","11,184,381"
"24-Feb-2023","170.25","171.20","169.40","171.00","8,338,893"
"27-Feb-2023","171.15","173.50","170.50","172.40","17,669,762"
"28-Feb-2023","172.80","173.00","169.85","170.50","19,044,910"
"01-Mar-2023","170.95","173.05","169.95","172.25","9,318,790"
"02-Mar-2023","172.20","172.20","170.25","170.80","7,725,981"
"03-Mar-2023","172.00","175.00","171.50","172.60","12,962,719"
"06-Mar-2023","172.90","177.50","172.70","176.80","12,402,804"
"08-Mar-2023","175.70","179.15","175.45","178.85","22,099,710"
"09-Mar-2023","178.40","182.20","178.00","179.45","18,874,546"
"10-Mar-2023","178.00","181.00","177.80","180.75","12,399,692"
"13-Mar-2023","181.30","181.55","179.45","179.70","13,669,178"
"14-Mar-2023","178.65","181.00","177.20","177.90","9,217,542"
"15-Mar-2023","179.45","179.55","177.75","178.20","8,548,173"
"16-Mar-2023","178.20","180.00","176.95","179.60","9,405,016"
"17-Mar-2023","181.70","181.70","175.90","176.95","47,276,890"
"20-Mar-2023","177.55","177.55","174.95","176.00","5,627,841"
"21-Mar-2023","176.85","177.55","175.30","177.10","12,894,327"
"22-Mar-2023","177.80","177.80","173.80","174.35","7,893,205"
"23-Mar-2023","174.05","175.85","173.70","174.60","5,759,884"
"24-Mar-2023","175.20","175.20","172.35","172.70","4,977,283"
"27-Mar-2023","172.65","173.95","170.70","171.25","12,077,986"
"28-Mar-2023","171.35","173.00","170.50","172.00","8,750,986"
"29-Mar-2023","172.65","175.40","171.70","174.00","20,272,070"
"31-Mar-2023","174.80","177.25","174.60","175.10","8,125,121"
"03-Apr-2023","175.60","178.10","175.45","177.80","9,098,662"
"05-Apr-2023","178.30","178.30","175.15","175.90","10,829,323"
"06-Apr-2023","176.40","176.60","174.85","175.20","7,159,274"
"10-Apr-2023","175.85","178.00","175.20","177.60","10,968,456"
"11-Apr-2023","178.10","179.75","176.55","178.10","9,208,605"
"12-Apr-2023","178.00","178.30","175.30","175.80","7,591,360"
"13-Apr-2023","176.00","176.10","172.30","173.05","9,944,382"
"17-Apr-2023","172.35","173.95","169.25","169.60","17,401,126"
"18-Apr-2023","170.00","170.75","169.00","170.10","16,199,789"
"19-Apr-2023","168.75","169.95","166.80","167.10","16,314,641"
"20-Apr-2023","167.10","170.20","166.80","169.70","15,498,083"
"21-Apr-2023","169.65","169.95","168.40","169.70","6,672,391"
"24-Apr-2023","168.50","171.25","168.20","170.95","8,088,991"
"25-Apr-2023","171.30","172.45","170.35","171.10","9,175,412"
"26-Apr-2023","171.10","171.70","169.50","169.85","9,032,416"
"27-Apr-2023","170.00","171.35","168.80","170.95","9,054,900"
"28-Apr-2023","171.90","172.50","169.60","172.00","21,552,892"
"02-May-2023","172.65","176.00","172.55","175.60","8,893,428"
"03-May-2023","175.60","178.65","175.10","176.35","11,194,149"
"04-May-2023","176.45","177.45","174.80","176.35","4,671,155"
"05-May-2023","176.35","176.40","173.00","174.25","5,958,697"
"08-May-2023","174.80","177.55","174.50","177.05","6,287,186"
"09-May-2023","177.20","178.65","175.20","176.00","7,918,748"
"10-May-2023","176.00","177.35","174.95","177.05","6,231,734"
"11-May-2023","177.60","180.00","176.95","179.55","12,125,975"
"12-May-2023","179.10","179.25","174.50","174.95","8,920,297"
"15-May-2023","174.00","176.75","173.85","175.95","7,980,565"
"16-May-2023","176.90","178.00","175.50","177.45","7,874,923"
"17-May-2023","177.45","177.85","175.05","176.00","6,639,494"
"18-May-2023","177.00","177.70","174.65","175.10","6,921,939"
"19-May-2023","175.00","175.35","172.95","173.30","6,657,753"
"22-May-2023","173.30","177.05","173.15","174.10","13,339,834"
"23-May-2023","174.95","175.65","172.80","174.15","8,359,389"
"24-May-2023","174.00","175.30","173.45","174.95","8,507,023"
"25-May-2023","174.95","175.55","173.40","174.50","7,986,243"
"26-May-2023","175.00","177.25","174.10","174.50","6,926,193"
"29-May-2023","174.95","177.80","174.80","176.30","9,943,211"
"30-May-2023","177.00","178.00","175.60","176.80","9,727,639"
"31-May-2023","177.00","177.00","171.95","173.85","41,785,992"
"01-Jun-2023","173.60","174.70","171.85","174.40","11,602,551"
"02-Jun-2023","175.90","175.90","173.40","174.55","7,262,018"
"05-Jun-2023","175.80","176.20","173.55","174.10","12,239,684"
"06-Jun-2023","174.50","175.75","173.55","175.40","4,889,564"
"07-Jun-2023","175.95","178.00","175.40","177.35","6,270,083"
"08-Jun-2023","178.75","184.35","178.10","182.05","27,382,635"
"09-Jun-2023","184.00","184.25","180.55","182.80","10,235,269"
"12-Jun-2023","182.80","186.45","182.65","185.70","17,450,400"
"13-Jun-2023","186.00","186.65","185.00","185.35","8,332,566"
"14-Jun-2023","185.35","188.40","185.35","187.20","15,061,573"
"15-Jun-2023","187.00","187.30","185.35","186.70","9,840,499"
"16-Jun-2023","186.90","188.70","186.05","188.20","8,562,558"
"19-Jun-2023","188.20","188.20","185.20","185.85","5,363,723"
"20-Jun-2023","186.00","188.00","184.55","187.50","6,035,600"
"21-Jun-2023","187.50","188.70","186.50","187.50","5,906,854"
"22-Jun-2023","187.50","187.95","183.35","184.50","6,683,123"
"23-Jun-2023","184.55","187.50","183.75","186.70","15,255,365"
"26-Jun-2023","187.40","187.40","184.45","184.90","7,231,775"
"27-Jun-2023","184.90","186.95","184.80","186.05","6,787,438"
"28-Jun-2023","186.05","190.60","185.30","189.10","32,476,741"
"30-Jun-2023","188.10","191.65","188.00","189.15","9,579,059"
"03-Jul-2023","190.00","192.60","188.70","191.25","7,352,149"
"04-Jul-2023","191.10","194.80","189.00","194.05","13,258,826"
"05-Jul-2023","194.00","194.75","192.35","193.40","6,558,910"
"06-Jul-2023","193.50","197.15","192.75","196.75","16,276,609"
"07-Jul-2023","196.75","197.75","192.15","192.60","12,652,336"
"10-Jul-2023","192.65","193.35","189.80","191.55","10,238,356"
"11-Jul-2023","192.65","192.95","190.80","192.40","11,236,383"
"12-Jul-2023","193.75","194.75","190.25","190.80","9,191,559"
"13-Jul-2023","191.80","191.80","186.95","187.90","10,612,659"
"14-Jul-2023","187.95","188.35","184.75","187.45","12,369,394"
"17-Jul-2023","188.45","188.95","185.80","186.50","9,058,800"
"18-Jul-2023","187.00","189.15","186.30","187.35","7,177,677"
"19-Jul-2023","191.00","196.60","190.20","192.55","31,761,232"
"20-Jul-2023","192.70","194.25","191.85","192.90","8,936,996"
"21-Jul-2023","192.80","196.35","192.10","195.10","11,031,250"
"24-Jul-2023","195.50","197.00","192.95","195.90","9,981,788"
"25-Jul-2023","196.50","201.35","195.90","200.65","18,028,061"
"26-Jul-2023","201.50","202.15","200.00","201.60","13,857,423"
"27-Jul-2023","201.75","203.00","200.60","201.95","16,013,422"
"28-Jul-2023","201.85","210.45","199.50","210.00","39,630,520"
"31-Jul-2023","212.20","218.95","209.65","218.35","43,494,779"
"01-Aug-2023","219.55","226.65","218.85","225.15","63,510,580"
"02-Aug-2023","225.05","225.15","216.85","219.10","22,647,784"
"03-Aug-2023","219.10","223.60","217.95","220.10","29,868,065"
"04-Aug-2023","221.70","222.20","217.60","217.95","12,879,897"
"07-Aug-2023","219.70","221.35","217.65","217.95","12,929,354"
"08-Aug-2023","220.30","220.40","214.00","217.55","15,314,866"
"09-Aug-2023","218.45","219.70","216.45","218.70","12,554,174"
"10-Aug-2023","219.20","220.85","216.50","217.40","10,970,619"
"11-Aug-2023","214.90","216.50","212.65","213.00","7,970,536"
"14-Aug-2023","213.30","214.00","211.80","213.00","9,283,695"
"16-Aug-2023","212.95","217.95","212.05","217.45","9,687,712"
"17-Aug-2023","219.45","219.80","215.15","215.75","11,865,239"
"18-Aug-2023","215.80","216.65","213.30","215.15","14,101,163"
"21-Aug-2023","217.20","219.55","215.70","218.80","13,336,739"
"22-Aug-2023","219.25","222.30","218.85","221.70","16,930,149"
"23-Aug-2023","222.90","222.90","221.05","221.70","13,507,905"
"24-Aug-2023","222.00","222.40","219.65","220.85","11,182,959"
"25-Aug-2023","221.85","221.85","217.20","217.90","7,413,549"
"28-Aug-2023","217.90","219.30","217.20","218.70","4,851,793"
"29-Aug-2023","219.20","221.75","218.25","221.10","8,799,235"
"30-Aug-2023","222.00","222.00","219.75","220.40","5,490,930"
"31-Aug-2023","221.65","221.65","218.75","220.30","18,532,999"
"01-Sep-2023","217.85","231.65","216.15","230.70","29,859,815"
"04-Sep-2023","233.70","236.50","230.50","235.80","21,895,573"
"05-Sep-2023","236.90","236.90","231.70","234.60","13,952,922"
"06-Sep-2023","235.50","235.85","228.40","231.90","14,623,019"
"07-Sep-2023","233.00","238.00","229.35","234.10","30,334,731"
"08-Sep-2023","236.00","243.60","235.00","240.25","28,856,420"
"11-Sep-2023","243.60","243.90","238.15","243.10","22,493,483"
"12-Sep-2023","244.20","244.95","234.10","235.10","21,174,310"
"13-Sep-2023","236.10","238.45","233.15","237.15","9,151,928"
"14-Sep-2023","237.95","239.20","235.95","237.95","7,568,464"
"15-Sep-2023","235.60","239.30","235.60","236.20","14,098,284"
"18-Sep-2023","237.00","242.15","236.05","241.20","11,163,399"
"20-Sep-2023","241.50","246.00","240.35","241.75","18,936,709"
"21-Sep-2023","240.05","242.90","237.10","238.95","10,134,737"
"22-Sep-2023","238.60","239.30","236.00","237.95","7,209,300"
"25-Sep-2023","239.15","240.25","237.15","239.65","8,027,642"
"26-Sep-2023","239.75","243.20","239.05","240.20","10,681,642"
"27-Sep-2023","239.90","240.50","237.85","239.30","9,679,279"
"28-Sep-2023","239.60","241.20","235.65","237.05","32,887,087"
"29-Sep-2023","239.55","251.50","239.50","245.55","35,038,887"
"03-Oct-2023","244.35","246.70","240.55","241.20","14,885,044"
"04-Oct-2023","241.00","241.00","231.50","235.15","25,424,437"
"05-Oct-2023","237.25","237.40","232.05","233.85","22,472,389"
"06-Oct-2023","234.25","237.50","233.65","235.55","8,825,123"
"09-Oct-2023","233.85","236.30","230.50","234.70","10,659,145"
"10-Oct-2023","234.90","236.85","233.75","235.90","11,665,907"
"11-Oct-2023","236.25","239.70","236.00","238.70","14,313,043"
"12-Oct-2023","238.95","242.75","238.60","241.60","13,170,027"
"13-Oct-2023","240.55","243.80","239.60","242.05","11,880,728"
"16-Oct-2023","242.85","245.00","241.00","243.45","6,936,948"
"17-Oct-2023","244.85","247.20","243.30","245.95","10,084,205"
"18-Oct-2023","245.90","246.80","241.60","242.00","6,987,265"
"19-Oct-2023","240.20","241.80","238.50","239.50","11,485,237"
"20-Oct-2023","238.95","242.15","237.55","241.00","9,040,953"
"23-Oct-2023","240.80","240.90","235.00","236.55","7,058,625"
"25-Oct-2023","236.00","236.30","228.35","232.05","23,949,207"
"26-Oct-2023","230.85","233.30","227.75","231.65","17,410,264"
"27-Oct-2023","232.00","238.45","232.00","236.60","10,519,462"
"30-Oct-2023","237.45","238.40","230.65","234.60","8,812,268"
"31-Oct-2023","234.50","237.20","233.55","235.80","6,583,581"
"01-Nov-2023","236.70","236.70","232.10","232.60","6,718,059"
"02-Nov-2023","234.20","235.70","233.75","235.25","6,057,787"
"03-Nov-2023","233.30","235.25","233.30","234.35","6,825,146"
"06-Nov-2023","235.35","237.20","234.55","235.85","5,338,605"
"07-Nov-2023","236.30","239.55","235.20","239.15","7,002,346"
"08-Nov-2023","239.85","240.90","235.95","236.70","9,777,991"
"09-Nov-2023","237.20","239.70","236.00","237.95","13,987,058"
"10-Nov-2023","237.85","243.25","235.80","242.75","9,589,671"
"12-Nov-2023","245.95","246.35","243.00","244.55","2,515,164"
"13-Nov-2023","244.95","250.60","243.30","245.70","18,792,969"
"15-Nov-2023","248.95","248.95","245.95","247.30","10,965,645"
"16-Nov-2023","248.80","254.25","247.65","252.35","22,145,147"
"17-Nov-2023","253.00","253.10","251.00","251.60","5,618,928"
"20-Nov-2023","251.00","255.40","250.30","251.05","6,283,832"
"21-Nov-2023","252.60","252.80","247.30","250.00","6,851,869"
"22-Nov-2023","250.80","254.00","249.35","253.65","5,275,418"
"23-Nov-2023","254.00","255.70","251.70","252.75","8,200,025"
"24-Nov-2023","253.30","256.85","253.00","253.90","7,149,443"
"28-Nov-2023","254.85","258.30","253.65","257.55","6,151,585"
"29-Nov-2023","259.55","259.55","256.10","258.40","8,637,363"
"30-Nov-2023","257.95","261.65","256.00","261.30","21,687,673"
"01-Dec-2023","262.35","275.45","261.75","268.95","29,121,320"
"04-Dec-2023","276.00","279.00","273.25","274.80","20,464,526"
"05-Dec-2023","275.20","286.55","272.80","285.45","18,883,076"
"06-Dec-2023","288.00","288.25","278.95","281.10","13,415,314"
"07-Dec-2023","281.85","288.25","281.30","283.80","25,133,786"
"08-Dec-2023","286.45","291.90","281.00","285.05","20,815,064"
"11-Dec-2023","286.05","288.50","284.40","287.30","8,071,675"
"12-Dec-2023","287.45","288.60","280.85","283.40","8,640,883"
"13-Dec-2023","284.75","294.90","284.50","294.05","23,629,670"
"14-Dec-2023","297.75","298.50","293.60","295.40","24,900,443"
"15-Dec-2023","298.00","307.00","295.00","305.10","28,843,558"
"18-Dec-2023","306.00","306.55","301.75","303.20","13,307,504"
"19-Dec-2023","305.00","312.50","302.50","309.65","15,650,536"
"20-Dec-2023","312.50","313.35","295.15","297.65","23,497,233"
"21-Dec-2023","295.80","303.15","293.20","301.95","17,868,637"
"22-Dec-2023","304.00","308.95","299.60","302.80","15,207,726"
"26-Dec-2023","306.45","310.70","304.60","309.60","9,917,180"
"27-Dec-2023","311.60","312.25","303.55","306.05","12,630,732"
"28-Dec-2023","309.10","315.50","307.75","313.90","37,591,916"
"29-Dec-2023","314.35","314.35","308.15","311.15","12,682,889"
"01-Jan-2024","312.00","313.30","307.80","309.75","8,024,960"
"02-Jan-2024","310.80","310.80","302.05","306.00","13,506,040"
"03-Jan-2024","307.20","308.00","303.30","306.20","14,259,987"
"04-Jan-2024","310.90","321.75","308.60","317.10","40,057,506"
"05-Jan-2024","322.90","325.65","312.70","314.95","27,456,415"
"08-Jan-2024","316.45","318.35","312.60","316.45","10,136,462"
"09-Jan-2024","317.85","321.45","316.05","319.75","12,229,517"
"10-Jan-2024","319.65","319.75","308.00","313.35","14,455,000"
"11-Jan-2024","314.95","317.30","312.35","312.90","10,316,319"
"12-Jan-2024","315.20","315.30","309.70","312.65","12,341,629"
"15-Jan-2024","314.90","318.00","309.60","317.30","9,706,124"
"16-Jan-2024","317.25","317.25","310.15","311.50","10,162,832"
"17-Jan-2024","309.75","314.10","307.10","309.30","13,502,940"
"18-Jan-2024","308.95","311.30","296.55","299.30","32,481,018"
"19-Jan-2024","303.80","309.45","301.70","308.45","28,651,237"
"20-Jan-2024","309.95","314.85","306.25","308.20","10,652,125"
"23-Jan-2024","313.45","315.30","300.30","302.60","21,652,362"
"24-Jan-2024","302.95","310.70","298.25","308.85","23,922,028"
"25-Jan-2024","310.00","317.20","309.20","314.75","32,525,422"
"29-Jan-2024","317.80","325.75","316.15","324.55","24,694,773"
"30-Jan-2024","321.85","323.95","314.50","315.45","20,918,448"
"31-Jan-2024","318.55","320.00","312.60","317.50","20,931,224"
"01-Feb-2024","320.05","326.95","317.10","322.00","24,020,951"
"02-Feb-2024","324.00","333.70","323.10","332.50","32,346,639"
"05-Feb-2024","338.00","341.05","333.05","336.10","19,651,482"
"06-Feb-2024","336.00","336.00","329.00","334.20","12,024,661"
"07-Feb-2024","337.90","337.90","329.65","330.70","8,080,437"
"08-Feb-2024","333.95","335.25","328.00","330.90","17,754,869"
"09-Feb-2024","332.95","335.00","319.60","324.90","18,304,439"
"12-Feb-2024","326.15","326.70","314.50","316.15","11,714,289"
"13-Feb-2024","318.55","323.95","315.90","321.55","15,426,888"
"14-Feb-2024","320.90","329.35","318.35","328.00","14,085,723"
"15-Feb-2024","331.00","340.90","330.15","339.25","21,973,316"
"16-Feb-2024","341.90","342.95","336.80","337.75","20,307,449"
"19-Feb-2024","340.40","341.90","337.50","338.75","8,496,898"
"20-Feb-2024","340.60","346.50","337.80","345.70","19,340,526"
"21-Feb-2024","347.00","348.05","334.70","336.10","17,751,633"
"22-Feb-2024","339.00","340.25","330.60","339.55","16,083,122"
"23-Feb-2024","340.00","340.00","334.85","337.75","9,665,454"
"26-Feb-2024","338.00","338.50","334.55","337.60","7,711,995"
"27-Feb-2024","336.10","338.00","334.10","336.10","8,882,923"
"28-Feb-2024","335.70","336.50","331.80","333.30","12,977,628"
"29-Feb-2024","333.30","336.00","330.60","335.60","13,149,469"
"01-Mar-2024","335.60","344.35","335.00","343.50","13,027,254"
"02-Mar-2024","344.30","345.00","334.30","341.75","596,184"
"04-Mar-2024","348.00","358.30","345.75","353.85","38,075,510"
"05-Mar-2024","354.90","359.95","353.55","358.25","15,918,221"
"06-Mar-2024","359.45","359.45","345.00","351.95","13,120,921"
"07-Mar-2024","352.00","353.90","349.70","352.20","9,172,926"
"11-Mar-2024","352.25","353.15","346.70","347.95","10,664,917"
"12-Mar-2024","348.00","349.45","342.55","344.75","9,637,912"
"13-Mar-2024","343.85","344.50","319.50","322.50","23,722,232"
"14-Mar-2024","321.05","326.95","316.50","321.85","20,859,127"
"15-Mar-2024","322.65","326.05","305.75","316.30","43,285,007"
"18-Mar-2024","317.10","322.90","314.95","317.15","13,690,352"
"19-Mar-2024","314.30","317.90","310.10","313.45","13,388,060"
"20-Mar-2024","316.00","317.45","308.30","313.65","10,026,655"
"21-Mar-2024","317.25","326.35","317.00","325.00","23,370,426"
"22-Mar-2024","324.50","327.25","321.15","324.75","14,709,219"
"26-Mar-2024","320.10","330.30","320.10","329.10","11,208,959"
"27-Mar-2024","332.00","334.10","326.30","331.60","45,209,520"
"28-Mar-2024","331.90","340.00","330.30","335.80","19,868,037"
"01-Apr-2024","339.00","344.40","336.15","342.35","8,580,656"
"02-Apr-2024","343.00","345.60","340.75","344.80","9,745,257"
"03-Apr-2024","344.35","354.10","342.00","351.25","21,679,943"
"04-Apr-2024","355.00","362.70","352.65","354.65","28,962,927"
"05-Apr-2024","356.40","358.20","351.55","354.55","11,208,130"
"08-Apr-2024","355.60","366.00","353.25","363.50","11,447,140"
"09-Apr-2024","365.00","366.90","360.35","362.90","10,010,148"
"10-Apr-2024","364.10","368.35","361.35","362.50","12,886,638"
"12-Apr-2024","362.50","374.50","361.00","361.75","30,924,494"
"15-Apr-2024","355.50","366.00","352.80","361.15","18,126,999"
"16-Apr-2024","361.00","361.95","354.60","359.25","15,328,939"
"18-Apr-2024","359.55","361.25","349.20","351.15","22,966,560"
"19-Apr-2024","343.10","352.40","343.00","350.55","12,867,942"
"22-Apr-2024","355.00","355.00","341.90","342.90","37,382,916"
"23-Apr-2024","346.00","348.65","344.00","347.15","14,651,106"
"24-Apr-2024","349.80","353.15","347.30","351.65","11,132,307"
"25-Apr-2024","351.00","360.60","349.10","359.20","19,865,014"
"26-Apr-2024","360.70","361.40","355.00","356.00","10,986,589"
"29-Apr-2024","359.70","363.65","356.95","363.00","13,652,173"
"30-Apr-2024","364.95","365.45","359.30","363.20","14,566,548"
"02-May-2024","363.20","372.60","363.20","369.05","27,892,188"
"03-May-2024","372.30","380.40","360.35","364.95","26,844,664"
"06-May-2024","367.80","368.85","354.40","356.80","15,319,437"
"07-May-2024","358.25","358.45","346.85","349.15","10,028,071"
"08-May-2024","345.20","358.50","345.20","355.45","9,595,776"
"09-May-2024","356.50","358.00","344.85","346.05","9,043,486"
"10-May-2024","347.65","356.35","347.55","355.50","11,699,095"
"13-May-2024","355.50","356.00","346.50","350.90","10,691,781"
"14-May-2024","350.55","357.25","350.30","355.80","10,891,985"
"15-May-2024","357.50","363.50","356.65","361.35","8,538,183"
"16-May-2024","363.85","363.85","353.05","361.45","13,114,162"
"17-May-2024","362.45","366.50","360.35","365.45","8,509,179"
"18-May-2024","367.95","368.00","365.00","366.30","1,050,300"
"21-May-2024","367.00","374.10","365.35","372.00","10,939,593"
"22-May-2024","375.00","377.35","370.60","373.85","14,001,806"
"23-May-2024","375.05","375.60","369.50","372.30","15,370,357"
"24-May-2024","373.00","378.15","368.70","374.95","13,317,821"
"27-May-2024","379.95","380.50","368.00","369.65","21,891,930"
"28-May-2024","372.60","373.25","364.10","365.40","10,200,096"
"29-May-2024","361.50","366.35","360.00","364.60","18,146,672"
"30-May-2024","364.00","364.80","357.15","359.70","14,425,073"
"31-May-2024","363.45","366.65","355.50","359.00","30,515,612"
"03-Jun-2024","385.00","393.20","373.45","391.80","39,261,174"
"04-Jun-2024","391.90","391.90","313.95","331.25","84,042,244"
"05-Jun-2024","340.00","342.25","315.30","341.00","46,418,629"
"06-Jun-2024","347.80","359.75","345.00","349.75","33,171,039"
"07-Jun-2024","352.00","362.00","347.70","360.60","23,930,193"
"10-Jun-2024","365.00","370.10","361.80","364.90","16,072,588"
"11-Jun-2024","368.75","371.95","364.90","367.40","11,235,777"
"12-Jun-2024","369.55","374.00","365.40","371.30","12,134,524"
"13-Jun-2024","376.40","376.40","367.95","369.95","11,243,702"
"14-Jun-2024","370.00","370.85","366.10","368.45","10,298,434"
"18-Jun-2024","371.80","372.25","368.70","369.65","10,228,382"
"19-Jun-2024","369.80","370.90","361.55","362.50","8,337,334"
"20-Jun-2024","362.50","364.90","357.05","357.65","14,338,604"
"21-Jun-2024","359.95","362.95","356.75","359.80","17,931,844"
"24-Jun-2024","357.60","364.65","355.55","362.75","9,335,598"
"25-Jun-2024","364.25","364.70","357.75","360.85","14,983,828"
"26-Jun-2024","363.00","366.90","359.65","365.05","15,918,394"
"27-Jun-2024","365.05","381.10","364.10","377.15","55,378,829"
"28-Jun-2024","377.95","389.50","376.70","378.35","25,141,039"
"01-Jul-2024","381.75","382.00","367.80","369.75","23,389,211"
"02-Jul-2024","372.60","372.60","365.15","370.40","13,702,830"
"03-Jul-2024","370.55","374.25","368.65","372.65","9,207,317"
"04-Jul-2024","373.90","380.85","371.75","372.95","14,916,930"
"05-Jul-2024","374.35","381.25","371.00","379.80","15,946,104"
"08-Jul-2024","380.85","381.25","376.15","377.45","8,898,299"
"09-Jul-2024","379.20","380.25","375.05","377.05","8,355,819"
"10-Jul-2024","378.80","383.80","370.00","381.40","17,715,196"
"11-Jul-2024","382.40","383.30","374.60","377.10","19,873,143"
"12-Jul-2024","378.95","379.40","372.00","377.15","16,151,583"
"15-Jul-2024","378.60","388.95","376.90","385.65","22,951,140"
"16-Jul-2024","386.65","388.75","380.00","380.45","11,893,034"
"18-Jul-2024","382.90","382.90","374.20","377.75","15,709,153"
"19-Jul-2024","377.75","378.00","362.90","364.65","13,330,099"
"22-Jul-2024","364.75","377.25","362.35","373.50","18,715,538"
"23-Jul-2024","376.70","385.65","361.55","382.45","49,882,257"
"24-Jul-2024","384.10","395.00","381.70","392.60","36,868,466"
"25-Jul-2024","390.95","396.30","386.25","392.15","25,973,101"
"26-Jul-2024","394.95","399.50","389.70","396.30","20,381,410"
"29-Jul-2024","404.00","408.30","392.65","393.90","27,751,449"
"30-Jul-2024","397.00","412.70","397.00","406.95","34,447,139"
"31-Jul-2024","409.50","417.40","408.55","416.00","29,727,771"
"01-Aug-2024","419.90","424.35","415.60","423.45","28,803,487"
"02-Aug-2024","416.25","426.30","413.35","419.70","24,233,263"
"05-Aug-2024","407.65","415.65","404.65","413.25","42,489,503"
"06-Aug-2024","413.25","424.95","413.25","415.00","18,230,579"
"07-Aug-2024","421.00","421.00","415.00","416.30","15,556,736"
"08-Aug-2024","416.35","417.00","405.80","407.70","16,447,385"
"09-Aug-2024","413.80","416.35","408.20","410.65","10,954,753"
"12-Aug-2024","410.00","410.00","400.10","400.85","26,254,763"
"13-Aug-2024","403.00","404.50","395.00","396.20","11,355,664"
"14-Aug-2024","398.90","400.00","393.65","396.35","9,424,614"
"16-Aug-2024","398.05","400.95","393.30","398.05","13,844,122"
"19-Aug-2024","402.30","407.50","401.45","403.10","10,677,045"
"20-Aug-2024","404.55","408.20","403.10","406.25","10,126,083"
"21-Aug-2024","407.50","409.70","405.20","408.95","9,726,854"
"22-Aug-2024","409.80","410.05","402.25","403.35","10,445,288"
"23-Aug-2024","403.35","405.90","399.55","401.95","11,513,586"
"26-Aug-2024","402.45","415.95","401.95","414.85","13,772,637"
"27-Aug-2024","415.50","416.20","409.10","409.65","8,441,188"
"28-Aug-2024","410.05","414.40","407.35","409.05","15,884,745"
"29-Aug-2024","409.05","412.60","403.75","409.90","19,014,705"
"30-Aug-2024","412.70","419.20","411.50","416.20","22,633,988"
"02-Sep-2024","417.80","419.10","407.70","410.00","11,107,165"
"03-Sep-2024","410.50","411.55","405.60","406.40","7,538,160"
"04-Sep-2024","400.00","408.25","399.90","405.10","11,052,003"
"05-Sep-2024","405.35","408.40","401.85","403.25","14,246,871"
"06-Sep-2024","403.25","404.65","392.70","394.80","17,956,121"
"09-Sep-2024","391.20","392.75","385.30","389.85","12,293,356"
"10-Sep-2024","390.10","399.40","389.75","396.30","15,852,309"
"11-Sep-2024","399.00","399.30","387.50","389.65","11,492,592"
"12-Sep-2024","391.00","406.25","390.65","404.85","24,028,069"
"13-Sep-2024","404.85","407.30","399.35","401.40","12,017,217"
"16-Sep-2024","402.45","412.00","402.00","411.10","11,479,712"
"17-Sep-2024","411.85","417.65","410.10","416.30","14,432,501"
"18-Sep-2024","418.50","419.75","413.00","414.15","10,303,840"
"19-Sep-2024","424.00","431.85","420.55","423.95","59,601,773"
"20-Sep-2024","428.05","429.85","416.55","423.95","36,084,164"
"23-Sep-2024","427.50","430.50","425.00","428.35","14,139,629"
"24-Sep-2024","431.45","431.45","427.00","428.10","12,539,885"
"25-Sep-2024","428.10","437.00","425.65","436.10","19,443,168"
"26-Sep-2024","437.95","437.95","430.55","434.60","20,041,825"
"27-Sep-2024","436.00","442.50","433.50","436.90","53,885,913"
"30-Sep-2024","436.90","448.45","433.60","443.20","20,903,229"
"01-Oct-2024","446.00","447.75","438.80","440.10","15,984,996"
"03-Oct-2024","432.00","442.50","432.00","435.35","13,563,784"
"04-Oct-2024","432.90","439.35","426.30","430.45","18,347,292"
"07-Oct-2024","430.60","433.00","409.05","415.45","23,431,004"
"08-Oct-2024","414.00","427.70","411.30","420.95","18,706,355"
"09-Oct-2024","424.45","424.75","417.00","418.45","13,916,492"
"10-Oct-2024","420.70","429.90","420.50","422.70","15,866,037"
"11-Oct-2024","423.95","426.65","419.60","422.50","8,639,087"
"14-Oct-2024","424.60","426.00","420.00","424.50","8,483,177"
"15-Oct-2024","426.65","427.20","423.55","426.60","9,365,964"
"16-Oct-2024","425.30","429.40","421.25","424.25","6,219,440"
"17-Oct-2024","423.65","425.60","416.60","417.75","11,968,387"
"18-Oct-2024","417.70","425.95","414.45","424.95","8,828,971"
"21-Oct-2024","426.05","428.75","419.10","425.00","9,139,781"
"22-Oct-2024","422.85","426.30","413.45","415.75","14,242,323"
"23-Oct-2024","414.00","414.75","401.70","408.30","22,522,821"
"24-Oct-2024","409.25","415.25","406.80","411.90","9,400,171"
"25-Oct-2024","402.50","407.50","391.60","398.90","19,642,277"
"28-Oct-2024","398.90","406.50","397.80","403.90","11,716,022"
"29-Oct-2024","409.00","414.30","404.45","412.15","20,284,308"
"30-Oct-2024","414.15","414.80","405.80","408.50","12,264,297"
"31-Oct-2024","409.00","410.65","403.50","408.15","12,204,072"
"01-Nov-2024","412.00","415.45","410.35","411.35","2,145,479"
"04-Nov-2024","413.85","414.30","393.70","400.95","13,866,505"
"05-Nov-2024","400.00","404.10","397.15","403.10","6,665,326"
"06-Nov-2024","406.70","410.80","403.15","408.90","9,700,643"
"07-Nov-2024","410.90","410.90","402.00","403.80","7,589,295"
"08-Nov-2024","403.15","404.20","395.55","397.65","7,536,509"
"11-Nov-2024","398.15","400.90","391.80","392.55","12,243,693"
"12-Nov-2024","393.15","394.80","379.05","380.30","10,549,517"
"13-Nov-2024","384.00","387.60","379.35","381.35","20,602,407"
"14-Nov-2024","380.05","385.20","371.35","372.50","15,086,601"
"18-Nov-2024","380.00","380.00","362.65","366.70","16,383,636"
"19-Nov-2024","368.00","378.50","365.05","366.70","17,055,094"
"21-Nov-2024","363.70","364.35","354.80","356.15","21,276,150"
"22-Nov-2024","357.05","367.10","355.70","365.45","15,949,254"
"25-Nov-2024","374.00","377.20","367.50","368.40","18,388,844"
"26-Nov-2024","370.00","370.40","360.25","361.65","11,222,231"
"27-Nov-2024","363.80","371.60","361.35","369.30","14,225,274"
"28-Nov-2024","369.70","371.85","359.60","362.05","16,837,860"
"29-Nov-2024","363.25","365.40","360.20","363.65","14,280,017"
"02-Dec-2024","363.65","363.90","357.00","358.20","12,510,350"
"03-Dec-2024","359.00","370.00","358.20","367.45","14,205,760"
"04-Dec-2024","368.95","375.15","368.00","372.75","22,035,954"
"05-Dec-2024","372.75","373.95","364.40","369.15","18,758,283"
"06-Dec-2024","369.45","371.20","368.05","369.50","9,736,086"
"09-Dec-2024","370.90","373.30","367.75","369.85","10,878,679"
"10-Dec-2024","369.00","371.20","366.40","369.15","7,913,822"
"11-Dec-2024","369.25","370.75","364.70","365.50","9,998,662"
"12-Dec-2024","366.00","367.00","353.00","355.60","22,538,216"
"13-Dec-2024","355.75","358.30","348.05","357.15","14,269,143"
"16-Dec-2024","357.15","358.90","351.70","352.90","12,168,143"
"17-Dec-2024","352.00","353.85","347.25","349.05","15,646,176"
"18-Dec-2024","349.55","351.00","340.00","341.75","14,672,392"
"19-Dec-2024","337.00","340.60","335.05","337.40","14,513,129"
"20-Dec-2024","337.80","343.90","331.00","333.25","20,375,797"
"23-Dec-2024","335.90","338.25","330.50","333.65","8,884,187"
"24-Dec-2024","335.10","336.85","331.75","335.30","7,755,462"
"26-Dec-2024","335.30","337.40","332.25","334.65","9,030,212"
"27-Dec-2024","336.65","340.00","334.20","335.00","9,090,597"
"30-Dec-2024","335.00","336.80","327.40","331.40","36,657,549"
"31-Dec-2024","330.10","334.60","326.20","333.35","8,580,998"
"01-Jan-2025","333.00","334.65","328.80","333.65","7,843,971"
"02-Jan-2025","333.65","338.60","330.00","338.00","16,543,382"
"03-Jan-2025","338.05","344.50","337.05","339.85","8,689,629"
"06-Jan-2025","341.70","341.70","326.45","327.50","10,538,077"
"07-Jan-2025","327.00","330.35","325.10","328.60","13,891,401"
"08-Jan-2025","330.50","330.50","321.85","325.40","8,993,608"
"09-Jan-2025","324.05","325.95","319.80","320.35","12,403,467"
"10-Jan-2025","320.35","321.00","307.60","308.25","15,941,143"
"13-Jan-2025","301.10","309.95","296.85","298.20","29,630,336"
"14-Jan-2025","300.45","312.70","300.20","310.40","22,732,888"
"15-Jan-2025","312.55","324.30","312.55","321.35","21,894,626"
"16-Jan-2025","324.70","327.30","321.65","325.50","14,865,186"
"17-Jan-2025","325.30","329.00","323.35","326.15","7,129,232"
"20-Jan-2025","326.20","337.00","324.55","336.05","17,991,880"
"21-Jan-2025","337.80","338.25","323.80","324.30","12,774,630"
"22-Jan-2025","327.00","327.00","317.35","322.40","11,068,145"
"23-Jan-2025","321.00","325.10","319.55","323.65","6,477,347"
"24-Jan-2025","324.80","329.90","322.10","323.65","7,492,600"
"27-Jan-2025","323.65","325.05","315.00","322.20","13,803,855"
"28-Jan-2025","322.50","323.85","308.15","318.25","22,008,929"
"29-Jan-2025","320.00","322.90","313.30","321.25","16,056,888"
"30-Jan-2025","322.25","326.80","321.15","323.00","10,375,720"
"31-Jan-2025","322.45","326.25","317.55","324.00","13,195,557"
"01-Feb-2025","326.05","330.80","316.75","317.70","10,097,627"
"03-Feb-2025","310.10","314.05","304.00","311.25","15,881,217"
"04-Feb-2025","314.85","320.45","310.30","319.10","12,141,064"
"05-Feb-2025","321.00","323.05","318.40","319.60","12,226,722"
"06-Feb-2025","322.60","322.70","311.40","312.80","13,384,442"
"07-Feb-2025","313.50","319.25","312.10","316.95","8,937,447"
"10-Feb-2025","316.50","316.85","309.00","310.50","6,806,132"
"11-Feb-2025","312.35","312.35","304.15","305.60","13,241,830"
"12-Feb-2025","306.20","307.50","300.00","306.25","7,616,083"
"13-Feb-2025","306.15","308.60","303.10","306.70","9,086,906"
"14-Feb-2025","306.85","308.25","298.35","300.35","7,446,248"
"17-Feb-2025","297.50","303.20","292.80","302.35","6,464,173"
"18-Feb-2025","301.15","312.40","297.50","311.20","15,793,327"
"19-Feb-2025","311.20","316.35","310.60","314.80","13,079,903"
"20-Feb-2025","312.55","327.15","311.50","325.15","22,888,146"
"21-Feb-2025","323.30","329.75","321.55","326.25","10,809,296"
"24-Feb-2025","322.10","325.40","319.45","320.10","6,034,113"
"25-Feb-2025","320.10","321.50","315.75","318.70","10,686,112"
"27-Feb-2025","315.35","319.30","314.50","315.70","7,302,366"
"28-Feb-2025","314.00","315.65","306.55","311.45","21,127,180"
"03-Mar-2025","311.30","317.80","307.70","314.40","9,779,703"
"04-Mar-2025","311.30","314.90","308.00","313.75","8,734,999"
"05-Mar-2025","313.55","327.30","313.50","326.20","10,493,615"
"06-Mar-2025","329.00","338.80","323.20","337.90","26,294,903"
"07-Mar-2025","335.85","338.75","328.70","329.55","8,992,315"
"10-Mar-2025","329.45","334.95","326.30","329.40","11,383,132"
"11-Mar-2025","327.00","333.25","323.70","330.30","10,299,324"
"12-Mar-2025","331.00","334.80","326.40","330.15","6,984,859"
"13-Mar-2025","332.00","334.55","328.45","331.90","8,965,150"
"17-Mar-2025","332.95","334.50","330.50","331.65","4,353,562"
"18-Mar-2025","333.30","337.90","331.35","337.35","8,580,255"
"19-Mar-2025","339.00","343.90","336.35","341.30","30,582,397"
"20-Mar-2025","344.70","344.70","340.30","341.75","15,002,119"
"21-Mar-2025","342.00","353.85","341.75","351.30","36,406,837"
"24-Mar-2025","357.00","368.00","353.65","366.95","24,588,471"
"25-Mar-2025","369.00","371.45","364.15","366.95","23,189,083"
"26-Mar-2025","366.95","369.00","353.30","354.65","18,668,095"
"27-Mar-2025","353.90","364.45","351.00","360.65","37,930,538"
"28-Mar-2025","362.00","364.30","356.45","357.60","11,327,077"
"01-Apr-2025","352.35","362.90","350.85","352.15","18,736,320"
"02-Apr-2025","352.15","353.45","347.05","351.75","13,593,404"
"03-Apr-2025","351.75","361.35","351.75","358.90","10,317,410"
"04-Apr-2025","358.85","358.85","348.55","350.40","10,872,963"
"07-Apr-2025","328.00","351.40","324.00","349.80","18,025,165"
"08-Apr-2025","356.85","358.25","350.00","352.95","17,506,712"
"09-Apr-2025","354.00","354.80","348.20","349.35","7,462,119"
"11-Apr-2025","351.00","361.50","351.00","360.10","11,246,077"
"15-Apr-2025","367.00","368.45","361.55","362.50","17,497,327"
"16-Apr-2025","362.50","363.00","357.90","359.30","11,541,484"
"17-Apr-2025","359.25","365.45","357.25","364.00","12,288,196"
"21-Apr-2025","365.80","368.20","361.80","364.55","7,375,594"
"22-Apr-2025","367.05","367.05","359.70","360.25","12,077,119"
"23-Apr-2025","362.95","364.25","357.90","363.80","9,719,205"
"24-Apr-2025","363.75","366.45","361.60","363.20","7,491,123"
"25-Apr-2025","363.20","365.80","351.10","356.45","9,785,640"
"28-Apr-2025","353.70","362.90","353.70","361.50","5,315,840"
"29-Apr-2025","364.00","364.35","354.10","356.95","9,472,828"
"30-Apr-2025","357.00","361.00","352.00","354.55","16,739,088"
"02-May-2025","354.55","358.00","347.60","348.45","11,165,220"
"05-May-2025","351.00","352.00","345.55","348.60","9,492,646"
"06-May-2025","349.00","349.50","340.00","341.80","8,904,223"
"07-May-2025","338.00","343.70","337.00","342.05","8,465,490"
"08-May-2025","341.05","343.10","338.40","340.00","14,286,109"
"09-May-2025","334.20","338.75","330.60","334.75","11,322,011"
"12-May-2025","340.40","349.20","338.10","348.55","7,978,210"
"13-May-2025","348.60","349.80","340.50","341.50","14,738,980"
"14-May-2025","342.45","343.85","337.75","338.55","22,485,535"
"15-May-2025","339.50","343.75","332.65","341.95","43,307,763"
"16-May-2025","343.00","347.60","342.00","343.10","6,920,351"
"19-May-2025","343.10","347.70","342.40","345.15","6,218,209"
"20-May-2025","346.90","349.70","341.55","342.60","9,986,143"
"21-May-2025","342.55","347.40","339.85","346.15","5,930,972"
"22-May-2025","346.15","347.00","338.25","341.40","8,717,514"
"23-May-2025","342.00","344.95","340.15","344.60","4,045,937"
"26-May-2025","351.00","351.20","342.55","343.50","16,655,082"
"27-May-2025","344.00","344.50","336.80","338.55","24,937,330"
"28-May-2025","338.60","340.70","337.10","340.05","10,985,957"
"29-May-2025","341.00","342.25","338.05","339.35","15,884,093"
"30-May-2025","337.50","340.75","332.85","333.90","19,143,010"
"02-Jun-2025","333.90","334.80","330.30","332.55","29,479,727"
"03-Jun-2025","333.00","334.75","327.00","328.25","14,081,719"
"04-Jun-2025","329.00","329.95","324.85","329.25","15,654,279"
"05-Jun-2025","329.20","331.60","327.60","328.65","16,270,360"
"06-Jun-2025","329.65","333.50","329.05","332.85","11,402,511"
"09-Jun-2025","333.90","337.55","332.75","337.10","19,416,373"
"10-Jun-2025","338.80","340.90","336.80","339.20","12,061,248"
"11-Jun-2025","341.00","342.60","337.45","338.10","10,807,496"
"12-Jun-2025","338.15","341.65","332.65","333.70","11,881,618"
"13-Jun-2025","326.80","332.90","326.60","331.95","11,711,773"
"16-Jun-2025","332.00","334.65","330.60","333.70","8,065,112"
"17-Jun-2025","334.00","336.90","333.10","335.20","6,796,992"
"18-Jun-2025","335.20","335.90","330.75","332.40","17,835,507"
"19-Jun-2025","332.40","333.15","328.55","330.05","11,610,604"
"20-Jun-2025","330.00","336.00","329.70","335.20","16,592,862"
"23-Jun-2025","333.70","335.70","330.35","332.60","8,277,787"
"24-Jun-2025","331.00","331.70","321.35","329.95","100,814,893"
"25-Jun-2025","331.50","333.70","329.40","330.85","17,963,666"
"26-Jun-2025","332.40","337.80","331.30","337.15","13,754,087"
"27-Jun-2025","338.95","341.30","334.45","338.30","50,845,169"
"30-Jun-2025","335.75","337.25","333.65","334.90","11,858,890"
"01-Jul-2025","335.25","335.25","332.15","332.60","8,903,292"
"02-Jul-2025","332.65","335.65","331.30","333.75","11,326,880"
"03-Jul-2025","334.60","336.35","331.00","334.60","15,786,429"
"04-Jul-2025","335.70","336.00","332.25","335.50","5,899,185"
"07-Jul-2025","335.50","339.00","333.75","337.45","9,454,556"
"08-Jul-2025","338.20","343.90","337.00","343.20","12,092,302"
"09-Jul-2025","343.25","345.60","342.80","344.00","9,079,872"
"10-Jul-2025","344.00","345.00","341.20","341.45","6,426,072"
"11-Jul-2025","340.50","344.00","339.50","342.70","17,234,194"
"14-Jul-2025","343.05","345.00","339.95","342.10","11,516,965"
"15-Jul-2025","343.15","344.10","340.95","342.00","8,450,777"
"16-Jul-2025","342.00","343.80","340.80","342.45","6,001,484"
"17-Jul-2025","344.20","344.50","342.00","342.65","7,562,006"
"18-Jul-2025","343.00","343.90","340.65","342.10","6,370,338"
"21-Jul-2025","342.10","342.80","339.30","341.55","4,463,318"
"22-Jul-2025","341.55","342.60","340.05","340.85","4,728,372"
"23-Jul-2025","341.80","344.00","340.95","343.05","5,058,422"
"24-Jul-2025","343.60","343.60","336.50","338.90","9,098,453"
"25-Jul-2025","338.90","339.90","332.55","333.20","7,790,739"
"28-Jul-2025","333.45","336.60","330.35","332.95","4,605,823"
"29-Jul-2025","332.00","335.50","328.50","334.60","7,551,356"
"30-Jul-2025","335.00","342.30","332.50","338.80","12,537,358"
"31-Jul-2025","336.05","340.10","333.00","334.25","8,935,384"
"01-Aug-2025","333.00","334.75","330.20","330.90","7,107,542"
"04-Aug-2025","330.90","333.30","327.20","332.00","8,193,399"
"05-Aug-2025","332.45","334.35","331.30","333.60","9,855,535"
"06-Aug-2025","333.60","335.40","331.60","332.10","13,872,826"
"07-Aug-2025","332.10","332.45","328.65","329.75","8,731,389"
"08-Aug-2025","330.00","337.50","329.65","334.75","11,247,218"
"11-Aug-2025","335.00","339.10","333.95","336.15","11,993,280"
"12-Aug-2025","336.25","341.85","335.75","340.10","7,221,182"
"13-Aug-2025","340.30","343.00","339.15","339.95","5,417,151"
"14-Aug-2025","339.95","340.45","336.30","339.35","5,689,423"
"18-Aug-2025","341.45","341.80","335.45","336.05","6,511,340"
"19-Aug-2025","338.90","340.65","334.15","335.05","10,316,115"
"20-Aug-2025","337.80","343.40","336.50","342.00","10,824,544"
"21-Aug-2025","342.35","344.35","336.90","338.80","11,135,121"
"22-Aug-2025","338.50","338.90","335.50","337.00","8,534,844"
"25-Aug-2025","337.05","341.40","337.05","337.85","7,142,387"
"26-Aug-2025","336.15","337.40","331.75","333.20","13,113,388"
"28-Aug-2025","331.25","332.90","328.70","330.80","10,486,948"
"29-Aug-2025","331.00","331.50","327.00","327.55","11,813,425"
"01-Sep-2025","328.00","331.60","328.00","330.70","6,897,558"
"02-Sep-2025","331.10","338.25","331.10","336.30","9,224,639"
"03-Sep-2025","336.50","338.00","333.50","334.25","10,778,333"
"04-Sep-2025","333.50","334.90","329.30","330.05","7,934,237"
"05-Sep-2025","330.05","331.80","325.95","328.70","5,678,244"
"08-Sep-2025","328.75","330.95","326.35","326.70","5,239,184"
"09-Sep-2025","327.60","328.15","323.65","324.10","9,735,495"
"10-Sep-2025","325.50","328.05","325.15","325.65","6,509,477"
"11-Sep-2025","326.45","333.50","326.00","331.05","10,309,925"
"12-Sep-2025","332.00","333.50","328.40","331.70","5,257,048"
"15-Sep-2025","331.00","333.80","330.65","331.10","6,566,824"
"16-Sep-2025","331.20","335.80","331.20","335.05","8,784,889"
"17-Sep-2025","335.50","337.45","334.55","336.40","7,936,518"
"18-Sep-2025","337.00","337.60","334.10","336.95","6,497,322"
"19-Sep-2025","336.95","339.50","336.45","338.65","10,646,331"
"22-Sep-2025","339.15","340.35","336.85","339.20","6,966,213"
"23-Sep-2025","339.45","344.10","338.10","343.00","10,738,268"
"24-Sep-2025","343.30","350.40","342.25","347.60","14,653,575"
"25-Sep-2025","349.30","350.80","340.00","340.50","13,228,081"
"26-Sep-2025","340.50","340.75","336.45","337.90","6,337,702"
"29-Sep-2025","339.10","343.75","338.00","340.95","16,922,231"
"30-Sep-2025","341.10","343.05","339.15","340.45","8,308,029"
"01-Oct-2025","340.30","343.05","338.05","340.25","6,022,078"
"03-Oct-2025","340.25","343.50","338.75","342.00","8,506,827"
"06-Oct-2025","340.60","341.80","335.65","339.10","8,436,245"
"07-Oct-2025","339.10","341.40","336.85","338.00","16,130,172"
"08-Oct-2025","339.25","339.25","332.30","333.80","13,223,442"
"09-Oct-2025","333.80","336.40","331.20","335.85","6,824,759"
"10-Oct-2025","336.00","341.95","335.95","339.70","8,970,962"
"13-Oct-2025","337.95","342.10","336.20","341.70","6,663,149"
"14-Oct-2025","342.00","343.00","335.20","336.65","7,545,848"
"15-Oct-2025","336.95","341.75","336.75","339.25","8,121,744"
"16-Oct-2025","340.20","342.60","339.65","341.50","6,788,416"
"17-Oct-2025","341.50","344.20","340.15","341.00","7,032,129"
"20-Oct-2025","341.40","344.45","340.30","341.95","6,896,835"
"21-Oct-2025","342.95","343.50","341.05","342.00","346,988"
"23-Oct-2025","343.80","345.20","341.05","342.65","8,710,859"
"24-Oct-2025","342.45","343.25","338.15","339.60","7,584,711"
"27-Oct-2025","340.70","342.90","340.45","341.75","6,752,390"
"28-Oct-2025","342.40","342.90","337.30","339.15","13,186,584"
"29-Oct-2025","339.25","350.00","339.15","347.50","15,423,201"
"30-Oct-2025","349.00","349.00","343.45","345.15","6,721,032"
"31-Oct-2025","345.00","345.00","335.60","336.95","18,651,312"
"03-Nov-2025","336.85","337.50","333.40","335.20","10,242,245"
"04-Nov-2025","335.40","336.00","329.70","330.60","11,887,651"
"06-Nov-2025","332.05","332.95","324.60","326.65","11,587,302"
"07-Nov-2025","324.40","327.10","320.85","326.10","8,578,167"
"10-Nov-2025","326.10","328.25","324.00","325.45","5,246,998"
"11-Nov-2025","325.95","327.45","322.85","326.65","6,103,758"
"12-Nov-2025","327.50","328.25","325.55","327.15","6,850,550"
"13-Nov-2025","327.15","329.95","325.55","326.95","7,276,001"
"14-Nov-2025","327.00","329.90","326.20","328.45","9,169,855"
"17-Nov-2025","329.00","331.45","328.55","330.20","6,283,156"
"18-Nov-2025","329.05","329.75","327.15","328.45","6,776,200"
"19-Nov-2025","328.95","328.95","325.05","326.60","6,935,056"
"20-Nov-2025","328.00","330.00","326.20","326.60","5,155,775"
"21-Nov-2025","326.85","328.40","325.00","326.65","6,142,545"
"24-Nov-2025","326.70","327.10","322.05","323.45","13,719,726"
"25-Nov-2025","323.45","325.60","322.50","323.70","8,074,651"
"26-Nov-2025","324.30","327.80","324.00","326.10","7,101,095"
"27-Nov-2025","327.15","328.75","325.00","327.35","6,755,179"
"28-Nov-2025","328.00","328.15","324.25","326.45","8,930,988"
"01-Dec-2025","327.10","328.25","325.45","327.10","6,936,186"
"02-Dec-2025","327.45","329.95","326.75","328.60","5,806,943"
"03-Dec-2025","329.00","329.00","321.30","322.95","8,546,132"
"04-Dec-2025","322.90","324.30","321.10","322.95","5,965,357"
"05-Dec-2025","322.25","324.15","320.95","323.30","6,574,010"
"08-Dec-2025","323.20","323.20","317.85","319.50","7,906,928"
"09-Dec-2025","317.45","321.40","315.55","319.85","7,152,584"
"10-Dec-2025","319.85","323.70","319.50","321.60","5,484,712"
"11-Dec-2025","321.65","323.45","319.15","322.60","6,317,942"
"12-Dec-2025","322.90","325.95","322.90","325.05","4,261,023"
"15-Dec-2025","323.05","325.30","321.55","323.95","10,219,819"
"16-Dec-2025","322.05","323.80","319.05","321.00","5,241,263"
"17-Dec-2025","320.00","322.40","319.55","321.25","5,043,027"
"18-Dec-2025","322.00","322.15","317.00","318.50","5,554,193"
"19-Dec-2025","318.95","320.60","317.50","319.90","10,833,662"
"22-Dec-2025","319.95","323.65","319.50","320.70","8,925,871"
"23-Dec-2025","321.05","324.75","320.25","323.25","6,024,641"
"24-Dec-2025","323.90","326.65","322.25","322.55","5,678,004"
"26-Dec-2025","322.55","325.75","322.30","324.10","4,174,183"
"29-Dec-2025","324.10","325.80","323.05","325.50","14,043,845"
"30-Dec-2025","325.00","325.55","323.35","324.90","8,035,909"
"31-Dec-2025","324.75","330.65","324.70","329.55","8,497,983"
"26-Feb-2026","385.00","385.85","378.40","382.60","1,885,479"
"27-Feb-2026","381.00","385.20","380.15","382.00","1,572,137"
