"Date","Open","High","Low","Close","Volume"
"01-Jan-2019","197.45","200.50","196.10","200.00","2,228,415"
"02-Jan-2019","199.10","200.00","194.00","195.25","4,430,566"
"03-Jan-2019","194.90","195.00","192.00","193.05","4,467,862"
"04-Jan-2019","193.30","196.75","191.40","195.90","2,259,867"
"07-Jan-2019","196.10","198.90","195.85","198.45","2,020,789"
"08-Jan-2019","197.90","198.50","195.80","197.35","2,244,865"
"09-Jan-2019","197.35","198.75","195.60","197.60","2,299,236"
"10-Jan-2019","197.45","197.45","194.90","195.65","2,019,221"
"11-Jan-2019","194.90","195.90","193.25","194.35","1,685,132"
"14-Jan-2019","194.05","194.35","191.00","192.50","3,020,885"
"15-Jan-2019","199.00","199.00","190.40","192.45","6,468,115"
"16-Jan-2019","192.50","194.15","191.60","192.00","4,789,937"
"17-Jan-2019","192.00","194.55","192.00","193.90","2,995,612"
"18-Jan-2019","194.00","196.70","192.50","193.60","2,456,405"
"21-Jan-2019","193.95","194.70","190.65","191.25","2,287,769"
"22-Jan-2019","191.00","191.25","188.50","189.70","2,012,319"
"23-Jan-2019","189.55","191.50","185.70","186.30","3,472,589"
"24-Jan-2019","186.70","189.10","185.55","186.75","3,463,363"
"25-Jan-2019","187.60","189.10","185.25","185.85","2,175,999"
"28-Jan-2019","186.00","188.60","182.00","187.80","4,185,481"
"29-Jan-2019","186.80","187.80","183.65","185.60","9,826,512"
"30-Jan-2019","185.10","187.90","183.40","187.10","7,150,221"
"31-Jan-2019","188.50","191.50","186.80","188.60","14,498,055"
"01-Feb-2019","190.95","191.85","185.90","190.20","5,329,604"
"04-Feb-2019","189.50","189.50","183.75","184.60","2,069,251"
"05-Feb-2019","184.10","186.95","183.50","186.10","3,093,963"
"06-Feb-2019","186.25","188.75","184.75","186.80","2,431,491"
"07-Feb-2019","186.95","187.70","184.00","184.60","2,423,984"
"08-Feb-2019","184.60","187.95","180.50","181.00","4,326,833"
"11-Feb-2019","179.60","183.20","177.85","182.35","4,451,317"
"12-Feb-2019","183.00","186.40","180.45","181.25","6,710,853"
"13-Feb-2019","181.60","184.70","173.75","176.55","8,525,054"
"14-Feb-2019","177.50","178.85","172.50","174.95","20,791,350"
"15-Feb-2019","178.40","182.20","177.60","181.50","9,003,158"
"18-Feb-2019","181.45","183.50","179.55","180.75","4,485,330"
"19-Feb-2019","180.25","183.00","178.90","179.45","6,088,733"
"20-Feb-2019","180.75","182.60","178.60","181.80","5,432,730"
"21-Feb-2019","182.70","183.00","180.85","181.80","5,173,777"
"22-Feb-2019","181.70","182.60","180.50","181.90","6,852,451"
"25-Feb-2019","181.00","182.50","178.50","181.95","16,822,873"
"26-Feb-2019","179.50","182.70","178.85","181.20","7,697,140"
"27-Feb-2019","181.30","184.30","179.85","181.45","7,631,155"
"28-Feb-2019","182.90","184.75","180.60","182.85","39,298,476"
"01-Mar-2019","183.10","183.75","182.10","183.20","4,065,623"
"05-Mar-2019","184.00","185.45","182.60","183.00","8,850,207"
"06-Mar-2019","183.10","186.40","181.70","184.50","11,439,434"
"07-Mar-2019","187.00","189.50","184.60","187.15","6,916,242"
"08-Mar-2019","188.00","188.45","185.25","187.00","3,493,857"
"11-Mar-2019","188.50","196.00","187.75","194.30","9,944,379"
"12-Mar-2019","194.65","202.00","194.65","196.35","14,882,155"
"13-Mar-2019","198.10","198.25","193.10","194.75","3,898,251"
"14-Mar-2019","188.95","189.75","187.25","187.60","4,762,557"
"15-Mar-2019","187.10","194.20","187.10","193.25","8,044,829"
"18-Mar-2019","194.15","197.80","193.25","197.05","8,014,129"
"19-Mar-2019","196.20","200.20","195.30","199.00","9,560,251"
"20-Mar-2019","199.25","199.85","196.50","197.40","5,096,583"
"22-Mar-2019","197.90","200.85","197.15","198.50","4,940,345"
"25-Mar-2019","197.20","203.50","195.10","202.00","8,159,917"
"26-Mar-2019","202.15","203.90","199.40","202.85","4,708,995"
"27-Mar-2019","203.00","204.70","198.50","200.20","6,513,687"
"28-Mar-2019","200.00","200.00","196.45","198.25","9,582,112"
"29-Mar-2019","198.00","200.60","196.75","197.90","6,938,849"
"01-Apr-2019","198.20","199.70","195.10","195.55","5,972,451"
"02-Apr-2019","196.00","200.80","196.00","199.80","10,094,645"
"03-Apr-2019","200.40","202.55","200.15","200.95","8,480,624"
"04-Apr-2019","201.45","203.25","198.50","199.35","5,698,269"
"05-Apr-2019","200.70","200.70","196.05","196.30","5,559,738"
"08-Apr-2019","198.00","200.30","195.55","198.35","7,600,301"
"09-Apr-2019","198.95","199.35","197.05","198.35","5,993,930"
"10-Apr-2019","197.75","199.65","197.75","198.65","4,858,426"
"11-Apr-2019","199.15","199.40","195.65","195.95","7,713,731"
"12-Apr-2019","196.65","197.65","195.05","197.05","6,189,814"
"15-Apr-2019","197.80","200.85","197.10","198.05","5,042,992"
"16-Apr-2019","199.00","199.85","196.50","196.85","2,766,620"
"18-Apr-2019","197.35","197.85","193.50","194.30","6,521,210"
"22-Apr-2019","194.20","196.70","193.40","194.80","4,371,779"
"23-Apr-2019","193.80","194.55","192.05","193.00","3,760,884"
"24-Apr-2019","193.10","194.65","190.05","191.95","4,099,586"
"25-Apr-2019","192.20","195.80","190.70","191.55","9,899,598"
"26-Apr-2019","191.00","194.40","190.35","190.80","4,873,828"
"30-Apr-2019","191.70","192.50","185.40","186.40","8,038,675"
"02-May-2019","187.05","190.80","186.45","190.20","5,004,873"
"03-May-2019","190.90","192.95","190.20","190.85","6,065,348"
"06-May-2019","190.00","192.85","188.85","190.45","3,081,345"
"07-May-2019","190.50","193.80","190.50","191.55","5,315,789"
"08-May-2019","191.95","193.75","188.90","190.00","5,726,663"
"09-May-2019","189.90","190.05","186.35","187.90","4,455,684"
"10-May-2019","188.40","188.45","185.05","185.55","3,340,512"
"13-May-2019","185.45","186.05","182.05","182.65","3,096,246"
"14-May-2019","181.90","184.20","181.05","181.65","6,375,930"
"15-May-2019","183.15","184.60","177.45","178.50","4,284,152"
"16-May-2019","179.35","182.70","178.85","181.85","4,871,754"
"17-May-2019","181.70","183.60","180.35","182.15","5,728,070"
"20-May-2019","186.10","188.90","184.05","188.05","3,536,506"
"21-May-2019","188.25","188.60","183.75","183.95","4,358,386"
"22-May-2019","183.90","185.30","181.80","182.10","3,922,111"
"23-May-2019","186.00","188.10","183.10","184.65","7,855,946"
"24-May-2019","185.65","186.55","184.25","185.65","4,072,937"
"27-May-2019","186.45","189.60","185.65","187.35","3,613,600"
"28-May-2019","188.25","191.30","187.80","190.20","6,331,452"
"29-May-2019","191.40","193.00","189.35","190.15","4,674,507"
"30-May-2019","193.40","193.90","188.15","191.20","19,681,660"
"31-May-2019","191.50","192.40","188.40","189.30","6,665,541"
"03-Jun-2019","190.25","193.50","190.00","193.05","6,810,170"
"04-Jun-2019","192.55","196.00","191.95","192.95","6,439,005"
"06-Jun-2019","195.00","198.15","194.15","195.45","14,699,788"
"07-Jun-2019","195.45","196.05","191.15","191.75","4,940,826"
"10-Jun-2019","192.95","195.95","192.40","194.30","6,317,937"
"11-Jun-2019","195.30","195.70","192.90","193.65","3,706,486"
"12-Jun-2019","193.00","193.60","190.30","191.15","4,224,235"
"13-Jun-2019","191.20","194.45","189.65","193.85","6,210,929"
"14-Jun-2019","194.00","196.95","193.35","194.60","19,675,955"
"17-Jun-2019","196.40","196.45","193.60","194.05","6,109,176"
"18-Jun-2019","194.70","198.85","194.15","197.80","10,021,234"
"19-Jun-2019","198.10","201.50","198.00","200.30","18,406,350"
"20-Jun-2019","200.65","202.75","199.30","200.95","6,445,947"
"21-Jun-2019","201.20","202.05","198.55","199.90","9,338,314"
"24-Jun-2019","200.00","200.75","197.55","199.05","5,559,408"
"25-Jun-2019","199.00","202.30","199.00","201.60","5,836,106"
"26-Jun-2019","201.45","210.95","201.05","209.65","17,540,344"
"27-Jun-2019","209.10","209.90","206.25","207.70","7,729,631"
"28-Jun-2019","207.15","209.60","204.65","206.90","6,788,150"
"01-Jul-2019","207.25","210.00","205.65","207.05","6,306,647"
"02-Jul-2019","207.40","209.20","206.35","207.35","6,864,596"
"03-Jul-2019","208.20","209.65","206.70","208.95","7,702,871"
"04-Jul-2019","209.00","210.80","207.70","210.20","6,932,278"
"05-Jul-2019","210.05","212.00","204.20","205.85","7,045,834"
"08-Jul-2019","205.00","206.35","200.35","201.25","5,033,331"
"09-Jul-2019","201.95","205.20","199.60","204.75","3,867,555"
"10-Jul-2019","204.70","206.45","203.10","205.30","7,129,858"
"11-Jul-2019","206.40","209.15","206.10","208.60","4,392,151"
"12-Jul-2019","208.60","209.85","204.40","206.70","3,571,367"
"15-Jul-2019","205.65","206.75","202.90","204.95","3,744,078"
"16-Jul-2019","204.80","209.40","204.30","208.90","3,727,954"
"17-Jul-2019","208.80","210.55","206.45","208.00","3,593,737"
"18-Jul-2019","208.90","208.90","205.00","205.35","4,736,048"
"19-Jul-2019","205.80","207.65","202.80","205.70","6,113,900"
"22-Jul-2019","206.00","207.20","202.60","204.10","5,097,271"
"23-Jul-2019","204.70","211.00","204.20","210.45","7,901,332"
"24-Jul-2019","209.65","213.00","208.55","209.80","10,227,035"
"25-Jul-2019","210.00","214.40","209.85","213.15","15,798,251"
"26-Jul-2019","213.15","214.00","210.25","211.55","6,159,906"
"29-Jul-2019","212.35","212.50","206.55","207.90","3,346,287"
"30-Jul-2019","207.80","209.80","206.70","208.25","5,653,129"
"31-Jul-2019","207.50","213.95","206.95","210.80","14,754,319"
"01-Aug-2019","211.95","216.25","209.80","214.00","15,226,320"
"02-Aug-2019","212.95","213.95","208.35","210.55","11,735,881"
"05-Aug-2019","210.00","210.00","196.85","201.15","10,160,651"
"06-Aug-2019","200.60","202.55","196.25","198.10","6,663,703"
"07-Aug-2019","199.00","200.95","197.10","198.85","5,306,006"
"08-Aug-2019","198.05","208.65","197.05","202.70","3,709,823"
"09-Aug-2019","203.50","208.85","201.25","202.00","5,161,460"
"13-Aug-2019","200.45","205.40","196.75","202.00","4,251,427"
"14-Aug-2019","201.05","206.20","197.75","205.15","4,513,588"
"16-Aug-2019","204.10","214.25","202.30","211.15","6,690,715"
"19-Aug-2019","209.15","210.00","206.15","207.05","4,556,305"
"20-Aug-2019","207.00","210.90","205.65","206.05","4,900,309"
"21-Aug-2019","206.65","207.60","204.30","204.90","3,177,771"
"22-Aug-2019","204.50","205.55","200.80","202.75","2,845,805"
"23-Aug-2019","202.05","204.60","200.70","201.50","4,281,349"
"26-Aug-2019","202.35","203.50","199.15","202.90","4,413,917"
"27-Aug-2019","203.05","209.40","203.05","206.55","10,590,764"
"28-Aug-2019","207.95","211.25","204.35","205.75","8,863,308"
"29-Aug-2019","205.75","206.80","203.65","204.80","4,871,802"
"30-Aug-2019","205.35","207.20","194.00","200.50","8,792,427"
"03-Sep-2019","201.40","202.40","196.05","197.05","5,340,832"
"04-Sep-2019","197.45","199.00","195.30","196.90","4,818,246"
"05-Sep-2019","199.00","203.30","197.35","199.35","7,987,079"
"06-Sep-2019","200.35","204.35","200.05","203.50","7,752,900"
"09-Sep-2019","203.25","204.85","201.80","202.90","2,682,726"
"11-Sep-2019","203.00","203.90","199.80","201.40","4,344,370"
"12-Sep-2019","202.00","202.00","197.65","199.65","6,477,884"
"13-Sep-2019","199.50","203.00","199.05","202.65","4,063,241"
"16-Sep-2019","201.00","204.00","200.85","202.15","3,392,447"
"17-Sep-2019","202.40","202.70","199.35","200.45","3,275,983"
"18-Sep-2019","200.50","203.00","198.25","202.05","4,053,843"
"19-Sep-2019","202.75","202.75","199.10","201.15","3,547,547"
"20-Sep-2019","200.20","208.90","195.40","196.20","29,170,781"
"23-Sep-2019","197.00","198.25","186.40","188.30","13,829,833"
"24-Sep-2019","187.90","191.95","185.00","190.45","10,256,859"
"25-Sep-2019","193.50","203.40","193.10","198.75","27,137,978"
"26-Sep-2019","199.95","201.40","197.10","199.25","8,902,619"
"27-Sep-2019","197.80","199.75","196.05","198.10","5,644,381"
"30-Sep-2019","197.00","200.00","195.65","199.05","5,125,123"
"01-Oct-2019","199.50","202.65","196.00","196.50","4,294,378"
"03-Oct-2019","196.70","200.00","194.50","199.10","5,306,011"
"04-Oct-2019","199.05","199.80","195.60","196.55","10,936,177"
"07-Oct-2019","196.70","197.40","194.40","196.50","6,556,499"
"09-Oct-2019","197.50","198.90","195.40","197.70","4,783,649"
"10-Oct-2019","197.90","199.60","196.50","199.10","3,927,919"
"11-Oct-2019","199.05","204.25","198.90","201.00","5,916,128"
"14-Oct-2019","201.00","202.30","197.70","198.40","6,278,901"
"15-Oct-2019","198.40","202.00","198.30","201.25","2,819,926"
"16-Oct-2019","201.00","201.25","196.65","198.55","3,751,225"
"17-Oct-2019","198.75","199.75","196.50","197.70","4,443,652"
"18-Oct-2019","197.70","203.25","197.00","202.55","4,947,441"
"22-Oct-2019","201.00","207.55","201.00","205.05","6,004,825"
"23-Oct-2019","205.00","207.00","202.30","206.25","3,249,895"
"24-Oct-2019","206.40","207.25","203.60","204.10","3,053,353"
"25-Oct-2019","205.40","205.40","201.15","202.95","2,246,410"
"27-Oct-2019","204.00","204.30","201.00","202.35","218,485"
"29-Oct-2019","202.25","202.90","199.50","201.05","3,343,473"
"30-Oct-2019","203.85","203.85","199.30","199.95","3,610,721"
"31-Oct-2019","200.30","200.90","197.85","198.35","8,765,202"
"01-Nov-2019","198.45","198.85","196.75","197.30","4,952,073"
"04-Nov-2019","197.90","198.65","194.05","194.75","8,536,355"
"05-Nov-2019","194.75","196.50","193.90","195.40","4,586,524"
"06-Nov-2019","195.40","196.50","194.70","195.10","5,165,670"
"07-Nov-2019","196.00","196.85","193.65","194.20","8,717,658"
"08-Nov-2019","195.25","195.40","190.85","191.65","6,616,268"
"11-Nov-2019","191.65","193.10","190.35","191.75","5,675,095"
"13-Nov-2019","192.00","194.35","188.30","189.25","5,319,551"
"14-Nov-2019","190.00","190.15","186.90","188.00","10,901,461"
"15-Nov-2019","188.00","188.90","186.75","187.65","10,269,025"
"18-Nov-2019","187.70","191.00","186.65","190.65","6,618,623"
"19-Nov-2019","191.00","196.00","190.20","195.45","12,498,147"
"20-Nov-2019","195.95","197.15","194.00","196.10","5,398,646"
"21-Nov-2019","195.80","196.95","194.00","196.30","6,810,693"
"22-Nov-2019","196.00","201.20","196.00","198.75","9,112,398"
"25-Nov-2019","199.00","200.40","197.80","198.60","3,672,627"
"26-Nov-2019","199.05","199.40","193.90","194.40","12,146,653"
"27-Nov-2019","194.95","196.00","194.10","195.10","6,837,583"
"28-Nov-2019","196.20","197.75","194.20","196.15","3,782,357"
"29-Nov-2019","195.40","195.90","192.10","193.30","9,870,291"
"02-Dec-2019","195.00","195.00","190.40","191.40","11,225,852"
"03-Dec-2019","192.10","192.10","189.10","189.40","4,191,445"
"04-Dec-2019","189.45","190.00","187.70","188.40","5,800,026"
"05-Dec-2019","188.50","188.90","186.50","187.30","2,570,587"
"06-Dec-2019","187.45","188.15","185.85","186.60","3,030,791"
"09-Dec-2019","187.00","188.85","185.55","187.95","3,071,128"
"10-Dec-2019","187.95","187.95","182.20","182.75","5,941,734"
"11-Dec-2019","183.00","183.30","178.30","181.75","22,058,390"
"12-Dec-2019","182.75","188.35","181.05","184.75","35,714,953"
"13-Dec-2019","185.70","187.55","185.00","185.70","7,305,323"
"16-Dec-2019","186.20","187.90","185.45","186.95","4,769,674"
"17-Dec-2019","187.35","188.85","185.60","188.05","10,070,797"
"18-Dec-2019","187.05","189.00","186.15","187.20","5,680,887"
"19-Dec-2019","187.10","187.15","184.90","186.40","3,234,039"
"20-Dec-2019","185.65","187.45","185.10","186.10","5,451,180"
"23-Dec-2019","185.65","187.50","184.75","185.80","9,587,858"
"24-Dec-2019","186.45","187.40","185.50","187.15","2,108,755"
"26-Dec-2019","187.30","187.50","184.05","184.85","2,207,894"
"27-Dec-2019","185.50","189.50","185.50","189.05","4,006,659"
"30-Dec-2019","189.00","191.50","188.70","190.30","3,895,518"
"31-Dec-2019","189.50","192.25","189.25","190.25","6,698,096"
"01-Jan-2020","190.55","195.90","190.25","195.50","7,661,462"
"02-Jan-2020","195.55","196.70","194.35","195.10","3,191,453"
"03-Jan-2020","194.25","194.80","191.25","193.00","4,139,027"
"06-Jan-2020","192.00","193.95","188.00","193.10","4,137,352"
"07-Jan-2020","193.15","194.50","191.15","191.70","7,888,340"
"08-Jan-2020","190.30","190.95","188.85","190.55","5,316,615"
"09-Jan-2020","191.95","193.40","191.15","192.95","4,339,607"
"10-Jan-2020","193.70","193.70","191.00","192.15","2,316,735"
"13-Jan-2020","192.40","195.00","191.80","194.80","15,571,488"
"14-Jan-2020","194.80","196.35","194.25","195.25","3,371,803"
"15-Jan-2020","195.40","195.80","192.90","194.25","4,001,958"
"16-Jan-2020","194.10","197.70","194.10","196.45","4,810,695"
"17-Jan-2020","195.95","197.85","193.65","197.40","2,642,843"
"20-Jan-2020","204.40","211.00","203.25","204.65","27,752,535"
"21-Jan-2020","203.65","204.30","199.00","200.60","9,722,202"
"22-Jan-2020","200.50","202.35","193.05","200.05","31,942,726"
"23-Jan-2020","196.75","207.40","193.90","201.95","127,158,366"
"24-Jan-2020","196.45","198.15","194.25","196.95","9,085,322"
"27-Jan-2020","196.40","196.45","192.30","193.00","4,620,331"
"28-Jan-2020","193.00","193.00","189.10","190.45","5,160,700"
"29-Jan-2020","190.45","193.80","189.25","192.40","9,900,054"
"30-Jan-2020","192.40","195.25","191.40","194.40","14,842,148"
"31-Jan-2020","195.30","195.50","185.10","186.85","35,992,338"
"01-Feb-2020","186.80","186.80","176.95","182.40","23,158,633"
"03-Feb-2020","180.90","189.00","177.45","187.35","9,185,232"
"04-Feb-2020","188.35","195.30","188.00","194.35","7,991,654"
"05-Feb-2020","194.10","195.70","188.00","189.35","8,184,571"
"06-Feb-2020","189.95","193.75","188.65","192.90","5,161,300"
"07-Feb-2020","192.80","192.80","188.55","190.40","10,157,885"
"10-Feb-2020","190.70","191.10","184.75","186.60","17,140,398"
"11-Feb-2020","188.50","191.20","188.10","189.50","18,256,826"
"12-Feb-2020","190.05","191.90","188.55","189.35","9,217,663"
"13-Feb-2020","188.80","191.15","187.70","190.55","10,451,879"
"14-Feb-2020","190.50","191.40","183.40","184.10","13,404,733"
"17-Feb-2020","185.00","185.80","180.55","183.60","9,939,542"
"18-Feb-2020","182.60","186.35","180.85","185.00","17,369,937"
"19-Feb-2020","186.00","187.95","183.00","187.50","12,551,481"
"20-Feb-2020","187.50","190.70","185.90","189.25","14,573,061"
"24-Feb-2020","189.00","189.20","185.05","186.10","8,393,319"
"25-Feb-2020","186.10","187.70","185.35","186.15","10,016,681"
"26-Feb-2020","185.00","188.40","183.95","185.85","9,626,434"
"27-Feb-2020","185.10","187.70","181.30","186.45","16,015,530"
"28-Feb-2020","183.45","185.30","179.15","181.50","15,756,175"
"02-Mar-2020","183.75","187.20","181.75","183.50","10,991,263"
"03-Mar-2020","183.80","194.70","182.05","191.70","9,022,112"
"04-Mar-2020","190.70","198.00","188.55","197.05","9,528,328"
"05-Mar-2020","196.05","199.55","194.55","195.95","5,464,838"
"06-Mar-2020","190.50","192.60","188.15","190.60","8,084,242"
"09-Mar-2020","184.90","188.60","177.95","180.95","39,155,287"
"11-Mar-2020","179.50","183.90","177.25","181.40","23,965,094"
"12-Mar-2020","176.20","177.90","164.75","166.10","32,861,488"
"13-Mar-2020","162.80","172.60","149.50","167.90","25,097,373"
"16-Mar-2020","162.40","162.90","155.00","157.95","22,313,960"
"17-Mar-2020","156.55","170.35","155.75","162.00","19,946,876"
"18-Mar-2020","164.00","164.90","122.15","144.15","67,448,864"
"19-Mar-2020","145.40","151.90","140.10","147.15","24,772,387"
"20-Mar-2020","148.25","161.85","148.25","157.25","73,960,859"
"23-Mar-2020","141.55","155.85","141.55","153.00","22,311,917"
"24-Mar-2020","152.05","157.20","145.40","147.30","23,795,660"
"25-Mar-2020","148.50","156.95","148.35","150.25","13,111,701"
"26-Mar-2020","150.60","161.70","147.25","158.35","14,247,634"
"27-Mar-2020","158.60","166.25","156.65","160.00","16,247,113"
"30-Mar-2020","155.00","159.90","153.05","155.65","12,579,943"
"31-Mar-2020","158.40","161.80","156.40","159.10","13,971,678"
"01-Apr-2020","159.00","161.95","153.15","154.60","7,977,443"
"03-Apr-2020","154.55","160.45","151.75","156.20","11,850,094"
"07-Apr-2020","161.00","161.90","156.40","158.00","13,917,385"
"08-Apr-2020","157.90","162.70","155.25","158.35","12,083,217"
"09-Apr-2020","160.90","166.70","158.35","164.45","8,779,407"
"13-Apr-2020","164.00","164.90","157.25","159.95","8,381,970"
"15-Apr-2020","161.45","163.90","158.45","159.55","14,203,445"
"16-Apr-2020","158.20","166.70","157.50","163.40","17,522,308"
"17-Apr-2020","167.65","173.25","164.25","167.75","10,426,696"
"20-Apr-2020","169.20","169.20","162.15","165.50","13,599,590"
"21-Apr-2020","164.00","166.00","162.15","162.65","7,827,691"
"22-Apr-2020","160.00","162.75","156.60","162.20","11,082,647"
"23-Apr-2020","161.50","161.90","157.60","158.00","18,072,426"
"24-Apr-2020","157.00","160.10","155.75","159.15","18,638,042"
"27-Apr-2020","161.50","161.50","157.65","159.60","5,491,127"
"28-Apr-2020","160.05","160.40","156.80","157.20","14,700,793"
"29-Apr-2020","159.50","160.60","156.00","158.05","8,161,512"
"30-Apr-2020","159.60","163.45","157.20","162.05","10,520,617"
"04-May-2020","160.90","161.50","157.60","159.05","7,086,594"
"05-May-2020","161.45","165.85","160.20","163.65","10,296,872"
"06-May-2020","162.90","166.65","162.70","165.40","7,230,250"
"07-May-2020","163.65","165.00","161.00","161.75","4,815,768"
"08-May-2020","162.60","162.60","158.10","159.00","17,380,561"
"11-May-2020","159.30","162.40","158.35","158.80","5,317,551"
"12-May-2020","158.50","165.00","157.70","163.30","11,243,145"
"13-May-2020","171.45","171.90","162.05","166.65","15,286,401"
"14-May-2020","164.00","164.00","160.00","160.80","14,880,667"
"15-May-2020","159.20","161.75","158.25","159.80","11,256,556"
"18-May-2020","159.85","160.20","153.30","154.50","18,505,341"
"19-May-2020","155.00","159.30","154.00","158.05","6,905,554"
"20-May-2020","156.25","160.65","155.75","158.45","13,880,945"
"21-May-2020","157.55","159.85","157.00","158.90","9,661,559"
"22-May-2020","157.00","158.00","154.10","155.85","14,108,025"
"26-May-2020","156.15","158.70","155.50","157.35","10,413,408"
"27-May-2020","157.35","157.90","155.75","157.15","12,743,495"
"28-May-2020","158.35","158.35","156.05","157.25","14,510,845"
"29-May-2020","157.25","158.65","156.60","157.55","35,912,738"
"01-Jun-2020","158.55","161.05","157.70","158.85","25,489,416"
"02-Jun-2020","159.85","168.35","158.60","165.05","24,539,665"
"03-Jun-2020","165.50","167.50","163.85","164.55","7,769,285"
"04-Jun-2020","165.20","169.95","165.10","169.25","13,495,707"
"05-Jun-2020","167.00","174.30","164.55","171.45","12,854,049"
"08-Jun-2020","173.45","174.90","170.85","172.35","6,594,521"
"09-Jun-2020","174.00","174.05","170.00","170.55","4,732,083"
"10-Jun-2020","170.55","171.25","168.60","170.05","5,682,197"
"11-Jun-2020","168.05","178.30","167.85","171.00","12,438,594"
"12-Jun-2020","166.05","169.40","165.60","166.30","11,437,763"
"15-Jun-2020","165.20","166.00","162.60","163.25","7,781,253"
"16-Jun-2020","165.70","166.25","161.45","162.70","7,859,937"
"17-Jun-2020","160.85","161.80","158.35","159.50","15,958,954"
"18-Jun-2020","160.70","166.30","159.50","165.45","11,093,113"
"19-Jun-2020","165.85","172.30","165.05","171.40","12,137,348"
"22-Jun-2020","176.40","179.75","170.65","178.60","18,585,881"
"23-Jun-2020","181.50","189.00","179.05","187.45","19,292,785"
"24-Jun-2020","186.75","188.40","177.00","178.50","18,512,376"
"25-Jun-2020","178.40","183.30","174.35","179.35","23,012,314"
"26-Jun-2020","180.95","182.10","178.15","179.20","6,724,171"
"29-Jun-2020","178.00","180.30","177.15","178.25","4,245,301"
"30-Jun-2020","179.00","179.95","174.00","174.85","6,687,893"
"01-Jul-2020","175.00","175.40","171.90","173.45","8,555,691"
"02-Jul-2020","173.50","176.80","172.60","175.10","8,708,121"
"03-Jul-2020","176.00","179.40","175.10","177.60","12,780,027"
"06-Jul-2020","178.40","178.70","175.80","178.00","6,595,019"
"07-Jul-2020","178.50","178.50","171.70","173.10","11,731,617"
"08-Jul-2020","173.00","174.65","168.80","169.75","9,460,438"
"09-Jul-2020","170.50","172.50","169.50","171.55","9,061,924"
"10-Jul-2020","171.60","173.75","169.50","172.60","13,392,727"
"13-Jul-2020","172.60","174.20","168.20","169.10","6,077,163"
"14-Jul-2020","168.50","168.80","163.00","163.35","9,162,722"
"15-Jul-2020","165.05","166.30","163.10","163.55","8,472,074"
"16-Jul-2020","164.50","164.50","159.50","162.20","8,696,701"
"17-Jul-2020","161.65","163.85","161.65","163.30","7,712,972"
"20-Jul-2020","163.30","164.25","162.35","163.50","4,719,748"
"21-Jul-2020","164.10","174.45","164.10","173.65","18,966,139"
"22-Jul-2020","174.00","181.40","173.80","179.65","25,917,940"
"23-Jul-2020","178.00","182.55","177.45","181.75","10,540,325"
"24-Jul-2020","179.50","183.25","178.65","182.00","8,121,883"
"27-Jul-2020","181.30","181.55","178.75","180.90","6,715,553"
"28-Jul-2020","180.20","182.85","178.70","181.90","6,690,234"
"29-Jul-2020","181.30","184.50","180.50","181.75","7,501,498"
"30-Jul-2020","182.50","183.25","175.60","176.85","13,497,261"
"31-Jul-2020","176.60","179.35","176.20","178.30","8,074,445"
"03-Aug-2020","179.00","179.50","174.10","178.55","7,031,848"
"04-Aug-2020","177.85","179.05","175.60","178.25","5,416,560"
"05-Aug-2020","177.05","177.95","175.15","175.95","5,950,020"
"06-Aug-2020","176.65","177.75","175.40","175.90","4,817,284"
"07-Aug-2020","175.80","177.95","175.25","175.95","4,515,135"
"10-Aug-2020","176.85","178.80","176.25","177.25","4,368,462"
"11-Aug-2020","178.15","182.35","175.55","176.85","12,281,375"
"12-Aug-2020","176.20","179.45","173.20","178.05","10,932,584"
"13-Aug-2020","179.95","180.30","176.40","178.75","5,985,571"
"14-Aug-2020","180.65","180.65","174.10","175.40","9,636,131"
"17-Aug-2020","176.00","182.50","175.60","178.65","9,769,553"
"18-Aug-2020","179.85","179.90","176.55","177.75","7,813,326"
"19-Aug-2020","178.50","179.40","177.05","177.35","6,975,364"
"20-Aug-2020","177.20","188.10","176.45","181.20","24,785,430"
"21-Aug-2020","183.00","190.50","182.60","189.10","28,097,368"
"24-Aug-2020","189.65","190.65","184.40","185.25","11,095,371"
"25-Aug-2020","186.50","186.80","183.00","184.75","5,686,827"
"26-Aug-2020","187.00","189.65","184.10","185.35","10,125,354"
"27-Aug-2020","186.90","187.65","184.70","185.20","5,829,571"
"28-Aug-2020","186.50","186.75","181.80","182.30","6,815,971"
"31-Aug-2020","183.50","185.35","178.00","178.95","13,646,095"
"01-Sep-2020","179.05","182.30","178.60","180.40","9,284,259"
"02-Sep-2020","177.95","183.10","175.25","181.20","17,414,804"
"03-Sep-2020","180.40","181.45","177.65","178.50","6,685,042"
"04-Sep-2020","177.20","178.00","173.70","175.05","9,772,835"
"07-Sep-2020","175.05","176.95","173.05","176.15","7,351,345"
"08-Sep-2020","175.85","176.00","173.75","174.90","5,398,809"
"09-Sep-2020","175.00","177.95","173.40","175.25","11,318,900"
"10-Sep-2020","176.00","178.45","174.15","177.60","11,044,892"
"11-Sep-2020","178.10","178.30","174.10","175.15","17,540,145"
"14-Sep-2020","177.50","177.50","170.75","171.50","7,956,020"
"15-Sep-2020","171.85","173.90","171.00","173.30","4,420,570"
"16-Sep-2020","173.00","173.45","170.80","171.95","7,425,884"
"17-Sep-2020","171.35","171.40","167.90","168.30","6,056,023"
"18-Sep-2020","169.10","173.00","167.30","171.90","13,381,032"
"21-Sep-2020","171.00","171.70","167.65","170.50","7,499,225"
"22-Sep-2020","168.80","170.45","166.50","168.80","5,084,656"
"23-Sep-2020","169.90","169.90","162.80","163.90","4,727,855"
"24-Sep-2020","162.25","165.05","158.50","159.35","11,683,418"
"25-Sep-2020","161.00","162.50","159.70","160.75","4,928,846"
"28-Sep-2020","161.00","169.05","161.00","168.15","9,514,795"
"29-Sep-2020","169.00","169.40","162.50","163.30","7,575,867"
"30-Sep-2020","162.95","163.25","160.30","162.45","8,071,849"
"01-Oct-2020","164.75","166.00","162.80","164.60","8,356,973"
"05-Oct-2020","164.00","166.40","162.15","162.85","5,827,561"
"06-Oct-2020","163.10","164.40","161.85","163.20","5,056,417"
"07-Oct-2020","163.00","163.20","159.00","159.60","9,908,062"
"08-Oct-2020","160.20","161.10","158.00","158.30","7,286,584"
"09-Oct-2020","158.70","159.35","156.70","158.00","6,738,774"
"12-Oct-2020","159.20","162.80","158.55","159.80","11,627,290"
"13-Oct-2020","160.00","162.00","159.20","160.45","6,288,739"
"14-Oct-2020","160.45","160.80","156.30","157.05","7,516,362"
"15-Oct-2020","156.60","157.05","154.60","155.75","8,739,514"
"16-Oct-2020","156.10","161.20","155.35","158.95","10,504,385"
"19-Oct-2020","159.95","162.40","159.40","159.75","10,571,070"
"20-Oct-2020","160.00","160.40","156.90","157.20","7,707,353"
"21-Oct-2020","157.60","166.15","157.25","163.75","20,572,526"
"22-Oct-2020","162.15","165.90","161.20","165.10","21,969,260"
"23-Oct-2020","165.10","171.40","164.70","170.15","16,396,341"
"26-Oct-2020","170.05","172.95","169.65","172.05","20,677,888"
"27-Oct-2020","172.05","175.35","171.50","173.50","13,280,939"
"28-Oct-2020","174.55","174.55","171.55","172.85","7,909,018"
"29-Oct-2020","171.05","173.30","170.25","171.60","9,930,549"
"30-Oct-2020","170.50","172.00","169.30","171.00","12,884,035"
"02-Nov-2020","172.55","174.40","171.95","173.05","7,550,775"
"03-Nov-2020","174.00","180.70","173.85","179.95","15,435,950"
"04-Nov-2020","179.95","180.00","174.65","177.10","10,947,058"
"05-Nov-2020","178.00","179.80","176.60","179.05","5,764,503"
"06-Nov-2020","178.25","179.45","177.10","178.45","4,958,925"
"09-Nov-2020","179.90","184.70","179.10","184.05","8,566,270"
"10-Nov-2020","183.30","186.85","181.55","185.90","7,771,387"
"11-Nov-2020","183.90","191.00","183.90","189.65","8,720,078"
"12-Nov-2020","190.50","190.95","187.15","189.50","14,669,832"
"13-Nov-2020","188.60","189.95","186.20","188.85","6,732,350"
"14-Nov-2020","189.00","189.90","187.00","188.00","654,019"
"17-Nov-2020","187.00","189.25","185.85","186.80","9,490,792"
"18-Nov-2020","186.80","189.70","184.75","185.40","9,385,741"
"19-Nov-2020","178.50","197.20","178.40","189.80","36,468,221"
"20-Nov-2020","193.50","194.00","189.10","191.85","15,457,467"
"23-Nov-2020","192.00","195.90","190.50","194.75","11,761,473"
"24-Nov-2020","195.00","197.70","193.25","194.50","8,611,074"
"25-Nov-2020","194.50","197.45","193.55","195.30","11,168,324"
"26-Nov-2020","195.15","199.15","192.85","197.65","13,994,752"
"27-Nov-2020","197.65","197.65","188.70","192.40","26,321,546"
"01-Dec-2020","194.85","196.45","191.65","192.35","10,234,084"
"02-Dec-2020","192.85","195.20","189.55","194.15","8,908,164"
"03-Dec-2020","195.00","195.10","191.00","193.45","11,986,044"
"04-Dec-2020","194.20","196.95","192.75","194.35","8,346,748"
"07-Dec-2020","193.00","197.25","192.50","193.50","12,418,943"
"08-Dec-2020","194.00","194.60","191.10","191.60","8,941,707"
"09-Dec-2020","192.90","194.75","191.10","192.70","10,519,578"
"10-Dec-2020","193.00","195.40","191.50","192.75","7,657,247"
"11-Dec-2020","194.00","195.25","192.15","193.10","8,367,957"
"14-Dec-2020","196.00","197.00","192.80","194.30","11,428,254"
"15-Dec-2020","194.40","194.70","191.35","192.80","9,047,299"
"16-Dec-2020","194.70","196.85","192.55","196.20","19,701,552"
"17-Dec-2020","193.30","195.40","191.60","193.30","12,970,537"
"18-Dec-2020","193.30","194.80","192.05","193.90","11,424,589"
"21-Dec-2020","193.00","193.20","184.45","185.50","12,155,249"
"22-Dec-2020","185.45","191.05","185.00","190.30","13,463,164"
"23-Dec-2020","191.50","191.70","189.00","189.95","5,532,804"
"24-Dec-2020","190.25","192.25","189.45","190.00","7,281,646"
"28-Dec-2020","190.20","192.30","190.00","191.55","3,869,826"
"29-Dec-2020","191.60","192.65","189.00","189.70","4,809,185"
"30-Dec-2020","190.00","190.65","186.80","190.20","10,762,081"
"31-Dec-2020","190.50","191.00","188.05","189.85","13,090,566"
"01-Jan-2021","189.00","189.90","188.50","189.50","1,729,475"
"04-Jan-2021","190.00","190.40","188.00","188.45","4,012,428"
"05-Jan-2021","189.50","189.50","186.20","188.00","5,894,373"
"06-Jan-2021","188.00","197.60","187.00","196.15","30,524,202"
"07-Jan-2021","198.00","201.80","195.50","197.05","22,573,087"
"08-Jan-2021","198.75","204.00","197.55","203.55","16,586,958"
"11-Jan-2021","204.00","205.00","201.45","203.55","7,158,427"
"12-Jan-2021","201.05","204.75","199.95","203.70","17,692,951"
"13-Jan-2021","203.80","206.60","202.60","205.00","13,383,333"
"14-Jan-2021","205.95","207.50","203.60","205.10","6,763,881"
"15-Jan-2021","203.95","205.75","202.50","203.00","7,610,734"
"18-Jan-2021","201.25","202.00","194.55","195.75","14,691,747"
"19-Jan-2021","195.55","200.00","195.25","199.65","10,902,844"
"20-Jan-2021","200.00","200.60","195.15","196.15","11,901,479"
"21-Jan-2021","196.45","197.70","194.15","195.15","7,036,376"
"22-Jan-2021","195.00","196.30","193.00","194.20","9,405,228"
"25-Jan-2021","194.45","196.80","189.60","190.20","5,283,901"
"27-Jan-2021","190.00","194.35","189.30","192.35","10,617,143"
"28-Jan-2021","190.95","190.95","185.80","187.30","9,040,763"
"29-Jan-2021","188.70","189.00","183.00","184.45","7,545,948"
"01-Feb-2021","184.45","189.45","182.50","188.90","5,335,449"
"02-Feb-2021","191.00","195.65","189.20","194.20","6,077,028"
"03-Feb-2021","194.50","210.00","194.50","206.50","41,294,096"
"04-Feb-2021","206.50","207.65","204.20","205.35","13,231,702"
"05-Feb-2021","205.65","208.30","201.25","207.10","16,174,758"
"08-Feb-2021","206.50","213.40","205.70","212.55","15,995,755"
"09-Feb-2021","210.00","217.45","210.00","210.75","15,602,724"
"10-Feb-2021","210.55","214.00","207.00","210.45","19,231,530"
"11-Feb-2021","208.85","214.80","208.35","213.75","11,533,755"
"12-Feb-2021","219.00","219.00","210.55","212.65","14,099,935"
"15-Feb-2021","214.00","215.45","211.55","212.45","4,837,278"
"16-Feb-2021","213.40","229.90","213.30","225.55","45,113,050"
"17-Feb-2021","225.50","231.20","222.20","230.05","21,957,171"
"18-Feb-2021","231.00","238.30","228.50","236.50","24,914,207"
"19-Feb-2021","233.50","236.10","228.75","232.20","20,438,826"
"22-Feb-2021","232.45","233.90","223.60","224.95","14,512,980"
"23-Feb-2021","225.75","229.10","224.65","226.10","10,290,130"
"24-Feb-2021","226.15","228.20","221.60","222.75","6,424,498"
"25-Feb-2021","223.70","232.80","220.80","227.55","17,266,549"
"26-Feb-2021","221.50","227.25","211.20","214.30","21,414,774"
"01-Mar-2021","217.50","228.80","217.40","227.25","17,686,096"
"02-Mar-2021","229.00","229.35","223.35","225.05","10,250,883"
"03-Mar-2021","230.00","230.15","223.70","227.50","10,884,683"
"04-Mar-2021","223.05","229.95","223.05","225.15","12,861,986"
"05-Mar-2021","226.00","226.00","219.35","220.25","9,755,263"
"08-Mar-2021","217.85","223.90","217.00","220.15","8,859,067"
"09-Mar-2021","220.50","222.10","213.25","216.00","7,079,067"
"10-Mar-2021","218.00","218.95","214.00","215.15","5,996,907"
"12-Mar-2021","215.70","220.90","215.40","220.05","10,222,359"
"15-Mar-2021","221.00","226.50","219.75","224.15","16,926,895"
"16-Mar-2021","225.15","227.20","223.50","224.45","8,306,833"
"17-Mar-2021","224.95","225.00","219.35","220.45","7,071,264"
"18-Mar-2021","221.00","223.50","220.15","221.05","8,005,871"
"19-Mar-2021","221.90","232.10","219.15","230.20","39,563,112"
"22-Mar-2021","234.40","234.40","222.20","223.55","16,414,250"
"23-Mar-2021","223.55","224.00","218.50","219.00","21,631,451"
"24-Mar-2021","217.05","223.90","216.90","221.05","13,724,418"
"25-Mar-2021","221.05","223.40","215.35","216.40","11,403,073"
"26-Mar-2021","219.35","222.00","212.15","214.60","14,166,489"
"30-Mar-2021","216.90","223.70","215.40","221.35","29,997,550"
"31-Mar-2021","219.90","221.10","214.65","215.65","11,640,412"
"01-Apr-2021","216.65","219.35","214.75","218.70","6,316,508"
"05-Apr-2021","215.20","219.00","213.35","214.15","8,147,763"
"06-Apr-2021","215.20","219.00","208.50","209.20","14,232,228"
"07-Apr-2021","210.90","216.20","209.55","210.55","12,848,471"
"08-Apr-2021","211.95","213.50","208.50","209.00","11,513,749"
"09-Apr-2021","209.40","211.45","208.00","208.30","6,622,326"
"12-Apr-2021","206.65","206.65","198.50","201.15","10,431,180"
"13-Apr-2021","205.15","209.40","202.45","208.75","11,154,981"
"15-Apr-2021","207.90","211.40","207.05","207.80","5,714,635"
"16-Apr-2021","207.50","214.80","207.25","209.85","12,386,729"
"19-Apr-2021","205.85","207.00","200.00","201.20","10,352,810"
"20-Apr-2021","205.00","205.70","201.65","203.70","8,138,061"
"22-Apr-2021","204.00","204.90","201.20","203.45","6,539,885"
"23-Apr-2021","204.30","212.90","204.00","211.15","21,553,903"
"26-Apr-2021","208.20","216.45","208.20","215.80","10,765,892"
"27-Apr-2021","216.05","220.50","215.80","216.65","8,589,721"
"28-Apr-2021","218.80","221.70","216.30","220.90","9,215,766"
"29-Apr-2021","223.10","223.65","219.05","220.15","8,303,610"
"30-Apr-2021","217.75","222.30","216.65","220.05","9,504,624"
"03-May-2021","217.50","222.85","216.75","220.80","8,734,538"
"04-May-2021","221.40","221.70","216.70","218.05","11,732,310"
"05-May-2021","218.05","220.35","216.80","218.20","13,037,762"
"06-May-2021","218.45","219.40","213.60","215.40","10,588,285"
"07-May-2021","216.35","216.80","213.50","214.55","7,036,647"
"10-May-2021","215.40","220.15","214.95","219.85","10,038,140"
"11-May-2021","220.00","225.20","218.40","223.40","12,935,130"
"12-May-2021","223.40","235.00","223.05","225.95","31,300,529"
"14-May-2021","227.75","230.00","223.85","228.85","10,586,699"
"17-May-2021","230.95","231.00","227.10","228.40","6,185,447"
"18-May-2021","230.90","239.85","228.50","233.10","29,747,844"
"19-May-2021","234.20","238.00","231.40","233.75","15,795,589"
"20-May-2021","234.00","234.95","228.40","228.95","6,022,766"
"21-May-2021","228.05","229.25","226.00","227.95","12,207,875"
"24-May-2021","229.00","234.40","228.40","231.00","12,391,275"
"25-May-2021","233.00","234.45","231.15","232.90","5,155,518"
"26-May-2021","233.20","233.80","224.95","225.60","10,306,192"
"27-May-2021","226.70","229.60","223.25","228.30","28,796,749"
"28-May-2021","231.00","231.00","224.80","225.45","8,610,470"
"31-May-2021","226.00","226.60","223.75","225.65","7,370,024"
"01-Jun-2021","226.30","228.00","223.90","224.40","8,850,226"
"02-Jun-2021","224.20","228.15","224.10","227.45","4,497,488"
"03-Jun-2021","229.05","231.45","225.65","226.30","5,788,874"
"04-Jun-2021","226.00","228.15","224.80","226.15","3,455,150"
"07-Jun-2021","227.30","237.80","226.90","236.25","10,158,072"
"08-Jun-2021","238.95","238.95","232.05","234.05","12,662,869"
"09-Jun-2021","236.00","245.50","233.80","242.10","22,424,506"
"10-Jun-2021","248.00","248.00","240.25","241.65","18,388,571"
"11-Jun-2021","248.80","248.80","244.00","246.30","16,392,434"
"14-Jun-2021","247.95","249.80","242.10","248.70","10,537,107"
"15-Jun-2021","250.55","251.50","247.05","247.60","8,452,513"
"16-Jun-2021","246.85","247.50","240.95","242.15","17,272,513"
"17-Jun-2021","244.05","244.05","236.75","239.85","12,521,910"
"18-Jun-2021","244.00","245.00","230.10","233.00","27,719,000"
"21-Jun-2021","231.90","235.45","228.40","234.85","6,592,407"
"22-Jun-2021","232.05","237.00","232.05","234.05","6,165,871"
"23-Jun-2021","235.75","236.00","232.00","232.25","6,030,649"
"24-Jun-2021","232.25","232.95","228.10","231.15","7,292,369"
"25-Jun-2021","231.45","232.80","229.40","230.85","4,351,744"
"28-Jun-2021","232.00","232.50","230.70","231.85","5,619,149"
"29-Jun-2021","232.60","237.90","231.65","236.00","34,362,892"
"30-Jun-2021","237.15","237.60","232.00","232.40","9,808,734"
"01-Jul-2021","232.55","232.95","230.20","230.80","8,957,710"
"02-Jul-2021","230.80","231.10","227.60","227.95","5,371,872"
"05-Jul-2021","229.30","230.90","228.35","230.30","3,852,668"
"06-Jul-2021","229.40","230.50","228.30","228.80","3,005,966"
"07-Jul-2021","228.80","231.45","228.80","230.95","4,066,256"
"08-Jul-2021","230.10","233.15","229.55","231.15","4,916,257"
"09-Jul-2021","231.05","231.45","230.00","230.25","1,682,357"
"12-Jul-2021","230.70","231.75","228.20","229.00","3,137,800"
"13-Jul-2021","230.40","231.90","228.30","228.65","4,648,664"
"14-Jul-2021","228.65","231.45","228.45","229.95","5,191,171"
"15-Jul-2021","231.00","231.45","229.30","230.40","3,024,464"
"16-Jul-2021","231.65","236.50","230.50","233.85","8,945,881"
"19-Jul-2021","233.85","234.65","231.50","233.15","7,720,835"
"20-Jul-2021","234.90","236.30","230.95","231.30","7,975,165"
"22-Jul-2021","234.50","234.50","228.70","233.25","5,837,810"
"23-Jul-2021","233.75","233.95","232.05","233.00","3,746,459"
"26-Jul-2021","233.45","235.35","232.05","232.70","7,292,084"
"27-Jul-2021","233.00","234.85","230.65","231.85","6,093,515"
"28-Jul-2021","232.00","232.40","227.40","228.10","7,778,302"
"29-Jul-2021","171.00","173.55","167.15","167.40","21,457,249"
"30-Jul-2021","169.05","173.20","168.20","171.15","25,606,627"
"02-Aug-2021","171.50","172.00","169.30","171.00","7,181,817"
"03-Aug-2021","172.55","175.20","171.10","174.45","15,719,577"
"04-Aug-2021","175.65","176.60","173.85","175.25","17,492,458"
"05-Aug-2021","175.25","175.75","173.25","175.20","4,966,037"
"06-Aug-2021","175.50","176.50","174.55","175.00","4,005,234"
"09-Aug-2021","177.00","177.00","174.05","176.45","12,311,254"
"10-Aug-2021","176.10","176.10","171.35","172.60","8,943,948"
"11-Aug-2021","172.95","177.00","172.55","176.35","23,459,974"
"12-Aug-2021","177.00","187.70","176.30","187.00","43,580,817"
"13-Aug-2021","184.20","187.30","183.60","184.75","20,082,633"
"16-Aug-2021","184.00","184.30","180.40","180.70","15,981,492"
"17-Aug-2021","181.05","183.75","181.00","183.25","11,971,845"
"18-Aug-2021","183.70","186.00","180.15","180.60","18,920,646"
"20-Aug-2021","177.30","180.05","177.05","178.60","14,040,351"
"23-Aug-2021","179.50","179.90","174.20","175.65","9,834,559"
"24-Aug-2021","177.30","179.30","175.45","176.60","8,272,098"
"25-Aug-2021","177.20","177.45","175.05","175.50","9,001,014"
"26-Aug-2021","175.40","175.40","171.60","173.10","9,086,435"
"27-Aug-2021","173.80","174.85","171.75","174.35","6,038,775"
"30-Aug-2021","175.20","176.35","172.80","175.50","10,884,301"
"31-Aug-2021","175.50","177.05","174.95","175.35","32,436,250"
"01-Sep-2021","177.80","177.80","174.65","175.65","8,863,194"
"02-Sep-2021","175.40","176.10","174.20","175.75","10,158,768"
"03-Sep-2021","176.00","176.80","174.40","175.55","9,214,857"
"06-Sep-2021","175.70","176.35","173.00","174.10","10,462,864"
"07-Sep-2021","174.10","174.15","172.45","173.00","9,363,774"
"08-Sep-2021","171.25","173.60","170.20","172.85","19,027,722"
"09-Sep-2021","172.40","174.15","171.90","173.50","3,808,763"
"13-Sep-2021","174.25","174.30","172.70","173.90","5,641,863"
"14-Sep-2021","173.90","175.10","173.50","174.10","6,325,821"
"15-Sep-2021","174.00","179.00","173.75","177.90","15,048,179"
"16-Sep-2021","178.95","181.65","178.30","179.45","12,161,163"
"17-Sep-2021","179.55","180.40","176.75","178.80","15,914,420"
"20-Sep-2021","177.20","179.20","175.10","177.00","5,874,802"
"21-Sep-2021","176.05","178.40","175.45","175.90","7,110,756"
"22-Sep-2021","175.80","177.45","175.80","176.75","6,874,226"
"23-Sep-2021","177.00","178.75","177.00","178.25","7,721,935"
"24-Sep-2021","178.30","179.50","175.80","176.15","5,320,059"
"27-Sep-2021","176.50","177.15","175.10","176.00","3,904,237"
"28-Sep-2021","176.85","188.90","176.10","183.95","29,155,220"
"29-Sep-2021","183.50","196.30","182.45","195.05","40,264,997"
"30-Sep-2021","194.95","198.00","188.65","189.90","17,713,650"
"01-Oct-2021","190.80","193.50","189.65","191.85","12,746,178"
"04-Oct-2021","192.00","193.05","190.05","191.65","8,067,965"
"05-Oct-2021","191.65","195.10","189.35","189.95","12,900,644"
"06-Oct-2021","191.95","192.15","186.75","187.60","6,697,131"
"07-Oct-2021","191.00","191.55","187.60","188.30","5,050,275"
"08-Oct-2021","189.00","190.15","187.00","187.70","6,123,882"
"11-Oct-2021","190.00","195.10","189.30","193.45","9,736,532"
"12-Oct-2021","193.90","194.65","191.65","193.35","6,404,975"
"13-Oct-2021","195.10","204.50","194.15","199.40","24,806,711"
"14-Oct-2021","200.20","205.95","198.25","204.65","14,389,092"
"18-Oct-2021","209.80","209.95","202.15","203.80","28,909,774"
"19-Oct-2021","204.00","204.80","197.00","198.65","12,130,633"
"20-Oct-2021","200.00","200.25","193.35","194.35","16,432,451"
"21-Oct-2021","196.25","197.35","193.50","194.05","12,709,911"
"22-Oct-2021","195.90","197.00","191.25","194.45","5,779,403"
"25-Oct-2021","194.45","195.00","190.50","192.65","5,896,815"
"26-Oct-2021","192.60","192.95","189.70","190.40","6,394,388"
"27-Oct-2021","190.15","191.85","188.55","190.25","7,397,010"
"28-Oct-2021","190.70","191.10","185.25","185.90","8,321,429"
"29-Oct-2021","186.90","188.65","181.30","185.05","9,741,027"
"01-Nov-2021","184.60","188.50","184.55","187.75","4,106,365"
"02-Nov-2021","188.65","191.25","185.15","185.50","8,210,168"
"03-Nov-2021","185.50","187.30","183.00","183.95","10,468,296"
"04-Nov-2021","184.95","185.85","184.25","185.05","622,661"
"08-Nov-2021","187.60","190.35","184.60","189.15","8,960,493"
"09-Nov-2021","190.35","190.35","185.30","186.55","7,785,863"
"10-Nov-2021","185.95","186.50","183.55","184.40","10,393,389"
"11-Nov-2021","185.00","185.25","180.70","182.15","6,638,516"
"12-Nov-2021","183.70","183.70","180.30","182.00","7,193,005"
"15-Nov-2021","182.20","188.75","182.00","188.30","18,616,006"
"16-Nov-2021","189.00","191.35","186.50","187.60","17,404,748"
"17-Nov-2021","187.00","193.80","187.00","191.05","13,769,624"
"18-Nov-2021","191.85","194.45","191.05","192.50","8,057,200"
"22-Nov-2021","194.40","197.00","192.00","194.20","18,821,791"
"23-Nov-2021","193.25","202.40","193.15","201.85","14,753,654"
"24-Nov-2021","202.20","207.45","202.00","203.30","13,590,359"
"25-Nov-2021","202.60","205.00","201.25","204.25","13,903,091"
"26-Nov-2021","204.05","204.95","200.80","202.00","9,610,903"
"29-Nov-2021","199.00","204.00","198.50","200.25","12,049,611"
"30-Nov-2021","200.30","209.50","200.30","206.75","28,304,736"
"01-Dec-2021","207.00","208.75","204.70","207.20","15,249,613"
"02-Dec-2021","209.00","216.00","206.50","214.50","25,319,133"
"03-Dec-2021","213.15","216.45","205.50","206.10","35,710,637"
"06-Dec-2021","207.35","208.00","201.35","202.00","8,491,835"
"07-Dec-2021","202.60","206.95","202.15","205.80","6,036,827"
"08-Dec-2021","205.15","207.65","203.55","204.80","6,591,337"
"09-Dec-2021","205.50","206.45","202.10","203.20","4,316,567"
"10-Dec-2021","204.25","204.25","201.85","202.65","4,623,302"
"13-Dec-2021","205.50","209.65","203.70","204.40","16,236,095"
"14-Dec-2021","204.10","213.15","203.20","212.25","36,031,527"
"15-Dec-2021","213.10","215.65","207.80","209.85","11,405,480"
"16-Dec-2021","211.40","211.80","206.30","208.20","10,058,053"
"17-Dec-2021","208.20","210.50","205.05","209.95","11,407,061"
"20-Dec-2021","210.75","212.65","207.50","209.85","16,904,435"
"21-Dec-2021","211.45","211.75","204.80","206.60","13,174,884"
"22-Dec-2021","199.80","203.00","198.00","201.55","11,062,674"
"23-Dec-2021","202.50","209.60","202.05","208.35","11,949,367"
"24-Dec-2021","208.20","208.70","204.85","205.40","6,731,977"
"27-Dec-2021","205.40","207.25","205.00","206.10","6,486,141"
"28-Dec-2021","206.65","208.65","203.30","205.60","11,802,155"
"29-Dec-2021","203.00","205.90","202.70","204.60","12,879,708"
"30-Dec-2021","204.60","211.40","201.65","205.35","65,610,905"
"31-Dec-2021","204.00","206.20","203.55","204.40","7,381,668"
"03-Jan-2022","205.40","206.95","204.15","205.00","5,557,541"
"04-Jan-2022","206.30","213.00","205.50","210.60","11,088,068"
"05-Jan-2022","210.00","211.35","208.05","208.65","7,173,831"
"06-Jan-2022","207.75","208.70","204.65","205.95","4,211,949"
"07-Jan-2022","206.95","208.50","204.50","205.20","8,931,187"
"10-Jan-2022","207.25","207.25","203.45","204.00","8,314,283"
"11-Jan-2022","204.55","205.80","203.50","203.85","5,406,592"
"12-Jan-2022","206.00","206.70","204.35","204.95","8,263,605"
"13-Jan-2022","207.60","211.50","206.55","208.00","15,392,106"
"14-Jan-2022","207.95","209.65","206.55","207.75","10,637,741"
"17-Jan-2022","209.15","209.55","205.80","206.35","5,680,905"
"18-Jan-2022","206.25","207.85","204.60","205.15","6,356,567"
"19-Jan-2022","206.00","207.40","201.05","204.65","10,293,276"
"20-Jan-2022","207.10","215.35","205.40","214.65","22,627,758"
"21-Jan-2022","213.90","219.25","213.00","215.10","22,132,195"
"24-Jan-2022","216.40","217.75","211.50","214.00","9,637,642"
"25-Jan-2022","213.50","220.20","211.95","218.85","20,541,777"
"27-Jan-2022","218.00","219.30","212.35","214.85","21,384,355"
"28-Jan-2022","217.50","217.50","209.25","210.20","14,199,037"
"31-Jan-2022","212.00","216.75","211.20","215.40","14,930,820"
"01-Feb-2022","217.00","217.05","211.30","212.95","6,466,767"
"02-Feb-2022","214.85","217.80","213.25","214.00","7,440,825"
"03-Feb-2022","214.00","215.00","211.00","211.30","3,445,792"
"04-Feb-2022","212.00","213.35","209.10","209.70","5,496,948"
"07-Feb-2022","211.05","214.30","210.00","213.65","5,901,928"
"08-Feb-2022","214.00","215.40","208.50","210.05","6,805,678"
"09-Feb-2022","210.60","211.65","208.70","209.35","7,375,489"
"10-Feb-2022","210.05","215.70","210.05","212.05","14,385,251"
"11-Feb-2022","210.20","212.00","207.05","207.80","15,053,348"
"14-Feb-2022","206.95","206.95","201.25","201.85","9,082,032"
"15-Feb-2022","202.00","203.85","199.00","203.45","14,284,546"
"16-Feb-2022","198.60","201.00","195.70","196.30","15,202,546"
"17-Feb-2022","198.25","198.85","196.00","197.00","12,304,164"
"18-Feb-2022","196.80","200.15","195.25","195.70","10,950,483"
"21-Feb-2022","195.70","199.00","195.55","198.15","8,011,979"
"22-Feb-2022","194.20","198.45","191.80","198.15","10,204,544"
"23-Feb-2022","198.35","199.50","197.60","198.05","4,870,098"
"24-Feb-2022","194.00","196.00","189.90","191.10","9,858,778"
"25-Feb-2022","192.55","197.90","192.15","197.30","8,190,704"
"28-Feb-2022","197.45","210.25","196.05","209.15","23,953,789"
"02-Mar-2022","207.75","213.15","206.20","210.90","15,376,962"
"03-Mar-2022","210.70","219.35","210.70","217.85","14,854,167"
"04-Mar-2022","215.95","217.50","210.95","215.05","9,595,738"
"07-Mar-2022","210.50","215.20","208.85","212.80","13,226,740"
"08-Mar-2022","214.00","223.40","209.80","212.35","21,307,868"
"09-Mar-2022","215.15","216.00","206.60","208.10","17,123,219"
"10-Mar-2022","211.00","211.40","207.05","208.85","12,387,415"
"11-Mar-2022","209.30","213.00","207.75","212.45","9,744,638"
"14-Mar-2022","212.45","214.00","209.60","213.40","9,448,995"
"15-Mar-2022","213.20","215.05","208.30","209.65","10,896,214"
"16-Mar-2022","211.25","211.80","208.95","209.35","8,950,331"
"17-Mar-2022","212.00","212.75","207.75","211.55","21,348,466"
"21-Mar-2022","216.00","216.00","204.50","204.90","13,348,062"
"22-Mar-2022","205.00","209.50","204.05","208.70","9,963,973"
"23-Mar-2022","209.50","210.60","208.30","210.10","7,056,588"
"24-Mar-2022","210.00","211.20","208.00","210.75","8,391,719"
"25-Mar-2022","210.75","210.80","206.70","209.65","7,382,003"
"28-Mar-2022","209.65","212.75","207.50","212.30","9,617,684"
"29-Mar-2022","213.85","214.45","209.70","211.30","7,852,887"
"30-Mar-2022","213.10","218.70","211.80","217.10","40,663,864"
"31-Mar-2022","215.55","217.25","214.75","216.80","7,744,520"
"01-Apr-2022","216.10","225.75","216.10","225.05","29,747,971"
"04-Apr-2022","226.00","228.10","224.05","227.40","7,430,648"
"05-Apr-2022","229.95","234.60","226.90","233.05","12,875,616"
"06-Apr-2022","231.35","238.45","231.15","236.65","12,865,257"
"07-Apr-2022","235.95","239.90","230.00","231.35","8,935,434"
"08-Apr-2022","233.00","234.10","230.60","232.60","5,060,077"
"11-Apr-2022","232.50","235.55","228.40","230.90","9,310,367"
"12-Apr-2022","229.25","233.65","228.60","233.10","11,077,431"
"13-Apr-2022","234.95","235.35","227.55","229.50","8,261,580"
"18-Apr-2022","229.50","231.80","227.55","231.10","14,302,443"
"19-Apr-2022","232.70","233.35","226.50","227.85","11,277,707"
"20-Apr-2022","228.25","229.00","223.45","227.00","7,360,981"
"21-Apr-2022","226.10","228.65","225.25","227.25","8,350,750"
"22-Apr-2022","225.05","230.20","224.70","225.45","9,024,187"
"25-Apr-2022","223.95","226.90","221.50","222.85","8,282,013"
"26-Apr-2022","227.00","232.20","224.35","231.60","11,541,867"
"27-Apr-2022","231.35","232.85","227.45","229.30","9,510,157"
"28-Apr-2022","233.40","236.25","230.05","235.60","13,783,610"
"29-Apr-2022","235.10","236.35","227.05","227.75","6,769,749"
"02-May-2022","225.90","233.25","225.90","231.55","9,475,765"
"04-May-2022","233.00","239.45","232.90","237.60","17,343,483"
"05-May-2022","238.40","240.65","232.85","233.75","12,361,452"
"06-May-2022","231.45","239.15","231.45","238.40","13,286,390"
"09-May-2022","239.00","246.45","235.65","245.15","40,589,105"
"10-May-2022","245.80","248.35","242.50","243.65","23,248,121"
"11-May-2022","244.00","248.00","238.70","239.20","11,559,464"
"12-May-2022","239.00","241.90","232.15","235.90","19,904,246"
"13-May-2022","239.85","239.85","233.10","236.30","11,305,915"
"16-May-2022","235.50","237.90","233.00","235.20","5,970,397"
"17-May-2022","234.90","239.30","232.75","238.65","11,603,203"
"18-May-2022","237.50","238.25","227.10","227.90","14,386,163"
"19-May-2022","223.00","229.65","221.65","228.30","11,314,202"
"20-May-2022","230.75","233.10","226.75","229.05","11,361,211"
"23-May-2022","232.00","232.00","224.20","224.60","8,679,376"
"24-May-2022","225.00","229.65","224.60","227.00","12,252,644"
"25-May-2022","228.40","229.40","222.55","224.85","8,296,961"
"26-May-2022","227.00","229.10","223.90","227.20","10,612,841"
"27-May-2022","228.60","228.65","223.40","224.70","6,322,869"
"30-May-2022","224.50","229.90","224.30","228.25","6,979,319"
"31-May-2022","228.25","235.15","228.20","232.90","19,763,659"
"01-Jun-2022","232.15","233.00","228.15","229.20","7,711,507"
"02-Jun-2022","229.40","229.40","224.55","225.55","7,553,924"
"03-Jun-2022","226.00","228.10","225.00","226.00","12,061,889"
"06-Jun-2022","226.00","227.45","223.55","224.80","9,519,970"
"07-Jun-2022","223.95","226.25","223.70","225.00","6,827,397"
"08-Jun-2022","223.05","226.50","223.05","224.55","8,430,098"
"09-Jun-2022","224.70","225.70","221.00","224.85","7,101,031"
"10-Jun-2022","222.05","227.45","222.05","224.45","6,764,430"
"13-Jun-2022","221.85","225.50","221.50","222.35","7,640,082"
"14-Jun-2022","222.35","227.30","222.00","223.95","12,767,972"
"15-Jun-2022","224.25","226.30","221.90","222.25","4,423,923"
"16-Jun-2022","223.35","224.30","215.65","216.35","8,912,500"
"17-Jun-2022","214.20","216.90","210.25","211.35","14,756,420"
"20-Jun-2022","209.10","210.90","206.35","208.25","5,551,705"
"21-Jun-2022","209.05","213.15","207.30","210.35","7,094,715"
"22-Jun-2022","210.80","211.25","208.20","210.65","7,693,228"
"23-Jun-2022","210.10","211.70","206.15","208.55","9,835,894"
"24-Jun-2022","212.00","212.00","207.75","208.95","7,124,329"
"27-Jun-2022","213.35","213.35","209.65","211.55","13,159,043"
"28-Jun-2022","209.55","211.55","208.35","210.30","5,077,566"
"29-Jun-2022","209.10","215.00","208.45","211.10","31,127,189"
"30-Jun-2022","211.50","214.75","210.40","211.90","16,695,542"
"01-Jul-2022","211.05","212.90","205.20","206.50","8,350,248"
"04-Jul-2022","205.05","212.15","205.05","210.70","15,133,710"
"05-Jul-2022","211.00","215.95","210.95","214.15","15,062,998"
"06-Jul-2022","214.00","214.15","208.20","210.45","14,402,646"
"07-Jul-2022","213.25","215.30","212.10","212.55","10,551,977"
"08-Jul-2022","214.00","219.40","212.65","218.80","12,856,693"
"11-Jul-2022","220.00","221.25","216.20","217.05","8,119,560"
"12-Jul-2022","215.10","216.95","213.15","213.50","6,377,772"
"13-Jul-2022","214.50","216.70","213.45","214.45","7,657,504"
"14-Jul-2022","219.25","219.25","212.85","214.85","8,173,803"
"15-Jul-2022","217.00","217.00","208.80","209.30","16,550,610"
"18-Jul-2022","210.35","212.40","208.90","210.25","11,366,741"
"19-Jul-2022","209.90","211.50","209.60","210.00","11,191,797"
"20-Jul-2022","211.30","212.30","208.50","209.25","10,635,776"
"21-Jul-2022","209.95","213.20","209.45","212.30","9,346,166"
"22-Jul-2022","213.95","213.95","209.50","210.00","6,954,150"
"25-Jul-2022","210.00","211.00","207.40","207.90","4,976,396"
"26-Jul-2022","207.90","211.00","207.10","209.10","8,588,487"
"27-Jul-2022","209.90","211.00","209.40","210.65","6,907,016"
"28-Jul-2022","211.00","214.80","210.05","214.20","9,894,482"
"29-Jul-2022","216.40","217.80","212.85","213.95","11,574,801"
"01-Aug-2022","215.05","220.15","214.15","218.95","9,102,418"
"02-Aug-2022","219.95","223.40","217.35","222.60","13,311,561"
"03-Aug-2022","223.35","224.75","219.65","223.60","9,304,529"
"04-Aug-2022","224.00","224.20","219.10","220.80","7,284,201"
"05-Aug-2022","221.70","224.75","218.85","223.65","10,574,418"
"08-Aug-2022","225.00","226.30","221.10","221.90","6,294,031"
"10-Aug-2022","220.75","224.90","220.55","223.50","6,438,950"
"11-Aug-2022","224.65","226.90","221.70","222.85","3,780,470"
"12-Aug-2022","223.00","228.60","222.00","228.05","9,959,297"
"16-Aug-2022","229.20","229.95","227.05","228.85","8,473,685"
"17-Aug-2022","228.85","230.95","227.70","228.50","8,419,099"
"18-Aug-2022","227.95","231.70","227.75","231.35","8,520,364"
"19-Aug-2022","228.45","229.70","225.70","228.15","7,372,148"
"22-Aug-2022","228.10","230.80","225.65","225.95","6,892,870"
"23-Aug-2022","224.95","228.85","224.20","227.55","6,677,814"
"24-Aug-2022","227.35","229.95","226.50","229.45","9,755,419"
"25-Aug-2022","230.50","231.00","225.10","226.30","9,093,274"
"26-Aug-2022","226.60","231.20","226.60","230.45","5,974,534"
"29-Aug-2022","228.25","228.90","225.60","227.05","5,637,760"
"30-Aug-2022","228.20","230.25","228.10","229.60","5,410,874"
"01-Sep-2022","225.05","230.10","225.00","226.10","9,831,811"
"02-Sep-2022","227.50","228.85","223.80","224.20","5,172,928"
"05-Sep-2022","225.00","225.55","221.70","223.40","13,541,606"
"06-Sep-2022","224.00","228.00","224.00","225.05","10,577,776"
"07-Sep-2022","223.05","226.95","223.05","224.40","5,900,059"
"08-Sep-2022","226.00","226.90","223.45","224.40","5,390,802"
"09-Sep-2022","226.05","226.15","222.50","222.90","6,871,521"
"12-Sep-2022","223.55","224.70","222.20","223.95","6,584,190"
"13-Sep-2022","224.30","227.50","223.80","226.80","8,458,788"
"14-Sep-2022","225.00","233.20","224.70","232.55","18,804,719"
"15-Sep-2022","233.45","238.25","232.35","237.60","17,704,777"
"16-Sep-2022","238.40","238.45","233.40","235.65","22,049,732"
"19-Sep-2022","235.95","238.10","231.65","233.15","10,440,035"
"20-Sep-2022","234.00","236.25","232.10","232.70","15,122,230"
"21-Sep-2022","233.85","234.35","224.30","227.05","10,851,628"
"22-Sep-2022","224.00","226.40","219.15","220.10","19,698,398"
"23-Sep-2022","218.30","219.75","198.10","202.55","65,372,042"
"26-Sep-2022","200.00","209.35","186.35","200.85","125,660,351"
"27-Sep-2022","205.80","207.90","201.25","204.85","40,595,322"
"28-Sep-2022","205.20","210.40","202.55","207.70","39,658,405"
"29-Sep-2022","208.95","212.10","206.05","208.00","27,571,402"
"30-Sep-2022","207.00","218.70","207.00","212.20","47,173,211"
"03-Oct-2022","213.00","214.65","209.00","210.80","8,805,648"
"04-Oct-2022","212.10","212.35","208.00","208.45","14,384,500"
"06-Oct-2022","208.85","210.90","205.60","206.30","15,519,559"
"07-Oct-2022","204.00","209.75","204.00","209.40","10,712,138"
"10-Oct-2022","207.95","211.95","207.55","208.95","12,625,670"
"11-Oct-2022","210.00","211.45","206.55","208.35","13,355,372"
"12-Oct-2022","210.45","215.95","209.35","215.55","26,466,248"
"13-Oct-2022","214.95","217.30","213.25","213.95","12,327,678"
"14-Oct-2022","218.00","218.00","211.55","212.65","17,523,893"
"17-Oct-2022","211.95","214.95","211.00","211.85","7,140,403"
"18-Oct-2022","212.95","215.00","211.55","212.35","9,942,431"
"19-Oct-2022","213.00","216.90","212.95","213.90","8,696,526"
"20-Oct-2022","212.55","218.00","212.35","217.50","12,278,300"
"21-Oct-2022","215.35","218.90","214.00","217.30","8,725,869"
"24-Oct-2022","219.80","220.25","218.60","218.85","849,645"
"25-Oct-2022","218.85","219.40","214.25","218.50","15,467,016"
"27-Oct-2022","219.30","224.85","217.35","223.90","18,223,867"
"28-Oct-2022","223.80","229.00","223.20","226.80","8,752,410"
"31-Oct-2022","227.95","230.25","226.70","228.15","8,816,762"
"01-Nov-2022","230.65","235.90","229.80","235.15","11,415,209"
"02-Nov-2022","235.15","236.55","232.85","233.30","9,663,337"
"03-Nov-2022","233.00","233.60","226.70","228.05","7,018,662"
"04-Nov-2022","228.00","229.45","225.00","226.15","6,044,751"
"07-Nov-2022","227.30","231.90","226.40","228.00","11,146,529"
"09-Nov-2022","231.00","231.00","218.05","218.75","17,123,363"
"10-Nov-2022","216.00","220.15","213.50","214.90","12,163,224"
"11-Nov-2022","216.00","217.85","213.55","214.05","9,092,915"
"14-Nov-2022","210.95","213.70","210.25","211.35","13,845,647"
"15-Nov-2022","210.00","216.50","209.65","216.00","11,443,578"
"16-Nov-2022","215.95","217.45","213.45","217.10","7,369,356"
"17-Nov-2022","216.90","220.45","216.25","218.30","7,087,249"
"18-Nov-2022","218.35","218.80","216.85","218.35","4,371,749"
"21-Nov-2022","217.50","219.50","216.50","219.05","3,534,039"
"22-Nov-2022","218.50","219.20","216.90","217.80","3,274,834"
"23-Nov-2022","218.25","218.80","214.25","215.15","10,132,934"
"24-Nov-2022","215.40","221.00","215.10","220.75","5,716,683"
"25-Nov-2022","220.75","220.90","216.60","220.60","8,242,254"
"28-Nov-2022","219.15","222.20","219.15","221.30","3,394,615"
"29-Nov-2022","221.30","222.25","218.55","219.35","4,857,041"
"30-Nov-2022","219.35","224.95","217.65","224.00","12,988,464"
"01-Dec-2022","224.00","224.85","220.50","221.90","9,931,471"
"02-Dec-2022","218.55","221.50","218.55","219.80","9,660,712"
"05-Dec-2022","219.70","222.25","217.20","221.90","12,358,468"
"06-Dec-2022","221.55","224.15","219.40","223.50","8,474,959"
"07-Dec-2022","222.85","224.10","220.45","221.05","4,360,480"
"08-Dec-2022","221.80","221.85","216.90","217.80","8,382,330"
"09-Dec-2022","218.40","218.95","215.70","217.20","4,515,024"
"12-Dec-2022","216.00","218.00","214.60","215.55","6,145,822"
"13-Dec-2022","215.55","216.80","213.05","216.30","6,176,588"
"14-Dec-2022","216.30","220.55","216.30","219.20","7,541,515"
"15-Dec-2022","219.50","220.40","215.90","216.35","4,039,334"
"16-Dec-2022","215.00","218.20","212.60","213.20","8,374,963"
"19-Dec-2022","214.05","219.20","213.50","218.90","5,819,147"
"20-Dec-2022","218.90","218.90","213.90","217.30","4,906,447"
"21-Dec-2022","217.05","218.25","213.85","216.05","5,254,396"
"22-Dec-2022","216.10","217.00","212.85","215.00","5,221,062"
"23-Dec-2022","213.40","215.30","210.45","211.25","3,415,989"
"26-Dec-2022","211.50","214.25","210.95","211.85","5,148,249"
"27-Dec-2022","212.95","215.20","211.80","212.65","9,836,889"
"28-Dec-2022","212.50","218.40","212.50","215.75","12,611,662"
"29-Dec-2022","214.05","216.50","213.50","215.75","16,902,655"
"30-Dec-2022","216.05","216.75","213.25","213.70","3,482,351"
"02-Jan-2023","214.55","215.50","213.00","215.05","4,469,546"
"03-Jan-2023","215.25","216.20","214.35","215.60","2,154,833"
"04-Jan-2023","215.40","215.40","210.50","211.05","7,465,907"
"05-Jan-2023","211.90","211.90","206.60","208.80","15,955,132"
"06-Jan-2023","208.15","210.30","207.55","208.10","8,632,854"
"09-Jan-2023","209.20","211.95","204.25","209.10","39,363,845"
"10-Jan-2023","209.90","212.45","209.00","211.80","12,936,245"
"11-Jan-2023","212.20","213.05","210.10","211.95","6,873,271"
"12-Jan-2023","213.55","213.90","211.40","213.50","15,884,667"
"13-Jan-2023","213.60","215.35","213.30","214.00","4,920,184"
"16-Jan-2023","215.00","215.90","212.70","215.65","6,271,646"
"17-Jan-2023","215.65","218.70","214.90","218.40","9,750,429"
"18-Jan-2023","218.30","220.15","216.40","219.35","8,378,527"
"19-Jan-2023","218.80","221.25","218.65","220.75","8,690,112"
"20-Jan-2023","221.00","223.90","221.00","223.25","7,584,484"
"23-Jan-2023","224.00","228.30","223.55","225.10","10,795,208"
"24-Jan-2023","226.25","226.60","220.50","220.95","4,613,170"
"25-Jan-2023","220.70","221.25","217.80","219.40","4,342,749"
"27-Jan-2023","219.30","221.45","217.00","219.25","7,843,953"
"30-Jan-2023","218.00","218.85","210.55","211.85","18,216,133"
"31-Jan-2023","212.60","220.20","212.15","216.65","15,748,160"
"01-Feb-2023","225.00","225.00","213.60","216.55","15,184,777"
"02-Feb-2023","216.00","217.10","211.35","212.70","9,615,498"
"03-Feb-2023","213.20","215.15","210.40","214.85","8,111,765"
"06-Feb-2023","213.45","217.35","213.05","217.05","5,211,151"
"07-Feb-2023","218.00","218.20","215.10","216.85","7,526,645"
"08-Feb-2023","212.85","213.25","210.45","212.00","9,324,540"
"09-Feb-2023","212.00","213.95","212.00","212.85","5,258,312"
"10-Feb-2023","211.90","214.45","211.85","214.10","8,169,120"
"13-Feb-2023","214.10","216.50","214.00","216.00","5,782,600"
"14-Feb-2023","217.05","217.05","212.75","215.00","4,508,011"
"15-Feb-2023","213.25","215.20","213.00","214.50","6,080,623"
"16-Feb-2023","216.90","216.90","214.00","214.60","2,972,337"
"17-Feb-2023","214.00","215.90","213.00","213.80","4,868,362"
"20-Feb-2023","215.60","217.00","214.20","215.80","5,131,438"
"21-Feb-2023","217.55","218.75","216.05","217.20","5,026,076"
"22-Feb-2023","216.00","217.30","213.00","214.65","6,846,495"
"23-Feb-2023","215.00","215.90","212.60","213.25","7,759,406"
"24-Feb-2023","212.40","215.40","212.40","215.05","7,356,623"
"27-Feb-2023","216.45","219.95","214.55","219.20","13,322,714"
"28-Feb-2023","220.60","223.00","218.75","222.25","27,419,459"
"01-Mar-2023","221.55","222.25","217.40","218.90","9,672,064"
"02-Mar-2023","218.00","221.00","215.80","220.35","59,781,419"
"03-Mar-2023","220.40","225.45","220.40","222.10","7,463,902"
"06-Mar-2023","224.00","228.80","223.00","227.15","11,744,968"
"08-Mar-2023","226.95","228.35","225.70","228.05","8,693,622"
"09-Mar-2023","229.00","230.45","225.50","225.80","10,456,240"
"10-Mar-2023","222.25","228.15","222.25","226.55","7,204,076"
"13-Mar-2023","228.05","230.05","225.40","226.10","9,907,240"
"14-Mar-2023","225.15","227.75","224.00","225.20","7,187,554"
"15-Mar-2023","226.60","230.05","225.70","228.30","9,171,052"
"16-Mar-2023","229.45","232.90","228.35","232.15","13,828,363"
"17-Mar-2023","233.95","234.00","228.30","229.70","25,283,269"
"20-Mar-2023","225.30","229.40","225.30","227.50","6,961,059"
"21-Mar-2023","227.25","227.70","222.45","223.15","8,454,591"
"22-Mar-2023","223.00","224.70","220.80","224.10","5,692,385"
"23-Mar-2023","224.00","224.50","221.25","222.15","12,818,474"
"24-Mar-2023","223.00","224.25","220.80","222.40","7,778,750"
"27-Mar-2023","222.90","226.25","219.55","220.10","14,987,800"
"28-Mar-2023","221.25","223.10","218.70","222.10","6,516,875"
"29-Mar-2023","222.10","223.70","220.55","222.45","14,807,444"
"31-Mar-2023","224.00","226.75","223.00","225.70","7,651,544"
"03-Apr-2023","227.35","227.35","223.85","224.60","5,732,411"
"05-Apr-2023","226.60","226.60","223.70","225.65","9,014,537"
"06-Apr-2023","227.20","227.40","224.65","225.25","3,212,157"
"10-Apr-2023","225.20","229.40","225.00","229.05","3,109,233"
"11-Apr-2023","228.90","232.00","228.45","231.35","3,829,952"
"12-Apr-2023","231.40","231.55","227.05","227.30","6,839,097"
"13-Apr-2023","227.30","231.65","227.00","231.20","8,571,466"
"17-Apr-2023","232.60","239.90","232.30","236.65","16,361,286"
"18-Apr-2023","236.90","237.50","229.65","230.30","10,112,125"
"19-Apr-2023","229.00","231.40","228.65","229.95","6,198,143"
"20-Apr-2023","230.85","232.90","229.65","230.90","5,481,563"
"21-Apr-2023","231.80","232.35","229.60","231.55","3,772,988"
"24-Apr-2023","231.00","232.30","229.95","231.95","4,293,801"
"25-Apr-2023","231.30","233.90","230.65","232.90","6,254,028"
"26-Apr-2023","234.05","239.50","232.00","238.30","10,185,764"
"27-Apr-2023","238.00","238.30","233.50","235.95","7,345,843"
"28-Apr-2023","236.95","237.95","233.10","237.25","7,939,116"
"02-May-2023","238.70","241.15","238.25","240.10","5,049,681"
"03-May-2023","240.00","242.00","238.80","239.70","3,591,913"
"04-May-2023","239.65","240.70","234.95","238.85","6,892,338"
"05-May-2023","238.80","241.50","238.20","241.05","2,922,331"
"08-May-2023","241.85","246.25","241.10","244.75","6,568,741"
"09-May-2023","244.05","246.90","242.70","243.40","6,875,206"
"10-May-2023","245.15","247.95","244.60","247.65","7,267,057"
"11-May-2023","247.70","249.20","246.60","248.55","9,462,545"
"12-May-2023","248.85","249.60","241.15","241.75","10,390,356"
"15-May-2023","243.40","245.65","242.35","243.25","9,140,823"
"16-May-2023","243.55","244.55","240.00","240.60","8,563,882"
"17-May-2023","240.90","241.90","237.45","238.80","8,670,697"
"18-May-2023","241.00","241.00","234.60","235.65","10,873,293"
"19-May-2023","235.65","237.50","232.00","233.70","7,553,771"
"22-May-2023","234.70","239.00","232.65","234.35","9,424,597"
"23-May-2023","234.05","236.55","233.35","234.10","9,343,921"
"24-May-2023","237.80","237.85","234.85","235.80","6,658,479"
"25-May-2023","237.70","240.30","236.30","237.95","9,377,061"
"26-May-2023","237.85","237.90","234.80","237.30","5,108,851"
"29-May-2023","238.20","238.35","234.10","234.50","10,228,723"
"30-May-2023","235.90","235.90","233.70","235.10","7,102,445"
"31-May-2023","235.00","235.20","230.00","233.85","36,078,118"
"01-Jun-2023","232.95","234.10","230.05","233.00","6,603,593"
"02-Jun-2023","234.00","235.10","233.10","234.60","4,963,336"
"05-Jun-2023","236.45","238.00","234.80","235.60","20,571,227"
"06-Jun-2023","236.45","237.00","234.45","235.30","5,173,953"
"07-Jun-2023","236.70","240.05","236.15","239.20","8,365,179"
"08-Jun-2023","239.25","245.45","239.25","241.65","14,475,626"
"09-Jun-2023","243.55","245.50","241.80","244.90","8,277,856"
"12-Jun-2023","245.00","246.45","241.20","241.65","6,141,682"
"13-Jun-2023","242.00","243.45","241.45","242.25","4,832,414"
"14-Jun-2023","242.10","247.20","242.10","246.50","7,723,070"
"15-Jun-2023","246.95","246.95","243.80","246.45","7,299,562"
"16-Jun-2023","246.40","247.35","244.50","246.45","7,276,771"
"19-Jun-2023","246.45","248.30","242.40","243.10","7,823,736"
"20-Jun-2023","243.85","249.70","243.75","248.75","10,069,774"
"21-Jun-2023","248.80","259.05","248.75","258.20","23,379,070"
"22-Jun-2023","258.00","258.00","252.70","253.55","5,573,224"
"23-Jun-2023","253.60","254.65","249.55","250.10","4,195,045"
"26-Jun-2023","250.00","250.25","247.15","248.50","5,479,022"
"27-Jun-2023","248.10","250.05","247.65","249.55","8,357,181"
"28-Jun-2023","250.80","252.50","246.45","250.15","13,356,538"
"30-Jun-2023","256.50","259.70","251.20","255.15","13,244,985"
"03-Jul-2023","254.55","254.95","249.50","250.50","9,350,430"
"04-Jul-2023","252.50","252.50","249.20","249.60","6,478,476"
"05-Jul-2023","249.70","253.95","249.50","253.25","4,005,681"
"06-Jul-2023","259.95","263.60","254.40","262.70","12,528,785"
"07-Jul-2023","262.55","262.55","254.70","255.45","9,861,888"
"10-Jul-2023","255.45","256.40","248.50","250.00","11,489,286"
"11-Jul-2023","252.00","255.40","250.05","253.50","5,614,534"
"12-Jul-2023","254.00","254.75","251.15","252.05","7,043,158"
"13-Jul-2023","251.75","252.20","241.70","243.10","22,943,588"
"14-Jul-2023","243.00","244.40","236.70","240.05","54,064,374"
"17-Jul-2023","242.50","244.95","239.20","241.00","8,605,621"
"18-Jul-2023","241.00","243.70","239.60","241.15","11,205,445"
"19-Jul-2023","241.00","246.20","240.55","243.25","17,216,156"
"20-Jul-2023","243.95","245.85","242.30","244.25","7,686,812"
"21-Jul-2023","243.25","246.30","242.20","244.10","13,849,807"
"24-Jul-2023","244.05","248.15","242.85","247.45","11,119,172"
"25-Jul-2023","248.95","251.50","248.15","251.15","7,875,013"
"26-Jul-2023","253.90","255.65","250.00","251.00","9,673,629"
"27-Jul-2023","252.00","253.40","249.70","250.70","8,127,580"
"28-Jul-2023","251.80","261.15","250.10","258.20","13,138,844"
"31-Jul-2023","262.00","267.00","259.15","266.05","18,202,301"
"01-Aug-2023","262.00","262.00","250.50","251.80","23,546,777"
"02-Aug-2023","252.90","253.80","246.60","248.55","15,619,054"
"03-Aug-2023","249.00","250.60","246.10","248.70","8,161,515"
"04-Aug-2023","248.00","249.05","246.60","247.35","5,554,793"
"07-Aug-2023","248.80","248.95","246.00","247.95","4,759,475"
"08-Aug-2023","245.25","245.25","240.65","241.50","11,378,795"
"09-Aug-2023","243.00","243.50","239.75","240.35","13,831,606"
"10-Aug-2023","240.55","242.65","240.05","241.80","7,471,838"
"11-Aug-2023","245.50","246.25","242.80","244.30","17,899,555"
"14-Aug-2023","244.85","245.30","240.75","244.50","6,891,365"
"16-Aug-2023","244.60","248.65","243.05","248.05","6,893,604"
"17-Aug-2023","248.05","248.80","242.20","243.70","11,475,857"
"18-Aug-2023","243.65","243.65","240.10","241.00","9,219,181"
"21-Aug-2023","242.30","247.70","241.70","247.20","6,847,145"
"22-Aug-2023","248.00","250.15","246.70","247.80","8,330,873"
"23-Aug-2023","250.00","250.00","247.20","249.60","6,365,715"
"24-Aug-2023","250.00","252.65","245.80","246.30","14,236,566"
"25-Aug-2023","246.15","247.40","241.40","242.00","9,638,508"
"28-Aug-2023","243.00","249.00","242.55","248.50","8,931,499"
"29-Aug-2023","249.60","253.00","248.60","251.15","9,272,491"
"30-Aug-2023","251.30","251.60","246.45","247.10","5,061,006"
"31-Aug-2023","247.85","249.60","243.55","244.55","15,536,865"
"01-Sep-2023","247.00","252.60","245.20","252.20","9,840,543"
"04-Sep-2023","253.60","256.50","250.80","255.40","7,680,024"
"05-Sep-2023","255.30","257.00","253.00","254.30","8,169,890"
"06-Sep-2023","256.70","257.25","252.15","254.50","7,513,855"
"07-Sep-2023","254.00","257.70","252.15","257.00","10,320,340"
"08-Sep-2023","258.25","261.30","257.10","258.65","12,586,314"
"11-Sep-2023","260.35","265.00","257.60","264.50","13,262,855"
"12-Sep-2023","203.00","204.25","190.65","191.30","29,826,173"
"13-Sep-2023","193.20","194.60","191.30","193.20","10,692,151"
"14-Sep-2023","194.20","195.65","193.70","195.15","10,941,807"
"15-Sep-2023","196.15","196.20","192.20","194.10","20,516,593"
"18-Sep-2023","195.25","200.50","194.10","200.10","25,627,043"
"20-Sep-2023","198.70","205.95","198.45","204.65","33,369,524"
"21-Sep-2023","205.00","205.55","200.40","201.60","20,332,556"
"22-Sep-2023","200.55","202.90","196.40","199.15","21,193,988"
"25-Sep-2023","200.00","200.65","196.70","198.90","11,951,847"
"26-Sep-2023","199.10","200.05","197.60","198.35","7,440,011"
"27-Sep-2023","199.30","199.60","197.30","199.35","6,736,870"
"28-Sep-2023","200.10","204.45","197.80","200.75","50,185,120"
"29-Sep-2023","200.95","201.90","199.10","199.75","16,293,959"
"03-Oct-2023","198.75","200.00","196.90","199.55","10,830,728"
"04-Oct-2023","198.90","199.40","195.40","199.00","14,120,040"
"05-Oct-2023","199.50","199.50","195.35","196.60","14,575,590"
"06-Oct-2023","197.00","197.45","194.85","197.05","12,857,229"
"09-Oct-2023","196.50","196.90","193.75","196.25","7,853,369"
"10-Oct-2023","196.25","198.55","195.70","197.95","7,440,527"
"11-Oct-2023","197.35","199.15","197.35","198.50","10,031,916"
"12-Oct-2023","197.35","202.00","197.35","200.75","21,872,719"
"13-Oct-2023","200.45","202.40","199.30","201.80","13,105,921"
"16-Oct-2023","200.30","203.85","200.10","203.05","18,336,656"
"17-Oct-2023","203.55","209.00","202.60","207.15","19,378,328"
"18-Oct-2023","208.45","208.45","204.00","206.50","14,923,328"
"19-Oct-2023","204.00","207.40","202.20","205.80","13,192,888"
"20-Oct-2023","205.20","205.20","200.90","202.85","22,081,120"
"23-Oct-2023","202.00","205.15","199.00","199.75","6,988,219"
"25-Oct-2023","199.00","200.45","197.80","199.50","16,817,158"
"26-Oct-2023","198.75","200.00","196.30","198.95","11,070,090"
"27-Oct-2023","199.25","201.80","199.15","200.95","9,995,487"
"30-Oct-2023","200.95","202.20","197.65","200.85","7,679,981"
"31-Oct-2023","201.50","202.95","200.55","202.15","7,474,770"
"01-Nov-2023","202.35","202.35","200.50","200.95","5,598,615"
"02-Nov-2023","201.75","203.65","200.90","203.10","12,924,797"
"03-Nov-2023","203.40","206.50","203.10","204.40","8,684,015"
"06-Nov-2023","205.00","208.95","204.95","208.20","9,804,415"
"07-Nov-2023","208.20","209.10","205.75","208.00","10,730,361"
"08-Nov-2023","209.00","209.60","206.65","207.00","7,435,543"
"09-Nov-2023","207.30","210.50","206.10","209.80","13,777,877"
"10-Nov-2023","210.50","213.00","209.60","211.15","12,066,023"
"12-Nov-2023","213.60","213.70","211.70","212.00","1,008,214"
"13-Nov-2023","212.00","215.10","210.70","212.30","11,352,269"
"15-Nov-2023","215.00","215.00","209.80","210.15","19,182,861"
"16-Nov-2023","206.70","208.85","205.70","207.20","27,533,260"
"17-Nov-2023","207.70","210.70","206.90","209.50","16,705,395"
"20-Nov-2023","210.10","211.20","208.85","209.30","11,156,900"
"21-Nov-2023","210.00","210.15","207.95","208.95","9,608,081"
"22-Nov-2023","208.20","212.60","208.20","211.60","13,079,580"
"23-Nov-2023","212.05","213.10","209.25","210.90","11,382,709"
"24-Nov-2023","211.30","212.10","209.50","210.45","7,250,200"
"28-Nov-2023","214.45","214.45","209.50","210.20","15,629,209"
"29-Nov-2023","210.30","211.45","209.10","211.05","10,062,023"
"30-Nov-2023","210.40","212.80","208.25","208.95","60,354,322"
"01-Dec-2023","211.50","212.45","209.45","210.20","20,719,909"
"04-Dec-2023","211.70","214.10","211.70","212.90","27,914,088"
"05-Dec-2023","213.70","223.25","211.55","222.30","40,709,207"
"06-Dec-2023","226.00","226.25","222.50","224.40","29,544,730"
"07-Dec-2023","225.00","232.40","224.25","230.00","24,534,268"
"08-Dec-2023","231.80","233.40","226.45","228.60","22,206,320"
"11-Dec-2023","228.00","232.90","226.55","230.95","19,106,395"
"12-Dec-2023","230.00","233.30","229.50","231.35","14,355,329"
"13-Dec-2023","231.00","237.50","230.60","236.95","26,878,281"
"14-Dec-2023","237.25","237.60","231.10","232.10","29,972,018"
"15-Dec-2023","235.00","238.10","227.15","237.35","41,341,690"
"18-Dec-2023","236.90","236.90","231.45","231.85","29,051,897"
"19-Dec-2023","232.15","234.40","230.85","233.55","12,612,164"
"20-Dec-2023","234.95","235.40","226.20","227.15","20,400,245"
"21-Dec-2023","224.45","233.20","222.70","232.35","17,755,207"
"22-Dec-2023","233.00","234.20","230.50","231.75","9,735,375"
"26-Dec-2023","232.00","235.80","231.05","233.35","6,772,092"
"27-Dec-2023","235.00","235.85","232.50","234.05","10,231,881"
"28-Dec-2023","235.10","239.95","234.10","239.10","39,164,340"
"29-Dec-2023","237.80","238.25","234.75","237.20","12,665,999"
"01-Jan-2024","237.90","239.50","236.40","238.25","5,952,776"
"02-Jan-2024","240.00","240.10","236.15","237.85","9,128,513"
"03-Jan-2024","236.00","238.70","234.60","237.05","8,284,439"
"04-Jan-2024","238.00","243.10","237.05","241.45","19,663,959"
"05-Jan-2024","242.00","245.00","239.30","241.25","16,345,257"
"08-Jan-2024","242.40","245.25","240.40","242.35","13,585,746"
"09-Jan-2024","242.60","244.65","241.50","242.30","8,688,409"
"10-Jan-2024","241.00","242.10","238.00","239.15","16,872,195"
"11-Jan-2024","240.25","243.10","239.20","241.95","18,812,468"
"12-Jan-2024","242.50","242.65","238.80","239.50","11,296,498"
"15-Jan-2024","240.40","241.50","237.00","241.15","12,597,366"
"16-Jan-2024","241.65","242.40","237.70","239.05","7,478,450"
"17-Jan-2024","238.50","241.20","237.70","239.20","13,620,300"
"18-Jan-2024","227.25","235.70","226.05","233.45","25,522,629"
"19-Jan-2024","235.00","236.95","232.40","235.40","20,931,080"
"20-Jan-2024","238.00","240.80","236.50","237.20","6,491,870"
"23-Jan-2024","241.00","246.80","236.25","237.95","27,492,163"
"24-Jan-2024","236.15","247.00","235.00","246.20","28,309,825"
"25-Jan-2024","244.75","248.70","243.10","245.50","20,651,484"
"29-Jan-2024","245.45","255.00","245.15","253.95","26,181,011"
"30-Jan-2024","254.00","256.95","251.50","254.10","16,031,367"
"31-Jan-2024","254.00","260.00","252.40","259.30","34,369,455"
"01-Feb-2024","259.00","270.95","258.30","265.80","29,929,092"
"02-Feb-2024","264.50","281.40","263.95","277.10","33,900,724"
"05-Feb-2024","277.50","289.40","274.90","282.90","27,440,927"
"06-Feb-2024","282.90","282.90","272.30","274.25","29,668,277"
"07-Feb-2024","272.10","274.40","266.80","267.95","27,335,466"
"08-Feb-2024","270.80","288.05","270.80","276.20","69,776,717"
"09-Feb-2024","278.60","279.45","269.10","273.00","24,496,638"
"12-Feb-2024","273.20","276.00","266.25","270.30","19,140,023"
"13-Feb-2024","270.30","270.85","264.25","270.25","22,031,847"
"14-Feb-2024","269.50","275.00","267.00","273.65","13,546,941"
"15-Feb-2024","272.00","283.35","271.35","281.65","25,475,670"
"16-Feb-2024","282.00","282.90","273.30","274.55","25,129,188"
"19-Feb-2024","275.10","278.30","273.30","276.35","11,429,901"
"20-Feb-2024","278.35","288.75","277.70","287.90","43,053,543"
"21-Feb-2024","287.55","289.45","279.25","280.10","24,651,085"
"22-Feb-2024","280.10","283.50","273.25","282.60","26,793,590"
"23-Feb-2024","282.55","285.20","279.00","281.95","14,313,526"
"26-Feb-2024","282.95","291.50","282.05","287.80","31,012,494"
"27-Feb-2024","284.10","293.40","284.10","292.50","36,510,093"
"28-Feb-2024","291.50","293.65","278.40","279.55","18,824,161"
"29-Feb-2024","279.60","285.00","274.40","282.85","35,043,015"
"01-Mar-2024","285.00","289.40","284.60","287.70","15,149,735"
"02-Mar-2024","289.00","289.80","286.20","286.85","494,394"
"04-Mar-2024","288.00","297.00","288.00","294.65","23,131,460"
"05-Mar-2024","292.05","295.45","289.75","295.00","13,220,556"
"06-Mar-2024","290.30","294.90","286.50","293.70","15,969,436"
"07-Mar-2024","294.00","298.90","291.00","292.65","14,908,694"
"11-Mar-2024","288.40","291.95","284.40","285.55","19,020,659"
"12-Mar-2024","284.90","288.65","282.75","285.15","17,906,155"
"13-Mar-2024","283.30","283.90","261.80","264.30","39,389,523"
"14-Mar-2024","264.05","268.40","260.70","266.35","26,005,940"
"15-Mar-2024","268.10","272.00","257.65","265.95","43,817,794"
"18-Mar-2024","265.95","266.65","259.50","264.90","12,423,655"
"19-Mar-2024","262.15","266.50","258.30","259.00","20,031,514"
"20-Mar-2024","259.95","265.15","258.95","264.65","11,308,487"
"21-Mar-2024","267.80","274.50","267.10","273.75","23,559,105"
"22-Mar-2024","273.75","278.25","271.35","275.75","22,097,588"
"26-Mar-2024","270.10","274.10","266.10","270.05","28,477,120"
"27-Mar-2024","271.00","272.80","269.20","270.25","18,094,214"
"28-Mar-2024","272.00","279.50","271.65","276.90","26,646,830"
"01-Apr-2024","280.75","281.60","277.65","280.15","8,945,400"
"02-Apr-2024","279.25","281.70","278.50","279.55","13,229,425"
"03-Apr-2024","280.15","283.10","278.55","280.10","14,499,308"
"04-Apr-2024","282.80","286.70","275.05","277.65","23,722,104"
"05-Apr-2024","279.95","279.95","275.15","278.40","9,308,711"
"08-Apr-2024","280.55","284.20","279.05","281.75","14,473,340"
"09-Apr-2024","282.85","284.35","281.00","281.20","5,780,865"
"10-Apr-2024","280.00","285.35","280.00","282.55","8,809,693"
"12-Apr-2024","281.50","284.45","274.65","275.25","17,731,780"
"15-Apr-2024","270.25","276.20","268.40","274.05","13,378,690"
"16-Apr-2024","273.00","275.55","271.25","274.25","9,662,195"
"18-Apr-2024","287.90","289.90","277.70","280.10","51,039,603"
"19-Apr-2024","278.10","282.25","274.70","281.65","18,755,469"
"22-Apr-2024","284.00","284.70","281.70","283.65","14,965,203"
"23-Apr-2024","283.65","287.15","280.70","285.35","11,464,036"
"24-Apr-2024","285.00","291.85","284.40","290.40","19,324,163"
"25-Apr-2024","292.00","294.50","289.25","293.30","22,022,414"
"26-Apr-2024","294.25","296.15","291.45","292.25","15,581,578"
"29-Apr-2024","292.30","294.60","289.60","293.70","9,804,396"
"30-Apr-2024","293.70","304.35","293.05","301.85","33,288,857"
"02-May-2024","301.95","317.25","301.85","313.60","44,059,506"
"03-May-2024","312.00","316.10","308.25","310.85","27,074,447"
"06-May-2024","310.20","310.80","303.10","306.85","16,855,909"
"07-May-2024","307.00","308.30","294.50","295.25","13,857,464"
"08-May-2024","292.00","302.85","292.00","302.00","18,754,452"
"09-May-2024","302.75","304.35","295.25","296.15","11,196,567"
"10-May-2024","296.25","304.45","296.25","303.75","11,786,977"
"13-May-2024","304.20","307.65","297.60","306.55","11,710,605"
"14-May-2024","308.00","313.00","307.75","309.25","9,957,875"
"15-May-2024","310.00","316.30","308.85","314.85","11,397,656"
"16-May-2024","314.50","315.60","305.30","312.50","19,843,532"
"17-May-2024","314.90","316.00","310.75","313.15","9,069,551"
"18-May-2024","315.85","318.25","315.00","316.90","1,506,930"
"21-May-2024","311.00","327.45","311.00","325.65","21,976,662"
"22-May-2024","327.75","327.75","320.20","325.75","10,287,081"
"23-May-2024","319.45","320.70","309.00","319.90","35,705,284"
"24-May-2024","318.00","322.95","317.40","318.80","15,058,182"
"27-May-2024","321.50","321.50","314.50","317.95","12,857,918"
"28-May-2024","319.00","319.50","312.00","312.80","10,935,739"
"29-May-2024","309.10","318.70","309.10","317.70","16,812,268"
"30-May-2024","314.60","317.65","303.80","306.70","22,768,893"
"31-May-2024","308.55","311.50","305.70","310.00","36,929,443"
"03-Jun-2024","335.00","348.70","325.60","337.65","55,218,939"
"04-Jun-2024","334.95","334.95","279.75","295.95","73,262,478"
"05-Jun-2024","296.30","301.05","279.20","298.80","45,312,613"
"06-Jun-2024","303.40","311.45","298.10","300.45","36,508,044"
"07-Jun-2024","298.05","310.65","296.80","309.35","38,016,104"
"10-Jun-2024","313.00","323.35","311.60","315.80","25,478,964"
"11-Jun-2024","316.20","319.70","315.15","316.55","12,238,518"
"12-Jun-2024","319.90","327.10","316.90","324.65","20,346,144"
"13-Jun-2024","327.00","327.95","320.65","321.45","11,756,503"
"14-Jun-2024","326.00","326.00","319.35","321.50","14,159,988"
"18-Jun-2024","322.00","332.50","322.00","331.80","21,653,702"
"19-Jun-2024","334.00","334.85","325.40","327.30","14,235,150"
"20-Jun-2024","327.50","328.30","322.30","324.55","11,749,507"
"21-Jun-2024","326.70","329.60","323.00","325.95","17,209,541"
"24-Jun-2024","323.10","334.00","322.55","332.95","18,044,357"
"25-Jun-2024","335.00","335.00","325.80","327.40","13,979,671"
"26-Jun-2024","325.70","330.20","324.95","326.70","12,946,277"
"27-Jun-2024","328.55","332.50","324.35","331.55","27,061,015"
"28-Jun-2024","333.00","337.35","329.60","330.95","21,676,594"
"01-Jul-2024","331.00","331.75","325.25","329.60","11,959,181"
"02-Jul-2024","330.05","334.40","328.05","330.80","12,684,459"
"03-Jul-2024","331.10","336.90","329.10","335.15","9,369,793"
"04-Jul-2024","337.00","338.70","333.90","335.00","12,878,827"
"05-Jul-2024","335.00","339.90","332.85","339.40","10,894,118"
"08-Jul-2024","341.00","341.00","336.85","339.40","7,828,162"
"09-Jul-2024","340.00","342.35","338.10","341.15","9,214,579"
"10-Jul-2024","343.00","347.80","335.50","346.05","10,662,609"
"11-Jul-2024","348.50","348.75","342.00","342.80","12,642,065"
"12-Jul-2024","342.80","345.90","340.10","343.10","11,380,570"
"15-Jul-2024","345.40","345.40","340.20","343.85","5,277,531"
"16-Jul-2024","342.75","347.00","341.50","342.45","11,363,095"
"18-Jul-2024","342.00","344.70","336.95","341.25","13,908,161"
"19-Jul-2024","339.55","341.85","331.00","332.20","12,937,990"
"22-Jul-2024","330.00","339.40","329.50","338.60","10,678,640"
"23-Jul-2024","339.10","340.50","321.10","334.25","15,954,324"
"24-Jul-2024","330.90","338.80","330.30","337.15","12,573,882"
"25-Jul-2024","330.45","342.60","330.45","339.45","16,271,884"
"26-Jul-2024","340.35","345.55","338.50","344.20","11,468,068"
"29-Jul-2024","339.80","345.90","337.75","342.35","31,849,674"
"30-Jul-2024","345.00","356.95","343.30","349.80","25,813,219"
"31-Jul-2024","348.25","350.65","342.60","348.20","17,976,593"
"01-Aug-2024","351.15","362.50","350.15","361.10","26,792,459"
"02-Aug-2024","358.00","361.05","354.00","358.25","13,771,470"
"05-Aug-2024","352.75","354.80","341.50","342.80","13,566,586"
"06-Aug-2024","342.80","350.80","339.25","340.75","12,273,667"
"07-Aug-2024","345.85","352.55","343.40","352.05","12,441,847"
"08-Aug-2024","355.00","355.00","341.25","342.65","15,489,731"
"09-Aug-2024","347.90","348.95","344.30","346.00","8,720,610"
"12-Aug-2024","343.00","343.80","339.50","341.15","12,521,136"
"13-Aug-2024","337.00","342.45","335.15","336.95","10,435,954"
"14-Aug-2024","337.00","338.35","332.50","333.50","12,385,993"
"16-Aug-2024","333.00","339.55","330.60","338.60","13,013,828"
"19-Aug-2024","342.65","343.30","339.30","340.30","5,891,370"
"20-Aug-2024","340.45","342.65","338.80","340.50","6,393,840"
"21-Aug-2024","340.00","340.95","336.15","336.65","10,118,601"
"22-Aug-2024","336.00","337.70","330.50","334.00","18,370,039"
"23-Aug-2024","334.65","336.95","333.35","336.25","7,494,822"
"26-Aug-2024","336.45","341.50","335.85","338.25","7,993,675"
"27-Aug-2024","339.00","341.45","335.00","335.35","9,589,690"
"28-Aug-2024","335.35","338.90","333.75","334.45","8,790,600"
"29-Aug-2024","332.50","335.90","328.80","333.30","17,653,536"
"30-Aug-2024","335.00","340.85","334.05","337.40","22,713,812"
"02-Sep-2024","338.40","339.90","334.20","335.55","9,789,776"
"03-Sep-2024","336.00","337.95","334.00","334.65","8,434,423"
"04-Sep-2024","331.20","334.70","331.00","332.90","9,025,610"
"05-Sep-2024","332.35","334.30","329.60","331.25","13,912,371"
"06-Sep-2024","333.05","333.10","325.00","329.80","23,755,639"
"09-Sep-2024","327.70","329.20","323.55","328.55","18,597,200"
"10-Sep-2024","327.00","335.30","327.00","334.15","15,472,387"
"11-Sep-2024","336.90","337.25","332.00","333.20","10,134,008"
"12-Sep-2024","334.85","339.00","333.25","338.20","18,410,837"
"13-Sep-2024","339.80","341.25","336.10","337.25","10,417,461"
"16-Sep-2024","337.25","341.50","337.05","338.25","7,748,570"
"17-Sep-2024","336.70","340.00","334.50","336.90","11,451,846"
"18-Sep-2024","338.50","338.90","333.10","334.30","6,583,254"
"19-Sep-2024","336.20","338.35","333.10","334.90","10,589,610"
"20-Sep-2024","338.15","342.95","334.75","340.85","31,236,123"
"23-Sep-2024","342.00","342.50","340.25","341.15","6,542,941"
"24-Sep-2024","344.55","351.00","342.35","350.05","26,145,769"
"25-Sep-2024","353.85","366.25","352.35","363.75","40,770,462"
"26-Sep-2024","364.05","366.10","357.20","365.45","18,733,959"
"27-Sep-2024","362.20","363.30","353.35","354.25","33,148,043"
"30-Sep-2024","354.25","357.45","349.70","352.85","16,356,171"
"01-Oct-2024","351.10","356.00","349.95","350.80","9,856,291"
"03-Oct-2024","343.00","349.90","342.60","344.15","19,350,466"
"04-Oct-2024","343.00","347.45","337.75","338.85","20,121,706"
"07-Oct-2024","340.00","340.00","325.00","328.95","13,851,446"
"08-Oct-2024","327.30","331.00","322.35","327.15","21,148,292"
"09-Oct-2024","327.00","331.80","325.50","329.75","9,228,363"
"10-Oct-2024","330.20","338.10","330.10","334.35","20,773,976"
"11-Oct-2024","334.45","335.35","329.50","330.05","6,098,468"
"14-Oct-2024","330.05","331.50","327.80","330.70","5,944,216"
"15-Oct-2024","333.45","333.45","327.50","329.85","12,415,489"
"16-Oct-2024","331.70","332.65","324.95","327.20","22,085,298"
"17-Oct-2024","328.50","331.90","324.60","331.15","17,039,729"
"18-Oct-2024","331.50","333.85","328.25","332.05","10,569,021"
"21-Oct-2024","333.00","333.75","329.45","331.15","8,745,904"
"22-Oct-2024","332.90","335.65","321.05","322.75","11,219,831"
"23-Oct-2024","319.20","321.90","313.85","316.90","12,541,589"
"24-Oct-2024","315.25","320.80","315.25","319.15","8,327,779"
"25-Oct-2024","321.50","321.50","313.25","315.80","12,979,410"
"28-Oct-2024","314.50","320.45","310.75","318.30","9,610,615"
"29-Oct-2024","316.10","321.20","314.15","320.55","15,856,332"
"30-Oct-2024","318.55","325.40","316.75","318.45","14,498,110"
"31-Oct-2024","320.40","322.70","317.85","320.80","9,900,390"
"01-Nov-2024","322.45","322.70","320.00","322.05","847,672"
"04-Nov-2024","324.55","324.70","311.60","315.45","9,249,409"
"05-Nov-2024","312.35","317.70","312.00","316.60","7,518,195"
"06-Nov-2024","317.40","320.35","313.90","318.50","11,019,250"
"07-Nov-2024","319.00","319.00","311.70","312.95","14,504,208"
"08-Nov-2024","311.85","317.55","308.70","316.25","15,740,539"
"11-Nov-2024","313.55","332.40","312.80","329.80","22,838,987"
"12-Nov-2024","331.50","332.50","321.80","322.70","12,069,181"
"13-Nov-2024","322.65","324.60","317.15","318.00","12,918,639"
"14-Nov-2024","315.10","318.80","310.60","312.10","12,500,377"
"18-Nov-2024","314.00","315.55","310.10","312.05","9,408,101"
"19-Nov-2024","313.05","318.25","312.25","315.05","13,157,158"
"21-Nov-2024","316.00","326.75","313.00","325.90","25,406,386"
"22-Nov-2024","325.80","337.60","324.00","336.95","31,523,269"
"25-Nov-2024","341.85","345.40","336.15","342.75","29,419,152"
"26-Nov-2024","342.00","344.60","337.90","338.80","13,997,179"
"27-Nov-2024","337.25","341.30","336.50","339.25","12,177,260"
"28-Nov-2024","339.25","341.75","332.20","333.65","16,920,231"
"29-Nov-2024","331.35","332.50","326.50","329.40","13,890,537"
"02-Dec-2024","328.15","331.95","326.20","327.85","16,003,524"
"03-Dec-2024","324.25","331.35","324.25","329.65","23,174,488"
"04-Dec-2024","329.05","331.25","321.10","325.05","17,880,011"
"05-Dec-2024","325.00","330.45","319.55","328.35","19,785,053"
"06-Dec-2024","327.10","332.75","326.70","328.90","8,802,058"
"09-Dec-2024","327.75","330.65","326.70","329.10","9,376,929"
"10-Dec-2024","331.85","331.85","325.35","327.90","14,994,365"
"11-Dec-2024","327.25","329.00","326.85","327.55","5,013,051"
"12-Dec-2024","328.00","329.90","325.85","329.20","10,414,162"
"13-Dec-2024","330.65","334.30","325.05","333.85","14,973,536"
"16-Dec-2024","333.85","336.25","331.60","335.00","12,695,136"
"17-Dec-2024","332.50","335.55","328.00","329.80","17,360,248"
"18-Dec-2024","328.00","329.10","320.65","321.55","15,037,099"
"19-Dec-2024","318.00","323.85","316.85","321.65","10,234,715"
"20-Dec-2024","321.30","325.60","313.60","315.80","13,973,399"
"23-Dec-2024","318.00","318.30","311.55","315.30","5,984,169"
"24-Dec-2024","314.10","316.65","308.75","310.10","4,833,589"
"26-Dec-2024","310.10","313.10","308.75","310.30","3,775,101"
"27-Dec-2024","310.75","312.30","308.80","309.40","3,981,693"
"30-Dec-2024","309.00","312.00","306.30","307.55","12,489,142"
"31-Dec-2024","307.35","309.75","305.15","308.70","8,402,716"
"01-Jan-2025","308.70","311.35","305.90","310.40","4,239,498"
"02-Jan-2025","309.85","317.20","308.75","315.15","10,766,571"
"03-Jan-2025","316.35","318.00","313.65","316.05","7,636,948"
"06-Jan-2025","315.80","316.50","304.80","306.00","6,722,495"
"07-Jan-2025","306.00","310.70","303.00","305.05","10,137,739"
"08-Jan-2025","306.15","307.85","303.00","306.65","6,907,996"
"09-Jan-2025","306.65","306.90","303.65","305.25","8,244,909"
"10-Jan-2025","304.05","305.25","298.50","299.70","6,540,783"
"13-Jan-2025","295.00","298.55","286.75","287.60","19,474,228"
"14-Jan-2025","287.75","293.05","286.80","290.25","15,954,608"
"15-Jan-2025","295.00","302.50","291.10","298.65","12,198,882"
"16-Jan-2025","299.00","301.60","296.60","297.65","11,694,289"
"17-Jan-2025","297.65","305.00","295.70","302.60","7,593,230"
"20-Jan-2025","302.60","308.80","301.95","306.25","9,435,937"
"21-Jan-2025","307.00","309.95","301.50","302.35","13,911,546"
"22-Jan-2025","302.00","302.30","295.80","297.55","9,723,333"
"23-Jan-2025","297.50","299.60","293.60","294.35","12,228,286"
"24-Jan-2025","295.30","302.50","294.35","295.85","11,142,914"
"27-Jan-2025","295.00","295.00","283.75","287.00","13,477,947"
"28-Jan-2025","287.15","288.80","279.35","283.95","11,298,068"
"29-Jan-2025","285.35","289.15","283.30","287.85","4,800,024"
"30-Jan-2025","287.85","297.10","287.85","295.35","10,969,499"
"31-Jan-2025","297.00","303.45","295.90","301.65","14,141,459"
"01-Feb-2025","301.65","305.35","288.65","289.85","6,945,157"
"03-Feb-2025","290.00","292.00","278.00","283.80","14,978,897"
"04-Feb-2025","281.00","286.40","272.10","285.65","19,836,427"
"05-Feb-2025","285.60","290.75","284.55","285.20","15,337,191"
"06-Feb-2025","287.50","290.95","279.75","281.15","21,418,561"
"07-Feb-2025","273.10","281.90","270.00","278.15","17,193,482"
"10-Feb-2025","275.00","276.00","268.10","268.70","16,709,670"
"11-Feb-2025","268.70","268.80","260.00","261.45","22,083,955"
"12-Feb-2025","259.50","262.10","254.00","257.05","17,861,265"
"13-Feb-2025","257.25","261.35","256.10","259.15","12,257,226"
"14-Feb-2025","260.40","261.50","254.75","257.35","11,339,563"
"17-Feb-2025","256.90","264.00","252.20","263.20","8,332,653"
"18-Feb-2025","263.85","267.90","260.20","266.95","10,483,635"
"19-Feb-2025","262.50","268.50","262.30","263.05","14,602,009"
"20-Feb-2025","262.75","266.45","261.30","265.75","15,312,926"
"21-Feb-2025","265.30","265.75","259.40","261.90","10,757,038"
"24-Feb-2025","258.00","261.80","257.25","259.15","14,599,185"
"25-Feb-2025","258.80","259.95","254.90","255.75","21,287,363"
"27-Feb-2025","254.00","257.45","253.45","256.25","13,614,799"
"28-Feb-2025","255.90","257.00","247.30","250.85","38,512,868"
"03-Mar-2025","253.00","253.80","248.50","252.50","9,873,539"
"04-Mar-2025","250.00","257.15","249.45","254.00","11,947,033"
"05-Mar-2025","256.95","267.20","255.75","264.40","14,536,637"
"06-Mar-2025","265.15","267.30","260.70","266.65","11,926,868"
"07-Mar-2025","266.00","268.65","261.60","263.30","10,043,068"
"10-Mar-2025","261.05","274.25","261.05","271.30","30,233,763"
"11-Mar-2025","270.00","271.85","265.85","267.30","9,255,499"
"12-Mar-2025","270.70","272.40","263.60","267.10","11,875,548"
"13-Mar-2025","269.80","270.65","265.50","267.65","9,270,442"
"17-Mar-2025","270.00","270.65","264.95","267.35","11,987,667"
"18-Mar-2025","269.15","272.40","267.30","270.80","8,899,126"
"19-Mar-2025","272.00","278.30","269.80","277.20","13,089,950"
"20-Mar-2025","283.50","283.55","277.05","280.35","13,710,249"
"21-Mar-2025","281.00","285.15","280.05","283.10","26,003,527"
"24-Mar-2025","285.00","293.95","284.45","291.85","19,966,817"
"25-Mar-2025","291.00","295.25","287.65","291.00","16,983,852"
"26-Mar-2025","291.70","296.75","289.55","290.85","20,367,015"
"27-Mar-2025","289.00","297.25","289.00","295.50","37,203,166"
"28-Mar-2025","293.90","294.25","288.30","290.35","10,834,900"
"01-Apr-2025","289.60","296.95","287.00","289.30","11,603,556"
"02-Apr-2025","286.85","289.75","284.50","286.75","11,679,536"
"03-Apr-2025","289.35","299.95","285.10","299.10","23,478,876"
"04-Apr-2025","300.00","300.90","292.10","293.90","21,020,875"
"07-Apr-2025","283.60","293.90","282.30","289.40","22,847,548"
"08-Apr-2025","291.95","294.00","284.65","288.95","20,831,596"
"09-Apr-2025","289.95","299.50","289.30","293.40","21,342,531"
"11-Apr-2025","293.25","305.00","293.25","304.10","19,831,004"
"15-Apr-2025","307.20","310.45","303.70","304.55","16,563,441"
"16-Apr-2025","304.45","307.00","302.80","305.75","7,032,401"
"17-Apr-2025","305.45","309.80","302.00","309.00","8,528,993"
"21-Apr-2025","310.00","322.00","308.45","320.00","13,369,014"
"22-Apr-2025","319.75","319.75","312.10","312.55","10,027,332"
"23-Apr-2025","314.15","316.10","309.45","314.95","8,225,575"
"24-Apr-2025","314.90","315.85","312.85","314.40","8,021,180"
"25-Apr-2025","313.00","315.40","303.40","306.50","11,475,773"
"28-Apr-2025","304.20","310.95","303.55","308.55","7,314,824"
"29-Apr-2025","308.55","310.80","301.20","302.95","14,678,005"
"30-Apr-2025","304.45","310.00","301.90","307.45","17,619,987"
"02-May-2025","305.50","309.00","302.30","303.95","8,428,889"
"05-May-2025","304.80","310.70","304.65","308.20","4,342,960"
"06-May-2025","307.60","310.45","305.55","307.60","9,124,804"
"07-May-2025","308.00","313.15","307.00","311.10","14,679,327"
"08-May-2025","313.40","317.40","304.00","308.25","19,253,478"
"09-May-2025","300.00","303.05","296.40","299.30","11,981,497"
"12-May-2025","304.05","311.10","304.05","309.05","7,145,884"
"13-May-2025","305.00","308.75","298.00","298.45","17,988,336"
"14-May-2025","299.20","300.55","294.05","295.95","10,359,258"
"15-May-2025","295.90","300.40","291.05","299.65","22,640,626"
"16-May-2025","300.00","302.20","295.50","300.20","16,763,668"
"19-May-2025","302.00","304.50","299.00","304.05","12,575,289"
"20-May-2025","304.40","305.30","297.10","297.90","21,339,095"
"21-May-2025","297.75","302.25","295.65","296.15","11,997,632"
"22-May-2025","295.90","296.35","286.55","290.90","26,158,839"
"23-May-2025","292.00","298.75","291.75","298.10","9,872,024"
"26-May-2025","300.05","303.80","295.75","296.70","16,469,130"
"27-May-2025","297.00","297.60","292.20","294.55","17,074,710"
"28-May-2025","294.55","295.65","290.50","291.15","10,099,453"
"29-May-2025","291.35","293.90","291.35","293.10","9,773,818"
"30-May-2025","292.00","294.65","288.25","289.75","21,788,566"
"02-Jun-2025","290.30","293.65","288.40","293.05","7,255,782"
"03-Jun-2025","292.50","295.40","287.75","288.25","10,989,055"
"04-Jun-2025","288.25","289.80","287.05","288.55","8,580,196"
"05-Jun-2025","291.00","295.25","290.10","294.25","13,110,486"
"06-Jun-2025","293.55","297.00","292.95","295.80","7,935,393"
"09-Jun-2025","298.00","301.15","296.15","300.50","8,666,186"
"10-Jun-2025","300.55","301.80","298.25","301.05","7,273,892"
"11-Jun-2025","301.10","301.40","294.00","295.45","10,941,604"
"12-Jun-2025","295.15","295.80","288.50","289.00","14,071,159"
"13-Jun-2025","282.55","286.45","281.80","285.50","16,028,417"
"16-Jun-2025","287.95","290.50","286.30","288.65","11,067,299"
"17-Jun-2025","288.65","290.45","287.20","288.55","7,286,868"
"18-Jun-2025","287.50","288.30","285.50","287.30","11,904,855"
"19-Jun-2025","286.80","287.65","285.30","286.45","13,573,824"
"20-Jun-2025","285.55","294.50","285.05","293.10","33,014,151"
"23-Jun-2025","291.40","293.45","288.10","290.25","6,833,477"
"24-Jun-2025","293.45","294.70","285.35","285.95","15,007,849"
"25-Jun-2025","286.50","291.10","286.50","290.45","10,838,516"
"26-Jun-2025","290.80","294.25","289.75","293.50","10,232,220"
"27-Jun-2025","295.00","300.70","294.15","299.25","15,523,628"
"30-Jun-2025","300.40","301.00","296.25","299.90","8,415,241"
"01-Jul-2025","301.00","301.50","297.00","297.55","12,349,270"
"02-Jul-2025","297.55","298.75","293.40","294.85","10,826,029"
"03-Jul-2025","298.40","298.95","293.10","293.70","10,373,094"
"04-Jul-2025","293.70","295.15","291.65","294.00","14,193,884"
"07-Jul-2025","294.70","296.65","293.50","295.90","6,220,756"
"08-Jul-2025","294.15","298.40","293.05","297.75","6,254,288"
"09-Jul-2025","298.25","300.00","296.40","299.65","5,650,646"
"10-Jul-2025","300.00","302.70","298.00","299.25","9,307,817"
"11-Jul-2025","299.25","300.90","296.95","298.55","7,073,217"
"14-Jul-2025","299.50","300.45","297.45","298.20","5,484,223"
"15-Jul-2025","298.10","300.00","296.85","298.05","6,173,407"
"16-Jul-2025","298.95","298.95","295.70","297.05","8,144,630"
"17-Jul-2025","297.55","298.20","295.80","296.60","8,318,287"
"18-Jul-2025","296.50","301.50","293.50","294.15","8,702,106"
"21-Jul-2025","294.00","297.25","292.25","297.00","5,298,012"
"22-Jul-2025","297.10","298.85","294.55","297.80","7,775,653"
"23-Jul-2025","298.85","299.65","297.10","299.25","5,310,964"
"24-Jul-2025","299.85","301.35","296.50","299.35","6,294,709"
"25-Jul-2025","297.15","297.75","290.90","292.10","8,202,572"
"28-Jul-2025","292.00","295.25","290.75","291.90","7,037,396"
"29-Jul-2025","290.50","293.90","289.80","293.10","6,586,034"
"30-Jul-2025","293.00","296.50","286.60","288.95","10,515,572"
"31-Jul-2025","284.95","294.30","284.95","291.00","14,283,621"
"01-Aug-2025","291.65","292.80","286.30","291.25","6,697,683"
"04-Aug-2025","291.20","291.55","285.70","287.95","10,397,121"
"05-Aug-2025","287.10","288.65","285.10","286.00","15,561,914"
"06-Aug-2025","287.60","288.40","284.05","284.80","12,985,269"
"07-Aug-2025","284.50","286.30","283.40","285.55","8,893,659"
"08-Aug-2025","284.80","286.25","283.60","284.85","6,172,968"
"11-Aug-2025","284.85","286.40","283.30","284.85","8,755,499"
"12-Aug-2025","284.40","287.55","284.00","284.65","13,184,438"
"13-Aug-2025","287.00","289.40","286.05","288.20","9,928,283"
"14-Aug-2025","289.05","290.15","287.15","288.70","8,464,495"
"18-Aug-2025","289.50","291.30","288.50","290.35","9,836,105"
"19-Aug-2025","290.00","290.10","286.55","288.00","7,196,772"
"20-Aug-2025","288.20","289.00","286.95","288.40","3,106,073"
"21-Aug-2025","288.40","289.55","283.60","284.00","7,389,271"
"22-Aug-2025","284.00","284.55","281.80","283.35","6,824,793"
"25-Aug-2025","283.35","284.60","282.20","284.15","7,426,789"
"26-Aug-2025","283.00","283.80","278.90","279.90","22,905,910"
"28-Aug-2025","282.00","282.00","273.60","274.45","12,455,072"
"29-Aug-2025","273.60","276.10","272.25","275.25","12,841,075"
"01-Sep-2025","276.00","280.60","276.00","279.85","10,820,878"
"02-Sep-2025","280.20","287.90","279.85","286.70","16,983,677"
"03-Sep-2025","289.00","289.20","285.60","286.05","30,178,885"
"04-Sep-2025","286.85","287.95","280.90","281.80","5,946,090"
"05-Sep-2025","282.35","286.65","282.35","285.35","9,695,914"
"08-Sep-2025","286.40","287.70","282.10","282.80","5,186,605"
"09-Sep-2025","283.05","284.35","281.70","283.85","7,093,190"
"10-Sep-2025","284.70","286.45","282.50","282.95","7,767,863"
"11-Sep-2025","282.55","288.70","282.55","286.80","7,406,625"
"12-Sep-2025","287.25","288.60","285.10","287.65","7,618,852"
"15-Sep-2025","288.30","288.80","285.75","286.25","5,420,800"
"16-Sep-2025","286.55","289.70","286.35","288.35","8,626,429"
"17-Sep-2025","289.00","289.20","285.95","287.15","19,010,126"
"18-Sep-2025","287.00","289.85","286.10","289.10","16,842,964"
"19-Sep-2025","290.00","290.20","284.90","286.20","14,993,879"
"22-Sep-2025","287.00","289.00","285.90","286.65","9,456,933"
"23-Sep-2025","288.65","289.00","285.40","288.60","13,619,147"
"24-Sep-2025","287.90","294.55","286.95","293.30","14,032,389"
"25-Sep-2025","294.00","294.85","283.60","284.40","16,242,837"
"26-Sep-2025","283.50","284.15","280.10","282.25","8,959,035"
"29-Sep-2025","283.90","286.10","279.95","280.60","14,600,560"
"30-Sep-2025","282.00","286.00","279.00","280.25","18,772,881"
"01-Oct-2025","281.00","282.85","279.90","280.65","11,812,449"
"03-Oct-2025","283.35","290.00","281.05","289.70","19,597,461"
"06-Oct-2025","288.35","288.65","284.55","286.90","11,702,722"
"07-Oct-2025","288.95","292.35","287.10","289.00","11,371,062"
"08-Oct-2025","290.35","290.35","284.65","285.30","9,989,251"
"09-Oct-2025","285.00","286.95","282.25","286.15","10,714,949"
"10-Oct-2025","285.25","291.25","285.25","289.15","10,773,268"
"13-Oct-2025","287.75","288.20","284.90","286.15","8,950,161"
"14-Oct-2025","286.50","287.90","285.40","287.50","7,667,654"
"15-Oct-2025","287.15","293.25","287.05","290.95","8,125,514"
"16-Oct-2025","292.40","293.25","290.60","291.85","7,824,732"
"17-Oct-2025","291.00","291.50","288.00","289.75","14,275,188"
"20-Oct-2025","290.15","292.10","287.10","288.20","13,536,721"
"21-Oct-2025","288.30","289.60","288.20","288.60","398,291"
"23-Oct-2025","288.95","291.15","288.00","289.65","21,031,287"
"24-Oct-2025","289.65","290.75","286.55","288.50","16,350,189"
"27-Oct-2025","289.00","292.80","288.20","291.05","13,396,182"
"28-Oct-2025","290.55","292.60","286.80","288.25","13,543,174"
"29-Oct-2025","289.00","296.65","288.75","295.35","14,608,714"
"30-Oct-2025","296.30","296.45","290.95","291.50","10,329,750"
"31-Oct-2025","292.00","292.00","287.00","288.15","10,088,802"
"03-Nov-2025","289.00","290.15","287.15","288.00","8,578,207"
"04-Nov-2025","284.50","284.95","278.10","279.05","26,098,629"
"06-Nov-2025","278.00","278.50","269.85","270.20","21,919,591"
"07-Nov-2025","270.20","272.80","268.75","272.00","11,379,131"
"10-Nov-2025","268.60","270.55","266.55","268.20","10,717,941"
"11-Nov-2025","268.25","269.15","264.65","267.65","11,154,806"
"12-Nov-2025","269.00","270.25","266.50","267.10","16,444,701"
"13-Nov-2025","267.10","270.45","265.65","269.85","12,573,141"
"14-Nov-2025","270.35","272.30","269.50","271.30","10,308,317"
"17-Nov-2025","272.10","273.95","270.00","273.55","9,884,392"
"18-Nov-2025","274.00","276.80","272.30","274.20","16,434,280"
"19-Nov-2025","275.95","276.00","272.50","275.15","15,765,235"
"20-Nov-2025","275.25","279.05","274.50","277.20","15,337,345"
"21-Nov-2025","277.20","279.00","275.40","277.60","12,941,485"
"24-Nov-2025","278.00","279.05","272.50","275.80","49,791,096"
"25-Nov-2025","275.00","276.90","272.65","273.45","12,114,606"
"26-Nov-2025","274.00","276.95","273.50","275.05","8,352,869"
"27-Nov-2025","277.00","277.00","273.30","273.70","9,865,039"
"28-Nov-2025","273.80","274.35","269.45","269.95","12,580,231"
"01-Dec-2025","272.45","272.45","268.75","269.65","10,428,760"
"02-Dec-2025","269.00","270.65","266.90","267.45","11,029,817"
"03-Dec-2025","267.45","269.00","264.50","268.45","9,063,557"
"04-Dec-2025","266.55","270.20","265.60","269.10","5,103,204"
"05-Dec-2025","268.20","271.50","267.80","269.80","5,535,798"
"08-Dec-2025","268.80","269.40","264.75","265.20","10,203,843"
"09-Dec-2025","264.10","265.75","262.90","264.55","10,686,557"
"10-Dec-2025","264.90","267.25","264.30","265.50","7,157,092"
"11-Dec-2025","264.25","266.35","262.50","264.80","8,336,183"
"12-Dec-2025","265.00","266.75","263.30","263.60","5,522,827"
"15-Dec-2025","263.60","263.85","260.50","262.20","6,400,400"
"16-Dec-2025","262.15","263.35","259.70","260.35","9,241,981"
"17-Dec-2025","260.35","262.75","259.30","261.10","10,944,698"
"18-Dec-2025","260.75","261.70","255.80","257.95","10,930,748"
"19-Dec-2025","258.05","263.95","257.95","263.45","16,657,897"
"22-Dec-2025","259.10","265.60","259.05","265.00","10,054,250"
"23-Dec-2025","265.00","269.30","264.40","267.00","10,526,826"
"24-Dec-2025","267.80","270.05","266.30","268.05","6,131,188"
"26-Dec-2025","268.00","269.30","264.85","265.45","6,029,003"
"29-Dec-2025","265.95","266.45","260.00","260.60","7,270,521"
"30-Dec-2025","260.00","261.45","258.95","260.35","10,929,200"
"31-Dec-2025","261.40","265.20","260.55","264.60","5,145,868"
"26-Feb-2026","307.10","307.70","301.40","304.00","2,565,440"
