"Date","Open","High","Low","Close","Volume"
"01-Jan-2019","3,120.00","3,128.90","3,080.00","3,103.05","140,863"
"02-Jan-2019","3,100.00","3,131.00","3,081.20","3,116.85","152,324"
"03-Jan-2019","3,116.85","3,177.00","3,097.40","3,135.90","311,498"
"04-Jan-2019","3,137.95","3,159.20","3,105.55","3,122.70","170,818"
"07-Jan-2019","3,137.10","3,155.00","3,125.00","3,143.80","152,966"
"08-Jan-2019","3,155.00","3,155.00","3,080.00","3,089.55","217,274"
"09-Jan-2019","3,114.00","3,119.85","3,081.00","3,092.65","257,227"
"10-Jan-2019","3,100.00","3,100.00","3,073.00","3,088.95","229,690"
"11-Jan-2019","3,090.00","3,116.75","3,079.60","3,096.85","353,709"
"14-Jan-2019","3,102.00","3,124.00","3,063.00","3,113.65","154,975"
"15-Jan-2019","3,120.15","3,199.90","3,095.00","3,183.90","278,642"
"16-Jan-2019","3,184.00","3,204.90","3,145.00","3,175.75","182,044"
"17-Jan-2019","3,181.00","3,212.00","3,175.05","3,207.10","154,540"
"18-Jan-2019","3,214.85","3,217.35","3,134.25","3,171.35","161,433"
"21-Jan-2019","3,170.00","3,198.55","3,136.50","3,148.40","174,710"
"22-Jan-2019","3,150.00","3,174.95","3,130.15","3,153.65","156,085"
"23-Jan-2019","3,177.00","3,229.00","3,161.05","3,203.85","286,992"
"24-Jan-2019","3,217.00","3,225.00","3,190.55","3,216.85","148,520"
"25-Jan-2019","3,221.00","3,270.00","3,193.05","3,206.65","325,166"
"28-Jan-2019","3,210.50","3,222.00","3,131.00","3,203.45","216,799"
"29-Jan-2019","3,197.00","3,197.00","3,152.50","3,180.05","179,979"
"30-Jan-2019","3,197.00","3,222.00","3,180.10","3,208.80","116,521"
"31-Jan-2019","3,231.95","3,231.95","3,189.20","3,197.70","255,273"
"01-Feb-2019","3,201.00","3,286.00","3,201.00","3,251.00","387,188"
"04-Feb-2019","3,251.35","3,280.40","3,228.20","3,266.00","140,277"
"05-Feb-2019","3,278.00","3,316.00","3,150.10","3,167.05","503,959"
"06-Feb-2019","3,188.50","3,199.95","3,105.05","3,181.40","313,476"
"07-Feb-2019","3,210.00","3,230.00","3,174.10","3,214.10","374,133"
"08-Feb-2019","3,138.50","3,210.00","3,095.00","3,110.00","640,983"
"11-Feb-2019","3,120.00","3,132.30","3,055.30","3,107.55","265,355"
"12-Feb-2019","3,105.00","3,107.00","3,001.00","3,008.60","515,301"
"13-Feb-2019","3,015.00","3,034.80","2,907.00","2,923.40","504,157"
"14-Feb-2019","2,915.00","2,949.00","2,900.00","2,924.60","288,540"
"15-Feb-2019","2,945.00","2,945.00","2,846.00","2,858.35","374,811"
"18-Feb-2019","2,860.00","2,939.00","2,759.00","2,911.70","700,981"
"19-Feb-2019","2,910.20","2,975.95","2,851.00","2,873.55","484,180"
"20-Feb-2019","2,884.00","2,930.00","2,884.00","2,922.30","271,061"
"21-Feb-2019","2,943.95","3,018.00","2,935.00","3,001.60","724,297"
"22-Feb-2019","3,008.00","3,057.30","2,972.70","3,012.80","313,430"
"25-Feb-2019","3,013.20","3,077.00","2,982.00","3,048.20","336,072"
"26-Feb-2019","3,056.00","3,092.95","3,018.25","3,073.50","568,492"
"27-Feb-2019","3,080.00","3,108.95","3,023.35","3,058.60","393,442"
"28-Feb-2019","3,071.00","3,098.60","3,032.90","3,056.90","447,041"
"01-Mar-2019","3,083.00","3,090.35","3,062.30","3,077.25","217,420"
"05-Mar-2019","3,065.20","3,100.25","3,060.00","3,068.85","246,280"
"06-Mar-2019","3,086.95","3,086.95","3,009.00","3,026.85","383,038"
"07-Mar-2019","3,045.00","3,069.00","3,028.70","3,043.85","254,411"
"08-Mar-2019","3,041.00","3,079.50","3,021.00","3,071.20","190,651"
"11-Mar-2019","3,086.00","3,139.50","3,066.50","3,133.45","336,189"
"12-Mar-2019","3,165.90","3,178.80","3,120.90","3,135.15","413,123"
"13-Mar-2019","3,136.00","3,150.00","3,093.90","3,126.95","298,030"
"14-Mar-2019","3,135.00","3,170.00","3,116.00","3,149.40","293,230"
"15-Mar-2019","3,160.00","3,169.00","3,054.70","3,066.55","403,251"
"18-Mar-2019","3,090.00","3,134.90","3,060.10","3,123.35","238,905"
"19-Mar-2019","3,128.00","3,138.85","3,084.00","3,125.40","184,380"
"20-Mar-2019","3,126.80","3,135.00","3,079.40","3,088.10","257,001"
"22-Mar-2019","3,094.00","3,117.90","3,088.00","3,098.60","197,654"
"25-Mar-2019","3,074.75","3,099.00","3,061.10","3,090.75","224,948"
"26-Mar-2019","3,100.00","3,132.00","3,060.00","3,099.15","340,645"
"27-Mar-2019","3,117.00","3,117.00","3,078.00","3,096.90","360,838"
"28-Mar-2019","3,092.00","3,118.50","3,028.00","3,096.55","3,470,524"
"29-Mar-2019","3,120.00","3,139.00","3,045.00","3,085.50","595,114"
"01-Apr-2019","3,104.95","3,109.00","3,044.00","3,049.85","497,409"
"02-Apr-2019","3,056.00","3,059.60","2,980.40","2,994.20","378,147"
"03-Apr-2019","2,990.00","3,013.50","2,955.20","2,990.10","439,719"
"04-Apr-2019","3,001.95","3,055.00","2,984.15","3,041.80","464,430"
"05-Apr-2019","3,048.00","3,051.05","2,985.75","2,994.05","387,504"
"08-Apr-2019","3,000.00","3,013.95","2,964.50","2,971.50","293,053"
"09-Apr-2019","2,973.10","2,988.75","2,942.50","2,962.90","350,181"
"10-Apr-2019","2,969.90","2,995.00","2,951.30","2,958.80","377,556"
"11-Apr-2019","2,964.00","2,974.05","2,940.00","2,946.05","276,801"
"12-Apr-2019","2,952.00","2,990.00","2,944.00","2,984.30","261,483"
"15-Apr-2019","2,998.00","3,008.00","2,972.00","2,998.45","221,766"
"16-Apr-2019","3,000.00","3,030.00","2,998.00","3,020.50","258,557"
"18-Apr-2019","3,029.85","3,029.85","2,988.15","2,997.75","155,314"
"22-Apr-2019","2,989.00","3,014.00","2,971.00","3,000.15","150,447"
"23-Apr-2019","3,002.00","3,013.95","2,986.35","2,991.00","138,140"
"24-Apr-2019","2,988.00","2,997.55","2,952.05","2,978.20","222,279"
"25-Apr-2019","2,988.00","2,999.00","2,962.65","2,969.25","163,138"
"26-Apr-2019","2,990.00","2,990.00","2,955.00","2,967.70","121,340"
"30-Apr-2019","2,970.00","2,974.90","2,876.05","2,896.05","458,803"
"02-May-2019","2,927.00","2,959.95","2,772.00","2,783.05","1,439,763"
"03-May-2019","2,782.95","2,803.85","2,690.00","2,696.15","1,857,697"
"06-May-2019","2,699.00","2,699.00","2,654.45","2,666.00","764,919"
"07-May-2019","2,683.00","2,720.50","2,644.70","2,650.55","1,182,277"
"08-May-2019","2,656.60","2,667.10","2,615.85","2,649.50","723,429"
"09-May-2019","2,637.00","2,689.80","2,637.00","2,672.40","457,843"
"10-May-2019","2,680.00","2,725.00","2,673.00","2,688.55","471,289"
"13-May-2019","2,695.00","2,707.60","2,668.55","2,676.55","332,869"
"14-May-2019","2,675.90","2,723.00","2,658.05","2,697.60","403,041"
"15-May-2019","2,700.00","2,709.95","2,660.00","2,687.75","322,361"
"16-May-2019","2,699.80","2,737.00","2,677.80","2,716.20","307,180"
"17-May-2019","2,719.85","2,785.10","2,710.00","2,779.25","533,790"
"20-May-2019","2,839.00","2,840.00","2,781.00","2,801.20","442,704"
"21-May-2019","2,800.00","2,867.40","2,794.10","2,848.70","490,607"
"22-May-2019","2,861.00","2,878.00","2,817.50","2,852.65","393,507"
"23-May-2019","2,874.00","2,890.00","2,827.10","2,838.70","262,582"
"24-May-2019","2,845.00","2,867.00","2,808.20","2,851.05","227,827"
"27-May-2019","2,870.00","2,905.00","2,858.05","2,896.55","267,259"
"28-May-2019","2,910.00","2,925.00","2,880.00","2,887.00","441,693"
"29-May-2019","2,887.50","2,930.00","2,871.00","2,917.00","248,043"
"30-May-2019","2,921.00","2,937.05","2,874.60","2,887.15","225,789"
"31-May-2019","2,895.00","2,970.00","2,889.60","2,921.95","577,546"
"03-Jun-2019","2,936.00","3,000.00","2,935.90","2,970.20","535,064"
"04-Jun-2019","2,970.20","2,985.00","2,951.00","2,963.10","211,082"
"06-Jun-2019","2,965.30","2,977.95","2,881.80","2,901.35","333,116"
"07-Jun-2019","2,905.00","2,919.30","2,860.00","2,899.30","285,268"
"10-Jun-2019","2,909.70","3,005.00","2,909.70","2,994.30","477,974"
"11-Jun-2019","3,005.00","3,010.00","2,970.00","2,980.30","282,227"
"12-Jun-2019","2,979.95","3,005.00","2,960.95","2,996.90","203,661"
"13-Jun-2019","2,989.30","2,994.60","2,952.00","2,984.55","213,532"
"14-Jun-2019","2,972.00","2,986.15","2,954.45","2,964.10","117,529"
"17-Jun-2019","2,964.10","2,977.90","2,891.10","2,899.20","234,062"
"18-Jun-2019","2,905.00","2,905.00","2,860.00","2,867.25","302,729"
"19-Jun-2019","2,872.00","2,904.50","2,850.00","2,875.70","258,721"
"20-Jun-2019","2,850.00","2,870.85","2,796.55","2,834.05","425,859"
"21-Jun-2019","2,835.00","2,874.45","2,805.00","2,826.70","363,700"
"24-Jun-2019","2,830.00","2,865.00","2,771.05","2,780.50","369,267"
"25-Jun-2019","2,776.00","2,818.35","2,753.60","2,807.70","304,799"
"26-Jun-2019","2,805.00","2,813.45","2,700.00","2,732.90","1,387,720"
"27-Jun-2019","2,740.00","2,764.60","2,720.00","2,725.90","964,520"
"28-Jun-2019","2,735.00","2,768.00","2,732.00","2,743.70","363,938"
"01-Jul-2019","2,750.10","2,771.00","2,732.00","2,737.55","282,998"
"02-Jul-2019","2,741.05","2,777.00","2,734.30","2,769.25","242,283"
"03-Jul-2019","2,779.00","2,819.00","2,765.45","2,794.70","454,114"
"04-Jul-2019","2,790.00","2,850.00","2,789.00","2,841.35","346,395"
"05-Jul-2019","2,858.00","2,862.90","2,811.90","2,824.85","361,520"
"08-Jul-2019","2,829.90","2,834.95","2,771.05","2,781.15","302,972"
"09-Jul-2019","2,770.00","2,778.40","2,730.15","2,762.65","314,268"
"10-Jul-2019","2,762.00","2,805.00","2,742.90","2,769.55","356,987"
"11-Jul-2019","2,780.00","2,790.90","2,757.00","2,765.15","206,136"
"12-Jul-2019","2,763.00","2,800.00","2,750.75","2,780.60","186,082"
"15-Jul-2019","2,795.00","2,795.00","2,755.00","2,773.60","150,530"
"16-Jul-2019","2,770.00","2,777.00","2,737.60","2,747.15","221,663"
"17-Jul-2019","2,753.95","2,809.95","2,748.00","2,797.80","306,989"
"18-Jul-2019","2,800.00","2,844.00","2,787.55","2,820.85","477,907"
"19-Jul-2019","2,836.35","2,836.65","2,712.10","2,749.15","403,725"
"22-Jul-2019","2,755.00","2,773.30","2,718.00","2,734.50","209,576"
"23-Jul-2019","2,739.00","2,749.95","2,701.00","2,730.20","242,451"
"24-Jul-2019","2,729.00","2,740.00","2,620.05","2,641.45","525,583"
"25-Jul-2019","2,635.65","2,685.00","2,631.10","2,671.55","771,878"
"26-Jul-2019","2,665.00","2,684.85","2,616.55","2,668.45","393,941"
"29-Jul-2019","2,661.75","2,689.30","2,652.60","2,672.30","245,049"
"30-Jul-2019","2,675.00","2,696.95","2,592.50","2,617.05","354,859"
"31-Jul-2019","2,621.00","2,632.00","2,540.30","2,605.00","487,675"
"01-Aug-2019","2,590.00","2,620.60","2,575.05","2,600.90","332,895"
"02-Aug-2019","2,588.90","2,625.00","2,555.00","2,594.40","347,132"
"05-Aug-2019","2,585.95","2,597.00","2,542.85","2,578.35","211,393"
"06-Aug-2019","2,563.00","2,611.75","2,538.30","2,550.55","404,564"
"07-Aug-2019","2,551.00","2,565.05","2,530.00","2,540.55","308,676"
"08-Aug-2019","2,558.80","2,590.00","2,536.85","2,577.60","286,738"
"09-Aug-2019","2,590.90","2,644.35","2,522.30","2,588.15","1,430,286"
"13-Aug-2019","2,565.00","2,565.00","2,491.00","2,511.90","731,080"
"14-Aug-2019","2,549.70","2,549.70","2,470.00","2,478.90","466,208"
"16-Aug-2019","2,500.00","2,505.00","2,442.00","2,499.45","734,216"
"19-Aug-2019","2,520.00","2,520.00","2,471.10","2,478.40","586,547"
"20-Aug-2019","2,470.00","2,470.00","2,371.00","2,393.50","1,174,827"
"21-Aug-2019","2,389.00","2,405.00","2,300.00","2,384.50","1,700,962"
"22-Aug-2019","2,393.50","2,477.00","2,393.00","2,440.75","1,252,406"
"23-Aug-2019","2,425.40","2,502.00","2,402.20","2,466.65","629,497"
"26-Aug-2019","2,500.00","2,547.80","2,483.55","2,533.85","748,623"
"27-Aug-2019","2,535.35","2,724.30","2,530.00","2,685.90","2,211,174"
"28-Aug-2019","2,700.00","2,743.25","2,672.05","2,703.10","1,149,926"
"29-Aug-2019","2,703.20","2,737.00","2,651.50","2,676.85","535,368"
"30-Aug-2019","2,690.00","2,726.45","2,687.50","2,701.65","507,782"
"03-Sep-2019","2,699.00","2,763.15","2,683.10","2,707.85","716,548"
"04-Sep-2019","2,710.00","2,747.55","2,626.00","2,635.45","752,108"
"05-Sep-2019","2,651.00","2,705.00","2,640.00","2,678.65","931,162"
"06-Sep-2019","2,695.40","2,721.30","2,646.20","2,668.00","478,053"
"09-Sep-2019","2,669.90","2,694.80","2,650.20","2,682.70","298,664"
"11-Sep-2019","2,696.00","2,704.00","2,660.00","2,666.40","334,013"
"12-Sep-2019","2,666.40","2,683.15","2,647.65","2,677.00","310,751"
"13-Sep-2019","2,681.00","2,682.00","2,642.00","2,674.60","245,991"
"16-Sep-2019","2,660.00","2,730.00","2,646.10","2,715.05","428,246"
"17-Sep-2019","2,720.00","2,740.95","2,678.80","2,692.45","604,927"
"18-Sep-2019","2,668.70","2,668.70","2,588.20","2,613.85","832,018"
"19-Sep-2019","2,618.00","2,653.20","2,590.00","2,621.80","499,689"
"20-Sep-2019","2,633.00","2,883.00","2,602.55","2,867.00","1,324,910"
"23-Sep-2019","2,960.00","3,583.75","2,951.00","3,053.65","1,743,589"
"24-Sep-2019","3,100.00","3,115.00","3,055.00","3,080.20","809,417"
"25-Sep-2019","3,079.95","3,090.30","3,001.00","3,036.00","582,998"
"26-Sep-2019","3,058.00","3,105.00","3,050.00","3,092.80","514,054"
"27-Sep-2019","3,100.05","3,109.70","3,005.95","3,015.10","432,428"
"30-Sep-2019","3,010.00","3,023.95","2,930.10","2,944.15","553,451"
"01-Oct-2019","2,952.00","2,987.40","2,900.15","2,919.55","474,514"
"03-Oct-2019","2,914.80","2,919.00","2,850.00","2,902.95","285,265"
"04-Oct-2019","2,915.00","2,931.35","2,835.10","2,845.15","313,496"
"07-Oct-2019","2,857.85","2,968.75","2,851.45","2,953.35","969,709"
"09-Oct-2019","2,971.80","3,074.65","2,926.90","3,058.50","1,037,068"
"10-Oct-2019","3,060.10","3,061.00","3,001.00","3,037.75","422,209"
"11-Oct-2019","3,048.90","3,096.95","3,043.30","3,081.95","510,119"
"14-Oct-2019","3,093.95","3,124.00","3,068.95","3,109.65","350,920"
"15-Oct-2019","3,129.10","3,193.65","3,112.35","3,181.10","583,008"
"16-Oct-2019","3,185.00","3,185.00","3,155.00","3,176.75","271,629"
"17-Oct-2019","3,176.00","3,266.35","3,160.00","3,247.85","673,820"
"18-Oct-2019","3,227.85","3,259.20","3,222.55","3,252.35","230,815"
"22-Oct-2019","3,220.10","3,291.90","3,220.10","3,248.05","435,837"
"23-Oct-2019","3,260.00","3,344.50","3,253.00","3,294.70","591,914"
"24-Oct-2019","3,312.00","3,342.00","3,260.25","3,283.80","401,741"
"25-Oct-2019","3,298.85","3,298.85","3,247.00","3,267.10","213,353"
"27-Oct-2019","3,292.00","3,305.05","3,237.35","3,259.10","39,585"
"29-Oct-2019","3,273.00","3,367.00","3,259.00","3,352.50","458,464"
"30-Oct-2019","3,373.00","3,399.00","3,276.00","3,290.10","496,662"
"31-Oct-2019","3,298.60","3,343.55","3,255.00","3,266.60","488,894"
"01-Nov-2019","3,295.00","3,295.00","3,236.70","3,268.55","320,106"
"04-Nov-2019","3,290.00","3,299.00","3,227.00","3,239.85","283,144"
"05-Nov-2019","3,255.00","3,280.00","3,202.30","3,231.75","330,794"
"06-Nov-2019","3,239.85","3,257.85","3,191.00","3,227.85","347,320"
"07-Nov-2019","3,249.00","3,256.60","3,204.90","3,223.80","288,996"
"08-Nov-2019","3,228.00","3,245.45","3,143.00","3,158.00","376,182"
"11-Nov-2019","3,157.00","3,195.00","3,110.00","3,119.55","464,906"
"13-Nov-2019","3,271.00","3,299.00","3,200.00","3,269.75","1,853,222"
"14-Nov-2019","3,274.90","3,274.90","3,200.00","3,230.80","515,326"
"15-Nov-2019","3,230.20","3,260.00","3,185.15","3,195.55","261,412"
"18-Nov-2019","3,203.00","3,217.15","3,126.00","3,140.90","429,862"
"19-Nov-2019","3,140.90","3,158.35","3,110.00","3,120.35","261,351"
"20-Nov-2019","3,120.00","3,135.00","3,060.00","3,116.30","504,339"
"21-Nov-2019","3,113.00","3,113.00","3,061.65","3,072.65","295,648"
"22-Nov-2019","3,062.25","3,072.00","3,016.15","3,022.65","349,622"
"25-Nov-2019","3,025.50","3,045.00","3,004.30","3,040.60","437,144"
"26-Nov-2019","3,048.00","3,083.00","3,041.00","3,055.25","620,959"
"27-Nov-2019","3,060.00","3,100.00","3,060.00","3,091.10","235,618"
"28-Nov-2019","3,110.40","3,110.40","3,060.00","3,098.25","234,706"
"29-Nov-2019","3,085.00","3,095.00","3,050.00","3,057.70","221,117"
"02-Dec-2019","3,057.70","3,089.95","3,051.55","3,069.70","387,666"
"03-Dec-2019","3,069.70","3,116.00","3,027.15","3,048.30","522,267"
"04-Dec-2019","3,039.90","3,067.35","3,023.55","3,049.25","263,755"
"05-Dec-2019","3,064.40","3,094.65","3,041.00","3,082.90","278,358"
"06-Dec-2019","3,090.05","3,098.20","3,059.70","3,069.60","206,989"
"09-Dec-2019","3,084.80","3,084.80","3,047.45","3,058.40","206,624"
"10-Dec-2019","3,066.05","3,079.00","3,042.10","3,059.35","185,130"
"11-Dec-2019","3,052.10","3,064.00","3,030.30","3,041.00","315,341"
"12-Dec-2019","3,048.60","3,080.00","3,030.20","3,073.55","254,614"
"13-Dec-2019","3,095.00","3,096.00","3,035.00","3,054.40","249,099"
"16-Dec-2019","3,059.90","3,087.85","3,042.75","3,050.90","369,764"
"17-Dec-2019","3,060.00","3,075.50","3,050.00","3,071.95","212,811"
"18-Dec-2019","3,070.00","3,121.15","3,053.35","3,099.20","405,982"
"19-Dec-2019","3,097.90","3,123.00","3,090.05","3,112.75","259,885"
"20-Dec-2019","3,095.00","3,155.95","3,062.45","3,122.25","766,343"
"23-Dec-2019","3,100.00","3,129.70","3,077.80","3,091.80","259,919"
"24-Dec-2019","3,096.00","3,114.45","3,084.00","3,091.05","166,800"
"26-Dec-2019","3,090.00","3,118.00","3,054.15","3,062.30","189,043"
"27-Dec-2019","3,079.00","3,082.00","3,021.00","3,042.10","407,653"
"30-Dec-2019","3,050.00","3,065.00","3,035.10","3,047.35","182,858"
"31-Dec-2019","3,046.00","3,066.80","3,020.00","3,027.80","190,885"
"01-Jan-2020","3,044.70","3,053.00","3,027.40","3,039.65","110,561"
"02-Jan-2020","3,047.00","3,065.00","3,043.05","3,053.40","138,428"
"03-Jan-2020","3,045.00","3,060.00","3,025.65","3,038.80","168,305"
"06-Jan-2020","3,030.00","3,032.15","2,995.05","3,022.05","181,158"
"07-Jan-2020","3,033.90","3,054.00","3,028.00","3,036.60","159,307"
"08-Jan-2020","3,020.00","3,038.70","2,995.00","3,023.60","194,024"
"09-Jan-2020","3,047.20","3,049.00","2,995.10","3,001.10","434,270"
"10-Jan-2020","3,014.95","3,015.00","2,978.05","2,989.75","526,254"
"13-Jan-2020","2,995.00","3,056.25","2,987.30","3,045.10","420,792"
"14-Jan-2020","3,058.00","3,119.00","3,037.15","3,105.15","653,300"
"15-Jan-2020","3,120.00","3,133.95","3,092.90","3,114.20","438,959"
"16-Jan-2020","3,116.00","3,160.00","3,115.00","3,150.25","768,872"
"17-Jan-2020","3,155.00","3,169.00","3,114.35","3,124.45","294,064"
"20-Jan-2020","3,143.00","3,143.00","3,104.40","3,110.45","203,111"
"21-Jan-2020","3,100.00","3,130.00","3,077.25","3,111.25","220,943"
"22-Jan-2020","3,125.50","3,138.70","3,088.90","3,106.35","248,578"
"23-Jan-2020","3,103.85","3,122.90","3,068.10","3,112.95","203,032"
"24-Jan-2020","3,113.15","3,212.95","3,112.05","3,192.50","580,192"
"27-Jan-2020","3,187.00","3,210.00","3,155.00","3,174.20","322,446"
"28-Jan-2020","3,182.90","3,209.90","3,136.50","3,181.25","292,577"
"29-Jan-2020","3,200.00","3,245.50","3,190.05","3,214.20","434,882"
"30-Jan-2020","3,208.95","3,234.70","3,192.45","3,210.70","337,850"
"31-Jan-2020","3,242.70","3,274.60","3,186.85","3,200.70","468,850"
"01-Feb-2020","3,161.00","3,220.00","3,080.00","3,097.60","237,502"
"03-Feb-2020","3,097.60","3,249.00","3,092.35","3,230.05","657,504"
"04-Feb-2020","3,235.00","3,300.00","3,188.00","3,232.50","511,585"
"05-Feb-2020","3,269.80","3,318.00","3,243.70","3,255.95","423,733"
"06-Feb-2020","3,260.35","3,293.00","3,236.35","3,252.20","410,631"
"07-Feb-2020","3,256.00","3,296.00","3,237.10","3,251.40","450,061"
"10-Feb-2020","3,270.00","3,280.00","3,125.00","3,155.60","969,115"
"11-Feb-2020","3,179.95","3,198.80","3,124.20","3,134.70","507,516"
"12-Feb-2020","3,124.20","3,209.00","3,124.20","3,136.80","669,153"
"13-Feb-2020","3,132.00","3,143.65","3,105.20","3,135.20","319,421"
"14-Feb-2020","3,116.00","3,159.00","3,090.30","3,096.65","270,506"
"17-Feb-2020","3,095.00","3,112.30","3,072.05","3,084.10","224,912"
"18-Feb-2020","3,080.00","3,080.00","3,020.00","3,066.45","453,173"
"19-Feb-2020","3,082.10","3,111.00","3,040.00","3,082.25","462,922"
"20-Feb-2020","3,079.80","3,123.45","3,052.25","3,059.40","270,720"
"24-Feb-2020","3,059.00","3,065.00","3,005.00","3,036.20","427,352"
"25-Feb-2020","3,040.00","3,078.00","3,018.00","3,033.55","350,415"
"26-Feb-2020","3,025.10","3,069.90","3,016.70","3,041.35","366,302"
"27-Feb-2020","3,036.95","3,100.00","2,960.00","3,026.05","652,385"
"28-Feb-2020","2,983.00","3,020.00","2,917.00","2,970.20","619,510"
"02-Mar-2020","2,995.00","3,053.95","2,925.00","2,949.10","348,147"
"03-Mar-2020","2,970.00","3,045.50","2,965.00","3,026.50","399,770"
"04-Mar-2020","3,048.00","3,080.00","3,028.00","3,063.05","368,498"
"05-Mar-2020","3,082.60","3,165.00","3,076.10","3,127.15","720,100"
"06-Mar-2020","3,084.90","3,100.00","3,013.25","3,081.40","593,374"
"09-Mar-2020","3,045.00","3,061.80","2,968.50","2,996.50","607,257"
"11-Mar-2020","2,982.20","3,065.90","2,944.10","3,048.30","534,597"
"12-Mar-2020","2,945.00","2,968.95","2,785.05","2,810.65","774,263"
"13-Mar-2020","2,700.00","3,049.90","2,410.00","2,763.60","1,108,162"
"16-Mar-2020","2,704.80","2,744.65","2,602.05","2,709.00","791,034"
"17-Mar-2020","2,720.00","2,795.75","2,669.05","2,686.00","567,266"
"18-Mar-2020","2,728.00","2,744.95","2,480.00","2,501.95","649,481"
"19-Mar-2020","2,389.00","2,404.00","2,260.00","2,318.15","786,857"
"20-Mar-2020","2,341.30","2,500.90","2,294.25","2,467.80","742,455"
"23-Mar-2020","2,300.00","2,422.40","2,100.00","2,137.85","613,493"
"24-Mar-2020","2,117.00","2,450.00","2,111.90","2,364.70","929,170"
"25-Mar-2020","2,364.60","2,511.60","2,317.10","2,451.40","1,249,005"
"26-Mar-2020","2,471.55","2,668.80","2,417.30","2,588.45","944,116"
"27-Mar-2020","2,690.00","2,708.95","2,505.00","2,529.25","472,582"
"30-Mar-2020","2,465.25","2,579.35","2,442.75","2,473.75","701,815"
"31-Mar-2020","2,579.95","2,710.00","2,490.00","2,688.95","734,769"
"01-Apr-2020","2,700.00","2,780.00","2,505.00","2,564.85","1,167,150"
"03-Apr-2020","2,588.95","2,610.00","2,475.00","2,563.25","726,903"
"07-Apr-2020","2,640.15","2,878.70","2,640.15","2,834.50","1,062,855"
"08-Apr-2020","2,829.00","2,990.00","2,759.00","2,775.55","1,037,961"
"09-Apr-2020","2,850.00","2,850.00","2,732.90","2,801.70","893,108"
"13-Apr-2020","2,800.00","2,800.00","2,697.35","2,706.15","501,533"
"15-Apr-2020","2,772.00","2,908.50","2,754.70","2,837.35","1,011,691"
"16-Apr-2020","2,837.50","2,893.95","2,815.00","2,836.80","675,907"
"17-Apr-2020","2,884.00","2,895.00","2,802.20","2,832.15","705,271"
"20-Apr-2020","2,860.10","2,864.80","2,801.00","2,833.00","667,917"
"21-Apr-2020","2,779.90","2,906.35","2,733.15","2,863.25","1,129,799"
"22-Apr-2020","2,863.00","2,969.70","2,827.45","2,952.65","737,395"
"23-Apr-2020","2,960.00","3,245.00","2,918.00","2,947.40","3,426,363"
"24-Apr-2020","2,980.00","3,122.90","2,956.00","3,062.15","2,613,797"
"27-Apr-2020","3,075.85","3,290.00","3,070.00","3,242.05","1,993,378"
"28-Apr-2020","3,277.00","3,289.85","3,160.00","3,193.95","1,379,063"
"29-Apr-2020","3,187.80","3,238.75","3,150.00","3,156.80","1,177,520"
"30-Apr-2020","3,195.00","3,205.00","3,150.00","3,165.75","1,021,592"
"04-May-2020","3,109.00","3,160.00","3,056.00","3,092.95","591,353"
"05-May-2020","3,107.00","3,126.00","2,970.50","2,978.75","905,266"
"06-May-2020","2,950.00","3,065.00","2,907.65","2,987.70","995,972"
"07-May-2020","2,977.70","2,980.00","2,867.00","2,915.35","994,651"
"08-May-2020","2,945.00","3,037.00","2,923.45","2,994.65","1,102,857"
"11-May-2020","3,029.00","3,083.40","2,991.85","3,053.95","1,095,855"
"12-May-2020","3,048.95","3,123.20","3,031.30","3,107.30","1,329,390"
"13-May-2020","3,180.00","3,188.00","3,057.50","3,079.55","850,975"
"14-May-2020","3,065.00","3,138.00","3,031.70","3,118.70","777,257"
"15-May-2020","3,146.90","3,196.00","3,115.00","3,125.65","870,248"
"18-May-2020","3,110.00","3,165.00","3,098.10","3,109.55","730,350"
"19-May-2020","3,130.20","3,147.90","3,086.05","3,104.00","537,217"
"20-May-2020","3,110.60","3,159.00","3,106.85","3,127.85","439,150"
"21-May-2020","3,120.10","3,157.00","3,099.00","3,110.95","574,325"
"22-May-2020","3,104.00","3,184.20","3,080.00","3,167.10","630,580"
"26-May-2020","3,200.00","3,244.00","3,141.00","3,163.85","718,134"
"27-May-2020","3,170.00","3,238.95","3,141.00","3,220.30","739,328"
"28-May-2020","3,217.50","3,363.25","3,189.35","3,323.25","1,453,514"
"29-May-2020","3,289.90","3,417.00","3,289.90","3,378.85","1,658,714"
"01-Jun-2020","3,416.00","3,470.00","3,401.00","3,434.85","883,460"
"02-Jun-2020","3,434.90","3,480.00","3,400.00","3,451.00","786,444"
"03-Jun-2020","3,601.00","3,708.00","3,471.20","3,510.30","3,415,126"
"04-Jun-2020","3,510.00","3,555.00","3,422.00","3,450.35","1,309,771"
"05-Jun-2020","3,475.00","3,497.95","3,402.20","3,466.70","1,200,548"
"08-Jun-2020","3,486.00","3,513.25","3,410.00","3,426.80","768,759"
"09-Jun-2020","3,434.90","3,469.90","3,409.00","3,415.70","567,611"
"10-Jun-2020","3,420.90","3,447.60","3,357.40","3,377.00","628,261"
"11-Jun-2020","3,389.90","3,403.45","3,330.00","3,370.35","673,105"
"12-Jun-2020","3,333.00","3,443.00","3,305.75","3,366.05","1,373,475"
"15-Jun-2020","3,351.00","3,406.50","3,343.45","3,357.20","609,721"
"16-Jun-2020","3,381.05","3,399.95","3,330.00","3,345.35","701,355"
"17-Jun-2020","3,357.85","3,435.00","3,355.05","3,401.45","1,100,079"
"18-Jun-2020","3,415.00","3,457.00","3,381.55","3,404.25","898,020"
"19-Jun-2020","3,417.90","3,450.00","3,382.00","3,438.55","782,740"
"22-Jun-2020","3,450.00","3,475.00","3,416.00","3,421.20","735,172"
"23-Jun-2020","3,429.95","3,504.90","3,426.30","3,467.05","765,553"
"24-Jun-2020","3,487.00","3,504.90","3,440.00","3,446.40","573,266"
"25-Jun-2020","3,424.90","3,474.40","3,420.00","3,450.40","546,489"
"26-Jun-2020","3,457.30","3,499.90","3,444.30","3,456.40","448,352"
"29-Jun-2020","3,452.80","3,544.85","3,445.80","3,519.25","940,186"
"30-Jun-2020","3,542.00","3,615.00","3,540.00","3,603.80","1,236,537"
"01-Jul-2020","3,605.00","3,611.00","3,536.00","3,545.95","586,225"
"02-Jul-2020","3,553.00","3,567.65","3,512.05","3,535.10","422,319"
"03-Jul-2020","3,549.50","3,579.95","3,515.00","3,538.35","323,231"
"06-Jul-2020","3,560.00","3,646.00","3,541.00","3,624.45","538,078"
"07-Jul-2020","3,636.00","3,685.45","3,580.00","3,678.45","664,348"
"08-Jul-2020","3,675.55","3,712.50","3,630.00","3,685.00","531,417"
"09-Jul-2020","3,690.00","3,699.00","3,650.00","3,673.60","397,351"
"10-Jul-2020","3,669.60","3,753.60","3,655.35","3,726.65","706,136"
"13-Jul-2020","3,760.00","3,835.00","3,750.25","3,796.80","1,108,644"
"14-Jul-2020","3,795.55","3,795.95","3,729.00","3,735.25","399,210"
"15-Jul-2020","3,742.00","3,778.30","3,711.70","3,723.25","506,574"
"16-Jul-2020","3,729.00","3,880.25","3,689.55","3,854.75","987,220"
"17-Jul-2020","3,900.00","3,938.00","3,766.80","3,785.00","4,503,046"
"20-Jul-2020","3,859.00","3,993.00","3,807.20","3,982.65","3,785,159"
"21-Jul-2020","3,999.00","4,010.00","3,875.00","3,880.40","1,880,670"
"22-Jul-2020","3,914.80","3,924.40","3,791.05","3,805.05","1,019,300"
"23-Jul-2020","3,825.00","3,879.75","3,820.00","3,827.60","791,770"
"24-Jul-2020","3,824.95","3,849.90","3,768.00","3,818.45","665,233"
"27-Jul-2020","3,845.00","3,846.60","3,762.40","3,777.35","523,512"
"28-Jul-2020","3,780.30","3,830.00","3,763.35","3,774.75","599,914"
"29-Jul-2020","3,797.70","3,853.00","3,780.00","3,794.70","785,425"
"30-Jul-2020","3,818.40","3,874.40","3,790.50","3,805.95","855,542"
"31-Jul-2020","3,811.00","3,860.00","3,801.10","3,823.60","681,895"
"03-Aug-2020","3,827.00","3,849.90","3,768.10","3,776.20","369,180"
"04-Aug-2020","3,800.00","3,855.00","3,785.00","3,817.60","642,559"
"05-Aug-2020","3,839.90","3,873.55","3,827.95","3,849.95","569,216"
"06-Aug-2020","3,865.00","3,912.00","3,845.00","3,857.65","786,063"
"07-Aug-2020","3,865.00","3,945.00","3,850.00","3,934.80","1,061,884"
"10-Aug-2020","3,959.95","4,005.00","3,929.00","3,942.80","826,722"
"11-Aug-2020","3,950.00","3,970.00","3,865.00","3,879.55","422,055"
"12-Aug-2020","3,880.55","3,885.00","3,800.00","3,809.75","619,436"
"13-Aug-2020","3,823.80","3,857.85","3,792.05","3,808.25","513,264"
"14-Aug-2020","3,828.00","3,840.00","3,752.00","3,801.35","537,499"
"17-Aug-2020","3,830.00","3,895.00","3,802.00","3,868.65","987,819"
"18-Aug-2020","3,880.00","3,940.00","3,875.00","3,914.30","768,897"
"19-Aug-2020","3,943.65","3,949.00","3,865.65","3,875.40","505,661"
"20-Aug-2020","3,880.00","3,910.20","3,837.25","3,868.10","523,854"
"21-Aug-2020","3,896.00","3,912.00","3,865.05","3,882.75","401,007"
"24-Aug-2020","3,912.00","3,926.00","3,894.20","3,908.35","444,407"
"25-Aug-2020","3,918.00","3,929.95","3,875.00","3,896.85","358,587"
"26-Aug-2020","3,845.00","3,857.35","3,799.10","3,829.25","608,530"
"27-Aug-2020","3,840.00","3,853.35","3,810.00","3,816.60","385,945"
"28-Aug-2020","3,819.00","3,827.60","3,787.00","3,793.85","512,488"
"31-Aug-2020","3,806.40","3,811.00","3,684.00","3,726.05","600,226"
"01-Sep-2020","3,735.00","3,787.75","3,718.30","3,771.00","387,446"
"02-Sep-2020","3,787.90","3,813.60","3,752.00","3,799.20","305,952"
"03-Sep-2020","3,798.00","3,808.75","3,740.00","3,746.85","414,160"
"04-Sep-2020","3,730.00","3,809.00","3,698.55","3,705.85","759,852"
"07-Sep-2020","3,732.90","3,750.00","3,655.00","3,724.05","437,318"
"08-Sep-2020","3,726.90","3,762.45","3,711.25","3,731.60","379,275"
"09-Sep-2020","3,690.00","3,749.00","3,686.10","3,738.30","332,884"
"10-Sep-2020","3,765.50","3,765.50","3,700.05","3,719.25","357,927"
"11-Sep-2020","3,724.00","3,828.00","3,720.00","3,772.25","829,715"
"14-Sep-2020","3,788.90","3,796.00","3,711.00","3,719.50","397,741"
"15-Sep-2020","3,720.05","3,766.50","3,715.00","3,734.10","366,110"
"16-Sep-2020","3,742.00","3,860.00","3,737.15","3,844.50","917,526"
"17-Sep-2020","3,848.00","3,890.95","3,768.75","3,815.65","741,010"
"18-Sep-2020","3,837.70","3,839.75","3,774.85","3,797.50","947,698"
"21-Sep-2020","3,790.00","3,795.00","3,613.50","3,629.30","604,282"
"22-Sep-2020","3,660.00","3,678.00","3,540.05","3,588.00","670,648"
"23-Sep-2020","3,618.90","3,652.90","3,562.80","3,624.90","405,856"
"24-Sep-2020","3,590.00","3,655.00","3,560.20","3,612.75","517,316"
"25-Sep-2020","3,640.00","3,716.95","3,615.00","3,686.40","507,368"
"28-Sep-2020","3,710.90","3,778.00","3,689.00","3,737.35","390,640"
"29-Sep-2020","3,769.00","3,796.00","3,701.65","3,736.85","449,330"
"30-Sep-2020","3,734.00","3,825.00","3,714.05","3,798.15","535,771"
"01-Oct-2020","3,820.00","3,827.95","3,762.00","3,808.60","336,322"
"05-Oct-2020","3,815.00","3,857.80","3,785.05","3,830.45","460,889"
"06-Oct-2020","3,870.00","3,879.95","3,752.00","3,765.85","666,856"
"07-Oct-2020","3,780.00","3,838.00","3,768.00","3,785.95","590,795"
"08-Oct-2020","3,798.90","3,825.00","3,771.50","3,794.70","371,495"
"09-Oct-2020","3,807.00","3,818.65","3,735.00","3,745.10","347,685"
"12-Oct-2020","3,769.10","3,774.30","3,722.30","3,731.50","286,506"
"13-Oct-2020","3,732.00","3,786.30","3,702.65","3,745.65","368,886"
"14-Oct-2020","3,743.00","3,801.80","3,740.00","3,789.80","545,911"
"15-Oct-2020","3,790.00","3,835.95","3,715.00","3,731.00","526,411"
"16-Oct-2020","3,748.95","3,779.00","3,721.25","3,747.20","263,967"
"19-Oct-2020","3,766.00","3,795.00","3,740.00","3,772.45","473,267"
"20-Oct-2020","3,681.00","3,694.00","3,543.10","3,553.15","3,187,477"
"21-Oct-2020","3,580.00","3,580.00","3,382.00","3,397.25","3,538,724"
"22-Oct-2020","3,410.00","3,493.35","3,410.00","3,458.35","2,266,246"
"23-Oct-2020","3,480.00","3,502.90","3,442.05","3,469.75","1,022,334"
"26-Oct-2020","3,482.00","3,505.55","3,466.00","3,485.40","893,740"
"27-Oct-2020","3,480.00","3,588.00","3,480.00","3,572.25","1,753,963"
"28-Oct-2020","3,572.20","3,599.80","3,524.95","3,541.70","667,035"
"29-Oct-2020","3,538.00","3,556.00","3,498.00","3,532.65","654,253"
"30-Oct-2020","3,540.00","3,549.85","3,460.65","3,473.25","475,859"
"02-Nov-2020","3,483.00","3,485.95","3,391.15","3,420.30","764,391"
"03-Nov-2020","3,445.00","3,457.25","3,390.00","3,403.65","623,300"
"04-Nov-2020","3,423.00","3,506.00","3,411.90","3,470.70","714,800"
"05-Nov-2020","3,512.00","3,530.00","3,465.45","3,499.25","999,876"
"06-Nov-2020","3,510.00","3,555.00","3,489.65","3,513.55","582,470"
"09-Nov-2020","3,548.00","3,570.00","3,513.55","3,548.30","566,460"
"10-Nov-2020","3,572.00","3,572.00","3,445.85","3,508.35","976,298"
"11-Nov-2020","3,509.00","3,541.60","3,453.05","3,492.75","1,141,508"
"12-Nov-2020","3,499.70","3,525.95","3,481.35","3,515.30","615,256"
"13-Nov-2020","3,517.00","3,541.45","3,505.00","3,514.45","473,523"
"14-Nov-2020","3,535.00","3,536.50","3,515.00","3,527.35","56,492"
"17-Nov-2020","3,541.00","3,550.00","3,504.40","3,509.80","694,643"
"18-Nov-2020","3,507.80","3,521.95","3,445.00","3,500.35","914,389"
"19-Nov-2020","3,489.00","3,549.00","3,480.00","3,511.35","739,067"
"20-Nov-2020","3,524.95","3,577.75","3,521.15","3,552.10","1,197,247"
"23-Nov-2020","3,575.00","3,599.00","3,552.00","3,557.40","952,758"
"24-Nov-2020","3,575.00","3,593.00","3,531.70","3,562.25","752,974"
"25-Nov-2020","3,570.60","3,579.85","3,531.50","3,555.80","385,590"
"26-Nov-2020","3,569.80","3,572.90","3,490.00","3,548.75","741,800"
"27-Nov-2020","3,563.85","3,684.90","3,503.10","3,637.95","5,383,773"
"01-Dec-2020","3,702.50","3,702.50","3,595.55","3,629.35","1,042,234"
"02-Dec-2020","3,637.00","3,648.00","3,560.00","3,597.00","680,870"
"03-Dec-2020","3,647.00","3,653.90","3,608.05","3,635.95","450,558"
"04-Dec-2020","3,637.00","3,672.00","3,612.00","3,648.20","482,933"
"07-Dec-2020","3,650.00","3,670.00","3,612.10","3,628.95","492,080"
"08-Dec-2020","3,639.40","3,654.90","3,617.65","3,645.40","413,743"
"09-Dec-2020","3,648.90","3,666.00","3,619.10","3,627.10","434,686"
"10-Dec-2020","3,627.10","3,747.00","3,624.00","3,739.75","1,443,681"
"11-Dec-2020","3,746.85","3,777.00","3,701.50","3,732.75","695,958"
"14-Dec-2020","3,745.00","3,792.00","3,737.05","3,776.95","685,712"
"15-Dec-2020","3,775.00","3,797.70","3,725.70","3,765.55","648,902"
"16-Dec-2020","3,766.20","3,786.00","3,745.00","3,752.60","466,183"
"17-Dec-2020","3,740.10","3,767.00","3,721.00","3,729.75","488,772"
"18-Dec-2020","3,738.00","3,759.80","3,690.00","3,720.50","1,043,126"
"21-Dec-2020","3,719.00","3,727.05","3,534.85","3,624.05","670,146"
"22-Dec-2020","3,620.00","3,662.40","3,541.10","3,630.40","662,139"
"23-Dec-2020","3,641.60","3,668.35","3,605.25","3,625.35","451,656"
"24-Dec-2020","3,655.00","3,683.90","3,590.05","3,618.25","579,767"
"28-Dec-2020","3,635.00","3,646.15","3,598.00","3,603.55","463,358"
"29-Dec-2020","3,614.00","3,623.25","3,575.10","3,593.30","414,932"
"30-Dec-2020","3,602.25","3,605.85","3,564.00","3,583.90","407,808"
"31-Dec-2020","3,580.65","3,601.75","3,562.10","3,576.35","459,383"
"01-Jan-2021","3,575.00","3,605.00","3,563.05","3,567.80","453,083"
"04-Jan-2021","3,589.00","3,593.90","3,537.00","3,552.90","698,402"
"05-Jan-2021","3,549.00","3,563.95","3,540.00","3,551.10","725,278"
"06-Jan-2021","3,568.00","3,602.00","3,510.00","3,539.70","1,099,588"
"07-Jan-2021","3,560.00","3,567.95","3,516.45","3,552.80","621,487"
"08-Jan-2021","3,574.00","3,589.95","3,532.85","3,575.25","961,239"
"11-Jan-2021","3,603.80","3,625.00","3,547.65","3,612.85","1,043,630"
"12-Jan-2021","3,624.00","3,648.80","3,586.30","3,631.65","893,653"
"13-Jan-2021","3,640.00","3,648.00","3,600.00","3,621.15","798,273"
"14-Jan-2021","3,623.00","3,704.90","3,619.60","3,665.45","1,192,074"
"15-Jan-2021","3,680.00","3,685.00","3,571.00","3,609.05","597,621"
"18-Jan-2021","3,609.05","3,665.00","3,575.00","3,607.85","826,497"
"19-Jan-2021","3,628.75","3,649.85","3,587.00","3,601.25","594,091"
"20-Jan-2021","3,605.00","3,641.00","3,585.00","3,592.30","607,449"
"21-Jan-2021","3,604.70","3,666.55","3,602.60","3,630.80","834,432"
"22-Jan-2021","3,649.00","3,690.00","3,591.00","3,608.00","791,205"
"25-Jan-2021","3,633.85","3,639.85","3,576.25","3,613.55","467,367"
"27-Jan-2021","3,613.55","3,649.90","3,593.80","3,610.75","646,880"
"28-Jan-2021","3,588.70","3,650.00","3,559.25","3,603.75","643,832"
"29-Jan-2021","3,605.20","3,620.80","3,480.20","3,501.10","733,173"
"01-Feb-2021","3,539.00","3,557.90","3,483.00","3,520.75","544,282"
"02-Feb-2021","3,547.90","3,554.00","3,483.75","3,501.25","869,950"
"03-Feb-2021","3,526.05","3,544.00","3,501.00","3,516.50","786,972"
"04-Feb-2021","3,521.95","3,608.05","3,511.05","3,580.00","958,717"
"05-Feb-2021","3,616.00","3,616.00","3,530.45","3,541.65","1,159,183"
"08-Feb-2021","3,601.00","3,616.90","3,464.10","3,473.70","2,388,271"
"09-Feb-2021","3,505.00","3,505.00","3,455.00","3,462.40","951,124"
"10-Feb-2021","3,467.90","3,485.10","3,417.05","3,424.85","893,690"
"11-Feb-2021","3,430.75","3,470.00","3,420.00","3,462.75","873,772"
"12-Feb-2021","3,480.00","3,489.00","3,409.05","3,421.25","618,874"
"15-Feb-2021","3,429.00","3,445.00","3,403.00","3,417.00","513,578"
"16-Feb-2021","3,432.00","3,432.35","3,385.05","3,389.45","693,631"
"17-Feb-2021","3,370.00","3,404.85","3,360.00","3,364.00","866,571"
"18-Feb-2021","3,368.00","3,390.95","3,340.10","3,359.45","616,156"
"19-Feb-2021","3,359.00","3,383.00","3,320.00","3,331.20","765,676"
"22-Feb-2021","3,350.00","3,373.75","3,317.30","3,341.20","666,371"
"23-Feb-2021","3,349.80","3,368.00","3,325.30","3,335.95","484,686"
"24-Feb-2021","3,360.00","3,415.00","3,341.00","3,405.55","512,568"
"25-Feb-2021","3,420.00","3,425.70","3,374.60","3,405.00","586,357"
"26-Feb-2021","3,389.00","3,408.95","3,343.00","3,363.75","748,717"
"01-Mar-2021","3,371.50","3,420.00","3,367.05","3,411.80","377,869"
"02-Mar-2021","3,411.80","3,450.00","3,395.00","3,447.95","383,968"
"03-Mar-2021","3,460.00","3,487.15","3,435.00","3,481.15","409,493"
"04-Mar-2021","3,450.00","3,514.80","3,450.00","3,501.90","537,283"
"05-Mar-2021","3,486.00","3,506.65","3,460.75","3,491.75","612,423"
"08-Mar-2021","3,493.60","3,508.95","3,451.00","3,463.20","463,984"
"09-Mar-2021","3,473.50","3,489.15","3,397.35","3,426.75","589,556"
"10-Mar-2021","3,451.90","3,489.00","3,438.50","3,480.35","270,942"
"12-Mar-2021","3,491.90","3,493.85","3,425.00","3,434.25","344,205"
"15-Mar-2021","3,443.60","3,456.55","3,399.00","3,450.40","311,078"
"16-Mar-2021","3,462.60","3,500.00","3,456.05","3,489.10","383,099"
"17-Mar-2021","3,488.00","3,499.00","3,446.30","3,467.90","378,136"
"18-Mar-2021","3,480.00","3,487.90","3,427.40","3,439.65","430,166"
"19-Mar-2021","3,424.60","3,494.85","3,379.00","3,466.60","1,312,375"
"22-Mar-2021","3,440.10","3,570.00","3,440.10","3,564.40","820,046"
"23-Mar-2021","3,570.00","3,578.00","3,525.00","3,568.40","461,046"
"24-Mar-2021","3,536.00","3,568.20","3,522.00","3,537.75","480,657"
"25-Mar-2021","3,535.00","3,564.80","3,429.00","3,443.85","486,516"
"26-Mar-2021","3,455.35","3,515.00","3,455.35","3,504.60","273,033"
"30-Mar-2021","3,514.00","3,625.00","3,510.05","3,616.00","567,450"
"31-Mar-2021","3,616.00","3,655.00","3,592.50","3,625.05","441,583"
"01-Apr-2021","3,635.00","3,670.00","3,610.25","3,618.50","460,658"
"05-Apr-2021","3,635.00","3,720.00","3,630.00","3,700.35","807,938"
"06-Apr-2021","3,708.00","3,736.40","3,680.00","3,730.60","462,351"
"07-Apr-2021","3,732.00","3,820.00","3,711.55","3,808.55","633,677"
"08-Apr-2021","3,780.00","3,834.00","3,761.05","3,816.75","613,388"
"09-Apr-2021","3,816.75","3,843.70","3,790.00","3,797.70","526,934"
"12-Apr-2021","3,777.95","3,850.00","3,750.00","3,812.75","1,108,910"
"13-Apr-2021","3,814.10","3,847.00","3,729.05","3,746.00","411,660"
"15-Apr-2021","3,751.00","3,799.90","3,673.00","3,692.70","494,464"
"16-Apr-2021","3,695.50","3,733.95","3,676.55","3,696.50","251,741"
"19-Apr-2021","3,685.00","3,755.00","3,653.05","3,742.80","560,398"
"20-Apr-2021","3,731.90","3,752.75","3,690.10","3,729.90","331,477"
"22-Apr-2021","3,725.10","3,766.00","3,692.15","3,752.00","424,370"
"23-Apr-2021","3,755.00","3,760.90","3,640.50","3,650.30","491,834"
"26-Apr-2021","3,661.10","3,662.00","3,531.00","3,539.20","1,031,406"
"27-Apr-2021","3,572.70","3,574.60","3,517.00","3,541.20","813,608"
"28-Apr-2021","3,488.00","3,527.00","3,469.00","3,478.75","1,498,181"
"29-Apr-2021","3,496.75","3,505.90","3,447.00","3,468.90","611,087"
"30-Apr-2021","3,460.00","3,468.35","3,437.00","3,449.00","436,187"
"03-May-2021","3,439.10","3,478.70","3,431.60","3,439.25","570,022"
"04-May-2021","3,432.00","3,462.00","3,420.00","3,435.85","337,838"
"05-May-2021","3,441.10","3,458.90","3,436.25","3,451.60","234,116"
"06-May-2021","3,452.00","3,491.50","3,439.70","3,452.05","384,450"
"07-May-2021","3,484.70","3,484.70","3,452.25","3,461.25","189,156"
"10-May-2021","3,478.00","3,478.00","3,403.50","3,413.80","694,001"
"11-May-2021","3,413.80","3,434.70","3,396.05","3,418.40","455,412"
"12-May-2021","3,404.00","3,445.00","3,401.15","3,439.55","252,497"
"14-May-2021","3,450.00","3,524.50","3,438.20","3,501.45","677,498"
"17-May-2021","3,518.95","3,533.90","3,496.05","3,507.25","338,003"
"18-May-2021","3,525.20","3,533.90","3,480.00","3,525.45","474,368"
"19-May-2021","3,535.00","3,555.00","3,516.05","3,534.40","688,416"
"20-May-2021","3,500.00","3,517.70","3,415.00","3,422.55","1,046,540"
"21-May-2021","3,449.00","3,449.00","3,418.00","3,435.75","521,688"
"24-May-2021","3,459.00","3,459.00","3,371.40","3,379.10","1,643,611"
"25-May-2021","3,385.00","3,447.00","3,385.00","3,439.50","1,318,946"
"26-May-2021","3,441.05","3,453.85","3,413.05","3,416.00","373,186"
"27-May-2021","3,430.00","3,437.50","3,400.05","3,414.65","444,547"
"28-May-2021","3,417.00","3,449.00","3,410.00","3,423.45","249,529"
"31-May-2021","3,428.75","3,458.40","3,427.25","3,447.85","352,802"
"01-Jun-2021","3,458.00","3,469.10","3,442.00","3,446.75","236,580"
"02-Jun-2021","3,446.75","3,486.00","3,446.05","3,475.25","420,074"
"03-Jun-2021","3,480.00","3,499.50","3,467.40","3,496.25","380,896"
"04-Jun-2021","3,500.00","3,512.00","3,480.00","3,489.30","312,826"
"07-Jun-2021","3,506.50","3,555.00","3,478.50","3,542.60","357,312"
"08-Jun-2021","3,544.50","3,622.00","3,542.60","3,601.75","787,313"
"09-Jun-2021","3,598.00","3,608.35","3,557.10","3,574.70","546,202"
"10-Jun-2021","3,571.00","3,611.60","3,555.00","3,576.30","355,092"
"11-Jun-2021","3,575.00","3,595.00","3,551.00","3,557.90","301,375"
"14-Jun-2021","3,557.90","3,598.00","3,510.45","3,591.25","312,420"
"15-Jun-2021","3,593.35","3,640.50","3,593.00","3,631.85","451,019"
"16-Jun-2021","3,631.05","3,644.80","3,605.05","3,639.45","232,534"
"17-Jun-2021","3,625.90","3,663.00","3,609.50","3,658.15","300,185"
"18-Jun-2021","3,661.40","3,679.00","3,595.00","3,619.20","731,807"
"21-Jun-2021","3,600.00","3,653.95","3,581.10","3,648.85","231,475"
"22-Jun-2021","3,650.00","3,665.00","3,616.00","3,650.90","235,555"
"23-Jun-2021","3,652.00","3,684.30","3,631.00","3,659.30","378,997"
"24-Jun-2021","3,659.30","3,704.85","3,651.00","3,689.10","385,390"
"25-Jun-2021","3,709.90","3,709.90","3,644.90","3,670.05","176,772"
"28-Jun-2021","3,670.05","3,685.00","3,643.00","3,667.25","181,793"
"29-Jun-2021","3,655.00","3,667.10","3,610.05","3,657.15","357,263"
"30-Jun-2021","3,675.00","3,690.00","3,632.95","3,649.65","428,387"
"01-Jul-2021","3,640.00","3,661.00","3,580.65","3,595.80","612,678"
"02-Jul-2021","3,609.00","3,609.00","3,535.00","3,545.30","292,855"
"05-Jul-2021","3,564.00","3,584.50","3,512.40","3,523.55","519,061"
"06-Jul-2021","3,526.00","3,533.85","3,508.65","3,519.00","282,115"
"07-Jul-2021","3,521.00","3,542.00","3,506.00","3,521.35","524,482"
"08-Jul-2021","3,499.00","3,525.90","3,473.25","3,491.40","627,227"
"09-Jul-2021","3,491.00","3,518.00","3,468.00","3,475.95","595,359"
"12-Jul-2021","3,482.20","3,500.00","3,464.10","3,470.40","146,119"
"13-Jul-2021","3,488.75","3,489.45","3,465.10","3,485.50","182,918"
"14-Jul-2021","3,474.00","3,488.15","3,454.15","3,485.75","458,955"
"15-Jul-2021","3,503.00","3,503.00","3,455.50","3,460.85","264,604"
"16-Jul-2021","3,460.00","3,472.70","3,437.10","3,441.00","399,006"
"19-Jul-2021","3,440.40","3,457.50","3,426.10","3,450.15","226,731"
"20-Jul-2021","3,455.00","3,466.95","3,426.50","3,433.55","152,954"
"22-Jul-2021","3,449.50","3,449.50","3,415.00","3,425.30","389,457"
"23-Jul-2021","3,427.00","3,452.50","3,425.30","3,439.80","247,778"
"26-Jul-2021","3,439.95","3,498.00","3,431.00","3,482.00","433,827"
"27-Jul-2021","3,496.00","3,504.85","3,435.15","3,450.75","210,607"
"28-Jul-2021","3,469.00","3,469.00","3,410.00","3,424.10","352,127"
"29-Jul-2021","3,424.20","3,428.95","3,402.00","3,405.60","321,411"
"30-Jul-2021","3,424.00","3,440.00","3,378.00","3,423.40","988,317"
"02-Aug-2021","3,446.70","3,542.00","3,440.05","3,504.65","1,887,580"
"03-Aug-2021","3,550.00","3,579.00","3,531.00","3,573.20","1,326,045"
"04-Aug-2021","3,579.00","3,599.00","3,540.00","3,578.30","478,788"
"05-Aug-2021","3,578.30","3,617.70","3,547.60","3,611.15","497,146"
"06-Aug-2021","3,611.15","3,620.00","3,590.10","3,604.00","258,380"
"09-Aug-2021","3,619.90","3,649.00","3,606.25","3,636.10","444,706"
"10-Aug-2021","3,636.10","3,644.00","3,611.50","3,637.20","249,493"
"11-Aug-2021","3,637.20","3,648.95","3,571.10","3,625.50","233,115"
"12-Aug-2021","3,634.40","3,642.95","3,607.50","3,620.80","232,971"
"13-Aug-2021","3,620.80","3,644.10","3,575.10","3,579.55","323,144"
"16-Aug-2021","3,570.00","3,673.95","3,553.05","3,655.30","348,972"
"17-Aug-2021","3,670.00","3,707.60","3,668.00","3,696.50","579,154"
"18-Aug-2021","3,708.80","3,730.00","3,686.95","3,720.75","426,843"
"20-Aug-2021","3,640.00","3,967.50","3,635.30","3,895.95","1,567,252"
"23-Aug-2021","3,910.00","3,964.65","3,850.60","3,866.25","645,088"
"24-Aug-2021","3,874.85","3,892.00","3,795.50","3,812.20","437,167"
"25-Aug-2021","3,812.20","3,898.00","3,797.00","3,842.80","360,778"
"26-Aug-2021","3,825.20","3,946.95","3,825.20","3,930.90","1,114,234"
"27-Aug-2021","3,944.70","3,972.95","3,911.75","3,941.55","475,524"
"30-Aug-2021","3,960.00","3,993.55","3,932.20","3,986.35","466,524"
"31-Aug-2021","3,995.00","4,027.30","3,960.00","3,997.50","688,613"
"01-Sep-2021","3,984.60","4,025.90","3,963.85","4,015.35","352,460"
"02-Sep-2021","4,015.00","4,104.00","4,002.05","4,086.10","525,680"
"03-Sep-2021","4,105.00","4,134.70","4,073.15","4,124.20","426,377"
"06-Sep-2021","4,144.40","4,149.30","4,061.00","4,079.05","312,608"
"07-Sep-2021","4,096.90","4,129.60","4,080.00","4,095.45","259,534"
"08-Sep-2021","4,079.80","4,087.90","4,015.70","4,061.40","236,283"
"09-Sep-2021","4,058.80","4,118.80","4,050.10","4,070.80","295,134"
"13-Sep-2021","4,070.80","4,103.00","4,058.80","4,093.85","171,201"
"14-Sep-2021","4,097.00","4,153.00","4,082.40","4,101.50","419,441"
"15-Sep-2021","4,105.20","4,135.00","4,071.05","4,086.35","218,163"
"16-Sep-2021","4,086.35","4,120.00","4,039.80","4,073.05","243,636"
"17-Sep-2021","4,077.40","4,115.00","4,041.00","4,051.85","621,517"
"20-Sep-2021","4,035.00","4,115.00","4,000.00","4,084.50","291,097"
"21-Sep-2021","4,062.20","4,111.55","4,053.00","4,075.55","424,258"
"22-Sep-2021","4,082.00","4,105.00","4,049.10","4,058.50","259,937"
"23-Sep-2021","4,060.00","4,075.45","4,017.50","4,042.35","322,858"
"24-Sep-2021","4,040.00","4,098.95","4,030.00","4,042.90","373,614"
"27-Sep-2021","4,049.90","4,064.60","4,000.00","4,009.60","248,898"
"28-Sep-2021","4,005.20","4,068.95","3,990.05","4,003.65","354,948"
"29-Sep-2021","3,982.00","4,019.90","3,959.15","3,972.75","332,446"
"30-Sep-2021","3,972.00","3,993.00","3,940.30","3,948.95","217,501"
"01-Oct-2021","3,958.80","3,958.80","3,885.00","3,921.10","181,917"
"04-Oct-2021","3,910.00","3,967.25","3,881.00","3,892.90","372,752"
"05-Oct-2021","3,894.00","3,905.25","3,865.50","3,882.20","131,731"
"06-Oct-2021","3,893.00","3,993.15","3,882.25","3,938.60","409,840"
"07-Oct-2021","3,959.80","3,963.65","3,877.45","3,900.60","187,556"
"08-Oct-2021","3,915.00","3,929.00","3,846.85","3,883.30","316,870"
"11-Oct-2021","3,880.00","3,900.75","3,831.20","3,840.60","253,051"
"12-Oct-2021","3,821.00","3,874.75","3,815.00","3,867.95","253,262"
"13-Oct-2021","3,871.40","3,894.10","3,854.50","3,883.70","174,222"
"14-Oct-2021","3,912.00","3,925.00","3,881.00","3,894.85","299,078"
"18-Oct-2021","3,960.00","3,960.00","3,825.00","3,837.35","256,837"
"19-Oct-2021","3,860.35","3,868.35","3,780.00","3,795.90","282,932"
"20-Oct-2021","3,800.00","3,917.35","3,740.00","3,762.00","523,002"
"21-Oct-2021","3,798.50","3,798.50","3,680.00","3,714.35","335,589"
"22-Oct-2021","3,734.00","3,760.00","3,650.00","3,690.00","192,033"
"25-Oct-2021","3,690.00","3,696.55","3,617.70","3,631.05","289,025"
"26-Oct-2021","3,649.00","3,705.05","3,605.85","3,692.80","326,825"
"27-Oct-2021","3,700.90","3,731.20","3,681.45","3,697.85","441,016"
"28-Oct-2021","3,725.00","3,728.70","3,654.00","3,681.90","193,658"
"29-Oct-2021","3,681.00","3,708.95","3,641.05","3,675.75","283,538"
"01-Nov-2021","3,694.00","3,700.00","3,651.10","3,678.15","139,766"
"02-Nov-2021","3,680.20","3,707.60","3,667.05","3,682.90","151,547"
"03-Nov-2021","3,695.00","3,699.80","3,618.05","3,629.85","185,296"
"04-Nov-2021","3,658.00","3,666.50","3,639.35","3,652.60","23,648"
"08-Nov-2021","3,666.00","3,728.85","3,620.00","3,717.70","336,938"
"09-Nov-2021","3,590.00","3,639.00","3,535.15","3,621.60","1,399,094"
"10-Nov-2021","3,629.45","3,720.00","3,600.00","3,698.50","706,755"
"11-Nov-2021","3,699.10","3,718.00","3,633.30","3,643.40","298,625"
"12-Nov-2021","3,668.60","3,701.95","3,641.25","3,687.95","275,060"
"15-Nov-2021","3,700.00","3,747.60","3,674.00","3,742.60","320,669"
"16-Nov-2021","3,751.00","3,760.00","3,681.00","3,690.75","199,179"
"17-Nov-2021","3,690.75","3,699.95","3,607.80","3,615.05","250,996"
"18-Nov-2021","3,644.80","3,644.80","3,555.00","3,571.60","248,828"
"22-Nov-2021","3,589.00","3,628.50","3,570.00","3,581.60","364,653"
"23-Nov-2021","3,577.80","3,670.00","3,574.00","3,662.15","365,672"
"24-Nov-2021","3,660.00","3,674.00","3,610.00","3,623.35","149,025"
"25-Nov-2021","3,610.50","3,633.80","3,566.00","3,573.40","232,784"
"26-Nov-2021","3,560.00","3,635.10","3,533.95","3,555.30","372,530"
"29-Nov-2021","3,550.00","3,550.00","3,469.10","3,528.60","281,082"
"30-Nov-2021","3,514.00","3,565.00","3,501.10","3,545.50","633,377"
"01-Dec-2021","3,550.50","3,606.70","3,528.00","3,535.25","312,855"
"02-Dec-2021","3,540.00","3,607.30","3,530.00","3,578.50","377,041"
"03-Dec-2021","3,557.00","3,593.45","3,550.00","3,553.75","313,990"
"06-Dec-2021","3,556.00","3,581.10","3,490.00","3,496.20","165,986"
"07-Dec-2021","3,502.05","3,529.00","3,467.00","3,474.20","254,445"
"08-Dec-2021","3,489.95","3,582.45","3,483.00","3,575.75","326,189"
"09-Dec-2021","3,565.00","3,634.45","3,564.00","3,623.90","284,117"
"10-Dec-2021","3,623.90","3,642.00","3,604.40","3,632.45","190,379"
"13-Dec-2021","3,641.00","3,658.35","3,576.95","3,588.75","311,904"
"14-Dec-2021","3,580.00","3,597.45","3,543.05","3,579.65","297,867"
"15-Dec-2021","3,571.00","3,579.60","3,521.50","3,541.60","152,079"
"16-Dec-2021","3,550.00","3,571.65","3,536.65","3,560.60","121,782"
"17-Dec-2021","3,546.00","3,556.00","3,500.00","3,536.15","307,396"
"20-Dec-2021","3,522.00","3,530.00","3,430.10","3,471.90","382,144"
"21-Dec-2021","3,473.90","3,541.35","3,461.05","3,505.75","222,991"
"22-Dec-2021","3,522.00","3,538.60","3,484.60","3,497.00","257,611"
"23-Dec-2021","3,503.10","3,560.00","3,502.00","3,554.60","163,291"
"24-Dec-2021","3,560.00","3,565.00","3,519.00","3,541.30","136,780"
"27-Dec-2021","3,540.00","3,544.55","3,506.70","3,513.20","94,111"
"28-Dec-2021","3,531.00","3,562.00","3,511.10","3,550.65","99,497"
"29-Dec-2021","3,550.65","3,569.80","3,525.20","3,559.60","163,737"
"30-Dec-2021","3,570.00","3,586.00","3,526.05","3,573.90","167,005"
"31-Dec-2021","3,586.00","3,623.20","3,569.05","3,606.00","244,207"
"03-Jan-2022","3,610.00","3,626.00","3,582.20","3,617.55","149,689"
"04-Jan-2022","3,623.00","3,643.85","3,610.00","3,638.45","317,247"
"05-Jan-2022","3,638.00","3,689.00","3,633.05","3,659.70","245,395"
"06-Jan-2022","3,659.70","3,686.95","3,625.80","3,675.10","340,345"
"07-Jan-2022","3,685.00","3,742.00","3,682.85","3,737.35","241,905"
"10-Jan-2022","3,737.35","3,778.00","3,727.90","3,768.30","351,447"
"11-Jan-2022","3,768.30","3,800.95","3,738.10","3,743.35","206,008"
"12-Jan-2022","3,750.00","3,759.75","3,691.00","3,700.20","311,095"
"13-Jan-2022","3,700.20","3,759.95","3,691.30","3,749.05","129,143"
"14-Jan-2022","3,749.05","3,754.90","3,695.30","3,712.05","97,013"
"17-Jan-2022","3,697.00","3,712.80","3,642.35","3,665.15","170,221"
"18-Jan-2022","3,668.00","3,694.70","3,611.10","3,621.90","168,104"
"19-Jan-2022","3,620.00","3,627.55","3,565.00","3,575.65","129,227"
"20-Jan-2022","3,590.00","3,624.00","3,576.50","3,605.15","173,547"
"21-Jan-2022","3,606.00","3,629.00","3,575.70","3,618.30","162,594"
"24-Jan-2022","3,610.00","3,626.55","3,505.00","3,523.85","240,598"
"25-Jan-2022","3,502.00","3,565.45","3,430.25","3,539.30","306,411"
"27-Jan-2022","3,535.00","3,535.00","3,435.65","3,494.15","353,612"
"28-Jan-2022","3,494.15","3,595.00","3,494.15","3,509.65","249,034"
"31-Jan-2022","3,510.00","3,636.00","3,510.00","3,535.30","462,842"
"01-Feb-2022","3,560.00","3,710.00","3,545.05","3,656.60","631,482"
"02-Feb-2022","3,670.00","3,670.00","3,604.80","3,621.05","209,928"
"03-Feb-2022","3,622.00","3,652.00","3,555.00","3,562.40","203,975"
"04-Feb-2022","3,583.45","3,593.70","3,540.00","3,562.00","162,672"
"07-Feb-2022","3,561.95","3,579.80","3,440.00","3,448.60","279,194"
"08-Feb-2022","3,441.00","3,490.00","3,418.40","3,473.45","363,856"
"09-Feb-2022","3,509.00","3,540.70","3,473.45","3,517.35","172,750"
"10-Feb-2022","3,522.00","3,543.85","3,485.00","3,534.55","172,088"
"11-Feb-2022","3,499.00","3,509.35","3,429.00","3,480.55","340,217"
"14-Feb-2022","3,428.00","3,455.00","3,388.05","3,398.00","209,831"
"15-Feb-2022","3,425.00","3,490.00","3,400.00","3,477.90","209,065"
"16-Feb-2022","3,480.00","3,498.80","3,435.00","3,462.00","190,567"
"17-Feb-2022","3,482.60","3,483.00","3,430.00","3,464.10","173,362"
"18-Feb-2022","3,450.00","3,495.00","3,444.15","3,481.65","121,161"
"21-Feb-2022","3,431.10","3,500.00","3,430.00","3,475.25","138,287"
"22-Feb-2022","3,405.00","3,498.00","3,405.00","3,489.75","246,372"
"23-Feb-2022","3,497.75","3,530.00","3,470.00","3,511.15","326,853"
"24-Feb-2022","3,439.50","3,504.00","3,414.00","3,446.00","529,995"
"25-Feb-2022","3,435.00","3,444.00","3,350.40","3,422.75","722,637"
"28-Feb-2022","3,405.00","3,440.00","3,327.35","3,427.45","426,929"
"02-Mar-2022","3,420.95","3,420.95","3,371.75","3,391.75","416,582"
"03-Mar-2022","3,405.00","3,439.55","3,350.00","3,366.40","429,892"
"04-Mar-2022","3,350.00","3,394.85","3,275.00","3,371.35","331,936"
"07-Mar-2022","3,300.00","3,300.55","3,138.55","3,153.45","711,477"
"08-Mar-2022","3,115.00","3,180.00","3,050.00","3,113.75","541,966"
"09-Mar-2022","3,144.00","3,170.00","3,093.70","3,123.85","483,468"
"10-Mar-2022","3,225.00","3,248.00","3,144.80","3,222.95","490,457"
"11-Mar-2022","3,250.00","3,256.60","3,192.80","3,199.90","362,091"
"14-Mar-2022","3,199.90","3,215.00","3,145.10","3,185.85","335,292"
"15-Mar-2022","3,186.00","3,249.00","3,181.65","3,222.85","258,636"
"16-Mar-2022","3,244.00","3,318.35","3,232.25","3,313.65","239,522"
"17-Mar-2022","3,322.00","3,362.00","3,300.55","3,355.95","436,218"
"21-Mar-2022","3,350.00","3,350.00","3,230.00","3,237.55","354,460"
"22-Mar-2022","3,230.00","3,250.00","3,132.25","3,158.40","583,821"
"23-Mar-2022","3,167.40","3,173.85","3,092.00","3,102.25","1,044,283"
"24-Mar-2022","3,087.00","3,130.00","3,080.55","3,103.85","459,226"
"25-Mar-2022","3,110.00","3,122.75","3,074.10","3,094.50","339,040"
"28-Mar-2022","3,094.50","3,118.95","3,060.05","3,094.80","310,240"
"29-Mar-2022","3,112.00","3,134.00","3,090.20","3,103.80","359,318"
"30-Mar-2022","3,123.65","3,160.00","3,114.65","3,148.40","450,273"
"31-Mar-2022","3,149.30","3,218.50","3,147.30","3,206.40","413,897"
"01-Apr-2022","3,210.00","3,237.90","3,191.65","3,230.65","260,712"
"04-Apr-2022","3,230.00","3,276.40","3,215.00","3,270.00","275,388"
"05-Apr-2022","3,280.00","3,314.95","3,271.90","3,303.40","236,853"
"06-Apr-2022","3,282.00","3,295.00","3,254.65","3,282.50","245,111"
"07-Apr-2022","3,275.00","3,322.00","3,265.65","3,294.10","302,703"
"08-Apr-2022","3,287.00","3,354.30","3,287.00","3,347.90","168,952"
"11-Apr-2022","3,347.90","3,370.00","3,297.05","3,350.65","186,130"
"12-Apr-2022","3,340.00","3,364.90","3,302.30","3,344.10","238,043"
"13-Apr-2022","3,340.00","3,388.00","3,340.00","3,349.65","205,852"
"18-Apr-2022","3,345.00","3,367.90","3,306.05","3,343.90","197,878"
"19-Apr-2022","3,343.90","3,388.00","3,245.30","3,267.90","296,680"
"20-Apr-2022","3,266.00","3,335.00","3,242.00","3,304.20","235,572"
"21-Apr-2022","3,297.00","3,369.95","3,274.40","3,359.90","152,205"
"22-Apr-2022","3,341.30","3,377.50","3,325.00","3,364.10","148,494"
"25-Apr-2022","3,280.00","3,347.05","3,132.05","3,295.90","630,312"
"26-Apr-2022","3,308.30","3,402.00","3,301.30","3,372.70","398,545"
"27-Apr-2022","3,350.00","3,384.70","3,312.15","3,338.25","248,769"
"28-Apr-2022","3,270.00","3,391.55","3,263.10","3,357.90","322,548"
"29-Apr-2022","3,360.10","3,370.90","3,266.50","3,279.25","259,398"
"02-May-2022","3,242.00","3,284.90","3,203.00","3,271.30","215,783"
"04-May-2022","3,340.00","3,596.00","3,328.15","3,385.45","2,871,830"
"05-May-2022","3,410.00","3,423.55","3,260.00","3,277.00","623,098"
"06-May-2022","3,245.00","3,323.85","3,187.10","3,307.80","560,373"
"09-May-2022","3,282.50","3,338.30","3,225.00","3,252.05","403,409"
"10-May-2022","3,261.00","3,320.60","3,235.00","3,246.55","285,192"
"11-May-2022","3,240.00","3,283.80","3,195.00","3,259.85","269,579"
"12-May-2022","3,225.50","3,239.95","3,156.90","3,216.85","310,942"
"13-May-2022","3,225.00","3,321.00","3,225.00","3,278.50","326,757"
"16-May-2022","3,337.00","3,337.95","3,253.40","3,284.90","270,772"
"17-May-2022","3,289.00","3,382.90","3,285.45","3,368.85","277,190"
"18-May-2022","3,350.00","3,432.65","3,350.00","3,394.35","435,712"
"19-May-2022","3,365.00","3,388.60","3,308.05","3,332.05","394,058"
"20-May-2022","3,360.00","3,463.80","3,352.00","3,450.25","525,530"
"23-May-2022","3,451.25","3,538.00","3,451.25","3,487.05","524,978"
"24-May-2022","3,515.00","3,518.00","3,440.00","3,470.45","230,532"
"25-May-2022","3,491.70","3,525.00","3,472.15","3,516.50","286,553"
"26-May-2022","3,550.00","3,577.85","3,513.50","3,560.95","545,260"
"27-May-2022","3,583.00","3,583.35","3,510.25","3,557.60","165,721"
"30-May-2022","3,561.40","3,617.65","3,541.60","3,576.25","213,495"
"31-May-2022","3,576.60","3,700.00","3,555.25","3,647.80","562,987"
"01-Jun-2022","3,649.10","3,669.75","3,533.00","3,551.30","241,386"
"02-Jun-2022","3,570.00","3,583.80","3,505.75","3,577.05","213,099"
"03-Jun-2022","3,575.00","3,597.10","3,493.00","3,530.00","271,462"
"06-Jun-2022","3,530.00","3,535.00","3,450.05","3,491.95","153,889"
"07-Jun-2022","3,465.00","3,478.90","3,354.00","3,383.45","338,018"
"08-Jun-2022","3,385.00","3,402.60","3,310.00","3,361.50","320,103"
"09-Jun-2022","3,361.15","3,382.05","3,306.00","3,347.25","347,351"
"10-Jun-2022","3,316.00","3,372.25","3,301.10","3,360.85","503,822"
"13-Jun-2022","3,339.00","3,375.00","3,310.95","3,359.00","463,899"
"14-Jun-2022","3,359.55","3,393.00","3,330.05","3,382.85","224,645"
"15-Jun-2022","3,388.00","3,402.90","3,352.05","3,385.40","245,702"
"16-Jun-2022","3,400.10","3,431.90","3,372.05","3,390.40","481,507"
"17-Jun-2022","3,390.40","3,390.40","3,300.30","3,332.10","527,370"
"20-Jun-2022","3,300.00","3,399.90","3,270.95","3,378.60","364,703"
"21-Jun-2022","3,378.60","3,472.85","3,375.05","3,429.30","223,641"
"22-Jun-2022","3,412.00","3,454.90","3,386.20","3,403.65","170,854"
"23-Jun-2022","3,414.95","3,447.85","3,390.50","3,411.45","351,311"
"24-Jun-2022","3,429.00","3,504.95","3,429.00","3,469.35","301,133"
"27-Jun-2022","3,502.00","3,505.95","3,447.25","3,459.10","419,730"
"28-Jun-2022","3,455.00","3,469.90","3,388.05","3,434.70","182,574"
"29-Jun-2022","3,434.70","3,455.60","3,360.00","3,404.15","374,478"
"30-Jun-2022","3,380.00","3,483.15","3,380.00","3,466.40","479,308"
"01-Jul-2022","3,412.00","3,600.00","3,412.00","3,584.35","292,487"
"04-Jul-2022","3,575.00","3,713.45","3,575.00","3,700.45","614,359"
"05-Jul-2022","3,709.00","3,714.00","3,636.00","3,656.60","612,519"
"06-Jul-2022","3,650.15","3,840.90","3,642.25","3,830.80","1,043,070"
"07-Jul-2022","3,828.00","3,882.10","3,799.85","3,810.25","519,620"
"08-Jul-2022","3,830.00","3,850.95","3,792.50","3,816.95","379,513"
"11-Jul-2022","3,829.20","3,840.40","3,780.00","3,795.40","208,602"
"12-Jul-2022","3,783.00","3,787.85","3,716.15","3,725.50","283,587"
"13-Jul-2022","3,731.05","3,762.10","3,712.10","3,726.00","164,377"
"14-Jul-2022","3,726.00","3,789.00","3,713.05","3,774.15","265,732"
"15-Jul-2022","3,785.00","3,862.80","3,779.10","3,848.90","660,790"
"18-Jul-2022","3,860.00","3,880.00","3,759.00","3,774.95","455,399"
"19-Jul-2022","3,774.95","3,797.10","3,742.30","3,787.45","228,968"
"20-Jul-2022","3,805.00","3,849.00","3,793.85","3,828.30","440,495"
"21-Jul-2022","3,844.00","3,865.75","3,821.00","3,855.50","282,104"
"22-Jul-2022","3,860.00","3,929.00","3,843.65","3,871.45","433,423"
"25-Jul-2022","3,871.45","3,915.00","3,850.00","3,885.90","290,157"
"26-Jul-2022","3,900.00","3,900.00","3,795.50","3,807.15","267,527"
"27-Jul-2022","3,800.00","3,863.90","3,781.15","3,854.55","200,264"
"28-Jul-2022","3,863.50","3,882.00","3,836.40","3,869.35","316,008"
"29-Jul-2022","3,883.00","3,949.35","3,876.90","3,900.40","418,970"
"01-Aug-2022","3,900.40","3,916.00","3,838.20","3,855.65","323,129"
"02-Aug-2022","3,875.00","3,909.00","3,758.10","3,788.15","355,859"
"03-Aug-2022","3,780.00","3,793.35","3,726.05","3,770.00","428,088"
"04-Aug-2022","3,762.75","3,792.00","3,726.00","3,775.05","506,667"
"05-Aug-2022","3,745.00","3,835.90","3,678.85","3,688.10","798,850"
"08-Aug-2022","3,688.10","3,701.90","3,612.80","3,631.40","310,094"
"10-Aug-2022","3,640.00","3,674.80","3,624.05","3,647.75","191,222"
"11-Aug-2022","3,666.00","3,682.80","3,632.20","3,640.30","167,070"
"12-Aug-2022","3,650.00","3,667.30","3,607.65","3,659.75","228,587"
"16-Aug-2022","3,678.05","3,723.95","3,675.00","3,690.45","239,514"
"17-Aug-2022","3,693.00","3,714.95","3,681.15","3,705.20","353,941"
"18-Aug-2022","3,712.00","3,726.95","3,681.05","3,693.05","232,262"
"19-Aug-2022","3,693.05","3,709.45","3,642.45","3,662.55","177,955"
"22-Aug-2022","3,662.55","3,733.00","3,635.05","3,676.45","366,371"
"23-Aug-2022","3,650.00","3,704.95","3,638.00","3,678.70","189,150"
"24-Aug-2022","3,677.00","3,688.00","3,636.45","3,659.15","187,721"
"25-Aug-2022","3,677.45","3,678.20","3,640.00","3,646.60","208,578"
"26-Aug-2022","3,664.85","3,668.00","3,627.10","3,650.15","220,796"
"29-Aug-2022","3,618.00","3,730.00","3,585.25","3,707.65","525,684"
"30-Aug-2022","3,717.00","3,766.15","3,717.00","3,747.75","467,342"
"01-Sep-2022","3,730.00","3,745.40","3,672.10","3,718.15","314,888"
"02-Sep-2022","3,736.75","3,758.90","3,700.00","3,704.25","202,152"
"05-Sep-2022","3,681.00","3,715.00","3,658.10","3,662.60","234,232"
"06-Sep-2022","3,672.00","3,692.60","3,595.00","3,608.80","390,746"
"07-Sep-2022","3,600.00","3,674.80","3,588.00","3,667.90","287,734"
"08-Sep-2022","3,683.00","3,687.00","3,632.90","3,672.65","384,831"
"09-Sep-2022","3,685.50","3,700.00","3,641.85","3,649.50","134,487"
"12-Sep-2022","3,640.20","3,697.95","3,640.20","3,671.85","212,688"
"13-Sep-2022","3,665.00","3,765.00","3,665.00","3,757.70","398,871"
"14-Sep-2022","3,708.00","3,761.70","3,708.00","3,747.00","389,253"
"15-Sep-2022","3,765.00","3,789.00","3,713.05","3,721.55","311,462"
"16-Sep-2022","3,703.55","3,741.40","3,621.10","3,639.55","559,137"
"19-Sep-2022","3,635.00","3,642.15","3,564.10","3,592.35","211,795"
"20-Sep-2022","3,610.35","3,665.00","3,602.00","3,650.60","346,604"
"21-Sep-2022","3,646.00","3,789.00","3,637.00","3,765.65","773,841"
"22-Sep-2022","3,764.00","3,835.45","3,751.00","3,825.95","687,172"
"23-Sep-2022","3,825.95","3,842.80","3,782.35","3,796.70","326,581"
"26-Sep-2022","3,796.70","3,827.85","3,775.50","3,787.50","626,882"
"27-Sep-2022","3,806.45","3,889.80","3,800.00","3,824.15","584,760"
"28-Sep-2022","3,817.90","3,868.00","3,795.60","3,853.20","364,917"
"29-Sep-2022","3,871.45","3,873.00","3,810.00","3,864.50","450,207"
"30-Sep-2022","3,870.00","3,887.65","3,820.05","3,843.05","309,896"
"03-Oct-2022","3,862.00","3,878.20","3,753.80","3,768.95","251,830"
"04-Oct-2022","3,807.00","3,826.65","3,775.55","3,818.15","153,835"
"06-Oct-2022","3,837.25","3,847.65","3,760.70","3,767.55","308,216"
"07-Oct-2022","3,776.00","3,795.00","3,732.25","3,785.65","318,472"
"10-Oct-2022","3,750.00","3,812.00","3,717.00","3,797.85","185,199"
"11-Oct-2022","3,816.85","3,820.70","3,718.00","3,727.90","202,644"
"12-Oct-2022","3,746.55","3,774.40","3,726.35","3,763.00","271,156"
"13-Oct-2022","3,771.50","3,794.00","3,748.90","3,784.60","156,770"
"14-Oct-2022","3,800.10","3,814.90","3,769.25","3,796.25","350,141"
"17-Oct-2022","3,801.90","3,801.90","3,752.55","3,777.70","93,315"
"18-Oct-2022","3,796.60","3,804.95","3,748.60","3,766.85","189,866"
"19-Oct-2022","3,770.00","3,789.50","3,742.00","3,768.50","182,278"
"20-Oct-2022","3,763.00","3,802.90","3,747.65","3,790.15","230,082"
"21-Oct-2022","3,793.00","3,814.55","3,761.60","3,792.70","404,955"
"24-Oct-2022","3,799.00","3,835.60","3,712.00","3,801.85","32,851"
"25-Oct-2022","3,804.00","3,804.90","3,690.00","3,713.10","228,569"
"27-Oct-2022","3,714.00","3,769.90","3,701.30","3,755.30","317,971"
"28-Oct-2022","3,767.00","3,792.00","3,732.00","3,777.70","215,005"
"31-Oct-2022","3,788.00","3,800.00","3,739.35","3,766.55","198,318"
"01-Nov-2022","3,780.00","3,808.60","3,755.05","3,788.00","338,873"
"02-Nov-2022","3,788.00","3,794.40","3,714.30","3,723.95","185,469"
"03-Nov-2022","3,707.00","3,760.55","3,705.45","3,748.05","140,994"
"04-Nov-2022","3,748.05","3,814.95","3,746.15","3,804.20","258,490"
"07-Nov-2022","3,930.05","4,190.00","3,930.05","4,139.25","3,142,443"
"09-Nov-2022","4,140.00","4,237.00","4,140.00","4,175.35","1,198,458"
"10-Nov-2022","4,152.60","4,189.65","4,108.30","4,134.65","417,581"
"11-Nov-2022","4,155.35","4,177.00","4,085.00","4,098.65","344,558"
"14-Nov-2022","4,100.00","4,153.50","4,074.60","4,103.95","336,120"
"15-Nov-2022","4,124.50","4,153.60","4,083.25","4,139.35","325,881"
"16-Nov-2022","4,126.75","4,145.00","4,093.75","4,131.50","149,924"
"17-Nov-2022","4,120.00","4,150.00","4,105.15","4,125.20","238,478"
"18-Nov-2022","4,138.00","4,138.00","4,061.10","4,106.05","281,217"
"21-Nov-2022","4,118.00","4,149.00","4,095.10","4,120.05","288,522"
"22-Nov-2022","4,133.95","4,164.25","4,107.60","4,157.60","319,387"
"23-Nov-2022","4,160.00","4,194.05","4,139.50","4,155.15","247,440"
"24-Nov-2022","4,172.00","4,209.55","4,155.15","4,191.20","231,515"
"25-Nov-2022","4,212.00","4,212.00","4,148.30","4,183.70","244,021"
"28-Nov-2022","4,168.85","4,229.30","4,161.00","4,213.05","222,792"
"29-Nov-2022","4,225.00","4,302.00","4,225.00","4,285.35","598,884"
"30-Nov-2022","4,297.95","4,387.90","4,290.05","4,362.30","1,101,544"
"01-Dec-2022","4,364.55","4,410.50","4,335.35","4,401.25","501,703"
"02-Dec-2022","4,400.00","4,444.05","4,380.30","4,432.90","530,333"
"05-Dec-2022","4,422.85","4,427.65","4,370.00","4,403.35","212,913"
"06-Dec-2022","4,398.90","4,451.65","4,382.05","4,424.35","349,352"
"07-Dec-2022","4,424.35","4,435.00","4,383.35","4,393.55","252,294"
"08-Dec-2022","4,393.55","4,442.65","4,384.20","4,394.90","282,421"
"09-Dec-2022","4,402.00","4,426.40","4,384.20","4,410.30","233,437"
"12-Dec-2022","4,419.05","4,439.05","4,384.00","4,432.55","233,360"
"13-Dec-2022","4,452.00","4,452.00","4,410.00","4,426.55","158,169"
"14-Dec-2022","4,440.00","4,446.00","4,390.10","4,409.70","195,654"
"15-Dec-2022","4,428.30","4,485.00","4,412.00","4,465.45","370,501"
"16-Dec-2022","4,459.50","4,477.15","4,416.70","4,444.70","346,508"
"19-Dec-2022","4,455.00","4,537.00","4,423.50","4,526.50","330,662"
"20-Dec-2022","4,529.00","4,533.95","4,467.05","4,509.05","206,833"
"21-Dec-2022","4,509.05","4,530.00","4,406.15","4,418.85","303,234"
"22-Dec-2022","4,444.00","4,446.35","4,377.00","4,391.45","243,325"
"23-Dec-2022","4,375.15","4,398.95","4,324.10","4,331.90","224,215"
"26-Dec-2022","4,315.50","4,399.90","4,313.80","4,375.35","166,686"
"27-Dec-2022","4,380.70","4,400.00","4,350.00","4,369.25","138,087"
"28-Dec-2022","4,362.00","4,407.45","4,362.00","4,385.95","159,245"
"29-Dec-2022","4,375.00","4,389.75","4,296.55","4,348.30","244,626"
"30-Dec-2022","4,355.20","4,374.95","4,298.55","4,307.45","117,753"
"02-Jan-2023","4,379.95","4,379.95","4,275.10","4,292.15","255,314"
"03-Jan-2023","4,255.10","4,295.65","4,206.30","4,241.85","496,975"
"04-Jan-2023","4,254.95","4,276.00","4,216.35","4,235.00","216,319"
"05-Jan-2023","4,235.00","4,387.00","4,235.00","4,313.20","686,633"
"06-Jan-2023","4,313.20","4,369.00","4,310.00","4,359.05","297,438"
"09-Jan-2023","4,380.00","4,387.90","4,336.20","4,364.30","170,110"
"10-Jan-2023","4,360.00","4,363.00","4,317.30","4,326.85","235,445"
"11-Jan-2023","4,326.00","4,358.65","4,298.00","4,314.30","224,668"
"12-Jan-2023","4,319.30","4,340.90","4,284.00","4,299.25","248,083"
"13-Jan-2023","4,304.00","4,370.70","4,287.45","4,336.10","183,772"
"16-Jan-2023","4,336.10","4,346.45","4,300.00","4,309.60","84,814"
"17-Jan-2023","4,309.00","4,372.95","4,291.75","4,362.05","169,798"
"18-Jan-2023","4,360.00","4,422.00","4,355.55","4,393.70","192,855"
"19-Jan-2023","4,379.80","4,399.95","4,357.10","4,372.40","139,431"
"20-Jan-2023","4,362.00","4,362.00","4,312.85","4,318.95","154,486"
"23-Jan-2023","4,330.00","4,357.45","4,319.15","4,337.85","119,143"
"24-Jan-2023","4,350.80","4,408.95","4,323.20","4,396.05","135,586"
"25-Jan-2023","4,384.00","4,444.00","4,360.00","4,388.15","288,089"
"27-Jan-2023","4,435.00","4,439.00","4,353.80","4,380.40","340,484"
"30-Jan-2023","4,396.50","4,418.00","4,320.00","4,406.75","218,721"
"31-Jan-2023","4,418.00","4,418.00","4,264.00","4,317.60","605,699"
"01-Feb-2023","4,329.90","4,444.50","4,326.85","4,370.95","622,541"
"02-Feb-2023","4,518.95","4,596.00","4,370.00","4,573.05","1,669,243"
"03-Feb-2023","4,590.00","4,659.75","4,570.10","4,628.85","517,467"
"06-Feb-2023","4,605.00","4,635.30","4,600.00","4,625.65","315,190"
"07-Feb-2023","4,639.00","4,664.00","4,596.70","4,606.85","327,040"
"08-Feb-2023","4,604.95","4,640.25","4,578.00","4,594.80","252,710"
"09-Feb-2023","4,594.85","4,656.10","4,575.15","4,637.35","284,415"
"10-Feb-2023","4,660.00","4,669.20","4,597.05","4,622.70","207,919"
"13-Feb-2023","4,600.00","4,636.00","4,579.00","4,588.00","185,536"
"14-Feb-2023","4,590.30","4,624.00","4,581.00","4,599.85","245,495"
"15-Feb-2023","4,599.85","4,599.85","4,530.20","4,588.45","197,822"
"16-Feb-2023","4,597.00","4,617.90","4,567.00","4,572.00","160,313"
"17-Feb-2023","4,570.00","4,588.00","4,514.80","4,533.25","203,456"
"20-Feb-2023","4,535.25","4,545.00","4,444.00","4,453.80","308,681"
"21-Feb-2023","4,454.95","4,527.85","4,450.60","4,503.35","229,380"
"22-Feb-2023","4,505.00","4,540.90","4,477.70","4,484.50","262,918"
"23-Feb-2023","4,490.00","4,496.00","4,424.80","4,451.50","210,031"
"24-Feb-2023","4,460.00","4,495.55","4,419.65","4,442.55","234,456"
"27-Feb-2023","4,428.55","4,470.00","4,375.00","4,388.25","162,723"
"28-Feb-2023","4,390.00","4,475.25","4,380.00","4,461.75","349,283"
"01-Mar-2023","4,439.00","4,454.55","4,355.15","4,379.80","331,092"
"02-Mar-2023","4,390.00","4,405.00","4,343.05","4,394.20","147,032"
"03-Mar-2023","4,400.00","4,444.75","4,380.40","4,411.95","212,204"
"06-Mar-2023","4,389.00","4,389.00","4,279.90","4,319.85","681,562"
"08-Mar-2023","4,319.85","4,370.00","4,305.75","4,339.65","228,626"
"09-Mar-2023","4,339.65","4,350.00","4,275.20","4,291.70","242,653"
"10-Mar-2023","4,307.40","4,361.75","4,282.75","4,311.00","367,075"
"13-Mar-2023","4,309.00","4,346.05","4,290.00","4,307.60","282,671"
"14-Mar-2023","4,315.00","4,343.90","4,277.00","4,292.95","197,998"
"15-Mar-2023","4,315.00","4,323.65","4,237.60","4,243.10","195,193"
"16-Mar-2023","4,263.95","4,320.00","4,250.00","4,311.20","260,044"
"17-Mar-2023","4,325.95","4,370.00","4,305.60","4,362.55","294,948"
"20-Mar-2023","4,364.60","4,366.60","4,262.50","4,331.85","176,552"
"21-Mar-2023","4,355.00","4,386.00","4,260.00","4,264.70","231,876"
"22-Mar-2023","4,279.00","4,279.00","4,230.00","4,244.45","146,015"
"23-Mar-2023","4,250.00","4,255.50","4,196.75","4,242.70","197,372"
"24-Mar-2023","4,242.00","4,242.00","4,189.85","4,199.95","198,393"
"27-Mar-2023","4,224.05","4,245.30","4,198.80","4,214.80","283,791"
"28-Mar-2023","4,229.50","4,229.50","4,153.00","4,200.00","224,554"
"29-Mar-2023","4,205.00","4,297.95","4,198.95","4,276.20","316,461"
"31-Mar-2023","4,277.45","4,333.80","4,257.05","4,322.15","244,995"
"03-Apr-2023","4,344.00","4,346.00","4,282.35","4,324.05","365,323"
"05-Apr-2023","4,334.00","4,358.90","4,295.00","4,327.55","390,846"
"06-Apr-2023","4,327.80","4,327.80","4,288.30","4,299.80","208,718"
"10-Apr-2023","4,299.80","4,299.80","4,243.00","4,266.40","253,654"
"11-Apr-2023","4,266.40","4,305.30","4,258.25","4,277.35","248,398"
"12-Apr-2023","4,277.35","4,298.80","4,263.00","4,271.30","325,329"
"13-Apr-2023","4,239.00","4,350.00","4,222.55","4,264.20","454,438"
"17-Apr-2023","4,278.00","4,405.00","4,259.70","4,338.60","631,457"
"18-Apr-2023","4,350.95","4,374.90","4,290.00","4,301.85","190,132"
"19-Apr-2023","4,326.00","4,326.00","4,270.45","4,293.85","347,248"
"20-Apr-2023","4,295.00","4,318.50","4,246.30","4,256.40","164,008"
"21-Apr-2023","4,259.00","4,335.00","4,248.30","4,327.80","273,401"
"24-Apr-2023","4,327.80","4,339.45","4,297.00","4,311.00","182,843"
"25-Apr-2023","4,313.00","4,411.00","4,311.00","4,402.55","353,719"
"26-Apr-2023","4,400.00","4,422.85","4,370.80","4,405.00","306,037"
"27-Apr-2023","4,407.00","4,429.35","4,397.00","4,415.85","179,769"
"28-Apr-2023","4,415.95","4,564.85","4,408.65","4,553.55","482,939"
"02-May-2023","4,565.25","4,605.75","4,500.00","4,511.05","261,449"
"03-May-2023","4,490.00","4,548.00","4,443.35","4,527.10","525,015"
"04-May-2023","4,527.05","4,596.00","4,510.00","4,587.05","244,670"
"05-May-2023","4,594.65","4,636.95","4,584.40","4,626.00","332,347"
"08-May-2023","4,640.00","4,700.00","4,573.55","4,598.40","831,450"
"09-May-2023","4,624.00","4,633.25","4,582.55","4,595.15","367,650"
"10-May-2023","4,629.70","4,667.80","4,586.50","4,604.95","368,807"
"11-May-2023","4,610.20","4,652.00","4,605.00","4,635.15","282,060"
"12-May-2023","4,634.00","4,675.00","4,601.85","4,616.50","311,033"
"15-May-2023","4,647.85","4,679.00","4,621.45","4,630.85","276,965"
"16-May-2023","4,632.00","4,660.20","4,565.00","4,606.90","263,119"
"17-May-2023","4,610.00","4,639.20","4,583.65","4,631.90","268,353"
"18-May-2023","4,650.00","4,655.50","4,558.00","4,564.35","155,214"
"19-May-2023","4,588.00","4,593.10","4,484.15","4,499.85","367,664"
"22-May-2023","4,500.00","4,540.25","4,485.00","4,498.95","172,174"
"23-May-2023","4,487.00","4,581.55","4,486.00","4,521.65","297,514"
"24-May-2023","4,538.20","4,569.90","4,501.35","4,519.80","302,733"
"25-May-2023","4,580.00","4,705.45","4,533.25","4,563.30","861,989"
"26-May-2023","4,582.00","4,624.20","4,563.15","4,596.20","231,911"
"29-May-2023","4,611.45","4,625.10","4,566.00","4,575.25","194,968"
"30-May-2023","4,583.00","4,623.50","4,563.00","4,573.25","199,772"
"31-May-2023","4,571.00","4,683.30","4,565.25","4,657.05","1,536,463"
"01-Jun-2023","4,655.00","4,655.00","4,587.55","4,635.25","188,427"
"02-Jun-2023","4,637.00","4,718.70","4,635.35","4,654.15","359,550"
"05-Jun-2023","4,659.90","4,712.50","4,657.05","4,682.60","349,558"
"06-Jun-2023","4,682.60","4,717.70","4,673.05","4,705.40","185,910"
"07-Jun-2023","4,715.00","4,907.95","4,715.00","4,893.15","1,390,193"
"08-Jun-2023","4,901.90","4,914.75","4,856.50","4,875.05","381,452"
"09-Jun-2023","4,886.30","4,980.00","4,836.10","4,878.75","820,375"
"12-Jun-2023","4,899.00","4,910.00","4,865.00","4,900.25","233,763"
"13-Jun-2023","4,904.95","4,951.65","4,892.30","4,940.10","326,814"
"14-Jun-2023","4,947.00","4,977.00","4,922.00","4,941.65","234,174"
"15-Jun-2023","4,950.00","5,019.90","4,914.30","4,975.45","452,909"
"16-Jun-2023","4,975.45","5,058.60","4,970.00","5,044.70","407,485"
"19-Jun-2023","5,050.00","5,064.40","5,002.30","5,021.05","197,576"
"20-Jun-2023","5,021.05","5,062.50","5,008.05","5,056.45","251,372"
"21-Jun-2023","5,070.60","5,085.25","5,045.65","5,069.55","272,200"
"22-Jun-2023","5,065.00","5,071.90","4,975.00","4,987.05","145,196"
"23-Jun-2023","4,972.05","4,986.95","4,945.30","4,970.80","191,942"
"26-Jun-2023","4,978.95","5,022.00","4,952.30","5,009.20","179,192"
"27-Jun-2023","5,000.55","5,037.80","4,949.15","4,954.25","175,475"
"28-Jun-2023","4,989.00","5,019.95","4,959.90","4,992.15","253,814"
"30-Jun-2023","4,990.20","5,032.35","4,955.05","5,024.55","196,106"
"03-Jul-2023","5,035.00","5,048.60","4,990.10","5,008.30","139,105"
"04-Jul-2023","5,008.30","5,024.90","4,972.55","5,010.15","121,493"
"05-Jul-2023","5,024.80","5,115.40","4,960.50","5,096.10","186,513"
"06-Jul-2023","5,199.00","5,270.35","5,121.00","5,173.55","966,410"
"07-Jul-2023","5,173.55","5,189.55","5,042.90","5,054.50","224,712"
"10-Jul-2023","5,073.00","5,099.45","4,991.50","5,031.85","308,544"
"11-Jul-2023","5,050.00","5,157.20","5,050.00","5,083.90","385,742"
"12-Jul-2023","5,083.90","5,114.85","5,042.35","5,073.90","180,640"
"13-Jul-2023","5,089.90","5,148.00","5,071.45","5,090.35","232,034"
"14-Jul-2023","5,118.00","5,150.00","5,085.10","5,133.20","220,335"
"17-Jul-2023","5,149.95","5,199.00","5,121.10","5,143.45","272,290"
"18-Jul-2023","5,150.00","5,160.55","5,052.00","5,064.15","189,358"
"19-Jul-2023","5,081.95","5,144.00","5,050.10","5,065.90","353,528"
"20-Jul-2023","5,070.00","5,094.00","5,016.05","5,052.55","327,126"
"21-Jul-2023","5,061.55","5,108.95","5,000.00","5,047.00","438,176"
"24-Jul-2023","5,047.00","5,048.00","4,944.20","4,968.90","224,646"
"25-Jul-2023","5,007.00","5,007.00","4,875.00","4,885.60","396,810"
"26-Jul-2023","4,900.00","4,994.95","4,880.00","4,983.60","231,869"
"27-Jul-2023","4,965.00","5,016.00","4,763.80","4,873.40","558,492"
"28-Jul-2023","4,904.00","4,959.40","4,851.00","4,903.35","357,681"
"31-Jul-2023","4,905.10","4,910.40","4,765.25","4,793.95","800,189"
"01-Aug-2023","4,825.10","4,843.50","4,750.10","4,817.35","413,904"
"02-Aug-2023","4,839.00","4,839.00","4,770.00","4,809.45","395,487"
"03-Aug-2023","4,809.95","4,818.60","4,770.00","4,798.95","239,070"
"04-Aug-2023","4,790.00","4,832.00","4,766.65","4,798.50","401,478"
"07-Aug-2023","4,751.00","4,815.00","4,618.20","4,659.75","1,079,453"
"08-Aug-2023","4,632.75","4,677.45","4,596.05","4,605.35","533,341"
"09-Aug-2023","4,619.90","4,633.35","4,575.00","4,600.90","912,658"
"10-Aug-2023","4,601.00","4,618.65","4,531.30","4,540.45","587,011"
"11-Aug-2023","4,540.00","4,561.00","4,489.65","4,510.30","1,112,908"
"14-Aug-2023","4,519.70","4,525.00","4,455.00","4,499.60","557,851"
"16-Aug-2023","4,488.60","4,512.55","4,421.40","4,498.50","518,358"
"17-Aug-2023","4,498.50","4,525.00","4,472.30","4,501.60","394,002"
"18-Aug-2023","4,499.00","4,554.80","4,461.00","4,535.05","423,415"
"21-Aug-2023","4,555.95","4,560.00","4,498.50","4,510.50","244,783"
"22-Aug-2023","4,524.80","4,524.95","4,490.00","4,511.65","217,446"
"23-Aug-2023","4,555.00","4,555.00","4,484.70","4,512.45","346,764"
"24-Aug-2023","4,538.30","4,559.50","4,515.45","4,542.80","357,303"
"25-Aug-2023","4,544.60","4,560.05","4,506.20","4,525.80","333,873"
"28-Aug-2023","4,525.00","4,525.80","4,485.60","4,510.95","343,698"
"29-Aug-2023","4,510.95","4,540.00","4,486.10","4,530.75","340,257"
"30-Aug-2023","4,552.95","4,558.55","4,511.70","4,550.80","367,571"
"31-Aug-2023","4,564.90","4,575.00","4,442.00","4,467.75","874,564"
"01-Sep-2023","4,475.00","4,491.95","4,426.00","4,484.35","383,124"
"04-Sep-2023","4,484.35","4,511.00","4,449.75","4,507.20","394,391"
"05-Sep-2023","4,507.20","4,539.00","4,485.00","4,514.95","453,349"
"06-Sep-2023","4,520.00","4,590.00","4,503.05","4,569.15","300,673"
"07-Sep-2023","4,590.00","4,590.40","4,521.00","4,530.70","479,124"
"08-Sep-2023","4,540.70","4,548.60","4,513.80","4,540.50","278,293"
"11-Sep-2023","4,540.90","4,574.00","4,540.00","4,568.55","302,448"
"12-Sep-2023","4,568.55","4,574.40","4,508.90","4,567.15","321,129"
"13-Sep-2023","4,567.15","4,630.45","4,549.10","4,608.25","435,792"
"14-Sep-2023","4,619.00","4,631.95","4,552.65","4,574.35","473,085"
"15-Sep-2023","4,583.00","4,589.25","4,518.60","4,532.85","408,326"
"18-Sep-2023","4,540.00","4,603.00","4,520.00","4,596.20","304,844"
"20-Sep-2023","4,596.20","4,597.00","4,507.70","4,527.40","357,295"
"21-Sep-2023","4,520.00","4,565.70","4,478.00","4,558.55","367,638"
"22-Sep-2023","4,558.55","4,572.00","4,510.00","4,564.65","210,753"
"25-Sep-2023","4,574.05","4,585.00","4,510.55","4,570.05","498,354"
"26-Sep-2023","4,570.25","4,609.00","4,549.45","4,600.15","330,231"
"27-Sep-2023","4,601.20","4,634.05","4,569.00","4,627.35","358,156"
"28-Sep-2023","4,627.35","4,634.30","4,505.05","4,524.55","390,490"
"29-Sep-2023","4,555.00","4,560.45","4,501.55","4,537.15","230,125"
"03-Oct-2023","4,524.80","4,553.25","4,486.60","4,495.45","543,482"
"04-Oct-2023","4,490.00","4,540.00","4,466.75","4,532.50","318,564"
"05-Oct-2023","4,540.25","4,548.20","4,500.00","4,533.90","302,015"
"06-Oct-2023","4,533.85","4,549.45","4,515.00","4,538.45","238,131"
"09-Oct-2023","4,511.00","4,535.00","4,493.50","4,522.50","255,764"
"10-Oct-2023","4,522.20","4,541.95","4,503.00","4,529.95","222,750"
"11-Oct-2023","4,522.00","4,568.95","4,520.65","4,554.95","368,192"
"12-Oct-2023","4,582.00","4,591.60","4,531.00","4,560.75","518,582"
"13-Oct-2023","4,550.00","4,582.00","4,515.00","4,574.70","445,822"
"16-Oct-2023","4,559.95","4,591.45","4,555.00","4,586.05","292,118"
"17-Oct-2023","4,586.20","4,609.90","4,562.20","4,600.35","196,669"
"18-Oct-2023","4,605.00","4,623.00","4,586.25","4,607.70","217,179"
"19-Oct-2023","4,600.05","4,616.00","4,561.70","4,602.45","228,881"
"20-Oct-2023","4,603.00","4,608.00","4,558.75","4,580.00","351,045"
"23-Oct-2023","4,572.70","4,600.00","4,516.35","4,530.60","203,004"
"25-Oct-2023","4,470.00","4,585.60","4,470.00","4,533.75","330,082"
"26-Oct-2023","4,517.60","4,524.80","4,476.75","4,507.80","488,909"
"27-Oct-2023","4,512.00","4,544.00","4,491.00","4,514.30","382,794"
"30-Oct-2023","4,500.00","4,508.70","4,441.00","4,461.60","450,526"
"31-Oct-2023","4,460.10","4,479.75","4,401.90","4,426.50","504,625"
"01-Nov-2023","4,442.60","4,456.00","4,347.70","4,397.30","395,359"
"02-Nov-2023","4,512.10","4,568.80","4,454.25","4,527.25","822,845"
"03-Nov-2023","4,528.00","4,582.40","4,524.15","4,539.55","335,012"
"06-Nov-2023","4,554.90","4,628.15","4,546.05","4,623.60","205,763"
"07-Nov-2023","4,610.10","4,670.00","4,590.85","4,655.20","282,612"
"08-Nov-2023","4,670.95","4,686.50","4,650.50","4,670.60","385,727"
"09-Nov-2023","4,670.60","4,685.50","4,630.50","4,652.10","208,210"
"10-Nov-2023","4,657.45","4,685.85","4,621.00","4,681.95","142,336"
"12-Nov-2023","4,694.65","4,699.00","4,660.05","4,676.60","23,883"
"13-Nov-2023","4,662.30","4,703.15","4,644.00","4,696.35","260,394"
"15-Nov-2023","4,723.00","4,725.00","4,667.40","4,710.80","269,650"
"16-Nov-2023","4,710.00","4,729.00","4,679.60","4,702.10","178,375"
"17-Nov-2023","4,703.00","4,745.60","4,690.10","4,718.30","138,652"
"20-Nov-2023","4,691.25","4,739.45","4,690.90","4,712.00","126,069"
"21-Nov-2023","4,730.00","4,730.00","4,665.00","4,699.75","129,602"
"22-Nov-2023","4,709.90","4,712.85","4,662.75","4,694.20","72,533"
"23-Nov-2023","4,699.00","4,710.95","4,678.95","4,705.80","109,775"
"24-Nov-2023","4,705.80","4,715.00","4,640.50","4,644.15","123,628"
"28-Nov-2023","4,632.25","4,722.90","4,626.00","4,713.45","182,790"
"29-Nov-2023","4,715.95","4,832.10","4,701.40","4,803.65","363,702"
"30-Nov-2023","4,815.00","4,875.95","4,797.50","4,852.65","961,054"
"01-Dec-2023","4,873.00","4,984.00","4,860.05","4,970.75","485,597"
"04-Dec-2023","4,990.00","4,994.95","4,915.00","4,937.75","310,152"
"05-Dec-2023","4,937.75","4,975.00","4,933.00","4,948.40","280,497"
"06-Dec-2023","4,953.00","5,022.70","4,952.30","5,003.15","295,686"
"07-Dec-2023","5,003.15","5,025.00","4,963.15","5,016.00","268,095"
"08-Dec-2023","5,024.00","5,060.00","4,931.00","4,942.20","282,713"
"11-Dec-2023","4,959.90","4,974.50","4,900.05","4,944.15","147,976"
"12-Dec-2023","4,968.00","4,971.45","4,875.00","4,903.05","184,238"
"13-Dec-2023","4,910.00","4,928.00","4,860.00","4,919.30","153,558"
"14-Dec-2023","4,932.20","4,965.00","4,897.00","4,946.65","174,503"
"15-Dec-2023","4,938.00","4,969.85","4,880.50","4,913.90","216,579"
"18-Dec-2023","4,913.85","4,925.50","4,837.05","4,879.50","223,278"
"19-Dec-2023","4,891.35","4,927.45","4,858.70","4,911.25","200,718"
"20-Dec-2023","4,920.00","5,051.95","4,916.00","4,954.95","457,942"
"21-Dec-2023","4,930.00","5,113.30","4,877.55","5,059.60","796,081"
"22-Dec-2023","5,075.00","5,183.70","5,050.05","5,161.10","582,688"
"26-Dec-2023","5,155.00","5,244.50","5,146.00","5,235.95","574,310"
"27-Dec-2023","5,242.00","5,245.00","5,160.00","5,216.80","241,944"
"28-Dec-2023","5,224.95","5,338.65","5,186.75","5,282.00","655,367"
"29-Dec-2023","5,260.55","5,386.05","5,238.65","5,338.45","535,691"
"01-Jan-2024","5,339.00","5,349.90","5,290.00","5,319.80","130,032"
"02-Jan-2024","5,319.80","5,334.95","5,224.10","5,288.85","193,517"
"03-Jan-2024","5,288.85","5,333.90","5,240.00","5,253.80","123,303"
"04-Jan-2024","5,253.80","5,375.00","5,221.00","5,361.30","413,391"
"05-Jan-2024","5,361.30","5,363.35","5,256.00","5,272.35","299,017"
"08-Jan-2024","5,305.00","5,305.00","5,171.05","5,177.35","236,628"
"09-Jan-2024","5,199.00","5,210.20","5,111.00","5,122.40","194,434"
"10-Jan-2024","5,111.00","5,143.65","5,051.50","5,086.65","191,450"
"11-Jan-2024","5,102.90","5,186.40","5,076.55","5,136.70","277,823"
"12-Jan-2024","5,149.00","5,250.40","5,100.05","5,151.10","462,298"
"15-Jan-2024","5,159.95","5,228.00","5,119.00","5,177.35","400,069"
"16-Jan-2024","5,168.40","5,218.00","5,107.25","5,130.60","203,028"
"17-Jan-2024","5,115.05","5,135.25","5,055.00","5,061.70","270,672"
"18-Jan-2024","5,061.00","5,077.95","4,974.20","5,015.15","514,119"
"19-Jan-2024","5,029.00","5,169.65","5,012.30","5,138.65","329,252"
"20-Jan-2024","5,164.00","5,245.35","5,145.35","5,166.40","221,679"
"23-Jan-2024","5,166.40","5,189.85","4,925.90","5,048.10","491,135"
"24-Jan-2024","5,048.10","5,173.65","5,030.00","5,142.25","611,741"
"25-Jan-2024","5,150.00","5,236.55","5,106.10","5,141.90","342,129"
"29-Jan-2024","5,142.00","5,219.50","5,111.20","5,136.90","275,710"
"30-Jan-2024","5,163.30","5,192.90","5,081.00","5,091.75","146,422"
"31-Jan-2024","5,091.75","5,220.00","5,031.75","5,198.40","549,238"
"01-Feb-2024","5,196.05","5,201.95","5,127.10","5,148.60","344,394"
"02-Feb-2024","5,166.75","5,209.00","5,131.45","5,148.85","176,167"
"05-Feb-2024","5,169.90","5,239.75","5,078.50","5,124.50","231,620"
"06-Feb-2024","5,124.50","5,125.00","4,992.55","5,007.05","336,609"
"07-Feb-2024","5,140.00","5,183.90","4,925.00","5,078.25","1,258,830"
"08-Feb-2024","5,101.00","5,122.40","4,833.15","4,875.55","623,680"
"09-Feb-2024","4,875.55","4,978.05","4,860.05","4,971.50","411,953"
"12-Feb-2024","4,971.50","4,997.95","4,940.75","4,970.20","158,487"
"13-Feb-2024","4,970.20","5,053.40","4,940.20","4,981.60","262,011"
"14-Feb-2024","4,967.55","5,025.00","4,950.00","5,010.65","277,479"
"15-Feb-2024","5,010.95","5,043.35","4,932.85","4,950.55","189,625"
"16-Feb-2024","4,954.00","4,970.55","4,894.75","4,913.70","352,139"
"19-Feb-2024","4,919.95","4,948.55","4,886.65","4,925.25","182,521"
"20-Feb-2024","4,910.15","4,934.00","4,879.10","4,921.15","129,279"
"21-Feb-2024","4,934.75","4,988.30","4,888.00","4,923.00","235,932"
"22-Feb-2024","4,924.95","4,968.00","4,860.00","4,956.95","255,308"
"23-Feb-2024","4,956.95","4,970.40","4,912.10","4,936.35","115,910"
"26-Feb-2024","4,949.95","4,957.00","4,891.60","4,901.90","78,084"
"27-Feb-2024","4,879.00","4,939.55","4,879.00","4,904.35","434,014"
"28-Feb-2024","4,894.35","4,916.10","4,867.20","4,887.80","96,877"
"29-Feb-2024","4,885.05","4,980.90","4,828.85","4,965.20","447,941"
"01-Mar-2024","4,965.20","4,986.70","4,914.15","4,927.70","316,277"
"02-Mar-2024","4,927.75","4,998.95","4,902.35","4,922.55","5,987"
"04-Mar-2024","4,906.00","4,942.45","4,833.50","4,838.90","307,520"
"05-Mar-2024","4,839.05","4,867.45","4,811.00","4,825.65","156,956"
"06-Mar-2024","4,839.00","4,887.80","4,788.75","4,880.75","190,965"
"07-Mar-2024","4,870.00","4,902.00","4,835.10","4,889.15","216,747"
"11-Mar-2024","4,894.05","4,957.65","4,871.10","4,937.40","295,000"
"12-Mar-2024","4,935.70","4,940.00","4,852.80","4,869.15","140,625"
"13-Mar-2024","4,892.60","4,975.00","4,822.00","4,856.65","410,729"
"14-Mar-2024","4,853.25","4,952.95","4,783.00","4,938.90","240,217"
"15-Mar-2024","4,917.45","5,008.70","4,912.00","4,974.20","491,571"
"18-Mar-2024","4,980.00","5,014.00","4,960.00","4,980.00","143,928"
"19-Mar-2024","4,999.00","4,999.95","4,800.00","4,816.95","265,081"
"20-Mar-2024","4,822.10","4,832.85","4,760.00","4,802.90","300,159"
"21-Mar-2024","4,812.50","4,824.00","4,767.80","4,806.70","449,591"
"22-Mar-2024","4,800.00","4,892.95","4,784.90","4,865.00","264,787"
"26-Mar-2024","4,748.40","4,975.00","4,740.70","4,961.45","554,559"
"27-Mar-2024","4,960.00","4,980.00","4,880.00","4,920.20","327,107"
"28-Mar-2024","4,942.30","4,971.20","4,864.60","4,911.25","648,795"
"01-Apr-2024","4,929.95","4,960.70","4,883.75","4,895.20","181,877"
"02-Apr-2024","4,910.00","4,914.90","4,870.00","4,899.95","93,480"
"03-Apr-2024","4,870.00","4,896.95","4,806.00","4,834.60","246,246"
"04-Apr-2024","4,839.95","4,855.00","4,780.60","4,813.60","372,526"
"05-Apr-2024","4,813.60","4,847.60","4,791.60","4,813.05","189,143"
"08-Apr-2024","4,825.05","4,841.00","4,781.00","4,826.80","235,219"
"09-Apr-2024","4,850.00","4,850.00","4,783.40","4,794.70","180,114"
"10-Apr-2024","4,818.50","4,818.55","4,747.55","4,808.70","509,880"
"12-Apr-2024","4,818.00","4,820.85","4,745.00","4,751.75","620,568"
"15-Apr-2024","4,745.00","4,777.10","4,692.85","4,761.90","421,873"
"16-Apr-2024","4,748.00","4,772.50","4,691.30","4,740.70","516,581"
"18-Apr-2024","4,745.00","4,758.70","4,666.60","4,695.00","670,722"
"19-Apr-2024","4,682.05","4,698.00","4,641.00","4,668.30","424,834"
"22-Apr-2024","4,673.90","4,763.90","4,662.30","4,753.30","321,925"
"23-Apr-2024","4,756.00","4,812.00","4,723.05","4,797.80","279,440"
"24-Apr-2024","4,797.00","4,840.00","4,781.00","4,828.95","412,282"
"25-Apr-2024","4,816.15","4,859.00","4,747.50","4,844.15","509,266"
"26-Apr-2024","4,844.05","4,861.00","4,793.00","4,800.45","205,462"
"29-Apr-2024","4,815.00","4,825.60","4,776.00","4,799.85","147,362"
"30-Apr-2024","4,799.00","4,825.00","4,765.10","4,775.95","489,132"
"02-May-2024","4,789.95","4,812.00","4,750.05","4,759.65","356,664"
"03-May-2024","4,781.10","4,781.10","4,707.90","4,744.60","262,493"
"06-May-2024","4,818.95","5,205.45","4,802.20","5,061.60","2,837,757"
"07-May-2024","5,057.95","5,219.90","5,048.80","5,173.85","1,156,073"
"08-May-2024","5,151.00","5,248.45","5,123.85","5,228.40","323,414"
"09-May-2024","5,228.05","5,248.00","5,045.00","5,070.10","379,667"
"10-May-2024","5,070.10","5,118.20","4,971.75","5,066.80","223,289"
"13-May-2024","5,074.95","5,170.00","5,055.00","5,130.55","323,879"
"14-May-2024","5,130.55","5,161.50","5,035.00","5,140.80","205,585"
"15-May-2024","5,149.55","5,164.75","5,053.45","5,064.00","166,198"
"16-May-2024","5,064.15","5,150.00","5,017.50","5,137.75","312,988"
"17-May-2024","5,139.90","5,139.90","5,065.00","5,086.80","116,594"
"18-May-2024","5,090.15","5,114.75","5,040.10","5,096.05","12,240"
"21-May-2024","5,046.00","5,191.00","5,045.05","5,178.10","376,474"
"22-May-2024","5,219.80","5,302.50","5,195.00","5,267.40","748,236"
"23-May-2024","5,261.15","5,293.75","5,187.90","5,281.15","423,256"
"24-May-2024","5,260.10","5,285.15","5,219.00","5,240.70","268,208"
"27-May-2024","5,265.00","5,265.00","5,127.25","5,212.25","329,998"
"28-May-2024","5,209.00","5,285.40","5,180.55","5,250.55","259,151"
"29-May-2024","5,202.00","5,268.00","5,200.00","5,229.80","286,144"
"30-May-2024","5,202.10","5,242.10","5,173.00","5,198.55","357,619"
"31-May-2024","5,208.00","5,221.00","5,110.65","5,179.80","651,525"
"03-Jun-2024","5,300.00","5,300.00","5,160.00","5,167.80","199,328"
"04-Jun-2024","5,205.55","5,414.40","5,127.05","5,325.10","989,039"
"05-Jun-2024","5,325.10","5,725.00","5,325.00","5,486.65","1,188,965"
"06-Jun-2024","5,465.00","5,514.10","5,311.45","5,440.45","629,293"
"07-Jun-2024","5,431.65","5,470.00","5,395.00","5,463.55","226,777"
"10-Jun-2024","5,465.00","5,560.75","5,406.10","5,488.40","306,665"
"11-Jun-2024","5,500.00","5,606.75","5,500.00","5,517.75","476,899"
"12-Jun-2024","5,550.55","5,568.00","5,431.00","5,439.30","279,376"
"13-Jun-2024","5,439.60","5,449.95","5,341.70","5,379.45","434,594"
"14-Jun-2024","5,397.55","5,450.00","5,375.60","5,393.65","149,569"
"18-Jun-2024","5,419.80","5,435.00","5,375.30","5,395.85","155,277"
"19-Jun-2024","5,416.00","5,422.85","5,350.00","5,360.65","135,179"
"20-Jun-2024","5,360.65","5,400.00","5,319.00","5,378.45","296,418"
"21-Jun-2024","5,369.10","5,389.85","5,317.50","5,330.30","244,120"
"24-Jun-2024","5,315.00","5,330.00","5,250.00","5,297.75","463,385"
"25-Jun-2024","5,297.80","5,370.00","5,289.20","5,352.05","160,890"
"26-Jun-2024","5,352.05","5,434.55","5,319.05","5,421.70","221,391"
"27-Jun-2024","5,388.80","5,450.00","5,382.15","5,430.30","357,573"
"28-Jun-2024","5,435.00","5,490.00","5,416.25","5,475.55","215,576"
"01-Jul-2024","5,475.05","5,489.15","5,431.05","5,476.50","223,560"
"02-Jul-2024","5,500.00","5,500.00","5,384.30","5,401.65","163,333"
"03-Jul-2024","5,421.75","5,498.00","5,389.80","5,449.10","211,361"
"04-Jul-2024","5,454.95","5,487.35","5,397.55","5,426.25","138,170"
"05-Jul-2024","5,445.95","5,554.50","5,433.95","5,546.80","172,330"
"08-Jul-2024","5,555.00","5,615.95","5,534.05","5,568.55","171,210"
"09-Jul-2024","5,700.00","5,705.00","5,583.05","5,668.85","389,812"
"10-Jul-2024","5,670.05","5,800.00","5,670.05","5,755.55","526,095"
"11-Jul-2024","5,800.00","5,805.00","5,720.00","5,761.30","372,798"
"12-Jul-2024","5,780.00","5,805.00","5,713.20","5,787.05","222,315"
"15-Jul-2024","5,807.00","5,847.75","5,788.00","5,809.70","135,374"
"16-Jul-2024","5,812.00","5,880.00","5,770.10","5,862.35","162,459"
"18-Jul-2024","5,846.55","5,920.00","5,820.00","5,871.50","523,157"
"19-Jul-2024","5,850.00","5,978.00","5,846.65","5,877.95","451,294"
"22-Jul-2024","5,877.95","5,933.70","5,842.00","5,887.85","347,520"
"23-Jul-2024","5,887.85","6,005.00","5,840.60","5,944.75","336,696"
"24-Jul-2024","5,949.40","5,974.40","5,815.00","5,829.50","233,649"
"25-Jul-2024","5,824.90","5,865.00","5,801.70","5,829.60","303,638"
"26-Jul-2024","5,830.00","5,882.65","5,813.10","5,872.80","146,736"
"29-Jul-2024","5,898.00","5,957.60","5,840.05","5,897.60","129,350"
"30-Jul-2024","5,898.40","5,989.40","5,831.30","5,842.20","191,681"
"31-Jul-2024","5,897.00","5,897.00","5,770.15","5,784.45","271,796"
"01-Aug-2024","5,784.45","5,839.90","5,700.00","5,730.15","304,411"
"02-Aug-2024","5,708.05","5,808.00","5,630.30","5,720.35","406,998"
"05-Aug-2024","5,709.95","5,842.95","5,650.05","5,697.90","1,114,298"
"06-Aug-2024","5,724.55","5,921.00","5,710.15","5,854.50","727,869"
"07-Aug-2024","5,890.20","5,924.80","5,809.05","5,836.80","314,935"
"08-Aug-2024","5,844.75","5,861.95","5,725.00","5,744.65","271,628"
"09-Aug-2024","5,770.40","5,785.55","5,720.00","5,740.30","232,215"
"12-Aug-2024","5,745.00","5,774.50","5,625.00","5,645.75","622,193"
"13-Aug-2024","5,678.95","5,714.95","5,617.05","5,666.50","236,505"
"14-Aug-2024","5,676.00","5,695.20","5,594.15","5,659.15","164,575"
"16-Aug-2024","5,670.50","5,742.45","5,662.50","5,729.65","144,969"
"19-Aug-2024","5,745.00","5,763.25","5,718.10","5,732.50","102,452"
"20-Aug-2024","5,740.45","5,773.80","5,728.25","5,765.80","189,035"
"21-Aug-2024","5,773.80","5,849.90","5,756.50","5,837.35","169,215"
"22-Aug-2024","5,858.00","5,858.00","5,808.65","5,836.80","160,154"
"23-Aug-2024","5,837.00","5,850.00","5,784.35","5,792.65","124,435"
"26-Aug-2024","5,800.00","5,860.00","5,776.25","5,796.95","265,107"
"27-Aug-2024","5,828.80","5,845.40","5,735.00","5,764.30","175,740"
"28-Aug-2024","5,746.55","5,775.40","5,690.05","5,703.35","161,445"
"29-Aug-2024","5,710.00","5,845.00","5,696.15","5,831.40","351,330"
"30-Aug-2024","5,842.95","5,908.90","5,793.25","5,855.25","519,387"
"02-Sep-2024","5,882.05","5,933.95","5,865.00","5,922.15","307,023"
"03-Sep-2024","5,933.00","5,944.00","5,870.00","5,916.05","258,133"
"04-Sep-2024","5,849.95","5,935.35","5,828.00","5,926.55","219,283"
"05-Sep-2024","5,911.75","5,920.00","5,833.30","5,850.00","170,014"
"06-Sep-2024","5,846.70","5,884.80","5,827.10","5,843.55","213,556"
"09-Sep-2024","5,859.95","5,961.20","5,846.20","5,939.45","321,187"
"10-Sep-2024","5,980.05","6,010.00","5,930.05","5,969.90","337,831"
"11-Sep-2024","5,953.05","6,047.05","5,947.25","6,008.65","437,060"
"12-Sep-2024","6,018.65","6,128.70","6,004.70","6,109.25","548,745"
"13-Sep-2024","6,138.00","6,148.80","6,057.35","6,133.10","274,846"
"16-Sep-2024","6,000.00","6,130.00","5,936.80","6,063.00","352,336"
"17-Sep-2024","6,073.45","6,204.65","6,069.15","6,111.05","527,917"
"18-Sep-2024","6,135.00","6,166.55","6,060.05","6,123.25","218,424"
"19-Sep-2024","6,128.90","6,225.00","6,113.65","6,134.50","362,388"
"20-Sep-2024","6,165.35","6,258.65","6,125.85","6,210.55","663,556"
"23-Sep-2024","6,235.25","6,250.00","6,190.80","6,211.20","312,563"
"24-Sep-2024","6,200.75","6,245.90","6,185.05","6,203.15","234,706"
"25-Sep-2024","6,203.00","6,203.00","6,101.55","6,180.30","357,145"
"26-Sep-2024","6,200.00","6,270.40","6,154.35","6,254.10","327,297"
"27-Sep-2024","6,237.70","6,332.95","6,180.80","6,268.80","400,543"
"30-Sep-2024","6,252.65","6,362.90","6,241.10","6,338.15","442,617"
"01-Oct-2024","6,306.90","6,463.60","6,306.90","6,446.05","416,639"
"03-Oct-2024","6,444.20","6,469.90","6,290.00","6,331.75","495,791"
"04-Oct-2024","6,278.25","6,339.95","6,179.85","6,206.00","395,753"
"07-Oct-2024","6,222.65","6,235.00","6,105.00","6,120.30","374,593"
"08-Oct-2024","6,137.70","6,234.80","6,052.05","6,204.40","708,471"
"09-Oct-2024","6,158.65","6,185.00","6,070.05","6,097.25","551,094"
"10-Oct-2024","6,127.00","6,159.85","5,980.05","6,002.15","287,475"
"11-Oct-2024","6,030.55","6,039.50","5,961.10","5,978.50","94,953"
"14-Oct-2024","6,005.10","6,024.30","5,900.00","5,978.05","219,597"
"15-Oct-2024","6,016.35","6,082.95","5,986.95","6,068.70","426,219"
"16-Oct-2024","6,065.00","6,114.00","6,021.15","6,090.10","276,677"
"17-Oct-2024","6,090.10","6,095.90","5,966.25","5,988.50","188,121"
"18-Oct-2024","5,984.95","5,998.00","5,870.00","5,887.20","354,901"
"21-Oct-2024","5,887.20","5,895.50","5,762.60","5,778.30","296,733"
"22-Oct-2024","5,787.40","5,804.00","5,711.80","5,727.00","320,607"
"23-Oct-2024","5,698.60","5,797.60","5,690.05","5,748.85","123,095"
"24-Oct-2024","5,750.85","5,780.50","5,601.60","5,612.40","269,803"
"25-Oct-2024","5,612.40","5,706.45","5,610.00","5,669.40","176,680"
"28-Oct-2024","5,677.00","5,779.00","5,669.40","5,722.30","131,887"
"29-Oct-2024","5,730.80","5,759.90","5,611.05","5,667.50","204,751"
"30-Oct-2024","5,666.60","5,799.00","5,641.60","5,782.50","218,180"
"31-Oct-2024","5,779.00","5,781.00","5,708.00","5,726.90","208,893"
"01-Nov-2024","5,768.55","5,768.55","5,652.05","5,693.05","31,706"
"04-Nov-2024","5,685.00","5,698.95","5,541.85","5,625.20","249,780"
"05-Nov-2024","5,634.15","5,669.00","5,584.55","5,605.10","185,870"
"06-Nov-2024","5,636.30","5,719.00","5,608.05","5,694.90","233,799"
"07-Nov-2024","5,710.00","5,713.70","5,606.00","5,688.90","284,538"
"08-Nov-2024","5,682.20","5,792.85","5,641.55","5,747.15","306,281"
"11-Nov-2024","5,801.65","5,902.15","5,401.15","5,434.65","804,824"
"12-Nov-2024","5,420.00","5,426.90","5,005.00","5,027.55","2,441,209"
"13-Nov-2024","5,009.00","5,087.60","4,938.45","5,046.50","928,244"
"14-Nov-2024","5,046.50","5,050.50","4,901.00","4,915.60","479,979"
"18-Nov-2024","4,970.00","4,970.00","4,791.65","4,911.35","439,087"
"19-Nov-2024","4,924.95","4,951.35","4,878.60","4,892.70","436,205"
"21-Nov-2024","4,875.00","4,885.00","4,746.90","4,803.35","1,036,549"
"22-Nov-2024","4,789.05","4,871.00","4,765.60","4,848.35","410,476"
"25-Nov-2024","4,905.00","4,980.00","4,874.00","4,903.95","722,912"
"26-Nov-2024","4,903.95","5,030.30","4,892.95","5,013.60","314,200"
"27-Nov-2024","5,013.60","5,025.00","4,941.00","4,984.15","255,840"
"28-Nov-2024","4,986.60","5,012.55","4,891.15","4,923.65","321,308"
"29-Nov-2024","4,880.00","4,955.95","4,880.00","4,941.15","212,644"
"02-Dec-2024","4,930.50","4,959.00","4,866.20","4,907.25","314,800"
"03-Dec-2024","4,899.55","4,919.80","4,875.85","4,909.60","289,449"
"04-Dec-2024","4,916.45","4,973.90","4,841.00","4,851.55","392,107"
"05-Dec-2024","4,860.00","4,893.00","4,805.60","4,872.00","526,114"
"06-Dec-2024","4,872.00","4,906.70","4,840.00","4,870.85","236,965"
"09-Dec-2024","4,844.95","4,855.90","4,750.05","4,793.00","467,154"
"10-Dec-2024","4,799.85","4,829.95","4,783.05","4,787.25","264,213"
"11-Dec-2024","4,808.00","4,915.00","4,793.25","4,889.50","358,246"
"12-Dec-2024","4,900.00","4,908.95","4,810.00","4,828.35","406,271"
"13-Dec-2024","4,824.00","4,863.10","4,773.00","4,850.10","284,721"
"16-Dec-2024","4,869.00","4,869.00","4,790.00","4,846.50","208,757"
"17-Dec-2024","4,816.50","4,839.90","4,765.15","4,776.75","312,523"
"18-Dec-2024","4,775.00","4,798.90","4,752.55","4,782.65","228,821"
"19-Dec-2024","4,750.00","4,803.80","4,725.65","4,785.75","247,805"
"20-Dec-2024","4,790.00","4,807.50","4,680.50","4,698.10","363,168"
"23-Dec-2024","4,705.00","4,735.00","4,663.80","4,704.35","332,554"
"24-Dec-2024","4,702.05","4,766.55","4,690.05","4,744.10","227,672"
"26-Dec-2024","4,754.90","4,797.10","4,708.00","4,761.65","398,117"
"27-Dec-2024","4,776.00","4,807.35","4,738.45","4,769.30","131,505"
"30-Dec-2024","4,759.70","4,818.00","4,738.00","4,799.45","271,403"
"31-Dec-2024","4,795.00","4,795.00","4,741.20","4,762.75","255,918"
"01-Jan-2025","4,752.20","4,819.70","4,752.20","4,794.75","87,260"
"02-Jan-2025","4,790.05","4,806.95","4,723.10","4,787.80","402,766"
"03-Jan-2025","4,800.00","4,859.45","4,785.75","4,834.10","341,848"
"06-Jan-2025","4,873.50","4,873.50","4,773.30","4,791.25","619,930"
"07-Jan-2025","4,804.95","4,885.80","4,804.95","4,832.25","450,200"
"08-Jan-2025","4,850.00","4,871.90","4,760.15","4,859.90","371,105"
"09-Jan-2025","4,860.55","5,050.00","4,840.05","4,926.30","832,814"
"10-Jan-2025","4,928.50","4,958.40","4,881.65","4,939.20","305,669"
"13-Jan-2025","4,922.20","4,997.90","4,906.00","4,927.05","448,698"
"14-Jan-2025","4,948.95","4,950.00","4,850.10","4,862.40","283,367"
"15-Jan-2025","4,871.00","4,937.20","4,804.10","4,877.00","242,422"
"16-Jan-2025","4,886.05","4,900.00","4,743.10","4,844.55","454,269"
"17-Jan-2025","4,846.10","4,923.50","4,815.70","4,854.40","492,847"
"20-Jan-2025","4,860.00","4,908.00","4,836.65","4,885.40","155,962"
"21-Jan-2025","4,885.40","4,944.15","4,850.10","4,903.85","377,457"
"22-Jan-2025","4,930.00","4,975.20","4,883.20","4,956.70","460,132"
"23-Jan-2025","4,944.15","5,042.95","4,883.20","5,012.60","361,082"
"24-Jan-2025","5,037.70","5,108.00","5,013.15","5,101.55","509,954"
"27-Jan-2025","5,103.65","5,215.00","5,103.05","5,176.25","937,878"
"28-Jan-2025","5,181.15","5,216.25","5,018.20","5,060.75","456,912"
"29-Jan-2025","5,100.00","5,100.00","4,991.00","5,037.05","298,533"
"30-Jan-2025","5,037.10","5,105.00","5,034.95","5,075.35","354,016"
"31-Jan-2025","5,104.00","5,170.00","5,040.10","5,129.65","316,771"
"01-Feb-2025","5,160.00","5,379.00","5,051.00","5,201.35","634,040"
"03-Feb-2025","5,232.60","5,232.60","5,015.00","5,105.55","517,520"
"04-Feb-2025","5,118.00","5,118.00","4,990.30","5,028.35","434,664"
"05-Feb-2025","5,058.00","5,058.00","4,924.35","4,932.65","384,948"
"06-Feb-2025","4,932.10","4,978.80","4,906.05","4,956.05","466,931"
"07-Feb-2025","5,010.00","5,075.40","4,844.00","4,870.50","701,024"
"10-Feb-2025","4,915.00","5,009.00","4,877.00","4,909.65","625,074"
"11-Feb-2025","4,910.95","4,939.55","4,854.00","4,904.05","279,638"
"12-Feb-2025","4,899.05","4,932.95","4,843.55","4,918.30","336,331"
"13-Feb-2025","4,915.95","4,950.75","4,867.25","4,888.70","341,650"
"14-Feb-2025","4,891.70","4,955.00","4,873.75","4,939.65","489,241"
"17-Feb-2025","4,934.50","4,969.00","4,911.90","4,963.70","275,352"
"18-Feb-2025","4,963.70","4,967.05","4,859.40","4,891.20","314,216"
"19-Feb-2025","4,881.00","4,899.00","4,812.35","4,837.50","215,919"
"20-Feb-2025","4,819.00","4,847.00","4,792.00","4,832.40","319,761"
"21-Feb-2025","4,850.00","4,850.20","4,783.55","4,831.90","334,003"
"24-Feb-2025","4,750.00","4,829.50","4,702.00","4,804.30","259,886"
"25-Feb-2025","4,785.90","4,853.70","4,760.00","4,798.05","479,647"
"27-Feb-2025","4,798.05","4,860.70","4,766.50","4,782.80","386,556"
"28-Feb-2025","4,782.80","4,786.45","4,553.80","4,595.45","676,501"
"03-Mar-2025","4,595.45","4,672.00","4,548.15","4,596.60","412,033"
"04-Mar-2025","4,530.05","4,581.00","4,506.00","4,575.20","321,501"
"05-Mar-2025","4,579.90","4,735.20","4,560.00","4,722.15","350,741"
"06-Mar-2025","4,725.00","4,799.90","4,654.65","4,702.55","460,852"
"07-Mar-2025","4,690.00","4,765.00","4,660.00","4,748.25","191,644"
"10-Mar-2025","4,749.00","4,823.95","4,710.05","4,737.70","290,019"
"11-Mar-2025","4,720.00","4,795.00","4,711.55","4,762.05","147,357"
"12-Mar-2025","4,769.90","4,801.50","4,712.40","4,792.05","223,033"
"13-Mar-2025","4,790.00","4,838.00","4,712.80","4,728.25","284,758"
"17-Mar-2025","4,600.00","4,743.05","4,600.00","4,674.90","322,411"
"18-Mar-2025","4,695.65","4,782.90","4,682.70","4,768.30","242,447"
"19-Mar-2025","4,797.00","4,797.00","4,673.30","4,707.10","469,240"
"20-Mar-2025","4,741.90","4,840.00","4,715.00","4,831.10","265,168"
"21-Mar-2025","4,840.00","4,853.15","4,786.55","4,814.00","304,441"
"24-Mar-2025","4,816.40","4,832.80","4,770.25","4,796.85","173,845"
"25-Mar-2025","4,792.00","4,865.00","4,738.60","4,845.20","422,209"
"26-Mar-2025","4,846.90","4,876.60","4,794.05","4,849.70","453,242"
"27-Mar-2025","4,830.00","4,925.40","4,780.05","4,841.20","6,750,074"
"28-Mar-2025","4,861.95","5,028.65","4,861.95","4,936.90","415,586"
"01-Apr-2025","4,890.10","4,965.00","4,882.55","4,900.80","557,968"
"02-Apr-2025","4,905.80","5,055.00","4,900.80","5,037.40","459,267"
"03-Apr-2025","4,990.05","5,090.00","4,982.00","5,073.45","339,959"
"04-Apr-2025","5,033.45","5,150.00","4,977.85","5,023.40","722,283"
"07-Apr-2025","4,622.00","5,072.00","4,605.05","5,055.85","841,464"
"08-Apr-2025","5,062.45","5,188.10","5,038.65","5,179.35","303,185"
"09-Apr-2025","5,149.50","5,352.10","5,149.50","5,339.45","549,745"
"11-Apr-2025","5,400.75","5,400.75","5,306.50","5,350.20","304,650"
"15-Apr-2025","5,428.90","5,432.00","5,309.00","5,391.30","446,075"
"16-Apr-2025","5,350.50","5,442.00","5,350.50","5,416.20","215,423"
"17-Apr-2025","5,420.00","5,469.30","5,396.80","5,454.60","186,873"
"21-Apr-2025","5,480.50","5,480.50","5,370.00","5,393.20","201,975"
"22-Apr-2025","5,440.00","5,485.00","5,384.00","5,435.50","286,928"
"23-Apr-2025","5,435.50","5,549.00","5,406.30","5,544.30","266,881"
"24-Apr-2025","5,550.00","5,622.70","5,427.70","5,461.90","339,754"
"25-Apr-2025","5,462.10","5,521.00","5,362.00","5,420.50","244,513"
"28-Apr-2025","5,413.00","5,481.80","5,403.30","5,428.80","107,666"
"29-Apr-2025","5,428.80","5,535.00","5,405.50","5,468.30","294,207"
"30-Apr-2025","5,484.00","5,546.80","5,386.10","5,438.90","284,371"
"02-May-2025","5,380.00","5,407.00","5,276.50","5,307.50","319,097"
"05-May-2025","5,319.00","5,380.00","5,310.00","5,359.00","97,149"
"06-May-2025","5,350.00","5,415.50","5,311.00","5,393.50","175,899"
"07-May-2025","5,361.00","5,395.00","5,318.50","5,351.00","168,716"
"08-May-2025","5,351.00","5,480.00","5,314.50","5,391.00","265,391"
"09-May-2025","5,374.50","5,503.50","5,354.50","5,436.00","476,782"
"12-May-2025","5,540.00","5,621.50","5,415.00","5,608.50","192,712"
"13-May-2025","5,629.50","5,640.00","5,462.00","5,485.00","366,566"
"14-May-2025","5,456.00","5,585.50","5,437.50","5,484.00","389,963"
"15-May-2025","5,509.00","5,529.50","5,457.50","5,465.00","462,518"
"16-May-2025","5,472.00","5,527.00","5,452.50","5,501.50","154,274"
"19-May-2025","5,501.50","5,547.50","5,460.00","5,519.50","147,864"
"20-May-2025","5,518.00","5,550.00","5,420.00","5,428.00","275,067"
"21-May-2025","5,435.00","5,534.00","5,416.50","5,493.50","166,304"
"22-May-2025","5,493.50","5,495.50","5,415.00","5,437.50","211,388"
"23-May-2025","5,459.00","5,499.00","5,406.00","5,486.50","100,229"
"26-May-2025","5,500.00","5,547.50","5,489.00","5,525.00","140,009"
"27-May-2025","5,525.00","5,540.00","5,475.00","5,496.50","166,840"
"28-May-2025","5,495.00","5,505.50","5,410.00","5,473.00","321,303"
"29-May-2025","5,502.00","5,533.50","5,452.50","5,495.50","201,350"
"30-May-2025","5,495.50","5,532.00","5,437.50","5,510.50","401,901"
"02-Jun-2025","5,515.00","5,722.00","5,511.50","5,605.00","625,172"
"03-Jun-2025","5,605.00","5,639.00","5,545.50","5,575.50","166,545"
"04-Jun-2025","5,580.00","5,595.00","5,520.50","5,542.00","334,358"
"05-Jun-2025","5,542.00","5,611.00","5,520.50","5,600.00","218,004"
"06-Jun-2025","5,606.50","5,645.50","5,555.00","5,607.50","152,475"
"09-Jun-2025","5,639.00","5,721.00","5,588.50","5,697.00","174,499"
"10-Jun-2025","5,731.00","5,731.00","5,657.00","5,667.00","456,712"
"11-Jun-2025","5,660.00","5,700.00","5,634.00","5,650.00","138,866"
"12-Jun-2025","5,698.00","5,698.00","5,560.00","5,569.50","305,696"
"13-Jun-2025","5,509.00","5,593.50","5,425.00","5,570.00","324,985"
"16-Jun-2025","5,552.00","5,572.00","5,514.50","5,560.50","239,006"
"17-Jun-2025","5,550.00","5,597.00","5,530.00","5,568.50","277,917"
"18-Jun-2025","5,575.00","5,619.50","5,545.00","5,572.50","220,971"
"19-Jun-2025","5,587.00","5,609.50","5,522.50","5,558.00","114,523"
"20-Jun-2025","5,564.00","5,600.00","5,511.00","5,587.00","395,396"
"23-Jun-2025","5,551.00","5,589.00","5,450.50","5,569.50","221,233"
"24-Jun-2025","5,600.00","5,638.00","5,555.50","5,617.00","183,157"
"25-Jun-2025","5,630.00","5,734.50","5,610.50","5,708.00","282,474"
"26-Jun-2025","5,725.00","5,840.00","5,710.00","5,828.00","456,290"
"27-Jun-2025","5,849.00","5,849.00","5,748.00","5,794.50","350,140"
"30-Jun-2025","5,800.00","5,860.00","5,761.00","5,851.00","257,865"
"01-Jul-2025","5,865.00","5,869.50","5,721.00","5,743.50","178,343"
"02-Jul-2025","5,747.50","5,832.50","5,677.50","5,790.00","300,622"
"03-Jul-2025","5,799.50","5,887.50","5,781.00","5,794.50","224,236"
"04-Jul-2025","5,819.50","5,844.00","5,756.50","5,771.50","145,106"
"07-Jul-2025","5,800.00","5,899.50","5,788.00","5,884.00","259,829"
"08-Jul-2025","5,890.00","5,922.00","5,811.50","5,839.00","423,998"
"09-Jul-2025","5,858.00","5,900.00","5,813.50","5,882.00","232,000"
"10-Jul-2025","5,905.00","5,930.50","5,850.50","5,878.00","191,446"
"11-Jul-2025","5,878.00","5,904.50","5,717.00","5,758.50","175,941"
"14-Jul-2025","5,767.00","5,808.50","5,744.00","5,778.00","218,865"
"15-Jul-2025","5,800.00","5,820.00","5,762.00","5,785.50","164,143"
"16-Jul-2025","5,785.50","5,829.00","5,736.00","5,786.50","261,589"
"17-Jul-2025","5,792.50","5,860.00","5,785.50","5,807.50","196,555"
"18-Jul-2025","5,807.50","5,820.00","5,726.00","5,735.50","196,043"
"21-Jul-2025","5,735.00","5,741.00","5,669.00","5,681.50","329,167"
"22-Jul-2025","5,695.50","5,738.50","5,634.00","5,708.50","235,846"
"23-Jul-2025","5,737.00","5,757.00","5,670.00","5,719.50","246,735"
"24-Jul-2025","5,724.50","5,751.50","5,651.50","5,673.00","229,097"
"25-Jul-2025","5,673.00","5,698.00","5,570.00","5,594.00","233,003"
"28-Jul-2025","5,596.50","5,669.00","5,571.00","5,624.50","173,142"
"29-Jul-2025","5,601.50","5,655.00","5,572.00","5,626.00","363,002"
"30-Jul-2025","5,627.00","5,758.50","5,627.00","5,747.00","176,798"
"31-Jul-2025","5,746.00","5,825.00","5,719.50","5,771.00","344,973"
"01-Aug-2025","5,799.50","5,899.00","5,776.50","5,798.00","244,870"
"04-Aug-2025","5,752.50","5,802.00","5,714.00","5,787.00","189,672"
"05-Aug-2025","5,795.00","5,795.00","5,610.50","5,635.50","380,387"
"06-Aug-2025","5,599.50","5,625.00","5,371.00","5,402.50","1,123,534"
"07-Aug-2025","5,380.50","5,560.00","5,380.50","5,476.50","795,974"
"08-Aug-2025","5,479.50","5,503.00","5,380.00","5,387.00","551,451"
"11-Aug-2025","5,361.00","5,400.00","5,310.50","5,381.50","598,841"
"12-Aug-2025","5,390.50","5,390.50","5,317.50","5,338.00","323,204"
"13-Aug-2025","5,363.50","5,393.00","5,299.00","5,375.50","388,683"
"14-Aug-2025","5,395.00","5,398.50","5,298.00","5,302.50","215,308"
"18-Aug-2025","5,400.00","5,667.00","5,400.00","5,439.00","509,058"
"19-Aug-2025","5,446.00","5,513.00","5,399.00","5,499.00","153,026"
"20-Aug-2025","5,482.00","5,734.50","5,475.50","5,701.00","453,573"
"21-Aug-2025","5,701.00","5,711.50","5,586.00","5,597.50","273,141"
"22-Aug-2025","5,622.00","5,667.50","5,525.50","5,545.50","269,981"
"25-Aug-2025","5,565.50","5,608.50","5,545.00","5,550.50","145,718"
"26-Aug-2025","5,574.50","5,794.50","5,574.50","5,765.50","1,307,463"
"28-Aug-2025","5,765.50","5,780.00","5,702.50","5,721.00","379,247"
"29-Aug-2025","5,671.00","5,893.50","5,671.00","5,824.00","699,161"
"01-Sep-2025","5,838.50","5,873.00","5,779.00","5,846.50","210,421"
"02-Sep-2025","5,840.00","5,920.50","5,823.00","5,891.50","492,611"
"03-Sep-2025","5,891.00","5,928.50","5,865.00","5,908.00","399,664"
"04-Sep-2025","6,201.00","6,336.00","6,053.50","6,083.00","1,385,580"
"05-Sep-2025","6,066.00","6,104.50","5,998.50","6,076.00","352,302"
"08-Sep-2025","6,117.50","6,178.00","6,065.00","6,115.50","250,083"
"09-Sep-2025","6,116.00","6,165.00","6,088.00","6,142.50","216,456"
"10-Sep-2025","6,144.50","6,238.50","6,117.00","6,199.00","346,491"
"11-Sep-2025","6,180.00","6,319.50","6,150.00","6,300.50","406,083"
"12-Sep-2025","6,276.00","6,285.50","6,207.00","6,247.00","212,051"
"15-Sep-2025","6,250.00","6,270.00","6,202.50","6,212.00","166,253"
"16-Sep-2025","6,219.50","6,225.00","6,180.00","6,202.50","261,236"
"17-Sep-2025","6,202.50","6,205.00","6,035.00","6,097.50","713,445"
"18-Sep-2025","6,105.00","6,129.00","6,062.00","6,100.50","267,540"
"19-Sep-2025","6,105.50","6,110.00","6,048.00","6,069.50","345,995"
"22-Sep-2025","6,075.00","6,108.00","6,025.00","6,056.50","394,394"
"23-Sep-2025","6,066.50","6,069.50","5,927.00","5,934.00","333,112"
"24-Sep-2025","5,935.00","6,050.00","5,905.50","5,970.50","360,372"
"25-Sep-2025","5,970.50","6,036.00","5,939.50","5,953.50","374,676"
"26-Sep-2025","5,955.00","5,980.50","5,900.00","5,920.50","189,383"
"29-Sep-2025","5,900.00","5,990.00","5,841.00","5,929.00","259,852"
"30-Sep-2025","5,953.00","6,031.00","5,917.50","5,991.00","298,070"
"01-Oct-2025","5,960.50","6,018.00","5,904.00","5,966.50","324,111"
"03-Oct-2025","5,965.00","6,014.00","5,931.50","5,992.50","268,735"
"06-Oct-2025","6,015.50","6,034.00","5,957.50","6,011.00","197,199"
"07-Oct-2025","6,012.00","6,036.00","5,867.00","5,887.00","240,923"
"08-Oct-2025","5,855.00","5,902.00","5,801.50","5,836.00","239,639"
"09-Oct-2025","5,836.00","5,893.00","5,795.50","5,876.00","231,585"
"10-Oct-2025","5,874.50","5,920.00","5,858.50","5,871.50","228,395"
"13-Oct-2025","5,871.50","5,953.00","5,848.00","5,862.00","238,217"
"14-Oct-2025","5,869.00","5,885.00","5,794.00","5,800.50","176,227"
"15-Oct-2025","5,815.00","5,880.50","5,782.00","5,857.50","221,062"
"16-Oct-2025","5,876.00","6,040.50","5,858.00","6,025.50","364,305"
"17-Oct-2025","6,037.00","6,149.00","5,994.00","6,083.00","392,965"
"20-Oct-2025","6,124.00","6,148.00","6,062.50","6,070.00","181,283"
"21-Oct-2025","6,108.00","6,108.00","6,050.00","6,075.00","9,159"
"23-Oct-2025","6,075.00","6,145.00","6,049.00","6,068.00","255,605"
"24-Oct-2025","6,068.00","6,069.50","5,987.00","6,053.00","82,081"
"27-Oct-2025","6,053.00","6,053.00","5,811.50","5,912.00","433,152"
"28-Oct-2025","5,939.00","5,939.00","5,806.50","5,861.00","392,984"
"29-Oct-2025","5,894.00","5,906.00","5,840.00","5,852.50","119,742"
"30-Oct-2025","5,850.00","5,869.50","5,792.00","5,859.50","258,697"
"31-Oct-2025","5,878.00","5,905.00","5,825.00","5,836.50","264,794"
"03-Nov-2025","5,834.00","5,899.50","5,775.00","5,820.50","279,737"
"04-Nov-2025","5,820.50","5,920.00","5,805.00","5,892.50","363,441"
"06-Nov-2025","6,186.00","6,191.50","5,993.50","6,013.50","1,038,063"
"07-Nov-2025","5,970.00","6,169.50","5,913.50","6,157.50","715,809"
"10-Nov-2025","6,190.00","6,261.50","6,121.50","6,133.50","395,489"
"11-Nov-2025","5,950.00","5,965.00","5,723.00","5,950.50","2,154,927"
"12-Nov-2025","5,950.50","5,970.00","5,841.00","5,880.00","609,987"
"13-Nov-2025","5,902.00","5,918.00","5,835.50","5,851.50","361,321"
"14-Nov-2025","5,851.00","5,851.00","5,750.00","5,803.50","415,356"
"17-Nov-2025","5,803.50","5,850.00","5,782.00","5,830.50","332,821"
"18-Nov-2025","5,818.00","5,862.00","5,805.50","5,840.00","262,201"
"19-Nov-2025","5,850.00","5,882.50","5,804.50","5,874.50","280,409"
"20-Nov-2025","5,882.00","5,900.00","5,763.50","5,819.00","641,980"
"21-Nov-2025","5,816.00","5,855.00","5,764.50","5,813.00","320,317"
"24-Nov-2025","5,815.00","5,849.00","5,785.00","5,815.50","696,665"
"25-Nov-2025","5,815.50","5,878.00","5,790.00","5,867.00","309,271"
"26-Nov-2025","5,865.00","5,904.50","5,843.00","5,880.50","157,291"
"27-Nov-2025","5,890.50","5,900.00","5,815.50","5,826.50","156,675"
"28-Nov-2025","5,826.50","5,852.00","5,795.00","5,846.00","220,417"
"01-Dec-2025","5,825.00","5,856.00","5,800.00","5,813.50","199,275"
"02-Dec-2025","5,792.00","5,894.00","5,792.00","5,875.50","290,994"
"03-Dec-2025","5,908.00","5,908.00","5,812.00","5,824.50","308,053"
"04-Dec-2025","5,840.00","5,882.50","5,824.50","5,876.50","239,085"
"05-Dec-2025","5,855.00","5,974.00","5,838.50","5,961.00","244,408"
"08-Dec-2025","5,961.00","5,985.00","5,825.00","5,847.50","185,407"
"09-Dec-2025","5,850.00","5,893.00","5,780.00","5,884.00","174,714"
"10-Dec-2025","5,904.00","5,966.00","5,812.00","5,828.50","329,466"
"11-Dec-2025","5,840.00","5,895.00","5,813.00","5,847.00","115,481"
"12-Dec-2025","5,848.00","5,925.50","5,830.00","5,915.50","202,721"
"15-Dec-2025","5,915.50","6,055.00","5,857.00","6,038.00","244,119"
"16-Dec-2025","6,059.50","6,145.00","6,032.00","6,066.00","284,337"
"17-Dec-2025","6,060.00","6,116.00","6,051.00","6,096.00","298,257"
"18-Dec-2025","6,132.00","6,134.50","6,012.50","6,040.50","199,067"
"19-Dec-2025","6,020.00","6,116.00","5,992.50","6,103.00","179,450"
"22-Dec-2025","6,102.50","6,102.50","6,066.00","6,083.00","206,588"
"23-Dec-2025","6,083.00","6,119.00","6,030.00","6,061.00","216,840"
"24-Dec-2025","6,065.00","6,078.00","6,004.00","6,030.00","97,580"
"26-Dec-2025","6,006.50","6,069.50","6,002.00","6,032.50","65,992"
"29-Dec-2025","6,039.00","6,065.50","6,005.00","6,041.50","103,209"
"30-Dec-2025","6,045.00","6,045.50","5,980.00","6,013.00","205,456"
"31-Dec-2025","6,013.00","6,070.00","5,995.00","6,031.00","179,577"
"26-Feb-2026","6,158.00","6,187.00","6,070.00","6,130.00","1,706,235"
