"Date","Open","High","Low","Close","Volume"
"01-Jan-2019","431.75","433.95","421.10","421.85","1,617,567"
"02-Jan-2019","421.95","425.35","411.00","416.40","2,550,167"
"03-Jan-2019","416.40","426.00","413.50","422.00","3,271,824"
"04-Jan-2019","423.00","425.45","416.90","419.25","1,831,799"
"07-Jan-2019","421.55","425.75","418.40","420.45","1,394,010"
"08-Jan-2019","422.35","422.50","414.00","416.40","1,412,597"
"09-Jan-2019","419.75","426.80","417.00","421.50","2,975,792"
"10-Jan-2019","422.50","423.90","418.55","421.15","1,089,796"
"11-Jan-2019","422.45","422.75","418.65","421.65","929,656"
"14-Jan-2019","422.35","435.30","420.80","433.50","3,145,076"
"15-Jan-2019","434.90","438.00","424.00","426.10","4,594,571"
"16-Jan-2019","425.15","427.40","419.35","423.85","1,621,386"
"17-Jan-2019","425.85","426.75","417.65","420.30","2,118,185"
"18-Jan-2019","422.95","427.00","418.55","424.10","2,301,927"
"21-Jan-2019","425.10","433.75","424.15","428.15","2,235,926"
"22-Jan-2019","428.20","434.35","423.20","433.35","1,553,097"
"23-Jan-2019","433.35","436.05","428.65","430.65","1,537,391"
"24-Jan-2019","429.40","433.80","427.40","430.40","1,179,389"
"25-Jan-2019","432.15","438.45","428.20","430.00","1,819,072"
"28-Jan-2019","430.75","432.00","422.50","427.40","1,613,234"
"29-Jan-2019","425.00","426.15","417.60","423.15","1,910,592"
"30-Jan-2019","425.55","432.45","424.35","431.15","1,919,495"
"31-Jan-2019","434.45","448.20","427.20","443.65","10,969,400"
"01-Feb-2019","450.00","456.00","441.35","451.85","6,034,606"
"04-Feb-2019","452.00","458.00","443.60","447.45","2,210,541"
"05-Feb-2019","447.90","453.00","444.20","449.05","1,499,771"
"06-Feb-2019","451.00","455.00","447.10","453.70","1,491,252"
"07-Feb-2019","453.50","462.00","453.00","459.80","2,064,428"
"08-Feb-2019","459.90","464.20","449.55","451.95","1,970,613"
"11-Feb-2019","451.00","452.50","441.80","448.95","1,208,431"
"12-Feb-2019","450.90","452.90","444.00","446.25","1,103,428"
"13-Feb-2019","446.30","448.00","437.50","439.50","1,191,003"
"14-Feb-2019","438.50","444.40","437.00","440.20","1,107,732"
"15-Feb-2019","440.00","443.45","430.10","434.30","1,882,950"
"18-Feb-2019","431.35","434.50","417.50","422.35","3,075,577"
"19-Feb-2019","420.00","427.40","417.70","420.80","1,806,783"
"20-Feb-2019","422.25","426.00","421.30","424.70","912,999"
"21-Feb-2019","426.00","428.75","423.10","426.55","892,660"
"22-Feb-2019","426.15","436.20","425.40","435.40","1,427,270"
"25-Feb-2019","438.50","439.85","429.75","431.90","1,630,382"
"26-Feb-2019","426.75","433.55","424.00","428.85","1,333,714"
"27-Feb-2019","431.00","441.00","429.50","434.60","3,023,613"
"28-Feb-2019","437.95","440.00","433.00","438.05","2,950,017"
"01-Mar-2019","439.70","446.05","439.70","445.30","2,704,142"
"05-Mar-2019","445.50","445.85","440.05","442.80","3,043,292"
"06-Mar-2019","443.05","445.00","435.25","436.75","1,699,096"
"07-Mar-2019","438.75","441.80","432.10","433.10","1,361,590"
"08-Mar-2019","431.50","435.55","430.80","432.20","832,863"
"11-Mar-2019","434.30","444.00","432.70","442.30","1,940,292"
"12-Mar-2019","448.00","454.70","444.70","447.30","2,683,161"
"13-Mar-2019","447.30","448.00","439.15","440.30","1,630,557"
"14-Mar-2019","440.00","440.80","435.15","438.90","1,205,591"
"15-Mar-2019","438.00","439.15","423.50","425.45","2,771,756"
"18-Mar-2019","426.75","429.80","422.20","428.40","1,967,141"
"19-Mar-2019","429.90","429.90","425.40","427.05","1,463,935"
"20-Mar-2019","427.20","427.95","423.55","426.05","2,261,001"
"22-Mar-2019","426.50","428.00","424.10","425.05","2,909,755"
"25-Mar-2019","420.55","423.90","416.20","419.95","3,136,076"
"26-Mar-2019","422.00","431.70","420.30","425.10","2,340,305"
"27-Mar-2019","425.20","427.05","409.45","411.25","5,120,542"
"28-Mar-2019","410.00","417.30","407.45","410.95","6,247,333"
"29-Mar-2019","414.30","414.50","407.00","408.80","5,749,812"
"01-Apr-2019","410.05","411.35","399.10","400.95","5,907,663"
"02-Apr-2019","402.10","408.00","399.60","402.00","4,074,190"
"03-Apr-2019","406.90","408.85","402.15","403.45","3,689,189"
"04-Apr-2019","405.60","406.80","403.25","405.05","2,366,959"
"05-Apr-2019","405.50","407.15","399.65","400.35","2,956,038"
"08-Apr-2019","401.05","405.00","400.40","401.10","1,381,349"
"09-Apr-2019","402.00","404.55","400.00","403.65","1,468,121"
"10-Apr-2019","406.75","408.75","401.25","403.30","2,861,296"
"11-Apr-2019","403.50","406.20","399.30","403.70","1,319,979"
"12-Apr-2019","404.60","409.35","403.00","407.30","3,346,428"
"15-Apr-2019","409.00","411.00","404.85","405.75","1,289,166"
"16-Apr-2019","406.65","410.00","406.35","409.00","1,586,331"
"18-Apr-2019","409.90","412.00","403.55","404.95","1,435,665"
"22-Apr-2019","405.70","405.85","401.50","403.55","838,599"
"23-Apr-2019","404.10","406.70","402.00","403.05","1,045,407"
"24-Apr-2019","403.85","404.30","397.00","398.65","1,863,429"
"25-Apr-2019","398.65","401.70","393.80","395.10","1,937,889"
"26-Apr-2019","395.25","400.60","394.50","397.95","1,400,795"
"30-Apr-2019","398.55","403.10","397.00","398.10","2,073,958"
"02-May-2019","398.10","399.70","376.90","382.15","13,091,778"
"03-May-2019","382.15","385.90","377.30","380.20","5,523,649"
"06-May-2019","380.00","380.95","375.10","377.75","1,785,915"
"07-May-2019","378.55","384.35","374.45","375.50","3,510,917"
"08-May-2019","375.50","375.75","365.00","367.25","5,290,060"
"09-May-2019","367.00","368.50","364.40","367.30","1,718,130"
"10-May-2019","368.20","371.45","367.45","369.80","3,122,309"
"13-May-2019","368.00","372.25","362.05","363.15","2,096,407"
"14-May-2019","363.65","370.75","360.55","368.60","2,082,247"
"15-May-2019","369.00","370.85","362.50","363.55","1,360,428"
"16-May-2019","365.10","365.10","357.55","361.05","1,864,739"
"17-May-2019","361.00","377.30","361.00","370.05","6,586,973"
"20-May-2019","377.60","384.55","374.25","382.40","4,140,456"
"21-May-2019","389.95","389.95","381.65","382.95","2,949,046"
"22-May-2019","383.00","386.95","378.85","385.65","1,811,235"
"23-May-2019","390.30","393.65","384.30","385.45","2,477,785"
"24-May-2019","390.00","405.95","388.00","399.05","5,822,005"
"27-May-2019","400.20","408.40","397.40","400.10","3,052,919"
"28-May-2019","402.00","405.90","396.05","398.10","3,755,326"
"29-May-2019","396.70","400.75","391.00","399.00","1,312,259"
"30-May-2019","399.95","402.00","394.20","396.35","1,171,056"
"31-May-2019","396.95","403.20","394.85","395.95","3,194,649"
"03-Jun-2019","400.00","409.50","398.05","408.80","3,171,471"
"04-Jun-2019","408.70","410.30","404.20","405.55","1,662,840"
"06-Jun-2019","406.00","408.70","401.50","402.95","1,621,809"
"07-Jun-2019","403.10","408.30","400.85","404.15","1,097,730"
"10-Jun-2019","408.00","414.35","406.90","409.30","2,216,371"
"11-Jun-2019","411.00","413.95","407.00","409.75","1,644,164"
"12-Jun-2019","409.70","410.45","406.15","409.00","930,133"
"13-Jun-2019","410.85","411.00","406.20","409.05","1,347,458"
"14-Jun-2019","408.00","408.90","400.00","400.55","1,247,599"
"17-Jun-2019","398.35","404.60","398.35","400.85","1,561,211"
"18-Jun-2019","398.00","399.25","382.30","387.70","4,943,967"
"19-Jun-2019","387.00","387.00","379.10","381.95","2,457,109"
"20-Jun-2019","380.00","389.80","376.85","387.80","1,635,129"
"21-Jun-2019","388.00","393.95","385.90","392.60","2,511,877"
"24-Jun-2019","392.60","396.40","388.05","392.35","1,284,017"
"25-Jun-2019","389.60","395.40","388.20","394.30","1,284,969"
"26-Jun-2019","394.00","397.25","392.60","394.25","1,161,718"
"27-Jun-2019","396.60","402.90","395.05","401.10","1,810,323"
"28-Jun-2019","403.00","403.10","394.30","400.50","1,385,118"
"01-Jul-2019","400.80","405.35","399.30","401.75","1,475,814"
"02-Jul-2019","403.00","404.15","397.80","402.65","705,067"
"03-Jul-2019","403.60","410.00","402.60","407.65","2,134,582"
"04-Jul-2019","407.65","407.65","400.80","402.95","1,981,032"
"05-Jul-2019","403.60","411.50","403.60","407.30","3,490,386"
"08-Jul-2019","405.20","408.95","399.75","401.35","1,995,705"
"09-Jul-2019","401.65","407.25","397.30","406.25","1,626,488"
"10-Jul-2019","404.00","410.90","404.00","409.75","1,681,840"
"11-Jul-2019","411.00","411.80","405.25","409.25","1,473,109"
"12-Jul-2019","410.05","413.00","406.00","407.70","1,868,831"
"15-Jul-2019","407.00","411.70","406.15","410.70","1,439,581"
"16-Jul-2019","408.60","426.95","407.25","425.00","3,403,659"
"17-Jul-2019","425.00","433.25","424.50","431.15","3,953,381"
"18-Jul-2019","429.90","435.25","426.65","428.90","3,432,159"
"19-Jul-2019","431.05","435.40","415.85","420.20","12,364,368"
"22-Jul-2019","423.60","428.90","417.80","421.40","3,104,361"
"23-Jul-2019","422.90","427.45","418.30","423.75","2,420,287"
"24-Jul-2019","423.75","423.75","413.55","420.95","2,726,560"
"25-Jul-2019","420.80","426.35","419.05","422.85","2,074,309"
"26-Jul-2019","423.20","429.50","421.55","428.15","1,517,097"
"29-Jul-2019","429.00","433.85","425.00","427.90","1,868,355"
"30-Jul-2019","428.00","429.25","420.55","422.95","1,587,114"
"31-Jul-2019","422.95","429.60","415.70","426.45","1,776,047"
"01-Aug-2019","424.45","428.00","421.85","425.40","1,848,165"
"02-Aug-2019","424.00","428.95","422.60","426.50","2,240,395"
"05-Aug-2019","424.30","432.00","421.00","429.60","1,525,725"
"06-Aug-2019","428.15","439.00","425.60","433.50","2,116,448"
"07-Aug-2019","433.00","438.00","429.20","430.65","1,457,292"
"08-Aug-2019","432.65","437.90","431.50","435.40","1,319,364"
"09-Aug-2019","436.35","440.85","431.35","439.05","2,005,066"
"13-Aug-2019","438.00","438.50","427.00","429.25","1,357,430"
"14-Aug-2019","430.35","433.85","426.00","431.75","1,117,663"
"16-Aug-2019","430.95","431.60","427.10","428.05","1,115,520"
"19-Aug-2019","428.10","436.00","428.10","432.10","1,127,677"
"20-Aug-2019","432.10","433.25","428.20","431.75","1,064,051"
"21-Aug-2019","431.70","431.70","421.60","427.05","1,151,788"
"22-Aug-2019","425.00","431.85","424.80","427.50","1,582,956"
"23-Aug-2019","426.00","429.65","422.85","424.40","1,681,100"
"26-Aug-2019","426.00","437.00","419.25","435.85","1,464,917"
"27-Aug-2019","436.00","446.90","436.00","440.15","3,122,216"
"28-Aug-2019","441.00","442.15","433.15","434.80","1,583,233"
"29-Aug-2019","434.75","445.00","432.00","442.85","1,652,654"
"30-Aug-2019","444.70","450.35","444.00","448.80","3,191,823"
"03-Sep-2019","447.95","452.30","439.40","443.05","2,282,758"
"04-Sep-2019","443.55","446.80","433.95","442.20","2,053,458"
"05-Sep-2019","444.45","445.65","437.10","438.95","887,639"
"06-Sep-2019","440.45","442.65","437.15","441.30","500,428"
"09-Sep-2019","441.00","447.20","438.00","444.25","1,327,946"
"11-Sep-2019","445.00","450.00","441.70","449.10","3,044,215"
"12-Sep-2019","449.10","451.70","446.55","450.20","1,327,793"
"13-Sep-2019","451.70","454.65","446.55","452.20","2,368,150"
"16-Sep-2019","449.90","457.30","449.00","454.75","2,261,361"
"17-Sep-2019","455.00","456.85","450.25","451.70","1,991,114"
"18-Sep-2019","453.95","462.00","451.95","460.00","2,286,519"
"19-Sep-2019","462.85","462.85","456.40","458.55","1,914,739"
"20-Sep-2019","458.50","469.20","441.10","445.70","5,241,569"
"23-Sep-2019","443.00","451.75","432.70","440.80","3,523,419"
"24-Sep-2019","441.00","453.55","436.00","451.90","3,051,265"
"25-Sep-2019","452.00","453.30","441.95","445.55","1,691,954"
"26-Sep-2019","445.55","449.80","443.00","447.20","1,913,386"
"27-Sep-2019","446.20","448.90","442.00","447.10","1,470,958"
"30-Sep-2019","446.00","449.25","442.05","447.25","1,130,716"
"01-Oct-2019","446.00","451.50","438.00","439.65","1,043,636"
"03-Oct-2019","436.10","438.95","431.65","433.65","1,637,904"
"04-Oct-2019","434.75","436.05","424.25","425.70","2,334,293"
"07-Oct-2019","425.15","433.95","421.50","432.55","1,546,043"
"09-Oct-2019","432.80","445.75","431.25","443.80","1,488,325"
"10-Oct-2019","443.40","443.45","436.45","439.40","571,364"
"11-Oct-2019","441.40","447.00","440.00","445.60","846,266"
"14-Oct-2019","446.85","456.85","444.00","455.00","2,030,424"
"15-Oct-2019","458.60","459.05","447.40","450.00","2,746,832"
"16-Oct-2019","452.00","458.00","450.00","456.10","927,864"
"17-Oct-2019","455.95","463.60","454.40","462.40","1,122,519"
"18-Oct-2019","462.50","467.70","461.00","466.50","918,558"
"22-Oct-2019","466.00","480.00","465.70","472.60","1,981,127"
"23-Oct-2019","474.00","478.10","468.35","471.75","1,432,436"
"24-Oct-2019","472.05","479.00","464.30","469.80","1,429,210"
"25-Oct-2019","472.15","472.80","463.00","465.55","649,773"
"27-Oct-2019","468.65","470.80","467.00","469.30","153,353"
"29-Oct-2019","469.30","469.90","458.70","465.85","1,134,661"
"30-Oct-2019","465.85","467.80","456.95","460.35","1,796,647"
"31-Oct-2019","462.00","465.00","458.15","461.95","1,885,493"
"01-Nov-2019","462.50","471.95","461.00","463.85","1,818,491"
"04-Nov-2019","464.20","467.95","458.00","460.40","1,679,706"
"05-Nov-2019","459.05","483.40","455.20","481.35","8,858,287"
"06-Nov-2019","484.50","487.70","473.50","476.55","3,883,468"
"07-Nov-2019","478.55","480.80","472.00","477.70","1,456,741"
"08-Nov-2019","477.70","484.30","471.60","473.65","1,561,299"
"11-Nov-2019","474.40","480.60","472.10","477.45","1,100,336"
"13-Nov-2019","479.00","480.65","462.45","463.90","1,734,670"
"14-Nov-2019","465.50","468.75","455.00","462.55","1,593,020"
"15-Nov-2019","464.50","466.60","460.05","461.70","594,085"
"18-Nov-2019","461.70","462.85","452.20","455.10","1,318,573"
"19-Nov-2019","455.90","456.65","448.60","453.70","1,811,882"
"20-Nov-2019","458.00","470.90","455.50","468.80","2,389,925"
"21-Nov-2019","470.00","473.90","462.40","464.25","2,168,444"
"22-Nov-2019","464.10","464.90","457.05","463.80","1,117,561"
"25-Nov-2019","463.70","470.70","463.65","469.60","1,229,982"
"26-Nov-2019","470.30","476.95","459.00","462.75","6,724,984"
"27-Nov-2019","465.10","470.45","462.85","469.30","1,173,971"
"28-Nov-2019","467.00","471.75","464.30","466.25","893,025"
"29-Nov-2019","466.75","466.90","457.30","459.10","3,751,777"
"02-Dec-2019","458.90","459.10","449.25","453.75","3,468,701"
"03-Dec-2019","453.60","454.80","449.70","451.05","2,600,811"
"04-Dec-2019","452.90","458.75","446.15","457.80","3,264,668"
"05-Dec-2019","456.10","466.85","455.60","466.10","2,047,971"
"06-Dec-2019","468.75","471.85","460.90","463.80","1,614,204"
"09-Dec-2019","463.85","468.50","461.50","465.35","1,721,369"
"10-Dec-2019","463.65","464.90","455.00","456.90","1,963,909"
"11-Dec-2019","458.50","459.15","448.40","451.40","2,047,964"
"12-Dec-2019","453.10","460.35","451.70","457.70","974,325"
"13-Dec-2019","460.00","462.80","457.65","460.00","855,397"
"16-Dec-2019","461.00","462.00","456.00","459.50","903,982"
"17-Dec-2019","459.00","462.40","456.40","460.60","1,011,059"
"18-Dec-2019","458.50","464.20","457.20","462.80","1,178,799"
"19-Dec-2019","463.60","466.00","458.50","460.00","1,348,905"
"20-Dec-2019","459.90","461.95","457.70","459.80","1,603,344"
"23-Dec-2019","458.00","462.90","456.95","461.00","1,339,055"
"24-Dec-2019","459.50","461.00","454.65","457.70","748,881"
"26-Dec-2019","457.70","461.20","456.70","457.60","744,378"
"27-Dec-2019","459.90","460.90","455.90","459.80","1,081,584"
"30-Dec-2019","459.50","465.65","458.35","462.60","1,349,981"
"31-Dec-2019","462.60","466.80","457.50","458.40","1,167,751"
"01-Jan-2020","459.70","460.80","457.55","459.80","495,678"
"02-Jan-2020","459.80","462.20","458.00","459.95","502,422"
"03-Jan-2020","459.00","460.70","453.55","455.60","1,376,230"
"06-Jan-2020","454.00","456.45","445.70","448.00","1,415,568"
"07-Jan-2020","450.30","456.00","449.15","453.50","966,767"
"08-Jan-2020","449.80","457.95","446.60","456.65","1,291,151"
"09-Jan-2020","459.15","464.00","457.75","460.70","1,811,623"
"10-Jan-2020","463.00","469.00","459.90","466.85","1,037,751"
"13-Jan-2020","469.75","479.45","469.50","478.70","2,755,979"
"14-Jan-2020","480.95","483.65","477.55","482.65","1,804,874"
"15-Jan-2020","481.95","492.10","480.25","490.55","1,346,372"
"16-Jan-2020","491.75","494.40","485.35","487.60","2,012,701"
"17-Jan-2020","488.00","491.95","486.70","489.65","1,015,739"
"20-Jan-2020","489.65","492.70","484.55","486.05","1,406,615"
"21-Jan-2020","485.40","488.35","480.45","487.00","788,507"
"22-Jan-2020","489.20","494.00","486.25","486.80","1,140,015"
"23-Jan-2020","486.70","492.00","482.75","489.80","798,731"
"24-Jan-2020","490.05","501.90","490.00","500.50","2,564,212"
"27-Jan-2020","500.40","505.85","491.65","493.20","1,640,739"
"28-Jan-2020","493.25","499.20","486.75","488.40","1,372,031"
"29-Jan-2020","490.90","495.50","488.70","491.60","830,287"
"30-Jan-2020","492.00","496.20","472.15","478.75","7,747,030"
"31-Jan-2020","483.95","503.45","480.05","495.75","7,462,427"
"01-Feb-2020","498.50","507.75","480.25","486.40","2,791,544"
"03-Feb-2020","484.90","500.90","483.90","497.00","3,688,146"
"04-Feb-2020","498.20","513.00","498.10","503.35","3,128,490"
"05-Feb-2020","505.00","513.00","503.50","511.15","1,728,547"
"06-Feb-2020","514.40","518.00","505.30","509.65","1,730,852"
"07-Feb-2020","512.80","517.70","506.40","513.65","1,439,486"
"10-Feb-2020","513.60","517.50","508.55","512.85","1,094,750"
"11-Feb-2020","514.85","517.00","507.80","508.90","1,212,549"
"12-Feb-2020","511.30","523.25","511.30","519.90","2,805,428"
"13-Feb-2020","518.80","518.80","510.65","512.70","1,632,953"
"14-Feb-2020","515.00","516.95","503.45","506.10","1,260,687"
"17-Feb-2020","506.45","510.00","500.25","500.95","1,336,491"
"18-Feb-2020","499.00","507.20","496.00","504.55","2,041,114"
"19-Feb-2020","499.00","510.50","488.85","508.05","3,634,077"
"20-Feb-2020","509.00","517.00","503.05","506.15","2,543,540"
"24-Feb-2020","503.55","513.40","498.50","501.00","3,415,189"
"25-Feb-2020","503.50","509.50","499.10","500.25","2,111,814"
"26-Feb-2020","501.00","507.00","497.25","501.95","2,775,398"
"27-Feb-2020","502.80","508.20","501.40","506.35","3,265,481"
"28-Feb-2020","501.00","504.95","492.00","496.10","4,192,788"
"02-Mar-2020","503.80","513.70","493.70","499.25","3,441,005"
"03-Mar-2020","503.00","513.00","500.30","506.60","3,579,242"
"04-Mar-2020","511.00","516.90","506.60","514.40","3,354,621"
"05-Mar-2020","520.00","525.00","514.55","517.95","3,594,544"
"06-Mar-2020","511.00","513.25","496.20","500.55","2,903,801"
"09-Mar-2020","492.00","494.95","478.10","483.15","2,176,031"
"11-Mar-2020","479.80","494.35","476.45","488.00","2,848,964"
"12-Mar-2020","477.50","478.00","451.70","455.25","2,856,386"
"13-Mar-2020","425.00","472.75","401.70","450.60","4,078,608"
"16-Mar-2020","439.40","454.95","426.40","431.50","3,101,283"
"17-Mar-2020","431.50","450.90","424.40","430.40","2,506,836"
"18-Mar-2020","435.00","437.25","412.10","414.55","2,896,377"
"19-Mar-2020","400.45","428.45","390.50","418.85","3,097,172"
"20-Mar-2020","419.00","452.70","415.00","444.35","4,011,074"
"23-Mar-2020","408.00","428.00","386.05","396.05","2,662,372"
"24-Mar-2020","392.15","419.60","391.00","401.20","4,912,101"
"25-Mar-2020","403.65","412.05","391.05","405.20","4,409,305"
"26-Mar-2020","415.00","433.95","400.55","425.95","5,838,692"
"27-Mar-2020","441.50","445.60","418.00","423.00","3,674,758"
"30-Mar-2020","415.00","434.90","404.10","427.55","3,175,357"
"31-Mar-2020","435.90","455.55","430.45","450.05","3,302,641"
"01-Apr-2020","450.90","454.80","430.30","434.85","2,154,766"
"03-Apr-2020","444.50","454.25","424.05","427.80","4,235,837"
"07-Apr-2020","446.85","489.00","434.40","477.55","4,522,154"
"08-Apr-2020","474.30","517.40","470.00","488.30","5,642,445"
"09-Apr-2020","501.00","514.00","479.25","485.35","5,378,102"
"13-Apr-2020","485.90","492.95","472.75","479.80","2,769,955"
"15-Apr-2020","480.00","506.00","480.00","502.85","4,343,315"
"16-Apr-2020","497.75","509.00","492.15","503.50","3,438,673"
"17-Apr-2020","515.00","515.00","487.20","490.10","3,429,733"
"20-Apr-2020","492.40","499.95","482.50","492.85","3,234,062"
"21-Apr-2020","486.50","503.00","484.00","498.20","4,519,020"
"22-Apr-2020","498.50","504.80","495.55","502.70","2,801,955"
"23-Apr-2020","506.10","516.15","497.05","499.00","4,322,555"
"24-Apr-2020","499.00","503.75","494.50","499.05","2,376,828"
"27-Apr-2020","502.00","504.65","487.25","491.75","4,482,202"
"28-Apr-2020","494.00","494.40","482.40","487.55","2,010,669"
"29-Apr-2020","490.00","490.65","475.45","478.25","2,503,273"
"30-Apr-2020","485.00","495.35","478.25","489.30","4,295,419"
"04-May-2020","480.00","482.80","465.70","468.75","3,267,524"
"05-May-2020","471.00","475.55","450.00","452.50","3,676,081"
"06-May-2020","454.95","458.35","443.10","455.70","4,087,839"
"07-May-2020","456.50","456.50","440.00","441.90","3,356,815"
"08-May-2020","447.00","452.00","441.65","446.80","3,238,326"
"11-May-2020","450.00","454.70","443.50","446.55","2,890,780"
"12-May-2020","447.00","451.75","439.20","443.15","2,465,976"
"13-May-2020","458.00","458.60","442.45","444.05","2,202,274"
"14-May-2020","445.50","461.00","445.00","458.60","3,710,985"
"15-May-2020","463.00","463.65","441.35","443.90","4,050,139"
"18-May-2020","446.00","446.00","430.10","436.10","3,056,877"
"19-May-2020","440.45","447.15","433.50","437.10","3,631,047"
"20-May-2020","437.80","444.95","435.25","439.65","2,544,159"
"21-May-2020","440.00","449.40","439.10","440.15","2,934,541"
"22-May-2020","439.60","443.95","429.90","431.70","3,327,014"
"26-May-2020","431.70","436.20","427.40","433.10","3,334,582"
"27-May-2020","432.00","434.85","424.10","428.95","5,829,559"
"28-May-2020","429.95","451.25","421.20","448.40","10,807,949"
"29-May-2020","443.75","470.00","440.30","466.45","7,711,614"
"01-Jun-2020","470.00","473.95","462.00","469.25","6,224,534"
"02-Jun-2020","469.25","476.90","459.05","460.85","3,195,325"
"03-Jun-2020","464.10","470.60","457.10","463.35","3,870,392"
"04-Jun-2020","465.00","469.45","458.00","462.55","2,631,672"
"05-Jun-2020","464.00","466.50","457.50","462.85","2,549,236"
"08-Jun-2020","469.50","469.50","456.95","458.10","2,555,232"
"09-Jun-2020","460.30","475.85","458.70","466.55","5,028,363"
"10-Jun-2020","468.00","473.90","458.90","461.90","3,752,089"
"11-Jun-2020","461.90","465.00","448.00","450.10","3,476,465"
"12-Jun-2020","431.35","457.00","431.00","455.65","2,789,834"
"15-Jun-2020","456.00","460.45","451.90","453.65","1,990,221"
"16-Jun-2020","455.60","458.00","445.80","448.50","3,353,929"
"17-Jun-2020","446.50","457.40","438.00","440.50","4,824,066"
"18-Jun-2020","440.00","443.55","436.50","440.00","3,947,082"
"19-Jun-2020","442.90","449.50","441.50","443.05","4,482,129"
"22-Jun-2020","445.00","449.00","441.05","443.50","3,082,797"
"23-Jun-2020","441.50","460.00","441.50","458.60","5,596,516"
"24-Jun-2020","460.95","464.85","450.80","455.05","3,473,535"
"25-Jun-2020","454.60","465.75","452.75","459.15","3,846,216"
"26-Jun-2020","462.10","464.95","455.05","460.35","3,102,744"
"29-Jun-2020","460.00","469.00","458.10","463.75","5,083,780"
"30-Jun-2020","468.50","472.70","462.50","465.95","4,999,118"
"01-Jul-2020","470.90","471.00","465.55","466.60","2,383,843"
"02-Jul-2020","469.50","471.50","463.90","465.05","2,370,799"
"03-Jul-2020","467.10","470.75","464.70","467.05","2,323,284"
"06-Jul-2020","470.00","470.10","464.00","465.95","1,892,745"
"07-Jul-2020","466.00","481.90","465.05","478.55","5,373,500"
"08-Jul-2020","483.90","483.90","471.05","473.25","2,670,810"
"09-Jul-2020","466.00","477.00","466.00","473.05","1,944,233"
"10-Jul-2020","473.40","478.40","472.10","474.15","2,126,443"
"13-Jul-2020","474.95","486.00","474.60","484.50","3,108,357"
"14-Jul-2020","486.00","487.40","475.85","479.45","3,209,773"
"15-Jul-2020","484.90","486.85","477.35","479.65","2,305,139"
"16-Jul-2020","481.00","489.00","474.50","487.65","3,164,943"
"17-Jul-2020","489.95","495.35","483.50","490.75","5,791,104"
"20-Jul-2020","494.00","503.00","487.30","500.95","3,529,550"
"21-Jul-2020","499.10","502.70","490.45","491.65","3,328,043"
"22-Jul-2020","493.00","495.20","478.40","481.05","3,073,110"
"23-Jul-2020","482.95","486.85","476.65","479.45","2,331,308"
"24-Jul-2020","479.00","482.80","470.15","471.50","2,141,721"
"27-Jul-2020","473.00","474.20","462.95","466.40","3,751,567"
"28-Jul-2020","466.40","477.00","466.00","475.10","3,183,537"
"29-Jul-2020","476.75","491.65","476.55","489.60","6,554,414"
"30-Jul-2020","493.90","497.75","480.75","491.90","8,628,663"
"31-Jul-2020","496.00","515.00","494.05","513.55","8,509,912"
"03-Aug-2020","514.85","518.65","507.30","510.45","4,310,502"
"04-Aug-2020","515.00","516.20","505.55","506.95","2,173,947"
"05-Aug-2020","508.05","511.15","501.00","503.05","2,597,667"
"06-Aug-2020","503.95","509.60","501.30","506.80","2,350,027"
"07-Aug-2020","507.90","513.70","506.05","512.30","2,754,143"
"10-Aug-2020","515.00","528.00","506.35","508.55","5,418,102"
"11-Aug-2020","510.00","524.60","510.00","513.15","5,206,548"
"12-Aug-2020","513.90","519.50","502.00","503.60","4,289,689"
"13-Aug-2020","508.90","509.30","495.75","497.85","3,607,640"
"14-Aug-2020","499.50","501.60","488.75","497.10","4,703,261"
"17-Aug-2020","503.55","503.55","491.00","495.55","2,880,081"
"18-Aug-2020","494.00","499.10","492.75","497.00","3,279,523"
"19-Aug-2020","497.00","504.90","493.00","494.20","3,390,446"
"20-Aug-2020","492.80","496.85","490.35","492.60","1,638,348"
"21-Aug-2020","496.50","498.50","491.00","491.95","1,911,511"
"24-Aug-2020","492.30","495.45","486.55","490.50","2,692,624"
"25-Aug-2020","492.95","494.00","486.30","491.95","2,055,913"
"26-Aug-2020","496.00","502.00","492.15","495.95","4,093,153"
"27-Aug-2020","498.75","499.35","491.00","493.15","1,859,971"
"28-Aug-2020","495.20","495.65","488.00","489.10","1,854,758"
"31-Aug-2020","491.40","495.40","470.90","474.60","4,785,824"
"01-Sep-2020","478.40","491.00","473.65","487.60","3,914,565"
"02-Sep-2020","488.80","494.80","487.60","489.50","2,111,745"
"03-Sep-2020","491.70","497.30","484.75","494.70","2,149,283"
"04-Sep-2020","493.00","496.00","481.30","483.80","2,578,717"
"07-Sep-2020","486.90","490.95","478.40","487.90","2,631,682"
"08-Sep-2020","484.20","490.40","481.50","486.40","2,088,168"
"09-Sep-2020","485.00","494.00","482.05","492.35","2,157,285"
"10-Sep-2020","497.40","497.50","489.60","495.50","2,500,434"
"11-Sep-2020","491.70","511.70","491.70","508.25","5,351,472"
"14-Sep-2020","511.00","514.70","498.25","504.20","4,233,224"
"15-Sep-2020","503.90","508.00","499.55","505.75","2,657,482"
"16-Sep-2020","507.00","513.00","504.30","509.60","2,763,452"
"17-Sep-2020","509.70","510.95","501.15","502.55","2,087,642"
"18-Sep-2020","503.90","509.90","498.75","508.45","3,067,745"
"21-Sep-2020","510.00","511.95","487.25","490.70","2,405,043"
"22-Sep-2020","492.20","494.60","480.00","492.10","1,843,708"
"23-Sep-2020","495.05","495.95","484.35","485.75","2,096,287"
"24-Sep-2020","484.00","490.75","478.80","486.30","2,732,039"
"25-Sep-2020","491.40","496.00","488.25","492.60","2,817,378"
"28-Sep-2020","494.95","504.65","492.05","503.25","2,319,668"
"29-Sep-2020","503.05","510.30","496.25","497.20","2,520,678"
"30-Sep-2020","497.25","514.00","496.30","510.55","4,019,167"
"01-Oct-2020","515.75","517.40","510.40","513.80","3,703,690"
"05-Oct-2020","515.35","521.65","510.65","520.00","2,820,658"
"06-Oct-2020","524.25","535.00","522.00","526.80","8,742,283"
"07-Oct-2020","527.00","531.30","521.50","524.05","2,420,638"
"08-Oct-2020","526.65","527.00","516.45","522.05","2,229,387"
"09-Oct-2020","524.60","524.60","516.00","519.10","1,705,009"
"12-Oct-2020","520.00","521.40","512.75","515.50","1,945,987"
"13-Oct-2020","515.90","524.50","512.80","514.25","3,197,256"
"14-Oct-2020","513.85","518.50","506.25","516.95","3,519,447"
"15-Oct-2020","518.20","525.65","515.25","517.60","3,824,212"
"16-Oct-2020","520.80","524.35","510.80","511.70","2,531,777"
"19-Oct-2020","514.90","522.00","510.20","519.30","2,434,568"
"20-Oct-2020","521.20","529.95","518.75","528.05","5,066,348"
"21-Oct-2020","530.40","533.00","508.10","515.85","5,603,276"
"22-Oct-2020","515.85","516.00","505.10","507.15","4,991,379"
"23-Oct-2020","512.00","520.90","509.80","519.15","4,276,157"
"26-Oct-2020","519.95","521.80","509.70","513.50","2,134,751"
"27-Oct-2020","515.00","526.40","512.25","523.20","3,284,285"
"28-Oct-2020","523.15","526.00","515.40","517.15","1,863,446"
"29-Oct-2020","515.50","522.45","509.20","519.75","2,966,915"
"30-Oct-2020","520.50","524.00","508.05","511.45","3,022,547"
"02-Nov-2020","515.00","516.80","504.05","506.25","3,217,501"
"03-Nov-2020","510.45","523.50","509.55","515.40","9,690,523"
"04-Nov-2020","524.00","530.00","517.35","518.45","7,074,924"
"05-Nov-2020","521.00","525.65","516.00","519.55","3,293,074"
"06-Nov-2020","520.90","528.90","518.70","527.20","4,929,181"
"09-Nov-2020","530.00","535.95","524.15","527.55","5,212,222"
"10-Nov-2020","527.70","529.90","511.80","515.00","4,847,614"
"11-Nov-2020","516.80","519.25","505.60","510.00","4,915,653"
"12-Nov-2020","512.50","521.95","510.55","517.90","5,297,239"
"13-Nov-2020","520.00","522.00","512.60","515.40","3,104,681"
"14-Nov-2020","520.00","522.00","515.50","517.15","438,259"
"17-Nov-2020","522.20","522.20","509.50","511.65","3,016,364"
"18-Nov-2020","513.00","514.15","504.45","505.40","3,492,271"
"19-Nov-2020","505.00","510.00","500.05","507.30","5,496,008"
"20-Nov-2020","511.05","513.80","505.95","508.40","4,801,287"
"23-Nov-2020","508.00","511.40","505.10","509.10","3,182,272"
"24-Nov-2020","510.00","511.25","506.50","507.90","2,495,047"
"25-Nov-2020","508.80","510.50","500.05","501.30","3,897,557"
"26-Nov-2020","501.80","505.00","494.05","504.10","4,957,778"
"27-Nov-2020","507.00","507.10","496.65","499.80","7,150,001"
"01-Dec-2020","503.05","507.00","500.60","506.00","2,177,754"
"02-Dec-2020","507.50","509.50","497.25","502.50","3,467,739"
"03-Dec-2020","500.50","506.95","500.50","501.50","3,471,978"
"04-Dec-2020","502.90","506.80","501.60","502.30","3,038,914"
"07-Dec-2020","502.60","505.50","499.00","502.05","3,544,985"
"08-Dec-2020","503.00","506.80","499.05","502.60","4,020,487"
"09-Dec-2020","510.00","510.00","501.00","502.15","4,619,524"
"10-Dec-2020","502.00","517.00","502.00","514.40","9,250,804"
"11-Dec-2020","517.35","519.50","508.80","513.80","4,988,627"
"14-Dec-2020","517.00","518.95","512.40","513.60","3,013,023"
"15-Dec-2020","513.95","517.20","511.20","513.85","3,113,626"
"16-Dec-2020","515.40","519.55","512.30","513.65","3,925,836"
"17-Dec-2020","515.20","517.40","510.50","511.50","2,926,337"
"18-Dec-2020","513.15","513.40","503.05","509.35","3,666,563"
"21-Dec-2020","509.00","514.95","494.20","503.60","5,009,242"
"22-Dec-2020","504.90","508.90","492.55","504.25","4,879,416"
"23-Dec-2020","505.00","512.50","502.30","510.15","3,046,867"
"24-Dec-2020","515.00","515.75","508.30","514.55","2,894,330"
"28-Dec-2020","514.55","526.90","514.00","525.05","5,556,022"
"29-Dec-2020","527.50","533.80","524.55","528.95","6,040,679"
"30-Dec-2020","530.00","540.50","524.35","539.55","6,666,770"
"31-Dec-2020","539.70","539.80","532.15","534.00","3,337,284"
"01-Jan-2021","534.00","538.45","532.30","534.20","2,285,766"
"04-Jan-2021","537.00","544.00","532.40","543.35","3,026,253"
"05-Jan-2021","542.00","542.40","535.50","538.90","2,126,666"
"06-Jan-2021","539.00","541.70","529.60","534.10","4,825,471"
"07-Jan-2021","537.40","539.30","533.40","535.20","1,850,927"
"08-Jan-2021","537.00","542.45","534.00","540.10","3,665,938"
"11-Jan-2021","543.00","549.00","540.00","546.50","2,812,154"
"12-Jan-2021","549.00","550.95","538.25","541.00","3,857,637"
"13-Jan-2021","541.15","545.45","533.60","536.10","2,933,547"
"14-Jan-2021","536.50","552.45","535.25","548.95","6,273,001"
"15-Jan-2021","548.50","552.55","539.05","540.75","2,546,799"
"18-Jan-2021","541.20","544.80","533.20","537.50","2,572,902"
"19-Jan-2021","539.05","547.45","539.00","541.40","2,174,161"
"20-Jan-2021","544.00","544.85","536.60","537.65","1,606,896"
"21-Jan-2021","540.00","546.00","535.40","537.05","2,903,743"
"22-Jan-2021","537.00","540.50","531.30","532.95","2,153,095"
"25-Jan-2021","538.00","541.30","525.00","532.60","3,036,463"
"27-Jan-2021","533.90","537.50","525.65","527.50","1,786,873"
"28-Jan-2021","526.80","535.00","521.05","527.90","2,380,469"
"29-Jan-2021","530.00","532.00","511.35","514.55","6,467,932"
"01-Feb-2021","515.15","536.00","515.15","525.20","5,219,141"
"02-Feb-2021","530.00","535.60","524.40","526.40","2,246,578"
"03-Feb-2021","527.45","529.15","523.00","524.75","2,680,479"
"04-Feb-2021","524.75","529.90","524.05","526.10","2,515,981"
"05-Feb-2021","527.00","528.55","517.80","521.75","2,592,937"
"08-Feb-2021","522.80","526.50","517.30","518.40","2,667,420"
"09-Feb-2021","523.05","532.05","519.00","525.15","4,281,247"
"10-Feb-2021","527.40","528.85","522.40","524.65","1,871,619"
"11-Feb-2021","524.70","537.50","523.95","535.80","4,491,181"
"12-Feb-2021","539.30","544.45","532.05","534.00","4,218,265"
"15-Feb-2021","537.50","540.85","526.30","527.30","2,574,672"
"16-Feb-2021","530.00","532.75","520.40","522.60","3,119,109"
"17-Feb-2021","523.20","526.00","519.00","520.05","2,436,843"
"18-Feb-2021","522.00","528.00","517.90","520.05","3,416,920"
"19-Feb-2021","515.00","515.00","507.85","513.45","13,849,233"
"22-Feb-2021","514.75","517.30","497.05","500.35","3,810,112"
"23-Feb-2021","502.00","505.50","498.75","500.05","3,011,786"
"24-Feb-2021","502.50","506.25","498.05","503.65","1,464,678"
"25-Feb-2021","508.00","510.55","505.05","509.05","4,492,656"
"26-Feb-2021","508.50","513.65","501.00","503.10","5,709,953"
"01-Mar-2021","504.00","507.85","502.80","505.85","1,751,572"
"02-Mar-2021","507.40","512.50","504.80","511.25","1,420,334"
"03-Mar-2021","514.20","520.00","512.05","518.10","3,130,922"
"04-Mar-2021","515.15","527.50","515.15","524.20","4,314,919"
"05-Mar-2021","525.45","528.90","522.65","524.40","3,785,627"
"08-Mar-2021","525.00","530.95","521.75","528.65","1,684,546"
"09-Mar-2021","531.00","531.15","519.00","525.75","1,424,487"
"10-Mar-2021","526.30","534.40","525.15","531.15","2,158,157"
"12-Mar-2021","533.90","534.35","522.20","523.45","1,757,943"
"15-Mar-2021","523.10","530.00","521.30","526.10","3,007,089"
"16-Mar-2021","526.10","530.75","525.15","529.10","1,684,209"
"17-Mar-2021","527.50","533.50","525.25","527.55","2,054,354"
"18-Mar-2021","528.85","529.95","519.60","521.90","1,333,801"
"19-Mar-2021","516.00","526.75","516.00","524.80","1,899,152"
"22-Mar-2021","525.10","534.70","523.70","533.50","1,720,620"
"23-Mar-2021","533.80","536.95","531.25","533.25","1,557,222"
"24-Mar-2021","531.80","535.80","527.75","529.05","1,431,667"
"25-Mar-2021","528.00","529.30","515.00","517.35","1,569,877"
"26-Mar-2021","517.60","531.00","517.60","529.80","1,757,265"
"30-Mar-2021","532.50","541.20","532.00","538.00","2,643,994"
"31-Mar-2021","538.00","542.80","536.65","540.50","1,560,926"
"01-Apr-2021","540.45","543.95","536.80","538.65","823,482"
"05-Apr-2021","538.20","541.10","534.10","537.00","1,359,678"
"06-Apr-2021","537.00","547.75","534.35","546.95","1,825,976"
"07-Apr-2021","548.00","557.50","547.35","553.20","3,109,165"
"08-Apr-2021","553.45","561.70","548.25","559.15","2,009,731"
"09-Apr-2021","560.00","566.35","557.20","560.50","2,203,711"
"12-Apr-2021","556.00","561.45","549.50","554.75","2,061,407"
"13-Apr-2021","555.20","565.70","554.30","560.25","3,181,848"
"15-Apr-2021","565.00","577.00","560.75","572.05","5,336,354"
"16-Apr-2021","581.90","581.90","571.00","575.00","3,675,431"
"19-Apr-2021","565.00","574.00","562.65","569.20","1,876,054"
"20-Apr-2021","574.00","575.95","565.80","569.00","2,321,346"
"22-Apr-2021","572.65","573.25","564.05","566.15","2,545,878"
"23-Apr-2021","566.15","566.95","556.10","559.95","2,408,395"
"26-Apr-2021","560.90","562.60","539.55","541.30","3,121,274"
"27-Apr-2021","544.25","544.25","534.65","538.60","2,463,374"
"28-Apr-2021","542.00","545.70","536.15","541.25","2,614,846"
"29-Apr-2021","544.45","547.05","540.20","541.90","1,796,174"
"30-Apr-2021","539.80","545.25","535.70","538.05","1,960,727"
"03-May-2021","538.75","548.40","538.60","542.40","1,725,231"
"04-May-2021","545.00","545.70","535.35","537.55","1,772,835"
"05-May-2021","538.80","542.45","537.05","540.95","1,136,917"
"06-May-2021","542.85","547.35","539.00","545.25","2,142,388"
"07-May-2021","548.00","548.00","532.30","534.60","8,776,663"
"10-May-2021","535.00","535.75","519.30","522.75","6,409,447"
"11-May-2021","522.75","526.80","520.40","525.45","2,458,535"
"12-May-2021","527.00","532.60","525.00","529.20","3,997,812"
"14-May-2021","532.00","538.45","529.65","535.00","3,274,059"
"17-May-2021","537.10","539.25","532.20","534.35","2,002,740"
"18-May-2021","537.00","539.00","529.45","531.10","2,056,620"
"19-May-2021","530.00","539.15","528.05","538.05","2,402,429"
"20-May-2021","537.00","541.00","533.60","535.80","2,586,717"
"21-May-2021","538.00","540.00","535.45","536.75","1,582,534"
"24-May-2021","538.00","538.15","532.00","533.25","2,142,262"
"25-May-2021","535.40","536.75","529.30","530.55","2,341,520"
"26-May-2021","532.95","532.95","528.75","532.20","1,533,553"
"27-May-2021","533.00","533.80","524.40","527.20","7,104,429"
"28-May-2021","530.00","532.90","528.05","530.40","1,322,812"
"31-May-2021","532.30","544.30","529.55","540.45","2,775,615"
"01-Jun-2021","544.70","545.00","535.00","537.05","1,855,968"
"02-Jun-2021","538.35","540.25","529.75","532.25","4,073,182"
"03-Jun-2021","534.80","541.80","534.00","540.80","2,070,792"
"04-Jun-2021","542.00","545.00","539.35","544.05","1,964,169"
"07-Jun-2021","545.15","550.00","542.40","548.50","2,061,081"
"08-Jun-2021","551.85","560.75","551.85","556.35","3,966,396"
"09-Jun-2021","559.00","561.50","554.25","558.60","2,452,001"
"10-Jun-2021","560.50","563.85","556.05","559.95","2,602,822"
"11-Jun-2021","560.75","566.20","559.70","565.20","1,036,563"
"14-Jun-2021","564.95","571.40","560.25","568.45","1,628,291"
"15-Jun-2021","569.05","576.00","569.05","574.80","1,774,944"
"16-Jun-2021","576.00","582.70","575.30","580.60","2,232,810"
"17-Jun-2021","577.70","581.00","570.20","573.20","1,512,920"
"18-Jun-2021","574.75","581.90","571.60","577.10","3,901,362"
"21-Jun-2021","576.00","579.65","570.00","571.75","2,238,942"
"22-Jun-2021","574.25","578.00","565.05","566.65","2,681,016"
"23-Jun-2021","567.20","570.00","560.25","566.45","1,172,122"
"24-Jun-2021","566.45","576.75","561.35","575.20","1,362,412"
"25-Jun-2021","575.25","575.50","562.95","564.45","1,190,963"
"28-Jun-2021","568.45","568.60","564.30","567.05","794,690"
"29-Jun-2021","565.10","570.50","561.55","567.35","1,761,569"
"30-Jun-2021","568.55","573.50","563.50","568.75","1,346,860"
"01-Jul-2021","572.40","591.45","569.90","589.75","5,398,923"
"02-Jul-2021","591.55","592.00","583.85","590.45","2,477,693"
"05-Jul-2021","593.40","593.65","586.50","587.70","1,196,198"
"06-Jul-2021","588.65","595.45","588.00","591.80","1,428,646"
"07-Jul-2021","590.80","596.00","588.10","594.40","1,255,033"
"08-Jul-2021","594.20","599.00","591.00","596.10","1,845,925"
"09-Jul-2021","596.00","605.00","592.35","595.60","2,686,530"
"12-Jul-2021","597.00","600.15","591.70","593.15","1,038,327"
"13-Jul-2021","594.20","595.35","585.60","589.15","934,799"
"14-Jul-2021","588.50","588.50","581.50","585.30","1,290,445"
"15-Jul-2021","585.30","589.45","582.05","584.45","1,233,095"
"16-Jul-2021","584.85","588.85","578.70","580.30","2,229,326"
"19-Jul-2021","578.80","590.00","576.00","588.80","1,953,706"
"20-Jul-2021","591.00","592.45","583.00","588.20","1,877,572"
"22-Jul-2021","590.70","595.40","584.55","588.45","1,191,908"
"23-Jul-2021","590.90","594.10","585.65","590.15","666,936"
"26-Jul-2021","593.00","599.00","590.15","595.35","1,527,942"
"27-Jul-2021","597.35","598.80","587.75","588.70","1,585,300"
"28-Jul-2021","586.15","603.45","586.15","590.10","2,559,515"
"29-Jul-2021","588.40","593.45","582.20","584.60","2,365,089"
"30-Jul-2021","587.20","603.65","584.15","600.70","3,145,307"
"02-Aug-2021","605.90","609.00","594.05","599.05","5,788,412"
"03-Aug-2021","602.70","619.80","597.90","614.25","13,194,079"
"04-Aug-2021","615.00","615.90","586.75","588.10","5,849,144"
"05-Aug-2021","593.45","596.45","585.85","589.55","3,160,815"
"06-Aug-2021","590.00","596.55","584.10","585.20","2,452,586"
"09-Aug-2021","590.95","594.00","579.25","581.75","2,261,395"
"10-Aug-2021","584.65","585.65","573.60","579.80","2,070,287"
"11-Aug-2021","582.00","582.40","570.65","575.10","2,320,928"
"12-Aug-2021","576.00","584.80","574.05","575.40","2,474,432"
"13-Aug-2021","579.70","591.50","576.85","588.30","5,318,962"
"16-Aug-2021","588.20","592.65","583.00","588.35","1,315,500"
"17-Aug-2021","589.00","597.80","588.35","596.60","4,557,665"
"18-Aug-2021","598.35","600.75","594.15","597.40","1,992,466"
"20-Aug-2021","594.65","616.00","590.30","611.70","4,420,438"
"23-Aug-2021","614.75","621.95","605.85","609.90","3,188,046"
"24-Aug-2021","608.00","610.50","589.20","592.85","2,295,973"
"25-Aug-2021","593.00","601.80","592.15","600.10","1,533,202"
"26-Aug-2021","599.95","609.20","598.95","605.50","1,793,401"
"27-Aug-2021","608.00","612.60","605.05","608.75","1,477,611"
"30-Aug-2021","610.00","617.55","610.00","616.75","1,299,450"
"31-Aug-2021","616.00","623.85","610.00","621.50","3,026,655"
"01-Sep-2021","622.00","627.70","615.65","626.25","2,467,985"
"02-Sep-2021","626.50","643.90","624.45","640.85","3,017,389"
"03-Sep-2021","643.20","644.00","634.00","641.25","1,676,263"
"06-Sep-2021","641.25","645.40","633.75","634.80","1,420,648"
"07-Sep-2021","637.00","651.35","635.40","638.00","2,457,494"
"08-Sep-2021","639.00","642.55","634.00","640.65","1,262,769"
"09-Sep-2021","635.00","639.15","627.20","638.30","2,195,875"
"13-Sep-2021","642.40","649.25","637.00","640.20","2,328,010"
"14-Sep-2021","640.20","640.95","634.75","639.20","1,422,838"
"15-Sep-2021","640.40","644.00","636.30","637.20","1,157,146"
"16-Sep-2021","642.20","645.65","638.05","640.40","1,115,690"
"17-Sep-2021","641.00","655.90","640.35","653.95","2,959,141"
"20-Sep-2021","654.85","658.40","643.00","645.65","2,804,783"
"21-Sep-2021","647.95","652.15","645.00","651.30","785,138"
"22-Sep-2021","654.00","654.00","647.55","648.40","877,503"
"23-Sep-2021","650.10","651.00","642.65","647.65","1,480,529"
"24-Sep-2021","649.00","658.95","649.00","651.90","2,416,462"
"27-Sep-2021","654.00","654.25","632.00","633.20","1,468,310"
"28-Sep-2021","634.00","634.35","621.00","626.35","1,906,140"
"29-Sep-2021","627.00","628.30","620.25","623.15","1,827,330"
"30-Sep-2021","624.00","626.80","616.10","617.05","1,705,501"
"01-Oct-2021","617.00","620.20","609.00","617.95","1,563,570"
"04-Oct-2021","619.90","625.45","613.30","624.20","2,158,448"
"05-Oct-2021","626.40","626.40","614.00","616.20","3,156,201"
"06-Oct-2021","616.80","623.70","614.00","614.95","2,026,192"
"07-Oct-2021","617.55","619.40","614.40","615.15","1,228,502"
"08-Oct-2021","616.05","620.90","606.00","607.00","3,407,806"
"11-Oct-2021","610.00","611.00","607.00","608.65","1,426,583"
"12-Oct-2021","611.00","621.60","610.00","616.80","2,801,156"
"13-Oct-2021","621.45","625.00","616.10","623.80","1,499,629"
"14-Oct-2021","626.00","627.90","612.45","615.20","2,722,324"
"18-Oct-2021","632.00","632.00","612.60","614.15","1,464,144"
"19-Oct-2021","615.00","620.30","604.10","605.25","1,524,974"
"20-Oct-2021","607.00","607.85","591.05","592.65","2,784,702"
"21-Oct-2021","598.50","599.00","585.25","587.40","1,925,145"
"22-Oct-2021","591.90","597.00","585.00","590.75","1,407,275"
"25-Oct-2021","592.00","593.25","576.55","581.30","1,462,238"
"26-Oct-2021","582.00","583.95","574.45","581.35","1,949,684"
"27-Oct-2021","584.00","597.95","583.35","591.65","3,252,371"
"28-Oct-2021","594.00","594.35","586.45","589.70","1,105,554"
"29-Oct-2021","589.90","593.80","582.45","585.85","1,980,982"
"01-Nov-2021","588.00","600.80","587.00","597.05","3,104,045"
"02-Nov-2021","599.85","604.90","588.75","598.05","6,908,391"
"03-Nov-2021","608.00","612.30","600.75","610.55","7,257,690"
"04-Nov-2021","616.00","616.15","611.75","612.55","276,957"
"08-Nov-2021","625.00","625.00","604.50","606.80","2,428,555"
"09-Nov-2021","606.00","609.40","600.15","603.20","876,256"
"10-Nov-2021","601.20","606.90","598.00","605.25","1,801,639"
"11-Nov-2021","604.70","604.70","595.00","599.00","2,031,771"
"12-Nov-2021","602.00","604.30","598.60","602.45","2,304,135"
"15-Nov-2021","604.00","607.00","598.10","604.00","1,665,604"
"16-Nov-2021","605.80","611.90","604.55","610.00","1,793,708"
"17-Nov-2021","608.00","611.80","606.05","608.00","1,022,417"
"18-Nov-2021","608.00","610.00","601.45","608.75","841,689"
"22-Nov-2021","611.00","616.60","603.55","606.80","3,998,703"
"23-Nov-2021","607.45","613.50","599.20","611.55","1,508,700"
"24-Nov-2021","610.05","611.55","602.00","602.95","1,845,329"
"25-Nov-2021","603.30","606.95","594.05","606.40","1,518,710"
"26-Nov-2021","603.00","612.40","599.80","602.00","1,952,921"
"29-Nov-2021","600.00","602.00","589.25","598.00","1,125,420"
"30-Nov-2021","595.00","602.50","592.05","594.95","5,219,689"
"01-Dec-2021","595.10","598.20","574.30","576.10","3,306,382"
"02-Dec-2021","577.00","583.00","575.10","578.55","1,931,467"
"03-Dec-2021","580.00","584.05","578.05","581.35","1,202,147"
"06-Dec-2021","583.00","583.00","566.00","567.30","1,525,444"
"07-Dec-2021","569.95","574.65","567.20","572.40","889,360"
"08-Dec-2021","575.40","576.85","572.45","574.05","1,406,874"
"09-Dec-2021","575.50","580.95","571.50","579.75","1,444,157"
"10-Dec-2021","582.00","583.65","575.50","577.80","1,258,379"
"13-Dec-2021","582.95","583.15","574.05","578.90","1,626,598"
"14-Dec-2021","578.00","580.40","573.15","579.40","1,167,762"
"15-Dec-2021","577.55","578.05","571.80","573.30","929,113"
"16-Dec-2021","574.25","575.90","569.00","570.25","884,563"
"17-Dec-2021","570.50","572.00","561.55","564.75","1,884,521"
"20-Dec-2021","562.00","563.65","550.40","558.20","1,332,911"
"21-Dec-2021","559.00","564.80","557.00","559.10","641,150"
"22-Dec-2021","560.10","565.25","558.00","564.05","912,026"
"23-Dec-2021","566.00","571.00","562.70","569.45","926,683"
"24-Dec-2021","573.90","573.90","562.15","563.70","418,659"
"27-Dec-2021","564.00","564.40","558.25","561.45","571,197"
"28-Dec-2021","561.95","565.25","560.70","562.45","394,545"
"29-Dec-2021","563.45","570.30","561.00","566.60","1,354,842"
"30-Dec-2021","566.60","572.55","561.75","571.55","917,276"
"31-Dec-2021","573.00","581.25","571.80","580.05","1,024,258"
"03-Jan-2022","580.00","584.90","578.55","581.15","1,161,811"
"04-Jan-2022","583.00","583.00","570.50","574.05","3,062,561"
"05-Jan-2022","575.00","583.50","573.65","582.50","1,001,768"
"06-Jan-2022","582.50","583.45","574.40","582.55","1,246,823"
"07-Jan-2022","583.05","590.85","582.55","587.50","1,492,507"
"10-Jan-2022","589.00","591.25","586.05","589.10","813,368"
"11-Jan-2022","590.40","590.80","584.00","587.55","815,198"
"12-Jan-2022","590.10","590.40","580.60","582.50","1,287,352"
"13-Jan-2022","582.50","584.85","577.55","580.70","1,421,440"
"14-Jan-2022","576.60","584.20","571.05","575.80","2,009,075"
"17-Jan-2022","575.80","578.45","568.90","569.60","1,486,008"
"18-Jan-2022","569.60","571.30","562.60","563.90","1,185,072"
"19-Jan-2022","563.90","569.60","560.00","568.55","1,103,105"
"20-Jan-2022","568.95","569.00","556.25","559.85","1,007,594"
"21-Jan-2022","555.20","558.75","547.90","551.55","2,389,963"
"24-Jan-2022","552.00","554.35","541.00","546.10","2,431,761"
"25-Jan-2022","544.10","546.15","536.65","542.80","1,847,960"
"27-Jan-2022","541.00","542.00","527.05","529.05","2,183,776"
"28-Jan-2022","533.25","542.50","531.10","533.95","1,426,419"
"31-Jan-2022","538.10","541.50","535.30","536.75","1,749,168"
"01-Feb-2022","541.15","550.35","538.00","546.45","1,500,268"
"02-Feb-2022","550.50","562.75","545.00","557.45","1,157,446"
"03-Feb-2022","549.95","559.20","548.65","556.45","1,798,123"
"04-Feb-2022","560.00","570.25","556.00","569.00","2,712,529"
"07-Feb-2022","570.00","570.75","559.60","566.70","2,481,096"
"08-Feb-2022","566.70","569.90","561.25","562.25","820,398"
"09-Feb-2022","564.40","574.45","562.00","570.50","1,381,438"
"10-Feb-2022","570.50","571.15","560.35","564.60","2,044,201"
"11-Feb-2022","562.00","563.75","555.55","560.85","1,053,326"
"14-Feb-2022","551.10","559.90","546.25","553.10","1,256,655"
"15-Feb-2022","552.50","563.90","550.90","562.45","1,349,136"
"16-Feb-2022","562.45","566.70","556.00","561.85","1,053,001"
"17-Feb-2022","562.10","565.10","553.15","554.40","1,222,505"
"18-Feb-2022","551.00","554.70","545.50","547.80","1,383,430"
"21-Feb-2022","545.45","554.90","541.70","553.60","1,157,096"
"22-Feb-2022","542.90","551.85","542.20","550.05","1,465,489"
"23-Feb-2022","550.05","551.00","540.60","543.25","940,986"
"24-Feb-2022","532.00","539.55","526.40","533.70","3,036,292"
"25-Feb-2022","536.00","546.90","533.45","544.85","1,284,779"
"28-Feb-2022","542.80","570.10","526.95","563.35","7,992,990"
"02-Mar-2022","562.95","570.00","558.70","565.25","1,871,881"
"03-Mar-2022","566.30","570.75","560.00","562.90","2,166,986"
"04-Mar-2022","557.00","561.20","537.00","539.05","2,103,625"
"07-Mar-2022","520.00","527.00","502.00","505.95","3,178,030"
"08-Mar-2022","506.00","522.80","505.00","521.55","2,161,459"
"09-Mar-2022","520.00","533.05","516.50","528.10","2,952,144"
"10-Mar-2022","538.95","547.00","531.55","545.70","1,658,773"
"11-Mar-2022","545.50","549.55","540.85","547.55","1,238,386"
"14-Mar-2022","546.40","548.40","532.25","540.60","3,049,209"
"15-Mar-2022","539.85","558.75","539.80","556.65","2,726,150"
"16-Mar-2022","563.50","566.00","559.40","564.70","1,685,983"
"17-Mar-2022","566.20","570.70","555.65","560.25","1,988,370"
"21-Mar-2022","554.50","560.95","547.10","549.55","1,119,604"
"22-Mar-2022","549.00","549.00","531.30","534.00","2,369,464"
"23-Mar-2022","538.50","538.50","522.10","522.85","3,708,515"
"24-Mar-2022","520.90","530.80","519.65","523.75","2,528,645"
"25-Mar-2022","526.00","527.15","517.70","519.80","1,185,395"
"28-Mar-2022","522.15","524.15","512.20","515.15","2,529,886"
"29-Mar-2022","516.00","523.00","513.65","515.80","2,072,288"
"30-Mar-2022","518.30","529.60","518.25","527.70","3,274,773"
"31-Mar-2022","530.90","539.00","527.70","536.20","2,884,367"
"01-Apr-2022","539.00","545.00","536.25","542.45","1,488,872"
"04-Apr-2022","542.90","546.00","534.60","544.65","2,818,537"
"05-Apr-2022","548.00","553.00","546.30","548.95","2,471,895"
"06-Apr-2022","548.95","548.95","538.60","541.45","1,813,477"
"07-Apr-2022","540.50","556.00","540.50","550.55","2,078,365"
"08-Apr-2022","550.55","558.00","550.20","556.95","974,621"
"11-Apr-2022","558.55","558.55","549.25","552.40","1,472,046"
"12-Apr-2022","552.00","556.90","548.10","553.75","1,373,926"
"13-Apr-2022","553.80","557.70","551.00","555.90","1,405,005"
"18-Apr-2022","550.00","563.85","549.15","562.70","1,332,556"
"19-Apr-2022","567.45","569.70","546.00","549.00","3,225,494"
"20-Apr-2022","550.00","556.30","542.35","550.30","1,341,149"
"21-Apr-2022","552.45","563.00","550.80","561.85","1,293,680"
"22-Apr-2022","557.95","564.70","554.05","559.85","1,804,787"
"25-Apr-2022","555.55","559.90","545.55","551.30","1,262,104"
"26-Apr-2022","554.20","561.50","554.00","559.90","1,950,606"
"27-Apr-2022","555.20","561.25","549.70","559.85","1,704,589"
"28-Apr-2022","564.00","576.85","560.05","572.25","2,316,486"
"29-Apr-2022","575.00","575.10","554.10","556.70","3,244,210"
"02-May-2022","552.00","559.45","549.25","557.20","1,089,778"
"04-May-2022","557.80","565.00","532.30","538.05","3,409,715"
"05-May-2022","540.50","543.45","523.60","529.05","3,769,187"
"06-May-2022","518.20","526.90","508.35","510.80","3,569,229"
"09-May-2022","510.80","513.40","502.05","504.55","1,443,702"
"10-May-2022","505.80","508.70","499.35","502.55","2,305,275"
"11-May-2022","502.55","509.95","494.20","507.10","1,809,222"
"12-May-2022","507.00","507.10","495.50","498.35","2,176,908"
"13-May-2022","502.00","512.45","498.35","500.80","2,733,902"
"16-May-2022","504.60","505.95","495.40","496.80","895,516"
"17-May-2022","499.45","503.65","494.30","501.85","2,052,078"
"18-May-2022","504.25","515.25","502.00","509.80","3,035,188"
"19-May-2022","499.05","502.85","489.35","492.10","2,053,355"
"20-May-2022","497.70","507.35","496.85","503.35","2,149,292"
"23-May-2022","505.00","513.15","504.00","506.30","1,572,782"
"24-May-2022","508.60","508.60","498.20","502.15","2,089,081"
"25-May-2022","504.85","505.00","493.45","494.45","1,054,477"
"26-May-2022","497.30","501.50","488.30","497.85","2,070,365"
"27-May-2022","501.20","501.35","495.70","497.70","1,089,096"
"30-May-2022","501.40","510.50","500.00","510.10","1,594,338"
"31-May-2022","509.80","526.25","504.10","519.00","5,516,299"
"01-Jun-2022","519.35","527.00","515.40","517.55","1,596,876"
"02-Jun-2022","517.55","524.95","512.05","521.70","1,883,760"
"03-Jun-2022","521.50","522.95","512.65","513.95","2,117,973"
"06-Jun-2022","509.00","513.15","505.35","508.60","3,537,326"
"07-Jun-2022","507.90","507.90","496.70","501.25","1,213,684"
"08-Jun-2022","498.00","501.05","491.55","494.80","1,415,492"
"09-Jun-2022","495.00","498.50","488.70","497.65","1,191,289"
"10-Jun-2022","496.50","504.75","491.00","502.25","1,775,867"
"13-Jun-2022","500.75","506.80","494.40","497.80","2,658,015"
"14-Jun-2022","499.40","503.60","492.05","495.65","1,325,521"
"15-Jun-2022","498.50","501.00","493.25","496.30","1,213,910"
"16-Jun-2022","498.30","501.85","492.70","497.00","1,778,349"
"17-Jun-2022","493.00","494.95","482.25","484.60","4,334,329"
"20-Jun-2022","486.50","503.10","484.60","500.80","3,139,895"
"21-Jun-2022","501.65","510.45","497.90","505.90","1,819,682"
"22-Jun-2022","505.50","512.40","495.15","498.95","1,766,236"
"23-Jun-2022","500.00","509.00","499.05","505.15","1,065,402"
"24-Jun-2022","507.00","514.70","506.35","509.75","1,581,131"
"27-Jun-2022","517.50","519.00","512.25","515.70","664,059"
"28-Jun-2022","515.70","515.70","507.45","512.10","1,358,007"
"29-Jun-2022","507.00","512.90","498.10","501.20","1,698,999"
"30-Jun-2022","497.70","502.90","495.00","495.95","1,706,703"
"01-Jul-2022","492.05","512.70","492.05","511.25","1,704,654"
"04-Jul-2022","511.95","526.90","511.25","525.00","2,119,912"
"05-Jul-2022","528.00","532.80","526.00","530.70","1,891,633"
"06-Jul-2022","530.60","544.75","521.10","542.95","2,355,807"
"07-Jul-2022","542.10","552.30","538.10","543.55","1,624,706"
"08-Jul-2022","545.00","548.45","540.60","543.90","759,628"
"11-Jul-2022","539.10","547.00","539.10","545.40","767,902"
"12-Jul-2022","539.05","545.00","539.05","543.45","383,407"
"13-Jul-2022","542.00","548.15","540.05","545.30","1,655,868"
"14-Jul-2022","545.90","552.00","544.05","549.25","1,608,306"
"15-Jul-2022","550.25","555.00","543.40","548.35","848,018"
"18-Jul-2022","550.00","553.60","542.15","550.10","1,156,564"
"19-Jul-2022","551.65","553.40","545.10","549.45","986,838"
"20-Jul-2022","552.00","560.00","550.20","558.25","2,544,134"
"21-Jul-2022","558.20","574.60","558.00","571.95","3,414,847"
"22-Jul-2022","574.75","577.90","567.60","576.30","2,036,934"
"25-Jul-2022","570.00","575.80","564.15","567.90","1,440,874"
"26-Jul-2022","565.60","568.10","556.25","558.25","1,549,359"
"27-Jul-2022","555.90","569.25","555.90","567.75","1,151,735"
"28-Jul-2022","568.50","577.90","568.05","572.70","1,914,336"
"29-Jul-2022","573.20","585.25","571.05","584.10","2,161,611"
"01-Aug-2022","584.10","585.55","576.50","580.80","993,023"
"02-Aug-2022","580.80","590.50","575.00","578.25","1,291,098"
"03-Aug-2022","578.00","579.35","565.60","569.80","1,793,491"
"04-Aug-2022","572.00","576.00","566.20","573.90","2,687,696"
"05-Aug-2022","573.90","582.55","573.00","579.15","1,455,945"
"08-Aug-2022","580.00","587.50","577.55","586.50","1,395,495"
"10-Aug-2022","588.95","591.45","580.95","584.95","1,222,405"
"11-Aug-2022","588.00","590.00","581.00","582.70","1,222,897"
"12-Aug-2022","582.00","586.55","573.25","581.60","1,418,557"
"16-Aug-2022","582.25","587.90","577.60","579.60","1,076,292"
"17-Aug-2022","580.00","586.00","576.20","584.95","1,524,111"
"18-Aug-2022","585.75","596.05","583.65","594.60","1,777,307"
"19-Aug-2022","597.80","602.00","586.05","587.20","2,461,951"
"22-Aug-2022","584.50","591.90","581.35","584.20","1,333,644"
"23-Aug-2022","579.20","591.95","579.00","588.10","1,186,601"
"24-Aug-2022","585.00","588.50","579.20","587.10","1,383,496"
"25-Aug-2022","588.50","589.55","578.00","579.70","1,563,845"
"26-Aug-2022","581.05","582.55","567.80","572.00","2,359,504"
"29-Aug-2022","564.95","580.80","563.85","573.05","2,612,374"
"30-Aug-2022","575.05","586.00","575.05","583.60","1,784,269"
"01-Sep-2022","565.05","574.55","565.05","569.60","3,042,496"
"02-Sep-2022","571.25","572.50","566.50","570.70","1,659,835"
"05-Sep-2022","572.15","574.05","568.05","570.10","686,752"
"06-Sep-2022","571.55","573.00","568.40","571.00","562,408"
"07-Sep-2022","569.95","574.70","569.05","572.35","485,140"
"08-Sep-2022","573.85","573.90","567.25","570.40","853,719"
"09-Sep-2022","577.85","577.85","569.50","574.90","965,576"
"12-Sep-2022","574.90","578.60","568.55","570.40","835,551"
"13-Sep-2022","572.95","573.90","569.80","571.00","827,907"
"14-Sep-2022","567.40","571.00","565.00","567.00","867,842"
"15-Sep-2022","569.85","569.85","560.20","563.45","1,225,198"
"16-Sep-2022","560.25","562.85","544.00","546.40","1,946,975"
"19-Sep-2022","549.15","550.80","540.30","548.15","685,828"
"20-Sep-2022","550.80","560.55","548.45","556.80","812,820"
"21-Sep-2022","556.80","568.70","554.70","561.50","1,660,482"
"22-Sep-2022","561.90","580.00","558.90","575.65","2,626,545"
"23-Sep-2022","575.70","576.85","567.55","568.55","1,156,625"
"26-Sep-2022","564.55","566.80","555.10","556.20","1,442,609"
"27-Sep-2022","559.00","565.45","557.05","560.50","1,734,629"
"28-Sep-2022","558.05","568.50","555.95","564.05","1,551,538"
"29-Sep-2022","566.90","578.15","563.90","575.75","2,309,452"
"30-Sep-2022","575.75","575.75","568.10","572.95","1,598,546"
"03-Oct-2022","571.60","577.85","555.00","557.15","1,606,325"
"04-Oct-2022","568.20","568.20","552.20","553.80","2,948,474"
"06-Oct-2022","557.50","557.50","544.50","546.40","2,675,443"
"07-Oct-2022","537.90","544.50","534.25","540.15","3,803,118"
"10-Oct-2022","534.00","537.80","526.55","529.10","3,601,832"
"11-Oct-2022","531.75","531.75","517.00","518.95","6,628,877"
"12-Oct-2022","518.95","538.85","518.95","533.60","3,197,008"
"13-Oct-2022","535.00","538.55","529.25","530.00","2,075,101"
"14-Oct-2022","535.00","535.00","527.00","531.35","1,518,166"
"17-Oct-2022","531.35","534.50","527.00","529.95","757,924"
"18-Oct-2022","531.55","533.50","528.70","531.35","1,247,608"
"19-Oct-2022","532.55","536.00","525.05","526.10","2,677,154"
"20-Oct-2022","525.00","537.50","522.00","535.95","2,273,116"
"21-Oct-2022","536.00","540.00","532.45","537.95","1,238,126"
"24-Oct-2022","540.35","541.00","534.50","536.85","164,839"
"25-Oct-2022","536.00","538.00","530.75","532.15","1,231,137"
"27-Oct-2022","541.50","551.30","536.00","549.05","5,098,267"
"28-Oct-2022","552.50","554.25","546.25","551.05","2,012,341"
"31-Oct-2022","553.35","558.50","550.20","554.70","1,517,302"
"01-Nov-2022","556.90","565.00","554.85","563.80","1,354,247"
"02-Nov-2022","565.95","566.40","558.50","562.25","936,356"
"03-Nov-2022","562.25","562.60","554.50","555.90","807,402"
"04-Nov-2022","557.40","560.40","554.15","557.50","620,438"
"07-Nov-2022","557.50","563.25","547.65","553.60","1,295,002"
"09-Nov-2022","555.00","560.35","549.00","554.15","883,098"
"10-Nov-2022","551.00","555.85","548.00","553.90","927,378"
"11-Nov-2022","556.70","559.50","550.20","553.10","1,331,351"
"14-Nov-2022","555.45","568.00","550.30","553.20","2,173,335"
"15-Nov-2022","555.20","556.00","542.00","550.75","1,939,642"
"16-Nov-2022","549.05","551.00","544.20","550.05","2,344,384"
"17-Nov-2022","548.25","553.80","545.65","551.90","2,201,076"
"18-Nov-2022","551.90","551.95","543.00","548.50","1,143,913"
"21-Nov-2022","547.45","551.95","544.20","550.80","1,022,010"
"22-Nov-2022","548.45","548.90","540.55","546.45","1,710,541"
"23-Nov-2022","546.10","552.50","544.00","551.40","1,450,395"
"24-Nov-2022","553.00","557.00","550.50","553.60","1,285,517"
"25-Nov-2022","555.00","557.50","547.70","556.55","815,285"
"28-Nov-2022","556.55","562.90","555.60","558.60","1,384,789"
"29-Nov-2022","559.85","598.30","558.10","593.10","11,072,058"
"30-Nov-2022","595.45","598.90","585.70","588.35","6,800,183"
"01-Dec-2022","589.50","591.60","586.10","586.80","2,181,957"
"02-Dec-2022","584.90","592.95","576.50","591.15","3,556,471"
"05-Dec-2022","591.00","592.50","582.85","587.10","3,137,533"
"06-Dec-2022","585.90","594.05","582.15","592.60","1,040,850"
"07-Dec-2022","601.00","610.75","598.35","602.25","6,182,504"
"08-Dec-2022","605.50","607.00","598.80","604.40","1,825,451"
"09-Dec-2022","606.80","609.55","594.00","598.75","1,253,564"
"12-Dec-2022","600.00","603.80","590.30","602.45","1,989,220"
"13-Dec-2022","603.20","604.85","593.00","594.20","1,713,097"
"14-Dec-2022","596.00","598.15","585.35","587.10","1,470,878"
"15-Dec-2022","585.65","590.00","582.30","586.90","993,549"
"16-Dec-2022","585.00","587.95","579.00","579.75","1,749,583"
"19-Dec-2022","578.00","589.80","574.05","589.05","2,060,993"
"20-Dec-2022","576.10","582.40","569.55","579.50","8,300,358"
"21-Dec-2022","582.35","586.60","574.65","577.25","2,308,329"
"22-Dec-2022","577.40","583.10","574.45","577.75","818,353"
"23-Dec-2022","572.30","575.50","562.95","565.85","1,890,316"
"26-Dec-2022","560.25","567.55","557.25","566.10","2,149,944"
"27-Dec-2022","568.00","577.30","566.15","573.50","756,651"
"28-Dec-2022","575.00","575.00","568.00","569.15","1,041,815"
"29-Dec-2022","568.50","569.95","559.75","560.95","1,761,390"
"30-Dec-2022","563.50","568.25","560.10","561.45","699,061"
"02-Jan-2023","561.45","563.45","558.10","561.55","564,453"
"03-Jan-2023","564.30","568.35","557.25","560.85","904,153"
"04-Jan-2023","562.50","564.50","557.80","559.85","1,223,101"
"05-Jan-2023","561.10","574.15","561.00","572.75","2,641,778"
"06-Jan-2023","573.15","573.95","548.50","552.85","2,789,534"
"09-Jan-2023","556.00","556.00","545.70","549.55","3,024,289"
"10-Jan-2023","550.20","555.20","547.50","554.60","1,156,889"
"11-Jan-2023","554.60","555.20","545.10","548.35","1,862,522"
"12-Jan-2023","547.80","549.30","541.90","544.95","1,973,109"
"13-Jan-2023","545.50","549.90","538.55","543.70","3,143,762"
"16-Jan-2023","545.20","553.80","543.05","553.05","1,120,373"
"17-Jan-2023","553.05","559.25","550.05","556.55","1,228,285"
"18-Jan-2023","556.45","559.95","554.00","557.60","676,706"
"19-Jan-2023","556.50","560.80","551.80","554.95","1,182,667"
"20-Jan-2023","554.05","568.50","551.10","566.00","2,511,076"
"23-Jan-2023","568.00","568.00","560.60","564.40","704,349"
"24-Jan-2023","565.65","569.50","561.25","566.95","611,251"
"25-Jan-2023","565.65","567.45","560.65","563.30","854,326"
"27-Jan-2023","564.35","567.50","556.25","562.05","1,373,950"
"30-Jan-2023","563.00","563.70","551.65","558.05","2,094,290"
"31-Jan-2023","559.40","559.70","553.45","557.75","2,302,382"
"01-Feb-2023","560.00","568.75","553.60","561.95","2,239,694"
"02-Feb-2023","557.50","560.95","546.50","554.45","1,698,846"
"03-Feb-2023","562.00","562.05","528.25","533.70","4,206,140"
"06-Feb-2023","533.70","546.45","530.25","544.70","2,259,398"
"07-Feb-2023","544.45","545.90","533.00","535.65","2,293,797"
"08-Feb-2023","535.65","537.00","529.20","533.95","1,629,050"
"09-Feb-2023","533.95","536.65","530.65","533.25","1,095,213"
"10-Feb-2023","533.25","533.95","530.30","532.40","913,857"
"13-Feb-2023","532.00","535.50","529.00","534.45","1,379,183"
"14-Feb-2023","535.00","538.35","529.55","530.00","1,728,878"
"15-Feb-2023","529.80","536.50","524.00","534.85","1,530,576"
"16-Feb-2023","535.85","538.95","533.00","535.60","1,400,865"
"17-Feb-2023","533.90","536.65","530.50","534.50","1,510,520"
"20-Feb-2023","534.95","536.25","529.65","535.00","1,462,577"
"21-Feb-2023","536.30","537.90","532.65","535.15","2,460,231"
"22-Feb-2023","535.50","535.50","529.60","533.20","922,754"
"23-Feb-2023","531.00","543.10","530.05","539.75","2,803,998"
"24-Feb-2023","540.90","541.25","534.00","534.90","1,375,098"
"27-Feb-2023","534.00","534.05","523.30","526.20","1,746,670"
"28-Feb-2023","526.50","535.00","522.25","532.60","2,330,523"
"01-Mar-2023","535.80","536.45","526.00","527.25","1,767,693"
"02-Mar-2023","528.90","530.80","525.45","530.10","1,215,381"
"03-Mar-2023","531.55","536.75","529.90","534.80","970,153"
"06-Mar-2023","536.10","539.10","533.10","537.00","1,070,128"
"08-Mar-2023","537.45","537.45","530.25","531.85","1,455,390"
"09-Mar-2023","531.00","533.15","526.00","526.65","1,585,845"
"10-Mar-2023","525.00","531.00","524.05","529.95","909,401"
"13-Mar-2023","527.50","529.85","520.00","523.55","1,409,053"
"14-Mar-2023","522.65","528.55","522.10","526.50","838,398"
"15-Mar-2023","526.25","529.10","518.60","521.85","3,297,110"
"16-Mar-2023","520.50","537.75","520.50","534.50","2,094,724"
"17-Mar-2023","536.10","539.25","532.35","536.15","1,400,977"
"20-Mar-2023","532.00","537.90","529.00","537.10","870,716"
"21-Mar-2023","537.95","539.85","531.15","532.30","1,645,563"
"22-Mar-2023","532.15","542.00","531.20","540.15","784,791"
"23-Mar-2023","540.95","544.45","536.60","539.40","1,927,951"
"24-Mar-2023","536.20","540.00","535.00","536.40","639,799"
"27-Mar-2023","534.20","546.00","534.20","541.45","1,319,154"
"28-Mar-2023","539.00","542.75","532.00","533.80","1,173,081"
"29-Mar-2023","533.00","537.50","529.20","535.65","1,804,819"
"31-Mar-2023","536.95","548.00","536.95","544.90","1,361,128"
"03-Apr-2023","547.50","549.95","543.05","547.60","2,436,530"
"05-Apr-2023","555.00","555.05","541.85","548.05","1,737,173"
"06-Apr-2023","547.80","548.05","525.00","525.90","3,766,812"
"10-Apr-2023","527.90","528.00","521.20","523.20","1,618,940"
"11-Apr-2023","523.70","526.65","519.70","521.85","3,509,174"
"12-Apr-2023","522.00","522.00","515.45","517.65","2,122,535"
"13-Apr-2023","519.00","527.80","514.20","527.15","8,617,033"
"17-Apr-2023","529.95","529.95","521.55","524.10","1,555,572"
"18-Apr-2023","524.65","524.85","519.25","520.90","2,893,384"
"19-Apr-2023","520.00","520.70","517.45","520.05","1,138,035"
"20-Apr-2023","520.05","526.25","518.80","525.30","2,688,238"
"21-Apr-2023","525.40","528.35","523.70","525.15","1,242,615"
"24-Apr-2023","526.40","527.50","520.75","524.85","2,399,145"
"25-Apr-2023","522.50","528.70","520.20","526.40","965,836"
"26-Apr-2023","526.20","534.95","526.00","533.65","2,552,760"
"27-Apr-2023","534.65","534.85","528.05","530.40","1,298,338"
"28-Apr-2023","531.00","534.75","528.75","532.90","2,032,847"
"02-May-2023","535.00","537.15","532.05","536.45","1,099,379"
"03-May-2023","538.90","541.50","535.95","537.95","2,882,258"
"04-May-2023","539.40","540.85","528.20","530.40","4,124,229"
"05-May-2023","517.50","527.00","503.65","505.00","6,512,813"
"08-May-2023","508.00","515.00","506.05","513.90","2,707,182"
"09-May-2023","515.85","518.65","514.55","517.90","1,447,224"
"10-May-2023","518.95","518.95","509.10","514.30","2,751,302"
"11-May-2023","514.60","521.00","512.45","520.20","1,959,951"
"12-May-2023","520.90","522.40","517.15","518.35","1,542,764"
"15-May-2023","518.00","533.95","513.65","533.05","3,666,778"
"16-May-2023","535.00","535.85","530.00","530.75","1,530,503"
"17-May-2023","530.00","530.40","519.60","523.95","2,511,945"
"18-May-2023","527.45","527.45","522.00","523.45","1,579,098"
"19-May-2023","525.85","525.90","517.00","519.10","1,402,249"
"22-May-2023","518.90","525.20","515.40","522.25","1,305,271"
"23-May-2023","523.00","526.50","520.00","525.75","1,500,934"
"24-May-2023","526.80","528.50","522.25","526.70","2,304,274"
"25-May-2023","526.70","533.55","525.55","530.15","2,297,300"
"26-May-2023","529.55","543.70","528.50","542.10","2,184,804"
"29-May-2023","545.95","550.00","542.40","548.35","2,215,580"
"30-May-2023","550.00","552.90","546.70","549.90","2,023,557"
"31-May-2023","548.50","558.00","546.05","555.40","4,905,059"
"01-Jun-2023","555.45","563.90","553.25","556.90","1,385,234"
"02-Jun-2023","557.50","560.00","555.85","557.20","1,166,828"
"05-Jun-2023","558.55","563.00","551.55","552.25","1,570,130"
"06-Jun-2023","553.55","554.35","541.55","547.50","2,685,928"
"07-Jun-2023","548.95","558.20","546.20","556.50","2,718,117"
"08-Jun-2023","559.00","560.00","551.30","552.10","1,650,679"
"09-Jun-2023","555.65","556.50","546.60","549.95","2,146,305"
"12-Jun-2023","549.00","555.70","546.65","553.60","1,007,065"
"13-Jun-2023","553.60","562.90","551.30","560.45","2,644,392"
"14-Jun-2023","561.00","563.50","557.75","562.35","1,577,846"
"15-Jun-2023","562.35","570.50","561.55","569.05","2,246,105"
"16-Jun-2023","573.00","573.00","565.25","570.90","2,022,971"
"19-Jun-2023","571.10","573.00","566.65","569.15","1,114,637"
"20-Jun-2023","567.35","572.90","563.10","572.10","1,068,183"
"21-Jun-2023","572.00","575.50","564.80","567.10","1,632,121"
"22-Jun-2023","567.10","569.05","560.05","562.65","1,815,315"
"23-Jun-2023","560.00","565.75","556.00","563.35","1,536,193"
"26-Jun-2023","560.15","570.00","560.15","569.55","825,926"
"27-Jun-2023","569.00","571.70","564.05","570.60","1,900,084"
"28-Jun-2023","571.00","575.90","568.70","574.10","2,195,767"
"30-Jun-2023","573.00","578.00","569.30","572.95","1,993,618"
"03-Jul-2023","574.95","583.85","573.10","582.25","1,375,594"
"04-Jul-2023","584.00","586.10","577.40","579.65","730,709"
"05-Jul-2023","579.20","595.85","576.60","592.45","1,607,408"
"06-Jul-2023","592.45","597.10","586.80","591.95","1,116,191"
"07-Jul-2023","596.00","596.25","570.65","572.20","3,008,774"
"10-Jul-2023","572.25","576.15","566.00","572.70","1,999,303"
"11-Jul-2023","575.75","582.40","573.00","581.65","1,212,325"
"12-Jul-2023","583.95","585.85","578.85","583.40","1,388,783"
"13-Jul-2023","584.00","585.70","576.50","577.70","793,507"
"14-Jul-2023","577.65","588.00","576.80","586.50","1,133,717"
"17-Jul-2023","588.65","594.75","580.90","582.25","1,721,733"
"18-Jul-2023","582.20","582.20","573.05","577.00","1,492,660"
"19-Jul-2023","577.00","581.05","573.65","574.55","607,767"
"20-Jul-2023","574.55","580.00","570.05","578.50","1,538,931"
"21-Jul-2023","572.00","577.25","564.05","565.20","3,010,552"
"24-Jul-2023","565.20","571.95","559.25","565.30","2,410,138"
"25-Jul-2023","566.95","569.60","563.10","568.35","594,176"
"26-Jul-2023","570.45","576.05","568.20","575.00","1,273,253"
"27-Jul-2023","576.80","578.95","572.00","573.80","2,005,022"
"28-Jul-2023","572.25","582.85","570.00","581.70","1,812,535"
"31-Jul-2023","575.00","579.95","572.60","575.60","1,156,926"
"01-Aug-2023","575.80","578.30","567.50","568.75","1,334,010"
"02-Aug-2023","568.10","568.90","561.75","565.65","1,868,482"
"03-Aug-2023","556.75","562.00","545.65","555.05","5,441,318"
"04-Aug-2023","564.00","593.75","563.80","569.70","7,508,691"
"07-Aug-2023","566.05","567.80","558.10","565.30","1,988,682"
"08-Aug-2023","564.90","567.10","558.55","562.40","1,956,590"
"09-Aug-2023","562.30","572.95","561.00","572.15","1,130,663"
"10-Aug-2023","572.45","579.45","569.00","571.55","1,310,628"
"11-Aug-2023","571.50","571.75","562.00","563.15","1,198,557"
"14-Aug-2023","563.00","567.75","556.00","564.85","1,300,882"
"16-Aug-2023","562.10","566.35","559.50","565.35","641,032"
"17-Aug-2023","563.75","565.35","556.40","561.20","2,172,788"
"18-Aug-2023","560.90","567.95","558.30","565.50","1,108,955"
"21-Aug-2023","563.50","568.55","562.05","567.75","1,138,890"
"22-Aug-2023","566.00","577.95","565.25","574.75","1,750,504"
"23-Aug-2023","575.65","575.80","565.75","567.30","1,933,561"
"24-Aug-2023","570.95","570.95","564.05","564.90","740,364"
"25-Aug-2023","561.25","568.65","557.05","558.05","2,083,408"
"28-Aug-2023","558.15","559.85","551.70","554.15","1,481,763"
"29-Aug-2023","553.55","553.90","546.10","550.15","2,642,866"
"30-Aug-2023","553.95","555.85","552.00","554.90","845,829"
"31-Aug-2023","554.90","557.45","546.50","553.10","4,736,298"
"01-Sep-2023","551.50","555.95","550.40","553.35","924,117"
"04-Sep-2023","554.15","560.00","551.05","557.90","944,485"
"05-Sep-2023","560.00","562.90","558.00","559.85","992,447"
"06-Sep-2023","559.75","563.00","558.70","561.55","635,877"
"07-Sep-2023","561.55","568.75","561.55","566.00","1,352,944"
"08-Sep-2023","566.00","568.90","563.55","567.10","695,069"
"11-Sep-2023","567.25","571.25","566.95","569.70","690,033"
"12-Sep-2023","571.00","572.95","561.65","565.70","1,086,960"
"13-Sep-2023","563.60","566.70","560.20","565.50","1,206,619"
"14-Sep-2023","564.10","569.40","563.15","567.45","998,731"
"15-Sep-2023","568.05","569.20","560.50","565.50","2,463,912"
"18-Sep-2023","571.00","576.60","563.25","565.65","1,469,701"
"20-Sep-2023","565.00","565.40","554.25","561.15","2,487,342"
"21-Sep-2023","559.75","561.40","553.55","560.15","2,150,267"
"22-Sep-2023","559.45","564.90","557.55","561.30","956,641"
"25-Sep-2023","561.30","563.00","552.80","554.30","1,426,546"
"26-Sep-2023","554.25","557.95","553.05","555.45","1,290,222"
"27-Sep-2023","555.05","562.05","553.70","561.00","1,375,349"
"28-Sep-2023","561.00","561.85","545.55","547.25","2,182,058"
"29-Sep-2023","548.90","552.90","546.75","551.60","838,408"
"03-Oct-2023","555.20","555.50","546.10","553.60","1,924,677"
"04-Oct-2023","552.00","557.20","550.60","555.35","1,096,308"
"05-Oct-2023","555.35","558.00","547.45","550.75","1,509,964"
"06-Oct-2023","551.00","551.90","545.80","547.15","1,061,490"
"09-Oct-2023","543.15","545.20","540.10","541.75","1,076,708"
"10-Oct-2023","544.95","545.40","541.75","543.85","814,992"
"11-Oct-2023","544.45","546.70","543.10","543.75","1,039,964"
"12-Oct-2023","545.45","546.20","538.80","541.00","903,301"
"13-Oct-2023","541.90","542.45","536.50","538.85","1,607,850"
"16-Oct-2023","538.00","538.95","534.55","536.95","1,807,237"
"17-Oct-2023","537.10","543.00","536.00","540.25","2,040,439"
"18-Oct-2023","538.15","540.80","533.35","534.00","1,251,181"
"19-Oct-2023","525.00","528.35","520.50","525.65","4,093,512"
"20-Oct-2023","523.00","526.25","516.00","524.80","7,600,488"
"23-Oct-2023","524.80","526.00","518.65","521.35","1,535,943"
"25-Oct-2023","517.30","525.00","516.30","517.90","2,014,418"
"26-Oct-2023","517.90","517.90","504.10","508.45","2,400,780"
"27-Oct-2023","510.90","525.85","509.05","524.55","2,125,985"
"30-Oct-2023","524.50","524.70","521.70","523.45","1,711,768"
"31-Oct-2023","524.60","531.05","522.25","528.90","1,687,120"
"01-Nov-2023","530.50","532.00","516.20","517.10","2,712,123"
"02-Nov-2023","519.75","533.50","517.35","530.40","1,919,439"
"03-Nov-2023","534.10","537.85","531.40","535.50","1,337,219"
"06-Nov-2023","536.90","539.55","533.35","537.95","478,913"
"07-Nov-2023","539.00","539.90","532.85","536.10","823,342"
"08-Nov-2023","538.70","539.80","533.40","539.25","776,461"
"09-Nov-2023","540.00","540.00","533.00","534.85","1,366,713"
"10-Nov-2023","532.65","535.00","526.70","533.35","1,361,649"
"12-Nov-2023","535.00","537.05","534.00","535.60","88,683"
"13-Nov-2023","535.50","535.80","525.95","530.10","979,880"
"15-Nov-2023","523.05","527.50","516.70","526.00","3,398,705"
"16-Nov-2023","532.25","535.40","526.20","534.90","1,612,231"
"17-Nov-2023","535.80","542.60","531.65","540.70","1,512,369"
"20-Nov-2023","540.70","545.45","537.20","543.20","1,910,044"
"21-Nov-2023","545.65","545.65","539.25","540.85","1,379,849"
"22-Nov-2023","540.70","541.95","537.55","541.00","680,568"
"23-Nov-2023","541.00","542.00","535.25","540.35","800,753"
"24-Nov-2023","542.00","542.10","536.00","537.35","440,877"
"28-Nov-2023","536.50","537.35","531.05","533.80","2,251,292"
"29-Nov-2023","533.80","536.05","532.00","534.60","1,815,670"
"30-Nov-2023","534.60","540.40","533.00","538.05","3,167,951"
"01-Dec-2023","540.00","544.40","537.70","541.15","1,584,387"
"04-Dec-2023","544.90","548.90","541.70","547.00","2,125,643"
"05-Dec-2023","548.95","552.50","546.80","552.00","1,748,869"
"06-Dec-2023","554.75","554.90","549.30","550.05","1,028,497"
"07-Dec-2023","550.05","550.95","537.45","545.80","1,150,700"
"08-Dec-2023","548.90","556.25","545.80","547.50","2,453,675"
"11-Dec-2023","548.00","551.35","545.05","550.50","1,278,433"
"12-Dec-2023","550.50","553.60","546.70","549.00","1,418,773"
"13-Dec-2023","547.55","549.35","543.10","547.55","1,628,806"
"14-Dec-2023","548.70","549.70","544.60","547.45","2,078,199"
"15-Dec-2023","547.95","548.00","537.25","539.70","2,655,593"
"18-Dec-2023","539.70","543.05","537.30","540.50","2,700,975"
"19-Dec-2023","541.45","551.50","539.70","548.20","2,155,547"
"20-Dec-2023","550.00","551.40","532.30","534.95","3,685,894"
"21-Dec-2023","533.25","534.00","527.05","530.25","6,150,231"
"22-Dec-2023","531.95","532.65","526.50","529.30","3,869,597"
"26-Dec-2023","530.00","534.80","529.00","530.60","1,655,240"
"27-Dec-2023","531.00","536.05","530.05","534.35","3,308,899"
"28-Dec-2023","534.55","545.75","534.35","543.10","3,512,802"
"29-Dec-2023","544.75","560.00","543.65","557.20","4,120,332"
"01-Jan-2024","560.00","563.00","555.00","557.45","1,417,550"
"02-Jan-2024","559.45","562.35","551.35","556.85","1,201,767"
"03-Jan-2024","557.00","562.70","546.60","551.10","2,733,401"
"04-Jan-2024","554.65","567.30","550.90","566.25","3,064,476"
"05-Jan-2024","571.00","571.65","564.50","569.05","2,834,989"
"08-Jan-2024","572.50","572.50","551.00","553.25","2,152,367"
"09-Jan-2024","555.00","556.00","546.20","547.85","2,107,464"
"10-Jan-2024","548.85","551.40","542.30","547.35","1,758,621"
"11-Jan-2024","549.60","556.00","548.45","552.00","2,089,001"
"12-Jan-2024","552.00","552.95","548.00","549.70","1,029,614"
"15-Jan-2024","551.00","557.50","548.25","554.15","1,524,201"
"16-Jan-2024","556.15","561.90","552.95","558.80","2,027,207"
"17-Jan-2024","557.85","557.85","546.10","549.45","2,075,918"
"18-Jan-2024","546.20","549.95","535.35","539.45","1,520,695"
"19-Jan-2024","543.25","543.95","539.55","542.30","1,965,102"
"20-Jan-2024","543.00","545.25","535.65","538.40","458,895"
"23-Jan-2024","544.40","544.40","522.60","524.80","2,256,565"
"24-Jan-2024","525.75","537.40","522.20","536.60","914,551"
"25-Jan-2024","536.60","537.55","529.05","531.60","924,085"
"29-Jan-2024","515.00","535.95","515.00","534.25","1,316,110"
"30-Jan-2024","534.25","537.70","533.25","535.95","1,603,876"
"31-Jan-2024","535.95","545.60","534.00","539.60","3,475,918"
"01-Feb-2024","547.00","575.50","547.00","554.40","11,117,689"
"02-Feb-2024","554.50","559.00","539.75","544.65","3,318,354"
"05-Feb-2024","543.00","544.80","532.30","533.65","1,417,520"
"06-Feb-2024","534.25","537.40","531.25","532.70","1,247,440"
"07-Feb-2024","533.15","538.45","530.65","537.40","1,784,199"
"08-Feb-2024","539.70","541.00","532.00","533.95","1,488,521"
"09-Feb-2024","534.90","540.00","528.65","539.20","1,786,915"
"12-Feb-2024","539.20","543.75","535.40","536.55","1,454,041"
"13-Feb-2024","536.35","539.90","531.15","538.75","725,665"
"14-Feb-2024","533.55","545.25","533.25","544.30","828,939"
"15-Feb-2024","545.95","547.35","540.90","544.20","1,006,711"
"16-Feb-2024","545.10","547.85","541.00","544.50","839,405"
"19-Feb-2024","545.00","550.20","540.25","547.65","1,353,397"
"20-Feb-2024","551.20","551.20","543.00","547.55","1,057,848"
"21-Feb-2024","547.60","549.85","544.35","546.30","1,636,393"
"22-Feb-2024","546.50","546.50","538.65","541.60","1,264,327"
"23-Feb-2024","542.10","544.55","534.25","535.30","1,160,683"
"26-Feb-2024","534.15","537.10","526.85","529.25","1,180,365"
"27-Feb-2024","527.90","538.20","526.00","535.60","2,954,271"
"28-Feb-2024","535.35","541.45","531.90","536.25","2,697,005"
"29-Feb-2024","536.30","539.35","532.30","538.15","2,453,976"
"01-Mar-2024","538.15","544.95","538.15","541.10","762,406"
"02-Mar-2024","541.15","542.00","536.10","538.60","112,240"
"04-Mar-2024","538.00","539.70","531.80","537.30","2,030,164"
"05-Mar-2024","535.15","536.80","533.05","534.75","1,464,768"
"06-Mar-2024","534.80","536.00","528.25","531.50","1,082,367"
"07-Mar-2024","531.50","537.75","530.50","535.25","894,981"
"11-Mar-2024","535.25","538.40","531.60","533.40","984,138"
"12-Mar-2024","530.55","532.30","525.85","529.00","1,011,782"
"13-Mar-2024","529.55","531.40","515.80","519.95","2,666,699"
"14-Mar-2024","517.00","530.80","516.15","529.65","2,047,715"
"15-Mar-2024","528.95","530.35","524.25","526.55","1,710,825"
"18-Mar-2024","526.55","526.55","521.10","523.60","1,247,334"
"19-Mar-2024","523.25","530.00","516.55","518.35","2,071,489"
"20-Mar-2024","518.35","521.20","512.00","520.20","925,067"
"21-Mar-2024","522.25","525.65","518.50","523.95","973,386"
"22-Mar-2024","524.00","527.35","519.00","520.80","1,072,318"
"26-Mar-2024","512.60","522.25","512.60","521.10","1,961,179"
"27-Mar-2024","524.00","524.40","519.10","521.65","2,638,465"
"28-Mar-2024","522.00","526.00","517.75","523.15","2,312,982"
"01-Apr-2024","523.50","530.60","523.50","529.15","847,682"
"02-Apr-2024","529.15","532.55","527.65","531.60","1,175,093"
"03-Apr-2024","530.90","532.40","528.60","531.00","1,176,084"
"04-Apr-2024","531.00","531.95","502.30","506.05","10,445,923"
"05-Apr-2024","510.00","510.00","504.00","507.90","7,615,006"
"08-Apr-2024","508.05","509.85","502.20","503.05","3,602,540"
"09-Apr-2024","506.50","508.50","502.50","503.15","2,217,268"
"10-Apr-2024","505.00","506.95","502.25","506.25","1,978,008"
"12-Apr-2024","507.00","507.65","499.10","500.60","4,166,549"
"15-Apr-2024","495.90","497.00","489.20","495.20","3,600,795"
"16-Apr-2024","495.20","505.60","492.35","503.90","2,928,056"
"18-Apr-2024","505.75","507.95","501.00","503.85","2,604,037"
"19-Apr-2024","501.60","505.80","496.05","504.20","2,183,936"
"22-Apr-2024","507.40","508.00","503.30","506.15","1,208,372"
"23-Apr-2024","507.10","510.45","505.20","507.15","1,904,186"
"24-Apr-2024","509.90","510.30","507.65","509.45","1,855,798"
"25-Apr-2024","509.50","510.25","504.15","506.45","1,022,931"
"26-Apr-2024","507.35","511.55","505.30","509.00","1,372,205"
"29-Apr-2024","512.40","512.80","506.00","506.70","1,373,441"
"30-Apr-2024","509.00","512.40","505.15","507.75","2,092,290"
"02-May-2024","508.00","536.05","508.00","525.30","7,092,006"
"03-May-2024","536.25","538.00","524.00","531.75","7,008,370"
"06-May-2024","535.00","535.50","524.25","530.80","3,172,072"
"07-May-2024","533.55","566.90","531.30","558.45","14,721,222"
"08-May-2024","558.45","561.95","554.10","556.60","4,085,815"
"09-May-2024","556.60","564.95","550.45","552.80","5,305,923"
"10-May-2024","550.95","551.95","540.35","550.80","2,521,438"
"13-May-2024","550.80","553.20","543.70","550.25","3,067,643"
"14-May-2024","550.25","562.70","550.25","554.55","2,872,594"
"15-May-2024","554.55","555.00","543.00","545.85","2,436,198"
"16-May-2024","547.65","549.40","534.70","542.05","3,864,351"
"17-May-2024","543.20","544.00","535.00","535.80","1,642,503"
"18-May-2024","539.45","545.20","535.00","540.00","140,424"
"21-May-2024","538.10","541.00","533.60","539.35","1,388,390"
"22-May-2024","543.00","555.90","538.80","554.00","4,319,988"
"23-May-2024","556.00","562.00","551.65","559.95","2,924,910"
"24-May-2024","559.00","564.90","554.05","558.10","2,805,803"
"27-May-2024","559.85","571.00","559.80","567.40","3,169,943"
"28-May-2024","570.00","578.90","564.55","570.80","4,429,603"
"29-May-2024","570.80","570.80","553.05","555.45","2,620,387"
"30-May-2024","555.45","557.40","549.35","551.15","1,591,522"
"31-May-2024","552.05","554.50","540.55","545.10","11,192,196"
"03-Jun-2024","560.00","561.20","543.00","544.80","2,836,670"
"04-Jun-2024","548.45","584.45","536.75","578.20","17,458,506"
"05-Jun-2024","585.00","633.40","584.50","600.25","21,568,184"
"06-Jun-2024","600.25","605.30","582.05","597.20","7,598,586"
"07-Jun-2024","599.45","614.80","598.15","613.10","5,429,725"
"10-Jun-2024","604.20","627.45","604.20","619.85","5,180,578"
"11-Jun-2024","619.85","622.95","608.00","613.45","3,728,825"
"12-Jun-2024","614.15","623.00","611.75","619.50","4,528,718"
"13-Jun-2024","612.00","614.55","588.15","609.65","7,963,596"
"14-Jun-2024","610.95","618.80","606.00","608.65","1,975,440"
"18-Jun-2024","608.10","613.75","598.00","600.20","4,304,663"
"19-Jun-2024","602.00","603.10","594.00","598.55","1,703,051"
"20-Jun-2024","598.50","604.90","595.00","600.75","2,886,298"
"21-Jun-2024","601.00","603.90","588.55","589.95","3,868,601"
"24-Jun-2024","590.75","602.45","588.85","599.75","1,774,168"
"25-Jun-2024","603.80","603.95","592.50","593.35","1,791,877"
"26-Jun-2024","591.40","603.00","590.30","601.80","2,230,523"
"27-Jun-2024","602.00","606.00","595.05","599.30","2,405,121"
"28-Jun-2024","601.80","609.65","597.65","600.70","1,710,529"
"01-Jul-2024","600.70","613.25","600.70","610.95","2,469,588"
"02-Jul-2024","616.80","616.80","602.00","602.80","3,919,339"
"03-Jul-2024","607.00","613.30","605.00","609.70","1,786,017"
"04-Jul-2024","609.80","613.60","605.05","605.95","2,277,423"
"05-Jul-2024","604.00","607.95","603.25","606.45","879,215"
"08-Jul-2024","610.40","633.00","610.40","623.45","7,279,634"
"09-Jul-2024","622.05","633.40","618.05","630.20","2,665,679"
"10-Jul-2024","630.00","637.25","619.55","631.70","2,882,570"
"11-Jul-2024","635.80","635.80","623.80","629.35","1,588,742"
"12-Jul-2024","633.90","633.90","626.00","630.00","1,630,043"
"15-Jul-2024","632.90","638.95","630.15","632.40","1,091,279"
"16-Jul-2024","634.00","648.70","630.00","640.95","2,960,104"
"18-Jul-2024","640.95","651.00","639.25","644.85","3,161,993"
"19-Jul-2024","645.00","647.20","631.65","632.90","2,176,993"
"22-Jul-2024","628.25","639.85","627.20","636.65","1,365,836"
"23-Jul-2024","639.90","662.35","632.10","652.30","7,195,533"
"24-Jul-2024","650.00","650.00","618.05","634.15","8,340,915"
"25-Jul-2024","625.50","636.45","625.00","631.20","1,831,371"
"26-Jul-2024","631.20","635.25","625.10","632.45","1,469,979"
"29-Jul-2024","635.85","643.15","631.05","641.10","2,240,896"
"30-Jul-2024","641.05","648.85","632.50","633.90","3,020,230"
"31-Jul-2024","636.95","640.75","630.00","635.70","2,769,613"
"01-Aug-2024","638.90","655.85","636.75","643.50","6,852,547"
"02-Aug-2024","643.50","650.00","625.00","627.55","4,123,973"
"05-Aug-2024","615.00","640.00","614.05","634.00","4,771,981"
"06-Aug-2024","638.00","643.00","627.00","629.15","1,854,542"
"07-Aug-2024","631.20","641.30","631.20","639.25","1,788,865"
"08-Aug-2024","639.00","641.80","634.65","637.45","1,528,269"
"09-Aug-2024","641.60","642.20","622.10","623.95","2,679,620"
"12-Aug-2024","626.90","627.25","615.75","620.35","1,139,283"
"13-Aug-2024","620.60","624.25","602.70","605.85","2,691,122"
"14-Aug-2024","609.90","609.90","598.60","604.40","2,012,408"
"16-Aug-2024","606.35","618.50","604.40","617.60","1,259,712"
"19-Aug-2024","618.00","624.90","614.85","621.30","2,332,398"
"20-Aug-2024","625.40","625.45","617.05","623.10","1,340,039"
"21-Aug-2024","624.90","635.95","617.95","634.35","2,105,395"
"22-Aug-2024","637.00","647.70","632.10","646.15","3,452,342"
"23-Aug-2024","647.90","651.20","640.85","643.25","3,461,642"
"26-Aug-2024","646.00","655.40","640.90","654.55","2,940,223"
"27-Aug-2024","655.00","655.00","641.65","643.40","1,428,673"
"28-Aug-2024","645.95","649.50","638.00","644.40","1,149,783"
"29-Aug-2024","644.00","647.90","638.60","644.15","1,071,747"
"30-Aug-2024","644.00","645.55","636.10","637.15","3,304,453"
"02-Sep-2024","637.80","644.65","634.45","636.65","745,420"
"03-Sep-2024","636.65","648.50","635.25","638.20","1,775,357"
"04-Sep-2024","638.05","651.55","634.20","650.05","3,104,663"
"05-Sep-2024","655.00","655.00","642.65","644.80","2,131,132"
"06-Sep-2024","644.00","653.70","643.35","644.40","1,910,995"
"09-Sep-2024","645.00","664.90","644.05","662.35","6,213,572"
"10-Sep-2024","669.35","669.90","662.35","665.25","4,126,339"
"11-Sep-2024","668.00","671.50","662.00","663.90","3,134,456"
"12-Sep-2024","663.95","669.50","663.00","664.75","2,222,824"
"13-Sep-2024","665.65","667.70","651.25","660.90","2,559,794"
"16-Sep-2024","660.00","667.85","658.25","661.35","806,885"
"17-Sep-2024","661.35","672.00","656.40","660.15","1,793,296"
"18-Sep-2024","660.00","662.30","650.55","654.40","1,465,661"
"19-Sep-2024","655.00","666.80","654.40","664.70","1,768,324"
"20-Sep-2024","668.95","669.95","662.10","667.55","1,798,471"
"23-Sep-2024","668.00","671.50","656.30","661.05","1,684,518"
"24-Sep-2024","660.00","666.00","652.40","655.85","1,881,683"
"25-Sep-2024","651.00","653.95","622.15","627.00","7,092,888"
"26-Sep-2024","627.05","628.40","620.60","625.75","2,581,456"
"27-Sep-2024","628.00","634.80","622.00","633.00","4,628,215"
"30-Sep-2024","633.00","635.80","623.35","625.20","2,475,507"
"01-Oct-2024","626.00","629.75","614.00","619.00","1,095,384"
"03-Oct-2024","580.35","595.80","571.00","580.20","18,729,275"
"04-Oct-2024","584.75","585.00","571.05","572.45","4,745,480"
"07-Oct-2024","575.00","581.15","562.00","569.40","4,723,935"
"08-Oct-2024","571.50","572.65","564.70","567.35","3,261,216"
"09-Oct-2024","567.75","571.95","563.20","565.05","3,580,212"
"10-Oct-2024","567.00","576.40","564.20","571.70","2,379,978"
"11-Oct-2024","574.50","574.95","569.20","570.85","1,276,108"
"14-Oct-2024","570.85","575.15","566.00","567.30","1,902,352"
"15-Oct-2024","568.00","572.90","567.30","571.00","1,687,923"
"16-Oct-2024","572.90","579.35","570.50","578.30","2,647,660"
"17-Oct-2024","578.00","579.10","572.00","572.55","1,838,328"
"18-Oct-2024","571.50","572.10","564.95","571.40","2,159,572"
"21-Oct-2024","571.00","575.00","566.10","568.20","1,511,359"
"22-Oct-2024","565.60","571.75","556.00","559.10","1,510,177"
"23-Oct-2024","558.00","562.90","556.05","558.70","1,233,395"
"24-Oct-2024","555.80","558.00","535.25","541.00","3,076,408"
"25-Oct-2024","545.30","545.30","536.35","538.70","1,506,493"
"28-Oct-2024","540.00","558.50","537.10","553.70","1,750,115"
"29-Oct-2024","553.70","554.00","532.85","535.85","5,088,807"
"30-Oct-2024","539.00","551.90","536.00","546.65","5,828,617"
"31-Oct-2024","538.05","548.95","533.00","540.00","3,001,455"
"01-Nov-2024","541.70","545.15","540.35","542.55","159,703"
"04-Nov-2024","545.05","545.40","531.65","534.95","2,308,784"
"05-Nov-2024","535.05","536.85","528.70","534.85","2,117,262"
"06-Nov-2024","536.00","543.40","535.35","539.60","2,368,331"
"07-Nov-2024","541.35","544.15","532.30","534.50","1,695,158"
"08-Nov-2024","532.35","535.00","528.60","531.50","1,458,407"
"11-Nov-2024","530.00","531.40","520.35","522.75","1,589,666"
"12-Nov-2024","522.80","524.15","509.50","510.50","4,775,306"
"13-Nov-2024","511.35","514.20","507.30","510.85","2,253,481"
"14-Nov-2024","510.85","513.95","502.65","508.10","2,083,472"
"18-Nov-2024","509.10","509.60","499.00","508.50","3,329,177"
"19-Nov-2024","511.00","514.50","506.15","508.20","2,126,926"
"21-Nov-2024","508.50","509.40","502.40","505.75","1,771,693"
"22-Nov-2024","506.65","515.10","504.40","513.00","1,050,913"
"25-Nov-2024","516.35","528.15","515.20","521.50","4,146,364"
"26-Nov-2024","524.00","529.90","519.40","525.35","894,410"
"27-Nov-2024","519.95","529.20","519.45","527.50","1,722,809"
"28-Nov-2024","529.85","534.35","524.00","526.00","1,554,564"
"29-Nov-2024","518.25","529.65","518.25","527.15","2,225,080"
"02-Dec-2024","522.50","528.00","520.70","523.90","1,510,906"
"03-Dec-2024","523.90","529.05","521.00","522.55","3,691,025"
"04-Dec-2024","524.00","527.25","520.00","522.80","2,515,588"
"05-Dec-2024","525.00","527.30","516.65","523.15","2,760,858"
"06-Dec-2024","525.00","525.85","520.25","523.80","1,663,402"
"09-Dec-2024","519.00","520.75","503.20","506.85","6,086,175"
"10-Dec-2024","507.95","511.70","504.35","506.95","3,425,754"
"11-Dec-2024","507.00","511.25","505.10","508.35","3,602,452"
"12-Dec-2024","510.00","512.00","505.75","506.65","3,491,848"
"13-Dec-2024","506.65","514.30","499.50","512.80","2,205,228"
"16-Dec-2024","514.05","516.00","509.05","509.95","1,041,908"
"17-Dec-2024","509.00","510.30","504.10","505.40","2,821,249"
"18-Dec-2024","507.95","508.95","502.45","505.40","2,300,294"
"19-Dec-2024","503.00","505.40","499.50","503.95","1,583,630"
"20-Dec-2024","504.00","508.30","500.00","502.55","3,228,278"
"23-Dec-2024","502.70","511.00","500.90","509.50","1,777,848"
"24-Dec-2024","512.00","515.95","507.75","509.95","3,207,041"
"26-Dec-2024","510.45","511.50","504.05","505.60","2,088,931"
"27-Dec-2024","506.50","509.70","504.05","507.15","1,299,653"
"30-Dec-2024","507.00","509.80","503.10","505.25","4,298,784"
"31-Dec-2024","505.30","509.00","502.30","507.00","812,765"
"01-Jan-2025","506.90","512.50","506.50","510.95","1,065,540"
"02-Jan-2025","510.95","515.50","507.75","513.35","1,720,007"
"03-Jan-2025","515.00","529.00","514.05","524.90","3,814,344"
"06-Jan-2025","522.30","522.50","501.10","504.85","5,026,479"
"07-Jan-2025","508.00","512.75","503.10","508.85","2,248,836"
"08-Jan-2025","509.80","514.85","505.30","513.75","1,666,424"
"09-Jan-2025","514.00","530.90","511.55","521.15","4,084,746"
"10-Jan-2025","519.00","522.95","514.05","517.90","2,316,135"
"13-Jan-2025","515.95","519.55","509.50","510.75","2,857,732"
"14-Jan-2025","512.20","520.85","510.15","512.50","2,539,143"
"15-Jan-2025","513.00","516.45","510.20","515.50","1,959,656"
"16-Jan-2025","518.00","523.70","514.85","522.40","2,718,298"
"17-Jan-2025","521.50","531.85","516.00","526.05","2,943,339"
"20-Jan-2025","528.65","529.00","520.95","521.60","1,536,752"
"21-Jan-2025","522.05","528.90","519.50","521.25","2,258,554"
"22-Jan-2025","521.25","524.60","517.70","520.50","1,532,395"
"23-Jan-2025","518.10","526.70","515.15","524.60","698,448"
"24-Jan-2025","524.65","527.00","518.60","521.65","1,031,251"
"27-Jan-2025","517.10","532.95","517.10","523.85","3,023,866"
"28-Jan-2025","525.00","528.30","522.70","525.35","2,683,319"
"29-Jan-2025","525.00","527.50","515.50","518.10","2,201,858"
"30-Jan-2025","521.25","540.00","519.00","533.70","3,384,404"
"31-Jan-2025","538.00","542.80","523.00","529.85","4,302,619"
"01-Feb-2025","533.45","551.70","522.70","539.10","4,921,220"
"03-Feb-2025","540.40","546.40","530.30","534.55","3,792,769"
"04-Feb-2025","536.55","542.75","534.65","541.05","3,275,638"
"05-Feb-2025","542.00","543.00","530.65","531.50","2,811,816"
"06-Feb-2025","531.50","536.70","524.65","526.20","1,225,984"
"07-Feb-2025","529.65","529.85","520.15","527.10","2,097,013"
"10-Feb-2025","527.10","535.45","523.65","528.10","1,678,247"
"11-Feb-2025","529.90","532.20","515.70","517.70","1,177,152"
"12-Feb-2025","518.30","527.35","515.65","525.75","2,113,562"
"13-Feb-2025","525.55","528.80","517.30","519.85","1,484,585"
"14-Feb-2025","520.55","524.85","517.30","519.90","1,191,521"
"17-Feb-2025","518.10","522.30","514.75","520.55","974,964"
"18-Feb-2025","520.00","520.40","514.00","515.15","1,603,493"
"19-Feb-2025","515.00","515.00","503.70","504.45","2,715,980"
"20-Feb-2025","505.00","510.95","500.15","510.35","2,052,520"
"21-Feb-2025","510.95","511.60","503.50","508.65","2,057,493"
"24-Feb-2025","503.60","507.00","502.60","505.70","736,767"
"25-Feb-2025","505.15","512.40","504.15","510.95","1,483,864"
"27-Feb-2025","510.15","515.00","501.50","503.25","1,181,893"
"28-Feb-2025","500.30","504.45","490.85","493.30","5,530,947"
"03-Mar-2025","493.00","496.55","485.00","491.75","2,166,131"
"04-Mar-2025","486.00","489.25","480.00","483.70","2,477,085"
"05-Mar-2025","483.00","491.00","482.60","487.70","1,767,699"
"06-Mar-2025","489.90","497.75","488.70","495.00","1,219,415"
"07-Mar-2025","495.00","499.10","491.80","495.80","1,913,893"
"10-Mar-2025","495.00","501.40","492.00","493.35","2,526,521"
"11-Mar-2025","490.00","500.50","489.55","497.55","1,830,398"
"12-Mar-2025","496.20","500.90","491.75","499.95","1,450,825"
"13-Mar-2025","500.50","504.00","498.90","500.95","1,288,721"
"17-Mar-2025","498.40","502.50","490.10","494.75","1,646,821"
"18-Mar-2025","496.00","501.50","495.05","498.75","2,464,037"
"19-Mar-2025","501.60","502.25","492.85","495.45","2,652,053"
"20-Mar-2025","497.00","499.75","493.00","499.00","3,651,974"
"21-Mar-2025","500.00","507.90","497.90","506.80","2,013,377"
"24-Mar-2025","507.45","509.05","502.20","507.20","2,299,229"
"25-Mar-2025","507.20","512.00","505.05","509.25","2,782,397"
"26-Mar-2025","509.00","510.95","505.05","508.85","2,517,374"
"27-Mar-2025","507.60","514.95","503.85","512.85","1,649,107"
"28-Mar-2025","513.00","519.45","503.80","506.50","1,759,182"
"01-Apr-2025","505.85","512.55","496.55","497.50","1,974,802"
"02-Apr-2025","496.15","497.60","484.45","495.75","2,835,760"
"03-Apr-2025","473.95","483.75","458.20","465.40","12,356,973"
"04-Apr-2025","466.90","467.25","458.50","461.75","3,850,303"
"07-Apr-2025","435.00","454.15","433.30","451.40","4,571,485"
"08-Apr-2025","454.90","464.05","453.00","459.00","1,640,063"
"09-Apr-2025","459.80","468.45","458.05","465.25","2,429,984"
"11-Apr-2025","463.00","465.20","455.90","461.30","2,170,343"
"15-Apr-2025","467.65","474.45","462.60","473.75","2,374,405"
"16-Apr-2025","474.80","481.70","473.80","481.35","1,382,224"
"17-Apr-2025","480.45","480.55","476.20","479.30","844,403"
"21-Apr-2025","481.30","481.85","474.80","475.55","2,586,539"
"22-Apr-2025","476.00","485.75","475.50","484.40","1,525,955"
"23-Apr-2025","486.00","487.35","482.05","486.20","1,107,728"
"24-Apr-2025","486.20","494.50","484.45","491.70","3,251,494"
"25-Apr-2025","489.00","493.05","480.00","484.60","1,369,564"
"28-Apr-2025","483.00","487.85","480.20","482.20","1,312,796"
"29-Apr-2025","482.25","486.95","481.30","483.65","1,470,658"
"30-Apr-2025","483.60","490.45","482.35","487.75","2,195,362"
"02-May-2025","485.30","487.75","476.60","480.50","2,100,627"
"05-May-2025","481.00","485.40","479.25","481.85","3,248,925"
"06-May-2025","482.00","486.25","479.40","480.60","702,529"
"07-May-2025","473.30","485.75","473.30","482.10","1,520,898"
"08-May-2025","469.95","478.60","461.10","468.70","7,843,512"
"09-May-2025","466.35","467.30","458.60","462.75","2,037,837"
"12-May-2025","468.05","476.55","467.00","475.05","2,902,701"
"13-May-2025","474.95","479.20","471.70","473.75","2,449,180"
"14-May-2025","473.75","474.55","467.00","468.95","3,541,267"
"15-May-2025","469.40","472.50","467.10","469.00","2,739,793"
"16-May-2025","471.20","477.40","467.30","476.65","2,431,240"
"19-May-2025","477.60","484.50","475.10","483.45","1,640,651"
"20-May-2025","484.85","486.40","475.00","475.65","1,843,098"
"21-May-2025","477.80","484.90","477.30","481.75","1,927,887"
"22-May-2025","482.00","483.10","475.00","477.05","1,958,254"
"23-May-2025","477.95","484.45","477.95","481.95","1,495,455"
"26-May-2025","482.00","485.55","479.75","480.30","2,584,471"
"27-May-2025","481.30","485.60","480.40","484.10","1,713,846"
"28-May-2025","484.00","486.80","482.55","484.70","1,568,432"
"29-May-2025","484.70","484.85","479.95","482.10","1,599,536"
"30-May-2025","482.00","486.15","478.70","482.95","6,304,976"
"02-Jun-2025","484.45","490.20","481.55","484.45","1,851,827"
"03-Jun-2025","484.45","486.80","482.55","485.65","1,460,542"
"04-Jun-2025","487.00","493.40","484.40","491.85","2,318,406"
"05-Jun-2025","494.30","494.35","487.00","488.70","1,792,668"
"06-Jun-2025","487.40","487.65","480.55","481.25","3,468,649"
"09-Jun-2025","483.65","486.00","481.35","485.60","1,389,266"
"10-Jun-2025","486.15","491.40","484.50","489.55","1,496,169"
"11-Jun-2025","490.00","493.70","485.35","486.50","2,168,242"
"12-Jun-2025","487.10","487.80","471.45","472.95","3,727,720"
"13-Jun-2025","468.00","470.05","464.25","466.50","3,850,751"
"16-Jun-2025","467.60","473.95","465.30","471.70","1,942,798"
"17-Jun-2025","471.70","474.35","469.15","472.05","1,521,179"
"18-Jun-2025","472.00","474.15","468.05","470.20","2,812,394"
"19-Jun-2025","469.00","470.70","464.00","465.10","1,349,010"
"20-Jun-2025","465.10","468.60","463.90","466.90","2,804,520"
"23-Jun-2025","465.65","468.35","463.10","467.50","1,567,027"
"24-Jun-2025","468.00","475.50","468.00","475.10","2,587,207"
"25-Jun-2025","476.00","481.50","475.35","480.25","2,954,897"
"26-Jun-2025","482.00","483.30","478.80","481.55","1,414,934"
"27-Jun-2025","482.70","488.30","481.60","486.35","2,780,971"
"30-Jun-2025","487.40","487.75","479.40","485.25","3,254,231"
"01-Jul-2025","487.00","489.20","480.70","482.40","1,617,894"
"02-Jul-2025","484.80","488.40","479.40","487.55","2,358,163"
"03-Jul-2025","489.50","492.95","487.50","491.60","2,976,302"
"04-Jul-2025","493.00","497.40","491.60","495.10","2,857,925"
"07-Jul-2025","501.90","517.70","496.05","512.75","10,017,201"
"08-Jul-2025","512.50","514.40","510.50","513.10","1,995,221"
"09-Jul-2025","511.00","523.45","511.00","522.15","3,433,335"
"10-Jul-2025","523.70","524.40","517.85","522.40","2,272,923"
"11-Jul-2025","521.50","535.90","518.60","530.85","4,512,466"
"14-Jul-2025","533.50","536.50","524.55","526.20","1,428,794"
"15-Jul-2025","526.50","528.90","523.15","527.00","1,243,559"
"16-Jul-2025","527.00","530.35","525.10","527.95","2,301,562"
"17-Jul-2025","530.00","531.70","526.55","528.70","1,537,940"
"18-Jul-2025","522.45","523.40","518.35","522.60","1,616,139"
"21-Jul-2025","520.10","522.15","513.40","514.55","1,172,175"
"22-Jul-2025","515.45","516.50","511.00","515.05","1,471,884"
"23-Jul-2025","517.75","518.50","510.85","513.85","1,898,497"
"24-Jul-2025","516.90","516.90","511.00","512.55","3,715,595"
"25-Jul-2025","512.00","514.00","508.35","511.35","2,132,786"
"28-Jul-2025","507.00","523.95","507.00","522.00","2,759,206"
"29-Jul-2025","524.65","525.60","514.65","518.30","2,646,055"
"30-Jul-2025","519.05","523.25","517.60","522.00","1,616,247"
"31-Jul-2025","518.30","531.75","517.15","529.00","3,024,718"
"01-Aug-2025","533.00","547.70","531.90","534.35","8,042,006"
"04-Aug-2025","534.35","538.85","528.20","529.65","2,602,888"
"05-Aug-2025","529.65","529.65","521.00","524.70","2,027,038"
"06-Aug-2025","524.15","524.15","512.00","514.00","931,299"
"07-Aug-2025","513.75","519.70","512.10","517.20","957,305"
"08-Aug-2025","518.00","519.80","506.00","507.25","510,393"
"11-Aug-2025","507.70","511.55","499.30","510.05","1,123,741"
"12-Aug-2025","510.00","510.95","501.25","502.90","839,972"
"13-Aug-2025","503.40","504.95","498.65","503.50","864,573"
"14-Aug-2025","504.00","505.50","499.40","500.90","1,202,134"
"18-Aug-2025","513.90","529.80","512.00","519.10","4,810,046"
"19-Aug-2025","519.85","522.75","514.00","522.05","645,927"
"20-Aug-2025","522.00","536.40","521.10","535.00","12,345,218"
"21-Aug-2025","535.95","536.45","514.75","515.70","6,041,694"
"22-Aug-2025","516.00","519.85","514.55","515.95","1,596,318"
"25-Aug-2025","515.90","520.45","513.45","518.60","1,204,983"
"26-Aug-2025","518.60","526.80","517.10","522.40","3,045,617"
"28-Aug-2025","526.55","526.55","512.25","513.85","2,068,611"
"29-Aug-2025","515.45","528.55","509.70","521.10","3,745,766"
"01-Sep-2025","521.55","524.55","520.05","523.65","4,327,053"
"02-Sep-2025","525.00","547.75","523.65","544.60","8,973,936"
"03-Sep-2025","545.90","549.25","541.25","543.50","2,220,814"
"04-Sep-2025","565.00","577.00","551.35","552.70","8,712,233"
"05-Sep-2025","553.80","555.85","542.35","546.70","1,489,345"
"08-Sep-2025","547.95","551.65","542.70","546.20","782,235"
"09-Sep-2025","546.25","547.40","539.25","544.25","1,937,685"
"10-Sep-2025","546.90","548.95","543.70","547.50","874,891"
"11-Sep-2025","547.25","548.40","543.00","544.10","891,836"
"12-Sep-2025","544.10","544.10","533.70","538.85","2,746,427"
"15-Sep-2025","536.50","542.60","536.50","540.90","837,561"
"16-Sep-2025","540.60","542.30","534.50","535.70","1,405,923"
"17-Sep-2025","537.55","539.50","532.20","535.15","822,210"
"18-Sep-2025","536.00","539.00","532.40","536.30","2,012,300"
"19-Sep-2025","536.95","542.80","532.70","535.45","2,411,369"
"22-Sep-2025","536.00","536.75","518.00","522.05","2,892,697"
"23-Sep-2025","522.00","522.00","512.65","515.00","3,466,804"
"24-Sep-2025","515.00","520.95","511.40","517.80","1,781,081"
"25-Sep-2025","517.80","521.85","505.15","506.30","2,356,326"
"26-Sep-2025","508.00","508.00","493.00","499.75","3,168,298"
"29-Sep-2025","497.75","501.70","490.55","492.85","17,685,374"
"30-Sep-2025","495.00","500.15","489.50","491.30","2,645,097"
"01-Oct-2025","491.30","496.00","483.65","495.05","2,443,402"
"03-Oct-2025","495.05","497.80","490.75","496.15","3,035,129"
"06-Oct-2025","495.50","497.75","491.80","493.35","2,681,852"
"07-Oct-2025","493.35","502.80","489.90","492.25","4,534,081"
"08-Oct-2025","485.00","493.20","479.15","480.15","3,627,391"
"09-Oct-2025","480.45","486.50","479.15","485.40","3,052,079"
"10-Oct-2025","485.40","490.85","485.40","489.70","1,613,675"
"13-Oct-2025","488.60","489.60","482.55","487.75","1,990,140"
"14-Oct-2025","487.75","489.75","484.55","487.35","1,611,549"
"15-Oct-2025","486.05","494.40","486.05","493.15","2,084,672"
"16-Oct-2025","493.90","502.00","493.90","500.75","1,236,003"
"17-Oct-2025","500.60","511.65","499.60","508.35","3,436,032"
"20-Oct-2025","511.10","511.10","503.50","504.55","824,259"
"21-Oct-2025","506.15","507.85","503.45","506.40","128,942"
"23-Oct-2025","507.00","515.00","505.30","511.40","3,693,389"
"24-Oct-2025","512.40","512.40","498.40","508.45","3,786,598"
"27-Oct-2025","508.50","510.20","504.70","507.05","3,258,720"
"28-Oct-2025","508.10","508.20","501.00","503.40","2,826,407"
"29-Oct-2025","503.40","508.90","501.80","508.05","1,880,484"
"30-Oct-2025","511.50","511.50","499.60","501.55","1,744,704"
"31-Oct-2025","502.90","502.95","486.70","487.55","4,980,727"
"03-Nov-2025","488.10","504.45","485.60","503.30","4,523,334"
"04-Nov-2025","502.30","519.95","501.95","517.05","5,322,219"
"06-Nov-2025","517.05","524.50","511.05","523.70","3,911,239"
"07-Nov-2025","522.00","522.00","512.50","518.65","1,754,801"
"10-Nov-2025","520.00","521.00","512.80","515.45","1,005,698"
"11-Nov-2025","515.70","521.65","512.65","519.95","1,478,112"
"12-Nov-2025","519.95","524.90","516.05","522.30","2,517,903"
"13-Nov-2025","522.00","528.60","517.00","522.20","1,859,578"
"14-Nov-2025","522.00","527.00","517.55","525.00","1,789,377"
"17-Nov-2025","529.00","529.90","523.35","524.25","1,856,462"
"18-Nov-2025","524.20","524.25","512.50","520.85","1,958,068"
"19-Nov-2025","520.85","523.55","516.60","517.55","2,419,687"
"20-Nov-2025","519.05","527.00","516.70","525.05","2,956,054"
"21-Nov-2025","525.05","525.05","514.30","515.65","2,659,623"
"24-Nov-2025","516.95","517.85","511.40","512.40","5,926,288"
"25-Nov-2025","511.40","515.45","509.00","514.40","2,050,235"
"26-Nov-2025","514.15","520.05","513.85","517.20","914,828"
"27-Nov-2025","517.25","520.50","514.75","519.15","1,262,843"
"28-Nov-2025","520.45","520.45","513.45","517.40","999,605"
"01-Dec-2025","517.45","519.35","514.15","515.25","1,619,957"
"02-Dec-2025","513.10","517.85","507.00","507.95","2,434,279"
"03-Dec-2025","505.15","509.05","500.80","506.00","1,388,012"
"04-Dec-2025","505.15","510.25","502.55","508.10","1,371,715"
"05-Dec-2025","503.25","510.80","502.35","510.10","1,205,977"
"08-Dec-2025","508.10","510.90","500.75","504.45","1,140,189"
"09-Dec-2025","500.35","505.95","498.00","503.60","1,423,785"
"10-Dec-2025","505.00","505.95","498.10","502.55","1,311,806"
"11-Dec-2025","500.10","503.35","496.65","501.75","1,116,224"
"12-Dec-2025","502.50","503.70","494.00","495.00","1,506,050"
"15-Dec-2025","493.50","499.90","493.10","497.20","993,514"
"16-Dec-2025","497.00","504.50","494.60","497.20","1,484,940"
"17-Dec-2025","497.00","498.60","492.30","494.15","551,891"
"18-Dec-2025","494.05","494.05","489.55","492.55","683,973"
"19-Dec-2025","493.00","495.00","491.40","493.95","1,241,449"
"22-Dec-2025","495.40","497.50","493.05","493.70","998,215"
"23-Dec-2025","494.15","495.50","491.45","493.15","993,407"
"24-Dec-2025","493.15","495.05","489.05","490.55","850,597"
"26-Dec-2025","490.70","492.95","487.80","488.20","518,698"
"29-Dec-2025","488.35","491.25","485.95","489.30","982,019"
"30-Dec-2025","489.40","497.35","487.00","495.65","2,216,264"
"31-Dec-2025","495.00","509.90","494.90","503.60","2,391,679"
"26-Feb-2026","518.65","525.00","517.40","524.60","1,510,565"
