"Date","Open","High","Low","Close","Volume"
"01-Jan-2019","1,824.80","1,824.80","1,798.35","1,801.10","807,345"
"02-Jan-2019","1,792.40","1,808.85","1,771.30","1,784.60","1,598,707"
"03-Jan-2019","1,782.60","1,803.45","1,782.60","1,788.40","1,182,624"
"04-Jan-2019","1,798.90","1,802.00","1,772.15","1,781.70","1,454,134"
"07-Jan-2019","1,791.50","1,804.00","1,782.45","1,784.95","909,032"
"08-Jan-2019","1,792.00","1,793.50","1,761.10","1,770.85","1,262,707"
"09-Jan-2019","1,777.50","1,797.00","1,773.40","1,785.00","1,324,628"
"10-Jan-2019","1,785.00","1,799.10","1,779.00","1,786.20","1,313,981"
"11-Jan-2019","1,795.00","1,795.40","1,758.55","1,769.40","1,113,837"
"14-Jan-2019","1,771.00","1,780.75","1,760.10","1,763.90","1,018,068"
"15-Jan-2019","1,767.40","1,793.40","1,767.40","1,789.85","1,614,600"
"16-Jan-2019","1,790.00","1,794.80","1,766.80","1,772.55","2,054,033"
"17-Jan-2019","1,776.90","1,779.25","1,742.50","1,751.50","1,941,204"
"18-Jan-2019","1,750.00","1,768.85","1,727.30","1,744.10","3,234,056"
"21-Jan-2019","1,749.00","1,758.00","1,736.05","1,746.90","1,628,067"
"22-Jan-2019","1,746.00","1,755.00","1,741.25","1,750.20","1,776,472"
"23-Jan-2019","1,752.00","1,784.05","1,749.40","1,767.20","2,321,782"
"24-Jan-2019","1,766.80","1,784.05","1,756.70","1,759.50","1,350,870"
"25-Jan-2019","1,762.00","1,778.75","1,750.00","1,756.80","1,131,790"
"28-Jan-2019","1,758.90","1,771.55","1,740.15","1,743.00","1,289,774"
"29-Jan-2019","1,745.00","1,763.85","1,726.10","1,756.70","1,319,822"
"30-Jan-2019","1,760.00","1,760.75","1,728.10","1,733.35","1,259,978"
"31-Jan-2019","1,735.90","1,774.90","1,735.25","1,763.25","1,880,257"
"01-Feb-2019","1,763.25","1,832.50","1,761.45","1,799.30","2,342,251"
"04-Feb-2019","1,799.90","1,823.00","1,794.70","1,802.60","1,116,390"
"05-Feb-2019","1,805.00","1,834.95","1,804.95","1,821.45","1,278,708"
"06-Feb-2019","1,828.40","1,836.45","1,820.00","1,829.95","859,789"
"07-Feb-2019","1,834.00","1,845.00","1,828.35","1,839.05","927,434"
"08-Feb-2019","1,839.10","1,847.00","1,811.00","1,817.30","1,222,765"
"11-Feb-2019","1,811.05","1,815.40","1,795.75","1,804.80","797,453"
"12-Feb-2019","1,810.00","1,812.00","1,789.00","1,794.50","990,035"
"13-Feb-2019","1,800.00","1,814.90","1,791.60","1,798.95","1,227,463"
"14-Feb-2019","1,796.00","1,798.50","1,777.00","1,785.05","1,341,658"
"15-Feb-2019","1,790.00","1,790.00","1,747.50","1,772.80","1,177,218"
"18-Feb-2019","1,775.10","1,775.10","1,735.00","1,751.90","1,513,430"
"19-Feb-2019","1,750.00","1,759.60","1,730.45","1,737.95","1,598,381"
"20-Feb-2019","1,742.70","1,745.95","1,722.00","1,733.50","1,430,235"
"21-Feb-2019","1,737.00","1,758.00","1,736.35","1,754.70","1,225,418"
"22-Feb-2019","1,760.00","1,773.00","1,751.95","1,768.55","1,360,163"
"25-Feb-2019","1,772.00","1,775.80","1,759.00","1,770.15","1,490,746"
"26-Feb-2019","1,763.40","1,785.90","1,762.00","1,772.25","2,190,515"
"27-Feb-2019","1,779.00","1,779.00","1,728.55","1,736.50","1,491,740"
"28-Feb-2019","1,749.00","1,756.65","1,727.60","1,732.65","1,895,136"
"01-Mar-2019","1,735.00","1,749.00","1,731.05","1,734.65","761,115"
"05-Mar-2019","1,739.80","1,739.80","1,717.50","1,724.60","1,406,843"
"06-Mar-2019","1,726.10","1,730.00","1,697.95","1,699.80","2,193,045"
"07-Mar-2019","1,706.35","1,720.00","1,699.80","1,705.40","1,566,441"
"08-Mar-2019","1,706.00","1,718.00","1,695.10","1,701.60","1,419,614"
"11-Mar-2019","1,708.75","1,726.00","1,703.00","1,714.95","1,427,771"
"12-Mar-2019","1,718.90","1,739.00","1,718.80","1,734.80","1,861,116"
"13-Mar-2019","1,749.00","1,755.50","1,741.10","1,747.60","1,744,331"
"14-Mar-2019","1,750.75","1,751.70","1,730.20","1,737.30","867,427"
"15-Mar-2019","1,745.00","1,746.50","1,694.45","1,698.40","3,571,762"
"18-Mar-2019","1,710.00","1,710.95","1,686.90","1,697.55","1,621,113"
"19-Mar-2019","1,697.60","1,709.40","1,688.20","1,699.65","1,456,211"
"20-Mar-2019","1,705.00","1,716.50","1,683.45","1,687.55","2,312,268"
"22-Mar-2019","1,687.55","1,703.85","1,673.70","1,678.05","1,636,228"
"25-Mar-2019","1,674.00","1,687.50","1,660.00","1,673.85","2,039,945"
"26-Mar-2019","1,679.90","1,691.55","1,674.00","1,683.80","1,452,899"
"27-Mar-2019","1,684.00","1,707.80","1,675.00","1,680.80","1,520,533"
"28-Mar-2019","1,685.00","1,692.00","1,673.40","1,683.90","1,852,958"
"29-Mar-2019","1,695.30","1,712.85","1,691.90","1,706.80","2,348,874"
"01-Apr-2019","1,710.00","1,721.35","1,686.00","1,690.00","1,283,162"
"02-Apr-2019","1,693.15","1,697.00","1,680.10","1,687.15","1,227,869"
"03-Apr-2019","1,682.00","1,686.60","1,668.65","1,670.80","1,233,102"
"04-Apr-2019","1,668.00","1,686.60","1,658.00","1,666.55","1,212,398"
"05-Apr-2019","1,670.00","1,671.50","1,650.00","1,659.10","1,468,074"
"08-Apr-2019","1,664.90","1,679.75","1,656.90","1,664.90","1,647,502"
"09-Apr-2019","1,668.80","1,683.90","1,662.25","1,680.50","1,232,434"
"10-Apr-2019","1,684.70","1,704.65","1,675.00","1,694.15","1,720,236"
"11-Apr-2019","1,703.00","1,716.50","1,698.05","1,710.40","2,026,954"
"12-Apr-2019","1,716.40","1,724.70","1,710.20","1,721.65","1,437,818"
"15-Apr-2019","1,725.00","1,731.20","1,713.10","1,722.05","1,035,378"
"16-Apr-2019","1,726.00","1,742.00","1,716.15","1,738.55","1,625,738"
"18-Apr-2019","1,738.55","1,744.10","1,729.25","1,739.90","1,475,552"
"22-Apr-2019","1,740.00","1,745.00","1,730.10","1,739.85","717,781"
"23-Apr-2019","1,742.00","1,748.00","1,733.10","1,744.20","802,947"
"24-Apr-2019","1,744.60","1,755.00","1,735.00","1,752.60","1,169,461"
"25-Apr-2019","1,756.00","1,762.60","1,727.20","1,734.20","1,704,890"
"26-Apr-2019","1,738.00","1,750.80","1,726.15","1,747.35","772,993"
"30-Apr-2019","1,750.00","1,762.00","1,744.95","1,757.70","1,171,594"
"02-May-2019","1,756.50","1,762.50","1,720.25","1,723.55","793,819"
"03-May-2019","1,720.00","1,727.00","1,682.00","1,693.55","1,442,888"
"06-May-2019","1,687.00","1,687.00","1,656.00","1,668.90","2,373,878"
"07-May-2019","1,678.80","1,710.90","1,672.50","1,697.50","2,212,617"
"08-May-2019","1,697.50","1,697.50","1,675.00","1,688.70","1,243,338"
"09-May-2019","1,680.10","1,713.00","1,677.00","1,703.75","1,204,995"
"10-May-2019","1,708.95","1,709.00","1,678.50","1,687.45","1,000,696"
"13-May-2019","1,692.00","1,717.00","1,688.70","1,702.00","1,160,287"
"14-May-2019","1,700.00","1,710.00","1,680.20","1,698.50","1,442,817"
"15-May-2019","1,700.00","1,703.00","1,666.95","1,671.05","1,235,429"
"16-May-2019","1,674.70","1,700.00","1,672.20","1,688.20","714,690"
"17-May-2019","1,690.10","1,742.20","1,685.20","1,736.80","1,502,484"
"20-May-2019","1,760.00","1,776.65","1,734.85","1,772.50","1,279,236"
"21-May-2019","1,772.90","1,797.45","1,772.90","1,785.25","1,337,466"
"22-May-2019","1,785.00","1,785.00","1,747.35","1,768.30","1,162,653"
"23-May-2019","1,785.95","1,804.90","1,745.00","1,753.85","1,551,172"
"24-May-2019","1,754.00","1,759.80","1,727.10","1,749.60","1,603,085"
"27-May-2019","1,749.00","1,775.95","1,736.00","1,771.95","1,373,845"
"28-May-2019","1,775.00","1,786.00","1,754.50","1,776.90","2,863,139"
"29-May-2019","1,775.00","1,789.35","1,770.40","1,780.85","899,619"
"30-May-2019","1,788.00","1,792.00","1,781.00","1,784.25","1,038,433"
"31-May-2019","1,786.70","1,802.65","1,764.00","1,788.50","1,329,926"
"03-Jun-2019","1,794.00","1,845.00","1,792.00","1,839.70","1,415,582"
"04-Jun-2019","1,831.00","1,845.50","1,807.10","1,815.60","842,283"
"06-Jun-2019","1,822.15","1,849.90","1,812.10","1,837.75","1,626,007"
"07-Jun-2019","1,833.00","1,844.75","1,815.00","1,830.75","698,970"
"10-Jun-2019","1,839.80","1,864.95","1,835.00","1,852.50","814,577"
"11-Jun-2019","1,855.10","1,856.80","1,832.10","1,839.80","591,026"
"12-Jun-2019","1,838.00","1,853.25","1,822.05","1,847.10","709,916"
"13-Jun-2019","1,847.05","1,848.70","1,823.05","1,845.50","697,830"
"14-Jun-2019","1,843.00","1,853.25","1,816.35","1,822.95","632,971"
"17-Jun-2019","1,831.90","1,831.90","1,804.60","1,818.05","669,276"
"18-Jun-2019","1,810.50","1,818.15","1,793.00","1,809.60","995,083"
"19-Jun-2019","1,816.80","1,824.95","1,802.00","1,811.70","600,455"
"20-Jun-2019","1,799.00","1,809.45","1,791.50","1,805.05","603,514"
"21-Jun-2019","1,810.00","1,812.00","1,760.30","1,766.65","2,512,357"
"24-Jun-2019","1,769.00","1,777.60","1,756.70","1,764.45","762,144"
"25-Jun-2019","1,769.70","1,769.70","1,745.00","1,756.45","941,132"
"26-Jun-2019","1,753.00","1,765.00","1,746.40","1,761.00","1,075,017"
"27-Jun-2019","1,768.00","1,787.55","1,760.25","1,774.40","1,235,049"
"28-Jun-2019","1,777.25","1,790.65","1,762.75","1,787.60","1,008,229"
"01-Jul-2019","1,798.90","1,798.90","1,772.65","1,780.20","553,283"
"02-Jul-2019","1,784.00","1,798.00","1,770.00","1,789.20","763,979"
"03-Jul-2019","1,793.00","1,796.85","1,776.90","1,784.70","815,571"
"04-Jul-2019","1,780.55","1,798.70","1,780.55","1,793.60","646,633"
"05-Jul-2019","1,800.00","1,816.00","1,786.00","1,791.40","1,098,940"
"08-Jul-2019","1,784.75","1,784.75","1,748.70","1,753.55","776,755"
"09-Jul-2019","1,752.00","1,756.00","1,724.10","1,740.25","1,462,668"
"10-Jul-2019","1,739.00","1,754.90","1,703.10","1,718.60","648,476"
"11-Jul-2019","1,708.00","1,742.65","1,708.00","1,730.90","813,618"
"12-Jul-2019","1,726.80","1,738.25","1,708.25","1,713.20","1,107,445"
"15-Jul-2019","1,715.00","1,724.70","1,702.00","1,716.95","725,180"
"16-Jul-2019","1,723.50","1,750.60","1,712.75","1,741.30","1,259,786"
"17-Jul-2019","1,740.00","1,765.55","1,725.85","1,760.70","1,278,232"
"18-Jul-2019","1,766.00","1,766.00","1,709.00","1,739.15","1,006,299"
"19-Jul-2019","1,748.00","1,761.95","1,709.15","1,720.40","983,217"
"22-Jul-2019","1,722.30","1,724.70","1,659.05","1,680.70","1,729,722"
"23-Jul-2019","1,683.00","1,701.55","1,667.30","1,693.35","1,556,691"
"24-Jul-2019","1,685.00","1,732.00","1,678.60","1,728.65","2,621,818"
"25-Jul-2019","1,730.00","1,749.90","1,728.00","1,736.65","1,297,267"
"26-Jul-2019","1,731.10","1,742.00","1,719.30","1,730.65","771,408"
"29-Jul-2019","1,729.00","1,739.80","1,700.00","1,713.30","688,427"
"30-Jul-2019","1,715.00","1,734.35","1,705.00","1,719.90","747,251"
"31-Jul-2019","1,719.00","1,753.05","1,701.05","1,726.65","1,371,879"
"01-Aug-2019","1,721.00","1,744.70","1,710.00","1,731.30","1,072,498"
"02-Aug-2019","1,722.20","1,742.00","1,706.00","1,737.45","1,051,529"
"05-Aug-2019","1,727.90","1,753.45","1,707.70","1,741.20","1,539,739"
"06-Aug-2019","1,731.50","1,760.00","1,727.55","1,744.10","1,409,075"
"07-Aug-2019","1,744.10","1,786.90","1,740.00","1,777.25","2,507,314"
"08-Aug-2019","1,780.50","1,807.00","1,780.50","1,803.10","1,761,732"
"09-Aug-2019","1,805.00","1,846.65","1,800.90","1,841.35","1,730,596"
"13-Aug-2019","1,838.00","1,838.00","1,802.15","1,824.75","1,907,934"
"14-Aug-2019","1,826.00","1,854.15","1,808.70","1,839.05","1,910,376"
"16-Aug-2019","1,838.00","1,847.55","1,816.05","1,828.65","1,468,390"
"19-Aug-2019","1,830.15","1,845.00","1,811.00","1,820.90","905,742"
"20-Aug-2019","1,822.00","1,849.70","1,813.00","1,843.40","1,231,835"
"21-Aug-2019","1,842.90","1,855.75","1,836.00","1,850.00","1,933,855"
"22-Aug-2019","1,850.45","1,880.00","1,841.90","1,872.10","2,543,055"
"23-Aug-2019","1,874.75","1,877.35","1,850.65","1,860.00","1,278,546"
"26-Aug-2019","1,867.50","1,883.70","1,850.00","1,876.55","855,849"
"27-Aug-2019","1,884.00","1,889.00","1,841.95","1,861.40","2,510,386"
"28-Aug-2019","1,835.00","1,848.40","1,812.50","1,828.10","2,519,453"
"29-Aug-2019","1,817.00","1,843.65","1,814.10","1,832.95","2,837,369"
"30-Aug-2019","1,834.20","1,886.40","1,827.15","1,881.90","1,766,858"
"03-Sep-2019","1,863.00","1,875.80","1,835.00","1,841.85","1,195,923"
"04-Sep-2019","1,847.00","1,859.05","1,817.30","1,846.60","1,147,464"
"05-Sep-2019","1,842.00","1,843.95","1,818.15","1,829.75","1,059,065"
"06-Sep-2019","1,831.00","1,843.35","1,814.20","1,819.15","631,575"
"09-Sep-2019","1,819.00","1,858.00","1,815.40","1,834.05","1,175,372"
"11-Sep-2019","1,831.00","1,847.55","1,817.30","1,824.30","1,055,039"
"12-Sep-2019","1,826.00","1,833.60","1,798.50","1,805.40","862,635"
"13-Sep-2019","1,806.00","1,825.00","1,793.60","1,805.55","1,299,932"
"16-Sep-2019","1,801.00","1,824.75","1,800.00","1,816.30","945,889"
"17-Sep-2019","1,814.75","1,842.00","1,812.00","1,831.20","1,424,258"
"18-Sep-2019","1,839.50","1,843.95","1,818.65","1,829.20","751,391"
"19-Sep-2019","1,830.00","1,843.60","1,808.25","1,812.75","644,684"
"20-Sep-2019","1,823.00","1,992.00","1,810.25","1,969.75","4,539,742"
"23-Sep-2019","1,984.00","2,100.65","1,984.00","2,039.75","3,783,357"
"24-Sep-2019","2,045.00","2,067.90","2,009.10","2,050.45","1,784,798"
"25-Sep-2019","2,041.00","2,062.45","2,011.85","2,051.50","1,874,109"
"26-Sep-2019","2,055.00","2,075.00","2,016.95","2,034.40","3,907,951"
"27-Sep-2019","2,026.00","2,044.65","2,005.50","2,010.90","1,458,672"
"30-Sep-2019","2,007.90","2,017.90","1,971.40","1,981.95","2,169,407"
"01-Oct-2019","1,989.00","2,019.90","1,983.00","1,990.30","1,080,409"
"03-Oct-2019","1,984.75","1,985.30","1,958.35","1,962.05","1,423,468"
"04-Oct-2019","1,966.00","1,977.30","1,939.10","1,944.20","1,723,988"
"07-Oct-2019","1,943.95","1,962.95","1,927.65","1,940.05","880,275"
"09-Oct-2019","1,950.00","1,962.70","1,941.25","1,948.00","1,066,739"
"10-Oct-2019","1,948.00","1,982.50","1,935.60","1,968.75","1,492,290"
"11-Oct-2019","1,985.85","2,016.90","1,975.50","2,004.65","1,934,337"
"14-Oct-2019","2,022.40","2,031.45","2,006.25","2,014.25","2,135,148"
"15-Oct-2019","2,050.00","2,077.30","2,025.80","2,064.40","5,761,733"
"16-Oct-2019","2,065.30","2,080.00","2,052.60","2,071.00","1,661,705"
"17-Oct-2019","2,067.50","2,108.00","2,061.95","2,103.85","2,001,245"
"18-Oct-2019","2,100.00","2,116.00","2,090.70","2,106.85","2,202,270"
"22-Oct-2019","2,120.00","2,149.00","2,112.00","2,127.35","1,737,401"
"23-Oct-2019","2,119.45","2,137.45","2,098.00","2,133.25","1,535,786"
"24-Oct-2019","2,141.00","2,150.00","2,118.05","2,133.35","973,453"
"25-Oct-2019","2,147.55","2,156.50","2,129.30","2,145.10","1,612,038"
"27-Oct-2019","2,148.00","2,148.00","2,134.50","2,139.75","85,187"
"29-Oct-2019","2,135.00","2,163.95","2,111.40","2,160.20","1,229,516"
"30-Oct-2019","2,180.00","2,180.00","2,142.00","2,169.40","1,195,298"
"31-Oct-2019","2,165.00","2,187.25","2,159.30","2,175.35","1,752,830"
"01-Nov-2019","2,165.10","2,184.30","2,146.40","2,179.35","1,609,685"
"04-Nov-2019","2,179.35","2,186.85","2,149.80","2,158.15","1,523,698"
"05-Nov-2019","2,153.50","2,175.75","2,143.15","2,172.15","2,167,085"
"06-Nov-2019","2,166.00","2,184.00","2,155.00","2,179.45","1,093,243"
"07-Nov-2019","2,190.00","2,190.00","2,128.00","2,138.25","1,970,785"
"08-Nov-2019","2,135.00","2,145.15","2,083.00","2,086.40","1,537,851"
"11-Nov-2019","2,081.30","2,100.05","2,068.05","2,081.35","1,050,170"
"13-Nov-2019","2,084.00","2,094.90","2,072.45","2,091.00","868,433"
"14-Nov-2019","2,090.60","2,090.60","2,061.45","2,069.05","1,291,198"
"15-Nov-2019","2,062.25","2,099.00","2,050.55","2,057.70","958,290"
"18-Nov-2019","2,059.80","2,075.35","2,038.00","2,056.20","1,200,573"
"19-Nov-2019","2,060.05","2,060.05","2,030.00","2,037.75","1,413,218"
"20-Nov-2019","2,044.00","2,052.85","2,017.05","2,026.50","989,673"
"21-Nov-2019","2,027.00","2,059.95","2,017.00","2,048.65","1,397,175"
"22-Nov-2019","2,050.00","2,053.20","2,008.00","2,028.35","835,864"
"25-Nov-2019","2,022.10","2,066.95","2,022.10","2,062.40","862,520"
"26-Nov-2019","2,059.00","2,080.75","2,032.30","2,058.35","3,188,224"
"27-Nov-2019","2,062.55","2,099.90","2,055.85","2,093.25","1,259,986"
"28-Nov-2019","2,097.95","2,098.35","2,067.00","2,087.15","1,026,831"
"29-Nov-2019","2,084.00","2,084.50","2,031.00","2,035.30","1,298,616"
"02-Dec-2019","2,038.00","2,062.00","2,029.25","2,043.20","1,600,494"
"03-Dec-2019","2,041.00","2,053.10","2,020.15","2,028.45","1,199,012"
"04-Dec-2019","2,027.00","2,052.00","2,022.00","2,048.00","1,046,309"
"05-Dec-2019","2,047.80","2,047.80","2,027.30","2,037.45","961,085"
"06-Dec-2019","2,044.00","2,049.00","2,022.00","2,026.05","657,658"
"09-Dec-2019","2,030.00","2,032.05","1,991.20","2,008.15","964,222"
"10-Dec-2019","2,014.90","2,041.60","2,011.00","2,025.35","1,610,623"
"11-Dec-2019","2,027.90","2,030.00","1,998.00","2,010.45","967,708"
"12-Dec-2019","2,010.00","2,034.50","2,002.00","2,007.35","955,318"
"13-Dec-2019","2,018.45","2,024.00","2,000.00","2,006.20","1,212,988"
"16-Dec-2019","2,000.00","2,011.00","1,968.15","1,974.75","1,683,941"
"17-Dec-2019","1,979.00","1,994.95","1,950.00","1,961.35","2,189,167"
"18-Dec-2019","1,960.00","1,966.60","1,907.35","1,928.55","3,986,106"
"19-Dec-2019","1,931.90","1,966.40","1,930.05","1,951.10","2,035,095"
"20-Dec-2019","1,950.00","1,959.90","1,931.45","1,943.10","2,169,685"
"23-Dec-2019","1,949.25","1,962.00","1,944.40","1,950.40","807,062"
"24-Dec-2019","1,952.00","1,964.80","1,940.40","1,946.40","790,621"
"26-Dec-2019","1,950.80","1,954.25","1,938.50","1,944.95","862,164"
"27-Dec-2019","1,946.90","1,954.45","1,934.00","1,949.90","937,907"
"30-Dec-2019","1,949.90","1,954.25","1,927.50","1,937.25","1,117,498"
"31-Dec-2019","1,940.00","1,946.60","1,920.10","1,923.00","706,593"
"01-Jan-2020","1,930.00","1,939.90","1,918.00","1,936.55","543,035"
"02-Jan-2020","1,940.00","1,952.60","1,930.00","1,938.05","663,275"
"03-Jan-2020","1,937.90","1,940.00","1,918.75","1,927.45","1,598,825"
"06-Jan-2020","1,927.35","1,929.40","1,911.25","1,915.45","683,129"
"07-Jan-2020","1,919.25","1,931.00","1,918.00","1,920.70","808,935"
"08-Jan-2020","1,910.00","1,936.05","1,906.45","1,929.35","1,889,685"
"09-Jan-2020","1,941.55","1,947.30","1,931.00","1,935.05","1,544,334"
"10-Jan-2020","1,940.90","1,957.50","1,931.65","1,954.00","1,003,336"
"13-Jan-2020","1,961.00","1,997.85","1,957.00","1,994.85","2,040,089"
"14-Jan-2020","1,995.50","2,014.95","1,982.40","2,008.80","1,610,737"
"15-Jan-2020","2,011.15","2,027.00","1,997.35","2,021.65","1,559,491"
"16-Jan-2020","2,022.00","2,054.70","2,016.10","2,049.25","2,468,958"
"17-Jan-2020","2,055.00","2,063.90","2,040.05","2,060.30","994,719"
"20-Jan-2020","2,060.50","2,075.90","2,050.00","2,062.85","829,399"
"21-Jan-2020","2,059.75","2,075.00","2,052.15","2,055.40","750,000"
"22-Jan-2020","2,063.00","2,063.50","2,027.20","2,051.70","983,169"
"23-Jan-2020","2,051.75","2,060.85","2,035.00","2,056.90","708,017"
"24-Jan-2020","2,057.00","2,079.00","2,050.05","2,073.70","914,993"
"27-Jan-2020","2,066.00","2,068.75","2,056.75","2,061.35","429,312"
"28-Jan-2020","2,062.00","2,065.00","2,042.70","2,060.60","777,052"
"29-Jan-2020","2,062.05","2,085.80","2,062.05","2,074.20","873,433"
"30-Jan-2020","2,074.90","2,078.00","2,049.45","2,058.10","952,768"
"31-Jan-2020","2,064.00","2,068.25","2,020.05","2,034.25","1,930,834"
"01-Feb-2020","2,049.35","2,096.00","2,030.05","2,074.90","2,666,062"
"03-Feb-2020","2,074.90","2,195.55","2,074.90","2,178.95","4,012,542"
"04-Feb-2020","2,177.00","2,204.20","2,140.00","2,155.60","1,932,121"
"05-Feb-2020","2,167.40","2,184.00","2,153.90","2,160.30","1,514,368"
"06-Feb-2020","2,166.00","2,196.25","2,134.05","2,156.40","1,302,116"
"07-Feb-2020","2,165.00","2,172.00","2,141.60","2,159.95","908,152"
"10-Feb-2020","2,160.10","2,189.55","2,151.70","2,159.30","1,389,847"
"11-Feb-2020","2,169.00","2,179.65","2,147.70","2,152.65","777,506"
"12-Feb-2020","2,157.10","2,272.00","2,155.00","2,260.35","4,753,325"
"13-Feb-2020","2,256.00","2,288.95","2,233.05","2,283.40","2,950,407"
"14-Feb-2020","2,273.00","2,297.60","2,246.25","2,255.05","1,728,651"
"17-Feb-2020","2,248.00","2,289.00","2,243.20","2,252.60","1,420,851"
"18-Feb-2020","2,252.60","2,262.95","2,222.10","2,234.40","1,194,605"
"19-Feb-2020","2,250.20","2,308.20","2,241.25","2,292.15","1,299,800"
"20-Feb-2020","2,282.20","2,289.95","2,242.50","2,248.25","1,555,224"
"24-Feb-2020","2,236.80","2,262.00","2,210.10","2,215.15","1,409,245"
"25-Feb-2020","2,239.90","2,279.70","2,225.75","2,233.60","2,237,493"
"26-Feb-2020","2,238.80","2,255.70","2,202.35","2,236.20","2,896,154"
"27-Feb-2020","2,241.95","2,259.70","2,200.00","2,254.95","2,446,802"
"28-Feb-2020","2,191.10","2,229.40","2,155.00","2,174.75","3,837,330"
"02-Mar-2020","2,190.00","2,241.95","2,141.85","2,159.45","1,707,337"
"03-Mar-2020","2,171.90","2,189.60","2,141.70","2,166.65","1,753,148"
"04-Mar-2020","2,179.00","2,185.05","2,152.00","2,175.85","1,515,878"
"05-Mar-2020","2,185.00","2,258.65","2,181.85","2,218.00","2,272,645"
"06-Mar-2020","2,185.00","2,250.00","2,159.25","2,188.90","2,479,414"
"09-Mar-2020","2,140.00","2,169.60","2,112.00","2,121.50","2,485,208"
"11-Mar-2020","2,066.00","2,169.45","2,066.00","2,155.00","2,861,649"
"12-Mar-2020","2,102.40","2,123.00","2,031.65","2,055.95","3,655,792"
"13-Mar-2020","1,970.00","2,120.00","1,888.10","2,033.20","3,667,035"
"16-Mar-2020","2,000.00","2,039.20","1,933.90","1,941.90","2,948,704"
"17-Mar-2020","1,955.55","2,088.00","1,951.95","2,004.05","3,732,415"
"18-Mar-2020","2,034.05","2,063.80","1,909.35","1,923.80","3,911,480"
"19-Mar-2020","1,894.30","1,899.00","1,757.30","1,838.30","5,095,023"
"20-Mar-2020","1,850.00","2,078.90","1,850.00","2,051.70","4,252,263"
"23-Mar-2020","1,950.00","1,985.05","1,850.00","1,869.70","3,574,682"
"24-Mar-2020","1,975.00","2,070.95","1,930.00","2,027.85","5,789,906"
"25-Mar-2020","2,010.05","2,138.95","2,001.65","2,088.15","3,959,038"
"26-Mar-2020","2,089.00","2,250.00","2,060.00","2,194.90","3,201,566"
"27-Mar-2020","2,239.00","2,267.65","2,120.50","2,140.55","2,918,796"
"30-Mar-2020","2,123.00","2,213.00","2,102.85","2,184.35","2,809,611"
"31-Mar-2020","2,234.80","2,313.00","2,185.00","2,298.50","2,809,285"
"01-Apr-2020","2,293.20","2,324.90","2,158.05","2,179.65","2,774,689"
"03-Apr-2020","2,234.00","2,254.10","2,127.95","2,154.10","4,121,462"
"07-Apr-2020","2,220.00","2,460.00","2,220.00","2,444.90","8,510,183"
"08-Apr-2020","2,432.00","2,614.30","2,417.40","2,460.85","9,791,892"
"09-Apr-2020","2,499.95","2,500.00","2,345.00","2,372.25","4,770,083"
"13-Apr-2020","2,381.00","2,423.00","2,315.00","2,346.45","3,249,562"
"15-Apr-2020","2,425.95","2,516.60","2,381.50","2,487.55","29,485,532"
"16-Apr-2020","2,466.00","2,526.15","2,421.10","2,436.10","5,388,258"
"17-Apr-2020","2,498.80","2,498.80","2,354.05","2,385.00","4,540,967"
"20-Apr-2020","2,420.00","2,420.00","2,321.00","2,336.55","2,985,278"
"21-Apr-2020","2,283.00","2,378.00","2,282.00","2,317.40","3,227,339"
"22-Apr-2020","2,317.95","2,399.95","2,275.65","2,386.15","2,837,835"
"23-Apr-2020","2,389.00","2,413.00","2,308.05","2,317.50","4,095,595"
"24-Apr-2020","2,311.00","2,338.00","2,280.00","2,283.10","2,169,013"
"27-Apr-2020","2,305.00","2,329.40","2,283.25","2,320.45","2,013,737"
"28-Apr-2020","2,338.65","2,338.65","2,267.00","2,289.95","2,164,048"
"29-Apr-2020","2,290.00","2,291.70","2,221.00","2,231.75","3,642,216"
"30-Apr-2020","2,272.00","2,272.00","2,160.00","2,195.00","8,448,104"
"04-May-2020","2,130.00","2,160.00","2,066.00","2,082.65","8,474,699"
"05-May-2020","2,101.20","2,121.00","2,033.10","2,041.50","4,304,146"
"06-May-2020","2,049.95","2,073.00","2,000.00","2,010.20","5,127,756"
"07-May-2020","1,950.10","2,007.00","1,902.00","1,992.05","185,670,048"
"08-May-2020","2,074.95","2,098.00","2,036.00","2,089.45","16,100,488"
"11-May-2020","2,083.00","2,116.55","2,035.95","2,048.00","11,158,836"
"12-May-2020","2,020.00","2,027.85","1,985.00","2,011.55","14,881,259"
"13-May-2020","2,075.00","2,075.00","1,975.40","1,995.75","8,432,991"
"14-May-2020","1,988.00","2,026.55","1,980.65","2,006.05","8,510,097"
"15-May-2020","2,015.00","2,037.65","2,006.00","2,032.10","5,491,176"
"18-May-2020","2,041.50","2,047.85","1,988.60","2,005.25","7,675,796"
"19-May-2020","2,018.00","2,024.80","1,968.10","1,975.55","5,963,269"
"20-May-2020","1,975.55","2,010.00","1,975.00","1,990.85","3,927,076"
"21-May-2020","1,999.00","2,003.40","1,955.20","1,970.90","4,261,738"
"22-May-2020","1,975.00","1,995.05","1,958.00","1,987.90","5,340,153"
"26-May-2020","2,004.95","2,020.00","1,975.00","1,977.80","4,629,114"
"27-May-2020","1,990.00","2,005.10","1,961.00","1,998.10","4,261,646"
"28-May-2020","2,000.00","2,015.00","1,990.00","2,009.95","5,500,915"
"29-May-2020","2,009.00","2,068.00","2,000.00","2,057.35","8,779,010"
"01-Jun-2020","2,075.00","2,143.00","2,071.20","2,108.55","6,592,707"
"02-Jun-2020","2,122.00","2,125.00","2,090.00","2,107.40","3,268,736"
"03-Jun-2020","2,115.00","2,149.00","2,085.00","2,120.50","4,895,141"
"04-Jun-2020","2,115.00","2,132.40","2,105.25","2,120.60","3,264,780"
"05-Jun-2020","2,124.00","2,128.00","2,085.00","2,087.60","2,981,896"
"08-Jun-2020","2,107.00","2,124.50","2,078.10","2,111.70","4,298,517"
"09-Jun-2020","2,100.00","2,144.80","2,095.05","2,106.50","3,128,155"
"10-Jun-2020","2,115.90","2,130.00","2,096.00","2,119.60","2,421,672"
"11-Jun-2020","2,115.00","2,138.20","2,095.65","2,106.90","2,566,963"
"12-Jun-2020","2,065.25","2,119.00","2,065.00","2,107.25","2,338,562"
"15-Jun-2020","2,114.85","2,131.70","2,056.80","2,084.30","2,830,788"
"16-Jun-2020","2,109.80","2,120.00","2,057.00","2,076.35","2,806,804"
"17-Jun-2020","2,076.00","2,099.00","2,062.30","2,078.25","2,293,343"
"18-Jun-2020","2,070.25","2,084.85","2,054.05","2,065.35","2,326,992"
"19-Jun-2020","2,079.00","2,100.00","2,057.00","2,092.75","4,673,557"
"22-Jun-2020","2,110.00","2,118.90","2,087.00","2,100.80","2,487,252"
"23-Jun-2020","2,115.00","2,172.00","2,101.60","2,155.95","4,309,193"
"24-Jun-2020","2,172.00","2,176.90","2,125.00","2,130.30","3,023,031"
"25-Jun-2020","2,114.30","2,189.90","2,112.00","2,173.15","8,208,083"
"26-Jun-2020","2,179.95","2,179.95","2,138.10","2,154.20","3,176,495"
"29-Jun-2020","2,151.35","2,195.90","2,140.00","2,182.95","3,295,050"
"30-Jun-2020","2,193.80","2,199.95","2,170.00","2,180.00","2,373,121"
"01-Jul-2020","2,183.00","2,191.80","2,160.10","2,170.40","1,532,935"
"02-Jul-2020","2,167.75","2,177.65","2,145.00","2,151.75","2,588,845"
"03-Jul-2020","2,165.50","2,188.00","2,156.35","2,173.70","1,946,326"
"06-Jul-2020","2,180.00","2,180.00","2,153.00","2,161.60","2,375,701"
"07-Jul-2020","2,175.50","2,175.50","2,151.65","2,154.15","2,014,697"
"08-Jul-2020","2,153.60","2,194.00","2,125.00","2,186.05","3,350,115"
"09-Jul-2020","2,183.00","2,219.95","2,171.05","2,175.85","3,039,821"
"10-Jul-2020","2,170.00","2,232.00","2,167.45","2,223.80","3,179,517"
"13-Jul-2020","2,239.00","2,275.00","2,235.00","2,265.25","4,556,688"
"14-Jul-2020","2,264.80","2,269.95","2,226.60","2,234.75","2,403,257"
"15-Jul-2020","2,237.25","2,291.00","2,235.05","2,275.15","2,474,553"
"16-Jul-2020","2,275.25","2,291.30","2,238.00","2,287.85","2,495,150"
"17-Jul-2020","2,285.00","2,340.00","2,281.00","2,334.55","3,088,773"
"20-Jul-2020","2,334.55","2,343.30","2,300.60","2,330.95","2,816,285"
"21-Jul-2020","2,348.00","2,350.00","2,308.00","2,318.00","3,037,830"
"22-Jul-2020","2,330.00","2,330.00","2,241.25","2,248.50","6,950,011"
"23-Jul-2020","2,260.00","2,267.15","2,205.55","2,211.35","3,936,886"
"24-Jul-2020","2,200.00","2,220.00","2,168.05","2,209.30","4,203,390"
"27-Jul-2020","2,217.75","2,235.95","2,184.75","2,221.50","2,209,431"
"28-Jul-2020","2,230.95","2,244.90","2,211.05","2,242.55","1,567,889"
"29-Jul-2020","2,235.00","2,262.20","2,215.00","2,231.30","2,404,989"
"30-Jul-2020","2,231.30","2,238.05","2,190.10","2,195.60","2,046,188"
"31-Jul-2020","2,197.50","2,221.95","2,178.00","2,209.90","1,715,834"
"03-Aug-2020","2,209.80","2,223.05","2,188.55","2,204.50","1,683,798"
"04-Aug-2020","2,209.90","2,218.90","2,175.10","2,197.80","1,981,721"
"05-Aug-2020","2,202.00","2,209.90","2,181.05","2,194.55","1,715,481"
"06-Aug-2020","2,200.00","2,229.00","2,192.05","2,220.45","1,824,540"
"07-Aug-2020","2,223.00","2,234.80","2,205.00","2,210.55","1,778,051"
"10-Aug-2020","2,218.00","2,226.75","2,198.80","2,206.75","1,476,389"
"11-Aug-2020","2,209.05","2,233.00","2,206.00","2,210.65","1,665,204"
"12-Aug-2020","2,200.05","2,209.05","2,190.00","2,195.10","1,170,455"
"13-Aug-2020","2,200.00","2,217.00","2,190.95","2,198.65","1,453,429"
"14-Aug-2020","2,204.00","2,216.00","2,165.05","2,173.90","1,341,691"
"17-Aug-2020","2,181.00","2,203.65","2,168.40","2,196.05","1,559,579"
"18-Aug-2020","2,204.00","2,216.80","2,189.00","2,214.35","1,339,002"
"19-Aug-2020","2,206.00","2,221.50","2,190.00","2,193.60","1,585,132"
"20-Aug-2020","2,186.00","2,197.80","2,176.15","2,185.70","1,768,939"
"21-Aug-2020","2,199.00","2,208.70","2,187.45","2,202.05","1,374,412"
"24-Aug-2020","2,206.00","2,211.65","2,191.20","2,194.40","1,665,474"
"25-Aug-2020","2,194.40","2,197.90","2,175.00","2,179.10","1,774,886"
"26-Aug-2020","2,182.10","2,186.00","2,160.00","2,182.80","2,148,246"
"27-Aug-2020","2,182.10","2,188.00","2,165.00","2,171.25","2,172,278"
"28-Aug-2020","2,179.00","2,182.40","2,145.00","2,151.95","1,939,848"
"31-Aug-2020","2,152.00","2,167.50","2,100.65","2,117.35","3,534,525"
"01-Sep-2020","2,149.95","2,174.90","2,111.75","2,161.65","1,738,013"
"02-Sep-2020","2,171.00","2,185.00","2,136.55","2,141.65","1,667,810"
"03-Sep-2020","2,153.00","2,154.45","2,128.05","2,139.15","1,590,711"
"04-Sep-2020","2,115.00","2,140.90","2,114.00","2,124.65","1,590,491"
"07-Sep-2020","2,126.00","2,174.00","2,103.75","2,162.60","2,363,028"
"08-Sep-2020","2,154.00","2,171.35","2,131.15","2,142.25","1,804,240"
"09-Sep-2020","2,122.00","2,144.20","2,110.00","2,132.25","2,009,945"
"10-Sep-2020","2,142.00","2,143.60","2,118.20","2,133.90","2,137,794"
"11-Sep-2020","2,125.00","2,169.00","2,124.50","2,159.25","1,934,716"
"14-Sep-2020","2,167.00","2,169.70","2,115.00","2,123.50","2,096,976"
"15-Sep-2020","2,136.90","2,137.00","2,109.00","2,124.45","1,224,059"
"16-Sep-2020","2,125.00","2,158.95","2,112.70","2,143.50","2,087,842"
"17-Sep-2020","2,135.00","2,145.05","2,122.25","2,128.20","1,741,644"
"18-Sep-2020","2,120.00","2,127.55","2,090.00","2,098.70","4,475,209"
"21-Sep-2020","2,098.70","2,099.00","2,022.10","2,037.80","3,483,981"
"22-Sep-2020","2,040.55","2,054.75","2,000.05","2,026.80","2,345,712"
"23-Sep-2020","2,035.00","2,060.00","2,025.85","2,052.55","2,410,305"
"24-Sep-2020","2,044.00","2,081.00","2,035.05","2,060.90","3,798,394"
"25-Sep-2020","2,082.00","2,111.00","2,070.85","2,079.05","2,528,928"
"28-Sep-2020","2,083.00","2,092.35","2,060.00","2,063.30","1,524,037"
"29-Sep-2020","2,065.00","2,069.25","2,024.75","2,033.20","2,298,854"
"30-Sep-2020","2,038.95","2,097.00","2,034.00","2,068.25","2,417,400"
"01-Oct-2020","2,090.00","2,108.90","2,070.00","2,095.00","2,131,593"
"05-Oct-2020","2,100.00","2,123.30","2,082.20","2,111.05","1,646,114"
"06-Oct-2020","2,119.00","2,140.00","2,108.05","2,115.90","1,679,500"
"07-Oct-2020","2,123.00","2,150.00","2,113.00","2,139.35","2,428,598"
"08-Oct-2020","2,147.00","2,165.00","2,146.25","2,160.80","1,617,382"
"09-Oct-2020","2,150.00","2,166.95","2,121.10","2,139.65","2,001,031"
"12-Oct-2020","2,145.20","2,147.60","2,123.30","2,138.40","1,741,171"
"13-Oct-2020","2,137.95","2,153.25","2,128.00","2,138.20","1,679,176"
"14-Oct-2020","2,132.60","2,165.00","2,131.00","2,158.15","2,123,033"
"15-Oct-2020","2,160.00","2,179.70","2,141.05","2,152.55","2,344,440"
"16-Oct-2020","2,171.90","2,171.90","2,144.05","2,150.55","1,640,402"
"19-Oct-2020","2,153.55","2,185.00","2,152.10","2,177.80","1,606,069"
"20-Oct-2020","2,182.10","2,208.50","2,132.55","2,173.10","5,855,301"
"21-Oct-2020","2,190.00","2,196.75","2,136.00","2,163.15","3,954,247"
"22-Oct-2020","2,160.00","2,187.25","2,153.20","2,179.35","2,632,959"
"23-Oct-2020","2,188.90","2,188.90","2,140.00","2,143.85","2,805,734"
"26-Oct-2020","2,150.00","2,172.00","2,142.30","2,166.75","1,646,050"
"27-Oct-2020","2,157.00","2,189.00","2,152.45","2,176.70","2,334,908"
"28-Oct-2020","2,183.95","2,183.95","2,144.10","2,164.35","1,555,484"
"29-Oct-2020","2,142.00","2,160.00","2,116.00","2,122.10","1,934,403"
"30-Oct-2020","2,118.20","2,120.00","2,068.00","2,071.30","2,414,328"
"02-Nov-2020","2,072.00","2,087.65","2,056.00","2,072.00","1,486,077"
"03-Nov-2020","2,091.80","2,091.80","2,043.00","2,055.70","2,227,402"
"04-Nov-2020","2,050.00","2,085.00","2,049.95","2,060.05","1,479,878"
"05-Nov-2020","2,087.00","2,112.00","2,061.30","2,102.35","2,083,827"
"06-Nov-2020","2,105.00","2,123.95","2,086.00","2,094.15","2,127,821"
"09-Nov-2020","2,120.00","2,137.65","2,108.05","2,132.55","2,194,404"
"10-Nov-2020","2,140.00","2,144.20","2,092.50","2,136.60","2,471,703"
"11-Nov-2020","2,136.60","2,138.60","2,104.60","2,131.15","2,759,942"
"12-Nov-2020","2,129.00","2,204.00","2,123.25","2,192.10","3,010,512"
"13-Nov-2020","2,205.00","2,218.40","2,178.25","2,185.35","2,799,165"
"14-Nov-2020","2,197.00","2,197.00","2,182.00","2,187.70","258,276"
"17-Nov-2020","2,220.35","2,220.35","2,172.00","2,177.60","2,733,542"
"18-Nov-2020","2,170.00","2,170.00","2,125.90","2,132.10","3,315,051"
"19-Nov-2020","2,125.80","2,147.40","2,114.50","2,130.75","2,704,650"
"20-Nov-2020","2,135.00","2,142.00","2,100.50","2,120.25","2,827,038"
"23-Nov-2020","2,140.00","2,140.00","2,095.00","2,129.40","3,244,576"
"24-Nov-2020","2,132.00","2,161.00","2,122.40","2,157.35","1,989,749"
"25-Nov-2020","2,162.00","2,171.00","2,128.00","2,135.85","1,786,536"
"26-Nov-2020","2,140.00","2,162.00","2,122.55","2,154.20","1,630,887"
"27-Nov-2020","2,167.00","2,167.50","2,126.00","2,138.20","5,687,861"
"01-Dec-2020","2,159.00","2,159.00","2,129.60","2,133.05","2,226,742"
"02-Dec-2020","2,145.00","2,149.90","2,122.10","2,139.30","1,634,682"
"03-Dec-2020","2,153.00","2,156.40","2,120.10","2,127.75","3,469,163"
"04-Dec-2020","2,141.00","2,195.40","2,133.60","2,184.20","3,712,143"
"07-Dec-2020","2,189.25","2,259.60","2,187.00","2,256.15","4,147,649"
"08-Dec-2020","2,259.50","2,278.20","2,240.15","2,260.00","2,768,211"
"09-Dec-2020","2,260.00","2,296.00","2,243.25","2,292.20","2,123,890"
"10-Dec-2020","2,290.00","2,357.90","2,275.05","2,350.45","3,041,370"
"11-Dec-2020","2,366.25","2,385.00","2,333.00","2,374.75","2,611,218"
"14-Dec-2020","2,380.95","2,391.40","2,356.15","2,370.75","1,575,632"
"15-Dec-2020","2,361.00","2,363.95","2,307.30","2,320.05","2,207,176"
"16-Dec-2020","2,317.10","2,354.90","2,303.00","2,343.95","1,748,634"
"17-Dec-2020","2,342.00","2,342.00","2,310.00","2,315.30","1,912,868"
"18-Dec-2020","2,322.00","2,343.90","2,312.00","2,333.45","2,229,891"
"21-Dec-2020","2,343.00","2,350.00","2,265.10","2,305.95","2,003,069"
"22-Dec-2020","2,310.00","2,333.30","2,281.00","2,311.00","1,764,488"
"23-Dec-2020","2,320.00","2,377.30","2,303.25","2,370.35","1,559,556"
"24-Dec-2020","2,382.50","2,410.00","2,360.05","2,402.25","2,489,444"
"28-Dec-2020","2,405.00","2,417.40","2,376.05","2,388.90","1,532,477"
"29-Dec-2020","2,395.00","2,403.00","2,354.20","2,384.30","1,749,013"
"30-Dec-2020","2,390.00","2,414.65","2,376.00","2,406.60","1,924,886"
"31-Dec-2020","2,396.00","2,417.00","2,387.00","2,395.40","1,709,836"
"01-Jan-2021","2,395.40","2,404.00","2,382.00","2,387.55","830,096"
"04-Jan-2021","2,405.00","2,430.00","2,400.70","2,426.50","1,614,486"
"05-Jan-2021","2,405.00","2,456.95","2,405.00","2,450.55","2,356,303"
"06-Jan-2021","2,445.80","2,450.00","2,401.60","2,417.30","1,641,627"
"07-Jan-2021","2,432.00","2,432.70","2,365.00","2,368.85","2,403,881"
"08-Jan-2021","2,390.00","2,400.00","2,360.80","2,391.20","2,797,948"
"11-Jan-2021","2,425.00","2,441.95","2,402.10","2,429.10","2,787,672"
"12-Jan-2021","2,429.80","2,433.10","2,372.00","2,375.90","2,036,708"
"13-Jan-2021","2,381.90","2,398.00","2,364.60","2,372.35","1,702,740"
"14-Jan-2021","2,366.00","2,406.00","2,351.15","2,398.55","2,120,413"
"15-Jan-2021","2,392.50","2,407.00","2,342.80","2,351.15","2,042,957"
"18-Jan-2021","2,374.50","2,374.50","2,320.65","2,332.60","1,733,797"
"19-Jan-2021","2,342.00","2,382.10","2,323.25","2,363.15","1,495,269"
"20-Jan-2021","2,357.00","2,373.95","2,346.30","2,355.95","1,380,562"
"21-Jan-2021","2,376.00","2,399.90","2,350.00","2,367.65","1,521,133"
"22-Jan-2021","2,359.00","2,422.00","2,357.00","2,409.35","2,548,089"
"25-Jan-2021","2,420.00","2,432.35","2,385.00","2,399.60","2,124,424"
"27-Jan-2021","2,425.00","2,425.00","2,335.00","2,391.30","2,460,297"
"28-Jan-2021","2,367.90","2,411.55","2,290.00","2,300.40","3,867,335"
"29-Jan-2021","2,315.10","2,322.30","2,251.00","2,263.90","4,472,694"
"01-Feb-2021","2,276.65","2,285.00","2,226.20","2,248.60","2,717,591"
"02-Feb-2021","2,271.05","2,275.00","2,205.00","2,230.45","4,215,607"
"03-Feb-2021","2,231.50","2,257.00","2,217.60","2,232.85","2,353,429"
"04-Feb-2021","2,239.00","2,259.00","2,226.20","2,245.60","2,908,003"
"05-Feb-2021","2,245.60","2,285.00","2,241.00","2,269.55","4,036,942"
"08-Feb-2021","2,288.00","2,288.70","2,230.30","2,236.65","2,780,672"
"09-Feb-2021","2,247.00","2,254.70","2,210.50","2,216.25","3,131,481"
"10-Feb-2021","2,220.00","2,241.00","2,212.75","2,235.50","2,055,520"
"11-Feb-2021","2,242.00","2,268.00","2,234.05","2,263.00","1,824,480"
"12-Feb-2021","2,268.00","2,272.25","2,232.00","2,241.55","1,222,094"
"15-Feb-2021","2,251.00","2,261.75","2,213.00","2,215.20","2,449,407"
"16-Feb-2021","2,227.00","2,229.05","2,190.05","2,196.10","2,396,356"
"17-Feb-2021","2,196.00","2,201.55","2,160.00","2,163.90","2,447,956"
"18-Feb-2021","2,164.00","2,168.55","2,143.20","2,146.85","3,205,806"
"19-Feb-2021","2,152.90","2,194.00","2,150.00","2,181.10","3,364,030"
"22-Feb-2021","2,205.00","2,205.00","2,161.60","2,167.60","2,678,023"
"23-Feb-2021","2,185.00","2,192.35","2,170.20","2,179.25","2,062,144"
"24-Feb-2021","2,188.50","2,188.50","2,155.55","2,178.85","924,143"
"25-Feb-2021","2,177.00","2,185.00","2,160.00","2,163.30","2,099,460"
"26-Feb-2021","2,158.00","2,182.40","2,120.00","2,132.05","3,413,194"
"01-Mar-2021","2,135.20","2,154.00","2,128.00","2,143.40","1,229,276"
"02-Mar-2021","2,162.00","2,183.90","2,140.55","2,177.95","2,095,135"
"03-Mar-2021","2,205.00","2,205.00","2,173.50","2,193.50","2,031,893"
"04-Mar-2021","2,185.00","2,203.50","2,174.00","2,196.90","2,290,915"
"05-Mar-2021","2,184.60","2,209.95","2,175.25","2,201.10","2,129,837"
"08-Mar-2021","2,210.00","2,216.10","2,169.00","2,174.55","1,440,724"
"09-Mar-2021","2,176.00","2,205.00","2,162.05","2,198.50","1,711,842"
"10-Mar-2021","2,210.50","2,236.90","2,193.20","2,227.85","2,696,085"
"12-Mar-2021","2,236.00","2,239.90","2,200.00","2,204.75","2,038,930"
"15-Mar-2021","2,206.10","2,217.45","2,183.30","2,210.85","1,632,088"
"16-Mar-2021","2,221.35","2,247.50","2,214.30","2,244.05","2,633,605"
"17-Mar-2021","2,254.00","2,262.00","2,219.25","2,226.30","3,703,365"
"18-Mar-2021","2,238.00","2,249.90","2,205.00","2,215.20","2,597,091"
"19-Mar-2021","2,204.10","2,325.25","2,191.50","2,312.05","5,382,214"
"22-Mar-2021","2,310.10","2,356.50","2,302.00","2,353.20","2,471,516"
"23-Mar-2021","2,363.00","2,372.95","2,333.40","2,337.30","1,970,612"
"24-Mar-2021","2,337.30","2,350.90","2,315.55","2,318.60","1,762,743"
"25-Mar-2021","2,318.60","2,322.00","2,231.05","2,237.05","2,495,833"
"26-Mar-2021","2,255.00","2,325.00","2,248.80","2,317.90","1,929,236"
"30-Mar-2021","2,325.00","2,406.00","2,325.00","2,398.75","3,327,205"
"31-Mar-2021","2,386.00","2,438.60","2,381.65","2,431.50","2,709,756"
"01-Apr-2021","2,446.80","2,446.80","2,392.05","2,399.10","1,532,653"
"05-Apr-2021","2,400.00","2,417.20","2,346.50","2,373.20","2,545,447"
"06-Apr-2021","2,382.30","2,411.00","2,377.35","2,408.30","3,683,538"
"07-Apr-2021","2,417.00","2,435.00","2,387.35","2,405.25","1,713,970"
"08-Apr-2021","2,406.00","2,439.00","2,395.60","2,409.90","1,814,515"
"09-Apr-2021","2,424.00","2,483.00","2,424.00","2,476.00","2,604,858"
"12-Apr-2021","2,441.50","2,488.25","2,437.60","2,462.00","2,261,945"
"13-Apr-2021","2,470.00","2,505.90","2,448.80","2,454.40","1,811,781"
"15-Apr-2021","2,497.00","2,497.00","2,421.10","2,460.65","3,352,379"
"16-Apr-2021","2,469.90","2,478.95","2,440.00","2,458.90","1,225,517"
"19-Apr-2021","2,440.00","2,459.70","2,414.05","2,436.65","1,746,316"
"20-Apr-2021","2,456.00","2,456.00","2,383.80","2,397.45","1,589,508"
"22-Apr-2021","2,390.00","2,390.00","2,332.00","2,349.40","1,721,265"
"23-Apr-2021","2,340.00","2,350.00","2,300.00","2,307.75","1,949,756"
"26-Apr-2021","2,324.00","2,369.80","2,311.00","2,360.65","1,946,867"
"27-Apr-2021","2,363.00","2,386.45","2,352.95","2,379.85","1,668,456"
"28-Apr-2021","2,380.00","2,445.00","2,366.30","2,406.55","1,951,215"
"29-Apr-2021","2,433.00","2,448.95","2,384.15","2,407.60","3,151,150"
"30-Apr-2021","2,410.00","2,442.90","2,330.25","2,353.75","4,010,778"
"03-May-2021","2,343.00","2,415.00","2,340.00","2,408.00","1,692,239"
"04-May-2021","2,409.20","2,418.20","2,372.20","2,407.65","1,453,111"
"05-May-2021","2,434.00","2,434.00","2,368.65","2,394.65","1,256,857"
"06-May-2021","2,400.00","2,416.55","2,377.05","2,390.00","1,377,740"
"07-May-2021","2,408.80","2,424.00","2,397.15","2,411.20","1,169,518"
"10-May-2021","2,423.00","2,446.95","2,416.00","2,432.90","988,495"
"11-May-2021","2,425.00","2,426.00","2,394.25","2,402.10","1,019,077"
"12-May-2021","2,389.00","2,389.00","2,325.05","2,328.95","2,053,932"
"14-May-2021","2,328.90","2,382.40","2,326.00","2,376.85","1,388,970"
"17-May-2021","2,385.00","2,395.00","2,366.50","2,376.25","811,243"
"18-May-2021","2,402.10","2,408.35","2,366.95","2,374.25","1,153,722"
"19-May-2021","2,360.00","2,380.00","2,344.00","2,359.75","1,323,590"
"20-May-2021","2,360.00","2,362.00","2,340.00","2,344.15","856,235"
"21-May-2021","2,340.00","2,366.15","2,340.00","2,362.25","771,492"
"24-May-2021","2,355.00","2,359.95","2,325.25","2,336.55","1,194,864"
"25-May-2021","2,355.00","2,369.80","2,338.00","2,344.05","1,098,457"
"26-May-2021","2,355.75","2,370.20","2,345.25","2,354.00","811,095"
"27-May-2021","2,353.00","2,353.00","2,322.90","2,326.40","3,755,182"
"28-May-2021","2,333.35","2,350.00","2,319.35","2,321.70","1,215,325"
"31-May-2021","2,325.00","2,345.00","2,320.15","2,340.05","1,178,704"
"01-Jun-2021","2,347.00","2,363.00","2,330.60","2,358.30","1,141,451"
"02-Jun-2021","2,356.00","2,373.65","2,350.00","2,358.80","1,113,091"
"03-Jun-2021","2,369.00","2,371.05","2,345.00","2,363.25","868,532"
"04-Jun-2021","2,370.00","2,370.00","2,333.95","2,342.05","1,283,795"
"07-Jun-2021","2,354.00","2,354.00","2,331.00","2,339.30","1,128,300"
"08-Jun-2021","2,339.30","2,362.00","2,335.15","2,359.00","1,106,664"
"09-Jun-2021","2,362.00","2,371.95","2,345.60","2,356.00","1,072,858"
"10-Jun-2021","2,364.00","2,399.95","2,355.25","2,378.80","1,944,339"
"11-Jun-2021","2,381.00","2,388.55","2,360.00","2,366.50","1,128,097"
"14-Jun-2021","2,358.40","2,375.10","2,336.60","2,364.60","1,761,632"
"15-Jun-2021","2,360.00","2,395.00","2,360.00","2,391.95","1,215,463"
"16-Jun-2021","2,385.00","2,418.85","2,383.65","2,407.90","2,153,668"
"17-Jun-2021","2,398.00","2,425.90","2,386.40","2,417.70","1,555,777"
"18-Jun-2021","2,420.00","2,496.70","2,405.00","2,482.90","3,937,751"
"21-Jun-2021","2,473.95","2,529.00","2,467.00","2,514.35","2,506,277"
"22-Jun-2021","2,518.10","2,533.95","2,481.65","2,490.25","1,945,883"
"23-Jun-2021","2,495.00","2,514.00","2,458.20","2,480.50","1,035,668"
"24-Jun-2021","2,490.00","2,504.80","2,474.10","2,490.15","759,681"
"25-Jun-2021","2,488.00","2,489.95","2,445.00","2,448.65","1,112,942"
"28-Jun-2021","2,450.10","2,465.00","2,437.30","2,460.20","694,906"
"29-Jun-2021","2,455.00","2,497.50","2,445.00","2,492.55","1,354,397"
"30-Jun-2021","2,492.55","2,505.00","2,463.00","2,471.30","1,447,245"
"01-Jul-2021","2,484.00","2,484.00","2,463.00","2,478.00","735,043"
"02-Jul-2021","2,478.00","2,492.70","2,452.00","2,487.30","860,231"
"05-Jul-2021","2,499.00","2,513.40","2,485.05","2,499.05","761,700"
"06-Jul-2021","2,490.00","2,497.95","2,469.00","2,472.50","461,782"
"07-Jul-2021","2,458.00","2,490.80","2,445.85","2,481.65","623,145"
"08-Jul-2021","2,462.20","2,469.75","2,438.45","2,447.55","1,114,426"
"09-Jul-2021","2,440.00","2,464.50","2,438.45","2,451.45","538,094"
"12-Jul-2021","2,453.00","2,459.90","2,430.00","2,444.15","543,898"
"13-Jul-2021","2,455.00","2,455.55","2,430.00","2,436.70","994,396"
"14-Jul-2021","2,439.80","2,441.35","2,409.00","2,414.85","1,377,829"
"15-Jul-2021","2,425.00","2,425.00","2,401.00","2,412.35","693,792"
"16-Jul-2021","2,420.00","2,430.00","2,406.00","2,417.40","545,405"
"19-Jul-2021","2,400.05","2,417.00","2,398.50","2,408.65","463,873"
"20-Jul-2021","2,403.00","2,460.00","2,403.00","2,434.90","1,061,476"
"22-Jul-2021","2,450.00","2,508.00","2,375.50","2,378.15","3,546,044"
"23-Jul-2021","2,382.00","2,391.75","2,354.70","2,358.10","1,517,589"
"26-Jul-2021","2,357.25","2,360.00","2,338.00","2,348.70","1,311,535"
"27-Jul-2021","2,348.70","2,359.45","2,332.00","2,342.40","1,656,945"
"28-Jul-2021","2,350.00","2,368.45","2,343.10","2,361.40","912,373"
"29-Jul-2021","2,361.40","2,371.40","2,330.00","2,334.75","1,012,663"
"30-Jul-2021","2,340.00","2,356.55","2,318.00","2,333.30","1,708,251"
"02-Aug-2021","2,342.00","2,353.40","2,324.60","2,332.80","1,229,936"
"03-Aug-2021","2,330.00","2,393.00","2,326.10","2,386.85","1,733,476"
"04-Aug-2021","2,386.85","2,394.75","2,367.55","2,377.10","1,588,974"
"05-Aug-2021","2,391.00","2,391.00","2,354.00","2,357.70","921,757"
"06-Aug-2021","2,357.70","2,380.75","2,357.50","2,371.50","1,432,661"
"09-Aug-2021","2,379.45","2,395.00","2,374.85","2,384.50","921,476"
"10-Aug-2021","2,394.00","2,394.00","2,359.10","2,381.80","1,061,370"
"11-Aug-2021","2,390.00","2,395.00","2,362.20","2,390.45","1,300,594"
"12-Aug-2021","2,395.00","2,413.50","2,377.45","2,392.30","1,226,064"
"13-Aug-2021","2,401.00","2,409.65","2,388.00","2,404.50","1,033,159"
"16-Aug-2021","2,404.00","2,436.85","2,392.65","2,426.40","1,146,309"
"17-Aug-2021","2,433.00","2,487.45","2,431.05","2,483.80","1,921,902"
"18-Aug-2021","2,485.00","2,500.00","2,454.00","2,486.05","1,545,643"
"20-Aug-2021","2,490.00","2,630.00","2,476.00","2,619.40","5,779,927"
"23-Aug-2021","2,625.00","2,672.85","2,594.50","2,634.15","2,163,220"
"24-Aug-2021","2,634.00","2,658.00","2,610.00","2,633.00","1,482,854"
"25-Aug-2021","2,632.00","2,666.45","2,620.65","2,645.00","1,746,570"
"26-Aug-2021","2,631.00","2,697.80","2,631.00","2,666.40","2,117,291"
"27-Aug-2021","2,669.00","2,690.00","2,651.10","2,677.95","1,176,229"
"30-Aug-2021","2,691.60","2,705.75","2,671.60","2,687.70","1,168,190"
"31-Aug-2021","2,687.90","2,737.45","2,675.65","2,724.10","2,535,891"
"01-Sep-2021","2,745.00","2,775.00","2,715.00","2,732.90","1,775,792"
"02-Sep-2021","2,748.00","2,810.00","2,730.15","2,801.05","1,946,183"
"03-Sep-2021","2,802.20","2,808.75","2,756.00","2,766.70","1,561,823"
"06-Sep-2021","2,790.00","2,825.00","2,775.30","2,780.60","1,444,978"
"07-Sep-2021","2,788.60","2,808.70","2,770.00","2,777.70","1,219,915"
"08-Sep-2021","2,788.90","2,810.00","2,765.10","2,800.90","946,711"
"09-Sep-2021","2,782.00","2,823.65","2,782.00","2,810.65","879,454"
"13-Sep-2021","2,797.50","2,822.45","2,775.00","2,786.35","1,341,412"
"14-Sep-2021","2,802.00","2,804.00","2,751.05","2,762.55","1,755,061"
"15-Sep-2021","2,774.00","2,785.00","2,749.05","2,775.45","1,362,350"
"16-Sep-2021","2,752.00","2,797.30","2,752.00","2,768.25","1,259,196"
"17-Sep-2021","2,770.10","2,783.00","2,699.00","2,722.25","3,095,032"
"20-Sep-2021","2,720.00","2,809.00","2,710.05","2,800.35","2,671,330"
"21-Sep-2021","2,810.00","2,859.30","2,796.65","2,812.45","2,277,437"
"22-Sep-2021","2,827.90","2,839.90","2,774.00","2,784.50","1,580,594"
"23-Sep-2021","2,799.00","2,817.70","2,772.85","2,782.30","1,054,473"
"24-Sep-2021","2,770.10","2,780.00","2,731.40","2,746.65","1,635,284"
"27-Sep-2021","2,765.00","2,765.00","2,704.50","2,709.50","1,465,932"
"28-Sep-2021","2,725.00","2,754.45","2,709.90","2,723.85","1,078,052"
"29-Sep-2021","2,714.95","2,744.45","2,677.00","2,685.30","1,503,894"
"30-Sep-2021","2,685.30","2,705.30","2,681.95","2,701.80","1,620,199"
"01-Oct-2021","2,706.00","2,712.00","2,680.10","2,704.05","956,111"
"04-Oct-2021","2,700.00","2,724.00","2,679.70","2,686.20","1,025,005"
"05-Oct-2021","2,686.20","2,714.95","2,686.00","2,708.65","562,784"
"06-Oct-2021","2,694.05","2,734.00","2,676.00","2,686.05","862,471"
"07-Oct-2021","2,698.00","2,704.25","2,666.00","2,669.40","1,082,816"
"08-Oct-2021","2,670.50","2,678.55","2,625.40","2,640.05","1,579,941"
"11-Oct-2021","2,642.20","2,665.50","2,635.50","2,645.10","1,086,252"
"12-Oct-2021","2,625.00","2,688.05","2,625.00","2,676.15","1,174,337"
"13-Oct-2021","2,688.10","2,693.60","2,642.60","2,646.75","1,660,007"
"14-Oct-2021","2,646.75","2,676.75","2,620.00","2,649.55","2,158,809"
"18-Oct-2021","2,672.80","2,678.90","2,643.05","2,654.00","1,758,177"
"19-Oct-2021","2,669.90","2,732.00","2,520.50","2,546.80","5,431,133"
"20-Oct-2021","2,569.00","2,584.00","2,470.00","2,478.65","4,864,654"
"21-Oct-2021","2,503.40","2,505.00","2,428.00","2,445.75","3,254,632"
"22-Oct-2021","2,459.00","2,498.25","2,430.00","2,454.10","1,845,622"
"25-Oct-2021","2,454.10","2,463.55","2,410.00","2,455.85","1,560,381"
"26-Oct-2021","2,468.90","2,468.90","2,417.05","2,436.85","1,595,060"
"27-Oct-2021","2,455.00","2,455.20","2,391.15","2,396.60","3,083,879"
"28-Oct-2021","2,400.00","2,416.00","2,368.00","2,389.65","2,015,791"
"29-Oct-2021","2,400.00","2,402.00","2,373.00","2,393.15","2,453,400"
"01-Nov-2021","2,393.00","2,410.90","2,368.25","2,407.10","1,941,114"
"02-Nov-2021","2,415.00","2,428.00","2,402.00","2,418.90","1,350,154"
"03-Nov-2021","2,434.00","2,434.00","2,386.20","2,411.35","1,591,607"
"04-Nov-2021","2,429.00","2,430.00","2,420.00","2,422.85","245,719"
"08-Nov-2021","2,449.00","2,449.00","2,400.10","2,431.90","2,555,533"
"09-Nov-2021","2,439.80","2,446.20","2,416.45","2,431.15","1,696,949"
"10-Nov-2021","2,411.05","2,420.00","2,396.00","2,400.15","1,794,509"
"11-Nov-2021","2,402.70","2,406.95","2,366.20","2,376.20","1,282,647"
"12-Nov-2021","2,388.00","2,413.60","2,376.20","2,404.95","1,651,974"
"15-Nov-2021","2,404.10","2,430.00","2,404.10","2,424.75","1,007,999"
"16-Nov-2021","2,434.65","2,434.65","2,400.10","2,406.65","1,245,209"
"17-Nov-2021","2,404.00","2,410.05","2,387.20","2,391.15","956,809"
"18-Nov-2021","2,390.00","2,406.35","2,370.00","2,399.40","1,236,943"
"22-Nov-2021","2,409.40","2,409.90","2,377.15","2,388.55","1,629,290"
"23-Nov-2021","2,387.80","2,400.00","2,336.50","2,394.20","1,932,539"
"24-Nov-2021","2,406.00","2,406.00","2,367.00","2,374.75","999,070"
"25-Nov-2021","2,387.00","2,387.00","2,341.00","2,349.05","1,363,272"
"26-Nov-2021","2,344.00","2,365.00","2,325.20","2,335.10","2,450,902"
"29-Nov-2021","2,334.40","2,342.25","2,284.70","2,329.40","1,724,612"
"30-Nov-2021","2,322.00","2,361.00","2,302.00","2,317.55","3,931,035"
"01-Dec-2021","2,340.00","2,356.75","2,323.25","2,344.85","1,263,139"
"02-Dec-2021","2,357.00","2,388.00","2,345.00","2,383.30","1,673,117"
"03-Dec-2021","2,383.30","2,389.90","2,337.90","2,343.65","1,890,178"
"06-Dec-2021","2,344.00","2,363.95","2,301.00","2,306.50","1,079,171"
"07-Dec-2021","2,327.90","2,341.65","2,312.00","2,321.60","895,313"
"08-Dec-2021","2,318.25","2,344.45","2,318.25","2,340.60","839,769"
"09-Dec-2021","2,341.00","2,348.60","2,321.55","2,339.75","716,666"
"10-Dec-2021","2,347.00","2,347.00","2,320.00","2,332.80","724,539"
"13-Dec-2021","2,352.00","2,352.00","2,301.00","2,304.35","1,804,894"
"14-Dec-2021","2,305.00","2,324.95","2,304.00","2,318.30","1,219,031"
"15-Dec-2021","2,316.00","2,324.80","2,300.50","2,320.95","755,122"
"16-Dec-2021","2,320.95","2,325.30","2,303.95","2,309.50","926,493"
"17-Dec-2021","2,303.00","2,308.95","2,226.00","2,230.25","2,439,222"
"20-Dec-2021","2,226.00","2,274.35","2,201.15","2,269.10","2,175,705"
"21-Dec-2021","2,290.00","2,302.70","2,252.75","2,272.85","1,591,415"
"22-Dec-2021","2,300.00","2,317.40","2,269.00","2,277.65","1,661,605"
"23-Dec-2021","2,298.95","2,305.00","2,274.60","2,300.65","1,423,081"
"24-Dec-2021","2,310.00","2,313.00","2,283.30","2,296.95","895,503"
"27-Dec-2021","2,296.95","2,308.10","2,278.25","2,301.40","584,302"
"28-Dec-2021","2,310.00","2,318.40","2,297.75","2,309.10","783,710"
"29-Dec-2021","2,314.90","2,321.85","2,299.05","2,306.85","1,410,236"
"30-Dec-2021","2,308.00","2,330.00","2,296.65","2,325.60","963,711"
"31-Dec-2021","2,340.00","2,370.35","2,330.00","2,360.15","1,123,597"
"03-Jan-2022","2,378.00","2,378.00","2,353.00","2,361.30","879,278"
"04-Jan-2022","2,368.95","2,408.10","2,355.35","2,401.25","1,484,275"
"05-Jan-2022","2,403.80","2,420.00","2,392.00","2,415.80","1,202,512"
"06-Jan-2022","2,398.00","2,412.00","2,367.70","2,391.40","1,198,901"
"07-Jan-2022","2,388.00","2,421.90","2,388.00","2,416.15","1,026,186"
"10-Jan-2022","2,425.00","2,425.00","2,402.00","2,407.05","919,447"
"11-Jan-2022","2,417.15","2,418.30","2,392.00","2,403.65","1,321,335"
"12-Jan-2022","2,407.20","2,416.00","2,398.50","2,413.15","1,487,554"
"13-Jan-2022","2,418.00","2,421.90","2,403.25","2,414.20","1,586,299"
"14-Jan-2022","2,420.00","2,421.00","2,360.80","2,363.70","1,596,037"
"17-Jan-2022","2,364.00","2,394.20","2,345.00","2,389.55","912,205"
"18-Jan-2022","2,408.70","2,408.70","2,357.40","2,369.50","1,667,579"
"19-Jan-2022","2,364.00","2,368.60","2,305.05","2,309.90","2,145,255"
"20-Jan-2022","2,325.00","2,325.55","2,243.00","2,261.80","2,829,711"
"21-Jan-2022","2,264.80","2,334.35","2,250.00","2,325.40","4,596,050"
"24-Jan-2022","2,338.90","2,344.95","2,266.70","2,284.60","2,231,103"
"25-Jan-2022","2,283.50","2,333.70","2,240.90","2,327.25","1,843,543"
"27-Jan-2022","2,310.00","2,325.60","2,275.00","2,295.35","2,620,474"
"28-Jan-2022","2,294.60","2,318.70","2,278.05","2,283.55","1,967,721"
"31-Jan-2022","2,290.00","2,311.85","2,271.00","2,273.75","1,639,875"
"01-Feb-2022","2,303.30","2,320.00","2,278.40","2,305.65","1,270,508"
"02-Feb-2022","2,324.10","2,333.00","2,296.55","2,327.90","1,246,111"
"03-Feb-2022","2,329.00","2,331.95","2,290.00","2,298.15","1,448,039"
"04-Feb-2022","2,306.00","2,312.75","2,283.00","2,306.60","1,014,561"
"07-Feb-2022","2,295.25","2,316.70","2,237.00","2,257.60","1,207,402"
"08-Feb-2022","2,268.00","2,268.00","2,246.55","2,264.35","1,190,660"
"09-Feb-2022","2,267.55","2,280.35","2,255.60","2,277.65","1,049,611"
"10-Feb-2022","2,280.00","2,285.00","2,255.85","2,283.15","1,195,100"
"11-Feb-2022","2,279.00","2,279.00","2,249.00","2,258.00","2,100,036"
"14-Feb-2022","2,220.00","2,236.25","2,207.00","2,228.55","1,661,501"
"15-Feb-2022","2,247.95","2,304.15","2,222.55","2,290.10","1,533,070"
"16-Feb-2022","2,290.10","2,303.75","2,275.00","2,286.50","995,668"
"17-Feb-2022","2,282.00","2,313.00","2,276.00","2,307.55","869,374"
"18-Feb-2022","2,294.00","2,327.80","2,294.00","2,312.55","890,713"
"21-Feb-2022","2,298.00","2,304.05","2,284.75","2,294.80","737,919"
"22-Feb-2022","2,280.00","2,280.00","2,250.10","2,269.95","902,667"
"23-Feb-2022","2,270.00","2,273.95","2,252.25","2,260.40","1,324,411"
"24-Feb-2022","2,200.00","2,242.00","2,160.30","2,171.40","2,997,629"
"25-Feb-2022","2,195.00","2,196.00","2,162.15","2,170.70","2,193,728"
"28-Feb-2022","2,164.00","2,179.90","2,120.00","2,172.10","2,334,036"
"02-Mar-2022","2,128.95","2,154.80","2,123.05","2,149.10","2,034,688"
"03-Mar-2022","2,157.90","2,167.95","2,086.60","2,091.00","2,372,998"
"04-Mar-2022","2,075.00","2,077.95","1,975.25","2,019.50","6,320,118"
"07-Mar-2022","1,979.50","1,980.15","1,927.00","1,943.95","2,976,453"
"08-Mar-2022","1,924.55","1,958.00","1,901.55","1,949.00","3,211,938"
"09-Mar-2022","1,964.00","2,007.05","1,951.00","1,997.90","2,879,079"
"10-Mar-2022","2,051.90","2,114.00","2,049.00","2,101.95","4,879,791"
"11-Mar-2022","2,100.00","2,110.20","2,070.00","2,094.40","2,481,643"
"14-Mar-2022","2,095.00","2,095.00","2,046.10","2,059.30","1,730,325"
"15-Mar-2022","2,045.00","2,080.80","2,025.00","2,038.20","2,391,023"
"16-Mar-2022","2,060.00","2,080.00","2,032.05","2,072.15","2,808,685"
"17-Mar-2022","2,098.10","2,116.70","2,082.35","2,102.05","2,995,889"
"21-Mar-2022","2,106.50","2,110.90","2,046.00","2,051.20","1,674,982"
"22-Mar-2022","2,053.75","2,053.75","1,969.00","1,993.50","5,356,303"
"23-Mar-2022","2,012.00","2,016.55","1,975.25","1,978.55","3,212,162"
"24-Mar-2022","1,970.00","1,991.35","1,951.35","1,965.90","3,054,664"
"25-Mar-2022","1,974.90","1,977.00","1,945.00","1,953.00","2,233,647"
"28-Mar-2022","1,959.95","1,980.80","1,931.30","1,975.10","1,794,533"
"29-Mar-2022","1,980.00","1,994.85","1,974.05","1,987.05","1,249,125"
"30-Mar-2022","2,000.00","2,019.00","1,995.05","2,015.90","1,476,829"
"31-Mar-2022","2,019.40","2,054.00","2,018.00","2,048.65","2,540,524"
"01-Apr-2022","2,054.90","2,085.85","2,038.40","2,078.15","1,714,996"
"04-Apr-2022","2,078.00","2,132.45","2,070.20","2,128.45","1,693,019"
"05-Apr-2022","2,144.50","2,158.00","2,127.00","2,139.80","1,277,652"
"06-Apr-2022","2,135.00","2,164.40","2,121.30","2,142.05","1,736,115"
"07-Apr-2022","2,139.95","2,175.00","2,135.10","2,164.80","1,824,732"
"08-Apr-2022","2,177.70","2,193.50","2,163.50","2,183.05","1,693,462"
"11-Apr-2022","2,188.00","2,194.10","2,138.90","2,163.05","1,380,107"
"12-Apr-2022","2,140.90","2,165.00","2,125.00","2,132.25","1,370,233"
"13-Apr-2022","2,137.70","2,165.00","2,130.70","2,152.15","1,071,601"
"18-Apr-2022","2,148.00","2,182.90","2,135.05","2,177.65","1,828,131"
"19-Apr-2022","2,185.70","2,206.85","2,101.05","2,113.05","1,775,996"
"20-Apr-2022","2,114.40","2,168.65","2,092.70","2,164.95","1,511,804"
"21-Apr-2022","2,185.00","2,203.75","2,168.00","2,197.95","2,244,813"
"22-Apr-2022","2,182.00","2,189.00","2,120.00","2,126.95","3,520,828"
"25-Apr-2022","2,100.00","2,162.00","2,047.00","2,100.75","2,437,310"
"26-Apr-2022","2,142.20","2,157.95","2,121.00","2,148.35","1,447,088"
"27-Apr-2022","2,147.80","2,152.40","2,103.50","2,145.10","2,214,481"
"28-Apr-2022","2,230.00","2,250.00","2,165.00","2,241.85","5,865,359"
"29-Apr-2022","2,244.40","2,290.00","2,222.55","2,234.85","2,678,692"
"02-May-2022","2,220.00","2,252.00","2,205.90","2,230.50","1,543,544"
"04-May-2022","2,241.95","2,250.85","2,148.65","2,171.55","1,608,395"
"05-May-2022","2,178.00","2,201.95","2,153.60","2,166.60","1,101,451"
"06-May-2022","2,125.00","2,170.00","2,106.20","2,149.20","1,585,602"
"09-May-2022","2,121.50","2,139.40","2,110.15","2,116.65","1,341,414"
"10-May-2022","2,134.00","2,197.90","2,119.00","2,180.40","2,162,232"
"11-May-2022","2,185.00","2,189.70","2,116.00","2,163.50","1,858,636"
"12-May-2022","2,164.85","2,164.85","2,109.20","2,138.80","1,531,515"
"13-May-2022","2,170.00","2,218.00","2,154.15","2,194.10","2,057,239"
"16-May-2022","2,200.00","2,221.95","2,172.30","2,217.25","1,396,818"
"17-May-2022","2,237.90","2,277.00","2,221.30","2,245.00","2,055,096"
"18-May-2022","2,236.10","2,302.00","2,236.10","2,291.40","2,137,455"
"19-May-2022","2,245.60","2,283.80","2,245.45","2,264.55","1,734,602"
"20-May-2022","2,290.00","2,348.00","2,282.70","2,325.95","2,599,505"
"23-May-2022","2,309.00","2,388.00","2,306.35","2,379.80","2,363,306"
"24-May-2022","2,380.00","2,380.00","2,302.05","2,309.65","3,078,655"
"25-May-2022","2,329.95","2,329.95","2,286.50","2,298.70","1,884,260"
"26-May-2022","2,290.15","2,296.00","2,258.00","2,280.20","2,299,127"
"27-May-2022","2,297.00","2,334.90","2,280.50","2,330.60","1,011,303"
"30-May-2022","2,342.20","2,365.00","2,331.00","2,348.95","939,562"
"31-May-2022","2,360.00","2,367.90","2,303.90","2,353.25","3,123,979"
"01-Jun-2022","2,370.00","2,413.80","2,302.00","2,308.45","2,197,599"
"02-Jun-2022","2,295.00","2,306.95","2,257.15","2,284.80","1,460,335"
"03-Jun-2022","2,284.00","2,324.95","2,265.15","2,291.95","1,845,303"
"06-Jun-2022","2,272.20","2,301.95","2,247.60","2,280.50","2,131,405"
"07-Jun-2022","2,250.00","2,259.85","2,207.05","2,211.60","2,034,730"
"08-Jun-2022","2,215.00","2,218.95","2,186.00","2,197.05","1,506,843"
"09-Jun-2022","2,197.00","2,208.35","2,170.75","2,197.70","1,497,867"
"10-Jun-2022","2,163.00","2,208.85","2,162.80","2,199.90","1,641,981"
"13-Jun-2022","2,168.00","2,217.00","2,156.00","2,196.90","1,519,441"
"14-Jun-2022","2,190.85","2,213.95","2,160.00","2,171.00","1,592,475"
"15-Jun-2022","2,158.70","2,158.90","2,131.00","2,146.55","1,432,377"
"16-Jun-2022","2,145.00","2,164.00","2,135.05","2,146.70","1,353,485"
"17-Jun-2022","2,160.00","2,160.40","2,100.00","2,110.45","3,252,189"
"20-Jun-2022","2,111.00","2,202.90","2,108.15","2,195.90","2,022,000"
"21-Jun-2022","2,195.00","2,232.00","2,172.15","2,205.00","1,606,187"
"22-Jun-2022","2,189.20","2,224.90","2,186.05","2,202.85","1,741,378"
"23-Jun-2022","2,208.00","2,257.35","2,192.10","2,252.60","1,585,753"
"24-Jun-2022","2,265.00","2,318.80","2,260.05","2,303.90","1,930,048"
"27-Jun-2022","2,315.85","2,331.85","2,298.05","2,320.65","1,450,391"
"28-Jun-2022","2,320.65","2,324.00","2,277.85","2,317.65","1,404,108"
"29-Jun-2022","2,296.20","2,299.90","2,225.00","2,233.45","1,682,914"
"30-Jun-2022","2,224.90","2,249.00","2,213.40","2,230.60","2,387,212"
"01-Jul-2022","2,226.00","2,293.00","2,203.60","2,282.35","1,235,612"
"04-Jul-2022","2,276.00","2,378.30","2,276.00","2,375.20","2,410,245"
"05-Jul-2022","2,384.50","2,412.00","2,371.60","2,401.50","2,463,079"
"06-Jul-2022","2,400.00","2,509.10","2,400.00","2,498.40","4,770,394"
"07-Jul-2022","2,505.00","2,531.00","2,465.50","2,472.95","3,333,262"
"08-Jul-2022","2,476.45","2,503.80","2,452.80","2,496.85","1,346,970"
"11-Jul-2022","2,487.00","2,525.00","2,480.00","2,490.60","1,587,249"
"12-Jul-2022","2,475.00","2,490.60","2,444.45","2,449.55","1,116,476"
"13-Jul-2022","2,464.00","2,519.35","2,461.40","2,497.75","2,528,792"
"14-Jul-2022","2,502.75","2,522.90","2,468.20","2,497.80","1,663,307"
"15-Jul-2022","2,530.00","2,573.90","2,502.05","2,568.50","2,996,964"
"18-Jul-2022","2,581.00","2,605.00","2,533.05","2,553.50","1,566,888"
"19-Jul-2022","2,549.95","2,575.00","2,522.75","2,567.95","1,473,121"
"20-Jul-2022","2,575.00","2,618.00","2,535.60","2,604.50","4,012,897"
"21-Jul-2022","2,617.00","2,629.90","2,591.70","2,607.45","1,990,695"
"22-Jul-2022","2,617.00","2,643.20","2,611.05","2,640.60","1,905,780"
"25-Jul-2022","2,645.50","2,654.00","2,612.00","2,623.60","1,253,821"
"26-Jul-2022","2,625.00","2,625.00","2,538.10","2,547.10","1,685,576"
"27-Jul-2022","2,535.35","2,590.50","2,525.00","2,581.95","1,404,133"
"28-Jul-2022","2,625.00","2,625.00","2,585.00","2,620.10","1,442,054"
"29-Jul-2022","2,640.00","2,645.00","2,596.00","2,637.40","1,463,059"
"01-Aug-2022","2,637.50","2,638.00","2,580.00","2,593.00","1,559,918"
"02-Aug-2022","2,600.00","2,639.10","2,599.00","2,635.25","1,359,934"
"03-Aug-2022","2,615.25","2,664.00","2,597.90","2,626.35","1,767,904"
"04-Aug-2022","2,634.00","2,643.45","2,615.00","2,627.95","1,189,384"
"05-Aug-2022","2,638.00","2,657.65","2,627.55","2,645.40","1,176,666"
"08-Aug-2022","2,645.40","2,658.00","2,626.05","2,650.35","1,024,511"
"10-Aug-2022","2,650.35","2,676.70","2,631.20","2,642.80","1,098,949"
"11-Aug-2022","2,656.05","2,667.75","2,606.60","2,613.70","810,674"
"12-Aug-2022","2,624.90","2,626.10","2,585.10","2,594.95","1,473,527"
"16-Aug-2022","2,607.95","2,648.35","2,590.55","2,644.50","1,584,117"
"17-Aug-2022","2,651.00","2,694.00","2,644.50","2,684.65","1,711,381"
"18-Aug-2022","2,685.00","2,715.00","2,664.65","2,682.05","1,465,489"
"19-Aug-2022","2,689.00","2,698.95","2,626.50","2,634.55","1,324,508"
"22-Aug-2022","2,648.00","2,666.80","2,620.10","2,626.70","1,410,895"
"23-Aug-2022","2,602.05","2,629.70","2,585.25","2,592.75","1,305,045"
"24-Aug-2022","2,576.00","2,610.00","2,561.30","2,588.25","1,242,489"
"25-Aug-2022","2,601.20","2,628.40","2,565.45","2,574.20","1,106,593"
"26-Aug-2022","2,599.90","2,614.70","2,562.00","2,571.55","1,048,791"
"29-Aug-2022","2,550.00","2,607.90","2,550.00","2,575.80","1,450,034"
"30-Aug-2022","2,588.70","2,667.00","2,585.60","2,659.85","2,227,943"
"01-Sep-2022","2,650.00","2,655.00","2,594.00","2,606.00","1,702,269"
"02-Sep-2022","2,615.00","2,623.00","2,585.00","2,603.60","937,600"
"05-Sep-2022","2,597.00","2,622.40","2,586.10","2,600.60","1,274,074"
"06-Sep-2022","2,591.20","2,620.00","2,563.00","2,573.10","1,250,776"
"07-Sep-2022","2,571.80","2,596.90","2,560.80","2,564.60","1,344,964"
"08-Sep-2022","2,580.00","2,596.00","2,563.00","2,577.15","1,004,533"
"09-Sep-2022","2,598.00","2,647.00","2,583.45","2,588.70","1,785,443"
"12-Sep-2022","2,591.00","2,605.00","2,574.00","2,580.40","1,595,709"
"13-Sep-2022","2,598.00","2,609.00","2,579.00","2,586.60","1,342,130"
"14-Sep-2022","2,550.00","2,606.00","2,546.70","2,571.40","1,610,054"
"15-Sep-2022","2,580.00","2,598.80","2,551.00","2,560.40","1,199,906"
"16-Sep-2022","2,555.00","2,563.85","2,518.65","2,528.15","2,516,820"
"19-Sep-2022","2,531.00","2,588.00","2,508.05","2,579.25","1,166,725"
"20-Sep-2022","2,598.60","2,621.50","2,579.60","2,583.55","1,253,333"
"21-Sep-2022","2,582.00","2,646.75","2,580.00","2,623.60","1,960,049"
"22-Sep-2022","2,623.10","2,701.25","2,620.05","2,692.75","2,620,240"
"23-Sep-2022","2,697.90","2,723.75","2,674.00","2,682.05","1,789,791"
"26-Sep-2022","2,668.50","2,729.00","2,643.05","2,660.55","2,678,551"
"27-Sep-2022","2,676.00","2,713.75","2,653.40","2,679.25","1,898,501"
"28-Sep-2022","2,669.95","2,708.75","2,652.05","2,702.10","1,526,197"
"29-Sep-2022","2,711.10","2,727.00","2,691.10","2,700.55","2,019,666"
"30-Sep-2022","2,707.00","2,714.90","2,667.90","2,696.45","1,340,054"
"03-Oct-2022","2,723.00","2,734.00","2,617.55","2,622.50","1,683,197"
"04-Oct-2022","2,650.00","2,676.50","2,634.15","2,667.95","1,327,939"
"06-Oct-2022","2,681.30","2,692.30","2,605.05","2,614.00","1,752,351"
"07-Oct-2022","2,611.90","2,613.00","2,575.00","2,599.70","1,025,923"
"10-Oct-2022","2,570.00","2,610.70","2,542.00","2,605.60","1,043,728"
"11-Oct-2022","2,610.00","2,610.55","2,545.00","2,550.65","1,129,783"
"12-Oct-2022","2,563.45","2,604.60","2,554.20","2,591.35","882,873"
"13-Oct-2022","2,583.00","2,607.15","2,562.90","2,566.40","753,331"
"14-Oct-2022","2,590.00","2,624.90","2,570.20","2,575.80","1,001,536"
"17-Oct-2022","2,573.60","2,609.95","2,568.00","2,590.55","778,918"
"18-Oct-2022","2,620.00","2,642.00","2,597.00","2,602.25","1,123,374"
"19-Oct-2022","2,615.30","2,617.50","2,578.40","2,583.00","1,241,979"
"20-Oct-2022","2,568.15","2,610.00","2,568.15","2,600.90","1,428,125"
"21-Oct-2022","2,606.00","2,666.75","2,606.00","2,653.90","2,458,302"
"24-Oct-2022","2,610.10","2,640.00","2,550.00","2,573.10","719,908"
"25-Oct-2022","2,586.00","2,586.00","2,500.00","2,505.40","2,923,789"
"27-Oct-2022","2,494.00","2,530.00","2,488.00","2,519.00","1,846,329"
"28-Oct-2022","2,526.10","2,550.90","2,512.00","2,524.25","1,164,951"
"31-Oct-2022","2,545.00","2,572.00","2,542.05","2,550.70","1,324,443"
"01-Nov-2022","2,569.00","2,575.85","2,547.60","2,551.80","1,280,132"
"02-Nov-2022","2,564.00","2,564.00","2,501.40","2,518.30","1,338,284"
"03-Nov-2022","2,515.70","2,549.00","2,508.30","2,546.35","730,444"
"04-Nov-2022","2,544.95","2,546.00","2,515.25","2,520.35","889,055"
"07-Nov-2022","2,531.10","2,552.00","2,517.00","2,532.80","1,283,685"
"09-Nov-2022","2,510.00","2,544.90","2,492.65","2,508.80","1,436,444"
"10-Nov-2022","2,504.00","2,538.00","2,501.05","2,513.60","1,459,152"
"11-Nov-2022","2,545.00","2,546.80","2,495.00","2,503.05","1,162,847"
"14-Nov-2022","2,506.80","2,513.75","2,455.15","2,457.80","2,137,131"
"15-Nov-2022","2,457.80","2,469.00","2,444.15","2,457.50","1,558,333"
"16-Nov-2022","2,463.55","2,483.00","2,428.10","2,477.85","1,330,395"
"17-Nov-2022","2,479.95","2,498.00","2,454.25","2,460.00","960,476"
"18-Nov-2022","2,470.00","2,488.55","2,448.85","2,483.70","1,075,675"
"21-Nov-2022","2,483.70","2,512.00","2,470.05","2,501.40","1,354,881"
"22-Nov-2022","2,505.90","2,524.00","2,497.00","2,515.70","921,265"
"23-Nov-2022","2,521.00","2,525.00","2,502.00","2,507.35","734,152"
"24-Nov-2022","2,517.00","2,560.00","2,511.15","2,549.15","999,929"
"25-Nov-2022","2,555.00","2,555.40","2,518.20","2,537.45","783,480"
"28-Nov-2022","2,527.00","2,542.50","2,521.80","2,525.20","830,905"
"29-Nov-2022","2,527.20","2,639.95","2,527.20","2,634.20","2,542,932"
"30-Nov-2022","2,634.00","2,698.00","2,623.00","2,684.35","3,698,270"
"01-Dec-2022","2,680.00","2,683.00","2,646.85","2,662.85","1,675,569"
"02-Dec-2022","2,660.00","2,660.00","2,607.15","2,615.10","2,101,890"
"05-Dec-2022","2,600.00","2,625.00","2,585.15","2,619.85","1,640,511"
"06-Dec-2022","2,606.80","2,659.95","2,603.85","2,654.55","1,484,562"
"07-Dec-2022","2,660.05","2,719.80","2,656.25","2,707.35","2,368,561"
"08-Dec-2022","2,695.05","2,711.05","2,685.75","2,705.45","1,314,703"
"09-Dec-2022","2,724.70","2,741.60","2,711.25","2,722.25","1,883,397"
"12-Dec-2022","2,702.20","2,724.00","2,688.65","2,717.25","1,163,204"
"13-Dec-2022","2,717.00","2,720.00","2,697.80","2,710.30","1,265,839"
"14-Dec-2022","2,720.00","2,720.00","2,671.35","2,684.65","886,858"
"15-Dec-2022","2,668.35","2,683.25","2,648.45","2,663.25","990,722"
"16-Dec-2022","2,668.00","2,687.70","2,653.30","2,671.30","1,793,864"
"19-Dec-2022","2,671.30","2,720.00","2,671.30","2,718.10","1,546,941"
"20-Dec-2022","2,706.00","2,706.05","2,653.25","2,674.55","827,567"
"21-Dec-2022","2,687.95","2,695.15","2,650.10","2,666.20","779,092"
"22-Dec-2022","2,676.50","2,688.50","2,642.00","2,645.35","852,567"
"23-Dec-2022","2,632.00","2,649.55","2,608.05","2,621.10","1,189,702"
"26-Dec-2022","2,620.95","2,637.85","2,606.75","2,617.45","605,144"
"27-Dec-2022","2,625.00","2,634.90","2,575.25","2,593.25","870,960"
"28-Dec-2022","2,593.00","2,603.10","2,578.10","2,583.60","822,651"
"29-Dec-2022","2,580.25","2,583.30","2,539.40","2,568.05","1,345,863"
"30-Dec-2022","2,579.95","2,586.45","2,555.20","2,561.05","696,432"
"02-Jan-2023","2,573.90","2,580.05","2,538.05","2,558.40","681,703"
"03-Jan-2023","2,550.05","2,562.00","2,535.00","2,542.05","821,843"
"04-Jan-2023","2,550.50","2,558.40","2,527.05","2,536.10","1,672,649"
"05-Jan-2023","2,537.55","2,591.95","2,537.50","2,583.70","2,008,493"
"06-Jan-2023","2,580.00","2,611.90","2,574.90","2,576.45","991,782"
"09-Jan-2023","2,589.35","2,629.45","2,570.00","2,624.05","1,267,078"
"10-Jan-2023","2,624.05","2,653.35","2,615.10","2,643.85","1,413,088"
"11-Jan-2023","2,644.00","2,647.85","2,588.10","2,593.25","1,471,687"
"12-Jan-2023","2,586.10","2,602.60","2,572.75","2,590.05","1,703,829"
"13-Jan-2023","2,590.20","2,639.25","2,566.65","2,624.00","1,348,015"
"16-Jan-2023","2,627.95","2,627.95","2,584.00","2,597.10","930,068"
"17-Jan-2023","2,605.45","2,675.00","2,601.80","2,667.55","1,892,865"
"18-Jan-2023","2,668.00","2,693.50","2,660.00","2,686.20","2,038,075"
"19-Jan-2023","2,670.10","2,679.30","2,611.90","2,649.75","1,649,842"
"20-Jan-2023","2,550.00","2,605.00","2,536.05","2,548.75","4,569,549"
"23-Jan-2023","2,560.00","2,604.00","2,552.00","2,596.40","1,388,360"
"24-Jan-2023","2,604.00","2,610.00","2,580.80","2,600.50","1,462,462"
"25-Jan-2023","2,600.50","2,642.00","2,594.00","2,622.35","1,591,810"
"27-Jan-2023","2,635.50","2,646.55","2,578.20","2,612.15","1,581,382"
"30-Jan-2023","2,610.00","2,610.00","2,530.20","2,568.15","2,744,039"
"31-Jan-2023","2,568.00","2,590.20","2,541.20","2,576.75","2,366,794"
"01-Feb-2023","2,600.20","2,603.00","2,546.85","2,574.25","2,014,615"
"02-Feb-2023","2,569.50","2,639.75","2,563.00","2,634.85","1,980,667"
"03-Feb-2023","2,640.00","2,657.45","2,631.15","2,648.75","1,638,238"
"06-Feb-2023","2,631.00","2,645.00","2,599.75","2,637.60","1,697,446"
"07-Feb-2023","2,645.00","2,645.55","2,595.30","2,601.20","1,495,745"
"08-Feb-2023","2,592.70","2,607.50","2,578.35","2,582.80","1,061,956"
"09-Feb-2023","2,587.00","2,599.90","2,566.00","2,586.70","1,102,484"
"10-Feb-2023","2,585.00","2,586.65","2,555.35","2,577.50","1,523,011"
"13-Feb-2023","2,560.00","2,590.75","2,550.00","2,581.00","1,146,525"
"14-Feb-2023","2,585.00","2,602.00","2,570.20","2,579.60","1,944,364"
"15-Feb-2023","2,550.00","2,571.80","2,537.00","2,548.45","2,009,134"
"16-Feb-2023","2,560.00","2,561.90","2,522.85","2,527.10","1,982,857"
"17-Feb-2023","2,525.00","2,546.25","2,506.90","2,515.50","1,395,341"
"20-Feb-2023","2,518.00","2,543.00","2,508.20","2,511.45","632,091"
"21-Feb-2023","2,528.00","2,543.95","2,512.30","2,516.15","862,797"
"22-Feb-2023","2,516.15","2,523.55","2,482.75","2,494.05","885,515"
"23-Feb-2023","2,492.00","2,515.90","2,480.10","2,490.65","757,215"
"24-Feb-2023","2,492.20","2,511.25","2,471.95","2,484.20","732,783"
"27-Feb-2023","2,487.00","2,487.00","2,456.00","2,468.15","853,991"
"28-Feb-2023","2,469.75","2,474.35","2,435.65","2,460.65","1,780,454"
"01-Mar-2023","2,458.00","2,470.00","2,448.00","2,466.25","967,339"
"02-Mar-2023","2,466.25","2,470.00","2,444.00","2,455.35","827,174"
"03-Mar-2023","2,466.00","2,489.90","2,455.65","2,471.00","1,176,008"
"06-Mar-2023","2,481.95","2,498.85","2,475.60","2,484.85","1,214,503"
"08-Mar-2023","2,487.00","2,501.40","2,467.20","2,485.10","1,448,340"
"09-Mar-2023","2,484.85","2,491.95","2,456.90","2,461.40","1,038,910"
"10-Mar-2023","2,450.00","2,470.50","2,445.10","2,465.45","772,024"
"13-Mar-2023","2,466.00","2,488.50","2,445.00","2,455.10","1,314,549"
"14-Mar-2023","2,462.00","2,472.00","2,439.75","2,442.45","1,250,763"
"15-Mar-2023","2,451.90","2,459.50","2,393.00","2,406.10","1,738,040"
"16-Mar-2023","2,424.95","2,469.30","2,407.75","2,459.35","1,628,035"
"17-Mar-2023","2,471.65","2,483.20","2,439.80","2,447.40","2,127,178"
"20-Mar-2023","2,447.40","2,516.65","2,425.00","2,511.20","1,561,128"
"21-Mar-2023","2,515.00","2,523.25","2,458.75","2,462.60","1,595,161"
"22-Mar-2023","2,472.60","2,481.40","2,454.40","2,476.35","1,063,244"
"23-Mar-2023","2,475.00","2,500.05","2,466.00","2,485.10","1,578,627"
"24-Mar-2023","2,472.20","2,497.90","2,470.00","2,480.80","1,449,326"
"27-Mar-2023","2,485.00","2,505.00","2,464.00","2,499.00","1,387,736"
"28-Mar-2023","2,509.80","2,513.50","2,471.90","2,482.80","1,412,387"
"29-Mar-2023","2,485.00","2,539.80","2,480.05","2,530.85","2,613,254"
"31-Mar-2023","2,558.80","2,568.45","2,516.55","2,560.35","2,146,167"
"03-Apr-2023","2,570.00","2,570.00","2,515.05","2,536.10","918,048"
"05-Apr-2023","2,512.50","2,588.55","2,502.00","2,582.75","1,489,612"
"06-Apr-2023","2,575.00","2,585.00","2,553.00","2,565.25","797,414"
"10-Apr-2023","2,565.25","2,568.95","2,525.00","2,532.15","853,322"
"11-Apr-2023","2,540.00","2,555.00","2,533.00","2,547.75","913,184"
"12-Apr-2023","2,556.00","2,556.00","2,518.65","2,528.95","1,109,809"
"13-Apr-2023","2,525.00","2,562.35","2,525.00","2,536.20","1,261,711"
"17-Apr-2023","2,573.00","2,579.00","2,541.40","2,551.85","1,566,977"
"18-Apr-2023","2,560.00","2,560.00","2,530.00","2,541.05","1,474,786"
"19-Apr-2023","2,548.00","2,548.00","2,510.25","2,531.60","1,320,243"
"20-Apr-2023","2,517.80","2,532.40","2,480.00","2,492.60","1,401,364"
"21-Apr-2023","2,492.00","2,509.50","2,485.65","2,497.95","1,206,288"
"24-Apr-2023","2,502.00","2,504.90","2,475.10","2,499.75","1,735,797"
"25-Apr-2023","2,490.85","2,499.75","2,478.05","2,490.45","1,701,098"
"26-Apr-2023","2,490.00","2,518.00","2,482.20","2,510.80","1,245,903"
"27-Apr-2023","2,513.95","2,522.00","2,457.00","2,468.95","2,743,893"
"28-Apr-2023","2,436.05","2,467.80","2,419.00","2,457.30","3,761,927"
"02-May-2023","2,471.80","2,478.00","2,450.00","2,451.70","1,760,370"
"03-May-2023","2,456.95","2,490.00","2,452.65","2,486.00","1,258,140"
"04-May-2023","2,486.95","2,509.35","2,480.15","2,506.75","1,150,227"
"05-May-2023","2,500.00","2,520.00","2,494.70","2,500.75","1,354,871"
"08-May-2023","2,505.75","2,526.85","2,497.15","2,516.30","972,810"
"09-May-2023","2,525.00","2,525.00","2,500.05","2,515.80","1,651,327"
"10-May-2023","2,521.00","2,535.00","2,505.85","2,522.70","2,025,658"
"11-May-2023","2,536.95","2,599.00","2,523.60","2,592.40","1,749,356"
"12-May-2023","2,594.00","2,640.00","2,586.40","2,623.40","2,170,011"
"15-May-2023","2,637.95","2,670.75","2,623.05","2,662.25","1,561,055"
"16-May-2023","2,670.00","2,678.40","2,650.60","2,675.90","1,477,905"
"17-May-2023","2,672.00","2,674.00","2,647.05","2,661.75","839,404"
"18-May-2023","2,665.50","2,669.20","2,621.85","2,627.55","1,434,067"
"19-May-2023","2,628.65","2,649.00","2,600.65","2,641.45","1,174,757"
"22-May-2023","2,635.00","2,655.45","2,623.05","2,638.10","768,232"
"23-May-2023","2,632.00","2,649.80","2,625.00","2,628.30","703,864"
"24-May-2023","2,620.00","2,638.00","2,608.00","2,614.95","628,872"
"25-May-2023","2,610.00","2,626.15","2,580.55","2,597.25","1,072,231"
"26-May-2023","2,603.75","2,656.70","2,603.10","2,652.35","947,073"
"29-May-2023","2,670.00","2,679.55","2,645.05","2,650.30","698,267"
"30-May-2023","2,655.50","2,665.00","2,650.85","2,656.55","948,051"
"31-May-2023","2,656.55","2,680.00","2,638.00","2,667.55","3,388,305"
"01-Jun-2023","2,667.00","2,731.25","2,654.50","2,697.90","1,541,080"
"02-Jun-2023","2,710.00","2,738.20","2,691.65","2,716.70","1,509,260"
"05-Jun-2023","2,716.45","2,722.00","2,684.15","2,695.80","1,000,190"
"06-Jun-2023","2,700.00","2,707.90","2,670.15","2,691.15","655,372"
"07-Jun-2023","2,690.00","2,727.00","2,679.35","2,716.20","1,428,490"
"08-Jun-2023","2,707.00","2,721.55","2,674.90","2,679.90","923,536"
"09-Jun-2023","2,688.95","2,688.95","2,620.10","2,636.20","1,413,808"
"12-Jun-2023","2,645.00","2,657.00","2,633.00","2,643.45","775,484"
"13-Jun-2023","2,629.60","2,697.00","2,627.50","2,675.90","1,787,924"
"14-Jun-2023","2,671.00","2,702.10","2,652.00","2,698.75","1,536,248"
"15-Jun-2023","2,713.95","2,717.50","2,678.15","2,689.70","1,830,192"
"16-Jun-2023","2,689.70","2,724.00","2,683.20","2,715.65","1,748,145"
"19-Jun-2023","2,702.00","2,711.40","2,675.00","2,683.25","1,068,263"
"20-Jun-2023","2,670.00","2,680.40","2,648.10","2,676.10","1,129,279"
"21-Jun-2023","2,685.95","2,706.85","2,668.45","2,676.60","1,201,840"
"22-Jun-2023","2,668.65","2,678.00","2,648.70","2,654.35","830,052"
"23-Jun-2023","2,651.30","2,660.55","2,627.45","2,641.60","991,214"
"26-Jun-2023","2,642.15","2,674.20","2,642.15","2,652.10","758,700"
"27-Jun-2023","2,652.10","2,661.60","2,636.00","2,651.35","687,747"
"28-Jun-2023","2,652.95","2,687.60","2,642.00","2,661.25","1,397,573"
"30-Jun-2023","2,665.95","2,685.90","2,651.35","2,678.15","1,160,181"
"03-Jul-2023","2,687.00","2,705.85","2,659.45","2,701.05","980,665"
"04-Jul-2023","2,701.05","2,706.70","2,675.00","2,700.00","721,907"
"05-Jul-2023","2,699.95","2,759.40","2,696.10","2,755.85","1,717,547"
"06-Jul-2023","2,759.90","2,765.00","2,735.65","2,757.10","1,265,020"
"07-Jul-2023","2,753.10","2,769.65","2,691.00","2,698.10","1,178,930"
"10-Jul-2023","2,709.90","2,711.35","2,651.00","2,656.55","1,518,183"
"11-Jul-2023","2,657.10","2,716.75","2,646.00","2,684.50","2,476,367"
"12-Jul-2023","2,704.95","2,704.95","2,642.50","2,673.65","2,395,826"
"13-Jul-2023","2,684.95","2,687.45","2,651.20","2,654.70","1,495,067"
"14-Jul-2023","2,655.00","2,686.50","2,651.05","2,676.90","1,419,016"
"17-Jul-2023","2,670.00","2,703.20","2,670.00","2,681.70","912,701"
"18-Jul-2023","2,685.55","2,701.10","2,677.30","2,682.80","1,215,904"
"19-Jul-2023","2,682.75","2,696.90","2,660.90","2,671.60","1,166,542"
"20-Jul-2023","2,669.05","2,716.30","2,658.20","2,703.25","1,430,764"
"21-Jul-2023","2,650.00","2,676.35","2,592.00","2,604.00","5,198,952"
"24-Jul-2023","2,604.00","2,605.95","2,575.00","2,580.25","1,777,469"
"25-Jul-2023","2,580.20","2,586.60","2,562.30","2,568.15","1,653,775"
"26-Jul-2023","2,579.50","2,598.80","2,572.30","2,583.30","1,300,033"
"27-Jul-2023","2,561.00","2,583.00","2,553.00","2,569.85","2,276,136"
"28-Jul-2023","2,570.00","2,593.75","2,565.20","2,584.60","966,450"
"31-Jul-2023","2,575.05","2,582.90","2,554.00","2,560.80","2,003,252"
"01-Aug-2023","2,570.00","2,573.80","2,545.00","2,551.10","1,758,897"
"02-Aug-2023","2,538.00","2,573.45","2,536.00","2,568.95","2,082,908"
"03-Aug-2023","2,557.95","2,561.05","2,537.20","2,551.30","1,475,310"
"04-Aug-2023","2,551.30","2,558.95","2,535.05","2,546.00","1,359,318"
"07-Aug-2023","2,540.00","2,574.00","2,538.75","2,569.20","803,823"
"08-Aug-2023","2,569.20","2,585.20","2,555.55","2,565.85","1,002,061"
"09-Aug-2023","2,565.85","2,568.95","2,541.00","2,552.20","1,212,549"
"10-Aug-2023","2,549.05","2,551.40","2,527.60","2,536.70","1,313,334"
"11-Aug-2023","2,535.00","2,536.65","2,499.00","2,501.80","1,472,199"
"14-Aug-2023","2,501.80","2,540.00","2,488.10","2,533.10","1,060,479"
"16-Aug-2023","2,534.00","2,555.05","2,524.40","2,552.60","1,155,882"
"17-Aug-2023","2,552.60","2,560.65","2,533.00","2,543.25","1,532,873"
"18-Aug-2023","2,532.10","2,567.75","2,532.10","2,554.75","1,970,819"
"21-Aug-2023","2,554.75","2,574.90","2,539.05","2,562.75","977,004"
"22-Aug-2023","2,573.60","2,575.00","2,553.00","2,565.80","960,025"
"23-Aug-2023","2,575.00","2,583.50","2,562.50","2,574.05","1,136,112"
"24-Aug-2023","2,585.00","2,591.75","2,566.95","2,581.25","1,143,934"
"25-Aug-2023","2,567.00","2,580.70","2,551.50","2,563.55","802,955"
"28-Aug-2023","2,565.00","2,568.00","2,539.00","2,555.70","619,841"
"29-Aug-2023","2,558.90","2,558.90","2,522.10","2,526.15","958,564"
"30-Aug-2023","2,526.15","2,536.00","2,520.00","2,531.95","1,227,377"
"31-Aug-2023","2,532.05","2,539.80","2,491.10","2,505.05","3,235,414"
"01-Sep-2023","2,505.05","2,514.50","2,500.00","2,504.80","813,413"
"04-Sep-2023","2,514.00","2,514.00","2,492.00","2,501.40","1,143,301"
"05-Sep-2023","2,510.00","2,523.45","2,502.10","2,507.05","844,088"
"06-Sep-2023","2,513.45","2,526.10","2,507.45","2,523.50","1,094,146"
"07-Sep-2023","2,510.00","2,521.85","2,500.00","2,507.45","1,894,798"
"08-Sep-2023","2,504.00","2,521.05","2,501.55","2,513.80","1,018,234"
"11-Sep-2023","2,513.80","2,538.90","2,509.05","2,536.25","1,121,083"
"12-Sep-2023","2,549.00","2,549.00","2,488.00","2,498.85","3,946,716"
"13-Sep-2023","2,494.00","2,509.00","2,492.00","2,506.55","1,231,305"
"14-Sep-2023","2,511.00","2,514.00","2,493.10","2,500.80","2,081,195"
"15-Sep-2023","2,474.80","2,490.00","2,466.00","2,469.70","3,750,697"
"18-Sep-2023","2,471.35","2,492.95","2,462.00","2,488.65","1,499,641"
"20-Sep-2023","2,449.65","2,480.00","2,445.00","2,466.85","1,795,159"
"21-Sep-2023","2,466.00","2,483.00","2,442.90","2,473.35","2,223,720"
"22-Sep-2023","2,468.00","2,490.00","2,458.00","2,482.45","1,176,741"
"25-Sep-2023","2,482.45","2,499.70","2,460.00","2,475.85","1,122,778"
"26-Sep-2023","2,474.00","2,489.00","2,461.25","2,478.95","1,263,548"
"27-Sep-2023","2,476.00","2,504.80","2,469.00","2,501.75","1,086,791"
"28-Sep-2023","2,500.00","2,501.00","2,453.20","2,460.35","1,612,346"
"29-Sep-2023","2,465.55","2,472.80","2,450.50","2,465.60","1,249,567"
"03-Oct-2023","2,490.00","2,499.00","2,461.80","2,468.90","1,585,626"
"04-Oct-2023","2,467.05","2,511.05","2,465.15","2,507.85","1,587,335"
"05-Oct-2023","2,518.00","2,524.80","2,495.35","2,519.55","1,909,928"
"06-Oct-2023","2,519.95","2,520.00","2,494.00","2,499.40","1,083,342"
"09-Oct-2023","2,485.00","2,516.50","2,481.00","2,511.30","1,468,771"
"10-Oct-2023","2,512.20","2,520.85","2,503.35","2,516.20","1,092,373"
"11-Oct-2023","2,518.35","2,563.95","2,516.25","2,556.40","1,697,398"
"12-Oct-2023","2,555.00","2,567.55","2,539.20","2,557.00","1,625,010"
"13-Oct-2023","2,553.05","2,576.70","2,542.70","2,569.45","1,531,977"
"16-Oct-2023","2,560.00","2,582.00","2,552.60","2,558.30","954,899"
"17-Oct-2023","2,558.30","2,570.00","2,546.45","2,556.15","1,253,538"
"18-Oct-2023","2,570.05","2,571.25","2,539.55","2,548.25","1,084,689"
"19-Oct-2023","2,525.00","2,554.40","2,525.00","2,548.10","1,272,343"
"20-Oct-2023","2,520.00","2,543.55","2,485.05","2,495.15","3,608,160"
"23-Oct-2023","2,494.00","2,509.95","2,480.35","2,483.50","922,707"
"25-Oct-2023","2,475.05","2,490.00","2,465.00","2,477.30","1,435,836"
"26-Oct-2023","2,461.00","2,490.00","2,455.65","2,476.40","2,650,560"
"27-Oct-2023","2,467.30","2,495.00","2,463.85","2,482.05","1,784,812"
"30-Oct-2023","2,471.00","2,492.00","2,462.40","2,478.90","875,135"
"31-Oct-2023","2,470.20","2,492.00","2,467.80","2,484.00","920,414"
"01-Nov-2023","2,485.00","2,493.95","2,466.80","2,472.25","1,267,131"
"02-Nov-2023","2,475.00","2,496.00","2,463.30","2,486.80","1,595,123"
"03-Nov-2023","2,497.00","2,512.50","2,485.80","2,509.25","1,125,583"
"06-Nov-2023","2,515.00","2,517.75","2,491.10","2,497.40","1,338,677"
"07-Nov-2023","2,496.00","2,505.20","2,485.25","2,496.45","1,473,411"
"08-Nov-2023","2,498.00","2,525.00","2,497.70","2,519.35","745,022"
"09-Nov-2023","2,520.05","2,522.00","2,473.05","2,476.70","1,823,094"
"10-Nov-2023","2,477.00","2,488.60","2,465.35","2,486.55","771,062"
"12-Nov-2023","2,494.05","2,499.00","2,486.00","2,491.55","82,500"
"13-Nov-2023","2,477.20","2,487.20","2,471.00","2,478.15","760,809"
"15-Nov-2023","2,501.90","2,503.05","2,476.00","2,486.40","1,457,029"
"16-Nov-2023","2,480.20","2,505.80","2,475.35","2,491.20","1,420,578"
"17-Nov-2023","2,465.00","2,533.50","2,465.00","2,528.80","1,756,043"
"20-Nov-2023","2,534.45","2,534.50","2,500.00","2,506.45","944,231"
"21-Nov-2023","2,505.00","2,517.00","2,498.00","2,505.25","1,088,806"
"22-Nov-2023","2,507.75","2,524.25","2,504.00","2,521.90","816,610"
"23-Nov-2023","2,506.20","2,527.75","2,506.20","2,519.90","1,023,670"
"24-Nov-2023","2,515.10","2,519.80","2,507.45","2,515.20","735,137"
"28-Nov-2023","2,531.75","2,531.75","2,500.00","2,510.55","1,880,641"
"29-Nov-2023","2,512.00","2,528.65","2,508.10","2,525.05","1,265,214"
"30-Nov-2023","2,516.15","2,554.50","2,516.15","2,545.55","3,095,684"
"01-Dec-2023","2,547.50","2,581.95","2,542.00","2,563.65","1,345,599"
"04-Dec-2023","2,577.00","2,608.40","2,575.00","2,602.30","2,188,039"
"05-Dec-2023","2,637.00","2,637.00","2,556.30","2,563.25","3,108,717"
"06-Dec-2023","2,570.00","2,583.70","2,563.00","2,567.65","1,573,754"
"07-Dec-2023","2,551.10","2,559.80","2,498.60","2,518.25","3,925,967"
"08-Dec-2023","2,519.00","2,533.95","2,508.30","2,522.30","1,605,805"
"11-Dec-2023","2,522.30","2,529.95","2,499.00","2,503.65","2,012,243"
"12-Dec-2023","2,500.00","2,518.00","2,497.00","2,502.75","1,677,929"
"13-Dec-2023","2,507.85","2,516.70","2,498.05","2,511.90","1,513,205"
"14-Dec-2023","2,521.35","2,524.80","2,501.20","2,516.35","2,166,569"
"15-Dec-2023","2,520.00","2,532.00","2,507.00","2,522.90","2,543,337"
"18-Dec-2023","2,520.15","2,544.50","2,515.00","2,535.50","1,969,036"
"19-Dec-2023","2,535.05","2,566.95","2,535.00","2,560.70","1,656,220"
"20-Dec-2023","2,572.95","2,572.95","2,547.00","2,557.50","1,468,642"
"21-Dec-2023","2,542.25","2,580.00","2,536.00","2,553.20","1,945,695"
"22-Dec-2023","2,559.20","2,579.75","2,546.80","2,575.60","1,174,984"
"26-Dec-2023","2,575.60","2,591.65","2,567.05","2,584.75","893,776"
"27-Dec-2023","2,586.00","2,612.00","2,580.90","2,608.30","1,073,278"
"28-Dec-2023","2,613.85","2,640.00","2,606.85","2,633.80","1,635,216"
"29-Dec-2023","2,633.80","2,667.10","2,621.25","2,663.95","1,305,681"
"01-Jan-2024","2,663.85","2,669.40","2,638.00","2,654.75","526,353"
"02-Jan-2024","2,648.00","2,653.95","2,607.00","2,613.80","1,310,629"
"03-Jan-2024","2,599.00","2,628.60","2,595.55","2,606.55","1,008,270"
"04-Jan-2024","2,606.55","2,623.00","2,588.05","2,592.55","1,376,844"
"05-Jan-2024","2,595.00","2,629.90","2,595.00","2,620.05","1,150,738"
"08-Jan-2024","2,624.95","2,626.00","2,566.50","2,578.25","1,189,828"
"09-Jan-2024","2,582.55","2,589.00","2,571.55","2,579.75","1,017,205"
"10-Jan-2024","2,580.00","2,594.30","2,565.00","2,577.40","881,278"
"11-Jan-2024","2,580.00","2,589.00","2,531.85","2,536.20","2,399,600"
"12-Jan-2024","2,533.50","2,555.00","2,511.85","2,544.00","2,979,841"
"15-Jan-2024","2,546.00","2,578.75","2,531.00","2,573.20","1,391,204"
"16-Jan-2024","2,573.20","2,584.60","2,556.35","2,569.10","1,599,406"
"17-Jan-2024","2,549.00","2,571.35","2,539.75","2,562.90","3,047,652"
"18-Jan-2024","2,570.00","2,570.00","2,537.55","2,548.00","1,273,095"
"19-Jan-2024","2,565.00","2,573.95","2,532.00","2,565.40","1,323,064"
"20-Jan-2024","2,519.95","2,523.00","2,466.10","2,468.90","2,467,648"
"23-Jan-2024","2,451.00","2,480.50","2,365.45","2,375.55","4,369,332"
"24-Jan-2024","2,388.00","2,445.90","2,367.15","2,441.65","1,551,469"
"25-Jan-2024","2,454.80","2,468.00","2,420.20","2,428.30","2,364,765"
"29-Jan-2024","2,410.00","2,449.00","2,410.00","2,444.40","1,587,091"
"30-Jan-2024","2,454.00","2,494.55","2,447.30","2,458.65","1,793,711"
"31-Jan-2024","2,450.00","2,485.90","2,441.75","2,481.55","1,445,004"
"01-Feb-2024","2,475.10","2,511.55","2,468.35","2,473.60","1,727,534"
"02-Feb-2024","2,477.00","2,486.90","2,442.00","2,452.60","1,956,115"
"05-Feb-2024","2,464.00","2,464.75","2,412.75","2,419.50","1,315,445"
"06-Feb-2024","2,424.95","2,441.35","2,418.05","2,426.35","1,557,511"
"07-Feb-2024","2,439.90","2,439.90","2,411.55","2,425.45","1,149,076"
"08-Feb-2024","2,441.80","2,441.80","2,399.00","2,417.05","1,758,661"
"09-Feb-2024","2,417.05","2,428.45","2,406.10","2,424.15","886,474"
"12-Feb-2024","2,424.10","2,429.85","2,382.00","2,385.65","1,292,460"
"13-Feb-2024","2,390.00","2,400.95","2,380.10","2,394.00","957,865"
"14-Feb-2024","2,385.00","2,394.00","2,370.00","2,387.95","1,397,975"
"15-Feb-2024","2,368.35","2,384.70","2,346.75","2,350.85","2,553,695"
"16-Feb-2024","2,369.95","2,382.00","2,357.60","2,375.25","2,363,302"
"19-Feb-2024","2,389.50","2,394.95","2,373.80","2,387.15","576,683"
"20-Feb-2024","2,370.10","2,408.45","2,368.20","2,404.10","1,032,995"
"21-Feb-2024","2,404.10","2,422.80","2,394.10","2,407.10","1,127,778"
"22-Feb-2024","2,420.30","2,420.30","2,365.75","2,388.10","2,258,516"
"23-Feb-2024","2,388.55","2,405.50","2,383.95","2,394.10","1,210,775"
"26-Feb-2024","2,391.10","2,406.55","2,380.00","2,404.25","831,596"
"27-Feb-2024","2,404.05","2,408.95","2,389.15","2,405.30","1,120,424"
"28-Feb-2024","2,411.10","2,425.00","2,401.00","2,421.55","629,152"
"29-Feb-2024","2,425.00","2,428.80","2,397.25","2,412.30","2,848,084"
"01-Mar-2024","2,416.95","2,438.80","2,404.00","2,409.70","2,326,244"
"02-Mar-2024","2,419.00","2,421.40","2,410.05","2,416.20","42,905"
"04-Mar-2024","2,416.20","2,427.90","2,404.40","2,422.00","1,501,261"
"05-Mar-2024","2,405.00","2,420.00","2,391.10","2,399.85","1,587,199"
"06-Mar-2024","2,404.00","2,408.85","2,375.30","2,400.80","1,354,111"
"07-Mar-2024","2,404.95","2,426.00","2,403.00","2,419.55","1,820,704"
"11-Mar-2024","2,409.00","2,413.00","2,383.55","2,389.85","2,040,761"
"12-Mar-2024","2,380.00","2,385.00","2,360.80","2,378.15","1,012,157"
"13-Mar-2024","2,375.00","2,375.00","2,303.85","2,312.60","2,322,669"
"14-Mar-2024","2,304.85","2,341.70","2,301.85","2,334.60","2,292,515"
"15-Mar-2024","2,330.05","2,336.95","2,315.90","2,327.70","2,751,403"
"18-Mar-2024","2,320.80","2,325.00","2,297.00","2,299.95","2,487,402"
"19-Mar-2024","2,283.25","2,303.90","2,246.85","2,266.95","4,220,638"
"20-Mar-2024","2,250.00","2,265.45","2,240.00","2,241.95","2,995,013"
"21-Mar-2024","2,234.00","2,259.15","2,234.00","2,242.35","3,504,486"
"22-Mar-2024","2,239.05","2,266.00","2,232.05","2,256.55","3,507,809"
"26-Mar-2024","2,232.10","2,259.15","2,232.00","2,240.00","3,027,027"
"27-Mar-2024","2,250.00","2,263.00","2,236.00","2,239.70","2,168,861"
"28-Mar-2024","2,245.00","2,287.90","2,240.10","2,264.35","3,186,360"
"01-Apr-2024","2,270.00","2,295.00","2,262.00","2,285.90","1,427,873"
"02-Apr-2024","2,298.00","2,298.00","2,277.05","2,286.70","1,221,495"
"03-Apr-2024","2,281.85","2,281.85","2,261.05","2,265.20","1,175,309"
"04-Apr-2024","2,270.00","2,282.00","2,249.25","2,264.95","1,890,255"
"05-Apr-2024","2,264.95","2,280.50","2,258.10","2,266.95","1,153,449"
"08-Apr-2024","2,277.00","2,288.95","2,267.20","2,268.95","1,127,294"
"09-Apr-2024","2,271.00","2,274.60","2,255.75","2,264.15","1,189,343"
"10-Apr-2024","2,276.90","2,276.90","2,257.70","2,260.90","2,308,993"
"12-Apr-2024","2,260.90","2,264.85","2,228.60","2,232.30","3,388,551"
"15-Apr-2024","2,227.70","2,227.75","2,190.00","2,194.05","4,909,564"
"16-Apr-2024","2,183.00","2,231.25","2,172.05","2,220.80","2,821,129"
"18-Apr-2024","2,215.05","2,237.70","2,209.05","2,214.80","3,392,171"
"19-Apr-2024","2,220.00","2,243.75","2,196.00","2,231.60","2,337,694"
"22-Apr-2024","2,250.00","2,253.55","2,229.05","2,241.50","1,804,108"
"23-Apr-2024","2,253.00","2,273.50","2,248.70","2,262.75","1,991,778"
"24-Apr-2024","2,266.05","2,268.35","2,245.65","2,260.25","1,404,398"
"25-Apr-2024","2,238.05","2,239.85","2,215.10","2,230.85","4,951,866"
"26-Apr-2024","2,245.00","2,255.00","2,218.60","2,222.65","2,307,512"
"29-Apr-2024","2,234.00","2,234.00","2,220.00","2,226.10","1,395,292"
"30-Apr-2024","2,232.05","2,240.25","2,225.00","2,230.45","2,119,102"
"02-May-2024","2,205.05","2,243.20","2,205.05","2,226.30","2,140,383"
"03-May-2024","2,232.00","2,235.65","2,204.00","2,217.05","2,595,307"
"06-May-2024","2,225.00","2,261.50","2,212.00","2,256.20","1,619,256"
"07-May-2024","2,266.00","2,389.60","2,259.00","2,379.40","8,277,810"
"08-May-2024","2,366.40","2,372.25","2,325.00","2,341.05","1,813,439"
"09-May-2024","2,340.60","2,362.10","2,319.45","2,325.65","1,558,987"
"10-May-2024","2,321.00","2,371.00","2,321.00","2,362.55","2,610,266"
"13-May-2024","2,374.00","2,381.65","2,347.90","2,360.65","1,170,617"
"14-May-2024","2,360.60","2,372.30","2,346.75","2,349.60","689,430"
"15-May-2024","2,349.55","2,355.80","2,317.65","2,323.30","812,282"
"16-May-2024","2,337.00","2,348.10","2,301.35","2,343.15","1,880,021"
"17-May-2024","2,351.90","2,351.90","2,315.10","2,320.35","1,264,582"
"18-May-2024","2,325.00","2,332.90","2,321.10","2,327.15","73,806"
"21-May-2024","2,307.00","2,324.80","2,301.75","2,310.70","1,663,959"
"22-May-2024","2,311.00","2,374.00","2,310.70","2,366.90","1,914,851"
"23-May-2024","2,366.90","2,386.80","2,355.00","2,382.50","1,614,718"
"24-May-2024","2,378.50","2,383.25","2,364.70","2,369.05","974,100"
"27-May-2024","2,369.05","2,399.95","2,362.50","2,384.50","1,116,934"
"28-May-2024","2,390.00","2,409.00","2,378.55","2,395.95","1,631,747"
"29-May-2024","2,381.20","2,395.00","2,369.40","2,373.40","1,592,495"
"30-May-2024","2,368.00","2,372.45","2,334.05","2,351.40","1,837,380"
"31-May-2024","2,353.00","2,377.45","2,317.60","2,329.05","5,529,186"
"03-Jun-2024","2,381.00","2,387.45","2,344.30","2,355.90","1,207,445"
"04-Jun-2024","2,374.00","2,510.05","2,342.10","2,496.30","7,826,048"
"05-Jun-2024","2,533.55","2,723.95","2,525.00","2,602.75","11,061,076"
"06-Jun-2024","2,600.00","2,600.00","2,518.00","2,549.60","4,102,547"
"07-Jun-2024","2,555.30","2,596.50","2,525.00","2,577.80","3,974,253"
"10-Jun-2024","2,579.00","2,593.65","2,546.00","2,565.35","1,449,122"
"11-Jun-2024","2,566.00","2,576.70","2,551.30","2,556.35","1,402,423"
"12-Jun-2024","2,568.00","2,568.00","2,517.00","2,528.70","1,754,677"
"13-Jun-2024","2,487.95","2,505.80","2,446.45","2,487.40","3,123,098"
"14-Jun-2024","2,473.00","2,510.40","2,470.40","2,479.75","1,729,552"
"18-Jun-2024","2,479.90","2,498.00","2,473.15","2,486.25","1,820,933"
"19-Jun-2024","2,495.00","2,495.00","2,451.50","2,457.00","986,976"
"20-Jun-2024","2,457.00","2,490.00","2,446.65","2,482.20","2,163,310"
"21-Jun-2024","2,475.00","2,478.00","2,426.55","2,441.30","3,646,215"
"24-Jun-2024","2,435.00","2,467.85","2,427.05","2,442.20","1,945,519"
"25-Jun-2024","2,439.35","2,446.70","2,427.90","2,432.20","833,789"
"26-Jun-2024","2,437.00","2,467.00","2,432.40","2,445.60","1,738,656"
"27-Jun-2024","2,449.95","2,483.20","2,436.00","2,462.15","3,402,726"
"28-Jun-2024","2,463.00","2,490.50","2,462.85","2,473.05","2,129,791"
"01-Jul-2024","2,461.05","2,523.00","2,450.10","2,505.10","3,312,865"
"02-Jul-2024","2,515.00","2,515.00","2,479.35","2,485.15","1,305,210"
"03-Jul-2024","2,486.65","2,519.85","2,474.30","2,510.35","1,406,405"
"04-Jul-2024","2,515.05","2,536.85","2,492.90","2,495.95","1,977,010"
"05-Jul-2024","2,495.95","2,554.00","2,495.95","2,547.00","1,754,286"
"08-Jul-2024","2,560.00","2,595.00","2,536.25","2,587.15","2,818,809"
"09-Jul-2024","2,587.15","2,614.00","2,568.00","2,590.15","1,479,529"
"10-Jul-2024","2,581.00","2,626.00","2,573.00","2,610.45","1,764,036"
"11-Jul-2024","2,617.00","2,617.05","2,590.05","2,608.85","1,432,671"
"12-Jul-2024","2,601.00","2,639.50","2,601.00","2,622.25","1,912,642"
"15-Jul-2024","2,628.00","2,629.25","2,613.65","2,620.30","920,101"
"16-Jul-2024","2,625.95","2,725.00","2,624.55","2,688.45","3,298,003"
"18-Jul-2024","2,700.00","2,751.20","2,655.00","2,738.40","5,569,762"
"19-Jul-2024","2,739.00","2,743.00","2,715.95","2,727.00","1,668,862"
"22-Jul-2024","2,705.70","2,749.95","2,705.65","2,735.30","1,911,629"
"23-Jul-2024","2,746.00","2,811.30","2,732.00","2,766.35","3,906,259"
"24-Jul-2024","2,748.00","2,757.45","2,675.10","2,717.05","3,611,927"
"25-Jul-2024","2,717.05","2,724.85","2,670.00","2,707.20","2,166,670"
"26-Jul-2024","2,724.00","2,727.00","2,687.25","2,711.05","2,135,309"
"29-Jul-2024","2,711.20","2,720.00","2,692.80","2,711.60","957,011"
"30-Jul-2024","2,715.60","2,754.35","2,685.40","2,691.40","1,560,399"
"31-Jul-2024","2,705.00","2,709.65","2,675.05","2,705.65","1,751,085"
"01-Aug-2024","2,714.00","2,724.95","2,695.20","2,715.55","1,886,392"
"02-Aug-2024","2,712.00","2,759.50","2,681.15","2,692.55","1,738,872"
"05-Aug-2024","2,675.95","2,742.00","2,666.20","2,715.90","3,118,731"
"06-Aug-2024","2,720.10","2,771.75","2,708.65","2,750.05","2,296,031"
"07-Aug-2024","2,781.70","2,781.85","2,735.50","2,744.05","1,713,875"
"08-Aug-2024","2,754.00","2,759.25","2,720.40","2,733.20","1,464,161"
"09-Aug-2024","2,756.00","2,758.00","2,718.60","2,747.20","1,284,031"
"12-Aug-2024","2,738.00","2,763.40","2,722.40","2,748.70","1,297,178"
"13-Aug-2024","2,742.00","2,757.65","2,730.10","2,741.40","1,051,237"
"14-Aug-2024","2,741.00","2,742.55","2,706.60","2,722.05","946,995"
"16-Aug-2024","2,737.90","2,753.60","2,710.70","2,748.25","1,727,926"
"19-Aug-2024","2,750.05","2,759.75","2,737.05","2,742.55","1,130,327"
"20-Aug-2024","2,742.55","2,756.25","2,735.05","2,751.05","1,097,889"
"21-Aug-2024","2,749.50","2,795.10","2,742.95","2,791.20","1,417,729"
"22-Aug-2024","2,802.95","2,810.00","2,782.10","2,792.80","1,552,947"
"23-Aug-2024","2,799.20","2,821.00","2,771.35","2,815.60","2,111,401"
"26-Aug-2024","2,815.60","2,834.95","2,803.60","2,821.15","1,152,244"
"27-Aug-2024","2,809.00","2,824.10","2,759.55","2,766.90","1,357,212"
"28-Aug-2024","2,760.00","2,781.75","2,745.75","2,764.35","1,723,549"
"29-Aug-2024","2,769.95","2,810.00","2,745.00","2,785.25","2,129,934"
"30-Aug-2024","2,795.70","2,816.30","2,760.10","2,778.00","4,029,712"
"02-Sep-2024","2,794.00","2,808.90","2,779.00","2,789.05","957,950"
"03-Sep-2024","2,780.00","2,827.95","2,775.00","2,794.30","2,022,116"
"04-Sep-2024","2,780.00","2,843.85","2,771.65","2,841.25","1,640,986"
"05-Sep-2024","2,840.05","2,855.00","2,823.65","2,838.45","1,945,173"
"06-Sep-2024","2,828.10","2,866.45","2,828.10","2,838.95","1,672,730"
"09-Sep-2024","2,853.10","2,938.20","2,843.20","2,921.80","3,342,754"
"10-Sep-2024","2,934.00","2,937.60","2,887.50","2,898.60","1,536,584"
"11-Sep-2024","2,911.60","2,950.00","2,898.10","2,904.15","1,913,665"
"12-Sep-2024","2,911.00","2,963.40","2,894.20","2,956.40","2,454,564"
"13-Sep-2024","2,956.40","2,956.40","2,918.50","2,932.95","1,902,001"
"16-Sep-2024","2,910.00","2,910.00","2,807.40","2,867.10","1,489,057"
"17-Sep-2024","2,867.10","2,913.90","2,860.10","2,873.50","1,098,661"
"18-Sep-2024","2,874.00","2,893.55","2,861.70","2,875.85","464,796"
"19-Sep-2024","2,876.25","2,934.30","2,873.35","2,911.75","1,713,010"
"20-Sep-2024","2,924.80","2,989.35","2,895.40","2,977.60","3,641,632"
"23-Sep-2024","2,980.00","3,035.00","2,969.95","3,028.55","1,300,470"
"24-Sep-2024","3,020.00","3,020.00","2,946.10","2,950.55","1,929,308"
"25-Sep-2024","2,950.55","2,960.35","2,905.10","2,948.95","1,055,354"
"26-Sep-2024","2,951.10","2,992.85","2,941.20","2,986.10","1,902,889"
"27-Sep-2024","2,986.10","3,030.00","2,952.75","2,966.25","2,977,081"
"30-Sep-2024","2,964.20","2,997.90","2,942.60","2,958.30","1,627,702"
"01-Oct-2024","2,962.70","2,962.70","2,891.40","2,923.75","1,184,642"
"03-Oct-2024","2,908.75","2,923.10","2,861.10","2,893.35","1,233,447"
"04-Oct-2024","2,891.00","2,914.00","2,817.05","2,848.75","2,456,486"
"07-Oct-2024","2,845.00","2,866.45","2,825.05","2,833.40","1,280,975"
"08-Oct-2024","2,844.00","2,886.00","2,798.70","2,818.80","1,761,488"
"09-Oct-2024","2,823.40","2,825.85","2,760.70","2,768.95","1,476,282"
"10-Oct-2024","2,770.00","2,787.40","2,733.20","2,754.70","2,065,078"
"11-Oct-2024","2,764.80","2,790.00","2,737.05","2,783.20","679,307"
"14-Oct-2024","2,791.60","2,804.70","2,765.00","2,789.10","874,010"
"15-Oct-2024","2,793.10","2,799.30","2,765.25","2,781.45","1,082,666"
"16-Oct-2024","2,789.15","2,797.55","2,755.60","2,781.25","1,170,797"
"17-Oct-2024","2,779.45","2,782.00","2,723.45","2,738.65","1,368,242"
"18-Oct-2024","2,738.65","2,740.00","2,693.45","2,717.10","1,137,277"
"21-Oct-2024","2,715.00","2,738.00","2,680.45","2,693.55","792,345"
"22-Oct-2024","2,685.10","2,710.00","2,673.75","2,681.70","1,272,253"
"23-Oct-2024","2,621.00","2,693.05","2,621.00","2,659.30","1,431,962"
"24-Oct-2024","2,647.00","2,647.00","2,452.60","2,505.10","9,216,267"
"25-Oct-2024","2,502.30","2,540.00","2,500.10","2,528.05","2,761,166"
"28-Oct-2024","2,544.00","2,589.60","2,520.10","2,575.80","852,829"
"29-Oct-2024","2,585.70","2,585.70","2,536.00","2,547.65","1,695,654"
"30-Oct-2024","2,557.00","2,563.30","2,533.40","2,554.95","1,200,637"
"31-Oct-2024","2,554.95","2,563.50","2,524.10","2,528.25","1,901,355"
"01-Nov-2024","2,543.95","2,545.95","2,511.35","2,537.50","118,532"
"04-Nov-2024","2,547.00","2,547.00","2,503.50","2,524.80","1,097,260"
"05-Nov-2024","2,520.00","2,530.25","2,507.00","2,521.35","702,046"
"06-Nov-2024","2,515.20","2,522.10","2,495.00","2,500.70","1,219,166"
"07-Nov-2024","2,500.70","2,509.90","2,466.10","2,475.50","1,322,446"
"08-Nov-2024","2,483.95","2,515.25","2,467.30","2,507.70","1,700,877"
"11-Nov-2024","2,509.00","2,514.90","2,475.05","2,491.05","1,175,577"
"12-Nov-2024","2,495.00","2,496.95","2,456.00","2,461.50","1,624,222"
"13-Nov-2024","2,462.10","2,472.80","2,450.40","2,464.95","1,262,017"
"14-Nov-2024","2,460.40","2,464.70","2,383.70","2,389.20","2,443,393"
"18-Nov-2024","2,401.15","2,425.00","2,375.75","2,422.90","1,374,215"
"19-Nov-2024","2,431.90","2,440.20","2,405.10","2,410.35","1,133,370"
"21-Nov-2024","2,424.75","2,424.75","2,376.10","2,382.80","1,291,829"
"22-Nov-2024","2,390.95","2,452.10","2,377.85","2,445.25","1,696,471"
"25-Nov-2024","2,470.00","2,505.70","2,457.60","2,471.45","4,368,045"
"26-Nov-2024","2,486.25","2,494.95","2,460.40","2,479.20","982,442"
"27-Nov-2024","2,475.15","2,492.95","2,458.00","2,486.90","948,232"
"28-Nov-2024","2,486.00","2,539.15","2,453.20","2,462.20","2,540,530"
"29-Nov-2024","2,455.10","2,507.50","2,455.10","2,496.15","1,795,164"
"02-Dec-2024","2,485.00","2,490.50","2,460.55","2,479.15","1,006,993"
"03-Dec-2024","2,480.00","2,491.45","2,466.00","2,482.85","1,641,588"
"04-Dec-2024","2,481.10","2,493.00","2,456.55","2,464.50","1,321,495"
"05-Dec-2024","2,465.60","2,515.00","2,450.05","2,494.60","2,071,795"
"06-Dec-2024","2,495.00","2,495.80","2,475.00","2,483.80","1,308,086"
"09-Dec-2024","2,465.00","2,476.95","2,383.30","2,400.75","3,385,021"
"10-Dec-2024","2,408.70","2,413.00","2,388.30","2,397.35","2,063,838"
"11-Dec-2024","2,405.00","2,409.35","2,385.00","2,401.35","1,718,225"
"12-Dec-2024","2,385.05","2,399.95","2,338.00","2,344.95","3,231,056"
"13-Dec-2024","2,344.95","2,394.55","2,333.45","2,390.10","2,260,902"
"16-Dec-2024","2,390.30","2,393.00","2,363.00","2,366.15","1,247,552"
"17-Dec-2024","2,353.35","2,380.00","2,353.35","2,363.25","2,131,569"
"18-Dec-2024","2,350.05","2,383.00","2,350.05","2,359.20","988,403"
"19-Dec-2024","2,347.00","2,386.95","2,336.00","2,359.85","1,655,915"
"20-Dec-2024","2,352.10","2,373.50","2,324.65","2,333.90","2,069,691"
"23-Dec-2024","2,337.00","2,351.75","2,315.25","2,338.90","1,066,199"
"24-Dec-2024","2,331.10","2,356.95","2,331.10","2,335.55","683,646"
"26-Dec-2024","2,332.25","2,341.85","2,324.70","2,332.75","1,033,769"
"27-Dec-2024","2,343.00","2,345.65","2,328.25","2,341.25","556,816"
"30-Dec-2024","2,341.50","2,359.15","2,325.00","2,343.50","924,180"
"31-Dec-2024","2,340.00","2,352.65","2,323.25","2,326.85","1,878,762"
"01-Jan-2025","2,325.00","2,337.15","2,320.25","2,322.10","559,893"
"02-Jan-2025","2,330.00","2,379.65","2,315.50","2,370.00","1,650,744"
"03-Jan-2025","2,381.85","2,414.60","2,364.80","2,406.25","1,274,239"
"06-Jan-2025","2,418.00","2,418.95","2,361.65","2,376.20","900,419"
"07-Jan-2025","2,377.15","2,402.25","2,375.25","2,390.80","922,768"
"08-Jan-2025","2,391.00","2,409.00","2,368.00","2,401.00","953,351"
"09-Jan-2025","2,405.05","2,473.65","2,386.40","2,435.40","2,425,267"
"10-Jan-2025","2,435.40","2,456.00","2,413.80","2,442.05","1,651,911"
"13-Jan-2025","2,417.05","2,460.50","2,409.05","2,451.00","2,595,013"
"14-Jan-2025","2,465.00","2,468.00","2,364.10","2,367.95","2,052,741"
"15-Jan-2025","2,373.90","2,384.90","2,350.10","2,373.00","1,215,150"
"16-Jan-2025","2,376.95","2,380.00","2,326.05","2,345.00","2,762,596"
"17-Jan-2025","2,350.00","2,379.30","2,343.00","2,354.00","1,333,005"
"20-Jan-2025","2,356.45","2,368.00","2,335.65","2,345.20","1,382,273"
"21-Jan-2025","2,353.50","2,377.30","2,332.45","2,340.50","1,842,885"
"22-Jan-2025","2,342.55","2,362.00","2,332.20","2,342.95","2,658,047"
"23-Jan-2025","2,315.00","2,341.30","2,253.85","2,321.70","3,408,925"
"24-Jan-2025","2,332.85","2,380.80","2,323.00","2,368.10","1,688,664"
"27-Jan-2025","2,365.00","2,409.70","2,361.15","2,392.85","2,477,358"
"28-Jan-2025","2,401.00","2,407.00","2,379.45","2,388.85","1,892,156"
"29-Jan-2025","2,385.15","2,396.00","2,364.00","2,383.95","699,576"
"30-Jan-2025","2,384.00","2,425.00","2,384.00","2,408.75","1,419,960"
"31-Jan-2025","2,401.50","2,479.00","2,401.50","2,468.80","2,116,148"
"01-Feb-2025","2,475.00","2,602.00","2,435.15","2,506.05","2,970,999"
"03-Feb-2025","2,505.00","2,520.00","2,416.50","2,441.95","2,528,480"
"04-Feb-2025","2,450.00","2,450.00","2,402.85","2,438.05","1,992,474"
"05-Feb-2025","2,453.00","2,453.00","2,387.00","2,391.05","1,357,416"
"06-Feb-2025","2,400.00","2,408.95","2,360.30","2,372.70","1,132,113"
"07-Feb-2025","2,380.00","2,381.95","2,336.10","2,363.85","855,602"
"10-Feb-2025","2,370.90","2,398.00","2,352.05","2,361.45","1,326,354"
"11-Feb-2025","2,371.00","2,377.95","2,296.55","2,315.25","1,389,260"
"12-Feb-2025","2,325.70","2,339.90","2,305.10","2,332.50","1,341,909"
"13-Feb-2025","2,330.10","2,345.60","2,313.35","2,321.50","1,334,967"
"14-Feb-2025","2,322.00","2,366.00","2,313.40","2,318.35","1,135,380"
"17-Feb-2025","2,318.35","2,336.00","2,300.00","2,329.40","1,409,168"
"18-Feb-2025","2,329.40","2,338.55","2,288.00","2,296.00","1,035,705"
"19-Feb-2025","2,298.75","2,305.70","2,248.00","2,250.40","1,521,343"
"20-Feb-2025","2,250.40","2,254.45","2,226.50","2,248.05","2,206,196"
"21-Feb-2025","2,248.05","2,253.55","2,226.40","2,241.65","1,781,509"
"24-Feb-2025","2,230.00","2,251.00","2,218.80","2,241.45","1,627,949"
"25-Feb-2025","2,243.00","2,269.60","2,237.95","2,259.30","1,988,040"
"27-Feb-2025","2,269.65","2,269.65","2,233.10","2,244.95","1,699,658"
"28-Feb-2025","2,245.05","2,249.60","2,185.85","2,190.25","3,683,249"
"03-Mar-2025","2,199.00","2,199.00","2,158.50","2,176.85","1,306,470"
"04-Mar-2025","2,179.95","2,180.00","2,136.00","2,157.35","1,800,330"
"05-Mar-2025","2,152.00","2,191.90","2,150.00","2,170.45","1,145,673"
"06-Mar-2025","2,175.00","2,229.80","2,163.75","2,218.95","1,856,868"
"07-Mar-2025","2,226.70","2,226.70","2,189.20","2,204.55","1,738,356"
"10-Mar-2025","2,208.00","2,267.15","2,194.65","2,247.75","1,242,387"
"11-Mar-2025","2,240.00","2,262.45","2,211.25","2,216.95","1,325,891"
"12-Mar-2025","2,217.35","2,229.95","2,185.00","2,192.90","1,526,212"
"13-Mar-2025","2,185.00","2,209.95","2,164.45","2,174.80","1,845,629"
"17-Mar-2025","2,161.00","2,195.45","2,156.50","2,171.25","1,111,886"
"18-Mar-2025","2,189.65","2,215.00","2,175.00","2,201.40","1,475,585"
"19-Mar-2025","2,207.00","2,212.85","2,193.45","2,200.05","1,341,405"
"20-Mar-2025","2,203.90","2,248.90","2,188.45","2,242.40","1,426,689"
"21-Mar-2025","2,245.00","2,255.20","2,225.80","2,246.20","2,152,415"
"24-Mar-2025","2,250.25","2,266.00","2,241.00","2,256.20","1,454,404"
"25-Mar-2025","2,250.75","2,292.00","2,243.35","2,271.30","2,229,340"
"26-Mar-2025","2,272.00","2,279.90","2,237.80","2,245.95","1,416,907"
"27-Mar-2025","2,244.20","2,260.90","2,200.00","2,244.65","3,752,627"
"28-Mar-2025","2,247.00","2,296.00","2,240.30","2,258.85","2,280,152"
"01-Apr-2025","2,259.00","2,284.65","2,220.00","2,233.85","2,495,962"
"02-Apr-2025","2,243.70","2,243.70","2,190.05","2,237.90","1,351,493"
"03-Apr-2025","2,225.45","2,252.90","2,220.60","2,244.55","1,310,088"
"04-Apr-2025","2,230.00","2,267.05","2,222.00","2,244.55","1,120,226"
"07-Apr-2025","2,150.00","2,261.60","2,150.00","2,249.40","3,435,185"
"08-Apr-2025","2,268.30","2,306.20","2,252.35","2,289.25","2,774,874"
"09-Apr-2025","2,293.95","2,354.15","2,289.50","2,350.00","2,989,089"
"11-Apr-2025","2,394.60","2,394.85","2,344.35","2,366.15","3,836,083"
"15-Apr-2025","2,400.00","2,400.00","2,345.20","2,361.50","3,042,779"
"16-Apr-2025","2,351.00","2,376.00","2,351.00","2,366.60","1,131,979"
"17-Apr-2025","2,357.10","2,379.90","2,343.10","2,375.00","1,962,402"
"21-Apr-2025","2,368.10","2,372.40","2,348.80","2,351.00","1,478,430"
"22-Apr-2025","2,370.00","2,406.00","2,355.10","2,398.70","2,352,346"
"23-Apr-2025","2,410.00","2,438.00","2,393.40","2,423.80","2,226,066"
"24-Apr-2025","2,423.80","2,487.40","2,317.10","2,325.30","7,065,430"
"25-Apr-2025","2,331.90","2,341.90","2,294.40","2,332.20","2,859,858"
"28-Apr-2025","2,345.00","2,349.00","2,315.00","2,318.60","1,555,660"
"29-Apr-2025","2,328.00","2,332.50","2,312.60","2,321.70","1,896,387"
"30-Apr-2025","2,320.00","2,352.50","2,316.00","2,342.10","2,083,807"
"02-May-2025","2,334.10","2,345.00","2,310.00","2,323.90","1,953,078"
"05-May-2025","2,324.10","2,354.90","2,319.10","2,348.60","2,074,103"
"06-May-2025","2,340.20","2,390.10","2,340.20","2,381.80","1,888,125"
"07-May-2025","2,369.00","2,386.90","2,355.30","2,370.80","1,610,400"
"08-May-2025","2,361.70","2,371.90","2,341.00","2,354.90","2,323,073"
"09-May-2025","2,330.00","2,342.70","2,302.30","2,332.90","1,805,685"
"12-May-2025","2,360.00","2,387.00","2,346.10","2,382.50","1,274,873"
"13-May-2025","2,375.60","2,398.00","2,352.80","2,360.00","1,929,665"
"14-May-2025","2,370.00","2,370.00","2,338.50","2,350.50","1,568,111"
"15-May-2025","2,351.60","2,369.90","2,340.00","2,355.20","3,236,681"
"16-May-2025","2,360.00","2,387.00","2,349.00","2,381.40","1,473,000"
"19-May-2025","2,375.00","2,405.00","2,375.00","2,382.70","936,655"
"20-May-2025","2,394.60","2,394.60","2,338.50","2,341.10","1,617,408"
"21-May-2025","2,346.00","2,375.70","2,345.00","2,363.90","1,570,754"
"22-May-2025","2,355.00","2,363.10","2,313.10","2,330.70","2,423,653"
"23-May-2025","2,336.90","2,364.50","2,329.60","2,359.20","844,118"
"26-May-2025","2,368.00","2,397.30","2,364.10","2,394.10","892,618"
"27-May-2025","2,394.10","2,409.50","2,360.30","2,380.20","1,865,258"
"28-May-2025","2,388.00","2,388.00","2,352.00","2,362.00","897,517"
"29-May-2025","2,369.00","2,376.00","2,355.50","2,366.70","1,111,275"
"30-May-2025","2,360.00","2,374.90","2,343.50","2,348.30","3,288,892"
"02-Jun-2025","2,347.90","2,384.00","2,343.60","2,371.60","1,178,205"
"03-Jun-2025","2,365.10","2,379.50","2,342.60","2,352.30","1,643,913"
"04-Jun-2025","2,359.50","2,367.60","2,342.10","2,364.50","3,287,896"
"05-Jun-2025","2,364.50","2,380.00","2,348.90","2,376.40","1,787,978"
"06-Jun-2025","2,373.30","2,396.50","2,370.10","2,389.80","997,488"
"09-Jun-2025","2,394.00","2,399.00","2,378.30","2,393.20","1,293,622"
"10-Jun-2025","2,393.40","2,400.20","2,378.40","2,395.20","1,778,782"
"11-Jun-2025","2,395.20","2,402.90","2,371.30","2,376.40","1,977,707"
"12-Jun-2025","2,386.90","2,388.00","2,324.10","2,332.70","3,339,584"
"13-Jun-2025","2,305.00","2,324.90","2,302.00","2,319.00","1,740,682"
"16-Jun-2025","2,320.00","2,336.60","2,313.10","2,327.40","1,105,297"
"17-Jun-2025","2,320.00","2,333.10","2,313.10","2,328.60","1,119,284"
"18-Jun-2025","2,327.70","2,331.40","2,285.50","2,297.30","2,056,563"
"19-Jun-2025","2,300.10","2,307.80","2,290.30","2,294.20","1,214,549"
"20-Jun-2025","2,295.00","2,313.00","2,292.40","2,306.20","2,685,864"
"23-Jun-2025","2,283.40","2,286.00","2,258.70","2,275.10","842,856"
"24-Jun-2025","2,295.00","2,301.00","2,260.30","2,263.10","2,440,747"
"25-Jun-2025","2,279.00","2,290.50","2,271.40","2,278.70","1,047,270"
"26-Jun-2025","2,288.90","2,291.00","2,271.60","2,280.80","1,874,722"
"27-Jun-2025","2,280.80","2,310.50","2,279.30","2,306.90","1,050,745"
"30-Jun-2025","2,309.90","2,317.00","2,288.00","2,294.60","1,403,754"
"01-Jul-2025","2,300.00","2,302.60","2,286.60","2,295.50","759,914"
"02-Jul-2025","2,295.00","2,309.00","2,287.60","2,307.10","1,128,034"
"03-Jul-2025","2,310.00","2,326.90","2,304.00","2,313.40","1,060,039"
"04-Jul-2025","2,318.00","2,341.40","2,310.30","2,339.30","1,242,346"
"07-Jul-2025","2,341.00","2,415.70","2,341.00","2,410.40","2,701,583"
"08-Jul-2025","2,405.40","2,418.50","2,386.00","2,392.70","1,471,046"
"09-Jul-2025","2,399.00","2,439.70","2,397.10","2,423.40","1,741,690"
"10-Jul-2025","2,423.40","2,434.00","2,397.60","2,408.40","1,053,695"
"11-Jul-2025","2,500.00","2,530.00","2,461.00","2,519.60","7,242,235"
"14-Jul-2025","2,500.00","2,532.50","2,490.00","2,516.60","2,427,712"
"15-Jul-2025","2,520.70","2,529.90","2,510.00","2,526.90","1,700,294"
"16-Jul-2025","2,526.30","2,532.90","2,507.50","2,517.60","1,284,379"
"17-Jul-2025","2,513.00","2,525.40","2,506.20","2,509.80","807,474"
"18-Jul-2025","2,514.90","2,514.90","2,481.50","2,489.60","771,112"
"21-Jul-2025","2,490.90","2,493.60","2,455.40","2,464.90","1,169,960"
"22-Jul-2025","2,470.00","2,485.00","2,452.60","2,479.70","861,632"
"23-Jul-2025","2,481.00","2,487.00","2,442.00","2,450.40","1,320,795"
"24-Jul-2025","2,455.90","2,466.00","2,421.00","2,437.80","693,984"
"25-Jul-2025","2,426.10","2,428.60","2,405.40","2,415.40","769,388"
"28-Jul-2025","2,415.40","2,448.30","2,412.30","2,441.60","987,995"
"29-Jul-2025","2,444.80","2,457.50","2,429.70","2,453.60","732,282"
"30-Jul-2025","2,442.00","2,452.90","2,398.50","2,437.40","1,224,146"
"31-Jul-2025","2,420.10","2,549.00","2,420.10","2,521.20","5,505,507"
"01-Aug-2025","2,550.00","2,727.50","2,536.90","2,553.70","4,259,653"
"04-Aug-2025","2,547.00","2,583.20","2,535.10","2,543.70","1,293,028"
"05-Aug-2025","2,537.50","2,553.00","2,517.30","2,534.70","756,361"
"06-Aug-2025","2,538.70","2,563.10","2,526.60","2,535.60","885,487"
"07-Aug-2025","2,535.70","2,544.00","2,495.00","2,517.50","847,151"
"08-Aug-2025","2,516.00","2,529.90","2,486.60","2,498.60","839,794"
"11-Aug-2025","2,490.10","2,524.50","2,478.50","2,518.40","992,436"
"12-Aug-2025","2,518.00","2,536.60","2,480.10","2,483.80","1,406,211"
"13-Aug-2025","2,485.00","2,501.50","2,473.40","2,495.10","969,803"
"14-Aug-2025","2,498.90","2,509.00","2,473.20","2,480.60","1,104,362"
"18-Aug-2025","2,539.00","2,597.00","2,521.30","2,568.10","3,089,136"
"19-Aug-2025","2,572.20","2,615.00","2,558.40","2,604.80","1,400,717"
"20-Aug-2025","2,599.00","2,680.00","2,588.50","2,669.80","3,156,954"
"21-Aug-2025","2,667.10","2,667.10","2,627.30","2,648.00","2,235,686"
"22-Aug-2025","2,647.00","2,658.50","2,619.00","2,629.90","1,223,445"
"25-Aug-2025","2,643.00","2,643.00","2,615.20","2,631.60","667,598"
"26-Aug-2025","2,624.60","2,705.00","2,624.60","2,692.60","4,348,648"
"28-Aug-2025","2,748.00","2,748.00","2,646.80","2,654.40","3,198,743"
"29-Aug-2025","2,664.80","2,723.00","2,641.40","2,659.80","1,972,773"
"01-Sep-2025","2,659.80","2,673.30","2,639.30","2,649.50","1,096,729"
"02-Sep-2025","2,649.00","2,692.40","2,645.10","2,677.00","1,525,106"
"03-Sep-2025","2,681.00","2,686.90","2,658.30","2,664.70","1,010,692"
"04-Sep-2025","2,750.00","2,750.00","2,655.50","2,666.60","2,494,678"
"05-Sep-2025","2,667.60","2,672.90","2,623.80","2,633.40","944,879"
"08-Sep-2025","2,630.00","2,644.60","2,618.80","2,623.90","903,410"
"09-Sep-2025","2,637.00","2,646.20","2,611.30","2,642.00","1,610,956"
"10-Sep-2025","2,642.00","2,652.90","2,619.00","2,643.50","1,031,486"
"11-Sep-2025","2,643.80","2,657.70","2,614.00","2,622.00","1,212,707"
"12-Sep-2025","2,625.00","2,628.90","2,569.00","2,580.50","1,368,380"
"15-Sep-2025","2,580.50","2,593.40","2,568.40","2,581.00","752,745"
"16-Sep-2025","2,588.20","2,590.00","2,572.60","2,580.90","1,040,928"
"17-Sep-2025","2,587.00","2,591.10","2,566.50","2,569.70","970,247"
"18-Sep-2025","2,570.90","2,609.90","2,570.90","2,586.80","1,550,153"
"19-Sep-2025","2,600.00","2,604.70","2,554.80","2,559.60","2,214,708"
"22-Sep-2025","2,569.00","2,587.20","2,560.20","2,572.20","1,174,161"
"23-Sep-2025","2,568.90","2,575.30","2,518.20","2,522.20","1,430,474"
"24-Sep-2025","2,522.20","2,576.00","2,510.00","2,549.50","1,882,881"
"25-Sep-2025","2,546.00","2,567.50","2,531.80","2,538.30","1,624,258"
"26-Sep-2025","2,535.00","2,545.40","2,499.40","2,511.80","885,612"
"29-Sep-2025","2,495.00","2,517.40","2,443.00","2,497.90","2,403,556"
"30-Sep-2025","2,497.90","2,526.30","2,491.60","2,514.40","1,678,088"
"01-Oct-2025","2,515.40","2,550.00","2,497.90","2,536.20","1,483,899"
"03-Oct-2025","2,536.20","2,548.60","2,508.30","2,544.90","1,242,611"
"06-Oct-2025","2,535.20","2,549.60","2,520.20","2,541.80","818,923"
"07-Oct-2025","2,540.00","2,559.40","2,508.30","2,517.20","1,291,750"
"08-Oct-2025","2,511.00","2,525.00","2,486.10","2,500.10","1,225,128"
"09-Oct-2025","2,501.00","2,523.00","2,498.30","2,517.60","1,259,173"
"10-Oct-2025","2,510.00","2,534.90","2,506.50","2,528.90","1,018,875"
"13-Oct-2025","2,519.20","2,531.60","2,485.40","2,492.80","1,114,750"
"14-Oct-2025","2,493.00","2,509.20","2,482.30","2,502.30","1,461,017"
"15-Oct-2025","2,502.60","2,531.80","2,502.60","2,519.00","881,070"
"16-Oct-2025","2,517.80","2,568.50","2,507.10","2,561.50","1,446,646"
"17-Oct-2025","2,565.50","2,615.00","2,560.00","2,603.70","2,050,690"
"20-Oct-2025","2,609.00","2,624.70","2,585.60","2,594.40","1,011,485"
"21-Oct-2025","2,594.00","2,606.70","2,585.10","2,591.70","82,020"
"23-Oct-2025","2,601.00","2,667.20","2,596.10","2,601.60","3,386,744"
"24-Oct-2025","2,584.00","2,584.00","2,474.50","2,516.40","3,110,800"
"27-Oct-2025","2,516.40","2,525.00","2,506.00","2,511.80","2,127,832"
"28-Oct-2025","2,519.00","2,526.00","2,481.90","2,497.10","2,294,976"
"29-Oct-2025","2,512.60","2,513.60","2,484.00","2,488.10","1,870,143"
"30-Oct-2025","2,491.00","2,497.00","2,454.90","2,469.60","1,195,631"
"31-Oct-2025","2,469.00","2,479.50","2,452.90","2,465.50","1,401,937"
"03-Nov-2025","2,456.10","2,474.90","2,440.30","2,460.00","1,049,185"
"04-Nov-2025","2,460.00","2,463.30","2,441.30","2,445.70","1,251,588"
"06-Nov-2025","2,463.90","2,463.90","2,432.60","2,436.00","1,329,256"
"07-Nov-2025","2,417.00","2,425.00","2,400.60","2,414.00","817,896"
"10-Nov-2025","2,405.00","2,429.30","2,404.00","2,408.80","780,558"
"11-Nov-2025","2,422.20","2,433.70","2,403.10","2,427.50","1,422,399"
"12-Nov-2025","2,430.60","2,434.80","2,416.20","2,424.50","1,680,827"
"13-Nov-2025","2,429.00","2,431.00","2,405.00","2,407.60","1,256,059"
"14-Nov-2025","2,405.10","2,430.20","2,392.00","2,427.70","975,973"
"17-Nov-2025","2,431.40","2,438.40","2,416.00","2,425.00","920,038"
"18-Nov-2025","2,415.80","2,422.90","2,401.90","2,404.00","1,229,034"
"19-Nov-2025","2,412.00","2,450.70","2,411.00","2,441.60","1,465,143"
"20-Nov-2025","2,445.10","2,459.00","2,425.00","2,428.40","1,396,929"
"21-Nov-2025","2,436.20","2,443.20","2,413.00","2,433.70","1,840,712"
"24-Nov-2025","2,441.90","2,444.90","2,413.00","2,424.20","4,092,327"
"25-Nov-2025","2,422.00","2,424.20","2,406.00","2,414.10","1,240,672"
"26-Nov-2025","2,412.00","2,427.70","2,409.00","2,425.20","1,242,683"
"27-Nov-2025","2,426.10","2,459.70","2,425.00","2,451.70","1,872,248"
"28-Nov-2025","2,450.00","2,470.00","2,447.20","2,466.60","973,225"
"01-Dec-2025","2,466.60","2,488.00","2,458.80","2,464.50","1,924,828"
"02-Dec-2025","2,471.00","2,484.40","2,460.00","2,477.80","2,179,406"
"03-Dec-2025","2,478.20","2,484.90","2,403.10","2,448.00","3,535,932"
"04-Dec-2025","2,440.00","2,483.00","2,423.20","2,462.20","2,587,753"
"05-Dec-2025","2,422.00","2,422.00","2,286.70","2,338.60","4,008,271"
"08-Dec-2025","2,350.10","2,355.10","2,302.00","2,314.00","1,898,154"
"09-Dec-2025","2,318.00","2,330.40","2,298.10","2,306.50","1,471,488"
"10-Dec-2025","2,306.50","2,316.90","2,295.00","2,301.70","2,857,290"
"11-Dec-2025","2,296.30","2,313.00","2,292.00","2,305.60","1,108,032"
"12-Dec-2025","2,306.90","2,309.00","2,244.70","2,260.60","3,203,114"
"15-Dec-2025","2,260.60","2,299.00","2,252.00","2,293.50","1,274,115"
"16-Dec-2025","2,293.40","2,302.70","2,276.00","2,281.10","1,256,042"
"17-Dec-2025","2,281.20","2,286.20","2,268.30","2,275.60","808,100"
"18-Dec-2025","2,270.00","2,278.30","2,255.30","2,265.50","1,057,295"
"19-Dec-2025","2,263.70","2,284.80","2,263.70","2,280.00","1,237,214"
"22-Dec-2025","2,280.00","2,295.00","2,280.00","2,289.50","790,773"
"23-Dec-2025","2,289.30","2,310.00","2,280.70","2,302.60","1,128,801"
"24-Dec-2025","2,302.60","2,305.00","2,278.10","2,282.20","519,380"
"26-Dec-2025","2,282.30","2,290.00","2,275.00","2,285.40","533,626"
"29-Dec-2025","2,288.90","2,298.70","2,280.00","2,293.30","1,086,695"
"30-Dec-2025","2,293.30","2,298.00","2,283.00","2,290.20","1,556,717"
"31-Dec-2025","2,290.00","2,325.50","2,286.80","2,315.90","1,324,220"
"26-Feb-2026","2,378.00","2,387.30","2,355.20","2,380.20","2,396,470"
"27-Feb-2026","2,369.30","2,378.90","2,330.60","2,340.00","1,736,031"
