"Date","Open","High","Low","Close","Volume"
"01-Jan-2019","282.20","283.55","279.80","282.70","2,490,548"
"02-Jan-2019","282.25","283.25","277.55","280.60","9,934,187"
"03-Jan-2019","280.60","282.45","277.75","278.85","6,114,946"
"04-Jan-2019","279.15","282.95","279.15","280.95","7,805,148"
"07-Jan-2019","284.30","285.25","281.00","281.65","9,757,529"
"08-Jan-2019","282.00","285.50","281.35","284.25","7,480,522"
"09-Jan-2019","285.60","291.70","284.60","290.40","12,182,118"
"10-Jan-2019","290.75","293.70","288.90","289.60","10,288,580"
"11-Jan-2019","291.90","296.00","291.50","295.35","16,773,035"
"14-Jan-2019","294.50","294.80","290.00","294.30","6,400,147"
"15-Jan-2019","295.25","297.40","294.00","296.55","7,213,165"
"16-Jan-2019","296.00","296.55","291.70","294.05","7,784,035"
"17-Jan-2019","294.10","295.60","290.15","293.95","10,601,100"
"18-Jan-2019","293.25","295.10","290.65","291.45","10,994,807"
"21-Jan-2019","292.85","293.20","288.70","289.90","8,203,333"
"22-Jan-2019","289.85","291.00","285.15","289.75","10,329,563"
"23-Jan-2019","291.50","294.40","275.00","277.30","40,188,183"
"24-Jan-2019","279.30","283.35","277.85","278.90","28,026,449"
"25-Jan-2019","280.00","282.70","278.50","279.20","8,897,906"
"28-Jan-2019","278.90","279.45","274.20","274.75","8,992,136"
"29-Jan-2019","275.30","279.00","274.75","278.45","6,998,389"
"30-Jan-2019","280.10","280.20","274.20","275.50","10,449,713"
"31-Jan-2019","276.50","279.60","273.60","278.65","15,346,406"
"01-Feb-2019","280.65","285.20","279.10","280.85","18,353,829"
"04-Feb-2019","281.90","281.90","276.05","277.10","6,056,619"
"05-Feb-2019","277.35","277.80","272.50","274.15","9,827,060"
"06-Feb-2019","275.00","278.40","274.55","277.70","8,097,580"
"07-Feb-2019","277.90","281.00","277.00","280.30","5,947,966"
"08-Feb-2019","279.50","281.20","274.60","275.50","4,405,887"
"11-Feb-2019","275.80","278.20","268.45","277.10","9,952,322"
"12-Feb-2019","277.05","280.50","274.60","275.30","7,341,352"
"13-Feb-2019","280.05","283.90","275.20","276.85","15,344,186"
"14-Feb-2019","277.00","280.20","277.00","277.90","9,993,785"
"15-Feb-2019","279.00","280.95","275.40","280.10","37,552,143"
"18-Feb-2019","278.80","282.45","273.90","274.70","40,666,405"
"19-Feb-2019","274.00","279.20","274.00","275.90","34,451,117"
"20-Feb-2019","277.25","277.50","274.25","275.85","5,977,880"
"21-Feb-2019","275.90","276.75","274.20","275.05","6,995,026"
"22-Feb-2019","275.60","275.95","273.10","274.30","8,763,445"
"25-Feb-2019","274.50","277.15","273.00","276.70","30,047,503"
"26-Feb-2019","274.95","277.00","274.05","275.50","11,779,606"
"27-Feb-2019","276.00","278.90","273.90","275.10","13,128,412"
"28-Feb-2019","277.30","277.30","274.25","276.05","43,208,896"
"01-Mar-2019","276.45","279.00","276.25","278.20","8,830,848"
"05-Mar-2019","280.00","284.00","276.05","282.55","13,580,306"
"06-Mar-2019","285.00","289.20","284.75","285.75","20,045,621"
"07-Mar-2019","286.70","291.00","285.85","290.10","14,287,507"
"08-Mar-2019","290.30","293.00","288.40","292.00","12,681,454"
"11-Mar-2019","293.00","294.90","291.10","292.95","14,720,968"
"12-Mar-2019","294.00","295.65","293.15","294.50","14,142,103"
"13-Mar-2019","295.00","297.00","294.15","294.90","11,070,294"
"14-Mar-2019","295.40","296.00","290.45","295.50","10,113,962"
"15-Mar-2019","295.95","296.55","289.35","290.80","21,395,473"
"18-Mar-2019","292.00","294.20","291.30","293.75","9,166,882"
"19-Mar-2019","294.60","300.00","293.35","299.45","15,756,420"
"20-Mar-2019","300.00","301.95","296.60","298.90","15,619,922"
"22-Mar-2019","300.00","300.00","296.55","298.20","8,067,384"
"25-Mar-2019","297.00","297.00","293.20","295.05","8,015,871"
"26-Mar-2019","295.00","296.35","291.05","293.40","10,763,629"
"27-Mar-2019","294.00","296.70","291.60","293.10","8,432,517"
"28-Mar-2019","294.10","302.00","293.00","300.00","17,752,380"
"29-Mar-2019","302.00","303.00","295.45","297.25","11,913,335"
"01-Apr-2019","297.00","299.20","296.55","297.25","6,203,276"
"02-Apr-2019","297.40","300.00","294.65","297.90","9,849,417"
"03-Apr-2019","298.00","299.00","295.15","296.15","9,064,767"
"04-Apr-2019","296.00","297.30","293.75","294.80","6,965,053"
"05-Apr-2019","295.05","296.40","292.65","294.55","7,806,991"
"08-Apr-2019","294.65","295.00","291.70","292.75","5,288,853"
"09-Apr-2019","292.50","296.70","292.25","296.30","6,175,672"
"10-Apr-2019","296.05","296.55","293.50","294.70","5,334,642"
"11-Apr-2019","294.55","297.45","293.00","296.40","10,764,968"
"12-Apr-2019","296.65","307.40","295.60","305.75","21,818,291"
"15-Apr-2019","307.90","310.00","304.35","305.50","12,612,414"
"16-Apr-2019","306.80","309.95","306.15","307.20","9,746,168"
"18-Apr-2019","308.25","308.25","303.55","304.40","8,838,122"
"22-Apr-2019","303.85","305.50","301.05","301.80","6,672,456"
"23-Apr-2019","302.15","304.80","301.55","303.40","7,496,038"
"24-Apr-2019","303.40","307.20","298.50","306.45","11,447,878"
"25-Apr-2019","307.25","309.80","302.00","304.15","23,240,675"
"26-Apr-2019","304.60","306.40","302.55","304.55","4,654,775"
"30-Apr-2019","304.55","307.55","299.50","301.35","11,163,210"
"02-May-2019","301.10","306.50","300.60","305.00","7,493,271"
"03-May-2019","304.25","307.45","303.30","304.25","5,885,895"
"06-May-2019","304.00","307.50","300.75","307.00","6,737,627"
"07-May-2019","308.25","309.50","300.85","301.90","8,655,871"
"08-May-2019","300.00","303.40","298.65","300.65","7,876,031"
"09-May-2019","299.40","301.30","296.35","299.85","10,223,616"
"10-May-2019","300.00","300.45","296.90","297.75","6,904,657"
"13-May-2019","295.10","303.50","287.70","289.30","35,880,558"
"14-May-2019","291.00","298.25","288.85","294.35","21,145,245"
"15-May-2019","297.55","299.30","292.00","297.05","17,894,032"
"16-May-2019","297.00","297.00","293.25","294.75","7,354,375"
"17-May-2019","295.10","302.35","295.10","301.40","11,194,900"
"20-May-2019","306.85","307.55","302.10","307.00","11,013,451"
"21-May-2019","307.00","310.00","305.30","305.90","10,518,883"
"22-May-2019","302.15","302.80","296.80","299.75","13,737,694"
"23-May-2019","305.00","305.60","287.00","288.20","31,380,501"
"24-May-2019","291.50","291.65","287.30","290.45","10,879,657"
"27-May-2019","291.25","293.55","289.05","290.85","9,024,193"
"28-May-2019","291.80","292.00","288.10","288.90","15,598,601"
"29-May-2019","288.80","291.70","287.60","288.10","7,255,516"
"30-May-2019","289.00","291.05","288.30","288.65","8,656,311"
"31-May-2019","289.35","291.50","277.45","278.55","26,281,811"
"03-Jun-2019","281.40","281.50","275.30","278.55","19,569,620"
"04-Jun-2019","279.25","282.15","278.80","279.25","13,850,737"
"06-Jun-2019","280.40","280.40","275.30","275.75","10,660,963"
"07-Jun-2019","276.80","276.80","274.20","275.25","7,699,206"
"10-Jun-2019","278.30","280.55","276.90","279.40","8,615,348"
"11-Jun-2019","280.90","281.40","279.20","279.85","8,461,371"
"12-Jun-2019","281.40","281.40","278.25","279.95","8,247,867"
"13-Jun-2019","278.90","281.35","278.55","280.60","7,198,584"
"14-Jun-2019","280.50","280.50","277.15","278.05","7,908,039"
"17-Jun-2019","278.85","278.85","274.45","275.00","10,013,278"
"18-Jun-2019","276.15","277.85","274.00","275.10","13,845,733"
"19-Jun-2019","275.70","278.90","275.60","277.20","9,046,515"
"20-Jun-2019","277.00","277.95","275.35","277.00","10,566,110"
"21-Jun-2019","276.65","276.65","273.25","274.25","18,595,809"
"24-Jun-2019","274.25","277.50","274.25","276.25","8,935,066"
"25-Jun-2019","275.05","280.00","274.25","278.50","12,379,897"
"26-Jun-2019","278.45","278.70","276.35","277.40","7,421,269"
"27-Jun-2019","277.95","278.20","272.80","273.50","23,308,215"
"28-Jun-2019","274.10","275.45","272.50","273.85","8,449,727"
"01-Jul-2019","274.40","276.25","274.15","274.95","5,042,447"
"02-Jul-2019","275.35","275.65","273.20","273.85","9,976,439"
"03-Jul-2019","274.30","277.55","272.15","276.70","18,120,809"
"04-Jul-2019","277.45","278.25","275.20","277.65","9,697,597"
"05-Jul-2019","277.65","281.85","268.00","279.45","37,047,327"
"08-Jul-2019","280.15","282.90","275.80","277.45","12,169,249"
"09-Jul-2019","276.95","277.55","272.15","273.10","7,706,490"
"10-Jul-2019","273.55","275.25","270.75","273.15","8,162,744"
"11-Jul-2019","274.00","276.90","273.60","275.65","8,403,695"
"12-Jul-2019","275.40","276.45","273.10","275.05","10,468,936"
"15-Jul-2019","275.00","275.60","270.55","270.95","8,536,705"
"16-Jul-2019","271.00","272.75","270.60","271.95","6,357,525"
"17-Jul-2019","272.45","273.15","270.70","272.90","6,294,203"
"18-Jul-2019","272.95","275.10","272.30","273.00","9,096,757"
"19-Jul-2019","274.10","274.25","268.00","268.30","7,986,847"
"22-Jul-2019","268.00","268.20","264.00","264.40","13,516,960"
"23-Jul-2019","265.50","271.70","265.00","270.65","14,396,986"
"24-Jul-2019","270.30","273.35","267.90","270.85","12,072,603"
"25-Jul-2019","271.00","272.50","266.90","267.85","17,669,912"
"26-Jul-2019","268.75","271.00","266.90","270.40","4,788,040"
"29-Jul-2019","270.00","271.15","266.50","267.75","5,525,308"
"30-Jul-2019","268.00","270.10","266.55","268.90","13,233,351"
"31-Jul-2019","268.60","271.10","266.00","270.20","13,649,764"
"01-Aug-2019","270.45","270.70","266.50","267.55","5,925,611"
"02-Aug-2019","267.20","267.20","263.10","264.50","8,890,911"
"05-Aug-2019","264.40","264.50","257.65","259.80","11,556,743"
"06-Aug-2019","258.75","261.50","258.15","258.90","9,408,544"
"07-Aug-2019","259.05","259.35","253.10","253.65","8,489,812"
"08-Aug-2019","255.00","258.70","253.00","257.75","6,370,866"
"09-Aug-2019","258.85","258.85","253.50","254.20","9,927,337"
"13-Aug-2019","253.80","254.00","244.00","246.30","20,992,894"
"14-Aug-2019","246.30","253.60","244.05","248.75","13,809,031"
"16-Aug-2019","248.75","253.40","247.40","253.00","10,337,358"
"19-Aug-2019","253.50","257.30","250.95","251.55","12,524,627"
"20-Aug-2019","251.60","251.95","245.45","246.50","15,000,271"
"21-Aug-2019","246.70","246.90","240.85","241.45","14,736,226"
"22-Aug-2019","242.20","246.00","239.00","240.05","10,513,066"
"23-Aug-2019","239.00","239.45","234.65","236.10","16,440,329"
"26-Aug-2019","240.70","243.45","234.95","242.50","12,857,092"
"27-Aug-2019","243.95","246.30","242.70","245.50","14,529,777"
"28-Aug-2019","246.15","247.65","243.10","245.95","8,894,489"
"29-Aug-2019","243.95","245.45","240.15","241.20","11,105,245"
"30-Aug-2019","242.75","247.20","239.05","245.65","11,772,247"
"03-Sep-2019","244.45","244.45","240.65","241.55","9,546,229"
"04-Sep-2019","241.60","244.55","241.30","243.25","7,032,392"
"05-Sep-2019","242.00","246.90","242.00","244.25","8,451,611"
"06-Sep-2019","244.30","245.85","243.25","243.90","8,704,669"
"09-Sep-2019","244.65","246.50","243.20","245.50","9,085,228"
"11-Sep-2019","244.60","245.45","243.00","243.75","8,968,683"
"12-Sep-2019","244.30","245.00","240.00","240.75","8,083,759"
"13-Sep-2019","241.00","242.45","238.60","239.90","14,031,943"
"16-Sep-2019","239.50","240.85","238.30","239.40","7,084,644"
"17-Sep-2019","239.80","240.10","236.80","237.20","10,672,279"
"18-Sep-2019","237.70","242.30","234.05","239.25","19,956,339"
"19-Sep-2019","239.95","239.95","236.10","236.70","8,483,309"
"20-Sep-2019","237.00","248.50","234.30","238.05","63,568,127"
"23-Sep-2019","250.00","260.50","249.90","254.85","52,040,316"
"24-Sep-2019","255.00","258.00","253.80","256.00","17,167,257"
"25-Sep-2019","255.10","256.25","242.70","247.55","20,597,095"
"26-Sep-2019","247.30","251.40","246.25","250.40","17,847,616"
"27-Sep-2019","250.00","258.00","250.00","252.95","17,535,666"
"30-Sep-2019","254.75","260.80","249.40","259.85","20,588,289"
"01-Oct-2019","259.10","262.45","255.00","255.90","15,440,899"
"03-Oct-2019","257.70","262.15","256.05","261.65","12,356,337"
"04-Oct-2019","263.00","263.90","255.20","257.25","18,085,064"
"07-Oct-2019","257.50","258.00","250.70","251.90","21,263,568"
"09-Oct-2019","251.30","252.20","246.30","247.10","21,503,869"
"10-Oct-2019","247.00","247.65","242.65","243.20","24,294,966"
"11-Oct-2019","243.20","246.20","241.10","243.95","25,072,193"
"14-Oct-2019","245.45","246.40","243.00","244.10","14,713,799"
"15-Oct-2019","245.05","249.20","245.05","247.60","9,989,191"
"16-Oct-2019","247.40","247.60","242.15","243.65","16,063,295"
"17-Oct-2019","244.00","246.70","243.85","245.85","13,649,598"
"18-Oct-2019","246.00","247.80","245.10","246.50","12,833,554"
"22-Oct-2019","245.00","251.10","244.95","248.90","18,275,636"
"23-Oct-2019","250.40","251.95","249.05","251.05","12,831,461"
"24-Oct-2019","252.60","254.00","247.95","249.05","16,791,340"
"25-Oct-2019","256.90","257.20","247.00","247.70","32,591,192"
"27-Oct-2019","249.95","251.10","249.70","250.40","3,132,126"
"29-Oct-2019","250.95","255.10","249.55","253.25","11,937,562"
"30-Oct-2019","256.00","264.00","254.30","259.40","34,291,157"
"31-Oct-2019","260.00","262.85","256.20","257.65","16,654,994"
"01-Nov-2019","259.35","263.00","258.75","261.30","12,571,588"
"04-Nov-2019","262.95","264.95","260.05","260.75","7,895,272"
"05-Nov-2019","261.00","264.00","258.60","262.90","10,278,362"
"06-Nov-2019","262.95","263.80","260.00","261.35","8,857,419"
"07-Nov-2019","262.90","266.30","262.00","265.85","14,782,434"
"08-Nov-2019","264.85","265.45","260.00","260.50","11,899,353"
"11-Nov-2019","260.60","262.35","258.80","259.45","7,245,151"
"13-Nov-2019","258.90","259.25","253.15","253.85","10,269,356"
"14-Nov-2019","254.10","255.90","253.25","253.90","8,880,734"
"15-Nov-2019","254.25","255.75","250.00","250.65","16,741,465"
"18-Nov-2019","251.45","252.25","248.75","250.75","7,864,919"
"19-Nov-2019","251.75","251.80","248.80","249.30","12,152,981"
"20-Nov-2019","249.30","251.30","246.70","250.70","9,978,073"
"21-Nov-2019","251.40","251.40","245.05","245.70","10,393,219"
"22-Nov-2019","247.15","252.65","246.65","247.65","16,370,384"
"25-Nov-2019","247.75","248.40","246.25","247.75","10,586,688"
"26-Nov-2019","248.65","250.40","247.70","249.15","19,778,030"
"27-Nov-2019","249.75","250.05","246.60","246.95","8,841,620"
"28-Nov-2019","247.30","247.95","245.65","246.70","10,992,718"
"29-Nov-2019","246.75","247.40","245.00","246.40","9,807,979"
"02-Dec-2019","246.00","246.90","244.55","244.95","9,972,664"
"03-Dec-2019","244.95","245.80","242.65","244.05","8,129,241"
"04-Dec-2019","243.50","244.05","242.00","243.15","11,946,661"
"05-Dec-2019","243.15","247.50","243.10","246.95","11,265,857"
"06-Dec-2019","247.00","247.15","242.50","243.35","10,374,270"
"09-Dec-2019","243.00","243.30","241.00","241.45","6,722,758"
"10-Dec-2019","241.60","241.70","235.00","235.60","15,380,232"
"11-Dec-2019","235.60","238.80","235.60","237.60","13,799,825"
"12-Dec-2019","238.05","240.20","237.60","238.55","10,307,052"
"13-Dec-2019","240.00","242.50","239.20","241.60","8,205,457"
"16-Dec-2019","243.00","243.40","236.35","236.90","12,014,269"
"17-Dec-2019","237.50","241.70","237.50","241.05","15,921,196"
"18-Dec-2019","240.60","247.35","239.75","245.15","17,134,732"
"19-Dec-2019","246.05","247.90","243.25","244.35","9,339,714"
"20-Dec-2019","244.35","245.10","240.15","241.15","13,958,336"
"23-Dec-2019","242.00","242.80","238.65","238.90","19,082,124"
"24-Dec-2019","239.00","240.20","238.20","238.75","7,896,150"
"26-Dec-2019","238.90","239.40","236.35","236.80","14,460,325"
"27-Dec-2019","237.50","238.45","236.45","236.90","8,712,539"
"30-Dec-2019","238.00","240.90","237.50","238.20","13,173,134"
"31-Dec-2019","238.55","238.95","237.40","237.70","7,142,051"
"01-Jan-2020","238.60","238.60","237.10","238.10","4,208,837"
"02-Jan-2020","238.20","240.95","238.10","239.85","8,402,979"
"03-Jan-2020","241.00","241.00","238.00","238.50","9,284,478"
"06-Jan-2020","237.50","238.30","235.00","235.10","7,636,617"
"07-Jan-2020","236.05","237.90","234.60","235.35","8,416,741"
"08-Jan-2020","234.00","235.80","233.25","234.20","7,043,211"
"09-Jan-2020","235.60","236.60","235.05","235.80","9,452,653"
"10-Jan-2020","237.60","238.75","236.80","238.00","9,973,746"
"13-Jan-2020","238.50","240.50","238.25","239.25","12,243,639"
"14-Jan-2020","240.25","243.80","238.30","243.25","11,843,444"
"15-Jan-2020","242.55","243.00","241.10","242.40","5,476,729"
"16-Jan-2020","242.50","243.90","240.10","240.75","9,369,668"
"17-Jan-2020","240.75","242.10","239.40","239.95","7,392,403"
"20-Jan-2020","240.05","243.25","240.05","241.90","8,020,816"
"21-Jan-2020","241.45","241.45","238.00","238.45","9,571,070"
"22-Jan-2020","239.60","239.60","237.10","238.05","7,654,918"
"23-Jan-2020","238.10","238.75","236.90","237.90","6,120,434"
"24-Jan-2020","237.40","239.10","237.00","238.15","6,801,874"
"27-Jan-2020","237.00","237.40","234.30","234.60","6,837,613"
"28-Jan-2020","234.75","235.90","230.50","230.75","14,582,907"
"29-Jan-2020","231.50","237.65","231.15","236.65","20,469,708"
"30-Jan-2020","236.95","237.00","233.00","234.05","10,394,149"
"31-Jan-2020","235.75","238.40","234.05","235.15","18,455,880"
"01-Feb-2020","236.90","239.25","215.50","219.00","42,268,141"
"03-Feb-2020","215.00","216.90","205.00","207.60","79,764,370"
"04-Feb-2020","210.80","217.60","209.15","215.65","35,767,812"
"05-Feb-2020","216.30","217.50","211.50","216.45","21,253,607"
"06-Feb-2020","218.00","219.90","211.80","213.55","27,388,582"
"07-Feb-2020","213.80","215.70","212.75","213.40","17,133,407"
"10-Feb-2020","214.00","214.05","210.05","210.55","9,617,387"
"11-Feb-2020","216.50","216.95","211.80","212.60","29,803,784"
"12-Feb-2020","213.40","214.80","211.80","213.05","9,928,416"
"13-Feb-2020","213.05","213.45","211.20","211.90","9,153,131"
"14-Feb-2020","212.25","212.90","206.80","207.70","13,731,692"
"17-Feb-2020","208.00","208.65","204.00","204.80","15,561,953"
"18-Feb-2020","204.55","204.60","200.50","203.85","20,934,864"
"19-Feb-2020","205.25","207.15","203.85","206.70","9,054,560"
"20-Feb-2020","207.00","208.55","205.45","207.45","15,592,846"
"24-Feb-2020","207.00","207.45","201.80","203.00","16,594,046"
"25-Feb-2020","203.80","205.40","201.50","201.80","15,313,516"
"26-Feb-2020","200.65","201.95","196.30","198.60","17,869,240"
"27-Feb-2020","198.40","199.15","195.90","197.55","17,271,066"
"28-Feb-2020","195.00","199.90","192.05","197.55","32,628,444"
"02-Mar-2020","199.50","203.45","193.65","195.30","18,560,049"
"03-Mar-2020","197.00","197.45","192.55","193.85","17,947,416"
"04-Mar-2020","194.95","195.55","186.55","187.50","27,664,076"
"05-Mar-2020","187.55","191.20","186.55","188.05","20,025,924"
"06-Mar-2020","184.85","184.85","179.75","181.75","26,764,504"
"09-Mar-2020","179.00","179.00","174.50","177.20","21,795,899"
"11-Mar-2020","174.00","176.75","172.35","175.65","27,957,737"
"12-Mar-2020","169.00","169.15","150.55","155.80","52,040,944"
"13-Mar-2020","150.00","164.00","134.60","162.25","61,592,332"
"16-Mar-2020","158.00","158.10","145.25","147.25","33,255,085"
"17-Mar-2020","148.00","155.80","146.05","149.15","47,658,462"
"18-Mar-2020","152.10","154.65","147.35","150.70","50,248,786"
"19-Mar-2020","150.70","163.55","144.75","161.85","89,753,683"
"20-Mar-2020","165.10","176.50","165.10","175.50","61,997,991"
"23-Mar-2020","158.00","162.00","149.20","154.30","51,354,135"
"24-Mar-2020","162.95","163.70","147.40","149.70","52,569,242"
"25-Mar-2020","151.00","152.00","139.00","147.35","62,506,221"
"26-Mar-2020","150.00","159.40","143.25","156.40","58,443,502"
"27-Mar-2020","162.00","166.00","155.00","163.20","32,636,891"
"30-Mar-2020","156.05","164.90","156.05","159.20","28,120,394"
"31-Mar-2020","164.00","173.85","161.55","171.70","42,630,922"
"01-Apr-2020","171.70","172.75","164.55","166.40","18,142,049"
"03-Apr-2020","167.90","182.75","167.00","177.90","62,868,085"
"07-Apr-2020","185.70","185.70","173.65","181.55","36,119,016"
"08-Apr-2020","180.85","184.00","176.65","178.65","37,561,322"
"09-Apr-2020","184.00","186.25","180.00","185.25","42,643,743"
"13-Apr-2020","184.50","186.65","181.05","181.60","17,744,825"
"15-Apr-2020","184.05","193.75","182.70","189.35","49,092,959"
"16-Apr-2020","189.65","191.20","185.45","186.35","27,082,646"
"17-Apr-2020","190.45","191.40","186.95","188.10","26,669,272"
"20-Apr-2020","189.95","189.95","179.50","180.70","35,767,070"
"21-Apr-2020","178.00","184.30","176.05","179.60","23,334,550"
"22-Apr-2020","179.00","183.55","176.00","182.25","25,164,099"
"23-Apr-2020","182.95","184.00","179.65","180.55","32,968,241"
"24-Apr-2020","181.00","182.80","179.30","180.05","18,050,148"
"27-Apr-2020","180.25","182.30","179.30","179.85","13,086,773"
"28-Apr-2020","180.00","180.80","178.05","179.45","17,802,711"
"29-Apr-2020","180.50","182.90","179.65","182.15","21,461,158"
"30-Apr-2020","184.90","184.90","180.45","182.05","30,169,126"
"04-May-2020","181.75","181.75","170.65","174.05","30,298,058"
"05-May-2020","175.00","177.45","172.00","173.90","17,709,577"
"06-May-2020","171.40","171.40","160.50","163.90","65,586,753"
"07-May-2020","164.00","165.85","160.50","161.00","24,249,898"
"08-May-2020","163.95","164.15","157.10","158.25","25,307,551"
"11-May-2020","160.00","163.50","158.00","158.45","18,095,693"
"12-May-2020","158.45","165.90","157.50","165.05","21,387,983"
"13-May-2020","173.40","173.60","164.50","165.40","20,018,552"
"14-May-2020","164.50","168.25","161.95","163.80","14,949,993"
"15-May-2020","162.20","165.50","161.15","164.65","14,950,688"
"18-May-2020","166.00","167.30","163.15","164.75","20,802,365"
"19-May-2020","166.50","171.65","165.10","170.75","20,142,194"
"20-May-2020","171.95","177.00","171.00","175.75","25,320,952"
"21-May-2020","175.60","190.45","172.65","188.95","58,382,988"
"22-May-2020","188.00","191.90","184.60","186.35","39,013,806"
"26-May-2020","190.00","194.95","187.80","191.70","53,235,758"
"27-May-2020","192.50","193.90","186.90","192.15","24,546,312"
"28-May-2020","192.30","192.90","189.00","190.65","24,579,385"
"29-May-2020","190.45","198.00","189.00","197.35","35,836,696"
"01-Jun-2020","201.00","205.25","199.00","200.55","28,509,025"
"02-Jun-2020","201.90","201.90","196.70","197.25","22,631,743"
"03-Jun-2020","200.00","200.90","195.60","196.70","18,979,339"
"04-Jun-2020","197.75","202.50","195.00","200.15","21,999,875"
"05-Jun-2020","201.80","202.00","198.65","200.00","14,632,889"
"08-Jun-2020","202.90","203.65","197.00","197.65","19,555,380"
"09-Jun-2020","198.25","206.20","197.65","198.50","39,914,936"
"10-Jun-2020","199.45","203.15","198.30","199.05","27,204,677"
"11-Jun-2020","200.00","201.25","193.60","194.25","19,847,762"
"12-Jun-2020","188.95","195.20","187.85","193.90","22,562,987"
"15-Jun-2020","193.90","193.95","186.30","187.20","24,463,651"
"16-Jun-2020","190.80","190.95","181.90","185.00","27,637,395"
"17-Jun-2020","184.00","185.00","180.70","181.20","24,028,372"
"18-Jun-2020","181.20","187.50","180.70","186.60","28,887,658"
"19-Jun-2020","187.10","187.95","183.60","184.05","30,531,484"
"22-Jun-2020","186.50","187.50","183.15","185.00","31,396,392"
"23-Jun-2020","185.40","187.50","184.75","185.85","26,547,403"
"24-Jun-2020","187.40","194.70","186.15","191.85","54,653,037"
"25-Jun-2020","192.25","203.50","191.65","202.10","75,575,878"
"26-Jun-2020","206.00","209.40","193.30","195.20","71,957,460"
"29-Jun-2020","202.50","203.00","196.20","197.25","91,504,651"
"30-Jun-2020","199.40","199.40","194.00","194.65","41,216,021"
"01-Jul-2020","194.65","203.85","194.65","202.90","44,298,379"
"02-Jul-2020","204.45","206.75","202.55","205.85","39,321,517"
"03-Jul-2020","208.00","208.50","206.00","207.55","37,896,333"
"06-Jul-2020","200.35","201.95","198.95","199.80","34,710,608"
"07-Jul-2020","200.00","200.50","194.00","194.25","31,282,844"
"08-Jul-2020","194.25","197.95","194.25","196.30","21,276,389"
"09-Jul-2020","196.90","197.00","194.15","195.45","18,769,881"
"10-Jul-2020","195.15","196.50","194.00","194.35","16,192,017"
"13-Jul-2020","195.90","198.75","195.10","197.55","20,298,006"
"14-Jul-2020","197.40","199.50","192.75","195.90","18,476,313"
"15-Jul-2020","196.35","200.00","194.50","198.70","23,777,901"
"16-Jul-2020","198.70","198.85","192.00","193.85","22,144,753"
"17-Jul-2020","193.30","195.40","193.00","194.05","14,882,855"
"20-Jul-2020","195.00","195.35","192.35","192.70","18,918,931"
"21-Jul-2020","192.10","194.20","191.50","192.25","28,010,738"
"22-Jul-2020","193.00","197.90","192.50","196.55","32,572,721"
"23-Jul-2020","197.65","201.50","196.80","200.70","31,488,140"
"24-Jul-2020","201.00","201.70","197.30","199.60","60,185,503"
"27-Jul-2020","200.50","200.50","195.15","196.40","22,645,709"
"28-Jul-2020","197.00","198.65","195.05","195.40","19,287,262"
"29-Jul-2020","193.45","198.20","193.40","196.70","14,831,635"
"30-Jul-2020","198.40","198.40","192.50","193.35","16,315,232"
"31-Jul-2020","193.50","196.95","193.50","194.15","16,653,836"
"03-Aug-2020","194.00","194.00","191.90","192.60","13,265,435"
"04-Aug-2020","192.60","195.80","192.60","193.65","17,189,317"
"05-Aug-2020","194.50","194.60","191.70","192.80","48,768,468"
"06-Aug-2020","194.20","195.60","193.10","195.35","17,886,231"
"07-Aug-2020","195.50","197.00","194.15","196.05","20,913,956"
"10-Aug-2020","196.40","199.65","196.40","198.85","16,474,715"
"11-Aug-2020","200.00","207.70","200.00","203.05","55,143,098"
"12-Aug-2020","202.50","204.90","200.40","204.20","21,287,300"
"13-Aug-2020","203.50","204.20","197.10","201.45","22,698,994"
"14-Aug-2020","201.60","203.35","195.50","196.40","28,752,399"
"17-Aug-2020","198.05","199.50","196.85","198.75","11,741,074"
"18-Aug-2020","199.90","199.90","197.25","198.55","12,488,479"
"19-Aug-2020","198.60","201.70","198.10","198.45","15,474,846"
"20-Aug-2020","197.00","197.20","194.55","195.80","16,910,657"
"21-Aug-2020","198.00","199.20","196.30","196.80","17,234,086"
"24-Aug-2020","197.25","199.00","196.35","196.70","14,737,758"
"25-Aug-2020","197.25","198.30","195.10","195.40","15,199,285"
"26-Aug-2020","196.50","196.55","193.65","194.95","22,631,585"
"27-Aug-2020","198.50","198.90","193.90","194.25","47,213,462"
"28-Aug-2020","194.60","196.30","194.05","195.55","34,645,794"
"31-Aug-2020","199.00","199.00","190.00","191.10","96,998,374"
"01-Sep-2020","191.10","192.35","188.25","190.20","39,779,316"
"02-Sep-2020","191.30","193.00","189.65","191.35","20,585,664"
"03-Sep-2020","191.40","193.25","190.00","191.60","15,692,484"
"04-Sep-2020","190.00","190.00","185.70","186.70","41,389,121"
"07-Sep-2020","187.25","190.50","180.80","189.10","32,663,990"
"08-Sep-2020","189.60","190.55","184.60","188.15","25,591,395"
"09-Sep-2020","185.50","186.25","182.30","183.80","27,830,197"
"10-Sep-2020","184.10","185.70","183.20","184.90","17,785,076"
"11-Sep-2020","184.90","186.50","182.75","183.95","19,256,801"
"14-Sep-2020","185.80","185.85","183.00","183.35","30,993,032"
"15-Sep-2020","184.00","184.20","180.80","181.80","30,772,104"
"16-Sep-2020","181.85","183.50","180.05","180.65","50,645,681"
"17-Sep-2020","180.80","181.50","177.80","178.60","33,936,149"
"18-Sep-2020","179.55","179.85","177.00","179.10","29,783,208"
"21-Sep-2020","180.00","180.60","175.05","175.75","23,892,510"
"22-Sep-2020","175.75","176.75","173.75","174.20","18,532,637"
"23-Sep-2020","174.95","177.55","171.70","172.50","61,785,758"
"24-Sep-2020","171.70","171.75","166.15","166.55","31,486,886"
"25-Sep-2020","168.90","171.20","167.00","170.75","26,627,778"
"28-Sep-2020","171.00","174.80","170.50","173.30","23,194,739"
"29-Sep-2020","174.75","174.75","169.00","169.40","25,617,617"
"30-Sep-2020","170.00","172.10","168.70","171.70","18,482,053"
"01-Oct-2020","174.50","174.60","170.10","170.85","19,758,300"
"05-Oct-2020","171.10","172.80","168.75","169.25","24,301,177"
"06-Oct-2020","169.50","171.60","168.10","169.90","21,886,300"
"07-Oct-2020","170.00","170.90","169.00","169.50","16,286,695"
"08-Oct-2020","170.10","170.40","166.90","167.15","25,503,975"
"09-Oct-2020","167.50","168.90","166.35","167.85","22,373,477"
"12-Oct-2020","170.50","175.20","170.00","172.20","66,250,654"
"13-Oct-2020","172.85","174.85","169.50","170.15","35,685,353"
"14-Oct-2020","170.55","171.00","167.05","167.80","38,219,096"
"15-Oct-2020","167.70","167.80","164.55","165.05","27,116,959"
"16-Oct-2020","165.50","166.80","163.80","165.70","20,227,113"
"19-Oct-2020","166.80","168.90","166.15","168.25","19,016,841"
"20-Oct-2020","168.00","168.30","166.70","167.45","16,149,041"
"21-Oct-2020","168.15","168.90","166.60","167.65","16,479,194"
"22-Oct-2020","167.55","169.10","167.00","168.55","22,044,453"
"23-Oct-2020","168.95","171.00","167.75","170.75","20,147,370"
"26-Oct-2020","171.50","171.60","168.25","168.55","16,081,502"
"27-Oct-2020","168.50","169.30","166.75","167.20","45,885,935"
"28-Oct-2020","168.50","168.50","165.00","165.50","16,820,839"
"29-Oct-2020","165.00","165.95","163.45","163.85","21,008,755"
"30-Oct-2020","164.00","166.80","163.35","165.25","16,347,510"
"02-Nov-2020","166.80","167.20","164.45","166.75","14,370,649"
"03-Nov-2020","167.20","170.75","167.10","170.10","22,602,903"
"04-Nov-2020","170.05","171.80","168.20","169.80","18,808,819"
"05-Nov-2020","171.25","175.00","170.20","174.75","26,997,641"
"06-Nov-2020","176.50","177.20","173.40","173.95","34,252,005"
"09-Nov-2020","173.95","177.30","171.85","172.80","35,286,484"
"10-Nov-2020","175.00","179.55","171.85","178.35","57,459,436"
"11-Nov-2020","179.60","185.90","178.60","185.30","63,318,644"
"12-Nov-2020","185.20","188.75","183.85","188.00","46,367,792"
"13-Nov-2020","187.20","188.80","185.55","187.10","28,198,725"
"14-Nov-2020","189.05","190.00","188.05","188.60","7,767,144"
"17-Nov-2020","189.00","189.40","186.40","187.35","20,950,589"
"18-Nov-2020","186.80","188.45","182.75","184.05","26,595,992"
"19-Nov-2020","182.80","191.80","182.70","187.90","48,984,610"
"20-Nov-2020","188.80","192.00","186.05","191.70","45,307,312"
"23-Nov-2020","192.00","192.50","188.65","190.85","23,180,456"
"24-Nov-2020","190.60","196.45","190.60","195.55","45,411,815"
"25-Nov-2020","196.00","197.95","192.50","193.85","41,659,179"
"26-Nov-2020","195.10","195.85","192.55","194.80","24,222,956"
"27-Nov-2020","194.45","195.75","193.20","193.65","31,385,396"
"01-Dec-2020","195.00","196.35","192.40","194.40","15,893,346"
"02-Dec-2020","195.00","198.75","193.55","195.95","28,425,948"
"03-Dec-2020","197.20","197.20","194.55","196.20","28,009,042"
"04-Dec-2020","196.85","199.35","196.50","198.20","22,152,332"
"07-Dec-2020","198.20","203.75","197.60","203.15","35,693,450"
"08-Dec-2020","203.90","204.70","199.55","202.45","30,853,963"
"09-Dec-2020","205.00","207.80","204.65","205.40","39,684,395"
"10-Dec-2020","206.65","213.65","203.15","212.70","65,227,495"
"11-Dec-2020","214.45","217.95","213.35","216.30","60,322,445"
"14-Dec-2020","217.95","218.60","215.00","215.90","26,990,063"
"15-Dec-2020","215.25","216.40","211.60","213.55","23,255,609"
"16-Dec-2020","213.75","215.55","213.50","214.00","19,551,630"
"17-Dec-2020","214.20","215.10","211.25","213.05","22,386,185"
"18-Dec-2020","213.10","215.95","209.75","214.50","23,775,053"
"21-Dec-2020","214.50","214.70","199.15","202.95","41,834,797"
"22-Dec-2020","203.10","206.25","196.90","203.40","40,986,353"
"23-Dec-2020","203.00","208.25","202.00","207.75","23,695,667"
"24-Dec-2020","210.00","210.65","205.60","208.60","22,768,284"
"28-Dec-2020","209.00","210.20","207.85","209.50","15,741,000"
"29-Dec-2020","210.50","213.50","210.10","211.55","26,546,469"
"30-Dec-2020","212.70","213.50","209.55","211.15","18,925,262"
"31-Dec-2020","210.55","211.30","208.55","209.00","18,245,270"
"01-Jan-2021","209.90","214.20","209.30","213.85","19,527,333"
"04-Jan-2021","214.00","216.00","212.10","213.40","26,891,799"
"05-Jan-2021","212.45","213.25","210.60","211.45","18,024,083"
"06-Jan-2021","211.45","211.50","204.50","205.40","49,067,837"
"07-Jan-2021","206.10","207.60","202.10","202.80","34,952,401"
"08-Jan-2021","204.35","206.00","200.25","201.50","56,427,360"
"11-Jan-2021","204.00","206.10","201.25","202.50","42,970,983"
"12-Jan-2021","203.00","206.90","201.60","206.45","35,617,404"
"13-Jan-2021","207.45","213.00","205.25","211.25","63,925,996"
"14-Jan-2021","212.00","216.50","211.60","214.15","48,304,263"
"15-Jan-2021","214.90","218.50","211.20","217.85","58,321,158"
"18-Jan-2021","218.40","222.00","214.60","219.75","67,607,822"
"19-Jan-2021","221.00","221.70","217.50","218.85","31,785,089"
"20-Jan-2021","218.50","219.00","215.70","217.65","44,672,447"
"21-Jan-2021","219.00","219.50","212.20","213.70","28,999,164"
"22-Jan-2021","214.00","214.75","209.15","210.70","24,712,182"
"25-Jan-2021","212.00","212.50","206.85","207.80","24,967,899"
"27-Jan-2021","208.00","212.65","207.10","210.65","48,471,357"
"28-Jan-2021","209.25","211.00","205.75","206.60","22,131,983"
"29-Jan-2021","208.55","208.80","202.35","203.25","23,764,654"
"01-Feb-2021","204.00","217.95","201.80","215.95","57,744,414"
"02-Feb-2021","220.00","223.50","217.00","218.20","48,457,781"
"03-Feb-2021","221.50","222.00","215.70","216.75","53,643,263"
"04-Feb-2021","216.10","231.40","216.00","229.95","105,818,897"
"05-Feb-2021","232.15","238.85","227.25","234.35","125,490,301"
"08-Feb-2021","237.50","238.05","231.50","233.10","41,495,834"
"09-Feb-2021","234.60","239.20","228.20","229.00","70,655,961"
"10-Feb-2021","229.00","231.10","223.10","227.55","47,283,127"
"11-Feb-2021","229.00","229.30","224.50","226.45","43,631,374"
"12-Feb-2021","225.75","225.75","215.80","217.45","110,568,108"
"15-Feb-2021","218.45","221.00","217.50","218.60","31,776,555"
"16-Feb-2021","219.05","221.80","217.25","218.25","29,148,891"
"17-Feb-2021","217.60","218.40","216.55","217.75","19,850,516"
"18-Feb-2021","218.20","220.60","217.90","218.85","24,070,563"
"19-Feb-2021","218.85","218.90","214.00","215.95","28,125,203"
"22-Feb-2021","212.00","212.00","206.00","207.05","51,546,288"
"23-Feb-2021","208.00","210.55","207.00","208.50","26,675,953"
"24-Feb-2021","209.10","209.80","206.50","208.85","13,160,617"
"25-Feb-2021","209.50","211.20","208.80","209.15","25,954,142"
"26-Feb-2021","207.25","208.00","203.00","203.85","43,429,293"
"01-Mar-2021","205.45","207.75","204.05","206.90","16,225,536"
"02-Mar-2021","207.00","210.80","206.50","209.90","25,604,169"
"03-Mar-2021","212.00","212.00","208.80","209.95","20,846,117"
"04-Mar-2021","208.80","211.30","207.60","209.70","24,899,212"
"05-Mar-2021","208.00","210.00","207.20","208.55","17,323,590"
"08-Mar-2021","209.70","210.80","207.70","208.00","22,988,740"
"09-Mar-2021","208.70","209.75","204.75","207.80","22,593,086"
"10-Mar-2021","209.10","209.20","205.80","206.50","19,603,214"
"12-Mar-2021","208.00","208.00","203.50","205.20","30,787,960"
"15-Mar-2021","205.85","206.00","201.60","205.45","41,115,906"
"16-Mar-2021","206.40","208.90","204.95","207.85","48,763,187"
"17-Mar-2021","212.20","213.90","208.55","210.60","78,578,698"
"18-Mar-2021","213.00","219.10","211.90","217.65","91,993,104"
"19-Mar-2021","219.00","226.15","215.55","222.95","134,184,994"
"22-Mar-2021","223.30","226.40","221.50","226.00","46,050,245"
"23-Mar-2021","225.00","228.10","221.30","222.20","41,564,683"
"24-Mar-2021","221.00","222.80","215.25","215.95","27,609,243"
"25-Mar-2021","215.15","215.95","209.05","211.60","40,681,282"
"26-Mar-2021","214.25","214.45","210.35","210.90","26,079,435"
"30-Mar-2021","213.25","215.00","210.40","214.55","27,792,437"
"31-Mar-2021","214.05","219.30","212.70","218.50","36,485,322"
"01-Apr-2021","220.00","220.60","217.30","220.05","29,062,762"
"05-Apr-2021","217.60","220.00","210.50","212.55","31,378,045"
"06-Apr-2021","213.80","214.95","210.15","212.65","25,674,227"
"07-Apr-2021","212.70","215.20","212.45","213.80","15,204,883"
"08-Apr-2021","214.85","216.10","212.85","213.25","14,116,874"
"09-Apr-2021","213.75","215.95","212.55","213.10","16,364,247"
"12-Apr-2021","210.00","211.00","205.00","205.30","34,511,670"
"13-Apr-2021","207.00","209.70","206.00","208.70","20,247,639"
"15-Apr-2021","209.00","210.45","206.00","206.70","17,530,742"
"16-Apr-2021","208.00","209.25","206.50","207.95","13,311,926"
"19-Apr-2021","205.00","206.10","203.75","205.60","15,792,299"
"20-Apr-2021","206.20","207.00","202.50","203.55","21,364,882"
"22-Apr-2021","202.00","206.30","200.55","205.90","23,139,735"
"23-Apr-2021","204.25","207.00","204.25","205.35","19,625,381"
"26-Apr-2021","205.80","206.75","204.70","205.30","19,886,214"
"27-Apr-2021","205.30","206.95","205.05","205.40","11,444,814"
"28-Apr-2021","206.00","206.50","205.30","205.50","12,708,021"
"29-Apr-2021","207.10","207.55","204.05","204.30","13,096,755"
"30-Apr-2021","203.90","205.70","202.00","202.60","16,495,657"
"03-May-2021","201.20","201.85","200.00","200.95","20,611,626"
"04-May-2021","201.20","202.35","199.10","199.60","18,259,282"
"05-May-2021","201.45","202.00","199.50","201.40","13,862,655"
"06-May-2021","202.30","205.95","202.10","202.75","14,320,889"
"07-May-2021","202.95","206.45","202.95","205.35","19,463,495"
"10-May-2021","207.15","207.45","205.00","205.55","16,295,368"
"11-May-2021","203.90","206.50","203.75","204.00","13,747,541"
"12-May-2021","203.90","205.25","202.85","203.25","16,537,612"
"14-May-2021","205.00","213.20","204.00","212.25","61,647,120"
"17-May-2021","216.80","217.00","211.65","212.60","38,001,828"
"18-May-2021","214.10","214.60","209.65","210.05","30,479,551"
"19-May-2021","210.05","211.40","207.55","207.75","24,405,319"
"20-May-2021","208.45","209.30","206.80","207.00","20,884,367"
"21-May-2021","207.60","209.85","207.40","209.05","22,638,020"
"24-May-2021","209.50","212.05","207.75","211.50","28,865,798"
"25-May-2021","213.00","213.40","210.25","210.90","25,334,878"
"26-May-2021","211.80","212.45","210.30","210.60","17,576,137"
"27-May-2021","211.00","214.15","210.30","211.15","47,554,219"
"28-May-2021","212.50","213.50","211.55","212.90","25,597,550"
"31-May-2021","215.00","217.90","214.40","216.60","73,039,531"
"01-Jun-2021","218.00","219.40","214.25","215.25","38,755,111"
"02-Jun-2021","210.50","212.45","208.60","209.00","96,654,991"
"03-Jun-2021","210.75","210.75","208.70","209.05","46,657,520"
"04-Jun-2021","209.50","209.70","208.00","208.75","30,126,021"
"07-Jun-2021","210.40","212.40","210.20","211.45","31,433,280"
"08-Jun-2021","212.20","214.25","211.20","213.65","21,261,361"
"09-Jun-2021","214.00","214.75","211.50","212.50","24,887,924"
"10-Jun-2021","208.70","211.40","207.50","209.30","30,719,587"
"11-Jun-2021","210.30","210.45","207.75","207.90","21,424,291"
"14-Jun-2021","207.95","208.45","205.20","207.30","17,677,889"
"15-Jun-2021","207.55","208.40","207.00","207.05","14,854,294"
"16-Jun-2021","207.05","209.35","207.05","207.85","20,104,244"
"17-Jun-2021","206.95","208.00","205.00","205.65","21,476,893"
"18-Jun-2021","206.00","206.45","202.50","204.55","23,567,549"
"21-Jun-2021","203.10","206.00","202.40","204.45","19,074,685"
"22-Jun-2021","206.10","206.25","204.35","205.10","18,042,675"
"23-Jun-2021","205.65","205.85","203.60","203.95","12,575,210"
"24-Jun-2021","204.45","204.65","202.55","203.25","22,435,272"
"25-Jun-2021","204.00","205.60","203.75","205.05","13,877,208"
"28-Jun-2021","205.90","205.90","203.35","203.60","14,627,153"
"29-Jun-2021","203.60","205.30","203.15","203.30","13,326,068"
"30-Jun-2021","204.30","204.40","202.55","202.70","15,942,408"
"01-Jul-2021","202.90","203.80","202.15","203.00","10,191,296"
"02-Jul-2021","203.30","203.70","202.25","202.40","12,698,779"
"05-Jul-2021","203.00","204.10","202.70","203.65","10,248,249"
"06-Jul-2021","203.25","203.80","202.25","202.50","11,088,659"
"07-Jul-2021","202.50","205.20","202.30","203.75","17,879,443"
"08-Jul-2021","203.50","204.50","201.80","202.00","20,925,008"
"09-Jul-2021","202.00","202.35","200.90","201.35","11,834,045"
"12-Jul-2021","202.00","202.55","200.95","201.10","13,085,323"
"13-Jul-2021","202.00","202.20","201.35","201.85","10,830,411"
"14-Jul-2021","201.85","205.15","201.70","204.10","20,480,406"
"15-Jul-2021","204.40","208.50","202.90","206.25","28,852,257"
"16-Jul-2021","207.70","209.65","207.20","207.90","29,019,824"
"19-Jul-2021","206.80","209.50","206.35","207.75","16,464,973"
"20-Jul-2021","208.20","209.30","206.40","206.80","23,656,813"
"22-Jul-2021","207.00","208.25","205.85","207.00","18,311,537"
"23-Jul-2021","207.00","213.60","206.50","212.40","44,526,781"
"26-Jul-2021","214.00","215.35","210.80","211.15","47,263,771"
"27-Jul-2021","212.00","213.00","207.95","208.65","24,436,949"
"28-Jul-2021","208.30","210.00","207.45","209.10","14,736,840"
"29-Jul-2021","209.10","210.20","205.65","206.05","15,603,733"
"30-Jul-2021","206.10","207.10","204.60","204.95","14,940,336"
"02-Aug-2021","206.45","207.50","205.45","207.30","9,674,128"
"03-Aug-2021","207.50","210.90","206.45","209.90","18,468,527"
"04-Aug-2021","210.90","211.10","208.10","208.60","10,998,260"
"05-Aug-2021","208.60","216.75","206.90","215.25","47,178,466"
"06-Aug-2021","215.40","216.00","212.60","214.25","23,581,637"
"09-Aug-2021","215.00","217.15","212.70","213.80","20,358,146"
"10-Aug-2021","214.00","214.45","208.55","209.85","18,155,926"
"11-Aug-2021","209.85","210.60","207.45","208.65","15,418,634"
"12-Aug-2021","210.25","214.20","208.35","208.90","27,692,208"
"13-Aug-2021","209.85","212.30","209.20","211.45","18,850,939"
"16-Aug-2021","211.40","213.25","210.50","210.90","11,190,075"
"17-Aug-2021","210.80","211.50","208.80","209.20","7,858,486"
"18-Aug-2021","209.60","211.50","208.35","208.95","10,735,658"
"20-Aug-2021","207.00","210.70","206.70","208.90","19,421,004"
"23-Aug-2021","209.50","210.20","206.00","206.30","9,936,365"
"24-Aug-2021","207.00","207.00","204.70","205.75","12,490,094"
"25-Aug-2021","206.40","207.90","206.00","206.40","10,586,894"
"26-Aug-2021","206.40","206.85","204.35","204.60","14,836,173"
"27-Aug-2021","205.00","206.85","204.90","205.90","10,476,384"
"30-Aug-2021","206.00","208.20","206.00","208.00","12,084,844"
"31-Aug-2021","208.05","211.60","207.25","211.30","25,808,430"
"01-Sep-2021","211.00","212.30","209.30","209.50","16,241,960"
"02-Sep-2021","209.00","211.50","209.00","209.75","14,321,164"
"03-Sep-2021","209.75","211.25","209.75","210.60","10,228,853"
"06-Sep-2021","211.00","211.20","209.05","209.30","10,632,156"
"07-Sep-2021","210.90","214.35","210.15","211.75","37,489,544"
"08-Sep-2021","212.25","213.00","209.70","211.25","17,233,315"
"09-Sep-2021","211.05","213.90","210.55","212.65","19,051,252"
"13-Sep-2021","213.35","215.15","211.80","214.15","16,043,896"
"14-Sep-2021","214.90","217.25","214.20","216.10","19,621,849"
"15-Sep-2021","217.10","217.20","215.30","216.00","20,248,758"
"16-Sep-2021","216.95","233.65","216.30","230.75","149,238,901"
"17-Sep-2021","233.00","237.30","229.10","231.15","79,501,805"
"20-Sep-2021","231.00","239.35","230.25","233.75","70,390,969"
"21-Sep-2021","234.95","242.45","231.70","241.50","56,671,832"
"22-Sep-2021","243.50","245.80","240.70","243.50","52,621,868"
"23-Sep-2021","245.00","245.60","241.70","242.50","21,791,090"
"24-Sep-2021","244.00","244.00","237.70","238.45","24,823,291"
"27-Sep-2021","239.80","241.85","235.50","238.70","22,890,540"
"28-Sep-2021","239.85","241.60","236.30","237.75","15,713,947"
"29-Sep-2021","236.00","241.40","235.70","238.10","15,450,046"
"30-Sep-2021","239.90","240.40","235.25","236.15","16,357,902"
"01-Oct-2021","235.20","237.00","232.90","235.35","15,956,143"
"04-Oct-2021","236.00","238.35","235.40","236.60","10,686,552"
"05-Oct-2021","236.40","237.45","234.50","234.70","9,223,597"
"06-Oct-2021","234.80","236.40","230.60","231.25","17,505,160"
"07-Oct-2021","233.00","234.95","232.30","232.95","10,371,535"
"08-Oct-2021","234.75","234.80","231.20","231.70","9,739,240"
"11-Oct-2021","232.00","239.50","231.70","238.05","21,184,428"
"12-Oct-2021","238.60","243.00","238.00","241.30","29,222,028"
"13-Oct-2021","242.55","250.90","240.15","249.20","50,159,625"
"14-Oct-2021","253.25","261.85","250.35","256.55","85,406,902"
"18-Oct-2021","261.00","265.30","257.35","262.55","60,292,901"
"19-Oct-2021","261.40","262.55","245.05","245.95","59,061,766"
"20-Oct-2021","245.95","248.50","242.35","246.60","47,822,165"
"21-Oct-2021","248.00","248.35","243.10","244.70","22,518,727"
"22-Oct-2021","244.70","245.80","233.70","236.60","35,537,151"
"25-Oct-2021","234.10","236.65","230.50","233.40","22,333,919"
"26-Oct-2021","234.10","239.00","232.60","236.70","18,934,170"
"27-Oct-2021","240.25","241.30","236.20","238.45","25,911,499"
"28-Oct-2021","235.10","235.95","224.15","225.10","46,282,465"
"29-Oct-2021","225.00","228.25","222.30","223.20","26,642,108"
"01-Nov-2021","224.15","227.55","222.50","226.85","23,197,539"
"02-Nov-2021","228.00","229.25","224.50","225.60","14,343,859"
"03-Nov-2021","226.00","226.85","221.70","222.45","17,843,327"
"04-Nov-2021","224.85","227.30","224.00","226.55","7,024,796"
"08-Nov-2021","229.70","230.70","225.70","229.80","20,270,558"
"09-Nov-2021","229.85","230.90","227.85","228.75","11,520,817"
"10-Nov-2021","227.45","232.85","227.20","230.85","13,431,108"
"11-Nov-2021","230.40","231.50","228.55","230.00","8,134,962"
"12-Nov-2021","231.20","233.95","229.15","232.90","11,855,531"
"15-Nov-2021","233.95","239.00","233.10","238.10","38,755,267"
"16-Nov-2021","239.05","239.65","235.00","235.45","14,675,969"
"17-Nov-2021","236.00","245.25","235.65","239.50","46,697,822"
"18-Nov-2021","240.00","243.00","236.30","237.50","20,226,071"
"22-Nov-2021","237.90","240.75","229.55","230.90","22,574,227"
"23-Nov-2021","229.15","232.70","229.15","231.60","13,433,385"
"24-Nov-2021","232.45","232.70","226.95","227.70","14,139,854"
"25-Nov-2021","227.00","232.20","225.75","231.30","23,904,846"
"26-Nov-2021","228.90","230.05","223.10","224.00","27,027,022"
"29-Nov-2021","222.00","223.65","220.20","221.50","22,132,952"
"30-Nov-2021","222.00","225.20","220.00","221.15","23,503,453"
"01-Dec-2021","222.00","223.30","220.60","221.90","12,995,800"
"02-Dec-2021","221.90","226.15","221.30","225.45","15,904,846"
"03-Dec-2021","225.00","226.20","221.35","221.65","13,794,647"
"06-Dec-2021","221.65","222.20","217.50","217.90","13,138,355"
"07-Dec-2021","218.90","221.95","218.10","220.65","8,903,842"
"08-Dec-2021","221.00","225.65","221.00","224.95","9,861,847"
"09-Dec-2021","223.00","236.45","223.00","235.40","38,241,864"
"10-Dec-2021","236.20","238.95","233.75","236.10","35,162,889"
"13-Dec-2021","238.00","238.75","234.15","234.60","22,054,342"
"14-Dec-2021","235.00","237.10","227.55","228.60","37,508,445"
"15-Dec-2021","230.00","232.20","223.40","224.05","34,653,042"
"16-Dec-2021","226.00","226.15","220.80","222.90","24,199,205"
"17-Dec-2021","222.80","222.85","216.75","217.95","29,683,982"
"20-Dec-2021","216.25","216.25","209.80","212.40","37,340,790"
"21-Dec-2021","214.00","215.45","211.05","212.50","19,395,604"
"22-Dec-2021","214.00","214.20","211.10","212.00","17,239,484"
"23-Dec-2021","213.90","218.45","213.20","217.30","22,209,720"
"24-Dec-2021","218.00","220.45","216.45","218.00","16,581,585"
"27-Dec-2021","218.40","218.45","215.65","217.55","8,153,106"
"28-Dec-2021","218.00","220.60","218.00","220.05","11,568,803"
"29-Dec-2021","220.00","220.30","216.30","216.75","11,480,954"
"30-Dec-2021","216.60","217.90","215.50","216.00","9,741,198"
"31-Dec-2021","216.90","218.80","216.15","218.05","7,583,815"
"03-Jan-2022","218.05","219.85","217.05","219.10","7,765,495"
"04-Jan-2022","219.50","221.70","219.05","220.25","9,050,253"
"05-Jan-2022","219.65","221.50","218.65","220.55","11,230,588"
"06-Jan-2022","219.00","220.40","218.20","218.70","8,950,589"
"07-Jan-2022","219.80","220.65","217.50","218.40","8,855,041"
"10-Jan-2022","219.90","224.70","218.90","223.30","15,841,299"
"11-Jan-2022","223.35","224.25","221.20","221.95","8,020,695"
"12-Jan-2022","222.50","223.65","221.60","222.75","13,158,894"
"13-Jan-2022","223.90","225.80","222.75","223.95","11,501,088"
"14-Jan-2022","223.95","224.80","222.30","222.60","10,569,725"
"17-Jan-2022","222.60","225.60","221.35","224.60","12,318,313"
"18-Jan-2022","224.60","227.30","220.30","220.75","14,394,097"
"19-Jan-2022","220.75","222.40","218.70","220.35","11,473,796"
"20-Jan-2022","220.55","222.15","218.00","218.75","17,329,896"
"21-Jan-2022","218.50","220.50","216.00","217.05","16,586,264"
"24-Jan-2022","217.05","217.75","210.90","211.80","17,354,942"
"25-Jan-2022","212.00","214.70","209.55","214.30","18,322,935"
"27-Jan-2022","211.25","215.50","211.10","214.60","23,149,684"
"28-Jan-2022","215.10","219.25","215.10","217.60","15,276,991"
"31-Jan-2022","218.50","220.75","217.10","220.20","15,039,006"
"01-Feb-2022","221.00","228.80","219.15","227.75","43,207,074"
"02-Feb-2022","230.00","233.30","229.00","232.15","41,130,638"
"03-Feb-2022","232.15","235.20","231.80","234.45","27,845,963"
"04-Feb-2022","237.25","238.50","231.55","234.30","56,705,951"
"07-Feb-2022","234.00","234.75","228.50","230.20","24,171,083"
"08-Feb-2022","230.30","232.30","229.05","231.25","16,201,280"
"09-Feb-2022","232.30","233.00","228.75","230.15","11,893,807"
"10-Feb-2022","228.70","233.40","227.75","232.25","19,563,580"
"11-Feb-2022","232.00","233.30","229.80","232.45","18,096,561"
"14-Feb-2022","226.00","226.00","218.50","219.45","22,745,228"
"15-Feb-2022","221.00","223.50","218.55","223.00","12,875,311"
"16-Feb-2022","223.80","224.70","221.85","222.75","11,231,596"
"17-Feb-2022","223.05","224.35","220.85","222.65","14,024,149"
"18-Feb-2022","222.65","223.45","221.50","221.90","8,670,947"
"21-Feb-2022","220.30","221.30","217.15","218.00","16,129,017"
"22-Feb-2022","215.00","216.90","213.00","214.85","25,749,340"
"23-Feb-2022","216.80","217.50","215.05","215.95","11,014,283"
"24-Feb-2022","210.00","213.30","207.00","208.50","41,341,523"
"25-Feb-2022","211.50","216.50","210.55","213.95","23,633,656"
"28-Feb-2022","213.20","216.45","210.80","215.85","20,034,633"
"02-Mar-2022","214.40","216.60","212.45","215.30","19,295,994"
"03-Mar-2022","216.05","220.20","216.00","219.40","28,532,668"
"04-Mar-2022","217.70","227.40","217.00","225.50","66,835,736"
"07-Mar-2022","222.00","227.00","220.10","224.95","45,258,669"
"08-Mar-2022","223.90","228.45","223.75","226.90","36,036,336"
"09-Mar-2022","227.70","231.40","226.10","229.25","42,294,906"
"10-Mar-2022","231.00","232.50","227.85","232.00","36,132,245"
"11-Mar-2022","231.90","237.10","230.15","236.35","41,699,184"
"14-Mar-2022","236.25","239.45","235.30","239.00","35,113,638"
"15-Mar-2022","239.00","241.40","235.90","237.85","32,998,305"
"16-Mar-2022","240.00","243.00","239.10","242.60","21,629,521"
"17-Mar-2022","245.25","245.40","242.70","244.90","34,223,740"
"21-Mar-2022","245.90","247.75","243.80","244.50","27,975,134"
"22-Mar-2022","244.55","250.75","243.55","249.75","36,945,426"
"23-Mar-2022","251.45","253.70","248.50","252.00","40,491,633"
"24-Mar-2022","251.95","256.50","251.45","254.85","38,239,419"
"25-Mar-2022","255.30","255.75","249.25","253.35","29,284,643"
"28-Mar-2022","254.00","258.00","252.55","257.05","24,916,402"
"29-Mar-2022","257.05","257.50","253.75","254.60","18,122,714"
"30-Mar-2022","255.10","256.40","248.65","249.20","17,603,827"
"31-Mar-2022","249.60","254.35","249.50","250.65","25,656,796"
"01-Apr-2022","250.00","255.35","248.80","253.30","14,305,709"
"04-Apr-2022","253.10","257.90","251.10","255.45","15,907,398"
"05-Apr-2022","256.05","261.85","255.10","259.45","27,183,142"
"06-Apr-2022","257.50","263.35","257.30","259.60","19,597,941"
"07-Apr-2022","258.00","262.20","255.80","256.65","16,061,089"
"08-Apr-2022","258.00","268.85","256.00","267.80","37,826,800"
"11-Apr-2022","268.75","273.15","266.00","267.50","46,147,653"
"12-Apr-2022","266.90","268.65","263.10","264.80","23,553,762"
"13-Apr-2022","265.30","270.60","263.65","269.55","21,414,383"
"18-Apr-2022","268.00","272.50","267.25","270.10","24,399,444"
"19-Apr-2022","272.00","272.50","258.80","261.55","23,380,138"
"20-Apr-2022","262.90","265.45","257.55","259.55","24,510,612"
"21-Apr-2022","259.70","264.45","259.60","260.40","23,412,279"
"22-Apr-2022","260.00","263.00","258.55","261.10","15,671,273"
"25-Apr-2022","258.80","259.00","252.50","255.25","24,208,645"
"26-Apr-2022","256.60","260.70","256.25","258.95","20,536,714"
"27-Apr-2022","256.20","258.50","255.75","257.50","16,580,824"
"28-Apr-2022","259.50","263.70","258.15","261.10","27,924,384"
"29-Apr-2022","263.00","263.00","258.50","259.55","20,419,904"
"02-May-2022","258.00","264.50","257.05","263.15","18,965,820"
"04-May-2022","264.00","266.05","258.60","259.75","25,951,999"
"05-May-2022","262.00","265.20","260.40","262.05","17,932,895"
"06-May-2022","259.00","267.35","258.90","266.65","34,490,123"
"09-May-2022","266.15","266.15","260.55","262.95","21,403,710"
"10-May-2022","262.00","266.80","259.10","259.75","18,033,260"
"11-May-2022","259.00","262.20","251.75","255.65","17,344,099"
"12-May-2022","255.00","256.40","249.15","252.90","20,044,726"
"13-May-2022","254.95","260.85","254.50","258.60","11,921,627"
"16-May-2022","259.95","259.95","253.00","254.10","8,186,859"
"17-May-2022","255.00","265.50","254.80","264.70","17,797,974"
"18-May-2022","266.00","267.80","263.15","266.80","20,200,332"
"19-May-2022","262.60","279.25","262.60","275.65","78,287,713"
"20-May-2022","277.00","282.35","277.00","280.00","32,370,771"
"23-May-2022","280.00","280.45","273.05","274.50","21,700,165"
"24-May-2022","275.00","275.00","270.00","270.85","15,547,968"
"25-May-2022","272.95","273.90","270.50","272.70","15,288,648"
"26-May-2022","268.25","268.25","263.85","266.70","18,420,159"
"27-May-2022","269.00","270.70","265.05","269.20","13,468,067"
"30-May-2022","270.50","271.00","267.60","269.05","11,819,102"
"31-May-2022","269.05","274.50","266.40","270.65","23,208,345"
"01-Jun-2022","270.65","274.10","270.20","271.85","14,699,792"
"02-Jun-2022","270.70","274.45","267.85","273.50","14,240,994"
"03-Jun-2022","275.00","275.70","271.60","272.70","12,487,862"
"06-Jun-2022","272.40","275.80","269.70","274.80","10,925,182"
"07-Jun-2022","273.20","275.00","272.25","273.90","10,828,539"
"08-Jun-2022","273.95","274.40","266.20","267.90","14,361,969"
"09-Jun-2022","267.80","271.70","265.75","270.85","9,860,194"
"10-Jun-2022","269.05","271.00","268.75","270.15","8,371,061"
"13-Jun-2022","266.40","269.10","263.00","264.65","11,092,690"
"14-Jun-2022","263.20","267.45","263.05","265.45","7,422,193"
"15-Jun-2022","266.00","267.30","263.05","263.40","5,059,474"
"16-Jun-2022","267.00","267.90","259.50","260.70","14,293,357"
"17-Jun-2022","259.00","264.15","258.55","263.30","16,654,660"
"20-Jun-2022","263.30","266.15","261.35","264.10","17,081,136"
"21-Jun-2022","265.00","270.85","264.10","269.90","13,883,034"
"22-Jun-2022","267.00","270.30","264.90","265.30","11,320,918"
"23-Jun-2022","265.50","267.25","262.40","265.50","9,067,252"
"24-Jun-2022","266.10","268.35","265.20","265.85","7,013,132"
"27-Jun-2022","267.00","270.65","266.50","269.95","8,172,964"
"28-Jun-2022","268.90","272.25","268.55","271.85","11,240,154"
"29-Jun-2022","269.25","275.00","269.15","274.05","16,018,449"
"30-Jun-2022","273.95","274.70","272.00","273.50","19,262,054"
"01-Jul-2022","273.50","285.00","271.20","284.35","35,165,665"
"04-Jul-2022","285.65","293.30","284.80","291.90","39,881,736"
"05-Jul-2022","293.00","293.00","285.75","286.90","18,568,655"
"06-Jul-2022","286.10","290.00","285.30","289.30","18,292,925"
"07-Jul-2022","291.00","293.15","288.50","291.95","13,794,991"
"08-Jul-2022","292.90","294.45","290.40","293.05","11,110,418"
"11-Jul-2022","293.00","296.95","292.05","295.00","12,352,667"
"12-Jul-2022","293.00","295.35","290.90","292.70","14,074,628"
"13-Jul-2022","293.00","294.80","292.70","294.05","9,277,570"
"14-Jul-2022","294.30","296.35","289.15","290.85","13,414,357"
"15-Jul-2022","292.00","294.00","289.50","293.55","11,025,420"
"18-Jul-2022","295.00","296.30","293.75","295.30","11,315,876"
"19-Jul-2022","295.00","295.60","292.70","294.60","9,188,419"
"20-Jul-2022","294.90","299.50","293.60","298.20","15,789,281"
"21-Jul-2022","299.00","302.20","298.00","299.55","16,042,840"
"22-Jul-2022","300.00","302.50","298.10","300.55","9,967,545"
"25-Jul-2022","299.00","302.95","298.80","301.10","10,640,727"
"26-Jul-2022","301.00","303.75","300.45","302.45","9,739,177"
"27-Jul-2022","302.85","305.00","300.60","304.15","9,346,146"
"28-Jul-2022","304.90","305.20","302.40","303.45","10,839,070"
"29-Jul-2022","305.00","305.90","301.35","303.05","16,932,743"
"01-Aug-2022","304.00","308.80","303.10","307.50","15,889,556"
"02-Aug-2022","310.00","316.65","308.20","309.95","38,982,557"
"03-Aug-2022","310.90","310.90","303.65","308.15","17,695,228"
"04-Aug-2022","308.00","310.35","307.15","309.50","15,901,918"
"05-Aug-2022","309.50","311.80","309.10","310.85","10,088,723"
"08-Aug-2022","310.95","313.95","310.05","313.15","8,307,140"
"10-Aug-2022","313.15","314.10","310.75","311.20","8,923,568"
"11-Aug-2022","313.00","313.45","305.30","306.25","10,885,990"
"12-Aug-2022","306.25","309.40","304.50","308.55","6,422,504"
"16-Aug-2022","308.55","311.50","308.55","310.55","8,609,864"
"17-Aug-2022","311.70","313.25","311.00","312.55","7,975,854"
"18-Aug-2022","313.00","316.00","312.60","315.65","9,883,851"
"19-Aug-2022","316.15","316.15","311.20","312.00","10,422,413"
"22-Aug-2022","311.20","317.00","311.00","314.40","11,355,837"
"23-Aug-2022","312.95","316.00","312.10","315.90","9,338,887"
"24-Aug-2022","315.75","319.45","313.05","314.10","11,346,892"
"25-Aug-2022","315.45","316.40","311.60","312.35","7,759,104"
"26-Aug-2022","314.75","315.40","312.00","312.90","6,956,588"
"29-Aug-2022","310.00","314.95","308.85","313.55","11,361,400"
"30-Aug-2022","314.25","321.40","314.25","320.50","17,829,428"
"01-Sep-2022","319.50","321.90","316.00","317.60","13,254,985"
"02-Sep-2022","318.70","324.25","318.05","323.15","25,758,860"
"05-Sep-2022","325.00","329.60","323.75","328.85","17,471,906"
"06-Sep-2022","330.00","330.00","326.40","327.15","11,970,750"
"07-Sep-2022","326.00","328.30","325.25","326.10","8,085,824"
"08-Sep-2022","329.00","330.60","327.50","329.90","10,911,130"
"09-Sep-2022","330.60","333.30","330.00","330.50","9,408,098"
"12-Sep-2022","332.00","332.40","330.00","330.90","8,712,689"
"13-Sep-2022","331.70","335.00","330.60","334.40","10,520,207"
"14-Sep-2022","331.00","339.00","330.95","335.35","12,267,025"
"15-Sep-2022","336.40","337.05","332.90","334.10","8,418,672"
"16-Sep-2022","332.35","334.60","329.70","331.30","12,492,851"
"19-Sep-2022","329.10","336.90","329.10","335.60","14,365,461"
"20-Sep-2022","338.75","339.60","335.00","336.00","9,526,068"
"21-Sep-2022","336.00","345.20","335.50","340.95","20,992,080"
"22-Sep-2022","341.00","348.75","340.90","345.05","24,179,987"
"23-Sep-2022","347.50","349.55","343.30","346.40","22,838,807"
"26-Sep-2022","344.85","345.95","331.75","332.60","16,205,789"
"27-Sep-2022","335.00","339.55","334.00","334.85","9,991,052"
"28-Sep-2022","331.95","333.30","324.30","324.95","15,552,911"
"29-Sep-2022","329.00","334.90","327.75","333.05","18,281,337"
"30-Sep-2022","333.05","335.75","330.15","332.20","12,427,919"
"03-Oct-2022","332.90","333.00","323.25","324.40","9,111,289"
"04-Oct-2022","328.70","334.00","328.00","332.85","8,803,255"
"06-Oct-2022","335.00","339.30","332.55","336.65","22,235,092"
"07-Oct-2022","336.80","336.85","331.30","334.10","10,506,078"
"10-Oct-2022","330.00","331.45","326.05","327.85","9,388,996"
"11-Oct-2022","329.00","330.45","325.10","326.30","10,609,956"
"12-Oct-2022","327.95","331.45","324.75","330.10","10,337,544"
"13-Oct-2022","329.95","331.30","328.00","328.65","7,266,724"
"14-Oct-2022","332.30","333.90","330.85","332.10","6,424,915"
"17-Oct-2022","331.10","334.75","329.60","332.25","6,929,063"
"18-Oct-2022","333.95","341.00","333.55","340.30","20,887,417"
"19-Oct-2022","343.10","347.45","339.80","346.35","16,296,080"
"20-Oct-2022","347.00","350.95","344.80","349.70","18,474,706"
"21-Oct-2022","353.20","353.20","344.50","345.60","27,372,160"
"24-Oct-2022","348.95","349.70","347.00","347.70","3,170,564"
"25-Oct-2022","349.45","349.50","343.65","346.30","17,242,211"
"27-Oct-2022","346.65","348.35","343.85","345.80","18,558,597"
"28-Oct-2022","347.55","348.60","345.10","345.80","13,069,167"
"31-Oct-2022","348.00","350.50","344.75","348.70","13,825,970"
"01-Nov-2022","349.25","350.50","347.20","349.50","19,665,200"
"02-Nov-2022","348.50","356.25","348.50","354.65","16,781,507"
"03-Nov-2022","354.00","358.50","353.00","353.70","10,736,155"
"04-Nov-2022","354.00","356.00","352.50","353.60","8,386,849"
"07-Nov-2022","355.00","356.35","350.00","353.50","10,050,303"
"09-Nov-2022","353.50","361.45","353.20","360.70","20,611,075"
"10-Nov-2022","359.00","359.90","354.10","356.00","19,327,625"
"11-Nov-2022","360.00","360.95","354.65","356.35","10,950,902"
"14-Nov-2022","356.35","356.95","346.60","347.20","17,639,889"
"15-Nov-2022","348.95","348.95","339.15","345.25","15,451,411"
"16-Nov-2022","345.70","346.85","341.65","344.10","7,604,924"
"17-Nov-2022","344.10","347.45","342.60","343.70","9,994,270"
"18-Nov-2022","343.70","344.75","339.80","341.05","7,838,297"
"21-Nov-2022","339.10","340.00","334.40","337.20","9,198,816"
"22-Nov-2022","337.00","341.00","335.70","340.25","6,495,845"
"23-Nov-2022","342.00","342.00","337.50","339.80","7,768,291"
"24-Nov-2022","339.80","342.50","337.55","340.75","8,140,857"
"25-Nov-2022","341.00","341.90","337.80","340.30","6,933,254"
"28-Nov-2022","340.00","341.75","338.75","340.05","9,902,739"
"29-Nov-2022","340.00","345.00","340.00","342.30","10,189,855"
"30-Nov-2022","341.25","344.15","339.00","340.00","22,556,502"
"01-Dec-2022","341.70","341.70","336.80","339.55","16,630,417"
"02-Dec-2022","339.35","340.80","336.75","337.15","8,388,835"
"05-Dec-2022","337.65","338.85","334.15","336.75","9,716,390"
"06-Dec-2022","334.10","338.20","334.10","337.30","6,327,430"
"07-Dec-2022","338.50","341.50","336.65","340.10","9,813,208"
"08-Dec-2022","340.20","342.15","337.50","338.40","6,200,447"
"09-Dec-2022","339.75","342.50","338.00","341.40","8,132,228"
"12-Dec-2022","341.00","344.00","340.10","343.20","11,214,662"
"13-Dec-2022","344.50","346.00","342.40","345.60","10,693,426"
"14-Dec-2022","346.00","347.35","343.75","345.40","7,379,878"
"15-Dec-2022","344.75","346.10","338.00","338.85","8,154,931"
"16-Dec-2022","337.50","338.90","331.30","335.10","12,429,280"
"19-Dec-2022","336.80","342.35","335.35","340.50","7,812,801"
"20-Dec-2022","340.05","340.95","336.75","340.15","5,482,218"
"21-Dec-2022","341.00","341.25","334.50","335.15","7,045,201"
"22-Dec-2022","335.65","337.40","329.90","332.45","6,584,445"
"23-Dec-2022","330.90","331.90","325.35","326.70","10,073,884"
"26-Dec-2022","326.50","335.10","325.50","334.60","9,566,210"
"27-Dec-2022","335.60","336.40","330.15","333.15","6,727,343"
"28-Dec-2022","332.85","335.00","331.50","334.40","7,737,562"
"29-Dec-2022","334.35","335.75","331.55","335.35","8,105,359"
"30-Dec-2022","335.40","336.75","330.50","331.55","6,960,264"
"02-Jan-2023","330.90","334.00","329.65","332.85","5,951,893"
"03-Jan-2023","331.50","333.35","330.25","331.10","5,997,051"
"04-Jan-2023","331.85","332.50","326.00","327.00","6,689,769"
"05-Jan-2023","328.65","333.90","328.20","333.45","8,171,437"
"06-Jan-2023","334.70","337.55","333.10","335.05","8,284,135"
"09-Jan-2023","336.95","341.30","336.15","338.05","10,618,786"
"10-Jan-2023","337.90","338.40","332.55","333.40","6,949,605"
"11-Jan-2023","335.10","335.10","331.30","331.80","4,584,293"
"12-Jan-2023","333.40","333.60","328.10","329.85","6,638,422"
"13-Jan-2023","329.85","332.25","326.40","328.75","14,412,671"
"16-Jan-2023","330.35","332.20","327.55","330.20","8,253,942"
"17-Jan-2023","330.20","333.50","329.10","332.25","13,712,537"
"18-Jan-2023","334.00","336.55","332.40","334.65","12,555,527"
"19-Jan-2023","334.00","335.65","331.65","332.15","8,346,130"
"20-Jan-2023","332.00","335.20","329.25","334.60","13,103,664"
"23-Jan-2023","336.00","338.15","333.05","337.75","7,124,807"
"24-Jan-2023","337.80","340.75","337.60","338.95","12,302,874"
"25-Jan-2023","338.90","341.00","335.25","339.25","12,497,542"
"27-Jan-2023","341.80","348.85","341.50","346.00","21,040,139"
"30-Jan-2023","346.90","351.75","341.85","344.80","14,091,519"
"31-Jan-2023","346.00","355.00","341.05","352.35","17,134,291"
"01-Feb-2023","353.00","365.70","329.10","361.40","64,518,967"
"02-Feb-2023","361.60","384.70","360.40","378.60","55,745,171"
"03-Feb-2023","381.90","382.25","372.00","380.65","22,295,321"
"06-Feb-2023","382.50","388.20","379.60","383.40","25,790,153"
"07-Feb-2023","383.90","383.90","368.45","373.25","20,643,707"
"08-Feb-2023","374.75","377.30","371.55","375.55","10,420,462"
"09-Feb-2023","374.00","380.00","372.15","374.25","11,861,196"
"10-Feb-2023","372.20","376.95","370.30","371.35","10,278,597"
"13-Feb-2023","373.00","375.15","370.00","374.20","9,901,148"
"14-Feb-2023","375.00","387.65","373.75","386.45","29,125,052"
"15-Feb-2023","381.75","382.85","378.55","382.20","12,209,350"
"16-Feb-2023","382.00","385.25","381.00","382.55","9,775,280"
"17-Feb-2023","381.05","384.55","379.25","383.40","7,672,135"
"20-Feb-2023","384.70","387.50","381.30","384.05","7,804,976"
"21-Feb-2023","385.00","385.90","381.70","382.25","8,259,574"
"22-Feb-2023","382.00","384.90","380.00","383.85","8,961,077"
"23-Feb-2023","384.45","394.00","383.10","387.60","18,830,592"
"24-Feb-2023","389.00","389.00","381.00","385.10","12,910,220"
"27-Feb-2023","385.10","386.80","378.10","382.20","8,142,319"
"28-Feb-2023","382.50","384.25","375.00","376.70","16,367,477"
"01-Mar-2023","374.25","380.40","373.60","378.70","7,766,667"
"02-Mar-2023","379.50","379.75","374.70","375.55","5,019,603"
"03-Mar-2023","377.00","385.40","376.10","384.95","8,180,709"
"06-Mar-2023","385.90","392.50","385.25","388.15","10,714,339"
"08-Mar-2023","388.00","393.15","385.10","392.40","8,917,699"
"09-Mar-2023","392.10","393.60","385.65","387.50","9,634,283"
"10-Mar-2023","386.95","390.20","383.50","388.00","8,362,265"
"13-Mar-2023","389.20","390.90","382.50","383.65","8,791,872"
"14-Mar-2023","385.70","386.45","377.20","379.70","10,229,766"
"15-Mar-2023","381.00","384.30","378.00","379.40","8,423,692"
"16-Mar-2023","380.60","382.35","376.85","381.45","15,710,094"
"17-Mar-2023","385.00","385.00","369.65","375.55","48,904,254"
"20-Mar-2023","373.30","379.35","372.00","378.80","10,122,167"
"21-Mar-2023","378.80","378.80","374.05","376.95","11,610,832"
"22-Mar-2023","376.95","378.85","374.20","377.75","4,774,867"
"23-Mar-2023","377.00","382.75","374.40","380.65","9,752,326"
"24-Mar-2023","381.50","383.00","378.00","378.70","9,934,501"
"27-Mar-2023","377.95","384.40","376.35","380.20","10,816,352"
"28-Mar-2023","380.20","382.35","378.15","379.75","9,170,535"
"29-Mar-2023","380.20","384.00","377.15","382.75","10,160,322"
"31-Mar-2023","382.00","384.50","380.00","383.50","9,511,189"
"03-Apr-2023","384.00","384.00","378.50","378.90","7,059,200"
"05-Apr-2023","378.90","387.05","378.90","386.40","11,608,424"
"06-Apr-2023","386.65","390.30","384.20","387.35","12,897,667"
"10-Apr-2023","387.35","390.00","384.75","388.55","6,783,022"
"11-Apr-2023","388.55","398.10","388.00","396.00","18,237,451"
"12-Apr-2023","397.75","397.80","392.10","393.55","9,747,526"
"13-Apr-2023","395.50","396.60","393.70","395.60","6,059,044"
"17-Apr-2023","392.90","402.00","392.90","400.15","11,041,243"
"18-Apr-2023","400.00","402.00","397.00","398.50","9,494,641"
"19-Apr-2023","396.05","401.35","396.00","398.75","9,744,202"
"20-Apr-2023","400.00","402.65","397.70","400.30","6,667,781"
"21-Apr-2023","400.30","409.00","399.05","408.25","14,252,204"
"24-Apr-2023","410.00","410.00","404.20","408.70","5,981,760"
"25-Apr-2023","408.70","413.55","407.40","411.55","8,840,188"
"26-Apr-2023","412.00","413.00","409.05","412.25","7,620,723"
"27-Apr-2023","412.20","417.40","411.00","416.00","12,614,263"
"28-Apr-2023","418.00","428.25","413.70","425.55","12,718,721"
"02-May-2023","426.00","427.00","421.20","424.45","10,253,527"
"03-May-2023","424.00","428.50","422.05","427.15","7,325,483"
"04-May-2023","425.30","427.00","424.00","424.60","7,984,933"
"05-May-2023","425.95","431.90","424.35","428.75","12,412,416"
"08-May-2023","431.00","433.45","429.35","431.45","7,243,636"
"09-May-2023","432.80","433.15","421.50","423.80","9,992,962"
"10-May-2023","423.95","426.35","422.20","425.35","9,754,485"
"11-May-2023","427.25","427.40","418.90","420.40","15,982,423"
"12-May-2023","420.40","422.70","416.05","420.45","11,135,894"
"15-May-2023","420.00","428.70","419.05","427.80","9,151,102"
"16-May-2023","430.00","430.00","423.50","423.95","7,994,197"
"17-May-2023","424.15","428.95","422.60","427.60","9,479,691"
"18-May-2023","430.00","432.45","418.10","419.70","23,995,166"
"19-May-2023","420.95","423.10","411.35","419.85","25,767,521"
"22-May-2023","421.95","425.75","419.10","424.75","15,421,680"
"23-May-2023","426.00","431.20","424.20","429.15","8,732,608"
"24-May-2023","428.30","434.75","427.00","433.50","11,479,706"
"25-May-2023","436.95","442.45","434.80","441.15","18,204,464"
"26-May-2023","443.40","444.75","439.50","443.60","12,995,706"
"29-May-2023","445.00","451.80","444.10","449.10","19,826,254"
"30-May-2023","441.00","451.45","441.00","449.90","18,900,002"
"31-May-2023","449.30","452.00","442.45","445.50","14,272,292"
"01-Jun-2023","447.00","447.00","439.00","439.70","8,803,137"
"02-Jun-2023","440.00","444.90","439.80","443.40","9,203,842"
"05-Jun-2023","445.00","446.85","440.10","440.65","7,152,179"
"06-Jun-2023","440.80","443.60","440.40","442.80","6,454,486"
"07-Jun-2023","444.00","445.65","442.75","443.95","7,543,432"
"08-Jun-2023","445.70","445.75","441.90","442.90","7,024,424"
"09-Jun-2023","435.15","444.70","435.15","438.45","7,057,843"
"12-Jun-2023","440.00","440.95","433.85","436.95","8,719,176"
"13-Jun-2023","441.00","446.40","438.30","445.40","16,111,860"
"14-Jun-2023","446.25","447.75","443.75","444.50","8,704,178"
"15-Jun-2023","445.00","448.75","444.75","448.10","7,498,727"
"16-Jun-2023","449.00","455.60","447.90","453.10","11,729,681"
"19-Jun-2023","454.75","455.90","452.25","453.60","4,189,180"
"20-Jun-2023","454.80","454.80","450.15","452.85","4,472,119"
"21-Jun-2023","452.00","454.20","445.05","447.05","6,059,504"
"22-Jun-2023","448.00","449.65","445.85","447.65","6,637,099"
"23-Jun-2023","447.50","447.65","442.70","444.75","6,090,901"
"26-Jun-2023","446.90","451.40","444.00","445.70","5,477,339"
"27-Jun-2023","446.10","447.20","443.15","445.10","4,865,596"
"28-Jun-2023","445.00","450.60","444.50","449.35","12,082,753"
"30-Jun-2023","450.00","451.95","446.60","451.60","9,106,074"
"03-Jul-2023","451.60","465.95","450.05","463.25","10,699,143"
"04-Jul-2023","465.00","468.00","459.80","466.35","7,725,081"
"05-Jul-2023","466.35","480.65","464.30","475.10","16,252,992"
"06-Jul-2023","477.35","477.40","470.50","473.90","9,471,054"
"07-Jul-2023","473.00","475.50","467.60","468.40","7,323,451"
"10-Jul-2023","470.00","470.90","463.70","465.85","6,521,300"
"11-Jul-2023","466.00","474.55","466.00","473.15","8,457,557"
"12-Jul-2023","477.75","477.75","470.45","472.30","12,340,934"
"13-Jul-2023","473.90","476.75","471.00","472.00","7,909,757"
"14-Jul-2023","473.00","475.00","471.35","472.90","5,081,391"
"17-Jul-2023","474.50","475.80","470.60","472.35","6,090,738"
"18-Jul-2023","472.55","474.20","471.00","472.50","5,352,283"
"19-Jul-2023","472.75","480.45","468.10","478.85","13,867,323"
"20-Jul-2023","479.90","493.70","476.30","492.15","20,250,206"
"21-Jul-2023","491.80","497.70","487.00","490.45","13,971,982"
"24-Jul-2023","493.45","499.70","468.15","471.35","38,976,815"
"25-Jul-2023","467.90","468.50","455.40","462.30","43,534,718"
"26-Jul-2023","464.90","473.00","462.05","472.25","18,143,422"
"27-Jul-2023","474.40","475.15","461.10","465.05","13,989,457"
"28-Jul-2023","467.70","469.45","463.40","468.45","9,978,231"
"31-Jul-2023","469.00","469.70","463.50","465.70","8,194,797"
"01-Aug-2023","466.00","468.85","463.80","464.80","6,438,221"
"02-Aug-2023","464.60","464.80","458.00","460.10","10,318,220"
"03-Aug-2023","460.10","463.75","454.30","456.05","10,617,897"
"04-Aug-2023","456.30","461.40","454.25","454.95","6,834,401"
"07-Aug-2023","454.10","456.55","450.95","454.90","9,161,131"
"08-Aug-2023","457.00","457.00","451.05","452.35","6,392,488"
"09-Aug-2023","452.35","459.90","446.90","458.65","9,758,343"
"10-Aug-2023","458.90","459.30","449.00","451.75","13,194,170"
"11-Aug-2023","453.90","453.90","444.75","448.75","11,582,326"
"14-Aug-2023","448.75","451.25","445.05","449.20","7,562,808"
"16-Aug-2023","451.00","457.40","448.20","450.25","14,920,272"
"17-Aug-2023","450.00","450.00","440.00","441.00","16,269,569"
"18-Aug-2023","441.00","443.35","438.50","441.65","19,324,262"
"21-Aug-2023","442.00","448.50","441.35","447.80","9,572,041"
"22-Aug-2023","449.00","455.15","447.00","454.25","9,854,945"
"23-Aug-2023","455.60","455.65","448.60","450.45","8,445,029"
"24-Aug-2023","450.60","453.50","449.30","450.90","6,088,274"
"25-Aug-2023","450.90","451.00","442.05","443.35","9,270,988"
"28-Aug-2023","445.00","446.85","441.00","441.40","6,910,750"
"29-Aug-2023","442.95","444.00","439.20","440.10","9,480,003"
"30-Aug-2023","441.00","444.00","440.50","442.80","7,364,924"
"31-Aug-2023","443.00","444.90","436.10","439.70","19,900,312"
"01-Sep-2023","440.00","445.00","438.30","441.05","11,438,624"
"04-Sep-2023","443.35","443.35","436.65","437.50","13,604,608"
"05-Sep-2023","438.90","444.50","438.50","443.10","8,378,915"
"06-Sep-2023","443.95","448.50","442.00","447.45","12,863,039"
"07-Sep-2023","448.80","449.00","444.60","445.90","8,090,369"
"08-Sep-2023","447.90","447.90","441.85","442.65","9,939,517"
"11-Sep-2023","446.00","448.10","442.65","447.20","9,320,577"
"12-Sep-2023","448.90","454.30","445.60","451.15","14,406,441"
"13-Sep-2023","452.20","457.00","451.10","453.50","11,813,170"
"14-Sep-2023","455.90","455.90","447.15","449.95","14,430,930"
"15-Sep-2023","448.05","452.10","447.00","448.35","15,077,136"
"18-Sep-2023","448.35","454.00","446.20","452.05","8,197,425"
"20-Sep-2023","451.70","455.10","449.55","452.95","9,959,649"
"21-Sep-2023","452.80","453.55","444.50","447.50","10,719,470"
"22-Sep-2023","447.50","448.40","442.25","443.10","7,506,309"
"25-Sep-2023","443.10","444.80","438.35","442.60","5,782,955"
"26-Sep-2023","443.60","444.50","439.70","442.45","5,327,833"
"27-Sep-2023","442.45","449.80","438.80","449.15","10,490,786"
"28-Sep-2023","449.95","449.95","439.60","440.75","10,216,736"
"29-Sep-2023","442.00","445.60","439.20","444.40","8,160,058"
"03-Oct-2023","441.00","442.90","439.25","439.75","7,481,883"
"04-Oct-2023","439.75","441.70","433.30","436.10","13,396,709"
"05-Oct-2023","440.00","440.50","435.05","436.05","10,030,257"
"06-Oct-2023","437.85","443.60","436.65","442.15","8,418,580"
"09-Oct-2023","440.95","443.20","437.25","440.45","5,611,154"
"10-Oct-2023","440.45","444.85","440.45","444.40","5,014,758"
"11-Oct-2023","447.20","449.45","444.80","448.25","7,651,513"
"12-Oct-2023","449.65","452.50","446.15","450.70","11,774,487"
"13-Oct-2023","449.85","451.80","447.00","448.35","7,632,483"
"16-Oct-2023","448.00","451.00","446.20","448.95","4,214,958"
"17-Oct-2023","449.80","454.50","449.00","453.45","6,936,218"
"18-Oct-2023","454.25","458.20","451.00","451.65","6,894,947"
"19-Oct-2023","449.75","454.90","446.85","450.40","9,465,463"
"20-Oct-2023","445.00","449.00","437.35","438.30","13,020,371"
"23-Oct-2023","438.00","439.95","433.10","435.90","7,275,471"
"25-Oct-2023","436.90","438.00","427.05","432.70","10,889,221"
"26-Oct-2023","429.55","436.60","429.55","434.35","18,801,214"
"27-Oct-2023","434.35","436.80","432.20","433.75","13,132,487"
"30-Oct-2023","434.55","437.15","428.35","430.45","7,618,033"
"31-Oct-2023","430.00","433.35","427.90","428.40","8,620,154"
"01-Nov-2023","430.00","431.10","425.50","428.10","7,990,245"
"02-Nov-2023","430.05","432.70","428.65","431.15","8,152,031"
"03-Nov-2023","432.80","434.40","431.10","433.25","13,802,600"
"06-Nov-2023","433.50","436.80","432.55","435.35","7,308,229"
"07-Nov-2023","434.90","434.90","432.15","432.70","5,124,012"
"08-Nov-2023","433.15","437.50","432.30","436.95","6,979,849"
"09-Nov-2023","437.80","438.00","433.90","434.40","7,785,767"
"10-Nov-2023","434.40","438.00","432.50","436.55","4,079,205"
"12-Nov-2023","438.85","439.20","438.00","438.45","1,181,310"
"13-Nov-2023","438.40","438.40","435.00","436.00","3,744,754"
"15-Nov-2023","438.10","442.50","437.50","441.95","7,436,428"
"16-Nov-2023","441.95","444.50","437.60","438.65","10,857,863"
"17-Nov-2023","439.25","441.50","438.30","439.25","6,655,278"
"20-Nov-2023","439.85","440.30","434.50","436.80","4,335,388"
"21-Nov-2023","437.15","439.30","435.50","436.25","5,997,810"
"22-Nov-2023","437.00","440.40","434.80","439.70","4,886,687"
"23-Nov-2023","440.95","442.25","438.25","440.35","6,366,606"
"24-Nov-2023","441.00","442.25","436.85","437.80","6,821,878"
"28-Nov-2023","438.00","439.00","434.90","435.25","8,745,691"
"29-Nov-2023","436.00","438.50","434.15","437.20","13,785,216"
"30-Nov-2023","436.70","438.45","434.50","435.80","15,127,505"
"01-Dec-2023","437.90","450.95","437.40","449.80","19,336,856"
"04-Dec-2023","455.00","456.40","451.00","454.05","12,800,220"
"05-Dec-2023","455.00","457.80","450.10","451.75","12,136,292"
"06-Dec-2023","453.90","464.50","452.10","463.25","20,417,559"
"07-Dec-2023","464.75","464.80","457.40","458.10","11,310,918"
"08-Dec-2023","459.95","461.60","448.50","449.15","18,667,895"
"11-Dec-2023","451.50","453.60","449.30","452.45","6,599,973"
"12-Dec-2023","454.20","460.00","452.35","453.10","10,158,101"
"13-Dec-2023","456.30","458.85","453.10","455.65","11,283,868"
"14-Dec-2023","460.00","461.00","449.45","460.10","14,370,803"
"15-Dec-2023","461.90","462.95","455.00","458.20","15,789,845"
"18-Dec-2023","455.00","456.00","450.35","451.65","12,027,620"
"19-Dec-2023","453.35","458.00","452.05","456.10","10,268,755"
"20-Dec-2023","459.00","459.25","449.30","451.00","10,367,665"
"21-Dec-2023","449.00","453.75","444.45","451.45","11,154,625"
"22-Dec-2023","453.00","455.90","450.55","455.20","11,026,317"
"26-Dec-2023","456.05","458.90","454.70","456.45","5,871,301"
"27-Dec-2023","457.00","458.50","453.75","457.10","7,543,383"
"28-Dec-2023","457.20","464.70","456.10","464.10","20,696,101"
"29-Dec-2023","464.10","467.90","461.35","462.10","12,888,266"
"01-Jan-2024","463.50","469.95","462.65","468.05","9,346,277"
"02-Jan-2024","470.00","471.35","463.60","470.35","10,519,771"
"03-Jan-2024","470.25","480.70","469.35","477.25","24,036,012"
"04-Jan-2024","480.00","481.45","474.20","476.40","11,786,959"
"05-Jan-2024","479.40","479.40","472.00","473.95","9,209,405"
"08-Jan-2024","475.00","475.50","464.55","465.50","8,003,177"
"09-Jan-2024","467.50","469.95","463.65","464.55","5,696,780"
"10-Jan-2024","464.55","466.75","460.05","463.30","5,896,123"
"11-Jan-2024","464.10","466.55","461.10","462.65","6,534,775"
"12-Jan-2024","463.25","467.70","460.35","466.70","9,354,326"
"15-Jan-2024","470.00","470.50","466.10","467.60","6,902,156"
"16-Jan-2024","467.80","475.00","464.25","472.30","12,066,347"
"17-Jan-2024","471.40","477.00","465.20","466.60","11,108,698"
"18-Jan-2024","465.25","467.85","454.55","465.50","9,143,784"
"19-Jan-2024","468.55","473.00","466.40","471.50","12,203,322"
"20-Jan-2024","473.40","475.00","468.00","468.40","3,296,407"
"23-Jan-2024","473.75","473.75","456.40","459.30","8,404,513"
"24-Jan-2024","460.10","467.40","458.10","463.60","21,626,183"
"25-Jan-2024","463.55","464.95","452.10","455.65","19,677,700"
"29-Jan-2024","455.90","457.25","447.50","449.80","17,869,152"
"30-Jan-2024","447.00","453.70","437.40","438.05","43,514,448"
"31-Jan-2024","440.00","442.50","438.70","441.55","19,882,944"
"01-Feb-2024","442.00","447.75","439.30","442.90","19,165,409"
"02-Feb-2024","445.00","447.20","439.50","440.10","17,156,021"
"05-Feb-2024","442.00","443.65","436.55","438.05","12,041,897"
"06-Feb-2024","440.00","440.90","429.50","431.40","18,764,371"
"07-Feb-2024","435.00","435.00","430.80","431.80","12,880,824"
"08-Feb-2024","429.00","429.10","408.60","414.55","48,183,882"
"09-Feb-2024","410.10","424.20","408.60","415.50","32,283,965"
"12-Feb-2024","417.55","418.00","406.05","406.85","10,906,914"
"13-Feb-2024","406.90","410.80","403.30","406.75","15,606,705"
"14-Feb-2024","406.00","412.25","404.40","411.55","12,150,077"
"15-Feb-2024","413.00","414.55","403.15","403.90","20,383,983"
"16-Feb-2024","405.00","409.55","399.40","404.60","37,518,847"
"19-Feb-2024","405.00","412.75","404.60","409.25","16,949,793"
"20-Feb-2024","410.45","410.45","404.30","406.10","14,084,218"
"21-Feb-2024","407.00","410.10","401.30","403.35","19,414,653"
"22-Feb-2024","406.90","415.15","403.45","414.45","18,604,659"
"23-Feb-2024","415.90","415.90","410.50","411.40","11,147,636"
"26-Feb-2024","411.10","413.05","407.30","409.20","7,982,145"
"27-Feb-2024","410.00","412.75","408.55","411.15","7,783,743"
"28-Feb-2024","411.15","412.35","406.80","408.30","8,617,768"
"29-Feb-2024","409.00","411.05","404.50","406.30","14,895,144"
"01-Mar-2024","408.90","413.15","407.50","409.50","12,395,632"
"02-Mar-2024","411.00","412.80","410.10","412.05","977,655"
"04-Mar-2024","412.25","412.95","408.45","409.10","6,840,352"
"05-Mar-2024","409.65","411.40","403.95","406.15","9,733,507"
"06-Mar-2024","406.50","409.95","400.70","407.85","11,106,855"
"07-Mar-2024","407.85","414.95","403.65","413.55","23,020,545"
"11-Mar-2024","416.80","418.30","408.00","409.40","17,620,081"
"12-Mar-2024","406.50","406.50","399.35","404.45","34,882,639"
"13-Mar-2024","435.00","438.00","421.15","422.45","101,612,428"
"14-Mar-2024","421.95","425.50","418.00","419.65","30,764,728"
"15-Mar-2024","417.20","428.55","415.25","419.10","73,253,754"
"18-Mar-2024","419.00","420.70","416.90","417.45","15,933,704"
"19-Mar-2024","418.00","419.55","408.70","409.55","20,994,563"
"20-Mar-2024","410.00","416.65","409.55","415.70","19,609,321"
"21-Mar-2024","419.00","422.00","416.20","421.25","19,227,982"
"22-Mar-2024","421.25","429.65","421.25","428.60","38,861,818"
"26-Mar-2024","425.55","429.20","425.55","427.65","10,274,145"
"27-Mar-2024","427.00","428.90","426.45","428.00","12,227,545"
"28-Mar-2024","428.00","433.25","427.00","428.35","27,933,211"
"01-Apr-2024","429.10","431.35","425.75","426.70","9,382,308"
"02-Apr-2024","428.70","428.70","424.60","425.85","8,853,678"
"03-Apr-2024","426.00","428.80","421.00","425.20","12,664,520"
"04-Apr-2024","425.55","427.35","419.90","422.75","18,358,410"
"05-Apr-2024","422.50","431.70","419.95","427.55","16,147,032"
"08-Apr-2024","428.30","431.40","427.75","429.10","8,516,632"
"09-Apr-2024","430.45","431.50","425.55","426.35","6,708,894"
"10-Apr-2024","428.30","437.80","425.75","436.95","14,008,124"
"12-Apr-2024","435.00","435.75","428.30","430.10","18,088,372"
"15-Apr-2024","428.00","429.15","422.90","425.90","8,746,243"
"16-Apr-2024","423.25","427.00","423.20","425.90","9,973,638"
"18-Apr-2024","426.00","426.90","417.65","418.85","21,312,388"
"19-Apr-2024","418.00","426.25","416.00","424.75","16,582,634"
"22-Apr-2024","427.00","427.60","423.35","425.30","7,112,139"
"23-Apr-2024","425.30","430.50","425.10","429.20","12,021,404"
"24-Apr-2024","429.25","430.80","428.30","428.90","5,845,170"
"25-Apr-2024","431.00","438.30","429.00","437.55","29,211,997"
"26-Apr-2024","439.25","443.30","436.40","440.00","14,773,975"
"29-Apr-2024","442.00","442.45","434.60","438.20","11,627,882"
"30-Apr-2024","439.95","440.50","435.10","435.65","12,064,043"
"02-May-2024","436.00","442.60","434.85","439.00","23,228,909"
"03-May-2024","440.05","440.05","431.35","436.45","22,904,276"
"06-May-2024","438.00","440.45","433.35","434.75","10,355,056"
"07-May-2024","436.90","446.00","435.20","440.35","25,968,921"
"08-May-2024","441.25","444.70","438.20","441.00","10,511,646"
"09-May-2024","440.05","441.50","423.35","425.10","23,412,609"
"10-May-2024","426.50","436.35","426.50","433.35","13,985,963"
"13-May-2024","433.25","435.45","429.50","431.85","7,302,959"
"14-May-2024","430.50","433.30","428.55","429.70","11,000,103"
"15-May-2024","430.75","433.25","426.75","427.80","7,565,080"
"16-May-2024","430.00","432.60","422.90","431.45","23,025,186"
"17-May-2024","432.40","437.50","428.90","436.30","11,453,714"
"18-May-2024","437.00","437.65","435.20","436.65","713,859"
"21-May-2024","436.00","437.10","433.20","434.80","10,760,726"
"22-May-2024","437.35","441.95","435.40","439.90","10,627,595"
"23-May-2024","441.40","444.90","436.55","441.35","26,234,369"
"24-May-2024","441.00","442.45","435.30","436.20","12,761,457"
"27-May-2024","438.80","438.90","430.70","431.50","11,827,050"
"28-May-2024","432.10","432.50","428.25","429.00","9,310,198"
"29-May-2024","425.50","432.40","425.50","430.95","10,430,363"
"30-May-2024","428.50","430.95","422.35","423.85","20,524,428"
"31-May-2024","426.75","429.55","424.25","426.45","28,214,102"
"03-Jun-2024","434.00","434.90","428.65","430.35","15,519,148"
"04-Jun-2024","426.00","426.30","402.85","415.20","46,019,632"
"05-Jun-2024","422.00","436.00","418.05","430.30","27,151,351"
"06-Jun-2024","436.00","437.70","431.10","435.40","31,119,999"
"07-Jun-2024","431.40","441.65","431.10","439.15","28,448,041"
"10-Jun-2024","440.00","441.00","435.85","436.90","11,432,393"
"11-Jun-2024","437.00","437.80","432.25","433.00","12,670,589"
"12-Jun-2024","430.55","434.40","430.20","432.30","10,352,936"
"13-Jun-2024","436.90","436.90","429.75","430.30","9,283,802"
"14-Jun-2024","431.00","431.90","429.05","431.15","9,217,804"
"18-Jun-2024","433.00","434.20","428.20","428.75","14,098,178"
"19-Jun-2024","430.00","430.75","423.05","423.65","10,909,803"
"20-Jun-2024","424.05","426.50","421.50","423.30","14,585,806"
"21-Jun-2024","425.00","425.30","418.55","419.60","25,205,627"
"24-Jun-2024","420.00","423.95","420.00","423.30","9,362,433"
"25-Jun-2024","423.00","424.00","419.75","423.30","10,260,449"
"26-Jun-2024","423.00","426.40","422.05","423.95","11,084,805"
"27-Jun-2024","423.95","427.25","421.10","425.60","37,012,589"
"28-Jun-2024","425.50","428.00","423.50","424.90","17,866,326"
"01-Jul-2024","426.30","430.25","424.65","429.05","12,894,747"
"02-Jul-2024","430.00","430.65","422.55","425.50","10,763,335"
"03-Jul-2024","426.10","429.65","425.50","428.30","7,159,756"
"04-Jul-2024","430.00","431.50","427.05","429.05","9,127,340"
"05-Jul-2024","429.00","434.00","427.60","433.65","12,929,586"
"08-Jul-2024","435.15","444.55","433.65","443.60","20,521,107"
"09-Jul-2024","447.60","455.00","444.00","452.60","26,470,260"
"10-Jul-2024","453.70","455.35","446.50","451.45","11,618,210"
"11-Jul-2024","450.00","459.50","448.70","458.65","18,831,345"
"12-Jul-2024","458.65","463.25","455.85","459.05","18,962,800"
"15-Jul-2024","459.05","466.45","457.20","463.40","16,251,032"
"16-Jul-2024","463.45","466.75","461.40","465.55","12,996,711"
"18-Jul-2024","463.00","470.90","462.65","470.25","21,094,737"
"19-Jul-2024","471.00","479.40","469.40","474.55","24,977,373"
"22-Jul-2024","474.60","479.45","465.85","466.55","18,066,586"
"23-Jul-2024","466.55","497.40","466.40","492.20","54,044,423"
"24-Jul-2024","496.00","510.65","490.65","494.05","42,073,323"
"25-Jul-2024","490.00","496.00","484.65","489.95","17,878,994"
"26-Jul-2024","494.05","506.40","487.40","502.20","20,736,094"
"29-Jul-2024","505.50","506.20","494.05","496.05","12,496,895"
"30-Jul-2024","496.30","497.80","488.65","489.90","13,375,906"
"31-Jul-2024","492.45","497.95","490.50","495.35","11,538,215"
"01-Aug-2024","495.95","496.75","490.95","493.70","11,665,529"
"02-Aug-2024","484.80","499.45","484.80","489.10","21,320,064"
"05-Aug-2024","480.05","491.90","479.55","486.00","24,094,139"
"06-Aug-2024","486.25","491.70","484.05","486.30","13,722,855"
"07-Aug-2024","490.00","495.60","488.10","492.65","10,900,585"
"08-Aug-2024","494.00","498.00","492.50","494.75","20,558,134"
"09-Aug-2024","498.00","498.00","493.10","495.90","9,201,793"
"12-Aug-2024","492.00","500.00","492.00","494.60","9,076,097"
"13-Aug-2024","495.95","497.85","488.25","490.00","7,757,706"
"14-Aug-2024","491.95","499.00","489.90","492.20","9,253,598"
"16-Aug-2024","494.50","504.20","492.65","502.65","13,137,392"
"19-Aug-2024","504.75","509.30","499.60","501.45","10,198,725"
"20-Aug-2024","501.00","503.40","497.70","498.80","6,633,171"
"21-Aug-2024","500.00","509.00","499.05","505.40","8,474,830"
"22-Aug-2024","507.85","508.50","501.45","504.55","8,364,290"
"23-Aug-2024","505.05","506.95","499.95","505.80","7,891,446"
"26-Aug-2024","506.00","508.00","502.00","505.70","7,825,037"
"27-Aug-2024","507.55","507.60","500.00","500.60","7,954,114"
"28-Aug-2024","500.40","502.30","496.50","497.30","7,782,216"
"29-Aug-2024","498.00","507.70","497.35","505.10","18,670,632"
"30-Aug-2024","501.95","509.15","500.20","501.90","14,947,670"
"02-Sep-2024","504.00","512.90","503.30","510.05","15,885,469"
"03-Sep-2024","510.05","515.95","507.90","509.40","12,018,677"
"04-Sep-2024","500.00","510.05","499.95","506.35","8,414,967"
"05-Sep-2024","508.35","511.90","507.05","511.20","10,898,888"
"06-Sep-2024","512.00","512.00","497.15","501.70","13,716,752"
"09-Sep-2024","502.00","512.65","500.35","511.75","13,736,044"
"10-Sep-2024","511.90","515.00","508.75","513.60","10,911,995"
"11-Sep-2024","513.00","519.50","511.95","514.35","14,922,832"
"12-Sep-2024","515.10","520.50","508.55","519.50","18,377,550"
"13-Sep-2024","519.50","520.00","512.00","513.85","8,825,193"
"16-Sep-2024","515.90","517.00","509.70","511.10","7,531,604"
"17-Sep-2024","511.05","513.55","506.25","507.75","10,486,015"
"18-Sep-2024","507.85","512.40","505.10","507.35","5,429,619"
"19-Sep-2024","510.00","514.80","507.50","508.25","13,925,311"
"20-Sep-2024","512.00","517.35","508.00","514.40","23,808,194"
"23-Sep-2024","515.45","519.45","513.60","516.95","7,804,918"
"24-Sep-2024","517.00","517.80","514.15","515.25","6,755,320"
"25-Sep-2024","515.50","519.30","512.30","517.55","8,476,223"
"26-Sep-2024","517.65","523.75","517.00","522.75","15,489,991"
"27-Sep-2024","520.25","528.50","520.25","522.70","17,251,962"
"30-Sep-2024","520.60","524.35","514.05","518.15","10,531,347"
"01-Oct-2024","518.15","519.75","514.00","516.20","5,089,315"
"03-Oct-2024","508.55","515.70","508.10","512.75","15,870,147"
"04-Oct-2024","510.00","517.35","501.55","503.55","18,228,912"
"07-Oct-2024","507.00","514.95","506.75","510.20","16,479,772"
"08-Oct-2024","510.00","512.55","506.00","507.95","9,502,367"
"09-Oct-2024","509.80","509.80","490.55","491.70","23,952,459"
"10-Oct-2024","495.35","495.65","489.45","492.05","12,799,333"
"11-Oct-2024","493.00","493.95","487.40","488.20","14,394,986"
"14-Oct-2024","491.00","499.00","488.65","496.95","6,712,103"
"15-Oct-2024","498.00","499.40","494.50","498.55","8,037,662"
"16-Oct-2024","496.00","498.85","492.35","493.20","6,682,083"
"17-Oct-2024","495.00","495.00","488.00","488.90","7,385,299"
"18-Oct-2024","488.75","491.55","478.40","486.70","21,778,099"
"21-Oct-2024","486.70","487.60","477.35","483.65","7,395,274"
"22-Oct-2024","483.65","488.40","480.80","481.80","12,299,288"
"23-Oct-2024","481.00","483.30","479.50","480.35","10,162,570"
"24-Oct-2024","482.00","482.40","470.00","471.70","13,092,399"
"25-Oct-2024","475.80","493.50","474.20","482.30","30,961,625"
"28-Oct-2024","481.95","485.90","476.00","484.15","8,614,446"
"29-Oct-2024","485.00","489.20","481.30","487.95","6,866,704"
"30-Oct-2024","487.95","493.25","486.50","491.55","6,393,835"
"31-Oct-2024","492.00","493.00","484.70","488.80","7,810,874"
"01-Nov-2024","491.00","492.10","489.30","490.30","1,461,602"
"04-Nov-2024","493.45","493.45","479.55","484.60","8,429,731"
"05-Nov-2024","482.95","485.05","476.95","480.20","7,327,830"
"06-Nov-2024","480.20","484.40","478.00","481.10","11,313,985"
"07-Nov-2024","481.75","482.70","476.10","477.90","8,924,280"
"08-Nov-2024","477.90","480.70","474.60","478.05","6,090,462"
"11-Nov-2024","478.05","481.50","474.10","476.95","5,488,948"
"12-Nov-2024","477.60","477.95","471.15","472.85","5,041,916"
"13-Nov-2024","470.05","474.70","468.25","472.20","11,120,381"
"14-Nov-2024","471.20","472.95","462.25","465.95","11,639,562"
"18-Nov-2024","466.00","467.80","462.00","466.55","8,135,260"
"19-Nov-2024","468.00","473.75","466.25","467.35","6,857,374"
"21-Nov-2024","461.00","464.05","455.40","457.15","19,559,847"
"22-Nov-2024","456.20","476.50","455.50","474.65","19,464,568"
"25-Nov-2024","479.00","482.20","472.40","476.80","13,891,991"
"26-Nov-2024","480.00","482.65","474.10","477.00","6,539,846"
"27-Nov-2024","477.50","480.10","473.00","476.95","7,067,013"
"28-Nov-2024","477.00","483.80","470.55","474.90","14,412,539"
"29-Nov-2024","473.20","478.90","472.60","476.75","8,346,687"
"02-Dec-2024","476.00","479.30","473.40","477.20","5,478,598"
"03-Dec-2024","466.00","473.40","462.75","472.55","22,218,251"
"04-Dec-2024","474.40","478.20","466.40","467.10","13,439,484"
"05-Dec-2024","467.55","472.75","462.50","467.50","26,415,053"
"06-Dec-2024","470.00","474.95","467.70","471.15","7,551,407"
"09-Dec-2024","471.50","472.00","462.95","464.95","11,703,384"
"10-Dec-2024","465.35","466.45","462.60","465.45","8,823,805"
"11-Dec-2024","467.20","468.20","464.70","465.25","6,745,816"
"12-Dec-2024","465.50","467.90","459.15","460.60","12,884,401"
"13-Dec-2024","460.00","474.40","451.65","470.00","31,753,858"
"16-Dec-2024","470.25","474.40","468.00","470.10","9,007,264"
"17-Dec-2024","470.00","475.80","463.05","469.55","19,844,152"
"18-Dec-2024","472.70","473.80","466.90","470.50","12,365,167"
"19-Dec-2024","469.00","474.35","465.30","466.55","14,599,270"
"20-Dec-2024","466.50","467.45","459.30","464.65","19,481,288"
"23-Dec-2024","471.20","477.70","467.60","474.25","18,837,469"
"24-Dec-2024","474.90","480.25","472.65","478.45","11,564,497"
"26-Dec-2024","480.55","481.85","476.00","476.95","8,848,065"
"27-Dec-2024","479.75","481.90","476.00","478.60","16,279,450"
"30-Dec-2024","480.75","481.45","476.00","477.00","13,074,810"
"31-Dec-2024","478.45","484.65","474.55","483.65","13,276,195"
"01-Jan-2025","486.00","486.85","482.15","483.95","18,229,128"
"02-Jan-2025","485.35","490.00","482.30","489.05","26,124,980"
"03-Jan-2025","490.25","491.00","479.85","481.60","37,072,992"
"06-Jan-2025","455.60","461.75","441.25","442.65","22,009,958"
"07-Jan-2025","445.50","447.60","440.15","441.10","14,294,780"
"08-Jan-2025","443.00","452.05","437.10","449.55","13,482,926"
"09-Jan-2025","449.40","460.65","446.05","450.10","19,732,649"
"10-Jan-2025","449.95","452.00","442.50","444.90","9,145,729"
"13-Jan-2025","435.00","444.00","435.00","439.05","17,799,607"
"14-Jan-2025","441.00","441.50","435.85","436.60","18,048,459"
"15-Jan-2025","436.60","441.80","435.35","437.35","9,786,805"
"16-Jan-2025","438.05","439.45","431.10","432.85","15,774,070"
"17-Jan-2025","433.00","441.80","432.50","440.20","11,270,061"
"20-Jan-2025","439.00","441.20","436.00","437.70","8,742,771"
"21-Jan-2025","438.00","447.00","435.25","437.55","15,686,500"
"22-Jan-2025","439.90","441.95","436.55","437.00","9,619,648"
"23-Jan-2025","435.00","441.85","434.10","440.20","8,888,248"
"24-Jan-2025","439.40","445.00","439.05","441.60","9,665,384"
"27-Jan-2025","440.80","445.00","436.55","440.10","10,480,203"
"28-Jan-2025","440.00","441.80","434.50","435.45","20,813,072"
"29-Jan-2025","435.95","437.50","430.10","433.35","15,158,510"
"30-Jan-2025","433.00","438.00","431.45","436.20","22,496,695"
"31-Jan-2025","436.50","448.20","435.10","447.50","13,546,181"
"01-Feb-2025","448.00","471.50","439.55","462.55","30,393,007"
"03-Feb-2025","462.00","465.20","452.30","454.35","16,991,730"
"04-Feb-2025","458.00","460.35","448.75","455.15","18,923,681"
"05-Feb-2025","455.15","455.85","446.50","448.15","12,836,283"
"06-Feb-2025","450.00","450.00","438.20","441.10","17,469,129"
"07-Feb-2025","440.00","445.50","428.40","430.85","18,875,982"
"10-Feb-2025","427.00","433.30","426.50","427.20","12,227,140"
"11-Feb-2025","428.80","430.55","417.50","418.30","14,288,751"
"12-Feb-2025","413.15","413.80","407.60","409.90","13,884,574"
"13-Feb-2025","409.95","413.95","409.00","409.70","12,989,029"
"14-Feb-2025","411.75","416.20","408.40","410.25","14,124,236"
"17-Feb-2025","409.80","411.40","406.75","408.60","11,975,265"
"18-Feb-2025","408.00","410.85","404.00","405.25","12,998,403"
"19-Feb-2025","404.80","408.80","404.50","406.40","7,079,032"
"20-Feb-2025","399.95","403.90","396.20","402.05","15,355,585"
"21-Feb-2025","402.05","403.25","399.20","400.90","8,240,986"
"24-Feb-2025","400.00","403.40","398.75","401.90","7,037,625"
"25-Feb-2025","402.00","407.00","400.50","404.85","15,760,891"
"27-Feb-2025","404.85","406.50","399.50","401.60","19,051,003"
"28-Feb-2025","399.00","402.50","392.20","395.00","31,954,776"
"03-Mar-2025","395.95","399.00","391.20","397.45","10,702,826"
"04-Mar-2025","395.40","397.20","392.85","394.85","13,404,774"
"05-Mar-2025","394.50","412.75","394.50","405.05","15,665,018"
"06-Mar-2025","409.15","409.70","400.55","405.70","17,869,996"
"07-Mar-2025","403.55","405.85","401.70","403.90","11,180,761"
"10-Mar-2025","401.05","406.85","400.40","405.00","9,785,018"
"11-Mar-2025","401.50","408.40","401.20","406.20","11,099,475"
"12-Mar-2025","406.40","413.30","404.00","412.40","13,844,306"
"13-Mar-2025","413.00","414.40","408.20","412.05","8,196,569"
"17-Mar-2025","413.00","416.25","407.00","407.95","5,257,859"
"18-Mar-2025","410.00","411.95","407.75","409.10","13,861,897"
"19-Mar-2025","410.00","410.75","402.60","403.05","12,830,387"
"20-Mar-2025","405.00","406.65","401.90","403.95","16,994,037"
"21-Mar-2025","405.95","407.50","401.70","405.55","25,302,035"
"24-Mar-2025","407.00","412.85","405.60","410.90","14,362,572"
"25-Mar-2025","412.00","415.25","408.70","409.80","20,338,110"
"26-Mar-2025","410.30","411.20","406.25","407.35","13,891,436"
"27-Mar-2025","408.00","410.70","405.65","409.45","18,642,328"
"28-Mar-2025","410.90","415.60","408.15","409.75","12,981,873"
"01-Apr-2025","409.80","414.40","405.60","406.65","15,206,240"
"02-Apr-2025","407.05","410.00","406.05","409.05","8,001,323"
"03-Apr-2025","407.05","410.20","406.70","409.40","7,059,566"
"04-Apr-2025","407.50","412.80","404.50","409.70","18,627,592"
"07-Apr-2025","390.15","408.10","390.15","406.05","26,762,866"
"08-Apr-2025","411.90","415.80","407.25","412.55","18,600,796"
"09-Apr-2025","413.00","419.05","411.25","416.30","21,785,572"
"11-Apr-2025","420.00","422.45","417.00","421.55","8,939,356"
"15-Apr-2025","429.20","429.20","419.00","420.40","11,685,880"
"16-Apr-2025","418.00","426.05","418.00","424.45","13,034,594"
"17-Apr-2025","425.00","427.85","421.55","427.25","22,410,217"
"21-Apr-2025","428.05","429.10","421.50","422.85","27,388,236"
"22-Apr-2025","425.95","434.80","423.55","433.60","32,031,936"
"23-Apr-2025","436.20","437.45","428.85","430.85","19,566,317"
"24-Apr-2025","431.85","436.05","429.30","430.05","26,064,089"
"25-Apr-2025","430.05","432.70","423.30","427.80","22,944,377"
"28-Apr-2025","426.65","430.50","424.75","428.80","6,287,095"
"29-Apr-2025","428.90","429.60","425.00","426.00","11,189,930"
"30-Apr-2025","427.40","429.30","422.00","425.80","10,026,546"
"02-May-2025","424.10","431.50","424.10","430.25","12,769,461"
"05-May-2025","430.25","438.50","429.35","436.95","11,525,305"
"06-May-2025","437.50","439.65","433.00","435.55","15,026,568"
"07-May-2025","433.40","435.00","429.70","431.15","9,710,361"
"08-May-2025","429.00","431.50","423.55","430.60","19,937,960"
"09-May-2025","425.95","429.15","423.00","423.55","8,226,512"
"12-May-2025","429.50","436.20","428.15","435.50","8,031,891"
"13-May-2025","434.90","437.95","425.35","427.90","14,976,369"
"14-May-2025","427.10","431.85","425.90","429.10","9,557,309"
"15-May-2025","429.10","435.40","426.00","432.65","24,263,510"
"16-May-2025","434.90","436.20","432.10","435.70","16,402,035"
"19-May-2025","435.00","438.50","432.65","435.35","7,543,854"
"20-May-2025","437.00","440.80","432.90","434.90","9,868,414"
"21-May-2025","436.60","438.20","432.00","433.00","5,776,672"
"22-May-2025","433.00","433.00","422.90","426.10","19,451,749"
"23-May-2025","434.00","439.00","429.00","436.30","18,536,884"
"26-May-2025","438.25","443.55","436.75","442.90","13,107,662"
"27-May-2025","442.90","444.20","430.85","433.90","26,986,022"
"28-May-2025","417.70","422.60","413.00","420.20","431,851,622"
"29-May-2025","422.00","422.80","416.60","418.75","21,478,547"
"30-May-2025","419.10","420.05","416.40","418.05","30,656,239"
"02-Jun-2025","418.30","420.45","414.55","419.30","14,973,380"
"03-Jun-2025","419.00","421.70","415.65","416.95","13,216,486"
"04-Jun-2025","417.15","419.00","415.95","417.00","12,598,933"
"05-Jun-2025","418.50","420.95","415.75","419.10","13,212,523"
"06-Jun-2025","420.30","421.30","419.00","421.05","8,774,988"
"09-Jun-2025","422.00","423.60","420.50","423.05","10,473,123"
"10-Jun-2025","424.50","428.55","423.05","427.00","13,041,075"
"11-Jun-2025","428.00","428.10","424.85","426.15","20,789,182"
"12-Jun-2025","427.00","427.20","419.55","421.00","18,508,835"
"13-Jun-2025","415.00","419.35","413.50","413.90","17,873,926"
"16-Jun-2025","414.95","418.90","413.25","418.20","7,006,629"
"17-Jun-2025","418.10","419.05","415.70","417.40","9,028,406"
"18-Jun-2025","417.00","418.45","414.90","415.90","8,036,215"
"19-Jun-2025","415.65","418.25","414.80","416.00","12,601,006"
"20-Jun-2025","416.00","419.50","416.00","418.55","13,203,184"
"23-Jun-2025","417.00","417.50","411.75","413.90","14,839,890"
"24-Jun-2025","416.90","420.65","413.75","414.35","16,690,068"
"25-Jun-2025","416.40","418.15","415.10","416.35","9,946,718"
"26-Jun-2025","417.20","420.90","416.25","420.30","13,703,918"
"27-Jun-2025","421.00","422.00","417.80","418.65","21,409,935"
"30-Jun-2025","419.80","420.75","415.80","416.45","12,317,124"
"01-Jul-2025","417.00","418.85","414.90","415.10","13,670,465"
"02-Jul-2025","416.90","416.90","411.70","412.95","15,990,899"
"03-Jul-2025","414.00","416.00","411.25","413.35","14,185,298"
"04-Jul-2025","414.90","415.00","411.75","412.55","8,256,733"
"07-Jul-2025","413.00","417.20","412.00","416.15","6,845,218"
"08-Jul-2025","416.15","418.10","414.65","417.20","6,807,192"
"09-Jul-2025","416.20","420.30","415.45","419.45","9,930,533"
"10-Jul-2025","420.30","420.30","416.40","416.85","6,220,360"
"11-Jul-2025","417.00","418.05","415.50","416.80","8,578,844"
"14-Jul-2025","417.05","419.95","416.55","419.40","6,896,989"
"15-Jul-2025","420.90","422.40","419.00","422.10","8,532,755"
"16-Jul-2025","422.10","425.45","420.30","424.60","9,780,773"
"17-Jul-2025","425.80","425.90","423.00","423.95","7,240,795"
"18-Jul-2025","425.20","425.20","420.10","422.75","6,730,256"
"21-Jul-2025","422.00","422.75","418.40","420.10","4,822,343"
"22-Jul-2025","420.10","420.40","415.20","416.00","9,869,507"
"23-Jul-2025","417.10","417.90","414.00","414.95","12,196,187"
"24-Jul-2025","415.85","415.85","409.45","409.95","9,005,157"
"25-Jul-2025","410.00","410.25","407.75","409.40","5,824,089"
"28-Jul-2025","410.80","410.85","408.60","409.90","8,123,337"
"29-Jul-2025","410.00","411.40","408.00","408.45","6,811,772"
"30-Jul-2025","409.00","409.30","405.75","407.60","10,915,863"
"31-Jul-2025","405.95","414.00","405.55","411.95","19,364,174"
"01-Aug-2025","412.40","419.35","411.80","416.45","14,324,065"
"04-Aug-2025","420.20","422.50","415.10","416.85","18,352,458"
"05-Aug-2025","417.20","417.95","413.00","414.15","8,495,104"
"06-Aug-2025","414.15","415.00","410.50","412.00","9,080,543"
"07-Aug-2025","412.00","414.75","411.65","413.60","11,514,878"
"08-Aug-2025","413.90","415.35","412.95","414.50","9,814,361"
"11-Aug-2025","414.50","417.00","414.00","416.85","8,514,272"
"12-Aug-2025","417.00","419.80","415.30","416.35","13,635,738"
"13-Aug-2025","417.20","417.50","413.60","414.10","10,874,910"
"14-Aug-2025","414.25","415.05","411.00","411.45","9,580,361"
"18-Aug-2025","413.00","413.70","404.85","406.30","30,950,814"
"19-Aug-2025","406.35","409.40","404.50","409.10","16,681,331"
"20-Aug-2025","409.10","410.25","405.45","406.05","18,188,129"
"21-Aug-2025","406.05","406.85","403.35","405.55","15,028,966"
"22-Aug-2025","406.00","406.50","397.50","398.30","13,087,624"
"25-Aug-2025","399.00","400.55","396.25","399.35","10,440,286"
"26-Aug-2025","399.30","405.40","398.40","403.35","13,715,752"
"28-Aug-2025","404.50","404.50","400.00","400.90","12,471,719"
"29-Aug-2025","402.00","410.45","401.90","409.75","25,255,050"
"01-Sep-2025","409.75","410.20","405.00","405.85","12,268,090"
"02-Sep-2025","406.55","407.85","404.45","406.75","19,808,255"
"03-Sep-2025","408.50","413.25","407.30","411.75","12,936,588"
"04-Sep-2025","423.95","427.00","415.00","415.90","27,274,123"
"05-Sep-2025","416.90","417.00","404.40","407.35","16,000,675"
"08-Sep-2025","407.45","410.55","406.80","407.55","7,419,022"
"09-Sep-2025","408.50","410.95","407.40","410.05","8,825,896"
"10-Sep-2025","411.00","413.70","408.95","413.05","9,252,397"
"11-Sep-2025","413.05","416.70","412.45","415.05","8,274,406"
"12-Sep-2025","415.35","417.05","412.85","413.75","7,803,379"
"15-Sep-2025","413.05","414.30","411.75","412.65","5,707,331"
"16-Sep-2025","413.20","414.35","412.00","413.10","8,239,087"
"17-Sep-2025","413.95","414.60","408.05","409.30","14,113,882"
"18-Sep-2025","411.35","413.05","410.10","411.55","15,647,808"
"19-Sep-2025","411.55","412.60","408.95","410.65","19,505,321"
"22-Sep-2025","410.65","411.00","406.05","406.95","8,930,779"
"23-Sep-2025","407.10","408.10","402.10","403.20","14,936,357"
"24-Sep-2025","403.20","404.65","400.70","401.00","12,380,865"
"25-Sep-2025","401.45","403.00","398.00","400.10","22,006,368"
"26-Sep-2025","400.10","405.90","399.80","405.10","14,414,044"
"29-Sep-2025","406.90","408.00","403.20","407.25","19,717,660"
"30-Sep-2025","406.75","406.75","400.40","401.55","9,465,490"
"01-Oct-2025","402.35","406.00","399.75","405.60","17,643,039"
"03-Oct-2025","404.90","405.50","402.30","404.30","16,987,141"
"06-Oct-2025","403.00","403.90","399.80","400.75","13,989,077"
"07-Oct-2025","402.50","402.60","399.50","399.80","12,298,968"
"08-Oct-2025","400.00","401.75","398.00","399.75","8,402,463"
"09-Oct-2025","399.00","401.40","398.95","399.90","15,656,267"
"10-Oct-2025","400.45","403.85","399.50","402.80","15,085,738"
"13-Oct-2025","400.00","400.95","398.55","399.25","9,508,594"
"14-Oct-2025","400.00","400.85","396.20","396.80","10,291,102"
"15-Oct-2025","398.00","400.85","397.25","399.90","16,043,867"
"16-Oct-2025","401.00","406.00","399.55","405.15","22,962,049"
"17-Oct-2025","405.35","413.85","405.25","412.15","21,071,344"
"20-Oct-2025","412.55","414.85","411.30","413.05","13,083,621"
"21-Oct-2025","413.50","413.95","412.35","412.85","1,142,130"
"23-Oct-2025","416.00","420.45","413.55","415.95","24,305,990"
"24-Oct-2025","415.95","417.95","413.45","416.80","14,935,678"
"27-Oct-2025","417.00","422.70","416.60","420.65","11,603,679"
"28-Oct-2025","420.50","421.65","415.90","417.90","17,163,147"
"29-Oct-2025","418.20","422.20","416.05","421.60","11,470,661"
"30-Oct-2025","421.60","421.70","416.15","418.75","12,938,674"
"31-Oct-2025","420.50","426.40","418.20","420.35","18,599,864"
"03-Nov-2025","419.95","421.65","413.30","413.95","7,635,440"
"04-Nov-2025","414.00","414.50","408.35","408.90","10,085,404"
"06-Nov-2025","410.00","413.30","406.55","407.50","10,095,563"
"07-Nov-2025","406.05","409.10","403.10","404.05","8,411,611"
"10-Nov-2025","404.05","407.10","403.65","405.55","6,650,003"
"11-Nov-2025","406.00","408.05","404.60","406.85","12,005,318"
"12-Nov-2025","408.00","408.10","405.55","407.00","7,987,236"
"13-Nov-2025","407.00","407.50","404.50","405.70","6,617,185"
"14-Nov-2025","404.70","408.75","400.10","408.15","64,020,258"
"17-Nov-2025","409.75","412.00","406.00","407.10","7,855,399"
"18-Nov-2025","408.25","409.80","404.55","405.85","7,661,681"
"19-Nov-2025","404.85","405.55","402.80","403.55","7,882,450"
"20-Nov-2025","403.55","407.00","403.25","405.45","6,693,410"
"21-Nov-2025","405.00","408.50","404.70","407.85","5,808,131"
"24-Nov-2025","408.40","408.80","402.85","403.55","11,037,491"
"25-Nov-2025","403.55","404.50","400.10","400.80","8,199,785"
"26-Nov-2025","401.00","403.95","400.95","402.30","11,443,953"
"27-Nov-2025","403.50","405.95","402.10","404.30","8,679,529"
"28-Nov-2025","404.30","405.00","402.50","404.25","6,883,500"
"01-Dec-2025","402.80","405.50","398.20","404.25","13,442,658"
"02-Dec-2025","404.25","405.50","400.50","400.95","8,093,808"
"03-Dec-2025","401.70","402.20","398.85","400.50","10,772,192"
"04-Dec-2025","400.10","403.55","399.05","403.05","8,057,989"
"05-Dec-2025","403.05","405.35","402.00","404.95","4,419,747"
"08-Dec-2025","404.95","405.25","400.55","402.30","6,056,866"
"09-Dec-2025","402.00","404.50","400.00","401.05","9,426,717"
"10-Dec-2025","401.10","404.40","401.00","403.15","6,969,146"
"11-Dec-2025","403.15","404.00","401.10","402.90","6,980,147"
"12-Dec-2025","402.90","404.00","399.85","400.10","12,407,516"
"15-Dec-2025","400.10","403.35","399.50","402.30","7,756,564"
"16-Dec-2025","401.40","405.75","401.05","401.70","12,347,384"
"17-Dec-2025","401.00","403.10","399.10","399.80","8,087,490"
"18-Dec-2025","400.00","401.95","399.85","400.40","7,227,668"
"19-Dec-2025","400.25","402.65","400.25","401.05","10,654,835"
"22-Dec-2025","401.60","403.65","401.20","402.70","6,847,871"
"23-Dec-2025","402.50","408.90","401.80","407.35","10,081,997"
"24-Dec-2025","407.95","409.50","405.65","406.60","5,777,430"
"26-Dec-2025","406.50","407.15","403.85","404.15","3,152,453"
"29-Dec-2025","404.10","404.80","401.45","402.60","6,647,710"
"30-Dec-2025","403.00","403.45","400.30","400.60","12,340,527"
"31-Dec-2025","401.10","403.75","400.85","403.00","9,945,109"
"26-Feb-2026","320.00","321.40","317.60","318.45","1,292,461"
